data_dia,num_internacoes,internacoes_d1,internacoes_d7
2012-01-01,507,728.0,390.0
2012-01-02,728,429.0,442.0
2012-01-03,429,416.0,546.0
2012-01-04,416,403.0,494.0
2012-01-05,403,520.0,468.0
2012-01-06,520,299.0,377.0
2012-01-07,299,390.0,403.0
2012-01-08,390,442.0,260.0
2012-01-09,442,546.0,572.0
2012-01-10,546,494.0,390.0
2012-01-11,494,468.0,403.0
2012-01-12,468,377.0,572.0
2012-01-13,377,403.0,507.0
2012-01-14,403,260.0,377.0
2012-01-15,260,572.0,156.0
2012-01-16,572,390.0,585.0
2012-01-17,390,403.0,494.0
2012-01-18,403,572.0,481.0
2012-01-19,572,507.0,377.0
2012-01-20,507,377.0,351.0
2012-01-21,377,156.0,221.0
2012-01-22,156,585.0,429.0
2012-01-23,585,494.0,299.0
2012-01-24,494,481.0,338.0
2012-01-25,481,377.0,260.0
2012-01-26,377,351.0,416.0
2012-01-27,351,221.0,481.0
2012-01-28,221,429.0,351.0
2012-01-29,429,299.0,286.0
2012-01-30,299,338.0,624.0
2012-01-31,338,260.0,468.0
2012-02-01,260,416.0,637.0
2012-02-02,416,481.0,455.0
2012-02-03,481,351.0,351.0
2012-02-04,351,286.0,312.0
2012-02-05,286,624.0,559.0
2012-02-06,624,468.0,442.0
2012-02-07,468,637.0,533.0
2012-02-08,637,455.0,481.0
2012-02-09,455,351.0,546.0
2012-02-10,351,312.0,377.0
2012-02-11,312,559.0,312.0
2012-02-12,559,442.0,351.0
2012-02-13,442,533.0,325.0
2012-02-14,533,481.0,338.0
2012-02-15,481,546.0,364.0
2012-02-16,546,377.0,559.0
2012-02-17,377,312.0,585.0
2012-02-18,312,351.0,507.0
2012-02-19,351,325.0,403.0
2012-02-20,325,338.0,884.0
2012-02-21,338,364.0,663.0
2012-02-22,364,559.0,429.0
2012-02-23,559,585.0,585.0
2012-02-24,585,507.0,650.0
2012-02-25,507,403.0,351.0
2012-02-26,403,884.0,312.0
2012-02-27,884,663.0,637.0
2012-02-28,663,429.0,416.0
2012-02-29,429,585.0,494.0
2012-03-01,585,650.0,533.0
2012-03-02,650,351.0,572.0
2012-03-03,351,312.0,351.0
2012-03-04,312,637.0,325.0
2012-03-05,637,416.0,585.0
2012-03-06,416,494.0,754.0
2012-03-07,494,533.0,546.0
2012-03-08,533,572.0,559.0
2012-03-09,572,351.0,442.0
2012-03-10,351,325.0,546.0
2012-03-11,325,585.0,442.0
2012-03-12,585,754.0,689.0
2012-03-13,754,546.0,676.0
2012-03-14,546,559.0,676.0
2012-03-15,559,442.0,663.0
2012-03-16,442,546.0,780.0
2012-03-17,546,442.0,455.0
2012-03-18,442,689.0,468.0
2012-03-19,689,676.0,936.0
2012-03-20,676,676.0,832.0
2012-03-21,676,663.0,728.0
2012-03-22,663,780.0,832.0
2012-03-23,780,455.0,598.0
2012-03-24,455,468.0,403.0
2012-03-25,468,936.0,454.0
2012-03-26,936,832.0,884.0
2012-03-27,832,728.0,715.0
2012-03-28,728,832.0,767.0
2012-03-29,832,598.0,494.0
2012-03-30,598,403.0,663.0
2012-03-31,403,454.0,481.0
2012-04-01,454,884.0,455.0
2012-04-02,884,715.0,975.0
2012-04-03,715,767.0,702.0
2012-04-04,767,494.0,689.0
2012-04-05,494,663.0,910.0
2012-04-06,663,481.0,728.0
2012-04-07,481,455.0,455.0
2012-04-08,455,975.0,546.0
2012-04-09,975,702.0,806.0
2012-04-10,702,689.0,1053.0
2012-04-11,689,910.0,598.0
2012-04-12,910,728.0,702.0
2012-04-13,728,455.0,559.0
2012-04-14,455,546.0,689.0
2012-04-15,546,806.0,559.0
2012-04-16,806,1053.0,611.0
2012-04-17,1053,598.0,975.0
2012-04-18,598,702.0,1014.0
2012-04-19,702,559.0,741.0
2012-04-20,559,689.0,1066.0
2012-04-21,689,559.0,910.0
2012-04-22,559,611.0,585.0
2012-04-23,611,975.0,767.0
2012-04-24,975,1014.0,572.0
2012-04-25,1014,741.0,962.0
2012-04-26,741,1066.0,949.0
2012-04-27,1066,910.0,806.0
2012-04-28,910,585.0,546.0
2012-04-29,585,767.0,429.0
2012-04-30,767,572.0,962.0
2012-05-01,572,962.0,910.0
2012-05-02,962,949.0,819.0
2012-05-03,949,806.0,1001.0
2012-05-04,806,546.0,975.0
2012-05-05,546,429.0,689.0
2012-05-06,429,962.0,637.0
2012-05-07,962,910.0,1196.0
2012-05-08,910,819.0,975.0
2012-05-09,819,1001.0,910.0
2012-05-10,1001,975.0,1118.0
2012-05-11,975,689.0,1170.0
2012-05-12,689,637.0,572.0
2012-05-13,637,1196.0,715.0
2012-05-14,1196,975.0,1066.0
2012-05-15,975,910.0,1209.0
2012-05-16,910,1118.0,1222.0
2012-05-17,1118,1170.0,1066.0
2012-05-18,1170,572.0,1118.0
2012-05-19,572,715.0,702.0
2012-05-20,715,1066.0,819.0
2012-05-21,1066,1209.0,1261.0
2012-05-22,1209,1222.0,1040.0
2012-05-23,1222,1066.0,1170.0
2012-05-24,1066,1118.0,754.0
2012-05-25,1118,702.0,871.0
2012-05-26,702,819.0,728.0
2012-05-27,819,1261.0,559.0
2012-05-28,1261,1040.0,1066.0
2012-05-29,1040,1170.0,1105.0
2012-05-30,1170,754.0,936.0
2012-05-31,754,871.0,585.0
2012-06-01,871,728.0,546.0
2012-06-02,728,559.0,507.0
2012-06-03,559,1066.0,663.0
2012-06-04,1066,1105.0,845.0
2012-06-05,1105,936.0,1014.0
2012-06-06,936,585.0,689.0
2012-06-07,585,546.0,923.0
2012-06-08,546,507.0,806.0
2012-06-09,507,663.0,624.0
2012-06-10,663,845.0,559.0
2012-06-11,845,1014.0,975.0
2012-06-12,1014,689.0,858.0
2012-06-13,689,923.0,1001.0
2012-06-14,923,806.0,650.0
2012-06-15,806,624.0,806.0
2012-06-16,624,559.0,689.0
2012-06-17,559,975.0,572.0
2012-06-18,975,858.0,1131.0
2012-06-19,858,1001.0,832.0
2012-06-20,1001,650.0,702.0
2012-06-21,650,806.0,741.0
2012-06-22,806,689.0,806.0
2012-06-23,689,572.0,520.0
2012-06-24,572,1131.0,663.0
2012-06-25,1131,832.0,949.0
2012-06-26,832,702.0,832.0
2012-06-27,702,741.0,845.0
2012-06-28,741,806.0,650.0
2012-06-29,806,520.0,715.0
2012-06-30,520,663.0,493.0
2012-07-01,663,949.0,637.0
2012-07-02,949,832.0,858.0
2012-07-03,832,845.0,793.0
2012-07-04,845,650.0,897.0
2012-07-05,650,715.0,624.0
2012-07-06,715,493.0,715.0
2012-07-07,493,637.0,429.0
2012-07-08,637,858.0,455.0
2012-07-09,858,793.0,701.0
2012-07-10,793,897.0,806.0
2012-07-11,897,624.0,676.0
2012-07-12,624,715.0,559.0
2012-07-13,715,429.0,676.0
2012-07-14,429,455.0,455.0
2012-07-15,455,701.0,481.0
2012-07-16,701,806.0,637.0
2012-07-17,806,676.0,689.0
2012-07-18,676,559.0,650.0
2012-07-19,559,676.0,831.0
2012-07-20,676,455.0,676.0
2012-07-21,455,481.0,416.0
2012-07-22,481,637.0,403.0
2012-07-23,637,689.0,585.0
2012-07-24,689,650.0,611.0
2012-07-25,650,831.0,648.0
2012-07-26,831,676.0,429.0
2012-07-27,676,416.0,572.0
2012-07-28,416,403.0,403.0
2012-07-29,403,585.0,286.0
2012-07-30,585,611.0,689.0
2012-07-31,611,648.0,507.0
2012-08-01,648,429.0,663.0
2012-08-02,429,572.0,559.0
2012-08-03,572,403.0,596.0
2012-08-04,403,286.0,337.0
2012-08-05,286,689.0,299.0
2012-08-06,689,507.0,520.0
2012-08-07,507,663.0,611.0
2012-08-08,663,559.0,533.0
2012-08-09,559,596.0,636.0
2012-08-10,596,337.0,468.0
2012-08-11,337,299.0,455.0
2012-08-12,299,520.0,312.0
2012-08-13,520,611.0,727.0
2012-08-14,611,533.0,754.0
2012-08-15,533,636.0,507.0
2012-08-16,636,468.0,715.0
2012-08-17,468,455.0,414.0
2012-08-18,455,312.0,325.0
2012-08-19,312,727.0,260.0
2012-08-20,727,754.0,688.0
2012-08-21,754,507.0,481.0
2012-08-22,507,715.0,520.0
2012-08-23,715,414.0,571.0
2012-08-24,414,325.0,416.0
2012-08-25,325,260.0,494.0
2012-08-26,260,688.0,429.0
2012-08-27,688,481.0,688.0
2012-08-28,481,520.0,494.0
2012-08-29,520,571.0,623.0
2012-08-30,571,416.0,676.0
2012-08-31,416,494.0,546.0
2012-09-01,494,429.0,494.0
2012-09-02,429,688.0,377.0
2012-09-03,688,494.0,702.0
2012-09-04,494,623.0,533.0
2012-09-05,623,676.0,728.0
2012-09-06,676,546.0,479.0
2012-09-07,546,494.0,571.0
2012-09-08,494,377.0,350.0
2012-09-09,377,702.0,454.0
2012-09-10,702,533.0,649.0
2012-09-11,533,728.0,624.0
2012-09-12,728,479.0,726.0
2012-09-13,479,571.0,634.0
2012-09-14,571,350.0,481.0
2012-09-15,350,454.0,338.0
2012-09-16,454,649.0,245.0
2012-09-17,649,624.0,593.0
2012-09-18,624,726.0,554.0
2012-09-19,726,634.0,374.0
2012-09-20,634,481.0,413.0
2012-09-21,481,338.0,454.0
2012-09-22,338,245.0,270.0
2012-09-23,245,593.0,438.0
2012-09-24,593,554.0,557.0
2012-09-25,554,374.0,501.0
2012-09-26,374,413.0,439.0
2012-09-27,413,454.0,645.0
2012-09-28,454,270.0,611.0
2012-09-29,270,438.0,408.0
2012-09-30,438,557.0,310.0
2012-10-01,557,501.0,691.0
2012-10-02,501,439.0,541.0
2012-10-03,439,645.0,427.0
2012-10-04,645,611.0,414.0
2012-10-05,611,408.0,411.0
2012-10-06,408,310.0,438.0
2012-10-07,310,691.0,246.0
2012-10-08,691,541.0,477.0
2012-10-09,541,427.0,541.0
2012-10-10,427,414.0,696.0
2012-10-11,414,411.0,390.0
2012-10-12,411,438.0,529.0
2012-10-13,438,246.0,361.0
2012-10-14,246,477.0,242.0
2012-10-15,477,541.0,463.0
2012-10-16,541,696.0,348.0
2012-10-17,696,390.0,383.0
2012-10-18,390,529.0,374.0
2012-10-19,529,361.0,553.0
2012-10-20,361,242.0,309.0
2012-10-21,242,463.0,297.0
2012-10-22,463,348.0,337.0
2012-10-23,348,383.0,369.0
2012-10-24,383,374.0,526.0
2012-10-25,374,553.0,490.0
2012-10-26,553,309.0,335.0
2012-10-27,309,297.0,307.0
2012-10-28,297,337.0,321.0
2012-10-29,337,369.0,488.0
2012-10-30,369,526.0,488.0
2012-10-31,526,490.0,396.0
2012-11-01,490,335.0,499.0
2012-11-02,335,307.0,422.0
2012-11-03,307,321.0,345.0
2012-11-04,321,488.0,243.0
2012-11-05,488,488.0,439.0
2012-11-06,488,396.0,361.0
2012-11-07,396,499.0,359.0
2012-11-08,499,422.0,309.0
2012-11-09,422,345.0,243.0
2012-11-10,345,243.0,243.0
2012-11-11,243,439.0,318.0
2012-11-12,439,361.0,411.0
2012-11-13,361,359.0,459.0
2012-11-14,359,309.0,478.0
2012-11-15,309,243.0,473.0
2012-11-16,243,243.0,446.0
2012-11-17,243,318.0,411.0
2012-11-18,318,411.0,244.0
2012-11-19,411,459.0,512.0
2012-11-20,459,478.0,411.0
2012-11-21,478,473.0,576.0
2012-11-22,473,446.0,421.0
2012-11-23,446,411.0,379.0
2012-11-24,411,244.0,403.0
2012-11-25,244,512.0,341.0
2012-11-26,512,411.0,482.0
2012-11-27,411,576.0,545.0
2012-11-28,576,421.0,325.0
2012-11-29,421,379.0,390.0
2012-11-30,379,403.0,390.0
2012-12-01,403,341.0,416.0
2012-12-02,341,482.0,315.0
2012-12-03,482,545.0,560.0
2012-12-04,545,325.0,424.0
2012-12-05,325,390.0,386.0
2012-12-06,390,390.0,272.0
2012-12-07,390,416.0,415.0
2012-12-08,416,315.0,350.0
2012-12-09,315,560.0,238.0
2012-12-10,560,424.0,362.0
2012-12-11,424,386.0,279.0
2012-12-12,386,272.0,385.0
2012-12-13,272,415.0,346.0
2012-12-14,415,350.0,409.0
2012-12-15,350,238.0,354.0
2012-12-16,238,362.0,269.0
2012-12-17,362,279.0,218.0
2012-12-18,279,385.0,206.0
2012-12-19,385,346.0,616.0
2012-12-20,346,409.0,452.0
2012-12-21,409,354.0,510.0
2012-12-22,354,269.0,437.0
2012-12-23,269,218.0,193.0
2012-12-24,218,206.0,276.0
2012-12-25,206,616.0,516.0
2012-12-26,616,452.0,492.0
2012-12-27,452,510.0,468.0
2012-12-28,510,437.0,432.0
2012-12-29,437,193.0,384.0
2012-12-30,193,276.0,312.0
2012-12-31,276,516.0,420.0
2013-01-01,516,492.0,468.0
2013-01-02,492,468.0,384.0
2013-01-03,468,432.0,444.0
2013-01-04,432,384.0,360.0
2013-01-05,384,312.0,288.0
2013-01-06,312,420.0,192.0
2013-01-07,420,468.0,384.0
2013-01-08,468,384.0,336.0
2013-01-09,384,444.0,420.0
2013-01-10,444,360.0,264.0
2013-01-11,360,288.0,408.0
2013-01-12,288,192.0,228.0
2013-01-13,192,384.0,336.0
2013-01-14,384,336.0,360.0
2013-01-15,336,420.0,468.0
2013-01-16,420,264.0,276.0
2013-01-17,264,408.0,300.0
2013-01-18,408,228.0,336.0
2013-01-19,228,336.0,264.0
2013-01-20,336,360.0,288.0
2013-01-21,360,468.0,300.0
2013-01-22,468,276.0,396.0
2013-01-23,276,300.0,312.0
2013-01-24,300,336.0,348.0
2013-01-25,336,264.0,492.0
2013-01-26,264,288.0,264.0
2013-01-27,288,300.0,204.0
2013-01-28,300,396.0,360.0
2013-01-29,396,312.0,468.0
2013-01-30,312,348.0,276.0
2013-01-31,348,492.0,312.0
2013-02-01,492,264.0,264.0
2013-02-02,264,204.0,276.0
2013-02-03,204,360.0,264.0
2013-02-04,360,468.0,348.0
2013-02-05,468,276.0,348.0
2013-02-06,276,312.0,408.0
2013-02-07,312,264.0,564.0
2013-02-08,264,276.0,444.0
2013-02-09,276,264.0,396.0
2013-02-10,264,348.0,384.0
2013-02-11,348,348.0,516.0
2013-02-12,348,408.0,540.0
2013-02-13,408,564.0,456.0
2013-02-14,564,444.0,468.0
2013-02-15,444,396.0,360.0
2013-02-16,396,384.0,312.0
2013-02-17,384,516.0,312.0
2013-02-18,516,540.0,372.0
2013-02-19,540,456.0,480.0
2013-02-20,456,468.0,420.0
2013-02-21,468,360.0,408.0
2013-02-22,360,312.0,492.0
2013-02-23,312,312.0,396.0
2013-02-24,312,372.0,480.0
2013-02-25,372,480.0,576.0
2013-02-26,480,420.0,456.0
2013-02-27,420,408.0,528.0
2013-02-28,408,492.0,360.0
2013-03-01,492,396.0,468.0
2013-03-02,396,480.0,420.0
2013-03-03,480,576.0,384.0
2013-03-04,576,456.0,624.0
2013-03-05,456,528.0,468.0
2013-03-06,528,360.0,588.0
2013-03-07,360,468.0,576.0
2013-03-08,468,420.0,540.0
2013-03-09,420,384.0,432.0
2013-03-10,384,624.0,300.0
2013-03-11,624,468.0,564.0
2013-03-12,468,588.0,468.0
2013-03-13,588,576.0,552.0
2013-03-14,576,540.0,468.0
2013-03-15,540,432.0,504.0
2013-03-16,432,300.0,300.0
2013-03-17,300,564.0,504.0
2013-03-18,564,468.0,780.0
2013-03-19,468,552.0,552.0
2013-03-20,552,468.0,612.0
2013-03-21,468,504.0,408.0
2013-03-22,504,300.0,360.0
2013-03-23,300,504.0,456.0
2013-03-24,504,780.0,252.0
2013-03-25,780,552.0,648.0
2013-03-26,552,612.0,660.0
2013-03-27,612,408.0,636.0
2013-03-28,408,360.0,636.0
2013-03-29,360,456.0,636.0
2013-03-30,456,252.0,648.0
2013-03-31,252,648.0,504.0
2013-04-01,648,660.0,1068.0
2013-04-02,660,636.0,732.0
2013-04-03,636,636.0,732.0
2013-04-04,636,636.0,708.0
2013-04-05,636,648.0,720.0
2013-04-06,648,504.0,576.0
2013-04-07,504,1068.0,492.0
2013-04-08,1068,732.0,768.0
2013-04-09,732,732.0,792.0
2013-04-10,732,708.0,660.0
2013-04-11,708,720.0,744.0
2013-04-12,720,576.0,756.0
2013-04-13,576,492.0,612.0
2013-04-14,492,768.0,588.0
2013-04-15,768,792.0,708.0
2013-04-16,792,660.0,564.0
2013-04-17,660,744.0,900.0
2013-04-18,744,756.0,660.0
2013-04-19,756,612.0,768.0
2013-04-20,612,588.0,708.0
2013-04-21,588,708.0,600.0
2013-04-22,708,564.0,912.0
2013-04-23,564,900.0,780.0
2013-04-24,900,660.0,456.0
2013-04-25,660,768.0,768.0
2013-04-26,768,708.0,744.0
2013-04-27,708,600.0,660.0
2013-04-28,600,912.0,636.0
2013-04-29,912,780.0,804.0
2013-04-30,780,456.0,660.0
2013-05-01,456,768.0,660.0
2013-05-02,768,744.0,648.0
2013-05-03,744,660.0,708.0
2013-05-04,660,636.0,564.0
2013-05-05,636,804.0,444.0
2013-05-06,804,660.0,1056.0
2013-05-07,660,660.0,708.0
2013-05-08,660,648.0,624.0
2013-05-09,648,708.0,780.0
2013-05-10,708,564.0,660.0
2013-05-11,564,444.0,552.0
2013-05-12,444,1056.0,444.0
2013-05-13,1056,708.0,852.0
2013-05-14,708,624.0,684.0
2013-05-15,624,780.0,744.0
2013-05-16,780,660.0,648.0
2013-05-17,660,552.0,624.0
2013-05-18,552,444.0,348.0
2013-05-19,444,852.0,408.0
2013-05-20,852,684.0,768.0
2013-05-21,684,744.0,624.0
2013-05-22,744,648.0,732.0
2013-05-23,648,624.0,408.0
2013-05-24,624,348.0,552.0
2013-05-25,348,408.0,564.0
2013-05-26,408,768.0,552.0
2013-05-27,768,624.0,900.0
2013-05-28,624,732.0,684.0
2013-05-29,732,408.0,648.0
2013-05-30,408,552.0,660.0
2013-05-31,552,564.0,672.0
2013-06-01,564,552.0,432.0
2013-06-02,552,900.0,528.0
2013-06-03,900,684.0,588.0
2013-06-04,684,648.0,888.0
2013-06-05,648,660.0,600.0
2013-06-06,660,672.0,828.0
2013-06-07,672,432.0,684.0
2013-06-08,432,528.0,552.0
2013-06-09,528,588.0,420.0
2013-06-10,588,888.0,948.0
2013-06-11,888,600.0,624.0
2013-06-12,600,828.0,780.0
2013-06-13,828,684.0,780.0
2013-06-14,684,552.0,588.0
2013-06-15,552,420.0,552.0
2013-06-16,420,948.0,408.0
2013-06-17,948,624.0,768.0
2013-06-18,624,780.0,744.0
2013-06-19,780,780.0,960.0
2013-06-20,780,588.0,708.0
2013-06-21,588,552.0,540.0
2013-06-22,552,408.0,444.0
2013-06-23,408,768.0,528.0
2013-06-24,768,744.0,684.0
2013-06-25,744,960.0,540.0
2013-06-26,960,708.0,876.0
2013-06-27,708,540.0,756.0
2013-06-28,540,444.0,576.0
2013-06-29,444,528.0,432.0
2013-06-30,528,684.0,492.0
2013-07-01,684,540.0,540.0
2013-07-02,540,876.0,708.0
2013-07-03,876,756.0,756.0
2013-07-04,756,576.0,624.0
2013-07-05,576,432.0,636.0
2013-07-06,432,492.0,540.0
2013-07-07,492,540.0,456.0
2013-07-08,540,708.0,660.0
2013-07-09,708,756.0,660.0
2013-07-10,756,624.0,720.0
2013-07-11,624,636.0,768.0
2013-07-12,636,540.0,744.0
2013-07-13,540,456.0,504.0
2013-07-14,456,660.0,384.0
2013-07-15,660,660.0,756.0
2013-07-16,660,720.0,672.0
2013-07-17,720,768.0,432.0
2013-07-18,768,744.0,336.0
2013-07-19,744,504.0,528.0
2013-07-20,504,384.0,468.0
2013-07-21,384,756.0,276.0
2013-07-22,756,672.0,636.0
2013-07-23,672,432.0,636.0
2013-07-24,432,336.0,456.0
2013-07-25,336,528.0,588.0
2013-07-26,528,468.0,636.0
2013-07-27,468,276.0,432.0
2013-07-28,276,636.0,336.0
2013-07-29,636,636.0,636.0
2013-07-30,636,456.0,504.0
2013-07-31,456,588.0,612.0
2013-08-01,588,636.0,504.0
2013-08-02,636,432.0,504.0
2013-08-03,432,336.0,408.0
2013-08-04,336,636.0,264.0
2013-08-05,636,504.0,540.0
2013-08-06,504,612.0,588.0
2013-08-07,612,504.0,516.0
2013-08-08,504,504.0,456.0
2013-08-09,504,408.0,468.0
2013-08-10,408,264.0,528.0
2013-08-11,264,540.0,348.0
2013-08-12,540,588.0,551.0
2013-08-13,588,516.0,492.0
2013-08-14,516,456.0,588.0
2013-08-15,456,468.0,420.0
2013-08-16,468,528.0,576.0
2013-08-17,528,348.0,395.0
2013-08-18,348,551.0,492.0
2013-08-19,551,492.0,516.0
2013-08-20,492,588.0,420.0
2013-08-21,588,420.0,600.0
2013-08-22,420,576.0,456.0
2013-08-23,576,395.0,444.0
2013-08-24,395,492.0,396.0
2013-08-25,492,516.0,382.0
2013-08-26,516,420.0,515.0
2013-08-27,420,600.0,420.0
2013-08-28,600,456.0,528.0
2013-08-29,456,444.0,347.0
2013-08-30,444,396.0,478.0
2013-08-31,396,382.0,288.0
2013-09-01,382,515.0,336.0
2013-09-02,515,420.0,575.0
2013-09-03,420,528.0,503.0
2013-09-04,528,347.0,599.0
2013-09-05,347,478.0,443.0
2013-09-06,478,288.0,431.0
2013-09-07,288,336.0,480.0
2013-09-08,336,575.0,192.0
2013-09-09,575,503.0,599.0
2013-09-10,503,599.0,514.0
2013-09-11,599,443.0,611.0
2013-09-12,443,431.0,357.0
2013-09-13,431,480.0,432.0
2013-09-14,480,192.0,359.0
2013-09-15,192,599.0,190.0
2013-09-16,599,514.0,510.0
2013-09-17,514,611.0,380.0
2013-09-18,611,357.0,419.0
2013-09-19,357,432.0,275.0
2013-09-20,432,359.0,420.0
2013-09-21,359,190.0,274.0
2013-09-22,190,510.0,309.0
2013-09-23,510,380.0,464.0
2013-09-24,380,419.0,660.0
2013-09-25,419,275.0,392.0
2013-09-26,275,420.0,355.0
2013-09-27,420,274.0,567.0
2013-09-28,274,309.0,251.0
2013-09-29,309,464.0,311.0
2013-09-30,464,660.0,368.0
2013-10-01,660,392.0,332.0
2013-10-02,392,355.0,418.0
2013-10-03,355,567.0,357.0
2013-10-04,567,251.0,546.0
2013-10-05,251,311.0,179.0
2013-10-06,311,368.0,250.0
2013-10-07,368,332.0,550.0
2013-10-08,332,418.0,285.0
2013-10-09,418,357.0,534.0
2013-10-10,357,546.0,380.0
2013-10-11,546,179.0,477.0
2013-10-12,179,250.0,405.0
2013-10-13,250,550.0,379.0
2013-10-14,550,285.0,536.0
2013-10-15,285,534.0,415.0
2013-10-16,534,380.0,520.0
2013-10-17,380,477.0,511.0
2013-10-18,477,405.0,520.0
2013-10-19,405,379.0,366.0
2013-10-20,379,536.0,238.0
2013-10-21,536,415.0,498.0
2013-10-22,415,520.0,444.0
2013-10-23,520,511.0,508.0
2013-10-24,511,520.0,341.0
2013-10-25,520,366.0,374.0
2013-10-26,366,238.0,301.0
2013-10-27,238,498.0,292.0
2013-10-28,498,444.0,425.0
2013-10-29,444,508.0,515.0
2013-10-30,508,341.0,542.0
2013-10-31,341,374.0,282.0
2013-11-01,374,301.0,398.0
2013-11-02,301,292.0,318.0
2013-11-03,292,425.0,330.0
2013-11-04,425,515.0,398.0
2013-11-05,515,542.0,524.0
2013-11-06,542,282.0,446.0
2013-11-07,282,398.0,387.0
2013-11-08,398,318.0,213.0
2013-11-09,318,330.0,316.0
2013-11-10,330,398.0,220.0
2013-11-11,398,524.0,550.0
2013-11-12,524,446.0,573.0
2013-11-13,446,387.0,348.0
2013-11-14,387,213.0,472.0
2013-11-15,213,316.0,329.0
2013-11-16,316,220.0,188.0
2013-11-17,220,550.0,339.0
2013-11-18,550,573.0,475.0
2013-11-19,573,348.0,431.0
2013-11-20,348,472.0,349.0
2013-11-21,472,329.0,452.0
2013-11-22,329,188.0,350.0
2013-11-23,188,339.0,240.0
2013-11-24,339,475.0,363.0
2013-11-25,475,431.0,511.0
2013-11-26,431,349.0,374.0
2013-11-27,349,452.0,427.0
2013-11-28,452,350.0,380.0
2013-11-29,350,240.0,391.0
2013-11-30,240,363.0,313.0
2013-12-01,363,511.0,261.0
2013-12-02,511,374.0,337.0
2013-12-03,374,427.0,394.0
2013-12-04,427,380.0,290.0
2013-12-05,380,391.0,376.0
2013-12-06,391,313.0,302.0
2013-12-07,313,261.0,244.0
2013-12-08,261,337.0,374.0
2013-12-09,337,394.0,413.0
2013-12-10,394,290.0,241.0
2013-12-11,290,376.0,331.0
2013-12-12,376,302.0,317.0
2013-12-13,302,244.0,332.0
2013-12-14,244,374.0,331.0
2013-12-15,374,413.0,307.0
2013-12-16,413,241.0,258.0
2013-12-17,241,331.0,201.0
2013-12-18,331,317.0,179.0
2013-12-19,317,332.0,570.0
2013-12-20,332,331.0,417.0
2013-12-21,331,307.0,257.0
2013-12-22,307,258.0,355.0
2013-12-23,258,201.0,407.0
2013-12-24,201,179.0,220.0
2013-12-25,179,570.0,308.0
2013-12-26,570,417.0,418.0
2013-12-27,417,257.0,506.0
2013-12-28,257,355.0,297.0
2013-12-29,355,407.0,275.0
2013-12-30,407,220.0,374.0
2013-12-31,220,308.0,484.0
2014-01-01,308,418.0,473.0
2014-01-02,418,506.0,429.0
2014-01-03,506,297.0,451.0
2014-01-04,297,275.0,263.0
2014-01-05,275,374.0,330.0
2014-01-06,374,484.0,385.0
2014-01-07,484,473.0,451.0
2014-01-08,473,429.0,506.0
2014-01-09,429,451.0,242.0
2014-01-10,451,263.0,352.0
2014-01-11,263,330.0,264.0
2014-01-12,330,385.0,165.0
2014-01-13,385,451.0,429.0
2014-01-14,451,506.0,341.0
2014-01-15,506,242.0,440.0
2014-01-16,242,352.0,308.0
2014-01-17,352,264.0,253.0
2014-01-18,264,165.0,253.0
2014-01-19,165,429.0,275.0
2014-01-20,429,341.0,286.0
2014-01-21,341,440.0,264.0
2014-01-22,440,308.0,286.0
2014-01-23,308,253.0,363.0
2014-01-24,253,253.0,187.0
2014-01-25,253,275.0,209.0
2014-01-26,275,286.0,220.0
2014-01-27,286,264.0,319.0
2014-01-28,264,286.0,319.0
2014-01-29,286,363.0,242.0
2014-01-30,363,187.0,198.0
2014-01-31,187,209.0,165.0
2014-02-01,209,220.0,231.0
2014-02-02,220,319.0,253.0
2014-02-03,319,319.0,275.0
2014-02-04,319,242.0,308.0
2014-02-05,242,198.0,341.0
2014-02-06,198,165.0,330.0
2014-02-07,165,231.0,286.0
2014-02-08,231,253.0,198.0
2014-02-09,253,275.0,176.0
2014-02-10,275,308.0,231.0
2014-02-11,308,341.0,385.0
2014-02-12,341,330.0,407.0
2014-02-13,330,286.0,187.0
2014-02-14,286,198.0,209.0
2014-02-15,198,176.0,99.0
2014-02-16,176,231.0,121.0
2014-02-17,231,385.0,231.0
2014-02-18,385,407.0,385.0
2014-02-19,407,187.0,374.0
2014-02-20,187,209.0,385.0
2014-02-21,209,99.0,363.0
2014-02-22,99,121.0,154.0
2014-02-23,121,231.0,165.0
2014-02-24,231,385.0,165.0
2014-02-25,385,374.0,374.0
2014-02-26,374,385.0,363.0
2014-02-27,385,363.0,363.0
2014-02-28,363,154.0,264.0
2014-03-01,154,165.0,231.0
2014-03-02,165,165.0,198.0
2014-03-03,165,374.0,264.0
2014-03-04,374,363.0,407.0
2014-03-05,363,363.0,319.0
2014-03-06,363,264.0,198.0
2014-03-07,264,231.0,297.0
2014-03-08,231,198.0,242.0
2014-03-09,198,264.0,132.0
2014-03-10,264,407.0,286.0
2014-03-11,407,319.0,396.0
2014-03-12,319,198.0,429.0
2014-03-13,198,297.0,275.0
2014-03-14,297,242.0,253.0
2014-03-15,242,132.0,165.0
2014-03-16,132,286.0,209.0
2014-03-17,286,396.0,462.0
2014-03-18,396,429.0,528.0
2014-03-19,429,275.0,473.0
2014-03-20,275,253.0,363.0
2014-03-21,253,165.0,275.0
2014-03-22,165,209.0,363.0
2014-03-23,209,462.0,209.0
2014-03-24,462,528.0,429.0
2014-03-25,528,473.0,484.0
2014-03-26,473,363.0,517.0
2014-03-27,363,275.0,451.0
2014-03-28,275,363.0,330.0
2014-03-29,363,209.0,308.0
2014-03-30,209,429.0,275.0
2014-03-31,429,484.0,440.0
2014-04-01,484,517.0,462.0
2014-04-02,517,451.0,429.0
2014-04-03,451,330.0,396.0
2014-04-04,330,308.0,440.0
2014-04-05,308,275.0,429.0
2014-04-06,275,440.0,418.0
2014-04-07,440,462.0,418.0
2014-04-08,462,429.0,473.0
2014-04-09,429,396.0,550.0
2014-04-10,396,440.0,495.0
2014-04-11,440,429.0,407.0
2014-04-12,429,418.0,330.0
2014-04-13,418,418.0,253.0
2014-04-14,418,473.0,484.0
2014-04-15,473,550.0,572.0
2014-04-16,550,495.0,418.0
2014-04-17,495,407.0,627.0
2014-04-18,407,330.0,418.0
2014-04-19,330,253.0,352.0
2014-04-20,253,484.0,363.0
2014-04-21,484,572.0,726.0
2014-04-22,572,418.0,352.0
2014-04-23,418,627.0,473.0
2014-04-24,627,418.0,341.0
2014-04-25,418,352.0,506.0
2014-04-26,352,363.0,396.0
2014-04-27,363,726.0,264.0
2014-04-28,726,352.0,539.0
2014-04-29,352,473.0,671.0
2014-04-30,473,341.0,550.0
2014-05-01,341,506.0,726.0
2014-05-02,506,396.0,528.0
2014-05-03,396,264.0,374.0
2014-05-04,264,539.0,275.0
2014-05-05,539,671.0,572.0
2014-05-06,671,550.0,528.0
2014-05-07,550,726.0,528.0
2014-05-08,726,528.0,550.0
2014-05-09,528,374.0,605.0
2014-05-10,374,275.0,429.0
2014-05-11,275,572.0,341.0
2014-05-12,572,528.0,649.0
2014-05-13,528,528.0,704.0
2014-05-14,528,550.0,473.0
2014-05-15,550,605.0,682.0
2014-05-16,605,429.0,550.0
2014-05-17,429,341.0,418.0
2014-05-18,341,649.0,341.0
2014-05-19,649,704.0,660.0
2014-05-20,704,473.0,506.0
2014-05-21,473,682.0,517.0
2014-05-22,682,550.0,418.0
2014-05-23,550,418.0,352.0
2014-05-24,418,341.0,253.0
2014-05-25,341,660.0,308.0
2014-05-26,660,506.0,462.0
2014-05-27,506,517.0,561.0
2014-05-28,517,418.0,704.0
2014-05-29,418,352.0,495.0
2014-05-30,352,253.0,539.0
2014-05-31,253,308.0,550.0
2014-06-01,308,462.0,396.0
2014-06-02,462,561.0,770.0
2014-06-03,561,704.0,528.0
2014-06-04,704,495.0,528.0
2014-06-05,495,539.0,495.0
2014-06-06,539,550.0,528.0
2014-06-07,550,396.0,429.0
2014-06-08,396,770.0,352.0
2014-06-09,770,528.0,484.0
2014-06-10,528,528.0,539.0
2014-06-11,528,495.0,605.0
2014-06-12,495,528.0,308.0
2014-06-13,528,429.0,484.0
2014-06-14,429,352.0,319.0
2014-06-15,352,484.0,198.0
2014-06-16,484,539.0,374.0
2014-06-17,539,605.0,352.0
2014-06-18,605,308.0,429.0
2014-06-19,308,484.0,417.0
2014-06-20,484,319.0,418.0
2014-06-21,319,198.0,363.0
2014-06-22,198,374.0,275.0
2014-06-23,374,352.0,451.0
2014-06-24,352,429.0,429.0
2014-06-25,429,417.0,319.0
2014-06-26,417,418.0,473.0
2014-06-27,418,363.0,286.0
2014-06-28,363,275.0,319.0
2014-06-29,275,451.0,352.0
2014-06-30,451,429.0,473.0
2014-07-01,429,319.0,396.0
2014-07-02,319,473.0,505.0
2014-07-03,473,286.0,275.0
2014-07-04,286,319.0,330.0
2014-07-05,319,352.0,341.0
2014-07-06,352,473.0,286.0
2014-07-07,473,396.0,494.0
2014-07-08,396,505.0,451.0
2014-07-09,505,275.0,616.0
2014-07-10,275,330.0,504.0
2014-07-11,330,341.0,407.0
2014-07-12,341,286.0,297.0
2014-07-13,286,494.0,286.0
2014-07-14,494,451.0,473.0
2014-07-15,451,616.0,484.0
2014-07-16,616,504.0,561.0
2014-07-17,504,407.0,550.0
2014-07-18,407,297.0,418.0
2014-07-19,297,286.0,352.0
2014-07-20,286,473.0,319.0
2014-07-21,473,484.0,561.0
2014-07-22,484,561.0,440.0
2014-07-23,561,550.0,484.0
2014-07-24,550,418.0,462.0
2014-07-25,418,352.0,505.0
2014-07-26,352,319.0,286.0
2014-07-27,319,561.0,396.0
2014-07-28,561,440.0,670.0
2014-07-29,440,484.0,571.0
2014-07-30,484,462.0,440.0
2014-07-31,462,505.0,418.0
2014-08-01,505,286.0,539.0
2014-08-02,286,396.0,297.0
2014-08-03,396,670.0,297.0
2014-08-04,670,571.0,660.0
2014-08-05,571,440.0,638.0
2014-08-06,440,418.0,603.0
2014-08-07,418,539.0,484.0
2014-08-08,539,297.0,484.0
2014-08-09,297,297.0,506.0
2014-08-10,297,660.0,286.0
2014-08-11,660,638.0,528.0
2014-08-12,638,603.0,616.0
2014-08-13,603,484.0,627.0
2014-08-14,484,484.0,495.0
2014-08-15,484,506.0,802.0
2014-08-16,506,286.0,583.0
2014-08-17,286,528.0,395.0
2014-08-18,528,616.0,593.0
2014-08-19,616,627.0,594.0
2014-08-20,627,495.0,626.0
2014-08-21,495,802.0,472.0
2014-08-22,802,583.0,561.0
2014-08-23,583,395.0,374.0
2014-08-24,395,593.0,319.0
2014-08-25,593,594.0,440.0
2014-08-26,594,626.0,604.0
2014-08-27,626,472.0,407.0
2014-08-28,472,561.0,363.0
2014-08-29,561,374.0,451.0
2014-08-30,374,319.0,385.0
2014-08-31,319,440.0,385.0
2014-09-01,440,604.0,451.0
2014-09-02,604,407.0,571.0
2014-09-03,407,363.0,671.0
2014-09-04,363,451.0,582.0
2014-09-05,451,385.0,527.0
2014-09-06,385,385.0,252.0
2014-09-07,385,451.0,374.0
2014-09-08,451,571.0,690.0
2014-09-09,571,671.0,506.0
2014-09-10,671,582.0,537.0
2014-09-11,582,527.0,483.0
2014-09-12,527,252.0,395.0
2014-09-13,252,374.0,406.0
2014-09-14,374,690.0,286.0
2014-09-15,690,506.0,560.0
2014-09-16,506,537.0,493.0
2014-09-17,537,483.0,524.0
2014-09-18,483,395.0,517.0
2014-09-19,395,406.0,328.0
2014-09-20,406,286.0,186.0
2014-09-21,286,560.0,231.0
2014-09-22,560,493.0,417.0
2014-09-23,493,524.0,545.0
2014-09-24,524,517.0,469.0
2014-09-25,517,328.0,415.0
2014-09-26,328,186.0,450.0
2014-09-27,186,231.0,317.0
2014-09-28,231,417.0,208.0
2014-09-29,417,545.0,437.0
2014-09-30,545,469.0,483.0
2014-10-01,469,415.0,515.0
2014-10-02,415,450.0,426.0
2014-10-03,450,317.0,395.0
2014-10-04,317,208.0,383.0
2014-10-05,208,437.0,380.0
2014-10-06,437,483.0,492.0
2014-10-07,483,515.0,424.0
2014-10-08,515,426.0,544.0
2014-10-09,426,395.0,435.0
2014-10-10,395,383.0,393.0
2014-10-11,383,380.0,280.0
2014-10-12,380,492.0,187.0
2014-10-13,492,424.0,439.0
2014-10-14,424,544.0,284.0
2014-10-15,544,435.0,525.0
2014-10-16,435,393.0,339.0
2014-10-17,393,280.0,402.0
2014-10-18,280,187.0,339.0
2014-10-19,187,439.0,263.0
2014-10-20,439,284.0,456.0
2014-10-21,284,525.0,445.0
2014-10-22,525,339.0,580.0
2014-10-23,339,402.0,468.0
2014-10-24,402,339.0,545.0
2014-10-25,339,263.0,541.0
2014-10-26,263,456.0,230.0
2014-10-27,456,445.0,453.0
2014-10-28,445,580.0,346.0
2014-10-29,580,468.0,531.0
2014-10-30,468,545.0,342.0
2014-10-31,545,541.0,552.0
2014-11-01,541,230.0,302.0
2014-11-02,230,453.0,367.0
2014-11-03,453,346.0,423.0
2014-11-04,346,531.0,519.0
2014-11-05,531,342.0,447.0
2014-11-06,342,552.0,323.0
2014-11-07,552,302.0,327.0
2014-11-08,302,367.0,301.0
2014-11-09,367,423.0,271.0
2014-11-10,423,519.0,421.0
2014-11-11,519,447.0,528.0
2014-11-12,447,323.0,454.0
2014-11-13,323,327.0,277.0
2014-11-14,327,301.0,291.0
2014-11-15,301,271.0,403.0
2014-11-16,271,421.0,224.0
2014-11-17,421,528.0,518.0
2014-11-18,528,454.0,474.0
2014-11-19,454,277.0,353.0
2014-11-20,277,291.0,367.0
2014-11-21,291,403.0,493.0
2014-11-22,403,224.0,269.0
2014-11-23,224,518.0,289.0
2014-11-24,518,474.0,441.0
2014-11-25,474,353.0,527.0
2014-11-26,353,367.0,459.0
2014-11-27,367,493.0,382.0
2014-11-28,493,269.0,335.0
2014-11-29,269,289.0,289.0
2014-11-30,289,441.0,280.0
2014-12-01,441,527.0,437.0
2014-12-02,527,459.0,318.0
2014-12-03,459,382.0,534.0
2014-12-04,382,335.0,272.0
2014-12-05,335,289.0,313.0
2014-12-06,289,280.0,263.0
2014-12-07,280,437.0,209.0
2014-12-08,437,318.0,375.0
2014-12-09,318,534.0,391.0
2014-12-10,534,272.0,409.0
2014-12-11,272,313.0,362.0
2014-12-12,313,263.0,317.0
2014-12-13,263,209.0,337.0
2014-12-14,209,375.0,364.0
2014-12-15,375,391.0,365.0
2014-12-16,391,409.0,288.0
2014-12-17,409,362.0,303.0
2014-12-18,362,317.0,317.0
2014-12-19,317,337.0,354.0
2014-12-20,337,364.0,306.0
2014-12-21,364,365.0,279.0
2014-12-22,365,288.0,410.0
2014-12-23,288,303.0,320.0
2014-12-24,303,317.0,330.0
2014-12-25,317,354.0,300.0
2014-12-26,354,306.0,370.0
2014-12-27,306,279.0,240.0
2014-12-28,279,410.0,200.0
2014-12-29,410,320.0,320.0
2014-12-30,320,330.0,330.0
2014-12-31,330,300.0,420.0
2015-01-01,300,370.0,370.0
2015-01-02,370,240.0,400.0
2015-01-03,240,200.0,200.0
2015-01-04,200,320.0,290.0
2015-01-05,320,330.0,400.0
2015-01-06,330,420.0,410.0
2015-01-07,420,370.0,430.0
2015-01-08,370,400.0,370.0
2015-01-09,400,200.0,440.0
2015-01-10,200,290.0,320.0
2015-01-11,290,400.0,270.0
2015-01-12,400,410.0,430.0
2015-01-13,410,430.0,320.0
2015-01-14,430,370.0,410.0
2015-01-15,370,440.0,230.0
2015-01-16,440,320.0,310.0
2015-01-17,320,270.0,230.0
2015-01-18,270,430.0,250.0
2015-01-19,430,320.0,530.0
2015-01-20,320,410.0,440.0
2015-01-21,410,230.0,400.0
2015-01-22,230,310.0,280.0
2015-01-23,310,230.0,220.0
2015-01-24,230,250.0,280.0
2015-01-25,250,530.0,270.0
2015-01-26,530,440.0,370.0
2015-01-27,440,400.0,260.0
2015-01-28,400,280.0,320.0
2015-01-29,280,220.0,250.0
2015-01-30,220,280.0,380.0
2015-01-31,280,270.0,250.0
2015-02-01,270,370.0,200.0
2015-02-02,370,260.0,280.0
2015-02-03,260,320.0,350.0
2015-02-04,320,250.0,390.0
2015-02-05,250,380.0,350.0
2015-02-06,380,250.0,340.0
2015-02-07,250,200.0,490.0
2015-02-08,200,280.0,240.0
2015-02-09,280,350.0,290.0
2015-02-10,350,390.0,360.0
2015-02-11,390,350.0,290.0
2015-02-12,350,340.0,300.0
2015-02-13,340,490.0,370.0
2015-02-14,490,240.0,320.0
2015-02-15,240,290.0,300.0
2015-02-16,290,360.0,340.0
2015-02-17,360,290.0,420.0
2015-02-18,290,300.0,360.0
2015-02-19,300,370.0,360.0
2015-02-20,370,320.0,290.0
2015-02-21,320,300.0,200.0
2015-02-22,300,340.0,360.0
2015-02-23,340,420.0,400.0
2015-02-24,420,360.0,380.0
2015-02-25,360,360.0,420.0
2015-02-26,360,290.0,360.0
2015-02-27,290,200.0,370.0
2015-02-28,200,360.0,310.0
2015-03-01,360,400.0,310.0
2015-03-02,400,380.0,390.0
2015-03-03,380,420.0,440.0
2015-03-04,420,360.0,450.0
2015-03-05,360,370.0,460.0
2015-03-06,370,310.0,360.0
2015-03-07,310,310.0,300.0
2015-03-08,310,390.0,370.0
2015-03-09,390,440.0,400.0
2015-03-10,440,450.0,400.0
2015-03-11,450,460.0,500.0
2015-03-12,460,360.0,370.0
2015-03-13,360,300.0,480.0
2015-03-14,300,370.0,390.0
2015-03-15,370,400.0,270.0
2015-03-16,400,400.0,590.0
2015-03-17,400,500.0,380.0
2015-03-18,500,370.0,490.0
2015-03-19,370,480.0,450.0
2015-03-20,480,390.0,360.0
2015-03-21,390,270.0,490.0
2015-03-22,270,590.0,370.0
2015-03-23,590,380.0,540.0
2015-03-24,380,490.0,390.0
2015-03-25,490,450.0,550.0
2015-03-26,450,360.0,400.0
2015-03-27,360,490.0,480.0
2015-03-28,490,370.0,400.0
2015-03-29,370,540.0,460.0
2015-03-30,540,390.0,790.0
2015-03-31,390,550.0,450.0
2015-04-01,550,400.0,710.0
2015-04-02,400,480.0,630.0
2015-04-03,480,400.0,690.0
2015-04-04,400,460.0,520.0
2015-04-05,460,790.0,590.0
2015-04-06,790,450.0,750.0
2015-04-07,450,710.0,930.0
2015-04-08,710,630.0,680.0
2015-04-09,630,690.0,730.0
2015-04-10,690,520.0,790.0
2015-04-11,520,590.0,800.0
2015-04-12,590,750.0,580.0
2015-04-13,750,930.0,860.0
2015-04-14,930,680.0,720.0
2015-04-15,680,730.0,850.0
2015-04-16,730,790.0,550.0
2015-04-17,790,800.0,740.0
2015-04-18,800,580.0,670.0
2015-04-19,580,860.0,770.0
2015-04-20,860,720.0,730.0
2015-04-21,720,850.0,850.0
2015-04-22,850,550.0,560.0
2015-04-23,550,740.0,600.0
2015-04-24,740,670.0,890.0
2015-04-25,670,770.0,610.0
2015-04-26,770,730.0,590.0
2015-04-27,730,850.0,860.0
2015-04-28,850,560.0,910.0
2015-04-29,560,600.0,820.0
2015-04-30,600,890.0,630.0
2015-05-01,890,610.0,870.0
2015-05-02,610,590.0,500.0
2015-05-03,590,860.0,610.0
2015-05-04,860,910.0,830.0
2015-05-05,910,820.0,840.0
2015-05-06,820,630.0,830.0
2015-05-07,630,870.0,560.0
2015-05-08,870,500.0,980.0
2015-05-09,500,610.0,670.0
2015-05-10,610,830.0,790.0
2015-05-11,830,840.0,810.0
2015-05-12,840,830.0,1090.0
2015-05-13,830,560.0,900.0
2015-05-14,560,980.0,780.0
2015-05-15,980,670.0,1060.0
2015-05-16,670,790.0,660.0
2015-05-17,790,810.0,570.0
2015-05-18,810,1090.0,920.0
2015-05-19,1090,900.0,910.0
2015-05-20,900,780.0,890.0
2015-05-21,780,1060.0,700.0
2015-05-22,1060,660.0,720.0
2015-05-23,660,570.0,370.0
2015-05-24,570,920.0,620.0
2015-05-25,920,910.0,840.0
2015-05-26,910,890.0,790.0
2015-05-27,890,700.0,770.0
2015-05-28,700,720.0,600.0
2015-05-29,720,370.0,530.0
2015-05-30,370,620.0,610.0
2015-05-31,620,840.0,420.0
2015-06-01,840,790.0,1000.0
2015-06-02,790,770.0,700.0
2015-06-03,770,600.0,600.0
2015-06-04,600,530.0,720.0
2015-06-05,530,610.0,630.0
2015-06-06,610,420.0,530.0
2015-06-07,420,1000.0,510.0
2015-06-08,1000,700.0,660.0
2015-06-09,700,600.0,609.0
2015-06-10,600,720.0,630.0
2015-06-11,720,630.0,550.0
2015-06-12,630,530.0,470.0
2015-06-13,530,510.0,330.0
2015-06-14,510,660.0,460.0
2015-06-15,660,609.0,590.0
2015-06-16,609,630.0,640.0
2015-06-17,630,550.0,460.0
2015-06-18,550,470.0,520.0
2015-06-19,470,330.0,480.0
2015-06-20,330,460.0,390.0
2015-06-21,460,590.0,360.0
2015-06-22,590,640.0,700.0
2015-06-23,640,460.0,500.0
2015-06-24,460,520.0,630.0
2015-06-25,520,480.0,399.0
2015-06-26,480,390.0,680.0
2015-06-27,390,360.0,460.0
2015-06-28,360,700.0,320.0
2015-06-29,700,500.0,520.0
2015-06-30,500,630.0,600.0
2015-07-01,630,399.0,590.0
2015-07-02,399,680.0,530.0
2015-07-03,680,460.0,530.0
2015-07-04,460,320.0,420.0
2015-07-05,320,520.0,440.0
2015-07-06,520,600.0,730.0
2015-07-07,600,590.0,610.0
2015-07-08,590,530.0,700.0
2015-07-09,530,530.0,570.0
2015-07-10,530,420.0,650.0
2015-07-11,420,440.0,460.0
2015-07-12,440,730.0,340.0
2015-07-13,730,610.0,550.0
2015-07-14,610,700.0,580.0
2015-07-15,700,570.0,600.0
2015-07-16,570,650.0,520.0
2015-07-17,650,460.0,380.0
2015-07-18,460,340.0,350.0
2015-07-19,340,550.0,300.0
2015-07-20,550,580.0,510.0
2015-07-21,580,600.0,490.0
2015-07-22,600,520.0,460.0
2015-07-23,520,380.0,270.0
2015-07-24,380,350.0,370.0
2015-07-25,350,300.0,360.0
2015-07-26,300,510.0,350.0
2015-07-27,510,490.0,460.0
2015-07-28,490,460.0,530.0
2015-07-29,460,270.0,560.0
2015-07-30,270,370.0,310.0
2015-07-31,370,360.0,450.0
2015-08-01,360,350.0,208.0
2015-08-02,350,460.0,310.0
2015-08-03,460,530.0,430.0
2015-08-04,530,560.0,590.0
2015-08-05,560,310.0,490.0
2015-08-06,310,450.0,380.0
2015-08-07,450,208.0,460.0
2015-08-08,208,310.0,310.0
2015-08-09,310,430.0,200.0
2015-08-10,430,590.0,439.0
2015-08-11,590,490.0,540.0
2015-08-12,490,380.0,380.0
2015-08-13,380,460.0,468.0
2015-08-14,460,310.0,410.0
2015-08-15,310,200.0,330.0
2015-08-16,200,439.0,259.0
2015-08-17,439,540.0,409.0
2015-08-18,540,380.0,430.0
2015-08-19,380,468.0,380.0
2015-08-20,468,410.0,370.0
2015-08-21,410,330.0,400.0
2015-08-22,330,259.0,400.0
2015-08-23,259,409.0,290.0
2015-08-24,409,430.0,360.0
2015-08-25,430,380.0,300.0
2015-08-26,380,370.0,400.0
2015-08-27,370,400.0,350.0
2015-08-28,400,400.0,380.0
2015-08-29,400,290.0,330.0
2015-08-30,290,360.0,240.0
2015-08-31,360,300.0,300.0
2015-09-01,300,400.0,400.0
2015-09-02,400,350.0,548.0
2015-09-03,350,380.0,290.0
2015-09-04,380,330.0,340.0
2015-09-05,330,240.0,410.0
2015-09-06,240,300.0,150.0
2015-09-07,300,400.0,320.0
2015-09-08,400,548.0,360.0
2015-09-09,548,290.0,499.0
2015-09-10,290,340.0,339.0
2015-09-11,340,410.0,348.0
2015-09-12,410,150.0,370.0
2015-09-13,150,320.0,378.0
2015-09-14,320,360.0,428.0
2015-09-15,360,499.0,440.0
2015-09-16,499,339.0,470.0
2015-09-17,339,348.0,338.0
2015-09-18,348,370.0,360.0
2015-09-19,370,378.0,400.0
2015-09-20,378,428.0,339.0
2015-09-21,428,440.0,459.0
2015-09-22,440,470.0,327.0
2015-09-23,470,338.0,399.0
2015-09-24,338,360.0,430.0
2015-09-25,360,400.0,409.0
2015-09-26,400,339.0,279.0
2015-09-27,339,459.0,378.0
2015-09-28,459,327.0,338.0
2015-09-29,327,399.0,457.0
2015-09-30,399,430.0,539.0
2015-10-01,430,409.0,450.0
2015-10-02,409,279.0,308.0
2015-10-03,279,378.0,308.0
2015-10-04,378,338.0,249.0
2015-10-05,338,457.0,239.0
2015-10-06,457,539.0,419.0
2015-10-07,539,450.0,439.0
2015-10-08,450,308.0,428.0
2015-10-09,308,308.0,455.0
2015-10-10,308,249.0,298.0
2015-10-11,249,239.0,248.0
2015-10-12,239,419.0,468.0
2015-10-13,419,439.0,316.0
2015-10-14,439,428.0,419.0
2015-10-15,428,455.0,416.0
2015-10-16,455,298.0,436.0
2015-10-17,298,248.0,327.0
2015-10-18,248,468.0,247.0
2015-10-19,468,316.0,486.0
2015-10-20,316,419.0,408.0
2015-10-21,419,416.0,434.0
2015-10-22,416,436.0,444.0
2015-10-23,436,327.0,247.0
2015-10-24,327,247.0,197.0
2015-10-25,247,486.0,319.0
2015-10-26,486,408.0,347.0
2015-10-27,408,434.0,433.0
2015-10-28,434,444.0,338.0
2015-10-29,444,247.0,443.0
2015-10-30,247,197.0,433.0
2015-10-31,197,319.0,317.0
2015-11-01,319,347.0,326.0
2015-11-02,347,433.0,453.0
2015-11-03,433,338.0,416.0
2015-11-04,338,443.0,481.0
2015-11-05,443,433.0,325.0
2015-11-06,433,317.0,308.0
2015-11-07,317,326.0,237.0
2015-11-08,326,453.0,275.0
2015-11-09,453,416.0,628.0
2015-11-10,416,481.0,375.0
2015-11-11,481,325.0,519.0
2015-11-12,325,308.0,392.0
2015-11-13,308,237.0,267.0
2015-11-14,237,275.0,306.0
2015-11-15,275,628.0,280.0
2015-11-16,628,375.0,384.0
2015-11-17,375,519.0,429.0
2015-11-18,519,392.0,421.0
2015-11-19,392,267.0,330.0
2015-11-20,267,306.0,270.0
2015-11-21,306,280.0,243.0
2015-11-22,280,384.0,161.0
2015-11-23,384,429.0,317.0
2015-11-24,429,421.0,307.0
2015-11-25,421,330.0,326.0
2015-11-26,330,270.0,336.0
2015-11-27,270,243.0,252.0
2015-11-28,243,161.0,250.0
2015-11-29,161,317.0,230.0
2015-11-30,317,307.0,296.0
2015-12-01,307,326.0,270.0
2015-12-02,326,336.0,391.0
2015-12-03,336,252.0,377.0
2015-12-04,252,250.0,235.0
2015-12-05,250,230.0,180.0
2015-12-06,230,296.0,254.0
2015-12-07,296,270.0,268.0
2015-12-08,270,391.0,279.0
2015-12-09,391,377.0,198.0
2015-12-10,377,235.0,306.0
2015-12-11,235,180.0,311.0
2015-12-12,180,254.0,221.0
2015-12-13,254,268.0,215.0
2015-12-14,268,279.0,301.0
2015-12-15,279,198.0,183.0
2015-12-16,198,306.0,323.0
2015-12-17,306,311.0,298.0
2015-12-18,311,221.0,290.0
2015-12-19,221,215.0,211.0
2015-12-20,215,301.0,227.0
2015-12-21,301,183.0,226.0
2015-12-22,183,323.0,235.0
2015-12-23,323,298.0,343.0
2015-12-24,298,290.0,216.0
2015-12-25,290,211.0,279.0
2015-12-26,211,227.0,225.0
2015-12-27,227,226.0,351.0
2015-12-28,226,235.0,305.0
2015-12-29,235,343.0,333.0
2015-12-30,343,216.0,171.0
2015-12-31,216,279.0,261.0
2016-01-01,279,225.0,261.0
2016-01-02,225,351.0,207.0
2016-01-03,351,305.0,207.0
2016-01-04,305,333.0,252.0
2016-01-05,333,171.0,216.0
2016-01-06,171,261.0,180.0
2016-01-07,261,261.0,333.0
2016-01-08,261,207.0,306.0
2016-01-09,207,207.0,153.0
2016-01-10,207,252.0,225.0
2016-01-11,252,216.0,261.0
2016-01-12,216,180.0,216.0
2016-01-13,180,333.0,135.0
2016-01-14,333,306.0,189.0
2016-01-15,306,153.0,99.0
2016-01-16,153,225.0,171.0
2016-01-17,225,261.0,189.0
2016-01-18,261,216.0,306.0
2016-01-19,216,135.0,306.0
2016-01-20,135,189.0,234.0
2016-01-21,189,99.0,252.0
2016-01-22,99,171.0,234.0
2016-01-23,171,189.0,180.0
2016-01-24,189,306.0,135.0
2016-01-25,306,306.0,288.0
2016-01-26,306,234.0,260.0
2016-01-27,234,252.0,396.0
2016-01-28,252,234.0,252.0
2016-01-29,234,180.0,288.0
2016-01-30,180,135.0,162.0
2016-01-31,135,288.0,180.0
2016-02-01,288,260.0,207.0
2016-02-02,260,396.0,180.0
2016-02-03,396,252.0,369.0
2016-02-04,252,288.0,333.0
2016-02-05,288,162.0,306.0
2016-02-06,162,180.0,207.0
2016-02-07,180,207.0,243.0
2016-02-08,207,180.0,297.0
2016-02-09,180,369.0,333.0
2016-02-10,369,333.0,270.0
2016-02-11,333,306.0,360.0
2016-02-12,306,207.0,342.0
2016-02-13,207,243.0,297.0
2016-02-14,243,297.0,270.0
2016-02-15,297,333.0,252.0
2016-02-16,333,270.0,243.0
2016-02-17,270,360.0,279.0
2016-02-18,360,342.0,414.0
2016-02-19,342,297.0,342.0
2016-02-20,297,270.0,306.0
2016-02-21,270,252.0,270.0
2016-02-22,252,243.0,369.0
2016-02-23,243,279.0,333.0
2016-02-24,279,414.0,324.0
2016-02-25,414,342.0,405.0
2016-02-26,342,306.0,288.0
2016-02-27,306,270.0,198.0
2016-02-28,270,369.0,279.0
2016-02-29,369,333.0,423.0
2016-03-01,333,324.0,270.0
2016-03-02,324,405.0,315.0
2016-03-03,405,288.0,405.0
2016-03-04,288,198.0,369.0
2016-03-05,198,279.0,270.0
2016-03-06,279,423.0,288.0
2016-03-07,423,270.0,306.0
2016-03-08,270,315.0,342.0
2016-03-09,315,405.0,333.0
2016-03-10,405,369.0,351.0
2016-03-11,369,270.0,342.0
2016-03-12,270,288.0,306.0
2016-03-13,288,306.0,315.0
2016-03-14,306,342.0,387.0
2016-03-15,342,333.0,351.0
2016-03-16,333,351.0,378.0
2016-03-17,351,342.0,306.0
2016-03-18,342,306.0,315.0
2016-03-19,306,315.0,270.0
2016-03-20,315,387.0,261.0
2016-03-21,387,351.0,540.0
2016-03-22,351,378.0,342.0
2016-03-23,378,306.0,369.0
2016-03-24,306,315.0,333.0
2016-03-25,315,270.0,360.0
2016-03-26,270,261.0,342.0
2016-03-27,261,540.0,306.0
2016-03-28,540,342.0,540.0
2016-03-29,342,369.0,459.0
2016-03-30,369,333.0,495.0
2016-03-31,333,360.0,522.0
2016-04-01,360,342.0,360.0
2016-04-02,342,306.0,297.0
2016-04-03,306,540.0,315.0
2016-04-04,540,459.0,540.0
2016-04-05,459,495.0,513.0
2016-04-06,495,522.0,531.0
2016-04-07,522,360.0,423.0
2016-04-08,360,297.0,450.0
2016-04-09,297,315.0,297.0
2016-04-10,315,540.0,378.0
2016-04-11,540,513.0,450.0
2016-04-12,513,531.0,477.0
2016-04-13,531,423.0,576.0
2016-04-14,423,450.0,342.0
2016-04-15,450,297.0,486.0
2016-04-16,297,378.0,270.0
2016-04-17,378,450.0,432.0
2016-04-18,450,477.0,612.0
2016-04-19,477,576.0,504.0
2016-04-20,576,342.0,558.0
2016-04-21,342,486.0,378.0
2016-04-22,486,270.0,441.0
2016-04-23,270,432.0,288.0
2016-04-24,432,612.0,387.0
2016-04-25,612,504.0,423.0
2016-04-26,504,558.0,387.0
2016-04-27,558,378.0,576.0
2016-04-28,378,441.0,540.0
2016-04-29,441,288.0,432.0
2016-04-30,288,387.0,360.0
2016-05-01,387,423.0,378.0
2016-05-02,423,387.0,729.0
2016-05-03,387,576.0,603.0
2016-05-04,576,540.0,594.0
2016-05-05,540,432.0,423.0
2016-05-06,432,360.0,567.0
2016-05-07,360,378.0,423.0
2016-05-08,378,729.0,468.0
2016-05-09,729,603.0,621.0
2016-05-10,603,594.0,567.0
2016-05-11,594,423.0,522.0
2016-05-12,423,567.0,611.0
2016-05-13,567,423.0,602.0
2016-05-14,423,468.0,423.0
2016-05-15,468,621.0,531.0
2016-05-16,621,567.0,711.0
2016-05-17,567,522.0,630.0
2016-05-18,522,611.0,711.0
2016-05-19,611,602.0,522.0
2016-05-20,602,423.0,675.0
2016-05-21,423,531.0,540.0
2016-05-22,531,711.0,513.0
2016-05-23,711,630.0,593.0
2016-05-24,630,711.0,612.0
2016-05-25,711,522.0,846.0
2016-05-26,522,675.0,612.0
2016-05-27,675,540.0,693.0
2016-05-28,540,513.0,594.0
2016-05-29,513,593.0,558.0
2016-05-30,593,612.0,648.0
2016-05-31,612,846.0,486.0
2016-06-01,846,612.0,522.0
2016-06-02,612,693.0,486.0
2016-06-03,693,594.0,684.0
2016-06-04,594,558.0,396.0
2016-06-05,558,648.0,387.0
2016-06-06,648,486.0,612.0
2016-06-07,486,522.0,612.0
2016-06-08,522,486.0,675.0
2016-06-09,486,684.0,639.0
2016-06-10,684,396.0,540.0
2016-06-11,396,387.0,477.0
2016-06-12,387,612.0,567.0
2016-06-13,612,612.0,657.0
2016-06-14,612,675.0,648.0
2016-06-15,675,639.0,612.0
2016-06-16,639,540.0,576.0
2016-06-17,540,477.0,792.0
2016-06-18,477,567.0,414.0
2016-06-19,567,657.0,423.0
2016-06-20,657,648.0,603.0
2016-06-21,648,612.0,693.0
2016-06-22,612,576.0,459.0
2016-06-23,576,792.0,558.0
2016-06-24,792,414.0,566.0
2016-06-25,414,423.0,396.0
2016-06-26,423,603.0,423.0
2016-06-27,603,693.0,603.0
2016-06-28,693,459.0,693.0
2016-06-29,459,558.0,540.0
2016-06-30,558,566.0,639.0
2016-07-01,566,396.0,531.0
2016-07-02,396,423.0,405.0
2016-07-03,423,603.0,315.0
2016-07-04,603,693.0,612.0
2016-07-05,693,540.0,585.0
2016-07-06,540,639.0,521.0
2016-07-07,639,531.0,477.0
2016-07-08,531,405.0,522.0
2016-07-09,405,315.0,459.0
2016-07-10,315,612.0,387.0
2016-07-11,612,585.0,477.0
2016-07-12,585,521.0,558.0
2016-07-13,521,477.0,396.0
2016-07-14,477,522.0,513.0
2016-07-15,522,459.0,432.0
2016-07-16,459,387.0,387.0
2016-07-17,387,477.0,324.0
2016-07-18,477,558.0,585.0
2016-07-19,558,396.0,503.0
2016-07-20,396,513.0,467.0
2016-07-21,513,432.0,549.0
2016-07-22,432,387.0,576.0
2016-07-23,387,324.0,360.0
2016-07-24,324,585.0,332.0
2016-07-25,585,503.0,477.0
2016-07-26,503,467.0,468.0
2016-07-27,467,549.0,378.0
2016-07-28,549,576.0,404.0
2016-07-29,576,360.0,432.0
2016-07-30,360,332.0,288.0
2016-07-31,332,477.0,314.0
2016-08-01,477,468.0,441.0
2016-08-02,468,378.0,432.0
2016-08-03,378,404.0,387.0
2016-08-04,404,432.0,341.0
2016-08-05,432,288.0,324.0
2016-08-06,288,314.0,288.0
2016-08-07,314,441.0,260.0
2016-08-08,441,432.0,368.0
2016-08-09,432,387.0,242.0
2016-08-10,387,341.0,405.0
2016-08-11,341,324.0,315.0
2016-08-12,324,288.0,441.0
2016-08-13,288,260.0,342.0
2016-08-14,260,368.0,261.0
2016-08-15,368,242.0,207.0
2016-08-16,242,405.0,297.0
2016-08-17,405,315.0,252.0
2016-08-18,315,441.0,288.0
2016-08-19,441,342.0,351.0
2016-08-20,342,261.0,251.0
2016-08-21,261,207.0,279.0
2016-08-22,207,297.0,405.0
2016-08-23,297,252.0,315.0
2016-08-24,252,288.0,314.0
2016-08-25,288,351.0,341.0
2016-08-26,351,251.0,216.0
2016-08-27,251,279.0,333.0
2016-08-28,279,405.0,198.0
2016-08-29,405,315.0,377.0
2016-08-30,315,314.0,248.0
2016-08-31,314,341.0,270.0
2016-09-01,341,216.0,278.0
2016-09-02,216,333.0,296.0
2016-09-03,333,198.0,286.0
2016-09-04,198,377.0,215.0
2016-09-05,377,248.0,341.0
2016-09-06,248,270.0,259.0
2016-09-07,270,278.0,314.0
2016-09-08,278,296.0,340.0
2016-09-09,296,286.0,333.0
2016-09-10,286,215.0,162.0
2016-09-11,215,341.0,144.0
2016-09-12,341,259.0,269.0
2016-09-13,259,314.0,288.0
2016-09-14,314,340.0,324.0
2016-09-15,340,333.0,279.0
2016-09-16,333,162.0,369.0
2016-09-17,162,144.0,142.0
2016-09-18,144,269.0,225.0
2016-09-19,269,288.0,260.0
2016-09-20,288,324.0,350.0
2016-09-21,324,279.0,331.0
2016-09-22,279,369.0,322.0
2016-09-23,369,142.0,277.0
2016-09-24,142,225.0,341.0
2016-09-25,225,260.0,232.0
2016-09-26,260,350.0,340.0
2016-09-27,350,331.0,233.0
2016-09-28,331,322.0,293.0
2016-09-29,322,277.0,269.0
2016-09-30,277,341.0,287.0
2016-10-01,341,232.0,232.0
2016-10-02,232,340.0,188.0
2016-10-03,340,233.0,341.0
2016-10-04,233,293.0,215.0
2016-10-05,293,269.0,267.0
2016-10-06,269,287.0,197.0
2016-10-07,287,232.0,260.0
2016-10-08,232,188.0,216.0
2016-10-09,188,341.0,241.0
2016-10-10,341,215.0,303.0
2016-10-11,215,267.0,285.0
2016-10-12,267,197.0,304.0
2016-10-13,197,260.0,259.0
2016-10-14,260,216.0,322.0
2016-10-15,216,241.0,170.0
2016-10-16,241,303.0,286.0
2016-10-17,303,285.0,315.0
2016-10-18,285,304.0,336.0
2016-10-19,304,259.0,224.0
2016-10-20,259,322.0,225.0
2016-10-21,322,170.0,214.0
2016-10-22,170,286.0,206.0
2016-10-23,286,315.0,168.0
2016-10-24,315,336.0,292.0
2016-10-25,336,224.0,294.0
2016-10-26,224,225.0,237.0
2016-10-27,225,214.0,256.0
2016-10-28,214,206.0,257.0
2016-10-29,206,168.0,218.0
2016-10-30,168,292.0,254.0
2016-10-31,292,294.0,250.0
2016-11-01,294,237.0,214.0
2016-11-02,237,256.0,257.0
2016-11-03,256,257.0,229.0
2016-11-04,257,218.0,212.0
2016-11-05,218,254.0,179.0
2016-11-06,254,250.0,179.0
2016-11-07,250,214.0,197.0
2016-11-08,214,257.0,205.0
2016-11-09,257,229.0,221.0
2016-11-10,229,212.0,255.0
2016-11-11,212,179.0,351.0
2016-11-12,179,179.0,238.0
2016-11-13,179,197.0,131.0
2016-11-14,197,205.0,285.0
2016-11-15,205,221.0,217.0
2016-11-16,221,255.0,244.0
2016-11-17,255,351.0,335.0
2016-11-18,351,238.0,243.0
2016-11-19,238,131.0,163.0
2016-11-20,131,285.0,193.0
2016-11-21,285,217.0,386.0
2016-11-22,217,244.0,261.0
2016-11-23,244,335.0,292.0
2016-11-24,335,243.0,297.0
2016-11-25,243,163.0,227.0
2016-11-26,163,193.0,211.0
2016-11-27,193,386.0,192.0
2016-11-28,386,261.0,333.0
2016-11-29,261,292.0,286.0
2016-11-30,292,297.0,260.0
2016-12-01,297,227.0,246.0
2016-12-02,227,211.0,330.0
2016-12-03,211,192.0,183.0
2016-12-04,192,333.0,198.0
2016-12-05,333,286.0,235.0
2016-12-06,286,260.0,210.0
2016-12-07,260,246.0,244.0
2016-12-08,246,330.0,201.0
2016-12-09,330,183.0,250.0
2016-12-10,183,198.0,116.0
2016-12-11,198,235.0,132.0
2016-12-12,235,210.0,181.0
2016-12-13,210,244.0,282.0
2016-12-14,244,201.0,214.0
2016-12-15,201,250.0,173.0
2016-12-16,250,116.0,157.0
2016-12-17,116,132.0,140.0
2016-12-18,132,181.0,186.0
2016-12-19,181,282.0,271.0
2016-12-20,282,214.0,242.0
2016-12-21,214,173.0,177.0
2016-12-22,173,157.0,232.0
2016-12-23,157,140.0,208.0
2016-12-24,140,186.0,184.0
2016-12-25,186,271.0,184.0
2016-12-26,271,242.0,296.0
2016-12-27,242,177.0,280.0
2016-12-28,177,232.0,280.0
2016-12-29,232,208.0,168.0
2016-12-30,208,184.0,248.0
2016-12-31,184,184.0,160.0
2017-01-01,184,296.0,200.0
2017-01-02,296,280.0,192.0
2017-01-03,280,280.0,200.0
2017-01-04,280,168.0,144.0
2017-01-05,168,248.0,168.0
2017-01-06,248,160.0,272.0
2017-01-07,160,200.0,192.0
2017-01-08,200,192.0,144.0
2017-01-09,192,200.0,224.0
2017-01-10,200,144.0,240.0
2017-01-11,144,168.0,264.0
2017-01-12,168,272.0,216.0
2017-01-13,272,192.0,232.0
2017-01-14,192,144.0,128.0
2017-01-15,144,224.0,80.0
2017-01-16,224,240.0,160.0
2017-01-17,240,264.0,208.0
2017-01-18,264,216.0,224.0
2017-01-19,216,232.0,176.0
2017-01-20,232,128.0,232.0
2017-01-21,128,80.0,152.0
2017-01-22,80,160.0,112.0
2017-01-23,160,208.0,256.0
2017-01-24,208,224.0,248.0
2017-01-25,224,176.0,224.0
2017-01-26,176,232.0,184.0
2017-01-27,232,152.0,176.0
2017-01-28,152,112.0,136.0
2017-01-29,112,256.0,128.0
2017-01-30,256,248.0,216.0
2017-01-31,248,224.0,192.0
2017-02-01,224,184.0,136.0
2017-02-02,184,176.0,144.0
2017-02-03,176,136.0,120.0
2017-02-04,136,128.0,144.0
2017-02-05,128,216.0,104.0
2017-02-06,216,192.0,200.0
2017-02-07,192,136.0,216.0
2017-02-08,136,144.0,312.0
2017-02-09,144,120.0,208.0
2017-02-10,120,144.0,184.0
2017-02-11,144,104.0,152.0
2017-02-12,104,200.0,168.0
2017-02-13,200,216.0,192.0
2017-02-14,216,312.0,176.0
2017-02-15,312,208.0,224.0
2017-02-16,208,184.0,200.0
2017-02-17,184,152.0,176.0
2017-02-18,152,168.0,216.0
2017-02-19,168,192.0,168.0
2017-02-20,192,176.0,208.0
2017-02-21,176,224.0,144.0
2017-02-22,224,200.0,184.0
2017-02-23,200,176.0,272.0
2017-02-24,176,216.0,248.0
2017-02-25,216,168.0,160.0
2017-02-26,168,208.0,128.0
2017-02-27,208,144.0,240.0
2017-02-28,144,184.0,328.0
2017-03-01,184,272.0,272.0
2017-03-02,272,248.0,256.0
2017-03-03,248,160.0,280.0
2017-03-04,160,128.0,160.0
2017-03-05,128,240.0,120.0
2017-03-06,240,328.0,248.0
2017-03-07,328,272.0,240.0
2017-03-08,272,256.0,248.0
2017-03-09,256,280.0,168.0
2017-03-10,280,160.0,296.0
2017-03-11,160,120.0,248.0
2017-03-12,120,248.0,176.0
2017-03-13,248,240.0,144.0
2017-03-14,240,248.0,168.0
2017-03-15,248,168.0,184.0
2017-03-16,168,296.0,184.0
2017-03-17,296,248.0,240.0
2017-03-18,248,176.0,216.0
2017-03-19,176,144.0,144.0
2017-03-20,144,168.0,264.0
2017-03-21,168,184.0,176.0
2017-03-22,184,184.0,368.0
2017-03-23,184,240.0,176.0
2017-03-24,240,216.0,344.0
2017-03-25,216,144.0,264.0
2017-03-26,144,264.0,176.0
2017-03-27,264,176.0,288.0
2017-03-28,176,368.0,336.0
2017-03-29,368,176.0,320.0
2017-03-30,176,344.0,424.0
2017-03-31,344,264.0,384.0
2017-04-01,264,176.0,240.0
2017-04-02,176,288.0,160.0
2017-04-03,288,336.0,408.0
2017-04-04,336,320.0,312.0
2017-04-05,320,424.0,368.0
2017-04-06,424,384.0,336.0
2017-04-07,384,240.0,168.0
2017-04-08,240,160.0,232.0
2017-04-09,160,408.0,296.0
2017-04-10,408,312.0,320.0
2017-04-11,312,368.0,288.0
2017-04-12,368,336.0,336.0
2017-04-13,336,168.0,312.0
2017-04-14,168,232.0,400.0
2017-04-15,232,296.0,224.0
2017-04-16,296,320.0,312.0
2017-04-17,320,288.0,328.0
2017-04-18,288,336.0,312.0
2017-04-19,336,312.0,384.0
2017-04-20,312,400.0,256.0
2017-04-21,400,224.0,400.0
2017-04-22,224,312.0,368.0
2017-04-23,312,328.0,248.0
2017-04-24,328,312.0,488.0
2017-04-25,312,384.0,392.0
2017-04-26,384,256.0,504.0
2017-04-27,256,400.0,328.0
2017-04-28,400,368.0,384.0
2017-04-29,368,248.0,240.0
2017-04-30,248,488.0,232.0
2017-05-01,488,392.0,472.0
2017-05-02,392,504.0,416.0
2017-05-03,504,328.0,560.0
2017-05-04,328,384.0,400.0
2017-05-05,384,240.0,352.0
2017-05-06,240,232.0,320.0
2017-05-07,232,472.0,344.0
2017-05-08,472,416.0,488.0
2017-05-09,416,560.0,464.0
2017-05-10,560,400.0,504.0
2017-05-11,400,352.0,408.0
2017-05-12,352,320.0,352.0
2017-05-13,320,344.0,256.0
2017-05-14,344,488.0,264.0
2017-05-15,488,464.0,464.0
2017-05-16,464,504.0,288.0
2017-05-17,504,408.0,488.0
2017-05-18,408,352.0,376.0
2017-05-19,352,256.0,432.0
2017-05-20,256,264.0,400.0
2017-05-21,264,464.0,368.0
2017-05-22,464,288.0,480.0
2017-05-23,288,488.0,392.0
2017-05-24,488,376.0,576.0
2017-05-25,376,432.0,472.0
2017-05-26,432,400.0,528.0
2017-05-27,400,368.0,296.0
2017-05-28,368,480.0,296.0
2017-05-29,480,392.0,472.0
2017-05-30,392,576.0,432.0
2017-05-31,576,472.0,440.0
2017-06-01,472,528.0,416.0
2017-06-02,528,296.0,336.0
2017-06-03,296,296.0,200.0
2017-06-04,296,472.0,376.0
2017-06-05,472,432.0,496.0
2017-06-06,432,440.0,440.0
2017-06-07,440,416.0,464.0
2017-06-08,416,336.0,376.0
2017-06-09,336,200.0,416.0
2017-06-10,200,376.0,288.0
2017-06-11,376,496.0,312.0
2017-06-12,496,440.0,400.0
2017-06-13,440,464.0,472.0
2017-06-14,464,376.0,456.0
2017-06-15,376,416.0,528.0
2017-06-16,416,288.0,384.0
2017-06-17,288,312.0,272.0
2017-06-18,312,400.0,280.0
2017-06-19,400,472.0,408.0
2017-06-20,472,456.0,352.0
2017-06-21,456,528.0,392.0
2017-06-22,528,384.0,328.0
2017-06-23,384,272.0,304.0
2017-06-24,272,280.0,392.0
2017-06-25,280,408.0,272.0
2017-06-26,408,352.0,408.0
2017-06-27,352,392.0,448.0
2017-06-28,392,328.0,312.0
2017-06-29,328,304.0,392.0
2017-06-30,304,392.0,392.0
2017-07-01,392,272.0,216.0
2017-07-02,272,408.0,256.0
2017-07-03,408,448.0,496.0
2017-07-04,448,312.0,512.0
2017-07-05,312,392.0,432.0
2017-07-06,392,392.0,448.0
2017-07-07,392,216.0,400.0
2017-07-08,216,256.0,352.0
2017-07-09,256,496.0,336.0
2017-07-10,496,512.0,504.0
2017-07-11,512,432.0,456.0
2017-07-12,432,448.0,352.0
2017-07-13,448,400.0,431.0
2017-07-14,400,352.0,400.0
2017-07-15,352,336.0,280.0
2017-07-16,336,504.0,255.0
2017-07-17,504,456.0,448.0
2017-07-18,456,352.0,328.0
2017-07-19,352,431.0,383.0
2017-07-20,431,400.0,408.0
2017-07-21,400,280.0,424.0
2017-07-22,280,255.0,352.0
2017-07-23,255,448.0,224.0
2017-07-24,448,328.0,312.0
2017-07-25,328,383.0,432.0
2017-07-26,383,408.0,392.0
2017-07-27,408,424.0,304.0
2017-07-28,424,352.0,328.0
2017-07-29,352,224.0,264.0
2017-07-30,224,312.0,256.0
2017-07-31,312,432.0,312.0
2017-08-01,432,392.0,287.0
2017-08-02,392,304.0,384.0
2017-08-03,304,328.0,288.0
2017-08-04,328,264.0,352.0
2017-08-05,264,256.0,304.0
2017-08-06,256,312.0,223.0
2017-08-07,312,287.0,368.0
2017-08-08,287,384.0,392.0
2017-08-09,384,288.0,384.0
2017-08-10,288,352.0,272.0
2017-08-11,352,304.0,288.0
2017-08-12,304,223.0,184.0
2017-08-13,223,368.0,216.0
2017-08-14,368,392.0,343.0
2017-08-15,392,384.0,392.0
2017-08-16,384,272.0,416.0
2017-08-17,272,288.0,368.0
2017-08-18,288,184.0,256.0
2017-08-19,184,216.0,192.0
2017-08-20,216,343.0,264.0
2017-08-21,343,392.0,328.0
2017-08-22,392,416.0,280.0
2017-08-23,416,368.0,352.0
2017-08-24,368,256.0,303.0
2017-08-25,256,192.0,400.0
2017-08-26,192,264.0,232.0
2017-08-27,264,328.0,208.0
2017-08-28,328,280.0,375.0
2017-08-29,280,352.0,408.0
2017-08-30,352,303.0,375.0
2017-08-31,303,400.0,264.0
2017-09-01,400,232.0,280.0
2017-09-02,232,208.0,208.0
2017-09-03,208,375.0,279.0
2017-09-04,375,408.0,287.0
2017-09-05,408,375.0,272.0
2017-09-06,375,264.0,384.0
2017-09-07,264,280.0,304.0
2017-09-08,280,208.0,278.0
2017-09-09,208,279.0,272.0
2017-09-10,279,287.0,200.0
2017-09-11,287,272.0,352.0
2017-09-12,272,384.0,287.0
2017-09-13,384,304.0,240.0
2017-09-14,304,278.0,287.0
2017-09-15,278,272.0,215.0
2017-09-16,272,200.0,208.0
2017-09-17,200,352.0,151.0
2017-09-18,352,287.0,311.0
2017-09-19,287,240.0,327.0
2017-09-20,240,287.0,414.0
2017-09-21,287,215.0,183.0
2017-09-22,215,208.0,255.0
2017-09-23,208,151.0,192.0
2017-09-24,151,311.0,511.0
2017-09-25,311,327.0,320.0
2017-09-26,327,414.0,334.0
2017-09-27,414,183.0,352.0
2017-09-28,183,255.0,239.0
2017-09-29,255,192.0,391.0
2017-09-30,192,511.0,231.0
2017-10-01,511,320.0,183.0
2017-10-02,320,334.0,312.0
2017-10-03,334,352.0,287.0
2017-10-04,352,239.0,294.0
2017-10-05,239,391.0,239.0
2017-10-06,391,231.0,224.0
2017-10-07,231,183.0,248.0
2017-10-08,183,312.0,215.0
2017-10-09,312,287.0,342.0
2017-10-10,287,294.0,312.0
2017-10-11,294,239.0,308.0
2017-10-12,239,224.0,247.0
2017-10-13,224,248.0,363.0
2017-10-14,248,215.0,159.0
2017-10-15,215,342.0,176.0
2017-10-16,342,312.0,283.0
2017-10-17,312,308.0,206.0
2017-10-18,308,247.0,270.0
2017-10-19,247,363.0,341.0
2017-10-20,363,159.0,269.0
2017-10-21,159,176.0,263.0
2017-10-22,176,283.0,204.0
2017-10-23,283,206.0,238.0
2017-10-24,206,270.0,335.0
2017-10-25,270,341.0,424.0
2017-10-26,341,269.0,330.0
2017-10-27,269,263.0,377.0
2017-10-28,263,204.0,229.0
2017-10-29,204,238.0,290.0
2017-10-30,238,335.0,403.0
2017-10-31,335,424.0,308.0
2017-11-01,424,330.0,310.0
2017-11-02,330,377.0,430.0
2017-11-03,377,229.0,286.0
2017-11-04,229,290.0,230.0
2017-11-05,290,403.0,205.0
2017-11-06,403,308.0,442.0
2017-11-07,308,310.0,332.0
2017-11-08,310,430.0,309.0
2017-11-09,430,286.0,426.0
2017-11-10,286,230.0,292.0
2017-11-11,230,205.0,376.0
2017-11-12,205,442.0,348.0
2017-11-13,442,332.0,278.0
2017-11-14,332,309.0,376.0
2017-11-15,309,426.0,209.0
2017-11-16,426,292.0,348.0
2017-11-17,292,376.0,289.0
2017-11-18,376,348.0,235.0
2017-11-19,348,278.0,265.0
2017-11-20,278,376.0,475.0
2017-11-21,376,209.0,186.0
2017-11-22,209,348.0,329.0
2017-11-23,348,289.0,350.0
2017-11-24,289,235.0,430.0
2017-11-25,235,265.0,218.0
2017-11-26,265,475.0,247.0
2017-11-27,475,186.0,346.0
2017-11-28,186,329.0,324.0
2017-11-29,329,350.0,365.0
2017-11-30,350,430.0,268.0
2017-12-01,430,218.0,297.0
2017-12-02,218,247.0,214.0
2017-12-03,247,346.0,274.0
2017-12-04,346,324.0,433.0
2017-12-05,324,365.0,246.0
2017-12-06,365,268.0,315.0
2017-12-07,268,297.0,253.0
2017-12-08,297,214.0,318.0
2017-12-09,214,274.0,267.0
2017-12-10,274,433.0,167.0
2017-12-11,433,246.0,281.0
2017-12-12,246,315.0,341.0
2017-12-13,315,253.0,283.0
2017-12-14,253,318.0,259.0
2017-12-15,318,267.0,313.0
2017-12-16,267,167.0,161.0
2017-12-17,167,281.0,181.0
2017-12-18,281,341.0,204.0
2017-12-19,341,283.0,330.0
2017-12-20,283,259.0,273.0
2017-12-21,259,313.0,261.0
2017-12-22,313,161.0,235.0
2017-12-23,161,181.0,105.0
2017-12-24,181,204.0,175.0
2017-12-25,204,330.0,350.0
2017-12-26,330,273.0,252.0
2017-12-27,273,261.0,161.0
2017-12-28,261,235.0,238.0
2017-12-29,235,105.0,224.0
2017-12-30,105,175.0,301.0
2017-12-31,175,350.0,133.0
2018-01-01,350,252.0,266.0
2018-01-02,252,161.0,189.0
2018-01-03,161,238.0,287.0
2018-01-04,238,224.0,182.0
2018-01-05,224,301.0,224.0
2018-01-06,301,133.0,175.0
2018-01-07,133,266.0,140.0
2018-01-08,266,189.0,203.0
2018-01-09,189,287.0,168.0
2018-01-10,287,182.0,266.0
2018-01-11,182,224.0,238.0
2018-01-12,224,175.0,266.0
2018-01-13,175,140.0,140.0
2018-01-14,140,203.0,154.0
2018-01-15,203,168.0,189.0
2018-01-16,168,266.0,252.0
2018-01-17,266,238.0,224.0
2018-01-18,238,266.0,203.0
2018-01-19,266,140.0,147.0
2018-01-20,140,154.0,147.0
2018-01-21,154,189.0,147.0
2018-01-22,189,252.0,203.0
2018-01-23,252,224.0,203.0
2018-01-24,224,203.0,245.0
2018-01-25,203,147.0,343.0
2018-01-26,147,147.0,203.0
2018-01-27,147,147.0,147.0
2018-01-28,147,203.0,147.0
2018-01-29,203,203.0,147.0
2018-01-30,203,245.0,294.0
2018-01-31,245,343.0,210.0
2018-02-01,343,203.0,217.0
2018-02-02,203,147.0,168.0
2018-02-03,147,147.0,161.0
2018-02-04,147,147.0,182.0
2018-02-05,147,294.0,266.0
2018-02-06,294,210.0,182.0
2018-02-07,210,217.0,161.0
2018-02-08,217,168.0,182.0
2018-02-09,168,161.0,231.0
2018-02-10,161,182.0,189.0
2018-02-11,182,266.0,231.0
2018-02-12,266,182.0,189.0
2018-02-13,182,161.0,245.0
2018-02-14,161,182.0,252.0
2018-02-15,182,231.0,196.0
2018-02-16,231,189.0,308.0
2018-02-17,189,231.0,126.0
2018-02-18,231,189.0,154.0
2018-02-19,189,245.0,112.0
2018-02-20,245,252.0,196.0
2018-02-21,252,196.0,245.0
2018-02-22,196,308.0,420.0
2018-02-23,308,126.0,189.0
2018-02-24,126,154.0,175.0
2018-02-25,154,112.0,189.0
2018-02-26,112,196.0,280.0
2018-02-27,196,245.0,259.0
2018-02-28,245,420.0,259.0
2018-03-01,420,189.0,245.0
2018-03-02,189,175.0,252.0
2018-03-03,175,189.0,217.0
2018-03-04,189,280.0,245.0
2018-03-05,280,259.0,357.0
2018-03-06,259,259.0,287.0
2018-03-07,259,245.0,301.0
2018-03-08,245,252.0,392.0
2018-03-09,252,217.0,322.0
2018-03-10,217,245.0,252.0
2018-03-11,245,357.0,217.0
2018-03-12,357,287.0,406.0
2018-03-13,287,301.0,399.0
2018-03-14,301,392.0,357.0
2018-03-15,392,322.0,427.0
2018-03-16,322,252.0,301.0
2018-03-17,252,217.0,252.0
2018-03-18,217,406.0,273.0
2018-03-19,406,399.0,301.0
2018-03-20,399,357.0,399.0
2018-03-21,357,427.0,385.0
2018-03-22,427,301.0,294.0
2018-03-23,301,252.0,203.0
2018-03-24,252,273.0,168.0
2018-03-25,273,301.0,609.0
2018-03-26,301,399.0,434.0
2018-03-27,399,385.0,399.0
2018-03-28,385,294.0,399.0
2018-03-29,294,203.0,511.0
2018-03-30,203,168.0,427.0
2018-03-31,168,609.0,357.0
2018-04-01,609,434.0,308.0
2018-04-02,434,399.0,553.0
2018-04-03,399,399.0,476.0
2018-04-04,399,511.0,518.0
2018-04-05,511,427.0,532.0
2018-04-06,427,357.0,462.0
2018-04-07,357,308.0,406.0
2018-04-08,308,553.0,420.0
2018-04-09,553,476.0,420.0
2018-04-10,476,518.0,532.0
2018-04-11,518,532.0,441.0
2018-04-12,532,462.0,497.0
2018-04-13,462,406.0,511.0
2018-04-14,406,420.0,518.0
2018-04-15,420,420.0,322.0
2018-04-16,420,532.0,406.0
2018-04-17,532,441.0,553.0
2018-04-18,441,497.0,637.0
2018-04-19,497,511.0,602.0
2018-04-20,511,518.0,588.0
2018-04-21,518,322.0,455.0
2018-04-22,322,406.0,399.0
2018-04-23,406,553.0,574.0
2018-04-24,553,637.0,693.0
2018-04-25,637,602.0,616.0
2018-04-26,602,588.0,518.0
2018-04-27,588,455.0,518.0
2018-04-28,455,399.0,462.0
2018-04-29,399,574.0,427.0
2018-04-30,574,693.0,602.0
2018-05-01,693,616.0,532.0
2018-05-02,616,518.0,525.0
2018-05-03,518,518.0,483.0
2018-05-04,518,462.0,427.0
2018-05-05,462,427.0,301.0
2018-05-06,427,602.0,378.0
2018-05-07,602,532.0,525.0
2018-05-08,532,525.0,658.0
2018-05-09,525,483.0,616.0
2018-05-10,483,427.0,427.0
2018-05-11,427,301.0,434.0
2018-05-12,301,378.0,350.0
2018-05-13,378,525.0,350.0
2018-05-14,525,658.0,560.0
2018-05-15,658,616.0,448.0
2018-05-16,616,427.0,455.0
2018-05-17,427,434.0,532.0
2018-05-18,434,350.0,399.0
2018-05-19,350,350.0,385.0
2018-05-20,350,560.0,448.0
2018-05-21,560,448.0,637.0
2018-05-22,448,455.0,427.0
2018-05-23,455,532.0,483.0
2018-05-24,532,399.0,434.0
2018-05-25,399,385.0,700.0
2018-05-26,385,448.0,469.0
2018-05-27,448,637.0,405.0
2018-05-28,637,427.0,455.0
2018-05-29,427,483.0,420.0
2018-05-30,483,434.0,378.0
2018-05-31,434,700.0,539.0
2018-06-01,700,469.0,497.0
2018-06-02,469,405.0,420.0
2018-06-03,405,455.0,273.0
2018-06-04,455,420.0,476.0
2018-06-05,420,378.0,427.0
2018-06-06,378,539.0,483.0
2018-06-07,539,497.0,364.0
2018-06-08,497,420.0,434.0
2018-06-09,420,273.0,364.0
2018-06-10,273,476.0,259.0
2018-06-11,476,427.0,301.0
2018-06-12,427,483.0,427.0
2018-06-13,483,364.0,405.0
2018-06-14,364,434.0,476.0
2018-06-15,434,364.0,385.0
2018-06-16,364,259.0,238.0
2018-06-17,259,301.0,427.0
2018-06-18,301,427.0,497.0
2018-06-19,427,405.0,574.0
2018-06-20,405,476.0,434.0
2018-06-21,476,385.0,448.0
2018-06-22,385,238.0,427.0
2018-06-23,238,427.0,399.0
2018-06-24,427,497.0,833.0
2018-06-25,497,574.0,483.0
2018-06-26,574,434.0,441.0
2018-06-27,434,448.0,483.0
2018-06-28,448,427.0,489.0
2018-06-29,427,399.0,419.0
2018-06-30,399,833.0,294.0
2018-07-01,833,483.0,273.0
2018-07-02,483,441.0,553.0
2018-07-03,441,483.0,385.0
2018-07-04,483,489.0,427.0
2018-07-05,489,419.0,392.0
2018-07-06,419,294.0,434.0
2018-07-07,294,273.0,252.0
2018-07-08,273,553.0,308.0
2018-07-09,553,385.0,504.0
2018-07-10,385,427.0,406.0
2018-07-11,427,392.0,406.0
2018-07-12,392,434.0,350.0
2018-07-13,434,252.0,378.0
2018-07-14,252,308.0,203.0
2018-07-15,308,504.0,280.0
2018-07-16,504,406.0,364.0
2018-07-17,406,406.0,315.0
2018-07-18,406,350.0,364.0
2018-07-19,350,378.0,350.0
2018-07-20,378,203.0,315.0
2018-07-21,203,280.0,238.0
2018-07-22,280,364.0,126.0
2018-07-23,364,315.0,196.0
2018-07-24,315,364.0,259.0
2018-07-25,364,350.0,574.0
2018-07-26,350,315.0,287.0
2018-07-27,315,238.0,231.0
2018-07-28,238,126.0,280.0
2018-07-29,126,196.0,231.0
2018-07-30,196,259.0,343.0
2018-07-31,259,574.0,364.0
2018-08-01,574,287.0,335.0
2018-08-02,287,231.0,251.0
2018-08-03,231,280.0,301.0
2018-08-04,280,231.0,259.0
2018-08-05,231,343.0,231.0
2018-08-06,343,364.0,504.0
2018-08-07,364,335.0,385.0
2018-08-08,335,251.0,483.0
2018-08-09,251,301.0,370.0
2018-08-10,301,259.0,490.0
2018-08-11,259,231.0,329.0
2018-08-12,231,504.0,287.0
2018-08-13,504,385.0,539.0
2018-08-14,385,483.0,399.0
2018-08-15,483,370.0,490.0
2018-08-16,370,490.0,434.0
2018-08-17,490,329.0,238.0
2018-08-18,329,287.0,245.0
2018-08-19,287,539.0,245.0
2018-08-20,539,399.0,413.0
2018-08-21,399,490.0,335.0
2018-08-22,490,434.0,266.0
2018-08-23,434,238.0,272.0
2018-08-24,238,245.0,363.0
2018-08-25,245,245.0,469.0
2018-08-26,245,413.0,217.0
2018-08-27,413,335.0,399.0
2018-08-28,335,266.0,413.0
2018-08-29,266,272.0,322.0
2018-08-30,272,363.0,280.0
2018-08-31,363,469.0,287.0
2018-09-01,469,217.0,294.0
2018-09-02,217,399.0,238.0
2018-09-03,399,413.0,405.0
2018-09-04,413,322.0,342.0
2018-09-05,322,280.0,266.0
2018-09-06,280,287.0,418.0
2018-09-07,287,294.0,329.0
2018-09-08,294,238.0,217.0
2018-09-09,238,405.0,196.0
2018-09-10,405,342.0,301.0
2018-09-11,342,266.0,406.0
2018-09-12,266,418.0,238.0
2018-09-13,418,329.0,356.0
2018-09-14,329,217.0,328.0
2018-09-15,217,196.0,237.0
2018-09-16,196,301.0,146.0
2018-09-17,301,406.0,250.0
2018-09-18,406,238.0,266.0
2018-09-19,238,356.0,280.0
2018-09-20,356,328.0,369.0
2018-09-21,328,237.0,265.0
2018-09-22,237,146.0,231.0
2018-09-23,146,250.0,125.0
2018-09-24,250,266.0,439.0
2018-09-25,266,280.0,332.0
2018-09-26,280,369.0,266.0
2018-09-27,369,265.0,397.0
2018-09-28,265,231.0,350.0
2018-09-29,231,125.0,238.0
2018-09-30,125,439.0,223.0
2018-10-01,439,332.0,417.0
2018-10-02,332,266.0,244.0
2018-10-03,266,397.0,265.0
2018-10-04,397,350.0,257.0
2018-10-05,350,238.0,236.0
2018-10-06,238,223.0,214.0
2018-10-07,223,417.0,231.0
2018-10-08,417,244.0,382.0
2018-10-09,244,265.0,276.0
2018-10-10,265,257.0,291.0
2018-10-11,257,236.0,346.0
2018-10-12,236,214.0,328.0
2018-10-13,214,231.0,251.0
2018-10-14,231,382.0,238.0
2018-10-15,382,276.0,236.0
2018-10-16,276,291.0,263.0
2018-10-17,291,346.0,315.0
2018-10-18,346,328.0,325.0
2018-10-19,328,251.0,345.0
2018-10-20,251,238.0,228.0
2018-10-21,238,236.0,222.0
2018-10-22,236,263.0,313.0
2018-10-23,263,315.0,291.0
2018-10-24,315,325.0,302.0
2018-10-25,325,345.0,565.0
2018-10-26,345,228.0,304.0
2018-10-27,228,222.0,227.0
2018-10-28,222,313.0,228.0
2018-10-29,313,291.0,416.0
2018-10-30,291,302.0,288.0
2018-10-31,302,565.0,379.0
2018-11-01,565,304.0,262.0
2018-11-02,304,227.0,255.0
2018-11-03,227,228.0,278.0
2018-11-04,228,416.0,226.0
2018-11-05,416,288.0,384.0
2018-11-06,288,379.0,319.0
2018-11-07,379,262.0,327.0
2018-11-08,262,255.0,320.0
2018-11-09,255,278.0,302.0
2018-11-10,278,226.0,225.0
2018-11-11,226,384.0,269.0
2018-11-12,384,319.0,338.0
2018-11-13,319,327.0,244.0
2018-11-14,327,320.0,262.0
2018-11-15,320,302.0,314.0
2018-11-16,302,225.0,280.0
2018-11-17,225,269.0,203.0
2018-11-18,269,338.0,294.0
2018-11-19,338,244.0,333.0
2018-11-20,244,262.0,359.0
2018-11-21,262,314.0,259.0
2018-11-22,314,280.0,225.0
2018-11-23,280,203.0,236.0
2018-11-24,203,294.0,374.0
2018-11-25,294,333.0,208.0
2018-11-26,333,359.0,269.0
2018-11-27,359,259.0,261.0
2018-11-28,259,225.0,166.0
2018-11-29,225,236.0,262.0
2018-11-30,236,374.0,253.0
2018-12-01,374,208.0,170.0
2018-12-02,208,269.0,178.0
2018-12-03,269,261.0,364.0
2018-12-04,261,166.0,250.0
2018-12-05,166,262.0,294.0
2018-12-06,262,253.0,272.0
2018-12-07,253,170.0,212.0
2018-12-08,170,178.0,146.0
2018-12-09,178,364.0,242.0
2018-12-10,364,250.0,287.0
2018-12-11,250,294.0,277.0
2018-12-12,294,272.0,225.0
2018-12-13,272,212.0,250.0
2018-12-14,212,146.0,237.0
2018-12-15,146,242.0,185.0
2018-12-16,242,287.0,157.0
2018-12-17,287,277.0,119.0
2018-12-18,277,225.0,144.0
2018-12-19,225,250.0,274.0
2018-12-20,250,237.0,248.0
2018-12-21,237,185.0,234.0
2018-12-22,185,157.0,171.0
2018-12-23,157,119.0,96.0
2018-12-24,119,144.0,156.0
2018-12-25,144,274.0,252.0
2018-12-26,274,248.0,228.0
2018-12-27,248,234.0,222.0
2018-12-28,234,171.0,210.0
2018-12-29,171,96.0,222.0
2018-12-30,96,156.0,168.0
2018-12-31,156,252.0,144.0
2019-01-01,252,228.0,240.0
2019-01-02,228,222.0,222.0
2019-01-03,222,210.0,204.0
2019-01-04,210,222.0,198.0
2019-01-05,222,168.0,264.0
2019-01-06,168,144.0,180.0
2019-01-07,144,240.0,204.0
2019-01-08,240,222.0,270.0
2019-01-09,222,204.0,144.0
2019-01-10,204,198.0,180.0
2019-01-11,198,264.0,204.0
2019-01-12,264,180.0,192.0
2019-01-13,180,204.0,96.0
2019-01-14,204,270.0,246.0
2019-01-15,270,144.0,198.0
2019-01-16,144,180.0,156.0
2019-01-17,180,204.0,180.0
2019-01-18,204,192.0,186.0
2019-01-19,192,96.0,150.0
2019-01-20,96,246.0,186.0
2019-01-21,246,198.0,210.0
2019-01-22,198,156.0,210.0
2019-01-23,156,180.0,222.0
2019-01-24,180,186.0,174.0
2019-01-25,186,150.0,240.0
2019-01-26,150,186.0,162.0
2019-01-27,186,210.0,144.0
2019-01-28,210,210.0,180.0
2019-01-29,210,222.0,180.0
2019-01-30,222,174.0,186.0
2019-01-31,174,240.0,84.0
2019-02-01,240,162.0,126.0
2019-02-02,162,144.0,132.0
2019-02-03,144,180.0,126.0
2019-02-04,180,180.0,186.0
2019-02-05,180,186.0,186.0
2019-02-06,186,84.0,156.0
2019-02-07,84,126.0,186.0
2019-02-08,126,132.0,120.0
2019-02-09,132,126.0,150.0
2019-02-10,126,186.0,132.0
2019-02-11,186,186.0,216.0
2019-02-12,186,156.0,180.0
2019-02-13,156,186.0,186.0
2019-02-14,186,120.0,204.0
2019-02-15,120,150.0,114.0
2019-02-16,150,132.0,180.0
2019-02-17,132,216.0,168.0
2019-02-18,216,180.0,270.0
2019-02-19,180,186.0,192.0
2019-02-20,186,204.0,216.0
2019-02-21,204,114.0,192.0
2019-02-22,114,180.0,336.0
2019-02-23,180,168.0,222.0
2019-02-24,168,270.0,162.0
2019-02-25,270,192.0,144.0
2019-02-26,192,216.0,162.0
2019-02-27,216,192.0,234.0
2019-02-28,192,336.0,270.0
2019-03-01,336,222.0,186.0
2019-03-02,222,162.0,192.0
2019-03-03,162,144.0,210.0
2019-03-04,144,162.0,264.0
2019-03-05,162,234.0,270.0
2019-03-06,234,270.0,252.0
2019-03-07,270,186.0,198.0
2019-03-08,186,192.0,252.0
2019-03-09,192,210.0,264.0
2019-03-10,210,264.0,198.0
2019-03-11,264,270.0,252.0
2019-03-12,270,252.0,258.0
2019-03-13,252,198.0,198.0
2019-03-14,198,252.0,192.0
2019-03-15,252,264.0,186.0
2019-03-16,264,198.0,234.0
2019-03-17,198,252.0,150.0
2019-03-18,252,258.0,312.0
2019-03-19,258,198.0,276.0
2019-03-20,198,192.0,216.0
2019-03-21,192,186.0,306.0
2019-03-22,186,234.0,234.0
2019-03-23,234,150.0,228.0
2019-03-24,150,312.0,204.0
2019-03-25,312,276.0,522.0
2019-03-26,276,216.0,414.0
2019-03-27,216,306.0,300.0
2019-03-28,306,234.0,384.0
2019-03-29,234,228.0,306.0
2019-03-30,228,204.0,264.0
2019-03-31,204,522.0,288.0
2019-04-01,522,414.0,372.0
2019-04-02,414,300.0,324.0
2019-04-03,300,384.0,354.0
2019-04-04,384,306.0,378.0
2019-04-05,306,264.0,450.0
2019-04-06,264,288.0,234.0
2019-04-07,288,372.0,336.0
2019-04-08,372,324.0,420.0
2019-04-09,324,354.0,420.0
2019-04-10,354,378.0,330.0
2019-04-11,378,450.0,426.0
2019-04-12,450,234.0,258.0
2019-04-13,234,336.0,300.0
2019-04-14,336,420.0,348.0
2019-04-15,420,420.0,516.0
2019-04-16,420,330.0,402.0
2019-04-17,330,426.0,396.0
2019-04-18,426,258.0,425.0
2019-04-19,258,300.0,354.0
2019-04-20,300,348.0,378.0
2019-04-21,348,516.0,306.0
2019-04-22,516,402.0,378.0
2019-04-23,402,396.0,348.0
2019-04-24,396,425.0,702.0
2019-04-25,425,354.0,402.0
2019-04-26,354,378.0,456.0
2019-04-27,378,306.0,426.0
2019-04-28,306,378.0,354.0
2019-04-29,378,348.0,528.0
2019-04-30,348,702.0,408.0
2019-05-01,702,402.0,450.0
2019-05-02,402,456.0,492.0
2019-05-03,456,426.0,390.0
2019-05-04,426,354.0,306.0
2019-05-05,354,528.0,312.0
2019-05-06,528,408.0,522.0
2019-05-07,408,450.0,372.0
2019-05-08,450,492.0,444.0
2019-05-09,492,390.0,372.0
2019-05-10,390,306.0,336.0
2019-05-11,306,312.0,306.0
2019-05-12,312,522.0,402.0
2019-05-13,522,372.0,492.0
2019-05-14,372,444.0,486.0
2019-05-15,444,372.0,444.0
2019-05-16,372,336.0,390.0
2019-05-17,336,306.0,306.0
2019-05-18,306,402.0,300.0
2019-05-19,402,492.0,372.0
2019-05-20,492,486.0,342.0
2019-05-21,486,444.0,390.0
2019-05-22,444,390.0,366.0
2019-05-23,390,306.0,402.0
2019-05-24,306,300.0,324.0
2019-05-25,300,372.0,624.0
2019-05-26,372,342.0,372.0
2019-05-27,342,390.0,443.0
2019-05-28,390,366.0,408.0
2019-05-29,366,402.0,366.0
2019-05-30,402,324.0,450.0
2019-05-31,324,624.0,312.0
2019-06-01,624,372.0,354.0
2019-06-02,372,443.0,342.0
2019-06-03,443,408.0,348.0
2019-06-04,408,366.0,330.0
2019-06-05,366,450.0,330.0
2019-06-06,450,312.0,366.0
2019-06-07,312,354.0,336.0
2019-06-08,354,342.0,336.0
2019-06-09,342,348.0,282.0
2019-06-10,348,330.0,450.0
2019-06-11,330,330.0,264.0
2019-06-12,330,366.0,366.0
2019-06-13,366,336.0,318.0
2019-06-14,336,336.0,312.0
2019-06-15,336,282.0,288.0
2019-06-16,282,450.0,258.0
2019-06-17,450,264.0,336.0
2019-06-18,264,366.0,372.0
2019-06-19,366,318.0,276.0
2019-06-20,318,312.0,330.0
2019-06-21,312,288.0,330.0
2019-06-22,288,258.0,168.0
2019-06-23,258,336.0,204.0
2019-06-24,336,372.0,618.0
2019-06-25,372,276.0,354.0
2019-06-26,276,330.0,275.0
2019-06-27,330,330.0,312.0
2019-06-28,330,168.0,264.0
2019-06-29,168,204.0,270.0
2019-06-30,204,618.0,150.0
2019-07-01,618,354.0,282.0
2019-07-02,354,275.0,336.0
2019-07-03,275,312.0,270.0
2019-07-04,312,264.0,222.0
2019-07-05,264,270.0,354.0
2019-07-06,270,150.0,174.0
2019-07-07,150,282.0,246.0
2019-07-08,282,336.0,336.0
2019-07-09,336,270.0,354.0
2019-07-10,270,222.0,270.0
2019-07-11,222,354.0,336.0
2019-07-12,354,174.0,390.0
2019-07-13,174,246.0,192.0
2019-07-14,246,336.0,252.0
2019-07-15,336,354.0,234.0
2019-07-16,354,270.0,288.0
2019-07-17,270,336.0,270.0
2019-07-18,336,390.0,246.0
2019-07-19,390,192.0,300.0
2019-07-20,192,252.0,120.0
2019-07-21,252,234.0,114.0
2019-07-22,234,288.0,240.0
2019-07-23,288,270.0,252.0
2019-07-24,270,246.0,300.0
2019-07-25,246,300.0,426.0
2019-07-26,300,120.0,222.0
2019-07-27,120,114.0,144.0
2019-07-28,114,240.0,192.0
2019-07-29,240,252.0,258.0
2019-07-30,252,300.0,252.0
2019-07-31,300,426.0,234.0
2019-08-01,426,222.0,192.0
2019-08-02,222,144.0,210.0
2019-08-03,144,192.0,150.0
2019-08-04,192,258.0,126.0
2019-08-05,258,252.0,234.0
2019-08-06,252,234.0,204.0
2019-08-07,234,192.0,180.0
2019-08-08,192,210.0,204.0
2019-08-09,210,150.0,162.0
2019-08-10,150,126.0,204.0
2019-08-11,126,234.0,180.0
2019-08-12,234,204.0,288.0
2019-08-13,204,180.0,258.0
2019-08-14,180,204.0,300.0
2019-08-15,204,162.0,288.0
2019-08-16,162,204.0,312.0
2019-08-17,204,180.0,168.0
2019-08-18,180,288.0,168.0
2019-08-19,288,258.0,318.0
2019-08-20,258,300.0,251.0
2019-08-21,300,288.0,252.0
2019-08-22,288,312.0,348.0
2019-08-23,312,168.0,204.0
2019-08-24,168,168.0,209.0
2019-08-25,168,318.0,360.0
2019-08-26,318,251.0,316.0
2019-08-27,251,252.0,264.0
2019-08-28,252,348.0,228.0
2019-08-29,348,204.0,264.0
2019-08-30,204,209.0,269.0
2019-08-31,209,360.0,180.0
2019-09-01,360,316.0,204.0
2019-09-02,316,264.0,294.0
2019-09-03,264,228.0,306.0
2019-09-04,228,264.0,293.0
2019-09-05,264,269.0,198.0
2019-09-06,269,180.0,234.0
2019-09-07,180,204.0,156.0
2019-09-08,204,294.0,149.0
2019-09-09,294,306.0,300.0
2019-09-10,306,293.0,258.0
2019-09-11,293,198.0,270.0
2019-09-12,198,234.0,228.0
2019-09-13,234,156.0,257.0
2019-09-14,156,149.0,172.0
2019-09-15,149,300.0,156.0
2019-09-16,300,258.0,191.0
2019-09-17,258,270.0,226.0
2019-09-18,270,228.0,251.0
2019-09-19,228,257.0,209.0
2019-09-20,257,172.0,186.0
2019-09-21,172,156.0,132.0
2019-09-22,156,191.0,162.0
2019-09-23,191,226.0,257.0
2019-09-24,226,251.0,419.0
2019-09-25,251,209.0,299.0
2019-09-26,209,186.0,232.0
2019-09-27,186,132.0,260.0
2019-09-28,132,162.0,221.0
2019-09-29,162,257.0,162.0
2019-09-30,257,419.0,246.0
2019-10-01,419,299.0,301.0
2019-10-02,299,232.0,178.0
2019-10-03,232,260.0,244.0
2019-10-04,260,221.0,195.0
2019-10-05,221,162.0,235.0
2019-10-06,162,246.0,182.0
2019-10-07,246,301.0,271.0
2019-10-08,301,178.0,257.0
2019-10-09,178,244.0,197.0
2019-10-10,244,195.0,242.0
2019-10-11,195,235.0,281.0
2019-10-12,235,182.0,192.0
2019-10-13,182,271.0,170.0
2019-10-14,271,257.0,212.0
2019-10-15,257,197.0,302.0
2019-10-16,197,242.0,222.0
2019-10-17,242,281.0,175.0
2019-10-18,281,192.0,232.0
2019-10-19,192,170.0,154.0
2019-10-20,170,212.0,185.0
2019-10-21,212,302.0,177.0
2019-10-22,302,222.0,165.0
2019-10-23,222,175.0,201.0
2019-10-24,175,232.0,224.0
2019-10-25,232,154.0,578.0
2019-10-26,154,185.0,213.0
2019-10-27,185,177.0,202.0
2019-10-28,177,165.0,259.0
2019-10-29,165,201.0,181.0
2019-10-30,201,224.0,214.0
2019-10-31,224,578.0,365.0
2019-11-01,578,213.0,272.0
2019-11-02,213,202.0,348.0
2019-11-03,202,259.0,244.0
2019-11-04,259,181.0,351.0
2019-11-05,181,214.0,278.0
2019-11-06,214,365.0,258.0
2019-11-07,365,272.0,309.0
2019-11-08,272,348.0,211.0
2019-11-09,348,244.0,290.0
2019-11-10,244,351.0,262.0
2019-11-11,351,278.0,201.0
2019-11-12,278,258.0,327.0
2019-11-13,258,309.0,238.0
2019-11-14,309,211.0,323.0
2019-11-15,211,290.0,235.0
2019-11-16,290,262.0,245.0
2019-11-17,262,201.0,163.0
2019-11-18,201,327.0,311.0
2019-11-19,327,238.0,340.0
2019-11-20,238,323.0,646.0
2019-11-21,323,235.0,186.0
2019-11-22,235,245.0,155.0
2019-11-23,245,163.0,156.0
2019-11-24,163,311.0,412.0
2019-11-25,311,340.0,303.0
2019-11-26,340,646.0,360.0
2019-11-27,646,186.0,322.0
2019-11-28,186,155.0,311.0
2019-11-29,155,156.0,366.0
2019-11-30,156,412.0,188.0
2019-12-01,412,303.0,228.0
2019-12-02,303,360.0,290.0
2019-12-03,360,322.0,213.0
2019-12-04,322,311.0,309.0
2019-12-05,311,366.0,249.0
2019-12-06,366,188.0,252.0
2019-12-07,188,228.0,265.0
2019-12-08,228,290.0,237.0
2019-12-09,290,213.0,277.0
2019-12-10,213,309.0,246.0
2019-12-11,309,249.0,283.0
2019-12-12,249,252.0,264.0
2019-12-13,252,265.0,252.0
2019-12-14,265,237.0,296.0
2019-12-15,237,277.0,202.0
2019-12-16,277,246.0,216.0
2019-12-17,246,283.0,167.0
2019-12-18,283,264.0,247.0
2019-12-19,264,252.0,266.0
2019-12-20,252,296.0,266.0
2019-12-21,296,202.0,222.0
2019-12-22,202,216.0,170.0
2019-12-23,216,167.0,181.0
2019-12-24,167,247.0,115.0
2019-12-25,247,266.0,245.0
2019-12-26,266,266.0,185.0
2019-12-27,266,222.0,230.0
2019-12-28,222,170.0,175.0
2019-12-29,170,181.0,180.0
2019-12-30,181,115.0,155.0
2019-12-31,115,245.0,195.0
2020-01-01,245,185.0,145.0
2020-01-02,185,230.0,215.0
2020-01-03,230,175.0,125.0
2020-01-04,175,180.0,135.0
2020-01-05,180,155.0,140.0
2020-01-06,155,195.0,150.0
2020-01-07,195,145.0,140.0
2020-01-08,145,215.0,145.0
2020-01-09,215,125.0,145.0
2020-01-10,125,135.0,175.0
2020-01-11,135,140.0,150.0
2020-01-12,140,150.0,155.0
2020-01-13,150,140.0,145.0
2020-01-14,140,145.0,190.0
2020-01-15,145,145.0,260.0
2020-01-16,145,175.0,149.0
2020-01-17,175,150.0,175.0
2020-01-18,150,155.0,220.0
2020-01-19,155,145.0,160.0
2020-01-20,145,190.0,240.0
2020-01-21,190,260.0,200.0
2020-01-22,260,149.0,170.0
2020-01-23,149,175.0,150.0
2020-01-24,175,220.0,165.0
2020-01-25,220,160.0,325.0
2020-01-26,160,240.0,160.0
2020-01-27,240,200.0,170.0
2020-01-28,200,170.0,145.0
2020-01-29,170,150.0,160.0
2020-01-30,150,165.0,170.0
2020-01-31,165,325.0,150.0
2020-02-01,325,160.0,130.0
2020-02-02,160,170.0,150.0
2020-02-03,170,145.0,200.0
2020-02-04,145,160.0,185.0
2020-02-05,160,170.0,155.0
2020-02-06,170,150.0,145.0
2020-02-07,150,130.0,210.0
2020-02-08,130,150.0,150.0
2020-02-09,150,200.0,145.0
2020-02-10,200,185.0,185.0
2020-02-11,185,155.0,225.0
2020-02-12,155,145.0,205.0
2020-02-13,145,210.0,245.0
2020-02-14,210,150.0,155.0
2020-02-15,150,145.0,170.0
2020-02-16,145,185.0,195.0
2020-02-17,185,225.0,110.0
2020-02-18,225,205.0,180.0
2020-02-19,205,245.0,250.0
2020-02-20,245,155.0,130.0
2020-02-21,155,170.0,190.0
2020-02-22,170,195.0,120.0
2020-02-23,195,110.0,230.0
2020-02-24,110,180.0,135.0
2020-02-25,180,250.0,150.0
2020-02-26,250,130.0,225.0
2020-02-27,130,190.0,225.0
2020-02-28,190,120.0,195.0
2020-02-29,120,230.0,200.0
2020-03-01,230,135.0,185.0
2020-03-02,135,150.0,285.0
2020-03-03,150,225.0,220.0
2020-03-04,225,225.0,270.0
2020-03-05,225,195.0,310.0
2020-03-06,195,200.0,235.0
2020-03-07,200,185.0,200.0
2020-03-08,185,285.0,210.0
2020-03-09,285,220.0,245.0
2020-03-10,220,270.0,300.0
2020-03-11,270,310.0,195.0
2020-03-12,310,235.0,205.0
2020-03-13,235,200.0,170.0
2020-03-14,200,210.0,165.0
2020-03-15,210,245.0,155.0
2020-03-16,245,300.0,155.0
2020-03-17,300,195.0,235.0
2020-03-18,195,205.0,215.0
2020-03-19,205,170.0,135.0
2020-03-20,170,165.0,190.0
2020-03-21,165,155.0,175.0
2020-03-22,155,155.0,205.0
2020-03-23,155,235.0,155.0
2020-03-24,235,215.0,125.0
2020-03-25,215,135.0,295.0
2020-03-26,135,190.0,135.0
2020-03-27,190,175.0,95.0
2020-03-28,175,205.0,85.0
2020-03-29,205,155.0,95.0
2020-03-30,155,125.0,155.0
2020-03-31,125,295.0,125.0
2020-04-01,295,135.0,185.0
2020-04-02,135,95.0,135.0
2020-04-03,95,85.0,165.0
2020-04-04,85,95.0,215.0
2020-04-05,95,155.0,100.0
2020-04-06,155,125.0,260.0
2020-04-07,125,185.0,345.0
2020-04-08,185,135.0,330.0
2020-04-09,135,165.0,265.0
2020-04-10,165,215.0,255.0
2020-04-11,215,100.0,240.0
2020-04-12,100,260.0,295.0
2020-04-13,260,345.0,315.0
2020-04-14,345,330.0,235.0
2020-04-15,330,265.0,295.0
2020-04-16,265,255.0,245.0
2020-04-17,255,240.0,240.0
2020-04-18,240,295.0,310.0
2020-04-19,295,315.0,355.0
2020-04-20,315,235.0,450.0
2020-04-21,235,295.0,295.0
2020-04-22,295,245.0,420.0
2020-04-23,245,240.0,390.0
2020-04-24,240,310.0,520.0
2020-04-25,310,355.0,185.0
2020-04-26,355,450.0,230.0
2020-04-27,450,295.0,130.0
2020-04-28,295,420.0,140.0
2020-04-29,420,390.0,225.0
2020-04-30,390,520.0,120.0
2020-05-01,520,185.0,150.0
2020-05-02,185,230.0,110.0
2020-05-03,230,130.0,130.0
2020-05-04,130,140.0,155.0
2020-05-05,140,225.0,190.0
2020-05-06,225,120.0,225.0
2020-05-07,120,150.0,200.0
2020-05-08,150,110.0,170.0
2020-05-09,110,130.0,110.0
2020-05-10,130,155.0,215.0
2020-05-11,155,190.0,155.0
2020-05-12,190,225.0,205.0
2020-05-13,225,200.0,185.0
2020-05-14,200,170.0,195.0
2020-05-15,170,110.0,200.0
2020-05-16,110,215.0,200.0
2020-05-17,215,155.0,185.0
2020-05-18,155,205.0,165.0
2020-05-19,205,185.0,175.0
2020-05-20,185,195.0,140.0
2020-05-21,195,200.0,145.0
2020-05-22,200,200.0,130.0
2020-05-23,200,185.0,150.0
2020-05-24,185,165.0,140.0
2020-05-25,165,175.0,345.0
2020-05-26,175,140.0,240.0
2020-05-27,140,145.0,220.0
2020-05-28,145,130.0,215.0
2020-05-29,130,150.0,225.0
2020-05-30,150,140.0,115.0
2020-05-31,140,345.0,175.0
2020-06-01,345,240.0,165.0
2020-06-02,240,220.0,250.0
2020-06-03,220,215.0,200.0
2020-06-04,215,225.0,115.0
2020-06-05,225,115.0,240.0
2020-06-06,115,175.0,150.0
2020-06-07,175,165.0,175.0
2020-06-08,165,250.0,210.0
2020-06-09,250,200.0,265.0
2020-06-10,200,115.0,200.0
2020-06-11,115,240.0,155.0
2020-06-12,240,150.0,225.0
2020-06-13,150,175.0,185.0
2020-06-14,175,210.0,130.0
2020-06-15,210,265.0,235.0
2020-06-16,265,200.0,185.0
2020-06-17,200,155.0,210.0
2020-06-18,155,225.0,225.0
2020-06-19,225,185.0,225.0
2020-06-20,185,130.0,165.0
2020-06-21,130,235.0,105.0
2020-06-22,235,185.0,190.0
2020-06-23,185,210.0,190.0
2020-06-24,210,225.0,345.0
2020-06-25,225,225.0,224.0
2020-06-26,225,165.0,195.0
2020-06-27,165,105.0,200.0
2020-06-28,105,190.0,145.0
2020-06-29,190,190.0,160.0
2020-06-30,190,345.0,165.0
2020-07-01,345,224.0,260.0
2020-07-02,224,195.0,175.0
2020-07-03,195,200.0,225.0
2020-07-04,200,145.0,190.0
2020-07-05,145,160.0,150.0
2020-07-06,160,165.0,180.0
2020-07-07,165,260.0,160.0
2020-07-08,260,175.0,165.0
2020-07-09,175,225.0,190.0
2020-07-10,225,190.0,170.0
2020-07-11,190,150.0,145.0
2020-07-12,150,180.0,110.0
2020-07-13,180,160.0,260.0
2020-07-14,160,165.0,145.0
2020-07-15,165,190.0,200.0
2020-07-16,190,170.0,160.0
2020-07-17,170,145.0,165.0
2020-07-18,145,110.0,165.0
2020-07-19,110,260.0,155.0
2020-07-20,260,145.0,165.0
2020-07-21,145,200.0,320.0
2020-07-22,200,160.0,125.0
2020-07-23,160,165.0,95.0
2020-07-24,165,165.0,124.0
2020-07-25,165,155.0,300.0
2020-07-26,155,165.0,140.0
2020-07-27,165,320.0,135.0
2020-07-28,320,125.0,185.0
2020-07-29,125,95.0,140.0
2020-07-30,95,124.0,160.0
2020-07-31,124,300.0,135.0
2020-08-01,300,140.0,95.0
2020-08-02,140,135.0,90.0
2020-08-03,135,185.0,140.0
2020-08-04,185,140.0,160.0
2020-08-05,140,160.0,197.0
2020-08-06,160,135.0,155.0
2020-08-07,135,95.0,170.0
2020-08-08,95,90.0,145.0
2020-08-09,90,140.0,145.0
2020-08-10,140,160.0,204.0
2020-08-11,160,197.0,165.0
2020-08-12,197,155.0,135.0
2020-08-13,155,170.0,160.0
2020-08-14,170,145.0,130.0
2020-08-15,145,145.0,140.0
2020-08-16,145,204.0,130.0
2020-08-17,204,165.0,139.0
2020-08-18,165,135.0,175.0
2020-08-19,135,160.0,100.0
2020-08-20,160,130.0,120.0
2020-08-21,130,140.0,199.0
2020-08-22,140,130.0,120.0
2020-08-23,130,139.0,115.0
2020-08-24,139,175.0,130.0
2020-08-25,175,100.0,315.0
2020-08-26,100,120.0,235.0
2020-08-27,120,199.0,155.0
2020-08-28,199,120.0,130.0
2020-08-29,120,115.0,215.0
2020-08-30,115,130.0,115.0
2020-08-31,130,315.0,190.0
2020-09-01,315,235.0,170.0
2020-09-02,235,155.0,205.0
2020-09-03,155,130.0,240.0
2020-09-04,130,215.0,210.0
2020-09-05,215,115.0,150.0
2020-09-06,115,190.0,194.0
2020-09-07,190,170.0,195.0
2020-09-08,170,205.0,153.0
2020-09-09,205,240.0,155.0
2020-09-10,240,210.0,200.0
2020-09-11,210,150.0,190.0
2020-09-12,150,194.0,160.0
2020-09-13,194,195.0,170.0
2020-09-14,195,153.0,159.0
2020-09-15,153,155.0,160.0
2020-09-16,155,200.0,114.0
2020-09-17,200,190.0,125.0
2020-09-18,190,160.0,164.0
2020-09-19,160,170.0,104.0
2020-09-20,170,159.0,105.0
2020-09-21,159,160.0,169.0
2020-09-22,160,114.0,165.0
2020-09-23,114,125.0,144.0
2020-09-24,125,164.0,354.0
2020-09-25,164,104.0,134.0
2020-09-26,104,105.0,183.0
2020-09-27,105,169.0,171.0
2020-09-28,169,165.0,209.0
2020-09-29,165,144.0,156.0
2020-09-30,144,354.0,213.0
2020-10-01,354,134.0,174.0
2020-10-02,134,183.0,172.0
2020-10-03,183,171.0,188.0
2020-10-04,171,209.0,194.0
2020-10-05,209,156.0,169.0
2020-10-06,156,213.0,183.0
2020-10-07,213,174.0,149.0
2020-10-08,174,172.0,124.0
2020-10-09,172,188.0,165.0
2020-10-10,188,194.0,198.0
2020-10-11,194,169.0,143.0
2020-10-12,169,183.0,241.0
2020-10-13,183,149.0,251.0
2020-10-14,149,124.0,273.0
2020-10-15,124,165.0,148.0
2020-10-16,165,198.0,164.0
2020-10-17,198,143.0,167.0
2020-10-18,143,241.0,178.0
2020-10-19,241,251.0,199.0
2020-10-20,251,273.0,201.0
2020-10-21,273,148.0,202.0
2020-10-22,148,164.0,168.0
2020-10-23,164,167.0,200.0
2020-10-24,167,178.0,148.0
2020-10-25,178,199.0,319.0
2020-10-26,199,201.0,225.0
2020-10-27,201,202.0,217.0
2020-10-28,202,168.0,211.0
2020-10-29,168,200.0,191.0
2020-10-30,200,148.0,199.0
2020-10-31,148,319.0,217.0
2020-11-01,319,225.0,159.0
2020-11-02,225,217.0,224.0
2020-11-03,217,211.0,251.0
2020-11-04,211,191.0,186.0
2020-11-05,191,199.0,208.0
2020-11-06,199,217.0,188.0
2020-11-07,217,159.0,234.0
2020-11-08,159,224.0,190.0
2020-11-09,224,251.0,216.0
2020-11-10,251,186.0,256.0
2020-11-11,186,208.0,214.0
2020-11-12,208,188.0,204.0
2020-11-13,188,234.0,169.0
2020-11-14,234,190.0,123.0
2020-11-15,190,216.0,150.0
2020-11-16,216,256.0,237.0
2020-11-17,256,214.0,202.0
2020-11-18,214,204.0,221.0
2020-11-19,204,169.0,183.0
2020-11-20,169,123.0,173.0
2020-11-21,123,150.0,213.0
2020-11-22,150,237.0,117.0
2020-11-23,237,202.0,322.0
2020-11-24,202,221.0,409.0
2020-11-25,221,183.0,300.0
2020-11-26,183,173.0,202.0
2020-11-27,173,213.0,238.0
2020-11-28,213,117.0,172.0
2020-11-29,117,322.0,259.0
2020-11-30,322,409.0,314.0
2020-12-01,409,300.0,172.0
2020-12-02,300,202.0,279.0
2020-12-03,202,238.0,179.0
2020-12-04,238,172.0,213.0
2020-12-05,172,259.0,201.0
2020-12-06,259,314.0,154.0
2020-12-07,314,172.0,234.0
2020-12-08,172,279.0,238.0
2020-12-09,279,179.0,268.0
2020-12-10,179,213.0,195.0
2020-12-11,213,201.0,227.0
2020-12-12,201,154.0,213.0
2020-12-13,154,234.0,251.0
2020-12-14,234,238.0,237.0
2020-12-15,238,268.0,170.0
2020-12-16,268,195.0,171.0
2020-12-17,195,227.0,155.0
2020-12-18,227,213.0,161.0
2020-12-19,213,251.0,167.0
2020-12-20,251,237.0,184.0
2020-12-21,237,170.0,177.0
2020-12-22,170,171.0,167.0
2020-12-23,171,155.0,132.0
2020-12-24,155,161.0,88.0
2020-12-25,161,167.0,308.0
2020-12-26,167,184.0,228.0
2020-12-27,184,177.0,200.0
2020-12-28,177,167.0,224.0
2020-12-29,167,132.0,200.0
2020-12-30,132,88.0,196.0
2020-12-31,88,308.0,224.0
2021-01-01,308,228.0,212.0
2021-01-02,228,200.0,200.0
2021-01-03,200,224.0,168.0
2021-01-04,224,200.0,264.0
2021-01-05,200,196.0,184.0
2021-01-06,196,224.0,180.0
2021-01-07,224,212.0,168.0
2021-01-08,212,200.0,224.0
2021-01-09,200,168.0,176.0
2021-01-10,168,264.0,212.0
2021-01-11,264,184.0,224.0
2021-01-12,184,180.0,224.0
2021-01-13,180,168.0,184.0
2021-01-14,168,224.0,184.0
2021-01-15,224,176.0,172.0
2021-01-16,176,212.0,188.0
2021-01-17,212,224.0,144.0
2021-01-18,224,224.0,196.0
2021-01-19,224,184.0,224.0
2021-01-20,184,184.0,160.0
2021-01-21,184,172.0,200.0
2021-01-22,172,188.0,112.0
2021-01-23,188,144.0,140.0
2021-01-24,144,196.0,148.0
2021-01-25,196,224.0,396.0
2021-01-26,224,160.0,156.0
2021-01-27,160,200.0,164.0
2021-01-28,200,112.0,148.0
2021-01-29,112,140.0,140.0
2021-01-30,140,148.0,148.0
2021-01-31,148,396.0,128.0
2021-02-01,396,156.0,172.0
2021-02-02,156,164.0,148.0
2021-02-03,164,148.0,132.0
2021-02-04,148,140.0,116.0
2021-02-05,140,148.0,140.0
2021-02-06,148,128.0,132.0
2021-02-07,128,172.0,108.0
2021-02-08,172,148.0,120.0
2021-02-09,148,132.0,84.0
2021-02-10,132,116.0,160.0
2021-02-11,116,140.0,152.0
2021-02-12,140,132.0,104.0
2021-02-13,132,108.0,128.0
2021-02-14,108,120.0,136.0
2021-02-15,120,84.0,180.0
2021-02-16,84,160.0,160.0
2021-02-17,160,152.0,176.0
2021-02-18,152,104.0,140.0
2021-02-19,104,128.0,128.0
2021-02-20,128,136.0,100.0
2021-02-21,136,180.0,68.0
2021-02-22,180,160.0,288.0
2021-02-23,160,176.0,96.0
2021-02-24,176,140.0,144.0
2021-02-25,140,128.0,196.0
2021-02-26,128,100.0,104.0
2021-02-27,100,68.0,148.0
2021-02-28,68,288.0,120.0
2021-03-01,288,96.0,168.0
2021-03-02,96,144.0,164.0
2021-03-03,144,196.0,156.0
2021-03-04,196,104.0,136.0
2021-03-05,104,148.0,172.0
2021-03-06,148,120.0,124.0
2021-03-07,120,168.0,124.0
2021-03-08,168,164.0,116.0
2021-03-09,164,156.0,168.0
2021-03-10,156,136.0,160.0
2021-03-11,136,172.0,108.0
2021-03-12,172,124.0,152.0
2021-03-13,124,124.0,144.0
2021-03-14,124,116.0,108.0
2021-03-15,116,168.0,112.0
2021-03-16,168,160.0,164.0
2021-03-17,160,108.0,144.0
2021-03-18,108,152.0,132.0
2021-03-19,152,144.0,156.0
2021-03-20,144,108.0,112.0
2021-03-21,108,112.0,156.0
2021-03-22,112,164.0,124.0
2021-03-23,164,144.0,88.0
2021-03-24,144,132.0,140.0
2021-03-25,132,156.0,228.0
2021-03-26,156,112.0,120.0
2021-03-27,112,156.0,120.0
2021-03-28,156,124.0,116.0
2021-03-29,124,88.0,124.0
2021-03-30,88,140.0,140.0
2021-03-31,140,228.0,124.0
2021-04-01,228,120.0,156.0
2021-04-02,120,120.0,92.0
2021-04-03,120,116.0,144.0
2021-04-04,116,124.0,100.0
2021-04-05,124,140.0,120.0
2021-04-06,140,124.0,112.0
2021-04-07,124,156.0,104.0
2021-04-08,156,92.0,152.0
2021-04-09,92,144.0,96.0
2021-04-10,144,100.0,88.0
2021-04-11,100,120.0,116.0
2021-04-12,120,112.0,140.0
2021-04-13,112,104.0,128.0
2021-04-14,104,152.0,88.0
2021-04-15,152,96.0,136.0
2021-04-16,96,88.0,108.0
2021-04-17,88,116.0,112.0
2021-04-18,116,140.0,96.0
2021-04-19,140,128.0,112.0
2021-04-20,128,88.0,140.0
2021-04-21,88,136.0,120.0
2021-04-22,136,108.0,92.0
2021-04-23,108,112.0,96.0
2021-04-24,112,96.0,204.0
2021-04-25,96,112.0,92.0
2021-04-26,112,140.0,152.0
2021-04-27,140,120.0,92.0
2021-04-28,120,92.0,92.0
2021-04-29,92,96.0,152.0
2021-04-30,96,204.0,136.0
2021-05-01,204,92.0,144.0
2021-05-02,92,152.0,172.0
2021-05-03,152,92.0,192.0
2021-05-04,92,92.0,192.0
2021-05-05,92,152.0,160.0
2021-05-06,152,136.0,180.0
2021-05-07,136,144.0,148.0
2021-05-08,144,172.0,132.0
2021-05-09,172,192.0,144.0
2021-05-10,192,192.0,216.0
2021-05-11,192,160.0,188.0
2021-05-12,160,180.0,208.0
2021-05-13,180,148.0,180.0
2021-05-14,148,132.0,208.0
2021-05-15,132,144.0,160.0
2021-05-16,144,216.0,96.0
2021-05-17,216,188.0,208.0
2021-05-18,188,208.0,204.0
2021-05-19,208,180.0,156.0
2021-05-20,180,208.0,152.0
2021-05-21,208,160.0,168.0
2021-05-22,160,96.0,92.0
2021-05-23,96,208.0,132.0
2021-05-24,208,204.0,108.0
2021-05-25,204,156.0,220.0
2021-05-26,156,152.0,128.0
2021-05-27,152,168.0,160.0
2021-05-28,168,92.0,104.0
2021-05-29,92,132.0,112.0
2021-05-30,132,108.0,108.0
2021-05-31,108,220.0,180.0
2021-06-01,220,128.0,168.0
2021-06-02,128,160.0,132.0
2021-06-03,160,104.0,128.0
2021-06-04,104,112.0,144.0
2021-06-05,112,108.0,112.0
2021-06-06,108,180.0,128.0
2021-06-07,180,168.0,140.0
2021-06-08,168,132.0,188.0
2021-06-09,132,128.0,100.0
2021-06-10,128,144.0,152.0
2021-06-11,144,112.0,144.0
2021-06-12,112,128.0,124.0
2021-06-13,128,140.0,156.0
2021-06-14,140,188.0,180.0
2021-06-15,188,100.0,156.0
2021-06-16,100,152.0,144.0
2021-06-17,152,144.0,136.0
2021-06-18,144,124.0,148.0
2021-06-19,124,156.0,156.0
2021-06-20,156,180.0,140.0
2021-06-21,180,156.0,92.0
2021-06-22,156,144.0,132.0
2021-06-23,144,136.0,144.0
2021-06-24,136,148.0,244.0
2021-06-25,148,156.0,164.0
2021-06-26,156,140.0,112.0
2021-06-27,140,92.0,176.0
2021-06-28,92,132.0,132.0
2021-06-29,132,144.0,216.0
2021-06-30,144,244.0,224.0
2021-07-01,244,164.0,208.0
2021-07-02,164,112.0,184.0
2021-07-03,112,176.0,208.0
2021-07-04,176,132.0,172.0
2021-07-05,132,216.0,184.0
2021-07-06,216,224.0,196.0
2021-07-07,224,208.0,136.0
2021-07-08,208,184.0,128.0
2021-07-09,184,208.0,188.0
2021-07-10,208,172.0,140.0
2021-07-11,172,184.0,152.0
2021-07-12,184,196.0,124.0
2021-07-13,196,136.0,156.0
2021-07-14,136,128.0,184.0
2021-07-15,128,188.0,92.0
2021-07-16,188,140.0,196.0
2021-07-17,140,152.0,136.0
2021-07-18,152,124.0,108.0
2021-07-19,124,156.0,172.0
2021-07-20,156,184.0,180.0
2021-07-21,184,92.0,148.0
2021-07-22,92,196.0,124.0
2021-07-23,196,136.0,112.0
2021-07-24,136,108.0,76.0
2021-07-25,108,172.0,176.0
2021-07-26,172,180.0,112.0
2021-07-27,180,148.0,167.0
2021-07-28,148,124.0,160.0
2021-07-29,124,112.0,152.0
2021-07-30,112,76.0,152.0
2021-07-31,76,176.0,140.0
2021-08-01,176,112.0,122.0
2021-08-02,112,167.0,194.0
2021-08-03,167,160.0,228.0
2021-08-04,160,152.0,182.0
2021-08-05,152,152.0,201.0
2021-08-06,152,140.0,197.0
2021-08-07,140,122.0,173.0
2021-08-08,122,194.0,195.0
2021-08-09,194,228.0,137.0
2021-08-10,228,182.0,197.0
2021-08-11,182,201.0,211.0
2021-08-12,201,197.0,160.0
2021-08-13,197,173.0,169.0
2021-08-14,173,195.0,132.0
2021-08-15,195,137.0,174.0
2021-08-16,137,197.0,166.0
2021-08-17,197,211.0,214.0
2021-08-18,211,160.0,177.0
2021-08-19,160,169.0,198.0
2021-08-20,169,132.0,196.0
2021-08-21,132,174.0,142.0
2021-08-22,174,166.0,128.0
2021-08-23,166,214.0,143.0
2021-08-24,214,177.0,107.0
2021-08-25,177,198.0,192.0
2021-08-26,198,196.0,131.0
2021-08-27,196,142.0,160.0
2021-08-28,142,128.0,160.0
2021-08-29,128,143.0,140.0
2021-08-30,143,107.0,132.0
2021-08-31,107,192.0,128.0
2021-09-01,192,131.0,176.0
2021-09-02,131,160.0,136.0
2021-09-03,160,160.0,152.0
2021-09-04,160,140.0,120.0
2021-09-05,140,132.0,152.0
2021-09-06,132,128.0,136.0
2021-09-07,128,176.0,192.0
2021-09-08,176,136.0,140.0
2021-09-09,136,152.0,184.0
2021-09-10,152,120.0,132.0
2021-09-11,120,152.0,144.0
2021-09-12,152,136.0,116.0
2021-09-13,136,192.0,220.0
2021-09-14,192,140.0,160.0
2021-09-15,140,184.0,104.0
2021-09-16,184,132.0,180.0
2021-09-17,132,144.0,159.0
2021-09-18,144,116.0,112.0
2021-09-19,116,220.0,143.0
2021-09-20,220,160.0,214.0
2021-09-21,160,104.0,219.0
2021-09-22,104,180.0,143.0
2021-09-23,180,159.0,177.0
2021-09-24,159,112.0,230.0
2021-09-25,112,143.0,149.0
2021-09-26,143,214.0,143.0
2021-09-27,214,219.0,206.0
2021-09-28,219,143.0,269.0
2021-09-29,143,177.0,232.0
2021-09-30,177,230.0,190.0
2021-10-01,230,149.0,164.0
2021-10-02,149,143.0,218.0
2021-10-03,143,206.0,134.0
2021-10-04,206,269.0,164.0
2021-10-05,269,232.0,179.0
2021-10-06,232,190.0,222.0
2021-10-07,190,164.0,231.0
2021-10-08,164,218.0,184.0
2021-10-09,218,134.0,151.0
2021-10-10,134,164.0,187.0
2021-10-11,164,179.0,164.0
2021-10-12,179,222.0,260.0
2021-10-13,222,231.0,161.0
2021-10-14,231,184.0,167.0
2021-10-15,184,151.0,180.0
2021-10-16,151,187.0,138.0
2021-10-17,187,164.0,150.0
2021-10-18,164,260.0,204.0
2021-10-19,260,161.0,220.0
2021-10-20,161,167.0,116.0
2021-10-21,167,180.0,189.0
2021-10-22,180,138.0,174.0
2021-10-23,138,150.0,174.0
2021-10-24,150,204.0,186.0
2021-10-25,204,220.0,375.0
2021-10-26,220,116.0,206.0
2021-10-27,116,189.0,211.0
2021-10-28,189,174.0,204.0
2021-10-29,174,174.0,190.0
2021-10-30,174,186.0,172.0
2021-10-31,186,375.0,202.0
2021-11-01,375,206.0,204.0
2021-11-02,206,211.0,277.0
2021-11-03,211,204.0,234.0
2021-11-04,204,190.0,221.0
2021-11-05,190,172.0,189.0
2021-11-06,172,202.0,154.0
2021-11-07,202,204.0,154.0
2021-11-08,204,277.0,203.0
2021-11-09,277,234.0,234.0
2021-11-10,234,221.0,242.0
2021-11-11,221,189.0,245.0
2021-11-12,189,154.0,250.0
2021-11-13,154,154.0,224.0
2021-11-14,154,203.0,230.0
2021-11-15,203,234.0,299.0
2021-11-16,234,242.0,203.0
2021-11-17,242,245.0,316.0
2021-11-18,245,250.0,283.0
2021-11-19,250,224.0,230.0
2021-11-20,224,230.0,263.0
2021-11-21,230,299.0,166.0
2021-11-22,299,203.0,244.0
2021-11-23,203,316.0,273.0
2021-11-24,316,283.0,384.0
2021-11-25,283,230.0,236.0
2021-11-26,230,263.0,240.0
2021-11-27,263,166.0,249.0
2021-11-28,166,244.0,215.0
2021-11-29,244,273.0,274.0
2021-11-30,273,384.0,299.0
2021-12-01,384,236.0,278.0
2021-12-02,236,240.0,218.0
2021-12-03,240,249.0,283.0
2021-12-04,249,215.0,211.0
2021-12-05,215,274.0,258.0
2021-12-06,274,299.0,298.0
2021-12-07,299,278.0,261.0
2021-12-08,278,218.0,379.0
2021-12-09,218,283.0,358.0
2021-12-10,283,211.0,283.0
2021-12-11,211,258.0,307.0
2021-12-12,258,298.0,308.0
2021-12-13,298,261.0,288.0
2021-12-14,261,379.0,219.0
2021-12-15,379,358.0,231.0
2021-12-16,358,283.0,218.0
2021-12-17,283,307.0,170.0
2021-12-18,307,308.0,126.0
2021-12-19,308,288.0,131.0
2021-12-20,288,219.0,188.0
2021-12-21,219,231.0,197.0
2021-12-22,231,218.0,178.0
2021-12-23,218,170.0,114.0
2021-12-24,170,126.0,105.0
2021-12-25,126,131.0,201.0
2021-12-26,131,188.0,138.0
2021-12-27,188,197.0,180.0
2021-12-28,197,178.0,162.0
2021-12-29,178,114.0,165.0
2021-12-30,114,105.0,144.0
2021-12-31,105,201.0,135.0
2022-01-01,201,138.0,99.0
2022-01-02,138,180.0,159.0
2022-01-03,180,162.0,117.0
2022-01-04,162,165.0,114.0
2022-01-05,165,144.0,153.0
2022-01-06,144,135.0,93.0
2022-01-07,135,99.0,108.0
2022-01-08,99,159.0,66.0
2022-01-09,159,117.0,117.0
2022-01-10,117,114.0,111.0
2022-01-11,114,153.0,111.0
2022-01-12,153,93.0,93.0
2022-01-13,93,108.0,105.0
2022-01-14,108,66.0,144.0
2022-01-15,66,117.0,114.0
2022-01-16,117,111.0,120.0
2022-01-17,111,111.0,117.0
2022-01-18,111,93.0,144.0
2022-01-19,93,105.0,165.0
2022-01-20,105,144.0,93.0
2022-01-21,144,114.0,126.0
2022-01-22,114,120.0,96.0
2022-01-23,120,117.0,75.0
2022-01-24,117,144.0,132.0
2022-01-25,144,165.0,207.0
2022-01-26,165,93.0,84.0
2022-01-27,93,126.0,120.0
2022-01-28,126,96.0,129.0
2022-01-29,96,75.0,144.0
2022-01-30,75,132.0,87.0
2022-01-31,132,207.0,84.0
2022-02-01,207,84.0,117.0
2022-02-02,84,120.0,111.0
2022-02-03,120,129.0,138.0
2022-02-04,129,144.0,111.0
2022-02-05,144,87.0,159.0
2022-02-06,87,84.0,141.0
2022-02-07,84,117.0,150.0
2022-02-08,117,111.0,216.0
2022-02-09,111,138.0,153.0
2022-02-10,138,111.0,189.0
2022-02-11,111,159.0,195.0
2022-02-12,159,141.0,171.0
2022-02-13,141,150.0,177.0
2022-02-14,150,216.0,216.0
2022-02-15,216,153.0,198.0
2022-02-16,153,189.0,207.0
2022-02-17,189,195.0,183.0
2022-02-18,195,171.0,186.0
2022-02-19,171,177.0,174.0
2022-02-20,177,216.0,147.0
2022-02-21,216,198.0,195.0
2022-02-22,198,207.0,288.0
2022-02-23,207,183.0,195.0
2022-02-24,183,186.0,189.0
2022-02-25,186,174.0,174.0
2022-02-26,174,147.0,192.0
2022-02-27,147,195.0,186.0
2022-02-28,195,288.0,201.0
2022-03-01,288,195.0,234.0
2022-03-02,195,189.0,198.0
2022-03-03,189,174.0,192.0
2022-03-04,174,192.0,198.0
2022-03-05,192,186.0,210.0
2022-03-06,186,201.0,171.0
2022-03-07,201,234.0,165.0
2022-03-08,234,198.0,201.0
2022-03-09,198,192.0,204.0
2022-03-10,192,198.0,183.0
2022-03-11,198,210.0,171.0
2022-03-12,210,171.0,177.0
2022-03-13,171,165.0,198.0
2022-03-14,165,201.0,198.0
2022-03-15,201,204.0,213.0
2022-03-16,204,183.0,192.0
2022-03-17,183,171.0,150.0
2022-03-18,171,177.0,237.0
2022-03-19,177,198.0,213.0
2022-03-20,198,198.0,156.0
2022-03-21,198,213.0,207.0
2022-03-22,213,192.0,216.0
2022-03-23,192,150.0,228.0
2022-03-24,150,237.0,216.0
2022-03-25,237,213.0,285.0
2022-03-26,213,156.0,150.0
2022-03-27,156,207.0,180.0
2022-03-28,207,216.0,213.0
2022-03-29,216,228.0,195.0
2022-03-30,228,216.0,213.0
2022-03-31,216,285.0,222.0
2022-04-01,285,150.0,183.0
2022-04-02,150,180.0,222.0
2022-04-03,180,213.0,183.0
2022-04-04,213,195.0,228.0
2022-04-05,195,213.0,258.0
2022-04-06,213,222.0,234.0
2022-04-07,222,183.0,186.0
2022-04-08,183,222.0,153.0
2022-04-09,222,183.0,159.0
2022-04-10,183,228.0,207.0
2022-04-11,228,258.0,210.0
2022-04-12,258,234.0,225.0
2022-04-13,234,186.0,225.0
2022-04-14,186,153.0,222.0
2022-04-15,153,159.0,216.0
2022-04-16,159,207.0,267.0
2022-04-17,207,210.0,195.0
2022-04-18,210,225.0,300.0
2022-04-19,225,225.0,216.0
2022-04-20,225,222.0,249.0
2022-04-21,222,216.0,198.0
2022-04-22,216,267.0,204.0
2022-04-23,267,195.0,201.0
2022-04-24,195,300.0,285.0
2022-04-25,300,216.0,234.0
2022-04-26,216,249.0,291.0
2022-04-27,249,198.0,261.0
2022-04-28,198,204.0,189.0
2022-04-29,204,201.0,231.0
2022-04-30,201,285.0,252.0
2022-05-01,285,234.0,183.0
2022-05-02,234,291.0,246.0
2022-05-03,291,261.0,234.0
2022-05-04,261,189.0,258.0
2022-05-05,189,231.0,234.0
2022-05-06,231,252.0,228.0
2022-05-07,252,183.0,189.0
2022-05-08,183,246.0,213.0
2022-05-09,246,234.0,225.0
2022-05-10,234,258.0,231.0
2022-05-11,258,234.0,321.0
2022-05-12,234,228.0,225.0
2022-05-13,228,189.0,207.0
2022-05-14,189,213.0,300.0
2022-05-15,213,225.0,207.0
2022-05-16,225,231.0,225.0
2022-05-17,231,321.0,282.0
2022-05-18,321,225.0,300.0
2022-05-19,225,207.0,228.0
2022-05-20,207,300.0,225.0
2022-05-21,300,207.0,240.0
2022-05-22,207,225.0,159.0
2022-05-23,225,282.0,159.0
2022-05-24,282,300.0,237.0
2022-05-25,300,228.0,417.0
2022-05-26,228,225.0,258.0
2022-05-27,225,240.0,237.0
2022-05-28,240,159.0,210.0
2022-05-29,159,159.0,156.0
2022-05-30,159,237.0,246.0
2022-05-31,237,417.0,231.0
2022-06-01,417,258.0,267.0
2022-06-02,258,237.0,237.0
2022-06-03,237,210.0,216.0
2022-06-04,210,156.0,216.0
2022-06-05,156,246.0,198.0
2022-06-06,246,231.0,228.0
2022-06-07,231,267.0,249.0
2022-06-08,267,237.0,198.0
2022-06-09,237,216.0,216.0
2022-06-10,216,216.0,180.0
2022-06-11,216,198.0,183.0
2022-06-12,198,228.0,183.0
2022-06-13,228,249.0,237.0
2022-06-14,249,198.0,273.0
2022-06-15,198,216.0,293.0
2022-06-16,216,180.0,204.0
2022-06-17,180,183.0,228.0
2022-06-18,183,183.0,168.0
2022-06-19,183,237.0,192.0
2022-06-20,237,273.0,233.0
2022-06-21,273,293.0,186.0
2022-06-22,293,204.0,198.0
2022-06-23,204,228.0,174.0
2022-06-24,228,168.0,267.0
2022-06-25,168,192.0,213.0
2022-06-26,192,233.0,213.0
2022-06-27,233,186.0,312.0
2022-06-28,186,198.0,252.0
2022-06-29,198,174.0,183.0
2022-06-30,174,267.0,192.0
2022-07-01,267,213.0,234.0
2022-07-02,213,213.0,213.0
2022-07-03,213,312.0,138.0
2022-07-04,312,252.0,267.0
2022-07-05,252,183.0,186.0
2022-07-06,183,192.0,249.0
2022-07-07,192,234.0,186.0
2022-07-08,234,213.0,246.0
2022-07-09,213,138.0,183.0
2022-07-10,138,267.0,204.0
2022-07-11,267,186.0,243.0
2022-07-12,186,249.0,231.0
2022-07-13,249,186.0,246.0
2022-07-14,186,246.0,273.0
2022-07-15,246,183.0,183.0
2022-07-16,183,204.0,180.0
2022-07-17,204,243.0,129.0
2022-07-18,243,231.0,192.0
2022-07-19,231,246.0,180.0
2022-07-20,246,273.0,186.0
2022-07-21,273,183.0,159.0
2022-07-22,183,180.0,165.0
2022-07-23,180,129.0,114.0
2022-07-24,129,192.0,159.0
2022-07-25,192,180.0,246.0
2022-07-26,180,186.0,225.0
2022-07-27,186,159.0,183.0
2022-07-28,159,165.0,174.0
2022-07-29,165,114.0,180.0
2022-07-30,114,159.0,198.0
2022-07-31,159,246.0,189.0
2022-08-01,246,225.0,219.0
2022-08-02,225,183.0,269.0
2022-08-03,183,174.0,234.0
2022-08-04,174,180.0,171.0
2022-08-05,180,198.0,228.0
2022-08-06,198,189.0,222.0
2022-08-07,189,219.0,219.0
2022-08-08,219,269.0,234.0
2022-08-09,269,234.0,249.0
2022-08-10,234,171.0,290.0
2022-08-11,171,228.0,265.0
2022-08-12,228,222.0,234.0
2022-08-13,222,219.0,264.0
2022-08-14,219,234.0,195.0
2022-08-15,234,249.0,219.0
2022-08-16,249,290.0,183.0
2022-08-17,290,265.0,225.0
2022-08-18,265,234.0,207.0
2022-08-19,234,264.0,252.0
2022-08-20,264,195.0,183.0
2022-08-21,195,219.0,152.0
2022-08-22,219,183.0,117.0
2022-08-23,183,225.0,185.0
2022-08-24,225,207.0,153.0
2022-08-25,207,252.0,300.0
2022-08-26,252,183.0,153.0
2022-08-27,183,152.0,186.0
2022-08-28,152,117.0,144.0
2022-08-29,117,185.0,183.0
2022-08-30,185,153.0,228.0
2022-08-31,153,300.0,189.0
2022-09-01,300,153.0,210.0
2022-09-02,153,186.0,175.0
2022-09-03,186,144.0,207.0
2022-09-04,144,183.0,162.0
2022-09-05,183,228.0,204.0
2022-09-06,228,189.0,212.0
2022-09-07,189,210.0,201.0
2022-09-08,210,175.0,158.0
2022-09-09,175,207.0,138.0
2022-09-10,207,162.0,106.0
2022-09-11,162,204.0,141.0
2022-09-12,204,212.0,150.0
2022-09-13,212,201.0,219.0
2022-09-14,201,158.0,212.0
2022-09-15,158,138.0,147.0
2022-09-16,138,106.0,183.0
2022-09-17,106,141.0,141.0
2022-09-18,141,150.0,195.0
2022-09-19,150,219.0,198.0
2022-09-20,219,212.0,189.0
2022-09-21,212,147.0,178.0
2022-09-22,147,183.0,168.0
2022-09-23,183,141.0,144.0
2022-09-24,141,195.0,210.0
2022-09-25,195,198.0,142.0
2022-09-26,198,189.0,216.0
2022-09-27,189,178.0,185.0
2022-09-28,178,168.0,211.0
2022-09-29,168,144.0,185.0
2022-09-30,144,210.0,156.0
2022-10-01,210,142.0,172.0
2022-10-02,142,216.0,161.0
2022-10-03,216,185.0,161.0
2022-10-04,185,211.0,226.0
2022-10-05,211,185.0,158.0
2022-10-06,185,156.0,178.0
2022-10-07,156,172.0,165.0
2022-10-08,172,161.0,203.0
2022-10-09,161,161.0,162.0
2022-10-10,161,226.0,182.0
2022-10-11,226,158.0,195.0
2022-10-12,158,178.0,184.0
2022-10-13,178,165.0,168.0
2022-10-14,165,203.0,166.0
2022-10-15,203,162.0,156.0
2022-10-16,162,182.0,163.0
2022-10-17,182,195.0,179.0
2022-10-18,195,184.0,184.0
2022-10-19,184,168.0,133.0
2022-10-20,168,166.0,166.0
2022-10-21,166,156.0,182.0
2022-10-22,156,163.0,122.0
2022-10-23,163,179.0,129.0
2022-10-24,179,184.0,188.0
2022-10-25,184,133.0,241.0
2022-10-26,133,166.0,206.0
2022-10-27,166,182.0,135.0
2022-10-28,182,122.0,158.0
2022-10-29,122,129.0,157.0
2022-10-30,129,188.0,138.0
2022-10-31,188,241.0,189.0
2022-11-01,241,206.0,179.0
2022-11-02,206,135.0,210.0
2022-11-03,135,158.0,160.0
2022-11-04,158,157.0,166.0
2022-11-05,157,138.0,196.0
2022-11-06,138,189.0,141.0
2022-11-07,189,179.0,183.0
2022-11-08,179,210.0,197.0
2022-11-09,210,160.0,174.0
2022-11-10,160,166.0,176.0
2022-11-11,166,196.0,163.0
2022-11-12,196,141.0,211.0
2022-11-13,141,183.0,118.0
2022-11-14,183,197.0,123.0
2022-11-15,197,174.0,176.0
2022-11-16,174,176.0,160.0
2022-11-17,176,163.0,110.0
2022-11-18,163,211.0,166.0
2022-11-19,211,118.0,120.0
2022-11-20,118,123.0,66.0
2022-11-21,123,176.0,116.0
2022-11-22,176,160.0,150.0
2022-11-23,160,110.0,134.0
2022-11-24,110,166.0,209.0
2022-11-25,166,120.0,123.0
2022-11-26,120,66.0,147.0
2022-11-27,66,116.0,158.0
2022-11-28,116,150.0,104.0
2022-11-29,150,134.0,147.0
2022-11-30,134,209.0,149.0
2022-12-01,209,123.0,122.0
2022-12-02,123,147.0,132.0
2022-12-03,147,158.0,194.0
2022-12-04,158,104.0,89.0
2022-12-05,104,147.0,103.0
2022-12-06,147,149.0,81.0
2022-12-07,149,122.0,123.0
2022-12-08,122,132.0,96.0
2022-12-09,132,194.0,215.0
2022-12-10,194,89.0,122.0
2022-12-11,89,103.0,126.0
2022-12-12,103,81.0,87.0
2022-12-13,81,123.0,146.0
2022-12-14,123,96.0,124.0
2022-12-15,96,215.0,73.0
2022-12-16,215,122.0,106.0
2022-12-17,122,126.0,86.0
2022-12-18,126,87.0,88.0
2022-12-19,87,146.0,129.0
2022-12-20,146,124.0,135.0
2022-12-21,124,73.0,129.0
2022-12-22,73,106.0,72.0
2022-12-23,106,86.0,99.0
2022-12-24,86,88.0,88.0
2022-12-25,88,129.0,132.0
2022-12-26,129,135.0,64.0
2022-12-27,135,129.0,94.0
2022-12-28,129,72.0,124.0
2022-12-29,72,99.0,90.0
2022-12-30,99,88.0,54.0
2022-12-31,88,132.0,88.0
2023-01-01,132,64.0,68.0
2023-01-02,64,94.0,68.0
2023-01-03,94,124.0,106.0
2023-01-04,124,90.0,112.0
2023-01-05,90,54.0,80.0
2023-01-06,54,88.0,98.0
2023-01-07,88,68.0,74.0
2023-01-08,68,68.0,62.0
2023-01-09,68,106.0,86.0
2023-01-10,106,112.0,96.0
2023-01-11,112,80.0,96.0
2023-01-12,80,98.0,84.0
2023-01-13,98,74.0,96.0
2023-01-14,74,62.0,90.0
2023-01-15,62,86.0,58.0
2023-01-16,86,96.0,96.0
2023-01-17,96,96.0,84.0
2023-01-18,96,84.0,80.0
2023-01-19,84,96.0,96.0
2023-01-20,96,90.0,84.0
2023-01-21,90,58.0,92.0
2023-01-22,58,96.0,72.0
2023-01-23,96,84.0,62.0
2023-01-24,84,80.0,112.0
2023-01-25,80,96.0,108.0
2023-01-26,96,84.0,94.0
2023-01-27,84,92.0,104.0
2023-01-28,92,72.0,88.0
2023-01-29,72,62.0,72.0
2023-01-30,62,112.0,100.0
2023-01-31,112,108.0,56.0
2023-02-01,108,94.0,94.0
2023-02-02,94,104.0,102.0
2023-02-03,104,88.0,102.0
2023-02-04,88,72.0,106.0
2023-02-05,72,100.0,110.0
2023-02-06,100,56.0,156.0
2023-02-07,56,94.0,148.0
2023-02-08,94,102.0,98.0
2023-02-09,102,102.0,140.0
2023-02-10,102,106.0,132.0
2023-02-11,106,110.0,110.0
2023-02-12,110,156.0,104.0
2023-02-13,156,148.0,92.0
2023-02-14,148,98.0,126.0
2023-02-15,98,140.0,112.0
2023-02-16,140,132.0,106.0
2023-02-17,132,110.0,120.0
2023-02-18,110,104.0,146.0
2023-02-19,104,92.0,70.0
2023-02-20,92,126.0,94.0
2023-02-21,126,112.0,102.0
2023-02-22,112,106.0,280.0
2023-02-23,106,120.0,98.0
2023-02-24,120,146.0,114.0
2023-02-25,146,70.0,100.0
2023-02-26,70,94.0,110.0
2023-02-27,94,102.0,140.0
2023-02-28,102,280.0,146.0
2023-03-01,280,98.0,150.0
2023-03-02,98,114.0,136.0
2023-03-03,114,100.0,132.0
2023-03-04,100,110.0,100.0
2023-03-05,110,140.0,162.0
2023-03-06,140,146.0,174.0
2023-03-07,146,150.0,158.0
2023-03-08,150,136.0,148.0
2023-03-09,136,132.0,124.0
2023-03-10,132,100.0,148.0
2023-03-11,100,162.0,132.0
2023-03-12,162,174.0,118.0
2023-03-13,174,158.0,184.0
2023-03-14,158,148.0,144.0
2023-03-15,148,124.0,174.0
2023-03-16,124,148.0,198.0
2023-03-17,148,132.0,148.0
2023-03-18,132,118.0,152.0
2023-03-19,118,184.0,132.0
2023-03-20,184,144.0,174.0
2023-03-21,144,174.0,136.0
2023-03-22,174,198.0,210.0
2023-03-23,198,148.0,200.0
2023-03-24,148,152.0,204.0
2023-03-25,152,132.0,182.0
2023-03-26,132,174.0,188.0
2023-03-27,174,136.0,242.0
2023-03-28,136,210.0,168.0
2023-03-29,210,200.0,210.0
2023-03-30,200,204.0,166.0
2023-03-31,204,182.0,136.0
2023-04-01,182,188.0,160.0
2023-04-02,188,242.0,134.0
2023-04-03,242,168.0,194.0
2023-04-04,168,210.0,212.0
2023-04-05,210,166.0,216.0
2023-04-06,166,136.0,152.0
2023-04-07,136,160.0,166.0
2023-04-08,160,134.0,166.0
2023-04-09,134,194.0,182.0
2023-04-10,194,212.0,190.0
2023-04-11,212,216.0,210.0
2023-04-12,216,152.0,188.0
2023-04-13,152,166.0,186.0
2023-04-14,166,166.0,142.0
2023-04-15,166,182.0,178.0
2023-04-16,182,190.0,136.0
2023-04-17,190,210.0,218.0
2023-04-18,210,188.0,210.0
2023-04-19,188,186.0,214.0
2023-04-20,186,142.0,190.0
2023-04-21,142,178.0,144.0
2023-04-22,178,136.0,146.0
2023-04-23,136,218.0,130.0
2023-04-24,218,210.0,176.0
2023-04-25,210,214.0,234.0
2023-04-26,214,190.0,198.0
2023-04-27,190,144.0,174.0
2023-04-28,144,146.0,180.0
2023-04-29,146,130.0,180.0
2023-04-30,130,176.0,154.0
2023-05-01,176,234.0,184.0
2023-05-02,234,198.0,192.0
2023-05-03,198,174.0,214.0
2023-05-04,174,180.0,174.0
2023-05-05,180,180.0,154.0
2023-05-06,180,154.0,140.0
2023-05-07,154,184.0,170.0
2023-05-08,184,192.0,160.0
2023-05-09,192,214.0,156.0
2023-05-10,214,174.0,182.0
2023-05-11,174,154.0,142.0
2023-05-12,154,140.0,164.0
2023-05-13,140,170.0,140.0
2023-05-14,170,160.0,126.0
2023-05-15,160,156.0,176.0
2023-05-16,156,182.0,170.0
2023-05-17,182,142.0,184.0
2023-05-18,142,164.0,142.0
2023-05-19,164,140.0,144.0
2023-05-20,140,126.0,142.0
2023-05-21,126,176.0,114.0
2023-05-22,176,170.0,120.0
2023-05-23,170,184.0,144.0
2023-05-24,184,142.0,178.0
2023-05-25,142,144.0,216.0
2023-05-26,144,142.0,150.0
2023-05-27,142,114.0,145.0
2023-05-28,114,120.0,112.0
2023-05-29,120,144.0,124.0
2023-05-30,144,178.0,148.0
2023-05-31,178,216.0,160.0
2023-06-01,216,150.0,156.0
2023-06-02,150,145.0,162.0
2023-06-03,145,112.0,148.0
2023-06-04,112,124.0,128.0
2023-06-05,124,148.0,158.0
2023-06-06,148,160.0,158.0
2023-06-07,160,156.0,204.0
2023-06-08,156,162.0,156.0
2023-06-09,162,148.0,166.0
2023-06-10,148,128.0,132.0
2023-06-11,128,158.0,112.0
2023-06-12,158,158.0,134.0
2023-06-13,158,204.0,160.0
2023-06-14,204,156.0,154.0
2023-06-15,156,166.0,130.0
2023-06-16,166,132.0,154.0
2023-06-17,132,112.0,126.0
2023-06-18,112,134.0,124.0
2023-06-19,134,160.0,168.0
2023-06-20,160,154.0,126.0
2023-06-21,154,130.0,152.0
2023-06-22,130,154.0,124.0
2023-06-23,154,126.0,120.0
2023-06-24,126,124.0,216.0
2023-06-25,124,168.0,100.0
2023-06-26,168,126.0,136.0
2023-06-27,126,152.0,170.0
2023-06-28,152,124.0,126.0
2023-06-29,124,120.0,148.0
2023-06-30,120,216.0,169.0
2023-07-01,216,100.0,122.0
2023-07-02,100,136.0,136.0
2023-07-03,136,170.0,150.0
2023-07-04,170,126.0,156.0
2023-07-05,126,148.0,161.0
2023-07-06,148,169.0,134.0
2023-07-07,169,122.0,132.0
2023-07-08,122,136.0,132.0
2023-07-09,136,150.0,138.0
2023-07-10,150,156.0,147.0
2023-07-11,156,161.0,130.0
2023-07-12,161,134.0,160.0
2023-07-13,134,132.0,144.0
2023-07-14,132,132.0,112.0
2023-07-15,132,138.0,110.0
2023-07-16,138,147.0,105.0
2023-07-17,147,130.0,120.0
2023-07-18,130,160.0,124.0
2023-07-19,160,144.0,156.0
2023-07-20,144,112.0,100.0
2023-07-21,112,110.0,126.0
2023-07-22,110,105.0,96.0
2023-07-23,105,120.0,89.0
2023-07-24,120,124.0,68.0
2023-07-25,124,156.0,156.0
2023-07-26,156,100.0,120.0
2023-07-27,100,126.0,100.0
2023-07-28,126,96.0,90.0
2023-07-29,96,89.0,118.0
2023-07-30,89,68.0,88.0
2023-07-31,68,156.0,122.0
2023-08-01,156,120.0,109.0
2023-08-02,120,100.0,102.0
2023-08-03,100,90.0,110.0
2023-08-04,90,118.0,134.0
2023-08-05,118,88.0,124.0
2023-08-06,88,122.0,89.0
2023-08-07,122,109.0,104.0
2023-08-08,109,102.0,152.0
2023-08-09,102,110.0,142.0
2023-08-10,110,134.0,112.0
2023-08-11,134,124.0,122.0
2023-08-12,124,89.0,112.0
2023-08-13,89,104.0,142.0
2023-08-14,104,152.0,105.0
2023-08-15,152,142.0,148.0
2023-08-16,142,112.0,124.0
2023-08-17,112,122.0,156.0
2023-08-18,122,112.0,164.0
2023-08-19,112,142.0,120.0
2023-08-20,142,105.0,108.0
2023-08-21,105,148.0,110.0
2023-08-22,148,124.0,152.0
2023-08-23,124,156.0,124.0
2023-08-24,156,164.0,118.0
2023-08-25,164,120.0,197.0
2023-08-26,120,108.0,124.0
2023-08-27,108,110.0,82.0
2023-08-28,110,152.0,127.0
2023-08-29,152,124.0,148.0
2023-08-30,124,118.0,150.0
2023-08-31,118,197.0,113.0
2023-09-01,197,124.0,98.0
2023-09-02,124,82.0,118.0
2023-09-03,82,127.0,90.0
2023-09-04,127,148.0,118.0
2023-09-05,148,150.0,102.0
2023-09-06,150,113.0,99.0
2023-09-07,113,98.0,142.0
2023-09-08,98,118.0,115.0
2023-09-09,118,90.0,123.0
2023-09-10,90,118.0,108.0
2023-09-11,118,102.0,95.0
2023-09-12,102,99.0,114.0
2023-09-13,99,142.0,130.0
2023-09-14,142,115.0,129.0
2023-09-15,115,123.0,103.0
2023-09-16,123,108.0,95.0
2023-09-17,108,95.0,99.0
2023-09-18,95,114.0,122.0
2023-09-19,114,130.0,128.0
2023-09-20,130,129.0,100.0
2023-09-21,129,103.0,118.0
2023-09-22,103,95.0,79.0
2023-09-23,95,99.0,92.0
2023-09-24,99,122.0,189.0
2023-09-25,122,128.0,92.0
2023-09-26,128,100.0,139.0
2023-09-27,100,118.0,135.0
2023-09-28,118,79.0,101.0
2023-09-29,79,92.0,97.0
2023-09-30,92,189.0,126.0
2023-10-01,189,92.0,117.0
2023-10-02,92,139.0,122.0
2023-10-03,139,135.0,133.0
2023-10-04,135,101.0,97.0
2023-10-05,101,97.0,133.0
2023-10-06,97,126.0,105.0
2023-10-07,126,117.0,108.0
2023-10-08,117,122.0,78.0
2023-10-09,122,133.0,125.0
2023-10-10,133,97.0,126.0
2023-10-11,97,133.0,121.0
2023-10-12,133,105.0,103.0
2023-10-13,105,108.0,101.0
2023-10-14,108,78.0,73.0
2023-10-15,78,125.0,77.0
2023-10-16,125,126.0,102.0
2023-10-17,126,121.0,132.0
2023-10-18,121,103.0,127.0
2023-10-19,103,101.0,98.0
2023-10-20,101,73.0,129.0
2023-10-21,73,77.0,82.0
2023-10-22,77,102.0,90.0
2023-10-23,102,132.0,111.0
2023-10-24,132,127.0,109.0
2023-10-25,127,98.0,219.0
2023-10-26,98,129.0,97.0
2023-10-27,129,82.0,111.0
2023-10-28,82,90.0,80.0
2023-10-29,90,111.0,85.0
2023-10-30,111,109.0,77.0
2023-10-31,109,219.0,94.0
2023-11-01,219,97.0,112.0
2023-11-02,97,111.0,95.0
2023-11-03,111,80.0,92.0
2023-11-04,80,85.0,103.0
2023-11-05,85,77.0,66.0
2023-11-06,77,94.0,79.0
2023-11-07,94,112.0,85.0
2023-11-08,112,95.0,96.0
2023-11-09,95,92.0,99.0
2023-11-10,92,103.0,86.0
2023-11-11,103,66.0,112.0
2023-11-12,66,79.0,102.0
2023-11-13,79,85.0,93.0
2023-11-14,85,96.0,90.0
2023-11-15,96,99.0,77.0
2023-11-16,99,86.0,120.0
2023-11-17,86,112.0,86.0
2023-11-18,112,102.0,87.0
2023-11-19,102,93.0,67.0
2023-11-20,93,90.0,92.0
2023-11-21,90,77.0,72.0
2023-11-22,77,120.0,68.0
2023-11-23,120,86.0,56.0
2023-11-24,86,87.0,180.0
2023-11-25,87,67.0,109.0
2023-11-26,67,92.0,41.0
2023-11-27,92,72.0,88.0
2023-11-28,72,68.0,90.0
2023-11-29,68,56.0,59.0
2023-11-30,56,180.0,98.0
2023-12-01,180,109.0,73.0
2023-12-02,109,41.0,81.0
2023-12-03,41,88.0,58.0
2023-12-04,88,90.0,77.0
2023-12-05,90,59.0,70.0
2023-12-06,59,98.0,68.0
2023-12-07,98,73.0,45.0
2023-12-08,73,81.0,74.0
2023-12-09,81,58.0,57.0
2023-12-10,58,77.0,35.0
2023-12-11,77,70.0,60.0
2023-12-12,70,68.0,69.0
2023-12-13,68,45.0,47.0
2023-12-14,45,74.0,51.0
2023-12-15,74,57.0,65.0
2023-12-16,57,35.0,51.0
2023-12-17,35,60.0,41.0
2023-12-18,60,69.0,31.0
2023-12-19,69,47.0,82.0
2023-12-20,47,51.0,50.0
2023-12-21,51,65.0,43.0
2023-12-22,65,51.0,38.0
2023-12-23,51,41.0,38.0
2023-12-24,41,31.0,24.0
2023-12-25,31,82.0,69.0
2023-12-26,82,50.0,44.0
2023-12-27,50,43.0,48.0
2023-12-28,43,38.0,29.0
2023-12-29,38,38.0,34.0
2023-12-30,38,24.0,37.0
2023-12-31,24,69.0,31.0
2024-01-01,69,44.0,46.0
2024-01-02,44,48.0,40.0
2024-01-03,48,29.0,46.0
2024-01-04,29,34.0,35.0
2024-01-05,34,37.0,32.0
2024-01-06,37,31.0,32.0
2024-01-07,31,46.0,17.0
2024-01-08,46,40.0,34.0
2024-01-09,40,46.0,39.0
2024-01-10,46,35.0,36.0
2024-01-11,35,32.0,32.0
2024-01-12,32,32.0,34.0
2024-01-13,32,17.0,32.0
2024-01-14,17,34.0,38.0
2024-01-15,34,39.0,32.0
2024-01-16,39,36.0,34.0
2024-01-17,36,32.0,40.0
2024-01-18,32,34.0,35.0
2024-01-19,34,32.0,37.0
2024-01-20,32,38.0,34.0
2024-01-21,38,32.0,28.0
2024-01-22,32,34.0,34.0
2024-01-23,34,40.0,27.0
2024-01-24,40,35.0,22.0
2024-01-25,35,37.0,46.0
2024-01-26,37,34.0,31.0
2024-01-27,34,28.0,27.0
2024-01-28,28,34.0,32.0
2024-01-29,34,27.0,43.0
2024-01-30,27,22.0,35.0
2024-01-31,22,46.0,30.0
2024-02-01,46,31.0,32.0
2024-02-02,31,27.0,31.0
2024-02-03,27,32.0,39.0
2024-02-04,32,43.0,37.0
2024-02-05,43,35.0,35.0
2024-02-06,35,30.0,36.0
2024-02-07,30,32.0,34.0
2024-02-08,32,31.0,45.0
2024-02-09,31,39.0,51.0
2024-02-10,39,37.0,44.0
2024-02-11,37,35.0,49.0
2024-02-12,35,36.0,31.0
2024-02-13,36,34.0,35.0
2024-02-14,34,45.0,34.0
2024-02-15,45,51.0,32.0
2024-02-16,51,44.0,41.0
2024-02-17,44,49.0,47.0
2024-02-18,49,31.0,48.0
2024-02-19,31,35.0,45.0
2024-02-20,35,34.0,41.0
2024-02-21,34,32.0,51.0
2024-02-22,32,41.0,39.0
2024-02-23,41,47.0,93.0
2024-02-24,47,48.0,46.0
2024-02-25,48,45.0,41.0
2024-02-26,45,41.0,60.0
2024-02-27,41,51.0,59.0
2024-02-28,51,39.0,51.0
2024-02-29,39,93.0,67.0
2024-03-01,93,46.0,60.0
2024-03-02,46,41.0,47.0
2024-03-03,41,60.0,48.0
2024-03-04,60,59.0,61.0
2024-03-05,59,51.0,50.0
2024-03-06,51,67.0,54.0
2024-03-07,67,60.0,60.0
2024-03-08,60,47.0,43.0
2024-03-09,47,48.0,60.0
2024-03-10,48,61.0,51.0
2024-03-11,61,50.0,51.0
2024-03-12,50,54.0,68.0
2024-03-13,54,60.0,58.0
2024-03-14,60,43.0,67.0
2024-03-15,43,60.0,68.0
2024-03-16,60,51.0,40.0
2024-03-17,51,51.0,61.0
2024-03-18,51,68.0,50.0
2024-03-19,68,58.0,58.0
2024-03-20,58,67.0,57.0
2024-03-21,67,68.0,70.0
2024-03-22,68,40.0,49.0
2024-03-23,40,61.0,40.0
2024-03-24,61,50.0,44.0
2024-03-25,50,58.0,108.0
2024-03-26,58,57.0,75.0
2024-03-27,57,70.0,70.0
2024-03-28,70,49.0,81.0
2024-03-29,49,40.0,72.0
2024-03-30,40,44.0,69.0
2024-03-31,44,108.0,73.0
2024-04-01,108,75.0,67.0
2024-04-02,75,70.0,66.0
2024-04-03,70,81.0,75.0
2024-04-04,81,72.0,71.0
2024-04-05,72,69.0,94.0
2024-04-06,69,73.0,79.0
2024-04-07,73,67.0,61.0
2024-04-08,67,66.0,80.0
2024-04-09,66,75.0,71.0
2024-04-10,75,71.0,94.0
2024-04-11,71,94.0,84.0
2024-04-12,94,79.0,56.0
2024-04-13,79,61.0,61.0
2024-04-14,61,80.0,82.0
2024-04-15,80,71.0,74.0
2024-04-16,71,94.0,65.0
2024-04-17,94,84.0,88.0
2024-04-18,84,56.0,71.0
2024-04-19,56,61.0,74.0
2024-04-20,61,82.0,61.0
2024-04-21,82,74.0,53.0
2024-04-22,74,65.0,66.0
2024-04-23,65,88.0,58.0
2024-04-24,88,71.0,155.0
2024-04-25,71,74.0,89.0
2024-04-26,74,61.0,95.0
2024-04-27,61,53.0,82.0
2024-04-28,53,66.0,75.0
2024-04-29,66,58.0,69.0
2024-04-30,58,155.0,77.0
2024-05-01,155,89.0,95.0
2024-05-02,89,95.0,92.0
2024-05-03,95,82.0,76.0
2024-05-04,82,75.0,53.0
2024-05-05,75,69.0,68.0
2024-05-06,69,77.0,81.0
2024-05-07,77,95.0,76.0
2024-05-08,95,92.0,107.0
2024-05-09,92,76.0,77.0
2024-05-10,76,53.0,72.0
2024-05-11,53,68.0,74.0
2024-05-12,68,81.0,65.0
2024-05-13,81,76.0,68.0
2024-05-14,76,107.0,73.0
2024-05-15,107,77.0,66.0
2024-05-16,77,72.0,76.0
2024-05-17,72,74.0,80.0
2024-05-18,74,65.0,62.0
2024-05-19,65,68.0,65.0
2024-05-20,68,73.0,59.0
2024-05-21,73,66.0,72.0
2024-05-22,66,76.0,69.0
2024-05-23,76,80.0,59.0
2024-05-24,80,62.0,73.0
2024-05-25,62,65.0,105.0
2024-05-26,65,59.0,51.0
2024-05-27,59,72.0,75.0
2024-05-28,72,69.0,76.0
2024-05-29,69,59.0,75.0
2024-05-30,59,73.0,84.0
2024-05-31,73,105.0,76.0
2024-06-01,105,51.0,72.0
2024-06-02,51,75.0,67.0
2024-06-03,75,76.0,74.0
2024-06-04,76,75.0,92.0
2024-06-05,75,84.0,93.0
2024-06-06,84,76.0,86.0
2024-06-07,76,72.0,88.0
2024-06-08,72,67.0,69.0
2024-06-09,67,74.0,79.0
2024-06-10,74,92.0,69.0
2024-06-11,92,93.0,70.0
2024-06-12,93,86.0,75.0
2024-06-13,86,88.0,69.0
2024-06-14,88,69.0,68.0
2024-06-15,69,79.0,78.0
2024-06-16,79,69.0,59.0
2024-06-17,69,70.0,75.0
2024-06-18,70,75.0,75.0
2024-06-19,75,69.0,80.0
2024-06-20,69,68.0,76.0
2024-06-21,68,78.0,60.0
2024-06-22,78,59.0,60.0
2024-06-23,59,75.0,48.0
2024-06-24,75,75.0,113.0
2024-06-25,75,80.0,67.0
2024-06-26,80,76.0,67.0
2024-06-27,76,60.0,63.0
2024-06-28,60,60.0,61.0
2024-06-29,60,48.0,70.0
2024-06-30,48,113.0,63.0
2024-07-01,113,67.0,86.0
2024-07-02,67,67.0,64.0
2024-07-03,67,63.0,62.0
2024-07-04,63,61.0,43.0
2024-07-05,61,70.0,62.0
2024-07-06,70,63.0,46.0
2024-07-07,63,86.0,67.0
2024-07-08,86,64.0,71.0
2024-07-09,64,62.0,65.0
2024-07-10,62,43.0,59.0
2024-07-11,43,62.0,69.0
2024-07-12,62,46.0,58.0
2024-07-13,46,67.0,54.0
2024-07-14,67,71.0,43.0
2024-07-15,71,65.0,54.0
2024-07-16,65,59.0,58.0
2024-07-17,59,69.0,60.0
2024-07-18,69,58.0,52.0
2024-07-19,58,54.0,48.0
2024-07-20,54,43.0,39.0
2024-07-21,43,54.0,38.0
2024-07-22,54,58.0,52.0
2024-07-23,58,60.0,44.0
2024-07-24,60,52.0,46.0
2024-07-25,52,48.0,113.0
2024-07-26,48,39.0,49.0
2024-07-27,39,38.0,45.0
2024-07-28,38,52.0,50.0
2024-07-29,52,44.0,55.0
2024-07-30,44,46.0,62.0
2024-07-31,46,113.0,55.0
2024-08-01,113,49.0,60.0
2024-08-02,49,45.0,62.0
2024-08-03,45,50.0,57.0
2024-08-04,50,55.0,50.0
2024-08-05,55,62.0,57.0
2024-08-06,62,55.0,58.0
2024-08-07,55,60.0,60.0
2024-08-08,60,62.0,65.0
2024-08-09,62,57.0,63.0
2024-08-10,57,50.0,61.0
2024-08-11,50,57.0,52.0
2024-08-12,57,58.0,76.0
2024-08-13,58,60.0,76.0
2024-08-14,60,65.0,69.0
2024-08-15,65,63.0,74.0
2024-08-16,63,61.0,79.0
2024-08-17,61,52.0,58.0
2024-08-18,52,76.0,48.0
2024-08-19,76,76.0,52.0
2024-08-20,76,69.0,54.0
2024-08-21,69,74.0,60.0
2024-08-22,74,79.0,54.0
2024-08-23,79,58.0,42.0
2024-08-24,58,48.0,44.0
2024-08-25,48,52.0,111.0
2024-08-26,52,54.0,48.0
2024-08-27,54,60.0,63.0
2024-08-28,60,54.0,50.0
2024-08-29,54,42.0,69.0
2024-08-30,42,44.0,54.0
2024-08-31,44,111.0,47.0
2024-09-01,111,48.0,57.0
2024-09-02,48,63.0,55.0
2024-09-03,63,50.0,77.0
2024-09-04,50,69.0,58.0
2024-09-05,69,54.0,68.0
2024-09-06,54,47.0,61.0
2024-09-07,47,57.0,49.0
2024-09-08,57,55.0,59.0
2024-09-09,55,77.0,58.0
2024-09-10,77,58.0,71.0
2024-09-11,58,68.0,74.0
2024-09-12,68,61.0,61.0
2024-09-13,61,49.0,54.0
2024-09-14,49,59.0,49.0
2024-09-15,59,58.0,56.0
2024-09-16,58,71.0,57.0
2024-09-17,71,74.0,60.0
2024-09-18,74,61.0,78.0
2024-09-19,61,54.0,44.0
2024-09-20,54,49.0,58.0
2024-09-21,49,56.0,44.0
2024-09-22,56,57.0,31.0
2024-09-23,57,60.0,47.0
2024-09-24,60,78.0,95.0
2024-09-25,78,44.0,58.0
2024-09-26,44,58.0,54.0
2024-09-27,58,44.0,37.0
2024-09-28,44,31.0,42.0
2024-09-29,31,47.0,49.0
2024-09-30,47,95.0,50.0
2024-10-01,95,58.0,58.0
2024-10-02,58,54.0,65.0
2024-10-03,54,37.0,58.0
2024-10-04,37,42.0,59.0
2024-10-05,42,49.0,41.0
2024-10-06,49,50.0,36.0
2024-10-07,50,58.0,47.0
2024-10-08,58,65.0,56.0
2024-10-09,65,58.0,42.0
2024-10-10,58,59.0,55.0
2024-10-11,59,41.0,49.0
2024-10-12,41,36.0,42.0
2024-10-13,36,47.0,43.0
2024-10-14,47,56.0,59.0
2024-10-15,56,42.0,55.0
2024-10-16,42,55.0,61.0
2024-10-17,55,49.0,52.0
2024-10-18,49,42.0,64.0
2024-10-19,42,43.0,51.0
2024-10-20,43,59.0,48.0
2024-10-21,59,55.0,66.0
2024-10-22,55,61.0,36.0
2024-10-23,61,52.0,41.0
2024-10-24,52,64.0,38.0
2024-10-25,64,51.0,78.0
2024-10-26,51,48.0,47.0
2024-10-27,48,66.0,44.0
2024-10-28,66,36.0,64.0
2024-10-29,36,41.0,43.0
2024-10-30,41,38.0,43.0
2024-10-31,38,78.0,49.0
2024-11-01,78,47.0,48.0
2024-11-02,47,44.0,43.0
2024-11-03,44,64.0,48.0
2024-11-04,64,43.0,37.0
2024-11-05,43,43.0,52.0
2024-11-06,43,49.0,45.0
2024-11-07,49,48.0,33.0
2024-11-08,48,43.0,53.0
2024-11-09,43,48.0,31.0
2024-11-10,48,37.0,49.0
2024-11-11,37,52.0,37.0
2024-11-12,52,45.0,44.0
2024-11-13,45,33.0,31.0
2024-11-14,33,53.0,31.0
2024-11-15,53,31.0,36.0
2024-11-16,31,49.0,33.0
2024-11-17,49,37.0,40.0
2024-11-18,37,44.0,39.0
2024-11-19,44,31.0,29.0
2024-11-20,31,31.0,31.0
2024-11-21,31,36.0,34.0
2024-11-22,36,33.0,30.0
2024-11-23,33,40.0,33.0
2024-11-24,40,39.0,48.0
2024-11-25,39,29.0,37.0
2024-11-26,29,31.0,41.0
2024-11-27,31,34.0,29.0
2024-11-28,34,30.0,32.0
2024-11-29,30,33.0,27.0
2024-11-30,33,48.0,35.0
2024-12-01,48,37.0,38.0
2024-12-02,37,41.0,23.0
2024-12-03,41,29.0,27.0
2024-12-04,29,32.0,28.0
2024-12-05,32,27.0,25.0
2024-12-06,27,35.0,26.0
2024-12-07,35,38.0,28.0
2024-12-08,38,23.0,18.0
2024-12-09,23,27.0,32.0
2024-12-10,27,28.0,26.0
2024-12-11,28,25.0,26.0
2024-12-12,25,26.0,20.0
2024-12-13,26,28.0,19.0
2024-12-14,28,18.0,16.0
2024-12-15,18,32.0,29.0
2024-12-16,32,26.0,18.0
2024-12-17,26,26.0,15.0
2024-12-18,26,20.0,15.0
2024-12-19,20,19.0,14.0
2024-12-20,19,16.0,19.0
2024-12-21,16,29.0,13.0
2024-12-22,29,18.0,6.0
2024-12-23,18,15.0,1.0
2024-12-24,15,15.0,
2024-12-25,15,14.0,
2024-12-26,14,19.0,
2024-12-27,19,13.0,
2024-12-28,13,6.0,
2024-12-29,6,1.0,
2024-12-30,1,,
