data_dia,y_true,y_pred,split
2014-01-02,418.0,416.0806133753452,train
2014-01-03,506.0,524.2353500621094,train
2014-01-04,297.0,286.5455855125017,train
2014-01-05,275.0,250.22167962949328,train
2014-01-06,374.0,338.43693247314565,train
2014-01-07,484.0,453.9301659869532,train
2014-01-08,473.0,451.0042984733996,train
2014-01-09,429.0,417.82517567525264,train
2014-01-10,451.0,441.3868170315272,train
2014-01-11,263.0,260.65898380574265,train
2014-01-12,330.0,309.75930434414505,train
2014-01-13,385.0,360.1844097059856,train
2014-01-14,451.0,429.8557600458507,train
2014-01-15,506.0,487.50619075902875,train
2014-01-16,242.0,249.93475287071485,train
2014-01-17,352.0,333.669159057503,train
2014-01-18,264.0,242.9565189774212,train
2014-01-19,165.0,173.50721138692,train
2014-01-20,429.0,387.0105024793455,train
2014-01-21,341.0,309.9571185383634,train
2014-01-22,440.0,403.7515858182061,train
2014-01-23,308.0,275.3373319837075,train
2014-01-24,253.0,251.33232170938237,train
2014-01-25,253.0,242.0864449270476,train
2014-01-26,275.0,243.7543370837542,train
2014-01-27,286.0,258.0943971998326,train
2014-01-28,264.0,251.21168143859748,train
2014-01-29,286.0,260.74657562173905,train
2014-01-30,363.0,306.783013281188,train
2014-01-31,187.0,201.06685178382503,train
2014-02-01,209.0,204.56857784422667,train
2014-02-02,220.0,208.23524979373667,train
2014-02-03,319.0,273.7493110457984,train
2014-02-04,319.0,281.99215257473065,train
2014-02-05,242.0,237.11332428847368,train
2014-02-06,198.0,203.59429169717816,train
2014-02-07,165.0,182.24108096595117,train
2014-02-08,231.0,212.7503454667908,train
2014-02-09,253.0,227.22431339355592,train
2014-02-10,275.0,246.78473153338803,train
2014-02-11,308.0,268.8493217646755,train
2014-02-12,341.0,306.6133824265025,train
2014-02-13,330.0,302.6865177621268,train
2014-02-14,286.0,255.88905094851233,train
2014-02-15,198.0,189.37873515439384,train
2014-02-16,176.0,172.26736326556798,train
2014-02-17,231.0,214.7137137626646,train
2014-02-18,385.0,343.40613745482085,train
2014-02-19,407.0,349.22933778859993,train
2014-02-20,187.0,189.46131876043995,train
2014-02-21,209.0,205.57550834870952,train
2014-02-22,99.0,145.00698605280812,train
2014-02-23,121.0,137.07972228529025,train
2014-02-24,231.0,195.212820567331,train
2014-02-25,385.0,343.3101306761872,train
2014-02-26,374.0,339.7259165183269,train
2014-02-27,385.0,343.1051083001115,train
2014-02-28,363.0,312.97212996134493,train
2014-03-01,154.0,150.29896048288813,train
2014-03-02,165.0,148.07374809692345,train
2014-03-03,165.0,158.89305823871527,train
2014-03-04,374.0,338.4668081728663,train
2014-03-05,363.0,340.1262738353718,train
2014-03-06,363.0,339.03882449683744,train
2014-03-07,264.0,235.46893005252437,train
2014-03-08,231.0,207.54806778129847,train
2014-03-09,198.0,186.54967922466926,train
2014-03-10,264.0,226.95389060393984,train
2014-03-11,407.0,340.6190094540836,train
2014-03-12,319.0,277.531681192356,train
2014-03-13,198.0,198.215949241692,train
2014-03-14,297.0,260.0749680558513,train
2014-03-15,242.0,209.0565084723192,train
2014-03-16,132.0,139.38885337507935,train
2014-03-17,286.0,243.28010451014,train
2014-03-18,396.0,332.7935908665354,train
2014-03-19,429.0,347.1320623228824,train
2014-03-20,275.0,248.601336729576,train
2014-03-21,253.0,346.56747058530965,train
2014-03-22,165.0,148.4235149455734,train
2014-03-23,209.0,175.7161177493847,train
2014-03-24,462.0,364.9943654085846,train
2014-03-25,528.0,430.35914028649006,train
2014-03-26,473.0,397.1030045709065,train
2014-03-27,363.0,315.4201782938764,train
2014-03-28,275.0,244.01278045319953,train
2014-03-29,363.0,290.65677920687835,train
2014-03-30,209.0,159.6745875989364,train
2014-03-31,429.0,352.45832981846405,train
2014-04-01,484.0,405.7688279904107,train
2014-04-02,517.0,439.3000463128373,train
2014-04-03,451.0,403.5354548186495,train
2014-04-04,330.0,287.21732302797307,train
2014-04-05,308.0,256.3290427015221,train
2014-04-06,275.0,228.3925514624289,train
2014-04-07,440.0,391.89349929598154,train
2014-04-08,462.0,407.1310908126335,train
2014-04-09,429.0,549.5464569036933,train
2014-04-10,396.0,356.5488124371725,train
2014-04-11,440.0,404.334244778509,train
2014-04-12,429.0,392.39727335553,train
2014-04-13,418.0,427.8689811119129,train
2014-04-14,418.0,391.3660288087694,train
2014-04-15,473.0,429.62611120462526,train
2014-04-16,550.0,500.51741728293314,train
2014-04-17,495.0,459.8751604048058,train
2014-04-18,407.0,389.03460464433647,train
2014-04-19,330.0,304.4418464053239,train
2014-04-20,253.0,246.6640421776693,train
2014-04-21,484.0,452.5195726878342,train
2014-04-22,572.0,534.8251555343343,train
2014-04-23,418.0,400.1870123234508,train
2014-04-24,627.0,589.2058852040626,train
2014-04-25,418.0,401.2332396064013,train
2014-04-26,352.0,336.18951853959635,train
2014-04-27,363.0,338.3630222968432,train
2014-04-28,726.0,649.2493705212496,train
2014-04-29,352.0,363.7331738588798,train
2014-04-30,473.0,472.12646843938876,train
2014-05-01,341.0,349.4818686195971,train
2014-05-02,506.0,484.2435992048132,train
2014-05-03,396.0,390.27733172069054,train
2014-05-04,264.0,273.78740046500087,train
2014-05-05,539.0,524.1164648882973,train
2014-05-06,671.0,630.7597388280028,train
2014-05-07,550.0,538.5049712539709,train
2014-05-08,726.0,673.773994404299,train
2014-05-09,528.0,544.4604803694745,train
2014-05-10,374.0,606.344468083239,train
2014-05-11,275.0,282.2407939214674,train
2014-05-12,572.0,557.1815446651308,train
2014-05-13,528.0,531.0271891851886,train
2014-05-14,528.0,527.1846926999806,train
2014-05-15,550.0,549.3094508087534,train
2014-05-16,605.0,642.2606723507176,train
2014-05-17,429.0,422.51621412085296,train
2014-05-18,341.0,329.4776748145279,train
2014-05-19,649.0,613.3119439465357,train
2014-05-20,704.0,662.9880004276156,train
2014-05-21,473.0,489.6729883932076,train
2014-05-22,682.0,648.0872180433696,train
2014-05-23,550.0,544.8158910834203,train
2014-05-24,418.0,419.26106207603544,train
2014-05-25,341.0,340.108463424909,train
2014-05-26,660.0,622.3555304682033,train
2014-05-27,506.0,499.18814922993823,train
2014-05-28,517.0,510.778524935629,train
2014-05-29,418.0,636.7824102664546,train
2014-05-30,352.0,366.75086854022317,train
2014-05-31,253.0,259.89535683208476,train
2014-06-01,308.0,301.59214063237914,train
2014-06-02,462.0,438.33264543216274,train
2014-06-03,561.0,541.5950083264177,train
2014-06-04,704.0,660.1198727555025,train
2014-06-05,495.0,487.35926416251357,train
2014-06-06,539.0,520.4879424855629,train
2014-06-07,550.0,518.9323590250743,train
2014-06-08,396.0,383.89912683666273,train
2014-06-09,770.0,704.1118646242138,train
2014-06-10,528.0,506.3270667809992,train
2014-06-11,528.0,519.4782565298597,train
2014-06-12,495.0,494.14799413662314,train
2014-06-13,528.0,525.2640822174991,train
2014-06-14,429.0,422.8526853779448,train
2014-06-15,352.0,344.1195254107814,train
2014-06-16,484.0,471.85246327609997,train
2014-06-17,539.0,520.0476380751675,train
2014-06-18,605.0,579.2071068639407,train
2014-06-19,308.0,351.5639167251634,train
2014-06-20,484.0,484.07113245904105,train
2014-06-21,319.0,319.3886143766109,train
2014-06-22,198.0,485.13957516936443,train
2014-06-23,374.0,415.33245999569374,train
2014-06-24,352.0,357.66952530964915,train
2014-06-25,429.0,442.98377840931323,train
2014-06-26,417.0,423.199157583931,train
2014-06-27,418.0,426.4910491629246,train
2014-06-28,363.0,360.24389884870044,train
2014-06-29,275.0,288.17863117978436,train
2014-06-30,451.0,449.4123119580342,train
2014-07-01,429.0,430.16053243345755,train
2014-07-02,319.0,328.45272260390465,train
2014-07-03,473.0,479.5150744139772,train
2014-07-04,286.0,317.86190478441694,train
2014-07-05,319.0,333.6983564318054,train
2014-07-06,352.0,350.826187052681,train
2014-07-07,473.0,484.66421911660046,train
2014-07-08,396.0,424.9309574737646,train
2014-07-09,505.0,512.9273805117076,train
2014-07-10,275.0,309.69191568117924,train
2014-07-11,330.0,342.501766036087,train
2014-07-12,341.0,352.46508032157146,train
2014-07-13,286.0,301.5564107769995,train
2014-07-14,494.0,330.5548199429223,train
2014-07-15,451.0,464.3945737801439,train
2014-07-16,616.0,533.0098419217136,train
2014-07-17,504.0,522.678516094983,train
2014-07-18,407.0,438.95945461326767,train
2014-07-19,297.0,335.2098758582123,train
2014-07-20,286.0,316.99245910289966,train
2014-07-21,473.0,492.44297678692055,train
2014-07-22,484.0,501.9291364956854,train
2014-07-23,561.0,561.9921624791599,train
2014-07-24,550.0,574.6375842593343,train
2014-07-25,418.0,442.6330279525886,train
2014-07-26,352.0,355.43946691001986,train
2014-07-27,319.0,334.6724902212083,train
2014-07-28,561.0,572.3964599492317,train
2014-07-29,440.0,465.72691724245993,train
2014-07-30,484.0,518.0400119478034,train
2014-07-31,462.0,503.4852460998575,train
2014-08-01,505.0,523.135485381928,train
2014-08-02,286.0,322.1019800852058,train
2014-08-03,396.0,428.9031199856507,train
2014-08-04,670.0,656.2062003217012,train
2014-08-05,571.0,590.8342373391303,train
2014-08-06,440.0,478.9825499667701,train
2014-08-07,418.0,439.5159972356435,train
2014-08-08,539.0,551.9352218949907,train
2014-08-09,297.0,329.7978820387825,train
2014-08-10,297.0,326.10446028606106,train
2014-08-11,660.0,642.2922108156198,train
2014-08-12,638.0,654.4377524212798,train
2014-08-13,603.0,617.4561127003549,train
2014-08-14,484.0,509.3477839233458,train
2014-08-15,484.0,513.8548288702204,train
2014-08-16,506.0,511.98094863579666,train
2014-08-17,286.0,318.3623649190846,train
2014-08-18,528.0,553.6737812064337,train
2014-08-19,616.0,600.2528475216473,train
2014-08-20,627.0,633.7141713342486,train
2014-08-21,495.0,518.122581019163,train
2014-08-22,802.0,762.1390623191531,train
2014-08-23,583.0,588.3642627162494,train
2014-08-24,395.0,421.9962870260837,train
2014-08-25,593.0,597.8487518668358,train
2014-08-26,594.0,586.3694042904012,train
2014-08-27,626.0,641.2630764040078,train
2014-08-28,472.0,503.98646935204476,train
2014-08-29,561.0,564.5979565532871,train
2014-08-30,374.0,397.2043392326946,train
2014-08-31,319.0,335.680348813166,train
2014-09-01,440.0,455.2197212552252,train
2014-09-02,604.0,418.65377269340513,train
2014-09-03,407.0,446.6220496739024,train
2014-09-04,363.0,394.84423768969003,train
2014-09-05,451.0,462.16818875930693,train
2014-09-06,385.0,396.59241814134225,train
2014-09-07,385.0,389.4861020704378,train
2014-09-08,451.0,460.8368258913191,train
2014-09-09,571.0,575.2601343178139,train
2014-09-10,671.0,678.8070890773367,train
2014-09-11,582.0,586.7409440391295,train
2014-09-12,527.0,541.1101166267329,train
2014-09-13,252.0,311.0428702240669,train
2014-09-14,374.0,388.50678784157077,train
2014-09-15,690.0,677.1974323022322,train
2014-09-16,506.0,519.2570851868487,train
2014-09-17,537.0,552.7990744643821,train
2014-09-18,483.0,506.28108293644414,train
2014-09-19,395.0,423.31768396009045,train
2014-09-20,406.0,427.5528324757137,train
2014-09-21,286.0,314.5498445270312,train
2014-09-22,560.0,569.31178889409,train
2014-09-23,493.0,508.9287164986011,train
2014-09-24,524.0,528.4824185615107,train
2014-09-25,517.0,525.4180546850453,train
2014-09-26,328.0,361.7821974577677,train
2014-09-27,186.0,245.08716562527246,train
2014-09-28,231.0,259.24020589507853,train
2014-09-29,417.0,426.47455724923014,train
2014-09-30,545.0,543.5740787272367,train
2014-10-01,469.0,491.7958740821135,train
2014-10-02,415.0,427.206286069676,train
2014-10-03,450.0,460.738273645902,train
2014-10-04,317.0,335.7984030365411,train
2014-10-05,208.0,248.6435091378625,train
2014-10-06,437.0,456.7101663041172,train
2014-10-07,483.0,495.0272453884498,train
2014-10-08,515.0,529.5008134582026,train
2014-10-09,426.0,441.2986925425528,train
2014-10-10,395.0,405.9609982354491,train
2014-10-11,383.0,392.16105627570107,train
2014-10-12,380.0,382.9116405311115,train
2014-10-13,492.0,508.1446286897147,train
2014-10-14,424.0,440.9465126739611,train
2014-10-15,544.0,534.9842118583593,train
2014-10-16,435.0,442.7115694132899,train
2014-10-17,393.0,397.39704044902675,train
2014-10-18,280.0,296.7073335112924,train
2014-10-19,187.0,227.7924303238242,train
2014-10-20,439.0,443.6843318509534,train
2014-10-21,284.0,301.59813342855716,train
2014-10-22,525.0,521.949079603399,train
2014-10-23,339.0,347.78863191410585,train
2014-10-24,402.0,407.40259801923816,train
2014-10-25,339.0,337.13936065594544,train
2014-10-26,263.0,277.9308389537595,train
2014-10-27,456.0,457.46645935190617,train
2014-10-28,445.0,449.0719543174449,train
2014-10-29,580.0,576.060509745075,train
2014-10-30,468.0,467.73789054972605,train
2014-10-31,545.0,538.6552469810076,train
2014-11-01,541.0,532.1528640216197,train
2014-11-02,230.0,282.3781656053197,train
2014-11-03,453.0,461.2970204573683,train
2014-11-04,346.0,362.4356219635682,train
2014-11-05,531.0,524.2717020563399,train
2014-11-06,342.0,354.11779346434514,train
2014-11-07,552.0,539.7150667920698,train
2014-11-08,302.0,327.2416949881152,train
2014-11-09,367.0,365.32369301658173,train
2014-11-10,423.0,430.83384216787505,train
2014-11-11,519.0,520.4154010036063,train
2014-11-12,447.0,458.26134962690435,train
2014-11-13,323.0,347.4179066093161,train
2014-11-14,327.0,342.1054388048747,train
2014-11-15,301.0,312.16811453117145,train
2014-11-16,271.0,286.99515889044767,train
2014-11-17,421.0,441.35079653367535,train
2014-11-18,528.0,528.4381037473898,train
2014-11-19,454.0,469.8635698931349,train
2014-11-20,277.0,324.2064977648123,train
2014-11-21,291.0,309.44975447606294,train
2014-11-22,403.0,413.90112507041175,train
2014-11-23,224.0,249.95030799881954,train
2014-11-24,518.0,526.9045989360084,train
2014-11-25,474.0,483.06163748406027,train
2014-11-26,353.0,383.3341101719881,train
2014-11-27,367.0,375.1519326006971,train
2014-11-28,493.0,496.24007170456036,train
2014-11-29,269.0,291.21951515176977,train
2014-11-30,289.0,300.7320146052274,train
2014-12-01,441.0,443.1939377382737,train
2014-12-02,527.0,527.954172943801,train
2014-12-03,459.0,470.7544226879073,train
2014-12-04,382.0,395.703296967338,train
2014-12-05,335.0,347.8637013583107,train
2014-12-06,289.0,305.6324216684011,train
2014-12-07,280.0,295.87050996373046,train
2014-12-08,437.0,449.12443900501216,train
2014-12-09,318.0,339.0792334581886,train
2014-12-10,534.0,534.9541799424849,train
2014-12-11,272.0,295.5218743243995,train
2014-12-12,313.0,325.86910608934977,train
2014-12-13,263.0,277.960872169634,train
2014-12-14,209.0,229.55984910217134,train
2014-12-15,375.0,389.18671353261163,train
2014-12-16,391.0,397.5365559146621,train
2014-12-17,409.0,423.1832694064252,train
2014-12-18,362.0,371.28553476396706,train
2014-12-19,317.0,324.8190094855972,train
2014-12-20,337.0,341.0678767244049,train
2014-12-21,364.0,365.85247412449127,train
2014-12-22,365.0,373.2755608790277,train
2014-12-23,288.0,297.4402628428454,train
2014-12-24,303.0,312.430881163226,train
2014-12-25,317.0,326.39579936364294,train
2014-12-26,354.0,365.5147448927729,train
2014-12-27,306.0,307.2228518273128,train
2014-12-28,279.0,288.92959288145386,train
2014-12-29,410.0,412.2468376245546,train
2014-12-30,320.0,325.29319401805856,train
2014-12-31,330.0,331.67112796545854,train
2015-01-01,300.0,298.2978173680265,train
2015-01-02,370.0,369.02206553758947,train
2015-01-03,240.0,247.25535656702067,train
2015-01-04,200.0,216.29877785001466,train
2015-01-05,320.0,325.0100525773519,train
2015-01-06,330.0,329.03050334161566,train
2015-01-07,420.0,425.6324001485321,train
2015-01-08,370.0,375.633396395269,train
2015-01-09,400.0,407.83751914977177,train
2015-01-10,200.0,221.9960645010288,train
2015-01-11,290.0,291.70690698498134,train
2015-01-12,400.0,399.6444123056513,train
2015-01-13,410.0,412.7238673076006,train
2015-01-14,430.0,439.00536916203873,train
2015-01-15,370.0,379.7746411961672,train
2015-01-16,440.0,447.995068415706,train
2015-01-17,320.0,327.45509716213667,train
2015-01-18,270.0,279.5825045867427,train
2015-01-19,430.0,435.0561751394693,train
2015-01-20,320.0,325.93070882019236,train
2015-01-21,410.0,417.9618015641761,train
2015-01-22,230.0,251.5366239139998,train
2015-01-23,310.0,320.18910731914434,train
2015-01-24,230.0,236.57247977854274,train
2015-01-25,250.0,261.8580610494971,train
2015-01-26,530.0,523.8425961079813,train
2015-01-27,440.0,447.4255621231821,train
2015-01-28,400.0,413.5600258954041,train
2015-01-29,280.0,295.8120923104955,train
2015-01-30,220.0,242.32582381584524,train
2015-01-31,280.0,282.26991541513263,train
2015-02-01,270.0,275.0072042663996,train
2015-02-02,370.0,390.1244236748243,train
2015-02-03,260.0,279.1788827452687,train
2015-02-04,320.0,325.9526709545992,train
2015-02-05,250.0,269.5223434862999,train
2015-02-06,380.0,389.51023691454776,train
2015-02-07,250.0,271.32906150942154,train
2015-02-08,200.0,223.42159000227818,train
2015-02-09,280.0,296.11736091914844,train
2015-02-10,350.0,363.90775873032334,train
2015-02-11,390.0,402.26043411255625,train
2015-02-12,350.0,361.7817294362594,train
2015-02-13,340.0,355.3722251582333,train
2015-02-14,490.0,496.16922159533317,train
2015-02-15,240.0,266.16798488695895,train
2015-02-16,290.0,303.77278689976924,train
2015-02-17,360.0,373.68060114331325,train
2015-02-18,290.0,301.4264289285616,train
2015-02-19,300.0,312.49849661624876,train
2015-02-20,370.0,381.2439832075344,train
2015-02-21,320.0,333.8924475544903,train
2015-02-22,300.0,309.51925709424785,train
2015-02-23,340.0,353.7349416951227,train
2015-02-24,420.0,431.91073403537706,train
2015-02-25,360.0,374.3919371701293,train
2015-02-26,360.0,368.70122952499963,train
2015-02-27,290.0,303.72804707923854,train
2015-02-28,200.0,233.70799933906085,train
2015-03-01,360.0,370.978285614664,train
2015-03-02,400.0,410.53111231948327,train
2015-03-03,380.0,392.5611733259444,train
2015-03-04,420.0,433.63240073114997,train
2015-03-05,360.0,370.18219880470565,train
2015-03-06,370.0,375.9387610826948,train
2015-03-07,310.0,317.44182633973935,train
2015-03-08,310.0,319.1217761407064,train
2015-03-09,390.0,397.122225611086,train
2015-03-10,440.0,444.50980474487267,train
2015-03-11,450.0,462.0858308032927,train
2015-03-12,460.0,469.4926197879329,train
2015-03-13,360.0,367.4538887118591,train
2015-03-14,300.0,311.5880945426056,train
2015-03-15,370.0,370.0628484602037,train
2015-03-16,400.0,405.1995765108664,train
2015-03-17,400.0,410.71350876604475,train
2015-03-18,500.0,505.8178603600552,train
2015-03-19,370.0,381.299270678483,train
2015-03-20,480.0,479.74751225857614,train
2015-03-21,390.0,389.8415369657656,train
2015-03-22,270.0,293.8908416685059,train
2015-03-23,590.0,589.8387269706889,train
2015-03-24,380.0,386.3458242706115,train
2015-03-25,490.0,494.19426933586584,train
2015-03-26,450.0,461.8549771893487,train
2015-03-27,360.0,375.491190298651,train
2015-03-28,490.0,485.2614016647135,train
2015-03-29,370.0,370.72441013165377,train
2015-03-30,540.0,546.3010909151817,train
2015-03-31,390.0,398.5454095851375,train
2015-04-01,550.0,551.641991896512,train
2015-04-02,400.0,409.09298614431026,train
2015-04-03,480.0,483.7532990195491,train
2015-04-04,400.0,409.2065381921595,train
2015-04-05,460.0,466.3290741093085,train
2015-04-06,790.0,765.2522270318452,train
2015-04-07,450.0,483.88627889269407,train
2015-04-08,710.0,655.0233402056632,train
2015-04-09,630.0,623.7520994891411,train
2015-04-10,690.0,692.2011310351384,train
2015-04-11,520.0,534.7941190259689,train
2015-04-12,590.0,588.9412886303361,train
2015-04-13,750.0,738.6790080243121,train
2015-04-14,930.0,867.7702971416886,train
2015-04-15,680.0,695.1507005065844,train
2015-04-16,730.0,740.4728527525781,train
2015-04-17,790.0,793.6323679706013,train
2015-04-18,800.0,794.5012054474405,train
2015-04-19,580.0,587.8554846716381,train
2015-04-20,860.0,867.9576072184743,train
2015-04-21,720.0,743.4346525855735,train
2015-04-22,850.0,845.205084022145,train
2015-04-23,550.0,580.0538077062076,train
2015-04-24,740.0,749.9670362639365,train
2015-04-25,670.0,662.1122362866905,train
2015-04-26,770.0,762.9788514975007,train
2015-04-27,730.0,753.8494074573164,train
2015-04-28,850.0,856.8953526399564,train
2015-04-29,560.0,593.4072167242025,train
2015-04-30,600.0,604.9336230515686,train
2015-05-01,890.0,879.2423379288597,train
2015-05-02,610.0,603.0397654813156,train
2015-05-03,590.0,595.4150750906307,train
2015-05-04,860.0,850.5129251354306,train
2015-05-05,910.0,895.7500175376454,train
2015-05-06,820.0,812.6585136384372,train
2015-05-07,630.0,640.2274382340477,train
2015-05-08,870.0,870.4908399469238,train
2015-05-09,500.0,524.225827702314,train
2015-05-10,610.0,604.0021274265855,train
2015-05-11,830.0,824.2857767755228,train
2015-05-12,840.0,837.1713992361767,train
2015-05-13,830.0,832.0533331966263,train
2015-05-14,560.0,587.2381225756859,train
2015-05-15,980.0,932.1534632506555,train
2015-05-16,670.0,671.8094018017529,train
2015-05-17,790.0,779.0407912173098,train
2015-05-18,810.0,810.8778887906374,train
2015-05-19,1090.0,943.8828530577797,train
2015-05-20,900.0,906.3155866554243,train
2015-05-21,780.0,782.4259114135692,train
2015-05-22,1060.0,947.6012233895951,train
2015-05-23,660.0,673.3419880251199,train
2015-05-24,570.0,582.6222726564481,train
2015-05-25,920.0,901.4090212482951,train
2015-05-26,910.0,904.6879179660009,train
2015-05-27,890.0,892.7133100030235,train
2015-05-28,700.0,704.3038707935737,train
2015-05-29,720.0,715.1410409348239,train
2015-05-30,370.0,430.83717773851635,train
2015-05-31,620.0,606.2776464796822,train
2015-06-01,840.0,805.3866119880181,train
2015-06-02,790.0,762.8097209209511,train
2015-06-03,770.0,755.5023173344978,train
2015-06-04,600.0,609.2703482315507,train
2015-06-05,530.0,534.9946543065037,train
2015-06-06,610.0,590.609441977472,train
2015-06-07,420.0,440.9842853582843,train
2015-06-08,1000.0,926.1936503714742,train
2015-06-09,700.0,681.4504779395245,train
2015-06-10,600.0,623.3883378044716,train
2015-06-11,720.0,686.6646491809081,train
2015-06-12,630.0,623.8791720026438,train
2015-06-13,530.0,518.1402556999514,train
2015-06-14,510.0,489.25610036985427,train
2015-06-15,660.0,638.0886265689645,train
2015-06-16,609.0,603.9144511239012,train
2015-06-17,630.0,616.0842336315934,train
2015-06-18,550.0,554.9947072294873,train
2015-06-19,470.0,478.47867643943147,train
2015-06-20,330.0,363.14198206308515,train
2015-06-21,460.0,449.83446308870714,train
2015-06-22,590.0,563.8849222342525,train
2015-06-23,640.0,614.7372002952518,train
2015-06-24,460.0,478.2383807765593,train
2015-06-25,520.0,512.3545180255966,train
2015-06-26,480.0,467.104873235035,train
2015-06-27,390.0,376.8853500895942,train
2015-06-28,360.0,356.19209808400433,train
2015-06-29,700.0,645.6782688863809,train
2015-06-30,500.0,494.63586729679594,train
2015-07-01,630.0,605.8833626498938,train
2015-07-02,399.0,415.14544773543724,train
2015-07-03,680.0,632.4417717056474,train
2015-07-04,460.0,444.1974712684315,train
2015-07-05,320.0,340.24841845559774,train
2015-07-06,520.0,508.2779911870713,train
2015-07-07,600.0,570.6569678461443,train
2015-07-08,590.0,569.9275088887038,train
2015-07-09,530.0,513.4840948859746,train
2015-07-10,530.0,516.3464497654169,train
2015-07-11,420.0,407.5533697609022,train
2015-07-12,440.0,415.00171887182347,train
2015-07-13,730.0,666.8730267365017,train
2015-07-14,610.0,582.183100572397,train
2015-07-15,700.0,654.3145366069244,train
2015-07-16,570.0,552.9395250052632,train
2015-07-17,650.0,625.3897470095042,train
2015-07-18,460.0,450.7551448743982,train
2015-07-19,340.0,360.56873629206075,train
2015-07-20,550.0,532.9403823116247,train
2015-07-21,580.0,554.5157613325467,train
2015-07-22,600.0,578.521993468871,train
2015-07-23,520.0,513.6021505360892,train
2015-07-24,380.0,398.204568143791,train
2015-07-25,350.0,347.2552800635906,train
2015-07-26,300.0,307.0171940757689,train
2015-07-27,510.0,483.5352988277108,train
2015-07-28,490.0,485.69536030505617,train
2015-07-29,460.0,465.3588480797145,train
2015-07-30,270.0,310.2623040854836,train
2015-07-31,370.0,350.6538223684551,train
2015-08-01,360.0,332.19814559807855,train
2015-08-02,350.0,333.9899398686865,train
2015-08-03,460.0,452.1009612697183,train
2015-08-04,530.0,503.73218766610006,train
2015-08-05,560.0,521.2328545516389,train
2015-08-06,310.0,341.46782042959217,train
2015-08-07,450.0,437.13857737771684,train
2015-08-08,208.0,260.01384611418075,train
2015-08-09,310.0,282.6263168607988,train
2015-08-10,430.0,425.96495287020775,train
2015-08-11,590.0,546.9418713361764,train
2015-08-12,490.0,477.14499365878794,train
2015-08-13,380.0,370.3410777248951,train
2015-08-14,460.0,445.4348538482008,train
2015-08-15,310.0,306.58068947766037,train
2015-08-16,200.0,247.75539515925453,train
2015-08-17,439.0,425.88547020241367,train
2015-08-18,540.0,504.39231959686254,train
2015-08-19,380.0,376.5811224012056,train
2015-08-20,468.0,447.91699924164567,train
2015-08-21,410.0,411.6499460238357,train
2015-08-22,330.0,322.2950806293385,train
2015-08-23,259.0,256.3453704912214,train
2015-08-24,409.0,405.7919843306108,train
2015-08-25,430.0,426.9881856936378,train
2015-08-26,380.0,367.02568944900656,train
2015-08-27,370.0,363.85763576176174,train
2015-08-28,400.0,396.08022961929,train
2015-08-29,400.0,387.8454236601475,train
2015-08-30,290.0,285.84423772107465,train
2015-08-31,360.0,358.22611926050973,train
2015-09-01,300.0,303.91023975498535,train
2015-09-02,400.0,408.61448242243824,train
2015-09-03,350.0,351.7120637782059,train
2015-09-04,380.0,376.4333349487981,train
2015-09-05,330.0,323.05993077548294,train
2015-09-06,240.0,248.57275348484603,train
2015-09-07,300.0,293.06625018684736,train
2015-09-08,400.0,385.82484683027957,train
2015-09-09,548.0,524.3347376722429,train
2015-09-10,290.0,304.505230634526,train
2015-09-11,340.0,340.4790196673897,train
2015-09-12,410.0,390.79466774397366,train
2015-09-13,150.0,209.84209887030968,train
2015-09-14,320.0,299.2624601919996,train
2015-09-15,360.0,339.5019624907881,train
2015-09-16,499.0,480.2828704001678,train
2015-09-17,339.0,332.8398133866846,train
2015-09-18,348.0,340.34540842630116,train
2015-09-19,370.0,357.4809152319312,train
2015-09-20,378.0,362.2924020201461,train
2015-09-21,428.0,417.1773507311026,train
2015-09-22,440.0,427.78377305996855,train
2015-09-23,470.0,468.8951566193222,train
2015-09-24,338.0,339.81197765347434,train
2015-09-25,360.0,363.89090320235823,train
2015-09-26,400.0,381.70501241700674,train
2015-09-27,339.0,332.7809816430964,train
2015-09-28,459.0,445.7443211052586,train
2015-09-29,327.0,337.4761866816242,train
2015-09-30,399.0,400.6328291662265,train
2015-10-01,430.0,421.3827194581449,train
2015-10-02,409.0,409.4653778107318,train
2015-10-03,279.0,291.0188917493968,train
2015-10-04,378.0,371.9135183138788,train
2015-10-05,338.0,340.06812165918825,train
2015-10-06,457.0,442.74887858889247,train
2015-10-07,539.0,530.2658920401275,train
2015-10-08,450.0,448.58628993027196,train
2015-10-09,308.0,329.1032716428619,train
2015-10-10,308.0,310.8526693072557,train
2015-10-11,249.0,251.83459849062268,train
2015-10-12,239.0,256.4193858254106,train
2015-10-13,419.0,420.3494533278251,train
2015-10-14,439.0,438.9232848066175,train
2015-10-15,428.0,432.31896315891703,train
2015-10-16,455.0,443.64851359883744,train
2015-10-17,298.0,304.6890195935089,train
2015-10-18,248.0,258.1456716754443,train
2015-10-19,468.0,453.03823236210417,train
2015-10-20,316.0,330.64748847421674,train
2015-10-21,419.0,425.7812917577267,train
2015-10-22,416.0,421.718094561104,train
2015-10-23,436.0,435.28831366194373,train
2015-10-24,327.0,327.192199495532,train
2015-10-25,247.0,256.57843235446546,train
2015-10-26,486.0,474.35200560953047,train
2015-10-27,408.0,407.0347727362097,train
2015-10-28,434.0,436.64058014678983,train
2015-10-29,444.0,440.63841927613385,train
2015-10-30,247.0,270.80149377588714,train
2015-10-31,197.0,210.13993246829855,train
2015-11-01,319.0,307.42797365662096,train
2015-11-02,347.0,350.70370192261595,train
2015-11-03,433.0,431.5298483333679,train
2015-11-04,338.0,343.3577249687973,train
2015-11-05,443.0,438.6929996452755,train
2015-11-06,433.0,425.76349565007865,train
2015-11-07,317.0,319.39297491593754,train
2015-11-08,326.0,322.59576804551716,train
2015-11-09,453.0,441.82355575781304,train
2015-11-10,416.0,416.21419869497964,train
2015-11-11,481.0,478.6568048639643,train
2015-11-12,325.0,339.0867364564921,train
2015-11-13,308.0,316.0301477990663,train
2015-11-14,237.0,239.63767139783903,train
2015-11-15,275.0,277.7654935827815,train
2015-11-16,628.0,598.1099770025561,train
2015-11-17,375.0,386.00106863964743,train
2015-11-18,519.0,521.8403147338921,train
2015-11-19,392.0,404.21137896250684,train
2015-11-20,267.0,282.24353744305813,train
2015-11-21,306.0,300.77032020554316,train
2015-11-22,280.0,281.70220094649426,train
2015-11-23,384.0,387.41498392521004,train
2015-11-24,429.0,425.8378463567793,train
2015-11-25,421.0,421.44431731725615,train
2015-11-26,330.0,334.5406666581375,train
2015-11-27,270.0,277.11450667361885,train
2015-11-28,243.0,239.93264829180296,train
2015-11-29,161.0,194.74343045697765,train
2015-11-30,317.0,313.56747298565165,train
2015-12-01,307.0,306.3238369629807,train
2015-12-02,326.0,329.3404602182407,train
2015-12-03,336.0,337.9171758847808,train
2015-12-04,252.0,258.1862233550159,train
2015-12-05,250.0,246.7005900801833,train
2015-12-06,230.0,230.8538763345039,train
2015-12-07,296.0,291.5081378310798,train
2015-12-08,270.0,269.20371337206484,train
2015-12-09,391.0,389.6455007358168,train
2015-12-10,377.0,369.7823949155244,train
2015-12-11,235.0,248.70151920235662,train
2015-12-12,180.0,191.18080474617898,train
2015-12-13,254.0,250.83568379172831,train
2015-12-14,268.0,268.7937967519548,train
2015-12-15,279.0,276.6248571961413,train
2015-12-16,198.0,209.80759662646,train
2015-12-17,306.0,303.1234796895852,train
2015-12-18,311.0,308.49385837566126,train
2015-12-19,221.0,221.1832389278243,train
2015-12-20,215.0,215.8362810548317,train
2015-12-21,301.0,300.74092831881615,train
2015-12-22,183.0,192.87021302775648,train
2015-12-23,323.0,318.38904530690667,train
2015-12-24,298.0,297.3839770861051,train
2015-12-25,290.0,292.0050221501797,train
2015-12-26,211.0,215.28251970491527,train
2015-12-27,227.0,227.2802907278995,train
2015-12-28,226.0,225.89515323185913,train
2015-12-29,235.0,232.67758267920874,train
2015-12-30,343.0,338.38255080859756,train
2015-12-31,216.0,219.32375529421435,train
2016-01-01,279.0,278.2294052465967,train
2016-01-02,225.0,224.66237955047453,train
2016-01-03,351.0,341.8894823741929,train
2016-01-04,305.0,305.4957591496858,train
2016-01-05,333.0,338.9195184926285,train
2016-01-06,171.0,192.8456180568443,train
2016-01-07,261.0,260.54849969344923,train
2016-01-08,261.0,259.8596865423503,train
2016-01-09,207.0,212.6771373055404,train
2016-01-10,207.0,210.84890514174162,train
2016-01-11,252.0,251.57175111695938,train
2016-01-12,216.0,214.20548716555945,train
2016-01-13,180.0,186.74608338486723,train
2016-01-14,333.0,326.7235084909842,train
2016-01-15,306.0,304.15581607019,train
2016-01-16,153.0,177.4720660063689,train
2016-01-17,225.0,218.79798980753367,train
2016-01-18,261.0,258.31049383947715,train
2016-01-19,216.0,211.79043918728908,train
2016-01-20,135.0,168.80182126913195,train
2016-01-21,189.0,185.56494132903606,train
2016-01-22,99.0,167.3102906725204,train
2016-01-23,171.0,167.84791616718007,train
2016-01-24,189.0,180.6568385339978,train
2016-01-25,306.0,297.23142590041056,train
2016-01-26,306.0,302.3019320268078,train
2016-01-27,234.0,236.2883169897983,train
2016-01-28,252.0,249.24372359898553,train
2016-01-29,234.0,230.33048029071716,train
2016-01-30,180.0,174.63588380252997,train
2016-01-31,135.0,162.18146931706082,train
2016-02-01,288.0,278.91738324942526,train
2016-02-02,260.0,255.86410014741634,train
2016-02-03,396.0,391.16451214063704,train
2016-02-04,252.0,255.5127893372004,train
2016-02-05,288.0,287.986803648599,train
2016-02-06,162.0,172.43139952846053,train
2016-02-07,180.0,180.83751773161688,train
2016-02-08,207.0,205.28546116929832,train
2016-02-09,180.0,181.6747813547744,train
2016-02-10,369.0,371.2486855486961,train
2016-02-11,333.0,330.99107310314207,train
2016-02-12,306.0,308.96131778655075,train
2016-02-13,207.0,208.59482104521288,train
2016-02-14,243.0,243.1798570066629,train
2016-02-15,297.0,297.6302780978514,train
2016-02-16,333.0,330.32991029589147,train
2016-02-17,270.0,276.8652888037362,train
2016-02-18,360.0,360.1222064901287,train
2016-02-19,342.0,342.2961250206302,train
2016-02-20,297.0,297.8484484290586,train
2016-02-21,270.0,269.27149077833167,train
2016-02-22,252.0,265.03173808623967,train
2016-02-23,243.0,260.93550499819173,train
2016-02-24,279.0,285.75292494337543,train
2016-02-25,414.0,415.43978724187895,train
2016-02-26,342.0,342.1964609519088,train
2016-02-27,306.0,309.52086546738883,train
2016-02-28,270.0,273.8904929675906,train
2016-02-29,369.0,374.92676135409033,train
2016-03-01,333.0,333.27957375274787,train
2016-03-02,324.0,329.18043686364683,train
2016-03-03,405.0,413.00253538747427,train
2016-03-04,288.0,294.8843380916941,train
2016-03-05,198.0,225.04964043470108,train
2016-03-06,279.0,282.29186615393064,train
2016-03-07,423.0,430.8633895860914,train
2016-03-08,270.0,283.4363121248539,train
2016-03-09,315.0,323.47422700359164,train
2016-03-10,405.0,413.4790459061261,train
2016-03-11,369.0,377.3778208723604,train
2016-03-12,270.0,283.94518253983745,train
2016-03-13,288.0,294.6078409930625,train
2016-03-14,306.0,319.6840660111531,train
2016-03-15,342.0,339.14446946569876,train
2016-03-16,333.0,336.4283996449558,train
2016-03-17,351.0,359.981349403391,train
2016-03-18,342.0,344.23046087249884,train
2016-03-19,306.0,312.8459680432588,train
2016-03-20,315.0,320.7928475006041,train
2016-03-21,387.0,392.2215161530407,train
2016-03-22,351.0,358.98366788769874,train
2016-03-23,378.0,386.3940664391885,train
2016-03-24,306.0,318.7475522908753,train
2016-03-25,315.0,322.51435135049115,train
2016-03-26,270.0,282.22470245596185,train
2016-03-27,261.0,277.9364193194592,train
2016-03-28,540.0,532.2423225035901,train
2016-03-29,342.0,345.6081599959853,train
2016-03-30,369.0,379.81918259692196,train
2016-03-31,333.0,336.87823038230556,train
2016-04-01,360.0,371.4869482768394,train
2016-04-02,342.0,335.78501426277467,train
2016-04-03,306.0,315.631362750989,train
2016-04-04,540.0,539.0918099564834,train
2016-04-05,459.0,474.54145675934996,train
2016-04-06,495.0,499.7156243752999,train
2016-04-07,522.0,525.8772242151142,train
2016-04-08,360.0,383.9648832617834,train
2016-04-09,297.0,312.3286277790111,train
2016-04-10,315.0,320.39124748667734,train
2016-04-11,540.0,541.0068596276998,train
2016-04-12,513.0,520.4029275816215,train
2016-04-13,531.0,542.0397522149487,train
2016-04-14,423.0,438.87700662649485,train
2016-04-15,450.0,460.34240735927506,train
2016-04-16,297.0,312.1677649775729,train
2016-04-17,378.0,379.8642451828755,train
2016-04-18,450.0,465.28953347723086,train
2016-04-19,477.0,485.3227825996099,train
2016-04-20,576.0,572.3180476850612,train
2016-04-21,342.0,378.10158792805294,train
2016-04-22,486.0,479.69629547983345,train
2016-04-23,270.0,303.54504084952885,train
2016-04-24,432.0,448.7082420245973,train
2016-04-25,612.0,607.5289574226348,train
2016-04-26,504.0,516.3461514166306,train
2016-04-27,558.0,554.1022951522962,train
2016-04-28,378.0,401.17075353390857,train
2016-04-29,441.0,452.08884572605825,train
2016-04-30,288.0,319.3790506754126,train
2016-05-01,387.0,396.12748962141734,train
2016-05-02,423.0,451.2888094260217,train
2016-05-03,387.0,420.94395099171413,train
2016-05-04,576.0,570.6173110573092,train
2016-05-05,540.0,531.1238057805194,train
2016-05-06,432.0,452.4674084008974,train
2016-05-07,360.0,383.7195553445771,train
2016-05-08,378.0,391.5653698667468,train
2016-05-09,729.0,688.9412647193701,train
2016-05-10,603.0,592.8910600866625,train
2016-05-11,594.0,598.0529496505501,train
2016-05-12,423.0,451.98548215915963,train
2016-05-13,567.0,566.6274017040947,train
2016-05-14,423.0,435.31246063026396,train
2016-05-15,468.0,488.0625919054651,train
2016-05-16,621.0,619.5562130736669,train
2016-05-17,567.0,578.91281883483,train
2016-05-18,522.0,537.7914156499013,train
2016-05-19,611.0,608.1059914494031,train
2016-05-20,602.0,599.6226796437891,train
2016-05-21,423.0,445.2615038675932,train
2016-05-22,531.0,540.1386362117717,train
2016-05-23,711.0,693.7703272101412,train
2016-05-24,630.0,640.8855580963307,train
2016-05-25,711.0,724.8096413415485,train
2016-05-26,522.0,547.1563514381108,train
2016-05-27,675.0,680.4797716584767,train
2016-05-28,540.0,558.2142694437124,train
2016-05-29,513.0,537.8054532233064,train
2016-05-30,593.0,607.6538504102132,train
2016-05-31,612.0,629.0661427805472,train
2016-06-01,846.0,815.9017906604138,train
2016-06-02,612.0,637.9509024356452,train
2016-06-03,693.0,715.3437091581127,train
2016-06-04,594.0,604.0678244649506,train
2016-06-05,558.0,572.3383633890799,train
2016-06-06,648.0,662.8207007202159,train
2016-06-07,486.0,515.3888453537405,train
2016-06-08,522.0,551.9661990710788,train
2016-06-09,486.0,504.97143113802474,train
2016-06-10,684.0,679.068219922592,train
2016-06-11,396.0,426.3888174427923,train
2016-06-12,387.0,425.5864450285219,train
2016-06-13,612.0,624.3293978176785,train
2016-06-14,612.0,628.1372005011419,train
2016-06-15,675.0,675.2342111746211,train
2016-06-16,639.0,658.9251126336303,train
2016-06-17,540.0,563.3964612488103,train
2016-06-18,477.0,499.9792850750251,train
2016-06-19,567.0,557.82204214315,train
2016-06-20,657.0,669.5213985526929,train
2016-06-21,648.0,657.7934651910208,train
2016-06-22,612.0,627.7555699049834,train
2016-06-23,576.0,581.9072730610823,train
2016-06-24,792.0,778.1070019199053,train
2016-06-25,414.0,445.08476764338474,train
2016-06-26,423.0,444.9944664032143,train
2016-06-27,603.0,627.639473697737,train
2016-06-28,693.0,695.7319816183652,train
2016-06-29,459.0,503.4478297095988,train
2016-06-30,558.0,578.2741546145077,train
2016-07-01,566.0,575.1682445623187,train
2016-07-02,396.0,418.8901928213585,train
2016-07-03,423.0,429.15601294122433,train
2016-07-04,603.0,613.8630899260862,train
2016-07-05,693.0,671.4169187966288,train
2016-07-06,540.0,563.014810532453,train
2016-07-07,639.0,648.6815912505308,train
2016-07-08,531.0,550.4583769327862,train
2016-07-09,405.0,421.621034869669,train
2016-07-10,315.0,342.72053837757136,train
2016-07-11,612.0,620.2108745539931,train
2016-07-12,585.0,587.0835775933813,train
2016-07-13,521.0,538.3836803825967,train
2016-07-14,477.0,494.19087320050767,train
2016-07-15,522.0,510.542343185434,train
2016-07-16,459.0,482.68477381806247,train
2016-07-17,387.0,407.0323423242625,train
2016-07-18,477.0,497.3729849261499,train
2016-07-19,558.0,565.9908086853142,train
2016-07-20,396.0,426.32338059763845,train
2016-07-21,513.0,533.9336724453606,train
2016-07-22,432.0,455.04666408943217,train
2016-07-23,387.0,409.05824589051537,train
2016-07-24,324.0,347.1217102415671,train
2016-07-25,585.0,586.7010639094053,train
2016-07-26,503.0,521.6485485711277,train
2016-07-27,467.0,492.67863020739014,train
2016-07-28,549.0,558.4318363371087,train
2016-07-29,576.0,564.2928843758955,train
2016-07-30,360.0,384.99046410011323,train
2016-07-31,332.0,350.70762581893734,train
2016-08-01,477.0,491.600906845981,train
2016-08-02,468.0,482.7307310818512,train
2016-08-03,378.0,414.7663584352253,train
2016-08-04,404.0,425.4937696579318,train
2016-08-05,432.0,439.9852006311414,train
2016-08-06,288.0,310.51818403351024,train
2016-08-07,314.0,327.67034548580364,train
2016-08-08,441.0,458.35372420024805,train
2016-08-09,432.0,356.4642178044819,train
2016-08-10,387.0,522.4568075562751,train
2016-08-11,341.0,357.70996487982495,train
2016-08-12,324.0,336.1525574382545,train
2016-08-13,288.0,304.3562051631424,train
2016-08-14,260.0,276.0154600870744,train
2016-08-15,368.0,382.4664007397836,train
2016-08-16,242.0,267.6644415576621,train
2016-08-17,405.0,420.7588152132838,train
2016-08-18,315.0,330.0846924149001,train
2016-08-19,441.0,445.7789782715622,train
2016-08-20,342.0,346.9096804218396,train
2016-08-21,261.0,280.35153157732464,train
2016-08-22,207.0,240.09857567331838,train
2016-08-23,297.0,310.1763113965361,train
2016-08-24,252.0,263.7020883804016,train
2016-08-25,288.0,299.4121099467816,train
2016-08-26,351.0,364.42548124604724,train
2016-08-27,251.0,263.16194384895687,train
2016-08-28,279.0,286.92592649014216,train
2016-08-29,405.0,415.187706354833,train
2016-08-30,315.0,320.11759285964473,train
2016-08-31,314.0,318.5921614950007,train
2016-09-01,341.0,346.2120345139749,train
2016-09-02,216.0,231.89039115078816,train
2016-09-03,333.0,336.923729755967,train
2016-09-04,198.0,209.98544969431504,train
2016-09-05,377.0,380.28246824442004,train
2016-09-06,248.0,256.01568977785564,train
2016-09-07,270.0,275.2446365815056,train
2016-09-08,278.0,287.11388737744454,train
2016-09-09,296.0,301.54399083548594,train
2016-09-10,286.0,287.46005595400334,train
2016-09-11,215.0,221.4306334173558,train
2016-09-12,341.0,344.492990584871,train
2016-09-13,259.0,263.18226095745786,train
2016-09-14,314.0,315.8785747332863,train
2016-09-15,340.0,340.02955429011075,train
2016-09-16,333.0,337.33393221064534,train
2016-09-17,162.0,182.16661266977204,train
2016-09-18,144.0,167.70112490847103,train
2016-09-19,269.0,260.63015680240375,train
2016-09-20,288.0,292.23160626346754,train
2016-09-21,324.0,325.79936124072015,train
2016-09-22,279.0,285.58244802170833,train
2016-09-23,369.0,369.56181436682067,train
2016-09-24,142.0,169.73043168000495,train
2016-09-25,225.0,234.31993677228266,train
2016-09-26,260.0,261.99283148715466,train
2016-09-27,350.0,353.7837326395848,train
2016-09-28,331.0,336.0845253350612,train
2016-09-29,322.0,321.50298931606136,train
2016-09-30,277.0,284.1193960247951,train
2016-10-01,341.0,339.77982834514097,train
2016-10-02,232.0,239.09095345677136,train
2016-10-03,340.0,341.72052201700365,train
2016-10-04,233.0,241.97186564237904,train
2016-10-05,293.0,296.25734152156446,train
2016-10-06,269.0,273.52947490700484,train
2016-10-07,287.0,292.65860291653996,train
2016-10-08,232.0,242.42219400654926,train
2016-10-09,188.0,194.73572102400104,train
2016-10-10,341.0,347.3220399963426,train
2016-10-11,215.0,220.90624556733692,train
2016-10-12,267.0,272.949342304908,train
2016-10-13,197.0,206.35493385433907,train
2016-10-14,260.0,263.6526238236717,train
2016-10-15,216.0,223.11097438065252,train
2016-10-16,241.0,248.28077900679318,train
2016-10-17,303.0,291.0647211346066,train
2016-10-18,285.0,292.02287700572344,train
2016-10-19,304.0,307.74874299431167,train
2016-10-20,259.0,262.8859373593124,train
2016-10-21,322.0,330.73432920589653,train
2016-10-22,170.0,179.03599863151786,train
2016-10-23,286.0,290.5832110545964,train
2016-10-24,315.0,307.3566051090602,train
2016-10-25,336.0,341.87054388177734,train
2016-10-26,224.0,219.23381415110933,train
2016-10-27,225.0,234.66915999613784,train
2016-10-28,214.0,219.33078960972156,train
2016-10-29,206.0,210.5809901987374,train
2016-10-30,168.0,177.08619771006082,train
2016-10-31,292.0,280.76972892366575,train
2016-11-01,294.0,299.4831515853991,train
2016-11-02,237.0,243.27781005593414,train
2016-11-03,256.0,257.2690089719549,train
2016-11-04,257.0,258.2998815638169,train
2016-11-05,218.0,222.55964635771545,train
2016-11-06,254.0,254.029071267986,train
2016-11-07,250.0,254.20347437811336,train
2016-11-08,214.0,220.2704858165144,train
2016-11-09,257.0,260.46882487709155,train
2016-11-10,229.0,235.50724129266948,train
2016-11-11,212.0,217.42390837643993,train
2016-11-12,179.0,186.9652240172334,train
2016-11-13,179.0,188.15952466128707,train
2016-11-14,197.0,206.07662451942252,train
2016-11-15,205.0,211.79736372782054,train
2016-11-16,221.0,212.15306752420906,train
2016-11-17,255.0,262.700349894704,train
2016-11-18,351.0,352.09659005950465,train
2016-11-19,238.0,211.18093560733863,train
2016-11-20,131.0,149.83948195510385,train
2016-11-21,285.0,293.168651951107,train
2016-11-22,217.0,229.53200953544172,train
2016-11-23,244.0,249.72399417481176,train
2016-11-24,335.0,336.6231156249237,train
2016-11-25,243.0,248.37708935780563,train
2016-11-26,163.0,174.97349867127338,train
2016-11-27,193.0,201.13694666809283,train
2016-11-28,386.0,384.3808448354787,train
2016-11-29,261.0,267.06809036523583,train
2016-11-30,292.0,295.4884888404337,train
2016-12-01,297.0,303.57358369875817,train
2016-12-02,227.0,234.9716098605416,train
2016-12-03,211.0,219.03218337784517,train
2016-12-04,192.0,197.61541251918996,train
2016-12-05,333.0,335.1702377748457,train
2016-12-06,286.0,227.1110449262815,train
2016-12-07,260.0,263.39853922749126,train
2016-12-08,246.0,248.03734619575783,train
2016-12-09,330.0,331.4327539730649,train
2016-12-10,183.0,190.99657803591245,train
2016-12-11,198.0,202.4377231149231,train
2016-12-12,235.0,237.49393670081332,train
2016-12-13,210.0,215.46094302083114,train
2016-12-14,244.0,246.9240330273434,train
2016-12-15,201.0,207.0607045395112,train
2016-12-16,250.0,250.32293291711528,train
2016-12-17,116.0,128.9667028980682,train
2016-12-18,132.0,142.5186289918997,train
2016-12-19,181.0,187.4001677427038,train
2016-12-20,282.0,281.9703705245324,train
2016-12-21,214.0,216.17200642541889,train
2016-12-22,173.0,179.29009285030403,train
2016-12-23,157.0,162.74658749746237,train
2016-12-24,140.0,150.18259637402147,train
2016-12-25,186.0,188.13740681045311,train
2016-12-26,271.0,274.30022520342806,train
2016-12-27,242.0,243.66107268697203,train
2016-12-28,177.0,182.34555120571008,train
2016-12-29,232.0,235.2560472018962,train
2016-12-30,208.0,210.36006827968427,train
2016-12-31,184.0,187.75170179944567,train
2017-01-01,184.0,186.52421889476366,train
2017-01-02,296.0,292.06071346086674,train
2017-01-03,280.0,282.24181615130135,train
2017-01-04,280.0,281.35678842351456,train
2017-01-05,168.0,173.89678019528375,train
2017-01-06,248.0,247.50982998331568,train
2017-01-07,160.0,161.42464351278753,train
2017-01-08,200.0,198.84061351264637,train
2017-01-09,192.0,193.61796355172268,train
2017-01-10,200.0,202.2618455453838,train
2017-01-11,144.0,149.90563826402305,train
2017-01-12,168.0,170.40657043968116,train
2017-01-13,272.0,269.56516881101186,train
2017-01-14,192.0,191.6414305938698,train
2017-01-15,144.0,157.8468419083117,train
2017-01-16,224.0,227.39570300579857,train
2017-01-17,240.0,239.36992555052473,train
2017-01-18,264.0,261.84433505362836,train
2017-01-19,216.0,216.46026611483285,train
2017-01-20,232.0,231.7266102804938,train
2017-01-21,128.0,139.42091097899052,train
2017-01-22,80.0,102.98592272812436,train
2017-01-23,160.0,163.028231983797,train
2017-01-24,208.0,206.97854166289096,train
2017-01-25,224.0,225.70189701877788,train
2017-01-26,176.0,175.4214116868534,train
2017-01-27,232.0,231.9409367502467,train
2017-01-28,152.0,153.5289650083411,train
2017-01-29,112.0,120.28580221740714,train
2017-01-30,256.0,250.21780822949438,train
2017-01-31,248.0,246.57623271242656,train
2017-02-01,224.0,225.6540653534558,train
2017-02-02,184.0,184.2484588332274,train
2017-02-03,176.0,176.15078357715663,train
2017-02-04,136.0,137.76857612806702,train
2017-02-05,128.0,128.3931797176894,train
2017-02-06,216.0,215.01903613735848,train
2017-02-07,192.0,193.41561915592638,train
2017-02-08,136.0,141.46836432908074,train
2017-02-09,144.0,146.4183427828678,train
2017-02-10,120.0,129.22138387756533,train
2017-02-11,144.0,143.97080809558634,train
2017-02-12,104.0,115.48962559896768,train
2017-02-13,200.0,203.46010205097596,train
2017-02-14,216.0,218.69817230036082,train
2017-02-15,312.0,308.61999765542487,train
2017-02-16,208.0,212.89237947274006,train
2017-02-17,184.0,186.67069052587223,train
2017-02-18,152.0,155.69865163587326,train
2017-02-19,168.0,168.816621775991,train
2017-02-20,192.0,195.09851410693537,train
2017-02-21,176.0,179.6717822425484,train
2017-02-22,224.0,228.44398630612363,train
2017-02-23,200.0,205.04851260358524,train
2017-02-24,176.0,180.96956562752752,train
2017-02-25,216.0,223.13448437509857,train
2017-02-26,168.0,172.1201916838195,train
2017-02-27,208.0,215.49098051262376,train
2017-02-28,144.0,152.66490008348043,train
2017-03-01,184.0,190.80421935023256,train
2017-03-02,272.0,273.968740464286,train
2017-03-03,248.0,251.67225131591405,train
2017-03-04,160.0,167.66932469524872,train
2017-03-05,128.0,139.3765486012936,train
2017-03-06,240.0,245.2828041195328,train
2017-03-07,328.0,325.827583145795,train
2017-03-08,272.0,275.5346469277883,train
2017-03-09,256.0,263.8045291049866,train
2017-03-10,280.0,283.92789332220184,train
2017-03-11,160.0,167.49035728235407,train
2017-03-12,120.0,138.28729005107792,train
2017-03-13,248.0,251.4716609742516,train
2017-03-14,240.0,244.50461104812157,train
2017-03-15,248.0,250.66160700591223,train
2017-03-16,168.0,178.9859907081751,train
2017-03-17,296.0,301.87524957059713,train
2017-03-18,248.0,250.66731793241763,train
2017-03-19,176.0,180.13486686788085,train
2017-03-20,144.0,159.22381295844454,train
2017-03-21,168.0,177.87665124565356,train
2017-03-22,184.0,192.87679900600102,train
2017-03-23,184.0,194.95088434979002,train
2017-03-24,240.0,249.44290508088764,train
2017-03-25,216.0,223.65733682074142,train
2017-03-26,144.0,160.78519726003182,train
2017-03-27,264.0,270.3052619863218,train
2017-03-28,176.0,181.92352894188664,train
2017-03-29,368.0,368.71459509424716,train
2017-03-30,176.0,184.26986922449834,train
2017-03-31,344.0,351.0531077549604,train
2017-04-01,264.0,272.8320585054112,train
2017-04-02,176.0,184.33755286612245,train
2017-04-03,288.0,300.9828692071472,train
2017-04-04,336.0,343.88883165312205,train
2017-04-05,320.0,330.14553755509854,train
2017-04-06,424.0,429.90969305017455,train
2017-04-07,384.0,393.2251992305622,train
2017-04-08,240.0,248.95923535772118,train
2017-04-09,160.0,174.09376489243112,train
2017-04-10,408.0,411.4908047685569,train
2017-04-11,312.0,321.54607066691665,train
2017-04-12,368.0,374.4450197992551,train
2017-04-13,336.0,343.58394312631344,train
2017-04-14,168.0,182.8899905889824,train
2017-04-15,232.0,240.68203724228755,train
2017-04-16,296.0,300.9042222566649,train
2017-04-17,320.0,325.25760984750366,train
2017-04-18,288.0,299.86444433275216,train
2017-04-19,336.0,337.4796289472018,train
2017-04-20,312.0,320.9682389522788,train
2017-04-21,400.0,402.47689583852315,train
2017-04-22,224.0,234.19804278944832,train
2017-04-23,312.0,316.05280011926004,train
2017-04-24,328.0,329.84309772414707,train
2017-04-25,312.0,316.9750058180108,train
2017-04-26,384.0,388.68897307795976,train
2017-04-27,256.0,266.0970933654159,train
2017-04-28,400.0,403.67619733209693,train
2017-04-29,368.0,369.6538942557213,train
2017-04-30,248.0,256.7344684626581,train
2017-05-01,488.0,489.24619982553764,train
2017-05-02,392.0,391.71085992463964,train
2017-05-03,504.0,502.80028668737134,train
2017-05-04,328.0,337.0293102994567,train
2017-05-05,384.0,386.34447283768844,train
2017-05-06,240.0,244.7177828930395,train
2017-05-07,232.0,237.60976848188346,train
2017-05-08,472.0,463.7881617532609,train
2017-05-09,416.0,415.1033709455815,train
2017-05-10,560.0,542.431459761947,train
2017-05-11,400.0,395.7758800486244,train
2017-05-12,352.0,370.0717662908186,train
2017-05-13,320.0,317.9376985131221,train
2017-05-14,344.0,337.98101914986717,train
2017-05-15,488.0,493.3571054655629,train
2017-05-16,464.0,454.20388535980146,train
2017-05-17,504.0,502.7750075234558,train
2017-05-18,408.0,408.3344545189896,train
2017-05-19,352.0,359.8795754904189,train
2017-05-20,256.0,253.33336000418552,train
2017-05-21,264.0,260.92106564768284,train
2017-05-22,464.0,452.7323231140416,train
2017-05-23,288.0,290.7261224839092,train
2017-05-24,488.0,476.38622257245436,train
2017-05-25,376.0,373.9464453248212,train
2017-05-26,432.0,434.66683516552644,train
2017-05-27,400.0,394.079411328987,train
2017-05-28,368.0,363.868804747994,train
2017-05-29,480.0,479.96959325495726,train
2017-05-30,392.0,386.03583625776685,train
2017-05-31,576.0,562.644141621387,train
2017-06-01,472.0,465.38508460374635,train
2017-06-02,528.0,518.7436878165537,train
2017-06-03,296.0,300.2989702976905,train
2017-06-04,296.0,296.53121635879063,train
2017-06-05,472.0,477.5673173539925,train
2017-06-06,432.0,430.6437718136019,train
2017-06-07,440.0,443.66832784168764,train
2017-06-08,416.0,426.1321219337966,train
2017-06-09,336.0,348.10438711027945,train
2017-06-10,200.0,212.8027807477162,train
2017-06-11,376.0,369.90612933891424,train
2017-06-12,496.0,502.6353650936546,train
2017-06-13,440.0,446.0479436197669,train
2017-06-14,464.0,462.4768491970119,train
2017-06-15,376.0,374.9072183521227,train
2017-06-16,416.0,416.8798283163346,train
2017-06-17,288.0,291.866526909917,train
2017-06-18,312.0,314.821680718355,train
2017-06-19,400.0,412.8832805575277,train
2017-06-20,472.0,469.6203501723014,train
2017-06-21,456.0,451.9019197517061,train
2017-06-22,528.0,513.7118903724557,train
2017-06-23,384.0,391.23110009086804,train
2017-06-24,272.0,283.6688187403815,train
2017-06-25,280.0,286.2167138405883,train
2017-06-26,408.0,414.1115595007958,train
2017-06-27,352.0,357.45074983364253,train
2017-06-28,392.0,403.71703379809173,train
2017-06-29,328.0,341.260757214608,train
2017-06-30,304.0,324.1633357298851,train
2017-07-01,392.0,403.50154189135566,train
2017-07-02,272.0,282.213264105251,train
2017-07-03,408.0,420.7197447441516,train
2017-07-04,448.0,449.4446194332535,train
2017-07-05,312.0,326.7191611870209,train
2017-07-06,392.0,398.18527365855766,train
2017-07-07,392.0,402.35132525825327,train
2017-07-08,216.0,231.8756174618775,train
2017-07-09,256.0,324.457133073149,train
2017-07-10,496.0,489.54016808186225,train
2017-07-11,512.0,505.4885386789284,train
2017-07-12,432.0,443.52354723062916,train
2017-07-13,448.0,461.96815989660877,train
2017-07-14,400.0,409.0139413618118,train
2017-07-15,352.0,363.13770807139105,train
2017-07-16,336.0,341.4651658482287,train
2017-07-17,504.0,501.8976017493966,train
2017-07-18,456.0,468.3398874562297,train
2017-07-19,352.0,366.4682112237036,train
2017-07-20,431.0,444.0616957954851,train
2017-07-21,400.0,409.85710024566754,train
2017-07-22,280.0,297.8785194890512,train
2017-07-23,255.0,271.7565035039258,train
2017-07-24,448.0,459.9000115621231,train
2017-07-25,328.0,336.07781472741107,train
2017-07-26,383.0,394.5083034168257,train
2017-07-27,408.0,416.2723666314199,train
2017-07-28,424.0,438.45966803075646,train
2017-07-29,352.0,369.7471268654392,train
2017-07-30,224.0,242.50005898907517,train
2017-07-31,312.0,326.01603599994263,train
2017-08-01,432.0,444.46369484083846,train
2017-08-02,392.0,403.2360360791563,train
2017-08-03,304.0,315.33735157594776,train
2017-08-04,328.0,331.02016786701705,train
2017-08-05,264.0,275.0239699601366,train
2017-08-06,256.0,271.9911984270799,train
2017-08-07,312.0,326.9144750556514,train
2017-08-08,287.0,306.3818438215734,train
2017-08-09,384.0,287.10590213935376,train
2017-08-10,288.0,301.98175454069883,train
2017-08-11,352.0,366.8567811690467,train
2017-08-12,304.0,315.8146320561628,train
2017-08-13,223.0,239.0611727093647,train
2017-08-14,368.0,379.4823212187689,train
2017-08-15,392.0,401.35723248768534,train
2017-08-16,384.0,396.8031466652392,train
2017-08-17,272.0,288.49103443590946,train
2017-08-18,288.0,301.4872410517529,train
2017-08-19,184.0,200.47872429834416,train
2017-08-20,216.0,232.1335959573991,train
2017-08-21,343.0,351.5253305482533,train
2017-08-22,392.0,402.1668056570322,train
2017-08-23,416.0,419.4649364222538,train
2017-08-24,368.0,382.1486262174578,train
2017-08-25,256.0,270.78247107436033,train
2017-08-26,192.0,204.04258155155745,train
2017-08-27,264.0,270.03077123421843,train
2017-08-28,328.0,331.62874824877645,train
2017-08-29,280.0,288.0259122326117,train
2017-08-30,352.0,365.06446188908046,train
2017-08-31,303.0,311.83141046800034,train
2017-09-01,400.0,402.81096718295504,train
2017-09-02,232.0,238.60825069715696,train
2017-09-03,208.0,217.93158872269396,train
2017-09-04,375.0,382.7719463271866,train
2017-09-05,408.0,409.0231552430063,train
2017-09-06,375.0,379.3299800006727,train
2017-09-07,264.0,275.21548934367394,train
2017-09-08,280.0,286.7503152136687,train
2017-09-09,208.0,215.6462653222357,train
2017-09-10,279.0,278.17017492567277,train
2017-09-11,287.0,293.2552193862804,train
2017-09-12,272.0,279.62962574494316,train
2017-09-13,384.0,387.7133757867249,train
2017-09-14,304.0,305.94327194639425,train
2017-09-15,278.0,283.1503750183898,train
2017-09-16,272.0,271.16750991600094,train
2017-09-17,200.0,206.63522093771243,train
2017-09-18,352.0,354.32352145027676,train
2017-09-19,287.0,288.840477865144,train
2017-09-20,240.0,254.47922039164865,train
2017-09-21,287.0,291.1459315710425,train
2017-09-22,215.0,223.5253714039177,train
2017-09-23,208.0,215.02242110100752,train
2017-09-24,151.0,169.37845668314026,train
2017-09-25,311.0,314.72854584722734,train
2017-09-26,327.0,330.1081339581721,train
2017-09-27,414.0,416.45973960580795,train
2017-09-28,183.0,203.79068734152258,train
2017-09-29,255.0,267.3153196030287,train
2017-09-30,192.0,205.78541212127746,train
2017-10-01,511.0,479.1067952285415,train
2017-10-02,320.0,325.66082011498986,train
2017-10-03,334.0,336.51445781620583,train
2017-10-04,352.0,358.1660957747572,train
2017-10-05,239.0,248.36745810382416,train
2017-10-06,391.0,388.8856446513034,train
2017-10-07,231.0,233.2736843826297,train
2017-10-08,183.0,194.89234828014958,train
2017-10-09,312.0,313.5093522368563,train
2017-10-10,287.0,288.68125682360267,train
2017-10-11,294.0,292.4415847160815,train
2017-10-12,239.0,242.76051604359765,train
2017-10-13,224.0,230.57233190950726,train
2017-10-14,248.0,251.36197961760638,train
2017-10-15,215.0,217.89926883278213,train
2017-10-16,342.0,336.43376277467894,train
2017-10-17,312.0,318.1821315027354,train
2017-10-18,308.0,311.03467215959523,train
2017-10-19,247.0,245.98358776108444,train
2017-10-20,363.0,360.15184906072886,train
2017-10-21,159.0,168.69794131547224,train
2017-10-22,176.0,182.00317273721186,train
2017-10-23,283.0,282.8897909728777,train
2017-10-24,206.0,209.00828377659204,train
2017-10-25,270.0,270.55626696236465,train
2017-10-26,341.0,338.6572471233099,train
2017-10-27,269.0,270.70552861953416,train
2017-10-28,263.0,265.0041906510158,train
2017-10-29,204.0,208.0189469334315,train
2017-10-30,238.0,242.7767574985165,train
2017-10-31,335.0,335.1791557463567,train
2017-11-01,424.0,418.3709720072836,train
2017-11-02,330.0,334.38298705353134,train
2017-11-03,377.0,376.0503837119719,train
2017-11-04,229.0,230.72813280985957,train
2017-11-05,290.0,284.0256442700572,train
2017-11-06,403.0,400.95357044833156,train
2017-11-07,308.0,312.03644495784886,train
2017-11-08,310.0,314.9867198983614,train
2017-11-09,430.0,424.2268533788362,train
2017-11-10,286.0,287.24329325518846,train
2017-11-11,230.0,229.5796137521431,train
2017-11-12,205.0,207.52487518322437,train
2017-11-13,442.0,429.3175808377415,train
2017-11-14,332.0,330.39934357639794,train
2017-11-15,309.0,308.27514391858995,train
2017-11-16,426.0,422.35058243513095,train
2017-11-17,292.0,290.76842830309715,train
2017-11-18,376.0,371.4627279160876,train
2017-11-19,348.0,341.81841336222845,train
2017-11-20,278.0,286.5747243241228,train
2017-11-21,376.0,371.4921964451964,train
2017-11-22,209.0,213.72321281631056,train
2017-11-23,348.0,341.3936784659836,train
2017-11-24,289.0,282.98588342483106,train
2017-11-25,235.0,233.84929539295115,train
2017-11-26,265.0,258.66738868324296,train
2017-11-27,475.0,474.28816408045157,train
2017-11-28,186.0,190.4492035677968,train
2017-11-29,329.0,328.45456295896537,train
2017-11-30,350.0,346.8205122062261,train
2017-12-01,430.0,426.9488022007472,train
2017-12-02,218.0,219.45816696478988,train
2017-12-03,247.0,243.46274544154204,train
2017-12-04,346.0,342.2740940818662,train
2017-12-05,324.0,323.9838452302589,train
2017-12-06,365.0,359.7530046670704,train
2017-12-07,268.0,267.70999581470477,train
2017-12-08,297.0,296.23056980477793,train
2017-12-09,214.0,211.3146500212491,train
2017-12-10,274.0,269.06104794546366,train
2017-12-11,433.0,425.78489990685887,train
2017-12-12,246.0,246.0143697681993,train
2017-12-13,315.0,312.27438867082964,train
2017-12-14,253.0,251.24048008788424,train
2017-12-15,318.0,312.5765733218447,train
2017-12-16,267.0,261.30816343543603,train
2017-12-17,167.0,174.5856270551871,train
2017-12-18,281.0,284.36774598366,train
2017-12-19,341.0,336.9841302797376,train
2017-12-20,283.0,284.1366029997168,train
2017-12-21,259.0,256.14676100641674,train
2017-12-22,313.0,304.3433937247374,train
2017-12-23,161.0,163.8184472104525,train
2017-12-24,181.0,178.91003659687544,train
2017-12-25,204.0,204.35896026478616,train
2017-12-26,330.0,327.87539670514894,train
2017-12-27,273.0,268.3763757605035,train
2017-12-28,261.0,259.7898931693074,train
2017-12-29,235.0,230.47684371940477,train
2017-12-30,105.0,115.89778944147193,train
2017-12-31,175.0,176.48192815010552,train
2018-01-01,350.0,338.01006210409054,train
2018-01-02,252.0,247.80018954632064,train
2018-01-03,161.0,166.15564310446666,train
2018-01-04,238.0,234.0660316839213,train
2018-01-05,224.0,222.10387744363766,train
2018-01-06,301.0,295.127938822039,train
2018-01-07,133.0,133.5622866358504,train
2018-01-08,266.0,264.6234032457326,train
2018-01-09,189.0,189.61372849250097,train
2018-01-10,287.0,286.3989585924078,train
2018-01-11,182.0,184.5263248846842,train
2018-01-12,224.0,224.72969594515558,train
2018-01-13,175.0,179.08880220845913,train
2018-01-14,140.0,140.96736325308166,train
2018-01-15,203.0,203.34127040170483,train
2018-01-16,168.0,173.8521569790261,train
2018-01-17,266.0,265.2300534955318,train
2018-01-18,238.0,238.7670149743102,train
2018-01-19,266.0,263.5143393003785,train
2018-01-20,140.0,142.86860918976,train
2018-01-21,154.0,158.9545856951112,train
2018-01-22,189.0,192.26589493545634,train
2018-01-23,252.0,252.11873768019257,train
2018-01-24,224.0,227.52931339715553,train
2018-01-25,203.0,204.98045476813502,train
2018-01-26,147.0,155.11638265888368,train
2018-01-27,147.0,149.5542845617023,train
2018-01-28,147.0,148.58595911364912,train
2018-01-29,203.0,203.80075943870293,train
2018-01-30,203.0,205.59362401445645,train
2018-01-31,245.0,247.11811417182756,train
2018-02-01,343.0,342.1440346464078,train
2018-02-02,203.0,206.34553743760893,train
2018-02-03,147.0,151.25659574656763,train
2018-02-04,147.0,148.26050538796562,train
2018-02-05,147.0,149.77699977244265,train
2018-02-06,294.0,296.210326443296,train
2018-02-07,210.0,214.8344006228956,train
2018-02-08,217.0,223.5965002135822,train
2018-02-09,168.0,177.1073119806838,train
2018-02-10,161.0,165.81743705430682,train
2018-02-11,182.0,183.05026000243782,train
2018-02-12,266.0,267.005545327577,train
2018-02-13,182.0,186.13065401087908,train
2018-02-14,161.0,168.2384196202197,train
2018-02-15,182.0,184.57085409199863,train
2018-02-16,231.0,231.02203672649352,train
2018-02-17,189.0,191.45358576323488,train
2018-02-18,231.0,230.8399512298875,train
2018-02-19,189.0,175.4785369231619,train
2018-02-20,245.0,248.45942495447332,train
2018-02-21,252.0,253.02159468570636,train
2018-02-22,196.0,204.56956574578226,train
2018-02-23,308.0,307.6539694840345,train
2018-02-24,126.0,135.80194195342634,train
2018-02-25,154.0,160.2384629086953,train
2018-02-26,112.0,125.6387018374248,train
2018-02-27,196.0,204.4349201835507,train
2018-02-28,245.0,247.78783205563724,train
2018-03-01,420.0,415.4056198013882,train
2018-03-02,189.0,194.65443980994849,train
2018-03-03,175.0,185.01557931037857,train
2018-03-04,189.0,191.90592403565682,train
2018-03-05,280.0,284.11791212058534,train
2018-03-06,259.0,263.92886208289633,train
2018-03-07,259.0,263.1012949787615,train
2018-03-08,245.0,250.07238964665618,train
2018-03-09,252.0,253.84404295956895,train
2018-03-10,217.0,222.60177594877064,train
2018-03-11,245.0,246.61693197803183,train
2018-03-12,357.0,358.6363819214323,train
2018-03-13,287.0,290.9833510773341,train
2018-03-14,301.0,304.85440220160035,train
2018-03-15,392.0,398.3930194482713,train
2018-03-16,322.0,321.94218108744695,train
2018-03-17,252.0,253.5559316973274,train
2018-03-18,217.0,219.8015118978313,train
2018-03-19,406.0,408.0148372837068,train
2018-03-20,399.0,401.3666571240773,train
2018-03-21,357.0,359.5743720678938,train
2018-03-22,427.0,426.7450295592103,train
2018-03-23,301.0,303.51459238234764,train
2018-03-24,252.0,254.5348637344062,train
2018-03-25,273.0,273.31158784185385,train
2018-03-26,301.0,301.5594302754162,train
2018-03-27,399.0,401.9703783200464,train
2018-03-28,385.0,381.53899654356917,train
2018-03-29,294.0,300.719206787252,train
2018-03-30,203.0,207.39805396601645,train
2018-03-31,168.0,173.48351117114794,train
2018-04-01,609.0,541.1721209263359,train
2018-04-02,434.0,432.1995546371709,train
2018-04-03,399.0,401.44669683016565,train
2018-04-04,399.0,395.9812582946961,train
2018-04-05,511.0,510.27512530766717,train
2018-04-06,427.0,433.72226354221993,train
2018-04-07,357.0,363.9912663130574,train
2018-04-08,308.0,309.101727689903,train
2018-04-09,553.0,528.8103785093722,train
2018-04-10,476.0,478.132975194255,train
2018-04-11,518.0,521.8180388916765,train
2018-04-12,532.0,525.0069028217472,train
2018-04-13,462.0,454.63940077868915,train
2018-04-14,406.0,406.04104169823887,train
2018-04-15,420.0,415.1390910040239,train
2018-04-16,420.0,424.99991493054125,train
2018-04-17,532.0,528.1337582393993,train
2018-04-18,441.0,445.3100829657789,train
2018-04-19,497.0,497.92871714735645,train
2018-04-20,511.0,513.0579220126131,train
2018-04-21,518.0,508.6545120437315,train
2018-04-22,322.0,325.61935938761627,train
2018-04-23,406.0,408.6224729338675,train
2018-04-24,553.0,535.3492476937664,train
2018-04-25,637.0,637.2609589041591,train
2018-04-26,602.0,593.1140433735568,train
2018-04-27,588.0,582.8760915791497,train
2018-04-28,455.0,453.99448377949716,train
2018-04-29,399.0,391.66902847410813,train
2018-04-30,574.0,562.1679835549435,train
2018-05-01,693.0,674.108409614018,train
2018-05-02,616.0,613.1938617328299,train
2018-05-03,518.0,517.4543123934913,train
2018-05-04,518.0,515.1864166358513,train
2018-05-05,462.0,455.34653002597844,train
2018-05-06,427.0,423.24199332376213,train
2018-05-07,602.0,590.1992798158836,train
2018-05-08,532.0,527.9012887434795,train
2018-05-09,525.0,523.9564114804814,train
2018-05-10,483.0,470.9392027960736,train
2018-05-11,427.0,427.4679288285209,train
2018-05-12,301.0,296.17453006028245,train
2018-05-13,378.0,370.9496798554517,train
2018-05-14,525.0,498.8658713780286,train
2018-05-15,658.0,635.1935506461144,train
2018-05-16,616.0,601.8739315509157,train
2018-05-17,427.0,433.920909114793,train
2018-05-18,434.0,429.3699322335192,train
2018-05-19,350.0,336.94526794451207,train
2018-05-20,350.0,337.7570559362281,train
2018-05-21,560.0,539.1378213407494,train
2018-05-22,448.0,444.7185913097203,train
2018-05-23,455.0,458.08945405168834,train
2018-05-24,532.0,521.4173569217913,train
2018-05-25,399.0,391.89128401425154,train
2018-05-26,385.0,380.74257565895545,train
2018-05-27,448.0,429.1939491715833,train
2018-05-28,637.0,620.9198493685183,train
2018-05-29,427.0,413.6428901562552,train
2018-05-30,483.0,469.827572645988,train
2018-05-31,434.0,429.0481609345496,train
2018-06-01,700.0,652.3227111560809,train
2018-06-02,469.0,457.75254555582273,train
2018-06-03,405.0,394.23187591037544,train
2018-06-04,455.0,447.4234036870993,train
2018-06-05,420.0,406.63771464905545,train
2018-06-06,378.0,375.4029198732869,train
2018-06-07,539.0,523.7681394137478,train
2018-06-08,497.0,470.62410686499504,train
2018-06-09,420.0,404.9985507745399,train
2018-06-10,273.0,268.2237858763274,train
2018-06-11,476.0,456.9527211250673,train
2018-06-12,427.0,410.2468938794483,train
2018-06-13,483.0,467.4837059476711,train
2018-06-14,364.0,363.0749537948791,train
2018-06-15,434.0,414.3784772532612,train
2018-06-16,364.0,344.89796107472813,train
2018-06-17,259.0,247.0393087821339,train
2018-06-18,301.0,283.45544010237677,train
2018-06-19,427.0,406.84649530835134,train
2018-06-20,405.0,383.0739235617677,train
2018-06-21,476.0,456.8490515910188,train
2018-06-22,385.0,370.47779253810995,train
2018-06-23,238.0,232.3298784731256,train
2018-06-24,427.0,402.6970671954578,train
2018-06-25,497.0,468.90739009421566,train
2018-06-26,574.0,545.1534000569952,train
2018-06-27,434.0,419.1772518321476,train
2018-06-28,448.0,433.9373645763928,train
2018-06-29,427.0,407.8536722945473,train
2018-06-30,399.0,380.19320430923284,train
2018-07-01,833.0,694.6476959793551,train
2018-07-02,483.0,472.26939299904393,train
2018-07-03,441.0,421.7579345885084,train
2018-07-04,483.0,466.1204903068065,train
2018-07-05,489.0,470.32270904756,train
2018-07-06,419.0,400.96335382716813,train
2018-07-07,294.0,282.2870430565725,train
2018-07-08,273.0,265.2534119808353,train
2018-07-09,553.0,514.8575954739368,train
2018-07-10,385.0,362.82479872205903,train
2018-07-11,427.0,402.3017420097643,train
2018-07-12,392.0,367.7853392491511,train
2018-07-13,434.0,403.7484861653759,train
2018-07-14,252.0,242.57106369214284,train
2018-07-15,308.0,278.58805858061027,train
2018-07-16,504.0,465.5974731696731,train
2018-07-17,406.0,388.666102958375,train
2018-07-18,406.0,390.8286223179528,train
2018-07-19,350.0,329.013218386023,train
2018-07-20,378.0,357.3307674988576,train
2018-07-21,203.0,195.59105506013893,train
2018-07-22,280.0,260.81226862706626,train
2018-07-23,364.0,343.50754608850036,train
2018-07-24,315.0,293.51292064870466,train
2018-07-25,364.0,343.5935421519222,train
2018-07-26,350.0,325.2859596030791,train
2018-07-27,315.0,292.2178514275452,train
2018-07-28,238.0,229.97456933125386,train
2018-07-29,126.0,152.86267485186875,train
2018-07-30,196.0,190.31893960491874,train
2018-07-31,259.0,243.37261462799194,train
2018-08-01,574.0,535.9904620704165,train
2018-08-02,287.0,273.43337316965653,train
2018-08-03,231.0,232.97842206805853,train
2018-08-04,280.0,255.37736046974197,train
2018-08-05,231.0,217.14878497293108,train
2018-08-06,343.0,313.8534401851045,train
2018-08-07,364.0,333.3206274295242,train
2018-08-08,335.0,315.9607877981736,train
2018-08-09,251.0,241.52756250490592,train
2018-08-10,301.0,275.2602657160136,train
2018-08-11,259.0,233.39722108086949,train
2018-08-12,231.0,219.14688041883898,train
2018-08-13,504.0,471.83379427638033,train
2018-08-14,385.0,358.41828446643353,train
2018-08-15,483.0,463.20887557367547,train
2018-08-16,370.0,344.29597826624433,train
2018-08-17,490.0,468.709595369507,train
2018-08-18,329.0,301.21452169485775,train
2018-08-19,287.0,267.12087615848344,train
2018-08-20,539.0,512.459558638447,train
2018-08-21,399.0,383.6592936788884,train
2018-08-22,490.0,463.8680498961212,train
2018-08-23,434.0,409.24778433331267,train
2018-08-24,238.0,253.67422142955115,train
2018-08-25,245.0,242.73000275367252,train
2018-08-26,245.0,237.9924779925305,train
2018-08-27,413.0,390.77677935955523,train
2018-08-28,335.0,322.16711904618586,train
2018-08-29,266.0,260.1748340933941,train
2018-08-30,272.0,260.04626478738925,train
2018-08-31,363.0,338.15694780259133,train
2018-09-01,469.0,437.3248858702332,train
2018-09-02,217.0,209.01903165286274,train
2018-09-03,399.0,380.7316300807313,train
2018-09-04,413.0,390.0779160318001,train
2018-09-05,322.0,309.37787102849063,train
2018-09-06,280.0,271.9925713561763,train
2018-09-07,287.0,271.85851516957973,train
2018-09-08,294.0,275.81100520105804,train
2018-09-09,238.0,230.73009410597103,train
2018-09-10,405.0,383.4546006883055,train
2018-09-11,342.0,329.2565005188548,train
2018-09-12,266.0,258.7892078402176,train
2018-09-13,418.0,395.31186582294083,train
2018-09-14,329.0,321.8589724719978,train
2018-09-15,217.0,212.94968855358826,train
2018-09-16,196.0,185.77020277519802,train
2018-09-17,301.0,281.4448772649916,train
2018-09-18,406.0,383.1930620420026,train
2018-09-19,238.0,242.53709325766408,train
2018-09-20,356.0,340.1379135782855,train
2018-09-21,328.0,313.73914022599945,train
2018-09-22,237.0,234.8664896198159,train
2018-09-23,146.0,157.11450086629503,train
2018-09-24,250.0,240.21211492921063,train
2018-09-25,266.0,256.5169637154495,train
2018-09-26,280.0,264.8558172523775,train
2018-09-27,369.0,344.5792403621527,train
2018-09-28,265.0,256.31909320590967,train
2018-09-29,231.0,226.2868556644907,train
2018-09-30,125.0,148.74477563092807,train
2018-10-01,439.0,404.47928047838025,train
2018-10-02,332.0,320.6153809245403,train
2018-10-03,266.0,261.40458156882283,train
2018-10-04,397.0,378.0277369571769,train
2018-10-05,350.0,337.1201699709837,train
2018-10-06,238.0,239.5335093549237,train
2018-10-07,223.0,224.279229748263,train
2018-10-08,417.0,399.6081491789239,train
2018-10-09,244.0,245.12569859807078,train
2018-10-10,265.0,261.36683432538626,train
2018-10-11,257.0,251.16805184657275,train
2018-10-12,236.0,235.5586439289587,train
2018-10-13,214.0,206.3188491866918,train
2018-10-14,231.0,226.34283821497525,train
2018-10-15,382.0,365.7814560856936,train
2018-10-16,276.0,268.04611644327133,train
2018-10-17,291.0,278.69649294989864,train
2018-10-18,346.0,335.5784146820487,train
2018-10-19,328.0,319.4201294550934,train
2018-10-20,251.0,240.04885343060386,train
2018-10-21,238.0,233.899572836351,train
2018-10-22,236.0,239.09546559208644,train
2018-10-23,263.0,257.7073293250423,train
2018-10-24,315.0,302.9651442415906,train
2018-10-25,325.0,318.69037795521575,train
2018-10-26,345.0,334.97960456187104,train
2018-10-27,228.0,227.2120395156949,train
2018-10-28,222.0,221.42018849902877,train
2018-10-29,313.0,302.2113401201954,train
2018-10-30,291.0,282.496440884006,train
2018-10-31,302.0,290.9029192011852,train
2018-11-01,565.0,541.8386750969925,train
2018-11-02,304.0,292.67304641416206,train
2018-11-03,227.0,228.83575711753116,train
2018-11-04,228.0,226.3358704354018,train
2018-11-05,416.0,399.5251436465122,train
2018-11-06,288.0,281.9946997766019,train
2018-11-07,379.0,366.1159877518517,train
2018-11-08,262.0,261.7320678199485,train
2018-11-09,255.0,252.0700699870905,train
2018-11-10,278.0,267.68397212542715,train
2018-11-11,226.0,224.27057141801242,train
2018-11-12,384.0,371.56671613861994,train
2018-11-13,319.0,314.3795747224101,train
2018-11-14,327.0,321.10358069576034,train
2018-11-15,320.0,317.19675529634526,train
2018-11-16,302.0,294.6549510233805,train
2018-11-17,225.0,229.25284986264722,train
2018-11-18,269.0,259.57953433986967,train
2018-11-19,338.0,328.47427230513017,train
2018-11-20,244.0,240.10111428723874,train
2018-11-21,262.0,259.07664143786934,train
2018-11-22,314.0,307.47004628165354,train
2018-11-23,280.0,275.2421115673989,train
2018-11-24,203.0,199.10569319904678,train
2018-11-25,294.0,283.7084347395295,train
2018-11-26,333.0,323.7186884041911,train
2018-11-27,359.0,343.46890746837505,train
2018-11-28,259.0,257.4231120144225,train
2018-11-29,225.0,226.92022163276405,train
2018-11-30,236.0,230.5603811227086,train
2018-12-01,374.0,362.64166105037157,train
2018-12-02,208.0,210.37631005733445,train
2018-12-03,269.0,266.5892985788929,train
2018-12-04,261.0,258.3706304390403,train
2018-12-05,166.0,164.06283960149713,train
2018-12-06,262.0,257.1934340876511,train
2018-12-07,253.0,249.7439450300147,train
2018-12-08,170.0,170.01338072933214,train
2018-12-09,178.0,174.54919790213773,train
2018-12-10,364.0,346.7521289821802,train
2018-12-11,250.0,246.72502769318953,train
2018-12-12,294.0,288.00847544098303,train
2018-12-13,272.0,270.09883204867526,train
2018-12-14,212.0,213.63409393226652,train
2018-12-15,146.0,145.94416060871387,train
2018-12-16,242.0,234.14327199751932,train
2018-12-17,287.0,279.618043386769,train
2018-12-18,277.0,271.06650602254206,train
2018-12-19,225.0,223.4152916040095,train
2018-12-20,250.0,245.63732895205283,train
2018-12-21,237.0,233.50210303886178,train
2018-12-22,185.0,178.60496114886433,train
2018-12-23,157.0,151.6123525958911,train
2018-12-24,119.0,125.85739847055802,train
2018-12-25,144.0,139.7951862411195,train
2018-12-26,274.0,263.68231496568626,train
2018-12-27,248.0,244.94201347452997,train
2018-12-28,234.0,230.5180327812738,train
2018-12-29,171.0,169.91779733350864,train
2018-12-30,96.0,109.70432951355437,train
2018-12-31,156.0,153.99569625603928,train
2019-01-01,252.0,245.34326469256388,train
2019-01-02,228.0,225.64589160080155,train
2019-01-03,222.0,218.61669272498875,train
2019-01-04,210.0,209.5393937659917,train
2019-01-05,222.0,217.22891078521798,train
2019-01-06,168.0,165.17090614475785,train
2019-01-07,144.0,142.87189274116878,train
2019-01-08,240.0,233.76366483275558,train
2019-01-09,222.0,219.4206800939363,train
2019-01-10,204.0,202.356950942882,train
2019-01-11,198.0,195.00250257293857,train
2019-01-12,264.0,255.76036178924795,train
2019-01-13,180.0,175.4085293786085,train
2019-01-14,204.0,201.39385173345954,train
2019-01-15,270.0,262.2523614611754,train
2019-01-16,144.0,143.63143933963812,train
2019-01-17,180.0,176.19753531274552,train
2019-01-18,204.0,200.58150537645048,train
2019-01-19,192.0,187.08056751344097,train
2019-01-20,96.0,103.5519799216654,train
2019-01-21,246.0,238.2896138726255,train
2019-01-22,198.0,195.13948451824564,train
2019-01-23,156.0,154.77450445724878,train
2019-01-24,180.0,179.0952919818409,train
2019-01-25,186.0,183.1290671736937,train
2019-01-26,150.0,144.6472724889795,train
2019-01-27,186.0,179.91304469406808,train
2019-01-28,210.0,207.55588774599403,train
2019-01-29,210.0,207.92816610577043,train
2019-01-30,222.0,216.12714010730025,train
2019-01-31,174.0,169.39402116356925,train
2019-02-01,240.0,231.7916875568863,train
2019-02-02,162.0,156.6288372019418,train
2019-02-03,144.0,139.42766249763363,train
2019-02-04,180.0,173.3166208416224,train
2019-02-05,180.0,174.05918048034425,train
2019-02-06,186.0,179.7117994392635,train
2019-02-07,84.0,98.08027439309018,train
2019-02-08,126.0,126.03384438156357,train
2019-02-09,132.0,128.8159168398165,train
2019-02-10,126.0,121.85673012150878,train
2019-02-11,186.0,182.68121780140677,train
2019-02-12,186.0,183.3044472571416,train
2019-02-13,156.0,150.88106523244568,train
2019-02-14,186.0,182.79578597851312,train
2019-02-15,120.0,119.41859222123097,train
2019-02-16,150.0,142.69822418044348,train
2019-02-17,132.0,127.86377242941688,train
2019-02-18,216.0,210.37303240031778,train
2019-02-19,180.0,178.53059151486804,train
2019-02-20,186.0,182.74503959206973,train
2019-02-21,204.0,200.2166592816285,train
2019-02-22,114.0,116.45493298933923,train
2019-02-23,180.0,174.5799596264249,train
2019-02-24,168.0,162.0910699927726,train
2019-02-25,270.0,263.12173265607254,train
2019-02-26,192.0,188.68426634790939,train
2019-02-27,216.0,209.67518012073316,train
2019-02-28,192.0,188.0835142521316,train
2019-03-01,336.0,319.5700766676305,train
2019-03-02,222.0,218.0148861604436,train
2019-03-03,162.0,156.51501236325274,train
2019-03-04,144.0,140.15262042337727,train
2019-03-05,162.0,158.2991063572471,train
2019-03-06,234.0,227.97120403818468,train
2019-03-07,270.0,264.10831053636457,train
2019-03-08,186.0,181.69255371304186,train
2019-03-09,192.0,184.69295554504993,train
2019-03-10,210.0,204.04392261058496,train
2019-03-11,264.0,258.8655117211304,train
2019-03-12,270.0,263.4900119301387,train
2019-03-13,252.0,247.00334751648768,train
2019-03-14,198.0,192.96210507139043,train
2019-03-15,252.0,247.42823188184659,train
2019-03-16,264.0,258.8868613446016,train
2019-03-17,198.0,192.5628576206553,train
2019-03-18,252.0,247.4388287112472,train
2019-03-19,258.0,255.19578371622072,train
2019-03-20,198.0,195.85264330107913,train
2019-03-21,192.0,186.77210538080683,train
2019-03-22,186.0,183.89041058143172,train
2019-03-23,234.0,229.4913307688724,train
2019-03-24,150.0,145.33556981032038,train
2019-03-25,312.0,304.71004848486274,train
2019-03-26,276.0,269.79069365522247,train
2019-03-27,216.0,214.05606121835058,train
2019-03-28,306.0,301.09834310898094,train
2019-03-29,234.0,229.52675708508218,train
2019-03-30,228.0,223.37251975554005,train
2019-03-31,204.0,201.24844636175828,train
2019-04-01,522.0,487.4456456973722,train
2019-04-02,414.0,406.05149724268887,train
2019-04-03,300.0,295.44501313787384,train
2019-04-04,384.0,380.00847609134604,train
2019-04-05,306.0,306.41164458517727,train
2019-04-06,264.0,260.55525489136716,train
2019-04-07,288.0,281.9755713857812,train
2019-04-08,372.0,363.37054174135363,train
2019-04-09,324.0,316.4981201799695,train
2019-04-10,354.0,352.54063434858404,train
2019-04-11,378.0,373.6470828871257,train
2019-04-12,450.0,438.8764487067958,train
2019-04-13,234.0,234.97875446672015,train
2019-04-14,336.0,325.6122909054102,train
2019-04-15,420.0,415.4502407859486,train
2019-04-16,420.0,417.64413303143834,train
2019-04-17,330.0,328.07939432482135,train
2019-04-18,426.0,424.129166218945,train
2019-04-19,258.0,259.13338229417656,train
2019-04-20,300.0,301.8698959270904,train
2019-04-21,348.0,346.4810143028674,train
2019-04-22,516.0,499.6620017497271,train
2019-04-23,402.0,400.43766610147236,train
2019-04-24,396.0,398.40203411030456,train
2019-04-25,425.0,426.9972902280726,train
2019-04-26,354.0,357.3096796802784,train
2019-04-27,378.0,373.30197433682713,train
2019-04-28,306.0,308.43860473762214,train
2019-04-29,378.0,375.5083252826368,train
2019-04-30,348.0,350.6601269315239,train
2019-05-01,702.0,627.3304402037073,train
2019-05-02,402.0,410.64531069859515,train
2019-05-03,456.0,450.268181388184,train
2019-05-04,426.0,425.5965758704367,train
2019-05-05,354.0,357.5412383914401,train
2019-05-06,528.0,521.8670612175335,train
2019-05-07,408.0,417.9362306862964,train
2019-05-08,450.0,449.0872459961329,train
2019-05-09,492.0,496.05675059198273,train
2019-05-10,390.0,397.0556643208135,train
2019-05-11,306.0,313.19241960929884,train
2019-05-12,312.0,313.1170719391397,train
2019-05-13,522.0,512.7107561665078,train
2019-05-14,372.0,372.90548008658516,train
2019-05-15,444.0,443.50710316075674,train
2019-05-16,372.0,372.799435925592,train
2019-05-17,336.0,342.51629507396837,train
2019-05-18,306.0,307.31943176830407,train
2019-05-19,402.0,403.87314418041746,train
2019-05-20,492.0,499.21276374383217,train
2019-05-21,486.0,488.5133987812194,train
2019-05-22,444.0,447.0933673230744,train
2019-05-23,390.0,397.2525555142305,train
2019-05-24,306.0,313.06376893810955,train
2019-05-25,300.0,303.6826683243278,train
2019-05-26,372.0,372.84861373165984,train
2019-05-27,342.0,351.4488693811203,train
2019-05-28,390.0,396.7718273255657,train
2019-05-29,366.0,366.3538583661663,train
2019-05-30,402.0,408.3582527868151,train
2019-05-31,324.0,333.41124676559076,train
2019-06-01,624.0,575.4645921181639,train
2019-06-02,372.0,376.6748621179974,train
2019-06-03,443.0,447.00013628262707,train
2019-06-04,408.0,415.8120230218173,train
2019-06-05,366.0,367.49831047428427,train
2019-06-06,450.0,443.1244162395066,train
2019-06-07,312.0,320.2958328956941,train
2019-06-08,354.0,359.30266198789377,train
2019-06-09,342.0,346.2020615130325,train
2019-06-10,348.0,356.3319268348718,train
2019-06-11,330.0,335.729519448003,train
2019-06-12,330.0,332.1529700426085,train
2019-06-13,366.0,363.3417437682672,train
2019-06-14,336.0,338.06884716948446,train
2019-06-15,336.0,337.52406146334977,train
2019-06-16,282.0,283.3264971263388,train
2019-06-17,450.0,447.7327834726599,train
2019-06-18,264.0,270.196624791263,train
2019-06-19,366.0,366.3700384722308,train
2019-06-20,318.0,316.15085474341225,train
2019-06-21,312.0,313.90664874911613,train
2019-06-22,288.0,285.1614544695699,train
2019-06-23,258.0,258.1881562140571,train
2019-06-24,336.0,336.38120012652246,train
2019-06-25,372.0,364.4750535985727,train
2019-06-26,276.0,285.42683945954263,train
2019-06-27,330.0,329.3081987436946,train
2019-06-28,330.0,329.73785615441676,train
2019-06-29,168.0,177.61682137282565,train
2019-06-30,204.0,205.85212956092352,train
2019-07-01,618.0,547.4899400604272,train
2019-07-02,354.0,354.37082681304884,train
2019-07-03,275.0,284.50693265364356,train
2019-07-04,312.0,316.8293410531289,train
2019-07-05,264.0,271.08730496331896,train
2019-07-06,270.0,276.3152597609019,train
2019-07-07,150.0,166.86379878540214,train
2019-07-08,282.0,290.88648692291423,train
2019-07-09,336.0,339.94022776984974,train
2019-07-10,270.0,275.26701011543804,train
2019-07-11,222.0,227.5913888655592,train
2019-07-12,354.0,349.99780959327643,train
2019-07-13,174.0,179.09949474080224,train
2019-07-14,246.0,248.0073031030662,train
2019-07-15,336.0,340.8966887440613,train
2019-07-16,354.0,353.66141037837974,train
2019-07-17,270.0,275.96077207547705,train
2019-07-18,336.0,337.40309344061404,train
2019-07-19,390.0,388.0609332987782,train
2019-07-20,192.0,196.98935918745335,train
2019-07-21,252.0,250.91392942058738,train
2019-07-22,234.0,234.2268240366668,train
2019-07-23,288.0,279.82680744451346,train
2019-07-24,270.0,275.6810168618095,train
2019-07-25,246.0,250.5688914436443,train
2019-07-26,300.0,301.4737094105234,train
2019-07-27,120.0,128.46278652148195,train
2019-07-28,114.0,124.34242590499107,train
2019-07-29,240.0,237.00419026588975,train
2019-07-30,252.0,250.61349527767237,train
2019-07-31,300.0,298.59701873478525,train
2019-08-01,426.0,418.303617967714,train
2019-08-02,222.0,219.73663009201022,train
2019-08-03,144.0,155.9377334879145,train
2019-08-04,192.0,191.16670482245848,train
2019-08-05,258.0,255.7202111204759,train
2019-08-06,252.0,252.22860384190986,train
2019-08-07,234.0,234.4939218979838,train
2019-08-08,192.0,198.40115760872132,train
2019-08-09,210.0,208.32006298169034,train
2019-08-10,150.0,156.3176907793325,train
2019-08-11,126.0,128.25836564054276,train
2019-08-12,234.0,230.446827659089,train
2019-08-13,204.0,199.73879145979862,train
2019-08-14,180.0,185.62880012803603,train
2019-08-15,204.0,203.39347098329523,train
2019-08-16,162.0,166.7004288072515,train
2019-08-17,204.0,205.17319100386635,train
2019-08-18,180.0,180.6132959607802,train
2019-08-19,288.0,283.01750949646384,train
2019-08-20,258.0,261.65718040655474,train
2019-08-21,300.0,298.75979875207906,train
2019-08-22,288.0,290.8170201216047,train
2019-08-23,312.0,313.7804134336434,train
2019-08-24,168.0,172.39592355309853,train
2019-08-25,168.0,170.26054323877975,train
2019-08-26,318.0,317.17972731444036,train
2019-08-27,251.0,254.44176190086228,train
2019-08-28,252.0,256.46194396485225,train
2019-08-29,348.0,348.5949096047462,train
2019-08-30,204.0,209.71426953720015,train
2019-08-31,209.0,210.12901531258473,train
2019-09-01,360.0,356.6730201054524,train
2019-09-02,316.0,319.2322365063136,train
2019-09-03,264.0,269.7332008507736,train
2019-09-04,228.0,231.9305002855907,train
2019-09-05,264.0,266.87370840470726,train
2019-09-06,269.0,269.97686624653505,train
2019-09-07,180.0,186.28217233455598,train
2019-09-08,204.0,205.27183250800223,train
2019-09-09,294.0,294.61681417169785,train
2019-09-10,306.0,311.2901948819789,train
2019-09-11,293.0,300.1705874522741,train
2019-09-12,198.0,207.05835873079405,train
2019-09-13,234.0,239.33457732877224,train
2019-09-14,156.0,163.53566287974348,train
2019-09-15,149.0,158.33623399542765,train
2019-09-16,300.0,301.0530312265309,train
2019-09-17,258.0,261.5793995590602,train
2019-09-18,270.0,276.16235559754836,train
2019-09-19,228.0,232.8829903095814,train
2019-09-20,257.0,259.8098704810909,train
2019-09-21,172.0,177.1208056397984,train
2019-09-22,156.0,162.0809370047378,train
2019-09-23,191.0,198.1618140708021,train
2019-09-24,226.0,234.97749602400438,train
2019-09-25,251.0,257.18885865337234,train
2019-09-26,209.0,212.36576070348153,train
2019-09-27,186.0,194.19763313152637,train
2019-09-28,132.0,151.60804984619273,train
2019-09-29,162.0,170.98065295712786,train
2019-09-30,257.0,258.40489449500296,train
2019-10-01,419.0,410.73231874820544,train
2019-10-02,299.0,309.4598111618194,train
2019-10-03,232.0,238.6658738512128,train
2019-10-04,260.0,267.206168700943,train
2019-10-05,221.0,226.32661512212934,train
2019-10-06,162.0,173.1870992962202,train
2019-10-07,246.0,258.3108028822099,train
2019-10-08,301.0,307.4479192928462,train
2019-10-09,178.0,184.69782346554715,train
2019-10-10,244.0,248.7895178958089,train
2019-10-11,195.0,200.59254135259692,train
2019-10-12,235.0,234.34758192840957,train
2019-10-13,182.0,182.73879041829494,train
2019-10-14,271.0,272.71192137308054,train
2019-10-15,257.0,258.1166789264447,train
2019-10-16,197.0,197.635368327298,train
2019-10-17,242.0,239.9103976807418,train
2019-10-18,281.0,278.50854359896175,train
2019-10-19,192.0,194.25074903565275,train
2019-10-20,170.0,174.93336095400537,train
2019-10-21,212.0,211.66970712315396,train
2019-10-22,302.0,301.6038130689194,train
2019-10-23,222.0,222.97279759354632,train
2019-10-24,175.0,180.07151913682935,train
2019-10-25,232.0,233.70093692881267,train
2019-10-26,154.0,157.93951230302048,train
2019-10-27,185.0,181.8995662843039,train
2019-10-28,177.0,179.50581057956043,train
2019-10-29,165.0,172.45224119803748,train
2019-10-30,201.0,198.32973648982593,train
2019-10-31,224.0,221.3872098813425,train
2019-11-01,578.0,502.2468577551264,train
2019-11-02,213.0,212.83703513579758,train
2019-11-03,202.0,201.5412380258692,train
2019-11-04,259.0,257.5062883654483,train
2019-11-05,181.0,181.97371838545092,train
2019-11-06,214.0,214.87939817880795,train
2019-11-07,365.0,361.8926817232869,train
2019-11-08,272.0,271.570945904213,train
2019-11-09,348.0,348.51380122756336,train
2019-11-10,244.0,244.978066678379,train
2019-11-11,351.0,346.74852160633344,train
2019-11-12,278.0,275.64199119509766,train
2019-11-13,258.0,258.352480768521,train
2019-11-14,309.0,310.6849876678964,train
2019-11-15,211.0,213.63602857462837,train
2019-11-16,290.0,294.98173671072396,train
2019-11-17,262.0,258.43017101306333,train
2019-11-18,201.0,201.360347061805,train
2019-11-19,327.0,327.3409302734322,train
2019-11-20,238.0,238.16275298293456,train
2019-11-21,323.0,323.97369661097486,train
2019-11-22,235.0,236.30742364178064,train
2019-11-23,245.0,242.52222431492885,train
2019-11-24,163.0,164.26344573736526,train
2019-11-25,311.0,308.7975881994769,train
2019-11-26,340.0,331.91090595449987,train
2019-11-27,646.0,561.2416068883758,train
2019-11-28,186.0,196.9401713802128,train
2019-11-29,155.0,168.27493127079904,train
2019-11-30,156.0,158.04609849275846,train
2019-12-01,412.0,394.64953874047967,train
2019-12-02,303.0,309.5617304859243,train
2019-12-03,360.0,354.80725279293296,train
2019-12-04,322.0,322.1378261745056,train
2019-12-05,311.0,306.90546844700447,train
2019-12-06,366.0,360.8908616729926,train
2019-12-07,188.0,191.25391571552092,train
2019-12-08,228.0,228.54556575704427,train
2019-12-09,290.0,284.8720616852206,train
2019-12-10,213.0,215.45066012569652,train
2019-12-11,309.0,309.27959024863924,train
2019-12-12,249.0,250.7215345920223,train
2019-12-13,252.0,253.4220448697704,train
2019-12-14,265.0,259.57071389690304,train
2019-12-15,237.0,236.04019892409704,train
2019-12-16,277.0,274.0696835232196,train
2019-12-17,246.0,246.08440173584484,train
2019-12-18,283.0,277.56505249234976,train
2019-12-19,264.0,264.55074828022805,train
2019-12-20,252.0,247.77147642669735,train
2019-12-21,296.0,286.3044191074822,train
2019-12-22,202.0,198.37443548312774,train
2019-12-23,216.0,211.79893500824159,train
2019-12-24,167.0,163.8228228922934,train
2019-12-25,247.0,241.76172983407938,train
2019-12-26,266.0,261.1962897205997,train
2019-12-27,266.0,260.3582137479735,train
2019-12-28,222.0,215.31842555869204,train
2019-12-29,170.0,163.53110371435497,train
2019-12-30,181.0,179.87491511097926,train
2019-12-31,115.0,117.78337479372644,train
2020-01-01,245.0,237.60548570700126,train
2020-01-02,185.0,180.3425415433049,train
2020-01-03,230.0,223.17530726453032,train
2020-01-04,175.0,169.1348488386241,train
2020-01-05,180.0,176.53848759305862,train
2020-01-06,155.0,156.09743015654453,train
2020-01-07,195.0,189.72187455400174,train
2020-01-08,145.0,148.43341345081916,train
2020-01-09,215.0,206.7792833515474,train
2020-01-10,125.0,123.9524113683359,train
2020-01-11,135.0,137.35531177272577,train
2020-01-12,140.0,142.4844922677062,train
2020-01-13,150.0,153.62304813106925,train
2020-01-14,140.0,142.5408398798367,train
2020-01-15,145.0,148.24527863601458,train
2020-01-16,145.0,148.9301062467366,train
2020-01-17,175.0,177.58301542583177,train
2020-01-18,150.0,151.92151916503346,train
2020-01-19,155.0,152.96935443110118,train
2020-01-20,145.0,148.1267105440981,train
2020-01-21,190.0,188.1589788472878,train
2020-01-22,260.0,252.03293879877805,train
2020-01-23,149.0,151.99792328023483,train
2020-01-24,175.0,178.68518555005912,train
2020-01-25,220.0,215.66218647670942,train
2020-01-26,160.0,158.1024212327606,train
2020-01-27,240.0,234.84585376245337,train
2020-01-28,200.0,199.37255234813637,train
2020-01-29,170.0,170.24329904415242,train
2020-01-30,150.0,152.21829811892923,train
2020-01-31,165.0,160.11848007196232,train
2020-02-01,325.0,303.6144140874141,train
2020-02-02,160.0,158.99912892634603,train
2020-02-03,170.0,168.20241786596733,train
2020-02-04,145.0,145.6715719406073,train
2020-02-05,160.0,156.0582421706095,train
2020-02-06,170.0,166.50609146950768,train
2020-02-07,150.0,150.84602766550788,train
2020-02-08,130.0,128.6665219933398,train
2020-02-09,150.0,150.56883542692276,train
2020-02-10,200.0,195.75247644684998,train
2020-02-11,185.0,181.8380227089869,train
2020-02-12,155.0,152.72395941246828,train
2020-02-13,145.0,144.7417273276859,train
2020-02-14,210.0,202.5274922671798,train
2020-02-15,150.0,153.31558893915403,train
2020-02-16,145.0,144.63556454679446,train
2020-02-17,185.0,182.4335091767647,train
2020-02-18,225.0,184.83916362625752,train
2020-02-19,205.0,202.05512353018875,train
2020-02-20,245.0,237.62971451844064,train
2020-02-21,155.0,157.36213686070846,train
2020-02-22,170.0,166.6060682224973,train
2020-02-23,195.0,189.07756241824274,train
2020-02-24,110.0,115.26031447167841,train
2020-02-25,180.0,181.5501195540733,train
2020-02-26,250.0,239.9124245499225,train
2020-02-27,130.0,130.13842718605562,train
2020-02-28,190.0,188.78012835502625,train
2020-02-29,120.0,120.79457466648509,train
2020-03-01,230.0,223.78762325871878,train
2020-03-02,135.0,137.639836198307,train
2020-03-03,150.0,153.6494624073252,train
2020-03-04,225.0,220.36186780223056,train
2020-03-05,225.0,220.48729339313303,train
2020-03-06,195.0,193.04357420327977,train
2020-03-07,200.0,198.9937129781478,train
2020-03-08,185.0,182.52379728483191,train
2020-03-09,285.0,276.7446630404147,train
2020-03-10,220.0,217.44777835544045,train
2020-03-11,270.0,262.96379513711076,train
2020-03-12,310.0,302.77241792358996,train
2020-03-13,235.0,229.66852315873962,train
2020-03-14,200.0,198.9020194110891,train
2020-03-15,210.0,203.73472211177148,train
2020-03-16,245.0,239.9602350995685,train
2020-03-17,300.0,293.37315026552045,train
2020-03-18,195.0,191.34344905396122,train
2020-03-19,205.0,201.80745129377488,train
2020-03-20,170.0,167.15917323785507,train
2020-03-21,165.0,159.21855738130137,train
2020-03-22,155.0,155.74098391007476,train
2020-03-23,155.0,155.16703244539826,train
2020-03-24,235.0,228.57985222346468,train
2020-03-25,215.0,209.23310592295763,train
2020-03-26,135.0,137.7312617561924,train
2020-03-27,190.0,187.00413740982407,train
2020-03-28,175.0,173.67456480751142,train
2020-03-29,205.0,200.3778430536222,train
2020-03-30,155.0,153.61791609998482,train
2020-03-31,125.0,124.81458415122796,train
2020-04-01,295.0,272.9441731788254,train
2020-04-02,135.0,136.0255473740506,train
2020-04-03,95.0,102.15039895118875,train
2020-04-04,85.0,89.56895669067279,train
2020-04-05,95.0,100.27619169260291,train
2020-04-06,155.0,152.1278816307107,train
2020-04-07,125.0,130.3351986926028,train
2020-04-08,185.0,178.61874223942738,train
2020-04-09,135.0,137.53657138005357,train
2020-04-10,165.0,164.60324880159368,train
2020-04-11,215.0,207.23248709530807,train
2020-04-12,100.0,103.25580116333589,train
2020-04-13,260.0,246.7786494983499,train
2020-04-14,345.0,330.3409840466338,train
2020-04-15,330.0,316.6375724454675,train
2020-04-16,265.0,260.65508435368025,train
2020-04-17,255.0,249.45717037564043,train
2020-04-18,240.0,235.66460903698504,train
2020-04-19,295.0,295.0869539275299,train
2020-04-20,315.0,310.31966268579794,train
2020-04-21,235.0,231.1816428664493,train
2020-04-22,295.0,295.03115642670684,train
2020-04-23,245.0,244.4187344597776,train
2020-04-24,240.0,236.72165971416524,train
2020-04-25,310.0,302.98971859105205,train
2020-04-26,355.0,347.76953081905344,train
2020-04-27,450.0,444.81718196248437,train
2020-04-28,295.0,297.1217866081431,train
2020-04-29,420.0,415.0469331082071,train
2020-04-30,390.0,389.13839388635927,train
2020-05-01,520.0,508.9382059332928,train
2020-05-02,185.0,186.09591408569145,train
2020-05-03,230.0,227.95909936057527,train
2020-05-04,130.0,141.54604885306816,train
2020-05-05,140.0,142.05540982194435,train
2020-05-06,225.0,220.9504578424049,train
2020-05-07,120.0,125.76899993381183,train
2020-05-08,150.0,157.55444519154588,train
2020-05-09,110.0,116.99707425043437,train
2020-05-10,130.0,133.0457182844855,train
2020-05-11,155.0,154.85040243827189,train
2020-05-12,190.0,184.62122946049024,train
2020-05-13,225.0,221.0584068810047,train
2020-05-14,200.0,197.28958726246753,train
2020-05-15,170.0,171.9858374731494,train
2020-05-16,110.0,118.67782268316141,train
2020-05-17,215.0,204.74075528713496,train
2020-05-18,155.0,154.49008252656023,train
2020-05-19,205.0,204.61134109641245,train
2020-05-20,185.0,187.25794395394217,train
2020-05-21,195.0,194.46529238202072,train
2020-05-22,200.0,200.94810736198986,train
2020-05-23,200.0,198.49286388116136,train
2020-05-24,185.0,186.56851533051918,train
2020-05-25,165.0,167.60237914418815,train
2020-05-26,175.0,173.01382511094715,train
2020-05-27,140.0,146.09108926785848,train
2020-05-28,145.0,146.6666618219979,train
2020-05-29,130.0,135.1668683382998,train
2020-05-30,150.0,148.90696043340628,train
2020-05-31,140.0,140.93991263835005,train
2020-06-01,345.0,325.5927553947472,train
2020-06-02,240.0,234.7172417609468,train
2020-06-03,220.0,222.03817906075903,train
2020-06-04,215.0,217.81021796922585,train
2020-06-05,225.0,225.707487668104,train
2020-06-06,115.0,121.41650241900335,train
2020-06-07,175.0,177.28892941829366,train
2020-06-08,165.0,165.3368138133725,train
2020-06-09,250.0,238.32366627098563,train
2020-06-10,200.0,202.40155361480686,train
2020-06-11,115.0,121.0730511540166,train
2020-06-12,240.0,231.94906879286972,train
2020-06-13,150.0,155.05374362381463,train
2020-06-14,175.0,176.98734746578475,train
2020-06-15,210.0,209.48745041758082,train
2020-06-16,265.0,260.2905545714864,train
2020-06-17,200.0,203.5287511483727,train
2020-06-18,155.0,156.34686848324102,train
2020-06-19,225.0,224.70142292480122,train
2020-06-20,185.0,186.15898333633845,train
2020-06-21,130.0,135.94889428099822,train
2020-06-22,235.0,231.20515982558035,train
2020-06-23,185.0,188.46381902320203,train
2020-06-24,210.0,212.967540845717,train
2020-06-25,225.0,228.9828941852599,train
2020-06-26,225.0,228.9462643703405,train
2020-06-27,165.0,170.7933024623645,train
2020-06-28,105.0,115.72054038629518,train
2020-06-29,190.0,187.64806336758696,train
2020-06-30,190.0,189.1900814852267,train
2020-07-01,345.0,344.08496287883463,train
2020-07-02,224.0,229.15592309036955,train
2020-07-03,195.0,199.45007748050978,train
2020-07-04,200.0,203.54183293366032,train
2020-07-05,145.0,147.77656626958418,train
2020-07-06,160.0,164.1844053995855,train
2020-07-07,165.0,168.05050399386766,train
2020-07-08,260.0,253.5615146575888,train
2020-07-09,175.0,176.43993357460815,train
2020-07-10,225.0,223.25468853821832,train
2020-07-11,190.0,191.09019059402283,train
2020-07-12,150.0,148.72588431432487,train
2020-07-13,180.0,180.12066134244046,train
2020-07-14,160.0,161.33737948468536,train
2020-07-15,165.0,167.3495361102751,train
2020-07-16,190.0,190.52852602279543,train
2020-07-17,170.0,170.22150237293965,train
2020-07-18,145.0,145.60914547454314,train
2020-07-19,110.0,114.90760583139989,train
2020-07-20,260.0,252.86717927462772,train
2020-07-21,145.0,145.4154449768797,train
2020-07-22,200.0,201.61701343297668,train
2020-07-23,160.0,162.9685233011892,train
2020-07-24,165.0,164.46862991172736,train
2020-07-25,165.0,163.1092663881125,train
2020-07-26,155.0,156.69075213593936,train
2020-07-27,165.0,165.18445679303966,train
2020-07-28,320.0,307.9571123396156,train
2020-07-29,125.0,130.97069610754028,train
2020-07-30,95.0,104.03989099353184,train
2020-07-31,124.0,126.91669262851632,train
2020-08-01,300.0,284.1501467065173,train
2020-08-02,140.0,141.97053039665207,train
2020-08-03,135.0,140.60384354227818,train
2020-08-04,185.0,183.21328271307317,train
2020-08-05,140.0,139.933507243492,train
2020-08-06,160.0,161.09312322316623,train
2020-08-07,135.0,137.59924269508596,train
2020-08-08,95.0,106.395876691758,train
2020-08-09,90.0,102.77157808154857,train
2020-08-10,140.0,135.40295707982807,train
2020-08-11,160.0,154.93352944673254,train
2020-08-12,197.0,190.76930468625062,train
2020-08-13,155.0,155.3510930300202,train
2020-08-14,170.0,169.8364974100857,train
2020-08-15,145.0,144.5933349197482,train
2020-08-16,145.0,142.6807597734889,train
2020-08-17,204.0,199.05553444054516,train
2020-08-18,165.0,163.86797586501174,train
2020-08-19,135.0,138.16722312347395,train
2020-08-20,160.0,159.78558471799494,train
2020-08-21,130.0,133.85299791834984,train
2020-08-22,140.0,137.00384576472652,train
2020-08-23,130.0,132.74318015892703,train
2020-08-24,139.0,136.63645971386816,train
2020-08-25,175.0,170.7980842023105,train
2020-08-26,100.0,112.86550867436249,train
2020-08-27,120.0,120.757021820665,train
2020-08-28,199.0,189.740165456187,train
2020-08-29,120.0,121.32108310820902,train
2020-08-30,115.0,118.30213712269055,train
2020-08-31,130.0,129.69708270033595,train
2020-09-01,315.0,291.2756685489145,train
2020-09-02,235.0,238.2116387233059,train
2020-09-03,155.0,159.58817738334506,train
2020-09-04,130.0,134.10029349312822,train
2020-09-05,215.0,210.027406568395,train
2020-09-06,115.0,118.99464634612711,train
2020-09-07,190.0,193.0398385042701,train
2020-09-08,170.0,169.56400361284855,train
2020-09-09,205.0,204.93923190750814,train
2020-09-10,240.0,243.59498947903307,train
2020-09-11,210.0,213.07828947489494,train
2020-09-12,150.0,154.81708687143336,train
2020-09-13,194.0,194.85258737437545,train
2020-09-14,195.0,199.8183201589025,train
2020-09-15,153.0,158.7395399629646,train
2020-09-16,155.0,159.2676880280269,train
2020-09-17,200.0,200.89123834466437,train
2020-09-18,190.0,193.77671118362292,train
2020-09-19,160.0,163.32474186459908,train
2020-09-20,170.0,171.8351273240086,train
2020-09-21,159.0,158.67175027175637,train
2020-09-22,160.0,161.90875124374094,train
2020-09-23,114.0,119.01453696708832,train
2020-09-24,125.0,127.97634433628302,train
2020-09-25,164.0,164.75371474121502,train
2020-09-26,104.0,110.97943998206192,train
2020-09-27,105.0,112.4549395479984,train
2020-09-28,169.0,170.79202331679016,train
2020-09-29,165.0,163.249204504455,train
2020-09-30,144.0,149.447587488911,train
2020-10-01,354.0,334.4511267988521,train
2020-10-02,134.0,144.10892970665043,train
2020-10-03,183.0,190.22189548543588,train
2020-10-04,171.0,174.17846199501568,train
2020-10-05,209.0,210.17818437563884,train
2020-10-06,156.0,163.33869191952837,train
2020-10-07,213.0,216.8728581600998,train
2020-10-08,174.0,181.0438698017398,train
2020-10-09,172.0,178.0592154230102,train
2020-10-10,188.0,190.98800972332995,train
2020-10-11,194.0,196.99276139590842,train
2020-10-12,169.0,173.85619845305936,train
2020-10-13,183.0,188.6156177848979,train
2020-10-14,149.0,153.45481130605262,train
2020-10-15,124.0,127.48643328245166,train
2020-10-16,165.0,165.69272011738013,train
2020-10-17,198.0,191.3489496058452,train
2020-10-18,143.0,148.77588863335114,train
2020-10-19,241.0,240.48537246884774,train
2020-10-20,251.0,248.253959296865,train
2020-10-21,273.0,273.89688437597647,train
2020-10-22,148.0,153.7451889294896,train
2020-10-23,164.0,167.6830580930534,train
2020-10-24,167.0,170.1936361368944,train
2020-10-25,178.0,180.6382264608353,train
2020-10-26,199.0,198.25713427536454,train
2020-10-27,201.0,199.4434726839668,train
2020-10-28,202.0,199.31902559465547,train
2020-10-29,168.0,166.75087926630863,train
2020-10-30,200.0,198.37346421031066,train
2020-10-31,148.0,149.96331568498763,train
2020-11-01,319.0,304.89482930382803,train
2020-11-02,225.0,224.83383251022155,train
2020-11-03,217.0,214.1331162077551,train
2020-11-04,211.0,204.45036649394814,train
2020-11-05,191.0,192.74131343129397,train
2020-11-06,199.0,199.45471124168765,train
2020-11-07,217.0,208.92443509213953,train
2020-11-08,159.0,163.2787115382084,train
2020-11-09,224.0,221.06832320463388,train
2020-11-10,251.0,243.59256561678063,train
2020-11-11,186.0,191.7021371144443,train
2020-11-12,208.0,209.44767160334587,train
2020-11-13,188.0,189.64982924052478,train
2020-11-14,234.0,229.32469837264227,train
2020-11-15,190.0,192.26406405020438,train
2020-11-16,216.0,218.971075007404,train
2020-11-17,256.0,249.1303799019301,train
2020-11-18,214.0,214.44999425178096,train
2020-11-19,204.0,204.7805923806705,train
2020-11-20,169.0,175.7851110592669,train
2020-11-21,123.0,130.9291442934427,train
2020-11-22,150.0,152.5737026176063,train
2020-11-23,237.0,227.71688558054706,train
2020-11-24,202.0,197.03921635791,train
2020-11-25,221.0,220.2252632069255,train
2020-11-26,183.0,202.26116748370865,train
2020-11-27,173.0,188.8601158736008,train
2020-11-28,213.0,223.71490465649168,train
2020-11-29,117.0,147.2336119549447,train
2020-11-30,322.0,328.2672846277457,train
2020-12-01,409.0,402.501617126859,train
2020-12-02,300.0,314.73287905460523,train
2020-12-03,202.0,227.91982071681298,train
2020-12-04,238.0,248.12944379640587,train
2020-12-05,172.0,193.665423503386,train
2020-12-06,259.0,271.53417324975146,train
2020-12-07,314.0,328.58573492622844,train
2020-12-08,172.0,194.78951906314703,train
2020-12-09,279.0,291.3797866923154,train
2020-12-10,179.0,197.16633615876222,train
2020-12-11,213.0,226.78184350383404,train
2020-12-12,201.0,211.21165026066828,train
2020-12-13,154.0,176.72533235445488,train
2020-12-14,234.0,248.47427745649668,train
2020-12-15,238.0,258.14242341531417,train
2020-12-16,268.0,285.89305052863,train
2020-12-17,195.0,214.2912493478484,train
2020-12-18,227.0,242.32657342214108,train
2020-12-19,213.0,225.17863473200393,train
2020-12-20,251.0,266.56404652408236,train
2020-12-21,237.0,260.2400514844456,train
2020-12-22,170.0,190.94450461310947,train
2020-12-23,171.0,190.86678450016456,train
2020-12-24,155.0,167.23070236541386,train
2020-12-25,161.0,164.79179719977753,train
2020-12-26,167.0,176.3955642131501,train
2020-12-27,184.0,191.93508109243186,train
2020-12-28,177.0,180.8416027753273,train
2020-12-29,167.0,176.70493061808563,train
2020-12-30,132.0,152.80951549315944,train
2020-12-31,88.0,108.78500583524885,train
2021-01-01,308.0,282.0842078166211,train
2021-01-02,228.0,223.35513660620074,train
2021-01-03,200.0,215.82827004660737,train
2021-01-04,224.0,230.30543596835787,train
2021-01-05,200.0,207.96012141209943,train
2021-01-06,196.0,203.04291850344342,train
2021-01-07,224.0,223.53562843996087,train
2021-01-08,212.0,223.35397338309173,train
2021-01-09,200.0,210.18533017082243,train
2021-01-10,168.0,185.30015908477185,train
2021-01-11,264.0,279.1545216605981,train
2021-01-12,184.0,189.1923327913326,train
2021-01-13,180.0,188.81862842692686,train
2021-01-14,168.0,179.00110556457594,train
2021-01-15,224.0,218.76730200985645,train
2021-01-16,176.0,193.7873889529605,train
2021-01-17,212.0,217.91122785840423,train
2021-01-18,224.0,227.50013094497226,train
2021-01-19,224.0,233.57880509205216,train
2021-01-20,184.0,200.7108652984186,train
2021-01-21,184.0,199.30749596705894,train
2021-01-22,172.0,192.8768861372456,train
2021-01-23,188.0,202.5322997906943,train
2021-01-24,144.0,162.67750290926364,train
2021-01-25,196.0,211.9527370650075,train
2021-01-26,224.0,221.98024216921237,train
2021-01-27,160.0,175.90159526335285,train
2021-01-28,200.0,215.12733761809858,train
2021-01-29,112.0,138.8344142980527,train
2021-01-30,140.0,88.65769663360228,train
2021-01-31,148.0,159.8187602574363,train
2021-02-01,396.0,380.74579265944124,train
2021-02-02,156.0,182.39856330887767,train
2021-02-03,164.0,200.03145769582164,train
2021-02-04,148.0,161.34351905862877,train
2021-02-05,140.0,157.1286254690337,train
2021-02-06,148.0,150.5782170698094,train
2021-02-07,128.0,146.56183674735814,train
2021-02-08,172.0,165.90261117683224,train
2021-02-09,148.0,150.66321000551176,train
2021-02-10,132.0,137.4649718992641,train
2021-02-11,116.0,123.15008439798528,train
2021-02-12,140.0,80.42024165293459,train
2021-02-13,132.0,137.78868860478957,train
2021-02-14,108.0,121.09044362598637,train
2021-02-15,120.0,128.82680919253005,train
2021-02-16,84.0,101.751409844347,train
2021-02-17,160.0,158.96643325121528,train
2021-02-18,152.0,155.39253985807724,train
2021-02-19,104.0,119.7785855146721,train
2021-02-20,128.0,129.64032467011373,train
2021-02-21,136.0,140.45722658407072,train
2021-02-22,180.0,189.0336300323176,train
2021-02-23,160.0,158.90476909773625,train
2021-02-24,176.0,177.78751639182016,train
2021-02-25,140.0,144.89851359440502,train
2021-02-26,128.0,131.9237392528109,train
2021-02-27,100.0,110.6064687083681,train
2021-02-28,68.0,94.39344535070433,train
2021-03-01,288.0,269.4908151998234,train
2021-03-02,96.0,108.78714180314635,train
2021-03-03,144.0,158.84720772328419,train
2021-03-04,196.0,193.40759147762742,train
2021-03-05,104.0,111.21911166742301,train
2021-03-06,148.0,151.5857322096478,train
2021-03-07,120.0,128.43959684740994,train
2021-03-08,168.0,175.61179208763812,train
2021-03-09,164.0,162.23935745158542,train
2021-03-10,156.0,159.18364078745483,train
2021-03-11,136.0,146.71490610540863,train
2021-03-12,172.0,174.06460895598602,train
2021-03-13,124.0,135.45247117167742,train
2021-03-14,124.0,132.516923202763,train
2021-03-15,116.0,123.75454238360672,train
2021-03-16,168.0,159.3014223456903,train
2021-03-17,160.0,157.2739790175713,train
2021-03-18,108.0,117.77987022591137,train
2021-03-19,152.0,146.13972746881083,train
2021-03-20,144.0,139.19517230872242,train
2021-03-21,108.0,112.01963318140437,train
2021-03-22,112.0,115.5493780180965,train
2021-03-23,164.0,168.9940988774364,train
2021-03-24,144.0,145.68249989688042,train
2021-03-25,132.0,140.6413941988874,train
2021-03-26,156.0,154.50128176652342,train
2021-03-27,112.0,120.78143625519571,train
2021-03-28,156.0,154.63307499375253,train
2021-03-29,124.0,125.11388956985414,train
2021-03-30,88.0,100.15278965359138,train
2021-03-31,140.0,126.41989509572248,train
2021-04-01,228.0,221.01237252586583,train
2021-04-02,120.0,127.41498618960289,train
2021-04-03,120.0,123.8615183483158,train
2021-04-04,116.0,122.12677320082085,train
2021-04-05,124.0,125.71187740040502,train
2021-04-06,140.0,143.27046998069335,train
2021-04-07,124.0,126.11129511109417,train
2021-04-08,156.0,159.04849118734228,train
2021-04-09,92.0,99.72037232173446,train
2021-04-10,144.0,144.44595399370417,train
2021-04-11,100.0,102.84810203119764,train
2021-04-12,120.0,121.77487882594329,train
2021-04-13,112.0,114.95862286437045,train
2021-04-14,104.0,107.93738959711933,train
2021-04-15,152.0,153.43587571130087,train
2021-04-16,96.0,100.72581605612902,train
2021-04-17,88.0,224.14374919568314,train
2021-04-18,116.0,117.25319604774825,train
2021-04-19,140.0,143.8058324031228,train
2021-04-20,128.0,128.40618034785302,train
2021-04-21,88.0,97.15406543398535,train
2021-04-22,136.0,140.6162410068141,train
2021-04-23,108.0,111.49389694045817,train
2021-04-24,112.0,113.85918218889333,train
2021-04-25,96.0,98.96974350697458,train
2021-04-26,112.0,115.6884650889535,train
2021-04-27,140.0,141.76982279735876,train
2021-04-28,120.0,125.46626037231528,train
2021-04-29,92.0,98.41918002845819,train
2021-04-30,96.0,103.80031162909619,train
2021-05-01,204.0,198.97175995237134,train
2021-05-02,92.0,101.92552942582448,train
2021-05-03,152.0,150.4069280072114,train
2021-05-04,92.0,99.27009876432061,train
2021-05-05,92.0,95.89883245964573,train
2021-05-06,152.0,151.5326458175862,train
2021-05-07,136.0,140.209584729663,train
2021-05-08,144.0,149.41372364710048,train
2021-05-09,172.0,173.27317868735656,train
2021-05-10,192.0,192.56220605298373,train
2021-05-11,192.0,195.77380628238524,train
2021-05-12,160.0,169.68181786933866,train
2021-05-13,180.0,186.4482857232555,train
2021-05-14,148.0,155.7063514619164,train
2021-05-15,132.0,142.909273715943,train
2021-05-16,144.0,149.84154459986183,train
2021-05-17,216.0,215.47496515504906,train
2021-05-18,188.0,197.55341462174695,train
2021-05-19,208.0,213.32196907046006,train
2021-05-20,180.0,187.9653462569217,train
2021-05-21,208.0,212.08754351589496,train
2021-05-22,160.0,171.8091277616287,train
2021-05-23,96.0,115.98218319638383,train
2021-05-24,208.0,207.99992656975994,train
2021-05-25,204.0,211.74378462721126,train
2021-05-26,156.0,171.52768249516402,train
2021-05-27,152.0,164.0184646834434,train
2021-05-28,168.0,175.33611267307467,train
2021-05-29,92.0,106.15746722467364,train
2021-05-30,132.0,139.54121977100388,train
2021-05-31,108.0,114.27497328389907,train
2021-06-01,220.0,218.13923700685984,train
2021-06-02,128.0,135.44170715559093,train
2021-06-03,160.0,166.4897294868658,train
2021-06-04,104.0,114.34318822282124,train
2021-06-05,112.0,118.98502530687824,train
2021-06-06,108.0,115.54600481493353,train
2021-06-07,180.0,185.90923477216464,train
2021-06-08,168.0,173.81272572973086,train
2021-06-09,132.0,141.68074766307132,train
2021-06-10,128.0,131.46937144725953,train
2021-06-11,144.0,149.81256109615788,train
2021-06-12,112.0,117.86196529778707,train
2021-06-13,128.0,130.43269246287423,train
2021-06-14,140.0,142.94421542064273,train
2021-06-15,188.0,191.23037023976136,train
2021-06-16,100.0,102.17526062982827,train
2021-06-17,152.0,154.42587060622185,train
2021-06-18,144.0,142.81915585029188,train
2021-06-19,124.0,129.67837393910855,train
2021-06-20,156.0,156.0758287543799,train
2021-06-21,180.0,180.56820350598835,train
2021-06-22,156.0,161.3665151698429,train
2021-06-23,144.0,150.97846247802602,train
2021-06-24,136.0,141.00713767431964,train
2021-06-25,148.0,149.93829836280088,train
2021-06-26,156.0,156.7910703032347,train
2021-06-27,140.0,144.0158500426932,train
2021-06-28,92.0,103.77007924290695,train
2021-06-29,132.0,130.88285763734697,train
2021-06-30,144.0,143.98980418890594,train
2021-07-01,244.0,238.42528129865042,train
2021-07-02,164.0,171.04889955770656,train
2021-07-03,112.0,114.96273634266026,train
2021-07-04,176.0,174.5011042796238,train
2021-07-05,132.0,133.1814905262851,train
2021-07-06,216.0,217.25015820333115,train
2021-07-07,224.0,222.16495815071048,train
2021-07-08,208.0,213.37127591577064,train
2021-07-09,184.0,186.38374785592802,train
2021-07-10,208.0,209.46144563574754,train
2021-07-11,172.0,175.69748105231804,train
2021-07-12,184.0,192.46392083587705,train
2021-07-13,196.0,198.6066939415907,train
2021-07-14,136.0,137.23584984939635,train
2021-07-15,128.0,136.1963058708586,train
2021-07-16,188.0,186.53784824253148,train
2021-07-17,140.0,140.4185760872278,train
2021-07-18,152.0,151.11991768344237,train
2021-07-19,124.0,128.2335784529918,train
2021-07-20,156.0,155.18820530659352,train
2021-07-21,184.0,183.0251579240288,train
2021-07-22,92.0,94.08539894744274,train
2021-07-23,196.0,194.4329698774471,train
2021-07-24,136.0,129.7716898174308,train
2021-07-25,108.0,105.57922238227385,train
2021-07-26,172.0,168.29205178193212,train
2021-07-27,180.0,177.15020605694798,train
2021-07-28,148.0,152.88426366422385,train
2021-07-29,124.0,129.10182998939382,train
2021-07-30,112.0,107.83128334174921,train
2021-07-31,76.0,80.3324154175857,train
2021-08-01,176.0,167.25647291884377,train
2021-08-02,112.0,108.11126322944675,train
2021-08-03,167.0,165.14530037415136,train
2021-08-04,160.0,154.81137252690812,train
2021-08-05,152.0,152.40178502693388,train
2021-08-06,152.0,151.5593427577564,train
2021-08-07,140.0,134.34536511810126,train
2021-08-08,122.0,124.8825473353009,train
2021-08-09,194.0,188.50608071181512,train
2021-08-10,228.0,218.83618466627541,train
2021-08-11,182.0,178.52751696422575,train
2021-08-12,201.0,197.56026619653736,train
2021-08-13,197.0,194.8540234372866,train
2021-08-14,173.0,171.69754184905534,train
2021-08-15,195.0,194.04470011813376,train
2021-08-16,137.0,140.3738121867438,train
2021-08-17,197.0,197.54468898084178,train
2021-08-18,211.0,211.06821467997423,train
2021-08-19,160.0,166.4483634409088,train
2021-08-20,169.0,169.22776044984528,train
2021-08-21,132.0,134.43572119265806,train
2021-08-22,174.0,172.42243489315655,train
2021-08-23,166.0,162.64743239453855,train
2021-08-24,214.0,212.94342666548755,train
2021-08-25,177.0,175.88393220467705,train
2021-08-26,198.0,193.2692505433799,train
2021-08-27,196.0,192.28294493591534,train
2021-08-28,142.0,146.86305501493518,train
2021-08-29,128.0,129.0924711961928,train
2021-08-30,143.0,139.69184251720344,train
2021-08-31,107.0,110.42372092125999,train
2021-09-01,192.0,186.96147179928192,train
2021-09-02,131.0,131.88322795154585,train
2021-09-03,160.0,157.21002404575862,train
2021-09-04,160.0,155.12196881496166,train
2021-09-05,140.0,138.60314241486196,train
2021-09-06,132.0,131.11066850100218,train
2021-09-07,128.0,127.65691632028278,train
2021-09-08,176.0,169.98202124157558,train
2021-09-09,136.0,134.04300638300938,train
2021-09-10,152.0,148.1484294485228,train
2021-09-11,120.0,117.74952132668459,train
2021-09-12,152.0,146.15901427563662,train
2021-09-13,136.0,132.90472845098935,train
2021-09-14,192.0,185.32222866366828,train
2021-09-15,140.0,140.7373244903048,train
2021-09-16,184.0,179.9413523235309,train
2021-09-17,132.0,132.03133484874007,train
2021-09-18,144.0,140.25542719664924,train
2021-09-19,116.0,113.9026478051632,train
2021-09-20,220.0,213.80325054862703,train
2021-09-21,160.0,160.69615366097034,train
2021-09-22,104.0,110.76912228566681,train
2021-09-23,180.0,174.13917158864461,train
2021-09-24,159.0,153.86475395332405,train
2021-09-25,112.0,111.93657376839468,train
2021-09-26,143.0,139.97549013125257,train
2021-09-27,214.0,206.52599357504891,train
2021-09-28,219.0,214.00729044203496,train
2021-09-29,143.0,144.3775787541506,train
2021-09-30,177.0,175.70924492508146,train
2021-10-01,230.0,219.39377514190826,train
2021-10-02,149.0,148.5378270879574,train
2021-10-03,143.0,146.76798907545418,train
2021-10-04,206.0,200.6596905291807,train
2021-10-05,269.0,252.6482749651093,train
2021-10-06,232.0,232.46338090382605,train
2021-10-07,190.0,193.5064540046096,train
2021-10-08,164.0,165.54542403592538,train
2021-10-09,218.0,209.2254079807096,train
2021-10-10,134.0,141.22914745956564,train
2021-10-11,164.0,162.15929814233726,train
2021-10-12,179.0,172.97421416947557,train
2021-10-13,222.0,217.77035237737903,train
2021-10-14,231.0,225.55917135441217,train
2021-10-15,184.0,185.25574655803396,train
2021-10-16,151.0,151.9520266228672,train
2021-10-17,187.0,180.35242494436562,train
2021-10-18,164.0,161.82662308832676,train
2021-10-19,260.0,248.99636224516962,train
2021-10-20,161.0,164.90806940457824,train
2021-10-21,167.0,167.62130781353747,train
2021-10-22,180.0,176.632430285535,train
2021-10-23,138.0,138.56473369046097,train
2021-10-24,150.0,144.01348869447315,train
2021-10-25,204.0,198.42046282697484,train
2021-10-26,220.0,214.1829681892872,train
2021-10-27,116.0,120.44100613888244,train
2021-10-28,189.0,181.71279516243897,train
2021-10-29,174.0,164.65754108454627,train
2021-10-30,174.0,170.95426432017678,train
2021-10-31,186.0,180.27203713791914,train
2021-11-01,375.0,349.35837151313206,train
2021-11-02,206.0,208.8294461313408,train
2021-11-03,211.0,210.50827861880006,train
2021-11-04,204.0,201.57044048445465,train
2021-11-05,190.0,188.85995401356604,train
2021-11-06,172.0,170.8453050730232,train
2021-11-07,202.0,199.35683690055504,train
2021-11-08,204.0,201.49639514444092,train
2021-11-09,277.0,269.17025357980054,train
2021-11-10,234.0,235.6919500083688,train
2021-11-11,221.0,220.8301717367587,train
2021-11-12,189.0,187.7653014649095,train
2021-11-13,154.0,153.07340061740763,train
2021-11-14,154.0,148.30512628967554,train
2021-11-15,203.0,196.21417947513137,train
2021-11-16,234.0,224.12481546482724,train
2021-11-17,242.0,238.91602511369547,train
2021-11-18,245.0,240.63994378111772,train
2021-11-19,250.0,244.27533677771086,train
2021-11-20,224.0,217.6914467111026,train
2021-11-21,230.0,225.87982731933778,train
2021-11-22,299.0,289.8541777463656,train
2021-11-23,203.0,206.55534198269874,train
2021-11-24,316.0,302.9485649798578,train
2021-11-25,283.0,278.2395360489961,train
2021-11-26,230.0,230.94262246742042,train
2021-11-27,263.0,260.9970033195581,train
2021-11-28,166.0,173.91910765772377,train
2021-11-29,244.0,241.04584956852028,train
2021-11-30,273.0,267.1191112096667,train
2021-12-01,384.0,372.8454266584787,train
2021-12-02,236.0,237.04028931930142,train
2021-12-03,240.0,240.63059012846566,train
2021-12-04,249.0,242.34432659435436,train
2021-12-05,215.0,216.65080158317113,train
2021-12-06,274.0,276.10681469212375,train
2021-12-07,299.0,294.784964603194,train
2021-12-08,278.0,279.8237351135847,train
2021-12-09,218.0,220.82281783028643,train
2021-12-10,283.0,281.95631557356387,train
2021-12-11,211.0,215.84503081948878,train
2021-12-12,258.0,255.4676467584716,train
2021-12-13,298.0,294.99423505841065,train
2021-12-14,261.0,265.450917754186,train
2021-12-15,379.0,371.39824989084036,train
2021-12-16,358.0,352.218109530328,train
2021-12-17,283.0,282.3310641269139,train
2021-12-18,307.0,300.7911458451225,train
2021-12-19,308.0,301.16305502621856,train
2021-12-20,288.0,291.63357654783846,train
2021-12-21,219.0,231.61862708297366,train
2021-12-22,231.0,228.95852199408273,train
2021-12-23,218.0,214.81107411356552,train
2021-12-24,170.0,173.47473868704895,train
2021-12-25,126.0,129.41992670509293,train
2021-12-26,131.0,121.94256187612099,train
2021-12-27,188.0,165.71583101333994,train
2021-12-28,197.0,179.64689841748836,train
2021-12-29,178.0,163.442748222468,train
2021-12-30,114.0,104.6566144917388,train
2021-12-31,105.0,96.57762886126791,train
2022-01-01,201.0,178.63481579895767,train
2022-01-02,138.0,125.91529724993117,train
2022-01-03,180.0,172.62925031611854,train
2022-01-04,162.0,155.13663615006027,train
2022-01-05,165.0,159.40969381713737,train
2022-01-06,144.0,140.75436716805783,train
2022-01-07,135.0,133.44818652549552,train
2022-01-08,99.0,104.31907992673968,train
2022-01-09,159.0,149.66990213294744,train
2022-01-10,117.0,111.49599434995355,train
2022-01-11,114.0,110.02208907954201,train
2022-01-12,153.0,144.9246603274101,train
2022-01-13,93.0,100.59360828844615,train
2022-01-14,108.0,105.22723254802222,train
2022-01-15,66.0,67.88915320755811,train
2022-01-16,117.0,111.9500614618412,train
2022-01-17,111.0,107.6070744223284,train
2022-01-18,111.0,108.36898057137897,train
2022-01-19,93.0,98.76226730518567,train
2022-01-20,105.0,104.02465423369912,train
2022-01-21,144.0,137.45339632979923,train
2022-01-22,114.0,111.9360969906573,train
2022-01-23,120.0,117.16373524650271,train
2022-01-24,117.0,115.77051768606361,train
2022-01-25,144.0,139.5416783275413,train
2022-01-26,165.0,158.46655193335656,train
2022-01-27,93.0,89.08427814025036,train
2022-01-28,126.0,122.83548926951946,train
2022-01-29,96.0,87.71678956069984,train
2022-01-30,75.0,81.03970525393133,train
2022-01-31,132.0,120.23118963251491,train
2022-02-01,207.0,192.55602794406428,train
2022-02-02,84.0,88.16563740375696,train
2022-02-03,120.0,109.44916460015536,train
2022-02-04,129.0,114.86914052015715,train
2022-02-05,144.0,129.54977310318057,train
2022-02-06,87.0,87.05150939082311,train
2022-02-07,84.0,87.52464536594734,train
2022-02-08,117.0,112.74630211771264,train
2022-02-09,111.0,107.5556147669832,train
2022-02-10,138.0,134.4624468437622,train
2022-02-11,111.0,107.97875321012278,train
2022-02-12,159.0,151.54297745985733,train
2022-02-13,141.0,139.2201716494984,train
2022-02-14,150.0,144.89206238186284,train
2022-02-15,216.0,206.60109197659494,train
2022-02-16,153.0,153.0819213292019,train
2022-02-17,189.0,187.84942414826193,train
2022-02-18,195.0,191.78172704348103,train
2022-02-19,171.0,172.2219214856569,train
2022-02-20,177.0,176.633355407232,train
2022-02-21,216.0,210.0372830780054,train
2022-02-22,198.0,198.9065058680357,train
2022-02-23,207.0,206.49305306484555,train
2022-02-24,183.0,185.30091461890206,train
2022-02-25,186.0,188.09384052760464,train
2022-02-26,174.0,176.3558921218313,train
2022-02-27,147.0,152.89967950010202,train
2022-02-28,195.0,193.96317017846678,train
2022-03-01,288.0,271.71281738138043,train
2022-03-02,195.0,202.31476236021484,train
2022-03-03,189.0,196.38351933584858,train
2022-03-04,174.0,179.24184518981644,train
2022-03-05,192.0,193.01996192812368,train
2022-03-06,186.0,187.71837378090115,train
2022-03-07,201.0,204.9305354944433,train
2022-03-08,234.0,232.4506764626098,train
2022-03-09,198.0,205.02344617605607,train
2022-03-10,192.0,175.1309165226696,train
2022-03-11,198.0,200.78839717917876,train
2022-03-12,210.0,210.67593957173366,train
2022-03-13,171.0,175.19640186907964,train
2022-03-14,165.0,170.07102221743287,train
2022-03-15,201.0,203.13653676618125,train
2022-03-16,204.0,207.97388784589322,train
2022-03-17,183.0,189.80424940939994,train
2022-03-18,171.0,170.08783850242253,train
2022-03-19,177.0,175.72877170870765,train
2022-03-20,198.0,167.3222083174842,train
2022-03-21,198.0,198.13552966326858,train
2022-03-22,213.0,213.08643704135673,train
2022-03-23,192.0,193.8716727920043,train
2022-03-24,150.0,156.6868328187526,train
2022-03-25,237.0,228.03130067823616,train
2022-03-26,213.0,211.653009424074,train
2022-03-27,156.0,166.2771838591476,train
2022-03-28,207.0,206.88976208579146,train
2022-03-29,216.0,216.0089459082094,train
2022-03-30,228.0,230.78736285812278,train
2022-03-31,216.0,222.1410200127363,train
2022-04-01,285.0,283.98208917141756,train
2022-04-02,150.0,162.95174781942595,train
2022-04-03,180.0,184.84185869141837,train
2022-04-04,213.0,211.9137285420474,train
2022-04-05,195.0,202.61835948388958,train
2022-04-06,213.0,214.4638068372363,train
2022-04-07,222.0,221.99830488630482,train
2022-04-08,183.0,182.8860704879568,train
2022-04-09,222.0,218.63110206756926,train
2022-04-10,183.0,181.5924276640099,train
2022-04-11,228.0,206.11480238636295,train
2022-04-12,258.0,249.12149108954316,train
2022-04-13,234.0,235.59825297393257,train
2022-04-14,186.0,192.37600319523784,train
2022-04-15,153.0,156.85241797937053,train
2022-04-16,159.0,157.1198065133246,train
2022-04-17,207.0,200.98088608917655,train
2022-04-18,210.0,208.57997908912807,train
2022-04-19,225.0,223.16411748246918,train
2022-04-20,225.0,221.00214520791263,train
2022-04-21,222.0,216.9817848063523,train
2022-04-22,216.0,215.12928005219516,train
2022-04-23,267.0,261.3036426105479,train
2022-04-24,195.0,197.3857050882419,train
2022-04-25,300.0,297.1944255676896,train
2022-04-26,216.0,220.09947278705945,train
2022-04-27,249.0,251.4773278262453,train
2022-04-28,198.0,199.79055116575074,train
2022-04-29,204.0,202.1468486309048,train
2022-04-30,201.0,197.4968498858435,train
2022-05-01,285.0,277.6092192714365,train
2022-05-02,234.0,230.2116532278166,train
2022-05-03,291.0,289.6463426195297,train
2022-05-04,261.0,258.424529329053,train
2022-05-05,189.0,190.27675119680544,train
2022-05-06,231.0,228.54879853215076,train
2022-05-07,252.0,241.94844276857714,train
2022-05-08,183.0,182.77592156015945,train
2022-05-09,246.0,239.92646204509083,train
2022-05-10,234.0,230.71730802559443,train
2022-05-11,258.0,255.18949902409724,train
2022-05-12,234.0,232.86063365488383,train
2022-05-13,228.0,228.04919529456643,train
2022-05-14,189.0,188.93137296143647,train
2022-05-15,213.0,207.98047297895047,train
2022-05-16,225.0,225.04312238196482,train
2022-05-17,231.0,230.60151680912895,train
2022-05-18,321.0,307.59717479053955,train
2022-05-19,225.0,226.06009315200737,train
2022-05-20,207.0,208.6971506199655,train
2022-05-21,300.0,289.7111505611199,train
2022-05-22,207.0,207.64177035807455,train
2022-05-23,225.0,226.57639248558948,train
2022-05-24,282.0,269.7696231710155,train
2022-05-25,300.0,294.7471186500681,train
2022-05-26,228.0,226.50217766904905,train
2022-05-27,225.0,223.5084245069039,train
2022-05-28,240.0,235.9170746097496,train
2022-05-29,159.0,162.66487560031433,train
2022-05-30,159.0,161.88179167601015,train
2022-05-31,237.0,228.6427762614688,train
2022-06-01,417.0,387.311700031182,train
2022-06-02,258.0,249.59369269848673,train
2022-06-03,237.0,233.4681243763246,train
2022-06-04,210.0,204.13095138234007,train
2022-06-05,156.0,149.71530927103322,train
2022-06-06,246.0,235.5601133508216,train
2022-06-07,231.0,228.49334920310906,train
2022-06-08,267.0,259.3950286055908,train
2022-06-09,237.0,233.40244914564693,train
2022-06-10,216.0,213.07635774524692,train
2022-06-11,216.0,209.44137778965762,train
2022-06-12,198.0,192.8750403841535,train
2022-06-13,228.0,222.52587224644216,train
2022-06-14,249.0,245.53893826787103,train
2022-06-15,198.0,197.10906737595033,train
2022-06-16,216.0,211.24325472083237,train
2022-06-17,180.0,177.9869585213706,train
2022-06-18,183.0,179.31146760931026,train
2022-06-19,183.0,179.69847721703923,train
2022-06-20,237.0,226.8999641006632,train
2022-06-21,273.0,264.29607576158713,train
2022-06-22,293.0,279.68835946967414,train
2022-06-23,204.0,201.46537412263294,train
2022-06-24,228.0,204.9062826711715,train
2022-06-25,168.0,167.55482855803285,train
2022-06-26,192.0,186.38628177868952,train
2022-06-27,233.0,221.26336344135288,train
2022-06-28,186.0,185.15765942297818,train
2022-06-29,198.0,192.71273570949649,train
2022-06-30,174.0,172.66016680355267,train
2022-07-01,267.0,253.1342242685589,train
2022-07-02,213.0,203.95038210362577,train
2022-07-03,213.0,205.66205415995006,train
2022-07-04,312.0,290.5697634034491,train
2022-07-05,252.0,243.19113362029185,train
2022-07-06,183.0,178.7153752264453,train
2022-07-07,192.0,189.9161086243988,train
2022-07-08,234.0,221.96662518829456,train
2022-07-09,213.0,205.0633887920967,train
2022-07-10,138.0,141.21493622307597,train
2022-07-11,267.0,251.34742509882219,train
2022-07-12,186.0,182.37358553171327,train
2022-07-13,249.0,239.99651757701605,train
2022-07-14,186.0,182.50102967327624,train
2022-07-15,246.0,240.1775399312751,train
2022-07-16,183.0,178.99410060295708,train
2022-07-17,204.0,197.49044955749997,train
2022-07-18,243.0,235.70190591073165,train
2022-07-19,231.0,225.38520672857618,train
2022-07-20,246.0,238.36712313956556,train
2022-07-21,273.0,260.12718689532056,train
2022-07-22,183.0,184.3723821445711,train
2022-07-23,180.0,177.94944792012677,train
2022-07-24,129.0,125.35032587832181,train
2022-07-25,192.0,184.19654203937924,train
2022-07-26,180.0,177.49043277333982,train
2022-07-27,186.0,183.69530334151207,train
2022-07-28,159.0,158.0889671728201,train
2022-07-29,165.0,157.479684471062,train
2022-07-30,114.0,112.7471259322103,train
2022-07-31,159.0,150.19922963007716,train
2022-08-01,246.0,220.2236973223404,train
2022-08-02,225.0,215.7964999676657,train
2022-08-03,183.0,180.2170900922602,train
2022-08-04,174.0,171.25072172601804,train
2022-08-05,180.0,176.9657783698122,train
2022-08-06,198.0,191.80797290599713,train
2022-08-07,189.0,185.74420597382954,train
2022-08-08,219.0,211.587387776828,train
2022-08-09,269.0,254.22081588762765,train
2022-08-10,234.0,225.24981110352928,train
2022-08-11,171.0,170.46001304374175,train
2022-08-12,228.0,224.0464366802745,train
2022-08-13,222.0,217.92742664951035,train
2022-08-14,219.0,216.64797230391434,train
2022-08-15,234.0,228.77249887689135,train
2022-08-16,249.0,244.11729625756777,train
2022-08-17,290.0,276.7037033082232,train
2022-08-18,265.0,253.09971760926732,train
2022-08-19,234.0,230.54473038003545,train
2022-08-20,264.0,254.29456498788022,train
2022-08-21,195.0,194.33491023270417,train
2022-08-22,219.0,216.32774802132047,train
2022-08-23,183.0,178.66299513210808,train
2022-08-24,225.0,220.84162403017723,train
2022-08-25,207.0,205.18277122193595,train
2022-08-26,252.0,238.28008638076727,train
2022-08-27,183.0,179.13572348405896,train
2022-08-28,152.0,155.28236748515667,train
2022-08-29,117.0,117.74080951297638,train
2022-08-30,185.0,175.4409087106858,train
2022-08-31,153.0,151.66555204714825,train
2022-09-01,300.0,273.0211167284639,train
2022-09-02,153.0,156.63596355302371,train
2022-09-03,186.0,184.52903938079683,train
2022-09-04,144.0,138.69575142436966,train
2022-09-05,183.0,179.60515989803503,train
2022-09-06,228.0,213.57868914388283,train
2022-09-07,189.0,186.5773652014533,train
2022-09-08,210.0,207.36114835502332,train
2022-09-09,175.0,169.230396739662,train
2022-09-10,207.0,197.27870349140852,train
2022-09-11,162.0,161.20731079055503,train
2022-09-12,204.0,197.49017961781593,train
2022-09-13,212.0,204.32647379995086,train
2022-09-14,201.0,197.19982350709836,train
2022-09-15,158.0,159.25398961770898,train
2022-09-16,138.0,117.78258002132722,train
2022-09-17,106.0,111.3337214193437,train
2022-09-18,141.0,137.1571807190118,train
2022-09-19,150.0,142.93390580200634,train
2022-09-20,219.0,183.0952590110766,train
2022-09-21,212.0,204.66341195787788,train
2022-09-22,147.0,145.025360232476,train
2022-09-23,183.0,177.11191886921355,train
2022-09-24,141.0,138.31843821970568,train
2022-09-25,195.0,190.05190106019944,train
2022-09-26,198.0,191.51791145737138,train
2022-09-27,189.0,188.1827168832935,train
2022-09-28,178.0,176.27251373583454,train
2022-09-29,168.0,162.92139510885238,train
2022-09-30,144.0,142.77156988122385,train
2022-10-01,210.0,202.26069790655458,train
2022-10-02,142.0,139.9602059946115,train
2022-10-03,216.0,209.30070931681442,train
2022-10-04,185.0,184.018266165776,train
2022-10-05,211.0,207.3100515526595,train
2022-10-06,185.0,184.01992646621062,train
2022-10-07,156.0,158.60440610703338,train
2022-10-08,172.0,166.89757455080746,train
2022-10-09,161.0,152.48870306260434,train
2022-10-10,161.0,154.54654693959435,train
2022-10-11,226.0,210.64849932720625,train
2022-10-19,184.0,174.5472950853601,test
2022-10-20,168.0,160.46936425184697,test
2022-10-21,166.0,158.55644631636764,test
2022-10-22,156.0,147.6882447310605,test
2022-10-23,163.0,150.36281462663732,test
2022-10-24,179.0,164.2155202273309,test
2022-10-25,184.0,173.47311378744277,test
2022-10-26,133.0,133.17533588288205,test
2022-10-27,166.0,147.45813421756176,test
2022-10-28,182.0,161.0524139640099,test
2022-10-29,122.0,117.2673300279643,test
2022-10-30,129.0,123.80342452372713,test
2022-10-31,188.0,163.42912111959396,test
2022-11-01,241.0,208.80562315693192,test
2022-11-02,206.0,199.6286416578831,test
2022-11-03,135.0,137.4879991549106,test
2022-11-04,158.0,147.00024833234698,test
2022-11-05,157.0,141.9012623682317,test
2022-11-06,138.0,130.75510823801645,test
2022-11-07,189.0,172.191590028429,test
2022-11-08,179.0,166.41128065011145,test
2022-11-09,210.0,198.95191492686203,test
2022-11-10,160.0,149.14561831063932,test
2022-11-11,166.0,155.5372652567521,test
2022-11-12,196.0,182.83315420647668,test
2022-11-13,141.0,136.298538412278,test
2022-11-14,183.0,171.44198517647777,test
2022-11-15,197.0,182.02209817648898,test
2022-11-16,174.0,165.3939329376093,test
2022-11-17,176.0,166.59124061111493,test
2022-11-18,163.0,133.298957685692,test
2022-11-19,211.0,181.31330888659306,test
2022-11-20,118.0,91.04618660351134,test
2022-11-21,123.0,103.22222397080583,test
2022-11-22,176.0,141.95014107889483,test
2022-11-23,160.0,128.54494864221476,test
2022-11-24,110.0,103.66589685325029,test
2022-11-25,166.0,143.66966660715954,test
2022-11-26,120.0,114.33436063653835,test
2022-11-27,66.0,64.76422085568777,test
2022-11-28,116.0,110.97694166817082,test
2022-11-29,150.0,123.12891326316297,test
2022-11-30,134.0,121.50284636088824,test
2022-12-01,209.0,173.7453275710717,test
2022-12-02,123.0,113.73099022710082,test
2022-12-03,147.0,127.4501458948657,test
2022-12-04,158.0,130.6433858327237,test
2022-12-05,104.0,93.0963532561189,test
2022-12-06,147.0,123.48903979373542,test
2022-12-07,149.0,126.61313843757449,test
2022-12-08,122.0,115.00962918219578,test
2022-12-09,132.0,120.0835119931237,test
2022-12-10,194.0,171.78658403038276,test
2022-12-11,89.0,91.79008978919121,test
2022-12-12,103.0,98.53991160923432,test
2022-12-13,81.0,86.59087419701869,test
2022-12-14,123.0,111.82153735228208,test
2022-12-15,96.0,90.75501481722051,test
2022-12-16,215.0,185.4651051200416,test
2022-12-17,122.0,113.16600777544775,test
2022-12-18,126.0,114.20932087785165,test
2022-12-19,87.0,87.26296575477508,test
2022-12-20,146.0,120.28310575736741,test
2022-12-21,124.0,113.2029691059994,test
2022-12-22,73.0,81.71341732441444,test
2022-12-23,106.0,104.48241949874094,test
2022-12-24,86.0,86.58515158155436,test
2022-12-25,88.0,87.01491311059951,test
2022-12-26,129.0,113.97939052989743,test
2022-12-27,135.0,113.5165139063998,test
2022-12-28,129.0,114.8551646654678,test
2022-12-29,72.0,80.70730316595706,test
2022-12-30,99.0,99.20517490325324,test
2022-12-31,88.0,85.02854761169606,test
2023-01-01,132.0,112.99726035310864,test
2023-01-02,64.0,72.92850102192185,test
2023-01-03,94.0,90.27588971626086,test
2023-01-04,124.0,110.4771733230565,test
2023-01-05,90.0,83.35454719461697,test
2023-01-06,54.0,56.19369122376807,test
2023-01-07,88.0,83.52568083529594,test
2023-01-08,68.0,72.39150251328547,test
2023-01-09,68.0,72.26379652397908,test
2023-01-10,106.0,98.64829153019843,test
2023-01-11,112.0,100.95887992122638,test
2023-01-12,80.0,79.817046971802,test
2023-01-13,98.0,89.65492449428913,test
2023-01-14,74.0,78.47695061693335,test
2023-01-15,62.0,68.02075351917435,test
2023-01-16,86.0,80.29057113789989,test
2023-01-17,96.0,87.22762475457542,test
2023-01-18,96.0,84.67350214371488,test
2023-01-19,84.0,79.23382227018232,test
2023-01-20,96.0,83.09927968620994,test
2023-01-21,90.0,80.19077239448056,test
2023-01-22,58.0,55.11437903067288,test
2023-01-23,96.0,81.57799268286044,test
2023-01-24,84.0,77.6182479763473,test
2023-01-25,80.0,76.1598234760272,test
2023-01-26,96.0,81.56666436950248,test
2023-01-27,84.0,79.56419675833438,test
2023-01-28,92.0,80.419996169681,test
2023-01-29,72.0,69.01930272055723,test
2023-01-30,62.0,55.61323091374143,test
2023-01-31,112.0,96.91478565535058,test
2023-02-01,108.0,98.09674445071016,test
2023-02-02,94.0,81.42395781074723,test
2023-02-03,104.0,95.32097992928026,test
2023-02-04,88.0,77.38206168365951,test
2023-02-05,72.0,66.57137088861099,test
2023-02-06,100.0,87.7925701347108,test
2023-02-07,56.0,48.34562878403477,test
2023-02-08,94.0,78.75124681994595,test
2023-02-09,102.0,94.65775650449933,test
2023-02-10,102.0,93.32856926211515,test
2023-02-11,106.0,94.88053375267182,test
2023-02-12,110.0,95.19845535492598,test
2023-02-13,156.0,118.1720090812345,test
2023-02-14,148.0,108.92316597378448,test
2023-02-15,98.0,82.14380131804731,test
2023-02-16,140.0,103.18234305448935,test
2023-02-17,132.0,102.57277778886171,test
2023-02-18,110.0,92.21469089489081,test
2023-02-19,104.0,90.40351914917991,test
2023-02-20,92.0,75.29115171309785,test
2023-02-21,126.0,100.3959627418032,test
2023-02-22,112.0,93.2844895029199,test
2023-02-23,106.0,89.89153362823195,test
2023-02-24,120.0,95.73860792718348,test
2023-02-25,146.0,108.80238010301741,test
2023-02-26,70.0,63.539630185428635,test
2023-02-27,94.0,79.71160191954118,test
2023-02-28,102.0,87.20630333820726,test
2023-03-01,280.0,218.9875157055927,test
2023-03-02,98.0,87.33384645782168,test
2023-03-03,114.0,95.46460075277618,test
2023-03-04,100.0,83.0250204393445,test
2023-03-05,110.0,88.96480217058766,test
2023-03-06,140.0,104.97370101847466,test
2023-03-07,146.0,113.43442616494046,test
2023-03-08,150.0,121.07361871750201,test
2023-03-09,136.0,105.35417581574576,test
2023-03-10,132.0,101.17185613636634,test
2023-03-11,100.0,83.73755436994925,test
2023-03-12,162.0,123.92060091882507,test
2023-03-13,174.0,141.31989740672367,test
2023-03-14,158.0,131.9792716117691,test
2023-03-15,148.0,123.1530002750106,test
2023-03-16,124.0,99.16818143834324,test
2023-03-17,148.0,118.99979613505113,test
2023-03-18,132.0,103.84424345475452,test
2023-03-19,118.0,95.0584852047788,test
2023-03-20,184.0,145.96366235521828,test
2023-03-21,144.0,121.12544998957239,test
2023-03-22,174.0,152.10019765944074,test
2023-03-23,198.0,170.00523202946343,test
2023-03-24,148.0,137.69824411715794,test
2023-03-25,152.0,138.8690575912645,test
2023-03-26,132.0,116.54048040166452,test
2023-03-27,174.0,149.52785222000048,test
2023-03-28,136.0,122.56649200782866,test
2023-03-29,210.0,183.5230711318036,test
2023-03-30,200.0,178.5533263519667,test
2023-03-31,204.0,185.81478198571105,test
2023-04-01,182.0,174.1420268339445,test
2023-04-02,188.0,170.95227514722274,test
2023-04-03,242.0,211.13950322658152,test
2023-04-04,168.0,171.63629389799755,test
2023-04-05,210.0,196.2118837176682,test
2023-04-06,166.0,169.1542776406436,test
2023-04-07,136.0,141.5520982653652,test
2023-04-08,160.0,148.25793871058437,test
2023-04-09,134.0,125.65420002235156,test
2023-04-10,194.0,171.19628618664603,test
2023-04-11,212.0,188.3575941032866,test
2023-04-12,216.0,197.02680164866297,test
2023-04-13,152.0,149.79849497547312,test
2023-04-14,166.0,162.65881875592794,test
2023-04-15,166.0,150.86541155109057,test
2023-04-16,182.0,167.1442665666472,test
2023-04-17,190.0,177.32044803209908,test
2023-04-18,210.0,194.19450983529887,test
2023-04-19,188.0,177.56556154660865,test
2023-04-20,186.0,174.54361338689264,test
2023-04-21,142.0,146.42828407386412,test
2023-04-22,178.0,161.97131841795772,test
2023-04-23,136.0,132.14279770867319,test
2023-04-24,218.0,197.0353353238195,test
2023-04-25,210.0,192.77486629880977,test
2023-04-26,214.0,203.62659245034124,test
2023-04-27,190.0,183.26762081878508,test
2023-04-28,144.0,150.34404235258802,test
2023-04-29,146.0,142.5379895860758,test
2023-04-30,130.0,127.26399958885841,test
2023-05-01,176.0,158.36704305010363,test
2023-05-02,234.0,205.77601934656192,test
2023-05-03,198.0,186.153156445543,test
2023-05-04,174.0,171.17587734921028,test
2023-05-05,180.0,168.4384052483539,test
2023-05-06,180.0,168.5326284010434,test
2023-05-07,154.0,156.04422554260458,test
2023-05-08,184.0,172.8164358276984,test
2023-05-09,192.0,183.49879444555694,test
2023-05-10,214.0,197.1192785158843,test
2023-05-11,174.0,171.92371826330165,test
2023-05-12,154.0,162.43065415835622,test
2023-05-13,140.0,137.3295628709624,test
2023-05-14,170.0,153.38204470996766,test
2023-05-15,160.0,148.41902599591208,test
2023-05-16,156.0,149.67531290864153,test
2023-05-17,182.0,167.1386868429645,test
2023-05-18,142.0,134.73206830658125,test
2023-05-19,164.0,150.48576255635,test
2023-05-20,140.0,132.5852128674739,test
2023-05-21,126.0,123.4200068089024,test
2023-05-22,176.0,155.77518221266982,test
2023-05-23,170.0,153.49598129380541,test
2023-05-24,184.0,173.85582743956067,test
2023-05-25,142.0,142.15308552823973,test
2023-05-26,144.0,138.75181940031462,test
2023-05-27,142.0,135.0572740831014,test
2023-05-28,114.0,117.93702400813424,test
2023-05-29,120.0,118.75758356624607,test
2023-05-30,144.0,132.71970671899382,test
2023-05-31,178.0,160.28137694846868,test
2023-06-01,216.0,199.88843928469925,test
2023-06-02,150.0,160.63298563648655,test
2023-06-03,145.0,153.25541758448009,test
2023-06-04,112.0,124.05156192970398,test
2023-06-05,124.0,129.16800196547223,test
2023-06-06,148.0,142.6889295664165,test
2023-06-07,160.0,151.12983986968587,test
2023-06-08,156.0,147.68624332982483,test
2023-06-09,162.0,149.39616534338205,test
2023-06-10,148.0,141.37760922759378,test
2023-06-11,128.0,130.2457285587756,test
2023-06-12,158.0,149.7333446544252,test
2023-06-13,158.0,152.2642752758435,test
2023-06-14,204.0,195.8600547752558,test
2023-06-15,156.0,160.04638860692532,test
2023-06-16,166.0,165.57092879580387,test
2023-06-17,132.0,137.7549326164637,test
2023-06-18,112.0,123.95697141021907,test
2023-06-19,134.0,136.13231816697586,test
2023-06-20,160.0,152.1810122118661,test
2023-06-21,154.0,149.43153393632295,test
2023-06-22,130.0,133.2580199016744,test
2023-06-23,154.0,146.61899186098353,test
2023-06-24,126.0,125.58602945959677,test
2023-06-25,124.0,124.54391862209226,test
2023-06-26,168.0,161.31740583268115,test
2023-06-27,126.0,128.37787043665958,test
2023-06-28,152.0,146.37357092720487,test
2023-06-29,124.0,123.02687632162817,test
2023-06-30,120.0,120.67355410701907,test
2023-07-01,216.0,195.41548889734926,test
2023-07-02,100.0,119.64487519336872,test
2023-07-03,136.0,140.89314811178164,test
2023-07-04,170.0,165.5316144383489,test
2023-07-05,126.0,132.9978872288486,test
2023-07-06,148.0,150.06352878389,test
2023-07-07,169.0,168.83759169466978,test
2023-07-08,122.0,130.59390632674217,test
2023-07-09,136.0,138.2768226257072,test
2023-07-10,150.0,147.99528741366944,test
2023-07-11,156.0,150.4549119216,test
2023-07-12,161.0,162.41656925252914,test
2023-07-13,134.0,140.14531123390742,test
2023-07-14,132.0,137.31566181594837,test
2023-07-15,132.0,135.62462204409147,test
2023-07-16,138.0,137.8438536000288,test
2023-07-17,147.0,146.76621912410303,test
2023-07-18,130.0,136.1367545919239,test
2023-07-19,160.0,161.3192952743832,test
2023-07-20,144.0,145.11299518817208,test
2023-07-21,112.0,121.433075586524,test
2023-07-22,110.0,117.11118209818784,test
2023-07-23,105.0,114.70695319209086,test
2023-07-24,120.0,127.59411140240054,test
2023-07-25,124.0,131.60727162313282,test
2023-07-26,156.0,154.43322388324898,test
2023-07-27,100.0,113.19616490507445,test
2023-07-28,126.0,131.29841809399946,test
2023-07-29,96.0,108.78317793930886,test
2023-07-30,89.0,106.15242068796067,test
2023-07-31,68.0,94.56041601225996,test
2023-08-01,156.0,157.13339718853058,test
2023-08-02,120.0,128.75413034530783,test
2023-08-03,100.0,114.06839991392405,test
2023-08-04,90.0,107.40358469929429,test
2023-08-05,118.0,127.5037238286333,test
2023-08-06,88.0,106.84193274527155,test
2023-08-07,122.0,129.41390117768697,test
2023-08-08,109.0,122.3163960982013,test
2023-08-09,102.0,113.24387308592573,test
2023-08-10,110.0,123.26775288952298,test
2023-08-11,134.0,135.57650049504323,test
2023-08-12,124.0,129.72705405341776,test
2023-08-13,89.0,107.65323446006688,test
2023-08-14,104.0,117.59563628587044,test
2023-08-15,152.0,150.91899017515783,test
2023-08-16,142.0,146.84521141135832,test
2023-08-17,112.0,127.48995113722499,test
2023-08-18,122.0,133.94879158297917,test
2023-08-19,112.0,127.3299241811686,test
2023-08-20,142.0,149.87136484029674,test
2023-08-21,105.0,123.51995434037946,test
2023-08-22,148.0,160.89942663439945,test
2023-08-23,124.0,138.91203128603536,test
2023-08-24,156.0,170.3155289685154,test
2023-08-25,164.0,179.14745191186418,test
2023-08-26,120.0,135.91657154655286,test
2023-08-27,108.0,127.56843150911607,test
2023-08-28,110.0,126.00060214207106,test
2023-08-29,152.0,168.45825685042178,test
2023-08-30,124.0,139.33593970223495,test
2023-08-31,118.0,132.04249809096603,test
2023-09-01,197.0,190.96975715676712,test
2023-09-02,124.0,140.29258990938726,test
2023-09-03,82.0,103.32973878311309,test
2023-09-04,127.0,138.28441902485042,test
2023-09-05,148.0,160.86532432842566,test
2023-09-06,150.0,166.85932738333253,test
2023-09-07,113.0,129.58291839364134,test
2023-09-08,98.0,118.46656910995328,test
2023-09-09,118.0,131.04244437586607,test
2023-09-10,90.0,106.33920733820293,test
2023-09-11,118.0,131.89299751320934,test
2023-09-12,102.0,122.03077942351828,test
2023-09-13,99.0,118.16065313468721,test
2023-09-14,142.0,149.48689303616925,test
2023-09-15,115.0,127.63530398077717,test
2023-09-16,123.0,134.86448532446997,test
2023-09-17,108.0,123.21921549439945,test
2023-09-18,95.0,116.2436664146916,test
2023-09-19,114.0,127.8614671730994,test
2023-09-20,130.0,141.24889242500416,test
2023-09-21,129.0,140.07418964790978,test
2023-09-22,103.0,121.12853065200918,test
2023-09-23,95.0,115.10297762689734,test
2023-09-24,99.0,117.33262260846298,test
2023-09-25,122.0,133.17413670468594,test
2023-09-26,128.0,134.9476980524351,test
2023-09-27,100.0,120.8346575589171,test
2023-09-28,118.0,131.30251934129802,test
2023-09-29,79.0,101.5881311868456,test
2023-09-30,92.0,113.48960020485437,test
2023-10-01,189.0,180.06941374900038,test
2023-10-02,92.0,113.95606114825725,test
2023-10-03,139.0,151.87017256103454,test
2023-10-04,135.0,141.64978794137747,test
2023-10-05,101.0,120.06826025206885,test
2023-10-06,97.0,115.46902078859348,test
2023-10-07,126.0,133.32038646714966,test
2023-10-08,117.0,129.99989954833617,test
2023-10-09,122.0,131.42065770450094,test
2023-10-10,133.0,143.4908671604733,test
2023-10-11,97.0,114.97623416701038,test
2023-10-12,133.0,142.2619996194594,test
2023-10-13,105.0,118.79089358224405,test
2023-10-14,108.0,120.49970158100933,test
2023-10-15,78.0,98.62225498860602,test
2023-10-16,125.0,131.24286500840142,test
2023-10-17,126.0,131.3497057470819,test
2023-10-18,121.0,128.22334841610672,test
2023-10-19,103.0,117.41677975937056,test
2023-10-20,101.0,116.60751532037571,test
2023-10-21,73.0,91.78792700362996,test
2023-10-22,77.0,97.0702740107043,test
2023-10-23,102.0,115.27584624344587,test
2023-10-24,132.0,142.13519449743512,test
2023-10-25,127.0,133.92676568417048,test
2023-10-26,98.0,114.94201484747319,test
2023-10-27,129.0,138.8430263773753,test
2023-10-28,82.0,96.515388240351,test
2023-10-29,90.0,111.28493842353134,test
2023-10-30,111.0,121.68671340092854,test
2023-10-31,109.0,121.7927192887176,test
2023-11-01,219.0,199.0593131840241,test
2023-11-02,97.0,117.28531117471064,test
2023-11-03,111.0,125.37415327476165,test
2023-11-04,80.0,94.84266021114081,test
2023-11-05,85.0,119.6571180269039,test
2023-11-06,77.0,95.27185902242435,test
2023-11-07,94.0,112.22151737636484,test
2023-11-08,112.0,122.43192184511037,test
2023-11-09,95.0,110.72037841405918,test
2023-11-10,92.0,107.6223586822245,test
2023-11-11,103.0,111.24650680035839,test
2023-11-12,66.0,85.22930928772473,test
2023-11-13,79.0,92.84775752901383,test
2023-11-14,85.0,100.45656324944949,test
2023-11-15,96.0,109.24103963259816,test
2023-11-16,99.0,109.9557250525218,test
2023-11-17,86.0,99.53816704732571,test
2023-11-18,112.0,118.57224184303305,test
2023-11-19,102.0,109.88436644374032,test
2023-11-20,93.0,107.48598021712004,test
2023-11-21,90.0,102.37310970217158,test
2023-11-22,77.0,90.00533132882163,test
2023-11-23,120.0,120.08026400154148,test
2023-11-24,86.0,92.76587889613609,test
2023-11-25,87.0,95.88819952949237,test
2023-11-26,67.0,81.70414631726592,test
2023-11-27,92.0,102.10487056376112,test
2023-11-28,72.0,85.37962849775823,test
2023-11-29,68.0,82.35070309667688,test
2023-11-30,56.0,72.46751276506157,test
2023-12-01,180.0,165.70426800944628,test
2023-12-02,109.0,108.70433217931458,test
2023-12-03,41.0,64.6611819473126,test
2023-12-04,88.0,89.69084107417764,test
2023-12-05,90.0,90.96841470978677,test
2023-12-06,59.0,71.27071183850276,test
2023-12-07,98.0,102.59037177349289,test
2023-12-08,73.0,81.18691798772169,test
2023-12-09,81.0,87.50344826433997,test
2023-12-10,58.0,70.63913119745264,test
2023-12-11,77.0,83.09886600683748,test
2023-12-12,70.0,79.2007698072951,test
2023-12-13,68.0,78.37536902310583,test
2023-12-14,45.0,60.82408261542244,test
2023-12-15,74.0,79.3204127886392,test
2023-12-16,57.0,66.46397793756678,test
2023-12-17,35.0,53.89339249580654,test
2023-12-18,60.0,67.01655220847198,test
2023-12-19,69.0,77.0496107622285,test
2023-12-20,47.0,61.54095555739924,test
2023-12-21,51.0,61.60193528113507,test
2023-12-22,65.0,71.41464530255493,test
2023-12-23,51.0,63.52246155979513,test
2023-12-24,41.0,59.300269278769775,test
2023-12-25,31.0,51.84915093691046,test
2023-12-26,82.0,83.47153731847092,test
2023-12-27,50.0,60.13948540371148,test
2023-12-28,43.0,58.53196170277208,test
2023-12-29,38.0,53.8132989878702,test
2023-12-30,38.0,49.372662180773446,test
2023-12-31,24.0,46.043127542367145,test
2024-01-01,69.0,73.42225482119434,test
2024-01-02,44.0,57.655916423102894,test
2024-01-03,48.0,58.436511177624496,test
2024-01-04,29.0,46.998634525202604,test
2024-01-05,34.0,51.32159637865749,test
2024-01-06,37.0,51.193797703445085,test
2024-01-07,31.0,48.801942962005896,test
2024-01-08,46.0,56.27779666891138,test
2024-01-09,40.0,52.923578884128304,test
2024-01-10,46.0,56.841194626839496,test
2024-01-11,35.0,50.23276059268595,test
2024-01-12,32.0,48.640135391449746,test
2024-01-13,32.0,48.119378246709246,test
2024-01-14,17.0,41.95808973422767,test
2024-01-15,34.0,50.41779579320854,test
2024-01-16,39.0,50.090399555096425,test
2024-01-17,36.0,49.52776428178154,test
2024-01-18,32.0,48.1918615358305,test
2024-01-19,34.0,48.93925127637807,test
2024-01-20,32.0,50.636546911431836,test
2024-01-21,38.0,48.98406751936619,test
2024-01-22,32.0,48.802709866760054,test
2024-01-23,34.0,48.73691905733567,test
2024-01-24,40.0,53.4424605037663,test
2024-01-25,35.0,48.73138147886961,test
2024-01-26,37.0,48.687733393300476,test
2024-01-27,34.0,48.03525063713607,test
2024-01-28,28.0,44.86163074944767,test
2024-01-29,34.0,48.28373300247031,test
2024-01-30,27.0,44.987350573171355,test
2024-01-31,22.0,41.085724026612624,test
2024-02-01,46.0,53.73641745181348,test
2024-02-02,31.0,46.787234144822904,test
2024-02-03,27.0,44.16971625721601,test
2024-02-04,32.0,46.86227786100838,test
2024-02-05,43.0,53.79774102720897,test
2024-02-06,35.0,49.25381994717239,test
2024-02-07,30.0,46.281270398894264,test
2024-02-08,32.0,46.64051211775369,test
2024-02-09,31.0,46.14018819458451,test
2024-02-10,39.0,51.993864328986106,test
2024-02-11,37.0,50.18988080234021,test
2024-02-12,35.0,46.81200508978125,test
2024-02-13,36.0,48.408291230302794,test
2024-02-14,34.0,45.51738142932207,test
2024-02-15,45.0,51.3654833406508,test
2024-02-16,51.0,52.33236690699511,test
2024-02-17,44.0,51.5997542680403,test
2024-02-18,49.0,53.01223540141308,test
2024-02-19,31.0,45.37336069479072,test
2024-02-20,35.0,48.936535167846245,test
2024-02-21,34.0,47.59440383775534,test
2024-02-22,32.0,44.26433796654881,test
2024-02-23,41.0,50.824847525482646,test
2024-02-24,47.0,52.4027071545881,test
2024-02-25,48.0,53.419489979697715,test
2024-02-26,45.0,50.36884682303046,test
2024-02-27,41.0,49.389848784853115,test
2024-02-28,51.0,51.997761250273854,test
2024-02-29,39.0,48.01607629219072,test
2024-03-01,93.0,80.91288429821867,test
2024-03-02,46.0,51.630380902992115,test
2024-03-03,41.0,51.0457676781374,test
2024-03-04,60.0,58.63721526128604,test
2024-03-05,59.0,57.121173903831426,test
2024-03-06,51.0,50.94941764369668,test
2024-03-07,67.0,61.47221979699036,test
2024-03-08,60.0,58.04232639952402,test
2024-03-09,47.0,50.56562037619956,test
2024-03-10,48.0,51.19188268514468,test
2024-03-11,61.0,60.03864596420018,test
2024-03-12,50.0,51.2132276914635,test
2024-03-13,54.0,54.62573445881715,test
2024-03-14,60.0,59.53286963919067,test
2024-03-15,43.0,48.4987246490409,test
2024-03-16,60.0,59.774481361126654,test
2024-03-17,51.0,52.197936651602774,test
2024-03-18,51.0,50.91093406248057,test
2024-03-19,68.0,62.55573359045169,test
2024-03-20,58.0,58.658132247585925,test
2024-03-21,67.0,62.515331028774604,test
2024-03-22,68.0,62.195044642554194,test
2024-03-23,40.0,48.29687659235679,test
2024-03-24,61.0,59.363037012143295,test
2024-03-25,50.0,53.64800598390058,test
2024-03-26,58.0,57.85247593792729,test
2024-03-27,57.0,57.86672305488842,test
2024-03-28,70.0,63.505400906627386,test
2024-03-29,49.0,53.93462032269758,test
2024-03-30,40.0,47.683662395861,test
2024-03-31,44.0,47.93772457237244,test
2024-04-01,108.0,87.95394239549843,test
2024-04-02,75.0,65.50744453206892,test
2024-04-03,70.0,60.36490848371359,test
2024-04-04,81.0,74.52855608048176,test
2024-04-05,72.0,61.04063099791537,test
2024-04-06,69.0,60.38911875681788,test
2024-04-07,73.0,62.67795889301467,test
2024-04-08,67.0,59.01300487869364,test
2024-04-09,66.0,58.977087437317586,test
2024-04-10,75.0,68.73967920404849,test
2024-04-11,71.0,60.80243331989323,test
2024-04-12,94.0,78.18805329694545,test
2024-04-13,79.0,72.14908655560887,test
2024-04-14,61.0,57.54339093990665,test
2024-04-15,80.0,72.6170833276453,test
2024-04-16,71.0,66.88382759304986,test
2024-04-17,94.0,79.73421598645358,test
2024-04-18,84.0,73.67245895093826,test
2024-04-19,56.0,53.91964039968432,test
2024-04-20,61.0,57.309946729695696,test
2024-04-21,82.0,72.73367848720764,test
2024-04-22,74.0,68.52787368785062,test
2024-04-23,65.0,56.63984808750882,test
2024-04-24,88.0,75.10368794744596,test
2024-04-25,71.0,66.47706273370184,test
2024-04-26,74.0,69.02156934046113,test
2024-04-27,61.0,55.53309314233722,test
2024-04-28,53.0,53.17535550979551,test
2024-04-29,66.0,62.92302647134411,test
2024-04-30,58.0,54.05473426828021,test
2024-05-01,155.0,127.18113299165256,test
2024-05-02,89.0,78.91143493886385,test
2024-05-03,95.0,80.543807650583,test
2024-05-04,82.0,73.63533324380084,test
2024-05-05,75.0,69.92630381101763,test
2024-05-06,69.0,67.99280727464415,test
2024-05-07,77.0,70.68974829710064,test
2024-05-08,95.0,80.18544780042409,test
2024-05-09,92.0,79.5404763278172,test
2024-05-10,76.0,69.41824721461013,test
2024-05-11,53.0,54.72365295045769,test
2024-05-12,68.0,67.31348531798359,test
2024-05-13,81.0,74.30130222568931,test
2024-05-14,76.0,69.59829931968648,test
2024-05-15,107.0,97.93771639174834,test
2024-05-16,77.0,70.47675230852083,test
2024-05-17,72.0,67.38495496794694,test
2024-05-18,74.0,68.48339959631997,test
2024-05-19,65.0,65.44935509724314,test
2024-05-20,68.0,66.61744300289593,test
2024-05-21,73.0,68.24384907445746,test
2024-05-22,66.0,65.81545649132342,test
2024-05-23,76.0,69.97179160274172,test
2024-05-24,80.0,74.41449137766256,test
2024-05-25,62.0,63.51475545669081,test
2024-05-26,65.0,64.47459620562572,test
2024-05-27,59.0,60.54170415422199,test
2024-05-28,72.0,66.54436021159613,test
2024-05-29,69.0,65.11481417815914,test
2024-05-30,59.0,61.0459430698655,test
2024-05-31,73.0,66.73348018695819,test
2024-06-01,105.0,98.50641578800347,test
2024-06-02,51.0,51.625079857775226,test
2024-06-03,75.0,68.67326164577042,test
2024-06-04,76.0,70.57750705975467,test
2024-06-05,75.0,70.12180934133116,test
2024-06-06,84.0,72.80525565050405,test
2024-06-07,76.0,69.28524768986685,test
2024-06-08,72.0,66.85200247307749,test
2024-06-09,67.0,63.5369463668415,test
2024-06-10,74.0,68.84831809567552,test
2024-06-11,92.0,83.33718828409283,test
2024-06-12,93.0,87.28555510937966,test
2024-06-13,86.0,72.34236909385525,test
2024-06-14,88.0,81.41473758068868,test
2024-06-15,69.0,65.14191851160041,test
2024-06-16,79.0,69.72159287875563,test
2024-06-17,69.0,64.93103991082576,test
2024-06-18,70.0,65.69792975209123,test
2024-06-19,75.0,69.06919976315304,test
2024-06-20,69.0,64.83669362736043,test
2024-06-21,68.0,63.75603495673422,test
2024-06-22,78.0,68.8653171035232,test
2024-06-23,59.0,60.349529007643,test
2024-06-24,75.0,68.62603077949228,test
2024-06-25,75.0,68.41225538500888,test
2024-06-26,80.0,70.15860356313901,test
2024-06-27,76.0,69.16075024882599,test
2024-06-28,60.0,60.202839516638456,test
2024-06-29,60.0,59.58110572788212,test
2024-06-30,48.0,53.094143595808134,test
2024-07-01,113.0,107.36624262213599,test
2024-07-02,67.0,65.76516567046238,test
2024-07-03,67.0,65.76501306372776,test
2024-07-04,63.0,62.97442073233506,test
2024-07-05,61.0,61.22292279790271,test
2024-07-06,70.0,67.98021611326756,test
2024-07-07,63.0,61.88232916655264,test
2024-07-08,86.0,82.68195763363207,test
2024-07-09,64.0,63.8753531534455,test
2024-07-10,62.0,61.467599161106065,test
2024-07-11,43.0,50.83027557722139,test
2024-07-12,62.0,61.350719564206415,test
2024-07-13,46.0,52.639240489855226,test
2024-07-14,67.0,65.53153927188151,test
2024-07-15,71.0,66.94564386400242,test
2024-07-16,65.0,64.82461480456375,test
2024-07-17,59.0,59.14134175258749,test
2024-07-18,69.0,65.53707325978652,test
2024-07-19,58.0,57.491453019116946,test
2024-07-20,54.0,56.7749242264518,test
2024-07-21,43.0,50.25797643887353,test
2024-07-22,54.0,56.930805470392635,test
2024-07-23,58.0,58.21345315515651,test
2024-07-24,60.0,59.3986564120993,test
2024-07-25,52.0,56.05621860569251,test
2024-07-26,48.0,54.659273455168034,test
2024-07-27,39.0,44.57691890554869,test
2024-07-28,38.0,41.78030644002268,test
2024-07-29,52.0,55.46979311301612,test
2024-07-30,44.0,51.74378886427384,test
2024-07-31,46.0,53.55850947898895,test
2024-08-01,113.0,101.41501024610676,test
2024-08-02,49.0,54.84487854022717,test
2024-08-03,45.0,52.60802559567578,test
2024-08-04,50.0,54.82259272654848,test
2024-08-05,55.0,55.80808749747909,test
2024-08-06,62.0,62.37129898042345,test
2024-08-07,55.0,56.10500888645483,test
2024-08-08,60.0,59.70935927964557,test
2024-08-09,62.0,61.277718010430014,test
2024-08-10,57.0,57.05934404687587,test
2024-08-11,50.0,53.81889706877436,test
2024-08-12,57.0,56.558002808116434,test
2024-08-13,58.0,58.074902373756,test
2024-08-14,60.0,60.33173476675738,test
2024-08-15,65.0,62.49928312706649,test
2024-08-16,63.0,61.50109075804228,test
2024-08-17,61.0,59.77808992873211,test
2024-08-18,52.0,53.05232058417416,test
2024-08-19,76.0,73.85224829476934,test
2024-08-20,76.0,72.54120350664897,test
2024-08-21,69.0,63.45666633537304,test
2024-08-22,74.0,70.74775839952495,test
2024-08-23,79.0,77.52480832714478,test
2024-08-24,58.0,56.403538139193444,test
2024-08-25,48.0,51.71455555740483,test
2024-08-26,52.0,52.50689219982906,test
2024-08-27,54.0,54.29728029609556,test
2024-08-28,60.0,59.93010682508436,test
2024-08-29,54.0,58.716856786802246,test
2024-08-30,42.0,50.09823500481686,test
2024-08-31,44.0,50.28686480501965,test
2024-09-01,111.0,96.74202016655502,test
2024-09-02,48.0,60.13919742737668,test
2024-09-03,63.0,59.84757649315891,test
2024-09-04,50.0,52.44441950673192,test
2024-09-05,69.0,68.48472555855491,test
2024-09-06,54.0,56.34137902212519,test
2024-09-07,47.0,49.58677972577158,test
2024-09-08,57.0,57.1030144624745,test
2024-09-09,55.0,56.61134857708631,test
2024-09-10,77.0,73.76448950213403,test
2024-09-11,58.0,57.805757422531556,test
2024-09-12,68.0,66.50697758727517,test
2024-09-13,61.0,57.91121444578606,test
2024-09-14,49.0,51.24404764085073,test
2024-09-15,59.0,56.21782661043321,test
2024-09-16,58.0,57.33016894326789,test
2024-09-17,71.0,68.94530747291131,test
2024-09-18,74.0,72.51402881789373,test
2024-09-19,61.0,57.887023539026586,test
2024-09-20,54.0,55.74480895766507,test
2024-09-21,49.0,50.91438720408104,test
2024-09-22,56.0,54.917261410505006,test
2024-09-23,57.0,56.57102027680367,test
2024-09-24,60.0,56.717110671038185,test
2024-09-25,78.0,73.41630894331065,test
2024-09-26,44.0,47.71093295030872,test
2024-09-27,58.0,55.828931537115906,test
2024-09-28,44.0,46.80097962572823,test
2024-09-29,31.0,41.081506129790256,test
2024-09-30,47.0,49.02134598797079,test
2024-10-01,95.0,88.76461387248222,test
2024-10-02,58.0,55.86648229502228,test
2024-10-03,54.0,54.224252087315726,test
2024-10-04,37.0,45.30954759407547,test
2024-10-05,42.0,45.395459905075306,test
2024-10-06,49.0,51.08222235802357,test
2024-10-07,50.0,52.79961725426872,test
2024-10-08,58.0,55.11346816847383,test
2024-10-09,65.0,64.10219903151616,test
2024-10-10,58.0,55.32203269991487,test
2024-10-11,59.0,53.89534278550106,test
2024-10-12,41.0,46.76436883316097,test
2024-10-13,36.0,43.01920387394544,test
2024-10-14,47.0,49.68749950970843,test
2024-10-15,56.0,53.10810685986177,test
2024-10-16,42.0,45.54576112698368,test
2024-10-17,55.0,52.277544897895886,test
2024-10-18,49.0,50.22190175381805,test
2024-10-19,42.0,44.819226519693885,test
2024-10-20,43.0,44.97375243781988,test
2024-10-21,59.0,51.97213225659392,test
2024-10-22,55.0,50.44338626296187,test
2024-10-23,61.0,58.51790843172622,test
2024-10-24,52.0,50.00792715210548,test
2024-10-25,64.0,60.87893773446746,test
2024-10-26,51.0,49.031401857616544,test
2024-10-27,48.0,48.06273881608752,test
2024-10-28,66.0,67.198723764747,test
2024-10-29,36.0,41.66639844358406,test
2024-10-30,41.0,44.79729374648837,test
2024-10-31,38.0,41.85003139122563,test
2024-11-01,78.0,75.37029675226303,test
2024-11-02,47.0,46.374839333078235,test
2024-11-03,44.0,45.419519784335094,test
2024-11-04,64.0,64.50683335817568,test
2024-11-05,43.0,45.28204929084249,test
2024-11-06,43.0,44.941660020055835,test
2024-11-07,49.0,46.67843591391374,test
2024-11-08,48.0,45.93701500795645,test
2024-11-09,43.0,44.48083554335488,test
2024-11-10,48.0,45.87178805054548,test
2024-11-11,37.0,38.27192344593636,test
2024-11-12,52.0,47.79873539567967,test
2024-11-13,45.0,45.23453776327406,test
2024-11-14,33.0,38.04709334072159,test
2024-11-15,53.0,46.29371918741338,test
2024-11-16,31.0,37.87784982765737,test
2024-11-17,49.0,44.93290007036254,test
2024-11-18,37.0,37.94095449155182,test
2024-11-19,44.0,43.535270880828975,test
2024-11-20,31.0,37.04206914357963,test
2024-11-21,31.0,37.31476071166914,test
2024-11-22,36.0,37.529210260132714,test
2024-11-23,33.0,36.77049972585055,test
2024-11-24,40.0,40.80737747933139,test
2024-11-25,39.0,37.25644114491895,test
2024-11-26,29.0,35.972393065510985,test
2024-11-27,31.0,36.129781759316806,test
2024-11-28,34.0,36.603315112978294,test
2024-11-29,30.0,36.11856118031235,test
2024-11-30,33.0,35.96779317966178,test
2024-12-01,48.0,41.16635159123896,test
2024-12-02,37.0,35.41860353764239,test
2024-12-03,41.0,38.6021360754594,test
2024-12-04,29.0,33.368530316718235,test
2024-12-05,32.0,33.506948165187396,test
2024-12-06,27.0,32.03350867904902,test
2024-12-07,35.0,33.71272549757941,test
2024-12-08,38.0,36.09761933350899,test
2024-12-09,23.0,28.4739184457725,test
2024-12-10,27.0,32.5424302663788,test
2024-12-11,28.0,32.32789768466024,test
2024-12-12,25.0,31.941191142864614,test
2024-12-13,26.0,31.68120395549661,test
2024-12-14,28.0,31.78193635280142,test
2024-12-15,18.0,25.637774855811095,test
2024-12-16,32.0,32.30994504564642,test
2024-12-17,26.0,31.480211040177267,test
2024-12-18,26.0,30.93376363465841,test
2024-12-19,20.0,26.14816812974662,test
2024-12-20,19.0,25.291081356290753,test
2024-12-21,16.0,18.02990665404257,test
2024-12-22,29.0,31.116282759964832,test
2024-12-23,18.0,24.933169818866432,test
2024-12-24,15.0,17.175052592389562,test
2024-12-25,15.0,17.321814546326053,test
2024-12-26,14.0,18.08383978109397,test
2024-12-27,19.0,24.670311476796744,test
2024-12-28,13.0,17.117883248954605,test
2024-12-29,6.0,15.984544044708137,test
2024-12-30,1.0,10.45440634476659,test
