data,no,no2,so2,pm2_5,nox,ur,temp,o3,co,pm10,chuva
2012-01-01,2.4525,11.238750000000001,0.47043478260869565,,13.689166666666667,90.20583333333333,25.777083333333334,29.651666666666667,0.47333333333333333,20.3125,30.0
2012-01-02,4.909583333333333,14.019583333333335,0.39666666666666667,,18.923750000000002,94.84750000000001,22.667916666666667,19.629166666666666,0.24625,5.416666666666667,44.599999999999994
2012-01-03,7.15625,13.562083333333334,0.5189583333333333,,20.719583333333333,74.36,25.159583333333334,23.405,0.3672916666666666,21.208333333333332,0.0
2012-01-04,14.143333333333333,29.517083333333332,0.7704166666666667,,43.66166666666667,70.59166666666667,26.500416666666666,29.16105263157895,0.39041666666666663,40.875,0.4
2012-01-05,6.609999999999999,20.611250000000002,0.33708333333333335,,27.2,70.69791666666667,27.385416666666668,45.12083333333334,0.45,28.625,0.0
2012-01-06,5.29625,20.3775,4.8175,,25.669583333333335,74.73791666666666,27.365416666666665,41.83,0.3408333333333333,19.916666666666668,11.0
2012-01-07,2.939166666666667,9.861666666666666,0.05291666666666667,,12.779583333333333,66.58874999999999,28.0925,42.63583333333333,0.2604166666666667,13.770833333333334,0.0
2012-01-08,4.03625,19.321666666666665,4.87,,23.35875,82.84166666666667,25.909583333333334,49.817499999999995,0.47375000000000006,25.791666666666668,36.2
2012-01-09,7.688333333333333,23.12708333333333,0.32375,,30.814999999999998,81.38375,25.46166666666667,20.478333333333335,0.2733333333333334,11.041666666666666,0.0
2012-01-10,16.623749999999998,24.846666666666668,0.04791666666666667,,41.47,81.62,25.674166666666668,21.019166666666667,0.4245833333333333,18.291666666666668,23.6
2012-01-11,9.194583333333332,26.109583333333333,0.035833333333333335,,35.302083333333336,79.82125,26.544583333333332,24.056250000000002,0.3675,25.041666666666668,0.2
2012-01-12,9.988333333333333,24.212083333333336,2.5900000000000003,,34.19875,68.90083333333332,28.686666666666667,29.612083333333334,0.3854166666666667,25.166666666666668,0.0
2012-01-13,17.3971875,20.4559375,0.35812499999999997,,37.851875,64.605625,30.26,21.2021875,0.34214285714285714,26.09375,9.6
2012-01-14,5.322692307692307,17.31269230769231,0.00923076923076923,,22.639615384615386,45.27461538461538,34.825384615384614,32.88076923076923,0.2814285714285714,21.0,0.0
2012-01-15,3.8183333333333334,13.257083333333334,0.018333333333333333,,17.063750000000002,59.290416666666665,31.160416666666666,30.86583333333333,0.3279166666666667,13.833333333333334,11.2
2012-01-16,8.74,25.214583333333334,4.505833333333333,,33.945,79.77458333333334,27.85875,33.87083333333333,0.42875,23.291666666666668,1.0
2012-01-17,16.457916666666666,33.239583333333336,2.620833333333333,,49.696666666666665,75.34541666666667,28.558333333333334,59.24041666666667,0.5283333333333333,45.291666666666664,0.0
2012-01-18,4.191666666666666,17.906666666666666,1.7066666666666668,,22.097083333333334,71.82000000000001,28.75125,62.1275,0.3383333333333333,40.583333333333336,0.0
2012-01-19,7.285416666666666,18.69625,0.435,,25.967916666666667,73.95,28.19541666666667,51.025,0.28625,36.166666666666664,2.0
2012-01-20,5.773333333333333,22.206666666666667,3.0216666666666665,,27.982916666666668,70.69916666666667,28.75,38.56,0.3729166666666666,31.458333333333332,0.0
2012-01-21,7.474166666666666,26.485833333333332,3.526666666666667,,33.96083333333333,65.09958333333334,30.071250000000003,58.53916666666667,0.4320833333333334,40.625,0.0
2012-01-22,6.2683333333333335,19.956666666666667,1.1520833333333333,,26.212083333333336,63.090833333333336,30.1775,43.997083333333336,0.32166666666666666,30.5,0.0
2012-01-23,4.8237499999999995,17.766666666666666,1.6812500000000001,,22.59166666666667,58.96208333333333,31.137083333333333,37.849583333333335,0.3558333333333333,27.666666666666668,0.0
2012-01-24,5.454999999999999,16.8875,4.03764705882353,,22.324583333333333,52.240833333333335,32.02291666666667,30.6725,0.23895833333333336,29.083333333333332,0.0
2012-01-25,6.739583333333333,18.34,0.0,,25.05125,48.23333333333333,32.787083333333335,29.507500000000004,0.4458333333333333,27.854166666666668,0.0
2012-01-26,3.5354166666666664,11.409583333333332,0.043333333333333335,,14.937916666666666,67.86458333333333,28.8925,42.5425,0.15541666666666668,23.916666666666668,0.4
2012-01-27,4.54875,10.053749999999999,0.30833333333333335,,14.575416666666667,92.33666666666666,22.798333333333332,27.8425,0.12958333333333333,5.285714285714286,17.8
2012-01-28,6.19125,16.8075,0.030833333333333334,,22.973333333333333,90.96708333333333,22.221666666666664,26.532916666666665,0.2579166666666667,7.777777777777778,13.0
2012-01-29,6.28875,14.722916666666668,3.3841666666666668,,21.01125,88.97333333333334,22.624166666666667,15.572916666666666,0.3541666666666667,8.375,17.0
2012-01-30,16.7975,20.379583333333333,0.08166666666666667,,37.17458333333333,79.12166666666667,24.80125,20.574166666666667,0.41875,24.8125,0.0
2012-01-31,10.122083333333334,26.837083333333336,0.11333333333333334,,36.96,82.28125,25.572083333333335,26.067916666666665,0.30875,26.125,2.6
2012-02-01,11.185416666666667,23.60625,3.4904166666666665,,34.79,70.23666666666666,28.584166666666665,35.29958333333334,0.4479166666666667,23.875,37.0
2012-02-02,8.59125,20.212083333333332,0.06333333333333334,,28.800833333333333,63.38,30.045,39.248333333333335,0.21916666666666665,30.583333333333332,0.0
2012-02-03,5.984583333333333,16.9525,0.011666666666666667,,22.93541666666667,58.65083333333333,30.306250000000002,38.6725,0.28250000000000003,26.666666666666668,0.0
2012-02-04,4.2683333333333335,14.139583333333334,0.0004166666666666667,,18.39875,56.11875,30.425833333333333,38.8575,0.2041666666666667,22.395833333333332,0.0
2012-02-05,3.6374999999999997,13.01625,0.0,,16.650833333333335,54.5375,31.370833333333334,37.20041666666667,0.17458333333333334,20.125,0.0
2012-02-06,8.705833333333333,26.472916666666666,0.00125,,35.177083333333336,54.48,32.19875,38.739583333333336,0.3545833333333333,38.958333333333336,0.0
2012-02-07,3.9779166666666668,20.813333333333333,0.0,,24.785833333333333,53.54958333333334,32.19958333333333,68.53958333333334,0.49333333333333335,52.604166666666664,0.0
2012-02-08,4.792083333333333,20.957708333333333,2.55875,,25.749791666666667,54.79354166666667,30.876666666666665,54.891875,0.38395833333333335,47.4375,0.0
2012-02-09,4.75125,23.428749999999997,0.9091666666666667,,28.180833333333336,55.58958333333334,31.605416666666667,68.01125,0.5345833333333333,55.666666666666664,0.0
2012-02-10,3.7925,16.606041666666666,1.6445833333333333,,20.393958333333334,63.10729166666667,30.713958333333334,62.015208333333334,0.4283333333333333,49.083333333333336,0.0
2012-02-11,5.055000000000001,17.634583333333335,0.0,,22.685833333333335,76.88083333333333,28.51875,36.54875,0.44208333333333333,27.729166666666668,11.6
2012-02-12,2.8529166666666668,12.256666666666668,0.29375,,15.08375,81.55916666666667,27.16333333333333,44.88791666666666,0.32958333333333334,11.125,35.2
2012-02-13,8.31,26.4075,1.5258333333333332,,34.70875,76.33958333333334,28.50208333333333,43.97833333333333,0.5516666666666666,29.041666666666668,0.0
2012-02-14,9.559166666666666,21.375,0.3558333333333333,,30.935000000000002,63.52166666666667,29.745,31.68166666666667,0.25625000000000003,23.541666666666668,0.0
2012-02-15,7.098333333333334,17.62,0.17333333333333334,,24.717916666666667,61.88625,29.367500000000003,30.5625,0.22083333333333333,20.875,0.0
2012-02-16,6.967083333333334,15.449166666666665,0.45916666666666667,,22.412499999999998,65.27083333333333,28.438333333333333,26.2775,0.23208333333333334,22.375,0.0
2012-02-17,6.509166666666666,17.192083333333333,0.38999999999999996,,23.703333333333333,64.235,29.17958333333333,33.775,0.2725,25.3125,0.0
2012-02-18,3.7704166666666663,14.740833333333335,1.7750000000000001,,18.503333333333334,58.34291666666667,29.923333333333332,44.23708333333334,0.29541666666666666,20.375,0.0
2012-02-19,3.545833333333333,13.819583333333334,0.9495833333333333,,17.355,58.39541666666667,30.824166666666667,34.81541666666667,0.20791666666666667,18.22222222222222,0.0
2012-02-20,3.6545833333333335,13.925833333333332,0.30791666666666667,,17.583333333333332,57.46291666666667,30.709166666666665,36.660833333333336,0.28541666666666665,24.2,0.0
2012-02-21,4.053333333333334,14.396666666666667,0.4879166666666666,,18.437083333333334,52.492916666666666,30.469583333333333,22.487916666666667,0.2525,19.291666666666668,0.0
2012-02-22,4.055,14.002916666666666,0.27166666666666667,,18.04125,51.7725,31.765833333333333,32.99166666666667,0.3420833333333333,23.958333333333332,0.0
2012-02-23,3.175625,11.938958333333334,2.4516666666666667,,15.084166666666667,52.31020833333333,31.724791666666665,46.450625,0.19604166666666667,22.229166666666668,0.0
2012-02-24,3.3016666666666663,12.6475,2.6133333333333333,,15.949166666666668,61.719166666666666,30.424583333333334,59.135,0.2833333333333333,31.9375,0.0
2012-02-25,7.45625,26.047916666666666,1.2914583333333334,,33.49854166666667,64.97666666666667,30.650833333333335,69.34125,0.47270833333333334,53.6875,0.0
2012-02-26,4.91375,20.271666666666665,0.20166666666666666,,25.186666666666667,48.34166666666667,33.38916666666667,38.134166666666665,0.30916666666666665,38.458333333333336,0.0
2012-02-27,4.025416666666667,15.503333333333332,0.04458333333333333,,19.526666666666667,60.46125,31.369583333333335,51.02666666666667,0.38375000000000004,36.625,0.0
2012-02-28,4.792083333333333,21.254791666666666,0.01979166666666667,,26.036666666666665,56.91375,31.672708333333333,61.247083333333336,0.48208333333333336,40.3125,0.0
2012-02-29,9.634583333333333,33.027499999999996,0.0,,42.638333333333335,54.124583333333334,32.16625,61.949999999999996,0.48625,51.625,0.0
2012-03-01,6.120625,26.91416666666667,,,33.03333333333333,44.74104166666667,32.98520833333333,49.80854166666666,0.5510416666666667,41.6,0.0
2012-03-02,5.119583333333334,20.391666666666666,,,25.49416666666667,51.490833333333335,31.825,66.37333333333333,0.45916666666666667,42.95454545454545,0.0
2012-03-03,2.6820833333333334,9.02125,,,11.685416666666667,68.34833333333333,29.46375,53.10874999999999,0.34041666666666665,23.583333333333332,0.0
2012-03-04,4.109166666666667,12.185,,,16.289583333333333,84.12125,26.944999999999997,25.071250000000003,0.33625,10.083333333333334,39.2
2012-03-05,5.499583333333334,17.922083333333333,,,23.420416666666668,66.575,29.343333333333334,43.95166666666666,0.29458333333333336,24.770833333333332,0.0
2012-03-06,4.412083333333333,14.691666666666668,,,19.10375,62.88791666666666,29.358333333333334,39.18333333333333,0.19208333333333336,18.458333333333332,0.0
2012-03-07,5.2247916666666665,13.888125,,,19.097916666666666,64.95416666666667,28.551666666666666,32.005833333333335,0.20020833333333332,15.645833333333334,0.0
2012-03-08,4.873333333333334,17.824583333333333,,,22.695833333333336,62.22958333333333,28.981666666666666,47.1525,0.28833333333333333,26.25,0.0
2012-03-09,7.334583333333334,26.46875,,,33.80041666666667,59.2575,29.672083333333333,50.131249999999994,0.3229166666666667,34.458333333333336,0.0
2012-03-10,6.330416666666667,26.41,,,32.742916666666666,62.01458333333333,29.12,48.77166666666667,0.38458333333333333,38.1875,0.0
2012-03-11,4.469166666666667,18.910833333333333,,,23.37875,56.09958333333333,29.805833333333336,35.93666666666667,0.34958333333333336,35.75,0.0
2012-03-12,7.27875,26.889166666666668,,,34.156666666666666,69.36583333333333,28.70958333333333,60.16833333333333,0.41500000000000004,33.25,21.0
2012-03-13,9.923333333333334,21.72791666666667,,,31.649583333333336,68.38166666666667,28.780833333333334,44.59125,0.34041666666666665,24.958333333333332,2.6
2012-03-14,6.005,17.423333333333336,,,23.423333333333332,67.85708333333334,29.714583333333334,33.98416666666667,0.32375,18.5,8.8
2012-03-15,3.233333333333333,10.677916666666667,,,13.90625,66.57416666666667,29.628333333333334,52.499583333333334,0.24166666666666667,17.625,1.4
2012-03-16,4.060625,13.500625,,,17.551875,85.70583333333333,25.621666666666666,44.08083333333334,0.2760416666666667,13.666666666666666,28.400000000000002
2012-03-17,5.72625,12.875416666666666,,,18.59541666666667,78.00208333333333,26.340416666666666,18.72458333333333,0.3725,20.833333333333332,0.0
2012-03-18,5.984583333333333,11.525,,,17.49083333333333,73.56666666666666,25.488333333333333,20.605416666666667,0.32916666666666666,15.3125,7.8
2012-03-19,10.032083333333334,21.42458333333333,,,31.430416666666662,70.31875000000001,26.607916666666668,18.929583333333333,0.26666666666666666,26.895833333333332,0.0
2012-03-20,9.897083333333333,23.011666666666667,,,32.9075,64.60083333333334,28.372083333333332,26.842083333333335,0.285,30.583333333333332,0.0
2012-03-21,13.338125,29.093125,7.09909090909091,,42.41645833333333,63.34958333333333,30.020416666666666,35.535000000000004,0.48833333333333334,39.708333333333336,0.0
2012-03-22,7.644583333333333,22.349999999999998,2.45,,29.975416666666664,60.33833333333333,31.495,36.58708333333333,0.35625,33.770833333333336,4.6
2012-03-23,5.2875000000000005,19.86,5.148333333333333,,25.140416666666667,78.67,28.035,47.36333333333334,0.4995833333333333,19.833333333333332,12.399999999999999
2012-03-24,5.117083333333333,19.167916666666667,0.6699999999999999,,24.28625,80.71833333333333,28.26291666666667,42.971666666666664,0.4920833333333334,15.75,5.6000000000000005
2012-03-25,4.65875,21.615,2.981666666666667,,26.265416666666667,77.19416666666667,28.83458333333333,56.84875,0.4691666666666667,27.375,0.0
2012-03-26,7.791041666666666,31.102708333333336,4.562916666666667,,38.895,74.93291666666666,30.1725,51.154583333333335,0.5166666666666667,41.958333333333336,0.0
2012-03-27,6.7749999999999995,19.9375,1.0491666666666666,,26.71083333333333,71.91083333333333,30.272916666666664,35.660000000000004,0.45375000000000004,38.041666666666664,0.0
2012-03-28,3.9320833333333334,9.924583333333333,0.8820833333333332,,13.831249999999999,84.70166666666667,25.71291666666667,36.5,0.32708333333333334,13.5625,11.8
2012-03-29,10.916666666666666,23.617500000000003,0.11958333333333333,,34.524166666666666,84.91458333333334,24.0025,18.32916666666667,0.37125,15.583333333333334,13.2
2012-03-30,16.2775,25.506249999999998,1.0933333333333333,,41.7825,77.1425,26.700833333333335,20.049583333333334,0.51,28.416666666666668,0.0
2012-03-31,5.595416666666666,13.61625,0.030625,,19.191666666666666,75.76833333333333,27.471666666666668,24.02541666666667,0.355,18.0625,0.4
2012-04-01,4.930416666666667,14.512500000000001,0.16958333333333334,,19.426666666666666,74.765,26.370833333333334,26.87375,0.37333333333333335,19.583333333333332,0.0
2012-04-02,13.279791666666666,30.593541666666667,2.10125,,43.89895833333333,71.24291666666666,28.180833333333336,30.107916666666668,0.5214583333333334,35.270833333333336,0.0
2012-04-03,8.585416666666667,28.235,3.8837500000000005,,36.82083333333333,72.4375,29.11208333333333,44.89333333333334,0.47208333333333335,43.270833333333336,0.0
2012-04-04,12.132916666666667,29.805000000000003,2.0420833333333333,,41.94,69.29416666666667,29.854166666666668,39.85875,0.48541666666666666,46.916666666666664,8.4
2012-04-05,6.035833333333333,21.709166666666665,1.3927083333333332,,27.72791666666667,71.16916666666667,29.6425,38.63291666666667,0.3104166666666667,24.208333333333332,10.6
2012-04-06,2.94,11.618333333333332,0.47750000000000004,,14.540416666666665,71.11916666666667,29.150000000000002,42.60375,0.35250000000000004,23.708333333333332,0.0
2012-04-07,3.1775,11.86125,0.525,,15.039583333333333,77.48083333333334,27.87625,42.18,0.3566666666666667,22.708333333333332,0.0
2012-04-08,5.292916666666667,20.902916666666666,0.30833333333333335,,26.188333333333333,69.90083333333332,29.477083333333336,46.30708333333333,0.43416666666666665,30.666666666666668,0.0
2012-04-09,9.99875,21.79625,0.8450000000000001,,31.766666666666666,82.43249999999999,27.36916666666667,33.022083333333335,0.46291666666666664,27.083333333333332,2.0
2012-04-10,17.085416666666667,27.465416666666666,2.095,,44.548750000000005,76.1425,27.61791666666667,22.66333333333333,0.31625,25.541666666666668,0.0
2012-04-11,7.046250000000001,20.524166666666666,1.43,,27.566666666666666,71.50583333333334,28.846249999999998,33.42125,0.2804166666666667,26.416666666666668,0.0
2012-04-12,7.234583333333333,20.461666666666666,1.7979166666666666,,27.695000000000004,67.4725,29.59166666666667,29.306250000000002,0.29375,23.625,0.0
2012-04-13,9.563333333333334,17.306250000000002,0.03770833333333333,,26.860833333333332,68.71791666666667,29.405,27.165000000000003,0.2275,29.729166666666668,0.0
2012-04-14,6.488333333333333,24.795416666666668,1.35375,,31.284166666666668,67.89791666666666,30.177083333333332,51.21083333333333,,53.9375,0.0
2012-04-15,4.710833333333333,18.66,1.8025,,23.34583333333333,66.81166666666667,30.08,33.900416666666665,,45.416666666666664,0.0
2012-04-16,17.318125,22.198958333333334,1.8554166666666667,,39.491875,88.23958333333333,24.57166666666667,15.223333333333331,0.11416666666666668,16.5,11.600000000000001
2012-04-17,17.244583333333335,17.984166666666667,1.5585416666666667,,35.22625,76.05833333333334,25.36916666666667,25.64375,0.3770833333333334,31.7,0.0
2012-04-18,10.272916666666667,21.267500000000002,0.8522916666666666,,31.540000000000003,67.15291666666667,26.199583333333333,46.128750000000004,0.39208333333333334,28.020833333333332,0.0
2012-04-19,7.220416666666666,21.81375,2.0879166666666666,,29.033749999999998,63.42625,26.777916666666666,52.096666666666664,0.27416666666666667,25.791666666666668,0.0
2012-04-20,12.936666666666667,30.003333333333334,2.9768749999999997,,42.94291666666667,65.64625,27.104166666666668,54.75791666666667,0.51125,50.6875,0.0
2012-04-21,6.203333333333333,23.125,1.383125,,29.32625,78.98291666666667,25.924166666666665,48.07874999999999,0.4775,43.875,9.0
2012-04-22,5.065,14.112499999999999,0.05625,,19.17625,91.32708333333333,23.697083333333335,34.406666666666666,0.3875,13.875,18.6
2012-04-23,5.4383333333333335,13.969166666666666,1.0960416666666666,,19.392916666666668,81.70291666666667,24.29125,31.917083333333334,0.23875000000000002,17.020833333333332,0.0
2012-04-24,16.39375,28.02916666666667,1.0218749999999999,,44.42333333333334,79.72208333333333,25.016666666666666,33.91625,0.51625,39.291666666666664,0.6
2012-04-25,15.21625,34.147083333333335,2.981875,,49.36208333333334,72.35625,26.709166666666665,46.442083333333336,0.5679166666666667,39.083333333333336,0.0
2012-04-26,14.68875,22.690833333333334,2.7570833333333336,,37.37916666666666,70.04041666666667,28.400000000000002,34.26166666666666,0.5187499999999999,42.666666666666664,0.0
2012-04-27,5.287916666666667,11.852916666666667,0.6652083333333333,,17.138749999999998,76.67375,26.729583333333334,44.70375000000001,0.39458333333333334,15.583333333333334,1.0
2012-04-28,4.08375,13.335833333333333,0.4283333333333334,,17.370416666666667,77.125,25.3625,44.31,0.3429166666666667,15.833333333333334,0.0
2012-04-29,4.58,12.325416666666667,0.08020833333333333,,16.905833333333334,77.71499999999999,24.907083333333333,33.49333333333333,0.3283333333333333,15.708333333333334,17.0
2012-04-30,7.984166666666667,16.067083333333333,0.03479166666666667,,24.049166666666665,94.26875,22.234583333333333,23.61375,0.365,8.145833333333334,58.6
2012-05-01,2.5691666666666664,6.757916666666667,0.25645833333333334,,9.263333333333334,81.91333333333334,20.47458333333333,59.85583333333333,0.15958333333333333,9.979166666666666,36.6
2012-05-02,5.538333333333333,12.971458333333333,0.42604166666666665,,18.503958333333333,73.60875,22.029583333333335,41.78458333333334,0.285625,17.166666666666668,6.199999999999999
2012-05-03,10.891666666666667,16.0525,0.598125,,26.92833333333333,80.89708333333333,23.054166666666664,32.57625,0.33749999999999997,18.145833333333332,0.6000000000000001
2012-05-04,11.421666666666667,21.40625,0.9529166666666667,,32.82333333333333,76.90708333333333,24.413749999999997,29.952916666666667,0.33083333333333337,18.979166666666668,0.0
2012-05-05,17.971666666666668,25.110416666666666,1.6729166666666666,,43.0825,72.34041666666667,25.05666666666667,34.76083333333333,0.4245833333333333,24.0625,0.0
2012-05-06,6.064583333333334,14.021666666666667,0.20604166666666668,,20.051666666666666,68.43458333333334,25.215416666666666,47.14416666666667,0.33166666666666667,19.708333333333332,0.0
2012-05-07,8.759166666666667,19.3075,1.09125,,28.06375,69.65208333333334,24.545833333333334,34.01083333333333,0.2654166666666667,17.75,0.0
2012-05-08,12.967083333333333,24.937916666666666,0.623125,,37.90416666666667,80.81125,22.95375,17.211666666666666,0.3466666666666667,22.75,2.4
2012-05-09,26.114166666666666,31.42375,3.343958333333333,,57.54125,72.20708333333333,24.652083333333334,27.157916666666665,0.44250000000000006,33.083333333333336,0.0
2012-05-10,25.60375,36.937916666666666,3.183125,,62.53916666666667,68.32791666666667,26.02625,41.07875,0.5775,43.333333333333336,0.0
2012-05-11,23.245,27.822083333333335,0.6591666666666667,,51.06708333333333,61.71958333333333,27.820416666666663,35.606249999999996,0.62,45.291666666666664,0.0
2012-05-12,16.272916666666667,25.241666666666664,1.0658333333333334,,41.51291666666666,63.60958333333334,27.145416666666666,33.91458333333333,0.5820833333333334,46.354166666666664,0.0
2012-05-13,5.344166666666666,16.098333333333333,0.13145833333333332,,21.442916666666665,87.26083333333334,23.4025,34.629583333333336,0.40458333333333335,17.708333333333332,22.0
2012-05-14,16.608541666666667,27.94125,2.5941666666666667,,44.54895833333333,90.8675,21.448333333333334,21.56625,0.3804166666666667,16.125,27.0
2012-05-15,18.91375,30.64333333333333,1.7652083333333335,,49.556875,88.013125,,19.662291666666665,0.40020833333333333,12.833333333333334,9.2
2012-05-16,14.952083333333334,19.451249999999998,0.7188888888888889,,34.405833333333334,86.09333333333335,21.443,25.23125,0.3233333333333333,10.833333333333334,10.2
2012-05-17,9.956249999999999,17.230833333333333,0.19854166666666664,,27.182916666666667,81.85958333333333,21.955833333333334,29.881666666666664,0.29,11.333333333333334,8.6
2012-05-18,10.449166666666667,18.400833333333335,1.6716666666666666,,28.846666666666668,79.55708333333334,21.596666666666668,28.15416666666667,0.33666666666666667,19.875,1.0
2012-05-19,17.078333333333333,18.793333333333333,0.8870833333333333,,35.87291666666667,74.03666666666668,21.760833333333334,31.890833333333333,0.32458333333333333,24.854166666666668,0.0
2012-05-20,10.86625,21.215,3.14,,32.08208333333334,64.57541666666667,23.064999999999998,43.12041666666667,0.35791666666666666,21.416666666666668,0.0
2012-05-21,13.152708333333335,26.17395833333333,3.63625,,39.343125,67.44500000000001,23.20375,18.987894736842104,0.43895833333333334,29.229166666666668,0.0
2012-05-22,15.809166666666668,30.137083333333333,5.94125,,45.943333333333335,67.62416666666667,23.586250000000003,25.958333333333332,0.26666666666666666,33.333333333333336,0.0
2012-05-23,18.715833333333332,32.467083333333335,3.512916666666667,,51.182500000000005,73.08458333333333,23.519166666666667,22.183333333333334,0.32958333333333334,40.395833333333336,0.0
2012-05-24,41.772083333333335,40.217083333333335,7.64375,,81.98833333333333,73.82708333333333,23.435000000000002,15.316250000000002,0.6333333333333333,51.0,0.0
2012-05-25,36.00833333333333,36.06458333333333,5.788541666666666,,72.07375,71.42958333333333,24.814166666666665,13.659999999999998,0.6720833333333333,54.875,0.0
2012-05-26,6.892083333333333,20.695833333333333,2.586875,,27.57166666666667,61.84583333333333,26.69125,43.088750000000005,0.2966666666666667,29.041666666666668,0.0
2012-05-27,5.785,22.31375,2.222916666666667,,28.09875,71.1375,24.830416666666665,42.57208333333333,0.4075,37.479166666666664,0.0
2012-05-28,17.635,36.20666666666667,6.434583333333333,,53.844166666666666,69.10875,25.731666666666666,25.143958333333334,0.6879166666666667,44.15625,0.0
2012-05-29,22.84875,47.20041666666666,6.398125,,70.04916666666666,66.82125,27.170416666666668,30.538749999999997,0.7758333333333334,79.27272727272727,0.0
2012-05-30,15.1225,31.814999999999998,2.7885416666666667,,46.935833333333335,64.61833333333333,27.92,26.15625,0.5229166666666667,62.020833333333336,0.0
2012-05-31,9.059166666666668,21.574166666666667,1.8006250000000001,,30.626041666666666,74.58458333333333,25.777083333333334,30.67770833333333,0.29958333333333337,41.833333333333336,0.0
2012-06-01,19.947083333333335,34.53666666666667,2.366875,,54.48666666666667,83.42541666666666,24.594166666666666,8.575000000000001,0.5029166666666667,47.4375,0.4
2012-06-02,11.332500000000001,29.86,3.6197916666666665,,41.193333333333335,81.01916666666666,25.605416666666667,32.18,0.5045833333333333,30.208333333333332,5.800000000000001
2012-06-03,8.33375,18.50166666666667,1.579375,,26.83666666666667,64.9175,28.147916666666664,28.457916666666666,0.53625,32.4375,0.0
2012-06-04,9.416666666666666,22.925833333333333,5.669583333333333,,32.34083333333333,55.885416666666664,29.859583333333333,33.595416666666665,0.4216666666666667,39.125,0.0
2012-06-05,20.22791666666667,27.064166666666665,1.939375,,47.29,70.7675,27.209166666666665,23.06458333333333,0.5945833333333334,44.25,0.2
2012-06-06,17.198333333333334,24.23625,1.5695833333333333,,41.4325,88.46249999999999,24.059166666666666,15.55375,0.40208333333333335,26.229166666666668,3.4
2012-06-07,4.639583333333333,11.613749999999998,0.08875,,16.24083333333333,91.06958333333334,22.135,26.729166666666668,0.23416666666666666,9.708333333333334,17.0
2012-06-08,14.706249999999999,21.148333333333333,0.5972916666666667,,35.854166666666664,90.96333333333332,20.469166666666666,20.022083333333335,0.42333333333333334,17.291666666666668,2.6000000000000005
2012-06-09,12.6575,23.27125,0.38916666666666666,,35.93083333333333,94.48708333333333,20.46375,17.55375,0.4429166666666667,8.125,28.799999999999997
2012-06-10,7.319166666666667,19.0075,2.3604166666666666,,26.327916666666667,81.4825,21.940833333333334,26.66208333333333,0.2575,11.708333333333334,0.2
2012-06-11,17.463541666666668,21.405416666666667,2.800625,,38.863125000000004,77.88041666666666,22.272916666666664,21.770416666666666,0.32895833333333335,20.375,13.2
2012-06-12,26.575833333333335,23.296666666666667,6.479583333333333,,49.86958333333333,80.9275,22.588333333333335,16.968333333333334,0.6408333333333334,32.916666666666664,0.0
2012-06-13,30.810000000000002,36.174166666666665,6.599374999999999,,66.984375,78.20729166666666,24.121041666666667,17.793333333333333,0.7054166666666667,46.583333333333336,0.0
2012-06-14,18.73875,29.206666666666667,8.272499999999999,,47.94541666666667,72.39166666666667,25.08458333333333,29.169166666666666,0.43583333333333335,38.416666666666664,0.0
2012-06-15,22.994583333333335,35.3425,3.198541666666667,,58.33166666666667,76.3925,24.38625,24.47583333333333,0.6758333333333333,55.416666666666664,0.0
2012-06-16,17.652083333333334,24.07375,1.0104166666666667,,41.72541666666667,66.98875,25.3175,23.938333333333333,0.6258333333333334,42.291666666666664,0.0
2012-06-17,5.064166666666666,15.793750000000001,1.374375,,20.85125,73.65041666666666,23.931250000000002,44.81041666666667,0.32875,34.333333333333336,0.0
2012-06-18,22.120833333333334,37.025416666666665,18.298125000000002,,59.14875,68.80833333333334,25.345416666666665,36.4925,0.7420833333333333,64.29166666666667,0.0
2012-06-19,13.41375,21.64854166666667,3.1752083333333334,,35.052708333333335,61.13166666666667,26.578958333333333,29.586041666666663,0.34395833333333337,43.208333333333336,0.0
2012-06-20,19.980833333333333,37.83541666666667,7.017083333333333,,57.812916666666666,84.69666666666667,23.8125,7.633333333333333,0.6116666666666667,62.104166666666664,0.2
2012-06-21,11.401666666666666,16.65458333333333,1.7162499999999998,,28.034166666666668,89.03333333333335,23.690833333333334,20.080416666666668,0.33041666666666664,19.833333333333332,0.0
2012-06-22,7.85125,14.230416666666665,1.6679166666666667,,22.075833333333335,84.01,23.264583333333334,27.608333333333334,0.31708333333333333,14.229166666666666,0.0
2012-06-23,4.914166666666667,10.790416666666667,1.1883333333333332,,15.635,72.54166666666667,22.629583333333333,40.418749999999996,0.355,24.333333333333332,0.0
2012-06-24,13.224166666666667,17.447916666666668,1.1014583333333334,,30.670833333333334,76.60041666666667,22.528333333333332,31.16416666666667,0.6029166666666667,41.25,0.0
2012-06-25,7.405,13.492083333333333,3.707708333333333,,20.886875,79.39916666666666,22.48166666666667,35.385,0.27770833333333333,26.0,0.0
2012-06-26,13.561250000000001,22.377916666666668,4.04375,,35.93958333333333,85.51333333333334,21.9825,19.544166666666666,0.46875,33.708333333333336,0.0
2012-06-27,24.432916666666667,27.527916666666666,3.8755555555555556,,51.95875,71.16,23.16208333333333,26.51375,0.3729166666666666,34.583333333333336,0.0
2012-06-28,38.687916666666666,35.79541666666667,4.27125,,74.48333333333333,72.5775,24.151666666666667,17.27875,0.6166666666666667,44.875,0.0
2012-06-29,27.44666666666667,28.59,3.286875,,56.036249999999995,69.44041666666666,24.99208333333333,22.653750000000002,0.5758333333333333,50.458333333333336,0.0
2012-06-30,32.279583333333335,29.77208333333333,1.6485416666666666,,62.050000000000004,65.0225,25.2925,23.64625,0.78125,56.333333333333336,0.0
2012-07-01,24.27916666666667,32.07875,2.2847916666666666,,56.35833333333333,64.99083333333333,25.92833333333333,42.759166666666665,0.9404166666666667,71.27083333333333,0.0
2012-07-02,29.94458333333333,32.775416666666665,0.6616666666666666,,62.724583333333335,65.43375,26.295416666666668,20.944166666666668,0.6704166666666667,56.458333333333336,0.0
2012-07-03,19.99416666666667,30.107916666666668,0.8962499999999999,,50.104166666666664,62.696666666666665,26.075833333333335,26.855,0.5075,47.354166666666664,0.0
2012-07-04,18.331666666666667,23.370416666666667,0.17708333333333334,,41.69958333333333,57.206250000000004,25.385416666666668,22.551666666666666,0.4041666666666666,39.833333333333336,0.0
2012-07-05,32.739583333333336,26.439999999999998,1.7179166666666668,,59.17916666666667,59.305,25.4275,20.6925,0.53875,49.958333333333336,0.0
2012-07-06,29.755,23.911666666666665,1.703125,,53.66708333333333,60.365833333333335,25.7675,16.93583333333333,0.5695833333333333,47.083333333333336,0.0
2012-07-07,28.217916666666667,22.074166666666667,4.559166666666667,,50.28875,66.26083333333334,24.4075,27.91208333333333,0.7166666666666667,51.125,0.0
2012-07-08,7.330416666666667,14.005833333333333,0.38375,,21.336249999999996,88.71583333333332,20.31375,34.00125,0.28291666666666665,23.6875,0.0
2012-07-09,12.09875,20.7,0.28458333333333335,,32.78875,79.09,19.91625,26.78333333333333,0.33166666666666667,20.270833333333332,21.4
2012-07-10,23.823125,28.552083333333332,4.567916666666666,,52.378125000000004,65.1975,20.917916666666667,27.93541666666667,0.43333333333333335,34.5,0.0
2012-07-11,17.17625,21.94666666666667,0.9408333333333333,,39.12583333333333,58.32874999999999,23.83666666666667,38.78416666666667,0.5666666666666667,40.541666666666664,0.0
2012-07-12,16.383541666666666,27.340625,1.484375,,43.728125,77.06,22.824166666666667,38.754375,0.5597916666666667,44.75,13.0
2012-07-13,5.7195833333333335,13.966458333333334,1.1722916666666667,,19.679375,72.10354166666666,21.7625,39.9925,0.18979166666666666,27.166666666666668,0.0
2012-07-14,9.734166666666667,25.288749999999997,0.9595833333333333,,35.02166666666667,76.14541666666666,21.519583333333333,32.21541666666666,0.5104166666666666,45.479166666666664,0.0
2012-07-15,9.255416666666667,26.406666666666666,1.0520833333333333,,35.6625,77.81833333333333,20.73875,31.99291666666667,0.55375,50.666666666666664,0.0
2012-07-16,17.010833333333334,29.125416666666666,1.1166666666666667,,46.13291666666667,86.88875,19.281666666666666,17.083846153846153,0.43083333333333335,30.104166666666668,2.6
2012-07-17,9.802916666666667,25.14708333333333,1.7645833333333334,,34.949999999999996,73.53416666666666,22.2675,30.450416666666666,0.25125000000000003,22.875,0.0
2012-07-18,12.893749999999999,16.948333333333334,0.5875,,29.827083333333334,82.26083333333334,20.984583333333333,21.03,0.33958333333333335,20.125,6.6000000000000005
2012-07-19,8.93375,15.503333333333332,1.4908333333333335,,24.424583333333334,81.04166666666667,18.949583333333333,,0.23458333333333334,27.333333333333332,2.0
2012-07-20,31.420833333333334,26.01291666666667,2.0858333333333334,,57.42625,73.35458333333334,20.52625,,0.5416666666666666,40.458333333333336,0.0
2012-07-21,34.06,42.60666666666666,5.515416666666667,,76.66041666666666,75.18166666666667,21.816666666666666,,0.9049999999999999,71.70833333333333,0.0
2012-07-22,16.991666666666667,28.58375,2.5258333333333334,,45.5725,54.48541666666667,25.595416666666665,,0.9454166666666667,67.02083333333333,0.0
2012-07-23,23.222105263157896,38.05263157894737,2.9912499999999995,,61.27473684210526,72.87833333333333,23.75916666666667,,0.5920833333333334,66.58333333333333,4.2
2012-07-24,18.38625,40.05583333333333,11.554583333333333,,58.443333333333335,64.16041666666666,26.52125,,0.50875,86.6875,0.0
2012-07-25,15.685416666666667,19.320416666666667,1.1166666666666667,,34.99166666666667,57.22416666666667,26.241666666666664,,0.41958333333333336,52.0,0.0
2012-07-26,23.169583333333332,35.16583333333333,4.684583333333333,,58.333333333333336,61.40625,26.684583333333332,,0.7979166666666666,67.45833333333333,0.0
2012-07-27,18.609583333333333,20.53375,0.53625,,39.13166666666667,72.0275,23.965416666666666,56.59583333333333,0.3854166666666667,58.333333333333336,0.0
2012-07-28,12.472083333333332,26.51125,4.16375,,38.98291666666667,73.94041666666666,24.4425,49.14833333333333,0.6154166666666666,59.208333333333336,0.0
2012-07-29,6.49125,21.635416666666668,8.397916666666667,,28.120833333333334,61.17791666666667,26.63,53.75875,0.5554166666666667,55.979166666666664,0.0
2012-07-30,3.1183333333333336,9.06,1.3058333333333334,,12.122083333333334,73.41833333333334,23.991666666666664,65.95208333333333,0.29583333333333334,40.479166666666664,0.0
2012-07-31,8.35125,14.274166666666666,0.31583333333333335,,22.625416666666666,73.69375000000001,24.27625,48.08541666666667,0.3775,35.875,0.0
2012-08-01,8.069166666666666,19.168333333333333,0.5912499999999999,,27.21875,71.7825,24.242083333333337,33.974583333333335,0.19083333333333333,24.625,0.0
2012-08-02,14.707916666666668,27.661666666666665,2.18875,,42.37083333333333,67.79916666666666,25.714166666666667,29.7775,0.4529166666666667,33.625,0.0
2012-08-03,15.527499999999998,25.47083333333333,2.6233333333333335,,40.996249999999996,62.04916666666667,26.1425,10.584999999999999,0.7570833333333334,41.166666666666664,0.0
2012-08-04,9.9425,20.607499999999998,1.7520833333333332,,30.54625,54.3475,26.574583333333333,26.978333333333335,,45.083333333333336,0.0
2012-08-05,4.130416666666666,12.707916666666668,4.1066666666666665,,16.793333333333333,64.33541666666666,24.27625,43.91625,,37.125,15.0
2012-08-06,9.070416666666667,16.924583333333334,0.39722222222222225,,25.995,73.16916666666667,21.285416666666666,24.79875,0.5700000000000001,29.479166666666668,7.8
2012-08-07,16.173125,22.699583333333333,2.9258333333333333,,38.87291666666666,66.9025,21.268958333333334,26.930208333333336,,32.520833333333336,0.0
2012-08-08,17.124583333333334,23.495416666666667,1.0595833333333333,,40.61666666666667,66.47500000000001,23.29875,32.8775,,30.416666666666668,0.0
2012-08-09,10.799999999999999,25.442916666666665,2.6666666666666665,,36.24208333333333,65.20083333333334,23.743333333333336,34.6925,0.32363636363636367,30.541666666666668,0.0
2012-08-10,22.360416666666666,27.99,2.62125,,50.34791666666666,60.346666666666664,24.61791666666667,27.285833333333333,0.4895833333333333,33.541666666666664,0.0
2012-08-11,5.5825,17.364583333333332,2.7608333333333337,,22.946250000000003,56.0725,25.575,52.022083333333335,0.25625000000000003,35.291666666666664,0.0
2012-08-12,5.550833333333333,16.226666666666667,1.66375,,21.765,59.16791666666666,25.627916666666668,46.16833333333333,0.11458333333333333,31.729166666666668,0.0
2012-08-13,17.423750000000002,23.264583333333334,3.579166666666667,,40.69083333333333,58.95791666666667,26.444166666666664,39.059999999999995,0.3095833333333333,32.041666666666664,0.0
2012-08-14,11.021666666666667,20.924166666666668,2.4829166666666667,,31.94541666666667,70.79791666666667,24.440416666666668,26.122500000000002,0.155,36.041666666666664,0.0
2012-08-15,7.817083333333334,18.247708333333332,2.861666666666667,,26.062708333333333,70.92,23.836249999999996,34.915416666666665,0.120625,26.645833333333332,0.0
2012-08-16,9.325416666666667,20.02541666666667,2.0812500000000003,,29.339166666666667,65.09125,24.930000000000003,43.4475,0.27791666666666665,26.25,0.0
2012-08-17,13.4,18.826666666666664,1.2466666666666668,,32.21666666666667,65.86999999999999,24.364583333333332,30.41736842105263,0.27708333333333335,33.666666666666664,0.0
2012-08-18,4.99625,13.129583333333334,0.8158333333333333,,18.090833333333332,66.70083333333334,24.18875,50.79083333333333,0.16625,37.458333333333336,0.0
2012-08-19,3.345833333333333,11.812916666666666,1.2329166666666667,,15.135833333333332,61.1275,24.489166666666666,56.74041666666667,0.15541666666666668,37.916666666666664,0.0
2012-08-20,17.290714285714284,23.86642857142857,2.87875,,41.16285714285714,59.663333333333334,24.474166666666665,40.275625,0.18541666666666667,31.958333333333332,0.0
2012-08-21,,,2.955416666666667,,,58.79583333333333,25.301666666666666,47.774166666666666,0.13854166666666667,31.854166666666668,0.0
2012-08-22,,,4.3133333333333335,,,56.25458333333333,25.495,42.66416666666667,0.33749999999999997,36.125,0.0
2012-08-23,,,2.299166666666667,,,59.89041666666666,24.95041666666667,45.60833333333334,0.07416666666666667,33.229166666666664,0.0
2012-08-24,3.5033333333333334,42.07,0.43083333333333335,,45.571666666666665,62.48374999999999,24.694999999999997,42.98708333333334,0.24333333333333332,38.916666666666664,0.0
2012-08-25,4.3845833333333335,30.911666666666665,3.1633333333333336,,35.29458333333333,56.01166666666666,25.537499999999998,55.85875000000001,0.39749999999999996,47.208333333333336,0.0
2012-08-26,3.17,21.24625,0.37125,,24.4175,69.71124999999999,23.454583333333332,49.837916666666665,0.4779166666666667,38.770833333333336,0.0
2012-08-27,2.845833333333333,19.37125,1.7679166666666666,,22.218333333333334,71.59291666666667,23.20375,46.30416666666667,0.23666666666666666,38.458333333333336,0.0
2012-08-28,3.5716666666666668,17.171666666666667,1.1700000000000002,,20.74416666666667,83.96375,21.213333333333335,42.102916666666665,0.16625,19.625,4.2
2012-08-29,4.3425,17.014583333333334,0.18875,,21.359583333333333,77.71083333333333,21.453333333333333,47.94416666666667,0.34375,20.520833333333332,0.8
2012-08-30,2.6754166666666666,16.597916666666666,0.5004166666666666,,19.273333333333333,73.3525,21.526666666666667,47.74791666666667,0.15833333333333333,20.583333333333332,0.0
2012-08-31,9.954583333333334,38.42,0.7366666666666667,,48.375416666666666,61.336666666666666,22.173333333333332,38.845,0.33958333333333335,36.666666666666664,0.0
2012-09-01,8.674583333333333,41.4075,5.30875,,50.08166666666667,62.82916666666667,22.932916666666667,63.55416666666667,0.455,49.25,0.0
2012-09-02,2.637916666666667,24.1525,3.1191666666666666,,26.790000000000003,70.21,23.685833333333335,94.60875,0.38958333333333334,58.645833333333336,0.0
2012-09-03,1.9258333333333333,13.575000000000001,0.618421052631579,,15.501666666666667,73.57125,23.360416666666666,76.79791666666667,0.27395833333333336,35.729166666666664,1.0
2012-09-04,1.3764583333333331,12.784374999999999,1.4147916666666667,,14.15625,67.84125,21.12375,64.93458333333334,0.16375,30.041666666666668,10.8
2012-09-05,13.951041666666667,42.212916666666665,8.62625,,56.16520833333333,58.553333333333335,23.69604166666667,54.723125,0.4660416666666667,49.291666666666664,0.0
2012-09-06,18.857916666666664,35.692083333333336,1.7449999999999999,,54.54916666666667,68.80166666666666,23.780833333333334,50.25666666666667,0.5545833333333333,57.395833333333336,0.0
2012-09-07,2.59625,26.86375,1.4379166666666665,,29.46083333333333,71.12083333333334,24.4275,94.84875,0.37875,64.95833333333333,0.0
2012-09-08,17.340833333333332,46.54958333333334,6.767083333333333,,63.89124999999999,55.39416666666667,28.7175,43.165416666666665,0.6933333333333334,58.958333333333336,0.0
2012-09-09,6.304166666666667,28.295416666666668,2.2295833333333333,,34.59875,52.66791666666666,29.35291666666667,76.47791666666667,0.39958333333333335,58.166666666666664,0.0
2012-09-10,2.983333333333333,31.575416666666666,2.515,,34.555416666666666,67.28,26.835416666666664,95.61,0.4320833333333334,64.54166666666667,0.0
2012-09-11,5.85625,45.467083333333335,4.8758333333333335,,51.32375,67.04541666666667,26.71291666666667,66.2375,0.44416666666666665,76.58333333333333,0.0
2012-09-12,2.42625,23.23875,1.0516666666666665,,25.659166666666668,76.19416666666667,24.659166666666664,64.13125000000001,0.37166666666666665,49.625,0.0
2012-09-13,4.095416666666666,25.23125,0.9,,29.32166666666667,82.32625,23.323333333333334,47.657916666666665,0.4070833333333333,39.333333333333336,2.0
2012-09-14,2.9535416666666667,22.73625,0.02666666666666667,,25.691458333333333,69.558125,24.272291666666664,65.75729166666666,0.2025,18.458333333333332,0.4
2012-09-15,4.005416666666666,31.69458333333333,1.1208333333333333,,35.69916666666666,63.875416666666666,26.139166666666668,64.32000000000001,0.33041666666666664,28.8125,0.0
2012-09-16,10.198333333333332,38.8325,5.715833333333333,,49.031666666666666,59.52333333333333,28.1775,63.27375,0.74125,55.916666666666664,0.0
2012-09-17,19.219166666666666,50.171875,7.105833333333333,,69.389375,53.98,30.31041666666667,63.09,0.7847916666666667,73.875,0.0
2012-09-18,18.543333333333333,48.748333333333335,2.8404166666666666,,67.29020833333333,47.888749999999995,31.055833333333336,61.205625,0.6075,71.97916666666667,0.0
2012-09-19,12.32875,53.75541666666666,3.775,,66.08,36.529583333333335,34.38625,68.62791666666666,0.6558333333333334,86.91666666666667,0.0
2012-09-20,5.46375,38.62291666666666,1.9541666666666666,,44.0825,71.43833333333333,26.04625,60.987500000000004,0.8916666666666666,67.41666666666667,4.0
2012-09-21,5.5249999999999995,36.03625,2.0124999999999997,,41.56041666666667,74.99833333333333,25.60625,59.845,0.5520833333333334,51.25,21.200000000000003
2012-09-22,5.424166666666667,24.776666666666667,1.3420833333333333,,30.19875,74.63250000000001,22.006249999999998,48.99583333333334,0.3225,28.291666666666668,40.0
2012-09-23,4.53875,22.19666666666667,0.4375,,26.73625,64.82625,22.37,49.14041666666666,0.23791666666666667,32.166666666666664,0.0
2012-09-24,8.699583333333333,33.89333333333334,2.36375,,42.59458333333333,57.07375,25.36583333333333,45.05625,0.27958333333333335,30.6875,0.0
2012-09-25,9.949166666666667,27.882499999999997,1.5587499999999999,,37.82958333333333,64.21145833333334,27.069999999999997,54.56666666666666,0.3333333333333333,33.791666666666664,43.0
2012-09-26,1.2941666666666667,6.745,0.022083333333333333,,8.035,80.27104166666666,18.826249999999998,70.07041666666667,0.05583333333333334,13.083333333333334,55.0
2012-09-27,4.488333333333333,18.386666666666667,0.4312500000000001,,22.875833333333333,72.34625,18.080416666666668,43.54541666666666,0.32666666666666666,18.833333333333332,9.4
2012-09-28,8.799166666666666,20.864583333333332,1.1029166666666665,,29.663750000000004,63.250416666666666,19.718333333333334,45.53458333333333,0.29,19.916666666666668,0.0
2012-09-29,15.22125,23.41875,0.24333333333333332,,38.641666666666666,64.56541666666666,20.362916666666667,43.84125,0.4345833333333333,27.833333333333332,0.0
2012-09-30,1.8645833333333333,18.734166666666667,1.13875,,20.5975,52.87166666666667,22.58458333333333,73.25916666666667,0.25125000000000003,26.25,0.0
2012-10-01,7.987291666666667,38.88395833333333,0.8241666666666667,,46.870000000000005,56.36375,24.701666666666668,63.5425,0.33666666666666667,35.333333333333336,0.0
2012-10-02,16.163333333333334,51.03895833333333,2.283157894736842,,67.201875,63.18291666666667,26.4525,45.425000000000004,0.45458333333333334,59.333333333333336,0.0
2012-10-03,8.09375,40.64625,4.40875,,48.73791666666667,57.709583333333335,28.519583333333333,49.57791666666666,0.3433333333333333,47.208333333333336,0.0
2012-10-04,5.135,24.72375,6.014583333333333,,29.85875,61.95791666666667,27.11125,68.77,0.35916666666666663,41.083333333333336,0.0
2012-10-05,4.39625,29.697083333333335,4.222083333333333,,34.09125,63.75958333333333,27.426666666666666,79.47291666666668,0.43333333333333335,58.479166666666664,0.0
2012-10-06,3.8266666666666667,27.831666666666667,2.4254166666666666,,31.655416666666667,58.92541666666667,27.604583333333334,61.72291666666667,0.39875,49.208333333333336,0.0
2012-10-07,3.7258333333333336,27.765,4.954166666666667,,31.49291666666667,50.525416666666665,28.684583333333336,64.57708333333333,0.42,36.291666666666664,0.0
2012-10-08,3.1133333333333333,22.4875,3.2954166666666667,,25.599166666666665,56.189166666666665,27.824583333333333,56.532916666666665,0.3045833333333334,30.75,0.0
2012-10-09,4.88375,30.471249999999998,1.8187499999999999,,35.35583333333333,47.13666666666666,29.29625,42.397083333333335,0.42,33.166666666666664,0.0
2012-10-10,7.4866666666666655,34.41458333333333,3.0370833333333334,,41.89625,39.568333333333335,31.590416666666666,72.22333333333333,0.3475,47.166666666666664,0.0
2012-10-11,1.3479166666666667,9.8675,0.9283333333333333,,11.205416666666666,70.98875,26.30333333333333,95.6925,0.3833333333333333,35.708333333333336,11.2
2012-10-12,1.0733333333333333,11.495,0.034999999999999996,,12.565833333333332,86.38666666666667,22.180000000000003,75.27791666666667,0.18208333333333335,9.729166666666666,12.4
2012-10-13,3.47875,19.104166666666668,0.44375000000000003,,22.580833333333334,86.97250000000001,21.735416666666666,45.93291666666667,0.20583333333333334,11.083333333333334,2.0
2012-10-14,1.2179166666666668,8.751666666666667,0.14458333333333334,,9.967916666666666,66.68583333333333,22.394583333333333,60.490833333333335,0.16208333333333333,14.5,0.0
2012-10-15,4.001666666666667,19.7725,0.915,,23.77333333333333,63.43875,23.185000000000002,52.290416666666665,0.26291666666666663,17.333333333333332,0.0
2012-10-16,9.11,46.397894736842105,3.70375,,55.50631578947368,61.04791666666667,25.74,54.96666666666667,0.3572916666666666,27.666666666666668,0.0
2012-10-17,11.397083333333333,65.34208333333333,2.578333333333333,,76.74083333333333,54.754583333333336,27.60375,48.859166666666674,0.4145833333333333,36.833333333333336,0.0
2012-10-18,1.45625,10.41375,0.49,,11.864583333333334,51.83166666666667,29.272916666666664,91.21625,0.3233333333333333,29.541666666666668,0.0
2012-10-19,2.5887499999999997,20.142083333333332,0.7991666666666667,,22.72458333333333,74.51666666666667,24.702916666666667,53.336666666666666,0.1525,39.583333333333336,0.4
2012-10-20,2.7825,21.56958333333333,1.3879166666666667,,24.35375,67.39375,26.32166666666667,78.44125,0.4466666666666667,30.625,1.8
2012-10-21,1.9000000000000001,25.852631578947367,4.356842105263158,,27.748947368421053,59.5355,30.101999999999997,96.47368421052632,0.5357894736842105,35.55,2.6
2012-10-22,,,,,,,,,,,
2012-10-23,,,,,,,,,,,
2012-10-24,2.0415384615384613,17.184615384615384,0.07230769230769231,,19.223076923076924,60.55785714285714,28.055714285714288,70.13357142857143,0.38125,31.307692307692307,0.0
2012-10-25,3.43125,21.259583333333335,0.8883333333333333,,24.68875,64.36708333333333,26.75708333333333,63.9425,0.27166666666666667,37.5625,0.0
2012-10-26,3.43375,20.625416666666666,0.9208333333333334,,24.057916666666667,76.81625,26.737916666666667,59.5075,0.29791666666666666,38.5,0.0
2012-10-27,2.8083333333333336,23.35166666666667,1.1979166666666667,,26.156666666666666,68.76208333333334,29.022499999999997,92.46,0.5316666666666666,51.958333333333336,0.0
2012-10-28,1.5570833333333332,15.925833333333332,2.20125,,17.482916666666664,70.01625,28.85375,68.72375000000001,0.3841666666666667,40.3125,0.0
2012-10-29,3.26375,26.13625,1.679166666666667,,29.397916666666664,66.22,29.595,84.83645833333334,0.48208333333333336,48.916666666666664,0.0
2012-10-30,3.7470833333333338,29.381249999999998,0.1420833333333333,,33.12625,62.82125,31.02625,53.73416666666666,0.5229166666666667,51.708333333333336,0.0
2012-10-31,3.26125,27.217083333333335,2.294583333333333,,30.477083333333336,60.44625,31.80875,63.654583333333335,0.45416666666666666,53.270833333333336,0.0
2012-11-01,1.8841666666666665,10.120833333333334,0.6283333333333333,,12.001666666666667,70.05749999999999,27.147499999999997,61.20458333333334,0.12208333333333334,20.708333333333332,0.0
2012-11-02,3.3825000000000003,22.965,0.09916666666666668,,26.34875,81.83875,23.30666666666667,28.540833333333335,0.4295833333333334,18.6875,1.6
2012-11-03,2.6504166666666666,19.008333333333333,0.27499999999999997,,21.659583333333334,75.51708333333333,24.210416666666664,42.80708333333333,0.3145833333333333,20.583333333333332,0.4
2012-11-04,2.4216666666666664,22.33458333333333,0.5770833333333333,,24.75583333333333,73.5025,25.50791666666667,45.32708333333333,0.3620833333333333,27.083333333333332,0.0
2012-11-05,2.05375,16.572083333333335,2.0258333333333334,,18.62666666666667,75.63250000000001,26.06041666666667,60.79583333333333,0.2966666666666667,20.791666666666668,1.6
2012-11-06,2.807916666666667,18.344166666666666,0.985,,21.152083333333334,71.48625,26.748333333333335,70.25833333333334,0.42333333333333334,21.0,0.0
2012-11-07,2.2879166666666664,17.243750000000002,1.0172916666666667,,19.533333333333335,66.34625,27.77,50.48833333333334,0.29250000000000004,21.291666666666668,0.0
2012-11-08,2.7304166666666667,17.105416666666667,1.5164583333333335,,19.835833333333333,66.88875,27.897499999999997,47.669999999999995,0.1925,21.541666666666668,0.0
2012-11-09,5.9750000000000005,25.994583333333335,0.8408333333333333,,31.96875,74.38166666666667,26.995,26.180833333333336,0.3070833333333333,20.8125,3.6
2012-11-10,10.812083333333334,27.549583333333334,1.7833333333333332,,38.35583333333333,84.605,24.829583333333332,9.999166666666666,0.38000000000000006,9.041666666666666,4.0
2012-11-11,5.3374999999999995,16.625833333333333,2.1914583333333333,,21.96375,57.91166666666667,30.27541666666667,29.247500000000002,0.33916666666666667,13.166666666666666,0.2
2012-11-12,1.6587500000000002,8.553749999999999,0.05866666666666667,,10.213541666666666,66.61,28.212500000000002,48.18645833333333,0.27020833333333333,15.395833333333334,3.0
2012-11-13,2.542307692307692,7.065384615384615,0.43354166666666666,,9.608461538461539,90.85708333333334,23.269375,27.981666666666666,0.43354166666666666,5.4375,9.399999999999999
2012-11-14,5.125714285714286,19.01142857142857,0.6889583333333333,,24.135714285714283,86.2075,21.212083333333336,42.59125,0.23375,16.36842105263158,1.0
2012-11-15,4.195,26.938333333333333,1.7879166666666666,,31.132499999999997,82.87916666666666,21.97083333333333,34.22208333333334,0.33375,13.25,8.0
2012-11-16,5.048333333333333,20.213333333333335,0.4395833333333334,,25.261666666666667,86.50625000000001,21.506249999999998,28.1925,0.2525,17.291666666666668,0.8
2012-11-17,4.262083333333333,17.700833333333332,0.46166666666666667,,21.964583333333334,80.28291666666667,22.252916666666668,32.64333333333334,0.2808333333333333,16.458333333333332,0.0
2012-11-18,2.42625,12.852916666666667,1.203125,,15.270000000000001,68.54541666666667,24.579166666666666,46.98875,0.19375,15.333333333333334,1.2
2012-11-19,4.1745833333333335,24.374166666666667,3.952916666666667,,28.548333333333332,60.06166666666667,27.170416666666668,58.38125,0.27666666666666667,22.666666666666668,0.0
2012-11-20,4.4525,24.09958333333333,2.575625,,28.550833333333333,72.51541666666667,25.93041666666667,51.77916666666667,0.3129166666666667,23.166666666666668,2.4000000000000004
2012-11-21,1.9745833333333334,10.887083333333335,0.25062500000000004,,12.855416666666665,72.75375000000001,25.596249999999998,65.60208333333334,0.09500000000000001,22.166666666666668,0.0
2012-11-22,3.3383333333333334,14.246666666666668,0.9764583333333333,,17.580416666666668,66.18333333333334,26.340416666666666,45.81333333333333,0.37333333333333335,23.041666666666668,0.0
2012-11-23,5.089583333333334,34.55166666666667,1.5743749999999999,,39.641666666666666,61.91708333333333,28.17375,75.28416666666666,0.3475,47.8125,0.0
2012-11-24,3.9691666666666667,28.188333333333333,2.9304166666666664,,32.155833333333334,69.08041666666666,28.303749999999997,73.185,0.38666666666666666,50.375,14.4
2012-11-25,1.53625,15.364166666666668,0.7025,,16.895,88.98416666666667,24.05666666666667,52.696666666666665,0.40166666666666667,22.0,4.2
2012-11-26,3.68,16.054166666666667,0.8791666666666668,,19.732083333333332,89.11166666666666,23.809166666666666,37.681666666666665,0.19375,11.3125,10.0
2012-11-27,5.121458333333334,20.845833333333335,1.6189473684210525,,25.955625,86.94416666666666,24.0625,33.63458333333333,0.50125,14.75,15.599999999999998
2012-11-28,7.105,28.035833333333333,0.7310416666666666,,35.13708333333333,76.01791666666666,25.70625,64.88375,0.5466666666666667,30.041666666666668,4.6
2012-11-29,6.422916666666667,29.374166666666667,2.185,,35.79666666666667,69.63,27.458333333333332,67.23375,0.42250000000000004,30.875,0.0
2012-11-30,2.095833333333333,13.7275,1.1089583333333335,,15.825000000000001,64.61708333333333,27.004166666666666,63.069583333333334,0.23375,19.583333333333332,0.0
2012-12-01,3.7262500000000003,26.67125,2.587222222222222,,30.389166666666668,62.30708333333333,28.073333333333334,61.18625,0.38208333333333333,33.083333333333336,0.0
2012-12-02,2.5591666666666666,19.622916666666665,0.9648611111111111,,22.180833333333336,64.71166666666666,29.8625,56.95666666666667,0.3775,35.5625,2.0
2012-12-03,1.6529166666666668,15.856666666666667,0.09625,,17.51,72.45416666666667,28.0,75.04791666666667,0.37875,23.708333333333332,0.0
2012-12-04,7.72125,38.23,2.2083333333333335,,45.951249999999995,67.545,29.787499999999998,57.95791666666667,0.4475,45.166666666666664,0.0
2012-12-05,6.917083333333333,32.47375,2.762083333333333,,39.39083333333333,60.6275,31.27791666666667,64.00208333333333,0.38916666666666666,41.5,0.0
2012-12-06,6.50875,35.981249999999996,2.8350000000000004,,42.489583333333336,56.74916666666667,32.26208333333333,48.92291666666667,0.5670833333333333,44.25,0.0
2012-12-07,5.025,23.257916666666663,2.343125,,28.280833333333334,47.09166666666667,34.399166666666666,93.08,0.4454166666666666,39.333333333333336,0.0
2012-12-08,0.96375,11.299999999999999,1.8739583333333334,,12.255,51.9625,33.635416666666664,122.91375,0.28875,25.875,0.0
2012-12-09,1.145,8.825000000000001,0.04916666666666667,,9.9675,74.67416666666666,28.044166666666666,61.95250000000001,0.28791666666666665,20.125,0.0
2012-12-10,1.831578947368421,23.347631578947368,2.7060526315789475,,25.17236842105263,66.96578947368421,29.698947368421052,60.02777777777778,0.2881578947368421,27.75,0.0
2012-12-11,7.7129166666666675,31.2,1.8310416666666667,,38.91416666666667,59.565416666666664,32.152499999999996,47.31791666666666,0.5570833333333333,30.833333333333332,8.6
2012-12-12,2.080416666666667,17.799166666666668,0.7958333333333334,,19.875416666666666,64.91416666666667,30.194999999999997,84.38833333333334,0.3354166666666667,25.125,4.800000000000001
2012-12-13,5.54,36.08625,1.5379166666666668,,41.62583333333333,72.80854166666667,29.325833333333332,61.774166666666666,0.64,30.708333333333332,65.8
2012-12-14,4.323333333333333,27.455833333333334,0.42291666666666666,,31.78125,81.31708333333333,27.427083333333332,49.815,0.5075,24.0,7.6
2012-12-15,7.088333333333334,37.378750000000004,2.7608333333333337,,44.464166666666664,76.20833333333333,28.933333333333334,37.60583333333333,0.62375,31.395833333333332,6.4
2012-12-16,3.140833333333333,26.542916666666667,3.0656250000000003,,29.676666666666666,74.30791666666667,29.34,58.61833333333333,0.5541666666666667,32.708333333333336,1.8000000000000003
2012-12-17,3.749166666666667,24.10875,3.064375,,27.857083333333332,60.85833333333333,31.06833333333333,58.589166666666664,0.41250000000000003,23.541666666666668,0.0
2012-12-18,2.4008333333333334,17.181250000000002,2.7210416666666664,,19.58125,56.70541666666667,31.4725,62.31708333333333,0.37083333333333335,23.166666666666668,0.0
2012-12-19,3.2062500000000003,29.630416666666665,2.379166666666667,,32.8325,73.105,29.48875,80.26875,0.44625000000000004,34.958333333333336,13.200000000000001
2012-12-20,6.749583333333334,36.12916666666667,7.012083333333333,,42.87958333333333,63.779583333333335,31.77875,80.88375,0.39958333333333335,37.708333333333336,0.0
2012-12-21,3.2883333333333336,28.785833333333333,4.9262500000000005,,32.07208333333333,55.13916666666666,32.7025,120.71041666666667,0.49374999999999997,34.625,0.0
2012-12-22,1.2945833333333334,10.34625,0.6652083333333334,,11.637916666666667,69.19791666666667,29.930000000000003,84.83166666666666,0.2808333333333333,27.25,0.0
2012-12-23,1.61125,15.477083333333333,0.7458333333333332,,17.088333333333335,71.89125,29.572916666666668,64.55291666666666,0.4083333333333334,28.25,0.0
2012-12-24,2.177916666666667,21.863333333333333,7.396666666666667,,24.042083333333334,61.009166666666665,31.38416666666667,93.34708333333333,0.3725,29.583333333333332,0.0
2012-12-25,1.4166666666666667,14.916666666666666,3.0560416666666668,,16.333333333333332,51.105,33.87416666666667,65.50125,0.3183333333333333,25.041666666666668,0.0
2012-12-26,2.214583333333333,24.465,3.94875,,26.67375,44.60791666666666,35.95791666666667,72.488125,0.3979166666666667,38.125,0.0
2012-12-27,1.1291666666666667,14.602916666666667,2.879583333333333,,15.730416666666665,58.824999999999996,32.547916666666666,39.28090909090909,0.3645833333333333,38.416666666666664,0.0
2012-12-28,3.1233333333333335,24.2775,6.413958333333333,,27.39833333333333,65.93958333333333,30.682083333333335,63.64208333333334,0.44166666666666665,46.3125,0.0
2012-12-29,1.6995833333333332,17.754166666666666,2.1125000000000003,,19.449166666666667,58.78125,30.68541666666667,54.75208333333333,0.3741666666666667,32.25,19.2
2012-12-30,1.6600000000000001,19.701666666666664,1.5977083333333333,,21.355833333333333,72.47,29.460416666666664,82.37166666666667,0.45333333333333337,35.0,41.2
2012-12-31,2.1779166666666665,21.947916666666668,9.839166666666666,,24.123333333333335,68.02166666666666,30.811666666666667,76.32208333333334,0.4275,34.354166666666664,0.0
2013-01-01,2.1108333333333333,20.534166666666668,4.185,,22.642916666666665,51.6275,33.445,47.43875,0.41083333333333333,50.5,0.0
2013-01-02,0.8758333333333334,7.194583333333333,0.5352083333333334,,8.06125,69.88541666666667,29.582083333333333,66.96,0.17416666666666666,16.458333333333332,1.2
2013-01-03,2.5716666666666668,13.55625,0.7291666666666666,,16.11916666666667,92.63499999999999,24.914583333333336,28.382499999999997,0.3520833333333333,5.3125,203.8
2013-01-04,8.660833333333334,18.414166666666667,1.13375,,27.07541666666667,82.17999999999999,26.33458333333333,19.228333333333335,0.41083333333333333,19.875,1.6
2013-01-05,4.41625,19.21125,1.7395833333333333,,23.626666666666665,64.24916666666667,29.11208333333333,67.13541666666667,0.3125,33.0,0.0
2013-01-06,2.410416666666667,20.018541666666668,16.181250000000002,,22.42770833333333,55.640625,31.315416666666668,75.72583333333334,0.3825,38.1875,0.0
2013-01-07,4.021249999999999,22.861666666666665,4.894583333333333,,26.79125,47.86416666666667,32.08166666666667,63.754999999999995,0.41,34.458333333333336,0.0
2013-01-08,4.189583333333333,17.044583333333332,1.2135416666666667,,21.205833333333334,47.145833333333336,32.87833333333334,66.38041666666668,0.35000000000000003,25.541666666666668,0.6
2013-01-09,6.3012500000000005,19.27125,1.5664583333333333,,25.567916666666665,66.15333333333334,29.667083333333334,52.29291666666666,0.4291666666666667,21.875,64.0
2013-01-10,5.661458333333333,24.497083333333332,0.9227083333333334,,30.156666666666666,84.62125,25.591250000000002,30.037916666666664,0.44625000000000004,17.770833333333332,26.199999999999996
2013-01-11,6.459583333333334,16.09875,0.43583333333333335,,22.556250000000002,81.92958333333333,23.159166666666668,26.162916666666664,0.38833333333333336,18.041666666666668,7.3999999999999995
2013-01-12,10.05625,30.622500000000002,6.41125,,40.67875,74.21,25.268333333333334,27.87375,0.57,40.333333333333336,0.0
2013-01-13,2.53875,19.76125,1.2877083333333335,,22.292083333333334,66.9825,27.24,51.87708333333333,0.4145833333333333,21.0,2.2
2013-01-14,5.625,27.223125,3.8024999999999998,,32.84354166666667,76.96666666666667,25.557083333333335,59.625416666666666,0.3785416666666667,19.1875,36.4
2013-01-15,3.8179166666666666,23.192083333333333,1.6500000000000001,,27.01,76.00916666666667,26.204583333333332,47.7575,0.33,22.875,12.0
2013-01-16,8.65625,27.079583333333332,1.8654166666666665,,35.73041666666666,77.74666666666667,26.309166666666666,35.424166666666665,0.4945833333333334,24.666666666666668,10.799999999999999
2013-01-17,3.1620833333333334,16.22791666666667,0.10895833333333332,,19.385416666666668,70.06791666666668,28.254583333333333,44.39541666666667,0.3045833333333333,15.5625,29.599999999999998
2013-01-18,1.6666666666666667,15.696666666666667,0.3104166666666667,,17.36041666666667,69.62791666666666,27.969166666666666,66.11541666666666,0.29541666666666666,17.333333333333332,0.4
2013-01-19,3.06625,15.2725,1.687916666666667,,18.335416666666667,65.41,28.367500000000003,54.38666666666666,0.33041666666666664,26.666666666666668,17.4
2013-01-20,2.0204166666666667,9.688333333333334,0.5804166666666667,,11.707916666666668,74.72583333333334,26.157916666666665,30.494583333333335,0.22291666666666665,10.625,3.0
2013-01-21,5.9941666666666675,14.537083333333333,1.0808333333333333,,20.530833333333334,86.64833333333333,23.77333333333333,15.50625,0.22916666666666666,7.9375,45.8
2013-01-22,9.803749999999999,18.380416666666665,0.2997916666666667,,28.181250000000002,80.01875,24.51625,12.390416666666667,0.3429166666666667,15.583333333333334,2.8
2013-01-23,8.635833333333332,16.319166666666668,1.6760416666666667,,24.961250000000003,63.6275,26.974166666666665,36.18625,0.17500000000000002,23.375,0.0
2013-01-24,7.971666666666667,33.67041666666667,5.409375000000001,,41.63583333333333,58.95249999999999,28.907083333333333,48.407916666666665,0.31916666666666665,36.125,0.0
2013-01-25,4.677499999999999,24.278333333333336,1.1489583333333335,,28.955416666666668,51.82,32.602916666666665,30.358333333333334,0.3954166666666667,28.208333333333332,0.0
2013-01-26,2.6975,18.3025,2.36625,,20.997083333333332,80.49458333333334,27.777083333333334,41.278333333333336,0.4345833333333333,38.666666666666664,108.2
2013-01-27,1.43625,12.522083333333333,1.0489583333333334,,13.955,75.86958333333332,25.430833333333336,36.558749999999996,0.18708333333333335,21.5625,1.4000000000000001
2013-01-28,6.837291666666666,26.146666666666665,2.3157894736842106,,32.98416666666667,72.25458333333334,25.0475,19.973333333333333,0.3016666666666667,31.666666666666668,0.8
2013-01-29,9.035833333333333,22.543333333333333,0.12479166666666668,,31.57625,84.60875,24.04125,14.3575,0.32583333333333336,11.458333333333334,3.8
2013-01-30,7.1925,22.343333333333334,1.2497916666666666,,29.537916666666664,68.41958333333334,26.552083333333332,25.360416666666666,0.26875,22.208333333333332,0.0
2013-01-31,7.402083333333334,18.158333333333335,1.238125,,25.5575,69.96875,27.762916666666666,28.675,0.25,24.458333333333332,0.0
2013-02-01,5.764583333333333,17.535833333333333,0.8195833333333334,,23.297916666666666,66.55083333333333,29.515416666666667,45.97875,0.3758333333333333,27.166666666666668,0.0
2013-02-02,4.191666666666667,21.18916666666667,1.7916666666666667,,25.380416666666665,64.70125,30.849999999999998,59.70583333333334,0.505,34.958333333333336,8.2
2013-02-03,1.38375,14.345833333333333,0.6983333333333333,,15.723333333333334,56.5625,30.545,49.901250000000005,0.3429166666666667,17.229166666666668,2.5999999999999996
2013-02-04,2.9754166666666664,18.713333333333335,0.20458333333333334,,21.689166666666665,80.82583333333334,25.868750000000002,34.28041666666667,0.3941666666666667,13.541666666666666,23.8
2013-02-05,7.081666666666667,22.757499999999997,0.04083333333333334,,29.837500000000002,86.145,23.641666666666666,25.718333333333334,0.43124999999999997,11.395833333333334,19.4
2013-02-06,8.469583333333334,22.864583333333332,1.0170833333333333,,31.335416666666664,72.97916666666667,25.590416666666666,30.075416666666666,0.33875000000000005,19.4375,0.6000000000000001
2013-02-07,6.993333333333333,32.53875,0.44916666666666666,,39.53333333333333,82.37375,25.47666666666667,29.74083333333333,0.52375,18.520833333333332,24.0
2013-02-08,7.2725,30.398750000000003,1.1120833333333333,,37.67041666666667,69.85541666666667,28.9275,74.86916666666667,0.54875,41.833333333333336,0.0
2013-02-09,1.35375,15.606250000000001,0.80375,,16.95875,68.01875,29.65125,91.22041666666667,0.37166666666666665,34.583333333333336,0.0
2013-02-10,0.9816666666666666,12.802916666666667,1.70625,,13.77875,68.28708333333333,29.947083333333335,98.00958333333334,0.39625,38.229166666666664,0.0
2013-02-11,1.3766666666666667,18.692083333333333,3.3966666666666665,,20.060416666666665,59.95916666666667,31.5425,88.08875,0.4275,36.625,0.0
2013-02-12,1.5379166666666668,20.792083333333334,2.5454166666666667,,22.327083333333334,52.98208333333333,32.876666666666665,83.01083333333334,0.3758333333333333,36.0,0.0
2013-02-13,0.89125,11.980416666666665,4.891666666666667,,12.863750000000001,55.27791666666667,32.052083333333336,76.74833333333333,0.29458333333333336,29.916666666666668,0.0
2013-02-14,3.3793749999999996,25.01625,4.0441666666666665,,28.393541666666668,54.00625,32.623333333333335,100.93875000000001,0.40375,43.25,0.0
2013-02-15,1.48375,22.415833333333335,7.664166666666667,,23.89833333333333,54.98541666666667,32.746249999999996,109.460625,0.4311111111111111,44.916666666666664,0.0
2013-02-16,1.71,19.544999999999998,3.12125,,21.24875,54.165416666666665,33.48291666666667,98.78500000000001,0.40875,46.125,0.0
2013-02-17,1.00875,15.82875,1.32,,16.8325,52.62166666666667,33.14875,80.51791666666666,0.38166666666666665,35.875,0.4
2013-02-18,2.4004166666666666,23.983333333333334,1.735,,26.377499999999998,50.637499999999996,33.4975,79.08125,0.41250000000000003,37.916666666666664,0.0
2013-02-19,1.2333333333333334,15.385416666666666,0.6749999999999999,,16.619583333333335,63.803333333333335,31.394166666666667,71.23083333333334,0.38125000000000003,36.5,0.0
2013-02-20,2.5412500000000002,22.428749999999997,2.0316666666666667,,24.967916666666667,57.55375,31.513333333333335,76.44083333333334,0.36916666666666664,42.6875,0.0
2013-02-21,3.91,23.71375,1.5625,,27.622500000000002,49.237500000000004,32.183749999999996,42.83291666666667,0.30833333333333335,34.041666666666664,0.0
2013-02-22,1.73375,14.808333333333332,0.8737499999999999,,16.54,54.025,31.450833333333335,57.38333333333333,0.33749999999999997,34.791666666666664,0.0
2013-02-23,1.1583333333333334,10.105833333333333,0.3545833333333333,,11.258333333333333,65.43333333333334,29.65375,53.93333333333334,0.2841666666666667,28.25,0.0
2013-02-24,1.5250000000000001,17.510833333333334,0.38833333333333336,,19.032500000000002,57.85333333333333,30.226666666666663,59.57083333333333,0.34958333333333336,40.5,0.0
2013-02-25,3.894166666666667,26.026666666666667,0.6822916666666666,,29.920833333333334,49.48208333333333,32.53125,42.413333333333334,0.4291666666666667,37.75,0.0
2013-02-26,1.8766666666666667,24.265833333333333,0.21958333333333332,,26.145,56.13083333333333,31.24416666666667,46.69625,0.345,37.458333333333336,5.8
2013-02-27,1.615,11.229166666666666,0.13999999999999999,,12.8275,70.45458333333333,27.465416666666666,51.257083333333334,0.2754166666666667,10.4625,17.400000000000002
2013-02-28,5.724166666666666,23.887083333333333,0.1708333333333333,,29.612083333333334,77.65166666666666,25.914583333333336,21.40041666666667,0.4083333333333334,14.808333333333332,3.4000000000000004
2013-03-01,7.73125,27.11125,0.7233333333333333,,34.84375,82.10333333333334,24.415833333333335,17.232499999999998,0.42124999999999996,19.833333333333332,8.8
2013-03-02,7.830416666666667,30.842083333333335,0.9316666666666666,,38.70541666666667,81.255,25.04875,18.647083333333335,0.4295833333333334,12.083333333333334,2.2
2013-03-03,3.0574999999999997,20.267916666666668,1.7583333333333335,,23.32375,67.14625,28.99083333333333,52.30083333333334,0.4366666666666667,20.416666666666668,2.0
2013-03-04,4.0725,16.530833333333334,0.06166666666666667,,20.5925,58.82666666666666,30.4575,52.54791666666667,0.35625,12.0,31.2
2013-03-05,1.64375,16.54625,1.9566666666666668,,18.194374999999997,57.56375,31.172916666666666,76.58874999999999,0.288125,42.0,53.8
2013-03-06,3.4783333333333335,17.791666666666668,0.4725,,21.269166666666667,69.41208333333333,29.515416666666667,64.40166666666667,0.42375,27.875,0.0
2013-03-07,1.9354166666666668,19.844166666666666,1.5804166666666666,,21.765,65.00708333333334,30.292916666666667,83.90916666666666,0.3758333333333333,34.833333333333336,0.0
2013-03-08,2.4479166666666665,23.513333333333335,0.8629166666666667,,25.96166666666667,64.77458333333333,30.475416666666664,60.35166666666667,0.4741666666666667,40.875,0.0
2013-03-09,3.0087500000000005,29.349999999999998,0.5595833333333333,,32.35916666666667,69.43333333333334,30.35291666666667,71.26166666666667,0.5916666666666667,43.625,29.800000000000004
2013-03-10,1.6020833333333335,15.564583333333333,0.21208333333333332,,17.1675,57.14333333333334,31.74791666666667,49.42625,0.4066666666666667,18.916666666666668,1.2
2013-03-11,2.85875,16.477916666666665,0.0033333333333333335,,19.330416666666668,71.89999999999999,29.420833333333334,43.8525,0.39166666666666666,14.708333333333334,13.6
2013-03-12,4.635000000000001,29.954583333333332,4.045833333333333,,34.58833333333333,64.89208333333333,30.600416666666664,58.93333333333334,0.4708333333333334,27.541666666666668,0.0
2013-03-13,1.4033333333333333,13.397916666666667,0.09708333333333334,,14.800416666666665,60.67083333333333,31.551666666666666,48.580000000000005,0.3970833333333333,19.791666666666668,2.4
2013-03-14,6.15375,21.2,0.11791666666666667,,27.352500000000003,85.52833333333332,25.770416666666666,16.247083333333332,0.4795833333333333,12.083333333333334,25.0
2013-03-15,9.0525,20.557916666666667,0.2520833333333333,,29.613333333333333,73.32333333333334,26.925833333333333,21.469583333333333,0.35541666666666666,27.083333333333332,0.2
2013-03-16,4.501666666666666,19.068749999999998,0.14583333333333334,,23.567083333333333,71.35416666666667,28.905416666666667,27.702083333333334,0.3970833333333333,21.416666666666668,0.2
2013-03-17,1.6470833333333335,10.325000000000001,0.5525,,11.96875,78.76375,27.375416666666666,26.613333333333333,0.29791666666666666,14.729166666666666,92.4
2013-03-18,5.7179166666666665,17.919166666666666,0.10708333333333335,,23.63333333333333,86.69166666666666,23.473333333333333,16.321666666666665,0.34208333333333335,11.333333333333334,27.0
2013-03-19,6.083125,22.2175,0.22562500000000002,,28.298125,82.479375,23.019375,14.063749999999999,0.245625,20.0625,2.8
2013-03-20,2.991,23.497,0.475,,26.488999999999997,71.891,26.0685,18.4,0.22600000000000003,37.31818181818182,0.0
2013-03-21,13.28625,30.57625,4.852916666666666,,43.86416666666667,73.285,27.38625,23.299166666666665,0.5295833333333334,43.291666666666664,0.0
2013-03-22,3.970833333333333,16.137083333333333,0.4791666666666667,,20.10875,65.72625000000001,29.48125,39.16916666666667,0.2891666666666667,30.25,0.0
2013-03-23,1.51375,10.755,0.4566666666666666,,12.262916666666667,72.214375,28.150625,62.10583333333333,0.29416666666666663,19.875,48.1
2013-03-24,1.2929166666666667,10.793333333333335,0.52,,12.0875,80.96625,26.28333333333333,36.35791666666667,0.2504166666666667,7.833333333333333,5.4
2013-03-25,5.105833333333333,13.735416666666666,0.39166666666666666,,18.841666666666665,73.39666666666666,27.2025,31.80541666666667,0.2833333333333333,18.333333333333332,0.0
2013-03-26,3.358571428571428,11.654285714285715,0.5085714285714286,,15.01142857142857,71.06,27.53357142857143,37.542857142857144,0.265,24.966666666666665,0.0
2013-03-27,4.28,13.856428571428571,1.5292857142857144,,18.13714285714286,82.42999999999999,24.95,38.019285714285715,0.39357142857142857,14.571428571428571,9.2
2013-03-28,1.2575,6.595833333333334,0.24916666666666668,,7.852916666666666,70.99875,25.613333333333333,55.42208333333334,0.13833333333333334,17.708333333333332,8.600000000000001
2013-03-29,2.249166666666667,10.333333333333334,0.29624999999999996,,12.583333333333334,76.41291666666666,24.893333333333334,34.11375,0.22583333333333333,11.708333333333334,0.6000000000000001
2013-03-30,6.03,18.742083333333333,0.6491666666666667,,24.771666666666665,73.9425,24.727500000000003,25.31041666666667,0.19958333333333333,18.666666666666668,13.799999999999999
2013-03-31,3.987083333333333,20.566666666666666,3.0025,,24.552916666666665,71.41166666666668,26.57875,47.16375,0.3358333333333334,22.25,0.0
2013-04-01,2.6235714285714287,24.806428571428572,0.5278571428571429,,27.424285714285713,67.85964285714286,28.55535714285714,41.48428571428571,0.5663636363636363,36.857142857142854,0.0
2013-04-02,3.9718750000000003,27.533541666666668,2.8045833333333334,,31.508333333333336,66.73479166666667,29.188125,55.56145833333333,0.33625,32.458333333333336,0.8
2013-04-03,12.63,25.231666666666666,0.5379166666666667,,37.86083333333333,87.35708333333334,24.649583333333336,10.790416666666665,0.42874999999999996,15.291666666666666,21.4
2013-04-04,8.756041666666667,27.037499999999998,1.6045833333333333,,35.793749999999996,69.9875,27.945833333333336,24.439791666666665,0.3722916666666667,19.479166666666668,0.0
2013-04-05,12.280000000000001,17.0675,1.1916666666666667,,29.348333333333333,74.03958333333334,27.454583333333332,15.612916666666665,0.47500000000000003,17.416666666666668,3.5999999999999996
2013-04-06,3.422916666666667,14.06375,0.5595833333333333,,17.486666666666668,62.12416666666667,29.375416666666666,39.022083333333335,0.4291666666666667,18.375,0.0
2013-04-07,1.8683333333333334,18.574166666666667,0.33749999999999997,,20.438333333333333,68.21208333333333,28.520416666666666,45.95708333333334,0.3870833333333334,24.666666666666668,0.0
2013-04-08,3.5816666666666666,16.700833333333332,1.1679166666666667,,20.283333333333335,59.943333333333335,27.6125,52.984166666666674,0.29375,20.854166666666668,0.0
2013-04-09,8.221666666666666,19.41,0.5283333333333333,,27.631666666666664,69.72208333333333,25.896666666666665,27.448333333333334,0.32458333333333333,27.291666666666668,0.0
2013-04-10,6.867083333333333,21.46666666666667,3.1658333333333335,,28.3325,68.50333333333333,25.687083333333334,30.144583333333333,0.30083333333333334,26.5,1.2
2013-04-11,6.072500000000001,23.596249999999998,0.9560416666666667,,29.668333333333333,62.38708333333333,27.472916666666666,33.49375,0.3383333333333333,27.854166666666668,0.0
2013-04-12,6.6312500000000005,29.43541666666667,2.250625,,36.06583333333334,59.268750000000004,29.523750000000003,33.13666666666666,0.405,34.291666666666664,0.0
2013-04-13,6.165416666666666,17.865416666666665,3.1768750000000003,,24.03,69.40041666666666,28.892083333333332,28.559583333333332,0.3416666666666666,26.791666666666668,50.2
2013-04-14,1.705,9.357916666666666,0.16374999999999998,,11.057083333333333,86.09208333333333,22.937916666666666,40.38125,0.2625,11.583333333333334,29.200000000000003
2013-04-15,6.1035416666666675,19.855833333333333,0.25684210526315787,,25.961250000000003,76.51291666666667,23.437083333333334,15.15,0.370625,33.145833333333336,0.0
2013-04-16,2.5279166666666666,11.581249999999999,0.78125,,14.113750000000001,65.99499999999999,25.002499999999998,46.39125000000001,0.23124999999999998,30.166666666666668,0.0
2013-04-17,2.6833333333333336,11.836666666666666,0.5858333333333333,,14.520000000000001,62.06666666666666,24.574583333333333,47.65708333333333,0.21666666666666667,35.291666666666664,0.0
2013-04-18,4.809583333333333,14.21875,1.4400000000000002,,19.02875,65.71708333333333,24.14375,32.9575,0.23083333333333333,28.916666666666668,0.0
2013-04-19,6.357500000000001,21.49,0.9237500000000001,,27.84958333333333,67.04708333333333,24.712500000000002,22.517083333333332,0.36000000000000004,33.625,0.0
2013-04-20,2.308333333333333,10.33,0.5929166666666666,,12.637083333333335,67.47291666666666,24.6925,36.802083333333336,0.1975,22.666666666666668,0.0
2013-04-21,1.8062500000000001,12.045416666666666,0.5341666666666667,,13.852083333333333,68.07458333333334,24.38291666666667,33.744166666666665,0.22791666666666666,23.145833333333332,0.0
2013-04-22,7.33625,19.019166666666667,1.1077083333333333,,26.351249999999997,68.02125,23.50125,21.201249999999998,0.38125000000000003,30.958333333333332,0.0
2013-04-23,1.7129166666666666,10.659583333333332,0.39479166666666665,,12.3725,63.66625,24.25708333333333,43.16083333333333,0.13541666666666666,23.541666666666668,0.8
2013-04-24,6.6875,22.44604166666667,2.3945833333333333,,29.129375,59.51166666666666,24.448541666666667,38.520208333333336,0.35479166666666667,36.666666666666664,0.0
2013-04-25,6.168541666666666,24.929166666666664,1.0327083333333333,,31.096666666666664,63.41395833333333,24.248958333333334,33.947916666666664,0.30895833333333333,40.020833333333336,0.0
2013-04-26,6.940833333333334,28.2325,0.5925,,35.175000000000004,59.59708333333333,25.347083333333334,32.58083333333334,0.4091666666666667,41.291666666666664,0.0
2013-04-27,2.2445833333333334,20.0275,1.3652083333333334,,22.267083333333332,63.88458333333333,25.15125,49.51666666666667,0.3225,49.3125,0.0
2013-04-28,1.8425,18.4275,1.3058333333333334,,20.270833333333332,64.16583333333334,25.1075,71.16541666666667,0.3133333333333333,45.291666666666664,0.0
2013-04-29,7.024583333333333,31.174166666666665,3.2564583333333332,,38.19833333333333,62.35833333333333,25.824166666666667,37.93125,0.38875,43.791666666666664,0.0
2013-04-30,4.803333333333334,20.124583333333334,1.1854166666666666,,24.9275,57.668749999999996,26.965416666666666,66.79833333333333,0.32375,52.75,0.0
2013-05-01,1.2945833333333334,14.526666666666666,0.8835416666666666,,15.81875,67.90958333333333,25.74875,70.43041666666666,0.3520833333333333,46.5,0.0
2013-05-02,9.247083333333334,33.970416666666665,2.2114583333333333,,43.218333333333334,69.72041666666667,25.722083333333334,40.88125,0.6020833333333333,77.0,0.0
2013-05-03,9.560416666666667,39.212916666666665,4.1937500000000005,,48.774166666666666,63.36166666666667,27.535833333333333,45.675000000000004,0.53,66.875,0.0
2013-05-04,5.50125,25.237083333333334,0.9785416666666666,,30.737083333333334,50.982499999999995,29.197083333333335,44.51625000000001,0.38999999999999996,53.770833333333336,0.0
2013-05-05,3.7254166666666664,23.159583333333334,0.6820833333333334,,26.88416666666667,63.93208333333334,27.122500000000002,64.60083333333334,0.5275,59.958333333333336,0.0
2013-05-06,3.330625,17.982499999999998,1.298125,,21.310416666666665,79.80416666666666,22.047083333333333,39.78041666666667,0.32187499999999997,31.375,24.4
2013-05-07,8.33625,26.447083333333335,1.1295833333333334,,34.784166666666664,68.31708333333333,23.018333333333334,28.933333333333334,0.385,35.125,0.0
2013-05-08,2.7116666666666664,12.74,0.21583333333333332,,15.4525,60.594166666666666,22.0825,38.99916666666667,0.15208333333333332,33.6875,1.4
2013-05-09,8.837083333333334,30.637916666666666,2.155,,39.473333333333336,61.88791666666666,22.22125,32.692083333333336,0.355,42.208333333333336,0.0
2013-05-10,11.253333333333332,30.2175,1.4883333333333333,,41.46791666666667,63.33708333333333,23.47791666666667,34.21125,0.33916666666666667,36.25,0.0
2013-05-11,8.15,28.96875,3.580833333333333,,37.1075,56.90416666666667,24.62,50.12083333333334,0.3566666666666667,49.166666666666664,0.0
2013-05-12,4.87375,23.17,1.7162499999999998,,28.044166666666666,57.75666666666667,25.405416666666667,29.925833333333333,0.34041666666666665,33.625,0.0
2013-05-13,12.295,31.904583333333335,2.254583333333333,,44.19708333333333,60.29708333333334,25.868750000000002,33.108333333333334,0.4979166666666666,49.208333333333336,0.0
2013-05-14,16.449166666666667,34.577083333333334,2.2816666666666667,,51.02583333333333,58.15208333333334,27.730416666666667,33.3225,0.5004166666666666,55.25,0.0
2013-05-15,23.484583333333333,41.20375,2.1616666666666666,,64.68375,53.5225,29.270833333333332,30.79041666666667,0.5929166666666666,58.208333333333336,0.0
2013-05-16,3.4929166666666664,15.999583333333334,0.7054166666666667,,19.488333333333333,59.50458333333333,27.893333333333334,52.34041666666667,0.2275,39.1875,0.0
2013-05-17,3.452916666666667,16.617083333333333,0.7683333333333334,,20.070416666666667,88.17291666666667,22.66208333333333,32.49166666666667,0.3020833333333333,10.583333333333334,40.00000000000001
2013-05-18,5.9624999999999995,24.89833333333333,0.25833333333333336,,30.859583333333333,86.81958333333334,21.533749999999998,20.608333333333334,0.36624999999999996,20.375,5.0
2013-05-19,2.0845833333333332,15.886666666666665,0.2504166666666667,,17.967916666666667,71.41041666666666,23.1425,43.73083333333333,0.17208333333333334,16.791666666666668,0.0
2013-05-20,8.011875,36.53104166666667,3.4883333333333333,,44.541666666666664,67.02041666666666,25.025833333333335,26.196250000000003,0.45,41.354166666666664,0.0
2013-05-21,3.6908333333333334,17.4975,1.2925,,21.18916666666667,71.4375,25.069999999999997,33.71958333333333,0.28583333333333333,31.0,0.0
2013-05-22,3.50375,13.982916666666668,0.20583333333333334,,17.483333333333334,67.63083333333334,24.638333333333335,33.67333333333333,0.23958333333333334,28.208333333333332,7.0
2013-05-23,5.593333333333334,17.75916666666667,0.34958333333333336,,23.351666666666663,82.98416666666667,22.56375,24.21875,0.36041666666666666,24.125,5.4
2013-05-24,8.999166666666666,24.220416666666665,0.45416666666666666,,33.21791666666667,79.18791666666667,22.22458333333333,22.327916666666667,0.35375,22.4375,1.2
2013-05-25,5.886666666666667,23.33,0.8825,,29.215416666666666,74.81166666666667,22.355833333333333,23.23708333333333,0.3933333333333333,30.875,0.4
2013-05-26,9.752083333333333,19.225416666666664,0.33416666666666667,,28.97875,71.45208333333333,22.43541666666667,32.035000000000004,0.3770833333333334,25.916666666666668,0.0
2013-05-27,8.044166666666667,26.121666666666666,1.5958333333333332,,34.165416666666665,62.43,24.3275,32.08583333333333,0.3389583333333333,28.666666666666668,0.0
2013-05-28,3.307916666666667,17.400000000000002,0.43625,,20.690833333333334,60.905833333333334,25.535416666666666,39.95375,0.24166666666666667,24.979166666666668,5.6
2013-05-29,1.9275,9.13,0.1775,,11.05625,54.56333333333333,26.382916666666663,39.85666666666666,0.14041666666666666,12.875,0.4
2013-05-30,10.155416666666666,14.084583333333333,1.1545833333333333,,24.226249999999997,61.945,25.643333333333334,35.76291666666666,0.38125000000000003,24.166666666666668,0.0
2013-05-31,6.042083333333333,20.827083333333334,0.13166666666666668,,26.863333333333333,84.18916666666667,21.6825,26.115,0.29791666666666666,21.916666666666668,2.4
2013-06-01,16.894583333333333,30.502916666666668,2.685416666666667,,47.40083333333333,70.36083333333333,23.987916666666667,29.735416666666666,0.6020833333333333,37.229166666666664,0.0
2013-06-02,16.253333333333334,17.620833333333334,0.44708333333333333,,33.87375,69.255,25.427083333333332,31.27791666666667,0.4995833333333333,35.333333333333336,0.0
2013-06-03,8.375,22.86583333333333,1.02,,31.24,86.11958333333332,22.755,17.47,0.4283333333333333,20.25,13.399999999999999
2013-06-04,9.459166666666667,24.046666666666667,1.0250000000000001,,33.505,87.77666666666666,21.325416666666666,22.272916666666664,0.3841666666666667,21.708333333333332,3.6
2013-06-05,44.48583333333334,39.827083333333334,3.393333333333333,,84.31375,77.14458333333333,23.17625,19.12333333333333,0.7670833333333333,49.0625,0.0
2013-06-06,13.817916666666667,30.85375,1.7016666666666669,,44.67083333333333,69.54958333333333,25.506249999999998,20.900833333333335,0.4075,44.5,0.0
2013-06-07,10.450833333333334,32.55833333333333,1.4383333333333335,,43.00875,74.29958333333333,25.479166666666668,27.12291666666667,0.47833333333333333,53.208333333333336,0.0
2013-06-08,6.755,32.32125,1.7766666666666666,,39.07458333333333,76.65791666666667,24.478333333333335,39.355,0.47750000000000004,51.041666666666664,0.0
2013-06-09,1.5508333333333333,16.18,0.43291666666666667,,17.728333333333335,67.68791666666667,24.909166666666668,58.089166666666664,0.12458333333333334,30.4375,0.0
2013-06-10,15.901666666666666,36.931666666666665,3.684583333333333,,52.83291666666667,66.64166666666667,24.71875,28.354583333333334,0.585,50.291666666666664,0.0
2013-06-11,19.58375,42.23041666666666,1.4564583333333332,,61.81479166666667,65.559375,24.878958333333333,28.006874999999997,0.46937500000000004,58.479166666666664,0.0
2013-06-12,12.192083333333334,39.72083333333333,4.279166666666667,,51.91708333333333,70.38333333333334,24.7675,44.95249999999999,0.53625,63.041666666666664,0.0
2013-06-13,6.744583333333334,25.190833333333334,0.2041666666666667,,31.933333333333334,74.64666666666666,24.753333333333334,42.63166666666667,0.4375,44.5,0.0
2013-06-14,4.388333333333333,27.66208333333333,0.45291666666666663,,32.050000000000004,73.11333333333333,24.83791666666667,42.937916666666666,0.40291666666666665,48.958333333333336,0.0
2013-06-15,4.178333333333334,32.71875,1.1783333333333332,,36.89541666666667,81.21833333333333,22.63625,25.9225,0.45875,34.895833333333336,1.5999999999999999
2013-06-16,12.042083333333332,35.10708333333333,2.9658333333333338,,47.147083333333335,71.17375,24.125416666666666,36.415,0.49833333333333335,42.375,0.0
2013-06-17,4.687916666666667,19.478333333333335,0.29833333333333334,,24.205416666666665,63.39416666666667,25.31625,35.490833333333335,0.2508333333333333,26.833333333333332,0.2
2013-06-18,4.687916666666666,16.457083333333333,0.31583333333333335,,21.142916666666668,70.44625,24.208333333333332,49.33375,0.31916666666666665,24.833333333333332,0.0
2013-06-19,16.53708333333333,39.95166666666667,0.9016666666666667,,56.49208333333333,69.22541666666667,24.554583333333337,34.211666666666666,0.4879166666666667,49.875,0.0
2013-06-20,6.719166666666666,31.471249999999998,1.9252083333333332,,38.19083333333333,77.06375,24.292083333333334,26.83666666666667,0.39562500000000006,39.979166666666664,0.0
2013-06-21,7.725833333333333,37.1025,3.6033333333333335,,44.8225,60.89041666666666,26.54875,34.077083333333334,0.46375000000000005,49.375,0.0
2013-06-22,2.9720833333333334,15.124583333333334,0.2808333333333333,,18.085,54.17333333333334,26.375833333333333,36.79,0.22458333333333336,29.458333333333332,0.0
2013-06-23,3.1575,19.28375,0.21333333333333335,,22.435833333333335,73.02541666666666,22.4025,32.20791666666667,0.29958333333333337,22.145833333333332,1.6
2013-06-24,6.94125,27.703333333333333,1.0504166666666668,,34.642916666666665,74.57958333333333,22.509583333333335,26.26625,0.21833333333333335,27.604166666666668,0.4
2013-06-25,9.581666666666667,32.28375,2.277083333333333,,41.86666666666667,65.03291666666667,24.243750000000002,23.20375,0.3725,32.083333333333336,0.0
2013-06-26,15.53125,29.577916666666667,1.3077083333333335,,45.107499999999995,70.665,24.88,23.52916666666667,0.46166666666666667,43.604166666666664,0.0
2013-06-27,10.950416666666667,24.949166666666667,1.3664583333333333,,35.89875,72.04375,25.169583333333335,34.30291666666667,0.33166666666666667,37.791666666666664,0.0
2013-06-28,10.57625,44.67625,0.5783333333333333,,55.25208333333333,79.67416666666666,24.500833333333333,17.0075,0.5629166666666666,41.083333333333336,0.4
2013-06-29,4.315833333333333,26.992499999999996,1.3554166666666667,,31.309166666666666,60.684583333333336,27.661666666666665,37.67958333333333,0.32375,34.666666666666664,0.0
2013-06-30,8.80875,27.960416666666664,1.0491666666666666,,36.768750000000004,71.66875,25.647916666666664,23.493750000000002,0.5920833333333334,41.083333333333336,0.0
2013-07-01,5.128333333333333,21.3125,0.3310416666666667,,26.43958333333333,84.53166666666667,24.140416666666667,26.776666666666667,0.36125,28.625,11.399999999999999
2013-07-02,6.854166666666667,21.872500000000002,0.6958333333333333,,28.7075,86.30541666666666,20.792083333333334,33.50125,0.21291666666666667,11.125,5.4
2013-07-03,9.754583333333334,30.295833333333334,1.1475,,40.05041666666667,66.97083333333333,22.125416666666666,27.565833333333334,0.26875,24.208333333333332,0.0
2013-07-04,15.459166666666667,39.09458333333333,3.031875,,54.550000000000004,63.584583333333335,22.77,26.916666666666668,0.3433333333333333,28.291666666666668,0.0
2013-07-05,24.400000000000002,37.669583333333335,4.193333333333333,,62.07041666666667,61.78583333333333,23.025000000000002,30.369583333333335,0.60125,36.083333333333336,0.0
2013-07-06,25.930000000000003,31.215,1.399375,,57.14625,63.959583333333335,23.113333333333333,21.215416666666666,0.585,45.333333333333336,0.0
2013-07-07,7.552083333333333,23.198333333333334,1.2408333333333335,,30.74625,49.13166666666667,25.156666666666666,37.016666666666666,0.49374999999999997,40.4375,0.0
2013-07-08,6.116041666666667,17.386666666666667,0.4286842105263158,,23.502916666666668,72.61625,22.724999999999998,42.8725,0.26375,26.520833333333332,2.4
2013-07-09,2.81125,13.761666666666665,0.41354166666666664,,16.554166666666667,74.87166666666667,21.407083333333333,50.951249999999995,0.15583333333333335,14.791666666666666,2.4000000000000004
2013-07-10,12.109166666666667,30.2675,1.24,,42.376666666666665,67.655,21.39833333333333,22.667083333333334,0.32875,23.416666666666668,0.0
2013-07-11,8.784583333333334,30.6525,3.110208333333333,,39.43458333333333,62.458333333333336,22.124583333333334,29.795833333333334,0.2366666666666667,18.083333333333332,0.0
2013-07-12,17.088333333333335,35.5825,3.76,,52.67166666666666,63.135,22.83125,29.77541666666667,0.5187499999999999,29.041666666666668,0.0
2013-07-13,19.234583333333333,35.430416666666666,3.471666666666667,,54.659166666666664,58.93375,25.299166666666665,31.452916666666667,0.57,41.166666666666664,0.0
2013-07-14,5.07875,19.471666666666668,1.6008333333333333,,24.547916666666666,59.36333333333334,26.7925,40.30958333333333,0.37833333333333335,35.916666666666664,21.8
2013-07-15,1.53625,10.7025,0.39041666666666663,,12.2325,66.74916666666667,24.97875,63.69375,0.17375,14.6875,0.0
2013-07-16,5.738333333333333,21.8075,1.3039583333333333,,27.542916666666667,80.61625,22.122083333333332,35.61416666666667,0.3229166666666667,15.229166666666666,1.4000000000000001
2013-07-17,13.365833333333333,39.24916666666667,1.5575,,52.61333333333334,68.43791666666667,24.268333333333334,29.756666666666664,0.5191666666666667,35.75,0.0
2013-07-18,29.105,33.17333333333333,0.96125,,62.27791666666667,61.73333333333333,25.9525,31.8775,0.5966666666666667,47.458333333333336,0.0
2013-07-19,3.07625,17.9325,0.6022916666666667,,21.008333333333333,68.11916666666667,25.42,54.98583333333334,0.2275,33.708333333333336,4.0
2013-07-20,5.460833333333333,28.59583333333333,4.323333333333333,,34.05458333333333,67.63375,26.855416666666667,58.22541666666667,0.4404166666666667,32.541666666666664,0.4
2013-07-21,4.079166666666667,24.74208333333333,1.9279166666666665,,28.81625,51.59708333333333,28.6675,53.36541666666667,0.3745833333333333,32.041666666666664,0.0
2013-07-22,3.5383333333333336,18.00583333333333,0.3047916666666666,,21.541666666666668,76.80166666666666,25.435833333333335,50.49208333333333,0.23708333333333334,26.833333333333332,0.4
2013-07-23,1.315,5.703333333333333,0.16833333333333333,,6.996666666666667,85.90625,19.629166666666666,54.34166666666667,0.11333333333333334,4.25,2.2
2013-07-24,5.99875,17.766666666666666,0.22041666666666668,,23.747083333333332,83.94666666666667,15.794166666666667,34.956250000000004,0.2020833333333333,9.875,25.0
2013-07-25,3.513333333333333,16.222916666666666,1.1914583333333333,,19.735833333333336,89.39999999999999,16.582083333333333,34.34375,0.1708333333333333,7.333333333333333,15.4
2013-07-26,1.865,9.847083333333334,0.3202083333333334,,11.703333333333333,73.415,19.161666666666665,51.48833333333334,0.10708333333333335,10.333333333333334,6.0
2013-07-27,2.410833333333333,13.341666666666667,0.7941666666666666,,15.752916666666666,75.88375,20.332916666666666,48.79624999999999,0.21541666666666667,16.541666666666668,0.8
2013-07-28,4.750416666666666,17.184166666666666,0.349375,,21.927083333333332,74.6575,19.709166666666665,32.569583333333334,0.28833333333333333,25.458333333333332,0.0
2013-07-29,5.046458333333333,21.118750000000002,1.1512499999999999,,26.16395833333333,72.65583333333333,20.586666666666666,35.880625,0.25583333333333336,29.25,0.0
2013-07-30,7.73,34.91166666666667,4.494791666666667,,42.62833333333334,69.71458333333334,20.677083333333332,50.68625,0.37916666666666665,43.833333333333336,0.0
2013-07-31,39.610416666666666,51.618541666666665,3.10125,,91.226875,71.04729166666667,21.865,33.66916666666666,0.6745833333333334,67.77083333333333,4.6
2013-08-01,15.413157894736843,47.73947368421052,2.3173684210526315,,63.14947368421052,66.5375,23.391666666666666,26.862499999999997,0.6378947368421053,64.79166666666667,0.0
2013-08-02,18.529705882352943,31.11941176470588,2.2158823529411764,,49.64705882352941,58.42558823529412,25.139705882352942,55.277058823529416,0.4238235294117647,56.77777777777778,0.0
2013-08-03,11.119285714285715,47.39214285714286,2.7871428571428574,,58.50928571428572,35.30214285714286,29.759285714285713,73.14857142857143,0.9378571428571428,80.03333333333333,0.0
2013-08-04,8.123333333333333,35.593333333333334,0.7345833333333333,,43.71541666666667,55.48666666666667,26.390833333333333,67.41541666666667,0.4604166666666667,62.354166666666664,0.0
2013-08-05,2.5031250000000003,20.659375,0.20833333333333334,,23.145625,78.14770833333334,22.854375,62.743125,0.25854166666666667,35.791666666666664,0.0
2013-08-06,6.430833333333333,19.530416666666667,0.6375000000000001,,25.95875,71.50416666666666,23.962500000000002,61.78458333333333,0.30833333333333335,38.4375,0.0
2013-08-07,13.092083333333333,45.11375,4.63875,,58.20166666666666,73.94875,23.232083333333332,53.54083333333333,0.6108333333333333,60.875,0.0
2013-08-08,12.869583333333333,37.846250000000005,3.672083333333333,,50.71416666666667,58.767500000000005,26.66625,30.206666666666667,0.28958333333333336,43.270833333333336,0.0
2013-08-09,16.418333333333333,30.24791666666667,1.31,,46.66416666666667,44.02458333333333,27.71625,44.82083333333333,0.5691666666666667,45.916666666666664,0.0
2013-08-10,8.59125,29.592083333333335,1.265,,38.185,59.28583333333333,26.282083333333333,51.899166666666666,0.3575,46.083333333333336,0.0
2013-08-11,5.909583333333333,13.893333333333333,1.2470833333333333,,19.780416666666667,69.67208333333333,21.265,49.928333333333335,0.2558333333333333,36.875,0.0
2013-08-12,9.389166666666666,35.37625,4.710833333333333,,44.75125,65.60666666666667,22.677083333333332,46.92791666666667,0.4583333333333333,45.083333333333336,0.0
2013-08-13,32.17541666666667,56.14875,3.0475,,88.32541666666667,60.09458333333333,26.98875,52.468333333333334,0.82125,74.04166666666667,0.0
2013-08-14,3.887916666666667,13.14,0.5437500000000001,,17.011666666666667,75.73416666666667,22.189999999999998,72.53416666666666,0.07708333333333332,28.958333333333332,6.8
2013-08-15,1.4775,7.71875,0.19625,,9.155416666666666,71.73416666666667,18.5475,72.60541666666667,0.05958333333333333,14.416666666666666,6.0
2013-08-16,9.211666666666668,26.250416666666666,1.3116666666666668,,35.45875,65.06958333333334,20.974999999999998,47.270833333333336,0.21791666666666668,22.833333333333332,0.0
2013-08-17,5.1883333333333335,27.359166666666667,1.5912499999999998,,32.543749999999996,64.87625,22.405,50.92916666666667,0.17416666666666666,22.375,0.0
2013-08-18,0.9429166666666666,8.002083333333333,0.4291666666666667,,8.91625,68.73083333333334,21.043333333333333,70.27666666666666,0.035,8.166666666666666,1.0
2013-08-19,4.389166666666667,17.500416666666666,1.4760416666666665,,21.885208333333335,62.53791666666667,22.517916666666665,54.97416666666667,0.13583333333333333,14.958333333333334,0.0
2013-08-20,4.985833333333333,21.710833333333337,1.2429166666666667,,26.690833333333334,65.57875,22.935000000000002,52.66583333333333,0.22083333333333333,16.916666666666668,0.0
2013-08-21,5.202083333333333,25.325416666666666,1.9363157894736842,,30.528333333333332,61.365,25.120416666666667,46.935833333333335,0.29541666666666666,22.041666666666668,0.0
2013-08-22,8.535,24.381666666666664,1.26125,,32.905833333333334,48.515833333333326,28.105,,0.33874999999999994,26.333333333333332,0.0
2013-08-23,3.615,15.543750000000001,0.8104166666666667,,19.153333333333332,46.41708333333333,29.135416666666668,93.56846153846155,0.21125000000000002,29.604166666666668,0.0
2013-08-24,1.5391666666666666,16.510416666666668,0.8579166666666667,,18.02875,70.42666666666666,24.919583333333335,84.3775,0.30666666666666664,45.208333333333336,0.0
2013-08-25,1.43625,15.050416666666665,1.78,,16.48375,69.26041666666667,25.797916666666666,77.84708333333333,0.26791666666666664,47.708333333333336,0.0
2013-08-26,1.6695833333333334,11.854166666666666,1.4558333333333333,,13.5225,77.99499999999999,22.839166666666667,59.32541666666666,0.21958333333333332,32.479166666666664,0.0
2013-08-27,1.7374999999999998,9.695,1.8145833333333332,,11.430416666666666,82.63333333333334,20.316666666666666,44.695,0.10958333333333332,14.583333333333334,0.0
2013-08-28,1.7245833333333334,8.838333333333333,1.7479166666666668,,10.547083333333333,63.913333333333334,19.59958333333333,64.09208333333333,0.10875,13.583333333333334,0.0
2013-08-29,6.458749999999999,21.264166666666668,1.4037499999999998,,27.72,62.59833333333333,20.99833333333333,,0.20833333333333334,25.395833333333332,0.0
2013-08-30,9.243333333333334,31.695625000000003,3.9312500000000004,,40.937083333333334,59.638749999999995,23.900833333333335,40.644,0.23416666666666666,31.0,0.0
2013-08-31,4.7370833333333335,29.607916666666668,4.17,,34.32625,54.24166666666667,24.78708333333333,48.225833333333334,0.23750000000000002,34.708333333333336,0.0
2013-09-01,4.56875,30.103333333333335,2.606666666666667,,34.67166666666667,48.63958333333333,26.782083333333333,39.76125,0.33499999999999996,36.958333333333336,0.0
2013-09-02,15.907916666666667,37.31541666666667,2.81125,,53.21875,52.112500000000004,27.94125,52.343333333333334,0.3925,53.083333333333336,0.0
2013-09-03,11.764166666666666,25.061666666666667,3.5679166666666666,,36.82458333333333,58.14166666666667,26.35625,49.88708333333333,0.19375,49.708333333333336,5.800000000000001
2013-09-04,6.695,31.408749999999998,0.78375,,38.0875,90.67458333333333,20.824583333333333,33.79416666666666,0.32,12.791666666666666,24.400000000000002
2013-09-05,2.6625,17.550416666666667,1.1475,,20.197916666666668,76.46833333333333,22.10875,37.62916666666667,0.06541666666666666,17.541666666666668,3.0
2013-09-06,2.3425,14.71125,0.8766666666666666,,17.050416666666667,61.580000000000005,23.00708333333333,45.77041666666667,0.05291666666666667,18.291666666666668,0.0
2013-09-07,2.0500000000000003,16.072083333333335,0.84,,18.114166666666666,63.41708333333333,23.23875,47.342083333333335,0.05958333333333333,15.958333333333334,0.0
2013-09-08,2.5966666666666667,22.75916666666667,3.11125,,25.35166666666667,56.661249999999995,25.609166666666667,51.268750000000004,0.16458333333333333,22.625,0.0
2013-09-09,9.844583333333334,31.21666666666667,1.9185416666666668,,41.062916666666666,63.645833333333336,26.139583333333334,34.13041666666667,0.30416666666666664,37.0,0.0
2013-09-10,5.051666666666667,29.375416666666666,1.3510416666666665,,34.42,72.51166666666667,25.4525,49.77375,0.17958333333333334,46.083333333333336,0.0
2013-09-11,4.570625000000001,27.890416666666667,3.092083333333333,,32.456041666666664,58.96666666666667,26.58375,38.54833333333333,0.22875,29.166666666666668,4.6
2013-09-12,6.02625,24.569166666666664,2.2960526315789473,,30.544999999999998,50.69291666666667,27.005,37.1075,0.23083333333333333,24.791666666666668,0.0
2013-09-13,4.369166666666667,31.876666666666665,1.3266666666666667,,36.24583333333333,49.252916666666664,27.611666666666665,51.692499999999995,0.2658333333333333,34.25,0.0
2013-09-14,7.868333333333333,33.28125,2.34125,,41.14541666666667,47.60833333333333,29.21291666666667,45.40208333333334,0.3441666666666667,47.166666666666664,0.0
2013-09-15,5.861249999999999,32.784166666666664,1.7920833333333333,,38.630833333333335,48.1575,30.147916666666664,61.165416666666665,0.26875,39.583333333333336,0.0
2013-09-16,3.25,24.14625,1.5395833333333335,,27.391666666666666,45.14875,30.675416666666667,64.09541666666667,0.18458333333333332,36.479166666666664,0.0
2013-09-17,3.0745833333333334,23.846249999999998,1.4585416666666668,,26.911666666666665,68.52374999999999,26.920416666666668,66.69916666666667,0.24958333333333335,42.229166666666664,2.8
2013-09-18,2.445416666666667,12.375416666666666,0.046875,,14.807083333333333,86.02333333333333,23.29875,43.62416666666667,0.15583333333333335,11.333333333333334,2.2
2013-09-19,3.6495833333333336,19.1775,0.17958333333333332,,22.802083333333332,84.40125,24.37,39.155833333333334,0.2225,16.083333333333332,0.0
2013-09-20,4.985,26.67375,1.7397916666666668,,31.65625,75.41333333333334,27.310833333333335,57.68125,0.2354166666666667,34.645833333333336,0.4
2013-09-21,8.141666666666667,31.31375,4.261041666666666,,39.45375,49.00333333333333,31.427083333333332,37.665416666666665,0.37916666666666665,35.333333333333336,0.0
2013-09-22,3.3679166666666664,15.08,0.584375,,18.436666666666667,67.11999999999999,27.767083333333332,60.844166666666666,0.12458333333333332,36.833333333333336,0.0
2013-09-23,1.8220833333333335,14.81125,0.7322916666666667,,16.617916666666666,77.95333333333333,25.709999999999997,71.37958333333333,0.155,18.166666666666668,0.4
2013-09-24,3.543333333333333,17.367916666666666,0.20083333333333334,,20.900833333333335,87.19791666666667,23.493750000000002,53.467083333333335,0.22125000000000003,14.458333333333334,9.6
2013-09-25,1.1108333333333333,4.9191666666666665,0.43875,,6.017500000000001,67.8275,20.69333333333333,64.41333333333334,0.01875,13.833333333333334,0.8
2013-09-26,3.0,9.750833333333333,0.04708333333333334,,12.717083333333333,56.9725,21.3275,55.081250000000004,0.043333333333333335,19.25,0.0
2013-09-27,3.0870833333333336,14.957500000000001,0.19208333333333336,,18.02958333333333,59.028333333333336,21.079166666666666,42.69625,0.11083333333333334,19.208333333333332,0.0
2013-09-28,4.2,25.653750000000002,0.7920833333333334,,29.851249999999997,53.58416666666667,23.50583333333333,46.812083333333334,0.10333333333333333,29.833333333333332,0.0
2013-09-29,3.19375,28.597083333333334,0.9854166666666667,,31.779583333333335,77.295,22.84166666666667,43.95541666666667,0.24,26.25,4.199999999999999
2013-09-30,4.523541666666667,33.42979166666667,1.375625,,37.95333333333333,70.82375,25.67,39.57125,0.248125,27.5,4.8
2013-10-01,3.643333333333333,17.89708333333333,1.0408333333333333,,21.527083333333334,60.34708333333333,27.70625,78.39291666666666,0.295,22.041666666666668,0.0
2013-10-02,3.3958333333333335,25.442083333333333,2.0741666666666667,,28.82375,83.84458333333333,24.286666666666665,50.757083333333334,0.32,28.541666666666668,6.0
2013-10-03,5.769583333333333,32.327083333333334,1.136875,,38.08,76.69416666666667,25.613333333333333,42.89791666666667,0.34375,32.375,0.0
2013-10-04,7.545000000000001,26.614583333333332,1.1504166666666666,,34.1575,83.91,25.10625,29.54041666666667,0.3804166666666667,25.208333333333332,12.399999999999999
2013-10-05,1.2245833333333334,8.203333333333333,0.68,,9.409583333333334,71.35166666666667,23.896666666666665,61.88708333333333,0.048749999999999995,18.708333333333332,1.8
2013-10-06,1.43625,7.730416666666667,0.485625,,9.159583333333334,61.97,22.52625,58.07416666666666,0.046250000000000006,15.083333333333334,0.0
2013-10-07,6.046666666666667,19.774583333333332,0.8893749999999999,,25.8075,81.685,20.513749999999998,31.232083333333332,0.145,12.583333333333334,5.3999999999999995
2013-10-08,2.8345833333333332,18.980416666666667,0.9895833333333334,,21.8125,68.90458333333333,21.555000000000003,38.803333333333335,0.012916666666666668,13.458333333333334,0.2
2013-10-09,5.56125,18.37375,0.47937500000000005,,23.924583333333334,56.67291666666667,22.990416666666665,48.974583333333335,0.018333333333333333,18.375,0.0
2013-10-10,3.0379166666666664,19.026666666666667,1.1895833333333334,,22.03708333333333,53.22666666666667,24.05666666666667,54.49625,0.010833333333333334,18.5625,0.0
2013-10-11,3.377916666666667,19.10625,0.7443750000000001,,22.47,54.69583333333333,24.754583333333333,49.20250000000001,0.017916666666666668,17.166666666666668,0.0
2013-10-12,1.9758333333333333,14.1325,1.139375,,16.104166666666668,55.189166666666665,25.613333333333333,52.17083333333333,0.018333333333333333,20.833333333333332,0.0
2013-10-13,1.9316666666666666,16.11625,1.7612500000000002,,18.042916666666667,45.74458333333333,27.97791666666667,47.88958333333333,0.04916666666666667,22.916666666666668,0.0
2013-10-14,7.421666666666667,29.342916666666667,3.0233333333333334,,36.76416666666667,43.56875,29.96291666666667,42.963750000000005,0.16083333333333336,40.25,0.0
2013-10-15,2.3516666666666666,18.43916666666667,0.7197916666666666,,20.78875,68.77458333333333,26.074166666666667,54.47083333333333,0.049166666666666664,41.791666666666664,0.0
2013-10-16,5.347083333333333,27.833333333333332,0.143125,,33.1625,92.56958333333334,23.515833333333333,32.2525,0.21541666666666667,18.708333333333332,49.2
2013-10-17,4.360416666666667,17.4225,0.3622916666666667,,21.781666666666666,86.32083333333333,24.552083333333332,36.9325,0.08666666666666667,15.895833333333334,1.8
2013-10-18,5.204583333333333,25.37708333333333,1.7370833333333333,,30.578333333333333,79.49125,25.093333333333334,45.798750000000005,0.21583333333333332,26.708333333333332,12.0
2013-10-19,1.75875,13.261249999999999,0.5670833333333333,,15.010833333333332,66.995,25.861666666666665,63.42291666666667,0.10166666666666667,11.375,0.0
2013-10-20,2.080833333333333,25.855416666666667,1.3035416666666666,,27.929999999999996,65.73666666666666,28.339166666666667,71.9275,0.2504166666666667,27.291666666666668,0.0
2013-10-21,3.1654166666666668,30.11708333333333,3.251875,,33.281666666666666,54.78958333333333,32.62625,72.10833333333333,0.36541666666666667,38.333333333333336,0.0
2013-10-22,1.64125,12.880416666666667,0.51625,,14.512500000000001,64.24374999999999,28.442083333333333,84.73958333333333,0.19541666666666668,26.5,0.0
2013-10-23,2.9458333333333333,21.062083333333334,1.9977083333333334,,23.99416666666667,66.61291666666666,28.912916666666664,87.61833333333334,0.37125,41.104166666666664,4.6
2013-10-24,5.171666666666667,18.175416666666667,1.805625,,23.3125,60.444583333333334,30.637083333333333,63.14124999999999,0.1991666666666667,41.666666666666664,0.0
2013-10-25,1.5337500000000002,8.45125,0.15083333333333332,,9.937916666666666,73.4425,26.648750000000003,75.665,0.06125,24.8,0.0
2013-10-26,2.4158333333333335,19.7925,0.27166666666666667,,22.1925,74.36749999999999,26.72875,51.63291666666667,0.13083333333333333,17.020833333333332,0.2
2013-10-27,1.2054166666666666,9.907083333333334,0.3814583333333333,,11.07625,60.63666666666666,28.159166666666668,64.58624999999999,0.043333333333333335,24.458333333333332,0.0
2013-10-28,1.3425,7.046666666666667,0.24583333333333335,,8.37125,61.736250000000005,24.382499999999997,61.92541666666667,0.009166666666666667,25.083333333333332,0.0
2013-10-29,4.625,19.37125,0.55875,,23.951666666666668,57.34833333333333,22.868333333333336,39.19166666666667,0.009583333333333334,29.770833333333332,0.0
2013-10-30,6.3775,26.745416666666667,2.32,,33.107083333333335,56.584583333333335,24.105416666666667,44.50833333333333,0.04958333333333333,35.25,0.0
2013-10-31,3.3195833333333336,15.034166666666666,0.11833333333333333,,18.340833333333332,75.27666666666666,22.931250000000002,44.20875,0.01875,16.916666666666668,0.8
2013-11-01,3.5591666666666666,21.582916666666666,1.113125,,25.123333333333335,59.2775,24.3475,48.70166666666666,0.007083333333333334,30.25,0.0
2013-11-02,2.1304166666666666,17.120833333333334,0.60875,,19.220000000000002,55.702916666666674,25.940416666666668,62.90875,0.002916666666666667,29.729166666666668,0.0
2013-11-03,2.388333333333333,19.394583333333333,3.27875,,21.753333333333334,48.96,27.958333333333332,78.25916666666667,0.01375,27.416666666666668,0.0
2013-11-04,3.476111111111111,15.708333333333334,1.7972222222222223,,19.15888888888889,58.64944444444445,26.96333333333333,53.68111111111111,0.14777777777777779,33.458333333333336,0.0
2013-11-05,1.8445833333333332,8.225833333333332,0.6020833333333333,,10.048333333333334,87.84375,22.349999999999998,60.04791666666667,0.0016666666666666668,12.979166666666666,6.800000000000001
2013-11-06,6.704999999999999,19.106666666666666,0.6520833333333333,,25.80541666666667,95.09916666666668,21.010833333333334,29.646666666666665,0.051666666666666666,5.083333333333333,16.8
2013-11-07,17.427083333333332,41.88291666666667,1.01125,,59.307500000000005,94.61125,21.63875,15.842916666666667,0.15583333333333335,12.229166666666666,38.8
2013-11-08,9.912083333333333,33.8375,1.1945833333333333,,43.745000000000005,81.00333333333333,24.16125,28.93875,0.5437500000000001,24.708333333333332,0.0
2013-11-09,7.459166666666667,29.19125,0.7627083333333333,,36.64875,72.90083333333334,26.355416666666667,49.60708333333333,0.45291666666666663,21.875,1.8
2013-11-10,4.409583333333333,24.24083333333333,2.17875,,28.646666666666665,69.09291666666667,28.30125,55.435,0.4345833333333333,26.0625,0.0
2013-11-11,3.680434782608696,33.94608695652174,3.71875,,37.62217391304348,55.096666666666664,32.63708333333333,73.31652173913044,0.296875,27.3125,0.0
2013-11-12,,,,,,,,,,,0.0
2013-11-13,1.12125,8.235,1.84125,,9.1175,55.323750000000004,25.807499999999997,48.55625,,18.285714285714285,0.0
2013-11-14,2.9975,16.27541666666667,1.2816666666666665,,19.25916666666667,55.09708333333333,25.733333333333334,49.21666666666667,,24.375,6.8
2013-11-15,2.4499999999999997,21.710416666666664,1.1595833333333332,,24.15416666666667,54.22208333333333,27.365,55.69125,,25.416666666666668,0.0
2013-11-16,2.059375,15.279375,0.8725,,17.308125,40.919375,33.32875,72.113125,,28.77777777777778,0.0
2013-11-17,1.46875,17.515833333333333,1.6454166666666665,,18.97875,88.64791666666667,23.62125,65.92958333333333,,13.666666666666666,38.6
2013-11-18,6.5675,38.18,1.4958333333333333,,44.74625,73.8575,25.334166666666665,51.48666666666667,,22.5,0.0
2013-11-19,6.548749999999999,37.074999999999996,2.1483333333333334,,43.617916666666666,68.11583333333333,29.1525,62.58625,,30.916666666666668,0.0
2013-11-20,5.064583333333333,29.90625,2.018333333333333,,34.970416666666665,56.875416666666666,31.61791666666667,62.16416666666667,,29.979166666666668,0.0
2013-11-21,3.964166666666667,24.547916666666666,3.8249999999999997,,28.49416666666667,49.51291666666666,32.49375,93.15750000000001,,28.75,0.0
2013-11-22,2.1754166666666666,17.079583333333332,0.24125,,19.24416666666667,83.56958333333334,25.84958333333333,63.11666666666667,,11.791666666666666,35.4
2013-11-23,6.739999999999999,37.82958333333333,0.33875000000000005,,44.562083333333334,91.73458333333333,23.774583333333336,31.580416666666665,,10.645833333333334,10.4
2013-11-24,3.8562499999999997,22.61375,1.5875000000000001,,26.464166666666667,89.765,24.47583333333333,28.550833333333333,,11.520833333333334,29.799999999999997
2013-11-25,16.49,35.32875,0.35041666666666665,,51.81791666666666,93.18166666666667,24.529583333333335,13.74875,,13.5625,11.2
2013-11-26,10.231250000000001,25.3425,1.0627083333333334,,35.57416666666666,90.63916666666667,24.586250000000003,14.846666666666666,0.22727272727272727,7.979166666666667,11.0
2013-11-27,8.510416666666666,26.639583333333334,3.124375,,35.145833333333336,70.105,28.015833333333333,29.965416666666666,0.28958333333333336,17.291666666666668,0.8
2013-11-28,4.722083333333333,20.68916666666667,1.756875,,25.403333333333332,53.967083333333335,31.62291666666667,39.447916666666664,0.3354166666666667,19.5,0.0
2013-11-29,2.6841666666666666,14.673333333333332,1.37125,,17.342916666666667,62.53208333333333,30.354166666666668,69.17208333333333,0.31916666666666665,21.666666666666668,0.0
2013-11-30,2.63125,14.243333333333334,0.120625,,16.86583333333333,83.18166666666666,27.31041666666667,43.88458333333333,0.3354166666666667,17.229166666666668,4.6000000000000005
2013-12-01,2.8529166666666668,15.832916666666668,0.16291666666666668,,18.6825,94.49458333333332,26.066666666666666,27.40833333333333,0.42208333333333337,13.708333333333334,19.8
2013-12-02,3.247083333333333,20.368333333333332,1.6445833333333333,,23.610416666666666,76.2375,28.966250000000002,47.520833333333336,0.36375,20.0,0.0
2013-12-03,2.4429166666666666,14.385833333333332,0.42875,,16.8075,60.01666666666667,30.733333333333334,52.91458333333333,0.3016666666666667,14.958333333333334,0.0
2013-12-04,6.402708333333333,35.87979166666667,4.3475,,42.2825,53.92291666666667,31.652916666666666,68.48583333333333,0.43416666666666665,32.75,0.0
2013-12-05,3.7275000000000005,25.02208333333333,1.5977083333333333,,28.71291666666667,56.91916666666666,32.672916666666666,72.80833333333334,0.385,30.208333333333332,80.0
2013-12-06,1.9033333333333333,11.812916666666666,0.63625,,13.705833333333333,69.34583333333333,27.265,66.90208333333334,0.27,16.166666666666668,0.0
2013-12-07,2.5883333333333334,17.2775,0.8095833333333333,,19.85375,74.89125,27.71083333333333,55.571666666666665,0.33749999999999997,23.333333333333332,0.0
2013-12-08,1.78875,15.724583333333333,2.24375,,17.505,72.19,29.01291666666667,58.6975,0.2820833333333333,20.916666666666668,0.0
2013-12-09,4.052083333333333,26.282083333333333,3.62125,,30.332083333333333,61.48708333333334,32.01291666666667,61.39416666666667,0.3625,20.75,0.0
2013-12-10,3.0237499999999997,20.478333333333335,0.4579166666666667,,23.491666666666664,66.16291666666667,31.2375,50.42791666666667,0.4033333333333333,23.416666666666668,20.599999999999998
2013-12-11,3.0845833333333332,15.250416666666666,0.10125,,18.33125,96.30958333333332,25.008750000000003,43.655,0.36041666666666666,11.333333333333334,165.8
2013-12-12,4.22625,12.084166666666667,0.5083333333333333,,16.288333333333334,85.70416666666667,24.842916666666667,30.647499999999997,0.22666666666666668,,6.4
2013-12-13,9.285833333333333,19.130416666666665,0.5858333333333333,,28.415000000000003,81.69625,24.86208333333333,15.465833333333334,0.29291666666666666,,0.0
2013-12-14,6.826666666666667,19.595,0.6887500000000001,,26.423333333333332,70.95041666666667,26.82375,33.10458333333333,0.26958333333333334,,0.0
2013-12-15,3.4970833333333338,17.494583333333335,1.8533333333333333,,20.97875,70.73,27.473333333333333,39.42541666666667,0.26791666666666664,,0.0
2013-12-16,4.39125,14.704583333333334,0.27708333333333335,,19.092916666666667,73.93791666666667,26.232916666666668,28.682083333333335,0.2608333333333333,,4.2
2013-12-17,6.065,18.79125,0.6541666666666667,,24.855833333333333,85.10583333333334,24.61375,20.940833333333334,0.255,,0.8
2013-12-18,4.454583333333333,11.337083333333332,0.26333333333333336,,15.783333333333333,85.84125,24.957916666666666,31.392083333333332,0.20083333333333334,,13.2
2013-12-19,4.426153846153846,13.796923076923076,0.3007692307692308,,18.207692307692305,93.39076923076922,24.47307692307692,27.885384615384616,0.26692307692307693,,1.4000000000000001
2013-12-20,2.556363636363636,8.861818181818181,0.8,,11.418181818181818,79.51583333333333,27.086250000000003,36.75454545454546,0.2918181818181818,,0.0
2013-12-21,3.7449999999999997,14.994166666666667,0.27416666666666667,,18.736250000000002,81.08291666666666,26.762083333333333,26.523750000000003,0.3933333333333333,,0.4
2013-12-22,3.3716666666666666,12.920833333333334,0.30541666666666667,,16.294166666666666,89.8575,26.03333333333333,21.091666666666665,0.35791666666666666,,3.5999999999999996
2013-12-23,2.6041666666666665,8.766666666666667,0.20166666666666666,,11.320833333333333,84.11291666666666,26.918333333333333,36.51416666666667,0.27208333333333334,29.0,0.4
2013-12-24,5.505,19.104583333333334,0.43416666666666665,,24.60375,82.7825,27.270833333333332,23.824166666666667,0.4166666666666667,26.0,2.6
2013-12-25,3.285833333333333,12.39875,0.21791666666666665,,15.684166666666668,75.34458333333333,28.677083333333332,25.6425,0.36833333333333335,42.0,0.0
2013-12-26,3.0991666666666666,15.688333333333333,0.6289583333333333,,18.77958333333333,71.50041666666667,29.611666666666665,39.03625,0.39999999999999997,,0.0
2013-12-27,2.3833333333333333,18.934166666666666,1.3325,,21.31416666666667,60.22958333333333,31.558333333333334,59.52,0.3520833333333333,,0.0
2013-12-28,1.6895833333333332,14.625416666666666,1.91125,,16.304583333333333,63.21208333333333,32.51375,60.15208333333334,0.3529166666666667,,0.0
2013-12-29,1.5170833333333331,14.637916666666667,1.1158333333333335,,16.142083333333332,63.19291666666666,32.44625,66.57708333333333,0.34625,,0.0
2013-12-30,1.8829166666666666,17.601666666666667,1.13375,,19.463958333333334,60.07375,32.62083333333333,45.92291666666667,0.3941666666666667,,29.0
2013-12-31,4.242083333333333,13.675833333333335,0.28291666666666665,,17.90875,67.87958333333333,32.248333333333335,46.74791666666667,0.3779166666666667,,1.2000000000000002
2014-01-01,2.228333333333333,11.42375,0.24875,,13.619583333333333,52.61541666666667,34.07791666666667,55.1175,0.42416666666666664,,0.0
2014-01-02,1.1129166666666668,16.399166666666666,1.2108333333333334,,17.47458333333333,62.100833333333334,32.380833333333335,99.69583333333333,0.33125,,27.799999999999997
2014-01-03,1.3441666666666665,15.745,0.4054166666666667,,17.059166666666666,43.285,36.232083333333335,73.70375,0.33125,,0.0
2014-01-04,0.9866666666666667,7.425,0.8758333333333334,,8.39875,67.1875,32.763333333333335,71.69041666666666,0.31666666666666665,,0.0
2014-01-05,1.09,9.91125,0.28958333333333336,,10.965833333333334,66.74875,31.116249999999997,80.15666666666667,0.3229166666666667,,0.0
2014-01-06,1.2120833333333334,11.643333333333333,0.6666666666666666,,12.815,59.72625,30.80333333333333,80.34541666666667,0.27666666666666667,,0.0
2014-01-07,4.069375,23.006249999999998,2.7295652173913045,,27.065625,56.40125,30.40416666666667,69.36666666666666,0.24083333333333334,,0.0
2014-01-08,3.8670833333333334,22.258750000000003,1.2327272727272727,,26.10625,50.7575,32.21208333333333,49.585,0.28875,,0.0
2014-01-09,2.2399999999999998,23.68625,1.9070833333333335,,25.905416666666667,47.10041666666667,32.755833333333335,71.45791666666666,0.2866666666666667,,0.0
2014-01-10,6.1812499999999995,29.895,2.8325,,36.066250000000004,56.531666666666666,32.50791666666667,70.5825,0.34874999999999995,,0.0
2014-01-11,3.0625,24.437083333333334,2.2333333333333334,,27.488333333333333,53.35125,33.839166666666664,53.38458333333333,0.35125,,0.0
2014-01-12,1.4654166666666668,14.25875,3.185,,15.6925,57.65208333333334,32.30708333333333,77.5525,0.3329166666666667,,0.0
2014-01-13,2.876666666666667,20.957916666666666,2.2104166666666667,,23.806250000000002,62.33541666666667,31.77625,85.945,0.33791666666666664,,0.0
2014-01-14,3.252083333333333,26.917916666666667,1.2539583333333333,,30.135833333333334,57.58875,32.72,94.74874999999999,0.39041666666666663,,0.0
2014-01-15,1.5079166666666666,19.547083333333333,1.430625,,21.015833333333333,57.38791666666666,32.99041666666667,95.32083333333333,0.3475,,0.0
2014-01-16,1.5287499999999998,18.21,2.115625,,19.700833333333332,63.525416666666665,30.42625,91.69625,0.3025,,47.00000000000001
2014-01-17,3.6845833333333338,22.596666666666668,1.9660416666666667,,26.261666666666667,76.53583333333333,27.642083333333332,67.10958333333333,0.3641666666666667,21.727272727272727,2.2
2014-01-18,2.72875,14.005,0.83875,,16.693749999999998,64.78,28.75125,60.92583333333334,0.30125,21.576923076923077,0.0
2014-01-19,1.4570833333333333,12.000416666666666,0.7470833333333333,,13.425833333333335,63.6275,29.43875,54.62833333333333,0.26125000000000004,,0.0
2014-01-20,2.4829166666666667,20.99833333333333,1.6224999999999998,,23.427916666666665,58.10916666666666,30.97791666666667,80.67416666666666,0.2970833333333333,,0.0
2014-01-21,6.87125,29.41416666666667,4.805833333333333,,36.26583333333333,56.66166666666667,32.47541666666667,72.43625,0.3841666666666667,,0.0
2014-01-22,3.0504166666666666,22.98875,2.0497916666666667,,25.986666666666665,47.9475,33.84458333333333,72.73875,0.3125,,0.0
2014-01-23,3.245833333333333,26.197083333333335,2.9877083333333334,,29.39625,47.94875,33.623333333333335,99.94208333333334,0.36333333333333334,,0.0
2014-01-24,3.5116666666666667,24.33666666666667,6.747083333333332,,27.81833333333333,49.50958333333333,33.37916666666667,94.07958333333333,0.29833333333333334,,2.6
2014-01-25,1.9979166666666666,21.16625,0.9283333333333333,,23.08,48.28875,32.986666666666665,100.47791666666667,0.3875,,0.0
2014-01-26,1.24125,18.68375,0.9247916666666667,,19.871666666666666,57.82833333333334,32.29541666666667,83.91541666666667,0.38125000000000003,,0.0
2014-01-27,1.436875,16.797083333333333,2.4358333333333335,,18.189791666666668,57.03375,32.75666666666667,98.21708333333333,0.3275,,0.0
2014-01-28,6.96875,31.897499999999997,3.281458333333333,,38.841249999999995,47.92916666666667,33.36708333333333,70.99833333333333,0.35333333333333333,,0.0
2014-01-29,2.43125,25.03833333333333,3.5124999999999997,,27.430833333333336,41.73708333333333,33.44291666666667,85.07416666666667,0.29375,,0.0
2014-01-30,6.78375,34.501666666666665,3.278958333333333,,41.26208333333333,47.712916666666665,33.23375,76.90791666666667,0.3833333333333333,,0.0
2014-01-31,5.408333333333334,28.04875,4.035833333333334,,33.455,44.09916666666667,33.94416666666667,60.544999999999995,0.3175,,0.0
2014-02-01,3.4454166666666666,26.394166666666667,3.2383333333333333,,29.815416666666664,41.93875,34.21041666666667,79.92625,0.3770833333333334,,0.0
2014-02-02,3.3699999999999997,23.165833333333335,3.1558333333333333,,26.495,47.03333333333333,34.23791666666667,74.20791666666666,0.3779166666666667,,0.0
2014-02-03,4.885,26.558333333333334,2.5864583333333333,,31.422083333333333,52.22,33.96875,69.06,0.3558333333333333,,0.0
2014-02-04,6.4629166666666675,32.95291666666667,4.2325,,39.41375,48.17291666666667,34.43416666666666,61.997083333333336,0.42333333333333334,,0.0
2014-02-05,8.87125,29.331666666666667,4.555208333333334,,38.18875,45.54583333333333,34.03,57.23374999999999,0.37125,,0.0
2014-02-06,4.995833333333334,23.12291666666667,4.238333333333333,,28.110416666666666,41.61416666666667,33.86,50.49333333333333,0.26,,0.0
2014-02-07,5.2195833333333335,31.114166666666666,4.698541666666666,,36.30291666666667,44.967083333333335,34.01416666666667,65.77541666666666,0.3870833333333334,,0.0
2014-02-08,3.327083333333334,30.059583333333336,7.1972916666666675,,33.3775,38.665416666666665,35.017916666666665,72.74291666666666,0.5070833333333333,,0.0
2014-02-09,4.544583333333333,30.099999999999998,2.455416666666667,,34.63875,40.10583333333333,34.52166666666667,65.82791666666667,0.52125,,0.0
2014-02-10,4.471666666666667,33.535000000000004,7.2543750000000005,,37.970416666666665,42.88916666666666,33.71458333333333,82.15291666666667,0.4395833333333334,,0.0
2014-02-11,4.314166666666666,35.755,4.6727083333333335,,40.058749999999996,42.0875,33.235,79.3425,0.43083333333333335,,0.0
2014-02-12,4.6525,30.9825,4.302291666666666,,35.626666666666665,40.9375,33.38375,64.47375,0.40375,,0.0
2014-02-13,4.7491666666666665,31.674166666666665,4.164375,,36.40125,38.1075,34.52458333333333,67.40625,0.3858333333333333,,0.0
2014-02-14,3.575833333333333,28.808333333333334,5.064583333333333,,32.375,51.225,32.44541666666667,79.34333333333333,0.4458333333333333,,0.0
2014-02-15,1.9675,16.9225,2.2243749999999998,,18.850416666666664,73.38666666666667,28.491249999999997,72.61333333333333,0.3695833333333333,,5.6
2014-02-16,1.3074999999999999,15.32125,0.9273958333333333,,16.607916666666664,84.16875,27.532916666666665,63.49166666666667,0.32708333333333334,,54.2
2014-02-17,5.3975,26.02125,1.6755208333333333,,31.405833333333334,80.47541666666667,27.21291666666667,42.937916666666666,0.3129166666666667,,1.2
2014-02-18,5.907083333333333,16.14375,1.308125,,22.04958333333333,74.60000000000001,27.522499999999997,21.184583333333332,0.26105263157894737,,0.6000000000000001
2014-02-19,3.98,16.75125,0.1461764705882353,,20.702916666666667,73.09,27.08375,27.037499999999998,0.2508333333333333,,27.8
2014-02-20,5.0025,21.098333333333333,2.492083333333333,,26.0925,60.94833333333333,29.558125,46.259166666666665,0.265,,0.0
2014-02-21,10.748750000000001,36.268750000000004,2.45375,,47.01,54.10833333333333,31.91416666666667,62.8025,0.3933333333333333,,0.0
2014-02-22,7.127916666666667,29.636666666666667,1.4625000000000001,,36.762499999999996,46.88166666666667,32.795833333333334,49.39666666666667,0.35833333333333334,,0.0
2014-02-23,2.575454545454545,24.018181818181816,2.6854545454545455,,26.58090909090909,53.61727272727273,31.742727272727276,22.84090909090909,0.23545454545454544,,0.0
2014-02-24,3.2170833333333335,17.222916666666666,1.5935416666666666,,20.400000000000002,58.576249999999995,31.815833333333334,46.57333333333333,0.3125,,0.0
2014-02-25,4.4870833333333335,29.99625,3.937291666666667,,34.46208333333333,58.939166666666665,32.03,94.58625,0.3741666666666667,,0.0
2014-02-26,6.154583333333334,29.930833333333336,3.4910416666666664,,36.05291666666667,51.04208333333333,33.028749999999995,89.44333333333333,0.3825,,0.0
2014-02-27,7.337083333333333,31.14125,1.8160416666666668,,38.45708333333334,43.89875,34.916666666666664,55.125,0.36916666666666664,,0.0
2014-02-28,1.6529166666666668,14.847499999999998,0.875625,,16.449166666666667,61.060833333333335,31.439999999999998,85.44416666666666,0.2783333333333333,,8.0
2014-03-01,1.3891666666666664,19.171666666666667,0.5933333333333334,,20.520416666666666,61.32749999999999,30.727083333333336,75.80666666666667,0.36541666666666667,,0.0
2014-03-02,1.1754166666666668,13.438333333333333,1.1202083333333335,,14.58,72.30208333333333,28.952083333333334,67.31208333333333,0.295,,8.6
2014-03-03,1.1975,17.677083333333332,1.5414583333333336,,18.8525,72.11583333333333,29.134583333333335,63.44583333333333,0.3,,0.0
2014-03-04,2.3312500000000003,20.255416666666665,3.0204166666666663,,22.56041666666667,63.805416666666666,30.39708333333333,49.992916666666666,0.24083333333333334,,0.0
2014-03-05,4.4937499999999995,19.665833333333335,2.5574999999999997,,24.14333333333333,62.07041666666667,31.045,40.1775,0.2404166666666667,,0.4
2014-03-06,5.978750000000001,27.916666666666668,2.610208333333333,,33.85916666666667,83.21958333333333,28.23125,25.950416666666666,0.38625,,2.9999999999999996
2014-03-07,2.3562499999999997,18.274166666666666,0.3466666666666667,,20.607083333333332,73.02583333333334,28.8925,51.57041666666667,0.3575,,60.6
2014-03-08,4.263333333333334,24.199583333333333,0.22645833333333334,,28.44458333333333,96.50208333333335,25.228333333333335,34.585,0.4404166666666667,,45.6
2014-03-09,3.9225,27.133750000000003,1.1297916666666667,,31.0525,75.21875,29.2075,51.395833333333336,0.4395833333333334,,0.2
2014-03-10,5.322916666666667,30.018749999999997,2.1679166666666667,,35.32416666666666,65.33208333333333,32.02166666666667,68.66333333333334,0.4091666666666667,,0.0
2014-03-11,6.281666666666666,27.261666666666667,1.649375,,33.54083333333333,60.376666666666665,33.115833333333335,55.064166666666665,0.32625,,0.0
2014-03-12,3.3354166666666667,21.170833333333334,1.14875,,24.4725,71.11,31.2375,88.31,0.36333333333333334,,0.0
2014-03-13,3.139411764705882,21.443529411764708,1.463529411764706,,24.545294117647057,72.37117647058824,31.271764705882354,102.37352941176471,0.34352941176470586,,0.0
2014-03-14,,,,,,,,,,,
2014-03-15,,,,,,,,,,,
2014-03-16,,,,,,,,,,,
2014-03-17,,,,,,,,,,,
2014-03-18,,,,,,,,,,,
2014-03-19,,,,,,,,,,,
2014-03-20,,,,,,,,,,,
2014-03-21,,,,,,,,,,,
2014-03-22,,,,,,,,,,,
2014-03-23,,,,,,,,,,,
2014-03-24,,,,,,,,,,,
2014-03-25,,,,,,,,,,,
2014-03-26,,,,,,,,,,,
2014-03-27,,,,,,,,,,,
2014-03-28,,,,,,,,,,,
2014-03-29,,,,,,,,,,,
2014-03-30,,,,,,,,,,,
2014-03-31,,,,,,,,,,,
2014-04-01,2.6454545454545455,26.963636363636365,0.7654545454545455,,29.60454545454546,63.050909090909094,31.733636363636364,83.77727272727273,0.40090909090909094,,0.0
2014-04-02,4.895833333333333,28.145,0.7433333333333333,,33.02333333333333,79.83666666666666,29.597916666666666,44.93666666666667,0.4291666666666667,,0.0
2014-04-03,4.194166666666667,22.645,0.89125,,26.832916666666666,85.46125,28.598333333333333,32.595,0.3458333333333334,,8.2
2014-04-04,4.6570833333333335,15.6875,0.07583333333333334,,20.359166666666667,81.67708333333333,27.781666666666666,22.247500000000002,0.18375,,0.4
2014-04-05,6.203333333333333,16.64625,0.4320833333333334,,22.84958333333333,68.33624999999999,28.2625,35.308749999999996,0.22375,,0.0
2014-04-06,2.8049999999999997,24.264166666666668,1.8958333333333333,,27.045416666666668,60.29624999999999,28.7175,60.01499999999999,0.29875,,0.0
2014-04-07,3.4595833333333332,20.8325,1.6450000000000002,,24.279583333333335,70.61375,28.035416666666666,56.45166666666666,0.24666666666666667,,0.0
2014-04-08,3.3983333333333334,31.605416666666667,0.72125,,34.99333333333333,69.00083333333333,28.30666666666667,76.22916666666667,0.3445833333333333,,0.0
2014-04-09,3.1475000000000004,25.46666666666667,1.1370833333333332,,28.592916666666667,70.83375,29.990416666666665,63.517500000000005,0.31124999999999997,,0.0
2014-04-10,1.94125,17.29041666666667,0.3779166666666667,,19.203333333333333,73.83041666666666,29.508333333333336,72.44708333333334,0.2891666666666666,,0.0
2014-04-11,4.425416666666667,30.299166666666668,1.61125,,34.70083333333333,71.2375,30.03375,72.61666666666666,0.3625,,0.0
2014-04-12,4.534583333333333,27.892916666666665,1.4000000000000001,,32.41916666666667,58.08583333333333,32.029583333333335,28.780833333333334,0.36375,,0.0
2014-04-13,1.8533333333333333,16.606666666666666,1.0654166666666667,,18.411666666666665,73.26041666666667,29.413749999999997,56.345416666666665,0.3204166666666667,,0.0
2014-04-14,2.6416666666666666,16.81,0.5245833333333333,,19.447916666666668,95.54333333333334,25.207916666666666,38.4475,0.27166666666666667,,31.599999999999998
2014-04-15,9.942083333333333,24.345416666666665,0.005833333333333334,,34.26416666666667,96.93833333333333,23.115,19.90041666666667,0.315,,32.0
2014-04-16,15.444166666666668,32.397083333333335,0.4275,,47.830000000000005,93.66416666666667,24.7175,12.407916666666667,0.3629166666666666,,9.600000000000001
2014-04-17,8.60375,25.9025,0.3933333333333333,,34.490833333333335,81.19416666666667,26.95,23.082916666666666,0.2916666666666667,,0.0
2014-04-18,10.495416666666666,29.489583333333332,1.22125,,39.97625,75.54541666666667,28.71875,42.27375,0.3758333333333333,,0.0
2014-04-19,4.385833333333333,26.325416666666666,1.3375000000000001,,30.71166666666667,79.3775,29.683333333333334,58.585,0.40222222222222226,,0.0
2014-04-20,1.3979166666666665,13.015416666666667,0.47208333333333335,,14.378333333333332,84.80958333333334,27.898750000000003,61.852916666666665,,,0.0
2014-04-21,2.214166666666667,16.659583333333334,0.2970833333333333,,18.861666666666668,82.4825,27.832916666666666,42.90166666666667,,,0.0
2014-04-22,5.532916666666666,27.857083333333335,3.7166666666666663,,33.37,78.46249999999999,28.40375,44.52,,,0.0
2014-04-23,1.7266666666666666,14.470416666666667,1.3266666666666667,,16.138749999999998,84.21916666666667,27.647916666666664,48.97625,,,2.2
2014-04-24,5.337083333333333,17.528333333333332,0.72375,,22.825833333333332,93.1675,25.353333333333335,26.7775,0.40499999999999997,,59.599999999999994
2014-04-25,4.907708333333333,17.988541666666666,0.46166666666666667,,22.887916666666666,76.25666666666667,24.755416666666665,28.267916666666665,0.28875,,4.800000000000001
2014-04-26,5.24875,16.88375,0.2275,,22.118750000000002,76.91208333333334,24.11916666666667,30.506249999999998,0.28583333333333333,,0.0
2014-04-27,2.1687499999999997,14.185416666666667,0.9020833333333335,,16.307083333333335,77.81,24.1425,35.80416666666667,0.20083333333333334,,0.4
2014-04-28,8.28375,20.544166666666666,0.49666666666666665,,28.808333333333334,71.56833333333333,22.393333333333334,37.36125,0.26291666666666663,,5.4
2014-04-29,13.363333333333335,29.004583333333333,0.4925,,42.36958333333333,59.75958333333333,23.4075,31.143749999999997,0.23124999999999998,,0.0
2014-04-30,23.419583333333335,44.19958333333333,1.11375,,67.57875,52.36958333333333,25.286666666666665,31.07375,0.3458333333333334,,0.0
2014-05-01,5.04875,23.053749999999997,0.44208333333333333,,28.084999999999997,46.03916666666667,27.60666666666667,43.93,0.29125,,0.0
2014-05-02,11.06875,38.67541666666667,0.48895833333333333,,49.723749999999995,52.90416666666667,27.693749999999998,50.005,0.5020833333333333,,0.0
2014-05-03,3.685,38.67625,0.14291666666666666,,45.17916666666667,75.99083333333333,26.514583333333334,51.12416666666667,0.42375,,0.0
2014-05-04,6.277916666666667,40.2025,4.752916666666667,,46.26500000000001,69.12791666666666,28.070833333333336,45.0075,0.4995833333333333,,0.0
2014-05-05,11.965416666666668,46.682500000000005,1.1120833333333333,,58.63833333333333,70.00583333333333,28.285416666666666,31.81458333333333,0.5379166666666667,,0.0
2014-05-06,17.101458333333333,81.000625,3.73375,,98.09729166666666,68.83458333333333,28.357708333333335,48.75062499999999,0.671875,,0.0
2014-05-07,12.270833333333334,47.017500000000005,2.0704166666666666,,59.28458333333333,71.11333333333333,28.55333333333333,35.490833333333335,0.5020833333333333,,0.0
2014-05-08,8.555833333333334,44.935833333333335,1.6997916666666668,,53.46875,76.7325,28.12291666666667,41.9225,0.5979166666666667,,0.0
2014-05-09,2.9908333333333332,26.365416666666665,0.674861111111111,,29.336458333333336,82.40391304347825,25.89770833333333,51.676458333333336,0.35479166666666667,,2.8000000000000003
2014-05-10,4.536666666666666,23.03,1.007638888888889,,27.53916666666667,76.69055555555556,23.888333333333335,35.928333333333335,0.25125000000000003,,0.8
2014-05-11,2.455,22.177083333333332,1.5395833333333335,,24.604166666666668,72.15583333333333,22.8875,42.41916666666666,0.16625,,6.2
2014-05-12,9.730833333333333,33.7675,4.220208333333333,,43.482499999999995,57.25333333333333,24.13416666666667,40.389583333333334,0.22875,,0.0
2014-05-13,13.590833333333334,41.12791666666667,5.407708333333333,,54.68875,57.39416666666667,25.19541666666667,43.16291666666667,0.355,,0.0
2014-05-14,7.75,39.21458333333333,5.787708333333334,,46.94645833333333,66.85625,25.178749999999997,38.127916666666664,0.4495833333333334,,0.0
2014-05-15,5.582916666666667,32.902499999999996,1.823125,,38.47083333333333,72.92458333333333,24.719583333333333,44.872083333333336,0.42,,0.0
2014-05-16,12.660833333333334,35.85208333333333,2.642916666666667,,48.51291666666666,72.61958333333332,26.192083333333333,55.67458333333334,0.4675,,0.0
2014-05-17,4.070833333333334,22.687083333333334,0.23208333333333334,,26.74291666666667,83.77166666666666,25.484166666666667,45.53041666666667,0.44249999999999995,,0.0
2014-05-18,11.452083333333334,40.95291666666667,3.0835416666666666,,52.40833333333333,84.17,25.472916666666666,27.41416666666667,0.5729166666666666,,0.6
2014-05-19,3.359583333333333,17.94125,0.5514583333333333,,21.29375,85.62833333333333,25.227500000000003,41.06875,0.2333333333333333,,0.0
2014-05-20,8.685625,37.38833333333333,0.9947916666666666,,46.06979166666667,82.71166666666666,25.260416666666668,30.244791666666668,0.42645833333333333,,0.4
2014-05-21,10.037083333333333,52.42333333333334,4.736666666666667,,62.46041666666667,73.28541666666666,26.989583333333332,34.13791666666667,0.4075,,0.0
2014-05-22,12.024166666666666,30.22458333333333,1.2458333333333333,,42.232083333333335,47.35166666666667,29.620833333333334,39.8075,0.3941666666666667,147.6,0.0
2014-05-23,3.4570833333333333,17.624166666666667,0.7752083333333334,,21.074583333333333,66.265,28.271666666666665,44.99875,0.24583333333333335,71.83333333333333,0.0
2014-05-24,3.9241666666666664,16.854166666666668,0.006250000000000001,,20.7225,96.93541666666665,22.86,36.57833333333333,0.22,17.916666666666668,6.6
2014-05-25,2.9408333333333334,20.584166666666665,0.2997916666666667,,23.510833333333334,95.77041666666666,23.138333333333335,31.12875,0.19625,15.5,2.6
2014-05-26,9.650416666666667,24.577083333333334,0.39395833333333335,,34.2325,84.24791666666667,26.3075,27.8625,0.2866666666666667,61.791666666666664,0.4
2014-05-27,1.5337500000000002,7.505416666666666,0.12666666666666668,,9.005416666666667,74.41250000000001,24.6575,49.97958333333333,0.09999999999999999,44.75,0.8
2014-05-28,5.826666666666667,22.336250000000003,0.30333333333333334,,28.124166666666667,96.95291666666667,21.528333333333332,28.692083333333333,0.2575,5.75,24.0
2014-05-29,9.707916666666668,29.482083333333332,1.5795833333333336,,39.18666666666667,89.96041666666667,21.887083333333333,17.260833333333334,0.29583333333333334,21.604166666666668,1.2
2014-05-30,22.354583333333334,33.690000000000005,0.6420833333333333,,56.04458333333333,77.31625000000001,22.832916666666666,19.797916666666666,0.3875,71.375,0.0
2014-05-31,15.89875,32.64625,2.351875,,48.53958333333333,76.16916666666667,23.794583333333335,30.885,0.3125,97.875,0.0
2014-06-01,2.9600000000000004,17.204583333333336,0.5102083333333333,,20.155416666666667,72.5325,25.05125,41.89125,0.25125000000000003,60.791666666666664,2.6
2014-06-02,3.810833333333333,14.338333333333333,0.27708333333333335,,18.131666666666664,83.53,24.397499999999997,39.315000000000005,0.22041666666666668,48.125,4.0
2014-06-03,2.93125,12.027916666666668,0.29250000000000004,,14.915,69.28208333333333,22.631249999999998,49.07416666666666,0.12875,74.0625,0.2
2014-06-04,15.891666666666666,46.09125,1.9639583333333335,,61.977916666666665,75.84333333333333,23.003333333333334,23.76375,0.4275,141.29166666666666,0.0
2014-06-05,25.13208333333333,48.94708333333333,7.739791666666666,,74.07875,68.19833333333334,26.1775,38.48291666666667,0.48125,149.41666666666666,0.0
2014-06-06,48.72291666666666,42.10208333333333,1.319375,,90.82541666666667,72.01375,27.014166666666668,24.086249999999996,0.69375,154.5,0.0
2014-06-07,25.116666666666664,55.5,3.892708333333333,,80.62291666666667,67.165,29.277083333333334,35.260416666666664,0.7233333333333333,145.08333333333334,0.0
2014-06-08,4.214583333333334,24.567083333333333,0.40395833333333336,,28.780416666666667,47.2475,29.89,44.057500000000005,0.37958333333333333,70.875,0.0
2014-06-09,7.3775,18.720833333333335,0.20125,,26.077916666666667,62.18333333333334,27.2925,47.012499999999996,0.3025,69.0,0.0
2014-06-10,8.016521739130434,28.436086956521738,0.2552083333333333,,36.43739130434783,95.77117647058823,23.795833333333334,23.557391304347828,0.3629166666666667,12.4375,42.0
2014-06-11,3.018333333333333,35.89666666666667,0.8154166666666667,,38.916666666666664,81.0,25.36375,19.216,0.3541666666666667,,15.2
2014-06-12,6.11625,31.161666666666665,1.3841666666666665,,37.257083333333334,84.31375,25.864166666666666,26.415833333333335,0.25625000000000003,40.8,0.2
2014-06-13,6.067083333333333,32.341249999999995,1.0216666666666667,,38.389583333333334,83.18041666666666,25.658749999999998,24.01125,0.24041666666666664,35.020833333333336,0.4
2014-06-14,11.798333333333334,40.27041666666667,2.283333333333333,,52.05791666666667,64.49625,26.4575,32.94041666666667,0.4870833333333333,80.45833333333333,0.0
2014-06-15,4.626666666666667,18.92354166666667,0.6235416666666667,,23.544583333333335,73.42520833333333,25.326875,40.77833333333333,0.3285416666666667,44.208333333333336,0.0
2014-06-16,8.64,38.18,0.3970833333333333,,46.812916666666666,70.53083333333333,25.647499999999997,34.844166666666666,0.4175,75.875,0.0
2014-06-17,11.097499999999998,30.18875,0.24916666666666668,,41.27583333333333,69.86333333333333,25.97875,46.09583333333333,0.43083333333333335,64.125,0.0
2014-06-18,2.1774999999999998,17.017500000000002,0.48833333333333334,,19.175833333333333,74.74791666666667,25.097916666666666,62.89333333333334,0.3145833333333333,49.041666666666664,20.0
2014-06-19,2.5191666666666666,15.547916666666666,0.2654166666666667,,18.0,87.735,21.348333333333333,40.36541666666667,0.19833333333333333,5.041666666666667,9.200000000000001
2014-06-20,7.855,33.61,3.2054166666666664,,41.424166666666665,76.43791666666667,21.959166666666665,24.845416666666665,0.24958333333333335,33.125,0.2
2014-06-21,11.544166666666667,33.380833333333335,0.5570833333333333,,44.92250000000001,72.42833333333333,23.537916666666664,22.5775,0.40041666666666664,67.22916666666667,0.0
2014-06-22,5.007083333333333,21.756249999999998,0.26208333333333333,,26.735,70.02749999999999,23.844166666666666,42.30833333333333,0.19416666666666668,26.458333333333332,0.0
2014-06-23,16.464583333333334,46.565,3.682916666666667,,63.02916666666667,69.34666666666666,23.379166666666666,17.616666666666667,0.4795833333333333,69.54166666666667,0.0
2014-06-24,24.917083333333334,36.63583333333333,1.0566666666666666,,61.55166666666667,62.88458333333333,25.210416666666664,22.4525,0.5141666666666667,83.95833333333333,0.0
2014-06-25,20.864166666666666,42.5425,1.120625,,63.404583333333335,62.79750000000001,25.520416666666666,26.0475,0.6058333333333333,86.47916666666667,0.0
2014-06-26,19.595,40.174166666666665,17.752916666666668,,59.76458333333333,60.92916666666667,25.793333333333333,27.317083333333333,0.5664583333333333,83.45833333333333,0.0
2014-06-27,14.325000000000001,44.92250000000001,0.3970833333333334,,59.24875,65.45083333333334,26.134583333333335,36.408750000000005,0.49291666666666667,104.77083333333333,0.0
2014-06-28,12.85375,54.53875,1.7075000000000002,,67.40416666666667,69.48041666666667,25.817083333333333,49.35125,0.6925,104.79166666666667,0.0
2014-06-29,11.600416666666668,41.812916666666666,2.4279166666666665,,53.410000000000004,64.05458333333333,27.93041666666667,36.35958333333333,0.5679166666666667,72.95833333333333,0.0
2014-06-30,3.9408333333333334,29.44333333333333,0.76625,,33.37791666666667,72.05833333333334,26.26625,36.834583333333335,0.30916666666666665,65.54166666666667,0.0
2014-07-01,7.0625,38.45916666666667,3.7237500000000003,,45.51458333333333,72.64666666666666,25.074583333333333,33.66625,0.39999999999999997,78.54166666666667,0.0
2014-07-02,8.613333333333333,50.05416666666667,1.4266666666666667,,58.66291666666667,70.46333333333334,25.150833333333335,37.48791666666667,0.455,93.29166666666667,0.0
2014-07-03,16.065,54.89541666666667,2.9754166666666664,,70.93833333333333,68.64541666666666,26.615,38.83875,0.4633333333333333,101.70833333333333,0.0
2014-07-04,10.710833333333333,55.279583333333335,2.1329166666666666,,65.99041666666666,70.19416666666666,27.115,36.63916666666667,0.46625,88.5,0.0
2014-07-05,10.615416666666667,41.36416666666667,2.11375,,51.98041666666666,65.10125000000001,26.932083333333335,31.71875,0.34375,66.58333333333333,0.0
2014-07-06,5.03375,23.4175,1.1104166666666668,,28.445833333333336,56.23416666666666,27.55875,31.02625,0.18916666666666668,41.416666666666664,0.0
2014-07-07,17.73125,30.612916666666667,1.0241666666666667,,48.324999999999996,57.16166666666667,27.46083333333333,29.574166666666667,0.3729166666666666,60.541666666666664,0.0
2014-07-08,2.59625,13.334583333333333,0.1625,,15.8725,70.43708333333333,25.120416666666667,56.656666666666666,0.23625,40.958333333333336,0.0
2014-07-09,5.16875,21.0075,0.29291666666666666,,26.165000000000003,75.1,24.3425,36.35458333333333,0.21208333333333332,23.958333333333332,2.4
2014-07-10,13.552916666666667,41.345416666666665,2.32375,,54.895,83.16708333333334,22.765833333333333,13.623750000000001,0.31625,25.125,15.8
2014-07-11,7.880833333333334,26.570833333333336,0.42124999999999996,,34.43958333333333,84.78,21.809583333333332,32.2925,0.26708333333333334,17.708333333333332,22.0
2014-07-12,6.258333333333333,22.860416666666666,0.15166666666666667,,29.089583333333334,76.69375000000001,22.729583333333334,33.42791666666667,0.2383333333333333,22.916666666666668,0.6000000000000001
2014-07-13,3.310833333333333,19.381249999999998,0.5866666666666667,,22.672083333333333,63.51083333333333,23.522499999999997,50.35833333333333,0.08291666666666667,23.791666666666668,0.0
2014-07-14,3.82625,22.36708333333333,1.13875,,26.180000000000003,57.96,23.715,51.098333333333336,0.10458333333333335,23.145833333333332,0.0
2014-07-15,7.984583333333333,36.63791666666666,1.7670833333333331,,44.62375,59.137499999999996,24.065,41.367916666666666,0.19375,30.458333333333332,0.0
2014-07-16,20.159166666666668,45.193125,2.5885416666666665,,65.33833333333334,60.428333333333335,24.7375,31.623541666666668,0.42583333333333334,51.125,0.0
2014-07-17,30.653333333333336,53.576875,1.95,,84.23145833333334,62.14000000000001,26.292083333333334,29.89979166666667,0.5304166666666666,65.89583333333333,0.0
2014-07-18,12.470833333333333,28.63083333333333,0.22395833333333334,,41.079166666666666,60.28958333333333,26.74875,48.11833333333333,0.29625,61.125,0.0
2014-07-19,3.9779166666666668,14.263333333333334,0.034583333333333334,,18.22125,67.72708333333334,21.800833333333333,53.38375,0.18125,29.916666666666668,3.0
2014-07-20,4.435416666666667,22.868333333333336,0.3283333333333333,,27.2925,63.81625,22.10166666666667,36.76708333333333,0.25916666666666666,36.75,0.0
2014-07-21,7.110833333333333,32.318333333333335,1.3575,,39.42,59.27708333333334,23.065416666666668,41.40333333333333,0.18916666666666668,35.333333333333336,0.0
2014-07-22,14.517083333333334,44.5325,1.1566666666666667,,59.03666666666667,58.76666666666667,24.836250000000003,37.48,0.25958333333333333,44.75,0.0
2014-07-23,10.49375,39.99375,1.9595833333333335,,50.482499999999995,52.66041666666666,25.942083333333333,29.677916666666665,0.24666666666666667,45.083333333333336,0.0
2014-07-24,5.054166666666666,26.152083333333334,0.5179166666666667,,31.171666666666667,45.31,28.877499999999998,38.35583333333334,0.22833333333333336,48.416666666666664,0.4
2014-07-25,5.135833333333333,23.41125,0.29333333333333333,,28.53708333333333,78.95791666666666,22.798333333333332,30.572083333333335,0.21208333333333332,16.5,2.8
2014-07-26,9.485416666666667,28.596249999999998,0.050833333333333335,,38.04291666666666,86.50625000000001,21.16375,22.9175,0.3179166666666667,24.583333333333332,3.4000000000000004
2014-07-27,6.079166666666667,26.9825,0.5995833333333334,,33.06125,87.705,21.49791666666667,24.272916666666664,0.26,16.770833333333332,6.2
2014-07-28,12.683749999999998,33.95458333333333,0.453125,,46.577708333333334,80.81708333333333,21.687916666666666,30.01354166666667,0.23625,24.375,4.2
2014-07-29,13.101666666666667,29.584166666666665,0.2558333333333333,,42.67250000000001,71.66541666666667,21.866666666666664,29.580833333333334,0.1829166666666667,36.25,0.0
2014-07-30,15.657499999999999,36.312083333333334,1.4120833333333334,,51.96541666666667,65.40416666666667,22.59958333333333,31.444166666666664,0.23583333333333334,48.645833333333336,0.0
2014-07-31,14.215833333333334,45.07875000000001,0.7799999999999999,,59.29,65.00666666666667,23.629583333333333,28.967083333333335,0.2554166666666667,44.375,0.0
2014-08-01,26.604583333333334,48.52041666666667,1.67875,,75.1225,60.62875,25.556250000000002,28.15833333333333,0.5404166666666667,125.5909090909091,0.0
2014-08-02,10.415416666666667,37.80166666666667,0.8962500000000001,,48.19916666666666,59.20416666666667,26.724999999999998,51.7925,0.48625,81.4375,0.0
2014-08-03,7.37,39.474583333333335,0.6520833333333333,,46.824999999999996,55.39958333333333,27.59583333333333,44.01833333333334,0.5175,85.39583333333333,0.0
2014-08-04,18.226666666666667,50.370000000000005,0.9400000000000001,,68.60041666666666,45.68625,28.003333333333334,46.293749999999996,0.44083333333333335,76.9090909090909,0.0
2014-08-05,3.2745833333333336,15.872083333333334,0.11875000000000001,,19.115,66.56666666666666,19.866666666666667,52.18083333333333,0.18625,62.333333333333336,3.4000000000000004
2014-08-06,9.192083333333334,30.54375,1.545625,,39.28125,58.442499999999995,19.427916666666665,39.320625,0.18875,50.020833333333336,0.0
2014-08-07,13.717916666666667,47.04416666666666,1.6991666666666667,,60.74583333333334,54.538333333333334,20.879166666666666,45.63833333333333,0.3875,45.61538461538461,0.0
2014-08-08,6.9975,26.935833333333335,0.603125,,33.92958333333333,67.84083333333334,20.129166666666666,50.385,0.38458333333333333,56.78947368421053,0.0
2014-08-09,6.828333333333333,26.314166666666665,0.5575,,33.126666666666665,82.605,19.964166666666667,33.97,0.3329166666666667,27.5625,19.0
2014-08-10,10.104583333333334,29.94333333333333,0.7279166666666667,,40.009166666666665,65.14291666666666,22.22,46.022083333333335,0.49583333333333335,30.4,0.0
2014-08-11,12.364583333333334,37.610416666666666,0.7529166666666667,,49.95333333333334,48.42250000000001,25.00583333333333,48.47625,0.45375000000000004,27.307692307692307,0.0
2014-08-12,19.701249999999998,47.97875,1.0714583333333334,,67.675,46.34,25.762083333333333,44.59375,0.5845833333333333,49.583333333333336,0.0
2014-08-13,6.585833333333333,24.405416666666667,0.21208333333333332,,30.95958333333333,68.99125,21.33458333333333,61.143750000000004,0.32083333333333336,,7.4
2014-08-14,17.673750000000002,41.615208333333335,0.35958333333333337,,59.25541666666667,86.84708333333333,15.504583333333334,24.19666666666667,0.38166666666666665,,13.0
2014-08-15,18.185416666666665,34.4575,0.46875,,52.60666666666666,74.7225,18.342499999999998,29.645416666666666,0.23875000000000002,,0.0
2014-08-16,3.2870833333333334,22.41125,0.4141666666666666,,25.6425,67.87916666666666,20.444583333333334,47.53125,0.2316666666666667,,0.0
2014-08-17,4.939166666666666,31.041666666666668,2.365416666666667,,35.95541666666667,64.68125,22.595416666666665,44.2825,0.33166666666666667,,0.0
2014-08-18,3.327083333333333,20.192083333333333,0.6020833333333334,,23.507916666666663,70.27,21.994583333333335,54.060833333333335,0.33625,,0.0
2014-08-19,3.8847916666666666,19.577916666666667,0.444375,,23.429374999999997,71.375,20.8325,49.125,0.37562500000000004,,0.0
2014-08-20,9.573125,27.473541666666666,0.7481578947368421,,37.005,71.06166666666667,20.68583333333333,33.70583333333334,0.3625,,0.0
2014-08-21,6.649583333333333,40.66458333333333,1.8099999999999998,,47.31041666666667,64.50416666666666,23.114583333333332,48.50333333333333,0.3545833333333333,,0.0
2014-08-22,9.025,37.05833333333333,1.0725,,46.07208333333333,55.47833333333333,24.83,46.52,0.46666666666666673,102.27272727272727,0.0
2014-08-23,7.163333333333333,48.88333333333333,3.81,,56.024166666666666,55.135416666666664,25.00791666666667,72.88333333333334,0.63875,95.45833333333333,0.0
2014-08-24,4.721666666666667,35.449999999999996,2.8866666666666667,,40.15125,49.322916666666664,26.385416666666668,61.21958333333333,0.43083333333333335,66.125,0.0
2014-08-25,10.00125,41.06375,2.018333333333333,,51.06,39.17416666666667,26.5475,47.594166666666666,0.69375,92.16666666666667,0.0
2014-08-26,12.266666666666667,35.740833333333335,5.644791666666666,,47.992916666666666,50.6325,25.25916666666667,50.879999999999995,0.5383333333333333,94.41666666666667,0.0
2014-08-27,1.9825,13.256666666666668,1.0191666666666668,,15.191250000000002,69.93041666666666,20.931250000000002,59.96333333333334,0.24791666666666667,50.541666666666664,0.0
2014-08-28,5.415833333333333,21.622500000000002,0.6608333333333333,,27.015416666666667,77.80166666666666,17.816666666666666,37.5,0.25166666666666665,33.791666666666664,9.600000000000001
2014-08-29,10.542916666666667,35.27458333333333,1.6345833333333333,,45.80916666666667,73.21041666666666,18.117916666666666,20.808333333333334,0.39125000000000004,47.125,0.0
2014-08-30,10.644166666666667,33.17666666666667,1.6858333333333333,,43.81583333333333,67.47083333333333,20.444583333333334,32.11208333333334,0.3775,52.958333333333336,0.0
2014-08-31,1.9404166666666667,14.464583333333332,2.0329166666666665,,16.360833333333332,66.4975,23.204583333333332,70.52875,0.24,39.458333333333336,0.0
2014-09-01,2.234583333333333,16.969583333333333,0.8554166666666667,,19.192083333333333,53.365833333333335,25.082083333333333,84.81041666666667,0.3225,35.458333333333336,0.4
2014-09-02,3.0120833333333334,21.94125,0.43,,24.927083333333332,63.411249999999995,23.22083333333333,68.375,0.31958333333333333,40.75,0.0
2014-09-03,1.5999999999999999,9.075000000000001,0.024583333333333332,,10.625833333333334,63.7425,23.213333333333335,77.56458333333333,0.20083333333333334,25.083333333333332,7.4
2014-09-04,1.8695833333333332,9.497916666666667,0.13708333333333333,,11.3175,70.19458333333334,20.19,59.21645833333333,0.12958333333333333,15.416666666666666,5.3999999999999995
2014-09-05,3.185,17.57125,0.027083333333333334,,20.727083333333336,60.48041666666666,19.725416666666668,44.395833333333336,0.15416666666666667,25.166666666666668,1.0
2014-09-06,3.4804166666666667,23.485833333333332,2.67,,26.955,50.29958333333334,21.293333333333333,42.61416666666667,0.23875000000000002,36.541666666666664,0.0
2014-09-07,3.7558333333333334,20.996666666666666,1.2104166666666667,,24.750833333333333,48.035833333333336,23.601249999999997,50.01833333333334,0.3425,41.583333333333336,0.0
2014-09-08,8.242083333333333,38.372083333333336,2.950833333333333,,46.604166666666664,52.60666666666666,22.817916666666665,39.205625,0.52,68.45833333333333,0.0
2014-09-09,16.292916666666667,45.873333333333335,4.892083333333333,,62.15625,53.839166666666664,24.956666666666667,37.13166666666667,0.5291666666666667,76.54166666666667,0.0
2014-09-10,9.317916666666667,35.34916666666667,5.623333333333334,,44.668749999999996,39.7325,27.485833333333332,36.61083333333333,0.36375,72.0,0.0
2014-09-11,3.768333333333333,15.850416666666668,1.24625,,19.569583333333334,40.59458333333333,27.998333333333335,75.72625000000001,0.29875,54.1875,0.0
2014-09-12,2.4491666666666667,17.087083333333336,0.15833333333333333,,19.529166666666665,63.895,23.436666666666667,64.01791666666666,0.31625,60.833333333333336,0.0
2014-09-13,4.475833333333333,32.540416666666665,1.6891666666666667,,36.98791666666667,58.06,24.434166666666666,62.999583333333334,0.46541666666666665,62.875,0.0
2014-09-14,2.78125,22.534583333333334,2.725,,25.27125,56.12875,25.366666666666664,52.34,0.31875000000000003,69.44444444444444,0.0
2014-09-15,6.31,30.451666666666668,2.7845833333333334,,36.75333333333334,42.249583333333334,28.133333333333336,28.028125,0.38604166666666667,68.58333333333333,0.0
2014-09-16,4.234583333333333,24.57625,1.38375,,28.78833333333333,56.72833333333333,24.92958333333333,36.86421052631579,0.37083333333333335,64.16666666666667,0.0
2014-09-17,3.7908333333333335,23.353333333333335,0.43333333333333335,,27.114166666666666,75.31541666666666,20.678333333333335,40.0925,0.25333333333333335,37.3125,3.0
2014-09-18,3.13125,24.957083333333333,1.0520833333333333,,28.049583333333334,65.7775,23.8425,52.78916666666667,0.260625,46.666666666666664,0.0
2014-09-19,5.284166666666667,26.214583333333334,2.0058333333333334,,31.485,68.78666666666668,24.306250000000002,54.48041666666666,0.33708333333333335,53.458333333333336,0.0
2014-09-20,2.2845833333333334,21.279999999999998,2.6164583333333336,,23.504166666666666,57.29333333333333,26.3125,77.58083333333333,0.42250000000000004,52.875,8.4
2014-09-21,2.125,18.434166666666666,2.2266666666666666,,20.53625,83.09833333333333,20.704583333333336,47.32583333333333,0.43687499999999996,27.708333333333332,11.2
2014-09-22,2.580833333333333,12.461666666666666,0.055,,15.001249999999999,66.91,20.38083333333333,47.333333333333336,0.19583333333333333,29.0,0.0
2014-09-23,6.680416666666666,24.07041666666667,1.5758333333333334,,30.74208333333333,60.432500000000005,22.415000000000003,53.64541666666667,0.2608333333333333,40.375,0.0
2014-09-24,4.885416666666667,23.272499999999997,2.529166666666667,,28.131666666666664,48.64666666666667,26.034166666666668,76.97208333333333,0.2604166666666667,49.083333333333336,0.0
2014-09-25,3.5966666666666662,31.62125,3.715,,35.229166666666664,63.20583333333334,24.16625,79.28625,0.4045833333333333,72.95833333333333,0.0
2014-09-26,11.331666666666665,43.834583333333335,3.8091666666666666,,55.155,64.55958333333334,24.980416666666667,45.0025,0.5652083333333334,70.95833333333333,3.1999999999999997
2014-09-27,6.39375,23.92625,0.6508333333333334,,30.313333333333333,70.99708333333334,23.909166666666668,50.05291666666667,0.4608333333333334,35.25,0.0
2014-09-28,1.6025,18.00166666666667,0.45708333333333334,,19.54375,70.24833333333333,24.324583333333333,71.3775,0.35375,35.0,0.0
2014-09-29,4.243333333333333,26.93875,6.932916666666667,,31.177083333333332,65.8875,26.679166666666664,55.555,0.42812500000000003,74.25,29.599999999999998
2014-09-30,6.929166666666667,38.84708333333334,1.9541666666666666,,45.76208333333333,76.59125,25.88,31.38666666666667,0.555,51.083333333333336,0.4
2014-10-01,3.9612499999999997,24.993333333333336,2.6670833333333337,,28.93875,64.15791666666667,26.881666666666664,60.831250000000004,0.4075,57.375,0.0
2014-10-02,1.2204166666666667,6.460833333333333,0.47375000000000006,,7.62875,66.80291666666666,22.40625,59.73166666666666,0.1275,17.541666666666668,3.8
2014-10-03,2.38875,11.263333333333334,0.09000000000000001,,13.6175,60.03375,19.882916666666667,50.34708333333333,0.11208333333333333,22.208333333333332,0.4
2014-10-04,2.7870833333333334,16.389166666666664,0.5545833333333333,,19.164166666666667,59.08541666666667,19.357499999999998,41.41125,0.19208333333333336,23.916666666666668,1.0
2014-10-05,2.07625,13.563749999999999,0.5141666666666667,,15.572083333333333,53.74458333333334,19.997083333333332,52.03604166666667,0.17916666666666667,23.104166666666668,0.0
2014-10-06,4.437083333333333,19.08125,1.4070833333333335,,23.477083333333336,52.751666666666665,21.434583333333332,50.093333333333334,0.1725,26.875,0.0
2014-10-07,5.975833333333334,31.70583333333333,2.799583333333333,,37.65375,49.51458333333333,23.515,45.89958333333333,0.25416666666666665,39.75,0.0
2014-10-08,5.631666666666667,30.393333333333334,3.99,,36.00666666666667,47.14041666666666,25.523749999999996,57.21125,0.2866666666666667,45.375,0.0
2014-10-09,6.084583333333334,33.34166666666667,3.8766666666666665,,39.40708333333333,49.83291666666667,26.657916666666665,52.17958333333333,0.33125,50.416666666666664,0.0
2014-10-10,8.754583333333334,37.848333333333336,3.3125,,46.584583333333335,42.22708333333333,29.24208333333333,64.08458333333333,0.44,68.0,0.0
2014-10-11,6.046666666666667,18.57125,1.0254166666666666,,24.576666666666668,45.927083333333336,28.557916666666667,76.91791666666667,0.3970833333333333,65.0,0.0
2014-10-12,2.13,21.74208333333333,1.4395833333333332,,23.84375,65.94208333333334,25.121666666666666,81.47,0.45625,69.29166666666667,0.0
2014-10-13,3.190416666666667,30.607083333333335,1.9679166666666665,,34.935833333333335,55.27625,28.397916666666664,82.20208333333333,0.6262500000000001,85.79166666666667,0.0
2014-10-14,2.165,24.02416666666667,0.6870833333333334,,26.157916666666665,68.20416666666667,24.698333333333334,76.34708333333333,0.4041666666666666,70.08333333333333,0.0
2014-10-15,1.7533333333333332,18.45625,0.25958333333333333,,20.183333333333334,62.017500000000005,26.135833333333334,71.15291666666667,0.3066666666666667,60.625,0.0
2014-10-16,2.51375,27.185833333333335,0.09208333333333334,,29.684166666666666,59.15083333333333,26.94125,71.1225,0.3345833333333333,52.5,0.0
2014-10-17,3.105625,28.874166666666667,0.5247368421052631,,31.965,63.406666666666666,27.25208333333333,70.38625,0.4466666666666667,86.625,0.0
2014-10-18,2.596041666666667,26.710625000000004,3.4904166666666665,,29.24416666666667,65.75458333333334,26.349999999999998,77.350625,0.40041666666666664,67.58333333333333,0.0
2014-10-19,2.3986111111111112,37.90763888888889,3.875625,,40.24347222222222,60.61333333333334,29.387083333333333,93.049375,0.5308695652173913,91.0,9.0
2014-10-20,1.607013888888889,14.495902777777777,1.3658333333333335,,16.064652777777777,68.6675,25.002916666666668,75.34041666666666,,26.854166666666668,14.2
2014-10-21,7.181666666666666,25.554166666666664,0.17208333333333334,,32.67479166666667,75.82333333333334,20.6575,30.255416666666665,,30.875,2.8000000000000003
2014-10-22,3.7521052631578944,21.03421052631579,0.06208333333333333,,24.74,67.67666666666666,20.684583333333332,38.01842105263158,,28.916666666666668,0.6
2014-10-23,4.953333333333333,24.817083333333333,1.7975,,29.678541666666664,55.88375,23.98125,50.773583333333335,,33.125,0.0
2014-10-24,9.687916666666666,41.169374999999995,3.7983333333333333,,50.831041666666664,58.84708333333333,25.79375,57.61954166666666,,56.0,0.0
2014-10-25,5.5320833333333335,26.4325,3.420833333333333,,31.944791666666664,64.98125,24.3875,48.55166666666667,,72.91666666666667,0.0
2014-10-26,5.193461538461539,29.37,0.47208333333333335,,34.52923076923077,70.98291666666667,24.36125,50.52395833333333,,57.333333333333336,9.2
2014-10-27,2.108125,11.766875,0.10833333333333334,,13.77875,66.325,23.749791666666667,41.400625,0.24722222222222223,30.833333333333332,0.2
2014-10-28,9.781842105263157,21.12815789473684,1.0329166666666667,,30.846315789473685,58.44708333333333,23.7625,40.05947368421052,0.25104166666666666,44.875,0.0
2014-10-29,2.4652083333333334,21.958125,2.3427083333333334,,24.39770833333333,52.44958333333333,27.340416666666666,67.319375,0.274375,41.75,0.0
2014-10-30,2.4233333333333333,20.194166666666664,2.36625,,22.592083333333335,42.890416666666674,31.099166666666665,64.29041666666667,0.28791666666666665,42.458333333333336,0.0
2014-10-31,2.40375,20.80333333333333,5.381666666666667,,23.189999999999998,43.36958333333334,31.7775,71.69666666666667,0.35125,47.666666666666664,0.0
2014-11-01,3.6650000000000005,26.145833333333332,3.7633333333333336,,29.77541666666667,49.518750000000004,31.152083333333334,62.76,0.3870833333333333,52.5,0.0
2014-11-02,1.4741666666666668,12.535416666666668,3.85125,,13.971666666666666,60.7075,28.234583333333333,61.931666666666665,0.24666666666666667,43.083333333333336,0.0
2014-11-03,3.089166666666667,22.579166666666666,2.6408333333333336,,25.61708333333333,57.12416666666667,28.746666666666666,63.59,0.27499999999999997,51.5,0.0
2014-11-04,6.107500000000001,26.784166666666664,5.231041666666667,,32.879583333333336,45.418749999999996,30.525833333333335,69.91250000000001,0.30583333333333335,63.25,0.0
2014-11-05,2.4787500000000002,16.850833333333334,6.0808333333333335,,19.260833333333334,53.63458333333333,28.800416666666667,65.33083333333333,0.28958333333333336,55.041666666666664,0.4
2014-11-06,3.5541666666666667,17.113333333333333,1.9037499999999998,,20.64125,73.26708333333333,25.02916666666667,34.814166666666665,0.26666666666666666,35.708333333333336,1.2000000000000002
2014-11-07,2.7933333333333334,21.229166666666668,4.6691666666666665,,23.997083333333332,60.78125,28.353333333333335,75.30125,0.3116666666666667,46.0,0.6
2014-11-08,2.778333333333333,13.482916666666666,3.390416666666667,,16.229166666666668,57.793749999999996,28.037499999999998,68.33583333333333,0.2654166666666667,58.083333333333336,0.6000000000000001
2014-11-09,1.1429166666666666,7.701666666666667,2.658333333333333,,8.79125,70.04,24.672083333333333,54.001666666666665,0.19625,20.083333333333332,4.8
2014-11-10,2.495,11.894166666666665,2.1420833333333333,,14.35125,58.475,25.109583333333333,58.20333333333334,0.2141666666666667,30.375,0.0
2014-11-11,2.8475,16.009583333333335,3.4391666666666665,,18.825,58.754999999999995,25.467083333333335,57.37875,0.22416666666666665,29.875,0.0
2014-11-12,3.5083333333333333,19.257916666666667,5.534166666666667,,22.728333333333335,59.724583333333335,27.506249999999998,59.421666666666674,0.251875,36.1875,6.8
2014-11-13,2.13375,9.69,2.33,,11.78125,61.09041666666667,28.547916666666666,77.89916666666666,0.22541666666666668,44.416666666666664,4.4
2014-11-14,2.65875,14.116666666666667,2.013888888888889,,16.73,80.25458333333334,23.1375,54.553333333333335,0.17416666666666666,23.166666666666668,17.2
2014-11-15,4.5183333333333335,23.312916666666666,2.4408333333333334,,27.82625,81.19208333333333,20.983333333333334,36.23291666666667,0.3145833333333333,20.666666666666668,3.0
2014-11-16,3.5325,17.226666666666667,2.607083333333333,,20.7525,70.03208333333333,22.221666666666668,28.745,0.2891666666666667,27.791666666666668,0.6000000000000001
2014-11-17,3.5237499999999997,15.503750000000002,2.620416666666667,,19.01125,56.22958333333333,23.055000000000003,40.64458333333334,0.18541666666666667,26.583333333333332,0.0
2014-11-18,6.328333333333333,19.182083333333335,2.950833333333333,,25.48625,49.41166666666667,24.70625,46.97,0.22875,34.583333333333336,0.0
2014-11-19,4.184583333333333,23.805833333333336,6.12375,,27.94666666666667,50.01916666666667,26.517916666666665,52.03875,0.2325,40.666666666666664,0.0
2014-11-20,4.222291666666667,22.02416666666667,5.503333333333334,,26.193541666666665,46.91458333333333,27.8925,58.323541666666664,0.23270833333333332,42.0,0.0
2014-11-21,11.1025,39.65,8.268333333333333,,50.737500000000004,50.218333333333334,28.93875,54.9925,0.4383333333333333,73.875,0.0
2014-11-22,6.28125,30.44125,5.077083333333333,,36.70791666666667,56.46958333333333,29.640416666666667,59.081250000000004,0.46458333333333335,63.020833333333336,4.6
2014-11-23,1.5691666666666666,16.875416666666666,2.4579166666666663,,18.405,74.40041666666666,25.734166666666667,49.982499999999995,0.37000000000000005,29.166666666666668,3.4000000000000004
2014-11-24,3.14875,22.633750000000003,1.9620833333333334,,25.75708333333333,75.59625,25.622083333333332,47.21,0.36625,40.541666666666664,0.2
2014-11-25,5.219166666666666,36.325,4.60875,,41.52375,67.04166666666667,28.52,44.806666666666665,0.41124999999999995,55.958333333333336,0.0
2014-11-26,4.247916666666667,17.613333333333333,3.3891666666666667,,21.8225,63.03791666666667,29.120416666666667,35.2875,0.24291666666666667,26.583333333333332,27.0
2014-11-27,3.9604166666666667,13.060833333333333,3.5391666666666666,,16.999583333333334,83.29,24.939999999999998,27.573333333333334,0.24916666666666668,16.041666666666668,9.0
2014-11-28,4.565833333333333,13.090000000000002,2.1170833333333334,,17.597083333333334,78.83916666666667,23.85666666666667,27.93041666666667,0.22041666666666668,31.625,3.0
2014-11-29,4.211250000000001,14.612083333333333,2.283333333333333,,18.793333333333333,71.18916666666667,24.535833333333333,25.8275,0.19708333333333336,22.875,0.0
2014-11-30,1.8270833333333334,12.02375,2.73,,13.836666666666666,68.89999999999999,25.355833333333333,28.60875,0.15958333333333333,23.291666666666668,0.0
2014-12-01,5.340833333333333,22.589583333333334,3.108333333333333,,27.894166666666667,65.18625,28.138333333333335,34.06333333333333,0.2891666666666667,38.166666666666664,1.8
2014-12-02,6.107083333333333,25.755,2.9283333333333332,,31.86375,42.54708333333333,30.627499999999998,37.47541666666667,0.26458333333333334,41.208333333333336,0.0
2014-12-03,10.418333333333335,31.722083333333334,6.1525,,42.123333333333335,47.1675,31.67958333333333,57.903333333333336,0.3279166666666667,63.041666666666664,0.0
2014-12-04,3.829166666666667,17.845,5.4383333333333335,,21.623333333333335,60.97875,28.182916666666667,50.209583333333335,0.2791666666666667,64.75,1.6
2014-12-05,6.524583333333333,11.961666666666666,2.341666666666667,,18.464583333333334,86.35166666666667,21.532916666666665,40.597500000000004,0.21375,26.541666666666668,64.8
2014-12-06,2.143333333333333,13.996250000000002,3.1750000000000003,,16.107083333333332,64.34583333333333,26.474999999999998,57.87125,0.23666666666666666,38.041666666666664,0.0
2014-12-07,2.02625,18.585416666666667,4.09375,,20.577083333333334,59.8025,28.567083333333333,48.10166666666667,0.22624999999999998,27.791666666666668,0.0
2014-12-08,8.265833333333333,26.45625,4.906666666666667,,34.68083333333333,55.98291666666666,29.881666666666664,38.427083333333336,0.315,52.625,0.0
2014-12-09,8.243333333333334,31.214375,4.265416666666667,,39.449375,52.837500000000006,31.352083333333336,55.08875,0.3329166666666667,65.45833333333333,0.0
2014-12-10,8.57625,26.05,5.326875,,34.624583333333334,54.451249999999995,30.40833333333333,45.83541666666667,0.29583333333333334,70.75,0.0
2014-12-11,9.603333333333333,28.53708333333333,6.525833333333334,,38.135,49.562083333333334,31.257916666666663,54.60916666666666,0.3225,61.708333333333336,0.0
2014-12-12,5.539583333333333,21.7825,6.034166666666667,,27.22791666666667,47.80166666666667,31.552083333333332,88.83999999999999,0.3070833333333333,57.333333333333336,0.0
2014-12-13,2.4358333333333335,17.636666666666667,3.169166666666667,,20.045416666666664,66.69541666666667,27.6875,50.437916666666666,0.29125,22.166666666666668,49.0
2014-12-14,1.3975,9.4625,2.4770833333333333,,10.82625,70.47916666666667,27.281666666666666,45.324999999999996,0.21083333333333334,16.166666666666668,9.6
2014-12-15,2.407083333333333,8.272499999999999,2.892916666666667,,10.647083333333333,63.80625,25.234166666666667,32.22208333333334,0.14708333333333334,30.083333333333332,2.8
2014-12-16,2.4541666666666666,11.690833333333332,3.0254166666666666,,14.126666666666667,55.668749999999996,25.657083333333333,41.79708333333333,0.1525,30.666666666666668,0.0
2014-12-17,4.807916666666666,23.844375,5.818333333333334,,28.635833333333334,52.19958333333333,27.328333333333333,53.32458333333333,0.21625000000000003,41.6875,0.0
2014-12-18,2.8974999999999995,20.6275,4.3325000000000005,,23.498333333333335,51.013749999999995,29.439583333333335,79.05541666666666,0.2125,58.208333333333336,0.0
2014-12-19,2.1491666666666664,12.509583333333333,2.6962499999999996,,14.625,61.45166666666666,28.455,68.83541666666666,0.23791666666666667,48.916666666666664,0.0
2014-12-20,3.5004166666666663,30.6525,3.5404166666666668,,34.13458333333333,58.634166666666665,30.292916666666667,52.37083333333334,0.48583333333333334,54.416666666666664,0.0
2014-12-21,2.9462500000000005,21.937916666666666,3.29875,,24.841250000000002,50.388749999999995,32.27291666666667,42.25125,0.40375,37.041666666666664,8.799999999999999
2014-12-22,2.786666666666667,10.060416666666667,2.8212499999999996,,12.777916666666668,54.98833333333334,31.368333333333336,43.04291666666666,0.2404166666666667,23.0,7.6
2014-12-23,3.3466666666666662,15.933749999999998,2.7475,,19.267083333333332,76.47083333333333,27.24625,31.68375,0.32125,21.333333333333332,3.0
2014-12-24,2.212083333333333,9.810416666666667,1.6820833333333332,,12.002916666666666,75.02,26.090833333333332,33.39125,0.2125,19.125,0.0
2014-12-25,1.5054166666666668,13.952083333333334,4.031666666666667,,15.385833333333332,66.76916666666666,28.57875,64.52083333333333,0.26625000000000004,24.541666666666668,0.0
2014-12-26,2.689583333333333,19.072916666666668,3.6062499999999997,,21.75208333333333,62.04583333333333,30.070833333333336,53.89458333333334,0.25708333333333333,34.041666666666664,0.0
2014-12-27,4.647083333333334,26.49083333333333,6.512083333333333,,31.099999999999998,57.09708333333333,31.0575,69.96208333333333,0.35708333333333336,45.833333333333336,0.0
2014-12-28,2.03375,21.159166666666668,4.582916666666667,,23.124166666666667,48.155,32.666666666666664,61.61166666666667,0.3529166666666667,39.791666666666664,0.0
2014-12-29,1.4154166666666665,15.503333333333332,5.445416666666667,,16.884583333333335,46.19875,32.32833333333333,83.35041666666667,0.28791666666666665,35.333333333333336,0.0
2014-12-30,2.11625,17.584166666666665,3.504583333333333,,19.626666666666665,53.10333333333333,31.916666666666668,90.48833333333333,0.29250000000000004,35.125,3.1999999999999997
2014-12-31,1.6488235294117648,12.83470588235294,3.563529411764706,,14.437058823529412,47.075294117647054,32.379411764705885,60.86470588235294,0.26,23.0,1.7999999999999998
2015-01-01,1.4749999999999999,13.604166666666666,3.0279166666666666,,15.0775,42.32458333333333,33.76833333333333,76.86541666666666,0.26125,23.916666666666668,0.0
2015-01-02,1.4566666666666668,19.565833333333334,3.550416666666667,,21.021041666666665,42.54875,34.99583333333333,79.33083333333333,0.28729166666666667,25.666666666666668,0.0
2015-01-03,1.193125,7.183541666666667,1.95125,,8.377291666666666,59.37958333333333,30.170833333333334,67.32125,0.18666666666666668,18.333333333333332,0.0
2015-01-04,1.6120833333333333,17.46625,3.043333333333333,,19.077083333333334,68.35708333333334,28.606666666666666,54.61541666666667,0.12916666666666668,28.041666666666668,11.200000000000001
2015-01-05,2.1845833333333333,19.828125,2.3608333333333333,,22.009375000000002,79.01333333333334,26.38,56.10041666666667,0.36833333333333335,18.5,24.0
2015-01-06,6.4225,31.845,2.6233333333333335,,38.266666666666666,68.92958333333333,28.660416666666666,43.653333333333336,0.35041666666666665,36.458333333333336,0.0
2015-01-07,5.1175,29.280833333333334,3.6300000000000003,,34.39958333333333,53.13833333333333,32.16916666666666,54.54,0.26916666666666667,35.875,0.0
2015-01-08,2.86875,23.45875,4.002083333333333,,26.32625,44.723749999999995,33.221250000000005,74.8775,0.23958333333333334,41.708333333333336,0.0
2015-01-09,3.80625,29.37625,3.2099999999999995,,33.185,41.3325,34.1,58.60708333333333,0.3358333333333334,49.458333333333336,0.0
2015-01-10,2.955416666666667,21.472916666666666,4.72,,24.43041666666667,37.11,34.08625,75.84958333333334,0.33249999999999996,45.416666666666664,0.0
2015-01-11,1.3695833333333332,16.650625,3.92625,,18.02,47.22,33.47541666666667,95.41291666666666,0.34791666666666665,41.5,0.0
2015-01-12,2.3016666666666667,22.816458333333333,4.039722222222222,,25.11916666666667,42.91,34.869166666666665,98.28895833333333,0.3758333333333333,59.375,0.0
2015-01-13,2.2816666666666667,18.453958333333333,3.1443478260869564,,20.736875,45.73875,34.24791666666667,78.06625,0.33916666666666667,49.083333333333336,0.0
2015-01-14,3.479583333333333,22.30666666666667,3.44,,25.78708333333333,52.92625,33.450833333333335,58.78,0.3429166666666667,65.58333333333333,0.0
2015-01-15,5.976041666666667,25.041666666666668,3.622916666666667,,31.017083333333332,53.00125,32.989583333333336,51.77875,0.443125,92.125,0.0
2015-01-16,2.7145833333333336,17.191875,2.4225,,19.905625,57.26833333333334,31.959166666666665,64.94958333333334,0.30083333333333334,57.208333333333336,0.0
2015-01-17,4.722708333333333,28.27479166666667,4.373125,,32.996249999999996,45.31458333333333,32.74916666666667,61.53458333333333,0.3804166666666666,58.458333333333336,0.0
2015-01-18,1.3939583333333332,19.375833333333333,2.5627083333333336,,20.770208333333333,48.718333333333334,32.87083333333333,67.83708333333333,0.4575,57.333333333333336,0.0
2015-01-19,2.2490277777777776,25.410069444444446,4.800208333333333,,27.656944444444445,51.63375,32.833333333333336,94.91708333333334,0.45375000000000004,78.95833333333333,0.0
2015-01-20,1.8724305555555556,16.25326388888889,2.8664583333333336,,18.77284722222222,51.8225,32.746249999999996,60.67526315789473,0.33041666666666664,52.895833333333336,0.0
2015-01-21,2.814166666666667,12.461041666666667,3.204791666666667,,15.274375,55.788333333333334,32.005833333333335,64.88166666666667,0.26333333333333336,59.25,0.0
2015-01-22,4.521319444444445,15.682569444444445,2.3583333333333334,,20.203888888888887,65.38645833333334,27.89125,48.79458333333333,0.2604166666666667,34.583333333333336,10.8
2015-01-23,3.0180555555555557,20.840347222222224,1.9485416666666666,,23.858611111111113,63.877916666666664,27.366666666666664,53.497083333333336,0.3016666666666667,33.708333333333336,0.0
2015-01-24,1.79875,18.251041666666666,3.3679166666666664,,20.046666666666667,61.206250000000004,28.295833333333334,52.335,0.29125,32.625,0.0
2015-01-25,1.9647916666666667,15.104583333333332,3.2225,,17.071458333333332,50.74166666666667,30.15125,53.54333333333333,0.27625,25.458333333333332,2.4000000000000004
2015-01-26,3.0245833333333336,16.793333333333333,2.339166666666667,,19.816666666666666,55.45708333333334,30.28333333333333,45.2475,0.31083333333333335,33.541666666666664,0.8
2015-01-27,5.229375,25.929166666666664,4.454583333333333,,31.156875,55.931666666666665,30.815416666666664,59.68333333333334,0.34708333333333335,40.625,1.0
2015-01-28,3.604791666666667,29.249791666666667,3.013333333333333,,32.85541666666666,66.56416666666667,29.30125,48.181666666666665,0.42416666666666664,41.625,34.4
2015-01-29,4.731875,25.411458333333332,2.8045833333333334,,30.145833333333332,53.178333333333335,33.05625,46.51458333333333,0.29416666666666663,51.25,0.0
2015-01-30,2.4029166666666666,16.768541666666668,3.3818750000000004,,19.172291666666666,53.21416666666667,31.675416666666667,53.607499999999995,0.31708333333333333,40.958333333333336,0.0
2015-01-31,2.613958333333333,11.213333333333333,2.9839583333333333,,13.828125,73.96583333333334,27.5,41.075833333333335,0.21083333333333334,18.166666666666668,48.8
2015-02-01,1.7170833333333333,11.895208333333334,2.8402083333333334,,13.611875,70.34541666666667,28.92,39.319583333333334,0.24125,23.75,5.2
2015-02-02,3.8804166666666666,25.970416666666665,3.7395833333333335,,29.851249999999997,77.28875000000001,25.145,25.67833333333333,0.32208333333333333,28.583333333333332,4.3999999999999995
2015-02-03,3.2183333333333333,20.768125,2.707708333333333,,23.985208333333333,66.74624999999999,27.416666666666668,48.765416666666674,0.2925,35.083333333333336,1.2000000000000002
2015-02-04,8.269583333333333,26.881874999999997,1.6408333333333334,,35.149375,67.90708333333333,26.993750000000002,45.09,0.36833333333333335,70.16666666666667,2.0
2015-02-05,2.754583333333333,22.269583333333333,3.596041666666667,,25.02208333333333,67.06333333333333,26.93375,29.81833333333333,0.35375,31.375,0.0
2015-02-06,8.084999999999999,23.201666666666668,2.191666666666667,,31.28833333333333,74.70458333333333,25.834999999999997,24.805833333333336,0.41500000000000004,33.785714285714285,20.4
2015-02-07,2.7575000000000003,14.8675,2.5710416666666664,,17.624375,70.34333333333333,26.580416666666665,33.90708333333333,0.31666666666666665,18.208333333333332,0.8
2015-02-08,5.517499999999999,19.388749999999998,3.1195833333333334,,24.907083333333333,73.5225,26.985833333333332,41.684999999999995,0.3729166666666666,24.833333333333332,31.6
2015-02-09,8.0075,30.08458333333333,2.9097916666666666,,38.09291666666667,73.86041666666667,27.525833333333335,30.94,0.46875,35.791666666666664,7.2
2015-02-10,6.193888888888889,27.57777777777778,1.7727083333333333,,33.76972222222222,63.245416666666664,30.3075,29.123333333333335,0.44208333333333333,68.41666666666667,0.0
2015-02-11,5.042916666666667,23.818749999999998,4.054736842105263,,28.86583333333333,54.39125000000001,32.39,43.987500000000004,0.46541666666666665,43.895833333333336,3.4
2015-02-12,3.685833333333333,24.295,3.028541666666667,,27.98,48.19083333333333,33.67916666666667,43.208333333333336,0.30083333333333334,45.916666666666664,0.0
2015-02-13,1.9214583333333335,15.584166666666667,3.1822916666666665,,17.509375000000002,49.94166666666666,33.36375,66.21208333333333,0.31625,41.583333333333336,0.0
2015-02-14,1.3947916666666667,11.025625,2.362083333333333,,12.420208333333335,66.96458333333334,29.617083333333337,56.73541666666667,0.24958333333333335,25.583333333333332,47.199999999999996
2015-02-15,1.4247916666666667,12.846874999999999,1.7741666666666667,,14.271875,74.98541666666667,27.674166666666665,48.63958333333333,0.2629166666666667,18.416666666666668,8.2
2015-02-16,1.5733333333333333,16.195416666666667,2.0141666666666667,,17.770833333333332,79.40791666666667,26.492500000000003,37.35791666666667,0.29458333333333336,17.791666666666668,1.0
2015-02-17,2.0524999999999998,16.62,2.2954166666666667,,18.673333333333336,75.72291666666666,28.02208333333333,33.746249999999996,0.2758333333333333,24.75,0.4
2015-02-18,3.4093750000000003,16.513749999999998,2.5502083333333334,,19.922916666666666,67.46249999999999,28.41916666666667,24.85625,0.24375,31.291666666666668,0.6000000000000001
2015-02-19,3.0085416666666664,16.29125,3.6802083333333333,,19.300416666666667,47.43,31.45,36.23,0.24750000000000003,43.125,0.2
2015-02-20,5.889583333333333,24.325208333333332,3.1910416666666666,,30.217083333333335,50.57708333333333,32.509166666666665,39.49458333333333,0.30416666666666664,54.041666666666664,0.0
2015-02-21,2.9370833333333333,20.962708333333335,2.47,,23.902291666666667,53.91958333333333,31.364583333333332,60.12916666666666,0.32,54.375,0.2
2015-02-22,2.2116666666666664,11.631666666666668,2.542708333333333,,13.84375,56.89958333333333,30.590416666666666,44.806666666666665,0.16416666666666666,30.0,0.0
2015-02-23,3.2904166666666668,14.809166666666668,3.1320833333333336,,18.09875,59.59625,30.522499999999997,37.59791666666667,0.1779166666666667,32.666666666666664,0.2
2015-02-24,2.935,16.99354166666667,2.9022916666666667,,19.928749999999997,53.8125,31.185833333333335,57.8825,0.20166666666666666,38.125,0.0
2015-02-25,4.589791666666667,24.061875,1.369375,,28.652916666666666,55.38666666666666,30.912499999999998,44.89541666666667,0.34041666666666665,58.708333333333336,0.0
2015-02-26,3.158125,21.94395833333333,4.10625,,25.102708333333336,55.11208333333334,30.459166666666665,53.715833333333336,0.32458333333333333,46.583333333333336,0.0
2015-02-27,2.14125,19.684166666666666,3.502708333333333,,21.823333333333334,52.88125,31.210416666666664,67.16541666666667,0.31708333333333333,47.541666666666664,0.0
2015-02-28,1.7368750000000002,10.565208333333333,2.5747916666666666,,12.303125,66.53833333333334,28.379166666666666,46.5225,0.2020833333333333,26.875,0.4
2015-03-01,1.2129166666666666,5.859375,3.6327083333333334,,7.074791666666667,59.07458333333333,27.660416666666666,40.20333333333333,0.08958333333333333,29.0,0.0
2015-03-02,3.1875,13.114791666666667,3.2841666666666662,,16.30333333333333,56.64958333333333,27.952083333333334,37.535833333333336,0.14625000000000002,34.8125,0.0
2015-03-03,3.5879166666666666,16.16625,2.816875,,19.755416666666665,57.44208333333333,28.752499999999998,40.74583333333333,0.1731578947368421,33.916666666666664,0.0
2015-03-04,3.8754166666666667,20.932291666666668,2.9031249999999997,,24.807916666666667,60.39458333333334,29.438333333333333,38.5475,0.10375000000000001,32.125,0.0
2015-03-05,5.967083333333334,28.077916666666667,4.169791666666667,,34.046875,56.72,30.738333333333333,58.63916666666666,0.26833333333333337,42.625,0.0
2015-03-06,4.72608695652174,27.901739130434784,6.726666666666667,,32.62891304347826,57.24208333333333,30.93541666666667,69.05958333333334,0.2997916666666667,60.75,0.0
2015-03-07,3.3549999999999995,27.881,5.417083333333333,,31.236,71.03208333333333,27.479166666666668,60.55375,0.3770833333333334,29.208333333333332,0.0
2015-03-08,2.8045833333333334,22.08375,3.7127083333333335,,24.889166666666668,70.84041666666667,27.83458333333333,47.43666666666667,0.34125,19.291666666666668,0.0
2015-03-09,8.51375,25.271666666666665,4.73921052631579,,33.78541666666667,79.59041666666667,26.546666666666667,28.974166666666665,0.44166666666666665,26.375,0.0
2015-03-10,13.271666666666667,33.60791666666667,3.8845833333333335,,46.8775,72.45416666666667,27.439166666666665,14.968333333333334,0.49416666666666664,44.666666666666664,0.0
2015-03-11,5.473333333333334,25.922291666666666,5.408125000000001,,31.39645833333333,62.76499999999999,29.29041666666667,29.629583333333333,0.3925,35.958333333333336,0.0
2015-03-12,3.8043750000000003,22.022499999999997,2.301041666666667,,25.828333333333333,68.22625000000001,28.468333333333334,34.8825,0.35333333333333333,55.083333333333336,0.0
2015-03-13,5.9937499999999995,25.482916666666668,3.545833333333333,,31.473333333333333,70.70833333333333,28.737916666666667,46.69291666666667,0.4175,51.75,0.0
2015-03-14,3.24625,21.005416666666665,1.626875,,24.251458333333332,73.18625,27.995,55.55041666666667,0.4320833333333334,43.916666666666664,0.0
2015-03-15,1.9420833333333334,20.776458333333334,5.847291666666667,,22.718125,68.28583333333333,29.663749999999997,75.24166666666666,0.41375,52.458333333333336,0.0
2015-03-16,2.7017708333333332,16.442708333333332,3.926458333333333,,19.1459375,65.325,29.248333333333335,76.1475,0.3354166666666667,46.541666666666664,0.0
2015-03-17,6.074479166666666,24.08604166666667,2.3683333333333336,,30.161770833333332,82.61416666666666,23.948333333333334,27.796666666666667,0.40375,20.708333333333332,0.0
2015-03-18,7.52625,27.3575,3.5529166666666665,,34.884166666666665,74.68666666666667,27.0575,36.02375,0.38083333333333336,49.291666666666664,0.0
2015-03-19,5.141666666666667,19.469166666666666,2.2591666666666668,,24.6125,68.66833333333334,28.354583333333334,32.90291666666666,0.26125000000000004,52.5625,0.0
2015-03-20,6.515833333333333,22.7925,2.693611111111111,,29.30666666666667,67.63333333333334,28.374166666666667,30.801666666666666,0.2625,31.708333333333332,0.0
2015-03-21,5.360833333333333,25.939583333333335,2.990625,,31.30125,74.32291666666667,26.523750000000003,21.573333333333334,0.38208333333333333,33.416666666666664,1.4
2015-03-22,1.7843749999999998,11.960208333333334,1.9375,,13.745833333333332,74.57166666666667,26.281666666666666,45.52458333333333,0.24833333333333332,18.041666666666668,82.8
2015-03-23,5.164583333333334,19.541875,2.0345833333333334,,24.708125,89.32458333333334,23.75916666666667,31.48375,0.25916666666666666,20.875,40.4
2015-03-24,6.030833333333334,20.918541666666666,2.6575,,26.94729166666667,75.72958333333334,26.050833333333333,26.35375,0.25958333333333333,38.416666666666664,0.0
2015-03-25,4.37875,20.260833333333334,3.6999999999999997,,24.637083333333333,68.54291666666667,26.939166666666665,36.56333333333333,0.24208333333333334,39.541666666666664,0.0
2015-03-26,8.582083333333333,33.13791666666666,5.140833333333333,,41.72,63.97833333333333,28.627916666666668,48.78125,0.33208333333333334,50.208333333333336,0.0
2015-03-27,4.235416666666667,20.486875,3.502291666666667,,24.719166666666666,70.05875,28.49416666666667,45.981249999999996,0.29583333333333334,51.25,0.0
2015-03-28,3.3018750000000003,23.837708333333335,3.8920833333333333,,27.139166666666668,68.40916666666666,27.984583333333333,43.15166666666667,0.35916666666666663,48.791666666666664,0.0
2015-03-29,2.7452083333333337,17.494583333333335,5.675833333333333,,20.23875,77.68083333333333,27.426666666666666,41.79708333333333,0.2891666666666666,30.291666666666668,61.400000000000006
2015-03-30,5.317916666666667,32.1625,3.473333333333333,,37.47875,81.18541666666667,27.978333333333335,39.10958333333333,0.37916666666666665,34.125,0.4
2015-03-31,6.3429166666666665,23.742083333333337,3.45375,,30.08458333333333,67.59041666666667,29.1275,30.85166666666667,0.34625,44.25,0.0
2015-04-01,2.881979166666667,11.898854166666666,2.986666666666667,,14.77875,68.16541666666667,27.77208333333333,41.312083333333334,0.20875,35.791666666666664,0.0
2015-04-02,4.530104166666667,13.168229166666668,3.0483333333333333,,17.696458333333336,68.81833333333333,26.25208333333333,37.22833333333333,0.19958333333333333,27.041666666666668,0.4
2015-04-03,7.389375,21.142708333333335,3.31375,,28.53125,62.34458333333333,26.282916666666665,44.92124999999999,0.28250000000000003,24.916666666666668,0.0
2015-04-04,3.0152083333333333,22.44125,5.062083333333333,,25.454583333333332,56.244166666666665,28.175416666666667,55.536249999999995,0.2708333333333333,29.333333333333332,0.0
2015-04-05,2.707708333333333,23.838958333333334,4.695,,26.548541666666665,66.87208333333334,28.739166666666666,47.01,0.3475,35.708333333333336,16.4
2015-04-06,2.120416666666667,9.032291666666667,2.4012499999999997,,11.153541666666667,68.3525,27.85875,44.681666666666665,0.16666666666666666,20.458333333333332,12.0
2015-04-07,7.316041666666667,16.745625,3.4254166666666666,,24.063958333333332,82.4475,22.695416666666663,29.175416666666667,0.2866666666666667,21.208333333333332,40.0
2015-04-08,7.257916666666667,23.116249999999997,3.1975,,30.37375,64.88916666666667,25.001666666666665,35.46875,0.2091666666666667,34.208333333333336,0.0
2015-04-09,7.522083333333334,20.198541666666667,3.5225000000000004,,27.719791666666666,64.19291666666668,25.792083333333334,35.96875,0.21416666666666664,32.625,0.0
2015-04-10,7.358750000000001,20.673958333333335,4.22125,,28.032083333333333,58.925000000000004,26.557083333333335,41.634166666666665,0.2125,30.583333333333332,0.0
2015-04-11,4.498541666666667,26.04479166666667,5.89875,,30.542708333333334,59.159166666666664,26.82541666666667,62.555,0.3075,36.25,0.0
2015-04-12,2.6552083333333334,25.204583333333332,3.6750000000000003,,27.858958333333334,65.49499999999999,26.535,60.36416666666667,0.36000000000000004,41.458333333333336,0.0
2015-04-13,3.453333333333333,27.924791666666668,4.338333333333334,,31.378125,61.80708333333334,26.383750000000003,54.61166666666667,0.33958333333333335,46.125,0.0
2015-04-14,5.760625,29.86520833333333,3.1370833333333334,,35.6225,56.64291666666667,27.510416666666668,52.834583333333335,0.3116666666666667,40.75,0.0
2015-04-15,5.928333333333334,38.087291666666665,5.014166666666667,,44.01479166666667,58.92291666666667,28.829583333333332,55.59708333333333,0.4070833333333333,59.895833333333336,0.0
2015-04-16,3.3077083333333337,16.754166666666666,3.8204166666666666,,20.058541666666667,66.42666666666666,27.899583333333336,68.10333333333334,0.3358333333333334,50.625,0.0
2015-04-17,3.7689583333333334,18.672291666666666,2.6441666666666666,,22.440625,79.085,26.491666666666664,41.01416666666667,0.30333333333333334,30.0,37.800000000000004
2015-04-18,3.4145833333333333,26.322916666666668,5.492083333333333,,29.737916666666667,64.09833333333334,29.51125,53.62041666666667,0.44333333333333336,40.916666666666664,0.0
2015-04-19,1.8596527777777778,14.854375,4.06,,16.714444444444442,73.43833333333333,28.352083333333336,51.56125,0.3670833333333334,31.875,0.2
2015-04-20,3.594722222222222,31.72583333333333,6.814166666666666,,35.32138888888889,67.89166666666667,30.02541666666667,74.38,0.5179166666666667,51.291666666666664,0.0
2015-04-21,2.192083333333333,15.183749999999998,2.308333333333333,,17.37375,68.315,29.635416666666668,48.74916666666667,0.32208333333333333,29.125,0.0
2015-04-22,7.81,18.955833333333334,2.4566666666666666,,26.76875,86.63458333333334,24.71291666666667,23.119583333333335,0.25416666666666665,12.916666666666666,17.4
2015-04-23,7.58125,21.27875,3.845,,28.859166666666667,77.49208333333333,25.457916666666666,20.44,0.19000000000000003,35.416666666666664,0.0
2015-04-24,4.941666666666666,21.898541666666663,7.077916666666667,,26.841458333333332,68.50666666666667,27.626666666666665,42.437083333333334,0.2304166666666667,36.958333333333336,0.0
2015-04-25,1.0977083333333333,5.638125,2.3354166666666667,,6.736666666666667,71.21416666666667,25.577083333333334,51.245000000000005,0.16125,19.375,1.2
2015-04-26,2.6833333333333336,12.668750000000001,2.4379166666666667,,15.352708333333332,82.66416666666667,23.15041666666667,27.883333333333336,0.29541666666666666,15.708333333333334,14.6
2015-04-27,6.714375,19.814791666666668,3.0749999999999997,,26.527083333333334,73.86625,24.820833333333336,24.59166666666667,0.2091666666666667,23.083333333333332,0.0
2015-04-28,8.110416666666667,30.436666666666667,8.23625,,38.54770833333333,65.02166666666666,26.660416666666666,31.010416666666668,0.30333333333333334,39.458333333333336,0.0
2015-04-29,4.398750000000001,17.173958333333335,2.44,,21.571875000000002,71.32583333333334,25.35375,30.09875,0.23666666666666666,30.208333333333332,0.0
2015-04-30,9.271666666666667,26.063333333333333,3.465,,35.330625,82.7175,21.698333333333334,13.950000000000001,0.3491666666666667,23.0,9.4
2015-05-01,4.062916666666667,16.595833333333335,3.0695833333333336,,20.66,68.52916666666667,23.81125,39.62625,0.19791666666666666,25.833333333333332,0.0
2015-05-02,3.18875,21.893958333333334,4.422083333333333,,25.084166666666665,64.11749999999999,25.8225,49.3825,0.23375,35.291666666666664,0.0
2015-05-03,4.36125,23.438541666666666,4.278333333333333,,27.798333333333332,60.76166666666666,28.301666666666666,37.22125,0.3466666666666667,28.458333333333332,0.4
2015-05-04,3.422916666666666,17.215833333333332,2.7762499999999997,,20.64166666666667,55.36208333333334,28.905416666666667,40.13708333333333,0.27458333333333335,34.375,2.4
2015-05-05,2.8535416666666666,12.478402777777779,3.7229166666666664,,15.330277777777779,74.74625,24.569999999999997,40.24791666666667,0.18291666666666664,17.75,20.799999999999997
2015-05-06,11.656041666666667,28.120555555555555,3.92375,,39.77430555555556,76.78333333333333,22.380416666666665,14.148333333333333,0.31916666666666665,33.666666666666664,0.0
2015-05-07,13.359791666666666,23.66479166666667,5.280588235294117,,37.022083333333335,69.24520833333334,23.881666666666664,29.415833333333335,0.3781818181818182,35.708333333333336,0.0
2015-05-08,13.214166666666666,28.405833333333334,3.4358333333333335,,41.61666666666667,75.77875,21.494583333333335,20.757916666666667,0.4604166666666667,33.291666666666664,12.8
2015-05-09,18.087500000000002,28.089166666666667,6.243333333333333,,46.17791666666667,66.14666666666666,23.80333333333333,31.526666666666667,0.5029166666666667,40.0,0.0
2015-05-10,4.905,28.385833333333334,5.783333333333334,,33.28791666666667,65.76416666666667,25.07166666666667,45.86708333333333,0.45,38.625,0.2
2015-05-11,2.4408333333333334,16.26625,3.8681249999999996,,18.7075,70.14625,25.287916666666664,41.461666666666666,0.21583333333333332,21.083333333333332,9.8
2015-05-12,3.7264583333333334,12.560625,3.5075000000000003,,16.290208333333332,73.33375,24.147499999999997,44.40541666666667,0.18625,21.416666666666668,12.2
2015-05-13,6.68375,20.164166666666667,1.7995833333333333,,26.848125,79.01375,22.84375,22.007916666666663,0.11875000000000001,31.875,4.4
2015-05-14,9.00125,22.510625,2.7395833333333335,,31.511041666666667,72.97125,22.5925,24.052083333333332,0.18083333333333332,32.708333333333336,5.6
2015-05-15,10.125,21.577083333333334,4.5720833333333335,,31.69875,64.03458333333333,23.446250000000003,30.01833333333333,0.24666666666666667,34.541666666666664,0.0
2015-05-16,7.290833333333333,23.296875,4.4575000000000005,,30.585833333333337,68.45208333333333,23.45375,30.235416666666666,0.18125000000000002,29.375,0.0
2015-05-17,5.922916666666667,20.269166666666667,4.2124999999999995,,26.1925,65.12458333333333,24.9525,36.445,0.22791666666666666,29.333333333333332,0.0
2015-05-18,13.784791666666665,33.963125,4.78,,47.74770833333333,66.71708333333333,24.639583333333334,17.251250000000002,0.36874999999999997,48.166666666666664,0.0
2015-05-19,8.363333333333333,32.13791666666666,4.56,,40.50083333333333,70.90083333333332,24.890833333333333,19.958333333333332,0.2754166666666667,35.395833333333336,0.6
2015-05-20,9.831458333333332,28.237916666666667,4.128125,,38.08541666666667,65.98125,24.902083333333334,21.76125,0.31181818181818177,43.583333333333336,0.0
2015-05-21,4.216666666666667,24.903750000000002,2.7933333333333334,,29.122291666666666,64.64041666666667,25.34958333333333,29.21375,0.2354166666666667,37.208333333333336,0.0
2015-05-22,8.45375,30.37375,4.4125000000000005,,38.82416666666666,62.090833333333336,25.506249999999998,30.174583333333334,0.27666666666666667,42.333333333333336,0.0
2015-05-23,10.135416666666666,29.786666666666665,6.260416666666667,,39.92166666666667,61.20916666666667,24.645,26.837083333333336,0.43124999999999997,47.458333333333336,0.0
2015-05-24,4.772916666666667,21.169583333333332,4.9375,,25.942916666666665,56.482499999999995,26.25208333333333,33.72125,0.52625,48.25,0.0
2015-05-25,15.792291666666666,46.39895833333333,5.304166666666666,,62.18666666666667,58.28375,27.026666666666667,36.5225,0.7408333333333333,90.75,0.0
2015-05-26,3.2295833333333337,25.397916666666664,3.62125,,28.627499999999998,70.17416666666666,25.646666666666665,45.451249999999995,0.4266666666666667,54.5,0.0
2015-05-27,14.837916666666667,43.787083333333335,8.058333333333334,,58.625416666666666,63.895833333333336,26.665833333333335,41.39833333333333,0.63875,72.04166666666667,0.0
2015-05-28,9.12,29.050416666666667,5.035833333333334,,38.166666666666664,55.372083333333336,27.427083333333332,35.02645833333333,0.5492307692307693,61.645833333333336,0.8
2015-05-29,12.920208333333335,33.07875,3.901666666666667,,45.998333333333335,68.60333333333334,23.7075,22.325833333333335,,44.25,1.4
2015-05-30,6.817916666666666,37.52583333333333,4.715,,44.34125,68.84291666666667,22.99291666666667,37.308749999999996,,55.375,0.0
2015-05-31,8.386666666666667,37.024166666666666,4.3825,,45.40833333333333,79.83041666666666,21.674583333333334,16.487916666666667,,44.625,3.4000000000000004
2015-06-01,2.649583333333333,12.388333333333334,2.7266666666666666,,15.036041666666668,77.79041666666667,21.75583333333333,45.22416666666667,,28.375,0.6
2015-06-02,9.863958333333333,27.265833333333333,3.202916666666667,,37.12979166666667,79.43666666666667,20.714166666666667,22.61125,0.42000000000000004,24.916666666666668,0.6000000000000001
2015-06-03,9.712916666666667,34.35458333333333,4.3500000000000005,,44.06791666666667,61.002916666666664,23.146666666666665,28.908749999999998,0.26375,42.041666666666664,0.0
2015-06-04,8.317916666666667,31.415000000000003,3.7304166666666667,,39.73166666666667,63.824999999999996,23.221666666666668,33.285000000000004,0.4458333333333333,41.25,0.0
2015-06-05,16.49125,43.40083333333333,6.165416666666666,,59.89416666666667,66.93875,23.33,42.92291666666667,0.6891666666666666,68.83333333333333,0.0
2015-06-06,14.425416666666665,36.0525,6.010833333333333,,50.47666666666667,62.63166666666667,25.63208333333333,18.824583333333333,0.6666666666666666,60.666666666666664,0.0
2015-06-07,12.958541666666667,26.157083333333333,3.3516666666666666,,39.11604166666667,56.1775,25.841250000000002,27.22458333333333,0.7091666666666666,54.208333333333336,0.0
2015-06-08,18.920625,37.67729166666667,4.545833333333333,,56.59833333333333,55.093333333333334,25.525833333333335,30.540000000000003,0.7245833333333334,80.08333333333333,0.0
2015-06-09,18.12125,37.01833333333334,3.689583333333333,,55.14666666666667,52.86000000000001,25.026666666666667,27.814999999999998,0.685,72.75,0.0
2015-06-10,18.816875,37.19229166666667,3.75,,56.009166666666665,47.29750000000001,25.464166666666667,31.2625,0.6229166666666667,68.70833333333333,0.0
2015-06-11,29.9025,44.24916666666667,4.435416666666667,,74.15083333333332,48.07083333333333,25.989166666666666,27.587083333333336,0.8833333333333333,96.08333333333333,0.0
2015-06-12,12.516666666666666,26.355416666666667,3.421666666666667,,38.87166666666666,72.24249999999999,22.95625,30.22208333333333,0.5087499999999999,52.25,3.4
2015-06-13,21.32125,33.4775,7.016249999999999,,54.79916666666667,67.20166666666667,25.27541666666667,35.8225,0.8516666666666667,63.125,0.0
2015-06-14,6.535416666666666,21.472083333333334,3.2604166666666665,,28.006874999999997,41.895,28.25125,39.85375,0.5870833333333333,55.0,0.0
2015-06-15,3.214166666666667,12.355416666666665,1.6995833333333332,,15.569375,69.075,23.10291666666667,40.7925,0.23625,20.291666666666668,3.2
2015-06-16,5.68375,24.68958333333333,2.5245833333333336,,30.37229166666667,87.45416666666667,18.96125,23.34166666666667,0.27791666666666665,10.375,5.800000000000001
2015-06-17,13.573749999999999,30.955833333333334,3.589166666666667,,44.52875,73.575,23.264583333333334,26.815416666666668,0.41583333333333333,45.375,0.0
2015-06-18,19.786180555555557,24.883750000000003,3.86,,44.672152777777775,64.56125,26.165000000000003,28.15625,0.6591666666666667,66.1875,0.0
2015-06-19,4.146944444444444,16.665833333333335,1.5199999999999998,,20.811805555555555,85.61291666666666,20.047916666666666,39.7525,0.2816666666666667,10.0,29.8
2015-06-20,2.9120833333333334,19.432291666666668,2.9179166666666667,,22.339583333333334,72.48541666666667,19.857083333333332,37.54208333333333,0.16666666666666666,19.416666666666668,0.8
2015-06-21,7.495,26.464583333333334,5.034166666666667,,33.96083333333333,62.322916666666664,21.16625,29.267916666666665,0.34125,30.458333333333332,0.0
2015-06-22,24.589583333333334,40.84291666666667,5.952500000000001,,65.42333333333333,64.85666666666667,22.535833333333333,13.57,0.6533333333333333,59.083333333333336,0.0
2015-06-23,24.588541666666668,19.077083333333334,3.97125,,43.66458333333333,63.077916666666674,24.131666666666664,25.132499999999997,0.44708333333333333,42.208333333333336,0.0
2015-06-24,2.43,12.155833333333334,2.9225,,14.584583333333335,84.86708333333333,19.50875,28.65125,0.30875,17.25,29.400000000000002
2015-06-25,2.8958333333333335,12.974583333333333,4.040416666666666,,15.870208333333332,78.38166666666667,18.444583333333334,22.886666666666667,0.2541666666666667,22.375,3.8000000000000003
2015-06-26,12.518125,12.860624999999999,4.212083333333333,,25.378541666666667,69.71166666666666,19.493333333333336,30.40125,0.45875,39.083333333333336,0.0
2015-06-27,4.120833333333334,11.197916666666666,1.8058333333333334,,15.320416666666667,69.55333333333333,20.471666666666668,32.23458333333333,0.37000000000000005,32.291666666666664,0.0
2015-06-28,1.5970833333333332,9.471666666666666,3.450416666666667,,11.070833333333333,66.90625,21.587083333333336,42.72958333333333,0.2970833333333333,26.875,0.0
2015-06-29,12.282916666666667,17.067083333333333,8.0525,,29.35291666666667,67.59,22.03833333333333,16.20625,0.7287500000000001,62.666666666666664,0.0
2015-06-30,8.67,18.000416666666666,5.9375,,26.67,59.6525,24.014166666666668,23.25125,0.5095833333333334,56.666666666666664,0.0
2015-07-01,2.0464583333333333,9.661458333333334,2.589166666666667,,11.70375,54.41083333333333,25.631249999999998,37.20583333333334,0.3154166666666667,34.833333333333336,0.0
2015-07-02,1.4670833333333333,10.845416666666667,2.065,,12.313541666666666,69.52625,23.39833333333333,40.08291666666667,0.29416666666666663,33.75,0.0
2015-07-03,4.959583333333334,15.511666666666665,7.120833333333334,,20.47041666666667,62.87125,24.389166666666668,24.03125,0.4633333333333333,54.5,0.0
2015-07-04,1.1220833333333333,4.91125,2.922083333333333,,6.03375,60.986250000000005,24.11708333333333,44.10791666666666,0.245,29.166666666666668,3.8
2015-07-05,1.4295833333333334,6.514583333333333,2.1662500000000002,,7.945,76.18958333333333,17.90125,33.23125,0.33687500000000004,24.208333333333332,1.8
2015-07-06,8.105416666666667,14.294166666666667,3.4775000000000005,,22.39833333333333,73.9175,19.60375,12.543333333333335,0.4945833333333334,43.833333333333336,0.0
2015-07-07,5.9629166666666675,15.177083333333334,5.222083333333333,,21.13875,65.62083333333334,22.35625,22.778333333333336,0.4458333333333333,43.916666666666664,0.0
2015-07-08,13.585833333333333,13.8375,5.874583333333334,,27.425,63.86333333333334,23.50208333333333,13.783333333333333,0.7012499999999999,60.916666666666664,0.0
2015-07-09,8.368333333333334,13.929166666666667,2.721666666666667,,22.299583333333334,56.763749999999995,24.1075,18.54625,0.5466666666666667,53.958333333333336,0.0
2015-07-10,6.736250000000001,22.894166666666667,5.685625000000001,,29.62875,63.52458333333333,23.005,20.099473684210526,0.5725,52.833333333333336,0.0
2015-07-11,5.868541666666666,25.1525,3.624166666666667,,31.023958333333336,65.84625,23.597916666666666,37.420833333333334,0.4145833333333333,39.041666666666664,0.0
2015-07-12,12.97625,36.973333333333336,6.9160416666666675,,49.946666666666665,57.9475,25.790000000000003,48.15375,0.8283333333333333,66.20833333333333,0.0
2015-07-13,21.519583333333333,42.108333333333334,7.005833333333334,,63.6275,52.52708333333334,27.006666666666664,30.198333333333334,0.7479166666666667,62.666666666666664,0.0
2015-07-14,23.53,35.65541666666667,5.005,,59.187083333333334,51.81333333333333,26.425833333333333,26.53625,0.7733333333333333,75.95833333333333,0.0
2015-07-15,11.470833333333333,22.741666666666664,3.9345833333333338,,34.212916666666665,59.88958333333333,25.162499999999998,41.43541666666667,0.5054166666666667,63.958333333333336,0.0
2015-07-16,3.5725,22.344583333333333,3.387083333333333,,25.91541666666667,67.99583333333334,24.854583333333334,55.93666666666667,0.37041666666666667,59.166666666666664,0.0
2015-07-17,7.002291666666667,31.88416666666667,3.4205882352941175,,38.88729166666667,72.89125,23.825833333333332,30.305000000000003,0.465,66.75,0.0
2015-07-18,6.147916666666667,29.909791666666667,2.4170833333333333,,36.05833333333333,59.33625,24.508750000000003,27.781666666666666,0.48458333333333337,61.125,0.0
2015-07-19,10.779166666666667,31.709999999999997,4.1433333333333335,,42.49166666666667,59.772083333333335,25.002499999999998,45.665416666666665,0.7529166666666667,73.20833333333333,0.0
2015-07-20,20.579583333333332,31.721249999999998,3.4866666666666664,,52.300000000000004,49.34791666666666,26.427083333333332,20.517083333333336,0.5770833333333333,60.333333333333336,0.0
2015-07-21,2.5866666666666664,10.830625,3.592916666666667,,13.418541666666668,54.02791666666667,24.91208333333333,46.00583333333333,0.18125,42.583333333333336,1.2000000000000002
2015-07-22,9.367083333333333,24.637291666666666,2.1329166666666666,,34.00333333333334,82.0025,19.73,20.648333333333333,0.3516666666666666,25.0,2.4
2015-07-23,8.320833333333333,27.16625,1.735,,35.48875,70.51958333333333,21.84166666666667,12.540416666666667,0.2783333333333333,34.833333333333336,0.0
2015-07-24,27.76875,30.722708333333333,4.088333333333334,,58.49166666666667,62.8475,24.425833333333333,16.416666666666668,0.35333333333333333,37.541666666666664,0.0
2015-07-25,5.782916666666666,23.976249999999997,2.9066666666666663,,29.75854166666667,78.35083333333334,22.528333333333336,17.774166666666666,0.41125000000000006,24.208333333333332,3.8000000000000003
2015-07-26,2.58875,15.080416666666666,4.2004166666666665,,17.66875,79.71916666666667,21.291666666666668,16.159583333333334,0.27458333333333335,25.625,0.0
2015-07-27,9.4075,25.84583333333333,1.7575,,35.25541666666667,74.27583333333334,22.87125,11.475,0.3870833333333333,40.375,0.0
2015-07-28,7.291666666666667,23.650000000000002,3.0204166666666663,,30.943541666666665,70.98125,24.270416666666666,17.985833333333336,0.32875,37.541666666666664,0.0
2015-07-29,3.1981249999999997,25.124791666666667,2.472916666666667,,28.325,69.60083333333334,23.849999999999998,17.412499999999998,0.31666666666666665,42.583333333333336,0.0
2015-07-30,7.726666666666667,32.09104166666666,2.5375,,39.81520833333334,67.98541666666667,25.060833333333335,17.252916666666668,0.4116666666666667,53.041666666666664,0.0
2015-07-31,6.3075,38.48041666666666,2.2704166666666667,,44.787083333333335,68.92999999999999,25.27125,22.784166666666668,0.5004166666666666,71.70833333333333,0.0
2015-08-01,8.522083333333333,40.166666666666664,3.9645833333333336,,48.68875,60.82874999999999,25.579166666666666,19.6175,0.7179166666666666,77.66666666666667,0.0
2015-08-02,9.244583333333333,36.13458333333333,7.662916666666667,,45.37833333333333,54.05375,24.982916666666668,20.619583333333335,0.7583333333333333,69.5625,0.0
2015-08-03,18.920833333333334,29.370416666666667,3.9741666666666666,,48.29125,47.92666666666667,25.27416666666667,15.549583333333333,0.6883333333333334,61.208333333333336,0.0
2015-08-04,6.904583333333332,25.381249999999998,3.296666666666667,,32.28625,50.36291666666667,25.714166666666667,29.30333333333333,0.5116666666666666,68.75,0.0
2015-08-05,7.542083333333333,36.069375,4.093333333333333,,43.61083333333334,61.36291666666667,24.299166666666665,26.18041666666667,0.59875,80.04166666666667,0.0
2015-08-06,8.6875,39.15416666666667,6.225416666666667,,47.839999999999996,57.54916666666667,25.506666666666664,21.495833333333334,0.5541666666666667,80.5,0.0
2015-08-07,10.002083333333333,35.163333333333334,5.164583333333334,,45.15875,56.524166666666666,25.94333333333333,19.028333333333332,0.46458333333333335,68.29166666666667,0.0
2015-08-08,4.346041666666666,22.089375,1.78625,,26.436458333333334,60.3725,25.757499999999997,21.029166666666665,0.32166666666666666,48.5,0.0
2015-08-09,1.6589583333333333,11.121041666666665,2.1770833333333335,,12.778125000000001,62.69708333333333,24.66,23.380454545454544,0.21333333333333335,34.041666666666664,0.0
2015-08-10,3.486875,18.3125,4.2683333333333335,,21.8,57.99,24.52416666666667,,0.24208333333333332,31.041666666666668,0.0
2015-08-11,5.056041666666666,22.612291666666668,5.252916666666667,,27.668958333333336,55.734166666666674,24.558333333333334,43.42777777777778,0.25625000000000003,42.291666666666664,0.0
2015-08-12,5.2275,24.622291666666666,6.05125,,29.849166666666665,56.30041666666667,24.143333333333334,41.435,0.27499999999999997,42.666666666666664,0.0
2015-08-13,6.520416666666667,27.604583333333334,3.892291666666667,,34.122499999999995,56.800000000000004,24.907916666666665,37.98666666666667,0.33166666666666667,48.4375,0.0
2015-08-14,4.785,23.60166666666667,2.0902083333333334,,28.389583333333334,57.02666666666667,25.48125,32.88583333333333,0.27708333333333335,41.125,0.0
2015-08-15,6.03375,23.49416666666667,5.085208333333333,,29.528333333333332,50.65,26.195833333333336,47.4275,0.36041666666666666,52.25,0.0
2015-08-16,3.012083333333333,23.046041666666667,3.780208333333333,,26.06,50.4675,26.94458333333333,47.806666666666665,0.44208333333333333,58.0,0.0
2015-08-17,3.7797916666666667,24.337708333333335,4.897708333333333,,28.117500000000003,55.80125,26.07041666666667,52.29750000000001,0.3954166666666667,55.375,0.0
2015-08-18,3.5679166666666666,19.628333333333334,5.037708333333334,,23.19458333333333,49.71208333333333,26.924166666666665,44.9175,0.24416666666666667,41.125,0.0
2015-08-19,3.275,13.813541666666666,3.875625,,17.086666666666666,44.6625,28.515,50.23500000000001,0.2775,57.833333333333336,0.0
2015-08-20,1.2447916666666667,4.203541666666667,3.1972916666666666,,5.45,58.3475,22.963333333333335,64.86958333333334,0.13708333333333333,23.625,0.0
2015-08-21,3.219583333333333,14.821041666666666,2.2781249999999997,,18.042916666666667,69.7875,21.995,45.47,0.2383333333333333,27.416666666666668,3.0
2015-08-22,2.9904166666666665,18.63375,4.2924999999999995,,21.625208333333333,64.60166666666667,23.917083333333334,54.040416666666665,0.25958333333333333,44.583333333333336,0.0
2015-08-23,3.5814583333333334,20.40041666666667,3.8545833333333337,,23.982708333333335,58.97833333333333,26.155,65.82083333333334,0.42625,53.333333333333336,0.0
2015-08-24,2.606875,10.310833333333333,3.360416666666667,,12.927083333333334,66.72333333333333,23.373333333333335,58.61124999999999,0.25583333333333336,31.125,0.0
2015-08-25,10.892916666666666,23.56625,0.9525,,34.45854166666667,79.66791666666667,21.76,20.329166666666666,0.3754166666666667,34.666666666666664,3.6
2015-08-26,14.029166666666667,28.054999999999996,2.0521052631578947,,42.08083333333333,74.255,23.17125,23.848333333333333,0.41375,42.666666666666664,0.6000000000000001
2015-08-27,3.4302083333333333,19.520208333333333,2.5527083333333334,,22.950833333333335,68.14833333333333,23.09375,45.9,0.24166666666666667,27.833333333333332,0.0
2015-08-28,3.2383333333333333,17.01,2.9327083333333337,,20.24833333333333,63.77916666666667,23.145833333333332,52.873333333333335,0.31958333333333333,26.25,0.0
2015-08-29,4.826875,25.23625,4.734583333333333,,30.060833333333335,60.66,24.007500000000004,55.08041666666667,0.40416666666666673,54.25,0.0
2015-08-30,5.40125,30.871041666666667,7.834166666666666,,36.27395833333333,56.49541666666667,26.545,69.94666666666667,0.6108333333333333,66.04166666666667,0.0
2015-08-31,9.767916666666666,38.190000000000005,4.510625,,47.95666666666667,43.56166666666667,28.957916666666666,45.56041666666667,0.6699999999999999,70.70833333333333,0.0
2015-09-01,2.426041666666667,20.799791666666668,4.513958333333333,,23.226250000000004,51.01125,27.684583333333332,75.965,0.49,64.0,1.2
2015-09-02,2.987083333333333,15.253333333333332,2.651666666666667,,18.240416666666665,72.59916666666666,20.52875,42.91791666666666,0.18583333333333332,27.416666666666668,2.2
2015-09-03,4.642916666666666,21.317708333333332,3.528541666666667,,25.96229166666667,60.678333333333335,22.909166666666668,37.62375,0.3104166666666667,47.125,0.0
2015-09-04,4.13375,15.394583333333335,4.506875,,19.527916666666666,68.28791666666667,22.949166666666667,46.17208333333334,0.28208333333333335,31.208333333333332,2.6
2015-09-05,3.5720833333333335,17.438125,2.955208333333333,,21.011666666666667,79.62916666666666,19.416666666666668,37.11125,0.27375,14.583333333333334,6.200000000000001
2015-09-06,4.312916666666667,22.227500000000003,3.0860416666666666,,26.54041666666667,77.52208333333333,20.68916666666667,23.89916666666667,0.4075,24.25,0.2
2015-09-07,3.6612500000000003,17.958125,2.00625,,21.620208333333334,66.3325,23.89,45.062916666666666,0.35541666666666666,20.416666666666668,0.4
2015-09-08,14.902291666666665,33.18875,7.1397916666666665,,48.09104166666666,71.45083333333334,23.857083333333335,38.28375,0.5720833333333334,37.458333333333336,13.000000000000002
2015-09-09,4.52625,20.126041666666666,2.5641666666666665,,24.654791666666668,74.25458333333333,22.868750000000002,48.21666666666667,0.42291666666666666,23.958333333333332,10.4
2015-09-10,11.120416666666666,32.60125,3.810416666666667,,43.72208333333333,68.00833333333334,24.164583333333336,28.6825,0.4945833333333333,39.291666666666664,0.6000000000000001
2015-09-11,6.807916666666667,19.622916666666665,1.8785416666666668,,26.427916666666665,73.86874999999999,23.467916666666667,42.615,0.4008333333333334,23.375,17.799999999999997
2015-09-12,2.1591666666666667,11.697916666666666,4.6847916666666665,,13.857083333333334,85.20166666666667,19.640416666666667,53.440416666666664,0.26916666666666667,9.875,8.0
2015-09-13,2.5100000000000002,16.76875,2.3314583333333334,,19.2775,87.2575,17.99416666666667,34.224583333333335,0.30833333333333335,6.208333333333333,15.8
2015-09-14,13.753958333333335,28.39,2.9406250000000003,,42.14666666666667,83.10625,19.063333333333333,14.718333333333334,0.44333333333333336,37.666666666666664,0.0
2015-09-15,13.5,26.444166666666664,4.666458333333334,,39.945,75.4575,23.721249999999998,29.064166666666665,0.4683333333333333,54.375,0.0
2015-09-16,11.805,22.112083333333334,3.468958333333333,,33.91708333333333,55.932916666666664,29.751666666666665,39.964999999999996,0.48041666666666666,54.875,0.0
2015-09-17,6.543333333333333,23.67625,3.511041666666667,,30.21375,43.647083333333335,30.902083333333334,58.83166666666667,0.4908333333333333,82.79166666666667,0.0
2015-09-18,10.424583333333333,35.19583333333333,3.8129166666666667,,45.61666666666667,41.54291666666666,32.01375,53.84125,0.73,98.95833333333333,0.0
2015-09-19,3.543333333333333,26.433333333333334,4.057916666666666,,29.97583333333333,55.458333333333336,29.693749999999998,99.58875,0.53125,76.91666666666667,0.0
2015-09-20,1.2358333333333333,9.456249999999999,1.7437500000000001,,10.691666666666668,67.78666666666666,26.137916666666666,80.59,0.31083333333333335,48.458333333333336,0.0
2015-09-21,2.348125,16.430833333333332,2.5204166666666667,,18.777708333333333,65.10541666666667,26.602083333333336,73.19083333333333,0.3275,59.5,0.0
2015-09-22,2.6041666666666665,16.90458333333333,2.5297916666666667,,19.507916666666667,68.87333333333333,25.697916666666668,66.94791666666667,0.4154166666666667,75.29166666666667,0.0
2015-09-23,2.0343750000000003,17.980833333333333,4.293125,,20.013333333333332,69.345,26.156666666666666,100.23916666666666,0.434375,73.27083333333333,0.0
2015-09-24,5.236,26.721999999999998,3.501333333333333,,31.96066666666667,56.95666666666667,30.214000000000002,53.90266666666666,0.5885714285714286,90.6875,0.0
2015-09-25,1.41875,11.017083333333334,3.0681818181818183,,12.435416666666667,58.527272727272724,27.438181818181818,82.79916666666666,0.3933333333333333,98.42857142857143,0.2
2015-09-26,1.0718750000000001,13.640625,1.9866666666666666,,14.713333333333333,61.03625,26.823333333333334,75.01916666666666,0.42333333333333334,51.333333333333336,0.0
2015-09-27,1.1483333333333332,13.863958333333334,2.843541666666667,,15.012708333333334,63.41833333333333,28.321250000000003,82.38875,0.38666666666666666,56.583333333333336,34.400000000000006
2015-09-28,1.9220833333333334,15.757291666666667,2.2758333333333334,,17.682291666666668,73.65833333333333,25.1125,69.69875,0.4283333333333333,36.958333333333336,0.4
2015-09-29,4.733125,20.366875,2.358541666666667,,25.09958333333333,74.71916666666667,24.6425,40.72,0.47,45.0,0.4
2015-09-30,9.112708333333334,28.417916666666667,2.2252083333333332,,37.530208333333334,73.19083333333333,25.940833333333334,24.981666666666666,0.6533333333333333,73.95833333333333,0.8
2015-10-01,1.5454166666666669,11.997708333333334,2.5345833333333334,,13.542499999999999,71.80791666666666,25.77916666666667,57.69375,0.34125,42.583333333333336,0.0
2015-10-02,5.752916666666667,27.35375,2.47375,,33.10541666666666,68.3275,27.8425,48.245,0.5458333333333333,65.125,0.8
2015-10-03,2.9308333333333336,12.919166666666667,2.766666666666667,,15.849583333333333,67.78333333333333,26.866249999999997,60.024166666666666,0.4566666666666667,45.375,0.0
2015-10-04,1.3202083333333332,10.816250000000002,2.6995833333333334,,12.135,80.64583333333333,23.167083333333334,46.06916666666667,0.3345833333333333,17.416666666666668,5.2
2015-10-05,3.0887499999999997,14.84375,2.5920833333333335,,17.93375,85.77875,20.24,29.2375,0.27208333333333334,10.0,9.8
2015-10-06,3.5500000000000003,14.913333333333334,1.8585416666666665,,18.462500000000002,65.54166666666667,22.281666666666666,37.461666666666666,0.22416666666666665,35.833333333333336,0.0
2015-10-07,3.8512500000000003,19.582083333333333,1.8835416666666667,,23.434166666666666,57.07833333333334,25.577083333333334,49.5725,0.2783333333333333,47.916666666666664,0.0
2015-10-08,4.63375,22.136666666666667,2.61625,,26.771041666666665,50.39291666666667,28.16,49.74875,0.33625,53.708333333333336,0.0
2015-10-09,3.094583333333333,19.249166666666667,2.6789583333333336,,22.34375,56.39083333333334,27.415000000000003,58.62375,0.35041666666666665,63.041666666666664,0.0
2015-10-10,2.048125,18.357916666666664,2.2497916666666664,,20.406041666666667,52.91583333333333,28.741666666666664,63.076249999999995,0.3825,44.895833333333336,0.0
2015-10-11,1.4902083333333334,15.738750000000001,3.35375,,17.229166666666668,57.06875,28.56375,92.72583333333334,0.4458333333333333,58.166666666666664,0.0
2015-10-12,1.1414583333333332,9.412083333333333,1.7889583333333334,,10.552291666666667,65.57541666666667,26.89125,79.09625,0.28875,48.541666666666664,0.0
2015-10-13,1.3589583333333335,10.875833333333333,1.5983333333333334,,12.234166666666667,63.73583333333334,26.924166666666665,69.05166666666666,0.26687500000000003,40.708333333333336,0.0
2015-10-14,1.5979166666666667,15.002083333333333,2.423958333333333,,16.597916666666666,63.151250000000005,27.54375,58.31125,0.31708333333333333,60.5,0.0
2015-10-15,2.584166666666667,28.133333333333336,3.1024999999999996,,30.717916666666667,44.24666666666667,33.04541666666667,78.85333333333334,0.4825,77.04166666666667,0.0
2015-10-16,1.9185416666666668,16.713333333333335,2.6035416666666666,,18.627291666666668,45.35833333333333,32.375416666666666,85.53708333333333,0.40625,74.25,0.0
2015-10-17,1.3941666666666668,6.971041666666667,2.0747916666666666,,8.366249999999999,65.3975,26.979166666666668,72.05375,0.24208333333333334,41.416666666666664,0.0
2015-10-18,1.5795833333333331,8.192916666666667,2.5470833333333336,,9.775,77.67916666666666,21.37125,39.96208333333333,0.17541666666666667,10.791666666666666,7.799999999999999
2015-10-19,1.7670833333333336,12.023333333333333,3.456666666666667,,13.78875,75.04875,21.13625,32.31125,0.21125000000000002,23.791666666666668,0.8
2015-10-20,6.192083333333333,24.454583333333332,4.698333333333333,,30.648124999999997,57.2725,27.371666666666666,53.68375,0.37916666666666665,51.541666666666664,0.0
2015-10-21,3.627708333333333,18.24,3.576458333333333,,21.867708333333336,56.134166666666665,28.924583333333334,58.01541666666666,0.3720833333333333,51.5,0.0
2015-10-22,1.5385416666666665,14.109791666666666,2.6358333333333333,,15.647916666666667,68.935,26.28125,52.285,0.44208333333333333,43.333333333333336,7.800000000000001
2015-10-23,2.1727777777777777,10.79277777777778,2.1666666666666665,,12.967222222222222,60.70083333333333,26.813333333333333,71.64999999999999,0.33791666666666664,25.833333333333332,0.0
2015-10-24,1.6955208333333334,9.701145833333333,1.734375,,11.397291666666666,65.38458333333334,24.803749999999997,60.71375,0.24458333333333335,18.958333333333332,0.6
2015-10-25,1.5778125,10.676979166666667,2.3341666666666665,,12.254166666666668,75.02666666666667,22.14708333333333,38.62708333333333,0.16958333333333334,14.416666666666666,1.8
2015-10-26,5.505208333333333,24.117708333333336,3.14,,29.61916666666667,62.71875,25.075,38.26625,0.25708333333333333,37.458333333333336,0.0
2015-10-27,7.098958333333333,21.873333333333335,2.875625,,28.971875,66.48541666666667,26.821250000000003,55.331250000000004,0.32708333333333334,54.291666666666664,0.2
2015-10-28,3.0079166666666666,11.496666666666668,2.9525,,14.502916666666666,78.69083333333333,24.693749999999998,45.39625,0.26833333333333337,30.75,1.0
2015-10-29,2.1470833333333332,10.089166666666666,3.1089583333333333,,12.236458333333333,70.59166666666667,24.857083333333335,47.778333333333336,0.1475,17.0,3.4
2015-10-30,2.986041666666667,17.038333333333334,3.3214583333333336,,20.024583333333336,71.16958333333334,25.120833333333334,38.80041666666667,0.20083333333333334,23.708333333333332,6.800000000000001
2015-10-31,2.8984615384615386,13.419230769230769,3.57625,,16.32,64.90235294117646,27.621764705882352,44.606875,0.19666666666666666,36.25,0.0
2015-11-01,1.5264583333333333,7.604583333333333,2.396086956521739,,9.131874999999999,70.02958333333333,27.402916666666666,65.04958333333333,0.20541666666666666,26.041666666666668,0.0
2015-11-02,3.453958333333333,23.174583333333334,1.8464583333333333,,26.627916666666664,79.97833333333334,25.36375,44.70249999999999,0.38125000000000003,22.0,28.4
2015-11-03,2.8966666666666665,15.909999999999998,3.5527083333333334,,18.805416666666666,77.54708333333333,26.297083333333333,44.77041666666667,0.3758333333333333,26.416666666666668,4.2
2015-11-04,4.38,20.765416666666667,2.1404166666666664,,25.144791666666666,76.65291666666667,26.370833333333334,48.53708333333333,0.35541666666666666,31.479166666666668,2.0
2015-11-05,3.768333333333333,12.916666666666666,2.646666666666667,,16.683888888888887,76.65791666666667,26.181250000000002,42.10541666666666,0.24958333333333335,21.416666666666668,1.2
2015-11-06,7.27875,24.661875,2.4516666666666667,,31.94,83.12666666666667,25.069999999999997,17.367916666666666,0.42041666666666666,27.0,25.2
2015-11-07,3.63875,16.210833333333333,1.535,,19.848333333333333,86.74041666666666,24.0725,27.847916666666666,0.29791666666666666,8.75,20.8
2015-11-08,3.2291666666666665,18.485416666666666,2.1275,,21.715,82.83979166666667,24.81458333333333,35.15958333333334,0.36000000000000004,16.958333333333332,2.4000000000000004
2015-11-09,6.55,35.052083333333336,3.8645833333333335,,41.600833333333334,78.48625,26.13625,34.07666666666667,0.51375,49.458333333333336,0.2
2015-11-10,2.598333333333333,21.832291666666666,3.4175,,24.431458333333335,73.95625,27.995,82.13041666666668,0.38000000000000006,53.625,0.0
2015-11-11,3.8129166666666667,20.699791666666666,3.1875,,24.5125,71.27166666666666,28.944166666666664,76.77291666666666,0.36541666666666667,62.625,0.0
2015-11-12,2.1283333333333334,10.841458333333334,2.027083333333333,,12.969999999999999,70.75833333333334,28.234583333333333,60.007083333333334,0.29125,35.125,0.0
2015-11-13,4.248125,27.416458333333335,1.9020833333333333,,31.66604166666667,63.778333333333336,29.307916666666667,68.34416666666667,0.4383333333333333,56.666666666666664,0.0
2015-11-14,1.8235416666666666,21.7,1.54875,,23.522916666666664,46.00208333333333,33.11375,61.02125,0.41125000000000006,45.916666666666664,0.0
2015-11-15,1.6304166666666668,12.382083333333334,3.419166666666667,,14.010416666666666,70.55333333333333,27.414583333333336,56.54833333333334,0.31,26.958333333333332,9.8
2015-11-16,3.7133333333333334,13.867291666666667,2.14125,,17.580208333333335,80.97083333333333,24.415000000000003,23.795,0.24666666666666667,22.625,0.8
2015-11-17,3.5549999999999997,17.610416666666666,1.8975,,21.163541666666667,75.1025,25.776666666666667,28.264583333333334,0.2041666666666667,23.041666666666668,0.0
2015-11-18,4.6362499999999995,19.649166666666666,2.11875,,24.2825,67.7175,29.13208333333333,37.077083333333334,0.36041666666666666,36.25,0.2
2015-11-19,2.5908333333333333,17.342916666666667,2.7866666666666666,,19.933125,52.205000000000005,31.889583333333334,61.27375,0.3770833333333334,42.666666666666664,3.2
2015-11-20,1.2985416666666667,7.589166666666666,3.7616666666666667,,8.887708333333334,56.05833333333334,30.254166666666666,66.16416666666667,0.23583333333333334,18.604166666666668,3.2
2015-11-21,3.0887499999999997,21.72791666666667,2.055833333333333,,24.81833333333333,82.18124999999999,22.938333333333333,39.41791666666666,0.31,14.958333333333334,18.2
2015-11-22,2.424375,19.91375,2.4787500000000002,,22.338125,68.36416666666666,25.352083333333336,45.14166666666667,0.20333333333333334,28.458333333333332,0.0
2015-11-23,6.4745833333333325,29.56625,2.0679166666666666,,36.03916666666667,83.68124999999999,23.830416666666665,21.722083333333334,0.2975,24.583333333333332,31.8
2015-11-24,5.374791666666667,18.601041666666667,2.78125,,23.97520833333333,75.09041666666667,26.020833333333332,40.05833333333333,0.2754166666666667,24.666666666666668,0.4
2015-11-25,8.294736842105262,31.364210526315787,2.5220833333333332,,39.660526315789475,74.17291666666667,25.711250000000003,32.07541666666666,0.39375,42.3125,0.2
2015-11-26,3.605625,14.730416666666665,2.5058333333333334,,18.335416666666667,67.16625,26.25375,37.041666666666664,0.20083333333333334,23.458333333333332,0.0
2015-11-27,3.4754166666666664,15.763333333333334,1.5741666666666667,,19.239166666666666,62.905,26.301666666666666,36.76833333333334,0.14333333333333334,31.166666666666668,0.0
2015-11-28,4.147916666666666,21.30875,3.0583333333333336,,25.45625,61.986250000000005,28.175833333333333,62.828333333333326,0.2508333333333333,41.416666666666664,23.8
2015-11-29,1.9304166666666667,10.779375,2.4545833333333333,,12.710416666666667,75.05541666666666,27.36916666666667,60.182916666666664,0.2920833333333333,22.333333333333332,16.6
2015-11-30,4.537708333333334,19.09625,0.4475,,23.63291666666667,88.53916666666667,23.69458333333333,35.316250000000004,0.33375,9.208333333333334,27.200000000000003
2015-12-01,5.142916666666667,15.006875,3.0679166666666666,,20.15125,79.93708333333333,23.565416666666668,21.487916666666667,0.205,29.875,0.4
2015-12-02,9.207083333333333,17.155416666666667,3.5225000000000004,,26.360833333333332,75.33875,25.528750000000002,19.029583333333335,0.23708333333333334,35.208333333333336,0.0
2015-12-03,5.947083333333333,14.524583333333332,3.0683333333333334,,20.471666666666668,81.44458333333334,23.639166666666668,13.876666666666667,0.20541666666666666,15.458333333333334,2.4000000000000004
2015-12-04,10.918333333333335,22.7775,1.8070833333333332,,33.697916666666664,81.13875,23.816666666666666,14.554583333333333,0.2758333333333333,25.541666666666668,1.0
2015-12-05,5.414166666666667,20.055,2.6999999999999997,,25.46875,69.40625,28.389166666666668,43.72458333333333,0.34708333333333335,37.416666666666664,0.0
2015-12-06,2.3195833333333336,17.4,2.714166666666667,,19.717916666666667,73.03166666666667,27.257499999999997,40.105,0.4033333333333333,33.666666666666664,31.200000000000003
2015-12-07,3.7575,20.339166666666667,2.973333333333333,,24.096666666666668,85.48833333333333,23.19541666666667,31.548333333333332,0.34125,16.5625,23.6
2015-12-08,5.132291666666666,21.232083333333332,1.0704166666666666,,26.36583333333333,78.82416666666667,24.05875,26.52208333333333,0.29125,25.041666666666668,0.0
2015-12-09,6.2725,19.334166666666665,2.5883333333333334,,25.605833333333333,74.675,26.153846153846153,31.674166666666665,0.21166666666666667,23.916666666666668,0.0
2015-12-10,2.7533333333333334,15.579166666666666,2.9814999999999996,,18.332916666666666,48.63999999999999,32.407272727272726,63.743750000000006,0.43416666666666665,47.416666666666664,0.0
2015-12-11,2.823541666666667,13.231875,2.37625,,16.056250000000002,66.00291666666666,27.863333333333333,51.41791666666666,0.28541666666666665,30.541666666666668,0.2
2015-12-12,3.50375,23.220416666666665,3.424791666666667,,26.722916666666666,67.55375,28.956666666666667,68.65416666666667,0.40791666666666665,43.958333333333336,25.000000000000004
2015-12-13,1.649375,12.229999999999999,3.42125,,13.878749999999998,61.42583333333334,30.028750000000002,66.595,0.33749999999999997,22.541666666666668,2.0
2015-12-14,4.8012500000000005,24.86708333333333,3.119375,,29.673333333333332,58.15208333333334,31.36583333333333,64.03416666666666,0.39958333333333335,33.583333333333336,0.0
2015-12-15,1.87475,12.63125,0.9252499999999999,,14.505500000000001,44.073,34.8095,70.7625,0.27749999999999997,31.857142857142858,0.8
2015-12-16,1.749285714285714,9.10357142857143,0.3125,,10.85142857142857,60.76642857142857,29.77285714285714,69.825,0.2957142857142857,37.166666666666664,0.0
2015-12-17,2.688333333333333,18.211666666666666,3.450833333333333,,20.898958333333333,65.96333333333332,28.497083333333336,65.12625,0.36562500000000003,45.5625,0.0
2015-12-18,4.870833333333333,21.69520833333333,2.080625,,26.567083333333333,51.75958333333333,32.545,67.1875,0.41875,51.333333333333336,0.0
2015-12-19,1.5985416666666667,10.686458333333334,3.046666666666667,,12.286041666666668,46.98708333333334,33.05166666666667,90.2675,0.24083333333333334,29.416666666666668,0.0
2015-12-20,1.3135416666666666,6.97625,2.419166666666667,,8.290625,62.58416666666667,29.477500000000003,76.52416666666666,0.24083333333333334,22.041666666666668,0.0
2015-12-21,2.6462499999999998,18.651875,1.7278947368421052,,21.296458333333334,67.62041666666667,29.155,71.25666666666667,0.32083333333333336,38.791666666666664,32.0
2015-12-22,6.593333333333334,21.243125,0.65,,27.836250000000003,60.38166666666667,30.942083333333333,57.609166666666674,0.3575,50.416666666666664,0.0
2015-12-23,4.120833333333334,16.594583333333333,0.32375000000000004,,20.715416666666666,49.10166666666667,32.65958333333334,38.15833333333333,0.2525,34.0,0.0
2015-12-24,2.71625,17.397916666666667,0.007500000000000001,,20.115416666666665,47.526250000000005,33.01208333333333,55.45041666666666,0.3466666666666667,39.541666666666664,0.0
2015-12-25,1.41625,11.313749999999999,0.3941666666666667,,12.694375,47.638749999999995,33.22625,84.48041666666667,0.3358333333333334,39.375,0.0
2015-12-26,2.019791666666667,12.890416666666667,0.31875000000000003,,14.909999999999998,50.67333333333334,32.790416666666665,87.81083333333333,0.33,43.291666666666664,0.0
2015-12-27,2.221458333333333,9.327916666666667,0.3908333333333333,,11.549791666666666,55.19958333333333,31.260416666666668,56.713750000000005,0.29583333333333334,25.291666666666668,2.8
2015-12-28,1.8477083333333333,10.951875000000001,1.00375,,12.799375,52.39791666666667,31.621666666666666,52.3825,0.26791666666666664,27.416666666666668,0.0
2015-12-29,5.605833333333333,20.207083333333333,0.6595833333333333,,25.814375,52.76583333333334,31.41625,49.028333333333336,0.33249999999999996,31.625,0.0
2015-12-30,2.020625,12.717708333333334,0.5975,,14.737083333333333,45.27291666666667,32.43,61.83875,0.2383333333333333,27.375,0.0
2015-12-31,2.6558333333333333,15.030833333333334,0.10375000000000001,,17.685416666666665,42.27333333333333,33.66583333333333,62.7525,0.35041666666666665,29.916666666666668,0.0
2016-01-01,1.17875,7.987291666666667,0.33,,9.167708333333334,55.69,31.766666666666666,62.26166666666666,0.33,28.833333333333332,37.6
2016-01-02,1.4106250000000002,7.605625,0.48333333333333334,,9.01625,75.20875,27.30875,36.02333333333333,0.24041666666666664,11.208333333333334,4.2
2016-01-03,1.373125,6.157916666666666,0.037083333333333336,,7.530625,76.00375,25.715833333333332,18.920833333333334,0.16,13.875,2.0
2016-01-04,2.48875,6.961666666666666,0.08083333333333333,,9.449375,62.26541666666666,27.063333333333333,30.29375,0.12916666666666668,26.416666666666668,0.2
2016-01-05,3.889375,11.174791666666666,0.22958333333333333,,15.063541666666667,57.87291666666667,27.338333333333335,39.13041666666667,0.14291666666666666,28.333333333333332,0.0
2016-01-06,3.285,13.503958333333335,0.88125,,16.79125,51.95458333333334,28.669166666666666,49.81458333333333,0.15625,38.833333333333336,0.0
2016-01-07,2.551041666666667,16.855,0.051666666666666666,,19.405208333333334,54.584583333333335,29.851666666666663,64.15791666666667,0.24416666666666667,40.083333333333336,0.0
2016-01-08,4.386666666666667,18.061666666666667,0.31625,,22.44875,59.77395833333333,30.449166666666667,61.202708333333334,0.32145833333333335,50.708333333333336,0.0
2016-01-09,2.5635416666666666,14.262500000000001,0.8004166666666667,,16.827708333333334,58.4375,31.16875,78.37625,0.30833333333333335,44.958333333333336,0.0
2016-01-10,2.07375,9.081458333333332,0.1525,,11.153958333333334,59.647083333333335,31.31041666666667,60.1175,0.268125,43.291666666666664,0.0
2016-01-11,2.6999999999999997,18.069166666666668,0.3857894736842105,,20.769166666666667,64.52291666666666,29.829166666666666,42.731249999999996,0.3077083333333333,44.25,1.0
2016-01-12,3.9879166666666666,14.63875,0.0,,18.62666666666667,70.13000000000001,29.124583333333334,27.461249999999996,0.2783333333333333,20.458333333333332,7.2
2016-01-13,1.8770833333333334,11.052708333333333,0.3941666666666667,,12.928333333333333,71.43833333333333,29.473333333333333,40.149166666666666,0.29083333333333333,20.458333333333332,39.2
2016-01-14,3.2239583333333335,15.637708333333334,0.6908333333333333,,18.862291666666668,90.80083333333334,26.50583333333333,21.437083333333334,0.4175,18.416666666666668,106.39999999999999
2016-01-15,4.1275,14.825833333333334,0.26625,,18.95416666666667,85.85125,26.312083333333334,13.997916666666667,0.29958333333333337,20.25,49.0
2016-01-16,2.497708333333333,6.562083333333334,0.4533333333333333,,9.06,78.58875,24.98304347826087,15.13125,0.2025,22.708333333333332,46.4
2016-01-17,2.7125,10.492916666666666,0.7391666666666667,,13.205833333333333,67.00583333333334,,15.71875,0.19333333333333333,29.916666666666668,0.0
2016-01-18,5.274375,14.873541666666666,0.08708333333333335,,20.14875,75.36666666666666,,18.857916666666664,0.13041666666666665,21.25,2.4
2016-01-19,6.465833333333333,18.58458333333333,0.0,,25.052083333333332,89.78375,,10.362499999999999,0.2125,9.25,33.8
2016-01-20,3.454333333333333,9.003,0.04916666666666667,,12.453874999999998,87.92916666666667,,18.953333333333333,0.12625,11.583333333333334,5.4
2016-01-21,2.36775,5.75825,0.44250000000000006,,8.12925,85.46499999999999,,20.215,0.08208333333333333,9.833333333333334,16.8
2016-01-22,4.792291666666666,9.710625,0.11125,,14.474166666666667,89.0125,,17.47125,0.17625000000000002,7.708333333333333,14.200000000000001
2016-01-23,3.402708333333333,9.440833333333334,0.5904166666666667,,12.827083333333334,76.815,,13.594375,0.2020833333333333,49.166666666666664,0.2
2016-01-24,2.5883333333333334,11.254791666666668,1.2208333333333334,,13.842083333333333,69.49791666666667,,38.04333333333333,0.21791666666666668,38.333333333333336,0.0
2016-01-25,7.687083333333334,27.120833333333334,0.06833333333333333,,34.807916666666664,67.59416666666667,,34.87125,0.3954166666666667,54.5,0.0
2016-01-26,3.46125,19.116666666666667,0.029583333333333336,,22.577708333333334,56.73875,,57.221666666666664,0.34708333333333335,54.708333333333336,0.0
2016-01-27,1.8169565217391304,13.121304347826088,0.6029166666666667,,14.939565217391305,64.17583333333333,,50.76083333333333,0.26791666666666664,47.625,0.0
2016-01-28,2.758947368421053,16.925789473684212,0.38208333333333333,,19.683157894736844,84.23833333333333,,39.65083333333333,0.28458333333333335,26.458333333333332,33.0
2016-01-29,7.309375,26.347083333333334,0.4879166666666667,,33.654375,73.14541666666666,,24.73875,0.48041666666666666,43.541666666666664,1.4
2016-01-30,5.656458333333333,19.970833333333335,0.05583333333333334,,26.0725,55.52166666666667,,41.596250000000005,0.36125,40.166666666666664,0.0
2016-01-31,2.165625,15.516875,0.5141666666666667,,17.680625,49.77583333333333,,54.61541666666667,0.36125,33.833333333333336,0.0
2016-02-01,2.160833333333333,15.96875,0.05583333333333334,,18.13,48.548750000000005,,57.32458333333333,0.31875000000000003,46.833333333333336,0.0
2016-02-02,1.760625,10.000208333333333,0.13416666666666666,,11.776041666666666,62.07333333333333,,68.6525,0.30041666666666667,39.541666666666664,0.0
2016-02-03,2.113541666666667,13.4325,0.5058333333333334,,15.547708333333333,64.69333333333334,,67.13833333333334,0.3,41.791666666666664,0.0
2016-02-04,3.09,17.999583333333334,0.3033333333333333,,21.08770833333333,64.08,,66.40791666666667,0.3658333333333333,49.854166666666664,0.0
2016-02-05,6.476785714285714,29.608571428571427,0.07307692307692307,,36.087857142857146,68.02857142857142,,28.787857142857142,0.4707692307692308,62.06666666666667,0.0
2016-02-06,1.4304166666666667,5.68875,0.33916666666666667,,7.119583333333334,63.77875,,73.65125,0.25333333333333335,32.125,0.0
2016-02-07,1.1729166666666666,7.922916666666667,0.40625,,9.094375,58.30916666666667,,45.90208333333334,0.20750000000000002,24.375,0.0
2016-02-08,1.6997916666666668,16.537291666666665,0.046250000000000006,,18.236250000000002,54.067499999999995,,82.6275,0.3175,39.083333333333336,0.0
2016-02-09,1.4014583333333333,12.04625,1.1816666666666666,,13.446666666666667,42.538333333333334,,59.619166666666665,0.2808333333333333,33.458333333333336,0.0
2016-02-10,1.2654166666666666,9.474166666666667,0.3804166666666667,,10.737499999999999,43.58583333333333,,71.23833333333333,0.26333333333333336,28.75,0.0
2016-02-11,2.249166666666667,11.910208333333332,0.05291666666666667,,14.158958333333333,69.57458333333334,,50.115,0.24750000000000003,15.166666666666666,12.0
2016-02-12,1.8187499999999999,8.206875,0.9016666666666667,,10.026875,50.39166666666667,,34.626666666666665,0.11458333333333333,23.0,0.0
2016-02-13,3.937291666666667,14.842708333333334,0.6466666666666666,,18.780625,53.685833333333335,,43.509166666666665,0.22624999999999998,36.125,0.0
2016-02-14,2.9579166666666663,17.34125,0.08708333333333333,,20.298750000000002,58.3425,,44.84,0.3254166666666667,30.958333333333332,0.0
2016-02-15,2.4054166666666665,13.8575,0.35041666666666665,,16.262083333333333,64.86749999999999,,52.081250000000004,0.30416666666666664,26.708333333333332,29.8
2016-02-16,2.5260416666666665,13.152916666666668,0.11125,,15.70263888888889,73.38416666666667,,58.94916666666666,0.27666666666666667,27.916666666666668,6.6000000000000005
2016-02-17,5.051875,18.913541666666667,0.905625,,23.965486111111108,71.89166666666667,,52.90895833333334,0.33416666666666667,21.104166666666668,13.4
2016-02-18,1.5199999999999998,12.325833333333334,0.3429166666666667,,13.845,62.88166666666666,,62.263749999999995,0.24541666666666664,17.333333333333332,1.8
2016-02-19,3.0054166666666666,17.277916666666666,0.32458333333333333,,20.283333333333335,61.739374999999995,,55.65854166666667,0.3285416666666667,27.104166666666668,5.8
2016-02-20,3.358125,13.61,0.17645833333333336,,16.968333333333334,65.83,,52.75479166666667,0.35437500000000005,24.208333333333332,5.8
2016-02-21,1.621875,10.051041666666666,0.19166666666666665,,11.67375,71.395,,44.817499999999995,0.25375,14.833333333333334,21.6
2016-02-22,5.164791666666667,18.00645833333333,0.16416666666666666,,23.172083333333333,70.22916666666667,,46.10874999999999,0.35625,28.75,0.0
2016-02-23,3.1014583333333334,13.928333333333335,0.08291666666666667,,17.030208333333334,66.32958333333333,,38.79083333333333,0.25666666666666665,31.166666666666668,0.0
2016-02-24,3.3654166666666665,16.433958333333333,0.3958333333333333,,19.797708333333333,62.42541666666667,,38.134166666666665,0.32416666666666666,36.666666666666664,0.0
2016-02-25,3.0189583333333334,14.898958333333333,0.12666666666666668,,17.919375,60.46541666666667,,47.072916666666664,0.305,27.666666666666668,0.2
2016-02-26,6.345,19.033333333333335,0.06291666666666666,,25.378333333333334,55.93083333333333,,41.469166666666666,0.36541666666666667,35.208333333333336,0.0
2016-02-27,1.464,7.1706666666666665,0.032,,8.633000000000001,50.257333333333335,,48.794000000000004,0.20733333333333334,15.5,0.0
2016-02-28,,,,,,,,,,,
2016-02-29,5.1722222222222225,27.033333333333335,1.1077777777777778,,32.20777777777778,87.94999999999999,,18.163333333333334,0.17666666666666667,7.5,26.0
2016-03-01,21.293333333333333,46.26458333333333,0.057499999999999996,,67.55541666666666,86.39125,,9.484583333333333,0.265,15.083333333333334,5.4
2016-03-02,15.425833333333332,55.38791666666666,0.6875,,70.81625,77.66541666666667,,30.108333333333334,0.2841666666666667,25.291666666666668,0.4
2016-03-03,10.079791666666667,49.70395833333333,0.5120833333333333,,59.78354166666667,62.76083333333333,,25.845416666666665,0.2733333333333334,31.75,0.0
2016-03-04,6.473125,35.54625,0.5916666666666667,,42.02520833333333,51.272083333333335,,37.555416666666666,0.25958333333333333,21.666666666666668,2.4000000000000004
2016-03-05,3.9079166666666665,36.5525,0.29375,,40.46104166666667,57.43875,,49.65291666666667,0.31708333333333333,27.583333333333332,0.0
2016-03-06,2.9152083333333336,34.06333333333333,1.7404166666666665,,36.980624999999996,66.55333333333333,,74.44041666666666,0.36874999999999997,34.625,2.6
2016-03-07,6.82,30.165833333333335,2.9258333333333333,,36.98458333333333,66.47500000000001,,48.916666666666664,0.30541666666666667,24.833333333333332,0.0
2016-03-08,8.145416666666668,42.60333333333333,2.4525,,50.74583333333334,70.56375,,52.49125,0.35708333333333336,43.5,0.0
2016-03-09,8.117916666666668,51.77166666666667,2.5825,,59.875416666666666,63.78958333333333,,58.96958333333333,0.2970833333333333,46.875,0.0
2016-03-10,7.633125,41.239375,2.9945833333333334,,48.871874999999996,55.06125,,41.54208333333333,0.32625,36.875,0.0
2016-03-11,9.188333333333333,58.604375,2.76625,,67.78958333333334,64.28041666666667,,27.937916666666666,0.4191666666666667,35.625,2.0
2016-03-12,2.714166666666667,17.591041666666666,3.2708333333333335,,20.305833333333336,65.315,,47.75833333333333,0.20833333333333334,15.208333333333334,21.4
2016-03-13,4.345208333333333,28.193541666666665,3.1983333333333337,,32.54020833333333,81.36916666666666,,25.9425,0.26875,16.583333333333332,0.8
2016-03-14,6.835,40.81791666666667,2.03625,,47.653333333333336,67.65708333333333,,43.03,0.23708333333333334,31.708333333333332,0.0
2016-03-15,7.539583333333333,44.95645833333333,2.3641666666666667,,52.494166666666665,69.64625,,35.06,0.19166666666666665,27.1875,0.8
2016-03-16,15.805238095238094,51.55333333333333,2.834285714285714,,67.35095238095239,83.1164705882353,,16.15,0.3395238095238095,20.19047619047619,35.0
2016-03-17,14.222,44.404666666666664,2.8766666666666665,,58.626,73.12333333333332,,40.006,0.2966666666666667,23.125,7.000000000000001
2016-03-18,10.424166666666666,42.99583333333334,2.29875,,53.42124999999999,70.66583333333334,,29.735833333333332,0.2554166666666667,25.083333333333332,0.0
2016-03-19,10.206249999999999,52.29416666666666,2.6975,,62.49854166666666,68.66333333333334,,49.388749999999995,0.38666666666666666,36.916666666666664,0.0
2016-03-20,3.6597916666666666,37.763124999999995,2.25125,,41.42520833333334,66.60625,,47.305,0.26166666666666666,23.041666666666668,0.0
2016-03-21,6.987916666666667,45.53145833333334,2.545,,52.51979166666666,60.58208333333334,,57.7075,0.24083333333333334,30.645833333333332,0.0
2016-03-22,6.090833333333333,54.335,2.2475,,60.42583333333334,56.725833333333334,,45.774166666666666,0.35375,45.291666666666664,0.0
2016-03-23,4.026666666666666,39.348958333333336,2.2333333333333334,,43.369791666666664,68.56875000000001,,56.03479166666667,0.36375,35.25,17.2
2016-03-24,4.586666666666667,33.495416666666664,1.43,,38.07625,70.61125,,50.157916666666665,0.29791666666666666,19.083333333333332,4.8
2016-03-25,5.458749999999999,42.96125,1.899861111111111,,48.418749999999996,74.08875,,50.7175,0.37041666666666667,22.875,3.0000000000000004
2016-03-26,9.540208333333334,42.174375,0.8953472222222222,,51.714375,71.39041666666667,,33.537083333333335,0.43166666666666664,35.291666666666664,0.2
2016-03-27,3.3520833333333333,30.25333333333333,1.5964583333333333,,33.60104166666667,55.90083333333333,,47.318333333333335,0.32583333333333336,20.416666666666668,0.0
2016-03-28,7.522291666666667,46.80833333333334,2.7106250000000003,,54.33166666666667,62.322916666666664,,75.28375,0.42875,41.833333333333336,0.0
2016-03-29,5.0841666666666665,39.461666666666666,1.9018750000000002,,44.546875,73.45083333333334,,56.665416666666665,0.3741666666666667,36.333333333333336,1.6
2016-03-30,7.975833333333333,56.44416666666667,0.8254166666666666,,64.41666666666667,75.5025,,44.918749999999996,0.4395833333333334,45.166666666666664,0.2
2016-03-31,7.6475,68.560625,2.070625,,76.20645833333333,75.03041666666667,,54.39416666666667,0.5287499999999999,62.125,7.0
2016-04-01,5.848958333333333,56.776250000000005,1.5239583333333335,,62.62479166666666,72.69083333333333,,50.760416666666664,0.4566666666666667,54.125,0.0
2016-04-02,11.487291666666666,58.08208333333334,1.7664583333333335,,69.566875,71.15458333333333,,44.475833333333334,0.46291666666666664,48.708333333333336,0.0
2016-04-03,3.564166666666667,39.551458333333336,1.5966666666666667,,43.115,65.98041666666667,,44.84166666666667,0.34541666666666665,34.125,0.0
2016-04-04,5.124583333333334,38.410833333333336,1.354375,,43.53145833333334,64.65166666666667,,46.36083333333334,0.31583333333333335,37.458333333333336,0.0
2016-04-05,6.537916666666667,43.68416666666667,1.0927083333333334,,50.221875000000004,64.52583333333332,,40.560833333333335,0.24750000000000003,35.583333333333336,0.0
2016-04-06,13.498333333333333,66.57083333333334,2.7626315789473685,,80.06729166666666,64.55541666666666,,45.356249999999996,0.28625,47.375,0.0
2016-04-07,7.951666666666667,55.3225,2.3491666666666666,,63.27166666666667,58.173750000000005,,55.35541666666666,0.32687499999999997,50.708333333333336,0.0
2016-04-08,4.672,33.279250000000005,0.48975,,37.94825,60.6105,,75.25399999999999,0.2915,44.6,0.0
2016-04-09,3.5755555555555554,75.96111111111111,4.2765,,79.22111111111111,58.7,,94.78299999999999,0.5730000000000001,62.4,0.0
2016-04-10,3.00125,53.616458333333334,2.055,,56.61729166666667,65.6225,,71.51708333333333,0.4495833333333334,58.375,0.0
2016-04-11,6.419791666666666,53.63729166666667,1.5893750000000002,,60.05833333333334,67.80583333333333,,45.552083333333336,0.47583333333333333,51.875,1.8
2016-04-12,4.8133333333333335,63.751666666666665,2.3427083333333334,,68.56375,63.26958333333334,,67.28291666666667,0.4054166666666667,59.083333333333336,0.0
2016-04-13,5.690416666666667,54.39666666666667,0.4879166666666666,,60.090833333333336,63.031666666666666,,60.361250000000005,0.33625,53.375,0.0
2016-04-14,10.111666666666666,53.442499999999995,2.583125,,63.557500000000005,55.451249999999995,,37.825833333333335,0.36375,46.083333333333336,0.0
2016-04-15,7.144791666666666,60.92520833333333,2.404375,,68.07000000000001,60.95708333333334,,54.507083333333334,0.4916666666666667,64.45833333333333,0.0
2016-04-16,12.126041666666667,85.19354166666666,1.4785416666666666,,97.31625000000001,55.01625000000001,,67.5425,0.5922916666666667,75.125,0.0
2016-04-17,9.016250000000001,54.34833333333333,1.5677083333333333,,63.36375,56.481249999999996,,48.5525,0.4008333333333333,49.083333333333336,0.0
2016-04-18,7.006666666666667,53.3325,2.301458333333333,,60.34,56.65875,,33.142222222222216,0.34,47.0,0.0
2016-04-19,9.880833333333333,51.166666666666664,3.0952083333333333,,61.047083333333326,57.26708333333334,,40.528749999999995,0.3302083333333333,48.291666666666664,0.0
2016-04-20,3.594583333333333,32.1875,0.9095833333333334,,35.78208333333333,52.32875000000001,,50.71208333333333,0.3566666666666667,44.708333333333336,0.0
2016-04-21,3.2470833333333338,28.4975,0.014375,,31.743333333333336,53.531666666666666,,55.331250000000004,0.43375,55.833333333333336,0.0
2016-04-22,4.765,32.02625,0.5189583333333333,,36.79708333333333,53.594166666666666,,60.29666666666666,0.5729166666666666,60.625,0.0
2016-04-23,3.2377083333333334,37.71875,2.351875,,40.955625,56.54791666666667,,75.39541666666666,0.61625,82.66666666666667,0.0
2016-04-24,1.8483333333333334,27.524583333333336,0.25895833333333335,,29.37375,52.03041666666667,,55.034166666666664,0.4383333333333333,60.041666666666664,0.0
2016-04-25,8.694583333333334,34.85875,1.0035416666666668,,43.55916666666667,44.96541666666667,,39.78,0.5233333333333333,61.958333333333336,0.0
2016-04-26,3.2254166666666664,25.114166666666666,1.025625,,28.339583333333334,52.10125,,43.46458333333334,0.41500000000000004,56.125,0.0
2016-04-27,2.670833333333333,13.052916666666667,0.40020833333333333,,15.72375,71.09041666666667,,36.016666666666666,0.265,31.75,1.0
2016-04-28,1.8516666666666666,7.6762500000000005,0.10666666666666667,,9.527916666666666,76.52958333333333,,43.40541666666667,0.13333333333333333,14.791666666666666,4.2
2016-04-29,4.199166666666667,17.885833333333334,0.3970833333333333,,22.087500000000002,75.4475,,34.96625,0.255,29.041666666666668,12.2
2016-04-30,5.551666666666667,20.775000000000002,2.152083333333333,,26.32541666666667,83.635,,22.61,0.345,22.791666666666668,0.0
2016-05-01,1.8475,14.366041666666666,0.7897916666666668,,16.213541666666668,65.33333333333333,,45.69125,0.19666666666666666,23.791666666666668,1.0
2016-05-02,7.232352941176471,25.502352941176472,1.3494117647058825,,32.73470588235294,60.32176470588235,,38.93352941176471,0.4329411764705883,41.88235294117647,0.0
2016-05-03,10.882083333333334,31.453333333333333,4.17,,42.33583333333333,63.98875,,35.64958333333333,0.47208333333333335,47.25,0.0
2016-05-04,4.924166666666667,18.969166666666666,0.855,,23.89708333333333,67.55083333333333,,45.723333333333336,0.33708333333333335,40.583333333333336,0.0
2016-05-05,4.1154166666666665,20.869583333333335,1.8266666666666669,,24.98625,68.91416666666667,,34.28208333333333,0.28875,37.125,0.0
2016-05-06,11.4825,35.57791666666667,2.7070833333333333,,47.05916666666667,66.19708333333334,,31.723333333333333,0.4695833333333333,48.25,0.0
2016-05-07,5.835,29.195833333333336,3.9045833333333335,,35.03125,69.01708333333333,,54.502916666666664,0.45125,58.958333333333336,0.0
2016-05-08,1.2954166666666667,12.26625,0.4116666666666666,,13.56,71.98833333333333,,60.8325,0.32708333333333334,34.541666666666664,0.0
2016-05-09,6.836041666666667,35.09666666666667,1.305,,41.932291666666664,68.30875,,42.010416666666664,0.5058333333333334,76.20833333333333,0.0
2016-05-10,9.046249999999999,29.582916666666666,1.439375,,38.60041666666667,70.94833333333334,,32.763333333333335,0.48583333333333334,69.625,0.0
2016-05-11,5.070833333333334,20.49833333333333,2.28875,,25.571250000000003,69.81416666666667,,39.041666666666664,0.37270833333333336,41.125,0.0
2016-05-12,2.7983333333333333,10.797916666666666,2.734583333333333,,13.597499999999998,77.16583333333334,,40.197916666666664,0.235,11.583333333333334,3.6000000000000005
2016-05-13,7.977083333333333,25.088125,2.3408333333333333,,33.066250000000004,87.59208333333333,,15.415,0.3466666666666667,12.541666666666666,8.6
2016-05-14,9.895833333333334,21.901666666666667,3.0564583333333335,,31.7975,72.16958333333334,,30.99291666666667,0.33,25.583333333333332,0.6000000000000001
2016-05-15,5.09625,21.1925,1.8139583333333331,,26.29041666666667,58.38083333333333,,35.13291666666667,0.32375,24.916666666666668,0.0
2016-05-16,3.12625,13.424791666666666,0.6314583333333333,,16.550208333333334,48.74666666666667,,47.840833333333336,0.29916666666666664,30.958333333333332,0.0
2016-05-17,3.2283333333333335,9.774166666666668,2.200416666666667,,13.0025,78.79041666666667,,44.70208333333333,0.25229166666666664,17.916666666666668,1.6
2016-05-18,4.5008333333333335,19.336666666666666,1.35125,,23.837083333333336,91.0,,20.992083333333333,0.2704166666666667,10.416666666666666,16.0
2016-05-19,5.163666666666667,20.330333333333332,2.2886666666666664,,25.492,92.008,,17.417333333333332,0.31466666666666665,8.066666666666666,1.0
2016-05-20,,,,,,,,,,,
2016-05-21,,,,,,,,,,,
2016-05-22,,,,,,,,,,,
2016-05-23,,,,,,,,,,,
2016-05-24,,,,,,,,,,,
2016-05-25,,,,,,,,,,,
2016-05-26,,,,,,,,,,,
2016-05-27,,,,,,,,,,,
2016-05-28,,,,,,,,,,,
2016-05-29,,,,,,,,,,,
2016-05-30,,,,,,,,,,,
2016-05-31,,,,,,,,,,,
2016-06-01,,,,,,,,,,,
2016-06-02,2.924545454545455,10.817272727272726,,,13.742727272727274,66.5190909090909,,49.57818181818182,0.37000000000000005,21.25,0.2
2016-06-03,5.150208333333333,22.195624999999996,1.805,,27.344583333333333,78.15541666666667,,25.659166666666668,0.40687500000000004,24.416666666666668,4.0
2016-06-04,5.04375,22.995833333333334,0.9641666666666667,,28.039583333333336,84.74333333333333,,22.714583333333334,0.39625,23.583333333333332,1.5999999999999999
2016-06-05,3.2325,24.448333333333334,3.248421052631579,,27.67833333333333,88.83958333333334,,23.743750000000002,0.4683333333333333,16.625,19.799999999999997
2016-06-06,6.541250000000001,24.321250000000003,2.5883333333333334,,30.862916666666667,86.43708333333332,,22.590416666666666,0.4295833333333334,31.166666666666668,2.5999999999999996
2016-06-07,2.8083333333333336,9.124166666666666,2.0272916666666667,,11.930833333333332,91.85958333333333,,43.89458333333334,0.19583333333333333,3.9166666666666665,25.0
2016-06-08,4.452916666666667,14.722500000000002,1.599375,,19.177291666666665,82.60666666666667,,37.231249999999996,0.30645833333333333,23.75,5.800000000000001
2016-06-09,4.798333333333333,17.027916666666666,2.79625,,21.829166666666666,72.84916666666668,,32.18458333333333,0.2975,35.916666666666664,0.0
2016-06-10,5.2179166666666665,20.087083333333332,4.227083333333334,,25.305833333333336,70.43458333333334,,34.772083333333335,0.3120833333333333,43.5,0.0
2016-06-11,4.0929166666666665,14.854583333333332,2.063333333333333,,18.94875,59.60208333333333,,48.21625,0.31124999999999997,37.916666666666664,0.0
2016-06-12,1.8183333333333334,14.402916666666668,4.7908333333333335,,16.219583333333333,61.12708333333333,,47.72875,0.26708333333333334,37.833333333333336,0.0
2016-06-13,4.244166666666667,16.389583333333334,3.707708333333333,,20.635,62.82916666666667,,36.17333333333333,0.32875000000000004,39.916666666666664,0.0
2016-06-14,17.21875,30.77416666666667,2.723333333333333,,47.99166666666667,66.26708333333333,,25.675416666666667,0.48208333333333336,58.75,0.0
2016-06-15,21.528750000000002,40.65625,8.69,,62.184583333333336,62.76666666666667,,26.657916666666665,0.5870833333333333,63.583333333333336,0.0
2016-06-16,26.562916666666666,49.184583333333336,9.795833333333333,,75.74916666666667,64.00333333333333,,27.785416666666666,0.7833333333333333,87.54166666666667,0.0
2016-06-17,12.18875,44.73,8.299583333333333,,56.921666666666674,61.42291666666667,,37.572916666666664,0.7145833333333332,71.20833333333333,0.0
2016-06-18,7.819166666666667,20.985833333333332,1.1391666666666667,,28.805833333333336,74.13083333333333,,54.50833333333333,0.5595833333333333,59.541666666666664,0.0
2016-06-19,2.5620833333333333,19.569166666666668,4.62625,,22.132499999999997,74.56916666666667,,47.33416666666667,0.4666666666666666,50.0,0.0
2016-06-20,2.734166666666667,12.755625,3.08375,,15.492916666666666,78.17041666666667,,52.744166666666665,0.27625,35.458333333333336,0.0
2016-06-21,4.5304166666666665,13.659999999999998,2.5370833333333334,,18.190833333333334,85.69625,,41.98083333333333,0.26958333333333334,15.875,4.2
2016-06-22,5.090416666666667,23.7675,1.3158333333333332,,28.856666666666666,71.49208333333333,,38.89666666666667,0.26958333333333334,35.833333333333336,0.0
2016-06-23,3.1816666666666666,12.43125,2.688541666666667,,15.615833333333333,77.64625,,42.36208333333334,0.27458333333333335,32.5,0.4
2016-06-24,7.746041666666667,19.509583333333335,1.2029166666666666,,27.25583333333333,77.54666666666667,,31.86,0.3854166666666667,41.458333333333336,0.0
2016-06-25,6.785416666666666,21.755,0.5704166666666667,,28.538749999999997,71.09,,37.055416666666666,0.39666666666666667,52.916666666666664,0.0
2016-06-26,6.329583333333333,19.422083333333333,1.5999999999999999,,25.751666666666665,65.82708333333333,,42.51291666666666,0.34874999999999995,41.291666666666664,0.0
2016-06-27,7.150833333333334,30.657708333333332,0.0,,37.80770833333333,62.836875,,34.959375,0.29,39.9375,0.0
2016-06-28,15.216666666666667,35.579166666666666,0.45826086956521733,,50.796666666666674,68.61833333333333,,21.367500000000003,0.5429166666666666,53.083333333333336,0.0
2016-06-29,18.633333333333333,32.52375,1.8702083333333333,,51.16291666666667,67.42958333333333,,28.938333333333333,0.5291666666666667,64.70833333333333,0.0
2016-06-30,9.512916666666667,25.463125,1.3683333333333334,,34.97375,75.82166666666667,,30.394166666666667,0.48,61.125,0.0
2016-07-01,8.506458333333333,34.771458333333335,0.5750000000000001,,43.275416666666665,76.28791666666667,,27.96375,0.46875,81.95833333333333,0.0
2016-07-02,5.948333333333333,31.697916666666668,7.075,,37.64354166666667,74.28291666666667,,52.5675,0.4875,84.75,0.0
2016-07-03,4.155833333333333,34.236666666666665,2.127291666666667,,38.39125,70.91,,54.38,0.6066666666666667,79.91666666666667,0.0
2016-07-04,11.093333333333334,33.2875,1.9504166666666667,,44.379999999999995,62.63166666666667,,33.085,0.5370833333333334,65.91666666666667,0.0
2016-07-05,19.940625,30.75375,5.55375,,50.69104166666667,58.58166666666667,,27.87125,0.5833333333333334,70.5,0.0
2016-07-06,12.854999999999999,28.16,4.350416666666667,,41.016666666666666,51.59,,27.106666666666666,0.4970833333333333,55.416666666666664,0.0
2016-07-07,2.8004166666666666,11.441458333333335,2.810833333333333,,14.242291666666667,60.151250000000005,,49.44166666666666,0.285,34.375,0.0
2016-07-08,6.685416666666666,20.134166666666665,0.7435416666666667,,26.820624999999996,62.10166666666667,,33.70041666666666,0.3970833333333333,38.458333333333336,0.0
2016-07-09,15.620833333333332,35.812083333333334,28.977500000000003,,51.435,63.11541666666667,,32.96875,0.75375,80.29166666666667,0.0
2016-07-10,7.925833333333333,28.689166666666665,10.65470588235294,,36.615833333333335,58.403333333333336,,39.25333333333334,0.8679166666666666,66.6,0.0
2016-07-11,23.679583333333337,51.0725,13.9825,,74.75291666666666,53.49625,,45.21083333333333,0.9641666666666667,117.11111111111111,0.0
2016-07-12,9.350833333333334,37.94833333333333,2.2495833333333333,,47.29770833333333,43.15625,,46.449375,0.7322916666666667,73.0,0.0
2016-07-13,3.6012500000000003,30.012083333333333,3.2875,,33.615,62.38916666666666,,58.673750000000005,0.5258333333333333,70.625,0.0
2016-07-14,4.221041666666666,34.319375,3.502708333333333,,38.540416666666665,66.50291666666666,,60.67041666666666,0.4927083333333333,67.20833333333333,0.0
2016-07-15,18.111250000000002,40.96583333333333,16.901666666666667,,59.07458333333333,50.184583333333336,,42.19875,0.9274999999999999,91.41666666666667,0.0
2016-07-16,14.623750000000001,22.81,1.075,,37.435,58.29833333333334,,62.73541666666667,0.6075,70.875,0.0
2016-07-17,0.7560416666666666,4.620833333333334,0.9199999999999999,,5.378125,62.29083333333333,,61.01979166666666,0.11666666666666665,19.5625,0.2
2016-07-18,2.1129166666666666,8.954583333333334,3.3379166666666666,,11.068333333333333,52.81,,57.07833333333334,0.18166666666666667,23.875,0.0
2016-07-19,9.234166666666667,29.214166666666667,3.6327083333333334,,38.44520833333333,57.99583333333334,,35.28875,0.4166666666666667,52.104166666666664,0.0
2016-07-20,7.122916666666666,24.512916666666666,0.05625,,31.635416666666668,67.97833333333334,,38.16708333333333,0.415,50.104166666666664,0.0
2016-07-21,6.495416666666666,20.624166666666667,0.19416666666666668,,27.118125000000003,79.48958333333333,,33.23083333333333,0.3279166666666667,28.395833333333332,0.0
2016-07-22,5.991666666666666,21.212083333333336,0.0,,27.203333333333333,74.145,,34.705416666666665,0.38208333333333333,30.5,0.0
2016-07-23,10.155,35.50958333333333,0.44375000000000003,,45.66625,64.58708333333333,,34.40541666666667,0.4658333333333333,54.458333333333336,0.0
2016-07-24,3.158958333333333,19.64,2.86875,,22.7975,63.201666666666675,,51.568333333333335,0.5291666666666667,48.416666666666664,0.0
2016-07-25,3.034166666666667,22.224791666666665,2.1366666666666667,,25.25979166666667,72.92416666666666,,61.24166666666667,0.46708333333333335,57.666666666666664,0.0
2016-07-26,11.314583333333333,45.675000000000004,3.6483333333333334,,56.99,58.14333333333334,,58.17583333333334,0.6241666666666666,90.04166666666667,0.0
2016-07-27,3.817083333333333,23.574333333333335,3.8043750000000003,,28.847666666666665,48.46083333333333,,57.718333333333334,0.314375,63.270833333333336,0.0
2016-07-28,2.1766666666666667,,2.70125,,,66.96374999999999,,52.434583333333336,0.2504166666666667,26.916666666666668,0.0
2016-07-29,4.5841666666666665,,2.3564583333333333,,,69.21583333333334,,30.7225,0.3770833333333334,39.166666666666664,0.0
2016-07-30,4.829583333333333,,2.4114583333333335,,,65.61749999999999,,40.499583333333334,0.4033333333333333,59.5,0.0
2016-07-31,1.6050000000000002,,2.9760416666666667,,,64.36874999999999,,51.00333333333333,0.25625000000000003,40.166666666666664,0.0
2016-08-01,10.595416666666667,,2.9375,,,48.54333333333333,,38.196666666666665,0.49500000000000005,43.583333333333336,0.0
2016-08-02,6.7039583333333335,,3.5504166666666666,,,58.50791666666667,,50.11833333333333,0.45708333333333334,46.875,0.0
2016-08-03,3.048235294117647,,3.9812499999999997,,,72.90791666666667,,34.41125,0.3125,28.0,1.4
2016-08-04,2.7170833333333335,29.060769230769232,3.5077083333333334,,31.56153846153846,61.9025,,42.81104166666666,0.21166666666666667,28.666666666666668,0.0
2016-08-05,9.439583333333333,50.33083333333334,2.9175,,59.772083333333335,56.666666666666664,,45.317499999999995,0.4975,47.208333333333336,0.0
2016-08-06,8.828333333333333,48.72416666666667,0.9466666666666667,,57.55166666666667,49.03125,,39.57541666666667,0.7354166666666666,60.0,0.0
2016-08-07,2.7270833333333333,24.535625,0.916875,,27.262291666666666,51.787083333333335,,73.245,0.4454166666666666,51.125,0.0
2016-08-08,1.0978947368421053,22.387894736842107,0.28657894736842104,,23.487894736842104,67.12736842105264,,74.37105263157895,0.23473684210526316,28.854166666666668,0.0
2016-08-09,2.200625,29.04895833333333,0.6006250000000001,,31.250833333333333,67.33708333333333,,74.24666666666667,0.3666666666666667,37.958333333333336,0.0
2016-08-10,1.1520833333333333,12.621875000000001,0.15166666666666667,,13.776041666666666,76.99041666666666,,68.465,0.18041666666666667,11.875,1.0
2016-08-11,1.7358333333333331,15.357083333333334,0.18979166666666666,,17.095208333333336,57.92041666666666,,67.41833333333334,0.17875,22.375,0.0
2016-08-12,2.921111111111111,20.828333333333333,0.3325,,23.750555555555554,63.40166666666667,,52.665,0.24833333333333332,31.0,0.0
2016-08-13,7.97125,40.70583333333334,0.21541666666666667,,48.67583333333334,64.35083333333334,,44.50416666666666,0.5020833333333333,46.083333333333336,0.0
2016-08-14,3.2646153846153845,44.45384615384615,0.22499999999999998,,47.71769230769231,75.77846153846154,,26.365384615384617,0.596923076923077,37.15384615384615,0.0
2016-08-15,6.065833333333334,33.61125,1.7052083333333332,,39.67666666666667,57.888958333333335,,69.81458333333333,0.6208333333333333,61.083333333333336,0.6000000000000001
2016-08-16,4.05875,36.90916666666667,0.161875,,40.96958333333333,49.459583333333335,,67.81166666666667,0.44416666666666665,38.291666666666664,0.0
2016-08-17,12.176874999999999,77.41375,2.001875,,89.589375,49.16041666666666,,49.356249999999996,0.7331578947368421,71.33333333333333,0.0
2016-08-18,0.9533333333333333,18.683125,0.23145833333333332,,19.636666666666667,58.30583333333333,,95.9975,0.2525,27.083333333333332,0.0
2016-08-19,1.4954166666666666,26.637083333333333,0.03791666666666666,,28.133333333333336,66.45875,,77.6875,0.31583333333333335,20.416666666666668,0.8
2016-08-20,2.9295833333333334,33.89958333333333,0.064375,,36.83,68.57875,,45.2775,0.5095833333333334,37.166666666666664,1.2000000000000002
2016-08-21,1.5814583333333332,19.508958333333332,0.20958333333333332,,21.088958333333334,83.06,,58.887499999999996,0.41041666666666665,15.0625,15.8
2016-08-22,2.68625,18.462708333333335,0.44354166666666667,,21.14979166666667,79.11437500000001,,52.071666666666665,0.19291666666666665,10.041666666666666,13.2
2016-08-23,8.392708333333333,35.899375,0.46812499999999996,,44.291041666666665,70.32916666666667,,34.183749999999996,0.33708333333333335,27.208333333333332,0.0
2016-08-24,2.025208333333333,27.665208333333336,0.346875,,29.689999999999998,58.29291666666666,,59.37916666666666,0.20958333333333334,21.416666666666668,0.0
2016-08-25,5.119583333333334,37.17666666666667,0.8222916666666666,,42.29666666666667,55.04916666666667,,53.7725,0.3066666666666667,33.75,0.0
2016-08-26,14.863958333333334,46.744375,1.1660416666666666,,61.608125,55.67333333333334,,46.10375,0.5,51.291666666666664,0.0
2016-08-27,12.937083333333334,46.596666666666664,0.7595833333333334,,59.53375,53.251666666666665,,46.3525,0.6379166666666667,66.875,0.0
2016-08-28,7.746666666666666,43.03,0.955625,,50.776250000000005,47.540416666666665,,60.49666666666667,0.6416666666666667,60.0,0.0
2016-08-29,13.614583333333334,55.995416666666664,1.6852083333333334,,69.61041666666667,39.42541666666667,,58.67791666666667,0.6758333333333333,66.79166666666667,0.0
2016-08-30,8.01875,44.40958333333333,0.765625,,52.427083333333336,59.93625,,51.66916666666666,0.5708333333333333,65.54166666666667,0.0
2016-08-31,3.977272727272727,46.11363636363637,0.5213636363636364,,50.08909090909091,81.31818181818181,,20.35545454545455,0.5499999999999999,44.25,16.0
2016-09-01,2.784166666666667,21.250625,0.7079166666666666,,24.036458333333332,73.9525,,63.23541666666667,0.3720833333333333,23.625,1.0
2016-09-02,5.681875000000001,35.608958333333334,0.09708333333333334,,41.29020833333333,75.68041666666666,,60.7275,0.5208333333333334,31.708333333333332,0.4
2016-09-03,4.234583333333333,37.49708333333333,0.14166666666666666,,41.73291666666667,67.91250000000001,,52.66083333333333,0.48041666666666666,47.583333333333336,0.0
2016-09-04,2.862083333333333,20.84541666666667,0.5077083333333333,,23.70958333333333,60.32666666666666,,53.96083333333333,0.30125,24.041666666666668,0.0
2016-09-05,2.4250000000000003,21.305208333333333,0.6085416666666666,,23.731458333333332,69.16708333333334,,48.279583333333335,0.34208333333333335,30.944444444444443,0.0
2016-09-06,3.2604166666666665,30.1725,5.555208333333333,,33.43083333333333,61.07916666666667,,51.85999999999999,0.42416666666666664,65.81818181818181,0.0
2016-09-07,1.5241666666666667,15.733333333333334,0.5577083333333334,,17.257916666666667,61.98291666666666,,65.5125,0.3329166666666667,33.041666666666664,0.8
2016-09-08,3.0370833333333334,23.49625,0.0008333333333333334,,26.535,67.89333333333333,,48.97416666666667,0.31583333333333335,29.958333333333332,0.0
2016-09-09,2.965208333333333,21.778125,1.086875,,24.742499999999996,63.740833333333335,,52.732499999999995,0.24541666666666664,20.291666666666668,0.0
2016-09-10,2.219375,22.735208333333333,0.4041666666666666,,24.951666666666668,71.3925,,47.04458333333333,0.3204166666666667,25.125,0.2
2016-09-11,2.4562500000000003,23.84875,5.640208333333334,,26.30458333333333,66.87833333333333,,59.43,0.3758333333333333,40.666666666666664,0.0
2016-09-12,3.6345833333333335,30.095,10.423333333333334,,33.73083333333333,58.699999999999996,,49.69333333333333,0.38125000000000003,49.291666666666664,0.0
2016-09-13,4.2875000000000005,27.861666666666665,1.2275,,32.149166666666666,39.16125,,45.3375,0.37083333333333335,44.083333333333336,0.0
2016-09-14,1.3604166666666666,16.713333333333335,0.42791666666666667,,18.0725,44.66583333333333,,72.235,0.30791666666666667,47.333333333333336,0.0
2016-09-15,2.222916666666667,20.765208333333334,6.394166666666667,,22.988958333333333,49.40375,,64.18083333333333,0.29125,38.75,0.0
2016-09-16,2.1218749999999997,19.7725,0.4054166666666667,,21.894583333333333,69.57458333333334,,52.010416666666664,0.3529166666666667,33.333333333333336,0.0
2016-09-17,2.2179166666666665,21.525833333333335,1.4437499999999999,,23.741666666666664,66.6525,,67.58791666666666,0.4270833333333333,39.5,0.0
2016-09-18,1.7183333333333335,20.33625,3.620416666666667,,22.052916666666665,69.80416666666666,,81.49916666666667,0.4466666666666667,51.333333333333336,5.4
2016-09-19,1.3179166666666666,11.118333333333332,0.033125,,12.437083333333334,70.40666666666667,,75.39874999999999,0.34,22.416666666666668,0.0
2016-09-20,1.4741666666666668,9.190208333333333,0.20958333333333334,,10.663958333333333,86.86041666666667,,61.82125,0.18666666666666668,15.875,5.2
2016-09-21,1.8575,13.559166666666668,0.28958333333333336,,15.415833333333333,70.05833333333334,,63.36208333333334,0.18416666666666667,18.375,4.4
2016-09-22,2.9341666666666666,19.502083333333335,0.6166666666666667,,22.436666666666667,68.77708333333334,,50.52,0.13416666666666668,25.0,0.2
2016-09-23,2.9725,28.27,4.649583333333333,,31.243750000000002,58.5375,,70.40833333333333,0.35875,38.375,0.0
2016-09-24,1.1875,11.364583333333334,0.3516666666666666,,12.551250000000001,75.75,,74.12541666666667,0.10291666666666667,26.833333333333332,0.0
2016-09-25,1.4629166666666666,17.945208333333333,0.0,,19.410625,90.9775,,56.04624999999999,0.265,9.458333333333334,9.8
2016-09-26,1.99,18.788333333333334,0.13312500000000002,,20.776041666666668,81.03708333333334,,50.846666666666664,0.24208333333333332,18.333333333333332,0.0
2016-09-27,2.1558333333333333,13.903125000000001,0.070625,,16.087500000000002,70.5575,,55.07833333333334,0.23625,20.0,0.0
2016-09-28,3.2288888888888887,23.75861111111111,1.2147222222222223,,26.988055555555558,63.94,,60.180416666666666,0.30875,29.458333333333332,0.0
2016-09-29,2.671923076923077,22.647307692307688,0.10923076923076923,,25.319230769230767,70.23692307692308,,46.8423076923077,0.31461538461538463,43.46153846153846,0.0
2016-09-30,1.544285714285714,11.237142857142857,0.018571428571428572,,12.784285714285714,82.19125,,51.61,0.26571428571428574,28.857142857142858,0.0
2016-10-01,2.86875,17.135,0.0,,20.00625,83.33,,42.54291666666666,0.22916666666666666,23.166666666666668,1.2000000000000002
2016-10-02,2.1591666666666667,15.047083333333333,0.575,,17.205416666666668,76.20083333333334,,42.10541666666666,0.2579166666666667,24.458333333333332,0.0
2016-10-03,2.7654761904761904,21.822857142857142,3.5017391304347822,,24.588809523809523,69.82583333333334,,41.95458333333333,0.26791666666666664,29.791666666666668,5.4
2016-10-04,6.545333333333334,27.766000000000002,6.028333333333332,,34.312666666666665,88.40375,,30.451666666666668,0.3333333333333333,18.666666666666668,20.200000000000003
2016-10-05,2.1177083333333333,19.7775,1.7989583333333332,,21.895,75.22833333333334,,54.91583333333333,0.25958333333333333,18.708333333333332,1.2000000000000002
2016-10-06,7.886666666666667,30.933333333333334,0.7433333333333333,,38.81875,74.33708333333334,,32.30708333333333,0.35541666666666666,31.375,0.0
2016-10-07,1.844375,16.517083333333332,0.4997916666666667,,18.360833333333336,68.02541666666666,,53.10583333333333,0.26833333333333337,23.0,0.4
2016-10-08,4.09625,26.86791666666667,5.7593749999999995,,30.96291666666667,61.30916666666667,,65.40541666666667,0.42166666666666663,41.041666666666664,0.0
2016-10-09,1.54375,14.364583333333334,4.0825000000000005,,15.909583333333332,65.96041666666666,,64.28750000000001,0.30624999999999997,30.333333333333332,0.0
2016-10-10,1.2847916666666668,11.006875,2.997083333333333,,12.29125,69.81625,,64.64625,0.18666666666666668,23.125,0.8
2016-10-11,2.4270833333333335,20.745416666666667,3.9,,23.172083333333333,60.971666666666664,,64.17916666666666,0.25375,33.166666666666664,4.4
2016-10-12,2.78875,25.562083333333334,4.51875,,28.350416666666664,66.82708333333333,,60.599583333333335,0.3770833333333334,39.791666666666664,0.2
2016-10-13,3.3210416666666664,25.760833333333334,6.41375,,29.082083333333333,52.231249999999996,,61.71666666666667,0.31375000000000003,42.916666666666664,0.0
2016-10-14,1.9708333333333332,14.722291666666665,0.4708333333333334,,16.690833333333334,56.958333333333336,,74.97,0.2916666666666667,29.666666666666668,0.0
2016-10-15,1.8941666666666668,19.5275,3.4133333333333336,,21.42125,63.44291666666666,,83.6025,0.39125000000000004,34.625,0.0
2016-10-16,2.784666666666667,25.283333333333335,8.482,,28.068666666666665,63.348,,70.07199999999999,0.49733333333333335,51.266666666666666,0.0
2016-10-17,1.501111111111111,25.211111111111112,1.1966666666666665,,26.712222222222223,53.333333333333336,,84.14222222222222,0.41111111111111115,50.666666666666664,0.0
2016-10-18,1.3299999999999998,15.880833333333333,1.7508333333333332,,17.211666666666666,64.89166666666667,,96.96708333333333,0.33625,49.375,0.0
2016-10-19,2.0629166666666667,19.803333333333335,6.672083333333333,,21.864583333333332,69.21833333333333,,90.35916666666667,0.3983333333333334,51.958333333333336,0.0
2016-10-20,1.6464583333333334,20.616249999999997,1.6056249999999999,,22.265625,62.02333333333333,,82.07416666666667,0.41791666666666666,45.208333333333336,0.0
2016-10-21,1.9895833333333333,11.7425,2.271578947368421,,13.7325,73.90333333333334,,66.21041666666666,0.3283333333333333,34.854166666666664,0.0
2016-10-22,0.6836666666666666,10.023333333333333,2.0789999999999997,,10.702666666666667,73.19133333333335,,48.196000000000005,0.16933333333333334,13.058823529411764,0.0
2016-10-23,0.5349999999999999,11.22,1.245,,11.745000000000001,72.07499999999999,,44.17,0.16,19.5,0.0
2016-10-24,0.9790000000000001,16.102,2.431111111111111,,17.082,59.76,,71.762,0.223,29.583333333333332,0.0
2016-10-25,3.1197916666666665,19.115,2.5166666666666666,,22.235625,70.15333333333334,,45.11208333333334,0.24916666666666668,26.541666666666668,0.0
2016-10-26,2.3039583333333336,19.20625,4.09125,,21.508333333333336,63.377916666666664,,51.97875,0.23291666666666666,25.833333333333332,0.0
2016-10-27,3.0864583333333333,17.711875,5.270833333333333,,20.798750000000002,58.22875,,66.79916666666666,0.30833333333333335,35.458333333333336,3.2
2016-10-28,1.1933333333333334,10.24875,0.7529166666666667,,11.441250000000002,64.86166666666666,,61.25083333333333,0.18416666666666667,27.625,0.0
2016-10-29,1.4170833333333333,10.192083333333334,1.8895833333333334,,11.607916666666666,62.156666666666666,,51.95583333333334,0.18375,23.833333333333332,0.8
2016-10-30,1.46875,13.785416666666668,3.4625,,15.254166666666668,65.55166666666666,,48.515416666666674,0.22875,28.583333333333332,0.0
2016-10-31,1.9291666666666665,18.405833333333334,2.8654166666666665,,20.332916666666666,56.38166666666667,,65.29458333333334,0.19625,35.708333333333336,0.0
2016-11-01,4.540416666666666,29.445000000000004,9.337083333333334,,33.985416666666666,53.11375,,68.07208333333334,0.349375,46.958333333333336,0.0
2016-11-02,1.9729166666666667,19.560416666666665,3.2383333333333333,,21.534583333333334,41.541666666666664,,62.02916666666667,0.3,33.0,0.0
2016-11-03,1.1954166666666666,9.386875,1.9075,,10.5825,61.185833333333335,,71.62333333333333,0.2525,27.291666666666668,9.8
2016-11-04,3.879583333333333,22.110416666666666,2.9275,,25.98625,94.24791666666665,,39.79666666666667,0.3675,9.875,23.2
2016-11-05,2.7875,14.793333333333335,2.5095833333333335,,17.580416666666668,93.01208333333334,,51.031666666666666,0.3254166666666667,9.458333333333334,5.4
2016-11-06,4.007916666666667,21.193749999999998,2.75375,,25.20125,76.91833333333334,,40.544583333333335,0.32083333333333336,23.0,0.4
2016-11-07,3.8825,20.802916666666665,5.06625,,24.684166666666666,68.82875,,53.97875,0.25375,29.041666666666668,0.4
2016-11-08,3.6020833333333333,19.475416666666668,7.244583333333334,,23.075833333333335,71.09770833333333,,47.23041666666666,0.40875,29.25,8.4
2016-11-09,5.141666666666667,23.719166666666666,2.794583333333333,,28.859166666666667,60.7075,,54.15875,0.35916666666666663,28.458333333333332,10.0
2016-11-10,1.5199999999999998,16.2475,1.7699999999999998,,17.767916666666668,55.67541666666667,,78.77291666666666,0.3045833333333333,21.125,3.6
2016-11-11,1.4243750000000002,18.591874999999998,3.5812500000000003,,20.017083333333336,58.462916666666665,,102.13666666666667,0.355,28.791666666666668,1.8
2016-11-12,1.01375,10.242916666666668,2.3125,,11.222916666666668,70.85541666666667,,71.29833333333333,0.2554166666666667,19.333333333333332,0.4
2016-11-13,2.1675,13.912708333333333,2.5295833333333335,,16.030833333333334,85.96666666666665,,45.60958333333334,0.3095833333333333,9.958333333333334,23.0
2016-11-14,4.0164583333333335,20.385208333333335,2.9308333333333336,,24.401666666666667,89.20791666666668,,28.87708333333333,0.26708333333333334,10.916666666666666,32.599999999999994
2016-11-15,1.6233333333333333,12.13875,2.8945833333333333,,13.766458333333333,73.77833333333334,,51.56041666666667,0.25,13.583333333333334,7.8
2016-11-16,2.6662500000000002,15.909166666666666,1.4691666666666665,,18.5775,70.22458333333334,,47.51416666666666,0.3179166666666667,30.333333333333332,0.0
2016-11-17,2.529375,17.402291666666667,1.99,,19.9325,71.8625,,54.33166666666667,0.3075,23.791666666666668,5.0
2016-11-18,1.5875000000000001,9.017083333333334,1.4279166666666667,,10.60375,77.30666666666667,,46.59145833333333,0.17,20.5625,6.4
2016-11-19,1.2016666666666667,6.8535416666666675,1.7466666666666668,,8.056458333333333,55.303333333333335,,55.337916666666665,0.14041666666666666,25.25,2.2
2016-11-20,1.3554166666666667,10.0925,0.18458333333333332,,11.448749999999999,55.365,,52.66166666666667,0.1758333333333333,28.458333333333332,0.0
2016-11-21,1.9729166666666667,18.085,2.3683333333333336,,20.056250000000002,54.91,,60.36041666666667,0.2579166666666667,36.604166666666664,0.0
2016-11-22,3.9768749999999997,22.856875,5.0825000000000005,,26.833125,60.895,,59.473333333333336,0.3741666666666667,47.583333333333336,0.2
2016-11-23,3.1808333333333336,26.243750000000002,3.8720833333333338,,29.42375,70.81958333333334,,54.959583333333335,0.38625,50.958333333333336,0.0
2016-11-24,1.4847916666666665,11.486458333333333,0.9404166666666667,,12.971041666666666,68.36708333333333,,66.70541666666666,0.2525,28.916666666666668,0.0
2016-11-25,1.8812499999999999,17.789166666666667,3.9299999999999997,,19.667916666666667,61.31916666666667,,75.27458333333333,0.24125,31.0,0.0
2016-11-26,1.78,18.840833333333332,2.9916666666666667,,20.620833333333334,62.26666666666667,,66.40875,0.24916666666666668,52.583333333333336,0.0
2016-11-27,1.8991666666666667,18.69125,4.2370833333333335,,20.592916666666667,60.82333333333333,,68.01166666666667,0.26833333333333337,41.875,0.0
2016-11-28,2.97125,19.929166666666667,3.75,,22.900000000000002,57.305,,69.33541666666666,0.30624999999999997,43.333333333333336,0.0
2016-11-29,1.21,8.827083333333333,0.13791666666666666,,10.0375,68.08624999999999,,73.81416666666667,0.25166666666666665,26.375,0.2
2016-11-30,1.6208333333333333,8.347083333333334,2.55125,,9.965416666666668,70.56166666666667,,48.88333333333333,0.14708333333333334,24.0,0.8
2016-12-01,2.1929166666666666,13.360416666666666,2.5733333333333333,,15.552916666666667,59.94,,44.55791666666667,0.15916666666666668,29.625,0.0
2016-12-02,2.2383333333333333,16.629166666666666,1.5408333333333333,,18.86375,60.99791666666667,,44.79708333333334,0.19625,34.583333333333336,0.0
2016-12-03,2.2916666666666665,18.870833333333334,3.265416666666667,,21.161666666666665,64.64208333333333,,65.13250000000001,0.30333333333333334,41.666666666666664,15.0
2016-12-04,1.1035416666666666,13.104166666666666,2.3375,,14.209166666666667,76.63583333333334,,52.0375,0.28708333333333336,15.541666666666666,7.800000000000001
2016-12-05,1.3466666666666667,13.003750000000002,1.54,,14.348333333333334,78.59083333333334,,50.86083333333334,0.23458333333333334,22.291666666666668,0.0
2016-12-06,1.661875,12.700416666666667,0.61,,14.363958333333334,62.80875,,49.03541666666666,0.22916666666666666,26.791666666666668,0.0
2016-12-07,6.3785,26.633499999999998,4.720000000000001,,33.010000000000005,59.1675,,84.385,0.3905,47.23809523809524,0.0
2016-12-08,0.9199999999999999,20.51,0.54,,21.43111111111111,60.763333333333335,,105.14777777777778,0.2866666666666667,34.55555555555556,2.0
2016-12-09,1.1163888888888889,9.099444444444444,0.5026470588235294,,10.217222222222222,67.57722222222223,,74.74833333333333,0.24916666666666668,22.166666666666668,1.8
2016-12-10,1.2645833333333334,17.32645833333333,0.01958333333333333,,18.590208333333333,69.2625,,84.41333333333334,0.3416666666666666,30.791666666666668,0.0
2016-12-11,0.8858333333333334,14.065,0.20958333333333334,,14.950833333333334,64.48833333333333,,54.35041666666667,0.35125,24.0,8.0
2016-12-12,1.6137499999999998,17.167916666666667,0.375,,18.781458333333333,73.98333333333333,,64.19583333333334,0.3741666666666667,23.958333333333332,39.2
2016-12-13,1.9574999999999998,13.525416666666667,0.60375,,15.484583333333333,73.70083333333334,,51.627916666666664,0.3070833333333333,24.166666666666668,0.2
2016-12-14,2.265,14.083333333333334,0.06833333333333333,,16.349166666666665,80.08458333333333,,42.63875,0.29541666666666666,20.833333333333332,31.600000000000005
2016-12-15,4.135416666666667,20.22125,0.01375,,24.3575,74.54666666666667,,34.160833333333336,0.2654166666666667,24.791666666666668,3.2
2016-12-16,3.5124999999999997,17.237916666666667,0.18958333333333333,,20.7525,72.285,,29.060833333333335,0.20375,25.541666666666668,2.4000000000000004
2016-12-17,3.595833333333333,15.777500000000002,0.5075,,19.370833333333334,77.7475,,30.8925,0.25833333333333336,20.166666666666668,4.6
2016-12-18,2.294166666666667,15.119166666666667,0.42166666666666663,,17.413333333333334,74.43541666666667,,42.96541666666667,0.25125000000000003,19.083333333333332,24.0
2016-12-19,3.4720833333333334,17.135416666666668,1.37625,,20.609583333333333,60.50833333333333,,41.04125,0.220625,22.0,0.0
2016-12-20,2.7175,18.407083333333333,1.3775000000000002,,21.125833333333333,51.36625,,58.51625000000001,0.22375,25.083333333333332,0.0
2016-12-21,1.6420833333333331,15.142083333333334,0.9829166666666667,,16.781666666666666,52.689166666666665,,70.43583333333333,0.23666666666666666,23.291666666666668,23.200000000000003
2016-12-22,2.4973076923076922,24.198461538461537,2.364,,26.69538461538462,60.22291666666666,,46.74461538461538,0.36000000000000004,26.46153846153846,0.0
2016-12-23,2.652941176470588,26.55764705882353,7.596666666666668,,29.21,56.88999999999999,,84.30104166666666,0.35944444444444446,42.729166666666664,0.0
2016-12-24,1.1672916666666666,17.866666666666667,0.59375,,19.033958333333334,50.95249999999999,,95.35166666666667,0.41333333333333333,27.416666666666668,0.0
2016-12-25,0.8479166666666665,11.694583333333334,1.0108333333333335,,12.542083333333332,52.944583333333334,,82.42375,0.29041666666666666,26.208333333333332,0.0
2016-12-26,1.7822916666666666,22.09375,6.309166666666667,,23.875625,54.57916666666667,,98.94083333333333,0.3766666666666667,39.625,0.0
2016-12-27,1.3663157894736842,21.365263157894738,5.965416666666667,,22.72684210526316,45.173750000000005,,74.69375,0.32666666666666666,35.875,0.0
2016-12-28,0.7966666666666667,12.478333333333333,7.014166666666667,,13.27125,50.562916666666666,,100.10375,0.27875,32.875,0.0
2016-12-29,0.7672916666666666,11.868125,4.98375,,12.636458333333332,64.06583333333333,,97.71499999999999,0.265,36.5,0.0
2016-12-30,1.2683333333333333,19.475416666666664,5.978333333333333,,20.7475,61.85125,,73.72791666666667,0.36833333333333335,39.333333333333336,17.0
2016-12-31,3.3854166666666665,24.829583333333332,9.52125,,28.212500000000002,59.73416666666666,,90.09833333333334,0.5020833333333333,42.958333333333336,3.0
2017-01-01,0.6252083333333334,13.752916666666666,1.5745833333333332,,14.378750000000002,48.42166666666666,,88.91916666666667,0.351875,31.958333333333332,0.0
2017-01-02,0.8077083333333334,11.734791666666666,6.8875,,12.543125000000002,53.68541666666667,,88.25791666666667,0.3725,26.916666666666668,0.0
2017-01-03,0.9052083333333334,10.547291666666666,7.454166666666667,,11.453958333333333,63.73916666666667,,71.9378947368421,0.30777777777777776,17.444444444444443,0.2
2017-01-04,2.2033333333333336,18.285,4.270833333333333,,20.487916666666667,58.24041666666667,,70.105,0.32875,31.166666666666668,10.799999999999999
2017-01-05,1.3718181818181818,13.552272727272726,,,14.924090909090909,61.979166666666664,,76.39958333333333,0.24636363636363637,38.104166666666664,15.0
2017-01-06,,,,,,62.61071428571428,,,0.29000000000000004,29.0,0.0
2017-01-07,1.4975,18.0275,,,19.521874999999998,72.67933333333333,,,0.3255555555555556,,3.0
2017-01-08,0.8616666666666667,12.176875,2.2504347826086954,,13.03625,58.403333333333336,,83.41083333333334,0.27791666666666665,19.333333333333332,0.2
2017-01-09,2.6152083333333334,18.385833333333334,2.6508333333333334,,21.00375,51.788333333333334,,63.42625,0.29958333333333337,23.541666666666668,0.0
2017-01-10,1.2102083333333333,13.445833333333333,4.930833333333333,,14.656875,54.94875,,77.61874999999999,0.29041666666666666,22.958333333333332,2.0
2017-01-11,1.2835416666666666,14.772916666666667,3.547916666666667,,16.055416666666666,65.07875,,73.13083333333333,0.33125,22.5,16.4
2017-01-12,6.189166666666668,21.744583333333335,7.4437500000000005,,27.933333333333334,72.69041666666666,,49.89625,0.3775,27.208333333333332,0.0
2017-01-13,2.745625,25.988125,7.53125,,28.731041666666666,76.98125,,46.96333333333333,0.4116666666666666,25.25,0.8
2017-01-14,2.01625,14.508333333333333,2.3241666666666667,,16.526041666666668,66.16541666666667,,60.92458333333334,0.35958333333333337,25.791666666666668,0.0
2017-01-15,1.8754166666666665,17.465,3.8125,,19.339583333333334,64.14208333333333,,80.41333333333334,0.36333333333333334,25.75,0.0
2017-01-16,2.3227083333333334,19.563333333333333,8.747916666666667,,21.886458333333334,60.754999999999995,,55.748333333333335,0.35125,22.75,2.5999999999999996
2017-01-17,3.2577777777777777,21.71333333333333,5.5025,,24.97222222222222,48.48291666666666,,42.597500000000004,0.25708333333333333,23.083333333333332,0.2
2017-01-18,1.5071428571428573,19.205714285714286,3.91,,20.71142857142857,47.033125000000005,,59.32125,0.23354166666666665,27.541666666666668,0.0
2017-01-19,1.3510416666666665,12.419583333333334,4.890833333333333,,13.773333333333333,70.99833333333333,,71.56666666666666,0.22375,22.5,29.799999999999997
2017-01-20,1.6762500000000002,15.696666666666667,4.265833333333333,,17.370833333333334,76.68375,,54.72708333333333,0.2841666666666667,22.708333333333332,0.0
2017-01-21,1.7083333333333333,17.160833333333333,6.583333333333333,,18.867083333333333,71.98208333333334,,55.25375,0.3279166666666667,25.916666666666668,1.0
2017-01-22,1.8345833333333335,14.344791666666666,5.1525,,16.179375,71.92666666666666,,57.67249999999999,0.26666666666666666,26.916666666666668,14.0
2017-01-23,4.461666666666667,21.47,5.2091666666666665,,25.931250000000002,70.81666666666666,,73.10666666666667,0.34541666666666665,29.083333333333332,0.2
2017-01-24,2.6879166666666667,19.129583333333333,8.56625,,21.815625,64.24458333333332,,72.86375,0.26708333333333334,21.0,3.2
2017-01-25,3.4066666666666667,23.305208333333336,6.864999999999999,,26.708333333333332,62.55041666666667,,41.11125,0.32125,34.166666666666664,6.6
2017-01-26,1.335,14.151874999999999,5.8825,,15.488750000000001,60.10208333333333,,55.92666666666667,0.21875,,5.0
2017-01-27,2.6149999999999998,21.213333333333335,6.319583333333333,,23.8275,63.09,,78.59208333333333,0.2791666666666667,,0.0
2017-01-28,1.4116666666666668,15.045208333333333,7.567083333333333,,16.4575,60.129583333333336,,88.19666666666666,0.26125,,0.0
2017-01-29,2.487083333333333,17.645,5.1499999999999995,,20.131666666666664,61.60333333333333,,46.28666666666667,0.19083333333333333,,0.0
2017-01-30,3.422083333333333,19.324583333333333,4.115,,22.7475,62.649166666666666,,40.07375,0.17916666666666667,18.708333333333332,3.0
2017-01-31,3.6495833333333336,19.246041666666667,6.855416666666667,,22.895208333333333,61.45791666666667,,51.63999999999999,0.1925,20.11764705882353,0.0
2017-02-01,4.18375,27.915000000000003,6.571666666666666,,32.09645833333333,58.07916666666667,,67.55624999999999,0.26875,35.34375,0.0
2017-02-02,5.370416666666666,27.315208333333334,5.84375,,32.686458333333334,62.03333333333333,,52.11666666666667,0.30875,31.016666666666666,9.0
2017-02-03,3.5585416666666667,22.738333333333333,4.070833333333334,,26.297083333333333,59.99333333333333,,52.58958333333334,0.2891666666666667,18.105263157894736,0.0
2017-02-04,1.1258333333333332,15.424791666666666,5.287083333333333,,16.549791666666668,56.71541666666667,,77.49666666666667,0.24541666666666664,16.291666666666668,0.0
2017-02-05,1.576875,15.048125,5.96875,,16.624375,58.12166666666667,,65.10000000000001,0.2754166666666667,19.526315789473685,0.0
2017-02-06,1.665,16.211458333333333,6.2129166666666675,,17.8775,52.112500000000004,,73.4,0.27791666666666665,21.071428571428573,0.0
2017-02-07,2.726,17.454,5.023333333333333,,20.174,65.87333333333333,,48.82833333333334,0.3066666666666667,29.333333333333332,0.0
2017-02-08,1.1131818181818183,7.451818181818182,4.444545454545454,,8.541818181818183,60.304545454545455,,59.76545454545454,0.14454545454545456,15.5,0.0
2017-02-09,2.793125,11.789166666666667,4.223333333333334,,14.580833333333333,60.65,,43.893750000000004,0.150625,18.4,0.2
2017-02-10,3.9185416666666666,18.983125,6.47125,,22.900208333333335,64.41333333333334,,47.69916666666666,0.19770833333333335,15.25,0.0
2017-02-11,2.19,17.86916666666667,5.84125,,20.059583333333332,58.72666666666667,,68.06708333333334,0.23708333333333334,27.958333333333332,0.0
2017-02-12,1.6170833333333334,15.312916666666666,7.111249999999999,,16.932083333333335,53.98875,,44.34166666666667,0.20625000000000002,24.666666666666668,0.0
2017-02-13,3.3634375,17.35770833333333,3.7866666666666666,,20.720833333333335,48.34291666666667,,41.043749999999996,0.18541666666666667,20.208333333333332,0.0
2017-02-14,2.522604166666667,18.478958333333335,7.65875,,20.99833333333333,51.788333333333334,,55.82208333333333,0.1975,21.666666666666668,0.0
2017-02-15,3.3362499999999997,21.120833333333334,5.214583333333334,,24.45625,51.909166666666664,,55.95708333333334,0.20083333333333334,27.208333333333332,0.0
2017-02-16,3.6991666666666667,30.727500000000003,11.440416666666666,,34.4275,54.59958333333333,,67.97083333333333,0.29625,40.208333333333336,0.0
2017-02-17,4.115833333333334,27.894583333333333,8.266666666666667,,32.01291666666666,54.21458333333334,,72.21208333333333,0.27166666666666667,36.0,0.0
2017-02-18,3.9104166666666664,30.38083333333333,7.175416666666667,,34.29208333333333,54.48916666666667,,77.51458333333333,0.36166666666666664,38.708333333333336,0.0
2017-02-19,1.8904166666666666,22.332916666666666,7.511666666666667,,24.222916666666666,55.60666666666666,,73.59583333333333,0.35541666666666666,52.0625,0.0
2017-02-20,2.76375,23.78833333333333,9.874166666666666,,26.552916666666665,54.312083333333334,,74.24708333333334,0.265,39.0,0.0
2017-02-21,3.2597916666666666,21.667916666666667,4.090208333333334,,24.92958333333333,56.435,,32.990833333333335,0.19416666666666668,26.5625,0.0
2017-02-22,2.0236666666666667,27.564666666666668,5.848,,29.584999999999997,53.2425,,46.54458333333333,0.21444444444444444,29.333333333333332,0.0
2017-02-23,2.94,30.062083333333334,7.969130434782608,,33.00125,48.33708333333333,,63.05541666666667,0.3116666666666667,37.0625,0.0
2017-02-24,1.6408333333333334,25.101249999999997,7.6379166666666665,,26.74020833333333,52.1975,,75.00708333333334,0.33375,58.56666666666666,0.0
2017-02-25,2.919375,31.897499999999997,5.8879166666666665,,34.81541666666667,57.88583333333333,,64.5675,0.42208333333333337,32.05833333333333,0.0
2017-02-26,1.5745833333333332,33.13041666666667,5.22375,,34.70291666666667,66.02833333333334,,61.07375,0.4345833333333333,39.25,1.2000000000000002
2017-02-27,1.1708333333333334,18.253333333333334,4.214166666666666,,19.424583333333334,59.32958333333334,,69.28041666666667,0.28583333333333333,22.470588235294116,0.0
2017-02-28,1.2320833333333334,17.54125,6.728750000000001,,18.7725,54.94625,,80.70958333333333,0.27791666666666665,51.0,0.0
2017-03-01,2.875208333333333,27.938541666666666,5.291666666666667,,30.811875,48.11958333333334,,60.07041666666667,0.3425,39.875,0.0
2017-03-02,0.7695454545454545,15.379090909090907,2.8723076923076927,,16.149545454545454,53.098461538461535,,71.14692307692307,0.2492307692307692,39.69230769230769,0.0
2017-03-03,2.4935714285714288,25.42642857142857,8.438214285714286,,27.920714285714286,61.71357142857143,,90.75071428571428,0.38785714285714284,18.153846153846153,12.799999999999999
2017-03-04,2.4120833333333334,32.464166666666664,8.586666666666668,,34.87645833333333,55.85874999999999,,60.53041666666667,0.435,29.333333333333332,0.0
2017-03-05,1.4454166666666666,14.9325,4.725833333333333,,16.376458333333336,53.70291666666666,,64.22958333333334,0.2870833333333333,16.5,0.0
2017-03-06,3.8833333333333333,20.1125,2.671666666666667,,23.997083333333332,68.34958333333333,,43.25541666666666,0.31375000000000003,16.208333333333332,0.6000000000000001
2017-03-07,3.108333333333333,21.391666666666666,2.9179166666666667,,24.499583333333334,68.78583333333333,,42.66291666666667,0.2975,17.666666666666668,1.2
2017-03-08,4.7179166666666665,17.48,5.73875,,22.198333333333334,77.11083333333333,,32.755,0.2225,15.25,16.200000000000003
2017-03-09,2.537916666666667,22.424583333333334,5.024166666666667,,24.959166666666665,64.07666666666667,,54.87833333333333,0.20750000000000002,19.041666666666668,0.0
2017-03-10,4.541041666666667,27.947708333333335,5.600833333333334,,32.487291666666664,54.25208333333333,,45.520833333333336,0.32708333333333334,24.0,0.0
2017-03-11,2.174166666666667,19.02625,7.342083333333334,,21.199166666666667,56.96375,,60.4,0.3325,29.291666666666668,0.0
2017-03-12,1.6900000000000002,27.55333333333333,6.300833333333333,,29.24208333333333,52.13125,,65.35916666666667,0.37916666666666665,32.708333333333336,0.0
2017-03-13,2.0264583333333333,15.995,4.0475,,18.020208333333333,58.9,,61.482499999999995,0.26625,22.0,0.0
2017-03-14,2.5425,18.640208333333334,2.7424999999999997,,21.184791666666666,73.27624999999999,,43.56333333333333,0.22624999999999998,16.875,6.4
2017-03-15,2.459166666666667,23.7975,5.3175,,26.258333333333336,64.32791666666667,,60.06708333333333,0.25875,26.25,0.0
2017-03-16,3.4491666666666667,27.460833333333337,5.702083333333333,,30.90833333333333,54.64791666666667,,60.79708333333334,0.2654166666666667,28.666666666666668,0.0
2017-03-17,3.0087499999999996,20.592916666666667,4.0112499999999995,,23.604583333333334,59.979166666666664,,48.31375,0.31583333333333335,26.583333333333332,0.0
2017-03-18,1.5658333333333332,10.682916666666666,6.42625,,12.25,79.08166666666666,,58.739583333333336,0.18791666666666665,9.833333333333334,20.999999999999996
2017-03-19,3.3666666666666667,18.500833333333333,6.05875,,21.86791666666667,81.94,,30.323333333333334,0.24666666666666667,10.416666666666666,15.4
2017-03-20,2.9774999999999996,16.252916666666668,6.958749999999999,,19.230416666666667,72.71291666666667,,42.819583333333334,0.19416666666666668,9.666666666666666,17.2
2017-03-21,6.534166666666667,19.613333333333333,5.204166666666667,,26.147916666666664,71.79791666666667,,25.706666666666667,0.26458333333333334,22.083333333333332,0.0
2017-03-22,5.546250000000001,17.14,5.81625,,22.6875,66.8725,,34.31583333333334,0.2125,15.916666666666666,0.4
2017-03-23,6.602916666666666,24.860416666666666,4.912857142857143,,31.46291666666667,64.69291666666668,,33.879583333333336,0.2704166666666667,28.91304347826087,0.0
2017-03-24,5.795833333333333,31.400833333333335,1.164782608695652,,37.19375,57.42250000000001,,57.748333333333335,0.2891666666666666,,0.0
2017-03-25,3.5720833333333335,21.97583333333333,5.3220833333333335,,25.546666666666667,66.45708333333333,,50.78041666666667,0.34208333333333335,28.9,0.0
2017-03-26,1.865,10.685416666666667,5.725416666666667,,12.548958333333333,67.87333333333333,,51.03791666666667,0.23916666666666667,21.894736842105264,0.0
2017-03-27,3.780625,14.450208333333334,6.547916666666667,,18.229791666666667,67.18833333333333,,31.6075,0.2460416666666667,20.104166666666668,4.0
2017-03-28,5.535416666666666,17.619791666666668,3.4994444444444444,,23.148750000000003,77.64916666666666,,22.260833333333334,0.2654166666666667,13.875,4.4
2017-03-29,3.6889583333333333,14.911875,4.983333333333333,,18.597708333333333,71.40375,,27.85166666666667,0.2175,17.708333333333332,1.0
2017-03-30,3.5877083333333335,14.645000000000001,5.8379166666666675,,18.234166666666667,68.51291666666667,,35.507083333333334,0.21333333333333335,20.958333333333332,3.4000000000000004
2017-03-31,2.88875,12.89625,4.147708333333333,,15.787916666666668,70.17125,,34.986666666666665,0.14916666666666667,15.291666666666666,1.4
2017-04-01,1.8708333333333333,8.449166666666667,2.818125,,10.320833333333333,74.05375,,43.794999999999995,0.16833333333333333,19.625,18.200000000000003
2017-04-02,2.42,14.065833333333332,4.75125,,16.48375,75.89916666666666,,38.40125,0.24708333333333332,19.166666666666668,3.0
2017-04-03,2.5220833333333332,20.948333333333334,5.816666666666666,,23.472916666666666,65.84708333333333,,45.88291666666667,0.24958333333333335,29.166666666666668,0.0
2017-04-04,9.4275,29.638333333333335,7.0562499999999995,,39.06875,62.10208333333333,,57.53666666666667,0.29375,36.541666666666664,0.0
2017-04-05,8.577291666666667,38.31,4.5843750000000005,,46.88520833333333,55.88666666666666,,37.18833333333333,0.37958333333333333,35.666666666666664,0.0
2017-04-06,6.1883333333333335,36.19875,5.473125,,42.38583333333333,58.07041666666667,,45.250416666666666,0.41,42.458333333333336,0.0
2017-04-07,4.154791666666667,35.17666666666667,0.824375,,39.32666666666667,76.76083333333334,,44.55083333333334,0.44166666666666665,35.833333333333336,8.200000000000001
2017-04-08,4.8168750000000005,27.449166666666667,3.248125,,32.265,87.20416666666667,,32.77375,0.41583333333333333,22.25,43.0
2017-04-09,2.5366666666666666,19.443749999999998,4.16125,,21.982083333333335,75.90791666666667,,38.481249999999996,0.3758333333333333,25.416666666666668,0.0
2017-04-10,3.452083333333333,26.7475,9.529375,,30.200000000000003,70.14833333333333,,52.145,0.32375,31.416666666666668,0.0
2017-04-11,3.4204166666666667,30.033749999999998,6.965833333333333,,33.45666666666667,66.96458333333332,,45.95583333333334,0.29041666666666666,29.625,0.0
2017-04-12,3.0070833333333336,21.10291666666667,4.474374999999999,,24.110416666666666,77.77208333333333,,40.57125,0.2775,30.416666666666668,6.4
2017-04-13,8.086666666666668,28.90833333333333,3.785,,36.9925,88.20083333333334,,22.814999999999998,0.3333333333333333,13.958333333333334,10.0
2017-04-14,5.25,22.995833333333334,6.634583333333333,,28.245833333333334,74.96291666666666,,35.26291666666666,0.27625,24.833333333333332,0.0
2017-04-15,2.688333333333333,21.113333333333333,6.66875,,23.800416666666667,64.26125,,54.4125,0.21958333333333335,22.125,0.0
2017-04-16,3.43875,24.6075,6.972916666666666,,28.04625,62.17625,,45.732499999999995,0.34125,28.833333333333332,0.0
2017-04-17,1.7010416666666668,14.705625,2.2644444444444445,,16.476875,75.75444444444445,,54.85666666666666,0.265625,28.444444444444443,0.0
2017-04-18,3.8172916666666663,15.709375,2.597826086956522,,19.5275,63.325,,37.218125,0.20229166666666668,21.928571428571427,0.0
2017-04-19,4.734166666666667,24.788124999999997,1.5991666666666668,,29.52208333333333,69.54458333333334,,44.724583333333335,0.25833333333333336,21.166666666666668,4.6
2017-04-20,3.595,27.375833333333333,9.261249999999999,,30.972083333333334,62.41958333333333,,48.32583333333333,0.191875,22.291666666666668,0.0
2017-04-21,2.5660416666666666,25.884375000000002,6.0808333333333335,,28.453541666666666,56.512499999999996,,43.93,0.3895652173913044,30.333333333333332,0.0
2017-04-22,3.1162500000000004,20.031666666666666,2.6391666666666667,,23.147916666666664,76.26083333333334,,47.07208333333333,0.3416666666666666,24.833333333333332,1.4000000000000001
2017-04-23,3.0558333333333336,17.9175,3.8716666666666666,,20.973958333333332,88.41250000000001,,35.62291666666667,0.2791666666666667,9.958333333333334,15.600000000000001
2017-04-24,3.8956250000000003,23.087083333333336,6.71375,,26.984583333333333,72.5675,,35.48020833333333,0.2554166666666667,25.416666666666668,0.6000000000000001
2017-04-25,10.744375,33.85395833333333,4.759166666666666,,44.59604166666667,63.76541666666666,,40.57208333333333,0.34958333333333336,30.541666666666668,0.0
2017-04-26,10.171666666666667,24.02416666666667,2.11375,,34.191250000000004,67.06750000000001,,32.1175,0.325,29.0,1.4
2017-04-27,2.22625,10.685,2.6016666666666666,,12.908541666666666,75.19541666666667,,42.385416666666664,0.19791666666666666,13.791666666666666,7.4
2017-04-28,8.684166666666668,29.009583333333335,6.233750000000001,,37.693333333333335,85.80833333333334,,27.377499999999998,0.33791666666666664,15.421052631578947,7.0
2017-04-29,5.5687500000000005,31.402083333333334,4.319583333333333,,36.970416666666665,79.71625,,27.542083333333334,0.3541666666666667,26.916666666666668,0.6000000000000001
2017-04-30,6.747083333333333,32.600833333333334,5.6525,,39.34791666666667,74.82875,,22.84875,0.4704166666666667,33.0,0.0
2017-05-01,5.672083333333333,21.174166666666668,3.7429166666666664,,26.8475,63.14041666666666,,37.655,0.28833333333333333,21.791666666666668,0.0
2017-05-02,16.25125,33.07395833333333,1.0445833333333334,,49.325208333333336,66.2325,,26.476250000000004,0.31333333333333335,27.166666666666668,0.0
2017-05-03,10.947916666666666,44.124583333333334,7.857500000000001,,55.08020833333333,64.38958333333333,,33.628750000000004,0.4666666666666666,47.125,0.0
2017-05-04,8.707916666666668,42.13708333333334,6.5675,,50.844166666666666,64.88708333333334,,41.07541666666666,0.50375,48.25,0.0
2017-05-05,9.070416666666667,30.59166666666667,6.921666666666667,,39.660833333333336,71.28916666666667,,20.637916666666666,0.4429166666666667,37.875,0.0
2017-05-06,5.7870833333333325,26.315416666666668,1.0258333333333334,,32.10270833333333,68.13666666666667,,36.43625,0.515,25.083333333333332,0.4
2017-05-07,1.5408333333333333,17.366666666666667,6.103750000000001,,18.907500000000002,73.76208333333334,,44.06583333333333,0.3075,20.833333333333332,0.0
2017-05-08,4.290416666666666,26.176041666666666,7.1866666666666665,,30.931250000000002,76.65529411764705,,36.263958333333335,0.330625,27.666666666666668,9.6
2017-05-09,5.18,33.67208333333333,1.38375,,38.85458333333333,67.39958333333333,,42.835,0.4166666666666667,39.666666666666664,0.0
2017-05-10,4.344166666666667,21.425,4.23625,,25.77333333333333,69.255,,57.020833333333336,0.30875,31.083333333333332,0.0
2017-05-11,4.3687499999999995,18.864375,3.7429166666666664,,23.232083333333335,76.59979166666666,,34.229166666666664,0.25416666666666665,17.583333333333332,5.2
2017-05-12,15.838333333333333,39.12916666666667,6.641249999999999,,54.96791666666667,67.02458333333333,,28.95125,0.42625,32.041666666666664,0.0
2017-05-13,9.438333333333334,39.005833333333335,7.63625,,48.44166666666666,59.326249999999995,,41.47625,0.5712499999999999,38.833333333333336,0.0
2017-05-14,5.6625000000000005,21.25916666666667,5.542916666666667,,26.914583333333336,58.83791666666667,,49.48166666666666,0.4879166666666667,37.833333333333336,0.0
2017-05-15,4.366041666666667,13.249375,3.53375,,17.616458333333334,63.090833333333336,,50.48791666666667,0.2125,23.708333333333332,0.0
2017-05-16,5.066458333333333,18.62666666666667,,,23.69125,66.66833333333334,,34.99375,0.2675,25.5,0.0
2017-05-17,9.765416666666667,27.049583333333334,3.4534782608695656,,36.81458333333333,68.18041666666666,,30.383750000000003,0.29375,31.25,0.0
2017-05-18,3.3047916666666666,20.4725,5.59375,,23.7775,63.82333333333333,,44.79833333333334,0.2525,23.333333333333332,0.0
2017-05-19,5.405208333333333,27.66,4.1525,,33.063541666666666,85.13250000000001,,26.022499999999997,0.24333333333333332,10.916666666666666,20.799999999999997
2017-05-20,4.59375,30.157083333333333,7.703749999999999,,34.749583333333334,78.70541666666666,,22.137083333333333,0.32083333333333336,19.166666666666668,0.0
2017-05-21,1.58875,18.367083333333333,1.7558333333333334,,19.957916666666666,80.33749999999999,,34.333333333333336,0.20125,8.166666666666666,0.0
2017-05-22,4.583333333333333,14.601666666666667,3.1199999999999997,,19.182916666666667,81.96291666666667,,35.64041666666667,0.25333333333333335,11.916666666666666,6.4
2017-05-23,7.648541666666667,25.581458333333334,3.8641666666666663,,33.23,70.70625,,30.671666666666667,0.3729166666666666,39.083333333333336,0.0
2017-05-24,30.914736842105263,54.123157894736835,6.691578947368421,,85.04184210526316,74.2475,,20.217916666666667,0.6335416666666667,51.208333333333336,0.0
2017-05-25,17.4725,40.45875,3.6558333333333333,,57.93125,72.32208333333334,,29.38416666666667,0.4995833333333333,37.291666666666664,0.0
2017-05-26,9.699166666666667,31.081666666666667,0.75375,,40.77916666666667,64.92999999999999,,22.432916666666667,0.395,32.041666666666664,0.0
2017-05-27,3.34625,18.232083333333332,1.4466666666666665,,21.575416666666666,64.10833333333333,,53.01916666666667,0.3275,29.041666666666668,0.0
2017-05-28,2.1325,28.378333333333334,3.169583333333333,,30.507499999999997,76.48958333333333,,58.84125,0.4991666666666667,45.625,0.0
2017-05-29,4.51,38.943125,1.24,,43.451458333333335,74.38666666666667,,45.685,0.5187499999999999,60.375,0.0
2017-05-30,4.479166666666667,25.157291666666666,0.06307692307692307,,29.632291666666664,76.62583333333333,,43.14875,0.43041666666666667,49.833333333333336,0.0
2017-05-31,8.015833333333333,35.258541666666666,0.015384615384615385,,43.27125,70.83166666666666,,43.86875,0.42874999999999996,43.875,0.0
2017-06-01,7.287916666666667,46.326249999999995,,,53.61041666666667,64.53708333333334,,56.20208333333333,0.49541666666666667,59.375,0.0
2017-06-02,2.985,16.7975,,,19.78375,64.66083333333333,,52.22291666666666,0.29916666666666664,28.166666666666668,0.0
2017-06-03,4.425833333333333,25.837083333333336,,,30.26125,68.05624999999999,,49.42333333333334,0.3254166666666667,28.333333333333332,0.0
2017-06-04,5.999583333333334,39.24520833333333,,,45.248333333333335,64.92583333333333,,59.82125,0.5379166666666667,46.791666666666664,0.0
2017-06-05,5.597083333333334,31.726666666666663,,,37.32458333333333,66.94416666666667,,37.77458333333333,0.4666666666666666,42.5,0.0
2017-06-06,8.838333333333333,33.86375,,,42.70583333333334,68.95791666666666,,31.392916666666668,0.505,45.291666666666664,0.0
2017-06-07,20.12625,58.192499999999995,,,78.31916666666667,66.08208333333333,,32.192083333333336,0.8720833333333333,69.04166666666667,0.0
2017-06-08,5.600416666666667,46.469166666666666,,,52.06916666666667,51.5225,,48.96458333333334,0.6941666666666667,72.08333333333333,0.0
2017-06-09,2.341666666666667,19.186666666666667,,,21.53,59.87625,,62.98208333333333,0.29583333333333334,35.791666666666664,1.4
2017-06-10,3.429375,15.86625,,,19.2975,63.209583333333335,,56.474583333333335,0.24166666666666667,31.833333333333332,0.2
2017-06-11,8.177916666666667,36.990833333333335,,,45.16958333333333,65.87458333333333,,48.27791666666667,0.6083333333333333,51.583333333333336,0.0
2017-06-12,14.001666666666667,40.96791666666667,,,54.96875,72.56958333333334,,53.33416666666667,0.7041666666666666,63.916666666666664,0.0
2017-06-13,5.0175,30.667083333333334,,,35.6875,77.65166666666667,,53.85333333333333,0.46375000000000005,47.166666666666664,12.4
2017-06-14,3.86875,22.81375,,,26.680833333333336,84.24125,,57.16833333333333,0.4075,25.875,3.2
2017-06-15,4.4366666666666665,32.96583333333333,,,37.40083333333333,73.54692307692308,,42.614615384615384,0.7707692307692308,29.666666666666668,0.0
2017-06-16,9.75625,38.10166666666667,,,47.85791666666666,71.10791666666667,,36.39833333333333,0.4320833333333333,25.083333333333332,0.0
2017-06-17,6.720833333333332,32.16916666666666,,,38.887499999999996,63.56125,,41.40416666666667,0.5225000000000001,29.833333333333332,0.0
2017-06-18,12.7525,36.47541666666667,,,49.23083333333333,56.166666666666664,,43.369166666666665,0.7712500000000001,40.583333333333336,0.0
2017-06-19,14.525833333333333,31.396874999999998,,,45.92729166666666,56.40416666666667,,55.30708333333333,0.5783333333333334,41.875,0.0
2017-06-20,4.316458333333333,22.152291666666667,,,26.469375,78.15291666666667,,54.97125,0.32583333333333336,24.416666666666668,8.0
2017-06-21,8.858333333333333,28.056458333333335,,,36.91375,88.06291666666668,,49.39541666666667,0.4179166666666667,16.083333333333332,27.4
2017-06-22,9.747083333333334,29.72666666666667,,,39.475833333333334,78.25875,,41.58416666666667,0.3925,21.083333333333332,2.6000000000000005
2017-06-23,19.98875,34.39208333333333,,,54.37708333333333,81.63083333333334,,25.13625,0.54625,26.75,2.6
2017-06-24,12.134166666666667,24.75208333333333,,,36.885,77.14583333333333,,34.065000000000005,0.48208333333333336,32.833333333333336,0.0
2017-06-25,11.125833333333333,29.534583333333334,,,40.660833333333336,67.71208333333333,,44.885,0.5629166666666666,35.041666666666664,0.0
2017-06-26,13.973333333333334,34.606249999999996,,,48.57708333333333,71.89041666666667,,32.74208333333333,0.4375,27.333333333333332,0.0
2017-06-27,6.515833333333333,35.91229166666667,1.8182608695652174,,42.428333333333335,66.11749999999999,,41.658,0.30833333333333335,30.333333333333332,0.0
2017-06-28,18.1925,40.11354166666667,6.594166666666666,,58.3025,67.65375,,41.625416666666666,0.44625000000000004,45.875,0.0
2017-06-29,14.437916666666666,42.01208333333333,10.219583333333333,,56.44833333333333,62.49666666666667,,25.278333333333332,0.5675,51.708333333333336,0.0
2017-06-30,18.53625,39.31041666666667,3.7175,,57.84958333333333,50.12416666666667,,29.39625,0.6141666666666666,57.625,0.0
2017-07-01,7.067916666666666,26.59375,3.8425,,33.66458333333333,66.80624999999999,,43.93208333333333,0.45541666666666664,37.583333333333336,1.2000000000000002
2017-07-02,2.4587499999999998,17.232291666666665,2.9179166666666667,,19.69,79.48125,,48.810833333333335,0.28541666666666665,14.875,4.0
2017-07-03,7.239999999999999,26.784375,3.86375,,34.02395833333333,74.09958333333334,,36.25,0.26791666666666664,19.166666666666668,1.8
2017-07-04,14.066249999999998,33.01583333333333,4.810833333333333,,47.08291666666667,68.77458333333333,,30.55,0.32083333333333336,25.5,0.0
2017-07-05,9.615416666666667,27.02270833333333,2.2191666666666667,,36.63583333333333,67.56791666666668,,44.71,0.32125,24.75,0.0
2017-07-06,8.101875,26.614375,2.8937500000000003,,34.718125,65.85625,,43.612500000000004,0.275,23.583333333333332,0.0
2017-07-07,3.3350000000000004,21.012291666666666,2.35875,,24.346458333333334,64.625,,49.25083333333333,0.20666666666666667,16.25,0.0
2017-07-08,9.661458333333334,29.795625,3.3345833333333332,,39.45666666666667,65.3775,,41.07458333333333,0.37375,26.75,0.0
2017-07-09,3.9891666666666663,24.315833333333334,23.674166666666665,,28.307083333333335,66.3,,50.33208333333334,0.3279166666666667,28.666666666666668,0.0
2017-07-10,10.984166666666667,32.93729166666667,4.410416666666666,,43.921875,63.1775,,38.41583333333333,0.35041666666666665,30.833333333333332,0.0
2017-07-11,10.165000000000001,31.32041666666667,4.26375,,41.48166666666666,69.55375,,34.69291666666667,0.43083333333333335,41.208333333333336,0.0
2017-07-12,6.637499999999999,28.24791666666667,2.4604166666666667,,34.884166666666665,74.76,,42.22666666666667,0.42333333333333334,47.833333333333336,0.0
2017-07-13,3.3679166666666664,27.500416666666666,3.4308333333333336,,30.866666666666664,67.81708333333333,,50.02625,0.29125,34.541666666666664,0.0
2017-07-14,7.454583333333333,34.80958333333333,9.265833333333333,,42.26333333333333,64.765,,39.074999999999996,0.29875,28.25,0.0
2017-07-15,4.24,30.517083333333332,20.09,,34.757083333333334,56.939166666666665,,40.21458333333333,0.28875,31.583333333333332,0.0
2017-07-16,7.263125,23.841250000000002,6.982500000000001,,17.802000000000003,49.20399999999999,,42.715833333333336,0.3383333333333333,28.666666666666668,0.0
2017-07-17,14.302291666666667,31.694166666666664,4.660833333333334,,25.684583333333336,42.47875,,47.96083333333333,0.4483333333333333,44.291666666666664,0.0
2017-07-18,1.701875,9.587291666666667,3.952083333333333,,11.290416666666667,81.02,,58.332857142857144,0.17666666666666667,20.875,4.999999999999999
2017-07-19,5.863947368421052,17.39421052631579,0.9356249999999999,,23.262894736842107,85.530625,,,0.2891666666666666,14.458333333333334,4.800000000000001
2017-07-20,11.409333333333333,42.90533333333334,2.9516666666666667,,54.31333333333334,62.866,,,0.49,36.42857142857143,0.4
2017-07-21,14.122916666666667,50.12958333333333,8.710526315789474,,64.24791666666667,63.562916666666666,,,0.5345833333333333,48.791666666666664,0.0
2017-07-22,2.15,25.15625,1.5095833333333335,,27.306250000000002,72.24416666666666,,,0.53125,44.666666666666664,0.0
2017-07-23,4.8525,34.751666666666665,2.5625,,39.60583333333333,65.41,,,0.5708333333333333,54.208333333333336,0.0
2017-07-24,6.747083333333333,37.464166666666664,8.36,,44.21791666666667,65.0575,,,0.3566666666666667,39.5,0.0
2017-07-25,18.39375,39.285000000000004,6.230416666666667,,57.6775,59.356249999999996,,,0.44375000000000003,36.625,0.0
2017-07-26,11.088333333333333,34.10583333333333,6.100416666666667,,45.195,56.27041666666667,,,0.33666666666666667,38.875,0.0
2017-07-27,10.120416666666667,34.505833333333335,3.9562500000000003,,44.62708333333333,54.364583333333336,,,0.2816666666666667,33.75,0.0
2017-07-28,12.18,29.843333333333334,6.0183333333333335,,42.02375,55.84458333333333,,,0.28750000000000003,33.916666666666664,0.0
2017-07-29,1.9087500000000002,19.763333333333332,2.3720833333333333,,21.672916666666666,63.08541666666667,,,0.21875,35.166666666666664,0.0
2017-07-30,3.09375,26.638333333333335,10.40125,,29.7325,56.885,,,0.30416666666666664,36.5625,0.0
2017-07-31,7.82875,32.42541666666667,3.386875,,40.255,55.25208333333333,,,0.36041666666666666,31.583333333333332,0.0
2017-08-01,19.635833333333334,41.28541666666667,7.632631578947369,,60.92041666666666,48.61083333333334,,,0.4791666666666667,50.208333333333336,0.0
2017-08-02,12.73625,44.98583333333334,6.62,,57.72666666666667,45.44291666666667,,,0.445,45.666666666666664,0.0
2017-08-03,14.022083333333333,39.60583333333333,1.9262499999999998,,53.63708333333333,49.77041666666667,,,0.48374999999999996,55.25,1.6
2017-08-04,3.735416666666666,10.741666666666667,0.05666666666666667,,14.47375,68.81041666666667,,,0.22833333333333336,25.125,4.8
2017-08-05,2.196875,16.748124999999998,3.8554166666666667,,18.944583333333334,69.53541666666666,,,0.24916666666666668,22.25,9.4
2017-08-06,6.312083333333334,23.742708333333336,6.4025,,30.055208333333336,63.36000000000001,,,0.34208333333333335,25.083333333333332,0.0
2017-08-07,13.414583333333333,39.466874999999995,16.336666666666666,,52.885,56.8525,,,0.38625,31.041666666666668,0.0
2017-08-08,7.239999999999999,43.498333333333335,0.74375,,50.73791666666667,53.38041666666666,,,0.5116666666666666,49.875,0.0
2017-08-09,3.860416666666666,24.038749999999997,1.8304166666666666,,27.898749999999996,43.20208333333333,,89.67428571428572,0.41291666666666665,54.583333333333336,0.0
2017-08-10,2.7125,12.45375,5.187916666666667,,15.164375,72.65416666666667,,63.776250000000005,0.26666666666666666,33.416666666666664,0.2
2017-08-11,4.446153846153846,26.62153846153846,2.5729166666666665,,31.066153846153846,72.93458333333334,,45.81166666666667,0.23791666666666667,19.208333333333332,3.0
2017-08-12,2.0729166666666665,20.834166666666665,3.234583333333333,,22.90625,59.781666666666666,,52.85041666666667,0.1925,24.5,0.0
2017-08-13,3.201458333333333,30.545416666666668,12.277916666666668,,33.745625,59.26916666666667,,51.46125,0.41208333333333336,40.541666666666664,0.0
2017-08-14,4.42,23.302083333333332,4.418333333333334,,27.72375,62.05416666666667,,54.95916666666667,0.3720833333333333,45.833333333333336,0.0
2017-08-15,2.8247916666666666,17.8825,3.7716666666666665,,20.713541666666668,74.13250000000001,,52.310833333333335,0.27208333333333334,33.541666666666664,0.0
2017-08-16,12.393749999999999,44.23541666666667,5.7749999999999995,,56.63083333333333,80.66458333333334,,20.934583333333332,0.5229166666666667,43.375,6.0
2017-08-17,8.009791666666667,35.97291666666667,2.674583333333333,,43.980625,87.41041666666666,,23.35354166666667,0.4354166666666666,21.041666666666668,3.8000000000000003
2017-08-18,12.137916666666667,44.977916666666665,5.482499999999999,,57.111250000000005,88.56333333333333,,15.174999999999999,0.5058333333333334,18.708333333333332,3.8000000000000003
2017-08-19,11.032083333333333,51.32916666666667,17.345000000000002,,62.36041666666667,80.21833333333333,,18.954166666666666,0.64625,50.458333333333336,0.0
2017-08-20,13.181875,29.353333333333335,6.402916666666666,,42.538333333333334,74.70208333333333,,34.69,0.5758333333333333,37.041666666666664,11.399999999999999
2017-08-21,3.984375,19.1375,4.230208333333334,,23.128541666666667,85.52916666666665,,46.30458333333333,0.23958333333333334,6.416666666666667,7.4
2017-08-22,4.514736842105263,27.115789473684213,3.945,,31.629473684210527,71.67208333333333,,38.63833333333333,0.2025,20.625,0.2
2017-08-23,3.4720833333333334,29.039583333333336,1.4004166666666666,,32.512499999999996,62.51916666666667,,38.25416666666667,0.23625,24.875,0.0
2017-08-24,3.2583333333333333,31.580833333333334,3.4345833333333338,,34.837916666666665,60.69625,,37.18958333333333,0.26458333333333334,24.75,0.0
2017-08-25,8.821458333333334,37.586666666666666,6.3825,,46.40729166666667,58.79708333333334,,36.94875,0.30291666666666667,32.833333333333336,0.0
2017-08-26,4.817083333333334,29.50208333333333,7.154166666666666,,34.319583333333334,56.65375,,45.43208333333333,0.26833333333333337,31.208333333333332,0.0
2017-08-27,5.104166666666667,33.348333333333336,11.998333333333333,,38.45541666666667,58.50791666666667,,50.04541666666666,0.41083333333333333,40.291666666666664,0.0
2017-08-28,7.88,35.986666666666665,2.1875,,43.867916666666666,68.13375,,43.74333333333333,0.4741666666666667,57.166666666666664,0.0
2017-08-29,7.0425,41.22229166666666,8.679791666666667,,48.26499999999999,68.24125,,50.77875,0.4402083333333333,61.916666666666664,0.0
2017-08-30,7.987916666666667,42.08708333333333,5.834166666666667,,50.071666666666665,53.79125,,41.697916666666664,0.5441666666666667,64.75,0.0
2017-08-31,2.6804166666666664,19.686666666666667,0.5164583333333334,,22.36791666666667,73.64999999999999,,58.64958333333333,0.3658333333333333,46.458333333333336,0.0
2017-09-01,1.5766666666666669,12.867291666666667,0.43333333333333335,,14.443541666666667,64.86375,,57.205000000000005,0.12791666666666665,27.541666666666668,1.0
2017-09-02,1.5766666666666664,16.197916666666668,3.027708333333333,,17.776041666666668,54.259166666666665,,61.70041666666666,0.215,28.833333333333332,0.0
2017-09-03,1.9000000000000001,21.76625,11.666458333333333,,23.664583333333336,52.87875,,51.77916666666667,0.21791666666666668,25.875,0.0
2017-09-04,5.8566666666666665,30.88416666666667,8.1825,,36.74,48.49625,,41.125416666666666,0.26625,30.5,0.0
2017-09-05,11.669166666666667,43.19875,7.9402083333333335,,54.86708333333333,42.66708333333333,,33.07458333333334,0.47,52.25,0.0
2017-09-06,4.829583333333333,30.554166666666664,2.2844117647058826,,35.38333333333333,59.96958333333333,,51.885416666666664,0.4066666666666667,58.458333333333336,0.0
2017-09-07,3.3016666666666663,38.05583333333333,1.8029166666666665,,41.356874999999995,64.21041666666666,,65.65833333333333,0.49333333333333335,69.33333333333333,0.0
2017-09-08,7.182083333333334,40.568333333333335,6.2870833333333325,,47.75,58.963750000000005,,51.059583333333336,0.48583333333333334,55.583333333333336,0.0
2017-09-09,3.77125,31.20625,7.6375,,34.97666666666667,51.66625,,51.40375,0.32083333333333336,48.625,0.0
2017-09-10,2.065,21.691666666666666,5.346666666666667,,23.75791666666667,52.1225,,40.42166666666667,0.2870833333333333,40.625,0.0
2017-09-11,3.1125000000000003,27.17625,8.393749999999999,,30.285833333333333,45.285,,55.52125,0.24458333333333335,35.458333333333336,0.0
2017-09-12,4.353333333333333,35.01125,3.2533333333333334,,39.36541666666667,43.48583333333334,,62.76958333333334,0.38208333333333333,53.041666666666664,0.0
2017-09-13,5.146458333333333,34.151875,6.746666666666666,,39.29708333333333,52.83166666666667,,58.193749999999994,0.32375,54.916666666666664,0.0
2017-09-14,7.141249999999999,37.87916666666667,4.505416666666666,,45.01916666666667,40.192083333333336,,37.32375,0.33791666666666664,49.020833333333336,0.0
2017-09-15,7.880833333333334,48.93833333333333,5.668636363636364,,56.81666666666666,37.75791666666667,,66.45333333333333,0.5816666666666667,74.45833333333333,0.0
2017-09-16,2.5170833333333333,25.941875,4.1625,,28.456875,61.54458333333333,,81.95458333333333,0.38875,76.16666666666667,0.0
2017-09-17,3.014583333333333,30.949583333333333,6.834166666666667,,33.96333333333333,54.67124999999999,,62.723749999999995,0.42875,59.791666666666664,0.0
2017-09-18,2.8672916666666666,22.862916666666667,6.930833333333333,,25.730625,63.94916666666666,,73.01125,0.30520833333333336,59.375,0.0
2017-09-19,4.625416666666667,32.187916666666666,4.070416666666667,,36.812916666666666,63.89333333333334,,70.17166666666667,0.39166666666666666,62.333333333333336,0.0
2017-09-20,4.2768749999999995,33.081875000000004,11.249375,,37.35916666666667,60.42958333333333,,63.085,0.3904166666666667,65.625,0.0
2017-09-21,3.7783333333333338,32.409375000000004,1.975625,,36.18770833333333,49.23,,62.12916666666666,0.21916666666666665,55.875,0.0
2017-09-22,3.60875,34.10375,3.4187499999999997,,37.714375,45.8725,,62.242916666666666,0.3333333333333333,53.666666666666664,0.0
2017-09-23,3.8697916666666665,30.906666666666666,5.431666666666666,,34.77625,42.80375,,81.34458333333333,0.4091666666666667,69.04166666666667,0.0
2017-09-24,0.7956249999999999,13.407916666666667,0.3852083333333334,,14.203541666666666,64.96083333333333,,91.9325,0.25416666666666665,52.25,0.0
2017-09-25,2.688333333333333,25.749583333333334,2.59125,,28.4375,58.20333333333334,,65.38041666666666,0.2754166666666667,51.666666666666664,0.0
2017-09-26,4.364166666666667,27.290833333333335,10.426041666666666,,31.651666666666667,52.84291666666667,,61.16,0.23458333333333334,40.75,0.0
2017-09-27,2.8797916666666663,31.502916666666668,4.484583333333333,,34.38395833333333,51.1975,,73.09166666666667,0.45333333333333337,66.29166666666667,0.0
2017-09-28,2.87875,21.61583333333333,5.191666666666667,,24.49875,61.02,,72.05041666666666,1.14125,56.083333333333336,0.0
2017-09-29,1.93625,16.385,2.7533333333333334,,18.32,65.09458333333333,,69.77374999999999,,41.583333333333336,0.0
2017-09-30,3.736666666666667,31.2825,8.331458333333332,,35.01916666666667,75.18458333333334,,44.70708333333334,,31.208333333333332,11.2
2017-10-01,1.0797916666666667,14.716041666666667,7.192708333333333,,15.795416666666668,46.107499999999995,,96.68208333333332,,16.0,0.6
2017-10-02,6.160416666666666,38.956250000000004,4.406458333333333,,45.11708333333333,52.49166666666667,,64.35000000000001,,38.791666666666664,1.0
2017-10-03,3.7468749999999997,23.810208333333335,1.7931249999999999,,27.5575,78.75125,,52.997083333333336,,15.208333333333334,9.600000000000001
2017-10-04,3.735416666666666,27.66208333333333,3.0152083333333333,,31.397916666666664,64.04125,,44.229166666666664,,29.666666666666668,0.0
2017-10-05,7.327916666666667,38.29333333333333,3.3245833333333334,,45.62083333333334,53.615,,53.97541666666667,,47.5,0.0
2017-10-06,13.201666666666668,42.53916666666667,3.827083333333333,,55.74,51.944583333333334,,63.48208333333333,,51.166666666666664,0.0
2017-10-07,2.776666666666667,15.593125,0.9339583333333333,,18.37,66.25416666666666,,49.42083333333333,,37.708333333333336,0.0
2017-10-08,3.112083333333333,28.01375,3.719583333333333,,31.12625,59.90875,,53.93416666666667,,46.125,0.0
2017-10-09,4.770416666666667,25.384583333333335,0.4789583333333333,,30.155,56.48416666666666,,61.2275,,41.333333333333336,0.0
2017-10-10,4.29,37.30041666666667,13.179375,,41.59041666666667,54.00666666666667,,84.28208333333333,,65.08333333333333,0.0
2017-10-11,4.801041666666667,45.11729166666667,13.316458333333335,,49.91708333333333,52.0075,,117.8175,,79.29166666666667,0.0
2017-10-12,1.4783333333333335,19.2475,6.670208333333334,,20.724791666666665,60.88958333333333,,105.93166666666667,,55.416666666666664,0.0
2017-10-13,1.8572916666666666,22.476875000000003,3.612291666666667,,24.333333333333332,64.16916666666667,,109.46583333333332,,58.583333333333336,0.0
2017-10-14,1.315625,14.998750000000001,2.530416666666667,,16.315208333333334,63.99416666666667,,87.52916666666665,,45.541666666666664,0.0
2017-10-15,1.3475,13.345416666666667,0.289375,,14.693333333333333,79.22333333333334,,57.33208333333334,,17.041666666666668,8.0
2017-10-16,2.5970833333333334,15.9475,3.5041666666666664,,18.545416666666664,72.2175,,47.32458333333333,,23.208333333333332,2.4000000000000004
2017-10-17,2.517916666666667,19.863333333333333,0.7420833333333334,,22.381666666666664,59.20666666666667,,60.27791666666667,,28.75,0.0
2017-10-18,4.3,24.079583333333332,6.531666666666666,,28.37708333333333,47.63999999999999,,52.09,,26.916666666666668,0.0
2017-10-19,2.970416666666667,30.962083333333336,5.5455,,33.93208333333333,34.70458333333333,,52.590833333333336,,40.083333333333336,0.0
2017-10-20,2.57375,14.560416666666667,4.691086956521739,,17.13416666666667,54.240833333333335,,73.66583333333334,0.27,49.166666666666664,0.0
2017-10-21,2.629375,26.776875,12.751458333333334,,29.406458333333333,63.38125,,76.93625,0.43083333333333335,49.208333333333336,0.0
2017-10-22,1.0325,20.031875,6.255624999999999,,21.065208333333334,53.65291666666667,,76.61291666666666,0.4070833333333333,38.291666666666664,5.2
2017-10-23,5.045625,26.825833333333332,7.666250000000001,,31.872083333333336,86.96458333333334,,40.91166666666667,0.39375000000000004,16.458333333333332,14.000000000000002
2017-10-24,5.595,24.177916666666665,1.4304166666666667,,29.773333333333337,73.56958333333334,,34.956250000000004,0.2316666666666667,22.375,0.2
2017-10-25,3.717916666666667,27.000833333333333,4.63875,,30.717916666666667,68.30375,,49.18125,0.2833333333333333,27.0,0.0
2017-10-26,2.9939583333333335,31.49354166666667,6.919791666666666,,34.48833333333334,68.70375,28.373333333333335,58.06375,0.36916666666666664,35.333333333333336,3.8000000000000003
2017-10-27,10.644583333333333,44.52375,2.2395833333333335,,55.17041666666666,75.88416666666667,27.39708333333333,40.107083333333335,0.5058333333333334,46.666666666666664,4.2
2017-10-28,2.4905263157894737,35.49368421052632,4.901666666666666,,37.983947368421056,56.42208333333334,31.3175,65.49333333333333,0.44458333333333333,23.666666666666668,0.4
2017-10-29,1.3872916666666668,21.474791666666665,4.744375,,22.865416666666665,64.08,28.459166666666665,73.16333333333334,0.345,25.041666666666668,0.0
2017-10-30,2.7706250000000003,22.558958333333333,0.66,,25.3275,69.53708333333333,28.563333333333333,72.91791666666667,0.29125,33.625,1.5999999999999999
2017-10-31,1.0816666666666668,8.907083333333334,0.8525,,9.987083333333333,78.77875,26.789166666666663,60.739583333333336,0.23375,22.875,0.0
2017-11-01,2.59875,10.537083333333333,3.9652083333333334,,13.134583333333333,65.99875,25.81958333333333,54.100833333333334,0.19291666666666665,29.833333333333332,0.2
2017-11-02,1.7837500000000002,13.09625,1.3829166666666666,,14.879583333333334,60.572916666666664,25.174166666666665,48.13708333333333,0.16666666666666666,28.916666666666668,0.0
2017-11-03,4.724375,27.604583333333334,3.3200000000000003,,32.32895833333333,56.2425,28.866666666666664,46.865,0.26625,25.352941176470587,0.0
2017-11-04,3.24375,21.94875,3.9470833333333335,,25.193749999999998,50.36166666666667,32.38166666666667,43.77791666666667,0.3179166666666667,25.692307692307693,0.0
2017-11-05,0.9035416666666666,9.224166666666667,5.908333333333334,,10.127708333333333,72.11958333333334,27.605833333333333,64.03333333333333,0.26416666666666666,22.583333333333332,0.4
2017-11-06,1.8862499999999998,12.39125,1.1204166666666666,,14.276874999999999,79.8225,24.005416666666665,51.06,0.21666666666666667,14.708333333333334,4.199999999999999
2017-11-07,4.2335416666666665,21.229166666666668,0.7347916666666666,,25.463958333333334,70.75750000000001,24.18875,36.120416666666664,0.23,26.625,0.0
2017-11-08,3.0574999999999997,20.079583333333332,5.350208333333334,,23.138333333333335,64.03041666666667,25.78833333333333,49.185,0.2125,30.166666666666668,0.0
2017-11-09,9.023541666666667,33.71333333333333,2.013333333333333,,42.67875,61.71208333333333,27.5175,43.48166666666666,0.37166666666666665,40.708333333333336,0.0
2017-11-10,7.633333333333333,30.25375,3.394166666666667,,37.88666666666666,55.98,,34.437916666666666,0.36375,30.75,0.0
2017-11-11,2.1414583333333335,10.910625000000001,1.965625,,13.053333333333333,,,52.020833333333336,0.29916666666666664,16.875,8.6
2017-11-12,1.63375,13.174166666666666,1.6293750000000002,,14.809166666666668,,,57.260416666666664,0.24875,21.166666666666668,0.0
2017-11-13,2.936666666666667,14.17,2.9439583333333332,,17.102916666666665,,,48.85708333333333,0.23583333333333334,33.5,0.0
2017-11-14,1.98625,11.636041666666666,5.2472916666666665,,13.6225,,,57.76416666666666,0.19458333333333333,36.041666666666664,0.0
2017-11-15,2.283333333333333,22.14,4.417708333333334,,24.41916666666667,,,63.16958333333333,0.27958333333333335,42.541666666666664,0.0
2017-11-16,2.4095833333333334,25.46166666666667,4.606458333333333,,27.870833333333334,,,65.09416666666667,0.3279166666666667,36.5,0.0
2017-11-17,1.49875,18.332916666666666,3.079166666666667,,19.832916666666666,,,71.38375,0.3133333333333333,36.708333333333336,7.8
2017-11-18,2.0,7.92,1.7214583333333333,,9.92,,,61.270833333333336,0.4091666666666667,28.833333333333332,10.8
2017-11-19,1.061875,10.6525,0.664375,,11.715625,,,49.614583333333336,0.45458333333333334,20.333333333333332,17.0
2017-11-20,0.8318421052631578,10.997894736842106,1.2808333333333335,,11.83,,,49.294999999999995,0.3758333333333333,7.75,32.6
2017-11-21,2.5695833333333336,23.02125,3.764583333333333,,25.592083333333335,,,45.28958333333333,0.5085416666666667,38.541666666666664,0.2
2017-11-22,5.1909374999999995,18.8265625,6.141875,,24.016875,,,36.23416666666667,0.228125,20.875,10.400000000000002
2017-11-23,4.058333333333333,31.37625,3.5379166666666664,,35.433749999999996,,,40.58979166666666,0.18000000000000002,26.708333333333332,1.2000000000000002
2017-11-24,8.26875,33.158750000000005,4.789375000000001,,41.42666666666667,,,68.58208333333333,0.11499999999999999,36.041666666666664,0.0
2017-11-25,6.783333333333334,34.16958333333333,16.9525,,40.954166666666666,,,75.03791666666667,0.18000000000000002,45.875,0.0
2017-11-26,3.6366666666666667,18.124583333333334,,,21.761666666666667,,,55.564166666666665,0.09499999999999999,26.875,0.0
2017-11-27,3.3408333333333338,18.954166666666666,,,22.293333333333333,,,70.70125,0.08666666666666667,23.458333333333332,1.0
2017-11-28,4.296666666666667,18.8775,,,23.172083333333333,,,51.802083333333336,0.09333333333333334,20.291666666666668,0.8
2017-11-29,3.7258333333333336,8.172916666666667,,,11.899583333333334,,,58.43,0.005,21.208333333333332,0.0
2017-11-30,4.93375,16.454583333333332,,,21.388333333333335,,,55.382083333333334,0.017499999999999998,25.041666666666668,0.8
2017-12-01,14.812916666666666,34.45666666666667,,,49.272083333333335,,,26.925833333333333,0.22958333333333333,25.416666666666668,0.0
2017-12-02,4.5125,13.566875000000001,,,18.080625,,,49.71333333333333,0.1577777777777778,21.166666666666668,0.0
2017-12-03,3.4583333333333335,13.266666666666666,,,16.72458333333333,,,69.62208333333334,,19.541666666666668,0.0
2017-12-04,4.095625,17.331875,,,21.444999999999997,73.32461538461538,28.55923076923077,65.07979166666667,0.36846153846153845,23.375,0.0
2017-12-05,4.183333333333333,10.397083333333333,,,14.578333333333333,78.65875,27.512916666666666,45.754999999999995,0.29458333333333336,17.458333333333332,0.2
2017-12-06,4.258333333333334,12.063749999999999,,,16.322083333333335,65.38458333333334,27.172083333333333,47.931666666666665,0.3491666666666667,27.083333333333332,0.0
2017-12-07,6.602916666666666,25.76625,,,32.371249999999996,61.280833333333334,28.445833333333336,50.13291666666667,0.3025,35.25,0.0
2017-12-08,12.196666666666665,26.06833333333333,,,38.2625,85.58375000000001,26.13875,31.228125000000002,0.3392857142857143,23.625,14.6
2017-12-09,4.484166666666667,10.51,,,14.99,82.70333333333333,27.14375,51.7925,,29.166666666666668,2.8
2017-12-10,3.7708333333333335,9.289166666666667,,,13.060833333333333,72.37333333333333,27.69125,49.361250000000005,,24.375,0.0
2017-12-11,5.82875,17.070833333333333,,,22.89916666666667,64.39541666666666,29.418333333333333,86.78916666666667,,31.125,0.0
2017-12-12,4.4475,9.242916666666666,,,13.690416666666666,79.93375,24.391666666666666,43.5325,0.150625,18.458333333333332,1.8
2017-12-13,3.8487500000000003,13.390833333333333,,,17.24,68.85312499999999,25.722083333333334,51.87729166666667,0.20166666666666666,30.5,0.0
2017-12-14,5.024583333333333,22.594166666666666,0.38,,27.62,63.32833333333334,28.06958333333333,71.16625,0.27875,35.958333333333336,0.0
2017-12-15,7.144583333333333,27.042083333333334,6.205416666666667,,34.187083333333334,68.32833333333333,29.247500000000002,41.81,0.4291666666666667,51.458333333333336,4.2
2017-12-16,5.53375,28.062916666666666,2.885217391304348,,33.595416666666665,69.22541666666667,29.545416666666668,77.37125,0.5716666666666667,53.25,0.0
2017-12-17,5.415,24.572083333333335,2.7449999999999997,,29.989166666666666,59.80041666666667,32.31916666666667,39.399166666666666,0.5491666666666667,39.5,0.0
2017-12-18,3.2329166666666667,8.77875,2.05125,,12.014583333333334,59.057500000000005,31.675833333333333,52.72625,0.3641666666666667,26.833333333333332,0.0
2017-12-19,3.0704166666666666,10.015416666666667,0.5168750000000001,,13.073749999999999,70.58916666666667,29.660416666666666,49.662083333333335,0.36000000000000004,32.5,0.0
2017-12-20,3.5975,18.184166666666666,0.43545833333333334,,21.780416666666667,64.90083333333332,30.854583333333334,69.44208333333334,0.42,38.041666666666664,0.0
2017-12-21,6.1575,21.928749999999997,4.255529411764706,,28.08458333333333,75.985,28.64,40.17166666666667,0.4666666666666666,35.25,20.599999999999998
2017-12-22,8.19125,36.777499999999996,6.104,,44.969166666666666,78.60083333333334,27.82541666666667,30.690416666666668,0.5499999999999999,30.458333333333332,0.6000000000000001
2017-12-23,6.14875,27.0975,5.03,,33.240833333333335,68.52583333333332,31.04125,45.192499999999995,0.52375,28.291666666666668,21.0
2017-12-24,3.40375,19.459166666666665,,,22.863333333333333,69.38,31.180000000000003,53.20666666666667,0.4533333333333333,20.166666666666668,3.4
2017-12-25,3.7529166666666662,18.789583333333333,,,22.5425,72.056,30.92458333333333,57.03375,0.51125,36.416666666666664,6.0
2017-12-26,4.664166666666667,19.7425,4.489999999999999,,24.405833333333334,82.97108333333334,27.896666666666665,49.49875,0.42375,19.291666666666668,6.2
2017-12-27,5.527083333333334,21.362083333333334,4.4475,,26.889583333333334,78.0175,29.204166666666666,39.29875,0.4145833333333333,28.583333333333332,0.0
2017-12-28,4.729166666666667,15.67125,3.234583333333333,,20.400000000000002,84.25125,28.123333333333335,27.560000000000002,0.36916666666666664,19.166666666666668,1.0
2017-12-29,8.609166666666667,34.956250000000004,1.7091666666666665,,43.56625,88.12875000000001,27.412916666666664,21.8275,0.5554166666666667,23.916666666666668,5.0
2017-12-30,4.013333333333334,18.73375,0.7070833333333333,,22.747083333333332,80.22208333333333,27.718333333333334,40.12375,0.41500000000000004,17.0,3.0
2017-12-31,3.75625,9.589166666666666,3.85,,13.345416666666665,65.08749999999999,30.10875,46.69416666666667,0.53125,20.541666666666668,0.2
2018-01-01,3.330416666666667,10.907499999999999,5.05375,,14.237499999999999,62.78333333333333,31.339583333333334,46.11083333333334,0.5583333333333333,54.833333333333336,0.0
2018-01-02,5.038333333333333,17.10875,3.2095833333333332,,22.147916666666664,65.82375,31.9325,39.4925,0.395,19.625,0.0
2018-01-03,7.584166666666667,15.367083333333333,3.6495833333333336,,22.95,69.502,30.25,34.39041666666667,0.3858333333333333,18.958333333333332,19.6
2018-01-04,5.1433333333333335,17.266666666666666,1.3695833333333332,,22.409583333333334,86.855,26.167916666666667,28.060833333333335,0.35000000000000003,12.791666666666666,17.200000000000003
2018-01-05,5.507083333333334,24.881666666666664,1.6404166666666666,,30.3875,88.02,25.9725,38.875416666666666,0.415,18.875,11.399999999999999
2018-01-06,5.752916666666667,21.793333333333333,1.9370833333333335,,27.545416666666668,79.95125,28.807083333333335,37.915,0.5416666666666666,20.375,5.2
2018-01-07,3.1429166666666664,14.082083333333335,0.4375,,17.223333333333333,91.56708333333334,25.345416666666665,43.153333333333336,0.41958333333333336,11.958333333333334,65.80000000000001
2018-01-08,5.3525,23.14625,0.41625,,28.499583333333334,86.987,25.365416666666665,37.75958333333333,0.4741666666666666,12.375,33.400000000000006
2018-01-09,5.00125,17.34958333333333,3.2274999999999996,,22.35083333333333,71.58176470588236,28.89708333333333,43.0875,0.38916666666666666,25.708333333333332,0.0
2018-01-10,3.96875,10.6875,2.13125,,14.657083333333333,70.98208333333334,30.015416666666667,41.317083333333336,0.27125,18.0,0.0
2018-01-11,4.0562499999999995,16.375833333333333,4.011666666666667,,20.431250000000002,70.18625,30.34583333333333,53.14875,0.41124999999999995,33.291666666666664,0.0
2018-01-12,5.1154166666666665,18.62125,4.839583333333334,,23.73708333333333,74.94958333333334,29.24875,47.98500000000001,0.43,33.958333333333336,0.0
2018-01-13,3.3058333333333336,15.1825,2.0124999999999997,,18.489583333333332,69.09208333333333,29.28916666666667,50.13583333333333,0.43166666666666664,21.208333333333332,0.0
2018-01-14,3.0054166666666666,9.732083333333334,1.8983333333333334,,12.737499999999999,65.25291666666666,30.037499999999998,47.553333333333335,0.3904166666666667,17.583333333333332,0.0
2018-01-15,6.1225,18.817083333333333,1.0766666666666667,,24.937916666666666,61.01833333333334,30.733333333333334,41.121249999999996,0.37958333333333333,18.375,0.0
2018-01-16,3.299583333333333,13.074583333333335,0.755,,16.375416666666666,57.28875,31.84958333333333,75.10416666666667,0.39083333333333337,16.333333333333332,0.0
2018-01-17,3.5316666666666667,22.631249999999998,4.183333333333334,,26.161666666666665,60.882083333333334,32.53875,42.15470588235294,0.435,29.791666666666668,0.0
2018-01-18,4.335,20.75,2.75125,,25.084444444444443,50.64541666666667,34.620416666666664,52.3225,0.3833333333333333,37.020833333333336,0.0
2018-01-19,2.810416666666667,8.042083333333332,2.3936842105263154,,10.8525,61.1175,33.177083333333336,87.24833333333333,0.35874999999999996,31.875,0.0
2018-01-20,2.7862500000000003,13.566666666666668,2.4429166666666666,,16.35125,78.10708333333334,29.9725,66.23583333333333,0.41583333333333333,24.0,2.5999999999999996
2018-01-21,3.3349999999999995,20.397916666666667,2.138333333333333,,23.7325,78.31208333333333,29.91125,58.91833333333333,0.4908333333333333,35.375,0.0
2018-01-22,4.181666666666667,19.55388888888889,5.735882352941177,,23.734444444444446,70.44882352941177,31.831111111111113,86.45882352941176,0.47000000000000003,49.22222222222222,65.6
2018-01-23,2.4930769230769227,16.276923076923076,,,18.748461538461537,55.22076923076923,34.77307692307692,101.483,0.5489999999999999,51.27272727272727,0.0
2018-01-24,2.7079166666666663,11.051250000000001,6.8275,,13.76,57.774166666666666,33.31791666666667,75.51625,0.356875,33.791666666666664,0.0
2018-01-25,2.89125,10.767916666666666,3.174166666666667,,13.66125,65.10375,31.843333333333334,56.643750000000004,0.41250000000000003,32.041666666666664,0.0
2018-01-26,3.3312500000000003,9.071666666666667,4.101666666666667,,12.392083333333334,82.98625,28.38875,37.74166666666667,0.27375,19.333333333333332,35.6
2018-01-27,6.904583333333334,16.065416666666668,2.4425,,22.97083333333333,96.8965,25.236666666666665,19.55,0.36999999999999994,13.5,10.0
2018-01-28,5.93,15.629166666666668,1.9608333333333334,,21.56125,71.11277777777778,28.772499999999997,41.760416666666664,0.4054166666666667,24.708333333333332,0.0
2018-01-29,3.4270833333333335,14.867916666666666,1.7395833333333333,,18.293333333333333,74.86125,29.437916666666666,35.97666666666667,0.34708333333333335,23.166666666666668,0.0
2018-01-30,7.0675,16.250416666666666,0.48333333333333334,,23.3175,96.20437500000001,24.72083333333333,27.076666666666668,0.34833333333333333,12.791666666666666,18.2
2018-01-31,5.239166666666667,9.540416666666667,2.7554166666666666,,14.77625,78.15625,26.95,26.659166666666668,0.32125,18.833333333333332,0.0
2018-02-01,5.484583333333333,8.424166666666666,1.6041666666666667,,13.90375,76.1475,27.8125,23.804166666666664,0.29875,17.541666666666668,0.0
2018-02-02,6.868333333333333,12.641666666666666,3.61875,,19.51125,72.48541666666667,28.359583333333333,25.770833333333332,0.35333333333333333,24.708333333333332,0.0
2018-02-03,4.689583333333333,7.8975,0.7270833333333333,,12.58875,74.11125,28.347916666666666,28.94,0.32625,20.625,0.0
2018-02-04,2.9912500000000004,8.768333333333333,3.0850000000000004,,11.757916666666667,70.71208333333333,26.810000000000002,35.3125,0.2916666666666667,27.75,0.0
2018-02-05,12.483333333333334,36.01958333333334,2.78375,,48.50208333333333,91.28777777777778,23.388333333333335,17.012916666666666,0.515,24.229166666666668,9.2
2018-02-06,8.187083333333334,26.174166666666665,6.4366666666666665,,34.36,82.17833333333334,25.6975,26.192083333333333,0.5033333333333333,22.25,4.2
2018-02-07,6.540416666666666,12.164166666666667,1.71125,,18.705416666666668,84.57791666666667,27.239166666666666,25.866249999999997,0.3933333333333333,18.125,0.2
2018-02-08,6.804583333333333,15.404166666666667,3.4341666666666666,,22.209999999999997,77.67208333333333,28.749166666666667,40.630833333333335,0.4191666666666667,30.958333333333332,0.0
2018-02-09,6.4375,24.473333333333333,2.5995833333333334,,30.911666666666665,67.56875000000001,31.294166666666666,72.38916666666667,0.4504166666666667,37.083333333333336,0.0
2018-02-10,4.045,20.432916666666667,2.49125,,24.477083333333336,68.58125,32.706250000000004,63.342083333333335,0.4495833333333333,35.583333333333336,1.2
2018-02-11,2.842083333333333,17.8175,4.416875,,20.65875,61.99666666666667,32.98375,65.75708333333334,0.47541666666666665,27.083333333333332,0.0
2018-02-12,2.3404166666666666,9.11125,4.541666666666667,,11.450833333333334,58.64666666666667,33.44583333333333,74.55749999999999,0.3154166666666667,29.0,0.0
2018-02-13,2.4058333333333333,7.663333333333334,,,10.069583333333332,79.36833333333333,29.256249999999998,49.2425,0.29125,22.875,0.4
2018-02-14,2.8713888888888888,11.601666666666667,,,14.471666666666666,87.01833333333333,26.795,43.36208333333334,0.31083333333333335,10.333333333333334,73.0
2018-02-15,3.429027777777778,17.686666666666667,2.355,,21.110833333333336,82.26208333333334,27.2825,30.00578947368421,0.28750000000000003,20.88235294117647,1.4
2018-02-16,4.445208333333333,21.948125,2.391818181818182,,26.394166666666667,82.75791666666667,28.13479166666667,34.42104166666667,0.43979166666666664,42.791666666666664,1.8
2018-02-17,4.55,21.27125,0.8170833333333333,,25.819166666666664,77.865,28.58583333333333,40.93625,0.44333333333333336,37.666666666666664,0.0
2018-02-18,3.0325,13.987499999999999,1.10625,,17.01875,81.26041666666667,28.294583333333335,37.76375,0.39958333333333335,22.25,1.0
2018-02-19,9.094166666666666,35.32666666666667,4.903333333333333,,44.42166666666666,82.73208333333334,28.603333333333335,47.778333333333336,0.6358333333333334,39.25,1.0
2018-02-20,5.904166666666666,20.22625,1.2954166666666667,,26.13,69.37666666666667,31.56458333333333,38.810833333333335,0.4870833333333333,32.333333333333336,0.0
2018-02-21,3.79125,16.63,1.96125,,20.420416666666664,67.54136363636364,31.5425,40.83625,0.4870833333333333,29.416666666666668,9.4
2018-02-22,4.285,15.023333333333333,1.3879166666666667,,19.308333333333334,77.11166666666666,29.485,48.4725,0.47583333333333333,18.166666666666668,2.4
2018-02-23,10.215416666666668,27.432083333333335,1.5458333333333334,,37.64958333333333,94.835,26.063333333333333,25.32875,0.5583333333333333,15.833333333333334,34.0
2018-02-24,6.495833333333334,22.743750000000002,2.5616666666666665,,29.24083333333333,89.38083333333333,25.967916666666667,26.910416666666666,0.5070833333333333,24.5,4.800000000000001
2018-02-25,4.526666666666666,13.305,2.0466666666666664,,17.830833333333334,77.36791666666666,27.80541666666667,42.07125,0.44458333333333333,21.791666666666668,0.0
2018-02-26,6.560416666666668,25.41208333333333,3.6475000000000004,,31.96875,82.58583333333333,28.177916666666665,34.33,0.47625,27.416666666666668,2.4
2018-02-27,5.630416666666666,24.760416666666668,0.7141666666666667,,30.389166666666668,83.56411764705882,27.370833333333334,33.58583333333333,0.5287499999999999,19.041666666666668,20.8
2018-02-28,5.45,28.063333333333333,2.7716666666666665,,33.49875,76.5964705882353,28.865416666666665,49.37583333333333,0.6108333333333333,30.833333333333332,0.0
2018-03-01,6.534166666666667,25.006666666666664,3.7587499999999996,,31.533749999999998,81.08083333333333,29.741249999999997,48.79958333333334,0.5366666666666666,40.916666666666664,0.0
2018-03-02,6.0129166666666665,26.099999999999998,0.46166666666666667,,32.111666666666665,79.565,30.555000000000003,45.95458333333334,0.5983333333333333,47.0,0.0
2018-03-03,3.2687500000000003,14.763333333333334,0.0325,,18.033333333333335,80.09291666666667,30.443749999999998,53.031666666666666,0.51625,33.208333333333336,1.2000000000000002
2018-03-04,3.70125,13.115,0.8930434782608695,,16.817083333333333,82.21625,29.835416666666664,41.66166666666667,0.5072916666666667,26.458333333333332,0.2
2018-03-05,4.7804166666666665,15.611666666666666,2.154166666666667,,20.39,78.9025,30.55125,40.20333333333333,0.5075,27.666666666666668,0.0
2018-03-06,4.392083333333333,12.048333333333334,1.4425,,16.44625,74.81,30.8625,38.525,0.45375000000000004,25.708333333333332,0.0
2018-03-07,5.95,20.437916666666666,2.28375,,26.39125,79.79,29.917916666666667,43.29958333333334,0.48625,30.166666666666668,1.0
2018-03-08,7.552499999999999,20.28291666666667,0.6625,,27.84125,92.89125,25.977083333333336,26.19875,0.5333333333333333,8.541666666666666,15.4
2018-03-09,10.956666666666665,25.135833333333334,1.14875,,36.092083333333335,88.02380952380952,26.035,23.896666666666665,0.5058333333333334,29.041666666666668,0.0
2018-03-10,7.152916666666666,20.237083333333334,3.6575,,27.389583333333334,79.12333333333333,28.512083333333333,44.28916666666667,0.5441666666666667,27.208333333333332,0.0
2018-03-11,4.029166666666667,12.302083333333334,3.25375,,16.3325,82.815625,29.177916666666665,31.717083333333335,0.47833333333333333,17.458333333333332,0.0
2018-03-12,4.3374999999999995,15.86625,3.874166666666667,,20.200416666666666,63.91833333333333,31.21083333333333,47.53541666666666,0.47458333333333336,27.208333333333332,0.0
2018-03-13,6.115416666666666,24.95125,0.7775,,31.062083333333334,80.42458333333333,29.253333333333334,44.28125,0.56875,38.666666666666664,0.0
2018-03-14,3.8733333333333335,23.617499999999996,3.8995833333333336,,27.491666666666664,73.38916666666667,31.951666666666668,79.09666666666666,0.5279166666666667,42.5,0.0
2018-03-15,1.76,11.95,3.06,,13.71,90.62,28.98,57.57,0.43,51.0,0.0
2018-03-16,,,,,,,,,,,
2018-03-17,3.2742857142857145,26.821428571428573,,,30.095714285714283,80.52857142857144,27.654285714285717,25.43857142857143,,39.166666666666664,0.0
2018-03-18,5.329583333333333,21.090416666666666,3.755454545454546,,26.419583333333332,76.51,29.742500000000003,47.622083333333336,0.6120833333333333,35.625,0.0
2018-03-19,4.852916666666666,19.835833333333333,4.2075000000000005,,24.7225,66.20875,32.40625,48.581250000000004,0.5320833333333334,29.291666666666668,0.0
2018-03-20,3.7616666666666667,19.698333333333334,1.4754166666666666,,23.4675,68.81,32.40208333333333,57.27708333333334,0.6464583333333334,41.5,0.0
2018-03-21,4.6275,13.392083333333334,1.2626315789473683,,18.01875,80.12625,28.994583333333335,53.849583333333335,0.5133333333333333,22.041666666666668,0.0
2018-03-22,7.461666666666666,19.135,6.583333333333333,,26.594166666666666,93.07416666666667,26.375416666666666,26.610833333333332,0.46458333333333335,14.125,12.799999999999999
2018-03-23,8.53625,25.425833333333333,1.9887499999999998,,33.95,79.48291666666667,29.567916666666665,57.145,0.5054166666666667,28.166666666666668,0.0
2018-03-24,5.27125,19.953333333333333,2.7695833333333333,,25.219583333333333,68.75083333333333,30.735833333333332,46.23708333333334,0.3833333333333333,23.625,0.0
2018-03-25,3.7254166666666664,14.957083333333335,2.6158333333333332,,18.680833333333336,59.395,31.55666666666667,37.86666666666667,0.3875,18.416666666666668,0.0
2018-03-26,4.3812500000000005,20.945,3.2775,,25.322916666666668,72.49041666666666,30.427916666666665,49.85166666666667,0.46375000000000005,34.604166666666664,1.0
2018-03-27,7.12375,26.20041666666667,3.8404166666666666,,33.32458333333333,72.86041666666667,30.27416666666667,57.99375,0.4991666666666667,39.708333333333336,0.0
2018-03-28,5.821666666666666,26.965,3.0370833333333334,,32.78791666666667,72.01208333333334,29.902083333333334,55.420416666666675,0.4604166666666667,44.75,0.0
2018-03-29,4.8775,17.710416666666667,2.50125,,22.59,69.56333333333333,29.42833333333333,43.70083333333333,0.35041666666666665,25.208333333333332,0.0
2018-03-30,3.67,15.25625,2.0458333333333334,,18.92875,68.69166666666666,29.6125,54.0625,0.40166666666666667,26.958333333333332,0.0
2018-03-31,3.5354166666666664,18.848333333333333,3.9754166666666664,,22.384583333333335,68.41833333333334,30.1775,60.803333333333335,0.45625,31.5,0.0
2018-04-01,4.83125,23.12875,2.6983333333333337,,27.962500000000002,64.61875,31.306250000000002,43.9025,0.5808333333333333,38.375,0.0
2018-04-02,4.746666666666667,19.857083333333332,5.747916666666666,,24.604166666666668,65.09125,30.77,44.819583333333334,0.49374999999999997,27.25,0.8
2018-04-03,3.7879999999999994,12.222999999999999,0.13375,,16.009999999999998,77.7742105263158,28.75791666666667,52.631052631578946,0.47041666666666665,17.25,35.8
2018-04-04,5.354,21.926,1.8125,,27.282,80.70571428571428,27.542083333333334,,0.46875,20.25,0.0
2018-04-05,6.6691666666666665,23.95125,5.610416666666667,,30.620833333333334,81.81208333333333,28.140416666666667,,0.49,32.5,0.0
2018-04-06,3.25,13.245000000000001,1.975,,16.495,90.925,26.549999999999997,,0.31000000000000005,10.5,0.0
2018-04-07,5.585714285714286,15.710714285714285,4.2625,,21.29714285714286,74.06714285714285,29.580714285714286,28.430833333333336,,14.916666666666666,0.0
2018-04-08,4.7075000000000005,13.61875,3.0847826086956522,,18.326666666666664,77.48875,28.18958333333333,30.347916666666666,0.5478260869565217,17.291666666666668,0.0
2018-04-09,4.844166666666667,14.611666666666666,5.979583333333333,,19.455000000000002,71.13000000000001,28.233333333333334,40.79208333333333,0.4266666666666667,20.166666666666668,0.0
2018-04-10,7.0975,17.103333333333335,2.795,,24.2,65.165,28.159583333333334,44.51,0.44375000000000003,20.25,0.0
2018-04-11,5.5633333333333335,15.331249999999999,,,20.892083333333332,70.58041666666666,28.05,39.246249999999996,0.3625,21.208333333333332,0.0
2018-04-12,11.480833333333331,32.347500000000004,,,43.82833333333334,74.27541666666666,28.118750000000002,39.52916666666667,0.63625,45.541666666666664,0.0
2018-04-13,7.754583333333333,31.0625,,,38.818333333333335,69.84375,30.12375,47.97333333333333,0.6320833333333333,58.458333333333336,0.0
2018-04-14,3.475,9.86125,,,13.337083333333332,81.75166666666667,27.95583333333333,49.76833333333334,0.41333333333333333,24.666666666666668,0.0
2018-04-15,3.6633333333333336,11.741458333333334,,,15.407708333333334,86.625,25.618333333333336,30.772499999999997,0.3870833333333333,14.0,5.2
2018-04-16,5.559166666666666,12.9325,,,18.485833333333336,78.88374999999999,24.4425,30.765833333333333,0.38083333333333336,15.833333333333334,8.0
2018-04-17,6.34375,13.999166666666667,7.655,,20.3425,73.61541666666666,25.144166666666667,34.224583333333335,0.3833333333333333,21.625,0.0
2018-04-18,7.61375,17.476666666666667,7.15375,,25.090833333333336,69.69916666666667,25.410833333333333,37.03416666666667,0.4008333333333333,23.166666666666668,0.0
2018-04-19,4.7075000000000005,24.616249999999997,2.0570833333333334,,29.325416666666666,66.47333333333333,26.589166666666667,44.26,0.42416666666666664,30.25,0.0
2018-04-20,7.413333333333333,30.743333333333336,2.474791666666667,,38.14958333333333,74.63208333333334,26.29625,39.20666666666667,0.4575,38.083333333333336,0.0
2018-04-21,3.5537500000000004,23.230416666666667,8.262500000000001,,26.78625,76.89874999999999,25.955,55.32833333333334,0.4141666666666666,43.416666666666664,0.0
2018-04-22,3.0933333333333333,15.746666666666668,3.2445833333333334,,18.83875,70.80708333333334,26.725416666666664,50.35375,0.22083333333333333,24.916666666666668,0.0
2018-04-23,5.695416666666667,24.39125,5.792916666666667,,30.086250000000003,74.78916666666667,26.419583333333335,39.34291666666667,0.385,31.666666666666668,0.0
2018-04-24,6.279166666666666,25.247500000000002,6.679166666666666,,31.527083333333334,73.06833333333334,28.042083333333334,42.24333333333333,0.36083333333333334,35.583333333333336,0.0
2018-04-25,7.561666666666667,29.323333333333334,4.3500000000000005,,36.89,76.43875,27.72791666666667,45.955000000000005,0.4558333333333333,42.125,0.0
2018-04-26,7.245833333333334,35.38375,5.8097916666666665,,42.63,78.89083333333333,27.585416666666664,41.93333333333333,0.5254166666666666,52.041666666666664,0.0
2018-04-27,6.277083333333334,28.854166666666668,1.8329166666666667,,35.128750000000004,76.36416666666666,28.03708333333333,38.05833333333333,0.46375000000000005,45.541666666666664,0.0
2018-04-28,4.732916666666667,22.453333333333333,3.04125,,27.184583333333332,73.48166666666667,28.42958333333333,45.57375,0.3120833333333333,33.916666666666664,0.0
2018-04-29,3.5733333333333337,19.77,7.190416666666667,,23.345416666666665,71.81625,27.450833333333335,50.30833333333334,0.3408333333333333,36.625,0.0
2018-04-30,7.2075,23.83125,1.9962499999999999,,31.039166666666663,66.17291666666667,27.556250000000002,35.27333333333333,0.4083333333333334,38.166666666666664,0.0
2018-05-01,3.327083333333333,13.081249999999999,3.0429166666666667,,16.410416666666666,66.63041666666666,27.734166666666667,59.92333333333334,0.3675,33.291666666666664,0.0
2018-05-02,4.524583333333333,17.720833333333335,1.8462500000000002,,22.247500000000002,84.80125,26.327083333333334,43.155833333333334,0.37125,31.666666666666668,0.6
2018-05-03,4.669583333333334,19.01125,3.4812499999999997,,23.680000000000003,81.22,26.669583333333335,36.52708333333333,0.29041666666666666,25.166666666666668,0.0
2018-05-04,10.822916666666666,33.946666666666665,4.030833333333333,,44.77166666666667,73.76958333333333,28.03,46.080000000000005,0.35545454545454547,44.583333333333336,0.0
2018-05-05,5.835416666666667,25.722083333333334,8.1825,,31.555833333333336,74.80166666666666,28.43166666666667,56.96875,,43.083333333333336,0.0
2018-05-06,3.0383333333333336,9.644166666666667,7.062083333333334,,12.6825,83.0675,26.38875,63.13291666666667,,32.875,0.0
2018-05-07,6.315,17.954166666666666,1.3583333333333334,,24.269583333333333,87.08434782608695,25.580416666666668,33.97208333333334,,24.375,2.4000000000000004
2018-05-08,14.207500000000001,15.875416666666666,0.52625,,30.084999999999997,87.48733333333332,23.64708333333333,25.156666666666666,0.42374999999999996,22.333333333333332,5.0
2018-05-09,6.9054166666666665,17.555,1.9879166666666668,,24.452916666666667,79.71541666666667,24.410833333333333,31.15041666666667,0.22541666666666668,20.083333333333332,1.5999999999999999
2018-05-10,9.679583333333333,27.233333333333334,2.6804166666666664,,36.91229166666667,67.815,25.886666666666667,39.02583333333333,0.215,21.454545454545453,0.0
2018-05-11,10.100416666666666,30.355,3.1012500000000003,,40.455,66.92791666666666,26.865416666666665,35.170833333333334,0.28750000000000003,54.7,0.0
2018-05-12,6.585416666666667,14.360833333333334,5.138333333333334,,20.9475,67.55291666666666,28.04041666666667,51.1875,0.2925,35.208333333333336,0.0
2018-05-13,3.6675,7.478750000000001,1.46375,,11.144583333333335,83.35791666666667,25.08875,44.85583333333333,0.2775,26.25,0.0
2018-05-14,5.612916666666667,18.218333333333334,2.6554166666666665,,23.83125,79.70708333333333,25.591250000000002,40.20458333333333,0.19833333333333333,30.666666666666668,0.0
2018-05-15,8.932916666666666,25.236666666666665,11.689166666666667,,34.16708333333333,70.20416666666667,27.017916666666665,34.0525,0.29541666666666666,31.375,0.0
2018-05-16,3.6325000000000003,9.185,2.643333333333333,,12.820833333333333,66.87083333333332,28.245,59.70416666666667,0.2404166666666667,27.666666666666668,0.0
2018-05-17,5.360416666666667,17.356666666666666,0.915,,22.719583333333333,88.50388888888888,24.447083333333335,40.255833333333335,0.30333333333333334,24.0,7.199999999999999
2018-05-18,9.852500000000001,29.33,12.267083333333334,,39.180416666666666,76.70125,27.02333333333333,47.05875,0.3129166666666667,38.75,0.0
2018-05-19,9.812083333333334,22.377916666666668,5.147916666666666,,32.189166666666665,67.459375,26.29041666666667,26.464583333333334,0.3825,23.958333333333332,14.399999999999999
2018-05-20,3.682916666666667,9.88875,2.0420833333333333,,13.564583333333333,76.29291666666667,22.76375,43.461666666666666,0.18208333333333335,21.541666666666668,2.2
2018-05-21,5.91875,19.252916666666668,3.550416666666667,,25.15875,65.59157894736842,20.99,39.160833333333336,0.3175,30.708333333333332,0.0
2018-05-22,11.610208333333333,40.57541666666666,6.428333333333334,,52.196875,72.78125,21.797916666666666,40.53375,0.5447916666666667,52.375,0.0
2018-05-23,6.2375,16.95625,6.382916666666667,,23.192916666666665,83.54541666666667,22.35166666666667,49.76583333333334,0.37875,41.708333333333336,0.0
2018-05-24,5.510833333333333,23.18625,4.880416666666666,,28.6975,78.55666666666667,23.507499999999997,49.19125,0.3358333333333334,39.833333333333336,0.0
2018-05-25,4.75,18.329166666666666,6.144166666666667,,23.077916666666667,80.96083333333333,23.40041666666667,50.19416666666667,0.33625,37.291666666666664,0.0
2018-05-26,4.7675,13.207916666666668,1.9579166666666667,,17.97583333333333,70.72291666666666,24.525833333333335,55.12041666666667,0.2070833333333333,22.166666666666668,0.0
2018-05-27,3.921666666666667,19.40625,2.665,,23.327083333333334,71.98666666666666,24.19125,48.285,0.29083333333333333,29.375,0.0
2018-05-28,6.767499999999999,18.135,4.017916666666667,,24.901666666666667,77.0925,23.701666666666668,36.66458333333333,0.27125,25.333333333333332,0.0
2018-05-29,7.2875000000000005,16.607916666666668,1.7370833333333333,,23.895833333333332,70.93791666666667,24.863333333333333,46.785,0.19583333333333333,23.833333333333332,0.0
2018-05-30,8.613333333333333,29.41416666666667,2.6958333333333333,,38.02458333333333,75.54916666666666,23.85375,28.855416666666667,0.30791666666666667,30.625,0.0
2018-05-31,10.22,29.653333333333336,10.113333333333333,,39.87416666666667,76.95791666666666,24.933333333333334,40.91166666666667,0.36791666666666667,36.166666666666664,0.0
2018-06-01,18.989583333333332,30.345,6.236666666666667,,49.3375,62.28375,26.555000000000003,26.917916666666667,0.4375,34.708333333333336,0.0
2018-06-02,10.543750000000001,31.059166666666666,3.8125,,41.60458333333333,58.32791666666666,26.9825,34.30166666666667,0.5912499999999999,49.916666666666664,0.0
2018-06-03,3.0775,8.211666666666668,0.78125,,11.288333333333334,86.99,22.9575,38.84875,0.28125,28.25,4.2
2018-06-04,6.484999999999999,17.16,1.7341666666666666,,23.626666666666665,94.2996875,20.75166666666667,25.515416666666667,0.2629166666666667,17.375,0.0
2018-06-05,14.660000000000002,34.69625,5.5425,,49.35791666666666,87.8465625,21.508333333333336,16.182083333333335,0.35208333333333336,34.458333333333336,0.0
2018-06-06,4.292916666666667,13.557083333333333,2.3604166666666666,,17.849166666666665,76.21909090909091,24.605,35.32833333333333,0.2529166666666667,25.0,0.0
2018-06-07,19.66,36.628750000000004,2.10875,,56.287083333333335,94.18555555555555,23.522499999999997,14.538333333333334,0.5504166666666667,41.666666666666664,0.0
2018-06-08,8.6525,17.80125,1.7933333333333332,,26.454166666666666,90.74578947368421,22.200416666666666,27.688333333333333,0.3433333333333333,26.125,0.2
2018-06-09,6.465,27.828333333333333,8.951666666666666,,34.29333333333333,84.63916666666667,22.63416666666667,28.381666666666664,0.32458333333333333,35.75,0.0
2018-06-10,8.685416666666667,31.542083333333334,6.395416666666667,,40.22666666666667,75.87315789473683,25.185833333333335,35.665416666666665,0.5120833333333333,38.583333333333336,0.0
2018-06-11,19.84208333333333,39.22666666666667,2.6104166666666666,,59.06875,78.90789473684211,25.329166666666666,20.837500000000002,0.7091666666666666,51.125,0.0
2018-06-12,8.979166666666666,22.787916666666664,1.7325,,31.76875,64.15833333333333,28.932916666666667,37.6025,0.49541666666666667,42.541666666666664,0.0
2018-06-13,5.5,29.11583333333333,9.554166666666667,,34.620416666666664,74.98333333333333,27.882499999999997,64.09083333333334,0.48333333333333334,48.041666666666664,0.0
2018-06-14,7.393541666666667,16.513125,2.3945833333333333,,23.910625,96.00666666666666,22.33791666666667,37.992916666666666,0.27958333333333335,12.125,7.4
2018-06-15,15.392916666666666,38.596666666666664,4.805833333333333,,53.989583333333336,95.1675,20.512083333333333,14.712083333333332,0.4220833333333333,20.166666666666668,13.6
2018-06-16,4.582916666666667,16.514583333333334,4.542916666666667,,21.095,,20.875833333333333,32.13666666666666,0.29625,12.458333333333334,0.0
2018-06-17,5.629166666666666,15.862499999999999,2.8958333333333335,,21.490416666666665,85.848,22.337500000000002,26.300833333333333,0.34208333333333335,21.041666666666668,0.2
2018-06-18,7.087916666666666,22.58875,1.4783333333333335,,29.676666666666666,82.09700000000001,22.158749999999998,26.270833333333332,0.2870833333333333,17.666666666666668,5.800000000000001
2018-06-19,16.062916666666666,27.6575,3.366875,,43.72125,85.41958333333334,22.7675,25.252499999999998,0.31583333333333335,29.854166666666668,0.0
2018-06-20,16.765416666666667,35.96895833333333,3.5033333333333334,,52.73166666666666,69.00533333333333,23.673333333333332,25.5975,0.5394444444444445,41.5,0.0
2018-06-21,25.736666666666665,48.689166666666665,1.26375,,74.42416666666666,69.95,24.307916666666667,25.0675,0.6954166666666667,61.625,0.0
2018-06-22,12.953333333333333,28.557083333333335,3.36375,,41.50791666666667,69.41125,25.541666666666668,39.94916666666666,0.5004166666666666,48.416666666666664,0.0
2018-06-23,7.223333333333333,44.564166666666665,7.110416666666667,,51.78916666666667,67.49631578947368,26.282083333333333,61.055,0.6545833333333334,66.33333333333333,0.0
2018-06-24,6.105833333333333,31.36,3.5429166666666667,,37.462916666666665,62.346666666666664,28.566666666666666,44.77583333333333,0.6241666666666666,65.125,0.0
2018-06-25,6.329999999999999,32.356249999999996,4.850833333333333,,38.687083333333334,79.63947368421053,25.637916666666666,59.77916666666667,0.4708333333333334,56.25,0.0
2018-06-26,19.022916666666667,41.97291666666667,3.5399999999999996,,60.9975,67.83458333333333,26.91333333333333,32.6225,0.6491666666666667,65.125,0.0
2018-06-27,5.0720833333333335,17.660833333333333,2.94375,,22.73125,87.62238095238095,23.680000000000003,45.85666666666666,0.41875,49.291666666666664,0.0
2018-06-28,8.12625,40.97833333333333,6.620416666666666,,49.107499999999995,65.34625,25.4825,36.376666666666665,0.50125,63.083333333333336,0.0
2018-06-29,11.994166666666667,35.58041666666667,4.151666666666666,,47.5725,71.29208333333334,25.36,30.05541666666667,0.3954166666666667,46.541666666666664,0.0
2018-06-30,10.049166666666666,25.192083333333333,1.7924999999999998,,35.239583333333336,70.63916666666667,25.81041666666667,32.939166666666665,0.6075,52.458333333333336,0.0
2018-07-01,4.730833333333334,23.54375,3.8708333333333336,,28.27333333333333,87.41978260869566,24.347916666666666,50.653333333333336,0.5575,59.25,0.0
2018-07-02,6.297916666666667,43.8475,32.62,,50.14458333333334,62.99666666666667,26.17625,52.000416666666666,0.6375000000000001,83.375,0.0
2018-07-03,4.869166666666667,18.020416666666666,2.0483333333333333,,22.89125,72.7095652173913,26.59583333333333,59.64333333333334,0.37125,48.541666666666664,0.2
2018-07-04,9.645416666666668,31.431250000000002,0.8895833333333334,,41.07833333333333,86.47818181818182,24.2075,29.309166666666666,0.4066666666666667,26.583333333333332,2.2
2018-07-05,17.232083333333332,36.39125,3.370208333333333,,53.62375,61.90083333333333,25.757499999999997,32.32208333333333,0.5870833333333333,57.583333333333336,0.0
2018-07-06,13.717500000000001,35.882083333333334,4.523958333333334,,49.5975,64.43454545454546,25.59875,36.60208333333333,0.7133333333333334,67.79166666666667,0.0
2018-07-07,5.870416666666666,41.135416666666664,5.945625,,47.007083333333334,69.36733333333333,25.657083333333333,55.01958333333334,0.5866666666666667,82.04166666666667,0.0
2018-07-08,5.4679166666666665,25.405416666666667,5.915,,30.864583333333332,52.25375,26.605833333333333,50.627916666666664,0.55125,59.625,0.0
2018-07-09,4.4125000000000005,23.482916666666668,5.385416666666667,,27.898333333333337,74.15666666666667,25.104583333333334,49.42583333333334,0.4575,56.291666666666664,0.0
2018-07-10,4.2175,8.707916666666668,0.22291666666666665,,12.921666666666667,97.10222222222222,20.10875,43.47625,0.16,14.25,12.200000000000001
2018-07-11,4.260833333333333,9.38,2.4183333333333334,,13.649166666666666,79.24958333333333,19.908333333333335,47.830000000000005,0.13083333333333333,19.875,0.0
2018-07-12,7.671250000000001,20.066666666666666,4.501875,,27.734166666666667,76.64444444444445,20.3125,35.677083333333336,0.31875000000000003,36.166666666666664,0.0
2018-07-13,15.382916666666667,33.18625,2.716041666666667,,48.56833333333333,71.46428571428571,21.28708333333333,25.79625,0.4891666666666667,46.5,0.0
2018-07-14,21.644166666666667,46.62375,6.302499999999999,,68.26625,69.51133333333334,23.3475,36.95458333333333,0.7491666666666666,62.625,0.0
2018-07-15,20.55375,43.97333333333333,6.8116666666666665,,64.52624999999999,56.485,25.253333333333334,32.24166666666667,0.9591666666666666,76.45833333333333,0.0
2018-07-16,5.84625,32.43833333333333,4.962083333333333,,38.28666666666667,57.088750000000005,26.792083333333334,45.65708333333333,0.4595833333333333,52.833333333333336,0.0
2018-07-17,6.969166666666666,32.352916666666665,4.563125,,39.318333333333335,76.598,23.99083333333333,46.13166666666667,0.4683333333333333,56.583333333333336,0.0
2018-07-18,7.2370833333333335,39.1925,28.680208333333336,,46.42666666666667,63.085,25.792083333333334,47.576249999999995,0.5216666666666666,75.16666666666667,0.0
2018-07-19,19.05125,40.64333333333334,4.821666666666666,,59.695,54.94625,26.30125,36.80166666666667,0.58875,66.70833333333333,0.0
2018-07-20,15.679583333333333,47.031666666666666,5.858333333333333,,62.70916666666667,59.830000000000005,26.741249999999997,39.428333333333335,0.5791666666666667,65.70833333333333,0.0
2018-07-21,12.364583333333334,22.841250000000002,2.4214583333333333,,35.204166666666666,61.457499999999996,26.469166666666666,58.28958333333333,0.4633333333333333,59.458333333333336,0.0
2018-07-22,3.3370833333333336,14.894166666666669,5.730208333333334,,18.233333333333334,76.091,24.249166666666667,44.06333333333333,0.32416666666666666,38.875,1.4
2018-07-23,9.39125,29.65625,3.5660416666666666,,39.0475,68.63,25.209166666666665,38.81333333333333,0.4166666666666667,46.833333333333336,0.0
2018-07-24,7.991041666666667,21.460624999999997,1.5954166666666667,,29.44875,81.6309090909091,23.71083333333333,34.13291666666667,0.35437500000000005,42.083333333333336,0.0
2018-07-25,6.074999999999999,21.906666666666666,4.328125,,27.984444444444446,72.38,24.627499999999998,42.03666666666667,0.3441666666666667,43.625,58.2
2018-07-26,9.900416666666667,33.71666666666667,5.703571428571429,,43.61875,69.07058823529412,25.066666666666666,38.985,0.3941666666666667,50.125,0.0
2018-07-27,9.550416666666667,37.817083333333336,6.071111111111112,,47.36625,65.11200000000001,25.267083333333332,42.40958333333333,0.37916666666666665,47.125,0.0
2018-07-28,9.8425,40.9975,12.898125,,50.83958333333334,57.62705882352941,26.515833333333333,52.36166666666667,0.5091666666666667,48.166666666666664,0.0
2018-07-29,15.999583333333334,36.17583333333334,6.9025,,52.17791666666667,52.87105263157895,27.40125,37.689166666666665,0.7729166666666667,56.75,0.0
2018-07-30,4.18,14.871249999999998,2.767916666666667,,19.051666666666666,72.96804347826087,25.557916666666667,60.41958333333333,0.3866666666666667,50.041666666666664,0.0
2018-07-31,4.7404166666666665,21.247083333333332,4.038749999999999,,25.9875,96.845,22.652916666666666,43.02041666666667,0.3183333333333333,29.541666666666668,2.2
2018-08-01,7.2804166666666665,21.875833333333333,3.6945833333333336,,29.154583333333335,97.8,20.837083333333332,38.79416666666666,0.32666666666666666,9.041666666666666,16.0
2018-08-02,9.905,29.59958333333333,3.94125,,39.462916666666665,98.15,20.495416666666667,29.875833333333333,0.3066666666666667,10.75,6.800000000000001
2018-08-03,25.336249999999996,41.17958333333333,5.017916666666667,,66.51583333333333,84.2188888888889,21.170416666666664,22.174166666666665,0.5291666666666667,21.666666666666668,9.6
2018-08-04,6.076250000000001,20.499583333333334,4.136666666666667,,26.574166666666667,76.42875,22.832916666666666,42.135,0.36000000000000004,21.125,2.2
2018-08-05,4.245,16.585,4.088125,,20.828333333333333,75.46625,23.326666666666668,48.981249999999996,0.39666666666666667,29.166666666666668,0.0
2018-08-06,6.234791666666666,18.876875000000002,2.70875,,25.109583333333333,91.07125,20.20875,40.47708333333333,0.33125,16.083333333333332,18.2
2018-08-07,12.037083333333333,31.128333333333334,2.332708333333333,,43.16916666666666,,19.60291666666667,25.036666666666665,0.45249999999999996,13.375,1.0
2018-08-08,11.427083333333334,35.32541666666667,0.8285416666666667,,46.75375,80.61375,22.815833333333334,28.994583333333335,0.4033333333333333,30.041666666666668,0.0
2018-08-09,11.779166666666667,32.74791666666667,4.5,,44.52375,63.44116666666667,26.045416666666668,40.295833333333334,0.4383333333333333,40.625,0.0
2018-08-10,5.213333333333334,16.32916666666667,0.318125,,21.54125,86.43513157894736,22.096666666666664,47.330000000000005,0.26625,35.666666666666664,0.0
2018-08-11,5.0525,13.144583333333335,3.031041666666667,,18.1975,68.97263157894737,21.729166666666668,59.668749999999996,0.22458333333333336,28.75,0.0
2018-08-12,3.172916666666667,6.725416666666667,2.797083333333333,,9.9,77.636875,21.37125,59.9675,0.21916666666666665,21.541666666666668,0.0
2018-08-13,3.764583333333333,9.7225,1.9727083333333333,,13.49,77.56444444444445,20.887083333333333,49.70458333333334,0.23166666666666666,23.708333333333332,0.0
2018-08-14,7.125,27.235833333333332,5.690416666666667,,34.35916666666667,67.7975,22.889583333333334,46.540416666666665,0.36541666666666667,41.208333333333336,0.0
2018-08-15,4.365,15.564166666666667,4.036666666666666,,19.93166666666667,78.83785714285715,22.28333333333333,54.40416666666667,0.2604166666666667,32.5,0.0
2018-08-16,4.812291666666667,12.344999999999999,2.0785416666666667,,17.159583333333334,90.104,21.85166666666667,52.37916666666666,0.2833333333333333,29.208333333333332,0.0
2018-08-17,6.1525,19.085416666666667,1.7395833333333333,,25.2375,81.81800000000001,22.6375,41.08166666666667,0.3491666666666667,27.541666666666668,0.0
2018-08-18,9.634166666666667,27.667916666666667,3.5745833333333334,,37.30083333333334,78.97785714285715,22.451666666666668,34.65625,0.33666666666666667,20.166666666666668,0.0
2018-08-19,9.959583333333333,33.708333333333336,24.140833333333333,,43.66708333333333,72.5608695652174,24.635,44.464166666666664,0.41208333333333336,31.458333333333332,0.0
2018-08-20,8.542916666666667,36.942083333333336,8.616458333333332,,45.484583333333326,57.15466666666667,25.7825,48.044999999999995,0.4841666666666667,39.791666666666664,0.0
2018-08-21,4.673333333333333,17.743333333333332,4.222916666666666,,22.4175,71.509375,25.295,56.37291666666667,0.28458333333333335,36.083333333333336,0.0
2018-08-22,6.232916666666667,24.54125,5.1866666666666665,,30.775000000000002,85.50083333333333,24.715833333333332,62.87125,0.36604166666666665,51.958333333333336,0.0
2018-08-23,13.905789473684209,44.87684210526316,12.174166666666666,,58.78210526315789,73.575,27.036666666666665,55.57750000000001,0.6120833333333333,67.91666666666667,0.0
2018-08-24,12.073333333333332,49.767500000000005,9.899166666666668,,61.840833333333336,64.72500000000001,28.664583333333336,39.08625,0.7091666666666666,69.91666666666667,0.0
2018-08-25,6.348333333333334,21.932083333333335,6.802916666666667,,28.278750000000002,70.65041666666667,25.820416666666663,49.42041666666666,0.4375,53.041666666666664,0.0
2018-08-26,3.2762499999999997,7.335416666666667,1.8841666666666665,,10.609166666666667,99.10541666666667,20.33875,78.55,0.23291666666666666,16.041666666666668,1.4000000000000001
2018-08-27,5.1937500000000005,17.406666666666666,2.814166666666667,,22.59958333333333,99.175,19.92833333333333,,0.3,13.833333333333334,0.4
2018-08-28,4.328333333333333,21.09125,4.93375,,25.42,82.86291666666666,22.384583333333335,,0.21458333333333335,26.958333333333332,0.0
2018-08-29,6.862916666666667,30.61791666666667,6.552499999999999,,37.48,76.35291666666667,24.40625,,0.40458333333333335,34.75,0.0
2018-08-30,11.730416666666665,27.1925,3.0258333333333334,,38.92208333333333,66.49958333333333,26.73375,,0.45541666666666664,33.833333333333336,0.0
2018-08-31,12.258333333333333,39.38458333333333,4.220833333333333,,51.64625,58.32875000000001,28.827916666666667,,0.6587500000000001,53.458333333333336,0.0
2018-09-01,6.732916666666667,22.040833333333335,3.2845833333333334,,28.772499999999997,64.76416666666667,27.646666666666665,,0.4875,48.083333333333336,0.0
2018-09-02,3.2420833333333334,16.578333333333333,14.977083333333333,,19.820833333333333,82.31083333333333,26.63875,,0.4483333333333333,62.375,0.0
2018-09-03,3.72,18.439583333333335,4.70375,,22.16,84.12625,25.87291666666667,,0.4583333333333333,58.5,9.8
2018-09-04,3.0204166666666663,7.23125,2.61375,,10.253333333333332,79.61166666666666,23.123333333333335,,0.2558333333333333,16.833333333333332,3.2
2018-09-05,3.345,5.180208333333334,3.06,,8.522499999999999,80.35375,21.626666666666665,,0.21291666666666667,22.041666666666668,0.0
2018-09-06,4.94625,13.185416666666667,1.7879166666666666,,18.129583333333333,82.32416666666667,21.550416666666667,,0.27708333333333335,23.291666666666668,0.8
2018-09-07,3.329166666666667,19.141666666666666,1.1629166666666666,,22.469166666666666,66.69333333333334,23.51,,0.32583333333333336,27.958333333333332,0.0
2018-09-08,4.9262500000000005,24.095416666666665,3.4625,,29.02125,66.06625,23.784166666666668,,0.3720833333333333,30.333333333333332,0.0
2018-09-09,3.7708333333333335,20.622916666666665,3.45125,,24.390833333333333,70.22833333333334,23.840416666666666,,0.3745833333333333,35.791666666666664,0.0
2018-09-10,4.077083333333333,18.164583333333333,1.9166666666666667,,22.239166666666666,65.67916666666666,24.0125,,0.3325,29.416666666666668,0.0
2018-09-11,4.690833333333333,16.055416666666666,1.54125,,20.747083333333332,68.495,23.377916666666668,48.6,0.3066666666666667,30.875,0.0
2018-09-12,4.4158333333333335,14.58625,2.28375,,19.002916666666668,71.74666666666667,23.578333333333333,50.38958333333333,0.2758333333333333,29.583333333333332,0.0
2018-09-13,5.593333333333334,24.968333333333334,5.81125,,30.562083333333334,71.37083333333332,24.2925,47.145,0.3383333333333333,32.458333333333336,0.0
2018-09-14,7.1812499999999995,27.94,11.948333333333332,,35.12375,78.6675,24.41875,38.21041666666667,0.45249999999999996,41.916666666666664,12.2
2018-09-15,3.327083333333333,12.364166666666668,4.552083333333333,,15.691666666666668,86.85416666666667,24.90375,55.567499999999995,0.3833333333333333,23.625,0.4
2018-09-16,3.002708333333333,5.655208333333333,1.8025,,8.658541666666666,83.34875,23.98,56.72541666666667,0.28375,19.0,0.0
2018-09-17,10.607916666666666,30.948333333333334,5.998333333333334,,41.55458333333333,95.24291666666666,22.481666666666666,30.636666666666667,0.47625,28.583333333333332,1.5999999999999999
2018-09-18,11.772083333333333,32.47416666666667,10.892916666666666,,44.24875,83.24666666666667,27.021666666666665,26.92458333333333,0.65125,34.5,1.5999999999999999
2018-09-19,9.814166666666667,23.78625,2.0258333333333334,,33.599583333333335,59.21875,30.599999999999998,52.69333333333333,0.5079166666666667,27.75,0.0
2018-09-20,9.525833333333333,47.99916666666667,9.607916666666666,,57.525416666666665,72.04625,28.18041666666667,35.55083333333334,0.6666666666666666,52.333333333333336,0.0
2018-09-21,6.326249999999999,18.76875,4.601666666666667,,25.095,88.66458333333333,26.36708333333333,43.495000000000005,0.5041666666666667,34.583333333333336,0.4
2018-09-22,3.1154166666666665,14.782083333333333,3.892916666666667,,17.898333333333333,77.40166666666667,26.80541666666667,77.08583333333333,0.4058333333333333,27.833333333333332,0.0
2018-09-23,3.59125,19.709166666666665,7.595416666666666,,23.299166666666665,76.64708333333333,28.036666666666665,68.79916666666666,0.43083333333333335,34.208333333333336,0.0
2018-09-24,4.385416666666667,19.62395833333333,5.78875,,24.00979166666667,84.80166666666666,27.74291666666667,72.60583333333334,0.5384615384615384,51.291666666666664,4.0
2018-09-25,3.7475,21.979583333333334,3.6808333333333336,,25.72791666666667,79.575,27.694999999999997,83.13041666666666,0.36833333333333335,50.541666666666664,0.0
2018-09-26,4.011666666666667,22.82375,9.107083333333334,,26.83666666666667,73.88291666666667,29.789583333333336,77.55541666666666,0.4695833333333333,60.708333333333336,0.0
2018-09-27,4.549166666666667,18.226666666666667,5.667857142857143,,22.77625,82.82083333333334,28.397916666666664,72.73791666666666,0.4266666666666667,45.416666666666664,4.3999999999999995
2018-09-28,5.415,26.745833333333334,8.938478260869566,,32.16125,95.40500000000002,25.593333333333334,48.159166666666664,0.5066666666666667,29.833333333333332,2.0
2018-09-29,4.385,22.179166666666664,4.155833333333333,,26.562916666666666,91.64999999999999,25.950833333333335,44.88375,0.43625,24.291666666666668,1.6
2018-09-30,3.3970833333333332,19.361666666666668,14.884166666666667,,22.758750000000003,79.90291666666667,28.755416666666665,61.04958333333334,0.4595833333333333,28.125,0.0
2018-10-01,8.580833333333333,39.7175,16.846458333333334,,48.298750000000005,81.31083333333333,28.700833333333332,27.104166666666668,0.49124999999999996,41.625,0.0
2018-10-02,3.9254166666666666,19.190833333333334,2.999333333333333,,23.115416666666665,61.66958333333333,31.3925,65.43833333333333,0.47833333333333333,32.708333333333336,0.0
2018-10-03,5.614999999999999,27.39916666666667,32.087,,33.01291666666666,76.83791666666667,30.560833333333335,82.435,0.5729166666666666,55.708333333333336,0.0
2018-10-04,3.3420833333333335,9.708333333333334,,,13.049166666666666,93.05,27.187083333333334,68.17291666666667,0.39125000000000004,30.0,0.0
2018-10-05,4.946666666666666,14.018333333333333,14.39125,,18.965,88.49708333333332,23.360833333333332,46.62375,0.27708333333333335,14.5,0.0
2018-10-06,6.415833333333333,26.5,11.911818181818182,,32.915416666666665,86.27749999999999,22.28,31.4275,0.36541666666666667,27.25,0.0
2018-10-07,4.08375,17.49875,,,21.585416666666664,87.82583333333334,23.971249999999998,43.99166666666667,0.42,18.916666666666668,0.0
2018-10-08,16.801666666666666,33.93833333333333,,,50.73916666666667,93.73291666666667,25.53708333333333,16.127916666666668,0.5204166666666666,33.625,0.0
2018-10-09,26.229583333333334,37.35791666666667,,,63.58583333333333,95.33916666666666,25.925833333333333,16.364166666666666,0.7158333333333333,38.75,1.2000000000000002
2018-10-10,6.478750000000001,23.898333333333337,,,30.37875,76.94875,29.16416666666667,45.31,0.4716666666666667,32.416666666666664,12.799999999999999
2018-10-11,7.982916666666667,29.65125,,,37.63375,99.23333333333333,24.999583333333334,30.2225,0.5670833333333333,23.25,8.8
2018-10-12,5.703333333333333,19.00708333333333,,,24.709999999999997,96.575,26.164583333333336,34.19541666666667,0.4679166666666667,18.208333333333332,3.2
2018-10-13,8.955833333333333,13.788333333333334,,,22.74083333333333,73.30041666666666,30.785416666666666,47.50083333333333,0.5383333333333333,31.958333333333332,16.8
2018-10-14,4.031041666666667,10.945833333333333,,,14.99875,99.26208333333334,24.345,26.45,0.345,17.208333333333332,5.6
2018-10-15,4.42125,16.105416666666667,,,20.524583333333336,97.21583333333332,23.087083333333336,29.296666666666667,0.26458333333333334,15.75,2.2
2018-10-16,5.325,20.64125,,,25.972083333333334,93.12875000000001,24.36375,32.690416666666664,0.345,17.416666666666668,0.2
2018-10-17,7.208333333333333,27.83583333333333,,,35.04333333333333,88.11333333333334,27.124583333333334,33.03625,0.37166666666666665,25.0,0.0
2018-10-18,9.09125,34.206250000000004,,,43.29583333333333,89.53708333333333,28.2,32.010416666666664,0.5354166666666667,37.541666666666664,0.0
2018-10-19,3.4077083333333333,7.7437499999999995,,,10.421666666666667,96.745,25.95958333333333,62.13666666666666,0.29375,22.0,11.8
2018-10-20,3.4077777777777776,7.684722222222222,,,11.09,66.7075,24.105,57.180416666666666,0.19541666666666668,22.291666666666668,0.8
2018-10-21,4.007083333333333,12.852916666666667,,,16.845,74.0175,22.420833333333334,44.497083333333336,0.2554166666666667,23.75,0.0
2018-10-22,4.324583333333334,19.157916666666665,,,23.47458333333333,65.01708333333333,25.83125,52.80416666666667,0.30291666666666667,33.5,0.0
2018-10-23,4.44625,17.113333333333333,,,21.563333333333333,73.13541666666667,27.669166666666666,64.25916666666667,0.43,38.541666666666664,0.0
2018-10-24,3.75625,9.384166666666667,,,13.139583333333334,92.41250000000001,25.445833333333336,63.32833333333334,0.30375,27.5,1.0
2018-10-25,12.040833333333333,34.39666666666667,,,46.43958333333333,99.25583333333333,23.775000000000002,23.497500000000002,0.5416666666666666,20.125,11.2
2018-10-26,9.510416666666666,31.862916666666667,,,41.37375,96.72916666666667,24.985833333333332,27.320833333333336,0.54875,27.875,0.0
2018-10-27,6.433333333333334,14.721666666666666,,,21.154166666666665,81.56041666666667,28.586249999999996,50.659166666666664,0.44249999999999995,16.833333333333332,5.0
2018-10-28,3.0310526315789477,4.917368421052632,,,7.9478947368421045,76.8925,24.4375,56.06041666666667,0.205,25.875,0.8
2018-10-29,5.084791666666667,21.124583333333334,,,26.206875,89.98958333333333,21.8175,34.375416666666666,0.2775,21.208333333333332,0.6000000000000001
2018-10-30,6.29,26.096249999999998,5.71125,,32.384166666666665,77.56708333333333,25.58791666666667,45.34708333333333,0.37916666666666665,36.375,0.0
2018-10-31,4.67375,21.97458333333333,8.367916666666668,,26.652083333333334,74.49333333333334,29.495833333333334,62.55458333333333,0.42041666666666666,39.708333333333336,0.0
2018-11-01,4.5512500000000005,13.418750000000001,3.8533333333333335,,17.970833333333335,75.07208333333334,28.780416666666667,61.701249999999995,0.3933333333333333,34.333333333333336,0.0
2018-11-02,2.61625,9.440833333333332,3.0262499999999997,,12.057916666666666,83.81083333333333,26.292083333333334,60.21416666666667,0.30333333333333334,21.875,0.0
2018-11-03,3.8679166666666664,18.9525,3.605833333333333,,22.821250000000003,68.44416666666667,31.510416666666668,59.89625,0.4283333333333333,36.916666666666664,0.0
2018-11-04,2.9341666666666666,5.8062499999999995,0.6391666666666667,,8.740833333333333,90.43708333333335,26.0575,56.964166666666664,0.26416666666666666,14.708333333333334,12.4
2018-11-05,3.5833333333333335,8.706666666666667,0.24875,,12.28875,93.88791666666667,22.615416666666665,43.678333333333335,0.21416666666666664,17.916666666666668,3.4
2018-11-06,4.887291666666667,16.082916666666666,2.095833333333333,,20.97041666666667,87.36833333333334,24.939999999999998,41.14333333333334,0.31958333333333333,22.833333333333332,0.0
2018-11-07,5.22,11.63,5.4941666666666675,,16.846666666666668,87.78916666666667,26.392083333333332,41.29416666666666,0.30041666666666667,20.5,26.2
2018-11-08,14.459166666666667,26.81375,1.4504166666666667,,41.272708333333334,99.24000000000001,22.60625,20.26875,0.4483333333333333,7.458333333333333,12.799999999999999
2018-11-09,5.012083333333333,16.091666666666665,1.2925,,21.105,98.01625,23.49625,35.16375,0.31083333333333335,12.791666666666666,0.0
2018-11-10,6.40875,19.66125,7.795833333333333,,26.068749999999998,85.12958333333334,26.8325,41.88666666666666,0.42041666666666666,17.958333333333332,0.0
2018-11-11,5.927083333333333,19.833333333333332,2.5454166666666667,,25.761666666666667,80.24333333333333,28.517916666666665,42.732499999999995,0.4633333333333333,26.208333333333332,0.0
2018-11-12,7.01625,19.9275,5.853750000000001,,26.942916666666665,84.74958333333333,28.232083333333335,52.04,0.32199999999999995,37.125,0.0
2018-11-13,4.91125,18.48375,5.0808333333333335,,23.395833333333332,74.045,30.565833333333334,41.590833333333336,,28.541666666666668,0.0
2018-11-14,4.8575,16.655833333333334,5.579583333333333,,21.51625,64.2925,32.903333333333336,46.19208333333333,,29.333333333333332,0.0
2018-11-15,2.8645833333333335,6.407916666666666,0.6208333333333333,,9.269583333333333,69.35000000000001,30.819999999999997,70.48125,,22.041666666666668,0.0
2018-11-16,3.1916666666666664,7.8625,3.557916666666667,,11.05375,96.62083333333334,25.935833333333335,52.27583333333333,,21.75,0.0
2018-11-17,3.3504166666666664,13.707500000000001,,,17.05666666666667,76.63791666666667,26.926666666666666,52.26666666666667,,30.666666666666668,0.0
2018-11-18,3.435,12.632916666666667,,,16.066666666666666,62.6025,31.880416666666665,39.22708333333333,,23.916666666666668,0.0
2018-11-19,3.497916666666667,8.574583333333333,2.46,,12.073333333333332,95.10291666666666,24.125833333333333,37.419,,10.75,0.0
2018-11-20,4.881666666666667,19.684583333333332,5.667916666666667,,24.5575,99.18291666666666,20.299583333333334,32.46375,,13.6,0.0
2018-11-21,18.12666666666667,33.663333333333334,3.4122916666666665,,51.78666666666667,97.18583333333333,23.127499999999998,23.459999999999997,,30.791666666666668,0.0
2018-11-22,30.178571428571427,30.376428571428573,12.057916666666666,,60.55214285714286,71.81083333333333,28.86791666666667,38.35916666666667,,37.041666666666664,4.0
2018-11-23,9.446944444444446,26.204166666666666,3.5725,,35.649166666666666,66.67916666666666,30.522499999999997,38.905,0.44979166666666665,29.375,4.6
2018-11-24,9.53,33.68,4.231041666666667,,43.21041666666667,66.65458333333333,29.452916666666667,37.565,0.5445833333333333,24.958333333333332,0.0
2018-11-25,3.9920833333333334,11.362083333333333,4.446666666666666,,15.352916666666667,66.90541666666667,29.27625,70.04125,0.41875,15.041666666666666,3.2
2018-11-26,7.1120833333333335,18.254166666666666,0.8570833333333333,,25.36583333333333,99.36250000000001,24.17833333333333,48.217083333333335,0.39916666666666667,13.833333333333334,4.0
2018-11-27,8.13875,18.562916666666666,3.181875,,26.697916666666668,94.24166666666667,24.738333333333333,38.217083333333335,0.5320833333333334,25.333333333333332,0.0
2018-11-28,6.488333333333333,21.16625,5.183958333333333,,27.6525,79.33916666666667,27.468333333333334,57.190416666666664,0.5358333333333333,21.916666666666668,0.0
2018-11-29,8.454166666666667,42.70208333333333,6.169375,,51.15208333333334,72.88666666666667,29.313333333333333,72.41041666666666,0.6974999999999999,35.875,0.0
2018-11-30,8.177708333333333,34.86625,3.8352083333333336,,43.03791666666667,66.23291666666667,31.00125,71.27333333333333,0.7745833333333333,36.708333333333336,0.0
2018-12-01,6.609166666666667,20.4875,5.255,,27.09583333333333,78.87291666666667,28.189166666666665,68.16916666666667,0.6429166666666667,15.458333333333334,1.0
2018-12-02,3.9716666666666662,11.999583333333334,1.465,,15.863750000000001,83.93124999999999,27.75,67.1275,0.45458333333333334,14.583333333333334,2.2
2018-12-03,8.071875,21.683125,3.1186956521739133,,29.758333333333336,93.75,25.297083333333333,41.74208333333333,0.5608333333333333,19.333333333333332,2.2
2018-12-04,9.652708333333333,37.79833333333333,3.9027083333333334,,47.4475,76.57916666666667,28.650000000000002,57.39041666666666,0.5895833333333333,25.708333333333332,0.0
2018-12-05,5.529583333333334,21.57375,3.4893750000000003,,27.104583333333334,81.32833333333333,29.159583333333334,64.43041666666666,0.5633333333333334,28.791666666666668,1.0
2018-12-06,5.732083333333333,14.62375,4.267708333333333,,20.355208333333334,83.29041666666667,26.761666666666667,65.19333333333334,0.5,29.125,0.0
2018-12-07,11.209583333333333,41.49791666666666,4.38375,,52.70291666666666,95.0575,23.630416666666665,36.428333333333335,0.7091666666666666,23.375,6.4
2018-12-08,9.865416666666667,25.305625000000003,7.134166666666666,,35.17,94.21916666666668,21.611666666666665,31.050416666666667,0.57,13.75,1.5999999999999999
2018-12-09,13.760416666666666,24.19875,2.5429166666666667,,37.95583333333334,71.29208333333334,24.224166666666665,38.91125,0.44166666666666665,24.75,0.0
2018-12-10,9.653958333333334,43.490833333333335,3.945,,53.141041666666666,63.14458333333334,28.83583333333333,69.13875,0.7041666666666666,31.833333333333332,0.0
2018-12-11,9.15,42.50208333333333,3.7737499999999997,,51.645833333333336,62.3425,31.01875,58.249583333333334,0.6804166666666668,44.25,0.0
2018-12-12,5.9870833333333335,37.67666666666667,4.332291666666666,,43.661249999999995,50.79583333333333,32.91125,71.90375,0.7154166666666667,34.625,0.0
2018-12-13,4.309375,30.691041666666667,4.7491666666666665,,35.00395833333334,50.14791666666667,33.52291666666667,98.46875,0.6654166666666667,33.166666666666664,0.0
2018-12-14,5.989166666666667,48.06583333333333,6.649583333333333,,54.059583333333336,54.12833333333333,33.14041666666667,100.41041666666666,0.84375,51.666666666666664,0.0
2018-12-15,7.752083333333334,55.82875000000001,4.435208333333333,,63.58291666666667,55.213750000000005,33.87833333333334,96.17416666666666,1.0574999999999999,51.375,0.0
2018-12-16,4.568124999999999,27.263333333333335,2.080625,,31.83375,74.56625,32.22666666666667,75.13083333333333,0.6683333333333333,38.166666666666664,0.0
2018-12-17,7.035416666666666,44.19958333333333,6.989791666666666,,51.23500000000001,68.30583333333333,33.41041666666667,99.51291666666667,0.8445833333333334,51.5,0.0
2018-12-18,4.222916666666666,32.7475,4.8289583333333335,,36.97,52.831250000000004,34.69,79.48041666666667,0.4691666666666667,38.458333333333336,6.8
2018-12-19,3.4295833333333334,11.57625,3.3358333333333334,,15.005833333333333,70.34458333333333,31.89833333333333,76.96416666666667,0.25125000000000003,28.791666666666668,0.0
2018-12-20,4.201666666666667,24.5275,11.290625,,28.72875,70.20833333333333,32.95875,74.89416666666666,0.42166666666666663,51.291666666666664,0.0
2018-12-21,3.99625,28.935,6.679375,,32.93125,73.07583333333334,31.497083333333332,49.29416666666666,0.49333333333333335,56.875,0.0
2018-12-22,2.6525000000000003,14.558749999999998,3.7522916666666664,,17.210833333333333,59.05458333333333,33.723333333333336,79.03750000000001,0.29791666666666666,35.0,0.0
2018-12-23,2.6374999999999997,9.874583333333334,3.5972916666666666,,12.511249999999999,64.87666666666667,32.009166666666665,58.89458333333334,0.3175,26.666666666666668,0.0
2018-12-24,3.5654166666666662,13.817916666666667,3.5968750000000003,,17.385416666666668,89.97041666666667,28.140416666666667,30.974999999999998,0.3145833333333333,24.708333333333332,12.8
2018-12-25,3.045833333333333,7.608333333333333,4.782631578947369,,10.655,83.94666666666667,27.16125,22.202083333333334,0.19041666666666668,15.666666666666666,0.0
2018-12-26,9.84875,24.758750000000003,0.9504347826086956,,34.60875,95.75125000000001,25.592916666666667,12.060416666666667,0.3825,20.25,2.0
2018-12-27,7.245833333333334,20.618750000000002,1.988125,,27.864583333333332,87.56208333333335,26.855833333333333,22.14,0.32541666666666663,20.958333333333332,0.0
2018-12-28,5.8445833333333335,20.514583333333334,2.6939583333333332,,26.359583333333333,79.78791666666667,28.97375,28.654166666666665,0.3575,22.916666666666668,0.0
2018-12-29,2.860416666666667,9.422500000000001,0.9060416666666667,,12.28375,74.38250000000001,30.039583333333336,39.95708333333334,0.26166666666666666,21.375,0.0
2018-12-30,2.6775,11.207083333333335,4.619375,,13.885,75.1025,30.605416666666667,51.9,0.2916666666666667,22.791666666666668,0.0
2018-12-31,3.2137499999999997,17.04,2.1814583333333335,,20.254166666666666,80.01875,30.542083333333334,45.94375,0.4070833333333333,28.333333333333332,0.2
