data,no,no2,so2,pm2_5,nox,ur,temp,o3,co,pm10,chuva
2012-01-01,3.445,24.978333333333335,0.9295833333333333,,28.422083333333333,90.53625,25.922083333333333,41.15541666666667,0.5233333333333333,16.0,14.8
2012-01-02,15.524791666666667,28.406666666666666,0.9162499999999999,,43.96,92.005,23.310833333333335,25.30458333333333,0.32166666666666666,8.9375,25.999999999999996
2012-01-03,25.258125000000003,26.879375,1.5170833333333331,,52.067499999999995,69.74166666666666,25.89125,25.626666666666665,0.2683333333333333,23.666666666666668,0.0
2012-01-04,30.757499999999997,36.49041666666667,5.392916666666667,,67.14125,68.97708333333334,26.705416666666665,41.94416666666667,0.33416666666666667,37.333333333333336,0.0
2012-01-05,31.557083333333335,37.651666666666664,1.2154166666666668,,69.20875,69.95083333333334,27.622083333333332,53.02125,0.34833333333333333,33.916666666666664,0.0
2012-01-06,19.343125,40.75875,2.290833333333333,,60.12708333333333,75.19125,27.365,37.34375,0.3879166666666667,21.208333333333332,23.199999999999996
2012-01-07,8.1,23.198333333333334,1.9079166666666667,,31.300416666666667,67.9225,28.204166666666666,60.100833333333334,0.34708333333333335,15.541666666666666,0.0
2012-01-08,13.756666666666666,41.71375,1.6279166666666667,,55.475833333333334,86.41916666666667,25.61375,56.69583333333333,0.5895833333333333,19.727272727272727,24.0
2012-01-09,28.208333333333332,41.57458333333333,2.1870833333333333,,69.80958333333334,79.82333333333334,25.976666666666663,23.687083333333334,0.3745833333333333,17.833333333333332,0.2
2012-01-10,36.978125,41.94,1.573157894736842,,78.92166666666667,81.34375,25.818749999999998,21.008125,0.44687499999999997,21.458333333333332,13.6
2012-01-11,25.030416666666667,49.97354166666667,2.750208333333333,,75.00145833333333,78.45541666666666,27.109166666666667,27.29041666666667,0.5337500000000001,34.1875,0.0
2012-01-12,38.42729166666667,44.24937500000001,3.06875,,82.71895833333333,67.25083333333333,29.222083333333334,30.471249999999998,0.41500000000000004,33.875,0.0
2012-01-13,36.135625,41.116875,3.615,,77.24770833333334,71.37375,28.657083333333333,23.8828125,0.5027083333333333,31.354166666666668,9.2
2012-01-14,17.933958333333333,32.225,1.4312500000000001,,51.36770833333333,58.775,31.379166666666666,,0.425,23.5625,4.0
2012-01-15,9.473571428571429,22.14071428571429,1.3780000000000001,,31.611428571428572,48.156333333333336,32.69566666666667,45.71454545454546,0.6513333333333333,14.15625,0.0
2012-01-16,14.017000000000001,46.489,5.209,,60.533,77.65090909090908,27.94636363636364,42.49363636363636,0.714,21.833333333333332,0.6
2012-01-17,18.999583333333334,46.48833333333334,3.2441666666666666,,65.50979166666666,74.515,28.8575,84.21958333333333,0.43916666666666665,41.833333333333336,0.0
2012-01-18,15.602708333333332,32.66645833333333,2.917291666666667,,48.25062500000001,71.39458333333333,28.92125,77.9175,0.3104166666666667,32.416666666666664,0.0
2012-01-19,26.575,40.71875,4.6433333333333335,,67.27020833333334,75.09,28.290833333333335,62.965,0.3908333333333333,40.791666666666664,4.6000000000000005
2012-01-20,10.364583333333334,36.72375,2.7579166666666666,,47.09708333333333,69.20416666666667,28.83375,47.6475,0.38916666666666666,30.958333333333332,0.0
2012-01-21,23.753125,45.839375,5.13875,,69.623125,64.55416666666666,30.24083333333333,59.552083333333336,0.44375000000000003,54.0,0.0
2012-01-22,9.75125,34.08833333333333,8.725833333333332,,43.834583333333335,62.9975,30.432083333333335,53.12708333333333,0.4141666666666666,36.75,0.0
2012-01-23,28.732499999999998,39.18416666666666,2.7237500000000003,,67.97083333333333,56.98583333333334,31.8025,34.0875,0.37083333333333335,32.416666666666664,0.0
2012-01-24,38.58416666666667,38.896458333333335,2.936666666666667,,77.45,52.276250000000005,32.27041666666667,25.113333333333333,0.41875,34.666666666666664,0.0
2012-01-25,38.84791666666667,42.84791666666666,3.170833333333333,,81.59333333333333,50.05520833333333,32.842708333333334,23.394375,0.46249999999999997,36.041666666666664,0.0
2012-01-26,4.8133333333333335,23.771666666666665,2.267916666666667,,28.59625,71.43124999999999,28.305000000000003,64.07166666666667,0.32916666666666666,26.875,0.6000000000000001
2012-01-27,9.39875,26.685000000000002,0.8666666666666667,,36.07083333333333,90.27041666666668,23.227083333333336,35.595416666666665,0.32625,5.458333333333333,9.2
2012-01-28,25.541666666666668,34.04291666666666,4.89125,,59.5025,90.00458333333334,22.389166666666668,35.55166666666667,0.34208333333333335,9.473684210526315,7.6000000000000005
2012-01-29,8.125,23.727083333333336,0.9750000000000001,,31.853333333333335,85.1525,23.349999999999998,21.753333333333334,0.37833333333333335,10.166666666666666,4.4
2012-01-30,26.22,29.629583333333333,1.0095833333333333,,55.85874999999999,78.28875000000001,25.0725,25.121666666666666,0.3741666666666667,22.75,0.0
2012-01-31,27.045833333333334,39.70166666666667,4.809583333333333,,66.74583333333334,80.8275,25.862916666666667,29.43416666666667,0.4093333333333333,28.583333333333332,8.8
2012-02-01,41.14145833333333,41.439375,5.038541666666666,,82.56625000000001,65.88958333333333,29.289583333333336,31.803749999999997,0.44214285714285717,29.75,0.2
2012-02-02,32.356249999999996,38.43416666666666,4.785833333333334,,70.83708333333333,61.95583333333334,30.451666666666668,34.685,0.3958333333333333,28.3125,0.0
2012-02-03,34.9975,37.099583333333335,7.489999999999999,,61.732708333333335,57.19375,30.914999999999996,34.97541666666667,0.39375,27.0,0.0
2012-02-04,34.70461538461539,27.306923076923077,2.752291666666667,,61.99769230769231,54.376666666666665,30.90875,31.194999999999997,0.4429166666666666,24.7,0.0
2012-02-05,8.124285714285715,30.00357142857143,3.310416666666667,,38.11214285714285,53.41625,31.604166666666668,40.93958333333334,0.3854166666666667,21.3125,0.0
2012-02-06,31.052083333333332,46.828333333333326,4.640833333333333,,77.80624999999999,53.70041666666666,32.165,40.995416666666664,0.5183333333333333,38.291666666666664,0.0
2012-02-07,26.992291666666663,47.962916666666665,3.3995833333333336,,74.999375,55.10666666666666,31.860833333333332,87.24270833333333,0.551875,47.583333333333336,0.0
2012-02-08,20.18375,42.10791666666667,2.69,,62.348749999999995,55.70083333333333,30.376666666666665,89.51541666666667,0.40375,46.458333333333336,0.0
2012-02-09,29.224999999999998,47.35041666666667,1.9095833333333332,,76.68583333333333,57.708333333333336,31.275833333333335,103.05083333333333,0.45249999999999996,55.916666666666664,0.0
2012-02-10,10.349583333333333,36.875,1.1941666666666666,,47.18958333333333,67.095,30.16333333333333,69.67,0.36466666666666664,45.208333333333336,21.8
2012-02-11,21.2525,38.647083333333335,1.3539999999999999,,59.80458333333333,77.39791666666666,28.446250000000003,50.155833333333334,0.5828571428571429,33.770833333333336,3.8
2012-02-12,4.3213333333333335,31.788666666666664,2.5716666666666668,,36.11066666666667,82.44083333333333,27.28,57.249583333333334,0.4791666666666667,15.6875,23.6
2012-02-13,29.5275,47.949999999999996,3.137083333333333,,77.4525,75.62375,28.682916666666667,46.01,0.4741666666666667,28.75,0.0
2012-02-14,42.13708333333333,39.6725,3.02,,81.98833333333333,64.21916666666667,30.08458333333333,45.649166666666666,0.33125,34.875,0.0
2012-02-15,27.109583333333333,35.725833333333334,2.1062499999999997,,62.767500000000005,61.22291666666666,29.922083333333333,39.767916666666665,0.325,28.833333333333332,0.0
2012-02-16,27.71666666666667,34.51833333333333,2.5475,,62.29,63.83541666666667,29.060833333333335,33.77,0.26375,26.333333333333332,0.0
2012-02-17,36.98041666666666,37.02875,3.0716666666666668,,73.96833333333333,63.65541666666667,29.599166666666665,45.30916666666667,0.33125,30.833333333333332,0.0
2012-02-18,12.982916666666666,31.677083333333332,3.3579166666666667,,44.66083333333333,58.88291666666667,30.065416666666664,52.89333333333334,0.29875,26.791666666666668,0.0
2012-02-19,11.496666666666668,30.77125,0.8733333333333334,,42.26333333333333,59.81666666666666,30.552083333333332,28.332916666666666,0.3825,24.916666666666668,0.0
2012-02-20,9.795416666666666,30.67375,1.6595833333333332,,40.47375,57.2075,30.99,45.96666666666666,0.32166666666666666,29.020833333333332,0.0
2012-02-21,11.043750000000001,27.810624999999998,1.425,,38.85604166666666,53.625,30.469583333333333,45.48333333333333,0.2989583333333333,26.875,0.0
2012-02-22,27.56625,33.317083333333336,1.8845833333333333,,60.9,52.9725,31.555000000000003,59.362,0.2941666666666667,23.6875,0.0
2012-02-23,18.856666666666666,30.842083333333335,3.2624999999999997,,49.69375,53.75875,31.346666666666668,89.47250000000001,0.29625,23.604166666666668,0.0
2012-02-24,14.191666666666668,36.62166666666666,3.5677083333333335,,51.22708333333333,65.87875,29.9175,71.55541666666666,0.33770833333333333,35.729166666666664,0.0
2012-02-25,15.246666666666668,41.179375,0.5147916666666666,,56.44145833333334,65.630625,30.547291666666666,77.590625,0.4510416666666666,40.458333333333336,0.0
2012-02-26,13.780000000000001,42.74458333333333,0.5220833333333333,,56.41,51.10208333333333,32.94541666666667,41.10458333333333,0.5016666666666666,41.625,0.0
2012-02-27,5.04625,30.462500000000002,0.027708333333333335,,35.50333333333334,65.67125,30.416666666666668,80.48354166666667,0.26895833333333335,34.208333333333336,0.0
2012-02-28,27.19,39.41875,1.51375,,68.681875,66.03933333333333,30.784,100.521875,0.379375,48.23529411764706,0.0
2012-02-29,39.88041666666667,60.96208333333333,0.49875,,103.74583333333334,57.27791666666667,31.50125,45.01916666666667,0.5,55.875,0.0
2012-03-01,23.99791666666667,59.54145833333333,0.10277777777777779,,83.544375,48.97104166666667,32.69708333333333,69.20208333333333,0.5125000000000001,61.458333333333336,0.0
2012-03-02,26.002916666666668,54.40375,0.11499999999999999,,80.46916666666667,54.81125,31.536875,87.19833333333332,0.48833333333333334,60.416666666666664,0.0
2012-03-03,1.893125,21.271875,0.0,,23.1634375,73.84125,29.189375000000002,68.865625,0.31,25.058823529411764,0.0
2012-03-04,5.355416666666667,23.30125,0.0,,28.651666666666667,84.49208333333333,26.85375,32.95166666666667,0.3233333333333333,10.479166666666666,0.0
2012-03-05,25.851250000000004,33.33041666666667,0.3325,,59.166666666666664,67.30499999999999,29.124583333333334,50.07083333333333,0.3520833333333333,25.25,0.0
2012-03-06,27.749583333333334,34.775416666666665,0.71125,,62.39833333333333,63.73375000000001,29.27625,42.259375,0.29458333333333336,27.083333333333332,0.0
2012-03-07,24.25708333333333,30.256249999999998,0.8083333333333332,,54.513749999999995,64.70541666666666,28.55666666666667,40.73708333333333,0.22708333333333333,21.833333333333332,0.0
2012-03-08,35.107083333333335,41.015,2.419166666666667,,76.11541666666666,64.18291666666667,28.768958333333334,46.41958333333333,0.3758333333333333,31.229166666666668,0.0
2012-03-09,35.509791666666665,48.642500000000005,4.043684210526315,,84.09083333333334,65.47916666666667,28.974999999999998,60.138958333333335,0.3794736842105263,41.9,0.0
2012-03-10,16.607916666666668,53.41083333333333,7.004117647058823,,70.02875,64.01708333333333,28.883750000000003,61.01166666666666,0.5576470588235294,52.888888888888886,0.0
2012-03-11,9.0975,34.9325,4.388333333333333,,44.0275,56.56833333333333,29.638333333333335,49.30291666666667,0.3804166666666667,34.729166666666664,0.0
2012-03-12,33.358333333333334,50.26791666666667,2.198958333333333,,83.7175,68.38,28.6425,75.765,0.4375,31.458333333333332,16.799999999999997
2012-03-13,25.099999999999998,47.742916666666666,4.065625,,72.81541666666666,66.97458333333334,29.027916666666666,48.852916666666665,0.435,30.229166666666668,0.6
2012-03-14,20.390833333333333,40.89854166666667,1.961875,,61.29666666666666,65.14,29.944166666666664,37.56166666666667,0.4254166666666667,24.583333333333332,23.2
2012-03-15,12.58,28.75583333333333,1.1510416666666667,,41.32583333333333,70.73666666666666,29.047083333333333,71.51,0.29875,20.895833333333332,2.2
2012-03-16,8.14625,33.391666666666666,0.130625,,41.553333333333335,82.88916666666667,25.77125,64.95791666666666,0.33708333333333335,18.25,5.8
2012-03-17,7.3445833333333335,24.41125,0.10666666666666667,,31.768333333333334,78.84333333333333,26.259583333333335,28.29625,0.19666666666666666,22.604166666666668,1.0
2012-03-18,9.285,22.85625,0.09104166666666667,,34.03875,74.85708333333334,25.370416666666667,28.300416666666667,0.2754166666666667,14.416666666666666,2.8000000000000003
2012-03-19,46.36375,44.01833333333334,2.520208333333333,,96.23333333333333,68.28,26.711250000000003,22.974166666666665,0.41375,33.833333333333336,0.0
2012-03-20,37.41020833333334,45.70291666666666,2.76375,,89.16083333333334,66.80875,27.993750000000002,29.12708333333333,0.3745833333333333,40.354166666666664,0.0
2012-03-21,38.10125,48.281666666666666,6.024166666666666,,86.37875000000001,63.86666666666667,29.684166666666666,33.310833333333335,0.4170833333333333,42.916666666666664,0.0
2012-03-22,28.38,48.55833333333334,2.859375,,76.93708333333333,61.440416666666664,30.827083333333334,39.544583333333335,0.43124999999999997,41.75,27.4
2012-03-23,17.276666666666667,41.625416666666666,2.9158333333333335,,58.8525,78.02208333333333,27.602083333333336,61.931666666666665,0.42124999999999996,21.25,19.6
2012-03-24,12.542916666666665,37.01625,0.9945833333333333,,49.54916666666667,77.90166666666667,28.063333333333333,60.81791666666667,0.4791666666666667,16.791666666666668,11.0
2012-03-25,8.205,38.24666666666667,5.267916666666667,,46.4575,76.20791666666666,28.573333333333334,83.20291666666667,0.4920833333333334,30.541666666666668,0.0
2012-03-26,31.957916666666666,52.5075,7.1379166666666665,,84.39583333333333,72.64291666666666,29.962083333333336,63.802083333333336,0.5033333333333333,40.125,0.0
2012-03-27,36.3525,45.212916666666665,1.2089583333333334,,81.55708333333334,71.50708333333334,29.768333333333334,43.05041666666667,0.5404166666666667,41.791666666666664,0.0
2012-03-28,9.700000000000001,31.70375,0.15666666666666665,,41.40916666666667,86.70541666666666,25.057083333333335,45.86083333333334,0.3183333333333333,13.958333333333334,61.599999999999994
2012-03-29,40.36541666666667,46.18291666666667,0.17500000000000002,,86.56333333333333,82.08291666666666,24.042083333333334,22.242500000000003,0.4345833333333333,18.895833333333332,25.599999999999998
2012-03-30,23.8,40.71,0.67,,64.5025,76.51208333333334,26.545416666666668,31.29125,0.3541666666666667,30.75,0.0
2012-03-31,12.88125,31.965833333333336,0.2025,,44.84125,80.23416666666667,26.4725,32.81666666666667,0.3666666666666667,18.041666666666668,9.4
2012-04-01,19.27625,27.204583333333332,0.011250000000000001,,46.46541666666667,74.8725,26.208333333333332,32.48083333333333,0.48,21.1875,0.0
2012-04-02,44.67083333333334,46.41166666666667,7.3254166666666665,,90.90708333333333,71.14583333333333,27.74291666666667,49.882083333333334,0.5383333333333333,38.916666666666664,0.0
2012-04-03,18.12666666666667,48.536249999999995,2.6404166666666664,,66.67625,74.345,28.576666666666668,44.90625,0.46125,45.020833333333336,0.0
2012-04-04,44.89833333333333,54.21958333333333,2.5875,,99.08749999999999,67.76125,29.609166666666667,39.08833333333333,0.4920833333333334,53.541666666666664,50.199999999999996
2012-04-05,24.27,41.25,0.6108333333333333,,65.51208333333334,73.05083333333333,28.73375,48.16166666666666,0.47500000000000003,27.041666666666668,21.6
2012-04-06,5.484166666666667,27.295,0.28250000000000003,,32.78208333333333,71.50541666666666,28.567916666666665,59.122083333333336,0.27666666666666667,22.375,0.0
2012-04-07,11.285833333333334,34.21458333333333,0.10416666666666667,,45.486250000000005,77.655,27.390833333333333,47.781666666666666,0.3695833333333333,23.458333333333332,0.0
2012-04-08,12.768749999999999,40.925000000000004,1.8185416666666667,,53.67875,70.87875,29.00125,58.458333333333336,0.4891666666666667,32.333333333333336,0.0
2012-04-09,9.62375,34.73458333333333,0.3614583333333334,,44.35708333333333,80.29125,27.3425,56.67250000000001,0.3875,28.541666666666668,3.1999999999999997
2012-04-10,34.48583333333333,44.99541666666667,2.1091666666666664,,79.47291666666666,74.76708333333333,27.432916666666667,31.549166666666665,0.3729166666666666,25.583333333333332,0.4
2012-04-11,27.067083333333333,41.29,0.49333333333333335,,68.36666666666666,69.06083333333333,28.8475,33.138333333333335,0.345,22.875,0.0
2012-04-12,35.58416666666667,43.573125000000005,2.1808333333333336,,79.12208333333334,66.33208333333333,29.688333333333333,29.00791666666667,0.43624999999999997,30.208333333333332,0.0
2012-04-13,39.16916666666666,39.38166666666667,0.7166666666666667,,78.55541666666666,68.72083333333333,29.23125,37.85958333333333,0.3620833333333333,30.625,0.0
2012-04-14,28.341250000000002,46.81791666666666,2.0554166666666664,,75.19250000000001,70.47958333333334,29.689999999999998,76.17,0.5104166666666666,48.875,0.0
2012-04-15,11.453333333333333,36.342083333333335,0.35375,,47.80666666666667,69.58041666666666,29.835833333333337,49.54416666666666,0.47333333333333333,44.583333333333336,0.0
2012-04-16,15.79125,30.54041666666667,0.28125,,46.3325,80.36583333333333,25.53,28.206666666666667,0.35125,15.041666666666666,9.4
2012-04-17,34.30895833333333,30.88083333333333,1.26,,65.188125,73.56916666666667,25.776666666666667,13.71,0.6713333333333333,23.8125,17.6
2012-04-18,36.8375,42.475833333333334,0.9070833333333334,,79.38250000000001,67.63166666666667,26.239166666666666,25.978333333333335,0.14541666666666667,30.875,0.0
2012-04-19,32.8,47.56583333333333,1.6295833333333334,,80.37166666666666,63.54541666666666,26.75208333333333,32.08416666666667,0.32708333333333334,29.294117647058822,0.0
2012-04-20,33.80708333333333,53.03583333333333,2.8177083333333335,,86.84916666666668,65.61375,26.997500000000002,30.19875,0.45166666666666666,46.166666666666664,0.0
2012-04-21,13.995833333333332,49.79,1.6508333333333332,,63.78458333333333,78.7675,26.06958333333333,31.245416666666667,0.4283333333333333,43.666666666666664,9.8
2012-04-22,10.589166666666666,32.660833333333336,0.01916666666666667,,43.249583333333334,87.84333333333332,24.099999999999998,21.794583333333332,0.29833333333333334,15.583333333333334,28.6
2012-04-23,18.903333333333332,27.08666666666667,0.7824999999999999,,45.98541666666667,79.64999999999999,24.782916666666665,23.509583333333335,0.2820833333333333,18.666666666666668,3.2
2012-04-24,50.935833333333335,34.479791666666664,0.4952083333333333,,85.455,76.75083333333333,25.485416666666666,32.61666666666667,0.48020833333333335,38.3125,0.0
2012-04-25,50.509166666666665,47.930416666666666,1.9691666666666665,,98.615,71.42166666666667,26.87625,33.276666666666664,0.51375,41.041666666666664,0.0
2012-04-26,51.88666666666666,45.41583333333333,1.3041666666666667,,97.36416666666666,71.06916666666667,28.332916666666666,16.440416666666668,0.5433333333333333,52.333333333333336,1.0
2012-04-27,15.504583333333334,32.18875,0.1321875,,47.70083333333333,78.81083333333333,26.599166666666665,23.837500000000002,0.3095833333333333,19.041666666666668,3.4
2012-04-28,33.406666666666666,34.95083333333333,0.09065217391304348,,68.42666666666666,79.98583333333333,25.366249999999997,22.287499999999998,0.3529166666666667,17.791666666666668,5.800000000000001
2012-04-29,19.78291666666667,32.08041666666667,0.026041666666666668,,51.876666666666665,77.98208333333334,25.110416666666666,12.718333333333334,0.43083333333333335,21.270833333333332,23.8
2012-04-30,13.914166666666667,33.43125,0.0,,47.33958333333334,91.6825,22.655,13.552083333333334,0.31875000000000003,12.041666666666666,99.0
2012-05-01,5.215416666666667,26.662916666666664,0.1970833333333333,,31.879166666666666,80.64375,20.86375,34.07666666666667,0.24458333333333335,14.583333333333334,41.0
2012-05-02,62.14625,39.91375,1.1019999999999999,,102.1625,80.0190909090909,19.331818181818182,1.5411111111111113,0.399,25.083333333333332,0.0
2012-05-03,34.190666666666665,32.029333333333334,2.1843333333333335,,66.23133333333334,72.76466666666667,24.723333333333336,25.240666666666666,0.4206666666666667,25.25,0.0
2012-05-04,47.73916666666667,39.3025,1.7783333333333333,,87.01958333333333,78.78875000000001,24.162499999999998,15.813749999999999,0.48125,30.604166666666668,2.4
2012-05-05,64.65458333333333,44.43291666666667,3.2145833333333336,,109.07291666666667,72.87375,25.12708333333333,24.737916666666667,0.49875,28.5625,0.0
2012-05-06,32.88666666666666,34.95458333333333,2.0575,,67.8025,71.11333333333333,25.245833333333334,27.230833333333333,0.45375000000000004,27.125,0.0
2012-05-07,59.07708333333334,42.655,1.9172916666666666,,101.70291666666667,72.35833333333333,24.29375,18.777916666666666,0.33625,27.583333333333332,0.0
2012-05-08,58.606249999999996,46.86916666666667,1.8610416666666667,,105.44583333333333,78.895,23.26,8.8925,0.44458333333333333,40.083333333333336,0.0
2012-05-09,55.06916666666667,51.90958333333333,3.373125,,107.00708333333334,70.41354166666666,25.00645833333333,14.118333333333332,0.28750000000000003,34.833333333333336,0.0
2012-05-10,55.24333333333333,61.70375000000001,7.37875,,116.89583333333333,68.4425,25.84,19.685,0.4370833333333333,45.875,0.0
2012-05-11,86.52625,61.115,5.0175,,147.695,61.14166666666667,27.697916666666668,15.235833333333334,0.6329166666666667,58.916666666666664,0.0
2012-05-12,61.20708333333334,63.87041666666667,3.035625,,125.15083333333332,63.33833333333333,27.22875,16.429583333333333,0.5029166666666667,51.083333333333336,0.0
2012-05-13,9.770833333333334,40.24208333333333,0.9466666666666667,,50.01208333333333,86.19875,23.56833333333333,22.537499999999998,0.42124999999999996,22.5625,35.8
2012-05-14,35.684374999999996,47.721875000000004,3.2770833333333336,,83.53,88.98312499999999,20.966041666666666,12.61875,0.37604166666666666,18.583333333333332,38.0
2012-05-15,44.22666666666667,51.37708333333333,1.2745833333333334,,95.585,86.7275,20.590833333333332,9.37375,0.419375,20.333333333333332,8.0
2012-05-16,35.20875,38.33875,1.7874999999999999,,73.54125,85.35625,21.319583333333334,14.711666666666666,0.3204166666666667,17.333333333333332,8.8
2012-05-17,23.39625,33.44708333333333,2.0239583333333333,,56.86291666666667,82.385,22.3125,19.51125,0.3254166666666667,13.375,31.0
2012-05-18,53.617916666666666,37.385,2.5677083333333335,,90.89958333333334,79.25,22.1925,15.200000000000001,0.49124999999999996,30.770833333333332,0.0
2012-05-19,65.84958333333334,42.22708333333333,3.338125,,108.05,71.3925,22.562916666666666,16.71875,0.4841666666666667,36.166666666666664,0.0
2012-05-20,21.777916666666666,40.910000000000004,10.623333333333333,,62.6775,64.47291666666666,23.45,30.957083333333333,0.3854166666666667,30.416666666666668,0.0
2012-05-21,52.23197916666666,47.018229166666664,4.025520833333333,,99.23604166666667,66.90354166666667,23.641875,23.3528125,0.38052083333333336,32.291666666666664,0.0
2012-05-22,56.646562499999995,53.68635416666667,5.109895833333334,,110.25270833333333,68.01166666666667,24.018125,3.9648611111111114,0.4690625,45.208333333333336,0.0
2012-05-23,68.96333333333332,52.58166666666667,5.9875,,121.43708333333335,71.53083333333333,23.966250000000002,17.512916666666666,0.5304166666666666,49.208333333333336,0.0
2012-05-24,78.48354166666667,56.16229166666667,6.092083333333334,,134.63166666666666,73.25958333333334,23.63208333333333,9.767916666666666,0.69375,69.3125,0.0
2012-05-25,98.16125,53.48458333333334,5.85625,,151.62916666666666,70.93583333333333,24.93541666666667,5.82375,0.8629166666666667,77.72916666666667,0.0
2012-05-26,23.631666666666664,34.77333333333333,3.1097916666666667,,58.41625,61.92291666666667,26.75125,36.490833333333335,0.27708333333333335,35.166666666666664,0.0
2012-05-27,9.854583333333332,36.335,3.1483333333333334,,46.193333333333335,70.79666666666667,25.04041666666667,35.3525,0.53875,40.291666666666664,0.0
2012-05-28,41.48083333333333,57.82375,5.56625,,99.3075,67.6375,26.20041666666667,20.763749999999998,0.63875,61.25,0.0
2012-05-29,71.81041666666667,80.136875,3.6725,,151.85104166666667,67.54791666666667,27.628333333333334,15.745208333333332,0.8345833333333333,77.5,0.0
2012-05-30,59.60125,67.52979166666667,2.9814583333333338,,127.16812499999999,62.72541666666667,28.504583333333333,15.295208333333333,0.73625,55.770833333333336,0.0
2012-05-31,35.41291666666667,41.127916666666664,1.0597916666666667,,76.59333333333333,74.6275,25.959999999999997,19.113333333333333,0.36874999999999997,37.770833333333336,0.0
2012-06-01,29.396666666666665,46.871874999999996,0.6572916666666666,,76.27770833333334,83.83166666666666,24.741249999999997,9.117083333333333,0.43062500000000004,39.458333333333336,4.4
2012-06-02,26.55875,51.572916666666664,0.72375,,78.10166666666667,79.845,26.11125,22.48125,0.4395833333333334,30.604166666666668,18.6
2012-06-03,23.043333333333333,45.12708333333333,0.9104166666666668,,68.15958333333333,66.535,28.27416666666667,15.159166666666666,0.6516666666666667,30.708333333333332,0.0
2012-06-04,43.125416666666666,58.28875,3.0279166666666666,,101.38333333333333,57.645,29.665000000000003,14.92125,0.63625,40.041666666666664,0.0
2012-06-05,37.479166666666664,53.65375,0.5358333333333333,,91.15166666666666,74.20333333333333,27.015416666666667,17.150000000000002,0.5904166666666667,41.5,0.6
2012-06-06,26.87375,44.27166666666667,0.5208333333333334,,71.07333333333334,86.73666666666666,24.53375,13.3025,0.4575,23.916666666666668,3.2
2012-06-07,8.803333333333333,29.22458333333333,0.11625,,38.02875,91.10916666666667,22.44875,13.737916666666669,0.345,13.0,40.599999999999994
2012-06-08,25.265833333333333,44.51499999999999,0.9016666666666667,,69.77,88.96708333333333,20.967916666666667,13.6625,0.45541666666666664,16.916666666666668,4.4
2012-06-09,21.195833333333333,48.352916666666665,1.0460416666666668,,69.54541666666667,92.97166666666668,21.024166666666666,10.884166666666667,0.42375,6.0625,53.599999999999994
2012-06-10,21.237916666666667,45.401250000000005,0.7870833333333334,,66.61291666666666,82.59708333333333,22.310000000000002,11.652916666666668,0.42041666666666666,18.208333333333332,0.0
2012-06-11,69.05125,54.626666666666665,2.3054166666666664,,123.64,78.48,22.53833333333333,6.937083333333334,0.5279166666666667,24.25,16.4
2012-06-12,53.80770833333333,39.64895833333333,3.8489583333333335,,93.51187499999999,78.01208333333334,23.167083333333334,14.424583333333333,0.574375,27.958333333333332,0.0
2012-06-13,62.124583333333334,57.04291666666666,4.507708333333333,,119.17312499999998,76.94583333333334,24.46104166666667,14.267291666666667,0.7566666666666667,54.0625,0.0
2012-06-14,40.38041666666667,53.63666666666666,6.72375,,94.05416666666666,72.82291666666667,25.391666666666666,18.267083333333336,0.5158333333333334,51.75,0.0
2012-06-15,55.60041666666667,60.37166666666667,5.689583333333334,,115.97375,72.26833333333333,24.976249999999997,14.232083333333334,0.71375,61.75,0.0
2012-06-16,68.03208333333333,52.911249999999995,3.452916666666667,,121.77958333333333,65.32916666666667,25.574166666666667,12.408333333333333,0.7504166666666666,52.541666666666664,0.0
2012-06-17,19.61541666666667,38.76416666666667,1.865,,58.37958333333333,76.34416666666667,23.745,26.129583333333333,0.42874999999999996,37.5,0.0
2012-06-18,59.990833333333335,64.80166666666666,13.28375,,125.73375,68.845,25.494583333333335,21.17791666666667,0.80875,83.5625,0.0
2012-06-19,26.168541666666666,52.29083333333333,3.7600000000000002,,78.45229166666667,62.72854166666667,26.635416666666668,13.724791666666667,0.38395833333333335,56.208333333333336,0.0
2012-06-20,56.58958333333334,60.58833333333333,5.16,,117.19208333333334,85.89375,24.01125,2.336666666666667,0.7912500000000001,65.5,6.4
2012-06-21,16.751250000000002,32.89041666666667,1.4833333333333334,,50.163333333333334,89.04,23.892083333333332,14.15,0.34,17.5,40.8
2012-06-22,23.394583333333333,39.42166666666667,2.290833333333333,,62.82750000000001,86.06375000000001,23.47583333333333,10.388333333333334,0.40958333333333335,18.958333333333332,46.400000000000006
2012-06-23,7.116315789473685,30.134210526315787,0.6326315789473684,,37.25684210526316,74.24105263157894,22.70736842105263,27.675789473684212,0.2642105263157895,20.375,0.0
2012-06-24,28.984583333333333,37.47,1.3812499999999999,,66.45458333333333,76.08624999999999,22.906666666666666,18.54125,0.7120833333333333,48.833333333333336,0.0
2012-06-25,27.51875,35.69291666666667,1.87125,,63.20166666666666,79.83958333333332,22.79875,22.076666666666668,0.3545833333333333,32.666666666666664,0.0
2012-06-26,31.929999999999996,34.60708333333333,2.2045833333333333,,66.51375,84.94916666666667,22.299583333333334,18.815,0.7045833333333333,38.875,19.0
2012-06-27,60.08541666666667,25.144583333333333,4.710208333333333,,85.20125,74.285,22.909166666666668,9.365,0.7079166666666666,57.333333333333336,0.0
2012-06-28,62.9075,27.690416666666668,5.074583333333333,,90.575,72.74041666666666,24.224999999999998,9.012083333333333,0.6970833333333334,59.291666666666664,0.0
2012-06-29,59.708124999999995,27.985,5.009705882352941,,87.69083333333333,67.33583333333333,25.2775,8.005208333333334,0.8604166666666666,62.145833333333336,0.0
2012-06-30,71.10541666666667,25.076458333333335,3.6808333333333336,,96.18833333333333,62.732708333333335,25.478333333333335,18.275000000000002,0.915625,73.04166666666667,0.0
2012-07-01,35.4475,26.910833333333333,5.03375,,62.35541666666666,63.88625,26.00125,28.648333333333337,0.8845833333333334,73.0,0.0
2012-07-02,58.43479166666666,27.601041666666664,4.101458333333333,,86.00979166666667,63.305416666666666,26.509583333333335,11.104999999999999,0.8204166666666667,65.91666666666667,0.0
2012-07-03,76.88000000000001,30.25375,4.570416666666667,,107.10583333333334,60.874583333333334,26.37,10.2075,0.7170833333333334,65.125,0.0
2012-07-04,71.26291666666667,38.422916666666666,2.18375,,109.66541666666666,55.859166666666674,25.642916666666668,12.501666666666667,0.58375,59.541666666666664,0.0
2012-07-05,76.7375,57.69541666666667,3.2585416666666664,,134.46,59.279583333333335,25.4875,11.195833333333333,0.6470833333333333,53.458333333333336,0.0
2012-07-06,93.41000000000001,49.744166666666665,3.448333333333333,,143.17375,61.747083333333336,25.73125,9.022916666666667,0.7333333333333334,68.875,0.0
2012-07-07,47.71875,42.86333333333334,3.0525,,90.59625,66.30291666666666,24.572916666666668,18.840833333333332,0.45625,47.666666666666664,0.0
2012-07-08,10.672916666666666,27.8,0.7714583333333334,,38.473333333333336,87.79083333333334,20.871666666666666,24.43375,0.3741666666666667,26.25,48.599999999999994
2012-07-09,53.75,48.475,1.8391666666666666,,102.14875,79.93625,20.318749999999998,13.264583333333334,0.4395833333333334,24.125,33.2
2012-07-10,72.12875,49.875,3.2289583333333334,,121.97041666666667,67.31916666666666,20.638749999999998,15.075833333333334,0.47583333333333333,43.9375,0.0
2012-07-11,43.17124999999999,52.49395833333333,1.6529166666666668,,95.67833333333334,60.97416666666667,23.98875,17.1525,0.44458333333333333,40.604166666666664,0.0
2012-07-12,27.645416666666666,48.63833333333333,2.421875,,76.28125,79.07416666666667,23.295833333333334,22.349999999999998,0.46249999999999997,48.333333333333336,36.0
2012-07-13,8.955416666666666,32.788125,1.0895833333333333,,41.74229166666667,70.68020833333334,22.287499999999998,24.63875,0.26125000000000004,29.31578947368421,0.0
2012-07-14,23.184583333333336,40.86291666666667,1.29375,,64.13291666666667,73.74458333333332,22.082916666666666,25.232499999999998,0.41124999999999995,42.583333333333336,0.0
2012-07-15,3.5854166666666667,35.05583333333333,0.7362500000000001,,38.64458333333334,73.17416666666666,21.407916666666665,33.69375,0.39083333333333337,35.25,0.0
2012-07-16,24.83125,48.90291666666667,1.2249999999999999,,73.64958333333333,86.77666666666666,19.822083333333335,6.581666666666667,0.48458333333333337,34.375,1.7999999999999998
2012-07-17,34.17104166666667,47.41,3.3835416666666664,,81.57583333333334,73.57020833333333,22.653958333333335,13.590208333333335,0.3720833333333333,32.916666666666664,0.0
2012-07-18,16.013333333333332,37.67625,0.5475,,53.69166666666666,84.13250000000001,21.275833333333335,15.042499999999999,0.3441666666666667,24.416666666666668,15.400000000000002
2012-07-19,32.584583333333335,33.153333333333336,2.430833333333333,,65.7375,80.54916666666666,19.24833333333333,15.733333333333334,0.42083333333333334,27.916666666666668,1.6
2012-07-20,57.86000000000001,46.35583333333333,3.2743750000000005,,104.22000000000001,71.5675,21.037499999999998,18.415833333333335,0.6154166666666666,52.458333333333336,0.0
2012-07-21,90.25416666666666,59.9,3.7864583333333335,,150.16270833333334,74.566875,22.438958333333332,19.9775,1.1054166666666667,87.75,0.0
2012-07-22,51.58833333333333,56.793749999999996,3.216458333333333,,108.38791666666667,56.975,25.65833333333333,25.644166666666667,0.9116666666666666,86.33333333333333,0.0
2012-07-23,59.845,54.13666666666666,3.1345833333333335,,114.015,73.00375,23.925,32.455416666666665,0.6816666666666666,69.20833333333333,0.0
2012-07-24,59.92916666666667,68.20895833333333,9.071250000000001,,128.14916666666667,62.78208333333333,26.611666666666665,16.168333333333333,0.8450000000000001,100.29166666666667,8.6
2012-07-25,13.834166666666667,35.42958333333333,1.1454166666666665,,49.26958333333334,59.4925,26.24416666666667,39.663333333333334,0.24625,45.333333333333336,0.0
2012-07-26,75.83166666666666,59.84291666666667,4.893958333333333,,135.70083333333335,62.6575,26.470416666666665,17.259583333333335,0.7670833333333333,80.125,0.0
2012-07-27,54.21333333333333,44.57874999999999,1.9841666666666666,,98.75083333333333,70.38250000000001,24.369583333333335,27.381666666666664,0.4395833333333334,59.791666666666664,0.0
2012-07-28,18.01,47.31,4.904791666666667,,65.32000000000001,74.1525,24.692916666666665,38.211666666666666,0.5758333333333333,63.5,0.0
2012-07-29,17.417916666666667,41.8575,5.739791666666666,,59.268750000000004,64.24416666666667,26.357083333333335,31.357916666666668,0.51375,68.41666666666667,0.0
2012-07-30,5.646249999999999,28.37291666666667,0.5295833333333333,,34.01375,76.635,24.12291666666667,45.17458333333334,0.2708333333333333,42.625,0.0
2012-07-31,30.126666666666665,36.057916666666664,1.3585416666666665,,66.16125000000001,77.12791666666666,24.298333333333332,26.475416666666664,0.37375,45.791666666666664,0.0
2012-08-01,33.170833333333334,40.71791666666667,1.6714583333333335,,73.91083333333334,70.37833333333333,24.77916666666667,17.234583333333333,0.3720833333333333,39.916666666666664,0.0
2012-08-02,34.18729166666667,44.84125,5.668749999999999,,90.33833333333332,67.46791666666667,26.006666666666664,20.969583333333333,0.4275,45.25,0.0
2012-08-03,33.34458333333333,45.50583333333333,2.1408333333333336,,78.84666666666666,61.38333333333333,26.592916666666667,15.504583333333334,0.46541666666666665,44.541666666666664,0.0
2012-08-04,38.99583333333333,42.20458333333333,3.236458333333333,,81.18791666666667,55.82541666666666,26.703333333333333,23.488333333333333,0.61,48.541666666666664,0.0
2012-08-05,20.39190476190476,35.785714285714285,5.691666666666666,,56.20619047619047,65.08380952380952,24.493809523809524,34.09809523809523,0.45000000000000007,48.76190476190476,36.800000000000004
2012-08-06,25.15642857142857,32.53785714285714,0.5092857142857143,,57.69428571428572,67.72285714285714,22.037142857142857,28.177857142857142,0.455,31.866666666666667,0.6
2012-08-07,73.40842105263158,47.101052631578945,2.795,,120.49052631578948,67.24729166666667,21.575,17.313333333333333,0.48291666666666666,45.583333333333336,0.0
2012-08-08,36.199999999999996,48.79916666666667,2.3335416666666666,,84.97458333333334,68.52499999999999,23.177083333333332,7.803684210526316,0.40208333333333335,37.75,5.4
2012-08-09,33.55041666666667,47.19,1.8425,,80.74,65.47333333333333,23.879166666666666,10.6825,0.35874999999999996,34.333333333333336,0.0
2012-08-10,55.38645833333333,51.26020833333333,3.4,,106.62458333333332,60.669999999999995,24.735,7.082083333333333,0.4679166666666667,38.041666666666664,0.0
2012-08-11,22.155,44.328125,2.414375,,66.47895833333334,58.79416666666666,25.48645833333333,9.835625,0.41208333333333336,38.604166666666664,0.0
2012-08-12,16.920416666666664,32.74375,1.5252083333333333,,49.641875,60.048750000000005,25.94125,13.214791666666665,0.37000000000000005,33.75,0.0
2012-08-13,38.951875,46.244791666666664,3.1129166666666666,,85.16479166666666,60.60791666666666,26.485416666666666,10.015625,0.3960416666666667,39.833333333333336,0.0
2012-08-14,39.29416666666667,43.30083333333334,2.828958333333333,,82.57416666666667,72.84208333333333,24.434583333333332,8.333333333333334,0.37166666666666665,39.6875,0.4
2012-08-15,30.163750000000004,38.024166666666666,1.8452083333333331,,68.20625,69.79229166666667,24.432083333333335,9.243333333333334,0.3360416666666666,32.75,0.0
2012-08-16,38.41708333333333,45.71333333333333,3.343125,,84.17333333333333,65.35958333333333,25.27625,11.967916666666667,0.31875000000000003,36.0,0.0
2012-08-17,35.93833333333333,38.73416666666667,1.5662500000000001,,74.68625,65.79791666666667,24.715416666666666,11.382083333333334,0.3075,37.541666666666664,0.0
2012-08-18,20.197499999999998,31.45875,2.3468750000000003,,51.64791666666667,65.65833333333333,24.631249999999998,15.814166666666667,0.26833333333333337,34.083333333333336,0.0
2012-08-19,18.741666666666667,28.945833333333336,1.1125,,47.68541666666667,60.3525,24.992500000000003,18.717916666666664,0.24083333333333334,28.083333333333332,0.0
2012-08-20,29.160416666666666,45.89291666666667,6.541250000000001,,75.07916666666667,58.83208333333334,24.84583333333333,14.395416666666668,0.3879166666666667,44.125,0.0
2012-08-21,38.01583333333333,48.91,4.820416666666667,,86.89416666666666,60.274166666666666,25.594583333333333,15.003749999999998,0.38958333333333334,42.583333333333336,0.0
2012-08-22,28.118750000000002,49.04624999999999,5.682083333333334,,77.25875,58.51166666666666,25.6375,27.132916666666663,0.5558333333333333,44.708333333333336,0.0
2012-08-23,34.295833333333334,44.030833333333334,3.780208333333333,,78.31750000000001,61.20333333333334,25.18541666666667,28.18958333333333,0.40625,44.916666666666664,0.0
2012-08-24,32.96958333333333,41.14333333333333,2.3960416666666666,,74.13708333333334,61.928333333333335,25.155416666666667,28.2075,0.3870833333333334,40.875,0.0
2012-08-25,26.691666666666666,44.678333333333335,4.017291666666667,,71.39,55.63625,25.842083333333335,30.54875,0.4875,46.354166666666664,0.0
2012-08-26,5.147916666666666,25.392083333333332,0.8960416666666666,,30.535833333333333,73.06791666666668,23.385416666666668,43.07791666666666,0.2775,38.041666666666664,0.0
2012-08-27,23.4675,35.31,1.7933333333333332,,58.770833333333336,75.06583333333333,22.937083333333334,29.437916666666666,0.34958333333333336,39.208333333333336,0.0
2012-08-28,6.75875,30.222916666666666,0.50625,,36.974583333333335,84.04708333333333,21.629583333333333,31.083333333333332,0.2725,21.166666666666668,14.200000000000001
2012-08-29,15.840416666666668,32.51083333333333,1.8150000000000002,,48.35375,80.07458333333334,21.63291666666667,29.315833333333334,0.27125,24.652173913043477,1.4
2012-08-30,13.1925,35.152499999999996,0.6337499999999999,,48.342083333333335,77.62958333333333,21.642083333333332,25.359166666666667,0.2529166666666667,16.636363636363637,0.0
2012-08-31,34.4525,47.005,1.76375,,81.49625,62.682916666666664,22.46375,31.831666666666663,0.3879166666666667,36.041666666666664,0.0
2012-09-01,20.585416666666667,50.29708333333334,24.402083333333334,,70.88833333333334,64.96,22.86583333333333,40.0025,0.3675,55.75,0.0
2012-09-02,7.242916666666667,38.96875,4.331666666666666,,46.21125,69.63708333333334,24.04625,61.04333333333333,0.3870833333333334,42.979166666666664,0.0
2012-09-03,6.763750000000001,30.74791666666667,1.54125,,37.507083333333334,76.64291666666666,23.486666666666665,49.343333333333334,0.3016666666666667,40.375,0.8
2012-09-04,11.742916666666666,28.807916666666667,0.29125,,40.528749999999995,67.45666666666666,21.80666666666667,38.27520833333333,0.22833333333333336,31.125,11.399999999999999
2012-09-05,44.79125,54.490833333333335,7.446666666666666,,99.28416666666668,58.83291666666667,23.964583333333334,29.400833333333335,0.4166666666666667,,0.0
2012-09-06,29.094166666666666,47.3675,3.3191666666666664,,76.46541666666667,68.71958333333333,23.675416666666667,40.160000000000004,0.35333333333333333,53.55,0.0
2012-09-07,4.10875,37.10583333333333,1.12875,,41.2125,74.55041666666666,24.070416666666663,63.786249999999995,0.3641666666666667,53.0,0.0
2012-09-08,32.19,60.624583333333334,4.557916666666666,,92.84625,54.92291666666667,28.940416666666668,22.43875,0.8304166666666667,68.79166666666667,0.0
2012-09-09,20.836666666666666,36.98583333333333,2.8091666666666666,,57.83541666666667,51.03375,29.6875,63.161249999999995,0.35625,52.541666666666664,0.0
2012-09-10,14.380416666666667,42.025416666666665,2.9766666666666666,,56.334583333333335,69.49791666666667,26.951666666666668,66.98416666666667,0.465,63.916666666666664,0.0
2012-09-11,15.436250000000001,52.36541666666667,3.57625,,67.77041666666666,68.51541666666667,26.799166666666668,51.590833333333336,0.4945833333333333,75.66666666666667,0.0
2012-09-12,4.164583333333334,30.635833333333334,0.22458333333333333,,34.77708333333333,78.12625,24.806250000000002,53.025,0.3308333333333333,36.125,0.0
2012-09-13,27.388333333333335,38.435833333333335,0.6279166666666667,,65.81145833333333,83.37124999999999,23.570625000000003,32.9075,0.43979166666666664,38.8125,3.8
2012-09-14,18.10354166666667,39.53,0.6660416666666666,,57.63041666666667,69.29895833333333,24.735208333333333,41.10125,0.2989583333333333,23.625,0.6
2012-09-15,21.66875,46.52875,3.167083333333333,,68.23416666666667,62.499583333333334,26.943749999999998,47.98,0.4270833333333333,36.416666666666664,0.0
2012-09-16,19.994583333333335,48.00333333333333,3.9637499999999997,,67.99708333333334,60.55041666666667,28.134583333333335,35.71791666666667,0.5420833333333334,47.708333333333336,0.0
2012-09-17,38.217083333333335,60.449999999999996,12.615,,98.67916666666667,59.58375,29.64708333333333,28.622083333333332,0.7870833333333334,73.625,0.0
2012-09-18,44.34437499999999,65.331875,6.357499999999999,,109.6725,54.38291666666667,29.972916666666666,26.046666666666667,0.598125,81.77083333333333,0.0
2012-09-19,46.05229166666666,86.885625,3.9960416666666667,,132.88166666666666,38.406666666666666,34.28666666666667,38.343125,0.6441666666666667,101.41666666666667,0.0
2012-09-20,24.485833333333332,58.1825,0.6733333333333333,,82.66625,72.91,26.332083333333333,46.803333333333335,0.5054166666666667,60.9375,0.5
2012-09-21,34.57791666666667,57.94416666666667,0.8958333333333334,,92.49458333333332,75.52166666666666,26.174166666666668,44.430416666666666,0.5495833333333333,49.520833333333336,14.8
2012-09-22,14.627083333333333,45.13666666666666,0.22333333333333336,,59.760416666666664,78.37375,22.49083333333333,31.37,0.2575,26.916666666666668,5.7
2012-09-23,17.147916666666667,36.158750000000005,0.5833333333333334,,53.31166666666667,65.23291666666667,23.150833333333335,34.142916666666665,0.18333333333333335,34.833333333333336,0.0
2012-09-24,43.25395833333334,56.735833333333325,0.8688541666666666,,99.9590625,56.539861111111115,26.17222222222222,25.00135416666667,0.36114583333333333,35.291666666666664,0.0
2012-09-25,33.983958333333334,55.615833333333335,0.7394791666666666,,90.38697916666666,64.24305555555556,27.521944444444443,33.745937500000004,0.6165625,41.375,26.200000000000003
2012-09-26,7.46875,28.20375,0.14791666666666667,,35.649166666666666,78.56416666666667,19.515416666666667,44.74041666666667,0.15833333333333335,18.083333333333332,49.2
2012-09-27,39.50625,43.309583333333336,0.57125,,82.75666666666667,71.36458333333333,18.91125,23.875833333333333,0.36000000000000004,22.0,13.5
2012-09-28,42.68,43.32333333333333,0.4558333333333333,,86.01166666666667,63.9025,20.341666666666665,24.68166666666667,0.31875000000000003,30.125,0.0
2012-09-29,69.386875,39.397708333333334,0.6075,,108.75999999999999,62.719166666666666,20.909166666666668,30.512083333333333,0.45,39.208333333333336,0.0
2012-09-30,17.922916666666666,40.867916666666666,1.5033333333333332,,58.815,52.805416666666666,23.080416666666665,48.45666666666667,0.26333333333333336,26.333333333333332,0.0
2012-10-01,37.12854166666667,60.06,2.0508333333333333,,97.18270833333334,57.56791666666667,24.9675,44.11958333333333,0.41500000000000004,40.5,0.0
2012-10-02,35.290416666666665,65.09458333333333,1.885,,100.3625,63.73666666666667,26.812916666666666,42.69833333333333,0.4495833333333333,56.5,0.0
2012-10-03,24.855,50.34979166666667,2.448958333333333,,75.19729166666666,57.04208333333333,28.972083333333334,40.47541666666667,0.44354166666666667,51.729166666666664,0.0
2012-10-04,20.599166666666665,41.60041666666667,6.015416666666667,,62.221666666666664,64.33875,27.034166666666668,43.24895833333333,0.26958333333333334,47.8125,0.0
2012-10-05,23.621875,45.74229166666667,5.2775,,69.41166666666668,64.16333333333334,27.799166666666665,62.74875,0.3852083333333334,49.166666666666664,0.0
2012-10-06,13.981875,37.69166666666667,5.280208333333333,,51.65895833333334,58.82125,28.17625,49.192499999999995,0.37333333333333335,49.208333333333336,0.0
2012-10-07,15.823749999999999,40.1875,4.524583333333333,,55.98708333333334,50.069583333333334,29.120416666666667,40.1,0.35666666666666663,35.583333333333336,0.0
2012-10-08,26.863541666666666,34.68083333333333,3.1491666666666664,,61.506458333333335,54.875416666666666,28.402083333333334,35.215624999999996,0.3391304347826087,39.395833333333336,0.0
2012-10-09,52.819375,51.04833333333334,4.068125,,103.90520833333333,47.57333333333333,29.64,20.94875,0.49604166666666666,40.395833333333336,0.0
2012-10-10,33.619166666666665,52.54125,3.43875,,86.14,40.76583333333333,31.645,31.32857142857143,0.4979166666666666,47.166666666666664,0.0
2012-10-11,4.746041666666667,22.995208333333334,0.6920833333333333,,27.660416666666666,77.47666666666667,25.67625,63.620416666666664,0.3491666666666667,46.041666666666664,17.4
2012-10-12,2.3158333333333334,23.872500000000002,0.74125,,26.175833333333333,86.21375,22.616249999999997,57.07833333333334,0.31375000000000003,14.583333333333334,7.199999999999999
2012-10-13,6.328749999999999,23.609583333333333,0.3566666666666667,,29.93958333333333,84.13250000000001,22.56458333333333,37.27041666666667,0.2554166666666667,9.666666666666666,2.8000000000000003
2012-10-14,14.600416666666668,22.93541666666667,0.3925,,37.524166666666666,69.40958333333333,22.750833333333333,37.31333333333333,0.17708333333333334,14.583333333333334,0.0
2012-10-15,23.512083333333333,30.0725,1.9266666666666667,,53.632083333333334,65.04666666666667,23.1825,35.077083333333334,0.21958333333333332,20.291666666666668,0.0
2012-10-16,23.145,41.995,2.7245833333333334,,65.13375,60.27125,26.180833333333336,38.45375,0.3120833333333333,33.875,0.0
2012-10-17,28.65833333333333,41.706250000000004,2.6670588235294117,,70.37145833333334,56.87583333333333,27.70125,23.969791666666666,0.7220833333333333,47.0,0.0
2012-10-18,8.201666666666666,13.979166666666666,0.6729166666666666,,22.165833333333335,56.45791666666667,28.87625,61.8525,0.18000000000000002,33.375,0.0
2012-10-19,10.435833333333333,14.3575,0.44583333333333336,,24.7775,75.56666666666666,24.855,37.22708333333333,0.24791666666666667,37.854166666666664,1.2000000000000002
2012-10-20,9.554583333333333,15.178333333333333,0.56625,,24.749583333333334,71.06625,26.08875,53.83916666666667,0.4275,34.142857142857146,2.2
2012-10-21,11.485416666666667,17.220833333333335,0.9433333333333334,,28.69875,63.95875,29.449583333333333,57.5625,0.41958333333333336,33.0,9.2
2012-10-22,17.1825,30.00125,1.2495833333333335,,47.225,65.71124999999999,29.19333333333333,50.75375,0.5770833333333333,46.1875,0.2
2012-10-23,11.105833333333335,24.249583333333334,0.3775,,35.355,68.90416666666667,28.74875,36.67541666666667,0.39458333333333334,41.875,1.5999999999999999
2012-10-24,9.72875,14.566249999999998,0.33083333333333337,,24.285416666666666,67.77208333333333,27.52541666666667,51.70541666666667,0.27291666666666664,24.541666666666668,1.6
2012-10-25,14.930416666666666,17.165833333333335,0.48,,32.111666666666665,64.38458333333334,27.469583333333333,42.58416666666667,0.2504166666666667,40.083333333333336,0.0
2012-10-26,18.4475,15.827083333333334,0.4795833333333333,,34.27125,76.12125,27.300416666666667,45.13666666666666,0.2941666666666667,47.041666666666664,0.0
2012-10-27,11.042083333333332,17.367916666666666,1.2766666666666666,,28.381666666666664,68.68083333333333,29.385416666666668,69.52708333333334,0.44166666666666665,48.875,0.0
2012-10-28,1.2783333333333333,11.887500000000001,0.79,,13.1625,73.34166666666667,28.495,55.778333333333336,0.3,45.041666666666664,0.0
2012-10-29,11.248750000000001,16.517916666666668,0.61375,,27.739583333333332,67.11125,29.815,56.93875,0.4270833333333333,42.541666666666664,0.0
2012-10-30,19.596666666666668,21.1825,0.964375,,40.79541666666667,65.57583333333334,30.57375,38.600833333333334,0.4975,54.4375,0.0
2012-10-31,9.161666666666667,25.390833333333333,1.6383333333333334,,34.55833333333333,64.68666666666667,31.51375,49.35791666666666,0.561875,88.9090909090909,0.0
2012-11-01,10.82625,24.980416666666667,0.07958333333333333,,35.84375,74.84458333333333,27.080833333333334,44.29791666666667,0.2966666666666667,,0.0
2012-11-02,10.1825,34.12,1.3564583333333333,,44.32041666666667,83.39208333333333,23.744583333333335,19.179166666666667,0.3641666666666667,,0.8
2012-11-03,14.450833333333334,33.50958333333333,2.304375,,47.945,75.03041666666667,24.84958333333333,29.576666666666668,0.3425,,0.0
2012-11-04,13.052083333333334,31.818749999999998,2.0904166666666666,,44.831250000000004,73.93333333333334,26.034583333333334,34.79416666666666,0.29375,,0.0
2012-11-05,3.9745833333333334,25.9225,2.5452083333333335,,29.883750000000003,75.78833333333334,26.5325,52.74875,0.30125,,0.0
2012-11-06,17.917916666666667,31.88208333333333,1.2252083333333335,,49.77916666666667,70.23333333333333,27.361666666666665,37.03176470588235,0.29291666666666666,20.846153846153847,0.0
2012-11-07,26.41125,35.63583333333333,2.0435416666666666,,62.06666666666666,64.17083333333333,28.40833333333333,47.40416666666667,0.26833333333333337,28.166666666666668,0.0
2012-11-08,18.8675,30.66416666666667,2.1827083333333333,,49.54916666666667,63.382083333333334,28.874583333333334,38.92875,0.2625,24.958333333333332,0.0
2012-11-09,32.6275,42.19416666666667,1.579375,,74.86749999999999,74.495,27.567916666666665,17.5675,0.52375,28.291666666666668,2.8
2012-11-10,34.67583333333334,39.49,1.2195833333333332,,74.17,85.30666666666667,25.32166666666667,6.676666666666667,0.53,19.041666666666668,3.4000000000000004
2012-11-11,37.74583333333333,33.816875,2.6627083333333332,,72.42875,58.719166666666666,30.47083333333333,16.58791666666667,0.4725,17.416666666666668,0.0
2012-11-12,9.749583333333332,24.588333333333335,0.6822916666666666,,34.30458333333333,70.4075,27.708125,35.472500000000004,0.26208333333333333,21.333333333333332,3.3000000000000003
2012-11-13,0.81,15.705,0.44333333333333336,,16.505000000000003,88.25,24.13,22.52333333333333,0.235,13.0,0.6
2012-11-14,4.475714285714285,28.324285714285715,0.37142857142857144,,32.79714285714286,79.76928571428572,22.275000000000002,37.925000000000004,0.3028571428571429,16.928571428571427,0.2
2012-11-15,11.169583333333334,32.25666666666667,2.9425000000000003,,43.41791666666666,79.75041666666667,22.70375,35.512499999999996,0.34791666666666665,18.846153846153847,5.4
2012-11-16,15.0075,36.330416666666665,0.68125,,51.365,84.61333333333333,21.902916666666666,22.235833333333332,0.33208333333333334,21.333333333333332,0.4
2012-11-17,20.667916666666667,27.347916666666666,1.20375,,48.01541666666666,77.83166666666666,22.976250000000004,30.442916666666665,0.3441666666666667,19.416666666666668,0.0
2012-11-18,15.635,28.572083333333335,1.11,,44.23,67.26833333333333,24.94875,33.469166666666666,0.2529166666666667,16.458333333333332,0.0
2012-11-19,40.314166666666665,45.39041666666666,2.2354166666666666,,85.73583333333333,58.352916666666665,27.94,45.723749999999995,0.29458333333333336,29.333333333333332,0.0
2012-11-20,18.0975,42.17583333333334,1.5658333333333332,,60.29083333333333,72.97416666666666,26.060000000000002,29.954166666666666,0.5245833333333333,28.229166666666668,3.8
2012-11-21,4.5200000000000005,31.692916666666665,1.10125,,36.21375,76.57333333333334,25.516666666666666,49.20708333333334,0.23124999999999998,32.291666666666664,0.0
2012-11-22,9.887500000000001,26.044583333333335,0.8929166666666667,,35.944583333333334,68.17833333333333,26.369583333333335,36.086666666666666,0.22125000000000003,23.895833333333332,0.0
2012-11-23,29.05458333333333,42.78875,1.9887499999999998,,71.88791666666667,62.65833333333333,28.171666666666667,50.905,0.37833333333333335,43.083333333333336,0.0
2012-11-24,17.788333333333334,40.2975,3.54625,,58.09791666666666,70.62541666666667,28.285416666666666,51.67208333333334,0.4345833333333333,49.458333333333336,2.8
2012-11-25,3.9058333333333333,30.614166666666666,0.6983333333333333,,34.515,88.19875,24.45375,38.315,0.34708333333333335,27.041666666666668,7.0
2012-11-26,18.89708333333333,33.41583333333333,0.05291666666666667,,52.27583333333333,90.14458333333333,24.135833333333334,23.993333333333336,0.34874999999999995,13.083333333333334,1.6
2012-11-27,14.875,33.61166666666667,0.61,,48.64291666666667,84.87958333333333,24.616666666666664,29.22,0.28958333333333336,17.458333333333332,9.999999999999998
2012-11-28,19.609791666666666,34.755625,1.4452083333333334,,54.358958333333334,75.66833333333334,26.014166666666668,46.56791666666667,0.5847916666666667,28.791666666666668,7.000000000000001
2012-11-29,21.085833333333333,19.68583333333333,0.88625,,40.767916666666665,70.22875,27.719583333333333,37.14875,0.5025000000000001,31.9375,0.0
2012-11-30,12.65375,15.275416666666667,0.24916666666666665,,27.871666666666666,62.88708333333333,27.705416666666668,32.538333333333334,0.35000000000000003,25.041666666666668,0.0
2012-12-01,8.816666666666666,17.817083333333333,0.17416666666666666,,26.6525,61.076249999999995,28.641666666666666,38.80625,0.52625,33.666666666666664,0.0
2012-12-02,8.580833333333333,14.03875,0.35791666666666666,,22.61375,64.63041666666668,29.674166666666665,30.19333333333333,0.44208333333333333,35.1875,0.0
2012-12-03,3.957916666666667,14.122083333333334,0.54625,,18.079166666666666,71.52583333333332,28.49875,48.79,0.21458333333333335,26.75,0.0
2012-12-04,18.05875,19.466458333333332,1.0095833333333333,,37.531875,66.233125,30.051875,,0.321875,41.208333333333336,0.0
2012-12-05,19.993750000000002,18.54625,1.3908333333333334,,38.51375,60.20458333333334,31.637083333333333,,0.40166666666666667,42.375,0.0
2012-12-06,26.866249999999997,19.762916666666666,1.51,,46.60375,57.57208333333333,32.02375,,0.4466666666666667,41.520833333333336,0.0
2012-12-07,16.66125,21.705,1.6966666666666665,,38.36291666666667,47.59916666666667,34.501666666666665,,0.5325,41.666666666666664,0.0
2012-12-08,11.8925,13.725833333333334,0.8720833333333333,,25.59625,54.447916666666664,33.31125,,0.33375,29.541666666666668,0.0
2012-12-09,2.2433333333333336,7.9075,0.44458333333333333,,10.149166666666666,76.40958333333333,28.13208333333333,,0.1825,22.708333333333332,0.0
2012-12-10,15.941666666666668,16.875833333333333,1.38,,32.817083333333336,67.65958333333333,30.007916666666663,,0.30416666666666664,31.5,0.2
2012-12-11,15.40125,29.275833333333335,1.7645833333333332,,44.67625,54.69083333333333,33.095,,0.3958333333333333,31.229166666666668,0.0
2012-12-12,9.207916666666668,26.216250000000002,3.4583333333333335,,35.41916666666666,63.568333333333335,30.57041666666667,,0.3602083333333333,19.9375,21.400000000000002
2012-12-13,22.615,44.607499999999995,2.302916666666667,,67.24208333333333,72.62958333333334,29.886666666666667,,0.5108333333333334,27.166666666666668,9.0
2012-12-14,14.665,41.547916666666666,1.8504166666666666,,56.19708333333333,80.19958333333334,27.887083333333333,,0.45333333333333337,20.479166666666668,11.4
2012-12-15,17.660833333333333,43.52291666666667,3.0133333333333336,,61.24583333333334,74.33083333333333,29.605833333333333,,0.49416666666666664,28.0,0.2
2012-12-16,8.12,31.51375,1.8604166666666666,,39.60916666666667,73.99833333333333,29.485416666666666,,0.4291666666666667,26.625,2.4000000000000004
2012-12-17,23.87,43.57708333333333,2.8725,,67.33958333333334,60.82125,31.38875,,0.4375,23.833333333333332,0.2
2012-12-18,15.152083333333332,27.82166666666667,3.1779166666666665,,42.975208333333335,58.888749999999995,31.298541666666665,,0.28729166666666667,17.958333333333332,0.0
2012-12-19,24.555833333333336,38.743541666666665,2.5091666666666668,,63.27729166666666,71.88979166666667,29.763958333333335,,0.4347916666666667,31.0,0.4
2012-12-20,18.565,44.75375,6.951666666666667,,63.30416666666667,62.423750000000005,32.30625,,0.47500000000000003,36.479166666666664,0.0
2012-12-21,27.814166666666665,42.20291666666667,3.93125,,70.09,54.870000000000005,32.92125,,0.42124999999999996,30.5625,0.0
2012-12-22,2.43125,19.632083333333334,1.2816666666666667,,22.06041666666667,70.20625,30.199166666666667,,0.2775,24.416666666666668,0.0
2012-12-23,4.016666666666667,19.727083333333333,1.3187499999999999,,23.742499999999996,70.59375,29.937083333333334,,0.38958333333333334,23.208333333333332,0.0
2012-12-24,13.614583333333334,29.644166666666667,5.72125,,43.25958333333333,57.89541666666667,32.257083333333334,,0.43875,28.3125,0.0
2012-12-25,9.547916666666667,25.395416666666666,1.0439583333333333,,34.92541666666667,50.24541666666667,34.369166666666665,,0.3666666666666667,30.708333333333332,0.0
2012-12-26,22.945000000000004,42.0425,3.324375,,64.97875,44.59791666666666,36.038333333333334,,0.42250000000000004,39.083333333333336,0.0
2012-12-27,4.184166666666667,26.707916666666666,1.2414583333333333,,30.892083333333332,61.857499999999995,32.35208333333333,,0.35041666666666665,37.791666666666664,0.0
2012-12-28,14.373333333333333,30.018333333333334,1.5506250000000001,,44.449999999999996,61.37291666666667,31.297916666666666,,0.29750000000000004,39.791666666666664,0.0
2012-12-29,13.640416666666667,30.745416666666667,0.896875,,44.39291666666667,57.12416666666667,31.040833333333335,,0.33666666666666667,34.875,10.0
2012-12-30,13.40125,31.410416666666666,0.1691666666666667,,44.77708333333334,67.44,30.111666666666665,,0.38916666666666666,29.208333333333332,4.4
2012-12-31,15.407083333333333,30.76125,1.4260416666666667,,46.161249999999995,66.72291666666666,31.322916666666668,,0.3429166666666667,33.875,0.2
2013-01-01,11.5575,27.76375,0.6754166666666667,,39.318333333333335,51.52458333333333,33.53541666666667,,0.40791666666666665,47.75,0.0
2013-01-02,5.04625,14.645833333333334,0.7010416666666667,,19.66875,72.915,29.355,,0.19000000000000003,19.5,28.2
2013-01-03,18.892500000000002,26.93958333333333,0.7002083333333333,,45.80416666666667,94.184375,25.511666666666667,,0.345,9.1875,136.60000000000002
2013-01-04,28.00708333333333,25.734583333333333,2.9595833333333332,,53.85874999999999,85.27875,26.534166666666668,,0.3777083333333333,17.625,2.0
2013-01-05,18.727500000000003,29.814999999999998,2.13625,,48.52708333333334,67.585,29.775000000000002,,0.3595833333333333,31.083333333333332,0.0
2013-01-06,26.167083333333334,33.605,12.467500000000001,,59.755833333333335,60.02,31.7775,,0.31916666666666665,37.833333333333336,0.0
2013-01-07,23.110833333333332,39.65125,5.651458333333333,,62.759166666666665,53.848749999999995,31.865416666666665,,0.37083333333333335,31.791666666666668,0.0
2013-01-08,17.8125,31.982083333333335,2.622916666666667,,49.79749999999999,54.66375,32.4825,46.05076923076923,0.3520833333333333,20.625,4.199999999999999
2013-01-09,22.932083333333335,35.60458333333333,2.810625,,58.52916666666667,70.915,29.79625,31.91,0.4008333333333333,21.75,40.8
2013-01-10,24.91333333333333,40.979166666666664,1.6260416666666666,,65.89999999999999,89.83583333333333,25.985833333333332,14.999583333333334,0.49666666666666665,22.833333333333332,28.999999999999996
2013-01-11,18.027083333333334,29.144583333333333,2.195,,47.16583333333333,82.84875000000001,24.01,13.309166666666668,0.37333333333333335,20.666666666666668,4.2
2013-01-12,17.116249999999997,34.82208333333333,4.340416666666667,,51.93541666666667,76.60333333333334,25.815833333333334,24.409583333333334,0.3620833333333333,37.625,0.4
2013-01-13,15.529166666666667,29.699166666666667,0.84,,45.20416666666667,72.56958333333334,27.02875,37.31125,0.24458333333333335,18.916666666666668,4.6
2013-01-14,22.241249999999997,41.68666666666667,2.839166666666667,,63.88125,82.56458333333333,25.627916666666668,38.64875,0.365,18.958333333333332,58.900000000000006
2013-01-15,27.639166666666668,37.8125,1.3491666666666668,,65.46208333333333,79.96124999999999,26.50125,28.955,0.41625,24.541666666666668,16.400000000000002
2013-01-16,42.885416666666664,51.82749999999999,7.427291666666666,,94.70666666666666,83.36708333333333,26.777083333333334,23.040625000000002,0.640625,29.083333333333332,11.6
2013-01-17,35.007083333333334,30.42625,2.1870833333333333,,65.42999999999999,75.77166666666666,28.06833333333333,35.7825,0.2679166666666667,16.75,29.200000000000003
2013-01-18,9.64,31.868333333333336,2.5458333333333334,,41.5075,74.26125,28.379166666666666,53.40083333333334,0.32125,21.375,0.2
2013-01-19,7.14125,25.436666666666667,2.1804166666666664,,32.57375,72.56416666666667,28.349999999999998,44.70875,0.28625,22.958333333333332,8.4
2013-01-20,12.168333333333335,20.818749999999998,1.7825,,32.98416666666667,80.49249999999999,26.340833333333336,22.18875,0.19583333333333333,12.25,11.4
2013-01-21,22.95625,24.811666666666667,1.6516666666666666,,47.79,90.03541666666666,24.2075,8.310416666666667,0.2841666666666667,12.208333333333334,36.0
2013-01-22,34.54958333333333,26.67125,2.35875,,61.195,88.6725,24.33458333333333,6.570416666666667,0.25083333333333335,16.791666666666668,31.599999999999998
2013-01-23,36.06166666666667,28.18625,2.266875,,64.24333333333333,67.3325,27.67375,26.11583333333333,0.16458333333333333,26.416666666666668,0.0
2013-01-24,29.302916666666665,44.79708333333334,8.319583333333332,,74.06291666666667,63.96458333333334,29.16333333333333,32.13125,0.37916666666666665,42.854166666666664,0.0
2013-01-25,22.304166666666664,36.06458333333333,2.1079166666666667,,58.37375,57.53333333333333,32.456250000000004,18.3275,0.3408333333333333,36.75,0.0
2013-01-26,18.07875,24.845416666666665,1.4020833333333333,,42.904583333333335,83.00625000000001,28.1125,34.160000000000004,0.29375,19.541666666666668,70.99999999999999
2013-01-27,15.25875,21.686666666666667,0.664375,,36.941250000000004,77.99833333333333,26.188333333333333,28.8275,0.19875,19.916666666666668,1.5999999999999999
2013-01-28,25.53708333333333,34.17208333333333,1.3441666666666665,,59.717083333333335,76.58624999999999,25.499583333333334,12.751666666666667,0.20208333333333336,24.020833333333332,0.4
2013-01-29,26.780416666666667,28.645,0.6141666666666666,,55.44166666666666,89.14166666666667,24.48375,8.15625,0.3045833333333334,12.416666666666666,3.4
2013-01-30,24.050416666666667,26.691666666666666,2.607083333333333,,50.7475,71.81625000000001,27.125,17.34625,0.4270833333333333,23.875,0.0
2013-01-31,35.745416666666664,26.210416666666664,1.78,,61.98208333333333,72.73958333333333,28.449166666666667,16.91625,0.23916666666666667,23.3125,0.0
2013-02-01,25.575,25.409166666666668,0.6872916666666667,,50.97208333333333,70.07708333333333,29.927083333333332,32.834583333333335,0.3475,25.541666666666668,0.0
2013-02-02,23.8425,33.237500000000004,3.1164583333333336,,57.05583333333333,63.584583333333335,32.043749999999996,29.776666666666667,0.42416666666666664,32.479166666666664,0.0
2013-02-03,7.531666666666667,21.51875,1.3364583333333335,,29.050833333333333,60.04208333333333,30.89833333333333,43.74916666666667,0.32125,18.166666666666668,1.2000000000000002
2013-02-04,13.2875,32.837916666666665,2.441666666666667,,46.12583333333333,85.55583333333334,26.24791666666667,21.702916666666667,0.36125,15.833333333333334,14.399999999999999
2013-02-05,15.106666666666667,32.068333333333335,0.24166666666666667,,47.17875,91.18833333333333,24.14375,17.6025,0.35375,12.166666666666666,27.4
2013-02-06,20.52875,31.585416666666664,1.62625,,52.14875,77.29958333333333,26.01125,21.55333333333333,0.31375000000000003,22.0,2.8000000000000003
2013-02-07,27.248333333333335,44.100833333333334,0.65625,,71.34166666666667,87.28291666666667,25.86125,11.625789473684211,0.5045833333333333,19.625,23.4
2013-02-08,21.287916666666664,34.168749999999996,0.32541666666666663,,55.489583333333336,73.13,29.459999999999997,40.41416666666667,0.2941666666666667,31.125,0.0
2013-02-09,8.36875,23.624166666666667,0.023750000000000004,,31.970416666666665,72.8125,29.877916666666668,55.2825,0.3129166666666667,27.791666666666668,1.2
2013-02-10,6.341666666666668,21.215,0.22041666666666668,,27.57875,71.24916666666667,30.527083333333334,64.83541666666666,0.3720833333333333,33.875,0.0
2013-02-11,18.762291666666666,31.311875,0.77375,,50.05083333333334,65.17208333333333,31.86791666666667,64.17999999999999,0.7822916666666666,36.958333333333336,0.0
2013-02-12,9.745416666666666,31.886666666666667,2.0308333333333333,,41.62833333333334,57.687916666666666,33.03,45.82708333333333,0.6529166666666667,36.625,0.0
2013-02-13,4.966666666666667,23.942083333333333,2.347916666666667,,28.900000000000002,65.12833333333333,31.686666666666667,45.38125,0.32958333333333334,31.416666666666668,0.0
2013-02-14,36.937083333333334,42.00125,2.3358333333333334,,78.88041666666668,60.62125,32.6175,55.29,0.45083333333333336,41.083333333333336,0.0
2013-02-15,19.11625,37.96458333333333,0.76625,,57.102916666666665,60.41041666666667,32.99666666666666,65.64958333333333,0.39166666666666666,44.166666666666664,0.0
2013-02-16,12.844583333333333,34.783750000000005,1.57125,,47.635416666666664,58.475,33.670833333333334,62.82750000000001,0.49,48.041666666666664,0.0
2013-02-17,14.877083333333333,28.1375,1.210625,,43.0025,57.951249999999995,33.327083333333334,55.85874999999999,0.34958333333333336,35.0,0.4
2013-02-18,15.119166666666667,37.34166666666667,2.127291666666667,,52.45666666666667,55.78125,33.479166666666664,52.249583333333334,0.46166666666666667,44.583333333333336,0.0
2013-02-19,2.0,21.675416666666667,0.6702083333333334,,23.67625,68.59125,31.714166666666667,59.04833333333334,0.30125,34.833333333333336,0.0
2013-02-20,18.335,33.05083333333334,1.5336842105263158,,51.10729166666667,60.149166666666666,32.026666666666664,45.67958333333333,0.43979166666666664,40.75,0.0
2013-02-21,22.401666666666667,36.05458333333333,0.5460416666666666,,58.458333333333336,52.693333333333335,32.69083333333334,23.013333333333335,0.44083333333333335,39.604166666666664,0.0
2013-02-22,12.755,25.717916666666667,0.551875,,38.45291666666667,59.35208333333333,31.865,42.016666666666666,0.3529166666666667,39.0,0.0
2013-02-23,2.966,14.413333333333334,0.07533333333333334,,17.37933333333333,70.904,30.125333333333334,49.63533333333333,0.27666666666666667,25.46875,0.0
2013-02-24,12.669583333333334,28.115,0.7895652173913044,,40.81166666666667,62.959583333333335,30.807083333333335,41.343333333333334,0.4275,38.270833333333336,0.0
2013-02-25,28.61916666666667,39.54833333333333,0.8129166666666667,,68.17291666666667,53.9625,32.8575,26.736250000000002,0.45916666666666667,43.416666666666664,0.0
2013-02-26,11.665208333333332,33.358333333333334,0.8129166666666667,,45.04145833333333,60.35,31.470416666666665,35.92979166666667,0.3870833333333334,38.333333333333336,15.2
2013-02-27,11.418333333333335,22.823333333333334,0.3558333333333334,,34.24,77.20833333333333,27.77416666666667,41.11541666666667,0.33875000000000005,14.0,11.599999999999998
2013-02-28,21.3275,32.435,0.2460416666666667,,53.72625,82.46375,26.462500000000002,14.967083333333333,0.44083333333333335,21.541666666666668,6.4
2013-03-01,10.025,32.33291666666667,0.21375,,42.35708333333333,84.65291666666667,24.9825,11.099166666666667,0.48416666666666663,22.25,4.0
2013-03-02,22.754583333333333,37.8125,0.7304166666666667,,60.567083333333336,85.24625,25.647499999999997,12.04125,0.5304166666666666,22.541666666666668,2.2
2013-03-03,23.43166666666667,29.567083333333333,0.8375,,52.99791666666667,70.2875,29.5625,36.33,0.435,26.666666666666668,0.0
2013-03-04,17.05333333333333,29.04041666666667,0.6335416666666667,,46.09708333333333,62.076875,30.619583333333335,31.750416666666666,0.4058333333333333,22.958333333333332,13.0
2013-03-05,19.744583333333335,34.5375,1.9752083333333335,,54.26666666666667,63.07583333333333,31.163749999999997,41.74166666666667,0.4320833333333333,25.375,21.4
2013-03-06,15.694583333333334,32.01,0.6010526315789474,,47.73083333333333,73.44541666666667,29.950833333333332,46.206250000000004,0.4825,27.416666666666668,0.0
2013-03-07,17.534583333333334,35.69583333333333,1.5718750000000001,,53.12833333333333,70.30666666666666,30.69125,68.0725,0.41958333333333336,33.5,0.0
2013-03-08,14.037500000000001,33.530833333333334,0.9879166666666667,,47.56375,69.42541666666666,30.935000000000002,48.63625,0.43916666666666665,44.041666666666664,0.0
2013-03-09,19.399583333333332,36.60791666666667,1.5552083333333335,,56.048750000000005,71.86708333333333,31.260833333333334,55.92875,0.5383333333333333,50.5,7.4
2013-03-10,14.850833333333334,30.75208333333333,1.4000000000000001,,45.61083333333334,58.10791666666666,32.5075,36.99041666666667,0.51625,26.791666666666668,0.0
2013-03-11,17.834583333333335,28.662916666666664,0.4879166666666667,,46.49625,73.39916666666666,30.02916666666667,33.00291666666667,0.41625,24.375,6.6000000000000005
2013-03-12,20.665416666666665,41.28875,0.808125,,61.951666666666675,69.03750000000001,31.120833333333334,46.092083333333335,0.5170833333333333,38.875,0.0
2013-03-13,15.534583333333332,31.809166666666666,1.045,,47.33625,66.27541666666667,31.865416666666665,30.19458333333333,0.46249999999999997,27.958333333333332,5.2
2013-03-14,20.735833333333336,30.306250000000002,0.6833333333333332,,51.06791666666667,88.99874999999999,26.301666666666666,11.323749999999999,0.4058333333333333,18.75,20.6
2013-03-15,31.073684210526313,34.40421052631579,0.16921052631578948,,65.46263157894737,80.25263157894737,27.126315789473683,11.56421052631579,0.41842105263157897,33.166666666666664,0.2
2013-03-16,14.629583333333334,25.90416666666667,0.05395833333333333,,40.52916666666667,74.44291666666668,29.459999999999997,22.278333333333332,0.3575,24.020833333333332,0.2
2013-03-17,5.502916666666667,16.987916666666667,0.07666666666666667,,22.485416666666666,82.19416666666667,27.96083333333333,18.450416666666666,0.28458333333333335,21.041666666666668,33.0
2013-03-18,17.122916666666665,26.233333333333334,0.07270833333333333,,43.35999999999999,87.96166666666666,24.277083333333334,13.118749999999999,0.3779166666666667,18.541666666666668,18.2
2013-03-19,45.321666666666665,32.61541666666667,1.078125,,78.00041666666667,87.72500000000001,23.63875,5.6691666666666665,0.44208333333333333,31.3125,2.0
2013-03-20,39.75791666666667,30.68541666666667,0.9047916666666667,,70.46416666666666,78.19041666666666,25.632916666666663,7.200833333333333,0.3425,44.916666666666664,4.8
2013-03-21,46.32875000000001,37.90833333333333,2.04875,,84.26,77.0725,27.725416666666664,11.2725,0.47625,47.958333333333336,0.0
2013-03-22,16.7575,23.230833333333333,0.37333333333333335,,39.99666666666666,70.16666666666667,29.769583333333333,25.21166666666667,0.33166666666666667,28.4375,0.0
2013-03-23,5.33125,20.576249999999998,0.007083333333333334,,25.905416666666667,79.89266666666667,27.883333333333336,40.45083333333333,0.33749999999999997,20.833333333333332,63.6
2013-03-24,3.265833333333333,15.992083333333333,0.0,,19.252916666666668,85.774,26.518333333333334,24.875416666666666,0.265,11.166666666666666,0.8
2013-03-25,18.380416666666665,21.694166666666664,0.19458333333333333,,40.05458333333333,80.69041666666666,27.331666666666667,16.37,0.33041666666666664,23.625,0.0
2013-03-26,12.061250000000001,23.027083333333334,0.21541666666666667,,35.0875,82.25416666666666,27.0325,17.009583333333335,0.33416666666666667,25.5625,4.4
2013-03-27,23.180000000000003,30.00375,0.3545833333333333,,53.18,90.35875,24.842916666666667,12.372916666666667,0.3933333333333333,18.958333333333332,4.6
2013-03-28,7.854166666666667,21.99416666666667,0.5225,,29.859166666666667,73.83749999999999,26.31125,30.277916666666666,0.21666666666666667,26.0,0.0
2013-03-29,11.826666666666666,19.496666666666666,0.18083333333333332,,31.354166666666668,82.42458333333333,25.2,21.623333333333335,0.24583333333333335,15.041666666666666,1.7999999999999998
2013-03-30,23.9825,27.435000000000002,0.5979166666666667,,51.327916666666674,77.22125,25.506666666666664,16.520416666666666,0.33125,24.083333333333332,4.2
2013-03-31,25.86208333333333,30.671666666666667,0.96,,56.569583333333334,74.92416666666666,27.261666666666667,23.037499999999998,0.36125,24.875,0.0
2013-04-01,26.237916666666667,26.791666666666668,0.3254166666666667,,53.08208333333334,71.81458333333333,28.5975,23.617500000000003,0.295,27.6875,0.0
2013-04-02,38.75666666666667,34.553333333333335,2.6795833333333334,,73.30888888888889,73.34958333333334,28.832916666666666,35.65875,0.41312499999999996,50.90909090909091,49.4
2013-04-03,30.28708333333333,35.30291666666667,0.08166666666666667,,65.605,88.895,25.709166666666665,7.629583333333334,0.48833333333333334,,34.4
2013-04-04,46.885,38.70166666666667,0.41562499999999997,,85.51791666666666,75.65249999999999,28.4675,14.398333333333333,0.4033333333333333,,0.0
2013-04-05,41.18666666666667,29.361666666666668,0.6995833333333333,,70.52625,82.06833333333334,27.445833333333336,3.63875,0.51,,6.0
2013-04-06,14.954166666666666,22.374166666666667,0.7087500000000001,,37.23416666666667,71.39708333333333,28.959166666666665,15.615833333333333,0.3875,,0.0
2013-04-07,23.213333333333335,30.575000000000003,0.10166666666666667,,53.706250000000004,74.73875,28.53833333333333,19.28375,0.42791666666666667,,0.0
2013-04-08,26.519583333333333,31.648749999999996,0.69625,,58.130833333333335,71.29875,27.402916666666666,22.751666666666665,0.33416666666666667,,0.6000000000000001
2013-04-09,31.772499999999997,32.4175,1.2633333333333334,,64.21875,80.6725,25.5125,8.582083333333333,0.435,,7.0
2013-04-10,35.975833333333334,36.64541666666667,2.3225000000000002,,72.61041666666667,75.18625,26.087500000000002,11.185833333333333,0.3429166666666667,,0.2
2013-04-11,24.110833333333332,37.469166666666666,1.7291666666666667,,61.569583333333334,69.04375,27.635416666666668,18.558333333333334,0.3675,,0.0
2013-04-12,48.74,44.475,3.3441666666666667,,93.26666666666667,63.697916666666664,29.952083333333334,12.692083333333334,0.5537500000000001,73.4,0.0
2013-04-13,27.75125,30.52625,2.02375,,58.260416666666664,77.41291666666667,28.640416666666667,17.357083333333332,0.40208333333333335,41.666666666666664,18.8
2013-04-14,9.34625,22.037499999999998,0.7704166666666667,,31.455,93.12916666666666,23.20625,27.610416666666666,0.28250000000000003,15.25,23.8
2013-04-15,13.065416666666666,24.88208333333333,0.7091666666666666,,37.944583333333334,78.66250000000001,24.060833333333335,19.523333333333333,0.21083333333333334,27.791666666666668,0.0
2013-04-16,18.336666666666666,27.81895833333333,2.3020833333333335,,46.16354166666667,71.75791666666667,25.3575,29.536458333333332,0.21958333333333335,33.375,4.8
2013-04-17,14.59375,25.539583333333336,1.165,,40.13166666666667,67.11208333333333,24.601666666666663,30.17833333333333,0.20208333333333336,32.958333333333336,0.0
2013-04-18,19.491666666666667,25.0125,0.6716666666666667,,44.51,71.71333333333332,24.16416666666667,20.746666666666666,0.19583333333333333,28.625,0.0
2013-04-19,18.385,27.319999999999997,2.3804166666666666,,45.695,74.69625,24.808333333333334,16.69333333333333,0.3120833333333333,30.625,0.0
2013-04-20,18.719583333333333,25.441458333333333,1.47625,,44.16020833333334,73.6725,24.675833333333333,18.350416666666664,0.28541666666666665,31.625,0.0
2013-04-21,8.665000000000001,21.087083333333332,0.9091666666666667,,29.760833333333334,72.47666666666667,24.60666666666667,23.531666666666666,0.1825,25.708333333333332,0.6000000000000001
2013-04-22,24.84875,27.017916666666665,1.2416666666666667,,51.85708333333333,75.08333333333333,23.957916666666666,15.310833333333333,0.32875,29.166666666666668,0.0
2013-04-23,18.51875,27.305833333333336,1.6483333333333334,,45.82208333333333,72.24666666666667,24.142083333333332,21.17833333333333,0.2525,29.625,0.4
2013-04-24,43.593333333333334,31.70625,2.2495833333333333,,75.3325,69.34083333333334,24.194999999999997,24.223333333333333,0.37375,34.416666666666664,0.0
2013-04-25,51.06375,37.37,2.3516666666666666,,88.42,70.41916666666667,24.258333333333336,19.510416666666668,0.36624999999999996,43.041666666666664,0.0
2013-04-26,35.38333333333333,40.606249999999996,1.45,,75.9725,64.18833333333333,25.355833333333333,14.517083333333334,0.4058333333333333,49.166666666666664,0.0
2013-04-27,26.20958333333333,36.12083333333333,1.7054166666666666,,62.334583333333335,70.14583333333333,25.39625,33.657916666666665,0.28791666666666665,46.8125,0.0
2013-04-28,24.464166666666667,35.1975,0.8129166666666666,,59.71208333333333,70.34708333333333,25.197083333333335,42.22083333333333,0.30416666666666664,40.354166666666664,0.0
2013-04-29,39.461052631578944,45.108421052631584,4.234736842105264,,84.64263157894737,72.42052631578947,24.784736842105264,12.513157894736842,0.46842105263157896,54.8125,0.0
2013-04-30,28.258750000000003,40.68833333333333,2.060416666666667,,68.94291666666666,62.23208333333333,27.070833333333336,39.650416666666665,0.3125,52.625,0.0
2013-05-01,6.611666666666667,32.48875,2.017916666666667,,39.099583333333335,74.19416666666666,25.876666666666665,49.62416666666667,0.29541666666666666,55.958333333333336,0.0
2013-05-02,24.289583333333336,39.05458333333333,2.0520833333333335,,63.32125,74.3325,25.815416666666668,34.39625,0.47458333333333336,63.291666666666664,0.0
2013-05-03,32.5425,46.877916666666664,3.3349999999999995,,79.41416666666667,67.98958333333333,27.342083333333335,18.33375,0.47374999999999995,73.25,0.0
2013-05-04,37.83833333333333,45.35041666666667,2.535,,83.1875,57.82041666666667,28.995833333333334,20.302916666666665,0.5516666666666666,65.9375,0.0
2013-05-05,31.97708333333333,34.19833333333333,2.4516666666666667,,66.21541666666667,69.60791666666667,27.30458333333333,54.470416666666665,0.41791666666666666,68.08333333333333,0.0
2013-05-06,24.417916666666667,30.92458333333333,1.8020833333333333,,55.309583333333336,83.81833333333334,22.375416666666666,22.597916666666666,0.35000000000000003,46.958333333333336,10.2
2013-05-07,32.387499999999996,34.61208333333334,1.9460416666666667,,66.988125,71.33375,23.437083333333334,19.131666666666664,0.23124999999999998,35.25,0.0
2013-05-08,17.12333333333333,26.623333333333335,1.2108333333333332,,43.742916666666666,64.96333333333332,22.465,24.05333333333333,0.25666666666666665,37.708333333333336,1.4
2013-05-09,60.734583333333326,44.528333333333336,1.5829166666666667,,105.29833333333333,65.72291666666668,22.515833333333333,21.99416666666667,0.39625,51.708333333333336,0.0
2013-05-10,63.10166666666667,47.885416666666664,0.98,,111.00125000000001,68.75708333333334,23.511666666666667,21.07,0.4779166666666667,57.166666666666664,0.0
2013-05-11,29.433333333333334,43.961666666666666,3.0525,,73.41000000000001,64.31166666666667,24.4025,24.7475,0.39125000000000004,42.083333333333336,0.0
2013-05-12,49.302083333333336,41.475833333333334,1.6987499999999998,,90.81666666666666,64.335,25.22791666666667,15.43625,0.5379166666666667,42.208333333333336,0.0
2013-05-13,39.562083333333334,48.471666666666664,3.119375,,88.02416666666666,64.4175,26.157916666666665,20.41208333333333,0.45333333333333337,60.125,0.0
2013-05-14,63.16916666666666,50.45416666666667,4.464166666666666,,113.62916666666666,60.6975,27.92,15.503333333333332,0.5908333333333333,68.83333333333333,0.0
2013-05-15,83.92083333333333,57.201249999999995,2.51125,,141.105,55.14625,29.27125,9.62,0.6429166666666667,74.125,0.0
2013-05-16,34.75,35.81166666666667,0.9458333333333333,,70.52458333333334,66.54708333333333,27.874166666666667,27.721249999999998,0.16708333333333333,42.75,0.0
2013-05-17,7.819583333333333,30.972083333333334,0.030833333333333334,,38.79208333333333,93.07291666666667,22.834166666666665,24.028750000000002,0.23208333333333334,13.8125,26.999999999999996
2013-05-18,15.520833333333334,37.7175,0.09208333333333334,,53.240833333333335,92.3925,21.902083333333334,13.067083333333334,0.29125,21.541666666666668,3.6
2013-05-19,17.035,32.33375,0.7487499999999999,,49.348749999999995,76.56083333333333,23.482083333333335,23.919166666666666,0.20958333333333334,22.791666666666668,0.0
2013-05-20,51.5975,46.06125,3.725,,97.55041666666666,70.86916666666666,25.378333333333334,17.177083333333332,0.39291666666666664,38.375,0.0
2013-05-21,21.254583333333333,31.83875,0.5154166666666666,,53.07749999999999,78.1975,25.21666666666667,21.5175,0.30833333333333335,35.604166666666664,0.0
2013-05-22,17.75875,27.91625,1.1145833333333333,,45.69166666666666,75.69083333333333,24.891458333333333,23.164166666666663,0.3125,36.479166666666664,7.999999999999999
2013-05-23,20.21,32.84666666666667,0.5608333333333333,,53.0425,85.53500000000001,23.101249999999997,15.587916666666667,0.37166666666666665,21.791666666666668,8.2
2013-05-24,32.134166666666665,42.21208333333333,0.42291666666666666,,74.3275,86.54291666666667,22.35375,8.560416666666667,0.43375,24.583333333333332,1.2000000000000002
2013-05-25,24.541052631578946,33.66263157894737,0.49875,,58.20368421052631,78.65833333333333,22.718333333333334,17.351666666666667,0.40458333333333335,27.958333333333332,0.0
2013-05-26,49.57416666666666,34.43625,2.232083333333333,,84.04875,74.70458333333333,22.904583333333335,19.39708333333333,0.5116666666666667,39.9375,0.0
2013-05-27,48.00875,38.880833333333335,1.1270833333333334,,86.87666666666667,67.90666666666667,24.37875,12.979583333333332,0.3070833333333333,30.25,0.0
2013-05-28,26.826666666666668,32.68895833333333,0.7999999999999999,,59.53604166666667,68.19,25.235833333333332,22.71875,0.3385416666666667,22.9375,8.799999999999999
2013-05-29,27.891666666666666,29.956666666666667,0.5958333333333333,,57.83833333333333,61.65375,26.353333333333335,16.020833333333332,0.2816666666666667,18.208333333333332,0.2
2013-05-30,17.327916666666667,25.187916666666666,1.2670833333333333,,42.50875,67.04458333333334,25.885833333333334,22.95,0.25166666666666665,23.25,0.2
2013-05-31,35.7875,39.487500000000004,0.4395833333333334,,75.32666666666667,88.10708333333334,22.150833333333335,14.097499999999998,0.36874999999999997,28.666666666666668,3.6
2013-06-01,55.365,44.425000000000004,2.18375,,99.82375,74.9775,24.190833333333334,19.405833333333334,0.6141666666666666,44.833333333333336,0.0
2013-06-02,47.562916666666666,33.84166666666667,1.1808333333333334,,81.375,74.77499999999999,25.5325,20.179166666666667,0.41958333333333336,42.291666666666664,0.0
2013-06-03,32.312916666666666,39.4575,2.22625,,71.78208333333333,88.94583333333333,23.190833333333334,10.45125,0.4666666666666666,24.25,19.4
2013-06-04,29.741249999999997,40.33208333333334,2.669583333333333,,70.03333333333333,92.57166666666666,21.472083333333334,12.187916666666666,0.37375,27.666666666666668,11.6
2013-06-05,74.99958333333333,48.6175,4.209583333333334,,123.59875,81.46416666666666,23.240416666666665,12.282916666666667,0.5808333333333333,52.020833333333336,0.2
2013-06-06,87.39416666666666,47.78666666666667,1.5708333333333335,,135.1225,68.6021052631579,25.315833333333334,10.085416666666667,0.55,51.666666666666664,0.0
2013-06-07,38.267916666666665,42.41625,0.715,,80.68166666666666,78.88875,25.669166666666666,21.596666666666668,0.43083333333333335,46.541666666666664,0.0
2013-06-08,32.829166666666666,41.675000000000004,0.5991666666666666,,74.48958333333333,78.3575,25.064999999999998,33.303333333333335,0.5216666666666666,48.625,0.0
2013-06-09,17.183333333333334,35.647083333333335,1.2545833333333334,,52.86291666666667,71.92833333333333,25.22458333333333,35.18666666666667,0.3745833333333333,38.041666666666664,0.0
2013-06-10,58.009166666666665,46.3125,2.3504166666666664,,104.28458333333333,69.49958333333333,24.862083333333334,17.046666666666667,0.6175,52.125,0.0
2013-06-11,42.9275,51.42416666666667,2.2329166666666667,,94.50166666666667,68.78750000000001,25.55,28.6525,0.27,50.083333333333336,0.0
2013-06-12,31.47,54.63333333333333,1.3679166666666667,,86.10791666666667,76.36291666666666,25.389166666666668,36.38458333333333,0.54625,60.541666666666664,0.0
2013-06-13,19.94875,40.1,1.2366666666666666,,60.01958333333334,80.01041666666667,24.799583333333334,35.197916666666664,0.42291666666666666,42.8125,0.0
2013-06-14,33.167500000000004,40.08083333333334,0.6645833333333333,,73.03416666666666,76.95166666666667,25.101249999999997,28.903750000000002,0.5104166666666666,48.0,0.0
2013-06-15,17.0525,40.89,0.9754166666666667,,57.94,85.56208333333332,22.855833333333333,19.046666666666667,0.5570833333333333,39.9375,6.4
2013-06-16,40.3725,51.64416666666667,2.735,,91.95541666666666,75.09833333333333,24.239166666666666,24.845833333333335,0.6108333333333333,46.416666666666664,0.0
2013-06-17,28.681250000000002,41.83875,0.9329166666666667,,70.535,69.61208333333333,25.39625,15.473333333333334,0.27125,33.333333333333336,0.6000000000000001
2013-06-18,13.185,28.965833333333336,0.6966666666666667,,42.14208333333333,76.25,24.287499999999998,35.19958333333333,0.32,21.125,0.0
2013-06-19,44.16854166666667,50.25541666666667,2.9279166666666665,,94.414375,74.42791666666666,24.557083333333335,14.39125,0.6129166666666667,52.5625,4.8
2013-06-20,24.277916666666666,33.20875,1.41125,,57.473749999999995,81.87666666666667,24.215416666666666,23.817916666666665,0.42041666666666666,55.666666666666664,0.0
2013-06-21,43.05125,48.54541666666666,2.601875,,91.58666666666666,68.56208333333333,26.16625,14.984583333333333,0.6158333333333333,75.77083333333333,0.0
2013-06-22,10.847499999999998,27.660416666666666,1.0120833333333332,,38.48291666666667,62.071666666666665,26.105833333333333,21.16625,0.23666666666666666,40.375,0.0
2013-06-23,11.6725,27.373333333333335,0.5941666666666666,,39.067083333333336,77.36958333333334,22.671666666666667,22.65833333333333,0.2916666666666667,26.208333333333332,0.6000000000000001
2013-06-24,25.971666666666668,38.14458333333334,0.7218749999999999,,64.1225,76.67333333333333,23.110416666666666,15.27125,0.3154166666666667,42.645833333333336,0.0
2013-06-25,44.68166666666667,46.62708333333333,1.5616666666666668,,91.28666666666668,72.24708333333334,24.311666666666667,10.957083333333332,0.4766666666666666,56.791666666666664,0.0
2013-06-26,42.600833333333334,36.16125,1.5741666666666667,,78.75708333333334,75.08333333333333,24.886666666666667,16.677083333333332,0.46291666666666664,50.625,0.0
2013-06-27,31.81458333333333,30.505,0.8897916666666666,,62.31166666666667,78.32458333333334,25.097916666666666,26.8225,0.38125000000000003,44.583333333333336,0.2
2013-06-28,27.76291666666667,43.01666666666667,1.325625,,70.75333333333333,83.34958333333334,24.66541666666667,16.745,0.44458333333333333,42.041666666666664,0.4
2013-06-29,40.430416666666666,43.95666666666667,1.8458333333333332,,84.31916666666667,66.74249999999999,27.42625,15.407916666666667,0.6741666666666667,58.729166666666664,0.0
2013-06-30,8.622083333333334,26.555000000000003,0.36562500000000003,,35.18,78.13875,25.660833333333333,25.08083333333333,0.25875,33.0,0.0
2013-07-01,17.230416666666667,30.43041666666667,0.285,,47.665416666666665,88.88625,24.195416666666663,17.257916666666667,0.3620833333333333,30.458333333333332,12.399999999999999
2013-07-02,15.214374999999999,29.713958333333334,0.48770833333333335,,44.945625,90.00291666666668,21.050833333333333,24.80541666666667,0.27208333333333334,13.041666666666666,13.200000000000001
2013-07-03,37.837916666666665,43.78208333333333,0.37437499999999996,,81.6225,75.06291666666667,22.17375,8.874166666666666,0.35708333333333336,42.708333333333336,0.0
2013-07-04,55.10666666666666,49.30583333333333,2.6408333333333336,,104.3875,69.855,22.76875,14.604999999999999,0.35958333333333337,42.416666666666664,0.0
2013-07-05,93.11708333333333,54.84458333333333,3.265625,,147.97,68.00958333333334,22.88291666666667,13.823333333333332,0.6,54.416666666666664,0.0
2013-07-06,89.40375,42.30833333333333,1.561875,,131.69,66.28875000000001,23.20958333333333,10.85875,0.7808333333333334,62.416666666666664,0.0
2013-07-07,36.3575,37.50125,0.8772916666666667,,73.84958333333334,56.326249999999995,24.929999999999996,21.299583333333334,0.36874999999999997,47.583333333333336,0.0
2013-07-08,49.168958333333336,32.077708333333334,1.0185416666666667,,81.27583333333332,73.97916666666667,22.95125,26.55916666666667,0.35083333333333333,43.041666666666664,0.8
2013-07-09,21.581458333333334,33.135,0.38895833333333335,,54.72291666666666,79.425,21.901666666666667,20.303333333333335,0.2675,27.375,0.0
2013-07-10,53.10583333333333,37.370416666666664,1.5673529411764706,,90.47166666666668,72.61749999999999,21.55541666666667,12.712916666666667,0.39166666666666666,42.666666666666664,0.0
2013-07-11,34.98041666666666,41.70916666666667,2.0172916666666665,,76.69166666666668,66.08749999999999,22.33,14.937083333333334,0.29333333333333333,39.916666666666664,0.0
2013-07-12,68.03166666666667,48.977916666666665,3.8010416666666664,,116.95,65.62583333333333,22.994583333333335,18.018333333333334,0.4975,48.833333333333336,0.0
2013-07-13,48.724583333333335,43.81583333333333,2.9635416666666665,,92.55416666666667,61.465,25.67625,18.82708333333333,0.48041666666666666,52.458333333333336,0.0
2013-07-14,36.089999999999996,36.37916666666667,1.78,,72.44875,63.270833333333336,26.93041666666667,23.101249999999997,0.3933333333333333,42.833333333333336,24.599999999999998
2013-07-15,15.695833333333333,25.848333333333333,0.8445833333333334,,41.58708333333333,74.00750000000001,25.11791666666667,39.275416666666665,0.22208333333333333,25.208333333333332,0.4
2013-07-16,8.9125,26.389166666666668,0.203125,,35.30583333333333,85.04416666666667,22.329583333333332,29.055000000000003,0.22875,21.625,5.0
2013-07-17,30.46166666666667,41.78375,1.4372916666666666,,72.22375,74.61458333333333,24.51125,22.295416666666668,0.35541666666666666,49.666666666666664,0.0
2013-07-18,55.56125,44.18333333333334,1.5112500000000002,,99.76083333333334,66.7225,26.185000000000002,18.786666666666665,0.6375000000000001,60.791666666666664,0.0
2013-07-19,21.232499999999998,30.874166666666667,0.694375,,52.09833333333333,72.1375,25.675416666666667,35.25875,0.19291666666666665,42.5625,0.8
2013-07-20,43.74,50.56666666666666,3.995416666666667,,94.27958333333333,71.56833333333333,27.089166666666667,30.62708333333333,0.5670833333333333,54.666666666666664,0.0
2013-07-21,14.95125,29.639583333333334,2.447083333333333,,44.58041666666667,56.895,28.72,41.388333333333335,0.285,48.375,0.0
2013-07-22,12.273333333333333,28.107916666666668,0.7354166666666666,,40.39041666666667,84.06,24.962500000000002,33.047916666666666,0.22208333333333333,37.666666666666664,0.2
2013-07-23,3.2412500000000004,18.395,0.12083333333333333,,21.63208333333333,89.13499999999999,19.989166666666666,33.970416666666665,0.13375,11.333333333333334,3.4000000000000004
2013-07-24,16.957916666666666,29.5975,0.5958333333333333,,46.55375,86.39416666666666,16.27625,20.27125,0.23375,14.4375,26.4
2013-07-25,23.62125,33.24208333333333,0.7841666666666667,,56.86375,94.29541666666667,16.959166666666665,11.484583333333333,0.2804166666666667,11.791666666666666,20.6
2013-07-26,27.7225,27.27208333333333,1.1535416666666667,,55.00125,77.83875,19.52875,27.010833333333334,0.11333333333333334,17.375,1.4
2013-07-27,19.07875,28.75583333333333,0.930625,,47.844166666666666,81.13083333333333,20.60375,24.959166666666665,0.3229166666666667,24.75,0.4
2013-07-28,40.912083333333335,27.616249999999997,1.53125,,68.51208333333334,77.96833333333333,20.2775,20.460416666666667,0.42166666666666663,38.541666666666664,0.0
2013-07-29,29.5725,33.312083333333334,1.5104166666666667,,62.88958333333333,74.99374999999999,20.90791666666667,24.523749999999996,0.295,35.833333333333336,0.0
2013-07-30,29.925416666666667,45.14791666666667,3.1650000000000005,,75.065,74.03083333333333,20.861250000000002,26.577916666666667,0.49416666666666664,57.333333333333336,4.6
2013-07-31,72.17708333333333,57.76958333333334,6.377894736842106,,129.91604166666667,73.70520833333333,21.978333333333335,24.085416666666664,0.6085416666666666,87.08333333333333,0.0
2013-08-01,77.25958333333334,59.3025,4.657291666666667,,136.49291666666667,67.74875,24.267083333333332,24.470416666666665,0.8025000000000001,88.9375,0.0
2013-08-02,76.14125,58.97208333333333,4.032291666666667,,135.0825,61.35166666666667,25.308333333333334,31.270833333333332,0.7679166666666667,93.29166666666667,0.0
2013-08-03,70.44541666666667,64.44833333333334,3.5785416666666667,,134.9283333333333,50.870000000000005,26.64708333333333,28.27208333333333,0.7633333333333333,90.20833333333333,0.0
2013-08-04,49.29708333333334,47.89875,3.9562500000000003,,97.13708333333334,58.846666666666664,26.199583333333333,46.55583333333333,0.6375000000000001,82.1875,0.0
2013-08-05,9.266250000000001,30.404791666666668,0.9083333333333333,,39.671458333333334,79.74062500000001,23.200416666666666,47.572291666666665,0.26333333333333336,47.041666666666664,0.0
2013-08-06,31.726249999999997,39.3575,1.155625,,71.10833333333333,75.355,23.969583333333333,30.870416666666667,0.37666666666666665,58.708333333333336,0.0
2013-08-07,31.37875,58.51083333333333,3.9456249999999997,,89.90791666666667,77.1925,23.28625,25.552916666666665,0.62375,79.75,0.0
2013-08-08,57.16791666666666,51.18416666666667,4.536041666666667,,108.3325,64.9425,26.337500000000002,15.279583333333333,0.5325,71.91666666666667,0.0
2013-08-09,67.93958333333333,54.71333333333333,3.0383333333333336,,122.65916666666668,50.58208333333334,27.421666666666667,17.389583333333334,0.5675,69.875,0.0
2013-08-10,31.372500000000002,40.63125,1.9220833333333334,,71.96166666666666,70.58333333333333,25.30333333333333,31.721249999999998,0.30916666666666665,63.5625,0.0
2013-08-11,8.087083333333334,23.748333333333335,0.8166666666666668,,31.834166666666665,73.02625,21.4075,32.20708333333334,0.245,45.958333333333336,0.0
2013-08-12,38.46666666666667,45.51708333333334,5.585,,84.00875,69.29916666666666,22.89125,31.339583333333334,0.3983333333333334,53.0625,0.0
2013-08-13,50.28666666666667,66.05791666666667,8.336666666666666,,116.30333333333334,68.86125,26.807083333333335,33.934999999999995,0.5995833333333334,88.625,0.0
2013-08-14,7.510000000000001,23.429166666666664,0.8483333333333333,,30.933333333333334,78.70375,22.265833333333333,48.0,0.08416666666666667,45.708333333333336,4.0
2013-08-15,7.68375,23.81458333333333,0.4920833333333334,,31.4875,69.62333333333333,19.391666666666666,40.272083333333335,0.20375,19.333333333333332,3.1999999999999997
2013-08-16,34.7825,43.32666666666666,2.457291666666667,,78.10166666666667,66.29583333333333,21.294583333333332,20.82375,0.2775,35.083333333333336,0.0
2013-08-17,21.837083333333336,39.050000000000004,2.2729166666666667,,60.86375,70.30375,22.597916666666666,24.05666666666667,0.2758333333333333,36.125,0.0
2013-08-18,14.582083333333335,25.44125,0.785,,40.038333333333334,73.87541666666667,21.31416666666667,32.208333333333336,0.24875,16.375,0.4
2013-08-19,29.771666666666665,35.768750000000004,1.4075,,65.51166666666667,67.0,22.691666666666666,24.27541666666667,0.215,25.895833333333332,0.0
2013-08-20,28.631666666666664,34.8825,0.9206249999999999,,63.51333333333333,67.35875,23.407083333333333,31.9825,0.19208333333333336,23.541666666666668,0.0
2013-08-21,69.64708333333333,44.60916666666666,2.734583333333333,,114.24166666666667,65.93833333333333,25.051666666666666,20.082916666666666,0.36833333333333335,31.75,0.0
2013-08-22,47.03708333333333,41.48291666666667,3.6962499999999996,,88.5075,53.706250000000004,27.91333333333333,19.0125,0.4995833333333333,49.854166666666664,0.0
2013-08-23,49.18631578947368,34.451578947368425,1.2954166666666667,,83.73789473684211,54.96791666666667,28.617500000000003,33.565416666666664,0.28208333333333335,44.875,0.0
2013-08-24,4.425416666666667,20.325,0.5095833333333334,,24.775000000000002,76.27875,24.764166666666668,64.66708333333334,0.27125,42.583333333333336,0.0
2013-08-25,22.577916666666667,26.81,2.2266666666666666,,49.36875,73.90666666666667,25.480416666666667,59.91958333333333,0.31708333333333333,52.25,0.0
2013-08-26,3.0425,20.566666666666666,0.9931578947368421,,23.59583333333333,81.56916666666667,22.690416666666668,49.63583333333333,0.21916666666666665,35.75,0.0
2013-08-27,4.885000000000001,24.694999999999997,0.4395833333333334,,29.573333333333334,88.14083333333333,20.182083333333335,27.2925,0.14291666666666666,19.8125,3.0
2013-08-28,8.579583333333334,22.777083333333334,0.6483333333333333,,31.345,68.95875,19.95,35.85458333333333,0.17875,20.083333333333332,0.2
2013-08-29,34.43,38.21333333333333,1.60875,,72.72833333333334,67.83125,21.28,26.74625,0.18875,34.791666666666664,0.0
2013-08-30,39.17791666666667,46.30875,2.402083333333333,,85.47791666666666,64.31958333333334,23.94458333333333,30.823333333333334,0.33,49.541666666666664,0.0
2013-08-31,30.127499999999998,44.571666666666665,3.9254166666666666,,74.71,59.90416666666667,24.6775,31.226249999999997,0.375,51.645833333333336,0.0
2013-09-01,27.205,42.77041666666667,2.6645833333333333,,69.985,49.93958333333333,26.996666666666666,32.552083333333336,0.3854166666666667,50.479166666666664,0.0
2013-09-02,24.694999999999997,43.62375,2.23625,,68.34833333333333,58.23,27.722916666666666,41.629583333333336,0.35708333333333336,61.333333333333336,0.0
2013-09-03,28.262083333333333,33.80041666666667,2.402083333333333,,62.05625,67.05166666666666,25.647499999999997,47.54208333333333,0.41458333333333336,62.416666666666664,14.400000000000002
2013-09-04,17.757916666666667,39.946666666666665,0.4354166666666666,,57.71,93.50666666666666,21.164583333333333,25.014583333333334,0.41875,22.375,13.8
2013-09-05,28.09875,32.77,0.56625,,60.85458333333333,80.35416666666667,22.379583333333333,25.348333333333333,0.19958333333333333,29.0,4.3999999999999995
2013-09-06,25.0325,33.456250000000004,1.0854166666666667,,58.56333333333333,63.285,23.358333333333334,28.842916666666667,0.1925,31.541666666666668,0.0
2013-09-07,17.381666666666664,30.964583333333334,1.3554166666666667,,48.35708333333333,65.06333333333333,23.524583333333336,35.95083333333333,0.23291666666666666,28.041666666666668,0.0
2013-09-08,24.331666666666667,35.619166666666665,0.7741666666666668,,59.98583333333334,57.285,25.975416666666664,30.68958333333333,0.3725,32.0,0.0
2013-09-09,37.39125,36.94083333333334,2.5654166666666667,,74.2675,64.85083333333334,26.189999999999998,29.883333333333336,0.38833333333333336,43.166666666666664,0.0
2013-09-10,11.042499999999999,32.07375,3.27125,,43.1325,72.92958333333333,25.70625,49.278333333333336,0.24875,44.458333333333336,0.0
2013-09-11,26.290000000000003,37.355,4.864166666666667,,63.62041666666667,60.03708333333333,27.024583333333336,34.754583333333336,0.25916666666666666,44.416666666666664,0.0
2013-09-12,50.97291666666666,40.56375,3.1191666666666666,,91.58416666666666,54.576666666666675,26.80875,15.81875,0.33791666666666664,42.458333333333336,0.0
2013-09-13,41.8925,44.41395833333333,2.6045833333333333,,86.291875,51.82458333333333,27.575,13.82875,0.476875,50.3125,4.6
2013-09-14,31.485416666666666,40.350833333333334,1.8691666666666666,,71.83791666666667,47.79416666666666,29.28916666666667,23.440416666666668,0.3720833333333333,57.083333333333336,0.0
2013-09-15,33.649166666666666,40.55083333333334,2.6408333333333336,,74.22166666666666,46.52875,30.57875,30.232083333333335,0.28291666666666665,50.25,0.0
2013-09-16,39.5675,39.780833333333334,1.7697916666666667,,79.22833333333334,49.370000000000005,30.220416666666665,36.70458333333333,0.27375,47.625,0.0
2013-09-17,29.219166666666666,39.765,1.6270833333333332,,68.98125,70.125,27.302083333333332,38.217083333333335,0.35375,54.416666666666664,4.6
2013-09-18,5.0495833333333335,24.07166666666667,0.19958333333333333,,29.115,85.37916666666666,23.47583333333333,25.790000000000003,0.18416666666666667,17.395833333333332,0.8
2013-09-19,7.245,23.877499999999998,0.8508333333333334,,31.120833333333334,88.06374999999998,24.160833333333333,28.258333333333336,0.22958333333333333,26.333333333333332,2.2
2013-09-20,30.288749999999997,37.2675,2.07,,67.45791666666666,75.91458333333334,27.59625,37.33958333333333,0.30916666666666665,42.625,0.2
2013-09-21,31.805416666666662,38.43416666666667,2.43625,,70.22083333333333,53.57083333333333,30.922916666666666,21.538749999999997,0.615,55.979166666666664,0.0
2013-09-22,8.494583333333333,18.71,0.51625,,27.1875,69.81083333333333,27.288749999999997,47.54541666666666,0.15375,43.458333333333336,0.0
2013-09-23,20.345833333333335,32.05166666666667,0.3658333333333333,,52.39166666666667,79.82666666666667,25.68541666666667,43.099583333333335,0.22166666666666668,29.041666666666668,1.8
2013-09-24,14.165833333333333,28.554166666666664,0.14333333333333334,,42.685,87.87083333333334,23.547083333333333,36.24875,0.22416666666666665,21.895833333333332,13.6
2013-09-25,2.9225,14.180833333333332,0.042916666666666665,,17.085833333333333,67.90875,21.072083333333335,45.62958333333333,0.06666666666666667,21.458333333333332,3.0
2013-09-26,11.58625,21.613333333333333,0.6916666666666668,,33.19875,58.2425,21.59583333333333,34.10166666666667,0.09583333333333333,29.25,0.0
2013-09-27,23.62875,23.899583333333336,0.6966666666666667,,47.53541666666666,60.65541666666667,21.394583333333333,31.442083333333333,0.16333333333333333,24.833333333333332,0.0
2013-09-28,31.648750000000003,32.17875,0.7208333333333333,,63.82958333333334,56.96291666666667,23.77125,35.52041666666667,0.2554166666666667,40.125,0.0
2013-09-29,12.428749999999999,30.825,0.9716666666666667,,43.23166666666666,77.14291666666666,23.26375,30.03708333333333,0.35625,33.458333333333336,3.6000000000000005
2013-09-30,32.1275,44.91791666666666,2.0749999999999997,,77.03416666666666,69.87666666666667,26.25208333333333,27.675833333333333,0.3695833333333334,45.958333333333336,0.0
2013-10-01,13.90125,28.082916666666666,1.125,,42.010416666666664,61.96333333333333,27.71375,57.12708333333333,0.23625,32.083333333333336,0.0
2013-10-02,16.80666666666667,34.05291666666667,0.68125,,50.83416666666667,83.37875,24.527916666666666,38.46041666666667,0.26,33.520833333333336,5.6
2013-10-03,43.83041666666667,44.78875,1.2941666666666667,,88.54333333333334,76.08791666666667,25.950416666666666,23.843333333333334,0.4070833333333333,39.979166666666664,0.0
2013-10-04,33.76291666666667,41.468333333333334,0.7087499999999999,,75.20291666666667,84.10541666666667,25.360833333333332,9.854583333333332,0.6210416666666666,41.63157894736842,11.6
2013-10-05,12.195,22.190416666666668,0.47374999999999995,,34.39041666666667,72.1825,24.100416666666664,36.31333333333333,0.17458333333333334,20.416666666666668,0.6
2013-10-06,5.650833333333334,17.10875,0.31375000000000003,,22.762916666666666,62.965833333333336,22.718333333333334,42.22208333333334,0.09625,13.458333333333334,0.0
2013-10-07,19.647083333333335,31.45875,1.5920833333333333,,51.090833333333336,82.01125,20.769166666666667,16.964166666666667,0.26416666666666666,10.3125,10.2
2013-10-08,27.942916666666665,32.30041666666667,1.8945833333333333,,60.26125,69.90916666666666,22.178749999999997,22.16333333333333,0.17916666666666667,22.333333333333332,0.0
2013-10-09,42.66625,35.264583333333334,0.9383333333333334,,77.85208333333334,60.33958333333334,23.289583333333336,25.77125,0.11875000000000001,30.208333333333332,0.0
2013-10-10,23.762083333333333,30.68375,1.0225,,54.428333333333335,56.286249999999995,24.360416666666666,35.23041666666666,0.15541666666666668,29.875,0.0
2013-10-11,22.16916666666667,31.7925,1.1920833333333334,,53.93333333333334,57.54125,24.975416666666664,30.261666666666667,0.16041666666666668,31.5,0.0
2013-10-12,19.700833333333332,26.095,0.49541666666666667,,45.74583333333334,55.17333333333334,26.144166666666667,30.814999999999998,0.12625,29.75,0.0
2013-10-13,19.84625,27.080833333333334,0.8070833333333334,,46.93208333333333,49.03916666666667,28.158749999999998,26.440416666666668,0.17958333333333334,33.791666666666664,0.0
2013-10-14,36.4325,45.874583333333334,2.6145833333333335,,82.34,48.29458333333333,29.787916666666664,21.37625,0.31124999999999997,51.354166666666664,0.0
2013-10-15,6.560833333333334,27.931250000000002,1.08375,,34.4775,73.62,25.80333333333333,36.58,0.20083333333333334,53.458333333333336,0.0
2013-10-16,14.037916666666666,32.15,0.06291666666666666,,46.18333333333334,92.68041666666666,23.955833333333334,24.75791666666667,0.31583333333333335,24.5625,38.6
2013-10-17,7.776666666666666,28.10291666666667,0.9491666666666667,,35.869166666666665,89.10125,24.493750000000002,20.527916666666666,0.20541666666666666,24.5625,6.4
2013-10-18,26.116666666666664,32.79625,0.8937499999999999,,58.89416666666667,79.00583333333334,25.596666666666668,27.93625,0.29333333333333333,28.333333333333332,7.4
2013-10-19,7.755,22.3625,0.8166666666666668,,30.118333333333336,71.30083333333333,25.605416666666667,41.65375,0.17875,18.541666666666668,0.0
2013-10-20,15.207083333333332,33.01916666666667,0.5520833333333334,,48.23166666666666,65.91416666666667,28.58875,51.54416666666666,0.30375,35.958333333333336,0.0
2013-10-21,41.01,46.41458333333333,3.202083333333333,,87.4925,56.06791666666667,32.64791666666667,38.37208333333333,0.39458333333333334,52.1875,0.0
2013-10-22,12.941666666666668,25.022499999999997,0.5470833333333333,,37.90833333333333,68.94333333333334,28.13416666666667,59.39833333333333,0.19958333333333333,39.875,0.0
2013-10-23,19.785833333333333,42.63270833333333,1.7933333333333332,,62.44083333333333,67.98770833333333,29.145625,54.622083333333336,0.34791666666666665,60.583333333333336,0.0
2013-10-24,20.782083333333333,30.352500000000003,0.5075,,51.098749999999995,62.19416666666667,30.41125,43.61291666666667,0.22208333333333333,53.375,0.0
2013-10-25,7.567083333333333,20.512708333333332,0.7333333333333334,,28.101458333333337,76.99625,26.667916666666667,45.802083333333336,0.08166666666666667,36.145833333333336,4.6
2013-10-26,16.194583333333334,31.668333333333333,0.3925,,47.85125,72.65416666666667,27.379583333333333,31.051666666666666,0.24541666666666664,25.608695652173914,0.6
2013-10-27,10.920416666666666,21.245416666666667,0.3545833333333333,,32.130833333333335,61.80875,28.150000000000002,41.321666666666665,0.16375,,0.0
2013-10-28,4.61,14.788333333333334,0.42770833333333336,,19.37875,61.135416666666664,24.849166666666665,46.52458333333333,0.13375,42.0,0.4
2013-10-29,35.54708333333333,30.06041666666667,0.8975,,65.66708333333334,55.86416666666667,23.025833333333335,28.5475,0.07916666666666668,41.041666666666664,0.0
2013-10-30,42.58416666666667,40.19833333333333,1.4345833333333333,,82.77791666666667,58.47,24.35375,26.496666666666666,0.31,47.3125,0.0
2013-10-31,42.1575,34.829166666666666,0.535,,76.98666666666666,71.49875,23.538749999999997,22.53833333333333,0.6479166666666667,26.666666666666668,0.0
2013-11-01,40.293749999999996,38.1725,1.39375,,78.50625,58.31125,24.7075,29.724999999999998,0.5704166666666667,32.375,0.0
2013-11-02,33.31041666666667,32.62583333333333,1.1104166666666666,,65.93541666666667,54.36541666666667,26.366249999999997,44.274166666666666,0.8105555555555556,31.958333333333332,0.0
2013-11-03,13.07,26.528750000000002,1.8729166666666666,,39.61208333333333,50.12416666666667,28.255,50.65708333333333,0.7934782608695652,32.666666666666664,0.0
2013-11-04,32.065000000000005,30.789166666666663,0.6749999999999999,,62.73229166666667,60.85708333333333,26.834999999999997,39.885416666666664,0.6445833333333334,37.583333333333336,0.0
2013-11-05,4.847083333333333,20.882916666666667,0.009166666666666667,,25.710416666666664,84.12958333333334,22.75208333333333,39.222500000000004,0.6083333333333333,20.4375,4.8
2013-11-06,9.975624999999999,27.513125000000002,0.10875,,37.47270833333334,93.93624999999999,21.237916666666667,18.560416666666665,0.58,12.270833333333334,13.599999999999998
2013-11-07,31.279583333333335,43.364583333333336,0.8275,,74.63333333333334,93.9575,22.095416666666665,11.354166666666666,0.5241666666666667,17.916666666666668,25.8
2013-11-08,11.387500000000001,34.59166666666667,0.7395833333333334,,45.97291666666666,80.29375,24.159583333333334,25.895833333333332,0.4916666666666667,28.0,0.0
2013-11-09,22.993333333333336,28.86916666666667,1.8925,,51.882083333333334,72.68291666666667,26.548333333333332,37.27583333333333,0.4175,26.541666666666668,0.4
2013-11-10,39.806666666666665,31.53,1.6770833333333333,,71.35458333333334,68.09666666666666,28.371666666666666,36.14791666666667,0.37958333333333333,35.291666666666664,0.0
2013-11-11,31.096666666666668,46.218333333333334,2.87625,,77.30958333333334,53.76708333333334,32.70041666666666,38.43833333333333,0.5075,41.583333333333336,0.0
2013-11-12,25.152500000000003,42.72604166666667,1.0491666666666666,,67.55083333333333,46.39791666666667,34.685833333333335,47.62916666666666,0.32395833333333335,43.125,0.0
2013-11-13,12.121250000000002,21.052083333333332,0.21541666666666667,,33.147083333333335,59.303333333333335,26.968333333333334,46.65958333333333,0.14791666666666667,20.625,0.2
2013-11-14,23.844166666666666,23.017291666666665,0.55875,,46.81479166666667,56.57666666666666,25.812916666666666,33.90958333333334,0.18333333333333335,28.958333333333332,0.0
2013-11-15,11.35125,29.122500000000002,0.42291666666666666,,40.47291666666667,54.12291666666667,27.77541666666667,41.91041666666667,0.24875,38.208333333333336,0.0
2013-11-16,10.190833333333334,25.668333333333333,1.5783333333333334,,35.84375,50.0075,30.89625,38.97375,0.34041666666666665,28.333333333333332,0.0
2013-11-17,12.481250000000001,27.94541666666667,1.44625,,40.4275,87.61958333333332,23.4525,42.78375,0.4283333333333333,22.333333333333332,43.599999999999994
2013-11-18,44.66,54.965,3.377083333333333,,99.66250000000001,69.91416666666667,25.76125,31.919583333333332,0.4891666666666667,33.333333333333336,0.0
2013-11-19,38.56375,46.19208333333333,2.7845833333333334,,84.75791666666667,66.43791666666667,29.0175,32.54416666666667,0.4791666666666667,39.791666666666664,0.0
2013-11-20,19.39375,38.174166666666665,0.8104166666666667,,57.56041666666667,56.06041666666667,31.615,37.747083333333336,0.4375,43.083333333333336,0.0
2013-11-21,38.29833333333333,41.29208333333333,1.7054166666666666,,79.5675,50.49666666666667,32.46958333333333,40.54083333333333,0.36916666666666664,41.416666666666664,0.0
2013-11-22,9.7775,31.530833333333334,0.2804166666666667,,41.355,85.70625,25.514166666666668,34.510416666666664,0.45,16.416666666666668,42.0
2013-11-23,14.04625,40.63166666666667,0.33208333333333334,,54.671666666666674,89.62374999999999,24.00583333333333,20.919583333333332,0.4945833333333334,17.25,12.600000000000001
2013-11-24,26.745,31.015833333333333,0.1625,,57.706250000000004,88.94708333333334,24.647916666666664,15.967916666666667,0.44083333333333335,15.5,6.6
2013-11-25,46.181666666666665,45.23791666666667,0.42,,91.38583333333334,91.51416666666667,24.863333333333333,5.364583333333333,0.5408333333333334,23.875,8.8
2013-11-26,37.72291666666667,35.399166666666666,0.67,,73.12583333333333,87.13916666666667,24.937916666666666,6.204166666666667,0.43041666666666667,19.458333333333332,5.2
2013-11-27,41.18208333333333,42.895,4.127916666666667,,84.08125,68.08624999999999,28.515416666666667,20.261666666666667,0.45,33.125,0.0
2013-11-28,36.12708333333334,36.10541666666666,0.7949999999999999,,72.18625,52.68,31.39625,18.84208333333333,0.3575,28.75,0.0
2013-11-29,13.3175,25.493333333333336,0.9402083333333334,,38.812083333333334,65.81083333333333,29.564166666666665,39.614583333333336,0.315,32.0,0.0
2013-11-30,3.3874999999999997,20.57375,0.4375,,23.94666666666667,84.52083333333333,26.954166666666666,27.92833333333333,0.39125000000000004,28.041666666666668,4.800000000000001
2013-12-01,6.095833333333332,20.245833333333334,0.32354166666666667,,26.2975,89.52958333333333,26.39916666666667,18.787916666666664,0.34791666666666665,21.083333333333332,13.6
2013-12-02,20.419999999999998,34.24666666666666,0.10229166666666667,,54.67458333333334,75.1525,28.87625,21.959166666666665,0.42083333333333334,26.625,0.4
2013-12-03,9.41,23.612083333333334,0.14604166666666665,,33.004583333333336,63.14333333333334,30.020416666666666,33.03791666666667,0.2920833333333333,23.916666666666668,0.0
2013-12-04,40.931666666666665,56.14666666666667,2.5256250000000002,,97.06666666666666,56.29458333333333,31.370416666666667,51.52875,0.44708333333333333,46.708333333333336,0.0
2013-12-05,24.38625,37.622499999999995,0.9647916666666667,,61.99666666666667,56.28583333333333,32.78791666666667,55.27791666666667,0.32416666666666666,38.770833333333336,28.4
2013-12-06,8.31,24.685000000000002,0.17979166666666668,,32.98416666666667,70.77583333333334,27.2,47.62833333333333,0.2579166666666667,16.375,0.0
2013-12-07,19.675833333333333,32.41625,0.4760416666666667,,52.088750000000005,71.15083333333332,28.060833333333335,34.5675,0.38916666666666666,37.541666666666664,0.0
2013-12-08,23.995833333333334,29.43166666666667,0.5635416666666667,,53.437083333333334,66.92166666666667,29.542083333333334,38.507083333333334,0.29083333333333333,31.125,0.0
2013-12-09,23.806250000000002,43.29666666666666,0.7925,,67.125,58.999583333333334,32.03791666666667,22.27916666666667,0.45,31.0,0.0
2013-12-10,28.981666666666666,39.19625,0.11541666666666667,,68.16291666666667,70.53041666666667,30.464583333333334,23.55875,0.3852083333333333,42.5,15.799999999999999
2013-12-11,4.3425,22.4225,0.002916666666666667,,26.749583333333334,92.51125,25.435833333333335,29.830416666666668,0.27166666666666667,15.625,36.6
2013-12-12,18.12125,22.485,0.08625000000000001,,40.625,79.46375,25.310000000000002,17.591666666666665,0.24958333333333335,17.020833333333332,1.2000000000000002
2013-12-13,31.151666666666667,29.089166666666667,0.26125000000000004,,60.21666666666667,75.00333333333333,25.377499999999998,8.462916666666667,0.28458333333333335,25.270833333333332,0.0
2013-12-14,36.824999999999996,31.621666666666666,1.0425,,68.39666666666666,66.60541666666667,27.05,17.8625,0.26458333333333334,24.270833333333332,0.0
2013-12-15,32.39541666666667,26.229166666666668,0.38458333333333333,,58.51583333333334,68.58083333333333,27.245416666666667,21.145,0.26458333333333334,21.75,0.0
2013-12-16,14.770000000000001,21.012083333333333,0.27291666666666664,,35.78208333333333,72.62,26.056250000000002,17.986666666666668,0.24833333333333332,17.75,0.4
2013-12-17,29.294166666666666,29.41125,0.5954166666666667,,58.74166666666667,76.98333333333333,25.114583333333332,12.234583333333333,0.2833333333333333,19.9375,0.0
2013-12-18,16.007916666666667,23.985,0.42583333333333334,,39.9925,79.3125,25.57875,17.679583333333333,0.24041666666666664,15.166666666666666,14.999999999999998
2013-12-19,16.7225,26.91208333333333,0.39375,,43.64458333333334,85.93541666666665,25.64125,21.224999999999998,0.25,13.5,4.8
2013-12-20,8.817083333333333,23.599999999999998,0.25625000000000003,,32.41791666666666,80.64125,26.747083333333336,22.094583333333333,0.27458333333333335,17.354166666666668,4.0
2013-12-21,17.526666666666667,23.190833333333334,0.29083333333333333,,40.735416666666666,76.99916666666667,27.050416666666667,16.43916666666667,0.29833333333333334,20.958333333333332,0.4
2013-12-22,23.245416666666667,23.126666666666665,0.17541666666666667,,46.449999999999996,82.44666666666667,26.546666666666667,12.877916666666666,0.33749999999999997,19.041666666666668,0.4
2013-12-23,5.5625,21.53625,0.0004166666666666667,,27.08458333333333,79.31208333333333,27.24875,21.430833333333336,0.22416666666666665,14.375,0.0
2013-12-24,28.214166666666667,25.67,1.0125,,53.89458333333334,78.86125,27.604166666666668,15.611666666666666,0.30833333333333335,18.5,3.9999999999999996
2013-12-25,14.952083333333334,18.215833333333332,0.7366666666666667,,33.15708333333333,72.67833333333333,28.519166666666667,17.945416666666667,0.285,23.03125,0.2
2013-12-26,44.444583333333334,27.69541666666667,1.5370833333333334,,72.10958333333333,69.615,29.047083333333333,23.067083333333333,0.3833333333333333,30.364583333333332,0.0
2013-12-27,49.6975,35.90625,1.0441666666666667,,85.62166666666667,61.78458333333333,31.12375,35.981249999999996,0.38208333333333333,41.041666666666664,0.0
2013-12-28,14.021666666666667,25.93375,0.6166666666666667,,39.950833333333335,63.47,31.727500000000003,33.48625,0.29125,33.958333333333336,0.0
2013-12-29,6.110416666666667,23.948333333333334,1.0654166666666667,,30.047916666666666,60.02916666666667,32.51291666666666,35.93833333333333,0.3429166666666667,26.875,0.0
2013-12-30,33.85791666666667,32.1,0.45,,65.93541666666667,57.59166666666667,32.579166666666666,25.125833333333333,0.355,25.583333333333332,0.3
2013-12-31,17.157083333333333,24.638333333333335,0.33,,41.80041666666667,61.53791666666667,32.44833333333333,27.107916666666668,0.3458333333333334,19.833333333333332,10.6
2014-01-01,2.0241666666666664,15.950833333333334,0.19833333333333333,,17.965416666666666,53.07583333333333,33.74666666666666,36.35791666666667,0.3016666666666667,23.416666666666668,0.0
2014-01-02,31.452916666666667,42.595,0.5729166666666666,,74.125,57.38166666666667,32.89416666666667,51.76083333333333,0.34708333333333335,27.895833333333332,2.6
2014-01-03,39.916666666666664,41.0725,0.2916666666666667,,80.93833333333333,44.822916666666664,36.20708333333334,36.106249999999996,0.38999999999999996,34.041666666666664,0.0
2014-01-04,3.66,11.780833333333334,0.29875,,15.412916666666666,66.92666666666666,32.43125,38.659166666666664,0.18458333333333332,27.458333333333332,0.0
2014-01-05,9.539583333333333,15.531666666666666,0.030416666666666665,,25.00916666666667,65.42666666666666,30.948333333333334,42.36083333333333,0.285,31.625,0.0
2014-01-06,15.364166666666668,27.664583333333336,0.6377083333333333,,43.007083333333334,59.75666666666667,30.915000000000003,37.22708333333333,0.24375,34.791666666666664,0.0
2014-01-07,31.575833333333335,33.30916666666666,1.1543750000000002,,64.84708333333333,54.34375,30.688333333333333,36.73416666666667,0.23500000000000001,33.291666666666664,0.0
2014-01-08,40.26958333333334,36.30708333333333,1.1316666666666666,,76.58958333333334,48.97708333333333,32.30041666666667,21.132916666666667,0.315,36.020833333333336,0.0
2014-01-09,34.3075,37.42916666666667,1.7310416666666668,,71.78791666666667,50.46375,32.70125,35.12375,0.28250000000000003,41.229166666666664,0.0
2014-01-10,29.43166666666667,40.625416666666666,0.3858333333333333,,70.06291666666667,54.23,32.57833333333333,42.095,0.39749999999999996,51.8125,0.0
2014-01-11,24.079166666666666,32.25291666666667,1.1470833333333335,,56.294999999999995,50.970416666666665,33.888333333333335,23.68625,0.35791666666666666,40.979166666666664,0.0
2014-01-12,7.219166666666666,20.755,1.4433333333333334,,27.942083333333333,61.84291666666667,31.695833333333336,38.194583333333334,0.3025,37.979166666666664,0.0
2014-01-13,25.11708333333333,34.458333333333336,0.4947916666666667,,59.53541666666666,62.30833333333334,31.56833333333333,39.303333333333335,0.3558333333333334,48.333333333333336,0.0
2014-01-14,22.922708333333333,37.041041666666665,0.5875,,59.93875,56.22416666666667,32.73291666666667,41.17,0.31124999999999997,36.166666666666664,0.2
2014-01-15,6.0425,25.70625,,,31.70583333333333,57.04541666666666,32.814166666666665,57.39541666666667,0.2804166666666667,41.583333333333336,0.0
2014-01-16,11.47125,33.26,,,44.758125,72.49157894736841,28.2,40.35631578947368,0.35157894736842105,33.166666666666664,45.800000000000004
2014-01-17,21.3575,33.49708333333333,,,54.82125,72.30375,27.704166666666666,41.352916666666665,0.3229166666666667,19.520833333333332,3.4
2014-01-18,9.753333333333332,22.455,,,32.20583333333333,66.55583333333333,28.45125,41.20458333333333,0.26333333333333336,18.5,0.0
2014-01-19,19.41625,22.967083333333335,,,42.39208333333333,63.999583333333334,29.252916666666664,28.984166666666667,0.25375,20.229166666666668,0.0
2014-01-20,29.544999999999998,30.115714285714287,,,59.714999999999996,62.52285714285715,29.992142857142856,45.14,0.24071428571428571,27.066666666666666,0.0
2014-01-21,22.589333333333332,44.80266666666667,1.386,,67.35600000000001,46.074666666666666,35.112,58.364000000000004,0.3453333333333333,47.3125,0.0
2014-01-22,21.456666666666667,33.3725,0.7241666666666666,,54.76416666666666,47.272083333333335,33.84291666666667,43.02,0.30041666666666667,31.75,0.0
2014-01-23,27.874583333333334,40.879583333333336,1.81125,,68.71958333333333,49.16583333333333,33.41833333333333,42.85333333333333,0.3491666666666667,37.75,0.2
2014-01-24,36.68208333333333,40.58166666666667,2.2979166666666666,,77.30666666666667,51.05916666666667,32.968333333333334,51.17124999999999,0.35708333333333336,32.708333333333336,3.8
2014-01-25,28.815833333333334,36.4275,2.0845833333333332,,65.23166666666667,50.12375,32.54291666666666,57.050000000000004,0.3558333333333333,30.5625,0.0
2014-01-26,6.542916666666667,25.625,0.6908333333333333,,32.18083333333333,57.58625,32.388333333333335,59.354166666666664,0.295,36.791666666666664,0.0
2014-01-27,8.315416666666666,32.449999999999996,1.78875,,40.7175,57.60208333333333,32.71791666666667,48.92125000000001,0.35958333333333337,43.583333333333336,0.0
2014-01-28,20.822916666666668,37.499583333333334,3.341458333333333,,58.32916666666667,48.90166666666667,33.38708333333333,45.14125000000001,0.37333333333333335,55.916666666666664,0.0
2014-01-29,17.589166666666667,37.08708333333333,2.4095833333333334,,54.696666666666665,43.971666666666664,33.23791666666667,45.6975,0.27479166666666666,49.854166666666664,0.0
2014-01-30,28.055625000000003,43.864375,6.1275,,71.87041666666666,48.187916666666666,33.03604166666667,51.233958333333334,0.33791666666666664,59.229166666666664,0.0
2014-01-31,27.416666666666668,39.682916666666664,3.3725,,67.08916666666666,44.3375,33.9575,36.27333333333333,0.34791666666666665,46.22222222222222,0.0
2014-02-01,29.200833333333335,40.535833333333336,1.8270833333333334,,69.71083333333333,45.33416666666667,33.72375,51.62625,0.40125000000000005,,0.0
2014-02-02,22.376666666666665,32.458333333333336,1.97875,,54.85208333333333,46.39458333333334,34.49791666666667,50.01833333333334,0.3229166666666667,,0.0
2014-02-03,16.587500000000002,35.039791666666666,2.32,,51.67541666666667,49.84166666666667,34.16395833333333,34.820625,0.3675,51.82142857142857,0.0
2014-02-04,16.316666666666666,34.99333333333333,3.267916666666667,,51.294999999999995,48.96041666666667,34.30375,43.532916666666665,0.3541666666666667,52.9375,0.0
2014-02-05,19.682916666666667,36.32666666666667,4.1120833333333335,,55.96958333333333,47.305416666666666,33.905,42.61708333333333,0.3858333333333333,59.520833333333336,0.0
2014-02-06,26.190833333333334,35.77166666666667,2.0702083333333334,,61.99791666666667,42.41458333333333,34.05166666666667,24.104583333333334,0.32625,43.541666666666664,0.0
2014-02-07,21.984166666666667,40.112500000000004,3.769375,,62.057500000000005,45.50458333333333,34.18208333333333,42.98666666666667,0.48541666666666666,57.0,0.0
2014-02-08,24.124166666666667,42.29625,5.02125,,66.4075,39.513333333333335,35.076249999999995,33.99,0.5595833333333333,77.54166666666667,0.0
2014-02-09,26.294583333333332,38.99375,2.5329166666666665,,65.31291666666667,43.731249999999996,33.90125,34.816250000000004,0.5479166666666667,67.54166666666667,0.0
2014-02-10,20.085416666666667,37.74458333333333,5.172083333333333,,57.80791666666667,45.423750000000005,33.233333333333334,48.67958333333333,0.4066666666666667,62.375,0.0
2014-02-11,27.284166666666668,45.28208333333333,5.135416666666667,,72.56333333333333,45.59375,32.89125,48.71875,0.5816666666666667,67.25,0.0
2014-02-12,30.377083333333335,47.67666666666667,3.501041666666667,,78.06583333333333,41.485,33.73625,28.542083333333334,0.44333333333333336,71.75,0.0
2014-02-13,51.201249999999995,47.775,2.2022916666666665,,98.93791666666665,40.65708333333333,34.018750000000004,34.28875,0.3658333333333333,61.208333333333336,0.0
2014-02-14,19.01,35.746249999999996,2.7935416666666666,,54.70791666666667,57.687083333333334,31.392916666666665,47.302083333333336,0.36083333333333334,59.125,0.0
2014-02-15,18.864166666666666,30.02416666666667,0.515625,,48.89208333333334,73.83833333333334,28.056250000000002,42.60041666666667,0.3229166666666667,29.520833333333332,4.199999999999999
2014-02-16,5.787916666666667,21.56625,1.684375,,27.328333333333333,79.08874999999999,27.644583333333333,43.59708333333333,0.2841666666666667,26.833333333333332,35.0
2014-02-17,14.373333333333333,30.06125,0.30375,,44.43125,76.87541666666667,27.343333333333334,29.053749999999997,0.29458333333333336,27.270833333333332,7.6000000000000005
2014-02-18,25.34875,25.06458333333333,0.22583333333333333,,50.34,74.64458333333333,27.527916666666666,12.325416666666667,0.2020833333333333,21.833333333333332,3.4
2014-02-19,18.9675,25.504166666666666,1.1852083333333334,,44.49208333333333,73.59541666666667,27.053749999999997,14.47375,0.24791666666666667,24.645833333333332,13.4
2014-02-20,26.56958333333333,34.96208333333333,1.1354166666666667,,61.553333333333335,58.971666666666664,29.54375,29.636458333333334,0.31421052631578944,40.333333333333336,0.0
2014-02-21,48.34625,51.45854166666667,2.969375,,99.85229166666666,52.697916666666664,31.713333333333335,34.39041666666667,0.35312499999999997,48.375,0.0
2014-02-22,32.791666666666664,49.9575,0.3329166666666667,,82.71208333333333,46.39958333333333,32.485,22.383333333333336,0.4291666666666667,40.770833333333336,0.0
2014-02-23,20.682916666666667,33.135416666666664,3.627708333333333,,53.81875,47.64666666666667,33.52166666666667,27.530833333333334,0.30875,31.166666666666668,0.0
2014-02-24,15.919166666666667,31.1975,2.988421052631579,,47.08958333333334,62.793749999999996,30.917916666666667,25.589583333333334,0.3629166666666667,49.291666666666664,0.0
2014-02-25,40.54375,53.074999999999996,3.1983333333333337,,93.55624999999999,59.37833333333333,31.618333333333336,43.72291666666667,0.38083333333333336,46.6875,0.0
2014-02-26,31.87,53.96958333333333,8.22375,,85.83583333333333,52.30916666666667,32.8575,43.07375,0.4908333333333333,51.375,0.0
2014-02-27,30.925833333333333,49.124583333333334,3.5050000000000003,,80.02625,43.05375,34.99458333333333,36.08208333333334,0.3870833333333333,57.479166666666664,0.0
2014-02-28,8.155833333333334,28.66541666666667,0.9116666666666666,,36.81541666666667,60.98499999999999,31.326666666666668,56.569583333333334,0.23625,34.9375,4.4
2014-03-01,4.601249999999999,34.64958333333333,1.0229166666666667,,39.20791666666667,61.64208333333334,30.727083333333336,51.5425,0.33791666666666664,28.875,0.0
2014-03-02,8.178333333333333,26.625416666666666,1.6475,,34.75666666666667,68.98875,30.229583333333334,48.96625,0.2758333333333333,26.979166666666668,0.0
2014-03-03,16.01875,36.51708333333333,0.739375,,52.4575,70.80875,30.082916666666666,36.721666666666664,0.3475,34.916666666666664,0.4
2014-03-04,27.78125,36.071666666666665,3.4737500000000003,,63.72208333333333,61.8825,31.452916666666667,28.615,0.30833333333333335,31.416666666666668,0.0
2014-03-05,32.08958333333333,33.98875,3.6941666666666664,,66.05833333333334,62.67083333333333,31.705833333333334,22.012916666666666,0.355,29.479166666666668,1.2000000000000002
2014-03-06,62.45916666666667,47.647083333333335,2.87125,,110.09791666666666,80.24875,29.267916666666665,11.094999999999999,0.5433333333333333,33.208333333333336,3.2
2014-03-07,14.121666666666668,30.900833333333335,3.7697916666666664,,44.99166666666667,70.84375,29.771666666666665,33.53916666666667,0.34541666666666665,22.875,5.0
2014-03-08,9.086666666666668,34.50333333333334,1.1604166666666667,,43.565,95.21999999999998,25.702083333333334,25.34583333333333,0.41500000000000004,15.9375,33.0
2014-03-09,28.777916666666666,40.593333333333334,1.1008333333333333,,69.34291666666667,75.06458333333333,29.61,28.29875,0.44,28.9375,0.0
2014-03-10,28.302083333333332,54.833333333333336,0.39666666666666667,,83.15249999999999,64.24875,32.16291666666667,30.522916666666664,0.525,43.166666666666664,0.0
2014-03-11,40.182916666666664,45.68375,2.3225,,85.80333333333334,59.22083333333333,33.05708333333333,30.784166666666664,0.36375,42.5625,0.0
2014-03-12,32.989583333333336,36.84875,0.945,,69.75458333333333,69.81208333333333,31.11375,46.9975,0.3354166666666667,41.208333333333336,0.0
2014-03-13,42.325,38.595625,1.3315625,,80.86375,67.276875,31.618125,48.135,0.35812499999999997,47.3125,0.0
2014-03-14,,,,,,,,,,,
2014-03-15,,,,,,,,,,,
2014-03-16,,,,,,,,,,,
2014-03-17,,,,,,,,,,,
2014-03-18,,,,,,,,,,,
2014-03-19,,,,,,,,,,,
2014-03-20,,,,,,,,,,,
2014-03-21,,,,,,,,,,,
2014-03-22,,,,,,,,,,,
2014-03-23,,,,,,,,,,,
2014-03-24,,,,,,,,,,,
2014-03-25,,,,,,,,,,,
2014-03-26,,,,,,,,,,,
2014-03-27,,,,,,,,,,,
2014-03-28,,,,,,,,,,,
2014-03-29,,,,,,,,,,,
2014-03-30,,,,,,,,,,,
2014-03-31,,,,,,,,,,,
2014-04-01,13.265454545454547,47.61454545454546,3.3181818181818183,,60.85909090909092,64.80636363636364,31.413636363636364,50.43454545454545,0.4481818181818182,43.36363636363637,0.0
2014-04-02,25.153125,39.86541666666667,1.86625,,65.02333333333333,75.93374999999999,29.638333333333335,35.05125,0.47875,44.0,0.0
2014-04-03,28.34,41.82583333333333,0.631875,,70.15875,79.60166666666667,29.06625,23.287499999999998,0.4683333333333333,41.541666666666664,0.6
2014-04-04,48.57749999999999,34.819583333333334,0.13583333333333333,,83.41,77.45875,28.197083333333335,9.405833333333334,0.35708333333333336,24.25,4.6000000000000005
2014-04-05,56.65416666666667,38.37833333333334,0.4170833333333333,,94.96458333333334,65.31625,28.4975,16.668333333333333,0.4033333333333333,33.791666666666664,0.0
2014-04-06,38.41291666666667,48.41625,5.542291666666667,,86.71499999999999,60.35666666666666,28.816666666666666,37.63458333333333,0.48333333333333334,40.333333333333336,0.0
2014-04-07,33.72541666666667,44.64291666666667,1.0325,,78.44375000000001,69.73625,27.640416666666667,37.870416666666664,0.38375000000000004,43.875,0.0
2014-04-08,37.117916666666666,54.774166666666666,3.872916666666667,,91.85083333333334,67.11916666666666,28.27,48.70458333333334,0.47583333333333333,56.708333333333336,0.0
2014-04-09,48.287083333333335,56.92416666666667,0.6116666666666667,,108.94541666666667,68.94500000000001,29.849166666666665,26.21291666666667,0.5325,56.916666666666664,0.0
2014-04-10,19.912499999999998,47.10708333333333,0.4170833333333333,,67.00541666666666,74.43291666666667,29.298333333333332,27.014166666666668,0.5666666666666667,45.458333333333336,0.0
2014-04-11,50.071666666666665,67.74458333333332,1.1820833333333334,,117.70875000000001,69.68166666666667,30.243750000000002,30.8125,0.6791666666666667,58.020833333333336,0.0
2014-04-12,41.14416666666667,48.19291666666667,0.68125,,89.29041666666666,57.55416666666667,31.86125,12.982083333333334,0.5279166666666667,46.416666666666664,0.0
2014-04-13,46.254999999999995,41.8525,0.21,,88.245,74.19875,28.47875,23.243750000000002,0.4691666666666667,29.083333333333332,2.4000000000000004
2014-04-14,15.149166666666668,37.82041666666667,0.0004166666666666667,,52.96041666666667,95.98666666666666,25.132916666666663,14.755,0.39166666666666666,21.729166666666668,22.200000000000003
2014-04-15,20.789166666666667,38.51541666666667,2.37,,59.29416666666666,97.86416666666668,23.291666666666668,11.724166666666667,0.4920833333333334,17.125,24.4
2014-04-16,32.71875,42.828333333333326,0.5170833333333333,,75.57041666666667,91.63041666666668,24.83666666666667,6.30875,0.48125,22.791666666666668,4.199999999999999
2014-04-17,42.949999999999996,40.013333333333335,0.4079166666666667,,83.03333333333333,80.88000000000001,27.140833333333333,11.001666666666667,0.48125,31.583333333333332,0.0
2014-04-18,34.63625,39.81333333333333,1.7433333333333334,,74.45083333333334,74.86166666666666,28.732916666666668,23.72875,0.5404166666666667,42.208333333333336,0.0
2014-04-19,22.159583333333334,32.95083333333333,0.31,,55.084583333333335,76.27416666666666,30.0,19.704583333333336,0.39999999999999997,35.25,0.0
2014-04-20,3.8833333333333333,23.39625,0.26833333333333337,,27.2375,84.71458333333334,27.79125,27.140416666666667,0.3975,31.041666666666668,0.0
2014-04-21,12.634166666666667,25.01875,0.19833333333333333,,37.61333333333334,80.70833333333333,27.55333333333333,20.97625,0.36333333333333334,23.083333333333332,0.0
2014-04-22,42.96666666666667,39.477916666666665,0.23374999999999999,,82.44291666666666,77.40208333333334,28.117499999999996,18.242916666666666,0.395,36.583333333333336,0.0
2014-04-23,12.512500000000001,26.09,0.7870833333333334,,38.58875,84.07583333333334,27.45,20.115,0.315,29.791666666666668,8.0
2014-04-24,22.42458333333333,30.495,0.0033333333333333335,,52.91791666666666,91.95208333333333,25.378333333333334,10.464583333333334,0.40291666666666665,22.708333333333332,30.0
2014-04-25,36.35916666666667,32.025,0.19375,,69.18291666666667,75.36666666666666,24.824166666666667,15.100833333333334,0.31708333333333333,25.666666666666668,0.0
2014-04-26,39.333333333333336,33.27041666666667,0.5820833333333334,,72.61666666666666,73.37375,25.60083333333333,15.6775,0.41,21.020833333333332,0.0
2014-04-27,17.630416666666665,24.696250000000003,0.1575,,42.2975,74.7175,26.016666666666666,21.932083333333335,0.19458333333333333,14.5,0.0
2014-04-28,54.607499999999995,39.4525,1.78,,93.98625,72.61583333333333,22.722916666666666,18.45,0.2891666666666667,16.770833333333332,13.2
2014-04-29,80.70416666666667,49.88333333333333,1.2764285714285715,,131.61083333333332,58.40541666666667,23.19333333333333,16.173750000000002,0.515,33.0,0.0
2014-04-30,74.52083333333333,60.60166666666667,0.6179166666666667,,134.32041666666666,56.70249999999999,24.729583333333334,12.15125,0.4566666666666667,36.333333333333336,0.0
2014-05-01,25.44458333333333,41.42541666666667,0.012499999999999999,,66.92625,50.61083333333334,26.98,21.28875,0.21458333333333335,25.958333333333332,0.0
2014-05-02,55.327916666666674,59.11083333333334,0.9504166666666666,,114.37458333333335,56.24583333333334,27.537916666666664,30.22,0.38875,36.0,0.0
2014-05-03,34.209583333333335,54.64833333333333,0.7033333333333333,,88.81375000000001,78.35791666666667,26.998333333333335,30.18375,0.41333333333333333,42.0,0.0
2014-05-04,40.33541666666667,53.92625,1.89,,94.29666666666667,67.76375,28.227500000000003,17.6825,0.4825,38.5,0.0
2014-05-05,48.2075,58.60541666666666,1.12875,,106.91000000000001,65.05833333333334,28.73,20.614583333333332,0.48333333333333334,43.916666666666664,0.0
2014-05-06,69.02770833333334,85.595625,1.7252083333333335,,152.94979166666667,69.74166666666666,28.626875,38.729166666666664,0.576875,73.16666666666667,0.0
2014-05-07,50.75375,62.41625,1.3975,,116.02999999999999,70.89999999999999,28.775000000000002,20.662499999999998,0.42333333333333334,51.083333333333336,0.0
2014-05-08,10.958333333333334,42.906666666666666,0.7408333333333333,,53.818333333333335,76.26333333333334,28.096666666666668,31.22375,0.4475,51.166666666666664,0.0
2014-05-09,12.229166666666666,40.379583333333336,0.5864583333333333,,52.59291666666667,85.02666666666667,25.745,26.3,0.32125,36.75,4.000000000000001
2014-05-10,24.579166666666666,31.36791666666667,0.53,,56.569583333333334,78.8275,24.454583333333332,22.93375,0.24,16.333333333333332,0.0
2014-05-11,19.459583333333335,35.51333333333333,0.55125,,54.96,72.3625,23.56041666666667,23.655833333333334,0.2225,16.375,1.6
2014-05-12,52.40083333333334,56.28583333333333,1.779375,,108.7,59.087916666666665,24.28125,15.858333333333334,0.35916666666666663,28.958333333333332,0.0
2014-05-13,20.81125,55.22666666666667,1.4241666666666666,,76.04208333333334,56.627916666666664,25.993333333333336,20.691666666666666,0.37999999999999995,34.916666666666664,0.0
2014-05-14,23.51291666666667,51.51458333333333,1.0004166666666667,,75.02291666666666,69.20291666666667,28.771666666666665,28.44458333333333,0.5195833333333334,46.166666666666664,0.0
2014-05-15,42.45916666666667,58.844166666666666,0.8629166666666667,,101.27375,75.01625,26.515416666666667,26.315625,0.44645833333333335,46.1875,0.0
2014-05-16,55.997083333333336,54.82875000000001,1.536875,,110.86125,74.14958333333334,27.535416666666666,37.64125,0.5716666666666667,47.5,0.0
2014-05-17,14.22875,42.762499999999996,0.26625,,56.98666666666667,82.3625,27.269166666666667,29.436666666666667,0.525,31.791666666666668,0.0
2014-05-18,72.86083333333333,64.69,2.3216666666666668,,137.53416666666666,80.84180555555555,27.7375,14.365416666666667,0.8570833333333333,48.854166666666664,0.0
2014-05-19,26.41625,38.437083333333334,1.4108333333333334,,64.78041666666667,85.88027777777778,29.096249999999998,21.014583333333334,0.31375000000000003,29.458333333333332,0.0
2014-05-20,52.4775,49.874583333333334,1.043235294117647,,102.3875,75.3435294117647,28.524583333333336,23.744583333333335,0.44625,40.041666666666664,0.0
2014-05-21,58.28541666666666,74.43791666666667,3.667708333333333,,132.70291666666665,73.92875,29.421666666666667,22.134583333333335,0.6775000000000001,67.875,0.0
2014-05-22,64.70708333333333,61.572916666666664,0.9995833333333333,,136.47541666666666,51.67791666666667,32.14125,19.045833333333334,0.3958333333333333,52.666666666666664,0.0
2014-05-23,26.19333333333333,34.52333333333333,0.77375,,63.3475,72.985,31.78375,22.917916666666667,0.2654166666666667,30.770833333333332,0.0
2014-05-24,7.358333333333333,26.470416666666665,0.0025,,33.781666666666666,95.8775,26.368750000000002,25.567916666666665,0.30291666666666667,8.541666666666666,4.800000000000001
2014-05-25,25.75791666666667,39.330416666666665,0.0525,,65.0825,93.17750000000001,26.726249999999997,15.5075,0.4245833333333333,14.458333333333334,1.6
2014-05-26,47.208125,45.49541666666667,1.2929166666666667,,98.27083333333333,84.13833333333334,30.155,7.082916666666667,0.46125,25.1875,0.6
2014-05-27,13.725,29.3,0.33270833333333333,,42.98291666666666,74.83708333333333,28.743333333333336,23.679166666666664,0.26833333333333337,26.083333333333332,0.2
2014-05-28,13.53875,33.442083333333336,0.20895833333333333,,46.97708333333333,98.29833333333333,26.87708333333333,17.059166666666666,0.375,9.916666666666666,23.4
2014-05-29,30.88875,38.45291666666667,0.5183333333333333,,69.29125,88.17083333333333,29.02208333333333,12.636249999999999,0.3441666666666667,18.75,0.0
2014-05-30,96.16875,48.01333333333333,0.5245833333333333,,144.17083333333332,77.05041666666666,28.497083333333336,11.86125,0.5775,33.875,0.0
2014-05-31,71.34958333333334,49.384166666666665,1.2766666666666666,,120.71499999999999,74.625,28.117500000000003,16.36625,0.4504166666666667,36.0,0.0
2014-06-01,31.71375,37.812916666666666,0.03791666666666666,,69.54375,72.56708333333333,27.453333333333333,17.385833333333334,0.27375,24.0625,3.0
2014-06-02,24.219791666666666,33.26833333333334,0.1825,,56.57270833333333,79.86208333333333,25.245416666666667,18.691666666666666,0.33958333333333335,21.833333333333332,5.4
2014-06-03,10.956249999999999,33.40958333333334,0.5641666666666666,,44.12083333333334,63.91083333333333,24.13083333333333,25.685833333333335,0.26708333333333334,21.75,0.0
2014-06-04,58.691875,61.018750000000004,6.027291666666667,,118.85291666666666,69.15708333333333,24.508750000000003,17.094166666666666,0.5120833333333333,46.75,0.0
2014-06-05,72.29833333333333,66.08333333333333,4.230625,,141.19208333333333,66.40708333333333,28.71291666666667,15.822916666666666,0.7208333333333333,55.833333333333336,0.0
2014-06-06,67.08916666666666,55.83166666666667,1.088125,,120.77499999999999,65.92958333333333,28.44541666666667,14.140416666666667,0.6825,61.395833333333336,0.0
2014-06-07,74.74958333333333,76.29416666666667,3.7670833333333333,,150.80333333333334,62.282916666666665,29.316666666666666,16.237083333333334,0.86375,78.125,0.0
2014-06-08,39.637499999999996,50.18125,0.4479166666666667,,84.77666666666667,48.975,29.457083333333333,19.421666666666667,0.5479166666666667,49.625,0.0
2014-06-09,19.493125,36.725833333333334,0.5270833333333333,,54.72083333333333,62.97666666666667,27.24208333333333,23.177916666666665,0.3233333333333333,34.375,0.0
2014-06-10,13.883333333333333,33.55125,0.005625000000000001,,47.40541666666667,89.45333333333333,24.48,18.984583333333333,0.4595833333333333,14.875,26.0
2014-06-11,26.14916666666667,44.04,2.60125,,69.32708333333333,72.056,25.43375,14.960416666666667,0.4633333333333334,25.208333333333332,7.6000000000000005
2014-06-12,28.877291666666665,40.639583333333334,1.366875,,69.09791666666666,77.65458333333333,25.84375,11.21,0.5583333333333333,34.979166666666664,0.8
2014-06-13,32.095416666666665,44.762499999999996,2.459791666666667,,73.06125,76.58541666666666,26.196250000000003,11.384166666666665,0.46458333333333335,25.583333333333332,0.0
2014-06-14,60.540416666666665,53.01708333333334,2.832708333333333,,113.52125000000001,68.63916666666667,26.634583333333335,18.389583333333334,0.7766666666666667,47.458333333333336,0.0
2014-06-15,16.837500000000002,28.527083333333334,0.08437500000000002,,45.30875,81.57666666666667,25.62375,30.065,0.4375,34.583333333333336,0.0
2014-06-16,38.78666666666667,50.88375,0.89125,,89.64208333333333,75.6875,26.252499999999998,20.667916666666667,0.7033333333333333,45.833333333333336,0.0
2014-06-17,64.91083333333334,44.92458333333334,1.04375,,109.82875,74.04583333333333,26.372500000000002,35.42125,0.5491666666666667,48.895833333333336,0.0
2014-06-18,37.231249999999996,38.3575,0.4675,,75.71,80.20916666666666,25.14125,33.73583333333333,0.48291666666666666,34.270833333333336,7.800000000000001
2014-06-19,7.039583333333333,23.924583333333334,0.6789583333333332,,30.91,95.35666666666667,21.56458333333333,26.295,0.3125,4.229166666666667,10.2
2014-06-20,30.122083333333332,45.27791666666667,3.6279166666666662,,75.235,86.47041666666667,22.5325,8.8025,0.5695833333333333,29.5,0.0
2014-06-21,29.707083333333333,38.65416666666667,1.02125,,68.35708333333334,80.89375,24.059166666666666,15.039583333333333,0.4658333333333333,28.208333333333332,0.0
2014-06-22,31.532916666666665,38.060833333333335,0.5204166666666666,,69.21124999999999,77.40416666666667,24.373333333333335,19.452499999999997,0.3720833333333333,17.208333333333332,0.0
2014-06-23,74.29,58.400416666666665,5.4975,,130.97,76.80291666666666,23.860833333333332,9.468750000000002,0.8125,48.8125,0.0
2014-06-24,74.63770833333334,56.40020833333333,0.5279166666666667,,131.01666666666668,65.33166666666666,25.947916666666668,6.621666666666667,0.7208333333333333,48.958333333333336,0.0
2014-06-25,72.91708333333334,59.14270833333333,1.6260416666666666,,131.79875,68.94083333333333,25.750833333333333,10.58125,0.5429166666666667,54.458333333333336,0.0
2014-06-26,86.14895833333333,63.220416666666665,2.0922916666666667,,145.044375,61.95583333333334,26.72666666666667,10.773333333333333,0.8725,69.91666666666667,0.0
2014-06-27,35.46578947368421,56.54791666666667,0.9270833333333334,,87.32578947368421,73.15083333333334,26.53708333333333,21.481666666666666,0.5125000000000001,50.270833333333336,0.0
2014-06-28,44.41208333333333,66.1075,2.1075,,110.60458333333332,78.58875,26.809583333333336,29.474166666666665,0.8895833333333334,66.5,0.0
2014-06-29,47.240833333333335,62.43291666666667,3.5693749999999995,,109.55,72.41291666666667,28.793333333333333,21.422083333333333,0.8933333333333334,63.416666666666664,0.0
2014-06-30,12.338333333333333,34.9525,0.36625,,47.24333333333333,83.33,27.039583333333336,24.488333333333333,0.43166666666666664,42.166666666666664,0.0
2014-07-01,39.55083333333334,46.044999999999995,1.3941666666666668,,85.64416666666666,81.12875,26.271666666666665,24.810833333333335,0.66,44.0,0.0
2014-07-02,32.71333333333333,54.05625,0.05625,,86.73541666666667,79.31083333333333,26.329583333333332,28.0325,0.6854166666666667,52.625,0.0
2014-07-03,64.55958333333334,67.8275,2.6008333333333336,,132.36166666666665,80.65125,27.234583333333333,15.434166666666668,0.8041666666666667,67.41666666666667,0.0
2014-07-04,48.56916666666667,69.95041666666667,3.0904166666666666,,118.515,76.53041666666667,28.28375,19.954166666666666,0.7516666666666666,70.9375,0.0
2014-07-05,54.84458333333333,58.23,1.5070833333333333,,113.01458333333333,72.37458333333333,28.232916666666668,22.86,0.5258333333333333,49.541666666666664,0.0
2014-07-06,45.20083333333333,41.91833333333333,1.4954166666666666,,87.12916666666666,64.90583333333333,28.52125,13.573333333333332,0.45625000000000004,31.083333333333332,0.0
2014-07-07,80.05916666666667,46.76333333333333,0.9304166666666666,,126.82208333333334,66.28125,27.879166666666666,11.765833333333333,0.6004166666666667,38.583333333333336,0.0
2014-07-08,26.07625,32.268750000000004,0.7120833333333333,,58.31,86.31124999999999,25.1375,30.32875,0.3620833333333333,31.0,3.2
2014-07-09,32.674166666666665,33.42,0.265,,66.01666666666667,86.58999999999999,24.453333333333333,21.383125000000003,0.35526315789473684,14.645833333333334,1.0
2014-07-10,64.29666666666667,46.416666666666664,0.94,,110.64458333333333,94.89125,23.0425,9.67375,0.13541666666666666,22.0,19.2
2014-07-11,21.8775,41.30708333333333,0.07666666666666667,,63.11708333333333,94.95583333333333,22.204166666666666,17.035,0.3758333333333333,10.458333333333334,14.799999999999999
2014-07-12,23.64708333333333,38.45875,0.38999999999999996,,62.107499999999995,87.52583333333332,22.88291666666667,15.067916666666667,0.39916666666666667,16.75,1.0
2014-07-13,20.571666666666665,37.527499999999996,0.2070833333333333,,58.087916666666665,71.20416666666667,23.624166666666667,24.37291666666667,0.29791666666666666,23.291666666666668,0.0
2014-07-14,50.50791666666667,45.81166666666667,0.7966666666666667,,96.2975,61.1575,23.730833333333333,15.908333333333333,0.2675,24.416666666666668,0.0
2014-07-15,55.359583333333326,55.852916666666665,1.6495833333333332,,111.14375,63.890416666666674,24.347083333333334,12.175416666666665,0.30916666666666665,29.520833333333332,0.0
2014-07-16,61.97,59.53125,2.4795833333333333,,121.40916666666668,67.24041666666666,25.08875,10.726666666666667,0.36333333333333334,41.791666666666664,0.0
2014-07-17,92.34875,63.180416666666666,0.7841666666666667,,155.48125000000002,69.57666666666667,27.08666666666667,9.537916666666666,0.52,52.708333333333336,0.0
2014-07-18,24.798333333333332,44.62041666666667,0.39375,,69.3125,68.44500000000001,27.5125,21.301666666666666,0.13583333333333333,40.125,0.0
2014-07-19,7.60125,27.056250000000002,0.2708333333333333,,34.626666666666665,73.89708333333333,22.660416666666666,32.509166666666665,0.14541666666666667,20.666666666666668,1.7999999999999998
2014-07-20,12.043750000000001,32.93333333333333,0.235,,44.97666666666667,66.7175,22.827083333333334,25.964166666666667,0.23124999999999998,23.5,0.0
2014-07-21,63.82416666666666,53.5225,1.3408333333333333,,117.35208333333333,62.95250000000001,24.187916666666666,20.51625,0.3983333333333334,29.791666666666668,0.0
2014-07-22,73.43083333333333,60.33625,1.7841666666666667,,133.77708333333334,67.3425,25.248333333333335,20.701666666666664,0.46187500000000004,35.916666666666664,0.0
2014-07-23,73.70333333333333,59.65291666666667,1.5104166666666667,,133.37083333333334,57.195,26.385,17.86916666666667,0.4041666666666666,37.375,0.0
2014-07-24,52.30041666666667,45.64166666666667,0.45208333333333334,,97.92333333333333,50.12416666666667,28.70041666666667,19.33791666666667,0.33916666666666667,37.75,0.4
2014-07-25,20.705000000000002,36.36666666666667,0.1075,,57.0325,93.03041666666667,23.2375,17.587500000000002,0.09958333333333334,16.729166666666668,6.8
2014-07-26,14.167083333333332,35.64041666666667,0.034583333333333334,,49.77875,99.12458333333332,21.69541666666667,17.74416666666667,0.22583333333333333,12.666666666666666,3.6
2014-07-27,23.360416666666666,33.59291666666667,0.5916666666666667,,56.939166666666665,99.46666666666665,22.15833333333333,16.950833333333332,0.18583333333333332,12.833333333333334,6.4
2014-07-28,35.84666666666667,47.849583333333335,0.17166666666666666,,83.72,94.99208333333333,22.377499999999998,13.188749999999999,0.31375000000000003,18.041666666666668,6.6
2014-07-29,72.9025,49.0425,0.8279166666666667,,121.93458333333332,83.63875,22.56958333333333,13.062916666666666,0.23750000000000002,24.625,0.0
2014-07-30,81.52666666666667,52.18416666666667,2.105208333333333,,133.81,74.92583333333333,22.96666666666667,16.4475,0.22666666666666668,26.0,0.0
2014-07-31,60.565,54.065416666666664,1.2566666666666666,,114.61874999999999,73.03958333333334,24.14625,20.534166666666668,0.445,35.083333333333336,0.0
2014-08-01,54.45875,54.73666666666667,1.0541666666666667,,109.18083333333334,65.47416666666668,26.18958333333333,20.754583333333333,0.4025,34.041666666666664,0.0
2014-08-02,34.82958333333333,50.951249999999995,0.44,,85.73458333333333,65.88916666666667,26.9325,35.33208333333334,0.30791666666666667,42.354166666666664,0.0
2014-08-03,49.00375,60.712916666666665,0.9479166666666666,,109.87374999999999,60.835,28.580416666666668,28.42833333333333,0.7570833333333334,58.125,0.0
2014-08-04,65.56666666666666,71.25208333333333,1.2495833333333333,,136.84708333333333,47.178333333333335,30.302083333333332,28.071250000000003,0.5033333333333333,55.9375,0.0
2014-08-05,21.78,30.461458333333336,0.12125000000000001,,52.22104166666667,77.09291666666667,23.890833333333333,31.235833333333332,0.09749999999999999,38.083333333333336,8.0
2014-08-06,44.15875,44.89625,1.545,,89.05,65.13958333333333,22.92375,19.87125,0.21916666666666665,32.708333333333336,0.0
2014-08-07,53.79125,55.84916666666666,1.1633333333333333,,109.68041666666666,64.69,23.499583333333334,21.661666666666665,0.355,39.25,0.0
2014-08-08,50.57041666666667,41.77166666666667,0.6433333333333333,,92.2525,79.96958333333333,23.795416666666668,26.417083333333334,0.33916666666666667,43.0,0.0
2014-08-09,26.064999999999998,43.91916666666666,0.5445833333333333,,70.00458333333333,94.48666666666666,23.75375,7.5424999999999995,0.36125,29.25,7.6000000000000005
2014-08-10,31.271666666666665,46.91708333333333,1.0204166666666665,,78.20916666666666,74.90916666666666,25.665833333333335,17.5425,0.42416666666666664,29.708333333333332,0.0
2014-08-11,47.45208333333333,59.819583333333334,1.4520833333333334,,107.30291666666666,53.37958333333333,28.16333333333333,18.81375,0.42416666666666664,37.416666666666664,0.0
2014-08-12,79.84333333333333,69.40416666666667,1.1854166666666666,,149.2525,48.42625,28.999583333333334,20.50125,0.5941666666666666,59.416666666666664,0.0
2014-08-13,32.64458333333334,35.035000000000004,0.25375,,67.66583333333334,79.66333333333334,24.342916666666667,25.35666666666667,0.16,36.125,13.6
2014-08-14,38.33833333333333,44.41041666666666,1.0629166666666665,,82.69375000000001,98.86958333333332,18.5475,16.8775,0.33958333333333335,12.083333333333334,17.8
2014-08-15,43.16291666666667,47.17416666666667,0.01,,90.33125,84.45083333333334,21.680833333333336,10.63625,0.2904166666666667,25.625,0.0
2014-08-16,17.73125,31.32041666666667,0.17416666666666666,,49.01833333333334,73.61,24.090416666666666,27.46375,0.15416666666666667,18.958333333333332,0.0
2014-08-17,21.739583333333332,39.50333333333334,1.6416666666666666,,61.20166666666666,73.09708333333333,25.94458333333333,25.403333333333332,0.29958333333333337,25.958333333333332,0.0
2014-08-18,6.901666666666666,27.900833333333335,0.6854166666666667,,34.7125,84.25666666666667,24.848333333333333,34.415416666666665,0.19208333333333336,26.458333333333332,0.0
2014-08-19,16.750833333333333,30.147916666666664,0.37625,,46.835,83.80958333333334,23.8075,34.82416666666666,0.1975,22.083333333333332,0.0
2014-08-20,22.262083333333333,34.01125,0.16166666666666665,,56.274166666666666,81.46791666666667,23.82875,20.860416666666666,0.1975,22.916666666666668,0.0
2014-08-21,43.855,56.38791666666666,1.7633333333333334,,100.36708333333333,71.84208333333333,26.117500000000003,23.42,0.5029166666666667,44.0,0.0
2014-08-22,52.81791666666666,50.39333333333334,0.6875,,103.25583333333333,65.92625,27.780416666666667,28.499583333333334,0.4375,47.270833333333336,0.0
2014-08-23,43.725833333333334,56.970416666666665,1.1354166666666667,,100.71083333333333,70.25291666666666,27.688333333333333,41.65625,0.5054166666666667,61.333333333333336,0.0
2014-08-24,19.31083333333333,44.77708333333334,0.9145833333333333,,64.09875,56.449999999999996,29.2325,34.79,0.29625,46.75,0.0
2014-08-25,46.39291666666667,62.285,1.5866666666666667,,108.65875,42.80583333333333,29.519583333333333,27.88208333333333,0.5404166666666667,68.33333333333333,0.0
2014-08-26,39.96666666666666,46.97125,1.6466666666666667,,86.89958333333334,60.61541666666667,27.378333333333334,27.875416666666666,0.5154545454545455,73.02083333333333,0.0
2014-08-27,9.5275,26.23,0.28750000000000003,,35.69166666666667,82.00958333333334,23.635416666666668,34.725833333333334,,31.4375,0.0
2014-08-28,13.431666666666667,30.356666666666666,0.6925,,43.73083333333333,85.93833333333333,21.02541666666667,27.07875,0.685,23.5,3.8000000000000003
2014-08-29,30.225416666666664,43.49791666666667,2.0483333333333333,,73.71625,76.45791666666666,21.622500000000002,13.410000000000002,0.42333333333333334,33.916666666666664,0.0
2014-08-30,33.28958333333333,40.78875,1.4645833333333333,,74.06458333333333,69.23416666666667,23.572916666666668,19.774583333333332,0.36791666666666667,36.333333333333336,0.0
2014-08-31,11.603333333333333,23.45875,1.0404166666666665,,35.03041666666667,74.03083333333333,26.133750000000003,40.72625,0.33,24.291666666666668,0.0
2014-09-01,6.86375,30.660416666666666,1.0166666666666666,,37.46458333333333,62.060833333333335,27.478333333333335,56.54416666666666,0.3729166666666666,22.333333333333332,0.6000000000000001
2014-09-02,35.69,36.682916666666664,0.20083333333333334,,72.26541666666667,73.9275,26.216250000000002,36.13791666666667,0.4370833333333333,29.875,0.0
2014-09-03,11.284166666666666,23.31041666666667,0.0075,,34.51416666666667,73.3475,26.41125,46.68875,0.30875,20.166666666666668,6.0
2014-09-04,8.177916666666667,18.585,0.0008333333333333334,,26.75916666666667,78.18458333333334,23.8075,41.344166666666666,0.1775,11.833333333333334,2.8
2014-09-05,28.657083333333333,33.753750000000004,0.012916666666666667,,62.39958333333333,68.0675,23.315833333333334,28.126666666666665,0.26958333333333334,19.166666666666668,0.8
2014-09-06,21.482916666666668,33.468333333333334,2.1891666666666665,,54.969166666666666,52.68833333333333,24.66208333333333,30.259583333333335,0.4716666666666667,24.916666666666668,0.0
2014-09-07,23.722916666666666,35.05166666666667,1.72,,58.75333333333333,54.77583333333333,26.366249999999997,30.450833333333335,0.37333333333333335,31.458333333333332,0.0
2014-09-08,26.793333333333333,45.028333333333336,0.4375,,71.79208333333334,59.50875,26.217083333333335,29.14833333333333,0.5066666666666667,44.125,0.0
2014-09-09,32.037083333333335,53.606249999999996,3.903333333333333,,85.64958333333334,58.80916666666667,28.616249999999997,24.94458333333333,0.6783333333333333,62.458333333333336,0.0
2014-09-10,43.0825,47.617916666666666,4.722916666666666,,90.72291666666666,43.335,30.072083333333335,24.135416666666668,0.5666666666666667,54.25,0.0
2014-09-11,22.675625,31.240416666666665,0.20875,,53.88666666666666,46.912083333333335,30.5525,46.21645833333333,0.27708333333333335,37.333333333333336,0.0
2014-09-12,11.698333333333332,24.378333333333334,0.060000000000000005,,36.024791666666665,74.02458333333333,26.32166666666667,54.20208333333333,0.35375,37.6875,0.0
2014-09-13,32.916666666666664,46.54,0.6833333333333332,,79.44791666666667,65.66208333333334,27.31375,38.07541666666667,0.5725,45.25,0.0
2014-09-14,22.3175,37.48875,4.44125,,59.81916666666667,62.14541666666667,28.304583333333337,38.291666666666664,0.5254166666666666,34.166666666666664,0.0
2014-09-15,25.5575,41.48375,4.215,,67.03541666666666,49.69875,30.340833333333332,36.58875,0.5429166666666666,43.125,0.0
2014-09-16,22.015416666666667,29.853333333333335,1.7554166666666668,,51.82583333333333,65.27,27.169166666666666,37.122499999999995,0.5158333333333334,38.041666666666664,0.0
2014-09-17,18.385833333333334,27.706666666666667,0.04958333333333333,,46.107499999999995,87.04708333333333,23.49,25.118333333333336,0.2654166666666667,19.583333333333332,0.6000000000000001
2014-09-18,34.32791666666667,37.549166666666665,2.7262500000000003,,71.58666666666666,68.76041666666667,27.284166666666668,29.4825,0.43124999999999997,29.416666666666668,0.0
2014-09-19,19.882083333333334,29.309583333333336,0.44416666666666665,,49.147083333333335,81.84291666666667,26.618750000000002,31.88875,0.4466666666666667,36.25,0.0
2014-09-20,4.529583333333334,28.777916666666666,1.7299999999999998,,33.281666666666666,65.93958333333333,28.535833333333333,47.63791666666666,0.9141666666666667,35.666666666666664,7.799999999999999
2014-09-21,4.880833333333333,25.309583333333332,1.6166666666666665,,30.186666666666667,97.78041666666667,23.53333333333333,26.601250000000004,0.5229166666666667,21.833333333333332,11.0
2014-09-22,9.805833333333334,19.367916666666666,0.07541666666666667,,29.167916666666667,75.50125,23.54125,28.68041666666667,0.18333333333333335,16.041666666666668,0.0
2014-09-23,35.39541666666667,31.846666666666668,4.672083333333333,,67.21083333333333,65.73583333333333,25.55,29.905416666666667,0.4295833333333334,26.708333333333332,0.0
2014-09-24,26.69125,30.859166666666667,2.32,,57.51625000000001,57.53541666666666,28.652916666666666,45.59583333333333,0.30833333333333335,31.642857142857142,0.0
2014-09-25,21.031666666666666,31.01125,3.5025,,52.022083333333335,72.24166666666666,26.79375,56.45541666666667,0.4070833333333333,37.979166666666664,0.0
2014-09-26,25.03833333333333,38.70125,2.5995833333333334,,63.74208333333333,73.97291666666666,27.505,24.452916666666667,0.6408333333333334,42.291666666666664,2.8000000000000003
2014-09-27,7.70625,18.212083333333336,2.0016666666666665,,25.901666666666667,82.65875,26.472083333333334,39.08708333333333,0.41333333333333333,20.166666666666668,0.0
2014-09-28,8.437083333333334,18.3125,0.71125,,26.72875,82.53666666666668,26.701666666666668,44.899166666666666,0.4254166666666667,20.541666666666668,0.0
2014-09-29,10.44,21.32125,5.089583333333334,,31.767083333333332,75.89791666666666,29.085833333333337,32.68083333333333,0.4683333333333333,33.208333333333336,10.200000000000001
2014-09-30,14.791666666666666,25.953333333333333,3.8791666666666664,,40.75833333333333,81.06791666666668,28.747083333333332,12.81111111111111,0.6566666666666666,32.708333333333336,0.6
2014-10-01,11.592083333333333,20.258750000000003,0.12291666666666667,,31.83791666666667,71.99416666666666,29.83,36.67666666666667,0.5483333333333333,28.291666666666668,0.0
2014-10-02,3.225,7.396249999999999,0.9270833333333334,,10.608333333333333,72.30624999999999,25.469583333333333,45.62875,0.19625,13.625,2.0
2014-10-03,11.66375,12.481250000000001,0.15833333333333333,,24.140416666666667,61.29333333333333,23.4075,37.16416666666667,0.1691666666666667,11.583333333333334,0.2
2014-10-04,10.155416666666666,13.424166666666666,0.45083333333333336,,23.56041666666667,62.931666666666665,22.2925,33.12583333333333,0.21125000000000002,9.333333333333334,0.2
2014-10-05,8.352083333333333,12.512083333333335,1.1016666666666668,,20.885416666666668,55.642500000000005,22.90041666666667,36.22416666666667,0.25,10.916666666666666,0.0
2014-10-06,10.129583333333334,17.345833333333335,1.8427083333333334,,27.481666666666666,54.69916666666666,24.385833333333334,33.43125,0.2558333333333333,12.208333333333334,0.0
2014-10-07,20.90791666666667,23.45958333333333,2.3283333333333336,,44.384166666666665,52.499583333333334,26.444999999999997,27.466250000000002,0.36916666666666664,19.708333333333332,0.0
2014-10-08,19.064166666666665,22.224999999999998,3.3320833333333333,,41.28375,50.630833333333335,28.054166666666664,33.998333333333335,0.3695833333333333,23.729166666666668,0.0
2014-10-09,15.509583333333333,21.872083333333332,3.2420833333333334,,37.38458333333333,52.28125,29.702083333333334,43.36333333333334,0.38916666666666666,28.875,0.0
2014-10-10,16.831666666666667,26.530416666666667,2.7099999999999995,,43.35458333333333,43.833333333333336,32.26333333333333,40.06125,0.5399999999999999,34.0,0.0
2014-10-11,11.576666666666666,16.167916666666667,1.9262499999999998,,27.698333333333334,52.90166666666667,30.78625,46.74,0.3075,29.125,0.0
2014-10-12,4.519166666666667,15.558750000000002,0.5652083333333333,,20.083333333333332,75.55708333333334,27.480833333333333,52.59833333333333,0.5020833333333333,33.083333333333336,0.0
2014-10-13,8.852083333333333,20.883333333333333,2.1572916666666666,,29.75708333333333,65.13041666666668,30.484583333333333,55.471666666666664,0.6675,44.583333333333336,0.0
2014-10-14,3.80125,15.8825,0.25354166666666667,,19.67125,80.32125,26.97666666666667,53.153333333333336,0.4875,38.541666666666664,0.0
2014-10-15,2.1591666666666667,11.619166666666667,0.8227083333333334,,13.771666666666667,73.00125,27.999166666666667,46.69708333333333,0.22875,23.708333333333332,0.0
2014-10-16,16.29375,23.96666666666667,0.8183333333333334,,40.25833333333333,62.525416666666665,30.075833333333335,41.98791666666667,0.4708333333333334,31.416666666666668,0.0
2014-10-17,3.9095833333333334,15.8925,0.455625,,19.76875,75.23833333333333,29.17375,46.85583333333333,0.41583333333333333,35.166666666666664,0.0
2014-10-18,11.443333333333333,16.484166666666667,2.4575,,27.92958333333333,74.69416666666667,28.539583333333336,44.57875000000001,0.5083333333333333,28.041666666666668,0.0
2014-10-19,5.1433333333333335,16.286041666666666,1.6952083333333334,,21.418333333333333,69.88916666666667,31.441666666666666,46.68125,0.5766666666666667,42.208333333333336,4.2
2014-10-20,5.477916666666666,11.544166666666667,0.7164583333333333,,17.01125,78.59,27.71375,48.2175,0.36833333333333335,16.416666666666668,0.6
2014-10-21,6.079583333333333,11.775833333333333,0.03729166666666666,,17.855,81.94041666666666,23.87375,25.0675,0.2675,13.5,1.4
2014-10-22,19.219166666666666,17.104583333333334,0.10166666666666667,,36.32875,74.41416666666667,23.60666666666667,17.904999999999998,0.27375,13.083333333333334,1.5999999999999999
2014-10-23,15.280833333333334,17.8475,3.2272916666666664,,33.10791666666667,57.99208333333333,26.872083333333336,30.613333333333333,0.29875,15.25,0.0
2014-10-24,24.062916666666666,19.696666666666665,2.4166666666666665,,43.79083333333333,64.47416666666668,28.217916666666667,37.35125,0.40291666666666665,20.875,0.0
2014-10-25,8.959583333333333,13.422916666666666,1.5910416666666667,,22.38,73.59875,26.58458333333333,34.03458333333334,0.32458333333333333,16.791666666666668,0.0
2014-10-26,10.724166666666667,15.24,0.50875,,25.955833333333334,76.4061111111111,26.7225,35.76625,0.4141666666666666,16.666666666666668,8.4
2014-10-27,4.719166666666667,14.392083333333334,0.06291666666666666,,19.100833333333334,66.48764705882353,26.339583333333334,26.183333333333334,0.21125000000000002,9.375,0.0
2014-10-28,33.24375,26.60875,0.735,,59.91916666666666,65.76916666666666,26.417916666666667,26.31041666666667,0.20958333333333334,15.416666666666666,0.0
2014-10-29,39.80833333333333,44.13999999999999,1.0518750000000001,,83.95333333333333,55.26624999999999,30.359166666666667,38.05375,0.2925,18.541666666666668,0.0
2014-10-30,27.531666666666666,41.2975,1.4216666666666666,,68.78,44.969166666666666,33.647083333333335,37.437916666666666,0.3225,16.583333333333332,0.0
2014-10-31,21.2625,36.06333333333333,0.8797916666666666,,57.298125,46.468958333333326,33.88583333333333,45.70104166666667,0.335,19.625,0.0
2014-11-01,12.761666666666665,34.17375,2.466041666666667,,46.94125,53.43666666666667,33.06875,40.59666666666667,0.405,25.729166666666668,0.0
2014-11-02,2.5829166666666667,16.741666666666667,1.3304166666666666,,19.15791666666667,70.59333333333333,29.824583333333333,51.5925,0.23708333333333334,21.791666666666668,0.0
2014-11-03,19.355833333333333,34.65625,1.6758333333333333,,53.91375,64.80125,31.29958333333333,55.53541666666666,0.3416666666666666,27.875,0.0
2014-11-04,32.285000000000004,38.38791666666666,2.2266666666666666,,70.62125,48.71541666666667,32.765,41.214999999999996,0.32708333333333334,28.375,0.0
2014-11-05,19.906666666666666,32.77041666666667,3.0039583333333333,,52.654583333333335,60.303333333333335,30.85166666666667,43.57125,0.35083333333333333,25.291666666666668,0.0
2014-11-06,10.24,22.976249999999997,0.02666666666666667,,33.2025,83.06083333333333,27.803749999999997,28.915833333333335,0.25958333333333333,9.291666666666666,0.8
2014-11-07,24.72875,37.54208333333333,2.5260416666666665,,62.23,70.43333333333334,30.597916666666666,51.88125,0.3941666666666667,25.125,0.4
2014-11-08,10.365416666666667,26.628333333333334,1.7716666666666667,,36.9275,68.01125,29.983333333333334,48.665,0.31958333333333333,14.666666666666666,0.0
2014-11-09,3.2054166666666664,14.544583333333334,0.06999999999999999,,17.643333333333334,80.83125,26.99791666666667,47.77875,0.21791666666666668,9.458333333333334,3.4
2014-11-10,28.973333333333333,28.241666666666664,0.34604166666666664,,57.18333333333334,65.17041666666667,27.615,38.345,0.2383333333333333,10.833333333333334,0.0
2014-11-11,28.855,35.083333333333336,0.7062499999999999,,63.92875,63.54,27.933333333333334,34.05458333333333,0.24166666666666667,13.916666666666666,0.0
2014-11-12,36.12375,38.071666666666665,5.293541666666667,,74.1825,64.80416666666666,30.217916666666667,37.07625,0.32625,16.708333333333332,5.8
2014-11-13,18.25,26.59875,1.6468749999999999,,44.785,67.28041666666667,30.226666666666663,54.8425,0.29458333333333336,12.833333333333334,2.2
2014-11-14,4.929583333333333,21.477500000000003,0.003958333333333334,,26.30541666666667,90.13499999999999,25.101249999999997,43.651250000000005,0.24208333333333334,11.958333333333334,6.8
2014-11-15,15.347916666666668,30.912499999999998,0.6039583333333333,,46.24166666666667,89.23916666666666,23.40041666666667,27.25125,0.29333333333333333,10.166666666666666,4.4
2014-11-16,5.692083333333334,18.90791666666667,0.7775,,24.545833333333334,76.18124999999999,24.71375,27.79375,0.19166666666666665,9.875,2.0
2014-11-17,33.78916666666667,26.983333333333334,0.38166666666666665,,60.73416666666666,57.094166666666666,25.67625,28.016666666666666,0.23625,12.041666666666666,0.0
2014-11-18,22.921666666666667,28.29041666666667,2.0614583333333334,,51.212916666666665,50.95291666666666,26.935833333333335,33.41375,0.20166666666666666,15.041666666666666,0.0
2014-11-19,23.730416666666667,31.23125,3.289375,,54.95375000000001,50.81583333333333,28.79416666666667,40.00791666666667,0.28354166666666664,11.979166666666666,0.0
2014-11-20,25.97,33.00875,3.0904166666666666,,59.057500000000005,53.007083333333334,29.629166666666666,44.17041666666666,0.28125,26.010416666666668,0.0
2014-11-21,59.439166666666665,48.72708333333333,8.23625,,108.13583333333332,54.404583333333335,30.63208333333333,46.288333333333334,0.4383333333333333,54.989583333333336,0.0
2014-11-22,20.36625,40.821666666666665,5.410833333333333,,61.16291666666666,61.17583333333334,31.72458333333333,38.45375,0.5258333333333334,56.541666666666664,0.6
2014-11-23,6.56,27.9675,0.07979166666666666,,34.498333333333335,84.98583333333333,28.026666666666667,37.0425,0.41291666666666665,25.583333333333332,4.6
2014-11-24,21.255,37.719166666666666,0.44805555555555554,,58.97958333333333,90.28541666666666,27.533749999999998,27.258333333333336,0.4033333333333333,33.083333333333336,3.6
2014-11-25,26.61916666666667,43.720416666666665,1.929166666666667,,70.33916666666666,76.75125,30.574166666666667,27.428749999999997,0.41958333333333336,41.25,2.2
2014-11-26,38.998333333333335,30.46375,0.36541666666666667,,69.45208333333333,71.72166666666666,31.017916666666668,14.290833333333333,0.37375,25.458333333333332,27.599999999999998
2014-11-27,8.757916666666667,22.359583333333333,0.004166666666666667,,31.0925,97.85166666666667,26.9875,10.442083333333334,0.3758333333333333,16.958333333333332,6.0
2014-11-28,6.661666666666666,19.986250000000002,0.010416666666666666,,26.63416666666667,88.85291666666666,26.684166666666666,17.77125,0.24666666666666667,16.0,1.6
2014-11-29,15.664166666666667,22.684583333333332,0.085,,38.33833333333333,77.58624999999999,27.2825,15.23375,0.27416666666666667,21.166666666666668,0.0
2014-11-30,22.852499999999996,21.744583333333335,0.36083333333333334,,44.63291666666667,73.12958333333334,28.347916666666666,15.67375,0.24833333333333332,22.208333333333332,0.0
2014-12-01,28.56125,29.208333333333332,0.03291666666666667,,57.861250000000005,69.45041666666667,30.677083333333332,21.848333333333333,0.35375,23.125,5.3999999999999995
2014-12-02,16.88083333333333,31.051666666666666,1.6083333333333334,,48.002916666666664,39.550000000000004,33.49375,32.443333333333335,0.24625,22.5,0.0
2014-12-03,25.640416666666667,39.84125,2.720833333333333,,65.46124999999999,50.95083333333333,33.66583333333333,26.76,0.38125000000000003,43.25,0.0
2014-12-04,10.452499999999999,24.86791666666667,1.5891666666666666,,35.29125,69.51041666666667,30.026666666666667,29.779583333333335,0.22375,35.541666666666664,8.6
2014-12-05,4.814583333333333,18.3825,1.1470833333333335,,23.152083333333334,95.20041666666667,24.428749999999997,23.717083333333335,0.2454166666666667,11.083333333333334,8.600000000000001
2014-12-06,14.876666666666667,26.843333333333334,0.7283333333333334,,41.71666666666667,71.71083333333333,28.752916666666664,30.357083333333332,0.33916666666666667,32.458333333333336,0.0
2014-12-07,25.455416666666665,27.440833333333334,1.0725,,52.82791666666666,65.99416666666666,30.672916666666666,28.209999999999997,0.2316666666666667,26.875,0.0
2014-12-08,20.729583333333334,28.773749999999996,1.213125,,49.45083333333333,60.11541666666667,32.07625,24.134583333333335,0.32625,28.916666666666668,0.0
2014-12-09,35.15375,36.49666666666666,1.9404166666666667,,71.62291666666667,58.15416666666667,33.0225,24.677916666666665,0.385,41.708333333333336,0.0
2014-12-10,20.279999999999998,33.53375,0.7995833333333332,,53.732499999999995,57.36333333333334,32.49875,22.080416666666665,0.3545833333333333,46.333333333333336,0.0
2014-12-11,33.09041666666666,34.155833333333334,1.2545833333333334,,67.21416666666666,54.16833333333333,33.029583333333335,38.623333333333335,0.31958333333333333,39.38461538461539,0.0
2014-12-12,27.766428571428573,29.583571428571428,1.3566666666666667,,57.31857142857143,51.57583333333333,33.53916666666667,51.02333333333333,0.3025,35.875,0.0
2014-12-13,13.956428571428573,34.15714285714286,0.048749999999999995,,48.112142857142864,73.22875,29.96875,28.256666666666664,0.4479166666666667,21.25,35.599999999999994
2014-12-14,6.0874999999999995,19.405,1.8966666666666667,,25.477500000000003,82.755,29.147499999999997,24.395416666666666,0.24958333333333335,19.208333333333332,0.6000000000000001
2014-12-15,7.172083333333333,12.332500000000001,0.06291666666666666,,19.483333333333334,68.57083333333334,27.81958333333333,23.797083333333333,0.14041666666666666,25.583333333333332,0.2
2014-12-16,14.151666666666666,18.8975,0.020416666666666666,,33.03208333333333,63.63291666666667,27.764583333333334,22.41458333333333,0.22916666666666666,23.875,0.0
2014-12-17,20.970416666666665,30.625208333333333,1.8885416666666668,,51.578125,57.242916666666666,29.69666666666667,36.67458333333334,0.32,37.8125,0.0
2014-12-18,13.104791666666666,25.468541666666667,2.365416666666667,,38.49208333333333,58.52041666666667,31.122500000000002,49.89625,0.251875,36.833333333333336,0.0
2014-12-19,2.6687499999999997,16.477083333333333,0.04541666666666667,,19.085,73.17791666666666,29.993333333333336,44.83375,0.2579166666666667,28.958333333333332,0.0
2014-12-20,8.585208333333334,31.854791666666667,0.66125,,40.44291666666667,66.86458333333333,32.07375,27.538749999999997,0.5079166666666667,43.041666666666664,0.0
2014-12-21,22.60291666666667,30.34958333333333,0.1679166666666667,,52.9475,54.965,34.425000000000004,19.9025,0.4291666666666667,29.208333333333332,3.1
2014-12-22,12.793333333333335,20.636666666666667,0.10833333333333334,,33.37791666666667,62.42124999999999,33.26541666666667,21.145833333333332,0.35333333333333333,15.208333333333334,11.8
2014-12-23,9.654166666666667,23.805833333333336,0.011250000000000001,,33.456250000000004,88.49083333333333,29.635416666666668,11.493333333333332,0.39999999999999997,14.625,5.800000000000001
2014-12-24,3.358333333333333,14.71625,0.02625,,18.044166666666666,87.10000000000001,28.12291666666667,19.652916666666666,0.19125,13.0,1.8
2014-12-25,12.549583333333333,17.44625,0.018333333333333333,,29.97,73.29708333333333,30.99083333333333,29.96666666666667,0.2891666666666667,17.708333333333332,0.0
2014-12-26,10.755416666666667,19.905416666666667,0.1525,,30.62875,69.98375,32.091249999999995,28.22791666666667,0.30291666666666667,25.166666666666668,0.0
2014-12-27,13.822916666666666,27.806250000000002,1.095,,41.60125,63.94166666666666,32.974583333333335,35.67041666666667,0.39083333333333337,36.25,0.0
2014-12-28,7.638333333333333,28.934583333333332,1.8689583333333335,,36.55416666666667,54.34041666666667,34.51291666666667,45.004999999999995,0.3879166666666667,40.083333333333336,0.0
2014-12-29,6.986249999999999,29.55125,0.9516666666666667,,36.5075,51.08375,34.232083333333335,53.55625,0.34,39.166666666666664,0.0
2014-12-30,17.132916666666667,29.23,0.15416666666666667,,46.29666666666666,59.05833333333334,33.205416666666665,57.27583333333333,0.39749999999999996,32.375,1.6
2014-12-31,21.38208333333333,27.36708333333333,0.42,,48.52583333333333,59.205000000000005,32.88666666666666,37.27625,0.34,21.0,21.799999999999997
2015-01-01,2.7770833333333336,17.580833333333334,1.2449999999999999,,20.356875,48.20875,35.23416666666667,53.887499999999996,0.2625,18.625,0.0
2015-01-02,14.502291666666666,30.554166666666664,0.5766666666666667,,45.06354166666667,44.629999999999995,36.977916666666665,48.11875,0.33125,23.916666666666668,0.0
2015-01-03,8.353263888888888,13.274791666666667,0.0,,21.633194444444445,65.30583333333333,32.035000000000004,39.325833333333335,0.2041666666666667,16.5,0.0
2015-01-04,20.877569444444443,24.485208333333333,0.052083333333333336,,45.48993055555556,75.24333333333333,30.84583333333333,28.49416666666667,0.36624999999999996,22.041666666666668,2.2
2015-01-05,17.8525,29.051666666666666,0.08666666666666667,,46.93,78.08875,28.696250000000003,30.148750000000003,0.36000000000000004,17.041666666666668,53.60000000000001
2015-01-06,30.356458333333336,37.257083333333334,0.46208333333333335,,67.73354166666667,74.57333333333334,30.596249999999998,28.18875,0.42041666666666666,36.375,0.0
2015-01-07,33.817083333333336,35.64791666666667,0.10875,,69.44666666666667,56.40958333333333,33.902499999999996,26.504166666666666,0.3279166666666667,32.333333333333336,0.0
2015-01-08,29.4325,36.78875,0.585,,66.19791666666667,47.36541666666667,34.8825,34.9325,0.3,39.5,0.0
2015-01-09,22.548333333333332,36.91354166666667,1.6545833333333333,,59.47104166666667,43.093333333333334,35.59083333333333,29.050416666666667,0.3854166666666667,41.583333333333336,0.0
2015-01-10,15.2875,30.333125,0.11583333333333334,,45.62604166666667,41.29958333333333,35.54708333333333,54.73583333333334,0.30416666666666664,35.291666666666664,0.0
2015-01-11,8.365625,26.67895833333333,1.3533333333333333,,35.080625000000005,51.840833333333336,34.8525,63.59041666666667,0.38875,36.0,0.0
2015-01-12,15.162152777777777,34.54770833333333,3.3470833333333334,,49.698819444444446,47.911249999999995,36.01833333333334,77.61208333333333,0.4254166666666667,45.333333333333336,0.0
2015-01-13,7.252222222222223,28.969375,1.460416666666667,,36.193888888888885,48.01666666666667,34.934999999999995,72.87333333333333,0.3229166666666667,34.375,0.0
2015-01-14,17.919583333333332,32.61333333333334,1.6820833333333332,,50.50354166666667,58.70875,34.0475,45.88166666666667,0.4379166666666667,46.875,0.0
2015-01-15,20.977083333333333,29.426875,2.62125,,50.36895833333333,61.555,34.095416666666665,44.71875,0.46666666666666673,50.625,0.0
2015-01-16,11.798125,29.109791666666666,1.9720833333333332,,40.91916666666666,62.57666666666666,33.43125,48.2825,0.3875,40.833333333333336,0.0
2015-01-17,16.074791666666666,37.176458333333336,2.2558333333333334,,53.25791666666667,50.42583333333334,34.691250000000004,53.66625,0.43583333333333335,54.666666666666664,0.0
2015-01-18,14.56,31.74083333333333,2.2483333333333335,,46.31625,57.02541666666667,34.35,51.20791666666667,0.39749999999999996,46.083333333333336,0.0
2015-01-19,11.501041666666666,32.14604166666667,3.3479166666666664,,43.65416666666667,59.393750000000004,34.39125,64.03083333333333,0.41875,55.583333333333336,0.0
2015-01-20,3.0988235294117645,19.15058823529412,2.5795833333333333,,22.250882352941176,57.55458333333333,34.02791666666666,54.65833333333333,0.35708333333333336,41.416666666666664,0.0
2015-01-21,4.518125,22.4175,4.513333333333333,,26.925208333333334,63.274166666666666,33.1475,49.74458333333333,0.41791666666666666,51.875,0.0
2015-01-22,6.67625,28.004166666666666,1.7325,,34.687083333333334,73.30166666666666,29.81125,37.111666666666665,0.29125,16.625,64.6
2015-01-23,13.342708333333333,30.726875000000003,0.3466666666666667,,44.02583333333333,75.29916666666666,29.26125,36.31666666666667,0.35000000000000003,21.041666666666668,0.0
2015-01-24,15.452916666666667,33.589166666666664,0.42375,,48.97875,69.87416666666667,30.4175,26.804166666666664,0.3666666666666667,28.416666666666668,0.0
2015-01-25,15.50875,26.907083333333333,0.3641666666666667,,42.40708333333333,52.877916666666664,32.655833333333334,38.24583333333333,0.2841666666666667,18.291666666666668,0.0
2015-01-26,22.150000000000002,31.697916666666668,0.8979166666666667,,53.8725,56.67583333333334,32.410833333333336,30.960416666666664,0.31958333333333333,22.625,0.4
2015-01-27,24.49875,34.322916666666664,2.3895833333333334,,58.81625,55.94416666666667,33.191250000000004,45.07916666666667,0.38000000000000006,26.791666666666668,0.0
2015-01-28,31.153125,39.90875,1.1475,,71.0125,69.62125,31.509583333333335,29.88083333333333,0.40458333333333335,27.125,41.2
2015-01-29,25.601874999999996,34.16052083333333,0.38833333333333336,,59.81947916666667,58.083124999999995,34.31166666666667,28.31,0.3675,28.333333333333332,0.0
2015-01-30,22.136875,31.287604166666668,0.5604166666666667,,53.415729166666665,59.384166666666665,33.255,28.619583333333335,0.3875,29.5,0.0
2015-01-31,10.440208333333333,20.769375,0.14,,31.244583333333335,83.2475,29.690833333333334,23.11125,0.27666666666666667,12.5,18.0
2015-02-01,13.805,16.848333333333333,0.13,,30.629583333333333,78.3775,31.03,18.092499999999998,0.27625,18.458333333333332,0.2
2015-02-02,29.837500000000002,37.60125,0.9354166666666667,,67.39541666666666,87.16958333333334,27.443749999999998,5.948333333333333,0.4116666666666666,20.125,2.8000000000000003
2015-02-03,25.693541666666665,35.571041666666666,0.4191666666666667,,61.30833333333334,73.48,29.393333333333334,20.8225,0.30791666666666667,21.625,0.8
2015-02-04,37.42604166666667,34.65,1.5962500000000002,,72.08916666666667,75.77374999999999,28.949583333333333,24.280416666666667,0.3779166666666667,28.75,2.6
2015-02-05,38.09395833333333,40.67333333333333,1.4958333333333333,,78.73541666666667,78.28458333333333,28.76625,10.085416666666667,0.47125,19.416666666666668,2.1999999999999997
2015-02-06,14.606666666666667,32.43875,0.37875,,47.03916666666667,83.71708333333333,28.12625,10.137083333333333,0.36166666666666664,20.5,13.000000000000002
2015-02-07,26.6125,26.928124999999998,0.5916666666666667,,53.51354166666667,78.91333333333334,28.859583333333333,15.915,0.32625,11.708333333333334,0.8
2015-02-08,30.71291666666667,30.707083333333333,1.4683333333333335,,61.38916666666666,79.71916666666667,29.538749999999997,21.934166666666666,0.35791666666666666,18.5,25.2
2015-02-09,30.17458333333333,44.469166666666666,1.195,,74.64083333333333,81.05166666666666,30.174166666666665,15.121666666666668,0.5066666666666667,30.666666666666668,0.6000000000000001
2015-02-10,48.059444444444445,48.73777777777778,0.43000000000000005,,96.75722222222223,81.66722222222222,30.591666666666665,8.193888888888889,0.581764705882353,38.72222222222222,0.0
2015-02-11,50.937083333333334,45.40208333333334,1.7862500000000001,,96.24583333333334,59.861250000000005,34.850833333333334,15.89875,0.4475,35.854166666666664,0.2
2015-02-12,23.76875,33.11770833333333,1.69625,,57.036875,51.91708333333333,35.78666666666667,18.501052631578947,0.4141666666666666,38.583333333333336,0.0
2015-02-13,9.793958333333334,26.897916666666664,0.9562499999999999,,36.689375,57.84708333333333,35.00083333333333,36.295833333333334,0.3154166666666667,36.270833333333336,0.0
2015-02-14,5.1362499999999995,21.35375,0.0,,26.485833333333332,77.18166666666666,31.827083333333334,27.474999999999998,0.3458333333333334,29.4375,34.0
2015-02-15,9.62375,24.250416666666666,0.019166666666666665,,33.87583333333333,81.6075,29.806250000000002,18.27625,0.3491666666666667,23.75,66.8
2015-02-16,5.2250000000000005,20.338958333333334,1.2791666666666666,,25.56958333333333,86.53375,28.62875,16.677083333333332,0.3458333333333334,24.9375,0.4
2015-02-17,6.935833333333334,24.281875,0.19000000000000003,,31.21875,82.13958333333333,30.33583333333333,14.282083333333333,0.36874999999999997,35.145833333333336,2.8
2015-02-18,29.124583333333334,24.213333333333335,0.021666666666666667,,53.379583333333336,75.59666666666666,30.120833333333334,9.53,0.3754166666666667,22.842105263157894,0.4
2015-02-19,21.994375,25.836875000000003,0.494375,,47.835625,50.18416666666667,33.252500000000005,20.006666666666668,0.32083333333333336,,0.0
2015-02-20,28.99270833333333,29.856458333333332,2.107083333333333,,58.85208333333333,55.08083333333334,34.285833333333336,18.910416666666666,0.4270833333333333,,0.0
2015-02-21,10.874375,25.341458333333335,0.4245833333333333,,36.228125,60.190416666666664,33.01416666666667,30.852500000000003,0.30875,,0.0
2015-02-22,8.493125000000001,15.917916666666668,0.51125,,24.409166666666668,63.40625,32.11125,17.767500000000002,0.2020833333333333,,0.0
2015-02-23,16.5125,19.765416666666667,2.5570833333333334,,36.266666666666666,61.876666666666665,32.895,20.039166666666667,0.245,,0.0
2015-02-24,15.165,24.47458333333333,1.4445833333333333,,39.64958333333333,58.07875000000001,33.145833333333336,18.53125,0.3075,,0.0
2015-02-25,30.4325,31.305000000000003,2.538125,,61.80125,59.38166666666667,32.6425,22.25791666666667,0.35041666666666665,,0.0
2015-02-26,13.965416666666664,27.64708333333333,1.999375,,41.5925,59.317083333333336,32.306666666666665,28.246666666666666,0.36083333333333334,,0.0
2015-02-27,18.728333333333335,29.364375,0.6183333333333333,,48.08354166666667,58.04583333333333,32.822916666666664,31.924166666666665,0.3416666666666666,,0.0
2015-02-28,11.300625000000002,18.335625,0.8406250000000001,,29.743958333333335,71.52583333333332,30.39125,18.94666666666667,0.25,,8.6
2015-03-01,26.0975,15.3275,0.604375,,41.403333333333336,65.88458333333334,29.377499999999998,17.09541666666667,0.17791666666666664,,0.0
2015-03-02,21.231041666666666,20.141458333333333,0.21125000000000002,,41.37354166666667,59.845,30.023750000000003,19.224999999999998,0.235,,0.0
2015-03-03,22.722083333333334,24.01875,2.089375,,46.69583333333333,61.95208333333333,30.781666666666666,19.239583333333332,0.23555555555555557,,0.0
2015-03-04,19.590833333333332,25.170625,1.4122916666666667,,44.772083333333335,65.35416666666667,31.207083333333333,17.040208333333332,,,0.0
2015-03-05,29.94125,27.21166666666667,0.23854166666666665,,57.1575,62.27166666666667,32.434999999999995,26.96166666666667,,,0.0
2015-03-06,20.508958333333336,29.072916666666668,1.6995833333333332,,49.544999999999995,63.00541666666667,32.35916666666667,37.520833333333336,,,0.6
2015-03-07,28.778541666666666,31.582916666666666,1.2806944444444444,,60.357708333333335,80.49625,29.291666666666668,21.452083333333334,,,7.199999999999999
2015-03-08,6.336666666666666,21.62625,0.6726388888888889,,27.967083333333335,79.53375,29.615416666666665,18.979166666666668,0.6729411764705882,,3.4
2015-03-09,24.00208333333333,26.79895833333333,0.40458333333333335,,50.80583333333333,92.42,28.51875,9.467916666666666,0.7552083333333334,,7.8
2015-03-10,49.42875,32.826875,0.8477083333333333,,82.24958333333333,88.93291666666666,28.902083333333334,1.9120833333333334,0.8531578947368421,42.07692307692308,0.2
2015-03-11,46.362500000000004,35.623333333333335,0.27166666666666667,,81.97791666666667,79.81208333333333,30.537916666666664,2.0995833333333334,0.7058333333333334,32.1875,0.0
2015-03-12,10.351666666666667,22.500416666666666,0.01625,,32.847500000000004,83.18791666666667,29.94666666666667,9.884583333333333,0.41083333333333333,23.25,0.0
2015-03-13,20.824166666666667,30.894583333333333,0.41250000000000003,,51.737500000000004,84.30583333333333,30.42,18.7575,0.5633333333333334,40.791666666666664,0.0
2015-03-14,12.996666666666668,23.05,0.29270833333333335,,36.0475,83.19875,30.033749999999998,13.611666666666666,0.40875,30.75,0.0
2015-03-15,23.351875000000003,27.094375,0.010208333333333333,,50.466874999999995,78.73708333333333,31.762083333333333,26.57375,0.5045833333333333,41.895833333333336,0.0
2015-03-16,11.4475,25.242500000000003,0.36375,,36.687916666666666,73.83458333333333,31.14708333333333,14.828333333333333,0.2864583333333333,34.785714285714285,0.0
2015-03-17,31.41125,34.88625,1.0602083333333334,,66.31916666666667,94.93208333333332,26.484166666666667,7.545789473684211,0.4066666666666667,,0.0
2015-03-18,46.60541666666666,36.593333333333334,0.3629166666666667,,83.17166666666667,84.17041666666667,29.206666666666667,21.525833333333335,0.3675,33.3,5.0
2015-03-19,21.557083333333335,31.223333333333333,1.2602083333333334,,52.74333333333333,75.33,30.302083333333332,17.788333333333334,0.24750000000000003,31.020833333333332,0.0
2015-03-20,29.96666666666667,33.295,1.626875,,63.24916666666667,76.02,30.384583333333335,13.844166666666666,0.3408333333333333,26.333333333333332,0.0
2015-03-21,35.89895833333333,35.60916666666667,2.0970833333333334,,71.53104166666667,82.49666666666667,28.679374999999997,10.448333333333332,0.4439583333333334,27.9375,3.6
2015-03-22,9.451666666666666,22.239375,0.80125,,31.686458333333334,87.0025,27.647499999999997,27.02333333333333,0.19375,14.520833333333334,43.2
2015-03-23,15.7025,27.957708333333333,1.9329166666666666,,43.65708333333333,95.76583333333333,25.835416666666664,19.774583333333336,0.24833333333333332,15.375,15.200000000000001
2015-03-24,10.550833333333333,24.153333333333336,0.5529166666666666,,34.70333333333333,83.77166666666666,27.46291666666667,16.455416666666668,0.24291666666666667,13.666666666666666,0.4
2015-03-25,25.985416666666666,26.32041666666667,0.525625,,52.35041666666667,77.52499999999999,28.34,20.456666666666667,0.33791666666666664,26.416666666666668,0.0
2015-03-26,40.14958333333333,41.775416666666665,4.110625,,81.93625,73.11749999999999,29.995833333333334,23.41,0.3720833333333333,41.666666666666664,0.0
2015-03-27,11.57,28.739583333333332,1.06625,,40.310833333333335,80.86833333333333,29.3875,27.682083333333335,0.31375000000000003,29.375,0.0
2015-03-28,18.185416666666665,32.21458333333333,1.47375,,50.42041666666666,78.55958333333334,29.04875,22.559166666666666,0.3179166666666667,33.916666666666664,0.0
2015-03-29,24.008749999999996,25.79041666666667,2.9031249999999997,,49.73333333333333,87.54208333333332,28.616666666666664,23.929999999999996,0.36375,23.625,18.4
2015-03-30,26.403541666666666,40.33541666666667,2.9639583333333337,,66.74125,87.89375,29.58375,17.636666666666667,0.4579166666666667,25.666666666666668,0.6000000000000001
2015-03-31,14.91125,30.443749999999998,2.1641666666666666,,45.355,76.27374999999999,30.655416666666667,21.470416666666665,0.3133333333333333,26.791666666666668,0.0
2015-04-01,7.008958333333333,23.515625,0.623125,,30.515416666666667,82.18041666666666,29.155,23.236666666666665,0.245,19.208333333333332,0.4
2015-04-02,25.035416666666666,25.786666666666665,1.2310416666666666,,50.81041666666667,82.36541666666666,27.607916666666668,15.301250000000001,0.3354166666666667,17.708333333333332,1.7999999999999998
2015-04-03,30.82041666666667,31.01375,1.3041666666666667,,61.83583333333333,70.99249999999999,27.45,24.956666666666667,0.34791666666666665,30.791666666666668,0.0
2015-04-04,32.25833333333333,37.26583333333333,6.686458333333333,,69.52875,62.88458333333333,29.415833333333335,36.449999999999996,0.2833333333333333,31.166666666666668,0.0
2015-04-05,20.232916666666664,32.41708333333333,3.9095833333333334,,52.65416666666667,72.50125,30.383750000000003,22.614166666666666,0.3116666666666667,28.166666666666668,0.6000000000000001
2015-04-06,11.663333333333334,18.996666666666666,0.0775,,30.67458333333333,78.58708333333333,29.26125,24.969583333333333,0.21458333333333335,14.75,11.000000000000002
2015-04-07,16.793125,24.64708333333333,0.5343749999999999,,41.43666666666667,93.60833333333333,24.606666666666666,18.298333333333336,0.305,19.208333333333332,19.0
2015-04-08,25.181250000000002,33.91833333333333,1.8010416666666667,,59.093333333333334,73.43583333333333,26.41,19.65458333333333,0.21916666666666665,36.833333333333336,0.8
2015-04-09,40.35708333333333,31.933333333333334,2.190208333333333,,72.31833333333334,69.34208333333333,27.55333333333333,19.7575,0.2325,29.541666666666668,0.0
2015-04-10,30.014791666666667,30.271666666666665,1.1089583333333333,,60.260625000000005,67.52875,27.555833333333336,20.0725,0.285,23.5,0.0
2015-04-11,29.425,36.47875,3.6925000000000003,,65.89625,69.31791666666666,27.981666666666666,32.31916666666667,0.3145833333333333,29.458333333333332,0.0
2015-04-12,30.49291666666667,31.06958333333333,2.5833333333333335,,61.52375,76.13125000000001,27.99208333333333,39.78625,0.305,31.625,0.0
2015-04-13,26.346041666666665,34.42104166666667,1.4945833333333332,,60.766875,69.52625,27.995,35.46,0.32125,33.25,0.0
2015-04-14,45.384166666666665,47.74333333333333,2.830416666666667,,93.08749999999999,59.76500000000001,29.234166666666667,32.31041666666667,0.3770833333333334,42.354166666666664,0.0
2015-04-15,33.689375,41.080625,2.3204166666666666,,74.78,66.85208333333334,30.077083333333334,35.86958333333333,0.34833333333333333,40.083333333333336,0.0
2015-04-16,16.5625,31.58972222222222,1.3220833333333333,,48.14694444444444,80.57916666666667,29.118333333333336,46.10333333333333,0.27895833333333336,32.8125,0.0
2015-04-17,32.43675,30.044,1.1624999999999999,,62.48225,86.38,28.247083333333332,30.186666666666667,0.35000000000000003,21.958333333333332,22.0
2015-04-18,44.028333333333336,41.83375,2.731666666666667,,85.8525,71.79125,30.795833333333334,24.920833333333334,0.47625,41.291666666666664,0.0
2015-04-19,3.6860416666666667,18.191875,0.5345833333333333,,21.877708333333334,89.71083333333333,29.339583333333334,41.06666666666667,0.12041666666666667,29.083333333333332,0.0
2015-04-20,23.183333333333334,44.9125,4.390833333333333,,68.07125,79.50541666666668,31.377916666666668,44.1275,0.5241666666666667,49.166666666666664,0.0
2015-04-21,13.744583333333333,25.168541666666666,1.985,,38.92666666666667,81.51083333333334,30.888333333333335,32.42125,0.24291666666666667,37.375,0.0
2015-04-22,16.831875,24.842916666666667,0.64625,,41.670625,98.47541666666666,26.300833333333333,15.771666666666667,0.31124999999999997,12.291666666666666,11.400000000000002
2015-04-23,25.43166666666667,27.588333333333335,1.4437499999999999,,52.98374999999999,88.92166666666667,27.125,13.4475,0.22291666666666665,27.833333333333332,0.0
2015-04-24,37.13625,31.687083333333334,4.570833333333334,,68.83708333333333,79.57000000000001,29.31125,26.390416666666667,0.2920833333333333,30.916666666666668,0.0
2015-04-25,4.5718749999999995,17.129166666666666,0.3358333333333334,,21.706041666666668,84.69166666666666,27.38083333333333,30.823333333333334,0.1691666666666667,21.166666666666668,0.0
2015-04-26,16.08791666666667,20.32875,0.97125,,36.39666666666667,93.62875000000001,24.868333333333336,20.56833333333333,0.3458333333333334,14.208333333333334,20.799999999999997
2015-04-27,40.13708333333333,32.356249999999996,2.47125,,72.49333333333333,82.89208333333333,26.327083333333334,13.975416666666666,0.3325,23.916666666666668,0.0
2015-04-28,30.410416666666666,37.15083333333333,9.09625,,67.58333333333333,76.45916666666666,27.99875,21.321666666666665,0.31416666666666665,33.5,0.0
2015-04-29,10.06,24.0525,1.0979166666666667,,34.111666666666665,89.04833333333333,26.44125,20.232499999999998,0.22125000000000003,23.458333333333332,6.2
2015-04-30,26.76,26.903750000000002,0.9383333333333334,,53.62875,96.90833333333335,23.287499999999998,13.559166666666668,0.29541666666666666,22.708333333333332,1.4
2015-05-01,37.16291666666667,30.62291666666667,4.720833333333333,,67.77791666666667,75.3325,25.31458333333333,22.40833333333333,0.28625,29.25,0.2
2015-05-02,23.32625,34.23458333333333,2.0975,,57.555,73.04666666666667,27.38416666666667,27.74625,0.345,32.291666666666664,0.0
2015-05-03,34.659166666666664,35.89125,1.8208333333333335,,70.58,69.62666666666667,29.27625,17.965,0.40375,35.0,0.2
2015-05-04,18.83125,31.599166666666665,1.8145833333333332,,50.42625,65.66583333333334,29.614166666666666,20.500833333333333,0.22666666666666668,29.833333333333332,0.8
2015-05-05,13.005416666666667,22.247500000000002,0.04666666666666667,,35.248333333333335,84.60125000000001,26.121666666666666,26.03,0.16458333333333333,20.416666666666668,14.0
2015-05-06,54.745000000000005,36.737500000000004,1.1629166666666666,,91.54916666666666,95.81583333333333,23.609583333333333,5.572083333333333,0.50875,34.208333333333336,1.4
2015-05-07,24.059375,28.929375000000004,3.6016666666666666,,52.995,83.65208333333334,25.105416666666667,19.28291666666667,0.21958333333333332,26.791666666666668,0.0
2015-05-08,35.905,37.071666666666665,2.5954166666666665,,72.95625,89.13708333333334,23.18625,13.612916666666665,0.38083333333333336,29.541666666666668,11.8
2015-05-09,46.60145833333333,37.258541666666666,4.596666666666667,,83.91,75.12458333333333,25.258750000000003,14.804166666666667,0.49583333333333335,39.916666666666664,0.0
2015-05-10,42.71416666666667,35.89145833333333,2.907916666666667,,78.40916666666666,76.06708333333333,26.53625,20.044999999999998,0.4504166666666667,38.916666666666664,1.6
2015-05-11,11.753333333333332,26.002499999999998,1.2858333333333334,,37.72625,83.49458333333332,26.576666666666668,27.589166666666667,0.18958333333333333,19.333333333333332,9.8
2015-05-12,21.993750000000002,26.72,0.11833333333333335,,48.80291666666667,85.75958333333334,25.717083333333335,24.9475,0.28875,19.25,4.8
2015-05-13,20.144583333333333,27.422083333333333,2.265,,47.55083333333334,98.14208333333333,23.824583333333333,15.6725,0.29583333333333334,12.833333333333334,37.8
2015-05-14,36.75416666666667,30.094583333333333,0.9370833333333333,,66.85916666666667,87.47041666666667,23.92625,11.065,0.38666666666666666,26.708333333333332,0.2
2015-05-15,48.90375,32.221250000000005,1.2545833333333334,,81.00750000000001,75.43583333333333,24.520416666666666,12.218333333333334,0.37625,35.125,0.0
2015-05-16,38.52333333333333,32.56666666666667,2.9829166666666667,,71.08624999999999,78.72083333333333,24.968333333333334,15.217500000000001,0.33166666666666667,26.583333333333332,0.0
2015-05-17,48.9775,34.38,2.285416666666667,,83.35041666666667,76.12625,26.334166666666665,20.504166666666666,0.2841666666666667,25.42105263157895,0.0
2015-05-18,44.9325,41.64958333333333,1.9266666666666667,,86.56541666666668,78.44166666666666,26.23125,9.598333333333333,0.4504166666666667,,0.0
2015-05-19,39.1225,37.91291666666667,0.8404166666666666,,77.08125,88.79458333333334,26.11375,11.592083333333333,0.31333333333333335,36.5,1.2
2015-05-20,42.342083333333335,35.65833333333333,2.2070833333333333,,78.02958333333333,78.64583333333333,26.33125,12.856250000000001,0.33875000000000005,30.666666666666668,0.0
2015-05-21,22.95583333333333,34.095,0.1679166666666667,,57.07458333333333,72.2775,27.012916666666666,15.31,0.26166666666666666,29.75,0.0
2015-05-22,65.00416666666666,42.55583333333333,5.574166666666667,,107.58541666666667,72.54333333333334,26.835833333333337,18.034166666666668,0.40375,34.708333333333336,0.0
2015-05-23,68.97166666666666,38.23916666666667,2.9414583333333333,,107.19458333333334,73.86874999999999,25.985416666666666,11.205833333333333,0.5516666666666666,47.5,0.0
2015-05-24,50.98833333333334,39.69708333333333,1.07125,,90.60958333333333,62.21208333333333,28.130416666666665,14.517916666666666,0.5795833333333333,39.041666666666664,0.0
2015-05-25,46.73666666666667,55.81791666666667,2.95875,,102.46541666666667,64.32625,29.019583333333333,22.634583333333335,0.4666666666666666,61.458333333333336,0.0
2015-05-26,16.24833333333333,29.432708333333334,2.1183333333333336,,45.68479166666666,85.26083333333334,26.925,32.54875,0.2608333333333333,32.0,0.0
2015-05-27,47.071666666666665,48.79125,3.6495833333333336,,95.82666666666667,72.09916666666666,28.202916666666667,22.780416666666667,0.66,62.833333333333336,0.0
2015-05-28,20.967916666666667,35.32333333333333,1.8941666666666668,,56.29791666666667,59.166666666666664,29.551666666666666,24.133333333333336,0.17500000000000002,40.625,0.2
2015-05-29,26.071875000000002,30.806250000000002,0.4795833333333333,,56.87916666666666,85.23541666666667,25.70625,18.340833333333332,0.3658333333333333,33.125,1.6
2015-05-30,29.156041666666667,42.79770833333333,3.752083333333333,,71.94333333333334,82.19708333333334,25.5275,25.1075,0.5508333333333334,43.25,0.0
2015-05-31,47.942499999999995,41.72625,1.1845833333333333,,89.61458333333333,98.63708333333334,24.141666666666666,4.57625,0.71,46.833333333333336,0.8
2015-06-01,14.537500000000001,23.435,0.06583333333333334,,37.95541666666667,95.37166666666667,24.416666666666668,22.788124999999997,0.21437499999999998,19.583333333333332,0.2
2015-06-02,28.78708333333333,32.637708333333336,1.345294117647059,,61.415,98.88416666666666,23.044166666666666,14.878749999999998,0.34375,23.333333333333332,3.6
2015-06-03,36.2725,38.047916666666666,1.2666666666666668,,74.3375,77.55208333333333,25.27,16.22458333333333,0.34041666666666665,35.625,0.0
2015-06-04,31.010833333333334,37.90333333333333,0.22583333333333333,,68.92125,77.97500000000001,25.51375,20.467916666666667,0.4183333333333333,33.416666666666664,0.0
2015-06-05,41.37083333333333,59.630833333333335,2.3229166666666665,,100.99958333333332,77.7375,25.882500000000004,24.175833333333333,0.7079166666666666,59.875,0.0
2015-06-06,35.67041666666667,41.85375,2.05125,,77.50791666666667,68.95041666666667,27.9025,11.932916666666666,0.5629166666666666,51.583333333333336,0.0
2015-06-07,43.497083333333336,36.22958333333333,0.8066666666666666,,79.77458333333333,65.06833333333334,28.3325,19.532083333333333,0.49041666666666667,46.083333333333336,0.0
2015-06-08,49.74041666666667,42.556666666666665,0.5691666666666667,,92.29083333333334,61.507083333333334,28.450833333333335,18.187916666666666,0.5183333333333333,52.833333333333336,0.0
2015-06-09,62.295416666666675,50.470416666666665,0.24125,,112.77,54.668749999999996,27.99791666666667,20.115833333333335,0.47375000000000006,61.041666666666664,0.0
2015-06-10,53.168749999999996,46.25375,0.74375,,99.42958333333333,50.80291666666667,28.007916666666663,21.07,0.44125,58.583333333333336,0.0
2015-06-11,60.81333333333333,53.23875,3.06875,,114.0475,44.17083333333333,29.437916666666666,21.39833333333333,0.5445833333333333,67.95833333333333,0.0
2015-06-12,20.433333333333334,35.312083333333334,0.39999999999999997,,55.76708333333334,83.32458333333334,25.5775,21.12666666666667,0.14166666666666666,38.25,2.2
2015-06-13,40.592083333333335,46.64166666666667,3.7575,,87.24458333333332,81.15666666666667,27.727500000000003,24.635833333333334,0.66,50.791666666666664,0.0
2015-06-14,38.026666666666664,38.91791666666666,1.1970833333333333,,76.95125,51.069583333333334,30.1825,21.367500000000003,0.5195833333333334,52.791666666666664,0.0
2015-06-15,8.282916666666667,26.957083333333333,0.05708333333333334,,35.24375,85.33375000000001,24.722916666666666,23.093333333333334,0.12041666666666667,17.333333333333332,2.6
2015-06-16,22.975416666666664,36.03041666666667,0.4595833333333333,,59.02708333333334,99.17958333333333,21.747083333333332,13.567916666666667,0.3183333333333333,12.625,1.2000000000000002
2015-06-17,35.01208333333333,39.420833333333334,0.9741666666666666,,74.4175,87.29666666666667,25.727500000000003,14.93875,0.33958333333333335,33.666666666666664,0.0
2015-06-18,55.20416666666667,38.67,1.72625,,93.92333333333333,70.4675,29.190833333333334,18.31083333333333,0.5812499999999999,51.979166666666664,0.0
2015-06-19,5.3675,23.200833333333332,1.0325,,28.56520833333333,99.15958333333333,22.514583333333334,31.924166666666665,0.17625000000000002,10.083333333333334,16.0
2015-06-20,19.659375,29.277708333333333,1.5495833333333333,,48.95416666666667,82.90541666666667,22.623333333333335,23.64708333333333,0.25416666666666665,22.541666666666668,0.2
2015-06-21,45.27791666666667,40.651666666666664,2.722857142857143,,85.97916666666667,75.77541666666667,23.39916666666667,12.701666666666668,0.3675,32.875,0.0
2015-06-22,76.65875,47.32958333333334,5.259130434782609,,123.86791666666666,73.58291666666666,25.142916666666665,9.265416666666667,0.5316666666666666,50.458333333333336,0.0
2015-06-23,24.27,29.593684210526316,1.6624999999999999,,53.87447368421053,74.58208333333333,26.59875,24.651666666666667,0.6704166666666667,39.166666666666664,0.0
2015-06-24,22.83666666666667,28.988333333333333,0.017916666666666668,,51.8125,95.6725,22.581666666666667,30.249166666666667,0.6858333333333334,20.416666666666668,24.6
2015-06-25,36.165,37.776666666666664,1.4470833333333335,,73.90958333333333,90.16041666666666,21.367500000000003,13.856250000000001,0.4970833333333333,21.708333333333332,0.6000000000000001
2015-06-26,57.08416666666667,36.82333333333333,1.3704166666666666,,93.94125000000001,85.68791666666665,21.7675,13.0525,0.49041666666666667,32.145833333333336,0.0
2015-06-27,43.00958333333333,34.78958333333333,1.265,,77.76208333333334,80.76916666666666,22.837500000000002,14.903333333333334,0.44708333333333333,36.666666666666664,0.2
2015-06-28,30.5575,35.19583333333333,2.74375,,65.82083333333334,79.49166666666666,23.765,20.17875,0.38875,21.666666666666668,0.0
2015-06-29,63.1975,41.60666666666666,4.0825000000000005,,104.80041666666666,74.08958333333334,24.64125,13.59875,0.6391666666666667,82.0909090909091,0.0
2015-06-30,72.2963157894737,49.64368421052632,2.5504166666666666,,121.97684210526316,68.48875,26.4875,13.080833333333333,0.5012500000000001,60.791666666666664,0.0
2015-07-01,26.780416666666667,32.71958333333333,1.0791666666666666,,59.49,68.94625,26.790000000000003,20.380416666666665,0.32625,36.333333333333336,0.0
2015-07-02,24.987916666666667,36.0025,0.5039583333333334,,61.00625,86.6875,25.375,20.4075,0.4633333333333334,34.041666666666664,0.0
2015-07-03,72.48770833333333,48.16833333333333,3.0975,,120.73270833333333,78.55125,25.852083333333336,8.12578947368421,0.7679166666666667,59.833333333333336,0.0
2015-07-04,14.887500000000001,22.384583333333335,1.32,,37.2975,74.64625,25.474999999999998,25.073333333333334,,25.875,6.0
2015-07-05,17.6675,23.532916666666665,0.990625,,41.22541666666667,91.33,20.426666666666666,21.515416666666667,0.32130434782608697,21.041666666666668,1.2000000000000002
2015-07-06,44.10541666666666,36.34125,2.041875,,80.43166666666667,89.08083333333333,22.13208333333333,1.354736842105263,0.49666666666666665,41.958333333333336,0.0
2015-07-07,58.71041666666667,43.49,3.795833333333333,,102.28500000000001,77.18458333333334,24.77916666666667,9.575000000000001,0.4683333333333333,40.416666666666664,0.0
2015-07-08,75.76333333333334,36.055416666666666,1.94625,,111.83666666666666,75.7525,25.86583333333333,6.916666666666667,0.6920833333333333,52.5,0.0
2015-07-09,49.63583333333333,38.446666666666665,0.8870833333333333,,88.08916666666666,68.41125000000001,26.40833333333333,6.8116666666666665,0.45625,52.666666666666664,0.0
2015-07-10,51.4675,40.75833333333333,2.339166666666667,,92.2525,74.39416666666666,25.537499999999998,18.617083333333333,0.64625,60.25,0.0
2015-07-11,30.922083333333333,34.509375,1.0391666666666668,,65.42645833333333,79.06458333333333,25.460833333333337,20.790000000000003,0.5608333333333334,43.25,0.0
2015-07-12,54.52791666666667,54.405,4.076,,108.92625,69.25666666666667,27.944166666666664,34.185833333333335,1.0195833333333333,79.95833333333333,0.0
2015-07-13,49.77625,51.876666666666665,2.523157894736842,,101.65499999999999,62.45416666666667,29.339166666666667,15.134583333333333,0.7597916666666666,69.64583333333333,0.0
2015-07-14,88.40375,53.76958333333334,4.430833333333333,,142.1875,62.21791666666667,28.843333333333334,14.030833333333334,0.79625,80.5625,0.0
2015-07-15,29.5175,34.217083333333335,1.2525,,63.742916666666666,69.60125000000001,27.28458333333333,27.1875,0.19791666666666666,46.0,0.0
2015-07-16,39.334583333333335,35.79291666666666,2.19625,,75.09791666666666,81.50125,26.82625,38.91166666666667,0.3329166666666667,50.25,0.0
2015-07-17,28.683958333333333,37.749583333333334,3.67,,66.46666666666667,90.31208333333332,25.524583333333336,29.925,0.48,63.583333333333336,0.0
2015-07-18,24.342916666666667,36.626666666666665,2.7420833333333334,,60.98500000000001,73.69916666666667,26.180833333333336,19.493333333333336,0.36791666666666667,51.833333333333336,0.0
2015-07-19,51.127916666666664,45.33291666666667,4.178541666666667,,96.4525,69.71249999999999,26.845833333333335,22.887500000000003,0.65625,72.58333333333333,0.0
2015-07-20,73.94583333333334,37.87083333333333,2.13125,,111.83041666666666,61.23499999999999,28.111666666666665,13.089583333333332,0.6470833333333333,53.25,0.0
2015-07-21,22.212083333333336,27.24,0.73375,,49.465,66.95416666666667,25.958333333333332,12.886249999999999,0.18083333333333332,49.791666666666664,9.2
2015-07-22,15.889791666666667,30.693125,0.20545454545454545,,46.57875000000001,99.17333333333333,21.67375,8.867916666666668,0.37666666666666665,19.25,3.6
2015-07-23,49.37958333333333,39.98166666666666,0.6226086956521739,,89.29708333333333,,23.667083333333334,6.2437499999999995,0.21125000000000002,32.958333333333336,0.0
2015-07-24,50.046666666666674,44.42124999999999,4.957916666666667,,94.52958333333333,54.251,25.926666666666666,7.435833333333334,0.4345833333333333,39.75,0.0
2015-07-25,18.010416666666668,30.910208333333333,0.7791666666666667,,48.92333333333334,,24.070833333333336,13.2325,0.29625,22.333333333333332,3.6
2015-07-26,5.9941666666666675,20.3675,1.6841666666666668,,26.362083333333334,,22.974999999999998,13.564583333333333,0.2383333333333333,20.0,0.0
2015-07-27,24.660416666666666,29.01770833333333,0.21625000000000003,,53.66375,,24.47666666666667,10.340833333333334,0.26458333333333334,30.416666666666668,0.0
2015-07-28,13.282916666666667,26.589583333333334,1.0291666666666666,,39.85395833333333,,25.56125,14.415833333333333,0.2304166666666667,30.75,0.0
2015-07-29,24.143333333333334,33.4425,0.525,,57.65229166666666,,25.591250000000002,11.978333333333333,0.31875000000000003,34.958333333333336,0.0
2015-07-30,33.412708333333335,37.498124999999995,1.2979166666666666,,70.879375,,26.577916666666667,13.484583333333333,0.33916666666666667,42.541666666666664,0.0
2015-07-31,28.516875,40.45583333333334,1.7729166666666665,,68.969375,,26.910416666666666,19.220833333333335,0.4383333333333333,53.916666666666664,0.0
2015-08-01,33.05125,49.5325,3.432916666666667,,82.59833333333334,,27.471249999999998,16.056250000000002,0.56625,67.5,0.0
2015-08-02,42.253750000000004,43.6325,11.234583333333333,,85.83958333333334,,27.1575,12.330833333333333,0.5642105263157895,64.0,0.0
2015-08-03,82.20958333333333,47.615833333333335,3.74,,129.7925,,27.695833333333336,10.59875,1.1005555555555555,62.666666666666664,0.0
2015-08-04,53.72291666666666,50.255,2.8183333333333334,,103.96666666666665,,27.357916666666668,18.985,0.8833333333333333,60.791666666666664,0.0
2015-08-05,47.70583333333334,57.069583333333334,2.3841666666666668,,104.87541666666668,,26.5125,20.352083333333333,0.72125,67.04166666666667,0.0
2015-08-06,45.316875,64.0225,4.8133333333333335,,109.35770833333333,,27.751666666666665,13.202916666666667,0.6770833333333334,73.29166666666667,0.0
2015-08-07,70.56083333333333,64.59375,4.2195833333333335,,134.585,,28.42,11.485833333333332,0.5245833333333333,65.95833333333333,0.0
2015-08-08,22.272499999999997,40.87625,2.672916666666666,,63.142500000000005,,27.612916666666667,17.398333333333333,0.3925,45.75,0.0
2015-08-09,25.344375,26.5475,2.5733333333333333,,51.93645833333333,,26.439166666666665,17.85375,0.3941666666666667,29.375,0.0
2015-08-10,46.75666666666667,41.51125,5.50875,,88.29812500000001,,26.290000000000003,14.633333333333333,0.43124999999999997,37.958333333333336,0.0
2015-08-11,34.770833333333336,40.44958333333333,4.5575,,75.23833333333333,,26.0575,13.722083333333332,0.41291666666666665,39.291666666666664,0.0
2015-08-12,34.163333333333334,44.68166666666667,6.570416666666667,,78.87208333333334,,25.700416666666666,15.217916666666667,0.4366666666666667,45.291666666666664,0.0
2015-08-13,34.79020833333333,46.46770833333333,3.6816666666666666,,81.24916666666667,,26.244583333333335,10.6575,0.49041666666666667,48.916666666666664,0.0
2015-08-14,33.29333333333333,40.61666666666667,1.9541666666666666,,73.88583333333334,,26.83125,8.686666666666667,0.44708333333333333,43.708333333333336,0.0
2015-08-15,20.738333333333333,38.14333333333334,2.1308333333333334,,58.89166666666667,,27.730416666666667,14.097499999999998,0.5499999999999999,44.0,0.0
2015-08-16,44.542291666666664,46.244791666666664,,,90.80166666666668,,28.71375,14.345,0.5870833333333333,51.125,0.0
2015-08-17,18.176875,41.579791666666665,0.8654166666666666,,59.766875,,27.78625,16.057083333333335,0.45083333333333336,49.916666666666664,0.0
2015-08-18,56.476875,45.220625000000005,2.9258333333333333,,101.868125,,28.5,10.428749999999999,0.52375,49.791666666666664,0.0
2015-08-19,36.29895833333334,36.30645833333333,2.7747916666666668,,72.59,,29.99625,14.308749999999998,0.3745833333333333,50.041666666666664,0.0
2015-08-20,5.292083333333333,15.414166666666667,3.4225,,20.712083333333336,,24.8425,24.262916666666666,0.37000000000000005,22.479166666666668,0.0
2015-08-21,15.04875,27.6425,2.495,,42.69833333333333,,23.55,14.79125,0.44375000000000003,24.083333333333332,1.4000000000000001
2015-08-22,22.449166666666667,39.291875,0.4875,,61.76583333333334,,25.88875,16.036666666666665,0.53,40.25,0.0
2015-08-23,17.554583333333333,33.253750000000004,2.642916666666667,,50.81791666666667,,27.93166666666667,20.213333333333335,0.4795833333333333,43.541666666666664,0.0
2015-08-24,21.258333333333333,24.885208333333335,1.7235416666666667,,46.155,,24.744583333333335,21.626666666666665,0.4075,31.916666666666668,0.8
2015-08-25,54.492916666666666,40.31791666666667,3.221041666666667,,94.80041666666666,,23.270416666666666,7.03,0.4991666666666667,37.625,3.0
2015-08-26,31.989583333333332,36.8525,2.981666666666667,,68.845,,24.640833333333333,8.86,0.5233333333333333,44.291666666666664,0.0
2015-08-27,39.057291666666664,37.88395833333333,2.57875,,76.918125,,24.677083333333332,20.5325,0.5595833333333333,35.208333333333336,0.8
2015-08-28,19.005208333333332,31.85083333333333,2.7264583333333334,,50.856458333333336,,24.334166666666665,32.92166666666667,0.43583333333333335,25.958333333333332,0.0
2015-08-29,32.474583333333335,39.861666666666665,3.061875,,72.25750000000001,,25.45958333333333,34.752500000000005,0.5245833333333333,49.333333333333336,0.0
2015-08-30,43.73583333333334,43.835,2.95375,,87.495,,28.27625,33.017916666666665,0.6145833333333334,53.25,0.0
2015-08-31,41.533125,55.575625,7.706458333333333,,97.08104166666668,,30.7825,34.31166666666667,0.78625,69.33333333333333,0.0
2015-09-01,35.27782608695652,37.28782608695652,3.9422916666666663,,72.56760869565218,,29.30333333333333,60.23916666666667,0.6770833333333334,77.25,0.4
2015-09-02,15.77736842105263,29.096315789473685,1.9487500000000002,,44.893157894736845,,22.81125,37.255833333333335,0.19375,32.5,0.0
2015-09-03,15.1175,29.888333333333332,3.062708333333333,,44.99541666666667,,24.84,31.094583333333333,0.3070833333333333,43.833333333333336,0.0
2015-09-04,7.575208333333333,27.006041666666665,2.2716666666666665,,34.59979166666667,,24.72375,35.218333333333334,0.3,32.625,1.0
2015-09-05,18.865,29.152083333333334,2.3370833333333336,,48.01833333333334,,21.416666666666668,26.66333333333333,0.3358333333333334,15.208333333333334,10.799999999999999
2015-09-06,23.806250000000002,32.50354166666667,2.152083333333333,,56.284375000000004,,22.890416666666667,19.1275,0.42083333333333334,26.416666666666668,0.0
2015-09-07,14.636249999999999,33.428333333333335,1.9041666666666668,,48.06458333333333,,25.62375,26.778333333333332,0.48541666666666666,23.5,0.2
2015-09-08,27.63875,49.49041666666667,3.813541666666667,,77.13625,,25.63083333333333,25.971249999999998,0.5883333333333333,36.958333333333336,21.2
2015-09-09,13.654375,32.29958333333333,2.946875,,45.95166666666666,,24.937083333333334,40.722500000000004,0.4295833333333334,17.333333333333332,3.9999999999999996
2015-09-10,48.80375,45.710208333333334,4.930208333333334,,94.76437499999999,,26.11791666666667,25.282916666666665,0.5595833333333333,35.916666666666664,0.4
2015-09-11,15.85125,35.945,2.9633333333333334,,51.80416666666667,,25.30125,26.32541666666667,0.48875,23.25,24.4
2015-09-12,4.282916666666667,22.907708333333332,2.2243749999999998,,27.193749999999998,,21.506666666666664,44.977916666666665,0.2520833333333333,8.791666666666666,6.2
2015-09-13,15.862499999999999,25.55270833333333,2.2604166666666665,,41.43416666666667,,20.175416666666667,33.643750000000004,0.27208333333333334,7.8125,17.4
2015-09-14,33.385416666666664,39.70333333333333,2.5785416666666667,,73.0525,,21.110416666666666,11.077916666666667,0.3833333333333333,25.791666666666668,1.6
2015-09-15,46.70541666666667,44.29458333333333,3.7725416666666667,,91.00791666666667,,26.150833333333335,20.518,0.5150833333333333,34.791666666666664,0.2
2015-09-16,62.98375000000001,48.56125,5.534666666666666,,111.58416666666666,,31.680208333333336,20.9445,0.42830769230769233,50.5,0.0
2015-09-17,28.666666666666668,43.07916666666667,4.213125,,71.80208333333333,,31.90625,37.56333333333333,0.3645833333333333,51.375,0.0
2015-09-18,69.71791666666667,81.48958333333333,6.1889473684210525,,150.82083333333333,,34.0425,33.09166666666667,0.5333333333333333,77.8125,0.0
2015-09-19,10.320833333333333,48.85375,2.5966666666666667,,59.17333333333334,,30.717916666666667,70.16333333333334,0.30833333333333335,71.4375,0.0
2015-09-20,6.230347222222222,18.908402777777777,1.4275,,25.10840277777778,,27.1975,65.69333333333334,0.09375,35.625,0.0
2015-09-21,8.945902777777778,26.247013888888887,3.0895833333333336,,35.18513888888889,,28.22083333333333,59.793749999999996,0.24375000000000002,46.541666666666664,0.0
2015-09-22,15.490833333333335,30.091250000000002,4.262083333333334,,45.582708333333336,,26.994583333333335,51.21458333333334,0.33791666666666664,64.45833333333333,0.0
2015-09-23,14.832500000000001,36.20291666666667,4.7924999999999995,,51.05458333333333,,28.15833333333333,91.24874999999999,0.3841666666666667,70.33333333333333,0.0
2015-09-24,31.297291666666666,55.97354166666667,4.785208333333333,,87.279375,,33.11208333333334,56.03958333333333,0.51625,82.625,0.0
2015-09-25,12.0,45.155833333333334,1.594375,,57.168749999999996,,31.386666666666667,60.442499999999995,0.37666666666666665,73.25,0.2
2015-09-26,6.321041666666667,33.79708333333333,3.173958333333333,,40.11625,,28.619583333333335,71.23958333333333,0.3116666666666667,51.916666666666664,0.0
2015-09-27,11.930833333333332,28.748541666666668,4.467708333333333,,40.692708333333336,,30.402916666666666,70.2925,0.3825,45.666666666666664,13.0
2015-09-28,13.871250000000002,34.92520833333334,5.072916666666667,,48.768750000000004,,27.13208333333333,66.65333333333334,0.38187499999999996,35.416666666666664,0.8
2015-09-29,34.47083333333333,38.66916666666667,2.103333333333333,,73.14375,,26.664583333333336,31.537499999999998,0.4704166666666667,33.166666666666664,0.2
2015-09-30,26.25863636363636,43.095,2.8066666666666666,,69.32318181818181,,27.684583333333336,15.933750000000002,0.5170833333333333,62.625,0.0
2015-10-01,8.228095238095237,21.11095238095238,0.2920833333333333,,29.339523809523808,,27.586250000000003,46.52916666666667,0.2816666666666667,32.916666666666664,0.6
2015-10-02,46.76624999999999,52.42666666666667,2.984583333333333,,99.16708333333332,,29.97458333333333,28.597916666666666,0.5058333333333334,54.666666666666664,0.4
2015-10-03,9.700000000000001,28.694374999999997,1.4312500000000001,,38.39333333333333,,28.95,55.53,0.33875000000000005,40.291666666666664,0.4
2015-10-04,6.014166666666667,18.95625,1.7960416666666665,,24.962500000000002,,25.465833333333332,41.784166666666664,0.2833333333333333,12.75,0.4
2015-10-05,24.587500000000002,22.909583333333334,2.32875,,47.59270833333333,,23.614583333333332,31.572916666666668,0.18833333333333335,12.125,0.0
2015-10-06,49.131875,34.574999999999996,2.3222916666666666,,83.79875,,24.66125,22.459999999999997,0.24541666666666664,31.25,0.0
2015-10-07,31.455416666666665,38.614583333333336,4.64125,,70.05791666666667,,27.99208333333333,37.09875,0.2754166666666667,36.395833333333336,0.0
2015-10-08,41.94145833333334,44.80083333333334,3.8610416666666665,,86.72020833333333,,30.25916666666667,28.4875,0.35833333333333334,43.916666666666664,0.0
2015-10-09,30.153333333333332,43.009166666666665,3.8297916666666665,,73.1925,,29.35375,33.80125,0.33,57.041666666666664,0.0
2015-10-10,18.813958333333336,39.316875,2.735416666666667,,58.155,,31.065416666666668,49.2525,0.27625,40.875,0.0
2015-10-11,25.11583333333333,30.634583333333335,5.414791666666667,,55.71812499999999,,30.0625,68.7925,0.3020833333333333,50.333333333333336,0.0
2015-10-12,12.66625,19.783125000000002,3.2845833333333334,,32.44104166666667,,28.58666666666667,64.74583333333334,0.20958333333333334,39.0,0.0
2015-10-13,18.982083333333332,25.672291666666666,4.715833333333333,,44.65375,,28.7325,54.474583333333335,0.19541666666666668,31.25,0.0
2015-10-14,23.11791666666667,32.515,4.161875,,55.6575,,29.159583333333334,42.003750000000004,0.3354166666666667,55.041666666666664,0.0
2015-10-15,46.63666666666666,54.94354166666667,4.668958333333333,,101.65145833333332,,35.187083333333334,46.653333333333336,0.40166666666666667,68.45833333333333,0.0
2015-10-16,21.4375,41.74875,2.725625,,63.175000000000004,,36.2225,57.368125,0.349375,74.125,0.0
2015-10-17,5.264230769230769,13.778461538461539,2.4164285714285714,,19.04153846153846,,28.85230769230769,58.53615384615385,0.24833333333333332,33.642857142857146,0.0
2015-10-18,7.03625,14.152708333333335,1.826875,,21.192708333333332,,23.86375,36.2925,0.26,13.583333333333334,0.2
2015-10-19,22.283749999999998,24.743750000000002,5.302708333333333,,47.02791666666667,,23.997500000000002,24.002499999999998,0.1525,26.291666666666668,0.6
2015-10-20,24.703333333333333,38.40125,6.167916666666667,,63.10958333333334,,29.621666666666666,42.71083333333333,0.39375,47.958333333333336,0.0
2015-10-21,17.1225,35.38375,4.564583333333333,,52.47208333333333,,30.973333333333333,47.0725,0.3016666666666667,53.729166666666664,0.0
2015-10-22,18.802916666666665,38.327708333333334,4.319166666666667,,57.125486111111115,,28.611666666666665,56.48916666666667,0.33916666666666667,48.666666666666664,4.6
2015-10-23,15.316874999999998,25.11520833333333,4.579166666666667,,40.43472222222222,,28.610416666666666,63.555,0.25142857142857145,27.708333333333332,0.0
2015-10-24,8.236875,18.06895833333333,0.5454166666666667,,26.299374999999998,,26.945833333333336,58.47416666666667,0.16125,16.458333333333332,0.2
2015-10-25,25.420833333333334,23.516875,1.2391666666666665,,48.871874999999996,,24.34583333333333,28.252916666666668,0.1725,14.458333333333334,4.0
2015-10-26,45.27375,37.387499999999996,3.53125,,82.66291666666667,,27.448333333333334,30.534166666666664,0.22333333333333336,38.083333333333336,0.0
2015-10-27,19.516875,28.10729166666667,4.494285714285715,,47.668958333333336,,28.94666666666667,52.78541666666666,0.21291666666666667,50.916666666666664,0.6000000000000001
2015-10-28,7.1343749999999995,23.283958333333334,0.3025,,30.418541666666666,,26.248333333333335,45.540416666666665,0.2175,30.729166666666668,0.8
2015-10-29,26.754166666666666,23.625833333333333,1.505,,50.36625,,26.86375,40.72708333333333,0.10875,20.208333333333332,0.6000000000000001
2015-10-30,41.64083333333333,28.062083333333334,,,69.71208333333333,,27.8225,33.589166666666664,0.15791666666666668,20.666666666666668,2.4000000000000004
2015-10-31,24.3575,29.25583333333333,,,53.680416666666666,,31.4425,48.677083333333336,0.19416666666666668,27.916666666666668,0.0
2015-11-01,2.4594736842105265,12.929473684210526,,,15.385263157894736,,27.985833333333332,67.37916666666666,0.13208333333333333,29.0,0.2
2015-11-02,13.373541666666666,32.26854166666667,,,45.62895833333334,,27.38083333333333,41.300000000000004,0.4033333333333333,30.75,17.4
2015-11-03,22.52541666666667,29.803749999999997,,,52.335,,27.907083333333333,33.88,0.2304166666666667,24.541666666666668,5.0
2015-11-04,12.7796875,25.586875,,,38.394999999999996,,28.21875,41.204166666666666,0.28458333333333335,25.291666666666668,1.9999999999999998
2015-11-05,5.672666666666667,17.84,,,23.510666666666665,,27.84958333333333,33.08875,0.19875,14.583333333333334,1.2
2015-11-06,22.545625,26.920208333333335,,,49.45875,,27.134583333333335,17.037916666666664,0.34958333333333336,20.208333333333332,18.4
2015-11-07,38.963125,25.075625000000002,,,64.08312500000001,,26.307916666666667,15.567083333333334,0.3229166666666667,14.291666666666666,4.4
2015-11-08,21.325208333333332,23.933958333333333,,,45.25104166666667,,27.27125,31.492500000000003,0.305,21.708333333333332,0.6000000000000001
2015-11-09,41.8575,43.88958333333333,,,85.755,,28.43041666666667,28.048333333333332,0.5325,46.125,0.0
2015-11-10,21.19,34.57385416666667,,,55.804895833333326,,30.13416666666667,67.71875,0.2891666666666667,50.208333333333336,0.0
2015-11-11,15.642291666666667,26.128854166666667,1.945714285714286,,41.77677083333334,,30.612916666666667,64.79625,0.5408333333333334,51.375,0.0
2015-11-12,4.8741666666666665,18.42020833333333,0.008749999999999999,,23.299791666666664,,28.84583333333333,57.13041666666667,0.36916666666666664,33.520833333333336,0.0
2015-11-13,23.233958333333334,39.83020833333333,0.5,,63.081041666666664,,30.388333333333335,62.59125,0.38125000000000003,47.208333333333336,0.0
2015-11-14,10.410833333333333,33.005,0.9354166666666667,,43.41791666666666,,34.21791666666667,59.445,0.3329166666666667,43.541666666666664,0.0
2015-11-15,7.598541666666667,19.827291666666667,0.12916666666666668,,27.437291666666667,,29.022916666666664,61.83625,0.10291666666666667,28.125,0.2
2015-11-16,24.018541666666668,23.8425,0.06791666666666667,,47.853125,,26.526666666666667,28.132499999999997,0.2675,22.0,0.8
2015-11-17,42.13791666666666,34.815000000000005,0.34208333333333335,,76.91145833333333,,28.629166666666666,24.3225,0.3,28.166666666666668,0.0
2015-11-18,23.523125000000004,29.99229166666667,1.6291666666666667,,53.57333333333333,,31.275833333333335,48.291666666666664,0.43041666666666667,31.604166666666668,0.0
2015-11-19,14.118958333333333,38.314791666666665,3.387916666666667,,52.43875,,34.099583333333335,75.19375000000001,0.4558333333333333,37.104166666666664,0.0
2015-11-20,10.638947368421052,23.88105263157895,0.11541666666666667,,34.52421052631579,,31.993333333333336,70.385,0.375,18.791666666666668,3.0
2015-11-21,19.376041666666666,25.851250000000004,0.11875000000000001,,45.241458333333334,,25.235833333333332,51.190416666666664,0.29083333333333333,14.125,17.2
2015-11-22,31.60166666666667,31.48,1.0525,,63.08958333333334,,27.88208333333333,36.93541666666667,0.27458333333333335,27.916666666666668,0.0
2015-11-23,41.85875,36.617916666666666,0.9391666666666666,,78.46770833333333,,26.369583333333335,19.704583333333336,0.3204166666666667,22.375,29.799999999999997
2015-11-24,14.196041666666666,27.019583333333333,0.26583333333333337,,41.21375,,28.123333333333335,35.605,0.26333333333333336,19.041666666666668,0.2
2015-11-25,27.159375,36.96583333333333,0.06541666666666666,,64.18145833333334,,27.715833333333332,33.327083333333334,0.36000000000000004,32.020833333333336,0.0
2015-11-26,36.809999999999995,28.32875,0.35000000000000003,,65.21,,28.04041666666667,33.38125,0.18458333333333332,16.875,0.0
2015-11-27,40.82416666666666,32.66395833333333,2.4945833333333334,,73.48708333333333,,28.895833333333332,27.953333333333333,0.21458333333333335,24.333333333333332,0.0
2015-11-28,15.49,31.75208333333333,1.7354166666666666,,47.24125,,30.04041666666667,51.82874999999999,0.2508333333333333,31.75,17.2
2015-11-29,15.343636363636364,20.838636363636365,0.22416666666666665,,36.23863636363637,,29.270416666666666,57.25875,0.3354166666666667,22.875,7.799999999999999
2015-11-30,5.8521052631578945,26.70605263157895,0.18833333333333335,,32.54973684210527,,25.446250000000003,43.15541666666667,0.25625000000000003,6.125,14.8
2015-12-01,29.091458333333335,23.942083333333333,0.7658333333333333,,53.058125,,25.629166666666666,17.854166666666668,0.27208333333333334,25.25,0.2
2015-12-02,32.07895833333333,25.314999999999998,0.32166666666666666,,57.43833333333333,,27.00208333333333,13.12,0.3445833333333333,34.875,0.0
2015-12-03,21.497291666666666,20.221458333333334,2.0662499999999997,,41.704791666666665,,25.070833333333336,11.614583333333334,0.24666666666666667,12.75,2.8
2015-12-04,40.7175,32.479166666666664,1.0404166666666665,,73.22,,25.8625,10.469583333333334,0.4079166666666667,27.958333333333332,1.0
2015-12-05,15.589166666666666,26.471458333333334,0.5225000000000001,,42.08541666666667,,30.069999999999997,39.28791666666667,0.3254166666666667,31.083333333333332,0.0
2015-12-06,3.7585416666666664,19.170416666666664,0.9575,,22.929270833333334,,28.89375,50.14791666666667,0.29625,24.291666666666668,22.8
2015-12-07,8.163333333333332,23.828125,0.10458333333333335,,31.9884375,,25.162916666666664,37.44625,0.27499999999999997,10.458333333333334,21.8
2015-12-08,26.41416666666667,31.657916666666665,0.2354166666666667,,58.07375,,26.662916666666664,20.856666666666666,0.3658333333333333,25.416666666666668,0.0
2015-12-09,20.257291666666667,32.07604166666667,0.3720833333333333,,52.30625,,30.19125,53.91916666666666,0.28833333333333333,33.041666666666664,0.0
2015-12-10,16.449583333333333,37.23260416666667,0.71125,,53.6834375,,32.30375,38.77375,0.44875,35.333333333333336,0.0
2015-12-11,9.62375,18.4359375,0.8383333333333334,,28.060937499999998,,29.804999999999996,51.75875,0.27208333333333334,18.791666666666668,0.2
2015-12-12,14.693333333333333,29.295833333333334,1.7579166666666666,,43.993125,,30.9475,63.690416666666664,0.4354166666666666,36.541666666666664,12.399999999999999
2015-12-13,14.31875,22.814166666666665,1.0466666666666666,,37.137499999999996,,31.699166666666667,55.790416666666665,0.31166666666666665,21.375,2.0
2015-12-14,34.86416666666667,38.989583333333336,2.1191666666666666,,73.87854166666666,,33.19625,47.20250000000001,0.43416666666666665,27.208333333333332,0.2
2015-12-15,15.255,31.803541666666664,2.705416666666667,,47.07125,,35.94041666666667,64.31166666666667,0.36874999999999997,31.708333333333332,0.0
2015-12-16,4.0390625,16.251770833333335,0.4170833333333333,,20.295104166666665,,30.867500000000003,84.8725,0.2529166666666667,25.875,0.0
2015-12-17,11.451979166666666,25.91989583333333,0.4183333333333334,,37.3590625,,30.563333333333333,56.63041666666667,0.33875000000000005,35.083333333333336,0.0
2015-12-18,15.71125,33.648125,1.52625,,49.31020833333333,,33.825833333333335,62.185833333333335,0.35125,39.125,0.0
2015-12-19,10.916875,23.375625,0.6437499999999999,,34.29708333333333,,34.528749999999995,83.23875,0.19333333333333333,26.791666666666668,0.0
2015-12-20,7.223333333333334,13.669375,0.4766666666666666,,20.891458333333333,,31.159166666666668,80.28375,0.22375,20.583333333333332,0.0
2015-12-21,22.762083333333333,32.68208333333333,1.7366666666666666,,55.46541666666667,,31.31375,60.24270833333333,0.34791666666666665,37.875,16.0
2015-12-22,34.22104166666667,41.345,2.723888888888889,,75.59375,,33.27625,57.27708333333334,0.38208333333333333,46.708333333333336,0.0
2015-12-23,22.00375,30.380416666666665,1.5104166666666667,,52.37875,,34.74375,27.731666666666666,0.3620833333333333,36.916666666666664,0.0
2015-12-24,36.75541666666667,31.966041666666666,0.9328333333333333,,68.77729166666667,,34.46458333333333,42.875416666666666,0.28958333333333336,40.208333333333336,0.0
2015-12-25,13.927842105263158,23.105263157894736,0.9821666666666666,,37.034684210526315,,34.53791666666667,83.87166666666667,0.26958333333333334,34.916666666666664,0.0
2015-12-26,7.5229583333333325,24.749791666666667,2.1795833333333334,,32.26295833333334,,34.56541666666667,76.07166666666667,0.33,37.375,0.0
2015-12-27,11.956249999999999,24.34875,0.203125,,36.31875,,33.20125,48.44125,0.29875,22.25,1.0
2015-12-28,20.914583333333333,27.065833333333334,0.2370833333333333,,47.96541666666667,,33.88625,49.23916666666667,0.3,20.416666666666668,0.4
2015-12-29,31.092916666666667,35.858333333333334,4.424166666666667,,66.95916666666666,,33.134166666666665,31.101249999999997,0.3983333333333334,27.333333333333332,0.0
2015-12-30,22.891666666666666,31.175,2.3683333333333336,,54.072916666666664,,34.98833333333334,44.40083333333333,0.26833333333333337,26.375,0.0
2015-12-31,17.472708333333333,30.0925,2.5577083333333337,,47.54833333333334,,35.28333333333333,54.75958333333333,0.29791666666666666,27.958333333333332,0.0
2016-01-01,4.983333333333333,17.090416666666666,1.3391666666666666,,22.077083333333334,,33.810833333333335,61.830000000000005,0.23083333333333333,32.333333333333336,21.8
2016-01-02,14.13375,19.035,0.7933333333333333,,33.16458333333333,,29.447083333333335,30.92958333333333,0.23958333333333334,12.791666666666666,4.4
2016-01-03,23.260416666666668,17.704583333333336,0.31666666666666665,,40.970416666666665,,28.05666666666667,18.121666666666666,0.07166666666666667,18.0,1.2000000000000002
2016-01-04,55.945,25.978333333333335,0.2579166666666667,,81.86583333333333,,29.206666666666667,21.952916666666667,0.18708333333333335,26.770833333333332,0.0
2016-01-05,25.164583333333336,23.421666666666667,0.3445833333333333,,48.56166666666667,,29.588333333333335,31.491666666666664,0.20125,27.875,0.0
2016-01-06,27.817291666666666,26.420833333333334,4.288125,,54.24604166666666,,30.711249999999996,40.11541666666667,0.21083333333333332,32.791666666666664,0.0
2016-01-07,21.39916666666667,25.837083333333336,3.303125,,47.23041666666666,,31.64625,42.165,0.24291666666666667,33.458333333333336,0.0
2016-01-08,16.1675,24.98875,4.561041666666667,,41.22229166666667,,31.6575,63.072916666666664,0.2508333333333333,40.958333333333336,0.0
2016-01-09,11.15125,23.306833333333334,0.57,,34.446125,,32.57083333333333,74.28750000000001,0.27999999999999997,38.583333333333336,0.0
2016-01-10,18.691666666666666,19.59275,1.131875,,38.3095,,33.147083333333335,58.6775,0.28625,33.458333333333336,0.0
2016-01-11,24.22375,34.05125,0.6764583333333333,,58.272083333333335,,31.564166666666665,40.001666666666665,0.47541666666666665,44.416666666666664,0.6000000000000001
2016-01-12,20.779166666666665,28.620416666666667,2.610208333333333,,49.39041666666666,,30.7225,20.745,0.3529166666666667,21.083333333333332,10.8
2016-01-13,13.640416666666667,25.047291666666666,0.16874999999999998,,38.70166666666667,,31.87833333333333,38.75291666666667,0.3433333333333333,19.791666666666668,0.0
2016-01-14,4.718541666666667,21.138125,0.015416666666666667,,25.86708333333333,,28.90833333333333,35.06333333333333,0.3758333333333333,13.479166666666666,46.2
2016-01-15,6.597083333333333,19.43,0.0,,26.0275,,27.875833333333333,16.1925,0.32583333333333336,16.583333333333332,41.4
2016-01-16,6.774583333333333,11.78125,0.09875,,18.545416666666664,,27.296666666666667,21.149166666666666,0.16,18.854166666666668,29.599999999999998
2016-01-17,15.088958333333332,14.726041666666667,0.0033333333333333335,,29.81125,,27.46375,20.770833333333332,0.18333333333333335,22.541666666666668,0.0
2016-01-18,24.61916666666667,22.072916666666668,0.4010416666666667,,46.69583333333333,,25.735416666666666,17.536666666666665,0.21375,16.375,0.6
2016-01-19,14.013333333333334,20.508333333333333,0.042083333333333334,,34.52791666666666,,24.31041666666667,12.149999999999999,0.27791666666666665,10.041666666666666,30.799999999999997
2016-01-20,12.000208333333333,15.408333333333333,0.0020833333333333333,,27.414791666666662,,24.637083333333333,16.24125,0.16708333333333333,9.875,19.2
2016-01-21,14.55375,13.426041666666668,0.005416666666666667,,28.00583333333333,,26.645416666666666,15.775416666666667,0.21041666666666667,13.208333333333334,12.2
2016-01-22,9.348541666666668,15.594583333333333,0.011666666666666667,,24.943125,,25.576666666666668,13.727916666666667,0.26208333333333333,11.958333333333334,13.2
2016-01-23,8.832916666666668,13.330833333333333,0.4714583333333333,,22.163750000000004,,27.949166666666667,16.768333333333334,0.20291666666666666,17.041666666666668,3.1999999999999997
2016-01-24,17.658125000000002,18.629583333333333,0.07270833333333333,,36.28208333333333,,29.145416666666666,33.224583333333335,0.265,23.125,0.0
2016-01-25,43.474583333333335,38.823541666666664,2.3997916666666668,,82.30541666666666,,31.05125,36.049166666666665,0.3725,38.791666666666664,0.0
2016-01-26,16.224791666666665,27.746875,4.555208333333334,,43.965,,33.70458333333333,51.76416666666666,0.39937500000000004,39.875,0.0
2016-01-27,19.55659090909091,23.536590909090908,1.8508333333333333,,43.16409090909091,,31.84583333333333,48.524166666666666,0.3941666666666667,33.875,0.0
2016-01-28,9.366190476190477,26.997142857142858,0.09145833333333335,,36.364285714285714,,29.42375,34.9175,0.37333333333333335,38.25,40.6
2016-01-29,26.128333333333334,30.6575,1.2483333333333333,,56.775416666666665,,30.75,14.701666666666666,0.33958333333333335,33.583333333333336,2.6
2016-01-30,23.40625,26.012916666666666,1.7964583333333335,,49.42958333333333,,33.75,33.922916666666666,0.28041666666666665,35.25,0.0
2016-01-31,14.011249999999999,26.073333333333334,0.6789583333333334,,40.09041666666667,,35.479166666666664,35.920833333333334,0.19833333333333333,32.791666666666664,0.0
2016-02-01,24.420625,28.405416666666667,0.419375,,52.812916666666666,,34.86666666666667,51.67583333333334,0.245,36.833333333333336,0.0
2016-02-02,10.070625,23.652291666666667,0.9610416666666667,,33.71729166666666,,31.52208333333333,63.59625,0.20541666666666666,35.125,0.0
2016-02-03,10.142291666666667,20.328333333333333,0.355,,30.477083333333336,,31.98875,57.26416666666666,0.22124999999999997,30.4375,0.0
2016-02-04,13.687916666666666,26.455,0.46125,,40.07583333333333,,31.8775,57.612500000000004,0.3383333333333334,39.125,0.0
2016-02-05,19.801666666666666,30.47520833333333,0.6754166666666667,,50.27291666666667,,34.02375,48.79208333333333,0.3516666666666666,47.708333333333336,0.0
2016-02-06,3.6635416666666667,14.0225,0.21916666666666665,,17.687291666666667,,31.730416666666667,64.36208333333333,0.11041666666666666,29.333333333333332,0.0
2016-02-07,7.094374999999999,16.503333333333334,1.325,,23.595,,31.32375,41.62291666666667,0.22708333333333333,24.458333333333332,0.0
2016-02-08,14.347916666666668,25.416666666666668,6.459583333333334,,39.75958333333333,,33.20708333333334,69.30375,0.3358333333333334,38.791666666666664,0.0
2016-02-09,5.185416666666667,19.648541666666667,1.93,,24.889166666666668,,35.32,55.45291666666666,0.25666666666666665,34.541666666666664,0.0
2016-02-10,8.505416666666667,19.856354166666666,1.9647916666666667,,28.363333333333333,,35.01958333333334,66.18583333333333,0.12291666666666667,33.791666666666664,0.0
2016-02-11,10.871458333333335,21.162812499999998,0.35270833333333335,,32.048750000000005,,29.361666666666665,50.73541666666667,0.15708333333333332,15.333333333333334,14.4
2016-02-12,23.94520833333333,18.530833333333334,0.245,,42.464999999999996,,29.647499999999997,28.480416666666667,0.16416666666666666,23.375,0.0
2016-02-13,24.9975,23.378333333333334,1.4172916666666666,,48.40083333333333,,30.802083333333332,37.345416666666665,0.3104166666666667,29.375,0.0
2016-02-14,11.35125,21.27375,2.30875,,32.626041666666666,,33.557916666666664,41.885,0.24833333333333332,29.375,0.0
2016-02-15,8.886666666666667,23.775000000000002,5.260416666666667,,32.660000000000004,,32.85375,44.6675,0.28958333333333336,24.833333333333332,12.600000000000001
2016-02-16,15.804791666666667,23.147499999999997,1.01,,38.895833333333336,,31.42375,57.1,0.20875,26.166666666666668,10.400000000000002
2016-02-17,35.92875,29.292708333333334,0.2735416666666667,,65.23854166666666,,30.888333333333335,40.91041666666667,0.2708333333333333,15.958333333333334,19.0
2016-02-18,6.383541666666667,21.511666666666667,1.296875,,27.89270833333333,,32.27291666666667,56.642500000000005,0.24625,17.666666666666668,4.2
2016-02-19,24.840833333333336,28.067916666666665,0.361875,,52.86479166666667,,32.42958333333333,47.048750000000005,0.23375,20.625,0.0
2016-02-20,11.103157894736842,19.319473684210525,0.75875,,30.486842105263158,,32.582708333333336,55.05583333333333,0.2866666666666667,19.625,0.0
2016-02-21,6.285833333333334,17.088125,0.06583333333333334,,23.37375,,29.7175,47.33083333333334,0.28304347826086956,14.25,19.799999999999997
2016-02-22,20.051666666666666,29.859375,5.891666666666667,,49.915,,30.7825,39.48291666666667,0.375,23.916666666666668,0.2
2016-02-23,15.692916666666667,25.24791666666667,0.82875,,40.94020833333334,,32.21875,35.23666666666667,0.1729166666666667,28.041666666666668,0.0
2016-02-24,17.301666666666666,25.8875,2.065208333333333,,43.209583333333335,,33.10583333333333,33.282916666666665,0.19416666666666668,31.291666666666668,0.0
2016-02-25,17.126666666666665,27.186875,1.1592857142857143,,44.26333333333333,,31.76125,42.706250000000004,0.17083333333333336,22.958333333333332,0.8
2016-02-26,19.031666666666666,29.273750000000003,,,48.31166666666667,,33.19,43.5925,0.3675,24.791666666666668,0.0
2016-02-27,10.113958333333334,19.346666666666668,0.6479166666666667,,29.449166666666667,,33.93416666666666,47.507083333333334,0.13333333333333333,17.666666666666668,0.0
2016-02-28,7.119375000000001,16.18166666666667,0.22541666666666668,,23.308125,,33.809999999999995,54.19583333333333,0.14083333333333334,17.291666666666668,0.0
2016-02-29,8.768541666666666,18.4925,0.3172916666666667,,27.25770833333333,,27.27625,23.629583333333333,0.12583333333333332,13.791666666666666,57.599999999999994
2016-03-01,14.907916666666667,19.822916666666668,1.74125,,34.73875,,24.960416666666664,10.718333333333334,0.19375,12.583333333333334,10.2
2016-03-02,19.98604166666667,26.567708333333332,0.355625,,46.55291666666667,,28.59375,28.377499999999998,0.28958333333333336,22.791666666666668,0.0
2016-03-03,32.86416666666667,26.209791666666664,2.939583333333333,,59.07583333333333,,31.797083333333333,20.612916666666667,0.5520833333333334,28.875,0.0
2016-03-04,39.244375,27.267291666666665,0.318125,,66.50416666666666,,32.135416666666664,25.029583333333335,0.41583333333333333,21.958333333333332,1.0
2016-03-05,9.342291666666666,22.526666666666667,0.7179166666666666,,31.86,,31.37,39.187916666666666,0.19791666666666666,24.125,0.0
2016-03-06,9.324583333333333,22.65354166666667,3.3745833333333333,,31.988541666666666,,32.25416666666667,47.87125,0.19875,28.75,2.2
2016-03-07,13.208958333333333,16.15875,2.81875,,29.346249999999998,,31.042916666666667,47.69916666666666,0.19416666666666668,19.75,0.0
2016-03-08,16.45625,22.970416666666665,3.0545833333333334,,39.44895833333333,,31.355,47.9125,0.30083333333333334,33.125,0.0
2016-03-09,25.171041666666667,28.025625,3.7729166666666667,,53.1975,,32.99333333333333,38.723333333333336,0.2870833333333333,37.541666666666664,0.0
2016-03-10,18.375416666666666,23.99416666666667,5.551458333333333,,42.36020833333333,,33.49708333333333,34.509166666666665,0.5795833333333333,36.458333333333336,0.0
2016-03-11,34.10333333333333,30.96875,4.7595833333333335,,65.10416666666667,,31.784166666666668,21.42125,0.44125,32.041666666666664,0.4
2016-03-12,3.952916666666667,15.310416666666667,1.2377083333333334,,19.263541666666665,,30.802083333333332,39.052083333333336,0.12958333333333333,18.708333333333332,1.4
2016-03-13,14.930208333333333,15.563125,3.1266666666666665,,30.49291666666667,,27.738333333333333,25.593333333333334,0.30291666666666667,15.875,2.0
2016-03-14,24.185833333333335,22.407083333333333,1.0093750000000001,,46.62291666666667,,29.36375,33.04458333333333,0.47500000000000003,29.5,0.0
2016-03-15,28.724166666666665,24.517083333333332,3.44125,,53.237500000000004,,29.372500000000002,24.80666666666667,0.52375,26.291666666666668,3.6000000000000005
2016-03-16,20.6975,23.609583333333333,4.701666666666667,,44.30291666666667,,27.417916666666667,13.150416666666667,0.44208333333333333,21.166666666666668,52.0
2016-03-17,23.550625,23.161875,1.7716666666666665,,46.71416666666667,,28.917291666666667,22.467291666666668,0.16354166666666667,20.395833333333332,8.6
2016-03-18,15.057916666666666,21.3,1.4541666666666666,,36.34020833333333,,30.053749999999997,23.260833333333334,0.24666666666666667,22.291666666666668,0.0
2016-03-19,13.812708333333333,20.534791666666667,1.7997916666666667,,34.33958333333333,,30.162916666666664,42.81,0.24562499999999998,27.916666666666668,0.0
2016-03-20,12.573541666666666,19.535208333333333,2.4070833333333335,,32.125416666666666,,30.364583333333332,38.15208333333333,0.3025,25.625,0.0
2016-03-21,15.744166666666667,27.942916666666665,3.632105263157895,,43.68812499999999,,31.434166666666666,37.945,0.3116666666666667,34.708333333333336,0.0
2016-03-22,16.468125,34.73770833333334,2.94875,,51.17041666666666,,32.74333333333333,38.882083333333334,0.3925,45.916666666666664,0.0
2016-03-23,12.73375,25.127291666666665,0.9091666666666667,,37.86083333333333,,30.58458333333333,56.03583333333333,0.26291666666666663,36.583333333333336,15.0
2016-03-24,25.667916666666667,26.78916666666667,0.18000000000000002,,52.45416666666667,,28.71666666666667,35.72541666666667,0.27166666666666667,20.416666666666668,0.4
2016-03-25,25.770416666666666,33.2975,0.09541666666666666,,59.05458333333333,,30.78833333333333,40.08583333333333,0.38375000000000004,33.708333333333336,5.6
2016-03-26,32.46125,31.405833333333334,1.6508333333333332,,63.89791666666667,,30.80541666666667,26.905,0.44,33.833333333333336,0.0
2016-03-27,10.969166666666668,21.058333333333334,0.6870833333333333,,32.02041666666667,,32.360416666666666,42.634166666666665,0.31,25.333333333333332,0.0
2016-03-28,15.628958333333335,27.161875,1.8804166666666668,,42.799375,,32.4075,76.9275,0.4116666666666667,40.25,0.0
2016-03-29,14.217083333333335,25.37,0.3595833333333333,,39.598958333333336,,31.430000000000003,47.69833333333333,0.35874999999999996,34.583333333333336,0.6
2016-03-30,21.139166666666664,32.769375000000004,1.4683333333333335,,53.892291666666665,,31.10875,39.46,0.46166666666666667,40.166666666666664,0.0
2016-03-31,14.129583333333334,32.38583333333333,1.6495833333333334,,46.53145833333334,,31.491249999999997,57.12416666666667,0.43124999999999997,52.875,0.0
2016-04-01,15.40875,34.93625,0.5454166666666667,,50.323125000000005,,31.145833333333332,45.92958333333333,0.3954166666666667,60.229166666666664,0.0
2016-04-02,21.61125,28.21291666666667,1.7074999999999998,,49.80375,,30.89833333333333,45.44,0.3766666666666667,39.625,0.0
2016-04-03,6.911458333333333,24.34875,2.6841666666666666,,31.269583333333333,,31.76125,42.2875,0.3979166666666667,34.0,0.0
2016-04-04,12.085833333333333,28.02333333333333,2.1629166666666664,,40.120416666666664,,30.424166666666668,37.62625,0.2579166666666667,36.208333333333336,0.0
2016-04-05,32.26291666666667,31.374166666666667,0.38125000000000003,,63.64125000000001,,29.86791666666667,30.667083333333334,0.2970833333333333,38.375,0.0
2016-04-06,28.900833333333335,39.25,5.00125,,68.165,,30.282916666666665,36.64958333333333,0.38375000000000004,44.625,0.0
2016-04-07,20.964583333333334,39.604166666666664,1.3920833333333331,,60.56729166666667,,31.99,38.82541666666666,0.4395833333333334,50.041666666666664,0.0
2016-04-08,9.12,36.90604166666667,1.9704166666666667,,46.02520833333333,,30.37125,52.51708333333334,0.19583333333333333,51.166666666666664,0.0
2016-04-09,20.404166666666665,37.071666666666665,3.1458333333333335,,57.3675,,31.295416666666668,71.92166666666667,0.40124999999999994,52.625,0.0
2016-04-10,5.5410416666666675,25.842083333333335,2.1058333333333334,,31.380208333333332,,31.37291666666667,61.180416666666666,0.27208333333333334,49.041666666666664,0.0
2016-04-11,10.372083333333334,26.23875,1.77375,,36.61125,,30.8475,45.20208333333333,0.3179166666666667,44.958333333333336,0.0
2016-04-12,12.68625,37.89270833333333,1.4241666666666666,,50.56604166666667,,31.989166666666666,50.95875,0.44166666666666665,53.020833333333336,0.0
2016-04-13,17.359166666666667,37.526666666666664,2.0195833333333333,,54.85583333333333,,31.83666666666667,47.875,0.29375,56.166666666666664,0.0
2016-04-14,29.918333333333333,35.64,2.6787500000000004,,65.54875,,33.30916666666666,23.743750000000002,0.43083333333333335,47.333333333333336,0.0
2016-04-15,14.10875,32.014375,3.0208333333333335,,46.119791666666664,,31.959999999999997,48.751666666666665,0.4075,52.166666666666664,0.0
2016-04-16,19.361875,41.78375,2.5866666666666664,,61.158125000000005,,32.260416666666664,51.13458333333333,0.5341666666666667,78.875,0.0
2016-04-17,13.592083333333333,35.343333333333334,4.383333333333334,,48.97666666666667,,32.37708333333334,50.409166666666664,0.5004166666666666,58.291666666666664,0.0
2016-04-18,37.759166666666665,38.94291666666667,1.1966666666666668,,76.69958333333334,,33.393750000000004,18.0525,0.4725,43.708333333333336,0.0
2016-04-19,23.65041666666667,33.45791666666667,2.2391666666666667,,57.119166666666665,,32.940000000000005,22.665833333333335,0.3145833333333333,46.416666666666664,0.0
2016-04-20,32.669583333333335,41.45458333333333,1.97875,,74.13375,,33.05375,25.874583333333334,0.435,54.375,0.0
2016-04-21,16.462500000000002,35.764583333333334,1.1770833333333333,,52.24625,,33.59583333333333,27.66541666666667,0.43625,72.0,0.0
2016-04-22,18.989166666666666,30.692916666666665,0.08833333333333333,,49.67208333333334,,33.54708333333333,40.15208333333333,0.3758333333333333,57.916666666666664,0.0
2016-04-23,9.761458333333334,35.90708333333333,0.6183333333333333,,45.6775,,32.44916666666666,44.29541666666666,0.5258333333333333,68.58333333333333,0.0
2016-04-24,13.705416666666666,35.181666666666665,0.6516666666666667,,48.882083333333334,,32.864583333333336,23.4225,0.45875,64.83333333333333,0.0
2016-04-25,30.514375,33.471875,3.8479166666666664,,64.04625,,33.2425,23.695833333333336,0.48541666666666666,67.64583333333333,4.8
2016-04-26,,,2.0633333333333335,,,,31.79416666666667,23.75583333333333,0.28583333333333333,61.583333333333336,0.0
2016-04-27,2.4324999999999997,9.2675,0.7029166666666667,,11.7025,,27.303749999999997,20.547916666666666,0.19541666666666668,34.020833333333336,2.4000000000000004
2016-04-28,2.2087499999999998,8.362083333333333,0.24458333333333335,,10.57,,23.419583333333335,30.38208333333333,0.13333333333333333,20.083333333333332,0.8
2016-04-29,8.529583333333333,12.707083333333335,3.126666666666667,,21.242916666666666,,22.97,20.10875,0.2604166666666667,29.666666666666668,15.2
2016-04-30,9.375,13.186250000000001,2.2033333333333336,,22.56125,,22.717083333333335,12.08875,0.2708333333333333,25.666666666666668,0.4
2016-05-01,3.49625,8.62875,0.17166666666666666,,12.127916666666666,,23.58875,34.583333333333336,0.10541666666666667,28.875,0.0
2016-05-02,15.816249999999998,12.235,2.02375,,28.045416666666668,,24.0475,21.20958333333333,0.3095833333333334,34.5,0.0
2016-05-03,20.68375,14.299166666666666,2.5412500000000002,,35.0075,,25.56458333333333,27.172916666666666,0.28208333333333335,45.166666666666664,0.0
2016-05-04,14.909999999999998,12.294583333333334,0.6241666666666666,,27.1975,,25.987916666666667,35.70875,0.18458333333333332,42.625,0.0
2016-05-05,15.020000000000001,11.298333333333334,0.6841666666666667,,26.319166666666664,,26.184166666666666,25.64708333333333,0.26125,35.5,0.0
2016-05-06,33.075833333333335,17.707083333333333,2.2775000000000003,,50.79916666666667,,27.094166666666666,21.2025,0.4583333333333333,55.166666666666664,0.0
2016-05-07,12.513333333333334,12.763333333333334,1.8012500000000002,,25.287499999999998,,27.5525,46.23708333333334,0.365,63.041666666666664,0.0
2016-05-08,2.2312499999999997,9.258750000000001,0.45708333333333334,,11.490416666666667,,27.48375,41.047916666666666,0.29583333333333334,40.458333333333336,0.2
2016-05-09,14.985,15.382916666666667,4.0925,,30.36916666666667,,27.977500000000003,30.650833333333335,0.39749999999999996,56.5,0.0
2016-05-10,15.424166666666666,15.047083333333333,0.9191666666666666,,30.485,,27.738333333333333,21.837083333333336,0.49583333333333335,69.16666666666667,0.0
2016-05-11,6.757083333333333,9.99,0.22125000000000003,,16.752083333333335,,27.514166666666668,29.388333333333332,0.28958333333333336,44.791666666666664,0.0
2016-05-12,4.4191666666666665,8.436666666666666,0.21895833333333334,,12.859166666666667,,25.807916666666667,26.98375,0.11833333333333335,19.666666666666668,2.8000000000000003
2016-05-13,10.357083333333334,11.03625,0.5891666666666667,,21.394583333333333,,23.49416666666667,15.714999999999998,0.22708333333333333,18.875,6.6000000000000005
2016-05-14,16.238333333333333,11.628333333333332,2.5430769230769235,,27.85625,,23.90833333333333,18.585416666666667,0.4045833333333333,26.708333333333332,0.4
2016-05-15,13.775416666666667,11.33,3.46125,,25.107083333333332,,26.846666666666668,20.605416666666667,0.2866666666666667,37.375,0.0
2016-05-16,8.274166666666668,10.4475,0.14875,,18.729166666666668,,30.83583333333333,28.97791666666667,0.21916666666666665,37.166666666666664,0.0
2016-05-17,2.198958333333333,6.9437500000000005,0.16,,9.142708333333333,,25.465833333333336,33.214999999999996,0.165,22.75,0.2
2016-05-18,5.866458333333333,9.6925,1.4154166666666665,,15.558958333333335,,23.0525,17.6275,0.32875,18.041666666666668,17.8
2016-05-19,7.159090909090909,10.094545454545456,0.060000000000000005,,17.254545454545454,,22.447272727272725,12.639090909090909,0.1490909090909091,15.454545454545455,2.2
2016-05-20,,,,,,,,,,,
2016-05-21,,,,,,,,,,,
2016-05-22,,,,,,,,,,,
2016-05-23,,,,,,,,,,,
2016-05-24,,,,,,,,,,,
2016-05-25,,,,,,,,,,,
2016-05-26,,,,,,,,,,,
2016-05-27,,,,,,,,,,,
2016-05-28,,,,,,,,,,,
2016-05-29,,,,,,,,,,,
2016-05-30,,,,,,,,,,,
2016-05-31,,,,,,,,,,,
2016-06-01,,,,,,,,,,,
2016-06-02,2.94,9.80375,1.67,,12.741249999999999,,25.25,28.79625,0.0,33.625,1.6
2016-06-03,8.071458333333334,10.828125,0.14916666666666667,,18.895,,25.18166666666667,18.738333333333333,0.22958333333333333,27.0625,4.8
2016-06-04,4.7700000000000005,10.024583333333334,0.004166666666666667,,14.797916666666666,,24.657083333333333,19.41208333333333,0.125,23.583333333333332,1.2
2016-06-05,5.545416666666667,10.107083333333334,0.42333333333333334,,15.6475,,25.1075,22.0675,0.16625,23.416666666666668,20.5
2016-06-06,7.713333333333334,10.214583333333334,0.09520833333333334,,17.927916666666665,,25.61,17.62,0.15,29.8125,3.8
2016-06-07,4.0525,15.859583333333333,0.63125,,19.901458333333334,,21.8925,26.638333333333335,0.24208333333333332,8.5,28.4
2016-06-08,11.28875,25.107916666666668,1.6154166666666665,,36.39625,,20.90791666666667,23.27625,0.19541666666666668,21.291666666666668,3.2
2016-06-09,29.056250000000002,29.07166666666667,0.1225,,58.11166666666667,,21.036666666666665,19.41,0.28291666666666665,37.75,0.0
2016-06-10,17.815208333333334,31.27916666666667,0.08666666666666667,,49.086875,,20.390833333333333,19.61,0.2891666666666667,40.958333333333336,0.1
2016-06-11,23.910208333333333,26.375833333333333,1.1891666666666667,,50.30104166666666,,20.254166666666666,31.325416666666666,0.265,36.833333333333336,0.0
2016-06-12,6.013333333333333,22.760416666666668,0.455,,28.772499999999997,,19.53,32.32083333333333,0.2025,44.0,0.0
2016-06-13,24.561666666666667,28.79125,1.1995833333333332,,53.34479166666666,,19.672083333333333,22.739583333333332,0.35791666666666666,31.458333333333332,0.0
2016-06-14,41.32416666666666,40.51958333333334,1.2879166666666666,,81.89416666666666,,20.982499999999998,16.409166666666668,0.365,57.333333333333336,0.0
2016-06-15,59.07666666666666,42.202083333333334,4.17125,,101.26125,,21.814999999999998,17.097916666666666,0.47375000000000006,58.583333333333336,0.0
2016-06-16,63.35375,48.598749999999995,4.235833333333333,,111.92,,22.61791666666667,20.755,0.4683333333333333,81.79166666666667,0.0
2016-06-17,58.52916666666667,52.52291666666667,3.182916666666667,,111.12875000000001,,24.50583333333333,25.28375,0.4254166666666667,68.875,0.0
2016-06-18,21.442916666666665,27.060833333333335,0.18458333333333332,,48.49583333333334,,22.30541666666667,47.72375,0.30875,48.291666666666664,0.0
2016-06-19,4.7629166666666665,22.727083333333336,0.2708333333333333,,27.496666666666666,,23.129166666666666,42.95166666666666,0.30625,38.916666666666664,0.0
2016-06-20,2.8197916666666667,22.2375,0.29125,,25.058333333333334,,21.383333333333336,40.60041666666667,0.18875,29.958333333333332,0.0
2016-06-21,10.894374999999998,24.700625000000002,2.4725,,35.594375,,20.634583333333335,24.6425,0.2325,13.0,4.8
2016-06-22,51.67791666666667,36.62916666666667,1.4570833333333333,,88.2675,,23.314999999999998,23.7625,0.22166666666666668,32.708333333333336,0.0
2016-06-23,8.876458333333334,22.40048611111111,0.33916666666666667,,31.270833333333332,,21.625416666666666,29.506249999999998,0.2504166666666667,26.625,0.0
2016-06-24,24.378333333333334,29.848055555555558,0.3825,,54.19583333333333,,21.398749999999996,23.02541666666667,0.3129166666666667,27.125,0.0
2016-06-25,38.77291666666667,34.357083333333335,0.63,,73.09916666666668,,22.54041666666667,22.243750000000002,0.46125,51.291666666666664,0.0
2016-06-26,25.62291666666667,30.479166666666668,1.1187500000000001,,56.096666666666664,,23.243750000000002,20.652916666666666,0.435,38.958333333333336,0.0
2016-06-27,38.26083333333333,35.02125,0.26375,,73.2375,,24.239166666666666,21.780416666666667,0.32958333333333334,39.541666666666664,0.0
2016-06-28,62.69958333333333,42.52375,4.758125,,105.22583333333334,,24.183333333333334,12.844166666666666,0.4691666666666667,69.66666666666667,0.0
2016-06-29,49.00083333333333,34.21666666666667,0.8633333333333333,,83.18166666666667,,25.08375,20.742916666666666,0.3104166666666667,48.875,0.0
2016-06-30,25.277916666666666,25.825625000000002,7.136666666666667,,51.26916666666667,,23.699166666666667,32.06916666666667,0.29125,54.125,0.0
2016-07-01,29.071875000000002,35.65645833333333,1.25125,,64.733125,,24.618750000000002,27.023750000000003,0.345,72.0,0.0
2016-07-02,21.678749999999997,31.777708333333333,4.8481250000000005,,53.473125,,25.815833333333334,44.51791666666667,0.3104166666666667,75.33333333333333,0.0
2016-07-03,10.33875,36.02458333333333,2.4745833333333334,,46.36958333333333,,25.902083333333334,41.763333333333335,0.52125,73.58333333333333,0.0
2016-07-04,57.583333333333336,44.30458333333333,3.4785416666666666,,101.94083333333333,,25.728333333333335,14.21125,0.4291666666666667,71.16666666666667,0.0
2016-07-05,58.07749999999999,38.09625,2.6197916666666665,,96.13333333333333,,26.723333333333333,13.290416666666667,0.2833333333333334,55.083333333333336,0.0
2016-07-06,66.86708333333333,34.83375,0.8895833333333334,,101.75166666666667,,27.877916666666668,15.576666666666666,0.36791666666666667,62.416666666666664,0.0
2016-07-07,11.242708333333333,24.308333333333334,0.378125,,35.588541666666664,,23.940833333333334,33.37833333333334,0.15666666666666665,35.916666666666664,0.0
2016-07-08,38.40520833333333,27.82020833333333,1.3497916666666667,,66.25145833333333,,21.575833333333335,26.365416666666665,0.3666666666666667,43.75,0.0
2016-07-09,54.78791666666667,44.213750000000005,5.248333333333333,,98.97833333333334,,22.40625,25.712083333333336,0.5983333333333333,85.33333333333333,0.0
2016-07-10,36.181666666666665,39.51,0.7241666666666666,,75.68833333333333,,26.16,23.394583333333333,0.6916666666666668,79.83333333333333,0.0
2016-07-11,51.507083333333334,56.17458333333334,3.02,,107.65500000000002,,29.19,29.01875,0.32583333333333336,70.5625,0.0
2016-07-12,51.98541666666667,53.56583333333333,0.9191666666666666,,105.54416666666667,,30.044583333333335,23.19541666666667,0.6120833333333333,80.29166666666667,0.0
2016-07-13,28.795,39.072916666666664,0.7510416666666666,,67.91583333333334,,26.74,42.33416666666667,0.14333333333333334,67.375,0.0
2016-07-14,27.42583333333333,38.251666666666665,1.2129166666666666,,65.73833333333333,,26.827916666666667,40.17541666666667,0.40375,70.91666666666667,0.0
2016-07-15,39.25604166666667,52.829791666666665,1.7270833333333335,,92.07916666666667,,29.33791666666667,30.602500000000003,0.6858333333333334,77.0,0.0
2016-07-16,30.075625000000002,31.810833333333335,0.33375,,61.87645833333334,,26.344583333333333,42.77666666666667,0.31375000000000003,69.25,0.0
2016-07-17,1.1185416666666665,10.348958333333334,0.007500000000000001,,11.466875,,22.31958333333333,52.5925,0.050833333333333335,24.208333333333332,0.0
2016-07-18,15.909999999999998,23.429999999999996,0.7949999999999999,,39.34166666666667,,20.9475,37.17333333333333,0.09291666666666666,28.541666666666668,0.0
2016-07-19,21.173750000000002,33.885625,1.3706250000000002,,55.049791666666664,,20.707916666666666,23.28833333333333,0.3225,48.0,0.0
2016-07-20,11.693750000000001,32.066250000000004,0.41791666666666666,,43.7475,,21.0125,25.601249999999997,0.165,58.666666666666664,0.0
2016-07-21,20.171666666666667,34.15375,0.9210416666666666,,54.35,,20.3475,15.957083333333335,0.315,34.958333333333336,0.4
2016-07-22,8.09625,30.169166666666666,0.208125,,38.2575,,20.9925,23.512083333333333,0.21,26.166666666666668,1.4
2016-07-23,29.489583333333332,38.635416666666664,1.5033333333333332,,68.1225,,23.70041666666667,25.333333333333332,0.46249999999999997,48.416666666666664,0.0
2016-07-24,16.79104166666667,26.605416666666667,0.14625000000000002,,43.4075,,25.198333333333334,37.61541666666667,0.3279166666666667,45.375,0.0
2016-07-25,2.843541666666667,24.162916666666664,0.004166666666666667,,27.005416666666665,,23.427083333333332,67.59,0.25125000000000003,47.208333333333336,0.0
2016-07-26,42.405,53.47208333333333,8.607083333333334,,95.83541666666667,,26.46375,41.19583333333333,0.6354166666666666,102.29166666666667,0.0
2016-07-27,25.882499999999997,34.255,0.8970833333333333,,60.07916666666667,,26.39625,37.56666666666667,0.07708333333333334,59.416666666666664,0.0
2016-07-28,14.095208333333334,20.940416666666668,0.04083333333333334,,35.032291666666666,,22.491666666666664,40.7525,0.15708333333333332,34.625,0.2
2016-07-29,24.122083333333332,29.826666666666668,1.0208333333333333,,53.96083333333333,,22.654583333333335,25.1575,0.28958333333333336,47.291666666666664,0.0
2016-07-30,33.68416666666667,32.99375,0.8816666666666667,,66.62833333333333,,24.424583333333334,27.67958333333333,0.2325,51.208333333333336,0.0
2016-07-31,20.8625,26.907083333333333,0.46458333333333335,,47.744166666666665,,25.285,37.510416666666664,0.2658333333333333,30.625,0.0
2016-08-01,70.80375,44.540416666666665,3.0710416666666664,,115.30541666666666,,26.829583333333332,19.999166666666667,0.445,51.791666666666664,0.0
2016-08-02,29.506666666666664,28.331666666666667,0.34166666666666673,,57.84166666666667,,25.28,36.92958333333333,0.13625,52.708333333333336,0.0
2016-08-03,25.181875,30.895625,0.20291666666666666,,56.09791666666666,,23.63416666666667,28.670833333333334,0.2525,37.5,0.2
2016-08-04,29.233333333333334,31.68166666666667,1.6727083333333335,,60.87166666666667,,24.805000000000003,33.42041666666667,0.22875,36.020833333333336,0.0
2016-08-05,32.13458333333333,41.654583333333335,2.528958333333333,,73.79291666666667,,25.939999999999998,36.40208333333333,0.38958333333333334,54.541666666666664,0.0
2016-08-06,48.12625,46.7125,0.15791666666666668,,94.81583333333333,,28.623333333333335,23.706666666666667,0.58875,69.22916666666667,0.0
2016-08-07,6.941666666666666,21.081666666666667,0.018333333333333333,,28.0175,,27.030416666666667,60.20875,0.20791666666666667,52.333333333333336,0.0
2016-08-08,20.77541666666667,28.631666666666664,0.24145833333333333,,49.36625,,25.45958333333333,53.77222222222222,0.15916666666666668,37.104166666666664,0.0
2016-08-09,18.236250000000002,27.983125,1.0579166666666666,,46.206041666666664,,26.309166666666666,60.217000000000006,0.28729166666666667,42.416666666666664,0.0
2016-08-10,2.8958333333333335,18.871666666666666,0.0004166666666666667,,21.765416666666667,,21.68541666666667,36.05958333333333,0.30916666666666665,22.916666666666668,3.2
2016-08-11,19.093541666666667,20.885625,3.0854166666666667,,40.020625,,21.857083333333335,35.283541666666665,0.2325,30.708333333333332,0.0
2016-08-12,9.999375,23.047708333333333,1.3891666666666664,,33.0425,,22.11375,28.4675,0.24833333333333332,28.291666666666668,0.0
2016-08-13,31.094166666666666,33.26,0.99125,,64.34666666666666,,23.300833333333333,32.53958333333333,0.7725,56.541666666666664,0.0
2016-08-14,12.625833333333333,30.592083333333335,0.9660416666666668,,43.219166666666666,,26.500833333333333,47.634166666666665,0.3858333333333333,54.583333333333336,0.0
2016-08-15,30.62291666666667,36.36166666666667,0.5145833333333333,,66.93625,,26.899583333333336,44.24875,0.4466666666666667,64.08333333333333,0.8
2016-08-16,16.465416666666666,33.699999999999996,0.6604166666666667,,50.171458333333334,,27.305833333333336,48.48208333333333,0.3445833333333333,45.333333333333336,0.0
2016-08-17,35.79958333333333,50.565416666666664,0.7329166666666667,,86.38625,,29.5625,36.459583333333335,0.4604166666666667,65.79166666666667,0.0
2016-08-18,9.918333333333333,20.298333333333336,0.16,,30.20958333333333,,27.262083333333333,82.495,0.04875000000000001,36.25,0.0
2016-08-19,16.370416666666667,30.286666666666665,1.3614583333333332,,46.66625,,27.665000000000003,58.02375,0.34833333333333333,39.5,0.0
2016-08-20,9.795416666666666,29.116666666666664,0.7595833333333334,,38.922916666666666,,26.248333333333335,30.0625,0.3329166666666667,48.75,0.8
2016-08-21,6.567708333333333,18.766458333333333,0.012708333333333335,,25.338541666666668,,23.022916666666664,47.40083333333333,0.16583333333333333,22.0,12.2
2016-08-22,7.29375,15.718541666666667,0.0,,23.013958333333335,,19.892500000000002,44.020833333333336,0.11416666666666668,14.208333333333334,9.6
2016-08-23,39.94958333333334,33.48375,1.18375,,73.40291666666667,,20.857499999999998,15.535416666666668,0.27708333333333335,33.791666666666664,0.0
2016-08-24,29.189583333333335,33.858333333333334,0.6529166666666667,,63.03583333333333,,23.97875,29.868750000000002,0.18375,33.875,0.0
2016-08-25,40.23583333333333,36.485,2.3006249999999997,,76.68875,,24.512916666666666,36.25625,0.27499999999999997,40.833333333333336,0.0
2016-08-26,40.98208333333333,39.71458333333333,3.0552083333333333,,80.64874999999999,,25.205416666666665,34.57666666666667,0.32458333333333333,48.458333333333336,0.0
2016-08-27,36.04208333333333,39.807916666666664,5.595624999999999,,75.88125000000001,,26.535,34.041666666666664,0.3954166666666667,62.791666666666664,0.0
2016-08-28,27.059166666666666,38.69916666666666,2.0783333333333336,,65.74208333333333,,29.36791666666667,31.33458333333333,0.5637500000000001,63.166666666666664,0.0
2016-08-29,36.28041666666667,46.09,1.8266666666666669,,82.37666666666667,,31.46291666666667,44.76291666666666,0.25,68.29166666666667,0.0
2016-08-30,22.160416666666666,32.779375,0.22875,,54.918125,,27.806250000000002,54.037083333333335,0.27666666666666667,62.625,0.0
2016-08-31,8.544166666666667,28.626666666666665,0.18125,,37.166666666666664,,25.584166666666665,43.334583333333335,0.26666666666666666,46.583333333333336,21.400000000000002
2016-09-01,5.310208333333333,21.742083333333337,0.07375,,27.053541666666664,,25.86583333333333,57.355,0.16708333333333333,29.791666666666668,1.2000000000000002
2016-09-02,11.231666666666667,30.289583333333336,0.10166666666666667,,41.5325,,25.6375,54.44541666666667,0.38833333333333336,36.583333333333336,3.2
2016-09-03,15.148958333333333,31.49145833333333,0.8574999999999999,,46.647708333333334,,27.344583333333333,43.24,0.32375000000000004,52.291666666666664,0.0
2016-09-04,7.537708333333334,19.673958333333335,0.3879166666666667,,27.209374999999998,,27.8425,40.202083333333334,0.14291666666666666,36.416666666666664,0.0
2016-09-05,18.806250000000002,24.707083333333333,1.1329166666666668,,43.5275,,26.6875,41.382083333333334,0.23416666666666666,41.416666666666664,0.0
2016-09-06,22.12708333333333,34.17666666666667,2.86875,,56.31916666666666,,28.129583333333333,35.066250000000004,0.34708333333333335,52.604166666666664,0.0
2016-09-07,4.815833333333333,18.684166666666666,0.10041666666666667,,23.495416666666667,,26.489583333333332,47.06625,0.15458333333333332,33.583333333333336,1.4
2016-09-08,15.14875,22.53916666666667,0.041666666666666664,,37.6575,,24.222916666666666,34.10166666666667,0.2041666666666667,31.541666666666668,0.0
2016-09-09,34.19833333333333,33.629583333333336,1.7108333333333334,,67.83083333333333,,24.39125,17.0025,0.3154166666666667,31.333333333333332,0.0
2016-09-10,22.724166666666665,25.577916666666667,0.3575,,48.330000000000005,,25.7075,29.888333333333335,0.19375,33.083333333333336,0.0
2016-09-11,11.745,23.14833333333333,4.310833333333333,,34.89458333333334,,28.442083333333333,46.724583333333335,0.2579166666666667,44.791666666666664,0.0
2016-09-12,38.62416666666667,40.29958333333334,13.642916666666666,,78.88208333333334,,30.43958333333333,40.187916666666666,0.3641666666666667,62.666666666666664,0.0
2016-09-13,40.143750000000004,36.68541666666667,0.47833333333333333,,76.80583333333333,,32.839999999999996,26.28625,0.40125000000000005,53.833333333333336,0.0
2016-09-14,6.348333333333334,23.666666666666668,0.5904166666666667,,30.015,,28.96375,55.159166666666664,0.20875,42.541666666666664,0.0
2016-09-15,15.480833333333335,25.084166666666665,3.13875,,40.540416666666665,,26.57875,48.37583333333333,0.35541666666666666,40.833333333333336,0.0
2016-09-16,13.316041666666669,23.17770833333333,0.0,,36.4775,,23.95625,40.42958333333333,0.24208333333333332,35.541666666666664,0.0
2016-09-17,9.496666666666668,22.764166666666668,2.76,,32.26416666666667,,26.7925,54.32750000000001,0.26958333333333334,41.75,0.0
2016-09-18,6.679791666666667,20.723125,0.7883333333333334,,27.40416666666667,,28.564999999999998,70.51625,0.28250000000000003,51.078947368421055,5.6
2016-09-19,13.855625000000002,22.087500000000002,0.295,,35.9575,,27.410833333333333,68.82666666666667,0.27,29.291666666666668,0.6000000000000001
2016-09-20,3.611666666666667,21.452916666666667,0.006250000000000001,,25.063333333333333,,22.125416666666666,47.999583333333334,0.31375000000000003,23.5625,12.600000000000001
2016-09-21,9.043333333333333,20.87666666666667,1.2045833333333333,,29.919583333333335,,22.771666666666665,41.934999999999995,0.31,24.916666666666668,1.0
2016-09-22,37.22770833333333,27.429166666666664,1.1466666666666667,,64.60479166666666,,23.990416666666665,34.01125,0.2354166666666667,28.083333333333332,2.2
2016-09-23,22.573333333333334,32.30916666666667,1.5891666666666666,,54.92541666666667,,26.624166666666667,50.69416666666667,0.3233333333333333,43.0,0.0
2016-09-24,2.48625,14.664583333333333,0.012916666666666667,,17.148333333333333,,24.896666666666665,60.65375,0.17125,35.625,1.2
2016-09-25,3.4525,20.254583333333333,0.0,,23.711458333333336,,21.96375,40.062916666666666,0.27125,17.541666666666668,7.8
2016-09-26,7.084166666666667,21.0825,0.08833333333333333,,28.163749999999997,,22.223333333333333,39.2075,0.16458333333333333,22.958333333333332,2.8
2016-09-27,15.691458333333335,18.193541666666665,0.01,,33.86625,,23.168333333333333,36.90208333333333,0.17791666666666664,21.708333333333332,0.0
2016-09-28,26.556250000000002,31.83375,3.1079166666666667,,58.394375,,25.639583333333334,38.497499999999995,0.28750000000000003,36.375,0.0
2016-09-29,13.454166666666666,22.42458333333333,1.2391666666666665,,35.87708333333333,,25.762916666666666,44.96458333333334,0.17416666666666666,39.645833333333336,0.0
2016-09-30,13.04125,23.829375,0.08583333333333333,,36.901666666666664,,22.534166666666664,36.78458333333334,0.24208333333333334,25.3125,1.2000000000000002
2016-10-01,15.13,23.683333333333334,0.18125000000000002,,38.821666666666665,,21.90833333333333,28.364583333333332,0.2520833333333333,26.25,1.0
2016-10-02,21.83875,21.589166666666667,0.15708333333333332,,43.42333333333334,,22.86791666666667,31.189999999999998,0.23958333333333334,20.75,2.0
2016-10-03,21.127083333333335,27.685833333333335,0.8208333333333333,,48.82333333333333,,24.520833333333332,30.019166666666667,0.29,27.375,6.6
2016-10-04,12.515416666666667,25.226250000000004,3.5729166666666665,,37.73458333333333,,23.13083333333333,28.69333333333333,0.24791666666666667,16.75,21.4
2016-10-05,24.873333333333335,23.517083333333332,0.2275,,48.41020833333334,,24.102500000000003,43.056666666666665,0.16375,17.395833333333332,0.4
2016-10-06,29.535833333333333,31.233333333333334,0.8279166666666667,,60.74916666666667,,23.669166666666666,20.347916666666666,0.3229166666666667,28.5,0.0
2016-10-07,7.196666666666666,21.677083333333332,0.08041666666666666,,28.874166666666667,,24.275000000000002,36.03416666666667,0.14708333333333334,25.1875,0.0
2016-10-08,14.545416666666668,25.72583333333333,4.055,,40.26083333333333,,26.142916666666665,56.84833333333333,0.2658333333333333,38.770833333333336,0.0
2016-10-09,4.208333333333333,16.385416666666668,0.37333333333333335,,20.593333333333334,,25.946250000000003,49.803333333333335,0.10583333333333333,33.888888888888886,0.2
2016-10-10,30.97,24.322083333333335,0.006250000000000001,,55.331250000000004,,23.670416666666668,34.4275,0.23958333333333334,30.333333333333332,1.0
2016-10-11,15.840416666666668,25.217291666666668,1.3829166666666666,,40.88270833333333,,26.297083333333333,45.645833333333336,0.24291666666666667,39.020833333333336,5.800000000000001
2016-10-12,8.050416666666667,23.422916666666666,2.7570833333333336,,31.46375,,27.799166666666665,48.337916666666665,0.21875,41.94736842105263,0.0
2016-10-13,23.62,28.935833333333335,4.119166666666667,,52.548333333333325,,31.14625,36.952083333333334,0.2608333333333333,52.333333333333336,0.0
2016-10-14,9.855416666666667,21.819166666666664,1.98125,,31.6675,,30.184583333333332,54.91458333333333,0.33145833333333335,30.1875,0.0
2016-10-15,15.190416666666666,24.47729166666667,4.184583333333333,,39.65479166666667,,29.015833333333333,68.35208333333334,0.22375,,0.2
2016-10-16,14.210833333333333,26.880416666666665,8.312916666666666,,41.087916666666665,,31.525833333333335,51.91208333333333,0.4216666666666667,,0.0
2016-10-17,10.47375,27.89,7.370416666666666,,38.347500000000004,,32.72875,59.455000000000005,0.25666666666666665,,0.0
2016-10-18,3.1833333333333336,16.652083333333334,2.924583333333333,,19.843333333333334,,30.40416666666667,68.56583333333333,0.24,,0.0
2016-10-19,12.684583333333334,25.038124999999997,5.797916666666667,,37.69625,,29.94541666666667,63.132083333333334,0.28625,,0.0
2016-10-20,9.525416666666667,29.915833333333335,6.7825,,39.420833333333334,,31.452916666666667,68.28541666666666,0.31958333333333333,,1.8
2016-10-21,4.241041666666667,16.034166666666668,1.3716666666666668,,20.274375,,27.802916666666665,52.662499999999994,0.19583333333333333,,1.6
2016-10-22,12.939583333333333,18.700416666666666,5.472083333333333,,31.602500000000003,,25.24625,29.838333333333335,0.23124999999999998,,0.6000000000000001
2016-10-23,12.588333333333333,16.427083333333332,3.0,,29.014166666666668,,26.67958333333333,32.09791666666667,0.20541666666666666,,0.0
2016-10-24,27.10375,21.57875,8.819166666666666,,48.65562499999999,,28.995,43.32208333333333,0.2125,,0.0
2016-10-25,31.163749999999997,25.160416666666666,4.589166666666666,,56.350208333333335,,27.837500000000002,28.144166666666667,0.19499999999999998,,4.6
2016-10-26,33.595416666666665,28.11145833333333,7.677916666666667,,61.73541666666667,,30.491249999999997,38.07875,0.23708333333333334,,0.0
2016-10-27,26.416875,28.630416666666665,6.84125,,54.596666666666664,,32.02375,47.33416666666667,0.27375,,0.4
2016-10-28,6.319791666666667,19.298125,1.4395833333333334,,25.613125,,25.45958333333333,44.784166666666664,0.16625,,0.6
2016-10-29,4.046666666666667,11.875,6.077500000000001,,15.917499999999999,,24.333333333333332,42.879583333333336,0.10208333333333335,,0.0
2016-10-30,26.499583333333334,22.547916666666666,5.421666666666667,,49.04458333333333,,24.4325,34.54541666666667,0.24125,,0.0
2016-10-31,21.025000000000002,29.5725,9.857916666666666,,50.59708333333333,,28.245833333333334,39.16375,0.21375,45.27272727272727,0.0
2016-11-01,34.555416666666666,37.0175,10.322916666666666,,71.61333333333333,,30.735416666666666,49.15083333333334,0.285,36.85294117647059,0.0
2016-11-02,18.034583333333334,33.547916666666666,6.889583333333333,,51.60458333333333,,34.178333333333335,31.688333333333333,0.4395833333333334,41.8125,0.0
2016-11-03,6.611250000000001,17.954166666666666,4.376666666666667,,24.564166666666665,,29.932083333333335,52.84458333333333,0.24,28.5,8.0
2016-11-04,11.512083333333331,25.150000000000002,4.12375,,36.696041666666666,,23.879583333333333,35.970416666666665,0.28791666666666665,5.416666666666667,24.800000000000004
2016-11-05,4.4156249999999995,23.465833333333332,3.1345833333333335,,27.883750000000003,,23.125416666666666,32.135416666666664,0.3070833333333333,8.25,14.6
2016-11-06,12.100416666666668,24.45125,6.8445833333333335,,36.58416666666667,,26.797083333333333,28.414166666666663,0.21041666666666667,24.291666666666668,0.2
2016-11-07,29.84875,28.925833333333333,6.449583333333333,,58.806666666666665,,28.16416666666667,33.04666666666667,0.24916666666666668,30.458333333333332,3.0
2016-11-08,23.11,28.22,6.549166666666667,,51.35666666666666,,28.129583333333333,30.71375,0.3408333333333333,28.75,7.8
2016-11-09,39.66833333333334,31.165833333333335,7.844166666666666,,70.79833333333333,,30.53625,32.92583333333334,0.20083333333333334,32.229166666666664,15.8
2016-11-10,22.25375,28.175833333333333,5.748333333333334,,50.399166666666666,,31.51125,58.21375,0.15166666666666667,21.583333333333332,3.2
2016-11-11,18.652708333333333,31.773124999999997,6.00875,,50.5275,,31.275000000000002,64.15958333333333,0.2791666666666667,29.458333333333332,3.8
2016-11-12,11.490625,19.48604166666667,2.8858333333333337,,30.955,,27.55541666666667,49.7575,0.17333333333333334,22.125,0.0
2016-11-13,12.184791666666667,20.632083333333334,3.75125,,32.831041666666664,,25.09958333333333,31.74,0.3383333333333334,13.5,29.0
2016-11-14,28.91,27.700000000000003,6.075384615384616,,56.59384615384616,,24.70846153846154,11.753846153846155,0.2561538461538462,16.857142857142858,18.400000000000002
2016-11-15,,,,,,,,,,,0.2
2016-11-16,4.77,16.222,3.2630000000000003,,20.988999999999997,,27.481,33.765,0.168,28.2,0.0
2016-11-17,14.329375,20.567708333333332,4.404583333333333,,34.893541666666664,,28.60625,38.85666666666666,0.2316666666666667,30.791666666666668,8.2
2016-11-18,17.9005,17.8875,2.4783333333333335,,35.773,,24.697083333333335,32.53375,0.20916666666666664,21.458333333333332,2.8000000000000003
2016-11-19,3.7490909090909095,10.950000000000001,4.270416666666667,,14.702272727272726,,24.221249999999998,43.88291666666667,0.005833333333333333,28.875,0.0
2016-11-20,14.139375000000001,16.860416666666666,2.9779166666666668,,30.954791666666665,,24.45375,29.616249999999997,0.17125,29.520833333333332,0.0
2016-11-21,20.690416666666668,27.13625,5.967291666666667,,47.84270833333333,,26.910416666666666,39.48875,0.19791666666666666,39.416666666666664,0.0
2016-11-22,17.260833333333334,26.887083333333333,5.99875,,44.06020833333333,,27.5325,41.254583333333336,0.2916666666666667,47.791666666666664,0.4
2016-11-23,16.045,31.587083333333336,7.498333333333334,,47.645,,26.839583333333334,36.39833333333333,0.31416666666666665,47.526315789473685,0.2
2016-11-24,5.343958333333333,17.66,6.03125,,23.003333333333334,,27.320416666666663,46.11541666666667,0.25916666666666666,30.666666666666668,0.0
2016-11-25,29.8175,28.885416666666668,4.607083333333334,,58.64875,,28.357083333333335,42.916666666666664,0.26833333333333337,33.708333333333336,0.0
2016-11-26,26.787916666666664,27.2225,7.5945833333333335,,54.088750000000005,,29.1375,43.762499999999996,0.2758333333333333,36.75,0.0
2016-11-27,7.979166666666667,20.908125000000002,12.251249999999999,,28.862916666666667,,31.0825,61.68958333333333,0.2608333333333333,41.875,0.0
2016-11-28,11.99875,25.548125,7.875416666666666,,37.553125,,32.5625,50.444583333333334,0.30125,37.8,0.0
2016-11-29,6.403125,18.93916666666667,3.783333333333333,,25.351875000000003,,28.89333333333333,48.10833333333333,0.27666666666666667,33.770833333333336,0.6000000000000001
2016-11-30,8.24,14.749583333333334,2.5029166666666667,,22.99145833333333,,25.213333333333335,36.84125,0.15166666666666667,27.208333333333332,3.0000000000000004
2016-12-01,30.944791666666664,22.650833333333335,5.65625,,53.587916666666665,,25.795416666666668,23.137083333333333,0.16416666666666666,30.875,0.0
2016-12-02,37.201875,28.032291666666666,6.715416666666666,,65.24541666666667,,27.752499999999998,29.921666666666667,0.17833333333333334,39.604166666666664,0.0
2016-12-03,25.97729166666667,26.91541666666667,3.5583333333333336,,52.854375,,30.214583333333334,45.11833333333333,0.26208333333333333,36.916666666666664,24.6
2016-12-04,6.908194444444444,20.522083333333335,5.560416666666666,,27.43777777777778,,27.77875,34.86833333333333,0.3529166666666667,21.5,5.0
2016-12-05,7.043263888888888,21.763333333333335,2.4054166666666665,,28.802222222222223,,25.39,42.474444444444444,0.12916666666666668,26.916666666666668,0.0
2016-12-06,9.849583333333333,20.700416666666666,3.6004166666666664,,30.549166666666668,,27.920416666666668,28.965,0.11208333333333333,31.625,0.0
2016-12-07,22.015,29.95583333333333,14.188749999999999,,51.935833333333335,,29.6875,32.62,0.28875,45.291666666666664,0.0
2016-12-08,28.426666666666666,39.19,9.271666666666667,,67.63958333333333,,31.605416666666667,35.9175,0.34125,52.35294117647059,0.2
2016-12-09,7.80125,19.787916666666668,4.764583333333333,,27.583541666666665,,30.54041666666667,29.89,0.22458333333333333,23.333333333333332,2.8
2016-12-10,16.904166666666665,29.44875,9.0375,,46.345416666666665,,30.694999999999997,25.482916666666668,0.35708333333333336,35.1578947368421,0.0
2016-12-11,12.238333333333335,22.10375,5.929166666666666,,34.35583333333333,,32.36666666666667,13.834166666666667,0.34958333333333336,31.294117647058822,4.2
2016-12-12,23.127291666666665,24.815416666666668,5.529166666666666,,47.904583333333335,,30.90125,8.482083333333334,0.34125,21.733333333333334,11.6
2016-12-13,5.920416666666667,20.025833333333335,6.057083333333334,,25.935833333333335,,30.889583333333334,,0.18833333333333335,23.416666666666668,0.2
2016-12-14,12.617083333333333,22.313333333333333,3.8979166666666667,,34.930416666666666,,29.14,,0.34958333333333336,27.21875,2.8000000000000003
2016-12-15,27.569166666666664,26.1525,4.3187500000000005,,53.75458333333333,,24.50375,,0.24458333333333335,37.166666666666664,0.8
2016-12-16,36.49,26.0925,6.458749999999999,,62.57083333333333,,25.279583333333335,4.851666666666667,0.2004166666666667,29.333333333333332,1.2000000000000002
2016-12-17,27.12875,23.317083333333333,3.0325,,50.43375,,26.315833333333334,8.649166666666666,0.2629166666666667,25.636363636363637,6.0
2016-12-18,20.150000000000002,22.800833333333333,4.340833333333333,,42.940416666666664,,28.805000000000003,17.025,0.24083333333333334,,9.0
2016-12-19,39.23666666666667,24.257499999999997,8.18,,63.43416666666667,,31.843333333333334,17.890416666666667,0.24166666666666667,,0.0
2016-12-20,19.567083333333333,27.989583333333332,5.906666666666666,,47.54791666666667,,33.44833333333333,25.649583333333336,0.32208333333333333,,0.0
2016-12-21,16.10375,28.274583333333336,6.59375,,44.39666666666667,,32.74875,35.83416666666667,0.27375,,6.8999999999999995
2016-12-22,19.490833333333335,29.343958333333333,21.782083333333333,,48.84291666666667,,31.79416666666667,56.399166666666666,0.28833333333333333,,0.0
2016-12-23,21.111666666666668,36.92458333333333,8.837083333333334,,58.025,,32.65416666666667,37.874583333333334,0.42124999999999996,,0.6000000000000001
2016-12-24,7.81125,27.78763888888889,6.902083333333334,,35.59930555555555,,32.97666666666667,62.298750000000005,0.3825,,0.0
2016-12-25,2.462083333333333,14.865277777777777,6.524166666666666,,17.327986111111112,,32.185,67.34291666666667,0.22375,,0.0
2016-12-26,31.016666666666666,34.7125,11.647916666666667,,65.67791666666666,,34.05041666666667,67.36791666666666,0.40125000000000005,,0.0
2016-12-27,22.88208333333333,28.11645833333333,6.650833333333334,,50.98291666666666,,36.45333333333333,53.06791666666667,0.19583333333333333,,0.0
2016-12-28,12.030625,23.007291666666664,6.1275,,35.14208333333333,,34.7475,58.251666666666665,0.23083333333333333,,0.0
2016-12-29,9.254583333333333,23.547916666666666,3.3154166666666662,,32.81125,,33.483333333333334,39.43625,0.39749999999999996,,0.2
2016-12-30,20.561249999999998,30.101666666666663,4.102916666666666,,50.69708333333333,,33.74791666666667,38.1875,0.33416666666666667,,0.2
2016-12-31,16.33791666666667,34.719027777777775,5.438124999999999,,51.06638888888889,,33.75958333333333,45.06875,0.465,,4.0
2017-01-01,11.62451388888889,19.237569444444443,4.882083333333333,,30.861527777777777,,35.115,58.251666666666665,0.21791666666666668,,0.0
2017-01-02,11.15986111111111,23.80611111111111,6.878333333333333,,34.935833333333335,,33.884166666666665,51.64958333333333,0.295,,0.0
2017-01-03,16.599166666666665,22.547708333333333,2.1275,,39.15625,,31.5275,42.22125,0.22791666666666666,,13.0
2017-01-04,14.009375,25.577916666666667,4.4125000000000005,,39.59041666666667,,33.651666666666664,40.833333333333336,0.2275,,0.0
2017-01-05,21.997916666666665,25.849999999999998,2.399583333333333,,47.82958333333334,,33.772083333333335,40.61125,0.25666666666666665,,20.6
2017-01-06,11.292291666666666,21.14375,3.657083333333333,,32.4075,,32.60958333333333,37.58166666666667,0.36333333333333334,,0.0
2017-01-07,11.396666666666667,24.992500000000003,1.8099999999999998,,36.377500000000005,,32.12833333333334,40.954166666666666,0.36083333333333334,,5.6000000000000005
2017-01-08,6.631875,16.505208333333332,1.5662500000000001,,23.12875,,32.65875,45.9175,0.23458333333333334,,0.0
2017-01-09,18.832916666666666,25.372500000000002,4.583333333333333,,44.144375,,34.458333333333336,39.2875,0.27458333333333335,,0.0
2017-01-10,10.046041666666667,21.921875,5.21625,,31.890833333333333,,34.235,46.28,0.24916666666666665,,3.8
2017-01-11,6.757291666666666,23.51375,5.233333333333333,,30.310833333333335,,31.852500000000003,48.625416666666666,0.3858333333333333,,7.0
2017-01-12,24.19729166666667,28.573541666666667,2.8004166666666666,,52.73645833333333,,29.527916666666666,26.821250000000003,0.38095238095238093,23.0,0.2
2017-01-13,11.587499999999999,31.540833333333335,5.34625,,43.155833333333334,,28.579583333333332,19.304583333333333,,28.625,2.2
2017-01-14,6.0929166666666665,20.84,4.11625,,26.930000000000003,,31.30125,39.08708333333333,0.48782608695652174,31.791666666666668,0.0
2017-01-15,14.261666666666665,25.785833333333333,4.95125,,40.01708333333333,,30.881666666666664,43.143750000000004,0.39625,30.583333333333332,1.4
2017-01-16,18.812083333333334,27.690416666666668,5.416250000000001,,46.501666666666665,,32.844166666666666,29.15416666666667,0.435,28.875,0.0
2017-01-17,20.447083333333335,28.051666666666666,7.631666666666667,,48.478125,,34.018750000000004,23.038749999999997,0.3877777777777778,31.875,0.0
2017-01-18,20.047083333333333,20.954166666666666,4.02875,,40.97472222222222,,34.43208333333333,37.2875,0.21583333333333335,32.5,0.0
2017-01-19,6.4504166666666665,15.850416666666666,5.777916666666666,,22.324444444444442,,30.70875,56.5375,0.2775,27.166666666666668,0.0
2017-01-20,5.239583333333333,17.050833333333333,6.877916666666667,,22.301041666666666,,29.380416666666665,44.97708333333333,0.29958333333333337,25.458333333333332,0.0
2017-01-21,8.60875,20.14645833333333,6.440833333333333,,28.749375,,30.523749999999996,39.39875,0.25125000000000003,31.708333333333332,0.0
2017-01-22,8.168750000000001,15.936250000000001,4.862916666666666,,24.10229166666667,,30.679999999999996,41.800000000000004,0.28583333333333333,28.833333333333332,5.4
2017-01-23,20.078125,25.522499999999997,7.601666666666667,,45.62020833333333,,31.454166666666666,43.68958333333333,0.33958333333333335,31.25,1.2
2017-01-24,23.196875000000002,35.63729166666666,5.502083333333334,,58.81854166666667,,32.052083333333336,43.42916666666667,0.3225,35.958333333333336,17.8
2017-01-25,39.38104166666667,39.85666666666666,8.487916666666667,,79.25541666666668,,32.3225,27.316666666666666,0.4579166666666667,31.708333333333332,7.0
2017-01-26,38.617916666666666,35.08208333333334,4.754583333333334,,73.77604166666667,,32.932916666666664,30.001666666666665,0.28375,31.458333333333332,0.8
2017-01-27,20.290833333333335,27.571250000000003,5.212916666666667,,47.91291666666667,,32.889583333333334,43.98583333333334,0.24583333333333335,35.958333333333336,0.0
2017-01-28,25.206041666666668,30.589166666666667,7.475833333333333,,55.798750000000005,,33.4925,51.96625,0.2754166666666667,41.4375,0.0
2017-01-29,9.8575,21.74354166666667,6.184583333333333,,31.602500000000003,,32.50958333333333,33.499583333333334,0.26791666666666664,37.666666666666664,0.2
2017-01-30,30.63791666666667,29.192083333333333,4.760833333333333,,59.85541666666666,,31.681250000000002,26.061666666666667,0.25125000000000003,35.0,0.6
2017-01-31,33.34375,30.985,2.72875,,64.34291666666667,,31.301666666666666,27.55125,0.225,33.68421052631579,0.0
2017-02-01,23.349166666666665,40.91416666666667,8.22125,,64.23875,,31.69,32.28791666666667,0.30416666666666664,36.73913043478261,0.0
2017-02-02,22.5775,38.78208333333333,5.798749999999999,,61.364583333333336,,31.802083333333332,32.111666666666665,0.42416666666666664,37.95,5.0
2017-02-03,27.05125,35.9525,7.673333333333333,,62.997083333333336,,32.13916666666667,35.39458333333334,0.3454166666666667,29.947916666666668,0.0
2017-02-04,24.20875,31.712500000000002,5.791666666666667,,55.88333333333333,,32.92625,52.49041666666667,0.24250000000000002,21.982142857142858,0.0
2017-02-05,9.189375,22.218541666666667,3.4004166666666666,,31.413749999999997,,32.7675,49.397083333333335,0.2733333333333333,22.958333333333332,0.0
2017-02-06,12.524166666666666,30.297291666666666,5.670833333333333,,42.8225,,33.799166666666665,48.611250000000005,0.2970833333333333,31.0,0.0
2017-02-07,11.160625000000001,22.123958333333334,6.00875,,33.28625,,31.872500000000002,40.884166666666665,0.22666666666666668,23.6875,1.5999999999999999
2017-02-08,16.316041666666667,18.684583333333332,5.95625,,35.021875,,30.950833333333335,42.11708333333333,0.30625,28.083333333333332,0.0
2017-02-09,24.25197916666667,24.951875,5.9695833333333335,,49.25927083333334,,29.431250000000002,28.7775,0.20291666666666666,21.541666666666668,0.6
2017-02-10,31.898020833333334,28.37125,8.411666666666667,,60.2671875,,30.857083333333332,34.225833333333334,0.22333333333333336,27.375,0.0
2017-02-11,21.812083333333334,29.103333333333335,6.78375,,50.92458333333334,,33.0575,44.70791666666667,0.3229166666666667,31.208333333333332,0.0
2017-02-12,9.677083333333334,20.229166666666668,4.194583333333333,,29.897916666666664,,33.602916666666665,34.35875,0.19166666666666665,28.75,0.0
2017-02-13,28.05,25.098125,4.559583333333333,,53.1225,,33.34791666666667,26.085416666666664,0.22666666666666668,27.625,0.0
2017-02-14,22.44125,28.822916666666668,6.72625,,51.28541666666666,,33.1575,41.16166666666667,0.22458333333333333,35.208333333333336,0.0
2017-02-15,18.520833333333332,30.387083333333333,7.99125,,48.90291666666667,,33.58541666666667,41.83875,0.26916666666666667,34.166666666666664,0.0
2017-02-16,19.719583333333333,36.190625000000004,14.02875,,55.91354166666667,,33.16125,29.896666666666665,0.3610416666666667,45.1875,0.0
2017-02-17,22.890833333333333,37.59291666666667,10.866875,,60.498333333333335,,34.031666666666666,41.5375,0.37083333333333335,44.583333333333336,0.0
2017-02-18,14.731666666666667,35.913333333333334,6.592083333333334,,50.63375,,33.517916666666665,46.865833333333335,0.36166666666666664,42.9375,0.0
2017-02-19,8.058958333333333,28.373541666666668,8.403333333333334,,36.449999999999996,,32.608333333333334,60.82,0.30833333333333335,46.208333333333336,0.0
2017-02-20,16.770416666666666,35.283750000000005,8.397916666666667,,52.07958333333334,,32.9375,56.1225,0.31916666666666665,47.875,0.0
2017-02-21,26.999583333333334,29.769166666666667,7.107916666666667,,56.79833333333334,,31.980416666666667,33.37583333333333,0.1625,33.833333333333336,0.0
2017-02-22,20.134375000000002,33.34854166666667,5.099166666666666,,53.47604166666667,,33.46458333333333,34.121249999999996,0.18958333333333333,33.208333333333336,0.0
2017-02-23,16.574166666666667,40.057916666666664,9.416666666666666,,56.63333333333333,,34.433749999999996,36.214999999999996,0.3466666666666667,46.5,0.0
2017-02-24,12.795208333333335,32.18270833333333,8.69875,,44.977916666666665,,32.115833333333335,51.468333333333334,0.15,45.166666666666664,3.6
2017-02-25,12.917499999999999,40.295833333333334,6.882083333333333,,53.212916666666665,,29.307916666666667,35.68541666666667,0.46125,25.0,0.0
2017-02-26,7.054166666666667,37.925000000000004,3.5516666666666663,,44.97708333333333,,29.522916666666664,40.68666666666667,0.2554166666666667,39.895833333333336,2.4
2017-02-27,4.295416666666667,26.081666666666667,5.214583333333334,,30.37708333333333,,30.470416666666665,46.64895833333333,0.3075,21.944444444444443,0.0
2017-02-28,8.959166666666667,24.799166666666668,7.402916666666666,,33.74875,,32.321666666666665,57.39416666666667,0.365,24.5625,0.0
2017-03-01,13.910416666666668,41.964166666666664,10.883333333333333,,55.86270833333333,,34.483333333333334,36.475,0.355,39.44444444444444,0.0
2017-03-02,7.913958333333333,32.61625,6.915833333333333,,40.529583333333335,,32.817083333333336,49.913333333333334,0.1625,34.0,0.0
2017-03-03,19.05291666666667,41.61625,8.291458333333333,,60.642500000000005,,31.577083333333334,45.33625,0.2775,26.166666666666668,7.800000000000001
2017-03-04,15.232083333333334,42.343333333333334,6.547916666666667,,57.56388888888889,,33.345,42.807500000000005,0.3433333333333333,35.5,0.0
2017-03-05,7.917083333333333,22.69666666666667,6.989999999999999,,30.60548611111111,,33.67791666666667,48.740833333333335,0.16874999999999998,20.875,0.4
2017-03-06,9.216041666666667,26.549166666666668,4.336666666666667,,35.76166666666666,,30.400000000000002,34.094166666666666,0.30125,23.125,0.6000000000000001
2017-03-07,12.8025,30.85375,9.62625,,43.64166666666667,,31.16125,30.35375,0.35375,25.583333333333332,1.7999999999999998
2017-03-08,19.214166666666667,27.4675,5.163333333333333,,46.67083333333333,,29.776666666666667,21.543333333333333,0.26125,25.041666666666668,0.2
2017-03-09,25.236874999999998,34.18895833333333,8.984583333333333,,59.35729166666667,,32.31541666666667,41.07416666666666,0.26333333333333336,29.958333333333332,0.0
2017-03-10,25.464583333333334,41.899166666666666,4.807291666666667,,67.33083333333333,,34.04958333333334,27.417916666666667,0.35041666666666665,30.25,0.0
2017-03-11,9.435416666666667,27.464375,4.626458333333333,,36.91041666666667,,32.27229166666667,45.44708333333333,0.23291666666666666,39.104166666666664,0.0
2017-03-12,7.942916666666666,36.96375,12.342500000000001,,44.89124999999999,,33.47208333333334,44.994166666666665,0.42874999999999996,44.895833333333336,0.0
2017-03-13,12.137291666666668,27.984166666666667,6.19125,,40.13291666666667,,31.44666666666667,46.46375,0.18708333333333335,30.083333333333332,0.0
2017-03-14,21.379583333333333,27.1675,3.3791666666666664,,48.59166666666667,,29.724999999999998,36.104166666666664,0.26208333333333333,25.541666666666668,9.2
2017-03-15,13.213958333333332,31.412916666666664,4.664583333333334,,44.64895833333333,,30.6575,38.089999999999996,0.26833333333333337,30.0,0.0
2017-03-16,29.097499999999997,42.083333333333336,7.555416666666666,,71.17041666666667,,32.56541666666667,32.69291666666667,0.2833333333333333,40.3125,0.0
2017-03-17,9.732083333333334,29.335833333333337,6.706666666666667,,39.05708333333333,,31.580833333333334,29.540000000000003,0.21375,38.041666666666664,0.0
2017-03-18,11.332500000000001,23.24791666666667,1.8770833333333332,,34.57666666666667,,27.462500000000002,36.724583333333335,0.3016666666666667,13.291666666666666,19.4
2017-03-19,9.264166666666666,24.855416666666667,3.4379166666666667,,34.12291666666667,,24.882499999999997,21.1775,0.28583333333333333,16.666666666666668,20.4
2017-03-20,13.343541666666667,23.464166666666667,3.3173684210526315,,36.815,,26.316666666666666,29.7375,0.24791666666666667,14.0,16.599999999999998
2017-03-21,23.38291666666667,25.105833333333333,3.985416666666667,,48.49458333333333,,26.715,16.605833333333333,0.33375,26.333333333333332,0.0
2017-03-22,24.89375,26.678749999999997,5.559583333333333,,51.56708333333333,,27.18541666666667,17.81125,0.2916666666666667,26.5,0.0
2017-03-23,29.176666666666666,27.30541666666667,3.85,,56.494166666666665,,27.5525,22.635833333333334,0.23458333333333334,30.75,0.0
2017-03-24,37.72,40.095,6.93625,,77.74666666666667,,29.19125,32.16125,0.32875,40.041666666666664,0.0
2017-03-25,10.042499999999999,25.033333333333335,,,35.08020833333333,,28.737916666666667,42.72083333333333,0.22333333333333336,33.291666666666664,0.0
2017-03-26,4.181041666666666,20.269166666666667,5.532173913043478,,24.452083333333334,,28.46375,32.45375,0.2725,30.458333333333332,0.0
2017-03-27,12.522291666666668,23.011666666666667,5.7749999999999995,,35.531666666666666,,28.165833333333335,24.323333333333334,0.14166666666666666,21.625,0.0
2017-03-28,13.64,24.122291666666666,3.8791666666666664,,37.763125,,26.84166666666667,18.797916666666666,0.29041666666666666,16.666666666666668,8.6
2017-03-29,24.98875,25.315833333333334,3.705833333333333,,50.28958333333333,,26.304166666666664,17.7425,0.2025,22.833333333333332,0.2
2017-03-30,15.553333333333333,22.033749999999998,4.1775,,37.57791666666667,,26.550416666666667,29.160833333333333,0.14208333333333334,19.458333333333332,11.200000000000001
2017-03-31,8.990833333333333,22.087708333333335,5.80875,,31.077083333333334,,26.160833333333333,25.33666666666667,0.19333333333333333,19.083333333333332,1.2
2017-04-01,12.412916666666668,20.044583333333332,,,32.446666666666665,,26.34375,29.368333333333336,0.20625000000000002,19.916666666666668,6.4
2017-04-02,6.55125,19.37666666666667,4.80608695652174,,25.931875,,25.958333333333332,30.97583333333333,0.21208333333333332,17.0,0.8
2017-04-03,26.544166666666666,28.495,4.872916666666667,,55.03875,,27.4475,27.772916666666664,0.26666666666666666,27.708333333333332,0.0
2017-04-04,35.915,39.20291666666667,6.087083333333333,,75.11166666666666,,29.512916666666666,39.97666666666667,0.2941666666666667,39.083333333333336,0.0
2017-04-05,49.173750000000005,43.007083333333334,5.921666666666667,,92.00166666666667,,31.314166666666665,21.281666666666666,0.47625,48.125,0.0
2017-04-06,21.308333333333334,40.5825,5.31375,,61.869166666666665,,31.692916666666665,35.129583333333336,0.14291666666666666,48.333333333333336,0.0
2017-04-07,15.341666666666667,36.99041666666667,2.865,,52.415263157894735,0.775,28.586250000000003,40.097500000000004,0.27708333333333335,33.958333333333336,5.2
2017-04-08,8.175625,29.89770833333333,7.339583333333334,,38.072291666666665,,28.141666666666666,24.025208333333335,0.29,21.375,23.599999999999998
2017-04-09,10.562083333333334,24.489375,3.5554166666666664,,35.045208333333335,,29.532083333333333,24.015416666666667,0.3420833333333333,29.125,0.0
2017-04-10,25.733541666666667,32.108333333333334,5.314166666666667,,57.859166666666674,,30.15833333333333,34.831250000000004,0.3545833333333333,37.875,0.0
2017-04-11,22.559583333333336,34.44083333333334,5.714166666666667,,57.03791666666667,,31.2975,36.254583333333336,0.2870833333333333,34.541666666666664,0.0
2017-04-12,15.065,31.39375,3.2575000000000003,,46.44583333333333,,27.851249999999997,22.23125,0.29875,40.958333333333336,7.999999999999999
2017-04-13,19.855416666666667,28.092916666666667,3.3266666666666667,,47.956250000000004,,24.934166666666666,21.24625,0.27666666666666667,22.041666666666668,17.599999999999998
2017-04-14,14.834583333333333,26.92,4.62875,,41.74208333333333,,27.217083333333335,26.5325,0.31875000000000003,33.333333333333336,0.0
2017-04-15,14.131250000000001,27.073333333333334,5.4325,,41.19041666666667,,29.27625,38.66916666666666,0.36833333333333335,30.625,0.0
2017-04-16,11.229583333333332,32.37416666666667,7.71,,43.59583333333333,,29.95125,33.220416666666665,0.385,35.25,0.0
2017-04-17,6.496666666666666,23.538749999999997,3.5716666666666668,,30.03,,28.01125,41.156666666666666,0.17708333333333334,31.708333333333332,5.6
2017-04-18,13.49875,24.696458333333336,3.6008333333333336,,38.19416666666667,,26.055833333333336,25.795416666666668,0.14833333333333334,26.875,5.4
2017-04-19,25.527083333333334,33.1475,3.1999999999999997,,58.68625,,25.84583333333333,26.766666666666666,0.32125,32.458333333333336,0.8
2017-04-20,20.728125000000002,33.94625,7.645833333333333,,54.739374999999995,,27.74875,35.683749999999996,0.18375,33.5,0.0
2017-04-21,18.85291666666667,35.16583333333333,5.095,,54.01666666666667,,29.222083333333334,21.80333333333333,0.34708333333333335,39.208333333333336,0.0
2017-04-22,8.217916666666666,26.874166666666667,4.295,,35.077708333333334,,26.35375,35.568333333333335,0.36125,28.25,2.4
2017-04-23,8.261666666666667,24.608958333333334,4.37,,32.870625,,24.106666666666666,23.862916666666667,0.3233333333333333,20.333333333333332,23.0
2017-04-24,29.074375,36.664375,5.902083333333334,,65.73145833333334,,26.460416666666664,23.073333333333334,0.3558333333333333,34.5,0.2
2017-04-25,34.08083333333333,43.01208333333333,4.242916666666667,,77.15166666666667,,28.324583333333333,28.817916666666665,0.35041666666666665,42.583333333333336,0.0
2017-04-26,27.636875,33.16458333333333,4.0216666666666665,,60.787083333333335,,29.21166666666667,17.462083333333336,0.33145833333333335,34.083333333333336,6.0
2017-04-27,10.866666666666667,22.572916666666668,2.8175000000000003,,33.42791666666667,,26.684583333333332,25.013333333333335,0.22714285714285717,18.75,7.3999999999999995
2017-04-28,14.321666666666667,28.40222222222222,2.709375,,42.720555555555556,,23.334999999999997,27.161666666666665,,25.916666666666668,6.2
2017-04-29,13.026874999999999,33.195,1.96,,46.23333333333334,,23.718333333333334,24.662499999999998,0.27999999999999997,32.791666666666664,0.4
2017-04-30,14.057916666666666,29.997500000000002,7.46875,,44.04333333333333,,24.690833333333334,19.641666666666666,0.41875,35.708333333333336,0.0
2017-05-01,32.01958333333334,30.7825,3.6504166666666666,,62.81375,,26.113333333333333,23.31,0.2975,34.333333333333336,0.0
2017-05-02,31.36666666666667,38.322916666666664,0.004,,69.67458333333333,,25.166666666666668,13.806666666666667,0.35708333333333336,41.541666666666664,0.0
2017-05-03,36.06166666666667,42.09166666666666,1.2033333333333334,,78.18416666666667,,26.47083333333333,21.47666666666667,0.4025,46.75,0.0
2017-05-04,43.650416666666665,53.16583333333333,5.296666666666667,,96.81583333333333,,27.60666666666667,17.861666666666668,0.5079166666666667,59.083333333333336,0.0
2017-05-05,40.410833333333336,39.59708333333334,0.7933333333333333,,80.01791666666666,,26.131666666666664,9.90375,0.4370833333333333,53.958333333333336,0.4
2017-05-06,23.8575,32.60875,2.69375,,56.46541666666667,,25.806250000000002,25.0425,0.26875,32.416666666666664,0.4
2017-05-07,7.687083333333334,28.62708333333333,0.5058333333333334,,36.31333333333333,,25.951666666666668,28.068749999999998,0.23124999999999998,32.708333333333336,0.0
2017-05-08,18.306250000000002,31.916666666666668,1.3533333333333333,,50.20916666666667,,27.044166666666666,23.6875,0.26708333333333334,36.208333333333336,0.0
2017-05-09,31.27125,40.50541666666667,0.13375,,71.725,,27.617500000000003,28.424166666666665,0.3333333333333333,52.291666666666664,0.0
2017-05-10,10.147083333333333,32.24916666666667,2.4408333333333334,,42.39,,26.803749999999997,36.37916666666667,0.2354166666666667,43.791666666666664,0.0
2017-05-11,23.23,26.149375000000003,0.06958333333333333,,49.34520833333334,,24.948541666666667,25.397291666666664,0.2810416666666667,25.083333333333332,11.600000000000001
2017-05-12,31.63875,40.327083333333334,1.4183333333333332,,71.96458333333334,,24.549166666666665,21.752916666666664,0.285,35.375,0.8
2017-05-13,31.667083333333334,44.794999999999995,3.0224999999999995,,76.47500000000001,,26.50708333333333,22.42833333333333,0.49791666666666673,45.75,0.0
2017-05-14,16.97489583333333,31.723125,1.9329166666666666,,48.694895833333334,,28.384583333333335,33.56,0.19791666666666666,40.916666666666664,0.0
2017-05-15,14.398854166666666,27.124583333333334,0.11166666666666668,,41.564479166666665,,26.4275,28.145833333333332,0.21208333333333332,30.625,0.0
2017-05-16,28.203541666666666,26.884375000000002,0.685,,55.064375000000005,,25.482083333333335,27.799166666666665,0.19958333333333333,27.958333333333332,0.0
2017-05-17,37.18416666666666,31.596249999999998,0.31124999999999997,,68.825,,24.65625,21.246666666666666,0.26375,38.125,0.0
2017-05-18,25.454583333333332,32.749583333333334,0.9925,,58.18416666666667,,25.09625,28.1825,0.19958333333333333,33.083333333333336,0.0
2017-05-19,18.41375,34.41020833333334,0.13791666666666666,,52.818958333333335,,22.049583333333334,14.460416666666667,0.28125,16.958333333333332,24.2
2017-05-20,26.39,36.31125,0.6091666666666667,,62.70791666666667,,24.60875,13.165,0.30583333333333335,24.833333333333332,0.0
2017-05-21,13.413333333333334,25.34125,0.014166666666666668,,38.74395833333333,,25.507291666666664,20.843958333333333,0.25333333333333335,17.083333333333332,0.0
2017-05-22,15.481250000000001,30.510416666666668,1.4370833333333335,,45.99041666666667,,24.329583333333332,15.8675,0.2791666666666667,21.875,8.399999999999999
2017-05-23,31.40125,34.80770833333333,1.1841666666666666,,66.21249999999999,,25.36916666666667,22.85291666666667,0.3254166666666667,39.875,0.0
2017-05-24,40.96458333333333,46.25666666666667,3.4175,,87.22083333333335,,25.28,20.033333333333335,0.44708333333333333,57.583333333333336,0.0
2017-05-25,55.6435294117647,39.968823529411765,3.185,,95.6470588235294,,27.8925,16.074583333333333,0.4116666666666667,48.791666666666664,0.0
2017-05-26,55.10052631578948,39.177894736842106,0.82,,94.27894736842104,,28.47458333333333,11.710416666666667,0.49500000000000005,36.666666666666664,0.0
2017-05-27,24.474999999999998,27.271666666666665,0.6615384615384615,,51.74208333333333,,27.304999999999996,38.12291666666667,0.14833333333333334,31.666666666666668,0.0
2017-05-28,8.559583333333334,31.407291666666666,,,39.9675,,26.53375,45.14458333333334,0.40124999999999994,46.458333333333336,0.0
2017-05-29,26.713958333333334,42.84833333333333,,,69.58020833333333,,26.184375,35.810833333333335,0.36125,68.85416666666667,0.0
2017-05-30,13.889583333333334,33.187083333333334,,,47.07666666666666,,25.131666666666664,35.73416666666667,0.29375,49.875,0.0
2017-05-31,24.01770833333333,39.85041666666667,,,63.8675,,26.712083333333336,30.987083333333334,0.3941666666666667,48.666666666666664,0.0
2017-06-01,29.222083333333334,50.115,,,79.37708333333333,,27.98625,28.48125,0.3458333333333334,59.5,0.0
2017-06-02,22.050208333333334,37.60166666666667,,,59.65520833333333,,25.039583333333336,24.25583333333333,0.30375,38.666666666666664,0.0
2017-06-03,18.805416666666666,38.39208333333333,,,57.205000000000005,,25.73375,30.45,0.33791666666666664,36.583333333333336,0.0
2017-06-04,29.614583333333332,48.95416666666667,,,78.55624999999999,,27.548333333333332,28.322916666666668,0.5158333333333334,49.833333333333336,0.0
2017-06-05,36.696666666666665,42.04083333333333,,,78.72708333333334,,27.559166666666666,22.536666666666665,0.30833333333333335,46.333333333333336,0.0
2017-06-06,37.14125,43.77916666666667,,,80.92416666666666,,27.95375,15.856666666666667,0.4945833333333334,46.708333333333336,0.0
2017-06-07,35.17666666666667,55.97208333333333,,,91.165,,29.095416666666665,29.30541666666667,0.5399999999999999,54.541666666666664,0.0
2017-06-08,30.078125,50.947291666666665,,,81.076875,,31.42833333333333,29.405833333333334,0.36791666666666667,60.25,0.0
2017-06-09,11.230625000000002,30.999375,,,42.211875,,28.43041666666667,37.733333333333334,0.25875,36.125,0.2
2017-06-10,14.503333333333332,25.173333333333332,,,39.67333333333333,,22.44125,37.40416666666667,0.27125,36.958333333333336,0.0
2017-06-11,28.930416666666662,40.75416666666667,,,69.6875,,22.87375,33.25625,0.42041666666666666,52.666666666666664,0.0
2017-06-12,44.53,44.45208333333333,,,88.97500000000001,,24.64375,33.56583333333334,0.42124999999999996,59.833333333333336,0.0
2017-06-13,28.81645833333333,42.344791666666666,,,71.11375,,24.417083333333334,26.7925,0.42250000000000004,46.458333333333336,13.0
2017-06-14,10.919583333333334,38.830625000000005,,,49.74625,,23.995,26.03833333333333,0.28875,29.25,2.6
2017-06-15,16.618333333333336,31.146041666666665,,,47.77375,,25.161666666666665,33.50875,0.31583333333333335,24.416666666666668,5.6000000000000005
2017-06-16,37.05041666666667,44.73166666666666,,,81.81,,25.5725,19.095833333333335,0.29541666666666666,34.333333333333336,0.0
2017-06-17,48.58375,39.58833333333333,,,88.1475,,26.19666666666667,15.376666666666665,0.5408333333333334,36.208333333333336,0.0
2017-06-18,45.757083333333334,45.04291666666666,,,90.79416666666667,,27.159166666666668,19.269583333333333,0.5425,49.208333333333336,0.0
2017-06-19,31.874791666666667,38.86020833333333,,,70.74208333333333,,27.829583333333332,33.468333333333334,0.44,40.125,0.0
2017-06-20,10.387916666666667,27.85875,,,38.25333333333333,,25.000416666666666,36.593333333333334,0.5058333333333334,29.833333333333332,19.2
2017-06-21,14.775833333333333,34.910625,,,49.68770833333334,,22.53,29.855416666666667,0.47583333333333333,13.666666666666666,27.6
2017-06-22,29.525625,41.48104166666667,,,70.993125,,24.944999999999997,18.370416666666667,0.37333333333333335,30.545454545454547,6.000000000000001
2017-06-23,43.33833333333333,37.5,,,80.84416666666667,,23.931250000000002,10.020000000000001,0.5533333333333333,30.5,1.0
2017-06-24,61.06458333333333,33.12708333333333,,,94.21875,,24.400833333333335,13.932083333333333,0.6975000000000001,40.125,0.0
2017-06-25,51.87479166666666,36.188125,,,88.04458333333334,,24.110416666666666,24.76125,0.7229166666666668,42.1875,0.0
2017-06-26,46.43416666666667,39.93416666666666,,,86.35166666666667,,24.131249999999998,14.950833333333334,0.5841666666666666,40.625,0.0
2017-06-27,27.793333333333333,42.877916666666664,,,70.66958333333334,,24.635833333333334,20.41208333333333,0.4458333333333333,44.041666666666664,0.0
2017-06-28,31.496666666666666,41.892916666666665,,,73.44416666666667,,25.672083333333333,18.456666666666667,0.42583333333333334,44.041666666666664,0.0
2017-06-29,44.489583333333336,44.34833333333333,,,88.825,,25.75208333333333,22.4725,0.6045833333333334,52.208333333333336,0.0
2017-06-30,73.05083333333333,47.56791666666666,,,120.58625,,26.35375,14.799999999999999,0.5308333333333334,57.666666666666664,0.0
2017-07-01,30.810000000000002,33.302083333333336,,,64.11375,,24.98625,32.48,0.2891666666666667,47.166666666666664,2.8000000000000003
2017-07-02,8.098333333333334,28.408749999999998,,,36.506458333333335,,21.09375,33.89416666666667,0.43166666666666664,19.458333333333332,12.2
2017-07-03,26.416875,38.05166666666667,,,64.45729166666666,,20.45875,18.612083333333334,0.4083333333333334,23.041666666666668,2.0
2017-07-04,36.221250000000005,41.562916666666666,,,77.79375,,21.47375,18.62,0.4191666666666667,31.333333333333332,0.0
2017-07-05,28.605416666666667,42.68833333333333,,,71.2975,,22.65833333333333,20.40625,0.4354166666666666,32.083333333333336,0.0
2017-07-06,56.114583333333336,43.60125,,,99.69958333333334,,23.250833333333333,18.69333333333333,0.4604166666666667,33.291666666666664,0.0
2017-07-07,27.786458333333332,38.4575,,,66.20625,,23.867500000000003,24.378333333333334,0.4141666666666666,23.333333333333332,0.0
2017-07-08,29.22791666666667,33.592083333333335,,,62.80583333333333,,23.9175,27.904583333333335,0.38125000000000003,26.458333333333332,0.0
2017-07-09,19.058333333333334,33.55083333333334,,,52.607499999999995,,24.32166666666667,33.66416666666667,0.49583333333333335,30.375,0.0
2017-07-10,45.038333333333334,45.23291666666666,,,90.26041666666667,,25.37708333333333,18.710833333333333,0.5470833333333334,35.666666666666664,0.0
2017-07-11,40.475833333333334,37.59125,,,78.0925,,24.759583333333335,26.463333333333335,0.40166666666666667,41.583333333333336,0.0
2017-07-12,13.784166666666666,30.055833333333336,,,43.84125,,24.11583333333333,40.71666666666667,0.39666666666666667,35.916666666666664,0.0
2017-07-13,34.68958333333333,41.55041666666667,,,76.23916666666666,,25.125,29.192083333333333,0.4666666666666666,38.708333333333336,0.0
2017-07-14,37.10458333333333,45.32583333333333,,,82.4825,,25.066666666666666,25.385833333333334,0.4245833333333333,36.166666666666664,0.0
2017-07-15,27.941666666666666,39.67916666666667,0.2288888888888889,,67.5825,,25.568749999999998,21.5825,0.41291666666666665,34.583333333333336,0.0
2017-07-16,33.24333333333333,41.522083333333335,1.6552083333333334,,74.73125,,26.37708333333333,20.952916666666667,0.4579166666666667,30.125,0.0
2017-07-17,46.828541666666666,45.14760416666667,6.798125,,91.96312499999999,,26.65041666666667,28.126666666666665,0.3933333333333333,34.958333333333336,0.0
2017-07-18,6.780104166666667,23.346249999999998,3.0508333333333333,,30.12625,,21.226666666666667,37.437916666666666,0.3383333333333333,24.041666666666668,3.4
2017-07-19,16.263854166666665,29.695104166666667,3.4443750000000004,,45.95708333333334,,19.205416666666668,28.433958333333333,0.27166666666666667,15.666666666666666,8.0
2017-07-20,39.752500000000005,46.05916666666667,2.8025,,85.81083333333333,,22.979166666666668,16.265416666666667,,31.375,0.0
2017-07-21,41.725833333333334,50.680416666666666,6.611875,,92.32416666666667,,25.387083333333333,28.40625,0.5633333333333334,30.958333333333332,0.0
2017-07-22,3.8225,32.95583333333333,4.566458333333333,,36.775,,23.64625,52.2525,0.41291666666666665,30.208333333333332,0.0
2017-07-23,28.11125,47.74541666666667,3.4629166666666666,,75.89333333333333,,25.005,40.2875,0.7312500000000001,46.125,0.0
2017-07-24,31.200833333333332,46.725,3.452291666666667,,77.89666666666666,,24.924583333333334,23.97,0.3766666666666667,33.291666666666664,0.0
2017-07-25,41.25958333333333,45.134166666666665,4.814166666666667,,86.40249999999999,,26.346249999999998,16.965,0.455,33.166666666666664,0.0
2017-07-26,33.848333333333336,41.027499999999996,7.638958333333334,,74.87875,,25.81833333333333,25.1925,0.36083333333333334,30.833333333333332,0.0
2017-07-27,19.576249999999998,35.599583333333335,5.881041666666667,,55.17291666666667,,24.520833333333332,13.42611111111111,0.4383333333333333,30.58823529411765,0.0
2017-07-28,27.835,40.15078947368421,8.120789473684212,,68.01657894736843,,24.403750000000002,24.672083333333333,0.37875,38.041666666666664,0.0
2017-07-29,15.479583333333332,32.93083333333333,1.7750000000000001,,48.42125000000001,,24.6725,31.62375,0.34375,40.875,0.0
2017-07-30,12.932083333333333,33.23291666666667,5.304374999999999,,46.17583333333334,,25.14916666666667,34.156666666666666,0.35958333333333337,41.541666666666664,0.0
2017-07-31,34.47604166666667,43.774166666666666,3.1170833333333334,,78.24416666666667,,24.97791666666667,19.322083333333335,0.44250000000000006,44.583333333333336,0.0
2017-08-01,41.18333333333333,46.281666666666666,4.387083333333334,,87.42625,,25.164583333333336,21.385416666666668,0.4391666666666667,56.916666666666664,0.0
2017-08-02,42.34041666666666,49.126666666666665,4.5372916666666665,,91.54916666666666,,26.08875,19.275,0.37666666666666665,55.458333333333336,0.0
2017-08-03,30.98875,46.486875,3.3529166666666668,,77.474375,,26.816666666666666,27.20875,0.5254166666666666,66.75,3.5999999999999996
2017-08-04,3.561875,23.803541666666664,0.968125,,27.36583333333333,,23.254583333333333,50.61166666666667,0.2758333333333333,32.5,0.4
2017-08-05,9.839166666666666,27.35166666666667,3.280416666666667,,37.189166666666665,,23.042083333333334,38.29875,0.3954166666666667,29.666666666666668,2.6
2017-08-06,38.97666666666667,30.846249999999998,0.8272916666666666,,69.83083333333333,,21.31,26.736666666666665,0.5924999999999999,32.041666666666664,0.0
2017-08-07,38.14416666666667,47.44375,11.942708333333334,,85.59916666666668,,23.309583333333332,26.14333333333333,0.31,37.541666666666664,0.0
2017-08-08,36.125,58.23833333333334,7.017499999999999,,94.35458333333332,,26.889583333333334,23.0325,0.55375,52.166666666666664,0.0
2017-08-09,8.700833333333334,35.51354166666667,1.81375,,44.196875,,29.0575,65.39916666666666,0.3125,44.583333333333336,0.0
2017-08-10,4.389473684210526,26.611052631578946,5.401041666666667,,30.997894736842106,,23.613333333333333,51.314166666666665,0.4066666666666667,29.875,0.0
2017-08-11,12.719791666666666,31.52125,2.6458333333333335,,44.24270833333333,,22.758750000000003,33.28625,0.45249999999999996,22.208333333333332,0.0
2017-08-12,12.071875,30.534791666666667,0.43375,,42.61666666666667,,23.9375,37.51583333333333,0.2970833333333333,25.25,0.0
2017-08-13,8.220833333333333,33.70333333333333,7.999375000000001,,41.923750000000005,,25.0,46.82874999999999,0.49333333333333335,33.458333333333336,0.0
2017-08-14,14.385208333333333,32.751875,3.1654166666666668,,47.12375,,26.219583333333333,41.22416666666667,0.3466666666666667,36.458333333333336,0.0
2017-08-15,6.9120833333333325,27.670833333333334,4.897083333333334,,34.59083333333333,,23.37125,38.593333333333334,0.45,27.416666666666668,0.0
2017-08-16,21.069166666666668,46.44875,4.866875,,67.51833333333333,,22.3325,12.21375,0.5920833333333334,30.458333333333332,10.799999999999999
2017-08-17,15.281666666666666,42.85166666666667,6.47125,,58.13791666666666,,22.08583333333333,11.506666666666668,0.51375,19.083333333333332,6.6
2017-08-18,15.378541666666669,37.95645833333334,4.786041666666667,,53.330625,,22.305625000000003,22.67395833333333,0.44333333333333336,16.729166666666668,3.4
2017-08-19,34.998333333333335,46.37708333333333,8.941875000000001,,81.36,,24.094583333333333,10.97375,0.6829166666666667,32.0,0.2
2017-08-20,16.66875,31.645,7.123958333333333,,48.319583333333334,,24.4575,28.410833333333333,0.42791666666666667,27.541666666666668,7.8
2017-08-21,4.970416666666667,28.874166666666667,4.114583333333333,,33.83708333333333,,20.242916666666666,38.39416666666667,0.29333333333333333,14.375,10.4
2017-08-22,19.74416666666667,32.831041666666664,3.63875,,52.580000000000005,,21.4025,30.60291666666667,0.34791666666666665,19.375,0.0
2017-08-23,22.169583333333335,35.721250000000005,5.054166666666666,,57.87583333333333,,22.84166666666667,30.605416666666667,0.3541666666666667,23.5,0.0
2017-08-24,24.00315789473684,36.26263157894737,4.6738888888888885,,60.37473684210526,,23.637083333333333,23.873333333333335,0.34153846153846157,31.9375,0.0
2017-08-25,25.702291666666667,39.82791666666667,1.4078947368421053,,65.47208333333333,,24.08375,32.5725,0.44458333333333333,41.916666666666664,0.0
2017-08-26,20.445416666666667,39.194583333333334,0.9362499999999999,,59.66291666666667,,24.965,32.39,0.5454166666666667,42.125,0.0
2017-08-27,11.355208333333332,35.03916666666667,1.1383333333333334,,46.39145833333333,,24.837500000000002,33.775,0.3954166666666667,47.0,0.0
2017-08-28,17.40791666666667,38.396875,2.859583333333333,,55.77375,,24.371666666666666,40.253750000000004,0.43375,56.791666666666664,0.0
2017-08-29,23.365624999999998,44.88625,0.24333333333333332,,68.27374999999999,,25.049166666666668,43.08583333333333,0.49541666666666667,66.75,0.0
2017-08-30,27.1075,53.94541666666667,4.53875,,81.06375,,28.192083333333333,30.865,0.5666666666666667,58.125,0.0
2017-08-31,13.998333333333333,36.479791666666664,0.9395833333333333,,50.47645833333333,,23.38083333333333,54.38133333333334,0.41375,35.375,0.8
2017-09-01,13.152916666666668,26.92979166666667,4.648888888888889,,40.086666666666666,,23.157083333333333,,0.5516666666666666,20.541666666666668,1.2000000000000002
2017-09-02,16.140625,29.420416666666668,2.2358333333333333,,45.55979166666666,,24.52,,0.5354166666666667,19.458333333333332,0.0
2017-09-03,4.9575000000000005,26.170416666666668,4.0754166666666665,,31.125416666666666,,24.88208333333333,,0.4995833333333333,19.25,0.0
2017-09-04,32.82541666666667,39.60791666666667,6.0775,,72.40625,,26.313333333333333,,0.5508333333333333,23.791666666666668,0.0
2017-09-05,41.05166666666667,52.34041666666667,9.41125,,93.38041666666668,,27.813333333333333,,0.5508333333333334,36.875,0.0
2017-09-06,22.83520833333333,34.91791666666666,7.958749999999999,,57.750416666666666,,24.4825,,0.46625,37.666666666666664,0.0
2017-09-07,6.965208333333333,36.174375,3.6162500000000004,,43.137708333333336,,24.539583333333336,,0.6208333333333333,32.416666666666664,0.0
2017-09-08,24.581666666666667,41.56729166666667,4.284166666666667,,66.171875,,26.37875,,0.6625,34.041666666666664,0.0
2017-09-09,14.201666666666668,33.760416666666664,2.0329166666666665,,47.95583333333334,,28.238333333333333,,0.41250000000000003,25.25,0.0
2017-09-10,6.529583333333334,22.949583333333333,2.5845833333333332,,29.47875,,28.845,,0.44166666666666665,20.125,0.0
2017-09-11,28.656666666666666,40.38291666666667,6.479583333333333,,69.05624999999999,,30.15958333333333,,0.4766666666666666,24.583333333333332,0.0
2017-09-12,19.079166666666666,42.86041666666667,2.4120833333333334,,61.93958333333333,,30.15125,,0.5158333333333334,28.416666666666668,0.0
2017-09-13,25.527083333333334,41.818333333333335,1.47375,,67.35708333333334,,28.19666666666667,,0.5554166666666667,29.083333333333332,0.0
2017-09-14,29.064999999999998,46.98416666666666,4.057083333333334,,76.03958333333334,,31.00208333333333,,0.5533333333333333,34.0,0.0
2017-09-15,30.710434782608697,54.189130434782605,4.8133333333333335,,84.86043478260869,,31.942083333333333,24.57,0.6570833333333334,41.791666666666664,0.0
2017-09-16,11.113333333333335,48.34388888888889,2.56875,,59.45916666666666,,26.715,25.828958333333333,,36.8125,0.0
2017-09-17,7.242222222222223,41.01611111111111,6.8975,,48.25833333333333,,28.650000000000002,21.61583333333333,,30.166666666666668,0.0
2017-09-18,20.51,43.135714285714286,9.159583333333334,,63.64142857142857,,26.940416666666668,25.465,,30.25,0.0
2017-09-19,10.493125000000001,36.555,6.91,,47.04479166666667,,26.186666666666667,19.7575,0.31083333333333335,31.541666666666668,0.0
2017-09-20,20.003541666666667,41.714999999999996,4.690416666666667,,61.72833333333333,,27.275833333333335,27.45875,0.5616666666666666,43.541666666666664,0.0
2017-09-21,15.364791666666667,41.17625,1.0238888888888888,,56.544999999999995,,28.829583333333332,43.805416666666666,0.6041666666666666,51.458333333333336,0.0
2017-09-22,17.625416666666666,47.9925,3.4970833333333338,,65.61208333333333,,29.745416666666667,37.312083333333334,0.54,55.083333333333336,0.0
2017-09-23,13.479545454545455,44.552727272727275,6.482916666666667,,58.03181818181818,,30.0675,53.97875,0.5183333333333333,52.375,0.0
2017-09-24,,,0.33708333333333335,,,,26.4325,72.00125,0.47500000000000003,49.5,0.0
2017-09-25,22.8445,42.311,7.144583333333333,,65.1455,,26.897916666666664,52.506249999999994,0.5045833333333333,52.875,0.0
2017-09-26,16.296041666666667,37.522708333333334,3.9600000000000004,,53.81583333333333,,27.604166666666668,40.57375,0.4404166666666667,43.95,0.0
2017-09-27,21.298750000000002,44.442499999999995,3.953333333333333,,65.745,,28.965833333333336,36.84916666666667,0.4725,61.2,0.0
2017-09-28,6.783124999999999,31.261875,2.27625,,38.04666666666667,,26.74625,54.245416666666664,0.3829166666666666,50.125,0.0
2017-09-29,8.01,26.502291666666665,1.0033333333333334,,34.51291666666667,,26.046666666666667,49.06666666666666,0.4916666666666667,39.333333333333336,0.0
2017-09-30,22.741249999999997,48.447916666666664,0.9529166666666667,,71.19333333333334,,24.96666666666667,19.997083333333332,0.7062499999999999,34.583333333333336,13.399999999999999
2017-10-01,6.374375000000001,33.398125,5.422857142857143,,39.77375,,30.399583333333336,63.72208333333333,0.5029166666666667,20.125,1.6
2017-10-02,20.027916666666666,48.55041666666667,7.877083333333334,,68.57166666666667,,29.26,41.7425,0.5962500000000001,31.541666666666668,1.8000000000000003
2017-10-03,7.513541666666666,41.217083333333335,1.25625,,48.73,,24.692083333333333,39.249583333333334,0.5316666666666666,15.958333333333334,14.2
2017-10-04,14.783125,39.02166666666667,,,53.798750000000005,,24.459166666666665,30.328333333333333,0.41,22.5,0.0
2017-10-05,29.10083333333333,51.61208333333334,,,80.71375,,28.813333333333333,37.882083333333334,0.5783333333333334,29.208333333333332,0.0
2017-10-06,25.11,51.46875,,,76.57625,,31.9275,36.65916666666667,0.5679166666666666,31.083333333333332,0.0
2017-10-07,4.756666666666667,21.604166666666668,,,26.36125,,27.35083333333333,37.216249999999995,0.3879166666666667,23.333333333333332,0.0
2017-10-08,5.567291666666667,32.46875,,,38.03541666666667,,28.495416666666667,50.291666666666664,0.5541666666666667,29.958333333333332,0.0
2017-10-09,10.371458333333333,31.744791666666668,,,42.11895833333333,,28.948333333333334,44.55458333333333,0.4475,27.875,0.0
2017-10-10,17.689791666666668,43.740625,,,61.43354166666666,,30.792083333333334,54.19375,0.6175,36.583333333333336,0.0
2017-10-11,10.955,45.100833333333334,,,56.055416666666666,,31.980833333333333,79.96124999999999,0.6220833333333333,37.5,0.0
2017-10-12,2.2047916666666665,23.238125,,,25.444374999999997,,29.90416666666667,91.66000000000001,0.5508333333333334,30.416666666666668,0.0
2017-10-13,11.640374999999999,34.886833333333335,,,46.52766666666667,,29.27416666666667,84.7925,0.5808333333333333,31.208333333333332,0.0
2017-10-14,2.602958333333333,22.84358333333333,,,25.441708333333334,,28.853333333333335,67.67666666666666,0.45625000000000004,25.541666666666668,0.0
2017-10-15,2.5139583333333335,17.434791666666666,,,19.94875,,24.62375,48.11708333333333,0.4504166666666667,13.125,4.8
2017-10-16,11.2475,28.254166666666666,,,39.505208333333336,,24.01,26.6525,0.4458333333333333,17.708333333333332,0.8
2017-10-17,21.081875,35.03416666666667,,,56.10458333333333,,28.452916666666667,44.489583333333336,0.5316666666666666,21.958333333333332,0.0
2017-10-18,24.437916666666666,35.17875,,,59.615,,31.009583333333335,41.43,0.4454166666666666,25.166666666666668,0.0
2017-10-19,26.705833333333334,47.34583333333333,0.0,,74.05083333333333,,33.27166666666667,39.87791666666667,0.52,34.541666666666664,0.0
2017-10-20,10.441583333333334,27.347166666666666,,,37.78966666666667,,28.320833333333336,68.66083333333333,0.3066666666666667,31.875,0.0
2017-10-21,8.42925,39.83179166666667,,,48.25991666666667,,28.632499999999997,68.27208333333333,0.5741666666666666,29.125,0.0
2017-10-22,3.46625,31.591458333333332,,,35.059374999999996,,29.70875,68.75916666666667,0.5066666666666667,24.666666666666668,8.0
2017-10-23,8.920416666666666,37.00083333333333,,,45.928333333333335,,23.05875,34.07958333333333,0.4808333333333334,14.541666666666666,14.4
2017-10-24,29.339791666666667,37.79479166666667,,,67.13395833333333,,23.669166666666666,20.970526315789474,0.4975,22.25,0.0
2017-10-25,24.624791666666667,40.73291666666666,,,65.43041666666666,,28.455,40.53041666666667,0.5095833333333334,34.375,0.0
2017-10-26,16.98125,50.54083333333333,,,67.51916666666666,,28.162499999999998,40.1925,0.6970833333333334,38.833333333333336,7.0
2017-10-27,21.440833333333334,52.25208333333333,,,73.69083333333333,81.68375,27.517916666666665,31.743333333333336,0.49625,42.0,17.0
2017-10-28,6.895,38.38666666666666,,,45.284166666666664,57.70875,30.837500000000002,61.22541666666667,0.51625,24.166666666666668,0.6
2017-10-29,2.4339583333333334,25.15125,,,27.584166666666665,66.32791666666667,27.594583333333333,72.07083333333334,0.3454166666666667,22.375,0.0
2017-10-30,14.465416666666668,36.44875,,,50.92291666666667,69.84625,28.552083333333332,60.89791666666667,0.47583333333333333,23.333333333333332,3.8
2017-10-31,4.7150694444444445,22.274444444444445,,,27.004305555555558,83.9075,25.67833333333333,46.776250000000005,0.41625,21.25,0.0
2017-11-01,6.523680555555555,18.263472222222223,,,24.78673611111111,68.16166666666668,24.990416666666665,48.48916666666667,0.33791666666666664,20.25,0.0
2017-11-02,5.802916666666667,19.878958333333333,,,25.68041666666667,61.12041666666667,24.841250000000002,39.68666666666667,0.37375,20.583333333333332,0.0
2017-11-03,29.673333333333332,36.5775,,,66.26375,56.95458333333334,28.628333333333334,30.51291666666667,0.50375,22.75,0.0
2017-11-04,15.559166666666668,32.14069444444444,,,47.69875,52.155,31.879583333333333,32.339166666666664,0.5579166666666667,21.666666666666668,0.0
2017-11-05,2.0766666666666667,16.393472222222222,,,18.47125,76.68958333333333,26.72875,59.72625,0.42333333333333334,21.208333333333332,0.0
2017-11-06,11.202083333333334,22.187083333333334,,,33.38875,76.12583333333333,24.522916666666664,44.569583333333334,0.3879166666666667,18.833333333333332,0.0
2017-11-07,26.741249999999997,29.692708333333332,,,56.43020833333333,70.13208333333334,24.04875,28.804583333333337,0.37625,21.541666666666668,0.0
2017-11-08,13.7175,29.2825,,,43.00333333333333,63.887499999999996,25.95875,41.33958333333333,0.3870833333333333,19.041666666666668,0.0
2017-11-09,22.487291666666664,40.69895833333333,,,63.18520833333333,63.447916666666664,27.510416666666668,38.15416666666667,0.51625,23.0,0.0
2017-11-10,20.296875,34.27916666666667,,,54.576249999999995,56.23541666666667,31.6975,26.947916666666668,0.48,20.5,0.0
2017-11-11,5.0687500000000005,22.848958333333332,,,27.917083333333334,88.43458333333332,24.7,43.08083333333334,0.56625,19.708333333333332,14.0
2017-11-12,3.74,23.231875000000002,,,26.971458333333334,62.038333333333334,27.370833333333334,54.384166666666665,0.3729166666666666,22.208333333333332,0.0
2017-11-13,7.923333333333333,25.973333333333333,,,33.89333333333333,67.73333333333333,25.457083333333333,45.18083333333333,0.21833333333333335,21.5,0.0
2017-11-14,14.275416666666667,26.885,,,41.16166666666667,63.95708333333334,26.115,42.04291666666666,0.2841666666666667,22.083333333333332,0.0
2017-11-15,5.568958333333334,31.651041666666668,,,37.222500000000004,61.62041666666667,29.444166666666664,63.19583333333333,0.46541666666666665,25.916666666666668,0.0
2017-11-16,19.774705882352944,52.32411764705882,,,72.11352941176472,47.21416666666667,33.83541666666667,45.97625,0.4804166666666667,25.583333333333332,0.0
2017-11-17,14.863333333333335,36.44895833333333,,,51.30229166666667,53.45291666666666,31.668333333333333,64.9675,0.45166666666666666,29.5,5.4
2017-11-18,11.539791666666666,32.66770833333333,,,44.20708333333334,70.49249999999999,29.751666666666665,53.81375,0.4354166666666666,51.94117647058823,4.6
2017-11-19,3.635902777777778,24.52270833333333,,,28.159652777777776,82.72958333333334,27.798333333333332,56.4575,0.8370833333333333,23.227272727272727,21.4
2017-11-20,2.4455555555555555,21.958125,,,24.40222222222222,94.82145833333334,25.11375,53.294999999999995,0.4141666666666666,17.583333333333332,50.39999999999999
2017-11-21,18.385625,40.68729166666667,,,59.06645833333334,83.03875000000001,27.38083333333333,38.88375,0.6033333333333334,22.125,0.0
2017-11-22,6.462291666666666,30.620833333333334,,,37.083958333333335,92.51458333333333,25.474166666666665,32.992916666666666,0.4383333333333333,21.0,18.400000000000002
2017-11-23,15.262083333333335,39.38916666666667,1.7557142857142856,,54.64958333333333,82.65416666666667,23.604583333333334,26.730416666666667,0.50375,21.791666666666668,1.0
2017-11-24,27.139791666666667,52.42541666666667,1.1829166666666666,,79.56583333333333,67.25583333333334,27.546666666666667,38.390625,0.5320833333333334,29.583333333333332,0.0
2017-11-25,12.566458333333332,40.014375,2.51625,,52.574999999999996,68.6125,30.29875,58.90416666666667,0.49333333333333335,39.333333333333336,0.0
2017-11-26,9.517083333333334,35.12291666666667,1.5341666666666667,,44.64124999999999,57.100833333333334,31.330416666666665,29.519583333333333,0.4895833333333333,27.958333333333332,0.0
2017-11-27,10.616041666666666,33.75,2.84625,,44.34041666666667,73.42208333333333,29.124166666666667,40.49666666666667,0.5516666666666666,26.541666666666668,1.4
2017-11-28,5.8999999999999995,20.868750000000002,1.1812500000000001,,26.767916666666668,86.69583333333333,26.06833333333333,43.681666666666665,0.44000000000000006,16.333333333333332,1.8
2017-11-29,19.316666666666666,16.697083333333335,2.502083333333333,,35.99666666666666,70.42166666666667,26.35083333333333,38.16875,,21.208333333333332,0.0
2017-11-30,19.326666666666668,29.33375,3.6641666666666666,,48.65875,71.75583333333333,26.302916666666665,30.207083333333333,,23.75,1.7999999999999998
2017-12-01,24.681250000000002,35.90125,0.34708333333333335,,60.57874999999999,84.61458333333333,25.180833333333336,19.394583333333333,,19.25,0.0
2017-12-02,8.935833333333333,20.540833333333335,0.3179166666666667,,29.478333333333335,82.23958333333333,26.60375,34.54,,17.791666666666668,0.6000000000000001
2017-12-03,4.34125,21.024583333333336,0.295,,25.36375,79.83708333333333,27.045,41.7725,,16.25,0.0
2017-12-04,15.226666666666667,31.27,0.39555555555555555,,46.50055555555556,79.57833333333333,27.58555555555556,29.339444444444446,,19.61111111111111,0.0
2017-12-05,18.961666666666666,19.92875,0.06,,38.9175,79.62166666666667,28.0325,19.605833333333333,,14.875,0.2
2017-12-06,22.207916666666666,22.04041666666667,1.9312500000000001,,44.25083333333333,65.79791666666667,28.028333333333332,29.889166666666668,,20.416666666666668,0.0
2017-12-07,21.210416666666667,35.39541666666667,9.607916666666666,,56.609583333333326,62.30625,29.12875,34.405,,26.708333333333332,0.0
2017-12-08,27.05875,35.767916666666665,3.2342857142857144,,62.830000000000005,85.17583333333333,26.969166666666666,16.098333333333333,,19.083333333333332,4.199999999999999
2017-12-09,4.338333333333334,15.972083333333332,,,20.309583333333332,83.78083333333333,27.438333333333333,32.10916666666667,,16.25,0.0
2017-12-10,5.230416666666667,16.616458333333334,2.1795652173913043,,21.848125,77.11583333333333,27.782916666666665,26.6975,,14.625,0.0
2017-12-11,16.58125,22.569166666666664,2.810416666666667,,39.15416666666667,68.88416666666667,29.8475,44.71958333333333,,19.625,0.0
2017-12-12,12.479999999999999,21.854166666666668,1.4962499999999999,,34.32875,85.22416666666668,24.569999999999997,20.784583333333334,,13.625,4.2
2017-12-13,21.169583333333332,26.255,2.25,,47.428333333333335,69.98625,26.260833333333334,23.837083333333336,,20.541666666666668,0.0
2017-12-14,19.069166666666668,32.015,4.41375,,51.084583333333335,64.59083333333334,28.500416666666666,39.15291666666666,,22.75,0.0
2017-12-15,18.763333333333332,34.07958333333333,3.8466666666666662,,52.842083333333335,70.32416666666667,29.01875,33.93125,,23.625,0.0
2017-12-16,9.458333333333334,31.483333333333334,1.94625,,40.96,75.41916666666667,28.720416666666665,47.322916666666664,,23.833333333333332,0.0
2017-12-17,11.465625000000001,36.43083333333333,3.885294117647059,,47.894375,65.59916666666666,32.127500000000005,26.16416666666667,,21.25,3.0
2017-12-18,11.272916666666667,23.651875,10.056363636363637,,34.923125,63.04125,31.852083333333336,41.8625,,17.25,0.0
2017-12-19,8.260208333333333,19.868541666666665,2.0216666666666665,,28.119791666666668,74.83375,30.10166666666667,35.42395833333333,0.39166666666666666,21.958333333333332,0.2
2017-12-20,18.809583333333332,31.93625,2.416944444444445,,50.7225,68.39458333333333,31.4175,44.64458333333334,0.42208333333333337,37.458333333333336,0.0
2017-12-21,17.7625,28.755416666666665,6.177499999999999,,46.51583333333334,80.38708333333334,28.568749999999998,33.905833333333334,0.4116666666666667,32.166666666666664,30.799999999999997
2017-12-22,26.42625,45.89541666666667,3.0620833333333333,,72.3125,79.67083333333333,28.384583333333335,24.01125,0.6208333333333333,32.583333333333336,0.4
2017-12-23,18.825625,35.34645833333334,2.3387499999999997,,54.11958333333334,69.79708333333333,31.88083333333333,35.307916666666664,0.6029166666666667,31.166666666666668,7.800000000000001
2017-12-24,5.495833333333334,27.495,3.6633333333333336,,32.989583333333336,68.06791666666666,32.54125,47.66375,0.5095833333333334,21.833333333333332,0.0
2017-12-25,3.4270833333333335,18.592916666666667,0.7441666666666666,,22.020416666666666,72.84458333333333,31.5925,54.95875,0.4504166666666667,26.833333333333332,4.199999999999999
2017-12-26,10.969583333333333,24.119583333333335,1.8491666666666668,,35.09083333333333,84.35875,28.61125,34.4475,0.4283333333333333,22.333333333333332,5.6
2017-12-27,17.972916666666666,29.02875,3.93375,,47.00125,79.78625,29.69125,27.512916666666666,0.4475,30.166666666666668,0.0
2017-12-28,12.912291666666667,24.633333333333336,2.3279166666666664,,37.54354166666666,87.59791666666666,28.400833333333335,11.874166666666667,0.4366666666666667,26.0,3.8
2017-12-29,19.506666666666664,32.08375,0.8695833333333334,,51.59625,87.72958333333334,28.199166666666667,19.657083333333333,0.4975,29.791666666666668,2.8000000000000003
2017-12-30,10.80625,32.79625,2.138333333333333,,43.606249999999996,82.06583333333333,28.173333333333332,26.2,0.5358333333333333,24.0,6.3999999999999995
2017-12-31,7.414583333333333,21.782083333333333,1.2383333333333333,,29.19541666666667,67.92416666666666,30.549583333333334,34.598333333333336,0.5133333333333333,22.625,0.6000000000000001
2018-01-01,6.180833333333333,19.207083333333333,3.1533333333333338,,25.390833333333333,64.47375000000001,32.13666666666666,43.94375,0.4779166666666667,54.625,0.0
2018-01-02,20.348125,27.839583333333334,0.6933333333333334,,48.210625,67.68291666666667,32.7625,29.925,0.44083333333333335,25.384615384615383,5.2
2018-01-03,14.792916666666665,22.974166666666665,1.908125,,37.764583333333334,69.898,31.11791666666667,30.347083333333334,0.39208333333333334,21.791666666666668,35.4
2018-01-04,7.595416666666666,14.869166666666667,0.305,,22.455833333333334,83.27909090909091,27.71666666666667,28.813333333333333,0.29333333333333333,18.458333333333332,6.2
2018-01-05,13.634166666666665,33.1625,2.428541666666667,,46.79458333333333,86.56104166666667,27.16541666666667,31.882499999999997,0.48374999999999996,22.625,15.200000000000001
2018-01-06,13.033333333333333,29.79041666666667,1.5791666666666666,,42.81708333333333,80.70375,29.62125,28.88875,0.61625,24.041666666666668,0.4
2018-01-07,4.321458333333333,22.419166666666666,3.0260416666666665,,26.739375,91.77166666666666,26.034583333333334,36.65375,0.5320833333333334,16.666666666666668,103.0
2018-01-08,12.539583333333333,29.482083333333335,2.4214583333333333,,42.01958333333334,85.11636363636363,26.404583333333335,32.07666666666667,0.49416666666666664,15.75,32.0
2018-01-09,13.941249999999998,24.852083333333336,3.3377083333333335,,38.78791666666667,72.52411764705883,29.6975,36.855,0.5045833333333333,27.041666666666668,0.0
2018-01-10,16.10125,19.780416666666667,3.231666666666667,,35.88291666666667,72.1575,31.065833333333334,34.29,0.44875,21.75,0.0
2018-01-11,16.662916666666668,25.83458333333333,6.246458333333333,,42.4825,68.30541666666666,31.83458333333333,45.44416666666667,0.4592708333333333,30.083333333333332,0.0
2018-01-12,18.345416666666665,32.19375,5.367916666666667,,50.54083333333333,75.45625,30.0575,40.24791666666667,0.48718750000000005,31.375,0.2
2018-01-13,9.455833333333333,27.187916666666666,3.8579166666666667,,36.63625,71.91291666666667,30.13625,38.356249999999996,0.5029166666666667,25.416666666666668,4.2
2018-01-14,6.211666666666667,18.068749999999998,2.6264583333333333,,24.247500000000002,65.48208333333334,30.890833333333333,38.44625,0.48583333333333334,18.291666666666668,0.2
2018-01-15,16.97125,27.444166666666664,2.281041666666667,,44.442499999999995,57.40958333333333,32.369166666666665,36.52,0.4816666666666667,19.75,0.0
2018-01-16,12.97375,24.104583333333334,2.486666666666667,,37.093333333333334,54.6275,33.245416666666664,63.672083333333326,0.45875,18.583333333333332,0.0
2018-01-17,15.15125,33.47416666666667,3.551458333333333,,48.63999999999999,64.73083333333334,33.19958333333333,59.642500000000005,0.5670833333333333,34.125,0.0
2018-01-18,17.690625,25.9,1.14,,43.60375,53.463750000000005,35.27458333333333,38.71958333333333,0.5695833333333333,31.875,0.0
2018-01-19,6.495833333333334,17.958333333333332,0.22133333333333335,,24.4575,68.37166666666667,33.520833333333336,64.72875,0.46125,32.0,0.0
2018-01-20,3.4933333333333336,16.762916666666666,3.0277083333333334,,20.257083333333334,80.83208333333333,30.049166666666665,47.10125,0.4825,23.625,25.4
2018-01-21,5.007083333333333,23.327916666666667,1.9018750000000002,,28.33458333333333,78.14333333333333,30.415000000000003,53.35833333333333,0.5820833333333334,31.166666666666668,0.0
2018-01-22,10.301666666666668,26.865416666666665,2.014375,,37.16375,71.31916666666667,31.480416666666667,52.40833333333333,0.5593750000000001,32.416666666666664,4.2
2018-01-23,20.758125,30.689166666666665,0.7712499999999999,,51.459375,62.42125000000001,33.06583333333334,49.215833333333336,0.5204166666666666,24.875,0.0
2018-01-24,11.691250000000002,26.359583333333333,2.3245833333333334,,38.05041666666667,59.64041666666666,34.01375,45.50125,0.5266666666666667,31.666666666666668,0.0
2018-01-25,6.80125,20.847916666666666,4.1154166666666665,,27.65041666666667,68.22458333333333,32.42041666666667,39.208333333333336,0.5716666666666667,30.875,0.0
2018-01-26,7.968125000000001,15.075625,1.3141666666666667,,23.043750000000003,85.65541666666667,29.0575,29.609166666666667,0.45249999999999996,18.583333333333332,39.400000000000006
2018-01-27,10.227083333333335,15.760416666666666,0.8697916666666666,,25.986666666666668,90.58,27.093333333333334,15.635416666666666,0.4675,19.125,2.0
2018-01-28,5.704166666666667,17.05375,2.7570833333333336,,22.756249999999998,74.43041666666666,30.1425,34.22125,0.5166666666666667,23.958333333333332,0.0
2018-01-29,17.130416666666665,25.875416666666666,1.2772916666666667,,43.00583333333333,76.04125,30.332083333333333,13.496470588235294,0.509,25.666666666666668,0.0
2018-01-30,10.297222222222222,29.646666666666665,1.4372916666666666,,39.946666666666665,97.609375,25.240416666666665,14.371249999999998,0.29833333333333334,13.75,29.400000000000006
2018-01-31,17.896041666666665,21.773958333333336,1.3677777777777778,,39.69979166666666,80.22333333333333,27.925416666666667,18.925833333333333,0.21020833333333333,15.052631578947368,8.2
2018-02-01,25.025666666666666,21.933333333333334,,,46.955,80.215,28.248333333333335,18.505,0.2525,13.041666666666666,0.2
2018-02-02,14.944166666666668,21.134583333333335,,,36.078125,76.01,28.84875,18.528333333333332,0.27666666666666667,15.75,0.0
2018-02-03,9.776666666666666,17.271666666666665,,,27.048333333333332,78.66125,28.89375,21.1275,0.24958333333333335,12.583333333333334,1.0
2018-02-04,3.7135416666666665,16.16125,,,19.8725,72.12375,27.61916666666667,30.92375,0.20166666666666666,15.0,0.0
2018-02-05,20.56,32.068,,,52.626999999999995,91.75999999999999,24.324375,9.518181818181818,0.41208333333333336,20.020833333333332,4.6000000000000005
2018-02-06,7.751428571428571,24.560714285714287,,,32.315,85.77666666666666,26.531666666666666,37.86642857142857,0.375,20.291666666666668,5.4
2018-02-07,13.483541666666667,23.551875,,,37.037083333333335,85.52333333333333,27.759583333333335,20.25583333333333,0.3279166666666667,16.333333333333332,0.4
2018-02-08,22.140833333333333,25.59166666666667,,,47.73333333333334,76.31083333333333,29.695833333333336,30.88208333333333,0.34541666666666665,23.333333333333332,0.0
2018-02-09,34.8525,42.873333333333335,,,77.69708333333334,69.49458333333332,31.927083333333332,49.57833333333334,0.3758333333333333,33.791666666666664,0.0
2018-02-10,12.434583333333334,32.42541666666667,,,44.85583333333333,68.44541666666667,33.403749999999995,37.015,0.40291666666666665,31.208333333333332,2.6000000000000005
2018-02-11,4.302708333333333,25.222083333333334,,,29.527083333333334,64.25458333333333,33.70041666666666,49.82,0.33749999999999997,21.041666666666668,0.0
2018-02-12,3.9747916666666665,18.58625,,,22.558333333333334,60.5225,34.305416666666666,64.65958333333333,0.27458333333333335,22.416666666666668,0.0
2018-02-13,3.234166666666667,21.09625,,,24.329791666666665,82.58427083333333,29.722916666666666,36.97083333333333,0.23375,23.041666666666668,1.2
2018-02-14,8.697395833333333,21.923333333333332,,,30.6178125,87.51447916666666,27.829166666666666,37.26375,0.1825,11.916666666666666,82.50000000000001
2018-02-15,10.674479166666666,20.554583333333333,,,31.2240625,83.36583333333333,27.865416666666665,28.0825,0.21458333333333335,18.208333333333332,1.2
2018-02-16,9.199583333333333,22.63083333333333,,,31.831875,83.45833333333333,28.97083333333333,24.420833333333334,0.2725,22.916666666666668,0.0
2018-02-17,13.485,27.28833333333333,,,40.78875,77.45291666666667,29.472916666666666,33.635416666666664,0.3875,26.708333333333332,0.0
2018-02-18,5.223333333333334,20.738333333333333,,,25.961250000000003,80.20125,29.125416666666666,32.35958333333333,0.37041666666666667,19.0,0.6
2018-02-19,18.67195652173913,36.73434782608695,,,55.369782608695644,79.67958333333333,29.71666666666667,44.68125,0.5025000000000001,27.270833333333332,0.2
2018-02-20,25.8735,36.723,,,62.5905,70.11541666666666,32.03791666666667,25.4575,0.3425,23.958333333333332,0.0
2018-02-21,12.6084375,31.81302083333333,,,44.41229166666667,73.68124999999999,31.879166666666666,27.55125,0.3075,21.458333333333332,11.4
2018-02-22,10.02375,27.859305555555554,,,37.88361111111111,82.359375,30.327916666666667,38.63125,0.40875,16.5,1.0
2018-02-23,15.598958333333334,33.318333333333335,,,48.976875,93.35583333333334,26.787916666666664,21.93541666666667,0.4683333333333333,16.666666666666668,13.4
2018-02-24,18.646666666666665,31.034583333333334,,,49.67958333333333,87.79875,26.735416666666666,22.015,0.5345833333333333,21.583333333333332,2.8
2018-02-25,16.531875,24.696250000000003,,,41.22875,80.04833333333333,28.055833333333336,27.790000000000003,0.6254166666666666,27.166666666666668,0.0
2018-02-26,31.28333333333333,38.343333333333334,,,69.59916666666668,81.135,29.062083333333334,25.114583333333332,0.5666666666666667,28.583333333333332,1.6
2018-02-27,11.629166666666668,33.22416666666667,,,44.852916666666665,86.27583333333332,28.18166666666667,23.319166666666664,0.5354166666666667,21.375,3.8
2018-02-28,13.799999999999999,29.740416666666665,,,43.535,80.106875,29.784583333333334,39.58208333333334,0.55625,23.5,0.0
2018-03-01,16.11375,28.97458333333333,,,45.0875,79.39541666666666,30.167083333333334,35.733333333333334,0.5854166666666667,31.333333333333332,0.0
2018-03-02,17.746666666666666,31.040833333333335,,,48.784166666666664,79.19833333333334,31.324583333333333,38.15875,0.6404166666666666,36.666666666666664,0.0
2018-03-03,6.501041666666667,24.253125,,,30.757083333333338,78.6875,31.20875,46.73666666666667,0.6575,29.75,2.2
2018-03-04,4.169791666666667,19.4225,,,23.592708333333334,81.87958333333333,30.7025,36.557916666666664,0.5620833333333334,25.75,0.0
2018-03-05,13.075625,22.77208333333333,,,35.83979166666666,78.935,31.005,34.44041666666667,0.5650000000000001,24.875,0.0
2018-03-06,25.109285714285715,25.208571428571428,,,50.31392857142857,76.81458333333333,31.188333333333333,29.257500000000004,0.5325,26.416666666666668,0.0
2018-03-07,11.14,26.68625,,,37.80875,79.13375,30.294583333333332,33.955,0.5287499999999999,25.416666666666668,2.2
2018-03-08,10.659166666666666,33.604375,,,44.26479166666667,97.55068181818181,26.365416666666665,16.6475,0.5904166666666667,13.666666666666666,24.800000000000004
2018-03-09,16.85625,32.910833333333336,,,49.76541666666666,86.42476190476191,26.59,18.3775,0.6062500000000001,19.666666666666668,3.4000000000000004
2018-03-10,18.554583333333333,27.450833333333335,,,45.995416666666664,80.33666666666666,28.77333333333333,32.30375,0.6054166666666666,26.875,1.2
2018-03-11,7.02,18.19333333333333,,,25.21166666666667,80.78631578947369,29.41208333333333,26.12875,0.600625,18.0,0.6000000000000001
2018-03-12,14.8575,27.30875,,,42.1625,66.43291666666667,31.855833333333333,40.20291666666667,0.6491666666666667,26.041666666666668,0.0
2018-03-13,16.353333333333335,33.998958333333334,,,50.35520833333334,80.82791666666667,29.983333333333334,36.01083333333333,0.6979166666666666,31.625,0.0
2018-03-14,24.15354166666667,41.91520833333333,,,66.076875,72.90083333333334,32.79333333333333,49.25208333333333,0.75,41.916666666666664,0.0
2018-03-15,18.626875000000002,36.66375,,,55.2825,73.22666666666667,32.93666666666667,41.67041666666667,0.6341666666666667,30.333333333333332,2.4
2018-03-16,8.105416666666667,22.976041666666664,,,31.080416666666665,75.04541666666667,32.55708333333333,42.36416666666667,0.24250000000000002,26.75,4.6
2018-03-17,11.495,23.789583333333336,,,35.28458333333334,79.50083333333333,29.62708333333333,42.01625,0.25708333333333333,30.0,0.0
2018-03-18,9.4825,28.222083333333334,,,37.70333333333333,76.56708333333333,30.855416666666667,40.14958333333333,0.36874999999999997,35.166666666666664,0.0
2018-03-19,13.030000000000001,34.255833333333335,,,47.28729166666667,67.06458333333333,33.495416666666664,35.60958333333333,0.36125,33.541666666666664,0.0
2018-03-20,5.402291666666667,27.815416666666668,,,33.198541666666664,74.42569444444445,32.64958333333333,50.98291666666666,0.3275,39.375,9.6
2018-03-21,6.6812499999999995,23.813333333333333,,,30.49,84.28888888888889,29.217916666666667,41.731249999999996,0.17958333333333332,18.416666666666668,1.0
2018-03-22,16.714583333333334,31.99291666666667,,,48.70708333333334,94.63208333333334,27.325,15.908958333333333,0.19791666666666666,14.041666666666666,14.0
2018-03-23,18.752083333333335,34.08583333333333,,,52.838750000000005,81.12416666666667,30.89708333333333,40.1071875,0.24833333333333332,27.166666666666668,0.0
2018-03-24,12.39875,28.964166666666667,,,41.34708333333334,68.85333333333334,31.77125,31.429895833333333,0.21708333333333332,25.458333333333332,0.0
2018-03-25,9.609583333333333,26.11583333333333,,,35.725833333333334,63.403333333333336,32.26208333333333,21.5975,0.23875000000000002,23.208333333333332,0.0
2018-03-26,19.377916666666668,31.501388888888886,,,50.90083333333333,67.53791666666667,32.31791666666667,31.830833333333334,0.21666666666666667,29.791666666666668,0.0
2018-03-27,18.941041666666667,33.06652777777778,,,52.01,73.97833333333334,31.125416666666666,42.343333333333334,0.21583333333333332,35.333333333333336,0.0
2018-03-28,17.145416666666666,33.17854166666667,,,50.314375000000005,71.63916666666667,30.960416666666664,39.65208333333333,0.22687500000000002,38.833333333333336,0.0
2018-03-29,21.965416666666666,33.43875,1.4485714285714286,,55.38041666666666,69.22958333333334,30.471249999999998,30.72083333333333,0.18666666666666668,26.958333333333332,0.0
2018-03-30,5.2179166666666665,24.031666666666666,1.1454166666666665,,29.249166666666667,68.20125,30.72083333333333,36.66708333333333,0.19791666666666666,26.5,0.0
2018-03-31,12.899583333333332,29.595416666666665,1.6479166666666665,,42.50208333333334,66.92583333333333,31.47583333333333,33.39208333333333,0.25125000000000003,29.875,0.0
2018-04-01,7.3875,30.6925,2.8095833333333338,,38.081250000000004,65.92791666666666,32.00208333333333,29.36375,0.31583333333333335,32.875,0.0
2018-04-02,19.041666666666668,31.649583333333336,0.5116666666666667,,50.687083333333334,67.57333333333334,31.4675,30.540000000000003,0.31416666666666665,28.125,1.2
2018-04-03,8.916458333333333,24.724375,0.30875,,33.635,79.1928947368421,29.593333333333334,35.83166666666666,0.26,18.375,60.2
2018-04-04,17.934166666666666,25.91333333333333,0.9220833333333333,,43.85166666666667,83.65347826086956,28.084999999999997,22.555000000000003,0.22416666666666665,18.25,0.0
2018-04-05,14.265208333333334,26.077291666666667,2.092916666666667,,40.343125,81.68666666666667,28.705833333333334,29.551666666666666,0.21458333333333335,23.958333333333332,0.0
2018-04-06,12.580416666666666,22.465833333333336,0.2875,,35.05583333333333,81.07166666666667,28.904583333333335,21.881249999999998,0.19000000000000003,16.958333333333332,0.0
2018-04-07,24.54625,28.317083333333333,0.45333333333333337,,52.870416666666664,82.18541666666667,28.79875,19.776666666666667,0.27375,22.291666666666668,0.0
2018-04-08,8.311875,19.179583333333333,0.4558333333333333,,27.49145833333333,78.5925,28.885833333333334,28.362916666666667,0.24791666666666667,18.57894736842105,0.0
2018-04-09,22.698125,27.74020833333333,2.2647826086956524,,50.45458333333334,73.30875,29.0925,35.128750000000004,0.21375,18.291666666666668,0.0
2018-04-10,23.224166666666665,30.789166666666663,0.4925,,54.013749999999995,71.28333333333333,28.653750000000002,29.74,0.25166666666666665,20.875,0.0
2018-04-11,25.86125,34.135416666666664,0.9483333333333333,,60.00666666666667,71.92541666666666,28.588333333333335,24.28708333333333,0.29375,22.833333333333332,0.0
2018-04-12,29.913749999999997,46.50083333333333,5.564166666666666,,76.40916666666666,74.84083333333334,28.847916666666666,20.485416666666666,0.425,38.291666666666664,0.0
2018-04-13,30.0825,40.093125,0.9458333333333333,,70.17541666666666,70.49708333333334,30.97,15.069583333333334,0.42625,34.0,0.0
2018-04-14,5.601041666666667,21.725416666666664,0.62125,,27.325833333333332,86.01333333333334,28.652083333333334,41.696666666666665,0.23166666666666666,24.083333333333332,0.0
2018-04-15,7.4695833333333335,23.285833333333333,0.48458333333333337,,30.758750000000003,88.57291666666667,26.26,19.284166666666668,0.28625,14.791666666666666,13.2
2018-04-16,19.260625,24.395625,0.6858333333333334,,43.65770833333334,87.37020833333334,25.157083333333333,18.34,0.20541666666666666,16.416666666666668,4.800000000000001
2018-04-17,27.715416666666666,29.41270833333333,0.7116666666666668,,57.100208333333335,74.76708333333333,26.125833333333333,17.940833333333334,0.25333333333333335,19.458333333333332,4.8
2018-04-18,33.393157894736845,39.54210526315789,2.0608333333333335,,72.96368421052631,71.02041666666666,26.636666666666667,22.786666666666665,0.29625,23.708333333333332,0.0
2018-04-19,34.13458333333333,41.36958333333333,1.9783333333333333,,75.50541666666668,66.67999999999999,27.666666666666668,27.46375,0.3183333333333333,26.458333333333332,0.0
2018-04-20,27.163958333333337,34.4075,2.247916666666667,,61.548750000000005,74.91333333333334,27.390833333333333,41.68208333333333,0.3179166666666667,27.458333333333332,0.0
2018-04-21,4.679583333333333,29.90895833333333,1.5108333333333333,,34.586666666666666,82.16541666666667,26.47458333333333,50.81333333333333,0.3875,31.791666666666668,0.0
2018-04-22,6.81125,28.43958333333333,3.8375000000000004,,35.250416666666666,71.92,27.75125,40.68208333333333,0.34708333333333335,27.625,0.0
2018-04-23,11.2475,31.5575,2.1483333333333334,,42.80458333333333,74.82125,27.631666666666664,27.251666666666665,0.3804166666666666,28.666666666666668,0.0
2018-04-24,25.732083333333335,31.844166666666666,2.67625,,57.57958333333334,74.43083333333333,28.857083333333335,28.5675,0.3279166666666667,27.458333333333332,0.0
2018-04-25,25.116666666666664,38.53666666666667,1.6529166666666668,,63.52458333333333,77.68666666666667,28.669166666666666,30.855416666666667,0.3970833333333334,32.625,0.0
2018-04-26,21.967916666666667,40.590833333333336,3.285,,62.557916666666664,79.88416666666667,28.49416666666667,36.28666666666667,0.44249999999999995,41.833333333333336,0.0
2018-04-27,23.719791666666666,41.396458333333335,4.559583333333333,,65.11416666666666,79.49499999999999,28.70625,29.726249999999997,0.4608333333333334,44.791666666666664,0.0
2018-04-28,16.402083333333334,36.04666666666667,4.513333333333333,,52.44958333333333,75.25583333333334,29.444166666666664,36.71333333333333,0.3875,33.75,0.0
2018-04-29,5.847291666666667,28.952708333333334,5.639583333333333,,34.799166666666665,71.6075,28.69333333333333,38.36708333333333,0.37958333333333333,27.958333333333332,0.0
2018-04-30,29.50125,45.40875,0.7633333333333333,,74.92125,66.94208333333333,28.695833333333336,19.325833333333332,0.4970833333333333,33.583333333333336,0.0
2018-05-01,6.0475,24.829166666666666,2.0100000000000002,,30.87625,73.51541666666667,28.35083333333333,50.38916666666666,0.3620833333333333,28.625,0.0
2018-05-02,17.546842105263156,34.286578947368426,0.8852777777777777,,51.82421052631579,82.9675,27.417083333333334,30.79625,0.40041666666666664,30.458333333333332,0.0
2018-05-03,21.975416666666664,36.99458333333333,0.2768055555555556,,58.962916666666665,79.81541666666666,27.785833333333333,19.23875,0.40875,28.958333333333332,0.0
2018-05-04,28.420833333333334,46.5975,2.4033333333333333,,75.00791666666667,71.59458333333333,28.97875,31.37375,0.5316666666666666,37.625,0.0
2018-05-05,12.442708333333334,35.785000000000004,3.4516666666666667,,48.226875,73.05083333333333,29.26,37.41625,0.4725,33.125,0.0
2018-05-06,3.5064583333333332,27.118958333333335,2.2575,,30.625833333333333,85.72541666666666,27.169583333333335,49.907916666666665,0.435625,39.083333333333336,0.0
2018-05-07,7.575208333333333,28.262708333333332,1.4208333333333334,,35.83645833333333,87.59208333333333,26.700416666666666,33.839999999999996,0.34541666666666665,21.791666666666668,2.0
2018-05-08,22.4475,33.38041666666667,1.1783333333333335,,55.82916666666666,95.24875000000002,24.25375,13.0,0.465,19.916666666666668,6.199999999999999
2018-05-09,31.234583333333333,31.507500000000004,0.29363636363636364,,62.739583333333336,78.95083333333334,25.275000000000002,19.600416666666668,0.42791666666666667,23.583333333333332,0.6000000000000001
2018-05-10,18.240833333333335,39.440416666666664,5.584347826086956,,57.63333333333333,68.89625,26.558333333333334,24.69458333333333,0.42250000000000004,27.958333333333332,0.0
2018-05-11,47.12416666666667,47.48374999999999,2.0795833333333333,,94.52375,67.61083333333333,27.519583333333333,16.152083333333334,0.6104166666666667,37.875,0.0
2018-05-12,12.829583333333334,28.99083333333333,0.5205,,41.8225,71.64375,28.464583333333334,35.73083333333333,0.45625000000000004,34.041666666666664,0.0
2018-05-13,2.0392083333333333,12.752291666666666,0.84875,,14.794125,83.16666666666667,25.949583333333333,43.6675,0.3045833333333334,21.875,0.0
2018-05-14,11.355583333333334,30.345,3.066923076923077,,41.70733333333333,78.87166666666667,26.284166666666668,31.401666666666667,0.3870833333333333,23.791666666666668,0.0
2018-05-15,37.60125,41.165,5.039791666666667,,78.80875,70.80416666666666,27.605,22.608333333333334,0.5675,31.958333333333332,0.0
2018-05-16,12.828125,27.137916666666666,1.0604166666666666,,39.95333333333333,72.0725,28.737083333333334,42.30708333333333,0.4379166666666667,26.291666666666668,0.0
2018-05-17,12.456041666666666,32.87770833333334,0.62625,,45.337291666666665,87.91473684210526,25.13083333333333,27.912916666666664,0.49833333333333335,20.25,11.0
2018-05-18,35.139375,45.87291666666667,5.986249999999999,,81.02125,76.38208333333334,27.55541666666667,22.71083333333333,0.60375,34.25,4.6
2018-05-19,25.38875,35.8075,1.3033333333333335,,61.19291666666667,79.513125,26.530416666666667,14.925416666666665,0.5604166666666667,31.75,16.4
2018-05-20,10.23,25.656666666666666,1.3483333333333334,,35.887708333333336,76.45375,23.480833333333333,33.115833333333335,0.3445833333333333,21.375,4.4
2018-05-21,29.347083333333334,37.68666666666667,1.5441666666666667,,67.045,71.2225,22.152083333333334,29.804583333333337,0.44333333333333336,28.333333333333332,0.0
2018-05-22,39.503750000000004,55.71791666666667,8.750833333333334,,95.21625,70.875,22.883750000000003,30.87375,0.5883333333333333,45.208333333333336,0.0
2018-05-23,14.294791666666667,36.14729166666667,2.629583333333333,,50.44166666666666,84.53041666666667,22.92625,41.01208333333333,0.41,41.166666666666664,0.0
2018-05-24,21.36916666666667,38.303125,1.0866666666666667,,59.673125,81.13166666666667,24.11916666666667,34.754583333333336,0.4708333333333334,34.583333333333336,0.0
2018-05-25,20.505625,30.75125,3.965,,51.2575,81.56666666666666,23.915000000000003,36.24125,0.44916666666666666,35.333333333333336,0.0
2018-05-26,7.6847916666666665,31.563125,3.736666666666667,,39.2475,74.06291666666667,24.90833333333333,36.468333333333334,0.41291666666666665,27.458333333333332,0.0
2018-05-27,9.075000000000001,29.121458333333333,1.2408333333333335,,38.195625,73.39125,24.62291666666667,33.71458333333333,0.435,26.166666666666668,0.0
2018-05-28,21.449583333333333,31.644166666666667,3.9304166666666664,,53.09583333333333,76.3975,24.479166666666668,23.05,0.4529166666666667,30.083333333333332,0.0
2018-05-29,24.3,34.42333333333333,6.560416666666668,,58.72208333333333,71.03291666666667,25.638333333333335,30.71291666666667,0.35000000000000003,26.208333333333332,0.0
2018-05-30,24.669583333333335,40.09041666666667,2.2270833333333333,,64.75541666666668,76.32166666666667,24.175,20.399583333333332,0.47770833333333335,33.541666666666664,0.0
2018-05-31,17.669999999999998,38.84583333333333,5.398333333333333,,56.51624999999999,75.88958333333333,25.48166666666667,30.724166666666665,0.5591666666666667,47.25,0.0
2018-06-01,44.240833333333335,44.67541666666667,2.8249999999999997,,88.91708333333334,62.38708333333333,27.12291666666667,16.364583333333332,0.6633333333333333,42.083333333333336,0.0
2018-06-02,34.26083333333333,47.34041666666667,2.3033333333333332,,81.60208333333334,59.74625,27.871666666666666,21.425416666666667,0.8275,57.916666666666664,0.0
2018-06-03,2.6108333333333333,21.801875,0.23291666666666666,,24.413541666666664,90.83479166666666,23.5625,41.4125,0.31875000000000003,30.708333333333332,11.2
2018-06-04,11.878124999999999,31.67895833333333,0.09875,,43.53354166666667,93.24645833333334,21.437916666666666,30.111666666666665,0.33,13.958333333333334,1.6
2018-06-05,47.33166666666667,49.09375,2.8212499999999996,,96.44291666666668,89.18333333333334,22.065416666666668,10.987916666666665,0.5641666666666667,32.416666666666664,1.6
2018-06-06,10.21375,28.424166666666665,0.32666666666666666,,38.63791666666667,79.74625,24.885833333333334,26.213333333333335,0.36833333333333335,22.833333333333332,0.0
2018-06-07,27.64375,45.71041666666667,1.72875,,73.35020833333333,92.29260869565218,24.087500000000002,11.6825,0.6141666666666666,41.041666666666664,8.0
2018-06-08,12.334166666666667,38.27375,0.54625,,50.60708333333333,92.4625,22.444999999999997,16.22375,0.4741666666666667,24.375,0.4
2018-06-09,12.357083333333334,40.765,5.925833333333333,,53.122083333333336,82.28125,23.282916666666665,19.473333333333333,0.5458333333333333,33.208333333333336,0.0
2018-06-10,21.72791666666667,41.653333333333336,4.24125,,63.38333333333333,79.22,25.795,23.22875,0.7625000000000001,36.416666666666664,0.0
2018-06-11,59.62583333333333,58.12375,0.79,,117.75291666666668,76.53583333333333,26.82041666666667,11.139166666666666,1.09,58.708333333333336,0.0
2018-06-12,34.47208333333334,47.50666666666667,2.9007692307692308,,81.96375,64.99833333333333,29.489583333333332,20.435416666666665,0.7362500000000001,43.791666666666664,0.0
2018-06-13,20.525000000000002,49.497083333333336,4.37125,,70.02104166666668,74.6825,28.393333333333334,48.42041666666666,0.5991666666666667,46.916666666666664,0.0
2018-06-14,3.92,26.001458333333332,1.2920833333333333,,29.900208333333335,94.90217391304348,22.950833333333335,41.82181818181818,0.36333333333333334,19.5,8.8
2018-06-15,20.339166666666667,39.40979166666667,0.7121052631578947,,59.73895833333333,92.16799999999999,21.652916666666666,,0.48770833333333335,16.041666666666668,18.4
2018-06-16,8.161666666666667,32.265625,3.30125,,40.42875,97.25428571428571,22.03916666666667,,0.46625,14.166666666666666,3.0
2018-06-17,11.864375,26.04375,3.4795833333333337,,37.91,89.455,23.491666666666664,21.365454545454547,0.5379166666666667,17.833333333333332,0.0
2018-06-18,22.152708333333333,36.25666666666667,2.747916666666667,,58.39958333333333,84.13714285714286,23.360416666666666,13.140833333333333,0.49625,15.666666666666666,3.4
2018-06-19,21.940625,39.528124999999996,5.64875,,61.46875,82.63541666666667,23.659583333333334,17.64638888888889,0.4922916666666666,23.5,0.0
2018-06-20,43.99,43.094166666666666,4.465833333333333,,87.08333333333333,77.74208333333333,23.868750000000002,,0.5729166666666666,30.791666666666668,0.0
2018-06-21,56.81166666666667,50.50208333333333,5.347916666666666,,107.30833333333334,76.32041666666667,24.842916666666667,,0.7933333333333333,47.541666666666664,0.0
2018-06-22,26.698333333333334,46.85583333333333,3.2825,,73.550625,71.645,25.86791666666667,,0.6766666666666667,41.791666666666664,0.0
2018-06-23,14.652708333333335,62.86333333333334,9.93625,,77.515,71.4225,26.543333333333333,,0.9404166666666667,75.58333333333333,0.0
2018-06-24,13.014166666666666,44.17541666666667,6.314583333333334,,57.18666666666667,60.805416666666666,28.764166666666668,,0.7541666666666668,48.458333333333336,0.0
2018-06-25,19.138333333333332,52.66708333333333,6.46875,,71.80354166666667,80.08208333333333,26.18041666666667,,0.6366666666666667,58.833333333333336,0.0
2018-06-26,29.8075,52.25875,4.795833333333333,,82.07375,59.112500000000004,28.0625,,0.62,41.958333333333336,0.0
2018-06-27,16.588333333333335,39.30583333333333,2.5620833333333333,,55.89416666666667,86.18374999999999,23.96291666666667,,0.5445833333333333,46.458333333333336,0.0
2018-06-28,34.80291666666667,54.645833333333336,11.934166666666668,,89.45208333333333,74.21708333333333,25.556250000000002,,0.72625,61.791666666666664,0.0
2018-06-29,38.56,49.67333333333334,9.510416666666666,,88.22874999999999,67.4875,25.522916666666664,,0.5641666666666666,39.541666666666664,0.0
2018-06-30,21.149583333333336,42.545833333333334,4.0200000000000005,,63.69,69.89041666666667,26.119583333333335,,0.6779166666666666,39.833333333333336,0.0
2018-07-01,19.446666666666665,33.673125,4.682916666666666,,53.12104166666666,85.12291666666667,24.409166666666664,,0.7427083333333333,52.041666666666664,0.0
2018-07-02,38.75875,58.47083333333333,25.371666666666666,,97.26541666666667,71.14375,26.62875,,0.795,67.0,0.0
2018-07-03,21.546875,37.313125,4.404117647058824,,58.871874999999996,74.7075,26.248333333333335,,0.5345833333333333,43.791666666666664,4.2
2018-07-04,27.800625,40.786875,2.4484615384615385,,68.58479166666666,90.73104166666667,24.267083333333332,,0.5962500000000001,24.541666666666668,5.4
2018-07-05,31.560416666666665,50.380833333333335,3.2745833333333336,,81.94333333333333,79.53083333333333,26.202083333333334,30.19,0.5513333333333333,51.208333333333336,0.0
2018-07-06,53.21041666666667,43.25604166666667,7.465833333333333,,96.464375,81.06958333333334,25.776666666666667,37.88166666666667,0.52,57.0,0.0
2018-07-07,8.261666666666667,45.78958333333333,8.35,,54.05041666666667,79.54875,25.800833333333333,52.10333333333333,0.5854166666666667,68.875,0.0
2018-07-08,27.615624999999998,44.89541666666667,7.199166666666667,,72.51187499999999,58.38583333333333,26.66916666666667,33.66791666666666,0.6887500000000001,56.375,0.0
2018-07-09,22.44020833333333,36.697916666666664,3.452916666666667,,59.13625,74.3875,25.257500000000004,41.705,0.38625,45.875,0.0
2018-07-10,6.3,30.69541666666667,2.7383333333333333,,36.99666666666666,94.95645833333333,20.245833333333334,25.62625,0.18833333333333335,15.136363636363637,20.6
2018-07-11,18.175208333333334,31.514166666666668,4.357916666666667,,49.690625000000004,78.64333333333333,20.334166666666665,23.776666666666667,0.20333333333333334,26.333333333333332,0.0
2018-07-12,15.636249999999999,34.09708333333334,4.910416666666666,,49.73375000000001,76.50291666666666,20.75583333333333,22.547083333333333,0.25666666666666665,26.333333333333332,0.0
2018-07-13,56.99166666666667,43.31041666666667,6.490833333333334,,100.30624999999999,78.04583333333333,22.11125,22.99416666666667,0.46875,32.81818181818182,0.0
2018-07-14,27.129166666666666,47.739583333333336,6.9070833333333335,,74.86958333333334,79.01416666666667,23.798333333333332,32.02,0.7108333333333333,58.76923076923077,0.0
2018-07-15,37.475833333333334,48.85666666666666,5.28,,86.33083333333333,71.75750000000001,25.63875,22.78125,1.03125,70.125,0.0
2018-07-16,71.21666666666667,60.3725,6.7820833333333335,,131.58124999999998,59.04,26.97375,25.590416666666666,0.8650000000000001,56.625,0.0
2018-07-17,35.38666666666666,40.330416666666665,2.2175,,75.71541666666667,80.14874999999999,24.002499999999998,40.30583333333333,0.6175,56.708333333333336,0.0
2018-07-18,29.133750000000003,49.03,19.35125,,78.14729166666667,78.4375,25.967916666666667,27.344210526315788,0.5091666666666667,59.708333333333336,0.0
2018-07-19,74.57947368421053,57.4078947368421,6.3999999999999995,,131.98947368421054,69.43458333333334,26.832083333333333,24.807083333333335,0.605,50.833333333333336,0.0
2018-07-20,79.24958333333333,58.59916666666667,9.697368421052632,,137.86125,65.34666666666666,27.128333333333334,31.445416666666663,0.8254166666666666,67.41666666666667,0.0
2018-07-21,34.838088235294116,36.67735294117647,3.1616666666666666,,71.51382352941175,70.78416666666666,27.249583333333334,50.468333333333334,0.5675,52.625,0.0
2018-07-22,4.490104166666667,19.025000000000002,4.735,,23.516666666666666,84.02666666666667,25.49875,50.79958333333334,0.4145833333333333,33.166666666666664,0.0
2018-07-23,34.72083333333333,50.0875,9.049999999999999,,84.80458333333333,78.23291666666667,26.341250000000002,30.342916666666667,0.6529166666666667,48.041666666666664,0.0
2018-07-24,14.204583333333334,35.666875,6.377083333333334,,49.87041666666667,87.83625,24.569166666666664,34.51208333333333,0.49583333333333335,47.958333333333336,0.0
2018-07-25,16.1875,35.140625,2.14375,,51.321875,87.02916666666665,24.937916666666666,40.38041666666667,0.44916666666666666,30.958333333333332,0.8
2018-07-26,34.567083333333336,46.8725,7.2375,,81.43541666666667,76.856875,25.470416666666665,27.972083333333334,0.65125,43.083333333333336,0.0
2018-07-27,52.0,58.89541666666667,15.625833333333333,,110.89291666666666,75.948125,25.822083333333335,36.24791666666667,0.6754166666666667,53.458333333333336,0.0
2018-07-28,25.950416666666666,52.64291666666667,9.227500000000001,,78.58916666666666,68.18520833333334,27.16208333333333,32.12,0.7816666666666667,53.041666666666664,0.0
2018-07-29,36.255833333333335,53.134166666666665,5.114999999999999,,89.38916666666667,62.48666666666667,27.824166666666667,26.6975,1.0825,62.0,0.0
2018-07-30,19.460083333333333,35.851,1.4545833333333336,,55.301500000000004,77.51625,25.365,44.72208333333333,0.5983333333333333,43.666666666666664,0.0
2018-07-31,19.521272727272727,42.31981818181818,4.102916666666666,,61.83563636363636,95.22250000000001,23.13,29.806250000000002,0.5558333333333333,35.958333333333336,3.6
2018-08-01,13.072631578947368,42.853157894736846,2.8608333333333333,,55.926842105263155,92.855,21.664583333333336,27.975416666666664,0.5741666666666666,14.875,14.999999999999998
2018-08-02,15.999583333333334,39.026041666666664,0.8966666666666666,,55.02916666666667,92.86888888888888,21.187083333333334,24.532916666666665,0.5716666666666667,11.708333333333334,10.6
2018-08-03,43.153333333333336,55.41416666666667,9.159583333333332,,98.56833333333333,82.091,21.809166666666666,12.77125,0.5499999999999999,22.75,11.0
2018-08-04,14.747916666666667,32.88375,5.595833333333334,,47.63125,84.37428571428572,23.483333333333334,33.4325,0.46208333333333335,20.666666666666668,2.4000000000000004
2018-08-05,8.905416666666666,30.9503125,2.8366666666666664,,39.85697916666667,75.0125,24.122083333333332,40.331250000000004,0.5208333333333334,29.375,0.0
2018-08-06,8.149583333333334,36.70427083333333,1.6766666666666667,,44.85385416666667,95.46666666666667,20.866666666666667,30.332916666666666,0.41208333333333336,19.708333333333332,21.0
2018-08-07,16.69625,42.254583333333336,3.8683333333333336,,58.94375,97.4675,20.445,19.512916666666666,0.47729166666666667,24.833333333333332,3.0
2018-08-08,44.751666666666665,45.375416666666666,3.096458333333333,,90.13083333333333,80.39357142857143,23.69458333333333,21.94875,0.5708333333333333,32.791666666666664,0.0
2018-08-09,59.16857142857143,39.61142857142857,6.325,,98.77928571428572,62.48266666666667,26.805833333333336,28.580416666666668,0.6229166666666667,43.583333333333336,0.0
2018-08-10,7.1075,26.411,1.2939583333333333,,33.51383333333333,83.09041666666667,22.758333333333336,49.041666666666664,0.2625,30.333333333333332,0.0
2018-08-11,5.592291666666667,26.135208333333335,2.5633333333333335,,31.725555555555555,73.10000000000001,22.400833333333335,48.6275,0.34375,26.291666666666668,0.0
2018-08-12,5.2635000000000005,23.4435,4.342083333333333,,28.70675,77.08791666666667,22.3325,46.040416666666665,0.34125,24.791666666666668,0.0
2018-08-13,8.33695652173913,34.965,3.9431249999999998,,43.29978260869565,86.73104166666667,22.12708333333333,36.5125,0.34375,25.583333333333332,0.0
2018-08-14,29.236041666666665,49.58895833333333,6.234999999999999,,78.8225,71.50894736842106,23.804583333333337,39.59291666666667,0.40958333333333335,32.458333333333336,0.0
2018-08-15,24.63208333333333,40.305,3.265,,64.941875,86.40979166666666,22.782916666666665,38.36833333333333,0.3745833333333333,35.625,0.0
2018-08-16,9.890208333333334,33.002291666666665,2.5066666666666664,,42.899375,91.88958333333333,22.68541666666667,38.104166666666664,0.34625,25.958333333333332,0.0
2018-08-17,16.208333333333332,25.87375,4.367777777777778,,42.08708333333333,89.83479166666666,23.24416666666667,33.3425,0.44083333333333335,24.25,0.0
2018-08-18,15.255,30.55125,2.5241666666666664,,45.80666666666667,84.33958333333334,23.264583333333334,27.662916666666664,0.48833333333333334,26.083333333333332,0.0
2018-08-19,16.70625,37.01916666666667,14.604791666666666,,53.72416666666667,74.29458333333334,25.26,35.70583333333334,0.5145833333333333,34.291666666666664,0.0
2018-08-20,35.397083333333335,45.09291666666667,7.802708333333334,,80.48958333333333,60.434999999999995,26.840416666666666,36.33,0.6495833333333333,47.041666666666664,0.0
2018-08-21,19.15041666666667,27.933333333333334,7.0304166666666665,,47.084583333333335,79.71333333333334,25.945833333333336,43.09791666666666,0.39458333333333334,37.833333333333336,0.0
2018-08-22,20.31833333333333,29.203958333333333,3.4293750000000003,,49.51979166666666,84.2025,25.300833333333333,61.91,0.3941666666666667,46.583333333333336,0.0
2018-08-23,33.05020833333334,44.58020833333333,10.166041666666667,,77.71645833333334,72.18083333333334,27.821250000000003,42.37083333333333,0.5395833333333333,52.583333333333336,0.0
2018-08-24,46.56458333333333,56.125,9.526458333333332,,102.68374999999999,64.01666666666667,29.294583333333335,30.624166666666667,0.7725,60.958333333333336,0.0
2018-08-25,17.256666666666668,32.516666666666666,5.834583333333334,,49.77458333333333,73.0425,26.287499999999998,35.46083333333333,0.41333333333333333,48.708333333333336,0.0
2018-08-26,5.694583333333333,12.26625,1.5816666666666668,,17.961666666666666,97.05666666666667,20.878125,49.119791666666664,0.21291666666666667,19.770833333333332,5.2
2018-08-27,14.724375,27.595208333333332,2.2312499999999997,,42.3225,97.41833333333334,20.363333333333333,29.352500000000003,0.3625,14.75,1.8
2018-08-28,26.516666666666666,31.88,2.6508333333333334,,58.39625,77.34666666666666,23.34166666666667,32.40208333333333,0.34125,25.666666666666668,0.0
2018-08-29,39.27,38.910833333333336,8.581666666666667,,78.01791666666666,71.93416666666667,25.324166666666667,40.99916666666667,0.39999999999999997,31.166666666666668,0.0
2018-08-30,41.07541666666667,38.592083333333335,5.335833333333333,,79.66666666666667,65.47375,27.535833333333333,20.292916666666667,0.4404166666666667,35.125,0.0
2018-08-31,52.52708333333333,47.07125,7.265000000000001,,99.59791666666666,57.27291666666667,29.509583333333335,24.775833333333335,0.5437500000000001,42.958333333333336,0.0
2018-09-01,21.384583333333335,25.2,4.976249999999999,,46.58416666666667,67.12416666666667,27.544583333333332,49.63833333333333,1.05,41.708333333333336,0.0
2018-09-02,6.41375,20.192083333333333,19.49,,26.604166666666668,78.27666666666666,27.48375,75.84666666666666,0.47291666666666665,57.458333333333336,0.0
2018-09-03,7.507083333333333,18.804166666666667,3.546041666666667,,26.318749999999998,84.55333333333333,26.254583333333333,72.70125,0.445,44.0,9.2
2018-09-04,8.507916666666667,16.762083333333333,4.447916666666667,,25.27125,76.08333333333333,24.03125,49.786249999999995,0.16166666666666665,21.416666666666668,4.6
2018-09-05,12.586041666666667,18.716874999999998,3.188125,,31.301041666666666,75.52291666666666,22.749166666666667,43.37958333333333,0.23291666666666666,21.666666666666668,0.0
2018-09-06,19.6975,23.987916666666667,6.924375,,43.69291666666667,77.30875,22.887083333333333,35.45666666666667,0.2733333333333334,23.708333333333332,0.0
2018-09-07,8.959166666666667,26.019166666666667,3.6777083333333334,,34.979166666666664,63.49375,24.59125,46.712916666666665,0.5491666666666667,31.5,0.0
2018-09-08,13.71875,32.55958333333333,3.8681249999999996,,46.278333333333336,67.83624999999999,24.43875,43.747083333333336,0.16625,35.5,0.0
2018-09-09,9.942916666666667,17.544583333333332,6.19125,,27.489166666666666,69.74125,24.647499999999997,48.79416666666666,0.2808333333333333,29.166666666666668,0.0
2018-09-10,29.09958333333333,28.616249999999997,7.224166666666666,,57.71958333333333,64.43875,24.629583333333333,24.055384615384618,0.27133333333333337,27.625,0.0
2018-09-11,21.68041666666667,28.279583333333335,5.0372916666666665,,49.95708333333334,66.73375,24.233333333333334,31.504615384615384,0.3204166666666667,26.666666666666668,0.0
2018-09-12,29.483333333333334,28.31,5.63625,,57.80041666666667,68.12666666666667,24.419583333333335,34.024166666666666,0.11416666666666668,24.125,0.0
2018-09-13,32.95583333333334,31.84958333333333,7.434375,,64.78083333333333,66.86375,25.328333333333333,,0.19083333333333333,29.625,0.0
2018-09-14,31.451249999999998,32.191250000000004,10.572083333333333,,63.65958333333333,76.4225,25.030416666666667,,0.45208333333333334,36.791666666666664,19.0
2018-09-15,8.312083333333334,21.062083333333334,7.070833333333333,,29.375833333333333,85.86708333333333,25.355,,0.34625,28.5,0.6000000000000001
2018-09-16,5.590416666666666,9.832916666666668,0.5491666666666667,,15.422083333333333,82.66625,24.590833333333332,,0.2225,19.5,0.0
2018-09-17,29.059583333333336,36.28625,12.710416666666667,,65.33708333333333,91.195,23.355,,0.46375000000000005,29.791666666666668,2.4000000000000004
2018-09-18,43.349583333333335,43.22125,12.641666666666666,,86.56333333333333,76.83,27.965833333333332,,0.5358333333333333,34.0,0.4
2018-09-19,16.59875,39.71958333333333,5.213958333333333,,56.3025,57.78375,31.149583333333336,,0.5416666666666666,36.041666666666664,4.6
2018-09-20,29.800666666666665,67.24266666666666,10.258541666666668,,97.051,74.13541666666667,28.528333333333336,,0.645,47.75,0.0
2018-09-21,,,4.020416666666667,,,89.32958333333333,26.750416666666666,,0.42874999999999996,32.375,0.6000000000000001
2018-09-22,,,2.2252083333333332,,,76.36749999999999,27.706666666666667,,0.43583333333333335,24.208333333333332,0.0
2018-09-23,,,6.33625,,,71.38375,29.477500000000003,,0.47208333333333335,26.0,0.0
2018-09-24,,,11.331249999999999,,,83.20291666666667,28.73375,,0.5933333333333334,41.0,0.0
2018-09-25,,,4.761458333333334,,,78.20208333333333,28.470416666666665,,0.43250000000000005,31.291666666666668,0.0
2018-09-26,,,11.542708333333332,,,73.55,30.64125,,0.5079166666666667,42.75,0.0
2018-09-27,,,5.113958333333334,,,82.21041666666666,28.955416666666668,,0.46875,35.958333333333336,4.2
2018-09-28,,,4.995416666666666,,,94.22250000000001,26.37875,,0.5483333333333333,22.125,2.0
2018-09-29,,,5.515000000000001,,,88.73875,26.74625,,0.5133333333333333,20.291666666666668,4.4
2018-09-30,,,3.7268749999999997,,,77.37333333333333,29.607083333333335,,0.5358333333333333,22.541666666666668,0.0
2018-10-01,,,9.668333333333333,,,81.39666666666666,29.416666666666668,,0.7425,36.458333333333336,0.0
2018-10-02,,,5.037708333333334,,,64.41083333333334,32.00416666666667,,0.5045833333333333,24.458333333333332,0.0
2018-10-03,,,7.525624999999999,,,76.764375,31.01625,,0.6075,44.333333333333336,2.0
2018-10-04,,,3.0549999999999997,,,92.04375,27.788749999999997,,0.47374999999999995,25.083333333333332,0.6
2018-10-05,,,0.7089583333333334,,,83.82333333333334,24.46291666666667,,0.39125000000000004,13.708333333333334,5.4
2018-10-06,,,3.473333333333333,,,81.8925,23.21083333333333,,0.4925,21.583333333333332,7.2
2018-10-07,,,1.91,,,86.6025,24.7775,,0.445,18.333333333333332,0.0
2018-10-08,,,5.534791666666667,,,92.04041666666667,26.33875,,0.5966666666666667,24.625,0.0
2018-10-09,,,9.050208333333334,,,93.88041666666668,26.704583333333332,,0.7641666666666667,32.958333333333336,3.4000000000000004
2018-10-10,,,6.298333333333333,,,77.35541666666667,29.975416666666664,47.50769230769231,0.6195833333333333,30.75,12.6
2018-10-11,,,4.745833333333334,,,97.45041666666667,26.258750000000003,22.04125,0.54625,23.916666666666668,9.8
2018-10-12,15.667692307692308,18.803846153846152,4.314791666666667,,34.46846153846154,92.15666666666665,27.435833333333335,12.95888888888889,0.36058823529411765,21.25,3.4
2018-10-13,17.449166666666667,13.237916666666665,3.1170833333333334,,30.6875,72.17999999999999,32.08375,,0.7936363636363637,27.666666666666668,6.800000000000001
2018-10-14,9.7225,5.402708333333333,4.039791666666667,,15.121875000000001,98.16791666666666,25.066666666666666,,0.6220833333333333,16.041666666666668,2.4
2018-10-15,11.837666666666667,7.809666666666667,2.669791666666667,,19.645666666666667,94.30041666666666,24.148750000000003,14.350416666666666,0.7087500000000001,18.791666666666668,1.7999999999999998
2018-10-16,27.405833333333334,17.225833333333334,2.999375,,44.64625,85.68416666666667,25.702083333333334,14.008958333333332,0.6687500000000001,18.520833333333332,4.8
2018-10-17,30.545208333333335,33.5375,3.9410416666666666,,64.08333333333333,83.06083333333333,28.426666666666666,17.604166666666668,0.56375,25.25,0.0
2018-10-18,36.412083333333335,35.882083333333334,5.084583333333334,,72.34791666666666,88.89833333333333,28.83,16.642916666666668,0.6233333333333334,32.041666666666664,0.0
2018-10-19,10.012708333333334,17.640833333333333,7.517499999999999,,27.651458333333334,97.99083333333333,26.09583333333333,33.78916666666667,0.4791666666666667,24.958333333333332,12.600000000000001
2018-10-20,9.017083333333334,9.06125,2.3558333333333334,,18.078541666666666,67.80499999999999,25.003333333333334,44.15208333333334,0.3575,21.291666666666668,0.2
2018-10-21,19.233684210526317,17.47421052631579,5.017083333333333,,36.70947368421053,73.18625,23.025000000000002,29.293333333333333,0.4779166666666666,23.125,0.0
2018-10-22,20.67875,20.632916666666667,9.525833333333333,,41.3125,63.39083333333334,26.742500000000003,41.81333333333333,0.4183333333333334,29.5,0.0
2018-10-23,14.977083333333333,19.47125,4.317916666666666,,34.44583333333333,75.60666666666667,28.22875,46.51166666666666,0.44333333333333336,31.916666666666668,0.0
2018-10-24,9.380625,12.598333333333334,4.11125,,21.981458333333336,90.00791666666667,26.383333333333336,46.28375,0.38458333333333333,24.0,1.5999999999999999
2018-10-25,32.291666666666664,32.571666666666665,4.1120833333333335,,64.86541666666666,98.16875,24.777916666666666,13.9225,0.5879166666666666,18.75,12.399999999999999
2018-10-26,27.4225,30.334166666666665,1.7958333333333334,,57.757083333333334,93.46375,26.050833333333333,13.919166666666667,0.5650000000000001,25.875,0.2
2018-10-27,10.755,17.173750000000002,2.21375,,27.92958333333333,78.87708333333333,29.530833333333334,32.87416666666667,0.49041666666666667,15.125,6.199999999999999
2018-10-28,7.0717647058823525,5.455882352941177,2.83375,,12.52764705882353,77.18458333333334,25.49291666666667,44.739583333333336,0.28625,21.375,2.0
2018-10-29,30.373333333333335,22.00791666666667,4.100833333333333,,52.39333333333334,86.24000000000001,22.910833333333333,21.349999999999998,0.38125000000000003,19.708333333333332,0.0
2018-10-30,19.715833333333332,21.876666666666665,4.245416666666666,,41.595416666666665,77.74125,26.86375,33.875416666666666,0.43916666666666665,30.291666666666668,0.0
2018-10-31,27.659285714285716,21.856428571428573,8.178333333333333,,49.574285714285715,72.44916666666667,30.617083333333337,35.142916666666665,0.46416666666666667,35.583333333333336,0.0
2018-11-01,9.45375,19.06375,3.127083333333333,,28.515,77.47833333333334,29.43541666666667,46.60041666666667,0.42083333333333334,27.375,0.0
2018-11-02,9.086875000000001,10.463333333333333,3.8229166666666665,,19.551666666666666,84.02666666666667,27.16333333333333,46.855,0.39999999999999997,20.541666666666668,0.0
2018-11-03,9.891666666666667,18.640555555555558,13.581666666666665,,28.53166666666667,68.26541666666667,32.31666666666667,43.57541666666666,0.5379166666666667,38.833333333333336,0.0
2018-11-04,6.321666666666667,5.487222222222223,4.500416666666667,,11.810555555555556,92.05375,26.980416666666667,49.840833333333336,0.34208333333333335,15.208333333333334,17.6
2018-11-05,,,6.88375,,,91.56416666666667,23.72375,22.069166666666664,0.39999999999999997,20.75,3.5999999999999996
2018-11-06,,,3.8529166666666668,,,80.295,26.477500000000003,24.360833333333332,0.3954166666666667,21.25,0.0
2018-11-07,,,4.790416666666666,,,82.6575,27.937916666666666,29.196250000000003,0.37833333333333335,17.833333333333332,15.4
2018-11-08,,,4.126666666666667,,,98.53208333333333,24.01375,13.251249999999999,0.49291666666666667,9.0,27.6
2018-11-09,,,2.64875,,,92.40916666666668,25.270416666666666,15.863333333333335,0.46875,13.666666666666666,0.8
2018-11-10,,,1.0058333333333334,,,78.70166666666667,28.785,33.905,0.4741666666666667,17.5,0.0
2018-11-11,,,3.3475,,,79.30166666666666,30.120833333333334,36.41625,0.4920833333333334,22.958333333333332,0.0
2018-11-12,,,6.654166666666666,,,82.79625,29.676666666666666,44.624583333333334,0.46625,31.75,0.0
2018-11-13,,,4.737916666666666,,,69.49,32.26916666666667,29.089166666666667,0.41083333333333333,25.5,4.6
2018-11-14,,,4.29375,,,62.53875,33.862500000000004,26.16208333333333,0.5004166666666666,24.875,0.0
2018-11-15,,,2.779166666666667,,,70.79625,31.48375,57.79666666666666,0.3879166666666667,20.041666666666668,0.0
2018-11-16,,,4.2387500000000005,,,96.94791666666667,26.684166666666666,34.307916666666664,0.43416666666666665,23.958333333333332,0.4
2018-11-17,,,3.8266666666666667,,,73.70666666666666,28.159166666666664,41.9475,0.3870833333333333,26.208333333333332,0.0
2018-11-18,,,2.232083333333333,,,60.668749999999996,33.23708333333334,26.47458333333333,0.47583333333333333,25.666666666666668,0.0
2018-11-19,,,4.671666666666667,,,95.17208333333333,24.545,35.14666666666667,0.3329166666666667,11.708333333333334,31.799999999999997
2018-11-20,,,3.8937500000000003,,,98.26958333333333,21.614583333333332,30.24,0.38916666666666666,11.416666666666666,11.0
2018-11-21,,,3.106666666666667,,,94.46749999999999,24.307083333333335,20.1025,0.4879166666666667,29.625,0.4
2018-11-22,,,6.990833333333334,,,69.44625,30.275000000000002,25.27625,0.6166666666666667,35.416666666666664,0.0
2018-11-23,,,5.605416666666667,,,58.17791666666667,32.2575,22.288749999999997,0.53,25.333333333333332,0.0
2018-11-24,,,2.9599999999999995,,,58.38333333333333,30.889166666666668,26.575833333333335,0.455,21.875,0.0
2018-11-25,,,2.4029166666666666,,,66.69,30.221666666666668,49.71666666666667,0.3095833333333333,16.416666666666668,0.0
2018-11-26,,,4.088333333333334,,,98.42375,24.982916666666668,27.49875,0.34541666666666665,14.958333333333334,7.999999999999999
2018-11-27,,,3.8679166666666664,,,93.07666666666667,25.534583333333334,23.213333333333335,0.31583333333333335,21.833333333333332,0.2
2018-11-28,14.512222222222224,33.65111111111111,2.88875,,48.16444444444445,83.01291666666667,28.205,27.56041666666667,0.4708333333333334,24.375,0.0
2018-11-29,38.567368421052635,28.613026315789476,4.6745833333333335,,67.17355263157894,71.96916666666667,30.53333333333333,36.316250000000004,0.5745833333333333,32.083333333333336,0.0
2018-11-30,20.301875,33.3834375,7.689166666666666,,53.682812500000004,67.70083333333334,31.690416666666668,34.42916666666667,0.6779166666666666,34.375,0.0
2018-12-01,5.578749999999999,23.090833333333332,1.9895833333333333,,28.687291666666667,78.52499999999999,28.84583333333333,33.73791666666667,0.6441666666666667,15.208333333333334,1.8
2018-12-02,1.1187500000000001,12.97375,2.5170833333333333,,14.091875,86.29083333333334,28.219583333333333,40.82791666666667,0.4770833333333333,16.125,0.4
2018-12-03,12.416458333333333,18.819166666666668,2.1545833333333335,,31.249375,83.62416666666667,26.58083333333333,22.625,0.42333333333333334,20.458333333333332,0.0
2018-12-04,14.719583333333333,27.212083333333336,6.474583333333334,,41.9225,71.1275,30.019166666666667,31.244583333333335,0.45866666666666667,28.166666666666668,0.0
2018-12-05,10.110833333333334,22.68541666666667,3.29875,,32.79708333333333,79.21958333333333,30.012916666666666,32.11541666666667,0.525,31.291666666666668,1.0
2018-12-06,9.345833333333333,15.299999999999999,3.170833333333333,,24.64833333333333,81.01875,27.909166666666668,36.80375,0.4145833333333333,24.458333333333332,0.0
2018-12-07,12.905000000000001,24.6925,4.849166666666666,,37.59916666666667,97.53458333333333,24.39916666666667,18.247916666666665,0.48416666666666663,20.708333333333332,5.199999999999999
2018-12-08,8.480416666666667,15.984166666666667,2.2958333333333334,,24.465,94.04583333333333,22.306250000000002,17.485833333333336,0.42416666666666664,14.958333333333334,9.0
2018-12-09,13.070416666666667,16.583333333333332,5.045416666666667,,29.653333333333336,67.56,25.43375,23.163749999999997,0.41583333333333333,25.0,0.0
2018-12-10,16.03875,26.28458333333333,4.735416666666667,,42.33416666666667,64.62666666666667,29.434166666666666,32.55375,0.3514285714285714,31.083333333333332,0.0
2018-12-11,17.26388888888889,28.63222222222222,7.954583333333333,,45.89388888888889,61.73208333333333,31.81375,33.59708333333334,0.4163636363636364,37.75,0.0
2018-12-12,20.976428571428574,37.85214285714285,7.5441666666666665,,58.83642857142858,56.410833333333336,33.63375,40.782916666666665,0.39375,38.375,0.0
2018-12-13,30.415625000000002,37.449062500000004,6.5718749999999995,,67.87,53.36541666666667,34.17333333333333,56.897083333333335,0.4741666666666667,34.125,0.0
2018-12-14,14.777291666666668,35.815625000000004,7.465833333333333,,50.59104166666666,54.00083333333333,34.163333333333334,51.99583333333334,0.5483333333333333,41.291666666666664,0.0
2018-12-15,5.387708333333333,32.38333333333333,17.555833333333336,,37.77291666666667,58.72666666666667,35.40333333333333,52.986250000000005,0.6404166666666666,51.625,0.0
2018-12-16,2.5955555555555554,20.29611111111111,7.734583333333333,,22.891111111111112,76.29416666666667,33.084583333333335,49.669999999999995,0.4916666666666667,41.583333333333336,0.0
2018-12-17,7.88,30.602083333333336,5.069583333333333,,38.48291666666667,65.79333333333334,34.602916666666665,43.195,0.5316666666666666,43.791666666666664,0.0
2018-12-18,6.147291666666667,23.456458333333334,5.582083333333333,,29.60145833333333,54.86875,35.295,56.44083333333333,0.4244444444444444,38.208333333333336,0.0
2018-12-19,6.631666666666667,17.008333333333333,3.2312499999999997,,23.650000000000002,71.59708333333333,32.595416666666665,48.02,0.4471428571428571,27.958333333333332,0.0
2018-12-20,11.232083333333334,28.242291666666663,6.670000000000001,,39.474375,69.69375000000001,33.72291666666667,39.09666666666667,0.5825,41.708333333333336,0.0
2018-12-21,11.166875,34.098958333333336,18.10625,,45.262499999999996,71.43333333333334,32.66041666666667,35.35875,0.6516666666666667,49.75,0.0
2018-12-22,2.5689583333333332,23.715625,5.21875,,26.284583333333334,59.111250000000005,34.83541666666667,72.955,0.6,38.541666666666664,0.0
2018-12-23,1.14,14.320833333333333,3.86125,,15.46125,65.86458333333333,33.18625,55.465833333333336,0.5033333333333333,26.291666666666668,0.0
2018-12-24,3.2229166666666664,19.932916666666667,7.650833333333334,,23.155833333333334,89.80791666666666,28.97,33.37166666666666,0.4816666666666667,22.25,10.399999999999999
2018-12-25,2.0516666666666667,10.437083333333334,3.9291666666666667,,12.489166666666668,79.80874999999999,28.55875,27.166666666666668,0.34958333333333336,14.916666666666666,0.2
2018-12-26,16.531875,25.040208333333336,6.445625,,41.59854166666667,90.65958333333333,26.6975,10.385833333333332,0.47875,21.416666666666668,3.2
2018-12-27,14.728958333333333,27.590208333333333,5.6883333333333335,,42.31916666666667,82.22041666666667,27.944166666666664,16.987083333333334,0.42083333333333334,20.416666666666668,0.6000000000000001
2018-12-28,11.396666666666667,27.73,4.681875,,39.125,78.53458333333333,30.428749999999997,28.794583333333335,0.4170833333333333,20.875,0.0
2018-12-29,3.8789583333333333,19.881875,5.3,,23.761666666666667,72.10083333333334,31.491666666666664,34.3975,0.21833333333333335,23.125,0.0
2018-12-30,3.5775,18.975833333333334,3.429444444444444,,22.5525,73.87416666666667,31.572083333333335,43.10708333333333,0.275,26.5,0.0
2018-12-31,3.221041666666667,22.47,1.1016666666666666,,25.691041666666667,75.64291666666666,31.55875,47.61875,0.3879166666666667,28.291666666666668,0.0
