data,no,no2,so2,pm2_5,nox,ur,temp,o3,co,pm10,chuva,aqi,qualidade_do_ar
2012-01-01,,,,,,,,,,,28.6,,
2012-01-02,,,,,,91.75,20.155,3.87,0.165,23.0,47.6,20,N1 - Boa
2012-01-03,,,,,,68.54625,23.614166666666666,9.502916666666666,0.3225,28.583333333333332,0.2,26,N1 - Boa
2012-01-04,,,,,,69.98208333333334,24.027083333333334,11.695,0.31416666666666665,36.791666666666664,0.0,33,N1 - Boa
2012-01-05,,,,,,72.43166666666666,24.650000000000002,22.94458333333333,0.33958333333333335,33.875,0.0,30,N1 - Boa
2012-01-06,,,,,,73.74583333333334,25.21666666666667,15.299166666666666,0.4366666666666667,27.083333333333332,28.0,24,N1 - Boa
2012-01-07,,,,,,66.40916666666666,26.485416666666666,22.27625,0.41041666666666665,34.958333333333336,0.0,31,N1 - Boa
2012-01-08,,,,,,77.23916666666666,24.370416666666667,21.067916666666665,0.28041666666666665,26.166666666666668,2.2,23,N1 - Boa
2012-01-09,,,,,,76.20208333333333,23.80125,9.173333333333334,0.365,19.958333333333332,0.4,18,N1 - Boa
2012-01-10,,,,,,75.07708333333333,24.471666666666668,5.540833333333333,0.4895833333333333,37.291666666666664,1.2000000000000002,33,N1 - Boa
2012-01-11,,,,,,74.0,24.794583333333335,9.71875,0.4320833333333334,37.541666666666664,0.0,34,N1 - Boa
2012-01-12,,,,,,65.21666666666667,26.471666666666668,7.437916666666666,0.41791666666666666,37.291666666666664,0.0,33,N1 - Boa
2012-01-13,,,,,,59.07,28.671666666666667,13.061666666666667,0.4870833333333333,39.25,0.0,35,N1 - Boa
2012-01-14,,,,,,48.949999999999996,30.495833333333334,12.47875,0.3641666666666667,40.708333333333336,1.0,36,N1 - Boa
2012-01-15,,,,,,56.812916666666666,28.925416666666667,20.0825,0.33749999999999997,29.458333333333332,1.4,26,N1 - Boa
2012-01-16,,,,,,74.62708333333333,25.682916666666667,16.638749999999998,0.39291666666666664,34.541666666666664,3.2,31,N1 - Boa
2012-01-17,,,,,,72.61416666666666,25.645833333333332,14.4775,0.529375,40.5,0.0,36,N1 - Boa
2012-01-18,,,,,,69.59833333333333,26.143333333333334,21.84625,0.37958333333333333,48.9375,0.0,43,N2 - Moderada
2012-01-19,,,,,,69.30916666666667,26.30125,23.08125,0.43166666666666664,53.791666666666664,24.8,47,N2 - Moderada
2012-01-20,,,,,,65.28166666666667,27.22,23.39708333333333,0.25958333333333333,44.416666666666664,0.0,39,N1 - Boa
2012-01-21,,,,,,60.88375,27.603333333333335,25.464583333333334,0.30416666666666664,40.625,0.0,36,N1 - Boa
2012-01-22,,,,,,60.29291666666666,27.80541666666667,19.633333333333333,0.18333333333333335,31.083333333333332,0.0,28,N1 - Boa
2012-01-23,,,,,,56.64833333333333,28.53833333333333,15.047083333333333,0.46875,40.25,0.0,36,N1 - Boa
2012-01-24,,,,,,53.54583333333333,29.26,14.714166666666666,0.3429166666666667,42.0,0.0,37,N1 - Boa
2012-01-25,,,,,,48.262499999999996,30.615416666666665,13.044210526315789,0.7129166666666666,146.33333333333334,0.0,117,N3 - Ruim
2012-01-26,,,,,,62.51583333333334,27.853333333333335,9.703571428571427,1.1129166666666668,520.375,5.2,354,N5 - Pessima
2012-01-27,,,,,,85.40416666666665,21.57625,7.452083333333333,0.3254166666666667,130.125,25.2,104,N3 - Ruim
2012-01-28,,,,,,85.47666666666667,20.315416666666668,11.284166666666666,0.18541666666666667,35.041666666666664,20.599999999999998,31,N1 - Boa
2012-01-29,,,,,,86.71583333333332,20.590416666666666,6.201666666666667,0.22999999999999998,24.25,17.4,21,N1 - Boa
2012-01-30,,,,,,75.495,23.128333333333334,4.8275,0.41583333333333333,37.645833333333336,0.2,34,N1 - Boa
2012-01-31,,,,,,83.32166666666667,22.66625,4.42,0.4454166666666666,38.708333333333336,9.6,35,N1 - Boa
2012-02-01,,,,,,64.40958333333333,26.797083333333333,11.316250000000002,0.4091666666666667,48.333333333333336,0.0,42,N2 - Moderada
2012-02-02,,,,,,59.85375,27.784583333333334,12.380416666666667,0.33625,47.625,0.0,42,N2 - Moderada
2012-02-03,,,,,,57.51166666666666,27.903333333333332,12.03375,0.2920833333333333,36.25,0.0,32,N1 - Boa
2012-02-04,,,,,,56.70583333333334,27.9025,14.907083333333333,0.2175,31.291666666666668,0.0,28,N1 - Boa
2012-02-05,,,,,,55.656666666666666,29.19458333333333,30.1725,0.18791666666666665,27.25,0.0,29,N1 - Boa
2012-02-06,,,,,,54.36916666666667,29.947916666666668,27.66875,0.54,55.416666666666664,0.0,48,N2 - Moderada
2012-02-07,,,,,,58.322916666666664,28.9325,44.54416666666666,0.4945833333333334,75.20833333333333,0.0,62,N2 - Moderada
2012-02-08,,,,,,64.34708333333333,26.847916666666666,39.530625,0.453125,91.10526315789474,0.0,74,N2 - Moderada
2012-02-09,,,,,,63.03875,27.31958333333333,27.884583333333335,0.5233333333333333,94.16666666666667,0.0,76,N2 - Moderada
2012-02-10,,,,,,72.89874999999999,26.365624999999998,19.779374999999998,0.42812500000000003,60.0625,21.2,51,N2 - Moderada
2012-02-11,,,,,,73.11458333333333,26.161666666666665,29.515833333333333,0.35000000000000003,49.25,0.4,43,N2 - Moderada
2012-02-12,,,,,,76.58916666666667,25.7675,38.290416666666665,0.315,32.0,10.0,28,N1 - Boa
2012-02-13,,,,,,69.76833333333333,26.72583333333333,17.881249999999998,0.504375,38.291666666666664,0.2,34,N1 - Boa
2012-02-14,,,,,,63.83041666666667,27.02625,10.622916666666667,0.36000000000000004,31.666666666666668,5.6000000000000005,28,N1 - Boa
2012-02-15,,,,,,62.21541666666667,26.87291666666667,10.36875,0.395,34.333333333333336,0.0,30,N1 - Boa
2012-02-16,,,,,,66.8225,25.955,8.72181818181818,0.2783333333333333,32.416666666666664,0.0,28,N1 - Boa
2012-02-17,,,,,,65.24833333333333,26.34166666666667,,,36.0,0.0,32,N1 - Boa
2012-02-18,,,,,,62.059583333333336,26.854583333333334,16.016666666666666,0.1676923076923077,41.708333333333336,0.0,37,N1 - Boa
2012-02-19,,,,,,55.63708333333333,28.419166666666666,16.462083333333332,0.19375,26.375,0.0,23,N1 - Boa
2012-02-20,,,,,,56.7475,27.928749999999997,23.117500000000003,0.17250000000000001,31.833333333333332,0.0,28,N1 - Boa
2012-02-21,,,,,,52.04708333333334,28.280833333333334,17.6275,0.11583333333333333,28.125,0.0,25,N1 - Boa
2012-02-22,,,,,,51.39083333333334,29.590416666666666,24.114583333333332,0.25333333333333335,34.625,3.6,31,N1 - Boa
2012-02-23,,,,,,59.060833333333335,27.67125,25.753333333333334,0.43250000000000005,49.25,0.2,43,N2 - Moderada
2012-02-24,,,,,,66.67083333333333,26.271666666666665,27.78333333333333,0.36333333333333334,48.916666666666664,0.0,43,N2 - Moderada
2012-02-25,,,,,,65.38958333333333,27.164583333333336,29.928749999999997,0.30125,48.416666666666664,0.0,42,N2 - Moderada
2012-02-26,,,,,,48.26958333333334,30.580833333333334,26.127916666666668,0.3625,49.75,0.0,44,N2 - Moderada
2012-02-27,,,,,,59.00958333333333,28.478333333333335,24.379583333333333,0.41250000000000003,47.145833333333336,0.0,42,N2 - Moderada
2012-02-28,,,,,,65.52541666666667,27.5525,26.692916666666665,0.4925,59.125,0.0,50,N2 - Moderada
2012-02-29,,,,,,53.586666666666666,28.45,16.97375,0.34041666666666665,53.0,0.0,46,N2 - Moderada
2012-03-01,,,,,,53.16104166666667,28.641041666666666,28.867291666666663,0.46291666666666664,57.729166666666664,0.0,50,N2 - Moderada
2012-03-02,,,,,,53.31,29.67375,41.815000000000005,0.6687500000000001,83.25,0.0,68,N2 - Moderada
2012-03-03,,,,,,62.99666666666667,28.175833333333333,33.65875,0.18041666666666667,40.041666666666664,0.0,36,N1 - Boa
2012-03-04,,,,,,77.31916666666667,25.680833333333336,19.635833333333334,0.26916666666666667,29.958333333333332,,27,N1 - Boa
2012-03-05,,,,,,72.2175,25.879166666666666,20.53,0.34791666666666665,41.125,,36,N1 - Boa
2012-03-06,,,,,,68.92458333333333,25.834999999999997,16.022916666666667,0.2725,30.958333333333332,0.0,28,N1 - Boa
2012-03-07,,,,,,70.82583333333334,25.39,16.1725,0.2816666666666667,32.458333333333336,0.0,28,N1 - Boa
2012-03-08,,,,,,67.46083333333333,25.67833333333333,18.29125,0.22,34.541666666666664,0.0,31,N1 - Boa
2012-03-09,,,,,,64.16,25.924583333333334,22.311666666666667,0.30500000000000005,35.583333333333336,0.0,32,N1 - Boa
2012-03-10,,,,,,59.727916666666665,26.371666666666666,23.707916666666666,0.25,28.916666666666668,0.0,26,N1 - Boa
2012-03-11,,,,,,58.481249999999996,26.120416666666667,24.9725,0.2725,26.916666666666668,0.4,24,N1 - Boa
2012-03-12,,,,,,70.00708333333334,26.010833333333334,23.962500000000002,0.4354166666666666,46.208333333333336,1.5999999999999999,41,N2 - Moderada
2012-03-13,,,,,,65.55666666666666,26.81958333333333,14.752083333333333,0.47125,40.145833333333336,0.0,36,N1 - Boa
2012-03-14,,,,,,62.56041666666667,28.11125,23.883125,0.47125,41.229166666666664,3.6,36,N1 - Boa
2012-03-15,,,,,,64.42625,28.560833333333335,21.3,0.61875,48.25,1.2,42,N2 - Moderada
2012-03-16,,,,,,81.33958333333332,23.80458333333333,14.770833333333334,0.5045833333333333,37.291666666666664,12.4,33,N1 - Boa
2012-03-17,,,,,,71.99041666666666,24.49,12.615833333333333,0.23583333333333334,31.541666666666668,1.0,28,N1 - Boa
2012-03-18,,,,,,66.20041666666667,24.538749999999997,18.8325,0.11583333333333334,22.0,0.0,20,N1 - Boa
2012-03-19,,,,,,66.18833333333333,24.29875,15.644166666666665,0.315,31.5,0.0,28,N1 - Boa
2012-03-20,,,,,,65.59791666666668,25.290833333333335,11.834583333333335,0.24041666666666664,35.458333333333336,0.0,31,N1 - Boa
2012-03-21,,,,,,66.06916666666667,26.59958333333333,10.799999999999999,0.4716666666666667,43.041666666666664,0.0,38,N1 - Boa
2012-03-22,,,,,,60.15,28.727083333333336,29.690416666666664,0.49291666666666667,53.916666666666664,4.2,47,N2 - Moderada
2012-03-23,,,,,,78.83854166666667,24.730208333333334,26.121875,0.26625,42.333333333333336,17.2,37,N1 - Boa
2012-03-24,,,,,,81.54166666666667,24.795416666666668,34.005,0.3075,33.958333333333336,43.0,30,N1 - Boa
2012-03-25,,,,,,76.37958333333334,25.85375,43.21125,0.3070833333333333,32.041666666666664,0.0,34,N1 - Boa
2012-03-26,,,,,,74.155,26.4875,20.466666666666665,0.5675,42.083333333333336,0.0,37,N1 - Boa
2012-03-27,,,,,,65.69083333333333,28.099166666666665,17.50979166666667,0.57125,57.583333333333336,0.0,50,N2 - Moderada
2012-03-28,,,,,,79.04375,24.032916666666665,17.9225,0.4091666666666667,32.708333333333336,8.8,29,N1 - Boa
2012-03-29,,,,,,79.10458333333334,21.724166666666665,16.14,0.33416666666666667,28.041666666666668,4.2,25,N1 - Boa
2012-03-30,,,,,,72.72458333333333,24.64375,15.421666666666667,0.48500000000000004,40.166666666666664,0.0,36,N1 - Boa
2012-03-31,,,,,,70.27499999999999,25.542916666666667,11.1475,0.29333333333333333,31.0,0.0,28,N1 - Boa
2012-04-01,,,,,,72.14916666666666,24.50125,23.269166666666667,0.36166666666666664,29.708333333333332,0.0,27,N1 - Boa
2012-04-02,,,,,,73.04166666666667,24.825416666666666,19.634583333333335,0.39999999999999997,29.625,0.0,27,N1 - Boa
2012-04-03,,,,,,73.1075,25.734583333333333,21.703333333333333,0.45291666666666663,45.666666666666664,0.0,41,N2 - Moderada
2012-04-04,,,,,,68.97166666666666,26.649583333333336,14.741666666666667,0.47208333333333335,41.291666666666664,1.8,36,N1 - Boa
2012-04-05,,,,,,72.21833333333333,25.58,29.05541666666667,0.4779166666666667,36.916666666666664,4.2,33,N1 - Boa
2012-04-06,,,,,,70.21708333333333,26.291666666666668,26.51875,0.32916666666666666,38.333333333333336,0.0,34,N1 - Boa
2012-04-07,,,,,,74.75833333333334,25.314999999999998,24.647499999999997,0.31708333333333333,31.666666666666668,0.0,28,N1 - Boa
2012-04-08,,,,,,74.00750000000001,25.79625,33.34458333333333,0.29083333333333333,30.666666666666668,0.0,28,N1 - Boa
2012-04-09,,,,,,77.62708333333333,25.035416666666666,15.825833333333334,0.5195833333333334,45.666666666666664,12.0,41,N2 - Moderada
2012-04-10,,,,,,74.38250000000001,25.217916666666667,10.948333333333332,0.44895833333333335,29.541666666666668,0.0,27,N1 - Boa
2012-04-11,,,,,,71.985,25.86708333333333,15.400833333333333,0.29916666666666664,27.416666666666668,0.0,24,N1 - Boa
2012-04-12,,,,,,66.50666666666667,26.71875,11.885416666666666,0.43124999999999997,28.958333333333332,0.0,26,N1 - Boa
2012-04-13,,,,,,67.94583333333334,26.67958333333333,17.33875,0.4454166666666666,39.25,0.0,35,N1 - Boa
2012-04-14,,,,,,73.00208333333333,26.3225,36.492916666666666,0.3125,51.833333333333336,0.0,45,N2 - Moderada
2012-04-15,,,,,,67.52083333333333,27.92833333333333,38.71208333333333,0.24854166666666666,47.083333333333336,11.8,42,N2 - Moderada
2012-04-16,,,,,,80.23666666666666,22.942083333333333,11.955833333333333,0.43625,30.166666666666668,5.199999999999999,27,N1 - Boa
2012-04-17,,,,,,72.05916666666667,23.95875,8.710833333333333,0.4741666666666667,38.416666666666664,0.0,34,N1 - Boa
2012-04-18,,,,,,68.42999999999999,24.107083333333332,12.68,0.26875,33.541666666666664,0.0,30,N1 - Boa
2012-04-19,,,,,,64.90166666666666,24.379583333333333,18.43375,0.23916666666666667,31.916666666666668,0.0,28,N1 - Boa
2012-04-20,,,,,,64.68625,24.480833333333333,16.619583333333335,0.43375,39.083333333333336,0.0,35,N1 - Boa
2012-04-21,,,,,,80.0175,23.730416666666667,13.611666666666666,0.38000000000000006,65.29166666666667,5.4,55,N2 - Moderada
2012-04-22,,,,,,85.59208333333333,22.284166666666664,12.325416666666667,0.3466666666666667,28.25,10.0,25,N1 - Boa
2012-04-23,,,,,,78.31666666666666,22.618750000000002,10.495,0.29,26.625,0.8,24,N1 - Boa
2012-04-24,,,,,,74.11083333333333,23.722083333333334,11.377083333333333,0.41791666666666666,37.0,0.0,33,N1 - Boa
2012-04-25,,,,,,72.83749999999999,24.451666666666668,10.711666666666666,0.35041666666666665,33.958333333333336,0.0,30,N1 - Boa
2012-04-26,,,,,,64.91583333333334,26.80125,7.160833333333334,0.5441666666666667,45.125,0.0,40,N1 - Boa
2012-04-27,,,,,,69.3775,25.47875,13.524583333333334,0.4066666666666667,30.625,0.4,28,N1 - Boa
2012-04-28,,,,,,72.49458333333332,23.88875,16.075416666666666,0.21125000000000002,31.833333333333332,0.0,28,N1 - Boa
2012-04-29,,,,,,70.94708333333334,23.279583333333335,14.217916666666667,0.21791666666666668,19.0,5.2,17,N1 - Boa
2012-04-30,,,,,,87.74374999999999,20.771666666666665,4.53,0.4716666666666667,21.708333333333332,40.8,20,N1 - Boa
2012-05-01,,,,,,80.98375,18.505416666666665,14.836666666666666,0.14916666666666667,16.666666666666668,20.599999999999998,15,N1 - Boa
2012-05-02,,,,,,65.645,20.74416666666667,11.755416666666667,0.3575,32.0,0.0,28,N1 - Boa
2012-05-03,,,,,,73.42791666666666,22.256666666666664,10.300416666666667,0.36333333333333334,28.416666666666668,0.6000000000000001,25,N1 - Boa
2012-05-04,,,,,,73.45291666666667,22.795416666666668,14.5575,0.32083333333333336,25.416666666666668,1.0,22,N1 - Boa
2012-05-05,,,,,,72.56958333333334,23.057083333333335,16.264583333333334,0.19000000000000003,26.416666666666668,0.0,23,N1 - Boa
2012-05-06,,,,,,69.80541666666666,23.165000000000003,22.538749999999997,0.17916666666666667,19.916666666666668,0.0,18,N1 - Boa
2012-05-07,,,,,,71.75375000000001,22.440416666666664,8.777916666666666,0.43124999999999997,29.833333333333332,0.0,27,N1 - Boa
2012-05-08,,,,,,73.71041666666666,21.801666666666666,10.40375,0.26875,28.291666666666668,10.600000000000001,25,N1 - Boa
2012-05-09,,,,,,67.90166666666666,22.810833333333335,14.020833333333334,0.29625,35.5,0.0,32,N1 - Boa
2012-05-10,,,,,,69.10291666666667,23.226249999999997,14.84125,0.29277777777777775,40.020833333333336,0.0,36,N1 - Boa
2012-05-11,,,,,,66.93625,25.517083333333332,19.231666666666666,,62.666666666666664,0.0,53,N2 - Moderada
2012-05-12,,,,,,58.46666666666667,25.68375,18.279166666666665,,42.833333333333336,0.0,38,N1 - Boa
2012-05-13,,,,,,80.61,21.702916666666667,17.898333333333333,,24.791666666666668,15.2,22,N1 - Boa
2012-05-14,,,,,,83.69125,19.035416666666666,10.284583333333332,,22.958333333333332,20.4,20,N1 - Boa
2012-05-15,,,,,,83.01041666666667,18.309166666666666,6.024583333333333,0.07642857142857143,23.083333333333332,5.8,20,N1 - Boa
2012-05-16,,,,,,74.885,20.354583333333334,8.197916666666666,0.12416666666666666,31.791666666666668,14.400000000000002,28,N1 - Boa
2012-05-17,,,,,,73.71375,21.1325,9.439583333333333,0.08750000000000001,25.166666666666668,4.8,22,N1 - Boa
2012-05-18,,,,,,72.26458333333333,20.606666666666666,6.572916666666667,0.11541666666666667,36.791666666666664,0.0,33,N1 - Boa
2012-05-19,,,,,,66.64625,20.71125,14.215000000000002,0.03958333333333333,29.666666666666668,0.0,27,N1 - Boa
2012-05-20,,,,,,61.565,21.665000000000003,22.81958333333333,0.0008333333333333334,20.875,0.0,19,N1 - Boa
2012-05-21,,,,,,63.800000000000004,21.69875,16.17125,0.06125,30.458333333333332,0.0,27,N1 - Boa
2012-05-22,,,,,,65.88333333333334,21.592916666666667,11.823749999999999,0.065,31.125,0.0,28,N1 - Boa
2012-05-23,,,,,,72.60916666666667,21.71625,11.094999999999999,0.09333333333333334,28.791666666666668,0.0,26,N1 - Boa
2012-05-24,,,,,,72.57666666666667,21.480416666666667,5.088333333333333,0.16041666666666668,39.541666666666664,0.0,36,N1 - Boa
2012-05-25,,,,,,69.145,23.091250000000002,3.9791666666666665,0.6983333333333334,65.66666666666667,0.0,55,N2 - Moderada
2012-05-26,,,,,,62.599583333333335,23.937916666666666,22.638333333333335,0.07791666666666668,39.833333333333336,2.0,36,N1 - Boa
2012-05-27,,,,,,78.65625,21.907083333333333,46.689166666666665,0.019583333333333335,41.75,0.0,37,N1 - Boa
2012-05-28,,,,,,73.95208333333333,23.050416666666667,14.06,0.41875,70.83333333333333,0.0,59,N2 - Moderada
2012-05-29,,,,,,73.35125000000001,24.1825,7.836666666666666,0.3425,61.0,0.0,52,N2 - Moderada
2012-05-30,,,,,,69.09125,25.820833333333336,12.344999999999999,0.5070833333333333,84.16666666666667,0.0,68,N2 - Moderada
2012-05-31,,,,,,75.81458333333333,23.63875,6.603333333333334,0.15208333333333332,62.041666666666664,0.0,53,N2 - Moderada
2012-06-01,,,,,,77.95208333333333,22.797083333333333,14.424999999999999,0.0375,44.041666666666664,0.0,39,N1 - Boa
2012-06-02,,,,,,77.26708333333333,23.581666666666667,15.402916666666668,0.11041666666666666,30.625,0.8,28,N1 - Boa
2012-06-03,,,,,,67.61,25.84,18.631666666666668,0.36000000000000004,64.33333333333333,0.0,54,N2 - Moderada
2012-06-04,,,,,,57.895,27.54041666666667,9.90875,0.3975,56.458333333333336,0.0,48,N2 - Moderada
2012-06-05,,,,,,66.57208333333334,25.321250000000003,11.919166666666667,0.21833333333333335,46.666666666666664,0.8,42,N2 - Moderada
2012-06-06,,,,,,85.49458333333332,22.507500000000004,5.210833333333333,0.37041666666666667,41.541666666666664,8.4,37,N1 - Boa
2012-06-07,,,,,,84.39458333333333,21.162499999999998,18.821250000000003,0.00125,19.25,21.599999999999998,17,N1 - Boa
2012-06-08,,,,,,84.09833333333333,19.325833333333332,29.341,0.15375,26.0,9.999999999999998,23,N1 - Boa
2012-06-09,,,,,,89.11625,18.762916666666666,,0.013333333333333334,18.708333333333332,6.4,17,N1 - Boa
2012-06-10,,,,,,77.61749999999999,20.298333333333336,,0.0004166666666666667,18.125,0.6,16,N1 - Boa
2012-06-11,,,,,,74.88666666666667,20.667916666666667,,0.30541666666666667,33.416666666666664,4.0,29,N1 - Boa
2012-06-12,,,,,,76.97083333333333,21.330416666666668,,0.26166666666666666,40.583333333333336,0.0,36,N1 - Boa
2012-06-13,,,,,,76.85354166666667,22.29625,7.337727272727273,0.0725,40.166666666666664,0.0,36,N1 - Boa
2012-06-14,,,,,,72.87083333333334,23.08125,13.99375,0.15875,33.291666666666664,0.0,29,N1 - Boa
2012-06-15,,,,,,78.46166666666666,22.320833333333336,11.951666666666666,0.145,49.791666666666664,0.0,44,N2 - Moderada
2012-06-16,,,,,,67.28666666666668,23.572083333333335,11.672916666666666,0.17166666666666666,58.833333333333336,0.0,50,N2 - Moderada
2012-06-17,,,,,,69.78333333333333,22.437083333333334,14.555416666666666,0.09083333333333334,41.916666666666664,0.0,37,N1 - Boa
2012-06-18,,,,,,68.06625,23.732083333333335,14.254583333333334,0.4454166666666666,60.833333333333336,0.0,52,N2 - Moderada
2012-06-19,,,,,,60.169999999999995,25.3575,5.511666666666667,0.3675,72.91666666666667,0.0,60,N2 - Moderada
2012-06-20,,,,,,81.86583333333333,22.4275,5.944583333333333,0.20083333333333334,59.041666666666664,1.0,50,N2 - Moderada
2012-06-21,,,,,,82.91083333333333,22.453333333333333,5.585833333333333,0.14041666666666666,44.75,17.6,40,N1 - Boa
2012-06-22,,,,,,75.26125,22.71875,10.862083333333333,0.2816666666666667,28.458333333333332,20.2,25,N1 - Boa
2012-06-23,,,,,,64.84770833333333,21.493958333333335,26.31375,0.0004166666666666667,22.458333333333332,0.0,20,N1 - Boa
2012-06-24,,,,,,74.37083333333334,21.36791666666667,16.747916666666665,0.10625000000000001,34.875,0.0,31,N1 - Boa
2012-06-25,,,,,,70.84666666666666,21.549583333333334,13.363750000000001,0.15916666666666665,34.5,0.0,30,N1 - Boa
2012-06-26,,,,,,72.87208333333334,21.955,9.927083333333334,0.14166666666666666,42.625,6.6,38,N1 - Boa
2012-06-27,,,,,,68.74458333333332,21.682916666666667,10.606666666666667,0.06416666666666666,33.416666666666664,0.0,29,N1 - Boa
2012-06-28,,,,,,73.16666666666667,21.879166666666666,7.798750000000001,0.1975,36.625,0.0,33,N1 - Boa
2012-06-29,,,,,,73.83916666666666,22.743750000000002,5.229166666666667,0.20041666666666666,65.125,0.0,55,N2 - Moderada
2012-06-30,,,,,,69.86583333333333,23.45,13.294166666666667,0.15291666666666667,55.416666666666664,0.0,48,N2 - Moderada
2012-07-01,,,,,,70.41125000000001,23.61375,19.96625,0.0825,59.583333333333336,0.0,51,N2 - Moderada
2012-07-02,,,,,,69.37416666666667,24.58125,11.707916666666668,0.2333333333333333,52.75,0.0,46,N2 - Moderada
2012-07-03,,,,,,64.24249999999999,24.732083333333335,17.981666666666666,0.19958333333333333,58.583333333333336,0.0,50,N2 - Moderada
2012-07-04,,,,,,58.405,24.207083333333333,11.154583333333333,0.16416666666666666,42.083333333333336,0.0,37,N1 - Boa
2012-07-05,,,,,,62.43208333333334,23.50125,8.578333333333333,0.18083333333333332,38.291666666666664,0.0,34,N1 - Boa
2012-07-06,,,,,,58.34375,24.39375,10.806666666666667,0.33166666666666667,47.125,0.0,42,N2 - Moderada
2012-07-07,,,,,,62.84041666666667,23.532916666666665,14.12625,0.14833333333333334,47.583333333333336,0.0,42,N2 - Moderada
2012-07-08,,,,,,80.80125,19.46625,22.886666666666667,0.015833333333333335,20.333333333333332,3.4000000000000004,18,N1 - Boa
2012-07-09,,,,,,70.385,19.162499999999998,10.292083333333332,0.07875,32.375,4.6,28,N1 - Boa
2012-07-10,,,,,,58.67333333333334,19.551666666666666,12.274583333333332,0.1708333333333333,34.833333333333336,0.0,31,N1 - Boa
2012-07-11,,,,,,59.21458333333334,22.222083333333334,10.252083333333333,0.48291666666666666,70.83333333333333,0.0,59,N2 - Moderada
2012-07-12,,,,,,78.04,21.012083333333333,9.808333333333334,0.18395833333333333,62.625,13.6,53,N2 - Moderada
2012-07-13,,,,,,66.20666666666666,20.4175,18.03291666666667,0.18458333333333332,35.208333333333336,0.0,31,N1 - Boa
2012-07-14,,,,,,70.22166666666666,20.374583333333334,21.200833333333332,0.004583333333333333,43.625,0.0,39,N1 - Boa
2012-07-15,,,,,,69.86833333333333,19.7375,33.6825,0.0,31.0,0.0,28,N1 - Boa
2012-07-16,,,,,,80.75708333333334,17.910416666666666,11.263333333333334,0.15375,38.166666666666664,1.0,34,N1 - Boa
2012-07-17,,,,,,68.71708333333333,20.86875,16.199166666666667,0.18000000000000002,26.291666666666668,0.0,23,N1 - Boa
2012-07-18,,,,,,76.8525,19.663333333333334,8.574583333333333,0.18999999999999997,36.854166666666664,4.8,33,N1 - Boa
2012-07-19,,,,,,71.53166666666667,18.08791666666667,14.998750000000001,0.07833333333333334,31.5,0.4,28,N1 - Boa
2012-07-20,,,,,,73.0275,19.164583333333333,10.20125,0.15916666666666665,45.25,0.0,40,N1 - Boa
2012-07-21,,,,,,72.32145833333333,20.737083333333334,10.5,0.18125,59.833333333333336,0.0,51,N2 - Moderada
2012-07-22,,,,,,63.41833333333333,22.685833333333335,31.24791666666667,0.22208333333333333,90.91666666666667,0.0,74,N2 - Moderada
2012-07-23,,,,,,73.40791666666667,21.672916666666666,11.1825,0.22375,63.083333333333336,0.0,53,N2 - Moderada
2012-07-24,,,,,,67.34083333333334,24.2625,20.774166666666666,0.43583333333333335,92.1875,0.0,74,N2 - Moderada
2012-07-25,,,,,,56.4,24.88913043478261,17.110434782608696,0.1382608695652174,65.0,0.0,55,N2 - Moderada
2012-07-26,,,,,,,,,,,0.0,,
2012-07-27,,,,,,73.92714285714285,22.157142857142855,14.075714285714286,2.4085714285714284,50.833333333333336,0.0,45,N2 - Moderada
2012-07-28,,,,,,73.81333333333333,22.520833333333332,25.3075,0.10458333333333335,52.666666666666664,0.0,46,N2 - Moderada
2012-07-29,,,,,,68.11375,23.41416666666667,27.541666666666668,0.23958333333333334,45.416666666666664,0.0,40,N1 - Boa
2012-07-30,,,,,,69.88375,22.944166666666664,15.502083333333333,0.08416666666666667,57.083333333333336,0.0,49,N2 - Moderada
2012-07-31,,,,,,76.75333333333333,22.19333333333333,26.322916666666668,0.07083333333333333,41.708333333333336,0.0,37,N1 - Boa
2012-08-01,,,,,,71.79416666666667,22.375,12.438333333333333,0.042083333333333334,28.375,0.0,25,N1 - Boa
2012-08-02,,,,,,70.11708333333333,22.942916666666665,9.042083333333332,0.13208333333333333,30.0,0.0,27,N1 - Boa
2012-08-03,,,,,,65.91875,23.59958333333333,14.282499999999999,0.1925,37.041666666666664,0.0,33,N1 - Boa
2012-08-04,,,,,,65.33333333333333,24.1125,13.884583333333333,0.16541666666666666,55.083333333333336,0.0,48,N2 - Moderada
2012-08-05,,,,,,71.84083333333334,21.55666666666667,23.860416666666666,0.1125,49.875,20.800000000000004,44,N2 - Moderada
2012-08-06,,,,,,62.64291666666667,20.64375,24.324583333333333,0.14166666666666666,32.375,0.0,28,N1 - Boa
2012-08-07,,,,,,65.36791666666666,19.932083333333335,11.938541666666667,0.06645833333333333,39.416666666666664,0.0,35,N1 - Boa
2012-08-08,,,,,,66.74291666666666,21.349999999999998,20.577083333333334,0.06541666666666666,27.875,0.0,25,N1 - Boa
2012-08-09,,,,,,63.98416666666666,21.884583333333335,19.000833333333333,0.07625,28.041666666666668,0.0,25,N1 - Boa
2012-08-10,,,,,,62.217083333333335,22.54875,12.788333333333334,0.09291666666666666,30.208333333333332,0.0,27,N1 - Boa
2012-08-11,,,,,,61.19416666666667,23.0475,17.06833333333333,0.011666666666666667,28.333333333333332,0.0,25,N1 - Boa
2012-08-12,,,,,,63.06125,23.207083333333333,19.021666666666665,0.012916666666666667,22.583333333333332,0.0,20,N1 - Boa
2012-08-13,,,,,,62.88041666666667,23.969583333333333,10.877083333333333,0.14083333333333334,32.833333333333336,0.0,29,N1 - Boa
2012-08-14,,,,,,69.63375,22.330416666666665,12.245,0.02666666666666667,22.979166666666668,0.0,20,N1 - Boa
2012-08-15,,,,,,70.85291666666667,21.83583333333333,16.867916666666666,0.08458333333333333,29.083333333333332,0.2,26,N1 - Boa
2012-08-16,,,,,,66.04875,22.921666666666667,18.509583333333335,0.08708333333333333,33.833333333333336,0.0,30,N1 - Boa
2012-08-17,,,,,,66.55583333333333,22.080833333333334,14.441249999999998,0.07541666666666667,32.0,0.0,28,N1 - Boa
2012-08-18,,,,,,69.7825,21.37291666666667,22.11791666666667,0.0008333333333333334,26.666666666666668,0.0,24,N1 - Boa
2012-08-19,,,,,,61.915416666666665,22.493750000000002,32.324999999999996,0.0,24.291666666666668,0.0,21,N1 - Boa
2012-08-20,,,,,,62.318333333333335,22.41541666666667,17.42833333333333,0.08708333333333335,34.166666666666664,0.0,30,N1 - Boa
2012-08-21,,,,,,63.232916666666675,22.61,12.199166666666665,0.0525,29.916666666666668,0.0,27,N1 - Boa
2012-08-22,,,,,,55.08791666666667,22.97,13.375833333333333,0.15208333333333332,34.875,0.0,31,N1 - Boa
2012-08-23,,,,,,63.60958333333334,22.458333333333332,15.46125,0.06833333333333334,33.333333333333336,0.0,29,N1 - Boa
2012-08-24,,,,,,60.92041666666666,22.645416666666666,18.147916666666667,0.07458333333333333,34.416666666666664,0.0,30,N1 - Boa
2012-08-25,,,,,,63.22125,22.557916666666667,17.669583333333332,0.020833333333333332,29.083333333333332,0.0,26,N1 - Boa
2012-08-26,,,,,,73.70666666666666,20.694583333333334,25.900833333333335,0.0,33.875,0.0,30,N1 - Boa
2012-08-27,,,,,,70.51166666666667,21.6225,11.92125,0.14958333333333332,50.395833333333336,0.4,44,N2 - Moderada
2012-08-28,,,,,,71.25479166666666,21.103958333333335,11.149791666666667,0.16041666666666668,45.083333333333336,5.0,40,N1 - Boa
2012-08-29,,,,,,73.39375,20.37875,7.485833333333333,0.18791666666666665,37.625,0.4,34,N1 - Boa
2012-08-30,,,,,,67.73708333333333,20.6025,16.76,0.03333333333333333,29.083333333333332,0.0,26,N1 - Boa
2012-08-31,,,,,,60.91916666666666,20.15875,19.12125,0.030833333333333334,26.333333333333332,0.0,23,N1 - Boa
2012-09-01,,,,,,64.89375,20.103333333333335,24.74416666666667,0.010833333333333334,29.25,0.0,26,N1 - Boa
2012-09-02,,,,,,72.20875,21.030416666666667,25.634583333333335,0.12791666666666665,48.375,0.0,42,N2 - Moderada
2012-09-03,,,,,,68.24583333333334,22.37125,15.178421052631577,0.08833333333333333,50.833333333333336,0.0,45,N2 - Moderada
2012-09-04,,,,,,63.13791666666666,19.877083333333335,25.12125,0.051666666666666666,39.083333333333336,2.6,35,N1 - Boa
2012-09-05,,,,,,58.98541666666667,21.0225,20.27,0.12791666666666668,44.25,0.0,39,N1 - Boa
2012-09-06,,,,,,64.3075,21.684166666666666,11.985416666666666,0.26625,61.458333333333336,0.0,52,N2 - Moderada
2012-09-07,,,,,,73.5625,21.85291666666667,25.102083333333336,0.07166666666666667,65.375,0.0,55,N2 - Moderada
2012-09-08,,,,,,62.61916666666667,25.226249999999997,11.277083333333332,0.19583333333333333,56.041666666666664,0.0,48,N2 - Moderada
2012-09-09,,,,,,51.86666666666667,27.666666666666668,37.689375,0.033749999999999995,55.375,0.0,48,N2 - Moderada
2012-09-10,,,,,,70.91375000000001,23.31458333333333,30.053749999999997,0.19166666666666665,50.395833333333336,0.0,44,N2 - Moderada
2012-09-11,,,,,,70.17375,23.590416666666666,18.85375,0.25625000000000003,59.791666666666664,0.0,51,N2 - Moderada
2012-09-12,,,,,,71.76958333333333,23.119583333333335,25.667916666666667,0.13999999999999999,48.083333333333336,0.0,42,N2 - Moderada
2012-09-13,,,,,,80.91625,21.66416666666667,13.705833333333333,0.32958333333333334,42.166666666666664,2.2,37,N1 - Boa
2012-09-14,,,,,,69.26375,22.152916666666666,24.912499999999998,0.05416666666666667,26.375,0.2,23,N1 - Boa
2012-09-15,,,,,,65.41416666666667,23.43375,29.2925,0.023333333333333334,26.333333333333332,0.0,23,N1 - Boa
2012-09-16,,,,,,61.135,25.244583333333335,29.935208333333332,0.08541666666666665,33.458333333333336,0.0,29,N1 - Boa
2012-09-17,,,,,,65.67375,24.837083333333336,13.978541666666667,0.5922916666666667,61.541666666666664,0.8,53,N2 - Moderada
2012-09-18,,,,,,51.13166666666667,27.5925,12.865625,0.32583333333333336,66.875,0.0,56,N2 - Moderada
2012-09-19,,,,,,40.501041666666666,31.45,13.854583333333332,0.5854166666666667,92.08333333333333,0.0,74,N2 - Moderada
2012-09-20,,,,,,68.28833333333334,24.467083333333335,29.11125,0.4566666666666666,76.79166666666667,1.2,63,N2 - Moderada
2012-09-21,,,,,,74.59875000000001,23.647499999999997,24.95125,0.29125,55.75,17.799999999999997,48,N2 - Moderada
2012-09-22,,,,,,67.94125,20.815,25.224166666666665,0.009166666666666667,27.541666666666668,3.0,25,N1 - Boa
2012-09-23,,,,,,59.85375,20.915833333333335,30.086250000000003,0.0025,30.583333333333332,0.0,28,N1 - Boa
2012-09-24,,,,,,60.213750000000005,22.653333333333336,23.879166666666666,0.17291666666666664,37.583333333333336,0.0,34,N1 - Boa
2012-09-25,,,,,,60.74458333333333,25.489166666666666,14.300833333333335,0.19944444444444445,45.958333333333336,21.599999999999998,41,N2 - Moderada
2012-09-26,,,,,,75.7025,17.450416666666666,28.0625,0.06083333333333333,19.291666666666668,45.0,17,N1 - Boa
2012-09-27,,,,,,58.70541666666667,18.245,15.423333333333332,0.15583333333333335,28.666666666666668,0.0,26,N1 - Boa
2012-09-28,,,,,,59.70041666666666,19.055833333333336,12.29125,0.05833333333333333,34.041666666666664,0.0,30,N1 - Boa
2012-09-29,,,,,,58.10458333333333,19.675833333333333,23.741249999999997,0.006666666666666667,27.5,0.0,25,N1 - Boa
2012-09-30,,,,,,50.45041666666666,21.243750000000002,39.69083333333333,0.0,23.0,0.0,20,N1 - Boa
2012-10-01,,,,,,59.63291666666667,21.96375,22.647499999999997,0.11791666666666667,34.833333333333336,0.0,31,N1 - Boa
2012-10-02,,,,,,63.03458333333333,23.765416666666667,12.845625,0.12708333333333333,41.5,0.0,37,N1 - Boa
2012-10-03,,,,,,58.650416666666665,25.388333333333335,12.699166666666665,0.16624999999999998,42.791666666666664,0.0,38,N1 - Boa
2012-10-04,,,,,,60.59708333333333,25.0525,9.97125,0.13166666666666668,48.541666666666664,0.0,43,N2 - Moderada
2012-10-05,,,,,,62.47125,24.86791666666667,12.602916666666665,0.0575,50.833333333333336,0.0,45,N2 - Moderada
2012-10-06,,,,,,56.805416666666666,24.861666666666668,19.38,0.024999999999999998,37.416666666666664,0.0,33,N1 - Boa
2012-10-07,,,,,,52.72083333333333,25.97375,20.969166666666666,0.024166666666666666,33.541666666666664,0.0,30,N1 - Boa
2012-10-08,,,,,,56.751666666666665,25.481666666666666,16.52125,0.08166666666666667,34.833333333333336,0.0,31,N1 - Boa
2012-10-09,,,,,,48.870000000000005,26.883750000000003,11.474583333333333,0.18500000000000003,42.145833333333336,0.6,37,N1 - Boa
2012-10-10,,,,,,41.39083333333333,29.38625,14.329374999999999,0.2841666666666667,54.0,0.0,47,N2 - Moderada
2012-10-11,,,,,,62.39958333333333,25.815833333333334,20.541666666666668,0.045000000000000005,53.875,18.400000000000002,47,N2 - Moderada
2012-10-12,,,,,,80.00791666666667,20.990416666666665,36.25291666666667,0.0062499999999999995,21.625,11.6,21,N1 - Boa
2012-10-13,,,,,,84.02208333333333,19.981666666666666,16.624583333333334,0.009583333333333334,22.541666666666668,5.8,20,N1 - Boa
2012-10-14,,,,,,68.76291666666667,20.85375,29.957083333333333,0.0016666666666666668,23.083333333333332,0.6000000000000001,20,N1 - Boa
2012-10-15,,,,,,65.81125,21.22,17.207083333333333,0.009583333333333334,23.375,0.0,20,N1 - Boa
2012-10-16,,,,,,60.54833333333334,23.506249999999998,18.192916666666665,0.13625,33.916666666666664,0.0,30,N1 - Boa
2012-10-17,,,,,,57.59625,24.32625,10.2975,0.215,45.541666666666664,0.0,41,N2 - Moderada
2012-10-18,,,,,,53.52583333333333,27.58125,20.829583333333332,0.14625000000000002,59.333333333333336,0.2,50,N2 - Moderada
2012-10-19,,,,,,72.45125,22.556250000000002,23.129583333333333,0.05541666666666667,46.0,0.0,41,N2 - Moderada
2012-10-20,,,,,,67.09583333333333,24.223333333333333,24.24083333333333,0.04833333333333333,47.916666666666664,0.0,42,N2 - Moderada
2012-10-21,,,,,,60.69125,26.99416666666667,40.946666666666665,0.04833333333333333,46.5,43.6,41,N2 - Moderada
2012-10-22,,,,,,66.47791666666667,23.452,17.093333333333334,0.4691666666666667,53.625,0.0,47,N2 - Moderada
2012-10-23,,,,,,64.70583333333333,,12.117083333333333,0.04541666666666667,55.375,6.800000000000001,48,N2 - Moderada
2012-10-24,,,,,,60.89625,,20.642916666666668,0.07625,37.375,2.4,33,N1 - Boa
2012-10-25,,,,,,69.82666666666667,,21.36375,0.008333333333333333,45.416666666666664,0.0,40,N1 - Boa
2012-10-26,,,,,,74.13875,25.425833333333333,13.575416666666667,0.19625,52.708333333333336,0.0,46,N2 - Moderada
2012-10-27,,,,,,67.03916666666667,27.634411764705884,22.245416666666667,0.14125000000000001,64.66666666666667,0.0,55,N2 - Moderada
2012-10-28,,,,,,66.6575,26.454791666666665,27.8225,0.12375000000000001,54.666666666666664,0.0,48,N2 - Moderada
2012-10-29,,,,,,69.80416666666666,25.743958333333335,21.27875,0.16,46.541666666666664,0.0,42,N2 - Moderada
2012-10-30,,,,,,69.7,26.659166666666668,22.451666666666668,0.4141666666666666,72.75,0.0,60,N2 - Moderada
2012-10-31,,,,,,64.83333333333333,28.417083333333334,21.068749999999998,0.24166666666666667,87.04166666666667,0.0,71,N2 - Moderada
2012-11-01,,,,,,69.96541666666667,25.861666666666665,22.115,0.08541666666666665,36.333333333333336,0.0,32,N1 - Boa
2012-11-02,,,,,,78.06333333333333,,15.847499999999998,0.00125,24.916666666666668,1.4,22,N1 - Boa
2012-11-03,,,,,,72.63875,,20.524583333333336,0.0004166666666666667,23.708333333333332,4.0,21,N1 - Boa
2012-11-04,,,,,,75.64041666666667,,21.425833333333333,0.010833333333333334,23.083333333333332,0.2,20,N1 - Boa
2012-11-05,,,,,,75.47291666666666,,28.284583333333334,0.050625,25.020833333333332,0.6000000000000001,22,N1 - Boa
2012-11-06,,,,,,73.65708333333333,,33.722500000000004,0.3358333333333334,29.541666666666668,0.0,27,N1 - Boa
2012-11-07,,,,,,67.33624999999999,,22.280416666666667,0.18583333333333332,36.958333333333336,0.0,33,N1 - Boa
2012-11-08,,,,,,69.27,27.48,17.5525,0.06958333333333333,33.958333333333336,0.0,30,N1 - Boa
2012-11-09,,,,,,69.95166666666667,24.764285714285712,6.493333333333333,0.13541666666666666,32.083333333333336,1.2000000000000002,28,N1 - Boa
2012-11-10,,,,,,80.41541666666667,23.46,3.845416666666667,0.21666666666666667,18.291666666666668,5.6000000000000005,16,N1 - Boa
2012-11-11,,,,,,63.52722222222222,30.076666666666668,2.5664285714285713,0.09157894736842105,29.666666666666668,0.0,27,N1 - Boa
2012-11-12,,,,,,54.44958333333333,27.48888888888889,12.450000000000001,0.2275,35.041666666666664,0.0,31,N1 - Boa
2012-11-13,,,,,,88.56854166666666,19.784444444444446,6.313157894736842,0.240625,22.625,24.4,20,N1 - Boa
2012-11-14,,,,,,76.985,20.832083333333333,10.840833333333334,0.585,27.75,10.0,25,N1 - Boa
2012-11-15,,,,,,79.21666666666667,19.6775,15.805416666666666,0.11791666666666667,15.833333333333334,7.6,14,N1 - Boa
2012-11-16,,,,,,80.08125,20.21708333333333,6.692083333333333,0.45125,32.958333333333336,1.4,29,N1 - Boa
2012-11-17,,,,,,79.8875,20.24041666666667,11.685,0.27625,23.541666666666668,13.799999999999999,21,N1 - Boa
2012-11-18,,,,,,69.91166666666666,22.480416666666667,16.701666666666668,0.2525,20.333333333333332,0.4,18,N1 - Boa
2012-11-19,,,,,,61.24458333333333,24.575,16.81833333333333,0.35791666666666666,32.375,0.0,28,N1 - Boa
2012-11-20,,,,,,71.91375,23.28833333333333,10.220416666666667,0.4170833333333333,28.5,1.0,25,N1 - Boa
2012-11-21,,,,,,65.46041666666666,25.084999999999997,25.13875,0.5025000000000001,39.041666666666664,0.0,35,N1 - Boa
2012-11-22,,,,,,67.01625,24.199166666666667,9.726666666666667,0.38916666666666666,34.5,0.0,30,N1 - Boa
2012-11-23,,,,,,68.89416666666666,24.096666666666668,16.00916666666667,0.2529166666666667,33.020833333333336,0.0,29,N1 - Boa
2012-11-24,,,,,,68.65041666666666,25.89375,38.533750000000005,0.16416666666666668,47.833333333333336,6.8,42,N2 - Moderada
2012-11-25,,,,,,81.02083333333333,22.80541666666667,26.26375,0.38916666666666666,37.625,2.4000000000000004,34,N1 - Boa
2012-11-26,,,,,,85.68541666666665,22.10375,15.152083333333332,0.042083333333333334,24.541666666666668,8.8,22,N1 - Boa
2012-11-27,,,,,,86.86041666666667,21.743333333333336,5.146249999999999,0.4633333333333334,23.916666666666668,15.999999999999998,21,N1 - Boa
2012-11-28,,,,,,74.85583333333334,23.661666666666665,17.419583333333332,0.7279166666666667,34.5,1.7999999999999998,30,N1 - Boa
2012-11-29,,,,,,72.27125,24.624166666666667,15.600833333333334,0.5625,26.375,0.0,23,N1 - Boa
2012-11-30,,,,,,66.69625,24.54625,18.288333333333334,0.4870833333333333,30.104166666666668,0.0,27,N1 - Boa
2012-12-01,,,,,,64.01583333333333,25.479166666666668,21.474999999999998,0.5058333333333334,31.041666666666668,0.0,28,N1 - Boa
2012-12-02,,,,,,66.885,26.692083333333333,29.588333333333335,0.5925,32.375,3.0,29,N1 - Boa
2012-12-03,,,,,,70.01041666666667,26.26875,23.315416666666668,0.5416666666666666,37.5,0.0,34,N1 - Boa
2012-12-04,,,,,,66.95958333333333,26.944999999999997,14.178333333333335,0.42083333333333334,37.791666666666664,0.0,34,N1 - Boa
2012-12-05,,,,,,61.82708333333333,27.929583333333337,12.571666666666667,0.5383333333333333,35.291666666666664,0.0,31,N1 - Boa
2012-12-06,,,,,,55.59583333333333,29.5575,14.589999999999998,0.6658333333333334,40.375,0.0,36,N1 - Boa
2012-12-07,,,,,,53.26333333333333,30.6925,26.441249999999997,0.8775,54.375,0.0,47,N2 - Moderada
2012-12-08,,,,,,56.46458333333334,30.68041666666667,62.221111111111114,0.62125,53.375,0.0,75,N2 - Moderada
2012-12-09,,,,,,72.50166666666667,26.197916666666668,,0.26416666666666666,33.3125,0.0,29,N1 - Boa
2012-12-10,,,,,,68.03666666666668,26.17833333333333,,0.27958333333333335,32.125,0.0,28,N1 - Boa
2012-12-11,,,,,,55.971666666666664,30.543333333333333,20.224166666666665,0.5958333333333333,44.5625,0.0,40,N1 - Boa
2012-12-12,,,,,,65.92291666666667,27.623333333333335,26.71625,0.49291666666666667,39.270833333333336,0.2,35,N1 - Boa
2012-12-13,,,,,,72.06083333333333,26.828333333333333,20.026666666666667,0.6537499999999999,37.375,5.3999999999999995,33,N1 - Boa
2012-12-14,,,,,,78.42,25.587083333333336,9.4525,0.9266666666666667,36.166666666666664,26.4,32,N1 - Boa
2012-12-15,,,,,,76.11291666666666,26.324166666666667,20.735,0.64125,32.083333333333336,5.3999999999999995,28,N1 - Boa
2012-12-16,,,,,,77.20666666666666,26.41875,39.245416666666664,0.5770833333333333,33.125,2.6,30,N1 - Boa
2012-12-17,,,,,,66.42625,28.27625,17.65375,0.63375,33.333333333333336,0.0,29,N1 - Boa
2012-12-18,,,,,,62.46875,29.187916666666666,9.451666666666666,0.4725,35.708333333333336,0.0,32,N1 - Boa
2012-12-19,,,,,,72.49875,27.014166666666668,19.285833333333333,0.58375,32.375,1.0,28,N1 - Boa
2012-12-20,,,,,,63.379999999999995,29.00125,13.800833333333332,0.8883333333333333,39.791666666666664,0.0,36,N1 - Boa
2012-12-21,,,,,,59.29666666666666,29.34125,26.237916666666667,0.5033333333333333,33.875,0.0,30,N1 - Boa
2012-12-22,,,,,,61.72416666666666,29.43041666666667,26.589166666666667,0.4395833333333334,35.479166666666664,0.0,31,N1 - Boa
2012-12-23,,,,,,69.21958333333333,27.488333333333333,35.48,0.26791666666666664,23.291666666666668,0.0,23,N1 - Boa
2012-12-24,,,,,,62.57874999999999,28.294583333333335,24.565416666666668,0.37166666666666665,22.875,0.0,20,N1 - Boa
2012-12-25,,,,,,52.971666666666664,31.29625,33.46541666666666,0.3025,24.791666666666668,0.0,28,N1 - Boa
2012-12-26,,,,,,49.45333333333334,32.6025,28.677083333333332,0.71125,42.25,0.2,37,N1 - Boa
2012-12-27,,,,,,59.22958333333333,30.4175,19.334999999999997,0.6479166666666667,45.166666666666664,0.0,40,N1 - Boa
2012-12-28,,,,,,65.96541666666667,28.690416666666668,20.644583333333333,0.6054166666666666,42.0,0.0,37,N1 - Boa
2012-12-29,,,,,,63.183749999999996,28.55541666666667,28.400833333333335,0.5087499999999999,59.583333333333336,0.0,51,N2 - Moderada
2012-12-30,,,,,,67.705,27.567083333333333,46.28,0.43875,41.125,0.8,37,N1 - Boa
2012-12-31,,,,,,60.262499999999996,29.335833333333337,33.11416666666667,0.42416666666666664,38.333333333333336,0.2,34,N1 - Boa
2013-01-01,,,,,,47.10041666666667,31.741666666666664,31.284583333333334,0.41875,34.625,0.0,31,N1 - Boa
2013-01-02,,,,,,62.70541666666667,28.727083333333336,33.67,0.2529166666666667,29.875,0.0,27,N1 - Boa
2013-01-03,,,,,,87.63583333333334,23.809583333333336,12.449166666666668,0.36125,23.458333333333332,12.6,20,N1 - Boa
2013-01-04,,,,,,81.3075,24.1275,7.892916666666667,0.4429166666666667,23.5,0.4,21,N1 - Boa
2013-01-05,,,,,,71.03208333333333,26.0775,19.39625,0.16541666666666668,28.416666666666668,0.0,25,N1 - Boa
2013-01-06,,,,,,59.41375,29.10083333333333,27.761666666666667,0.5225,34.083333333333336,0.0,30,N1 - Boa
2013-01-07,,,,,,50.718333333333334,30.3775,23.648750000000003,0.5795833333333333,46.5,0.0,41,N2 - Moderada
2013-01-08,,,,,,50.60958333333334,31.599999999999998,24.218333333333334,0.6575,39.25,0.0,35,N1 - Boa
2013-01-09,,,,,,63.42875,28.80916666666667,12.659583333333332,0.58375,38.041666666666664,2.1999999999999997,34,N1 - Boa
2013-01-10,,,,,,85.46666666666665,24.049166666666668,4.676666666666667,0.5297916666666667,24.875,38.599999999999994,22,N1 - Boa
2013-01-11,,,,,,82.78333333333333,21.281666666666666,5.4425,0.49541666666666667,20.708333333333332,5.000000000000001,19,N1 - Boa
2013-01-12,,,,,,78.72458333333334,22.76,7.986666666666667,0.42291666666666666,32.291666666666664,0.8,28,N1 - Boa
2013-01-13,,,,,,75.15541666666667,25.321250000000003,22.5125,0.5670833333333333,36.916666666666664,0.0,33,N1 - Boa
2013-01-14,,,,,,75.20916666666666,24.72375,15.681666666666667,0.625,25.416666666666668,6.6,22,N1 - Boa
2013-01-15,,,,,,76.02916666666667,24.30125,13.510416666666666,0.5779166666666666,26.375,44.2,23,N1 - Boa
2013-01-16,,,,,,75.09583333333333,25.50708333333333,8.409583333333334,0.8145833333333333,35.166666666666664,1.9999999999999998,31,N1 - Boa
2013-01-17,,,,,,72.21375,26.605416666666667,17.115416666666665,0.5575,29.916666666666668,59.8,27,N1 - Boa
2013-01-18,,,,,,75.53458333333333,25.334999999999997,26.852083333333336,0.6483333333333333,26.541666666666668,2.0,24,N1 - Boa
2013-01-19,,,,,,72.16916666666667,26.585833333333337,22.507499999999997,0.48208333333333336,32.791666666666664,6.2,29,N1 - Boa
2013-01-20,,,,,,76.4525,24.712083333333336,13.260416666666666,0.30624999999999997,12.0,8.2,11,N1 - Boa
2013-01-21,,,,,,79.60083333333334,23.354166666666668,4.64125,0.6416666666666667,19.458333333333332,14.4,17,N1 - Boa
2013-01-22,,,,,,79.63625,23.087083333333336,3.5108333333333337,0.5220833333333333,21.395833333333332,46.2,19,N1 - Boa
2013-01-23,,,,,,64.96916666666667,25.582083333333333,9.5375,0.39166666666666666,27.916666666666668,0.0,25,N1 - Boa
2013-01-24,,,,,,64.0425,26.160833333333333,14.893333333333333,0.60125,32.666666666666664,0.0,29,N1 - Boa
2013-01-25,,,,,,55.32333333333333,30.65625,8.08875,0.6404166666666667,40.333333333333336,0.0,36,N1 - Boa
2013-01-26,,,,,,74.48833333333333,26.977083333333336,23.252916666666668,0.3329166666666667,19.7,34.8,18,N1 - Boa
2013-01-27,,,,,,75.53958333333334,23.985,18.815833333333334,0.20833333333333334,22.153846153846153,1.2,20,N1 - Boa
2013-01-28,,,,,,74.56208333333333,23.008750000000003,12.816666666666668,0.4495833333333334,16.083333333333332,1.8000000000000003,14,N1 - Boa
2013-01-29,,,,,,85.78833333333334,21.87125,4.445,0.48666666666666664,15.166666666666666,3.8,13,N1 - Boa
2013-01-30,,,,,,71.5775,24.71291666666667,4.99,0.45166666666666666,19.0,0.0,17,N1 - Boa
2013-01-31,,,,,,72.53083333333333,26.035,5.263333333333333,0.5279166666666667,19.583333333333332,0.0,18,N1 - Boa
2013-02-01,,,,,,70.08666666666666,27.30458333333333,10.420416666666666,0.5254166666666666,21.375,0.0,19,N1 - Boa
2013-02-02,,,,,,63.26791666666667,29.1925,16.914583333333333,0.40625,19.916666666666668,0.0,18,N1 - Boa
2013-02-03,,,,,,64.12708333333333,28.2675,19.410833333333333,0.4475,24.25,4.6,21,N1 - Boa
2013-02-04,,,,,,81.60791666666667,24.22,6.377916666666667,0.5383333333333333,18.354166666666668,22.6,16,N1 - Boa
2013-02-05,,,,,,79.49708333333334,23.047916666666666,9.080416666666666,0.5004166666666666,20.708333333333332,24.0,19,N1 - Boa
2013-02-06,,,,,,71.64,24.274583333333336,9.814583333333333,0.3045833333333333,17.791666666666668,0.0,16,N1 - Boa
2013-02-07,,,,,,78.15833333333333,24.72,9.897083333333333,0.799375,27.842105263157894,2.0,25,N1 - Boa
2013-02-08,,,,,,73.25291666666666,26.374583333333334,21.5975,0.7116666666666666,42.333333333333336,0.0,37,N1 - Boa
2013-02-09,,,,,,74.97625000000001,26.745416666666667,20.96,0.6379166666666667,53.083333333333336,0.0,46,N2 - Moderada
2013-02-10,,,,,,68.07875,27.997083333333332,16.4575,0.45333333333333337,40.5,0.0,36,N1 - Boa
2013-02-11,,,,,,63.61375,29.062916666666666,24.974999999999998,0.4583333333333333,40.583333333333336,0.0,36,N1 - Boa
2013-02-12,,,,,,54.193333333333335,30.23625,22.292083333333334,0.30125,32.125,0.0,28,N1 - Boa
2013-02-13,,,,,,63.99625,28.96875,27.659166666666668,0.41,38.0,0.0,34,N1 - Boa
2013-02-14,,,,,,62.32416666666666,29.445833333333336,25.16416666666667,0.34833333333333333,43.541666666666664,0.0,39,N1 - Boa
2013-02-15,,,,,,62.01166666666666,29.222916666666666,21.979166666666668,0.5808333333333333,46.125,0.0,41,N2 - Moderada
2013-02-16,,,,,,59.487500000000004,30.122500000000002,34.41375,0.46625,46.125,0.0,41,N2 - Moderada
2013-02-17,,,,,,58.546666666666674,30.393333333333334,35.53041666666667,0.22041666666666668,41.833333333333336,0.0,37,N1 - Boa
2013-02-18,,,,,,55.0625,30.655833333333334,24.927083333333332,0.5599999999999999,39.916666666666664,0.0,36,N1 - Boa
2013-02-19,,,,,,64.11958333333334,29.019166666666667,15.69,0.29,35.291666666666664,0.0,31,N1 - Boa
2013-02-20,,,,,,59.74,28.77625,10.830416666666666,0.4704166666666667,39.208333333333336,0.0,35,N1 - Boa
2013-02-21,,,,,,52.78916666666667,29.897916666666664,13.6425,0.42375,32.041666666666664,0.0,28,N1 - Boa
2013-02-22,,,,,,55.3775,30.187916666666666,16.71,0.5779166666666667,39.25,0.0,35,N1 - Boa
2013-02-23,,,,,,65.19625,28.416666666666668,33.08416666666667,0.3120833333333333,30.125,0.0,27,N1 - Boa
2013-02-24,,,,,,63.930416666666666,28.0,24.427083333333332,0.23791666666666667,26.708333333333332,0.0,24,N1 - Boa
2013-02-25,,,,,,52.20666666666667,30.10875,12.711666666666666,0.5602083333333333,32.1875,0.0,28,N1 - Boa
2013-02-26,,,,,,60.97125,29.178749999999997,20.960416666666667,0.6020833333333333,48.166666666666664,19.8,42,N2 - Moderada
2013-02-27,,,,,,69.25666666666667,26.310833333333335,21.39708333333333,0.5991666666666667,25.125,6.0,22,N1 - Boa
2013-02-28,,,,,,75.79208333333334,24.63,13.014583333333333,0.6170833333333333,24.208333333333332,1.5999999999999999,21,N1 - Boa
2013-03-01,,,,,,79.43458333333334,22.840416666666666,10.63125,0.5691666666666667,17.916666666666668,4.800000000000001,16,N1 - Boa
2013-03-02,,,,,,81.69625,23.162916666666664,8.686666666666666,0.5554166666666667,15.333333333333334,3.4000000000000004,13,N1 - Boa
2013-03-03,,,,,,71.71374999999999,26.481666666666666,21.479166666666668,0.45333333333333337,16.208333333333332,0.0,18,N1 - Boa
2013-03-04,,,,,,57.947916666666664,29.35375,15.094583333333333,0.7370833333333334,28.041666666666668,0.0,25,N1 - Boa
2013-03-05,,,,,,62.675000000000004,28.59,22.113333333333333,0.6016666666666667,31.333333333333332,56.6,28,N1 - Boa
2013-03-06,,,,,,69.91104166666666,27.717291666666668,12.963541666666666,0.7835416666666667,43.458333333333336,0.2,38,N1 - Boa
2013-03-07,,,,,,66.03458333333333,28.353333333333335,21.640208333333334,0.50125,38.291666666666664,0.0,34,N1 - Boa
2013-03-08,,,,,,71.21375,28.114166666666666,18.727083333333333,0.43416666666666665,38.541666666666664,0.0,35,N1 - Boa
2013-03-09,,,,,,68.62708333333333,27.969166666666666,16.137083333333333,0.48041666666666666,41.625,1.6,37,N1 - Boa
2013-03-10,,,,,,64.54708333333333,28.76125,15.691666666666668,0.4666666666666666,29.666666666666668,3.6,27,N1 - Boa
2013-03-11,,,,,,72.34,27.214166666666667,11.959166666666667,0.6,28.75,22.4,26,N1 - Boa
2013-03-12,,,,,,71.06416666666667,27.66208333333333,12.284166666666666,0.49374999999999997,35.916666666666664,0.0,32,N1 - Boa
2013-03-13,,,,,,69.92958333333333,28.78125,20.392083333333336,0.6420833333333333,42.625,2.6,38,N1 - Boa
2013-03-14,,,,,,75.83791666666666,25.375416666666666,5.101666666666667,0.41124999999999995,30.708333333333332,1.7999999999999998,28,N1 - Boa
2013-03-15,,,,,,72.7475,25.355416666666667,6.127083333333334,0.25105263157894736,28.416666666666668,0.0,25,N1 - Boa
2013-03-16,,,,,,73.96166666666666,26.6575,14.524583333333332,0.42166666666666663,22.916666666666668,0.8,20,N1 - Boa
2013-03-17,,,,,,77.17666666666666,26.14833333333333,15.302916666666667,0.3925,27.458333333333332,42.199999999999996,24,N1 - Boa
2013-03-18,,,,,,79.42375,22.750416666666666,9.839166666666666,0.4658333333333333,24.25,26.200000000000003,21,N1 - Boa
2013-03-19,,,,,,72.62833333333333,22.522916666666664,4.940416666666667,0.4375,28.208333333333332,2.0,25,N1 - Boa
2013-03-20,,,,,,71.63666666666667,24.07166666666667,6.8620833333333335,0.39625,34.583333333333336,0.0,31,N1 - Boa
2013-03-21,,,,,,72.78458333333333,25.93166666666667,5.45,0.6208333333333333,29.958333333333332,0.0,27,N1 - Boa
2013-03-22,,,,,,74.25,26.91,21.57875,0.6991666666666667,53.625,0.0,47,N2 - Moderada
2013-03-23,,,,,,74.07541666666667,26.305000000000003,11.72375,0.4991666666666667,33.833333333333336,8.4,30,N1 - Boa
2013-03-24,,,,,,78.80875,24.734583333333333,12.946250000000001,0.29375,14.666666666666666,2.2,13,N1 - Boa
2013-03-25,,,,,,69.94166666666666,26.198333333333334,7.692083333333333,0.6658333333333334,27.416666666666668,0.0,24,N1 - Boa
2013-03-26,,,,,,75.42458333333333,25.053749999999997,3.4508333333333336,0.5916666666666667,34.666666666666664,17.400000000000002,31,N1 - Boa
2013-03-27,,,,,,84.20708333333333,23.045,0.8270833333333334,0.62875,28.25,4.0,25,N1 - Boa
2013-03-28,,,,,,66.61874999999999,24.515416666666667,14.61625,0.32583333333333336,26.083333333333332,3.4000000000000004,23,N1 - Boa
2013-03-29,,,,,,69.92875,24.274583333333336,14.93,0.23750000000000002,17.583333333333332,5.2,16,N1 - Boa
2013-03-30,,,,,,74.89916666666666,22.89708333333333,9.502083333333333,0.42083333333333334,21.083333333333332,6.6000000000000005,19,N1 - Boa
2013-03-31,,,,,,71.38125000000001,24.845,16.746666666666666,0.36541666666666667,17.0,0.0,15,N1 - Boa
2013-04-01,,,,,,73.60208333333334,25.86708333333333,14.240833333333333,0.4079166666666667,40.125,0.0,36,N1 - Boa
2013-04-02,,,,,,76.315,25.441666666666666,10.084166666666667,0.5325,24.208333333333332,18.2,21,N1 - Boa
2013-04-03,,,,,,82.15583333333333,23.84166666666667,3.235416666666667,0.60125,25.0,8.2,22,N1 - Boa
2013-04-04,,,,,,70.19291666666668,25.870833333333334,6.437916666666666,0.5104166666666666,23.083333333333332,0.0,20,N1 - Boa
2013-04-05,,,,,,79.29894736842105,25.057368421052633,,0.47833333333333333,33.578947368421055,2.0000000000000004,30,N1 - Boa
2013-04-06,,,,,,74.25291666666666,26.568749999999998,19.380000000000003,0.63,26.333333333333332,0.0,23,N1 - Boa
2013-04-07,,,,,,74.00750000000001,25.83125,27.106785714285714,0.4808333333333334,22.979166666666668,0.0,20,N1 - Boa
2013-04-08,,,,,,66.75458333333334,25.3075,19.051111111111112,0.4054166666666667,26.583333333333332,0.0,24,N1 - Boa
2013-04-09,,,,,,72.68541666666667,24.112083333333334,9.731315789473685,0.5008333333333334,26.375,0.0,23,N1 - Boa
2013-04-10,,,,,,69.43708333333333,24.056250000000002,7.90875,0.43145833333333333,31.5625,0.0,28,N1 - Boa
2013-04-11,,,,,,63.52041666666667,25.817083333333333,10.509375,0.3979166666666667,31.291666666666668,0.0,28,N1 - Boa
2013-04-12,,,,,,63.01791666666667,26.99083333333333,8.106250000000001,0.5750000000000001,32.916666666666664,0.0,29,N1 - Boa
2013-04-13,,,,,,69.81916666666667,26.35875,12.042499999999999,0.4366666666666667,31.166666666666668,31.4,28,N1 - Boa
2013-04-14,,,,,,80.01541666666667,21.586249999999996,19.41541666666667,0.3225,20.875,12.2,19,N1 - Boa
2013-04-15,,,,,,71.12333333333333,22.04416666666667,3.0445833333333336,0.5641666666666666,29.125,0.4,26,N1 - Boa
2013-04-16,,,,,,61.78541666666666,24.13291666666667,14.213333333333333,0.5516666666666666,45.0,0.0,40,N1 - Boa
2013-04-17,,,,,,55.088750000000005,23.775833333333335,17.497083333333332,0.29458333333333336,31.916666666666668,0.0,28,N1 - Boa
2013-04-18,,,,,,64.95041666666667,22.777083333333334,6.534583333333334,0.49291666666666667,40.75,0.0,36,N1 - Boa
2013-04-19,,,,,,68.14291666666666,23.392083333333332,2.985416666666667,0.6425,31.416666666666668,0.0,28,N1 - Boa
2013-04-20,,,,,,65.99374999999999,23.113333333333333,11.85,0.40875,24.0,0.4,21,N1 - Boa
2013-04-21,,,,,,74.20041666666667,21.77,12.728333333333333,0.26458333333333334,19.291666666666668,1.0,17,N1 - Boa
2013-04-22,,,,,,67.89874999999999,22.919583333333335,5.922916666666667,0.5504166666666667,33.125,0.0,29,N1 - Boa
2013-04-23,,,,,,65.0475,23.101249999999997,18.7425,0.2675,18.75,0.0,17,N1 - Boa
2013-04-24,,,,,,64.09375,22.94541666666667,8.982916666666666,0.34708333333333335,26.333333333333332,0.0,23,N1 - Boa
2013-04-25,,,,,,66.17833333333333,22.584166666666665,6.912083333333334,0.43875,32.458333333333336,0.0,28,N1 - Boa
2013-04-26,,,,,,67.17041666666667,22.85291666666667,13.705,0.4795833333333333,32.625,0.0,29,N1 - Boa
2013-04-27,,,,,,83.80142857142857,20.392857142857142,0.09571428571428572,0.5614285714285715,58.5,0.0,50,N2 - Moderada
2013-04-28,,,,,,,,,,,,,
2013-04-29,,,,,,,,,,,,,
2013-04-30,,,,,,,,,,,,,
2013-05-01,,,,,,,,,,,,,
2013-05-02,,,,,,,,,,,,,
2013-05-03,,,,,,,,,,,,,
2013-05-04,,,,,,,,,,,,,
2013-05-05,,,,,,69.765,26.213,,,,0.0,,
2013-05-06,,,,,,77.47,20.53875,5.555454545454546,0.5555555555555556,33.958333333333336,9.0,30,N1 - Boa
2013-05-07,,,,,,66.80624999999999,21.38,8.444583333333334,0.5325000000000001,36.5,0.0,32,N1 - Boa
2013-05-08,,,,,,56.67625,21.47083333333333,13.924166666666666,0.36166666666666664,32.625,3.2,29,N1 - Boa
2013-05-09,,,,,,64.69791666666667,20.949166666666667,11.208333333333334,0.5508333333333334,48.5,0.0,42,N2 - Moderada
2013-05-10,,,,,,65.37208333333334,21.951666666666668,9.9425,0.45249999999999996,35.75,0.0,32,N1 - Boa
2013-05-11,,,,,,62.20291666666666,22.284583333333334,15.036666666666667,0.2658333333333333,24.916666666666668,0.0,22,N1 - Boa
2013-05-12,,,,,,65.21458333333334,22.961249999999996,15.974166666666667,0.28791666666666665,21.75,0.0,20,N1 - Boa
2013-05-13,,,,,,69.04833333333333,23.744583333333335,4.953333333333333,0.535,40.208333333333336,0.0,36,N1 - Boa
2013-05-14,,,,,,65.42416666666666,25.510416666666668,9.619166666666667,0.7091666666666666,52.541666666666664,0.0,46,N2 - Moderada
2013-05-15,,,,,,62.775,26.48125,6.575,0.8104166666666667,57.75,0.0,50,N2 - Moderada
2013-05-16,,,,,,63.26833333333334,26.049583333333334,11.27375,0.6695833333333333,54.166666666666664,0.0,47,N2 - Moderada
2013-05-17,,,,,,87.90208333333334,20.833333333333332,12.4825,0.49625,17.833333333333332,41.599999999999994,16,N1 - Boa
2013-05-18,,,,,,81.93708333333333,20.030416666666667,10.781666666666666,0.32708333333333334,20.875,2.4,19,N1 - Boa
2013-05-19,,,,,,69.1975,21.661666666666665,21.819166666666664,0.22333333333333336,16.416666666666668,0.0,14,N1 - Boa
2013-05-20,,,,,,69.07083333333334,22.594583333333333,13.308333333333332,0.43541666666666673,25.333333333333332,0.0,22,N1 - Boa
2013-05-21,,,,,,67.395,23.8025,8.550208333333334,0.4935416666666667,34.208333333333336,0.0,30,N1 - Boa
2013-05-22,,,,,,66.61,22.795,5.220833333333333,0.5379166666666667,26.708333333333332,2.2,24,N1 - Boa
2013-05-23,,,,,,77.99833333333333,20.906666666666666,2.9,0.53625,29.375,3.0,26,N1 - Boa
2013-05-24,,,,,,78.5725,20.384583333333335,4.1570833333333335,0.5704166666666667,21.5,5.4,20,N1 - Boa
2013-05-25,,,,,,71.97875,21.315416666666668,9.770833333333334,0.2783333333333333,19.541666666666668,4.0,18,N1 - Boa
2013-05-26,,,,,,68.96166666666666,21.47583333333333,17.989583333333332,0.27375,15.291666666666666,0.0,13,N1 - Boa
2013-05-27,,,,,,62.64416666666667,22.412916666666664,6.300000000000001,0.5791666666666667,33.625,0.0,30,N1 - Boa
2013-05-28,,,,,,66.97569444444444,22.980694444444442,8.07013888888889,0.5248611111111111,40.958333333333336,1.5999999999999999,36,N1 - Boa
2013-05-29,,,,,,65.04472222222222,23.88513888888889,1.984861111111111,0.711388888888889,45.875,0.4,41,N2 - Moderada
2013-05-30,,,,,,63.72625,24.14708333333333,13.170416666666666,0.37000000000000005,24.791666666666668,2.2,22,N1 - Boa
2013-05-31,,,,,,79.21333333333332,20.327083333333334,11.242916666666666,0.32,24.479166666666668,4.6,21,N1 - Boa
2013-06-01,,,,,,73.12291666666667,21.93875,8.62,0.5041666666666667,33.5,0.0,30,N1 - Boa
2013-06-02,,,,,,67.60875,24.075416666666666,12.757083333333334,0.48583333333333334,28.791666666666668,0.0,26,N1 - Boa
2013-06-03,,,,,,83.45708333333333,21.02625,2.9525,0.5504166666666667,27.666666666666668,25.000000000000004,25,N1 - Boa
2013-06-04,,,,,,81.25541666666666,20.16541666666667,4.357083333333333,0.435,26.833333333333332,7.0,24,N1 - Boa
2013-06-05,,,,,,78.37666666666667,21.4525,5.30125,0.51125,41.541666666666664,0.0,37,N1 - Boa
2013-06-06,,,,,,69.99166666666666,23.54125,4.069166666666667,0.94625,49.1875,0.0,43,N2 - Moderada
2013-06-07,,,,,,76.48041666666667,23.044583333333335,9.61125,0.94125,52.0,0.0,45,N2 - Moderada
2013-06-08,,,,,,76.48458333333333,22.98625,25.525833333333335,0.3425,25.083333333333332,0.0,22,N1 - Boa
2013-06-09,,,,,,69.50541666666668,22.975416666666664,31.25125,0.25166666666666665,25.666666666666668,0.0,23,N1 - Boa
2013-06-10,,,,,,67.65458333333333,23.142916666666665,17.48,0.7720833333333333,38.291666666666664,0.0,34,N1 - Boa
2013-06-11,,,,,,61.91,23.3475,4.754166666666666,0.92125,45.5,0.0,41,N2 - Moderada
2013-06-12,,,,,,71.22916666666667,22.89625,8.679166666666667,0.795,62.916666666666664,0.0,53,N2 - Moderada
2013-06-13,,,,,,73.31791666666668,23.02333333333333,6.777916666666667,0.7116666666666666,52.916666666666664,0.0,46,N2 - Moderada
2013-06-14,,,,,,73.62083333333334,22.909583333333334,17.7575,0.5658333333333333,34.083333333333336,5.4,30,N1 - Boa
2013-06-15,,,,,,78.51104166666666,20.662499999999998,16.3825,0.53,23.25,2.2,20,N1 - Boa
2013-06-16,,,,,,73.58333333333333,21.904583333333335,18.420416666666664,0.5437500000000001,25.541666666666668,0.0,23,N1 - Boa
2013-06-17,,,,,,67.01541666666667,22.865,4.940416666666667,0.8445833333333334,39.125,0.6000000000000001,35,N1 - Boa
2013-06-18,,,,,,67.42916666666666,22.677916666666665,14.719583333333333,0.6708333333333334,20.77777777777778,0.0,19,N1 - Boa
2013-06-19,,,,,,76.00333333333333,22.081666666666667,7.559166666666666,0.5354166666666667,29.0,0.0,26,N1 - Boa
2013-06-20,,,,,,79.45375,22.060833333333335,13.76625,0.59,58.791666666666664,0.0,50,N2 - Moderada
2013-06-21,,,,,,65.27666666666667,24.0425,9.664166666666667,0.8029166666666666,54.833333333333336,0.0,48,N2 - Moderada
2013-06-22,,,,,,54.66083333333333,24.854583333333334,9.954583333333334,0.4429166666666666,36.583333333333336,0.0,33,N1 - Boa
2013-06-23,,,,,,69.86166666666666,20.822916666666668,19.507916666666667,0.28458333333333335,21.25,0.0,19,N1 - Boa
2013-06-24,,,,,,70.47791666666667,20.97625,13.2975,0.4633333333333333,28.833333333333332,0.4,26,N1 - Boa
2013-06-25,,,,,,64.03125,22.7325,10.61,0.455,36.708333333333336,0.0,33,N1 - Boa
2013-06-26,,,,,,70.80208333333333,22.74083333333333,3.24875,0.6095833333333334,46.541666666666664,0.0,42,N2 - Moderada
2013-06-27,,,,,,75.98666666666666,22.83666666666667,5.087083333333333,0.8091666666666666,60.875,0.2,52,N2 - Moderada
2013-06-28,,,,,,79.52166666666666,22.22791666666667,7.548333333333333,0.6004166666666667,30.833333333333332,0.2,28,N1 - Boa
2013-06-29,,,,,,67.53333333333333,24.96041666666667,12.187083333333334,0.7941666666666668,40.916666666666664,0.0,36,N1 - Boa
2013-06-30,,,,,,75.53958333333334,23.227083333333336,14.832083333333332,0.6749999999999999,35.208333333333336,0.0,31,N1 - Boa
2013-07-01,,,,,,77.97416666666668,22.5825,11.938958333333334,0.48458333333333337,26.9375,11.2,24,N1 - Boa
2013-07-02,,,,,,81.49791666666667,19.08625,12.145416666666668,0.46187500000000004,19.125,33.6,17,N1 - Boa
2013-07-03,,,,,,64.90375,20.421666666666667,10.394166666666667,0.35375,28.875,0.0,26,N1 - Boa
2013-07-04,,,,,,63.21958333333333,20.9675,8.999166666666666,0.3933333333333333,28.291666666666668,0.0,25,N1 - Boa
2013-07-05,,,,,,66.47375,20.93625,7.767916666666667,0.52125,29.5,0.0,27,N1 - Boa
2013-07-06,,,,,,69.64791666666666,21.145833333333332,7.717083333333334,0.49666666666666665,31.541666666666668,0.0,28,N1 - Boa
2013-07-07,,,,,,64.76208333333334,22.327083333333334,15.062916666666666,0.8279166666666667,60.375,0.0,51,N2 - Moderada
2013-07-08,,,,,,71.33291666666666,21.017500000000002,10.196666666666667,0.6925,48.708333333333336,7.8,43,N2 - Moderada
2013-07-09,,,,,,69.43625,20.09375,16.606666666666666,0.3625,29.083333333333332,0.0,26,N1 - Boa
2013-07-10,,,,,,67.29458333333334,19.862083333333334,8.206666666666667,0.365,34.875,0.0,31,N1 - Boa
2013-07-11,,,,,,64.67708333333333,20.4075,11.5775,0.3441666666666667,23.145833333333332,0.0,20,N1 - Boa
2013-07-12,,,,,,67.41583333333334,21.021666666666665,5.2625,0.6862499999999999,39.916666666666664,0.0,36,N1 - Boa
2013-07-13,,,,,,67.66458333333334,22.855833333333333,6.451249999999999,0.725,41.958333333333336,0.0,37,N1 - Boa
2013-07-14,,,,,,67.59,23.8075,12.935416666666667,0.9533333333333333,48.583333333333336,35.599999999999994,43,N2 - Moderada
2013-07-15,,,,,,67.515,23.13416666666667,21.477083333333336,0.4808333333333333,30.958333333333332,1.4,28,N1 - Boa
2013-07-16,,,,,,73.73541666666667,20.517916666666668,11.926666666666668,0.445,25.833333333333332,4.800000000000001,23,N1 - Boa
2013-07-17,,,,,,70.33541666666666,21.631666666666664,9.90125,0.5583333333333333,37.0,0.0,33,N1 - Boa
2013-07-18,,,,,,66.29416666666667,24.158749999999998,5.78125,1.1758333333333333,67.0,0.0,56,N2 - Moderada
2013-07-19,,,,,,64.89833333333333,24.64625,11.2025,0.9129166666666667,72.20833333333333,0.6,60,N2 - Moderada
2013-07-20,,,,,,72.33291666666666,24.403333333333332,11.715000000000002,0.7679166666666667,47.666666666666664,0.0,42,N2 - Moderada
2013-07-21,,,,,,62.4725,25.067083333333333,20.763333333333332,0.42291666666666666,31.875,0.0,28,N1 - Boa
2013-07-22,,,,,,75.12666666666667,23.691666666666666,7.693541666666666,0.48374999999999996,40.833333333333336,0.0,36,N1 - Boa
2013-07-23,,,,,,71.69208333333334,19.729166666666668,16.029166666666665,0.25375,13.5,0.0,12,N1 - Boa
2013-07-24,,,,,,76.93333333333334,14.882083333333334,10.510416666666666,0.31583333333333335,17.041666666666668,13.8,15,N1 - Boa
2013-07-25,,,,,,84.75958333333334,15.09125,2.2445833333333334,0.42625,17.416666666666668,11.6,15,N1 - Boa
2013-07-26,,,,,,69.25458333333333,17.637916666666666,11.50625,0.32583333333333336,19.541666666666668,2.1999999999999997,18,N1 - Boa
2013-07-27,,,,,,91.40857142857143,16.14142857142857,1.967142857142857,0.24857142857142858,10.75,1.6,10,N1 - Boa
2013-07-28,,,,,,,,,,,,,
2013-07-29,,,,,,63.535384615384615,20.03153846153846,0.0,,,0.0,,
2013-07-30,,,,,,81.8335,15.986,0.0,,,0.0,0,N1 - Boa
2013-07-31,,,,,,,,,,,,,
2013-08-01,,,,,,54.197272727272725,23.536363636363635,4.079999999999999,,63.625,0.0,54,N2 - Moderada
2013-08-02,,,,,,65.21583333333334,22.540000000000003,9.833333333333334,1.3177083333333333,98.20833333333333,0.0,79,N2 - Moderada
2013-08-03,,,,,,58.58958333333334,23.849999999999998,15.110833333333334,1.2591666666666665,104.0,0.0,83,N3 - Ruim
2013-08-04,,,,,,63.63291666666667,23.60083333333333,16.6225,0.75375,68.20833333333333,0.0,57,N2 - Moderada
2013-08-05,,,,,,71.61749999999999,21.456666666666667,15.091666666666667,0.3345833333333333,51.791666666666664,0.0,45,N2 - Moderada
2013-08-06,,,,,,68.73,22.481666666666666,16.412499999999998,0.48875,53.0,0.0,46,N2 - Moderada
2013-08-07,,,,,,71.21583333333334,22.119583333333335,21.415000000000003,0.6141666666666666,55.916666666666664,0.0,48,N2 - Moderada
2013-08-08,,,,,,64.54166666666667,23.775000000000002,6.583749999999999,0.58375,38.875,0.0,35,N1 - Boa
2013-08-09,,,,,,48.19916666666666,26.099999999999998,9.014999999999999,0.8633333333333333,58.625,0.0,50,N2 - Moderada
2013-08-10,,,,,,65.49666666666667,23.692916666666665,22.207083333333333,0.6716666666666667,59.791666666666664,0.0,51,N2 - Moderada
2013-08-11,,,,,,67.41791666666667,19.895833333333332,19.87875,0.35125,44.5,0.0,39,N1 - Boa
2013-08-12,,,,,,71.2275,20.48125,10.385,0.41875,46.375,0.0,41,N2 - Moderada
2013-08-13,,,,,,70.03458333333333,23.771666666666665,7.565416666666667,1.0488235294117647,104.33333333333333,0.0,83,N3 - Ruim
2013-08-14,,,,,,66.67416666666666,21.52333333333333,15.649166666666666,0.4054166666666667,36.5,0.0,32,N1 - Boa
2013-08-15,,,,,,64.24166666666666,17.46708333333333,24.41125,0.21541666666666667,18.75,0.0,17,N1 - Boa
2013-08-16,,,,,,64.61583333333333,19.351666666666667,12.530000000000001,0.385,32.458333333333336,0.0,28,N1 - Boa
2013-08-17,,,,,,68.84333333333333,19.955833333333334,22.562916666666666,0.22083333333333333,21.666666666666668,2.4,20,N1 - Boa
2013-08-18,,,,,,71.14416666666666,18.906666666666666,27.461250000000003,0.20166666666666666,12.833333333333334,7.6000000000000005,13,N1 - Boa
2013-08-19,,,,,,68.15708333333333,20.16625,11.89625,0.24708333333333332,22.166666666666668,0.0,20,N1 - Boa
2013-08-20,,,,,,64.49208333333333,21.50708333333333,22.627916666666664,0.3229166666666667,21.583333333333332,0.0,20,N1 - Boa
2013-08-21,,,,,,66.9325,22.409583333333334,14.378333333333332,0.4691666666666667,29.25,0.0,26,N1 - Boa
2013-08-22,,,,,,59.09916666666667,24.77208333333333,7.933333333333334,0.8937499999999999,46.041666666666664,0.0,41,N2 - Moderada
2013-08-23,,,,,,48.5275,27.328333333333333,18.07125,0.6958333333333333,48.625,0.0,43,N2 - Moderada
2013-08-24,,,,,,69.72791666666667,22.679999999999996,28.037916666666664,0.3958333333333333,53.916666666666664,0.0,47,N2 - Moderada
2013-08-25,,,,,,70.40333333333334,23.670833333333334,30.97125,0.4708333333333334,55.291666666666664,0.0,48,N2 - Moderada
2013-08-26,,,,,,70.13,22.1925,15.455,0.5812499999999999,47.666666666666664,0.0,42,N2 - Moderada
2013-08-27,,,,,,73.26791666666666,19.2025,16.14875,0.38208333333333333,22.354166666666668,0.0,20,N1 - Boa
2013-08-28,,,,,,54.22666666666667,19.114583333333332,22.802083333333332,0.27,22.458333333333332,0.0,20,N1 - Boa
2013-08-29,,,,,,63.995000000000005,19.233333333333334,15.779166666666667,0.3854166666666667,35.416666666666664,0.0,31,N1 - Boa
2013-08-30,,,,,,64.86458333333333,21.08458333333333,18.627083333333335,0.4395833333333334,32.125,0.0,28,N1 - Boa
2013-08-31,,,,,,59.23291666666666,21.860833333333332,18.556250000000002,0.29291666666666666,28.291666666666668,0.0,25,N1 - Boa
2013-09-01,,,,,,55.229166666666664,24.178749999999997,19.4875,0.38958333333333334,36.791666666666664,0.0,33,N1 - Boa
2013-09-02,,,,,,62.205000000000005,24.28,12.361666666666666,0.8112499999999999,62.041666666666664,0.0,53,N2 - Moderada
2013-09-03,,,,,,55.01083333333333,25.56958333333333,11.307083333333333,0.59875,65.91666666666667,6.200000000000001,55,N2 - Moderada
2013-09-04,,,,,,87.95666666666666,18.791666666666668,14.123958333333334,0.3629166666666666,25.9375,28.0,23,N1 - Boa
2013-09-05,,,,,,71.74666666666667,20.577916666666667,20.08791666666667,0.3620833333333333,33.958333333333336,3.8,30,N1 - Boa
2013-09-06,,,,,,61.92083333333333,20.925416666666667,17.235833333333336,0.3666666666666667,28.375,0.0,25,N1 - Boa
2013-09-07,,,,,,63.90166666666667,21.482083333333335,24.858333333333334,0.20083333333333334,21.666666666666668,0.0,20,N1 - Boa
2013-09-08,,,,,,62.07958333333334,22.823333333333334,22.66333333333333,0.2916666666666667,22.041666666666668,0.0,20,N1 - Boa
2013-09-09,,,,,,64.52625,23.473333333333333,10.137916666666667,0.30375,29.083333333333332,0.0,26,N1 - Boa
2013-09-10,,,,,,72.28291666666667,23.118750000000002,8.739166666666666,0.4466666666666667,46.833333333333336,0.0,42,N2 - Moderada
2013-09-11,,,,,,59.9,23.995416666666667,11.175416666666665,0.33125,28.416666666666668,0.0,25,N1 - Boa
2013-09-12,,,,,,55.90833333333333,24.41,11.104166666666666,0.33749999999999997,31.916666666666668,0.0,28,N1 - Boa
2013-09-13,,,,,,57.68666666666667,24.360833333333332,10.87375,0.5216666666666666,41.5,0.0,37,N1 - Boa
2013-09-14,,,,,,54.5725,25.96875,17.019166666666667,0.3870833333333334,40.291666666666664,0.0,36,N1 - Boa
2013-09-15,,,,,,56.01583333333334,26.630416666666665,21.13083333333333,0.17708333333333334,34.208333333333336,0.0,30,N1 - Boa
2013-09-16,,,,,,52.065416666666664,28.05666666666667,16.4,0.47541666666666665,49.291666666666664,0.0,43,N2 - Moderada
2013-09-17,,,,,,64.27541666666666,25.835416666666664,19.5625,0.6683333333333333,58.354166666666664,1.8,50,N2 - Moderada
2013-09-18,,,,,,71.89041666666667,23.384583333333335,8.972916666666666,0.48833333333333334,24.875,0.0,22,N1 - Boa
2013-09-19,,,,,,76.17291666666667,22.91916666666667,9.732083333333334,0.40125000000000005,26.9375,0.0,24,N1 - Boa
2013-09-20,,,,,,70.40416666666667,25.250833333333333,12.595833333333333,0.45458333333333334,42.479166666666664,0.0,37,N1 - Boa
2013-09-21,,,,,,52.623333333333335,28.179166666666664,12.554583333333333,0.6058333333333333,48.416666666666664,0.0,42,N2 - Moderada
2013-09-22,,,,,,65.56791666666668,25.63625,27.077083333333334,0.3858333333333333,42.166666666666664,0.0,37,N1 - Boa
2013-09-23,,,,,,73.11625,24.11583333333333,22.06625,0.3870833333333334,28.791666666666668,0.6,26,N1 - Boa
2013-09-24,,,,,,80.68124999999999,22.060833333333335,14.831249999999999,0.5016666666666666,21.729166666666668,5.6000000000000005,20,N1 - Boa
2013-09-25,,,,,,61.963125,19.574583333333333,31.314375,0.078125,20.5625,0.6,19,N1 - Boa
2013-09-26,,,,,,56.645833333333336,20.080416666666668,25.245833333333334,0.23208333333333334,26.958333333333332,1.0,24,N1 - Boa
2013-09-27,,,,,,56.328333333333326,19.8025,11.220416666666667,0.3725,32.791666666666664,0.0,29,N1 - Boa
2013-09-28,,,,,,54.53375,21.584999999999997,20.95625,0.18541666666666667,26.708333333333332,0.0,24,N1 - Boa
2013-09-29,,,,,,74.3,20.489583333333332,20.2525,0.32416666666666666,28.708333333333332,2.6,26,N1 - Boa
2013-09-30,,,,,,70.16875,23.111666666666665,17.842916666666667,0.37000000000000005,29.958333333333332,0.0,27,N1 - Boa
2013-10-01,,,,,,58.96625,25.866249999999997,31.4575,0.28791666666666665,39.583333333333336,0.0,36,N1 - Boa
2013-10-02,,,,,,79.43625,22.0925,23.454583333333332,0.49333333333333335,36.125,4.0,32,N1 - Boa
2013-10-03,,,,,,76.46916666666667,23.139583333333334,17.707083333333333,0.4691666666666667,37.75,0.0,34,N1 - Boa
2013-10-04,,,,,,83.86916666666667,22.734583333333333,6.270833333333333,0.5870833333333333,45.041666666666664,15.0,40,N1 - Boa
2013-10-05,,,,,,67.68291666666667,22.16416666666667,27.536666666666665,0.48208333333333336,35.375,0.0,31,N1 - Boa
2013-10-06,,,,,,58.208333333333336,21.137083333333333,34.2725,0.16208333333333333,21.5,0.0,20,N1 - Boa
2013-10-07,,,,,,72.20416666666667,19.262083333333333,10.479583333333332,0.33166666666666667,22.145833333333332,4.0,20,N1 - Boa
2013-10-08,,,,,,64.22708333333334,20.4075,10.71625,0.21208333333333332,22.083333333333332,0.2,20,N1 - Boa
2013-10-09,,,,,,54.85708333333333,21.635,20.356666666666666,0.19041666666666668,24.666666666666668,0.0,22,N1 - Boa
2013-10-10,,,,,,54.93291666666667,22.636666666666667,22.227500000000003,0.2604166666666667,26.5,0.0,23,N1 - Boa
2013-10-11,,,,,,56.64124999999999,22.87708333333333,17.453333333333333,0.3179166666666667,26.833333333333332,0.0,24,N1 - Boa
2013-10-12,,,,,,56.24166666666667,23.670833333333334,19.914583333333333,0.18375,27.291666666666668,0.0,24,N1 - Boa
2013-10-13,,,,,,52.740833333333335,25.21291666666667,19.264166666666664,0.17166666666666666,29.791666666666668,0.0,27,N1 - Boa
2013-10-14,,,,,,51.04583333333333,26.768333333333334,10.40125,0.45125,49.0,0.0,43,N2 - Moderada
2013-10-15,,,,,,64.56666666666666,24.707083333333333,8.9125,0.4370833333333333,56.833333333333336,0.0,49,N2 - Moderada
2013-10-16,,,,,,88.57416666666667,20.936666666666667,6.978750000000001,0.4383333333333333,34.958333333333336,28.0,31,N1 - Boa
2013-10-17,,,,,,82.68875,22.025000000000002,4.946666666666666,0.5625,31.458333333333332,3.8000000000000003,28,N1 - Boa
2013-10-18,,,,,,79.65875,21.784166666666668,8.007916666666667,0.5025000000000001,28.833333333333332,12.4,26,N1 - Boa
2013-10-19,,,,,,69.92416666666666,23.533749999999998,18.199166666666667,0.39291666666666664,23.041666666666668,0.0,20,N1 - Boa
2013-10-20,,,,,,71.35166666666667,24.19875,29.58791666666667,0.3075,25.208333333333332,0.0,22,N1 - Boa
2013-10-21,,,,,,61.35333333333333,29.038749999999997,26.137916666666666,0.6058333333333333,49.916666666666664,0.0,44,N2 - Moderada
2013-10-22,,,,,,61.592083333333335,26.740416666666665,25.65125,0.5916666666666667,43.166666666666664,0.0,38,N1 - Boa
2013-10-23,,,,,,73.6575,24.88625,19.69125,0.5033333333333333,47.458333333333336,0.0,42,N2 - Moderada
2013-10-24,,,,,,56.8425,27.900000000000002,16.075,0.5775,53.145833333333336,0.0,46,N2 - Moderada
2013-10-25,,,,,,71.09916666666668,25.010416666666668,19.281666666666666,0.4566666666666667,42.958333333333336,0.6,38,N1 - Boa
2013-10-26,,,,,,77.43833333333333,23.73625,16.97625,0.3433333333333333,24.041666666666668,2.2,21,N1 - Boa
2013-10-27,,,,,,60.76416666666666,25.977500000000003,31.314166666666665,0.3179166666666667,31.5,0.2,28,N1 - Boa
2013-10-28,,,,,,56.78541666666666,23.2925,29.95125,0.25375,36.125,1.2,32,N1 - Boa
2013-10-29,,,,,,52.02708333333334,21.29375,18.80875,0.2754166666666667,37.583333333333336,0.0,34,N1 - Boa
2013-10-30,,,,,,62.129999999999995,21.3875,19.745833333333334,0.36000000000000004,44.208333333333336,0.0,39,N1 - Boa
2013-10-31,,,,,,71.17458333333333,20.7225,15.711666666666666,0.65,25.166666666666668,0.6000000000000001,22,N1 - Boa
2013-11-01,,,,,,60.620000000000005,22.121666666666666,19.817083333333333,0.4679166666666667,32.708333333333336,0.0,29,N1 - Boa
2013-11-02,,,,,,58.2425,23.559583333333332,28.780833333333334,0.050833333333333335,32.458333333333336,0.0,28,N1 - Boa
2013-11-03,,,,,,51.969166666666666,24.859166666666667,25.9025,0.07416666666666667,26.208333333333332,0.0,23,N1 - Boa
2013-11-04,,,,,,53.399166666666666,25.488333333333333,24.738125,0.35041666666666665,36.333333333333336,0.0,32,N1 - Boa
2013-11-05,,,,,,70.24291666666666,22.252916666666664,18.951666666666664,0.32458333333333333,28.666666666666668,0.0,26,N1 - Boa
2013-11-06,,,,,,85.46499999999999,19.5775,4.791666666666667,0.43083333333333335,18.708333333333332,15.000000000000002,17,N1 - Boa
2013-11-07,,,,,,90.06333333333333,19.058333333333334,5.668333333333333,0.3620833333333333,20.875,31.2,19,N1 - Boa
2013-11-08,,,,,,74.99291666666666,22.28833333333333,8.599583333333333,0.6416666666666667,33.5,0.2,30,N1 - Boa
2013-11-09,,,,,,72.81458333333333,23.472083333333334,11.730833333333335,0.20458333333333334,16.916666666666668,0.0,15,N1 - Boa
2013-11-10,,,,,,70.5175,24.620416666666667,16.094583333333333,0.26875,17.166666666666668,0.0,15,N1 - Boa
2013-11-11,,,,,,59.21875,28.81833333333333,20.106666666666666,0.6216666666666667,40.625,0.0,36,N1 - Boa
2013-11-12,,,,,,53.309583333333336,31.078333333333333,26.485833333333332,0.5770833333333333,48.375,7.6,42,N2 - Moderada
2013-11-13,,,,,,60.98708333333334,24.509583333333335,21.971249999999998,0.32125,29.291666666666668,1.6,26,N1 - Boa
2013-11-14,,,,,,58.47875,23.550416666666667,17.387083333333333,0.31708333333333333,32.458333333333336,0.0,28,N1 - Boa
2013-11-15,,,,,,58.62833333333333,24.39708333333333,19.576249999999998,0.26916666666666667,33.666666666666664,0.0,30,N1 - Boa
2013-11-16,,,,,,49.076249999999995,29.302083333333332,24.214166666666667,0.37999999999999995,27.75,0.0,25,N1 - Boa
2013-11-17,,,,,,79.08,22.023750000000003,36.93083333333333,0.23750000000000002,21.833333333333332,10.4,23,N1 - Boa
2013-11-18,,,,,,73.015,22.45,17.798333333333336,0.45875,22.125,0.2,20,N1 - Boa
2013-11-19,,,,,,67.0625,25.812916666666666,15.717083333333333,0.5225,33.041666666666664,0.0,29,N1 - Boa
2013-11-20,,,,,,58.884166666666665,28.031666666666666,24.350416666666664,0.3970833333333333,39.958333333333336,0.0,36,N1 - Boa
2013-11-21,,,,,,50.59166666666667,29.16541666666667,24.911666666666665,0.5116666666666666,40.291666666666664,0.0,36,N1 - Boa
2013-11-22,,,,,,69.73625,24.98125,24.334999999999997,0.48125,17.5,14.200000000000001,24,N1 - Boa
2013-11-23,,,,,,85.10333333333334,21.063333333333333,14.284583333333332,0.2995833333333333,14.833333333333334,8.0,13,N1 - Boa
2013-11-24,,,,,,83.04291666666667,22.202916666666667,15.230833333333335,0.3125,18.083333333333332,3.0,16,N1 - Boa
2013-11-25,,,,,,87.60374999999999,21.615,3.018333333333333,0.42208333333333337,25.25,7.199999999999999,22,N1 - Boa
2013-11-26,,,,,,82.6375,22.120416666666667,3.9941666666666666,0.43375,17.541666666666668,11.8,16,N1 - Boa
2013-11-27,,,,,,65.91250000000001,25.38291666666667,7.444583333333333,0.44458333333333333,21.625,0.2,20,N1 - Boa
2013-11-28,,,,,,54.42416666666667,28.92958333333333,7.3999999999999995,0.57375,33.375,0.0,29,N1 - Boa
2013-11-29,,,,,,64.70416666666667,26.79375,14.1975,0.4991666666666667,38.375,0.4,34,N1 - Boa
2013-11-30,,,,,,77.1725,25.103333333333335,11.705,0.47833333333333333,33.791666666666664,10.2,30,N1 - Boa
2013-12-01,,,,,,85.44333333333333,23.465,4.9054166666666665,0.40958333333333335,26.291666666666668,5.4,23,N1 - Boa
2013-12-02,,,,,,80.38416666666667,24.786666666666665,8.174166666666666,0.7108333333333333,38.291666666666664,0.2,34,N1 - Boa
2013-12-03,,,,,,58.26125,28.80875,11.277083333333332,0.4495833333333333,28.125,0.0,25,N1 - Boa
2013-12-04,,,,,,58.38125,27.507499999999997,12.674999999999999,0.61,35.875,0.0,32,N1 - Boa
2013-12-05,,,,,,59.384166666666665,29.889583333333334,34.6725,0.5968749999999999,47.416666666666664,33.8,42,N2 - Moderada
2013-12-06,,,,,,69.15333333333334,24.769583333333333,21.76625,0.50625,22.375,0.2,20,N1 - Boa
2013-12-07,,,,,,71.88250000000001,24.993333333333336,11.7175,0.32666666666666666,37.333333333333336,0.0,33,N1 - Boa
2013-12-08,,,,,,68.78833333333334,25.976249999999997,17.405,0.28125,35.416666666666664,0.0,31,N1 - Boa
2013-12-09,,,,,,65.91583333333334,27.6225,15.566249999999998,0.5316666666666666,29.916666666666668,0.0,27,N1 - Boa
2013-12-10,,,,,,64.465,28.74416666666667,13.794166666666667,0.505,43.0,52.60000000000001,38,N1 - Boa
2013-12-11,,,,,,89.12958333333334,22.935833333333335,18.506666666666668,0.3954166666666667,12.166666666666666,82.6,14,N1 - Boa
2013-12-12,,,,,,77.46416666666667,23.064166666666665,9.6675,0.43124999999999997,22.208333333333332,1.7999999999999998,20,N1 - Boa
2013-12-13,,,,,,68.93583333333333,23.3275,6.825833333333333,0.3729166666666666,24.833333333333332,0.0,22,N1 - Boa
2013-12-14,,,,,,66.22166666666666,24.324166666666667,10.158333333333333,0.31708333333333333,19.791666666666668,0.0,18,N1 - Boa
2013-12-15,,,,,,68.47875,24.794166666666666,12.474166666666667,0.2875,14.0,0.0,12,N1 - Boa
2013-12-16,,,,,,70.67791666666666,23.860833333333332,7.884583333333333,0.38999999999999996,16.125,1.0,14,N1 - Boa
2013-12-17,,,,,,72.47416666666666,23.01375,7.414166666666667,0.37875,16.208333333333332,0.0,14,N1 - Boa
2013-12-18,,,,,,74.69541666666667,23.395,8.203333333333333,0.38999999999999996,20.541666666666668,7.6000000000000005,19,N1 - Boa
2013-12-19,,,,,,76.21083333333333,23.947083333333335,9.215833333333334,0.49041666666666667,17.0,0.4,15,N1 - Boa
2013-12-20,,,,,,68.23166666666667,25.69458333333333,6.03875,0.5545833333333333,22.0,0.0,20,N1 - Boa
2013-12-21,,,,,,70.71791666666667,24.979583333333334,7.41875,0.5104166666666666,23.75,0.0,21,N1 - Boa
2013-12-22,,,,,,74.56041666666667,24.934166666666666,9.215,0.33666666666666667,16.5,0.0,14,N1 - Boa
2013-12-23,,,,,,77.51,24.650000000000002,4.312916666666667,0.5599999999999999,27.625,0.2,25,N1 - Boa
2013-12-24,,,,,,72.06875,25.84,8.637083333333333,0.35041666666666665,20.541666666666668,1.0,19,N1 - Boa
2013-12-25,,,,,,68.4425,26.955833333333334,15.167083333333332,0.33875000000000005,15.541666666666666,0.2,14,N1 - Boa
2013-12-26,,,,,,69.87125,26.77916666666667,19.975416666666664,0.3825,18.75,0.0,17,N1 - Boa
2013-12-27,,,,,,64.17625,28.065416666666668,15.198749999999999,0.5683333333333334,31.958333333333332,0.0,28,N1 - Boa
2013-12-28,,,,,,66.75958333333334,29.06625,32.64416666666667,0.4604166666666667,44.083333333333336,0.0,39,N1 - Boa
2013-12-29,,,,,,69.22375,28.875416666666666,22.030833333333334,0.4270833333333333,39.125,2.8000000000000003,35,N1 - Boa
2013-12-30,,,,,,60.53375,30.439999999999998,16.188333333333333,0.5079166666666667,33.791666666666664,7.199999999999999,30,N1 - Boa
2013-12-31,,,,,,65.11749999999999,29.559166666666666,21.47666666666667,0.4183333333333333,26.666666666666668,5.6,24,N1 - Boa
2014-01-01,,,,,,60.96416666666667,30.295,38.937916666666666,0.43625,35.791666666666664,0.0,34,N1 - Boa
2014-01-02,,,,,,60.99875,29.432916666666667,27.407916666666665,0.5179166666666667,26.208333333333332,0.6,23,N1 - Boa
2014-01-03,,,,,,55.849583333333335,32.42916666666667,26.973333333333333,0.6070833333333333,44.958333333333336,0.0,40,N1 - Boa
2014-01-04,,,,,,61.32541666666666,31.144583333333333,21.44875,0.4808333333333333,31.791666666666668,0.0,28,N1 - Boa
2014-01-05,,,,,,63.90416666666667,28.466250000000002,33.52041666666667,0.2966666666666667,31.708333333333332,0.0,28,N1 - Boa
2014-01-06,,,,,,62.23291666666666,28.06833333333333,15.762916666666667,0.43333333333333335,38.208333333333336,0.0,34,N1 - Boa
2014-01-07,,,,,,57.68416666666667,27.501666666666665,12.594583333333333,0.31,28.875,0.0,26,N1 - Boa
2014-01-08,,,,,,51.54624999999999,29.684166666666666,16.15458333333333,0.44125,35.75,0.0,32,N1 - Boa
2014-01-09,,,,,,56.31458333333333,28.864166666666666,13.7175,0.4320833333333334,35.625,0.0,32,N1 - Boa
2014-01-10,,,,,,59.255,28.63208333333333,7.0183333333333335,0.37958333333333333,31.875,0.0,28,N1 - Boa
2014-01-11,,,,,,54.51083333333333,30.754166666666666,23.22375,0.30333333333333334,21.818181818181817,0.0,24,N1 - Boa
2014-01-12,,,,,,62.63999999999999,28.41125,31.767083333333332,0.34208333333333335,31.846153846153847,0.0,28,N1 - Boa
2014-01-13,,,,,,61.60208333333333,28.559166666666666,17.4525,0.41791666666666666,46.333333333333336,0.0,41,N2 - Moderada
2014-01-14,,,,,,61.49166666666667,28.55,17.317916666666665,0.5066666666666667,43.291666666666664,3.6,38,N1 - Boa
2014-01-15,,,,,,56.48,29.24416666666667,19.239166666666666,0.5191666666666667,43.208333333333336,0.0,38,N1 - Boa
2014-01-16,,,,,,67.69625,26.58583333333333,29.596249999999998,0.5375,42.916666666666664,43.199999999999996,38,N1 - Boa
2014-01-17,,,,,,70.77291666666666,24.943749999999998,18.884583333333335,0.595,32.708333333333336,1.4000000000000001,29,N1 - Boa
2014-01-18,,,,,,67.15791666666667,26.493750000000002,18.460416666666667,0.4245833333333333,27.041666666666668,0.0,24,N1 - Boa
2014-01-19,,,,,,66.54291666666667,26.7,20.767500000000002,0.34041666666666665,29.583333333333332,0.0,27,N1 - Boa
2014-01-20,,,,,,63.906666666666666,27.265416666666667,20.08375,0.30916666666666665,29.083333333333332,0.0,26,N1 - Boa
2014-01-21,,,,,,61.09375,28.89375,13.271666666666667,0.48291666666666666,38.75,0.0,35,N1 - Boa
2014-01-22,,,,,,57.125,30.374166666666667,17.02875,0.4370833333333333,38.5,0.0,34,N1 - Boa
2014-01-23,,,,,,57.32041666666667,30.15041666666667,19.194166666666664,0.5191666666666667,43.666666666666664,0.0,39,N1 - Boa
2014-01-24,,,,,,55.16125,30.412916666666664,15.344166666666666,0.5275,42.583333333333336,0.0,38,N1 - Boa
2014-01-25,,,,,,54.14416666666667,30.155,31.824166666666667,0.48833333333333334,35.875,0.0,32,N1 - Boa
2014-01-26,,,,,,60.38291666666667,28.83125,25.22583333333333,0.38000000000000006,35.416666666666664,0.0,31,N1 - Boa
2014-01-27,,,,,,58.374583333333334,29.405416666666667,13.13375,0.4379166666666667,42.708333333333336,0.0,38,N1 - Boa
2014-01-28,,,,,,54.030833333333334,29.5775,12.932083333333333,0.5483333333333333,40.375,0.0,36,N1 - Boa
2014-01-29,,,,,,54.892500000000005,28.622083333333336,12.527500000000002,0.48833333333333334,38.541666666666664,0.0,35,N1 - Boa
2014-01-30,,,,,,55.776250000000005,29.00125,7.25375,0.5445833333333333,40.916666666666664,0.0,36,N1 - Boa
2014-01-31,,,,,,49.084583333333335,30.230833333333333,11.510833333333332,0.6433333333333333,38.666666666666664,0.0,35,N1 - Boa
2014-02-01,,,,,,52.75666666666667,29.465,10.965000000000002,0.445,34.291666666666664,0.0,30,N1 - Boa
2014-02-02,,,,,,56.22208333333333,29.393333333333334,12.72625,0.39166666666666666,27.125,0.0,24,N1 - Boa
2014-02-03,,,,,,56.94416666666667,29.302083333333332,5.760833333333333,0.5520833333333334,31.0,0.0,28,N1 - Boa
2014-02-04,,,,,,52.901250000000005,30.0325,6.184583333333333,0.5125,32.708333333333336,0.0,29,N1 - Boa
2014-02-05,,,,,,49.84583333333333,30.39,2.5368749999999998,0.5916666666666667,43.458333333333336,0.0,38,N1 - Boa
2014-02-06,,,,,,47.80083333333334,30.217083333333335,0.12041666666666667,0.4908333333333333,38.458333333333336,0.0,34,N1 - Boa
2014-02-07,,,,,,50.53791666666667,30.258750000000003,6.758333333333333,0.5304166666666666,43.833333333333336,0.0,39,N1 - Boa
2014-02-08,,,,,,44.99875,31.284166666666664,18.8875,0.6629166666666667,68.54166666666667,0.0,58,N2 - Moderada
2014-02-09,,,,,,46.36041666666667,30.615,18.638749999999998,0.5195833333333334,38.041666666666664,0.0,34,N1 - Boa
2014-02-10,,,,,,46.99791666666667,30.472083333333334,17.506249999999998,0.5008333333333334,49.708333333333336,0.0,44,N2 - Moderada
2014-02-11,,,,,,50.89041666666666,28.6425,9.989583333333334,0.49416666666666664,42.166666666666664,0.0,37,N1 - Boa
2014-02-12,,,,,,45.38583333333333,29.687083333333334,15.0525,0.5054166666666667,47.75,0.0,42,N2 - Moderada
2014-02-13,,,,,,44.96958333333333,30.917916666666667,12.322083333333332,0.5979166666666667,52.708333333333336,0.0,46,N2 - Moderada
2014-02-14,,,,,,54.26583333333334,28.64833333333333,15.724583333333333,0.53875,53.791666666666664,0.0,47,N2 - Moderada
2014-02-15,,,,,,59.8975,27.420833333333334,32.416666666666664,0.49583333333333335,33.75,0.0,30,N1 - Boa
2014-02-16,,,,,,76.98333333333333,24.664583333333336,24.866249999999997,0.51375,45.666666666666664,8.2,41,N2 - Moderada
2014-02-17,,,,,,76.78333333333333,24.09875,10.601666666666667,0.41625,31.0625,2.4000000000000004,28,N1 - Boa
2014-02-18,,,,,,71.00875,24.95125,6.464583333333334,0.37083333333333335,26.0,1.4000000000000001,23,N1 - Boa
2014-02-19,,,,,,70.86291666666666,24.34125,4.683333333333334,0.3629166666666667,25.291666666666668,1.6,22,N1 - Boa
2014-02-20,,,,,,62.41166666666667,25.5675,5.257916666666667,0.3983333333333334,35.0,0.0,31,N1 - Boa
2014-02-21,,,,,,57.29,27.90875,10.170416666666666,0.40875,42.708333333333336,0.0,38,N1 - Boa
2014-02-22,,,,,,50.61666666666667,29.500416666666666,10.197916666666666,0.4891666666666667,38.5,0.0,34,N1 - Boa
2014-02-23,,,,,,52.46416666666667,29.842083333333335,15.014583333333334,0.36375,29.458333333333332,0.0,26,N1 - Boa
2014-02-24,,,,,,53.79,29.243750000000002,13.268333333333333,0.29125,32.416666666666664,0.0,28,N1 - Boa
2014-02-25,,,,,,60.02875,27.993750000000002,16.499166666666667,0.6020833333333333,52.583333333333336,0.0,46,N2 - Moderada
2014-02-26,,,,,,51.85,29.527916666666666,8.953750000000001,0.4975,44.291666666666664,0.0,39,N1 - Boa
2014-02-27,,,,,,47.71791666666667,31.26375,12.695416666666667,0.5429166666666666,51.791666666666664,0.0,45,N2 - Moderada
2014-02-28,,,,,,58.34,28.377916666666664,22.72791666666667,0.3758333333333333,44.541666666666664,1.0,40,N1 - Boa
2014-03-01,,,,,,61.3225,26.61708333333333,28.11916666666667,0.5333333333333333,45.208333333333336,0.0,40,N1 - Boa
2014-03-02,,,,,,72.46833333333333,25.260416666666668,30.21375,0.55625,42.375,0.0,37,N1 - Boa
2014-03-03,,,,,,72.80791666666667,25.142916666666665,32.89,0.35375,40.333333333333336,0.0,36,N1 - Boa
2014-03-04,,,,,,65.52958333333333,26.575,12.325833333333334,0.27791666666666665,26.916666666666668,0.0,24,N1 - Boa
2014-03-05,,,,,,55.96791666666667,28.067916666666665,8.719583333333334,0.41,26.416666666666668,0.0,23,N1 - Boa
2014-03-06,,,,,,73.01958333333333,25.577916666666667,3.8983333333333334,0.33499999999999996,39.0,5.400000000000001,35,N1 - Boa
2014-03-07,,,,,,68.62833333333333,26.77625,7.31375,0.58875,34.625,2.4,31,N1 - Boa
2014-03-08,,,,,,88.15458333333333,22.36125,8.109583333333333,0.48333333333333334,24.666666666666668,32.8,22,N1 - Boa
2014-03-09,,,,,,75.0425,24.907083333333333,22.30666666666667,0.8008333333333333,23.666666666666668,0.2,21,N1 - Boa
2014-03-10,,,,,,64.21124999999999,28.380416666666665,12.117083333333333,0.09625,41.166666666666664,0.0,36,N1 - Boa
2014-03-11,,,,,,55.3725,29.784583333333334,9.119166666666667,0.4816666666666667,36.666666666666664,0.0,33,N1 - Boa
2014-03-12,,,,,,64.81875000000001,27.59583333333333,16.7975,0.5083333333333333,44.875,0.4,40,N1 - Boa
2014-03-13,,,,,,73.9525,25.694999999999997,6.590833333333333,0.4091666666666667,51.416666666666664,0.0,45,N2 - Moderada
2014-03-14,,,,,,,,,,,,,
2014-03-15,,,,,,,,,,,,,
2014-03-16,,,,,,,,,,,,,
2014-03-17,,,,,,,,,,,,,
2014-03-18,,,,,,,,,,,,,
2014-03-19,,,,,,,,,,,,,
2014-03-20,,,,,,,,,,,,,
2014-03-21,,,,,,,,,,,,,
2014-03-22,,,,,,,,,,,,,
2014-03-23,,,,,,,,,,,,,
2014-03-24,,,,,,,,,,,,,
2014-03-25,,,,,,,,,,,,,
2014-03-26,,,,,,74.34909090909092,25.30090909090909,,,18.272727272727273,0.0,16,N1 - Boa
2014-03-27,,,,,,74.86833333333333,24.90041666666667,,0.7652173913043478,28.875,0.0,26,N1 - Boa
2014-03-28,,,,,,71.07458333333334,25.51125,,0.56125,27.875,0.0,25,N1 - Boa
2014-03-29,,,,,,69.01791666666666,25.817916666666665,,0.41124999999999995,24.583333333333332,0.0,22,N1 - Boa
2014-03-30,,,,,,65.23375,26.829166666666666,,0.32875,16.083333333333332,0.0,14,N1 - Boa
2014-03-31,,,,,,69.30083333333333,26.659583333333334,,0.5245833333333333,30.166666666666668,0.0,27,N1 - Boa
2014-04-01,,,,,,69.16291666666667,26.45041666666667,1.9066666666666665,0.5179166666666667,32.458333333333336,0.0,28,N1 - Boa
2014-04-02,,,,,,73.65291666666667,25.88625,3.467916666666667,0.6333333333333333,48.666666666666664,0.0,43,N2 - Moderada
2014-04-03,,,,,,77.33666666666666,25.3225,1.54875,0.6320833333333333,,1.2,4,N1 - Boa
2014-04-04,,,,,,74.73458333333333,24.939166666666665,1.8808333333333334,0.5154166666666667,,2.2,3,N1 - Boa
2014-04-05,,,,,,67.35333333333334,25.022916666666664,3.1908333333333334,0.4170833333333333,23.1,0.0,20,N1 - Boa
2014-04-06,,,,,,64.78750000000001,24.562916666666666,5.215416666666667,0.32166666666666666,17.791666666666668,0.0,16,N1 - Boa
2014-04-07,,,,,,70.53541666666666,24.265833333333333,4.88,0.5345833333333333,28.208333333333332,0.0,25,N1 - Boa
2014-04-08,,,,,,70.43708333333333,24.59583333333333,12.96875,0.5933333333333334,35.375,0.0,31,N1 - Boa
2014-04-09,,,,,,67.89333333333333,26.197083333333335,18.342083333333335,0.2758333333333333,44.833333333333336,0.0,40,N1 - Boa
2014-04-10,,,,,,68.29,26.602083333333336,13.544583333333334,0.65625,40.083333333333336,0.0,36,N1 - Boa
2014-04-11,,,,,,70.50208333333333,25.955833333333334,11.41625,0.6391666666666667,38.625,0.0,35,N1 - Boa
2014-04-12,,,,,,53.895,28.83125,13.005416666666667,0.46708333333333335,28.416666666666668,0.0,25,N1 - Boa
2014-04-13,,,,,,68.3,26.095416666666665,24.27,0.32625,22.5,7.4,20,N1 - Boa
2014-04-14,,,,,,86.3,22.504166666666666,11.512500000000001,0.39916666666666667,16.0,47.800000000000004,14,N1 - Boa
2014-04-15,,,,,,87.26166666666667,20.773333333333333,7.322916666666667,0.535,15.5,14.0,14,N1 - Boa
2014-04-16,,,,,,83.87791666666666,21.664583333333336,3.7066666666666666,0.47833333333333333,17.75,5.800000000000001,16,N1 - Boa
2014-04-17,,,,,,74.63875,23.917083333333334,5.227083333333334,0.4579166666666667,25.75,0.2,23,N1 - Boa
2014-04-18,,,,,,74.15625,24.86791666666667,11.266666666666666,0.33625,27.5,0.0,25,N1 - Boa
2014-04-19,,,,,,74.78583333333333,25.705,11.37,0.4583333333333333,28.5,0.0,25,N1 - Boa
2014-04-20,,,,,,72.83749999999999,25.380416666666665,20.640416666666667,0.35250000000000004,30.375,0.0,27,N1 - Boa
2014-04-21,,,,,,69.48375,25.280833333333334,16.111666666666668,0.24375,14.333333333333334,0.0,12,N1 - Boa
2014-04-22,,,,,,74.52208333333333,24.88083333333333,8.136666666666667,0.3879166666666667,26.0,0.0,23,N1 - Boa
2014-04-23,,,,,,72.49791666666667,25.226249999999997,18.956666666666667,0.3279166666666667,25.333333333333332,1.0,22,N1 - Boa
2014-04-24,,,,,,77.80708333333332,23.28833333333333,7.597083333333333,0.39125000000000004,19.791666666666668,12.2,18,N1 - Boa
2014-04-25,,,,,,57.49916666666667,23.443749999999998,12.856666666666667,0.3154166666666667,21.541666666666668,0.0,20,N1 - Boa
2014-04-26,,,,,,63.16166666666667,22.383750000000003,9.975,0.30791666666666667,27.0,4.8,24,N1 - Boa
2014-04-27,,,,,,69.65166666666667,21.51875,11.559583333333334,0.26625,13.041666666666666,0.2,12,N1 - Boa
2014-04-28,,,,,,62.30125,21.210416666666667,11.103333333333333,0.3670833333333334,19.020833333333332,12.6,17,N1 - Boa
2014-04-29,,,,,,56.46291666666667,21.61125,8.534166666666666,0.7825000000000001,37.916666666666664,0.0,34,N1 - Boa
2014-04-30,,,,,,54.562083333333334,22.323333333333334,8.19375,0.4491666666666667,29.666666666666668,0.0,27,N1 - Boa
2014-05-01,,,,,,49.80416666666667,24.146666666666665,12.727916666666667,0.4695833333333333,31.375,0.0,28,N1 - Boa
2014-05-02,,,,,,58.08916666666667,24.22583333333333,7.145833333333333,0.7379166666666667,55.166666666666664,0.0,48,N2 - Moderada
2014-05-03,,,,,,70.22083333333333,23.749166666666667,14.3825,0.49541666666666667,48.958333333333336,0.0,43,N2 - Moderada
2014-05-04,,,,,,68.88541666666667,24.491249999999997,17.35375,0.32958333333333334,26.083333333333332,0.0,23,N1 - Boa
2014-05-05,,,,,,67.15208333333334,24.627499999999998,7.4629166666666675,0.6883333333333334,35.166666666666664,0.0,31,N1 - Boa
2014-05-06,,,,,,67.4675,24.657916666666665,11.960833333333333,0.625,60.75,0.0,52,N2 - Moderada
2014-05-07,,,,,,70.72166666666666,24.979583333333334,16.65125,0.8075,87.625,0.0,71,N2 - Moderada
2014-05-08,,,,,,74.46,24.718333333333334,17.8525,0.8154166666666667,70.70833333333333,0.0,59,N2 - Moderada
2014-05-09,,,,,,72.88458333333334,23.593333333333334,8.413333333333332,0.7945833333333333,61.375,1.7999999999999998,52,N2 - Moderada
2014-05-10,,,,,,72.58208333333333,21.327083333333334,13.066249999999998,0.2558333333333333,15.333333333333334,8.2,13,N1 - Boa
2014-05-11,,,,,,63.81458333333333,20.850833333333334,20.405833333333334,0.2020833333333333,14.125,0.6000000000000001,13,N1 - Boa
2014-05-12,,,,,,57.47708333333333,21.382499999999997,10.587916666666667,0.3558333333333333,24.625,0.0,22,N1 - Boa
2014-05-13,,,,,,62.51666666666667,21.755,8.3825,0.5733333333333334,39.333333333333336,0.0,35,N1 - Boa
2014-05-14,,,,,,67.56478260869565,22.256086956521738,4.586086956521739,0.6165217391304347,42.958333333333336,0.0,38,N1 - Boa
2014-05-15,,,,,,71.46833333333333,21.73,5.989999999999999,0.6016666666666667,57.53846153846154,0.0,50,N2 - Moderada
2014-05-16,,,,,,63.74399999999999,23.736,28.357999999999997,0.651,54.0,0.0,47,N2 - Moderada
2014-05-17,,,,,,72.925,22.93375,11.122083333333334,0.4779166666666666,44.708333333333336,0.0,40,N1 - Boa
2014-05-18,,,,,,78.35583333333334,22.522916666666664,7.614583333333333,0.6004166666666667,37.125,0.0,33,N1 - Boa
2014-05-19,,,,,,75.50208333333333,22.63083333333333,2.3958333333333335,0.7108333333333333,43.25,0.0,38,N1 - Boa
2014-05-20,,,,,,73.48333333333333,22.861666666666665,8.540416666666667,0.53875,44.833333333333336,0.0,40,N1 - Boa
2014-05-21,,,,,,70.78791666666667,23.445000000000004,10.55125,0.5716666666666667,41.416666666666664,0.0,36,N1 - Boa
2014-05-22,,,,,,47.98,26.82375,6.15125,0.7200000000000001,60.375,0.0,51,N2 - Moderada
2014-05-23,,,,,,60.92250000000001,25.85083333333333,8.672083333333333,0.4916666666666667,39.1875,0.0,35,N1 - Boa
2014-05-24,,,,,,84.83166666666666,20.261666666666667,10.007916666666667,0.27958333333333335,12.75,5.0,12,N1 - Boa
2014-05-25,,,,,,83.15895833333333,20.415208333333336,13.772916666666667,0.22041666666666668,12.895833333333334,5.199999999999999,12,N1 - Boa
2014-05-26,,,,,,72.27499999999999,23.686666666666667,8.692291666666668,0.61875,30.958333333333332,0.0,28,N1 - Boa
2014-05-27,,,,,,63.17583333333334,22.508333333333336,15.495416666666666,0.35270833333333335,26.208333333333332,0.4,23,N1 - Boa
2014-05-28,,,,,,86.48666666666666,19.04125,4.867083333333333,0.13458333333333333,12.708333333333334,14.6,12,N1 - Boa
2014-05-29,,,,,,71.80333333333333,20.400833333333335,6.134583333333333,0.4779166666666667,24.333333333333332,0.4,21,N1 - Boa
2014-05-30,,,,,,69.575,20.9725,5.764166666666667,0.45916666666666667,26.208333333333332,0.0,23,N1 - Boa
2014-05-31,,,,,,71.3175,21.169583333333332,10.289166666666667,0.34708333333333335,25.833333333333332,0.0,23,N1 - Boa
2014-06-01,,,,,,68.94875,22.23875,8.87875,0.4795833333333333,26.0,1.0,23,N1 - Boa
2014-06-02,,,,,,72.43625,22.724999999999998,8.022916666666667,0.5187499999999999,30.208333333333332,4.4,27,N1 - Boa
2014-06-03,,,,,,60.012499999999996,20.812916666666666,14.319166666666668,0.315,23.583333333333332,0.2,21,N1 - Boa
2014-06-04,,,,,,67.91708333333334,20.645416666666666,9.94375,,32.458333333333336,0.0,28,N1 - Boa
2014-06-05,,,,,,65.90166666666666,23.191666666666666,11.119166666666667,,51.416666666666664,0.0,45,N2 - Moderada
2014-06-06,,,,,,62.395,24.432083333333335,1.5724999999999998,0.8922222222222221,61.541666666666664,0.0,53,N2 - Moderada
2014-06-07,,,,,,66.83166666666666,25.204583333333332,6.862916666666667,1.0241666666666667,68.125,0.0,57,N2 - Moderada
2014-06-08,,,,,,47.37625,26.999583333333334,16.854166666666668,0.43,31.125,0.0,28,N1 - Boa
2014-06-09,,,,,,55.35375,25.24083333333333,13.541666666666666,0.5654166666666667,38.291666666666664,0.0,34,N1 - Boa
2014-06-10,,,,,,78.795,22.281666666666666,11.447916666666666,0.44,24.041666666666668,11.399999999999999,21,N1 - Boa
2014-06-11,,,,,,77.98208333333334,22.980833333333333,11.165,0.48666666666666664,29.083333333333332,16.8,26,N1 - Boa
2014-06-12,,,,,,73.94875,22.834166666666665,12.110833333333332,0.35708333333333336,20.583333333333332,0.0,19,N1 - Boa
2014-06-13,,,,,,68.93208333333332,23.35166666666667,14.185416666666667,0.43625,21.25,0.0,19,N1 - Boa
2014-06-14,,,,,,66.32666666666667,23.297916666666666,10.9375,0.43291666666666667,29.708333333333332,0.0,27,N1 - Boa
2014-06-15,,,,,,73.00208333333333,22.97458333333333,9.833333333333334,0.44166666666666665,36.375,0.0,32,N1 - Boa
2014-06-16,,,,,,73.81666666666666,22.67125,8.661666666666667,0.5683333333333334,40.375,0.0,36,N1 - Boa
2014-06-17,,,,,,74.42791666666666,22.765416666666667,13.98375,0.5458333333333333,56.791666666666664,0.0,49,N2 - Moderada
2014-06-18,,,,,,74.47416666666666,22.357916666666668,16.232083333333332,0.52375,52.541666666666664,2.6,46,N2 - Moderada
2014-06-19,,,,,,86.52499999999999,18.614583333333332,16.96875,0.19041666666666668,7.958333333333333,22.8,10,N1 - Boa
2014-06-20,,,,,,73.82208333333334,19.610416666666666,8.820416666666667,0.35916666666666663,21.125,0.0,19,N1 - Boa
2014-06-21,,,,,,70.14291666666666,20.864583333333332,14.2475,0.24750000000000003,19.541666666666668,0.0,18,N1 - Boa
2014-06-22,,,,,,69.54958333333333,20.691666666666666,25.83125,0.30875,9.25,0.0,15,N1 - Boa
2014-06-23,,,,,,70.35375,20.295416666666664,6.060833333333334,0.4370833333333333,29.0,0.0,26,N1 - Boa
2014-06-24,,,,,,64.1375,22.529583333333335,6.56125,0.8229166666666666,45.25,0.0,40,N1 - Boa
2014-06-25,,,,,,67.62125,21.980416666666667,6.015416666666667,0.5720833333333334,50.25,0.0,44,N2 - Moderada
2014-06-26,,,,,,65.465,23.02416666666667,3.0091666666666668,0.8466666666666667,67.0,0.0,56,N2 - Moderada
2014-06-27,,,,,,68.33208333333333,23.3225,6.009583333333333,0.7475,57.833333333333336,0.0,50,N2 - Moderada
2014-06-28,,,,,,78.14625,21.870416666666667,15.9425,0.7945833333333333,75.875,0.0,63,N2 - Moderada
2014-06-29,,,,,,69.79458333333334,24.573333333333334,8.484166666666667,0.6329166666666667,51.875,0.0,45,N2 - Moderada
2014-06-30,,,,,,75.17041666666667,22.670833333333334,5.6620833333333325,0.5558333333333333,40.916666666666664,12.200000000000001,36,N1 - Boa
2014-07-01,,,,,,76.54916666666666,22.122083333333336,12.983333333333334,0.61,54.416666666666664,0.0,47,N2 - Moderada
2014-07-02,,,,,,75.30416666666666,21.981666666666666,18.71125,0.5152083333333334,43.541666666666664,0.0,39,N1 - Boa
2014-07-03,,,,,,74.77125,22.74416666666667,10.654166666666667,0.5552631578947369,39.208333333333336,0.0,35,N1 - Boa
2014-07-04,,,,,,77.49791666666667,22.892083333333332,9.13875,0.54875,44.916666666666664,0.0,40,N1 - Boa
2014-07-05,,,,,,70.50666666666667,23.306250000000002,7.795416666666667,0.42375,33.020833333333336,0.0,29,N1 - Boa
2014-07-06,,,,,,61.54083333333333,24.255416666666665,7.689166666666666,0.30624999999999997,20.958333333333332,0.0,19,N1 - Boa
2014-07-07,,,,,,61.50625,24.34958333333333,2.814166666666667,0.5545833333333333,40.145833333333336,0.0,36,N1 - Boa
2014-07-08,,,,,,74.68333333333334,21.66125,10.832500000000001,0.4383333333333333,40.4375,3.0,36,N1 - Boa
2014-07-09,,,,,,75.4875,21.497500000000002,5.697500000000001,0.4970833333333333,25.6875,2.2,23,N1 - Boa
2014-07-10,,,,,,83.77499999999999,19.934583333333332,4.8950000000000005,0.47375000000000006,22.270833333333332,10.200000000000001,20,N1 - Boa
2014-07-11,,,,,,83.06958333333334,19.149166666666666,11.428947368421053,0.631578947368421,14.0,28.199999999999996,12,N1 - Boa
2014-07-12,,,,,,76.68666666666667,19.945833333333333,11.707500000000001,0.35250000000000004,15.416666666666666,1.7999999999999998,13,N1 - Boa
2014-07-13,,,,,,62.903333333333336,20.783333333333335,20.802916666666665,0.25958333333333333,21.61111111111111,0.0,20,N1 - Boa
2014-07-14,,,,,,58.81791666666667,20.890416666666667,16.060416666666665,0.32416666666666666,23.854166666666668,0.0,21,N1 - Boa
2014-07-15,,,,,,61.657916666666665,20.945833333333333,14.903125000000001,0.355625,19.09090909090909,0.0,17,N1 - Boa
2014-07-16,,,,,,67.35291666666667,21.335416666666664,8.862499999999999,0.4495833333333334,,0.0,6,N1 - Boa
2014-07-17,,,,,,66.76916666666666,22.78375,7.733750000000001,0.4604166666666667,,0.0,7,N1 - Boa
2014-07-18,,,,,,60.537083333333335,23.7025,10.599166666666667,0.7554166666666666,36.375,0.0,32,N1 - Boa
2014-07-19,,,,,,59.55041666666667,19.780833333333334,26.50916666666667,0.5825,22.130434782608695,0.2,20,N1 - Boa
2014-07-20,,,,,,55.32125,20.077916666666667,20.203333333333333,0.33958333333333335,32.166666666666664,0.0,28,N1 - Boa
2014-07-21,,,,,,59.36541666666667,20.15625,9.245,0.4716666666666667,24.333333333333332,0.0,21,N1 - Boa
2014-07-22,,,,,,61.6825,21.16625,11.167499999999999,0.44458333333333333,,0.0,8,N1 - Boa
2014-07-23,,,,,,56.79208333333333,22.06125,6.899583333333333,0.7050000000000001,,0.0,7,N1 - Boa
2014-07-24,,,,,,50.302083333333336,24.68375,4.80875,0.6920833333333333,,0.2,5,N1 - Boa
2014-07-25,,,,,,78.80208333333333,19.924166666666668,5.204166666666667,0.53125,,4.3999999999999995,4,N1 - Boa
2014-07-26,,,,,,86.83708333333334,18.232083333333332,8.520833333333334,0.37166666666666665,,4.0,6,N1 - Boa
2014-07-27,,,,,,90.08375,18.29,8.515,0.415,,13.0,7,N1 - Boa
2014-07-28,,,,,,77.73625,19.19625,8.8875,0.43500000000000005,,10.799999999999999,7,N1 - Boa
2014-07-29,,,,,,69.19041666666666,19.250833333333333,6.3254166666666665,0.47333333333333333,,0.0,4,N1 - Boa
2014-07-30,,,,,,70.58,19.170416666666664,6.039411764705882,0.41625,17.88888888888889,0.0,16,N1 - Boa
2014-07-31,,,,,,71.1475,19.570833333333333,8.65625,0.41,22.4375,0.0,20,N1 - Boa
2014-08-01,,,,,,67.82708333333333,21.513333333333335,7.790416666666666,0.776875,53.31578947368421,0.0,46,N2 - Moderada
2014-08-02,,,,,,69.61749999999999,22.02208333333333,14.014166666666666,1.53,53.8125,0.0,47,N2 - Moderada
2014-08-03,,,,,,67.26208333333334,22.597916666666666,15.240833333333335,,115.5,0.0,93,N3 - Ruim
2014-08-04,,,,,,54.529583333333335,25.700833333333332,9.774583333333334,,,0.0,11,N1 - Boa
2014-08-05,,,,,,64.31458333333333,20.394583333333333,21.231666666666666,,32.875,1.2000000000000002,29,N1 - Boa
2014-08-06,,,,,,61.0675,19.348333333333333,10.220416666666667,,41.9375,0.0,37,N1 - Boa
2014-08-07,,,,,,56.34958333333333,19.98875,11.842083333333333,,28.192307692307693,0.0,25,N1 - Boa
2014-08-08,,,,,,62.770833333333336,21.096666666666668,8.431458333333333,,105.0,0.0,84,N3 - Ruim
2014-08-09,,,,,,77.50875,19.55666666666667,7.3374999999999995,,,2.4,6,N1 - Boa
2014-08-10,,,,,,67.82041666666667,21.283333333333335,18.686666666666667,,,0.0,11,N1 - Boa
2014-08-11,,,,,,56.31708333333333,23.84,7.522916666666667,1.12375,,0.0,9,N1 - Boa
2014-08-12,,,,,,48.96458333333334,25.4575,9.036666666666667,0.9625,,0.0,10,N1 - Boa
2014-08-13,,,,,,64.12791666666666,22.094166666666666,19.040833333333335,0.51,,5.6,13,N1 - Boa
2014-08-14,,,,,,83.52833333333334,15.784166666666666,14.591666666666667,0.3620833333333333,,13.4,16,N1 - Boa
2014-08-15,,,,,,70.37041666666667,18.749166666666667,9.803333333333333,0.30624999999999997,,0.0,5,N1 - Boa
2014-08-16,,,,,,66.39666666666666,20.374166666666667,17.88375,0.22624999999999998,,0.0,8,N1 - Boa
2014-08-17,,,,,,67.33208333333333,21.948333333333334,11.941666666666668,0.3,,0.0,8,N1 - Boa
2014-08-18,,,,,,69.4875,22.050833333333333,9.627916666666666,0.42124999999999996,,0.0,6,N1 - Boa
2014-08-19,,,,,,69.63958333333333,21.360416666666666,8.824583333333333,0.4608333333333334,,0.0,8,N1 - Boa
2014-08-20,,,,,,69.89958333333333,21.495833333333334,8.825416666666667,0.41583333333333333,21.0,0.2,19,N1 - Boa
2014-08-21,,,,,,72.985,21.6975,11.685416666666667,0.3925,28.708333333333332,0.0,26,N1 - Boa
2014-08-22,,,,,,64.53375,23.551666666666666,12.997083333333334,0.6295833333333333,48.375,0.0,42,N2 - Moderada
2014-08-23,,,,,,66.93583333333333,23.290833333333335,18.034166666666668,0.7875,68.125,0.0,57,N2 - Moderada
2014-08-24,,,,,,57.694583333333334,24.745416666666667,23.77916666666667,0.45916666666666667,35.416666666666664,0.0,31,N1 - Boa
2014-08-25,,,,,,41.90125,26.89916666666667,11.972916666666668,0.8508333333333334,59.791666666666664,0.0,51,N2 - Moderada
2014-08-26,,,,,,50.37375,25.80333333333333,7.340416666666666,0.67,69.5,0.0,58,N2 - Moderada
2014-08-27,,,,,,67.82291666666667,21.639583333333334,18.69,0.46541666666666665,35.166666666666664,0.0,31,N1 - Boa
2014-08-28,,,,,,74.68583333333333,18.105416666666667,13.309583333333334,0.3958333333333333,29.833333333333332,8.4,27,N1 - Boa
2014-08-29,,,,,,71.17333333333333,18.50583333333333,3.9275,0.43291666666666667,36.291666666666664,0.0,32,N1 - Boa
2014-08-30,,,,,,68.42999999999999,20.298750000000002,12.851666666666667,0.29833333333333334,29.583333333333332,0.0,27,N1 - Boa
2014-08-31,,,,,,68.26666666666667,22.39708333333333,24.006249999999998,0.22375,20.166666666666668,0.0,18,N1 - Boa
2014-09-01,,,,,,54.52791666666667,25.072083333333335,10.859583333333333,0.5625,30.333333333333332,0.6000000000000001,27,N1 - Boa
2014-09-02,,,,,,69.78208333333333,22.47083333333333,16.967916666666667,0.38083333333333336,28.583333333333332,0.0,26,N1 - Boa
2014-09-03,,,,,,63.632083333333334,23.2925,30.115,0.30624999999999997,22.875,6.2,20,N1 - Boa
2014-09-04,,,,,,71.93666666666667,20.235416666666666,23.222916666666666,0.275,18.041666666666668,11.0,21,N1 - Boa
2014-09-05,,,,,,59.291666666666664,19.889166666666668,22.18541666666667,0.21583333333333332,20.541666666666668,0.0,19,N1 - Boa
2014-09-06,,,,,,50.02791666666667,21.8575,26.33583333333333,0.14416666666666667,20.833333333333332,0.0,19,N1 - Boa
2014-09-07,,,,,,51.91166666666667,22.77,18.221875,0.38375000000000004,31.333333333333332,0.0,28,N1 - Boa
2014-09-08,,,,,,62.51791666666667,21.822916666666668,8.184583333333334,0.5,52.875,0.0,46,N2 - Moderada
2014-09-09,,,,,,60.37916666666666,23.53708333333333,12.701666666666666,0.3358333333333334,37.916666666666664,0.0,34,N1 - Boa
2014-09-10,,,,,,50.165416666666665,25.701666666666668,9.224583333333333,0.4558333333333333,51.083333333333336,0.0,45,N2 - Moderada
2014-09-11,,,,,,43.69166666666666,27.584999999999997,16.218333333333334,0.46625,56.916666666666664,0.0,49,N2 - Moderada
2014-09-12,,,,,,65.55458333333333,23.493750000000002,16.919583333333332,0.39291666666666664,45.375,0.0,40,N1 - Boa
2014-09-13,,,,,,66.12333333333333,22.75125,18.888749999999998,0.28583333333333333,41.916666666666664,0.0,37,N1 - Boa
2014-09-14,,,,,,60.626666666666665,24.12,20.236250000000002,0.21083333333333334,27.75,0.0,25,N1 - Boa
2014-09-15,,,,,,46.185833333333335,27.395416666666666,12.265,0.6410416666666666,55.75,0.0,48,N2 - Moderada
2014-09-16,,,,,,58.74583333333334,25.255416666666665,14.597916666666665,0.4483333333333333,62.0,0.0,53,N2 - Moderada
2014-09-17,,,,,,72.3975,21.006249999999998,18.49,0.2558333333333333,30.333333333333332,0.2,27,N1 - Boa
2014-09-18,,,,,,69.2275,23.11375,16.14125,0.30125,38.291666666666664,0.0,34,N1 - Boa
2014-09-19,,,,,,66.51083333333334,23.964166666666667,8.242083333333333,0.42250000000000004,45.541666666666664,0.0,41,N2 - Moderada
2014-09-20,,,,,,66.32708333333333,24.574583333333333,15.820416666666667,0.5383333333333333,63.458333333333336,1.5999999999999999,53,N2 - Moderada
2014-09-21,,,,,,84.20083333333334,20.482916666666664,14.778333333333334,0.4395833333333334,31.666666666666668,6.6000000000000005,28,N1 - Boa
2014-09-22,,,,,,61.6175,21.454583333333332,24.75,0.18583333333333332,23.875,0.0,21,N1 - Boa
2014-09-23,,,,,,63.66791666666666,21.844583333333333,14.683333333333335,0.25333333333333335,30.25,0.0,27,N1 - Boa
2014-09-24,,,,,,50.842083333333335,25.56125,13.15,0.46375000000000005,48.916666666666664,0.0,43,N2 - Moderada
2014-09-25,,,,,,64.47833333333334,23.484583333333333,18.925833333333333,0.5258333333333334,55.25,0.0,48,N2 - Moderada
2014-09-26,,,,,,65.01666666666667,24.709999999999997,10.699583333333335,0.6220833333333333,73.08333333333333,1.4,60,N2 - Moderada
2014-09-27,,,,,,67.21041666666666,24.435833333333335,12.408333333333333,0.48208333333333336,39.333333333333336,0.0,35,N1 - Boa
2014-09-28,,,,,,74.28041666666667,23.402083333333334,23.22458333333333,0.33916666666666667,26.818181818181817,0.0,24,N1 - Boa
2014-09-29,,,,,,66.56708333333333,25.818749999999998,11.96375,0.45083333333333336,54.81818181818182,0.0,48,N2 - Moderada
2014-09-30,,,,,,67.1525,25.479166666666668,17.313333333333333,0.47458333333333336,37.875,0.2,34,N1 - Boa
2014-10-01,,,,,,60.76666666666667,26.4575,22.684583333333332,0.5045833333333333,47.375,0.0,42,N2 - Moderada
2014-10-02,,,,,,67.91125,22.23875,21.42625,0.30125,25.375,5.2,22,N1 - Boa
2014-10-03,,,,,,56.7825,20.43,18.135833333333334,0.18125,23.916666666666668,0.4,21,N1 - Boa
2014-10-04,,,,,,52.42333333333334,20.269166666666667,26.480416666666667,0.11083333333333334,15.791666666666666,0.0,14,N1 - Boa
2014-10-05,,,,,,53.75125,20.005416666666665,29.1375,0.15416666666666667,15.791666666666666,0.0,16,N1 - Boa
2014-10-06,,,,,,54.395833333333336,21.378333333333334,23.41125,0.21541666666666667,21.708333333333332,0.0,20,N1 - Boa
2014-10-07,,,,,,53.195,22.387916666666666,12.722708333333335,0.2579166666666667,27.916666666666668,0.0,25,N1 - Boa
2014-10-08,,,,,,53.784166666666664,23.963333333333335,13.313125,0.3441666666666667,33.25,0.0,29,N1 - Boa
2014-10-09,,,,,,54.10833333333333,24.793333333333333,9.432916666666667,0.3804166666666667,36.5,0.0,32,N1 - Boa
2014-10-10,,,,,,50.76958333333334,26.804166666666664,13.064583333333333,0.5579166666666667,50.666666666666664,0.0,45,N2 - Moderada
2014-10-11,,,,,,48.93375,26.953333333333333,25.462083333333336,0.51375,60.333333333333336,0.0,51,N2 - Moderada
2014-10-12,,,,,,74.61749999999999,21.989583333333332,28.337500000000002,0.31833333333333336,34.541666666666664,0.0,31,N1 - Boa
2014-10-13,,,,,,64.075,25.93875,12.015416666666667,0.7466666666666667,72.91666666666667,0.0,60,N2 - Moderada
2014-10-14,,,,,,70.24,24.169583333333332,24.772499999999997,0.3641666666666667,61.375,0.0,52,N2 - Moderada
2014-10-15,,,,,,71.55791666666667,24.190833333333334,19.758333333333333,0.30041666666666667,35.625,0.0,32,N1 - Boa
2014-10-16,,,,,,67.80958333333334,24.91625,16.8175,0.41124999999999995,43.25,0.0,38,N1 - Boa
2014-10-17,,,,,,63.20066666666666,25.977333333333334,9.437692307692307,0.32,54.0,0.0,47,N2 - Moderada
2014-10-18,,,,,,,,,,,0.0,,
2014-10-19,,,,,,,,,,,0.0,,
2014-10-20,,,,,,,,,,,0.0,,
2014-10-21,,,,,,62.10090909090909,20.844545454545457,6.113333333333333,,27.333333333333332,0.0,24,N1 - Boa
2014-10-22,,,,,,67.78375,20.519583333333333,10.491249999999999,0.24229166666666668,21.25,1.4,19,N1 - Boa
2014-10-23,,,,,,57.59125,23.3075,16.318749999999998,0.22791666666666666,25.583333333333332,0.0,23,N1 - Boa
2014-10-24,,,,,,61.250416666666666,24.185833333333335,13.74,0.31916666666666665,31.333333333333332,0.0,28,N1 - Boa
2014-10-25,,,,,,64.83083333333333,23.316666666666666,12.305416666666666,0.33791666666666664,30.5,0.0,27,N1 - Boa
2014-10-26,,,,,,71.31958333333334,23.47875,21.085833333333333,0.36833333333333335,38.458333333333336,7.199999999999999,34,N1 - Boa
2014-10-27,,,,,,66.62375,24.063333333333333,8.662083333333333,0.32708333333333334,22.75,0.2,20,N1 - Boa
2014-10-28,,,,,,65.39583333333333,22.86,12.535416666666668,0.2579166666666667,24.666666666666668,0.0,22,N1 - Boa
2014-10-29,,,,,,60.120000000000005,25.315416666666668,14.266666666666666,0.36125,32.583333333333336,0.0,29,N1 - Boa
2014-10-30,,,,,,48.321666666666665,29.483333333333334,13.2475,0.5225,43.25,0.0,38,N1 - Boa
2014-10-31,,,,,,51.35583333333333,30.217083333333335,15.184166666666668,0.39208333333333334,40.666666666666664,10.0,36,N1 - Boa
2014-11-01,,,,,,54.62416666666667,29.50708333333333,19.187083333333334,0.35708333333333336,44.666666666666664,0.0,40,N1 - Boa
2014-11-02,,,,,,65.29541666666667,26.20958333333333,22.857916666666668,0.2866666666666667,35.416666666666664,0.0,31,N1 - Boa
2014-11-03,,,,,,61.91833333333333,25.86916666666667,16.937083333333334,0.2814583333333333,40.833333333333336,0.0,36,N1 - Boa
2014-11-04,,,,,,48.127916666666664,28.649583333333336,13.252916666666666,0.35479166666666667,48.583333333333336,0.0,43,N2 - Moderada
2014-11-05,,,,,,60.70083333333333,26.42833333333333,12.145000000000001,0.3804166666666667,51.291666666666664,1.0,45,N2 - Moderada
2014-11-06,,,,,,75.30041666666666,24.266666666666666,7.713333333333334,0.32666666666666666,19.166666666666668,0.6,17,N1 - Boa
2014-11-07,,,,,,63.747083333333336,26.69541666666667,15.480833333333335,0.46875,37.458333333333336,0.0,33,N1 - Boa
2014-11-08,,,,,,65.75083333333333,26.00708333333333,29.085416666666664,0.28583333333333333,32.75,2.0,29,N1 - Boa
2014-11-09,,,,,,73.13208333333334,24.124166666666667,23.764166666666668,0.20458333333333334,18.416666666666668,2.0,16,N1 - Boa
2014-11-10,,,,,,67.36375,24.044166666666666,22.1675,0.21083333333333334,18.708333333333332,0.0,17,N1 - Boa
2014-11-11,,,,,,62.497083333333336,24.1125,19.632916666666667,0.24791666666666667,18.916666666666668,0.0,17,N1 - Boa
2014-11-12,,,,,,64.3225,25.477083333333336,15.143333333333333,0.3741666666666667,30.333333333333332,1.8,27,N1 - Boa
2014-11-13,,,,,,61.731249999999996,27.702083333333334,28.162916666666664,0.40291666666666665,36.333333333333336,1.2,32,N1 - Boa
2014-11-14,,,,,,78.15208333333334,22.37708333333333,19.49416666666667,0.3408333333333333,25.916666666666668,12.6,23,N1 - Boa
2014-11-15,,,,,,77.53375,19.822083333333335,19.879166666666666,0.22624999999999998,17.0,7.6,15,N1 - Boa
2014-11-16,,,,,,69.73583333333333,21.38875,12.618333333333334,0.22333333333333336,17.625,16.6,16,N1 - Boa
2014-11-17,,,,,,56.365833333333335,22.50375,9.64875,0.3066666666666667,20.708333333333332,0.0,19,N1 - Boa
2014-11-18,,,,,,50.706250000000004,23.33375,16.35375,0.20333333333333334,21.875,0.0,20,N1 - Boa
2014-11-19,,,,,,53.33958333333334,24.605833333333333,15.574583333333335,0.2970833333333333,31.541666666666668,0.0,28,N1 - Boa
2014-11-20,,,,,,50.55625,25.12,17.485833333333336,0.19416666666666668,28.25,0.0,25,N1 - Boa
2014-11-21,,,,,,55.08208333333334,26.247500000000002,11.9275,0.42375,41.625,0.0,37,N1 - Boa
2014-11-22,,,,,,57.63458333333333,28.22875,26.234166666666667,0.37041666666666667,45.958333333333336,0.0,41,N2 - Moderada
2014-11-23,,,,,,78.85583333333334,24.08875,17.89708333333333,0.44083333333333335,38.75,6.4,35,N1 - Boa
2014-11-24,,,,,,78.97833333333334,23.93625,16.46291666666667,0.35625,35.958333333333336,0.0,32,N1 - Boa
2014-11-25,,,,,,67.13666666666667,26.755416666666665,13.915416666666667,0.3975,33.083333333333336,0.0,29,N1 - Boa
2014-11-26,,,,,,60.552083333333336,28.674166666666665,4.3845833333333335,0.4291666666666667,31.875,2.5999999999999996,28,N1 - Boa
2014-11-27,,,,,,82.26333333333334,23.895,10.067916666666667,0.38958333333333334,17.666666666666668,3.4000000000000004,16,N1 - Boa
2014-11-28,,,,,,76.46333333333332,23.605833333333333,6.71625,0.31625,18.666666666666668,2.8,17,N1 - Boa
2014-11-29,,,,,,73.79083333333334,23.737916666666667,8.568333333333333,0.2041666666666667,21.25,0.0,19,N1 - Boa
2014-11-30,,,,,,72.21791666666667,23.64708333333333,10.79875,0.1758333333333333,20.625,0.0,19,N1 - Boa
2014-12-01,,,,,,61.12708333333333,27.713333333333335,9.782916666666667,0.28541666666666665,28.291666666666668,0.0,25,N1 - Boa
2014-12-02,,,,,,51.305416666666666,29.10291666666667,11.692916666666667,0.29625,35.416666666666664,0.0,31,N1 - Boa
2014-12-03,,,,,,51.42625,29.39708333333333,13.557083333333333,0.33375,40.416666666666664,0.0,36,N1 - Boa
2014-12-04,,,,,,60.01458333333333,27.37291666666667,18.834166666666665,0.29541666666666666,37.333333333333336,0.0,33,N1 - Boa
2014-12-05,,,,,,79.55125,21.829166666666666,12.527500000000002,0.27166666666666667,15.458333333333334,30.4,13,N1 - Boa
2014-12-06,,,,,,64.65708333333333,24.69458333333333,13.54625,0.24708333333333332,27.666666666666668,0.0,25,N1 - Boa
2014-12-07,,,,,,63.68416666666667,26.256249999999998,14.079583333333334,0.2775,18.541666666666668,0.0,17,N1 - Boa
2014-12-08,,,,,,60.361250000000005,27.53125,8.353333333333333,0.32208333333333333,25.375,0.0,22,N1 - Boa
2014-12-09,,,,,,55.305,29.137083333333333,13.865416666666667,0.2854166666666667,32.0,0.0,28,N1 - Boa
2014-12-10,,,,,,54.90708333333333,28.750833333333333,10.449166666666667,0.35083333333333333,35.875,0.0,32,N1 - Boa
2014-12-11,,,,,,51.6575,29.497083333333332,11.094999999999999,0.30833333333333335,40.208333333333336,0.0,36,N1 - Boa
2014-12-12,,,,,,53.20333333333334,29.4075,20.296666666666667,0.34625,47.625,0.0,42,N2 - Moderada
2014-12-13,,,,,,68.24083333333333,26.41541666666667,26.845,0.4383333333333333,38.708333333333336,9.0,35,N1 - Boa
2014-12-14,,,,,,71.02416666666666,26.60166666666667,24.557083333333335,0.24125,17.0,2.4,18,N1 - Boa
2014-12-15,,,,,,55.04357142857143,26.861428571428572,17.99357142857143,0.3385714285714286,28.533333333333335,0.0,26,N1 - Boa
2014-12-16,,,,,,61.342000000000006,24.592,5.816000000000001,0.35428571428571426,20.954545454545453,0.0,19,N1 - Boa
2014-12-17,,,,,,58.15125,25.21291666666667,13.83375,0.3075,27.791666666666668,0.0,25,N1 - Boa
2014-12-18,,,,,,52.74208333333333,27.695416666666663,15.713333333333333,0.4154166666666667,37.541666666666664,0.0,34,N1 - Boa
2014-12-19,,,,,,62.2925,27.063333333333333,25.18541666666667,0.38375000000000004,31.541666666666668,0.0,28,N1 - Boa
2014-12-20,,,,,,65.04333333333334,27.296666666666667,17.142500000000002,0.5437500000000001,44.083333333333336,0.0,39,N1 - Boa
2014-12-21,,,,,,48.979166666666664,31.815833333333334,19.338333333333335,0.39166666666666666,36.041666666666664,0.0,32,N1 - Boa
2014-12-22,,,,,,47.55791666666667,31.7375,16.97375,0.39125000000000004,27.875,0.0,25,N1 - Boa
2014-12-23,,,,,,76.665,26.33791666666667,9.063333333333334,0.3625,22.208333333333332,2.6,20,N1 - Boa
2014-12-24,,,,,,71.13375,26.08458333333333,12.72625,0.28791666666666665,14.083333333333334,2.6,12,N1 - Boa
2014-12-25,,,,,,68.76291666666667,26.63,22.809583333333332,0.18208333333333335,16.916666666666668,0.0,16,N1 - Boa
2014-12-26,,,,,,61.94958333333333,27.90833333333333,15.879166666666668,0.20083333333333334,23.375,0.0,20,N1 - Boa
2014-12-27,,,,,,54.47208333333333,28.9025,19.5075,0.20791666666666667,25.416666666666668,0.0,22,N1 - Boa
2014-12-28,,,,,,50.72833333333333,29.950833333333335,35.770833333333336,0.2604166666666667,27.875,0.0,33,N1 - Boa
2014-12-29,,,,,,51.42625,30.1375,31.86791666666667,0.3775,45.166666666666664,0.0,40,N1 - Boa
2014-12-30,,,,,,54.134166666666665,29.435,29.19875,0.32083333333333336,30.416666666666668,0.8,27,N1 - Boa
2014-12-31,,,,,,56.63583333333333,29.650833333333335,30.633333333333336,0.30041666666666667,27.208333333333332,0.6000000000000001,24,N1 - Boa
2015-01-01,,,,,,51.23083333333333,30.6075,40.885416666666664,0.3120833333333333,31.458333333333332,0.0,33,N1 - Boa
2015-01-02,,,,,,54.7475,31.473333333333333,33.878750000000004,0.37729166666666664,36.833333333333336,0.0,33,N1 - Boa
2015-01-03,,,,,,59.7175,29.640416666666667,36.955416666666665,0.2333333333333333,17.333333333333332,0.0,20,N1 - Boa
2015-01-04,,,,,,70.12541666666667,27.641666666666666,20.349166666666665,0.26166666666666666,17.291666666666668,2.8,15,N1 - Boa
2015-01-05,,,,,,73.51208333333334,26.11125,19.00875,0.34958333333333336,20.5,4.0,18,N1 - Boa
2015-01-06,,,,,,67.46124999999999,26.835416666666664,15.082083333333335,0.24,29.208333333333332,4.6,26,N1 - Boa
2015-01-07,,,,,,53.57708333333333,29.663749999999997,20.559166666666666,0.27999999999999997,33.041666666666664,0.0,29,N1 - Boa
2015-01-08,,,,,,53.310833333333335,28.974999999999998,13.565,0.24250000000000002,36.07692307692308,0.0,32,N1 - Boa
2015-01-09,,,,,,40.40375,31.465,9.57625,0.38875,52.125,0.0,45,N2 - Moderada
2015-01-10,,,,,,39.091249999999995,32.125416666666666,30.876666666666665,0.3,38.833333333333336,0.0,35,N1 - Boa
2015-01-11,,,,,,56.800000000000004,29.73125,49.782916666666665,0.3516666666666666,46.958333333333336,0.0,42,N2 - Moderada
2015-01-12,,,,,,53.89666666666667,30.865416666666665,57.25333333333333,0.48416666666666663,66.625,0.0,56,N2 - Moderada
2015-01-13,,,,,,58.34375,30.190416666666664,40.07208333333333,0.48333333333333334,52.333333333333336,0.0,45,N2 - Moderada
2015-01-14,,,,,,56.50875,30.301666666666666,28.8225,0.40875,52.166666666666664,0.0,45,N2 - Moderada
2015-01-15,,,,,,56.32375,30.152916666666666,34.19166666666667,0.395,52.958333333333336,0.0,46,N2 - Moderada
2015-01-16,,,,,,60.70708333333334,29.349999999999998,29.608333333333334,0.39041666666666663,48.375,0.0,42,N2 - Moderada
2015-01-17,,,,,,51.50416666666666,30.25208333333333,34.63166666666667,0.28875,40.541666666666664,0.0,36,N1 - Boa
2015-01-18,,,,,,53.145833333333336,30.363333333333333,48.52166666666667,0.36375,45.75,0.0,41,N2 - Moderada
2015-01-19,,,,,,53.447916666666664,30.57625,30.370416666666667,0.4275,56.791666666666664,0.0,49,N2 - Moderada
2015-01-20,,,,,,53.102916666666665,30.101249999999997,50.33625,0.3729166666666666,49.291666666666664,0.0,43,N2 - Moderada
2015-01-21,,,,,,59.687916666666666,29.758750000000003,31.079583333333332,0.39125000000000004,46.416666666666664,0.0,41,N2 - Moderada
2015-01-22,,,,,,63.97145833333334,27.89916666666667,18.455,0.33166666666666667,27.791666666666668,4.2,25,N1 - Boa
2015-01-23,,,,,,67.09875,27.010416666666668,20.99625,0.46625,26.625,0.0,24,N1 - Boa
2015-01-24,,,,,,65.26291666666667,27.31625,24.055000000000003,0.35874999999999996,33.958333333333336,0.0,30,N1 - Boa
2015-01-25,,,,,,50.89416666666667,30.23875,34.41625,0.2383333333333333,25.541666666666668,0.0,28,N1 - Boa
2015-01-26,,,,,,54.19416666666667,29.970416666666665,20.965416666666666,0.32208333333333333,32.458333333333336,0.0,28,N1 - Boa
2015-01-27,,,,,,59.89000000000001,29.416666666666668,33.32375,0.384,36.625,0.0,33,N1 - Boa
2015-01-28,,,,,,61.694375,29.251666666666665,26.606041666666666,0.35625,32.8125,0.0,29,N1 - Boa
2015-01-29,,,,,,54.82583333333333,31.034583333333334,35.54291666666666,0.42583333333333334,36.416666666666664,0.0,32,N1 - Boa
2015-01-30,,,,,,57.96541666666667,30.632916666666663,26.0525,0.4595833333333333,37.083333333333336,0.0,33,N1 - Boa
2015-01-31,,,,,,74.15208333333334,26.88625,24.3625,0.27125,21.083333333333332,34.6,19,N1 - Boa
2015-02-01,,,,,,69.88125000000001,27.592083333333335,31.105833333333333,0.22,24.208333333333332,17.8,24,N1 - Boa
2015-02-02,,,,,,75.74854166666667,24.764583333333334,9.915625,0.35157894736842105,27.125,0.0,24,N1 - Boa
2015-02-03,,,,,,69.78375,26.087083333333336,27.227083333333336,0.5145833333333333,33.895833333333336,12.0,30,N1 - Boa
2015-02-04,,,,,,69.89583333333333,25.895416666666666,21.88416666666667,0.3854545454545455,29.083333333333332,0.6,26,N1 - Boa
2015-02-05,,,,,,67.58395833333333,26.280416666666667,4.882083333333333,0.6711111111111111,27.395833333333332,4.0,24,N1 - Boa
2015-02-06,,,,,,74.69291666666668,25.400833333333335,8.682083333333333,0.5091666666666667,23.625,10.6,21,N1 - Boa
2015-02-07,,,,,,73.72416666666668,25.48,17.227916666666665,0.3025,14.25,3.0,13,N1 - Boa
2015-02-08,,,,,,71.91625,26.075,24.51875,0.28458333333333335,15.208333333333334,0.0,20,N1 - Boa
2015-02-09,,,,,,68.45625,26.863333333333333,20.834166666666665,0.33249999999999996,15.208333333333334,0.0,15,N1 - Boa
2015-02-10,,,,,,57.77875,30.507499999999997,19.117083333333333,0.38125000000000003,26.125,0.0,23,N1 - Boa
2015-02-11,,,,,,53.568333333333335,31.16333333333333,19.43875,0.27416666666666667,35.083333333333336,0.0,31,N1 - Boa
2015-02-12,,,,,,48.72833333333333,32.05583333333333,21.664583333333336,0.27958333333333335,33.166666666666664,0.0,29,N1 - Boa
2015-02-13,,,,,,54.60666666666666,31.48375,44.8225,0.40125000000000005,49.166666666666664,0.0,43,N2 - Moderada
2015-02-14,,,,,,63.28041666666667,30.150833333333335,39.53875,0.36625,32.25,0.0,28,N1 - Boa
2015-02-15,,,,,,65.6475,28.428749999999997,46.52708333333334,0.29541666666666666,31.958333333333332,5.6000000000000005,36,N1 - Boa
2015-02-16,,,,,,73.55208333333333,25.577083333333334,25.087083333333336,0.2841666666666667,17.708333333333332,0.0,17,N1 - Boa
2015-02-17,,,,,,67.11333333333333,27.672916666666666,31.865,0.32458333333333333,29.791666666666668,0.6,28,N1 - Boa
2015-02-18,,,,,,61.79416666666666,28.301666666666666,17.4225,0.28291666666666665,25.958333333333332,0.0,23,N1 - Boa
2015-02-19,,,,,,46.622083333333336,31.334999999999997,18.601666666666667,0.32583333333333336,30.875,0.0,28,N1 - Boa
2015-02-20,,,,,,49.78458333333333,30.955416666666665,19.761666666666667,0.36000000000000004,36.916666666666664,0.0,33,N1 - Boa
2015-02-21,,,,,,55.971666666666664,29.265833333333333,22.708333333333332,0.22833333333333336,31.625,0.0,28,N1 - Boa
2015-02-22,,,,,,61.63583333333333,28.527083333333334,20.04375,0.18416666666666667,13.125,0.0,14,N1 - Boa
2015-02-23,,,,,,61.915,28.655833333333334,11.234166666666667,0.24541666666666664,17.25,0.0,15,N1 - Boa
2015-02-24,,,,,,57.14291666666667,29.057916666666667,8.532083333333334,0.27999999999999997,24.083333333333332,0.0,21,N1 - Boa
2015-02-25,,,,,,56.751666666666665,28.709166666666665,18.186666666666667,0.41958333333333336,40.625,0.0,36,N1 - Boa
2015-02-26,,,,,,60.42208333333334,28.644583333333333,27.50375,0.46208333333333335,42.875,0.0,38,N1 - Boa
2015-02-27,,,,,,61.23083333333333,28.679999999999996,41.237500000000004,0.4604166666666667,46.333333333333336,0.0,41,N2 - Moderada
2015-02-28,,,,,,62.331250000000004,28.4675,19.840833333333332,0.3941666666666667,39.375,0.0,35,N1 - Boa
2015-03-01,,,,,,59.19958333333333,27.056250000000002,22.262083333333333,0.15375,24.666666666666668,0.0,22,N1 - Boa
2015-03-02,,,,,,56.943333333333335,26.936666666666667,15.579166666666666,0.2558333333333333,30.333333333333332,0.0,27,N1 - Boa
2015-03-03,,,,,,60.70166666666666,27.187916666666666,14.768333333333333,0.27416666666666667,26.291666666666668,0.0,23,N1 - Boa
2015-03-04,,,,,,63.07666666666666,27.507499999999997,13.40375,0.30062500000000003,26.291666666666668,0.0,23,N1 - Boa
2015-03-05,,,,,,60.37625,28.05,10.290416666666667,0.8227272727272728,27.333333333333332,0.0,24,N1 - Boa
2015-03-06,,,,,,54.18208333333333,29.08583333333333,15.145833333333334,0.706875,33.583333333333336,0.0,30,N1 - Boa
2015-03-07,,,,,,74.08749999999999,25.050416666666667,26.637083333333333,0.28833333333333333,30.291666666666668,36.0,27,N1 - Boa
2015-03-08,,,,,,74.57708333333333,25.747083333333336,20.56083333333333,0.30875,17.166666666666668,2.8000000000000003,17,N1 - Boa
2015-03-09,,,,,,79.58583333333333,25.70125,6.989583333333333,0.5504166666666667,33.25,4.0,29,N1 - Boa
2015-03-10,,,,,,74.64708333333333,25.873333333333335,2.0275000000000003,0.5820833333333333,38.666666666666664,1.0,35,N1 - Boa
2015-03-11,,,,,,66.74458333333332,27.43041666666667,3.11375,0.57375,39.083333333333336,0.0,35,N1 - Boa
2015-03-12,,,,,,72.4025,26.790000000000003,10.182083333333333,0.4579166666666667,29.333333333333332,0.0,26,N1 - Boa
2015-03-13,,,,,,76.81666666666666,26.264583333333334,14.290416666666665,0.49666666666666665,38.75,3.8,35,N1 - Boa
2015-03-14,,,,,,77.6025,26.064166666666665,22.98125,0.43,34.375,0.0,30,N1 - Boa
2015-03-15,,,,,,70.10541666666667,27.61708333333333,24.74416666666667,0.38625,32.541666666666664,0.0,29,N1 - Boa
2015-03-16,,,,,,71.60333333333334,27.200833333333335,22.171666666666667,0.4566666666666667,38.291666666666664,18.999999999999996,34,N1 - Boa
2015-03-17,,,,,,77.04541666666667,24.414583333333336,5.0808333333333335,0.6004166666666667,40.541666666666664,0.4,36,N1 - Boa
2015-03-18,,,,,,75.40583333333333,26.027083333333334,15.010833333333332,0.51375,39.083333333333336,0.4,35,N1 - Boa
2015-03-19,,,,,,72.90083333333332,26.63291666666667,13.129583333333334,0.30541666666666667,24.625,0.0,22,N1 - Boa
2015-03-20,,,,,,71.19333333333334,26.627916666666668,9.233333333333333,0.3125,20.75,0.0,19,N1 - Boa
2015-03-21,,,,,,79.49291666666666,24.872083333333332,6.163333333333333,0.3116666666666667,24.416666666666668,5.6,21,N1 - Boa
2015-03-22,,,,,,77.08041666666666,24.984166666666667,15.712083333333332,0.33875000000000005,20.166666666666668,46.8,18,N1 - Boa
2015-03-23,,,,,,81.53083333333333,22.549583333333334,9.88,0.35791666666666666,24.0,28.0,21,N1 - Boa
2015-03-24,,,,,,69.43333333333334,25.29416666666667,6.6925,0.33166666666666667,24.041666666666668,5.6000000000000005,21,N1 - Boa
2015-03-25,,,,,,64.77666666666666,25.599166666666665,10.355416666666667,0.26416666666666666,26.166666666666668,0.0,23,N1 - Boa
2015-03-26,,,,,,65.00208333333333,26.117499999999996,8.678749999999999,0.36083333333333334,29.916666666666668,0.0,27,N1 - Boa
2015-03-27,,,,,,65.25958333333334,26.955,5.984583333333333,0.44625000000000004,48.5,0.0,42,N2 - Moderada
2015-03-28,,,,,,71.99666666666667,25.827916666666667,16.2575,0.27291666666666664,,0.2,9,N1 - Boa
2015-03-29,,,,,,76.59625,25.479166666666668,20.865,0.25916666666666666,,14.2,16,N1 - Boa
2015-03-30,,,,,,77.19333333333334,26.02125,13.065,0.3841666666666667,39.0,0.4,35,N1 - Boa
2015-03-31,,,,,,68.59291666666667,27.8225,5.850416666666667,0.5191666666666667,42.5,0.0,37,N1 - Boa
2015-04-01,,,,,,68.49041666666666,25.994583333333335,7.39375,0.3779166666666667,25.0,0.0,22,N1 - Boa
2015-04-02,,,,,,68.99708333333334,24.767916666666665,9.187916666666666,0.27791666666666665,22.833333333333332,0.8,20,N1 - Boa
2015-04-03,,,,,,60.13375,24.917083333333334,17.442916666666665,0.21416666666666664,19.458333333333332,0.0,17,N1 - Boa
2015-04-04,,,,,,60.52291666666667,25.58,21.607916666666668,0.215,19.458333333333332,0.0,17,N1 - Boa
2015-04-05,,,,,,63.90541666666667,26.685,20.875,0.29833333333333334,23.291666666666668,2.5999999999999996,20,N1 - Boa
2015-04-06,,,,,,63.87166666666667,26.962500000000002,13.459583333333333,0.33875000000000005,21.791666666666668,5.0,20,N1 - Boa
2015-04-07,,,,,,76.56666666666666,21.924583333333334,10.519166666666667,0.24541666666666664,23.791666666666668,18.6,21,N1 - Boa
2015-04-08,,,,,,64.30333333333333,23.51375,8.95125,0.2864583333333333,32.458333333333336,0.0,28,N1 - Boa
2015-04-09,,,,,,61.52875,24.31375,8.534166666666666,0.23958333333333334,23.583333333333332,0.0,21,N1 - Boa
2015-04-10,,,,,,60.61958333333333,24.430833333333336,9.731666666666667,0.3345833333333333,21.166666666666668,0.0,19,N1 - Boa
2015-04-11,,,,,,63.74625,24.3325,13.73375,0.22416666666666665,19.041666666666668,0.0,17,N1 - Boa
2015-04-12,,,,,,66.25,24.31125,22.179583333333337,0.25416666666666665,19.083333333333332,0.0,17,N1 - Boa
2015-04-13,,,,,,67.84125,24.308333333333334,18.058333333333334,0.27499999999999997,20.958333333333332,0.0,19,N1 - Boa
2015-04-14,,,,,,63.69375,24.805833333333336,20.687083333333334,0.3175,24.708333333333332,0.0,22,N1 - Boa
2015-04-15,,,,,,57.66166666666667,26.27,15.492083333333333,0.34791666666666665,37.291666666666664,0.0,33,N1 - Boa
2015-04-16,,,,,,67.75791666666667,25.977083333333336,14.226666666666667,0.52125,48.583333333333336,8.6,43,N2 - Moderada
2015-04-17,,,,,,72.50791666666667,25.639583333333334,11.68,0.38916666666666666,24.041666666666668,0.2,21,N1 - Boa
2015-04-18,,,,,,68.90875,26.077916666666667,14.850833333333334,0.35874999999999996,29.5,0.0,27,N1 - Boa
2015-04-19,,,,,,75.01708333333333,25.9025,18.285,0.37041666666666667,35.125,0.0,31,N1 - Boa
2015-04-20,,,,,,71.30666666666666,26.56,20.919583333333332,0.3666666666666667,34.333333333333336,0.0,30,N1 - Boa
2015-04-21,,,,,,68.6275,27.135,19.06125,0.28250000000000003,27.583333333333332,0.0,25,N1 - Boa
2015-04-22,,,,,,82.77666666666666,23.174583333333334,8.641666666666667,0.305,15.125,17.8,13,N1 - Boa
2015-04-23,,,,,,76.94375000000001,23.65416666666667,8.102916666666667,0.21291666666666667,21.333333333333332,0.8,19,N1 - Boa
2015-04-24,,,,,,69.83208333333333,25.128333333333334,11.4325,0.3020833333333333,27.291666666666668,0.0,24,N1 - Boa
2015-04-25,,,,,,65.75375,24.540833333333335,17.958333333333332,0.17666666666666667,19.083333333333332,2.2,17,N1 - Boa
2015-04-26,,,,,,74.1875,22.7925,11.0475,0.23458333333333334,11.666666666666666,0.6,11,N1 - Boa
2015-04-27,,,,,,71.9375,23.098333333333333,4.911666666666666,0.39916666666666667,21.208333333333332,2.6,19,N1 - Boa
2015-04-28,,,,,,68.24958333333333,23.928749999999997,9.28125,0.29250000000000004,21.458333333333332,0.0,19,N1 - Boa
2015-04-29,,,,,,66.80541666666666,23.785833333333333,6.579583333333333,0.34625,26.166666666666668,0.0,23,N1 - Boa
2015-04-30,,,,,,81.49291666666666,20.320833333333333,7.7775,0.2525,16.166666666666668,26.6,14,N1 - Boa
2015-05-01,,,,,,67.71666666666667,22.249583333333334,16.84958333333333,0.25333333333333335,23.833333333333332,0.0,21,N1 - Boa
2015-05-02,,,,,,70.53875000000001,23.135,14.974583333333333,0.26125,26.083333333333332,0.0,23,N1 - Boa
2015-05-03,,,,,,65.08208333333333,25.403333333333332,13.737083333333333,0.34041666666666665,23.958333333333332,0.0,21,N1 - Boa
2015-05-04,,,,,,59.443333333333335,26.36,7.5808333333333335,0.47,33.166666666666664,2.4000000000000004,29,N1 - Boa
2015-05-05,,,,,,73.64958333333333,23.059166666666666,6.696666666666666,0.29791666666666666,27.625,11.200000000000001,25,N1 - Boa
2015-05-06,,,,,,75.23791666666666,21.55875,3.3175000000000003,0.27999999999999997,29.666666666666668,0.0,27,N1 - Boa
2015-05-07,,,,,,70.90083333333334,21.99208333333333,6.247916666666666,0.3104166666666667,27.541666666666668,1.6,25,N1 - Boa
2015-05-08,,,,,,70.45416666666667,20.435,10.557083333333333,0.30125,26.375,11.2,23,N1 - Boa
2015-05-09,,,,,,68.96791666666667,21.749583333333334,9.859166666666667,0.28875,30.291666666666668,0.0,27,N1 - Boa
2015-05-10,,,,,,69.35541666666667,22.666666666666668,16.334166666666665,0.19166666666666665,20.541666666666668,0.0,19,N1 - Boa
2015-05-11,,,,,,70.95458333333333,23.385833333333334,7.702083333333333,0.4008333333333333,24.375,6.3999999999999995,21,N1 - Boa
2015-05-12,,,,,,69.66791666666667,22.94541666666667,9.281666666666666,0.37958333333333333,24.583333333333332,0.4,22,N1 - Boa
2015-05-13,,,,,,69.62875,22.685000000000002,6.28125,0.33625,22.625,1.8,20,N1 - Boa
2015-05-14,,,,,,70.11916666666666,21.57041666666667,10.729583333333332,0.24208333333333332,23.0,0.4,20,N1 - Boa
2015-05-15,,,,,,65.71875,21.66125,7.559583333333333,0.25458333333333333,25.625,0.0,23,N1 - Boa
2015-05-16,,,,,,67.79375,21.770416666666666,10.44,0.1758333333333333,17.333333333333332,0.0,15,N1 - Boa
2015-05-17,,,,,,64.72958333333334,23.200416666666666,16.894583333333333,0.17958333333333334,18.458333333333332,0.0,16,N1 - Boa
2015-05-18,,,,,,65.33208333333333,23.070833333333336,8.229583333333332,0.32625,32.291666666666664,0.0,28,N1 - Boa
2015-05-19,,,,,,68.86666666666666,23.13875,9.351666666666667,0.2608333333333333,24.083333333333332,0.0,21,N1 - Boa
2015-05-20,,,,,,67.45791666666666,22.763333333333332,5.9054166666666665,0.30583333333333335,22.333333333333332,0.0,20,N1 - Boa
2015-05-21,,,,,,65.20666666666666,23.256249999999998,7.524166666666666,0.34312499999999996,25.416666666666668,0.0,22,N1 - Boa
2015-05-22,,,,,,66.76958333333333,22.735833333333332,8.23875,0.31333333333333335,25.875,0.0,23,N1 - Boa
2015-05-23,,,,,,62.62958333333333,22.425,5.234583333333333,0.5270833333333333,36.375,0.0,32,N1 - Boa
2015-05-24,,,,,,59.95666666666667,24.28,18.46125,0.6108333333333333,47.541666666666664,0.0,42,N2 - Moderada
2015-05-25,,,,,,62.048333333333325,24.83583333333333,7.803333333333334,0.6470833333333333,57.916666666666664,0.0,50,N2 - Moderada
2015-05-26,,,,,,73.66458333333334,23.045416666666668,7.94125,0.4925,43.5,0.0,39,N1 - Boa
2015-05-27,,,,,,71.31875000000001,23.167916666666667,5.263333333333333,0.4935416666666667,49.5,0.0,44,N2 - Moderada
2015-05-28,,,,,,59.08291666666667,25.827083333333334,9.297500000000001,0.5745833333333333,63.791666666666664,15.799999999999999,54,N2 - Moderada
2015-05-29,,,,,,70.665,22.293333333333333,6.6812499999999995,0.43041666666666667,33.25,2.0,29,N1 - Boa
2015-05-30,,,,,,73.42458333333333,21.577083333333334,9.132916666666667,0.4466666666666667,38.25,0.0,34,N1 - Boa
2015-05-31,,,,,,85.52166666666666,20.475833333333334,2.3874999999999997,0.48291666666666666,42.375,1.4,37,N1 - Boa
2015-06-01,,,,,,78.80708333333332,21.426666666666666,5.244166666666667,0.44625,30.833333333333332,2.0,28,N1 - Boa
2015-06-02,,,,,,79.31333333333333,20.45875,2.0729166666666665,0.3670833333333334,30.541666666666668,0.2,28,N1 - Boa
2015-06-03,,,,,,63.805416666666666,22.048333333333332,8.011666666666667,0.2558333333333333,25.708333333333332,0.0,23,N1 - Boa
2015-06-04,,,,,,67.01708333333333,21.601249999999997,9.309166666666666,0.3475,27.958333333333332,0.0,25,N1 - Boa
2015-06-05,,,,,,75.15625,21.995416666666667,9.151666666666666,0.6829166666666667,51.916666666666664,0.0,45,N2 - Moderada
2015-06-06,,,,,,72.55875,23.5775,6.854583333333333,0.6008333333333333,44.416666666666664,0.0,39,N1 - Boa
2015-06-07,,,,,,63.15,24.787499999999998,6.9075,0.8008333333333333,43.416666666666664,0.0,38,N1 - Boa
2015-06-08,,,,,,61.83875,24.71166666666667,6.777916666666666,0.5233333333333333,42.541666666666664,0.0,38,N1 - Boa
2015-06-09,,,,,,59.159166666666664,24.106666666666666,7.5495833333333335,0.46625,48.125,0.0,42,N2 - Moderada
2015-06-10,,,,,,58.80041666666667,24.39375,5.18875,0.6329166666666667,62.708333333333336,0.0,53,N2 - Moderada
2015-06-11,,,,,,53.88708333333333,25.323333333333334,9.13125,0.8416666666666667,70.83333333333333,0.0,59,N2 - Moderada
2015-06-12,,,,,,70.75708333333334,23.076666666666668,6.4975,0.47125,45.291666666666664,2.2,40,N1 - Boa
2015-06-13,,,,,,73.20291666666667,23.90416666666667,8.08,0.5195833333333334,37.625,0.0,34,N1 - Boa
2015-06-14,,,,,,52.08583333333333,25.963333333333335,11.768749999999999,0.46708333333333335,40.833333333333336,0.0,36,N1 - Boa
2015-06-15,,,,,,73.53750000000001,21.895833333333332,3.1820833333333334,0.47583333333333333,28.166666666666668,4.800000000000001,25,N1 - Boa
2015-06-16,,,,,,83.33583333333333,19.050416666666667,10.994583333333333,0.27666666666666667,19.708333333333332,1.7999999999999998,18,N1 - Boa
2015-06-17,,,,,,75.57333333333334,22.127916666666668,11.28375,0.49541666666666667,31.75,0.0,28,N1 - Boa
2015-06-18,,,,,,67.47041666666667,25.385416666666668,7.140000000000001,0.9254166666666667,77.08333333333333,0.0,63,N2 - Moderada
2015-06-19,,,,,,86.62541666666665,19.516666666666666,17.04625,0.27208333333333334,13.25,38.2,12,N1 - Boa
2015-06-20,,,,,,72.15708333333333,19.238333333333333,15.21875,0.21666666666666667,22.541666666666668,1.0,20,N1 - Boa
2015-06-21,,,,,,67.17375,20.12,12.746250000000002,0.2658333333333333,25.958333333333332,0.0,23,N1 - Boa
2015-06-22,,,,,,72.85333333333334,21.279166666666665,2.294166666666667,0.5783333333333333,42.541666666666664,0.4,38,N1 - Boa
2015-06-23,,,,,,68.72666666666667,23.18958333333333,10.4525,0.41791666666666666,36.791666666666664,0.0,33,N1 - Boa
2015-06-24,,,,,,77.47708333333334,19.783333333333335,16.4575,0.39083333333333337,28.041666666666668,23.6,25,N1 - Boa
2015-06-25,,,,,,72.78916666666667,18.592916666666667,13.261818181818182,0.145,23.125,3.8000000000000003,20,N1 - Boa
2015-06-26,,,,,,69.82791666666667,19.57125,9.785714285714286,0.09208333333333334,22.583333333333332,0.0,20,N1 - Boa
2015-06-27,,,,,,72.04166666666667,20.09958333333333,12.127083333333333,0.18000000000000002,20.375,0.8,18,N1 - Boa
2015-06-28,,,,,,72.14458333333333,20.703333333333333,19.795416666666668,0.14666666666666667,21.416666666666668,0.0,19,N1 - Boa
2015-06-29,,,,,,67.93833333333333,21.483333333333334,4.876666666666666,0.3741666666666667,29.916666666666668,0.0,27,N1 - Boa
2015-06-30,,,,,,62.981249999999996,22.68875,4.245416666666666,0.5020833333333333,46.208333333333336,0.0,41,N2 - Moderada
2015-07-01,,,,,,57.2725,24.197916666666668,5.834166666666667,0.4795833333333333,40.041666666666664,0.0,36,N1 - Boa
2015-07-02,,,,,,74.38333333333334,22.090416666666666,8.585416666666667,0.38208333333333333,34.625,0.0,31,N1 - Boa
2015-07-03,,,,,,69.6375,22.47875,5.964166666666667,0.62,46.5,0.0,41,N2 - Moderada
2015-07-04,,,,,,61.83916666666667,23.293333333333333,12.2975,0.5120833333333333,36.708333333333336,0.8,33,N1 - Boa
2015-07-05,,,,,,73.01333333333334,17.815833333333334,12.255,0.2725,25.208333333333332,1.2000000000000002,22,N1 - Boa
2015-07-06,,,,,,71.21875,19.504166666666666,5.397083333333334,0.37166666666666665,34.0,0.0,30,N1 - Boa
2015-07-07,,,,,,67.005,21.607083333333335,13.184,0.38458333333333333,28.458333333333332,0.0,25,N1 - Boa
2015-07-08,,,,,,63.11208333333334,22.859166666666667,3.494444444444445,0.5516666666666666,43.291666666666664,0.0,38,N1 - Boa
2015-07-09,,,,,,58.77791666666667,23.097916666666666,,0.47125,44.375,0.0,39,N1 - Boa
2015-07-10,,,,,,69.315,22.22458333333333,,0.51,42.583333333333336,0.0,38,N1 - Boa
2015-07-11,,,,,,67.14708333333333,22.986666666666665,5.0175,0.35791666666666666,31.25,0.0,28,N1 - Boa
2015-07-12,,,,,,67.51625,23.88208333333333,11.855416666666668,0.8075,48.208333333333336,0.0,42,N2 - Moderada
2015-07-13,,,,,,62.51416666666666,25.35083333333333,5.40125,0.73375,57.916666666666664,0.0,50,N2 - Moderada
2015-07-14,,,,,,58.04125,25.27541666666667,5.6866666666666665,0.6816666666666666,56.5,0.0,48,N2 - Moderada
2015-07-15,,,,,,69.97708333333334,23.064166666666665,8.205416666666666,0.595,59.583333333333336,0.0,51,N2 - Moderada
2015-07-16,,,,,,70.00208333333333,23.632499999999997,8.892083333333334,0.535,60.25,0.0,51,N2 - Moderada
2015-07-17,,,,,,72.77958333333333,23.167916666666667,8.23875,0.4925,52.958333333333336,0.0,46,N2 - Moderada
2015-07-18,,,,,,70.76083333333334,22.662916666666664,10.33625,0.48500000000000004,58.208333333333336,0.0,50,N2 - Moderada
2015-07-19,,,,,,67.02,23.322916666666668,14.5475,0.5095833333333334,49.333333333333336,0.0,43,N2 - Moderada
2015-07-20,,,,,,53.51416666666666,24.979583333333334,6.532916666666666,0.44083333333333335,41.666666666666664,0.0,37,N1 - Boa
2015-07-21,,,,,,54.747083333333336,23.78,15.732916666666666,0.37125,44.291666666666664,2.4,39,N1 - Boa
2015-07-22,,,,,,75.87208333333334,19.540833333333335,13.665416666666667,0.12125000000000001,23.25,3.5999999999999996,20,N1 - Boa
2015-07-23,,,,,,69.15583333333333,20.933333333333334,12.73375,0.2316666666666667,29.5,0.0,27,N1 - Boa
2015-07-24,,,,,,69.63250000000001,22.39375,10.114166666666668,0.3125,31.0,0.0,28,N1 - Boa
2015-07-25,,,,,,79.10416666666667,21.587500000000002,9.43625,0.47875,32.416666666666664,3.0,28,N1 - Boa
2015-07-26,,,,,,74.41041666666666,20.96125,17.45875,0.26666666666666666,20.25,0.0,18,N1 - Boa
2015-07-27,,,,,,73.21041666666666,21.682916666666667,11.944166666666668,0.47374999999999995,32.375,0.0,28,N1 - Boa
2015-07-28,,,,,,74.89041666666667,22.282083333333333,14.959166666666667,0.44208333333333333,30.0,0.0,27,N1 - Boa
2015-07-29,,,,,,76.66666666666667,22.2375,14.751666666666667,0.34708333333333335,31.958333333333332,0.4,28,N1 - Boa
2015-07-30,,,,,,75.33,22.66875,17.9975,0.5029166666666667,28.541666666666668,0.0,26,N1 - Boa
2015-07-31,,,,,,75.64291666666666,23.052083333333332,14.609583333333333,0.44333333333333336,55.333333333333336,0.0,48,N2 - Moderada
2015-08-01,,,,,,66.31291666666667,24.09125,18.573125,0.5414583333333334,70.91666666666667,0.0,59,N2 - Moderada
2015-08-02,,,,,,60.504999999999995,23.97854166666667,15.770833333333334,0.3985416666666666,39.75,0.0,36,N1 - Boa
2015-08-03,,,,,,55.41833333333333,24.531666666666666,8.0475,0.5904166666666667,61.5,0.0,53,N2 - Moderada
2015-08-04,,,,,,57.687083333333334,24.2625,22.553749999999997,0.55375,70.66666666666667,0.0,59,N2 - Moderada
2015-08-05,,,,,,82.3,20.85,3.64,0.45,67.0,0.0,56,N2 - Moderada
2015-08-06,,,,,,,,,,,0.0,,
2015-08-07,,,,,,62.38375,25.394,4.6775,0.44,47.5,0.0,42,N2 - Moderada
2015-08-08,,,,,,65.205,23.3325,17.111666666666668,0.11833333333333333,28.291666666666668,0.0,25,N1 - Boa
2015-08-09,,,,,,63.72291666666666,22.851249999999997,30.868333333333336,0.012499999999999999,17.625,0.0,17,N1 - Boa
2015-08-10,,,,,,60.05916666666667,22.603333333333335,18.015833333333333,0.15833333333333333,30.875,0.0,28,N1 - Boa
2015-08-11,,,,,,58.20374999999999,22.287916666666664,19.045833333333334,0.2025,29.708333333333332,0.0,27,N1 - Boa
2015-08-12,,,,,,61.32125,21.653333333333332,14.837916666666667,0.24541666666666664,33.166666666666664,0.0,29,N1 - Boa
2015-08-13,,,,,,62.42625,22.192083333333333,12.625416666666666,0.34625,31.583333333333332,0.0,28,N1 - Boa
2015-08-14,,,,,,62.359166666666674,22.88625,10.731250000000001,0.33875000000000005,36.666666666666664,0.0,33,N1 - Boa
2015-08-15,,,,,,55.490833333333335,23.75791666666667,14.849583333333333,0.31708333333333333,28.75,0.0,26,N1 - Boa
2015-08-16,,,,,,57.80125,23.847083333333334,19.04375,0.3520833333333333,33.791666666666664,0.0,30,N1 - Boa
2015-08-17,,,,,,62.268750000000004,23.017916666666665,12.515416666666667,0.3875,34.291666666666664,0.0,30,N1 - Boa
2015-08-18,,,,,,56.06125,24.512083333333333,9.990833333333333,0.3804166666666666,37.916666666666664,0.0,34,N1 - Boa
2015-08-19,,,,,,49.26333333333333,26.405833333333334,16.227916666666665,0.40958333333333335,54.041666666666664,0.4,47,N2 - Moderada
2015-08-20,,,,,,51.5625,22.90041666666667,32.70916666666667,0.14083333333333334,22.5,0.0,20,N1 - Boa
2015-08-21,,,,,,72.11416666666666,20.697083333333335,13.045,0.2020833333333333,25.0,1.2,22,N1 - Boa
2015-08-22,,,,,,70.30375,21.691666666666666,19.87125,0.13541666666666666,29.0,0.0,26,N1 - Boa
2015-08-23,,,,,,61.602916666666665,23.94875,22.355416666666667,0.22541666666666668,35.041666666666664,0.0,31,N1 - Boa
2015-08-24,,,,,,64.31291666666667,22.3175,18.48625,0.09125,40.0,0.0,36,N1 - Boa
2015-08-25,,,,,,81.07291666666667,19.760416666666668,9.971666666666666,0.25916666666666666,41.791666666666664,3.2,37,N1 - Boa
2015-08-26,,,,,,76.93249999999999,21.158333333333335,12.114583333333334,0.31145833333333334,36.833333333333336,0.4,33,N1 - Boa
2015-08-27,,,,,,66.18958333333333,22.40125,19.340833333333332,0.2554166666666667,32.541666666666664,0.0,29,N1 - Boa
2015-08-28,,,,,,61.52333333333333,22.49291666666667,16.855416666666667,0.2625,29.666666666666668,0.0,27,N1 - Boa
2015-08-29,,,,,,64.24666666666667,21.599166666666665,22.980833333333333,0.18291666666666664,37.791666666666664,0.0,34,N1 - Boa
2015-08-30,,,,,,60.32583333333333,23.931250000000002,25.200833333333335,0.21041666666666667,37.208333333333336,0.0,33,N1 - Boa
2015-08-31,,,,,,51.699999999999996,26.065416666666668,19.317916666666665,0.5816666666666667,66.58333333333333,0.0,56,N2 - Moderada
2015-09-01,,,,,,57.52458333333333,25.9025,32.49333333333333,0.3466666666666667,83.66666666666667,3.1999999999999997,68,N2 - Moderada
2015-09-02,,,,,,69.6875,19.722916666666666,21.049583333333334,0.0022222222222222222,40.916666666666664,2.2,36,N1 - Boa
2015-09-03,,,,,,65.07041666666667,20.99416666666667,12.895000000000001,0.28291666666666665,44.416666666666664,0.0,39,N1 - Boa
2015-09-04,,,,,,69.31291666666667,21.854583333333334,9.747083333333334,0.4045833333333333,58.75,0.6000000000000001,50,N2 - Moderada
2015-09-05,,,,,,79.10125000000001,18.868750000000002,16.14,0.16083333333333336,20.708333333333332,7.600000000000001,19,N1 - Boa
2015-09-06,,,,,,76.14083333333333,20.209166666666665,15.340416666666668,0.18333333333333335,16.041666666666668,0.4,14,N1 - Boa
2015-09-07,,,,,,77.90458333333333,21.560833333333335,6.982916666666667,0.3445833333333333,25.0,0.2,22,N1 - Boa
2015-09-08,,,,,,72.46,22.521666666666665,10.877083333333333,0.48291666666666666,36.583333333333336,2.1999999999999997,33,N1 - Boa
2015-09-09,,,,,,72.63105263157895,24.20875,11.706249999999999,0.2816666666666667,26.208333333333332,6.4,23,N1 - Boa
2015-09-10,,,,,,65.92555555555555,25.1825,10.210833333333333,0.22375,36.458333333333336,0.2,32,N1 - Boa
2015-09-11,,,,,,77.53166666666667,22.265416666666667,3.7945833333333336,0.30854166666666666,30.875,24.599999999999998,28,N1 - Boa
2015-09-12,,,,,,86.45666666666666,19.035416666666666,18.73125,0.005416666666666667,16.25,17.6,14,N1 - Boa
2015-09-13,,,,,,89.74791666666665,17.10625,20.794999999999998,0.10583333333333333,13.0,20.8,12,N1 - Boa
2015-09-14,,,,,,77.49333333333333,18.979583333333334,11.602916666666667,0.32208333333333333,31.833333333333332,0.0,28,N1 - Boa
2015-09-15,,,,,,74.67958333333333,22.757499999999997,14.460416666666667,0.41375,34.375,0.0,30,N1 - Boa
2015-09-16,,,,,,61.34583333333333,27.595,8.053333333333333,0.7308333333333333,58.958333333333336,0.0,50,N2 - Moderada
2015-09-17,,,,,,50.8225,29.050416666666667,13.581249999999999,0.6270833333333333,69.375,0.0,58,N2 - Moderada
2015-09-18,,,,,,48.29458333333333,29.89916666666667,16.27,0.6687500000000001,64.875,0.0,55,N2 - Moderada
2015-09-19,,,,,,64.37208333333334,26.497083333333332,25.773749999999996,0.4925,67.70833333333333,0.0,57,N2 - Moderada
2015-09-20,,,,,,68.97791666666667,24.491249999999997,32.990833333333335,0.26333333333333336,37.958333333333336,0.0,34,N1 - Boa
2015-09-21,,,,,,71.325,23.737083333333334,23.504583333333333,0.22166666666666668,36.458333333333336,0.0,32,N1 - Boa
2015-09-22,,,,,,75.16666666666667,23.07625,26.412499999999998,0.2604166666666667,60.458333333333336,0.0,51,N2 - Moderada
2015-09-23,,,,,,73.75583333333333,23.809583333333332,35.1575,0.31416666666666665,62.166666666666664,0.0,53,N2 - Moderada
2015-09-24,,,,,,56.19375,29.694999999999997,19.539583333333333,0.6504166666666666,100.875,0.0,81,N3 - Ruim
2015-09-25,,,,,,54.06625,29.483333333333334,24.885,0.3445833333333333,105.5,0.0,85,N3 - Ruim
2015-09-26,,,,,,67.25041666666667,24.91541666666667,35.15958333333334,0.08374999999999999,47.041666666666664,0.0,42,N2 - Moderada
2015-09-27,,,,,,65.26958333333333,26.347083333333334,44.892500000000005,0.06833333333333334,43.875,11.600000000000001,39,N1 - Boa
2015-09-28,,,,,,67.54625,25.125833333333333,35.876666666666665,0.10708333333333332,36.541666666666664,0.0,33,N1 - Boa
2015-09-29,,,,,,76.52722222222222,23.54888888888889,34.34111111111111,0.017777777777777778,24.68421052631579,0.0,22,N1 - Boa
2015-09-30,,,,,,71.08428571428571,25.417857142857144,8.072142857142858,,70.26666666666667,0.0,58,N2 - Moderada
2015-10-01,,,,,,73.66291666666667,24.487083333333334,24.705833333333334,0.4646153846153846,44.458333333333336,0.0,39,N1 - Boa
2015-10-02,,,,,,71.70958333333333,25.670416666666668,19.364166666666666,0.5283333333333333,56.416666666666664,0.4,48,N2 - Moderada
2015-10-03,,,,,,68.3,25.78625,32.15,0.43041666666666667,44.708333333333336,0.2,40,N1 - Boa
2015-10-04,,,,,,83.65,21.845416666666665,26.917916666666667,0.27291666666666664,16.458333333333332,5.0,15,N1 - Boa
2015-10-05,,,,,,75.385,20.409583333333334,15.800416666666665,0.295,21.625,3.0000000000000004,20,N1 - Boa
2015-10-06,,,,,,63.33291666666667,22.035416666666666,12.93,0.20750000000000002,27.229166666666668,0.0,24,N1 - Boa
2015-10-07,,,,,,57.999583333333334,24.144166666666667,18.701249999999998,0.22125000000000003,30.916666666666668,0.0,28,N1 - Boa
2015-10-08,,,,,,54.68125,26.0125,17.84375,0.4141666666666666,39.25,0.0,35,N1 - Boa
2015-10-09,,,,,,60.623333333333335,25.301666666666666,12.6575,0.5066666666666667,56.416666666666664,0.0,48,N2 - Moderada
2015-10-10,,,,,,55.16833333333333,26.904583333333335,28.045,0.4370833333333333,35.791666666666664,0.0,32,N1 - Boa
2015-10-11,,,,,,60.701249999999995,26.5475,38.91375,0.4558333333333333,57.083333333333336,0.0,49,N2 - Moderada
2015-10-12,,,,,,65.78833333333334,25.455416666666665,40.32333333333333,0.3283333333333333,39.375,0.0,35,N1 - Boa
2015-10-13,,,,,,64.37916666666666,25.397916666666664,19.429583333333333,0.40875,35.916666666666664,0.0,32,N1 - Boa
2015-10-14,,,,,,69.19583333333334,25.75708333333333,20.625416666666666,0.4458333333333333,59.375,0.0,50,N2 - Moderada
2015-10-15,,,,,,53.47,30.06833333333333,28.271666666666665,0.7279166666666667,82.08333333333333,0.0,67,N2 - Moderada
2015-10-16,,,,,,45.92958333333333,31.715416666666666,37.637499999999996,0.6437499999999999,96.91666666666667,0.0,78,N2 - Moderada
2015-10-17,,,,,,64.36458333333333,26.41625,30.693749999999998,0.24333333333333332,42.75,0.0,38,N1 - Boa
2015-10-18,,,,,,76.50791666666667,20.742083333333333,21.62,0.13333333333333333,19.104166666666668,1.4000000000000001,17,N1 - Boa
2015-10-19,,,,,,72.74249999999999,20.53,17.471666666666668,0.25083333333333335,23.5,1.5999999999999999,21,N1 - Boa
2015-10-20,,,,,,59.986250000000005,25.173333333333332,14.307083333333333,0.41791666666666666,39.291666666666664,0.0,35,N1 - Boa
2015-10-21,,,,,,63.11083333333334,26.203333333333333,12.02125,0.5008333333333334,51.916666666666664,0.0,45,N2 - Moderada
2015-10-22,,,,,,70.45041666666667,25.295416666666668,16.64125,0.5170833333333333,51.708333333333336,2.4,45,N2 - Moderada
2015-10-23,,,,,,61.04958333333334,26.45583333333333,23.491249999999997,0.4691666666666667,36.75,0.0,33,N1 - Boa
2015-10-24,,,,,,65.37416666666667,23.988333333333333,30.18041666666667,0.235,16.625,0.0,16,N1 - Boa
2015-10-25,,,,,,69.05083333333333,22.025833333333335,23.55458333333333,0.1391666666666667,12.416666666666666,0.0,12,N1 - Boa
2015-10-26,,,,,,65.15083333333332,23.609166666666667,16.369583333333335,0.25875,31.041666666666668,0.0,28,N1 - Boa
2015-10-27,,,,,,66.88,25.337500000000002,11.66125,0.40458333333333335,45.708333333333336,0.0,41,N2 - Moderada
2015-10-28,,,,,,73.35583333333334,24.97583333333333,14.3775,0.42874999999999996,36.958333333333336,0.8,33,N1 - Boa
2015-10-29,,,,,,72.70291666666667,23.80333333333333,23.09375,0.3095833333333333,25.333333333333332,1.7999999999999998,22,N1 - Boa
2015-10-30,,,,,,74.17583333333333,23.331666666666667,11.729583333333332,0.3275,22.625,1.2000000000000002,20,N1 - Boa
2015-10-31,,,,,,59.02333333333333,27.83666666666667,20.866666666666667,0.43250000000000005,19.166666666666668,0.0,20,N1 - Boa
2015-11-01,,,,,,63.77041666666667,26.940416666666668,23.729166666666668,0.3933333333333333,25.791666666666668,0.0,23,N1 - Boa
2015-11-02,,,,,,81.08208333333333,23.814999999999998,16.297916666666666,0.385,17.916666666666668,13.399999999999999,16,N1 - Boa
2015-11-03,,,,,,81.12916666666666,25.1675,3.8579166666666667,0.74375,37.458333333333336,4.2,33,N1 - Boa
2015-11-04,,,,,,78.35666666666667,24.672916666666666,8.517916666666666,0.5208333333333334,30.291666666666668,27.4,27,N1 - Boa
2015-11-05,,,,,,80.89541666666666,24.43625,5.634583333333333,0.5579166666666667,24.625,1.0,22,N1 - Boa
2015-11-06,,,,,,79.25833333333334,24.863333333333333,5.998333333333334,0.5020833333333333,21.458333333333332,7.0,19,N1 - Boa
2015-11-07,,,,,,88.13291666666667,22.487916666666667,11.4925,0.45249999999999996,12.541666666666666,38.8,12,N1 - Boa
2015-11-08,,,,,,82.92444444444443,23.544444444444444,14.608888888888888,0.4855555555555556,20.42105263157895,10.0,18,N1 - Boa
2015-11-09,,,,,,,,,,,,,
2015-11-10,,,,,,60.525,29.22,0.0,,,,,
2015-11-11,,,,,,67.36473684210527,28.1221052631579,15.218684210526314,0.22947368421052633,45.1,0.0,40,N1 - Boa
2015-11-12,,,,,,66.3425,27.107916666666668,20.930416666666666,0.07208333333333333,35.625,0.0,32,N1 - Boa
2015-11-13,,,,,,68.59791666666666,25.78625,19.875,0.16166666666666665,28.708333333333332,0.0,26,N1 - Boa
2015-11-14,,,,,,54.78458333333333,29.823333333333334,34.355,0.24791666666666667,42.541666666666664,0.0,38,N1 - Boa
2015-11-15,,,,,,67.38916666666667,26.562916666666666,28.267916666666665,0.045625,26.458333333333332,0.6000000000000001,23,N1 - Boa
2015-11-16,,,,,,77.05499999999999,23.81458333333333,15.436458333333334,0.19958333333333333,27.541666666666668,0.2,25,N1 - Boa
2015-11-17,,,,,,77.47500000000001,24.34166666666667,14.96375,0.1991666666666667,22.958333333333332,0.0,20,N1 - Boa
2015-11-18,,,,,,70.12291666666667,27.63291666666667,16.671666666666667,0.3154166666666667,34.916666666666664,0.4,31,N1 - Boa
2015-11-19,,,,,,63.197916666666664,29.11375,27.285833333333333,0.0675,50.541666666666664,0.0,45,N2 - Moderada
2015-11-20,,,,,,63.751666666666665,28.077083333333334,33.71666666666667,0.11208333333333333,28.291666666666668,1.4,25,N1 - Boa
2015-11-21,,,,,,80.765,22.0425,28.753333333333334,0.4683333333333333,19.958333333333332,10.6,18,N1 - Boa
2015-11-22,,,,,,68.98833333333333,24.0925,24.002916666666668,0.31916666666666665,24.291666666666668,0.0,21,N1 - Boa
2015-11-23,,,,,,81.76875,22.83791666666667,14.768333333333333,0.32375000000000004,30.875,26.400000000000002,28,N1 - Boa
2015-11-24,,,,,,76.51041666666667,23.96666666666667,11.261666666666665,0.21041666666666667,36.583333333333336,0.4,33,N1 - Boa
2015-11-25,,,,,,77.015,23.812083333333334,11.6225,0.05541666666666667,39.791666666666664,0.4,36,N1 - Boa
2015-11-26,,,,,,72.455,24.287916666666664,16.455833333333334,0.00125,27.166666666666668,0.0,24,N1 - Boa
2015-11-27,,,,,,64.73208333333334,24.39625,12.178749999999999,0.0,35.375,0.0,31,N1 - Boa
2015-11-28,,,,,,61.42666666666667,26.498333333333335,22.770833333333332,0.14,32.333333333333336,8.2,28,N1 - Boa
2015-11-29,,,,,,77.23041666666667,27.098666666666666,25.106666666666666,0.18875,25.541666666666668,47.599999999999994,23,N1 - Boa
2015-11-30,,,,,,86.08875,,13.065,0.18500000000000003,26.333333333333332,6.4,23,N1 - Boa
2015-12-01,,,,,,77.20916666666666,,10.929583333333333,0.12458333333333334,42.208333333333336,0.6000000000000001,37,N1 - Boa
2015-12-02,,,,,,79.356,,8.368333333333334,0.21291666666666667,38.333333333333336,1.8,34,N1 - Boa
2015-12-03,,,,,,,,7.342083333333334,0.11708333333333333,27.75,7.0,25,N1 - Boa
2015-12-04,,,,,,0.0,,6.31375,0.07416666666666667,39.75,1.6,36,N1 - Boa
2015-12-05,,,,,,0.0,,12.902500000000002,0.3020833333333333,31.375,0.4,28,N1 - Boa
2015-12-06,,,,,,0.0,,20.65875,0.21041666666666667,40.375,7.000000000000001,36,N1 - Boa
2015-12-07,,,,,,0.0,,14.370416666666666,0.085,26.083333333333332,18.200000000000003,23,N1 - Boa
2015-12-08,,,,,,0.0,,14.6625,0.03125,32.125,0.0,28,N1 - Boa
2015-12-09,,,,,,0.0,,14.3275,0.31916666666666665,38.583333333333336,0.0,35,N1 - Boa
2015-12-10,,,,,,0.0,,13.234166666666667,0.53875,54.770833333333336,0.0,48,N2 - Moderada
2015-12-11,,,,,,,,15.034166666666666,0.6591666666666667,30.833333333333332,0.0,28,N1 - Boa
2015-12-12,,,,,,,,24.114583333333332,0.6041666666666666,32.625,61.2,29,N1 - Boa
2015-12-13,,,,,,,,32.666666666666664,0.5833333333333334,20.166666666666668,9.600000000000001,23,N1 - Boa
2015-12-14,,,,,,,,20.485833333333332,0.6445833333333334,31.583333333333332,0.4,28,N1 - Boa
2015-12-15,,,,,,,,19.1825,0.51375,46.166666666666664,0.0,41,N2 - Moderada
2015-12-16,,,,,,,,28.2775,0.33708333333333335,33.625,14.0,30,N1 - Boa
2015-12-17,,,,,,,,19.722083333333334,0.1779166666666667,32.583333333333336,0.0,29,N1 - Boa
2015-12-18,,,,,,,,23.273750000000003,0.21041666666666667,49.708333333333336,0.0,44,N2 - Moderada
2015-12-19,,,,,,,,38.526666666666664,0.0425,44.875,0.0,40,N1 - Boa
2015-12-20,,,,,,,,48.4375,0.15937500000000002,20.666666666666668,0.0,24,N1 - Boa
2015-12-21,,,,,,,,26.2975,0.35041666666666665,34.291666666666664,0.0,30,N1 - Boa
2015-12-22,,,,,,,,18.942083333333333,0.2354166666666667,38.916666666666664,0.0,35,N1 - Boa
2015-12-23,,,,,,,,16.714166666666667,0.11958333333333333,30.5,0.0,27,N1 - Boa
2015-12-24,,,,,,,,27.069999999999997,0.005,26.333333333333332,0.0,24,N1 - Boa
2015-12-25,,,,,,,,50.32333333333333,0.0075,38.25,0.0,39,N1 - Boa
2015-12-26,,,,,,,,34.374583333333334,0.26875,33.458333333333336,0.0,29,N1 - Boa
2015-12-27,,,,,,,,28.06375,0.46541666666666665,31.166666666666668,0.0,28,N1 - Boa
2015-12-28,,,,,,,,25.949166666666667,0.3804166666666667,24.125,1.0,21,N1 - Boa
2015-12-29,,,,,,,,24.595416666666665,0.40625,32.041666666666664,0.0,28,N1 - Boa
2015-12-30,,,,,,,,22.90125,0.22458333333333336,36.541666666666664,13.999999999999998,33,N1 - Boa
2015-12-31,,,,,,,,17.723333333333333,0.14666666666666667,27.791666666666668,0.6000000000000001,25,N1 - Boa
2016-01-01,,,,,,,,29.03708333333333,0.11041666666666666,33.416666666666664,0.4,29,N1 - Boa
2016-01-02,,,,,,,,13.8775,0.027083333333333334,15.25,2.6,13,N1 - Boa
2016-01-03,,,,,,,,15.710833333333333,0.002916666666666667,18.125,0.6000000000000001,16,N1 - Boa
2016-01-04,,,,,,,,13.219999999999999,0.022916666666666665,30.25,0.0,27,N1 - Boa
2016-01-05,,,,,,,,16.773333333333333,0.04729166666666667,25.291666666666668,0.0,22,N1 - Boa
2016-01-06,,,,,,,,15.247916666666667,0.16541666666666666,22.583333333333332,0.0,20,N1 - Boa
2016-01-07,,,,,,,,16.139166666666664,0.3125,21.833333333333332,0.0,20,N1 - Boa
2016-01-08,,,,,,,,15.78375,0.43583333333333335,35.291666666666664,8.8,31,N1 - Boa
2016-01-09,,,,,,,,34.00833333333333,0.39125000000000004,38.125,0.0,34,N1 - Boa
2016-01-10,,,,,,,,27.059583333333332,0.46249999999999997,38.916666666666664,0.0,35,N1 - Boa
2016-01-11,,,,,,,,18.019166666666667,0.4979166666666666,41.916666666666664,0.4,37,N1 - Boa
2016-01-12,,,,,,,,13.85375,0.47500000000000003,18.833333333333332,9.6,17,N1 - Boa
2016-01-13,,,,,,,,15.578333333333333,0.5416666666666666,14.541666666666666,10.200000000000001,13,N1 - Boa
2016-01-14,,,,,,,,18.9875,0.4975,13.125,14.0,12,N1 - Boa
2016-01-15,,,,,,,,5.442916666666666,0.5725,15.583333333333334,48.0,14,N1 - Boa
2016-01-16,,,,,,,,6.213333333333334,0.40125000000000005,16.041666666666668,43.2,14,N1 - Boa
2016-01-17,,,,,,,,12.999166666666667,0.24458333333333335,19.125,0.2,17,N1 - Boa
2016-01-18,,,,,,,,11.467083333333333,0.2975,14.333333333333334,6.0,12,N1 - Boa
2016-01-19,,,,,,,,2.984583333333333,0.4066666666666667,10.291666666666666,15.8,9,N1 - Boa
2016-01-20,,,,,,,,2.1075,0.3429166666666667,12.125,9.399999999999999,11,N1 - Boa
2016-01-21,,,,,,,,4.247777777777777,0.23,11.8,0.0,11,N1 - Boa
2016-01-22,,,,,,,,3.9966666666666666,0.39166666666666666,9.791666666666666,8.4,9,N1 - Boa
2016-01-23,,,,,,,,6.420000000000001,0.35958333333333337,14.416666666666666,16.8,12,N1 - Boa
2016-01-24,,,,,,,,17.73125,0.30624999999999997,18.291666666666668,0.0,16,N1 - Boa
2016-01-25,,,,,,,,10.720416666666667,0.3779166666666667,13.666666666666666,0.0,12,N1 - Boa
2016-01-26,,,,,,,,14.504583333333334,0.4816666666666667,24.875,0.0,22,N1 - Boa
2016-01-27,,,,,,,,22.92833333333333,0.5470833333333333,39.291666666666664,0.0,35,N1 - Boa
2016-01-28,,,,,,,,13.747083333333334,0.5075,22.541666666666668,4.2,20,N1 - Boa
2016-01-29,,,,,,,,10.977916666666667,0.5670833333333333,25.375,0.2,22,N1 - Boa
2016-01-30,,,,,,,,18.264583333333334,0.45875,24.458333333333332,0.0,21,N1 - Boa
2016-01-31,,,,,,,,26.405833333333334,0.44,22.666666666666668,0.0,28,N1 - Boa
2016-02-01,,,,,,,,35.96041666666667,0.45708333333333334,28.458333333333332,0.0,35,N1 - Boa
2016-02-02,,,,,,,,28.1875,0.48333333333333334,33.208333333333336,0.0,29,N1 - Boa
2016-02-03,,,,,,,,33.36333333333334,0.41958333333333336,33.666666666666664,0.0,30,N1 - Boa
2016-02-04,,,,,,,,24.984166666666667,0.44375000000000003,32.583333333333336,0.0,29,N1 - Boa
2016-02-05,,,,,,,,23.64,0.435,35.291666666666664,0.0,31,N1 - Boa
2016-02-06,,,,,,,,23.37708333333333,0.5329166666666666,38.875,0.0,35,N1 - Boa
2016-02-07,,,,,,,,14.639166666666666,0.35708333333333336,26.75,0.0,24,N1 - Boa
2016-02-08,,,,,,,,20.58875,0.38625,37.583333333333336,0.0,34,N1 - Boa
2016-02-09,,,,,,,,24.79416666666667,0.4070833333333333,33.666666666666664,0.0,30,N1 - Boa
2016-02-10,,,,,,,,41.37375,0.42124999999999996,37.125,0.0,34,N1 - Boa
2016-02-11,,,,,,0.0,,28.394166666666667,0.38916666666666666,21.25,4.2,19,N1 - Boa
2016-02-12,,,,,,,,17.29625,0.34125,24.791666666666668,0.0,22,N1 - Boa
2016-02-13,,,,,,,,12.84125,0.3466666666666667,28.791666666666668,0.0,26,N1 - Boa
2016-02-14,,,,,,,,25.87,0.3358333333333334,23.083333333333332,0.0,21,N1 - Boa
2016-02-15,,,,,,,,16.904583333333335,0.5408333333333334,37.458333333333336,5.6,33,N1 - Boa
2016-02-16,,,,,,,,20.59125,0.4379166666666667,26.375,10.6,23,N1 - Boa
2016-02-17,,,,,,,,15.3825,0.5020833333333333,24.25,6.8,21,N1 - Boa
2016-02-18,,,,,,,,27.50583333333333,0.4370833333333333,22.125,3.4000000000000004,23,N1 - Boa
2016-02-19,,,,,,,,23.72875,0.42333333333333334,27.625,32.6,25,N1 - Boa
2016-02-20,,,,,,,,21.788750000000004,0.41791666666666666,20.541666666666668,27.599999999999998,20,N1 - Boa
2016-02-21,,,,,,,,26.782916666666665,0.37958333333333333,18.791666666666668,10.6,22,N1 - Boa
2016-02-22,,,,,,,,15.094166666666666,0.44916666666666666,24.958333333333332,38.6,22,N1 - Boa
2016-02-23,,,,,,,,14.995833333333332,0.49416666666666664,30.083333333333332,4.6,27,N1 - Boa
2016-02-24,,,,,,,,13.185833333333335,0.4741666666666667,29.875,0.2,27,N1 - Boa
2016-02-25,,,,,,,,21.099999999999998,0.5029166666666667,29.666666666666668,0.0,27,N1 - Boa
2016-02-26,,,,,,,,23.486666666666665,0.5029166666666667,29.708333333333332,0.0,27,N1 - Boa
2016-02-27,,,,,,,,33.065,0.4633333333333333,29.416666666666668,0.0,31,N1 - Boa
2016-02-28,,,,,,,,77.26071428571429,0.44357142857142856,20.3125,0.0,45,N2 - Moderada
2016-02-29,,,,,,,,10.345,0.49416666666666664,11.583333333333334,66.4,18,N1 - Boa
2016-03-01,,,,,,,,4.5095833333333335,0.3941666666666667,16.833333333333332,1.2000000000000002,15,N1 - Boa
2016-03-02,,,,,,,,11.900833333333333,0.35125,12.083333333333334,0.2,11,N1 - Boa
2016-03-03,,,,,,,,9.872083333333334,0.4870833333333333,26.083333333333332,0.0,23,N1 - Boa
2016-03-04,,,,,,,,7.802083333333333,0.4895833333333333,29.833333333333332,0.0,27,N1 - Boa
2016-03-05,,,,,,,,26.800833333333333,0.38125000000000003,28.708333333333332,0.0,26,N1 - Boa
2016-03-06,,,,,,,,41.10875,0.5275,43.75,0.4,39,N1 - Boa
2016-03-07,,,,,,,,27.196250000000003,0.5133333333333333,37.416666666666664,0.0,33,N1 - Boa
2016-03-08,,,,,,,,15.845416666666667,0.4429166666666667,34.791666666666664,0.0,31,N1 - Boa
2016-03-09,,,,,,,,13.737083333333333,0.425,32.75,0.0,29,N1 - Boa
2016-03-10,,,,,,,,10.673333333333334,0.43250000000000005,35.583333333333336,0.0,32,N1 - Boa
2016-03-11,,,,,,,,8.645833333333334,0.6825,34.875,2.2,31,N1 - Boa
2016-03-12,,,,,,,,17.23125,0.4741666666666667,26.791666666666668,81.4,24,N1 - Boa
2016-03-13,,,,,,,,8.345833333333333,0.34625,19.916666666666668,0.4,18,N1 - Boa
2016-03-14,,,,,,,,12.122083333333334,0.4841666666666667,30.166666666666668,0.0,27,N1 - Boa
2016-03-15,,,,,,,,13.155000000000001,0.2404166666666667,23.0,0.2,20,N1 - Boa
2016-03-16,,,,,,,,6.212083333333333,0.35770833333333335,25.291666666666668,32.0,22,N1 - Boa
2016-03-17,,,,,,,,7.0058333333333325,0.4458333333333333,24.75,0.6000000000000001,22,N1 - Boa
2016-03-18,,,,,,,,9.41625,0.425,18.0,0.0,16,N1 - Boa
2016-03-19,,,,,,,,16.40458333333333,0.3658333333333334,16.208333333333332,0.0,14,N1 - Boa
2016-03-20,,,,,,,,23.967916666666667,0.2866666666666667,11.541666666666666,0.0,13,N1 - Boa
2016-03-21,,,,,,,,16.579583333333336,0.420625,20.291666666666668,4.4,18,N1 - Boa
2016-03-22,,,,,,,,19.537916666666664,0.7595833333333334,37.958333333333336,0.0,34,N1 - Boa
2016-03-23,,,,,,,,20.548750000000002,0.6325,48.958333333333336,33.0,43,N2 - Moderada
2016-03-24,,,,,,,,23.88625,0.3725,21.833333333333332,2.4,20,N1 - Boa
2016-03-25,,,,,,,,34.39958333333333,0.23750000000000002,21.083333333333332,0.0,20,N1 - Boa
2016-03-26,,,,,,,,14.072083333333333,0.4270833333333333,34.541666666666664,0.8,31,N1 - Boa
2016-03-27,,,,,,,,22.36791666666667,0.5283333333333333,29.166666666666668,0.0,26,N1 - Boa
2016-03-28,,,,,,,,25.563333333333333,,37.416666666666664,0.0,33,N1 - Boa
2016-03-29,,,,,,,,34.441250000000004,0.428,42.083333333333336,0.0,37,N1 - Boa
2016-03-30,,,,,,,,22.9375,,35.833333333333336,0.0,32,N1 - Boa
2016-03-31,,,,,,,,20.307916666666667,,48.0,0.2,42,N2 - Moderada
2016-04-01,,,,,,,,23.42125,,45.791666666666664,1.6,41,N2 - Moderada
2016-04-02,,,,,,,,27.16416666666667,,28.291666666666668,0.0,25,N1 - Boa
2016-04-03,,,,,,,,25.78625,,16.708333333333332,0.0,17,N1 - Boa
2016-04-04,,,,,,,,14.317083333333334,0.7033333333333334,30.875,0.0,28,N1 - Boa
2016-04-05,,,,,,,,15.22375,0.43291666666666667,17.041666666666668,0.0,15,N1 - Boa
2016-04-06,,,,,,,,18.188666666666666,0.486,20.11764705882353,0.0,18,N1 - Boa
2016-04-07,,,,,,,,25.400000000000002,0.4608333333333334,22.375,0.0,23,N1 - Boa
2016-04-08,,,,,,,,16.047916666666666,0.6266666666666666,47.0,0.0,42,N2 - Moderada
2016-04-09,,,,,,,,34.03333333333334,0.4058333333333333,27.291666666666668,0.0,24,N1 - Boa
2016-04-10,,,,,,,,44.5375,0.3870833333333333,17.9375,0.0,26,N1 - Boa
2016-04-11,,,,,,,,23.309166666666666,0.49124999999999996,22.375,0.0,20,N1 - Boa
2016-04-12,,,,,,,,25.9675,0.4970833333333333,27.5,0.0,26,N1 - Boa
2016-04-13,,,,,,,,14.456249999999999,0.41125000000000006,19.520833333333332,0.0,18,N1 - Boa
2016-04-14,,,,,,,,20.7025,0.5420833333333334,28.416666666666668,0.0,25,N1 - Boa
2016-04-15,,,,,,,,25.965416666666666,0.5291666666666667,36.041666666666664,0.0,32,N1 - Boa
2016-04-16,,,,,,,,27.992500000000003,0.455,40.5,0.0,36,N1 - Boa
2016-04-17,,,,,,,,16.794166666666666,0.31375000000000003,16.333333333333332,0.0,16,N1 - Boa
2016-04-18,,,,,,,,10.945,0.47583333333333333,25.416666666666668,0.0,22,N1 - Boa
2016-04-19,,,,,,,,10.457916666666668,0.4366666666666667,25.083333333333332,0.0,22,N1 - Boa
2016-04-20,,,,,,,,18.187916666666666,0.4816666666666667,36.583333333333336,0.0,33,N1 - Boa
2016-04-21,,,,,,,,21.90625,0.4275,41.166666666666664,0.0,36,N1 - Boa
2016-04-22,,,,,,,,20.06125,0.5516666666666666,44.583333333333336,0.0,40,N1 - Boa
2016-04-23,,,,,,,,39.9675,0.4879166666666667,47.75,0.0,42,N2 - Moderada
2016-04-24,,,,,,,,29.969166666666666,0.3941666666666667,35.541666666666664,0.0,32,N1 - Boa
2016-04-25,,,,,,,,12.495833333333332,0.5904166666666667,49.458333333333336,0.0,43,N2 - Moderada
2016-04-26,,,,,,,,13.960416666666667,0.5133333333333333,41.25,0.0,36,N1 - Boa
2016-04-27,,,,,,,,11.33375,0.47625,37.666666666666664,0.0,34,N1 - Boa
2016-04-28,,,,,,,,16.49875,0.25125000000000003,14.541666666666666,0.0,13,N1 - Boa
2016-04-29,,,,,,,,7.950833333333333,0.3754166666666667,29.916666666666668,5.6000000000000005,27,N1 - Boa
2016-04-30,,,,,,,,6.121666666666667,0.35916666666666663,19.25,0.0,17,N1 - Boa
2016-05-01,,,,,,,,27.118333333333336,0.18291666666666664,17.5,0.4,18,N1 - Boa
2016-05-02,,,,,,,,10.931666666666667,0.3941666666666667,34.958333333333336,0.0,31,N1 - Boa
2016-05-03,,,,,,,,11.789166666666667,0.4475,42.0,0.0,37,N1 - Boa
2016-05-04,,,,,,,,12.096666666666666,0.47,41.729166666666664,0.0,37,N1 - Boa
2016-05-05,,,,,,,,7.656666666666666,0.39958333333333335,37.083333333333336,0.0,33,N1 - Boa
2016-05-06,,,,,,,,10.77875,0.4083333333333334,29.958333333333332,0.0,27,N1 - Boa
2016-05-07,,,,,,,,13.952083333333334,0.39749999999999996,33.791666666666664,0.0,30,N1 - Boa
2016-05-08,,,,,,,,22.359583333333333,0.44083333333333335,40.208333333333336,0.0,36,N1 - Boa
2016-05-09,,,,,,,,15.690208333333333,0.44333333333333336,35.541666666666664,0.0,32,N1 - Boa
2016-05-10,,,,,,,,6.60625,0.6270833333333333,61.333333333333336,1.6,52,N2 - Moderada
2016-05-11,,,,,,,,6.945,0.5583333333333333,44.916666666666664,0.0,40,N1 - Boa
2016-05-12,,,,,,,,7.607500000000001,0.4170833333333333,17.416666666666668,17.0,15,N1 - Boa
2016-05-13,,,,,,,,6.057916666666666,0.3475,12.833333333333334,5.6000000000000005,12,N1 - Boa
2016-05-14,,,,,,,,12.635,0.29458333333333336,16.291666666666668,1.2,14,N1 - Boa
2016-05-15,,,,,,,,15.440416666666666,0.25458333333333333,17.958333333333332,0.0,16,N1 - Boa
2016-05-16,,,,,,,,7.2804166666666665,0.5095833333333334,38.75,0.0,35,N1 - Boa
2016-05-17,,,,,,,,12.24375,0.4154166666666667,26.0,1.5999999999999999,23,N1 - Boa
2016-05-18,,,,,,,,4.001666666666666,0.405,18.25,15.200000000000001,16,N1 - Boa
2016-05-19,,,,,,,,8.075416666666667,0.3833333333333333,12.75,10.8,12,N1 - Boa
2016-05-20,,,,,,,,11.011666666666665,0.3025,16.076923076923077,0.2,14,N1 - Boa
2016-05-21,,,,,,,,,,,,,
2016-05-22,,,,,,,,,,,,,
2016-05-23,,,,,,,,,,,,,
2016-05-24,,,,,,,,,,,,,
2016-05-25,,,,,,,,,,,,,
2016-05-26,,,,,,,,,,,,,
2016-05-27,,,,,,,,,,,,,
2016-05-28,,,,,,,,,,,,,
2016-05-29,,,,,,,,,,,,,
2016-05-30,,,,,,,,,,,,,
2016-05-31,,,,,,,,,,,,,
2016-06-01,,,,,,,,,,,,,
2016-06-02,,,,,,,,8.918000000000001,0.5471428571428572,30.666666666666668,0.0,28,N1 - Boa
2016-06-03,,,,,,,,14.216666666666667,0.4908333333333333,15.958333333333334,2.6000000000000005,14,N1 - Boa
2016-06-04,,,,,,,,8.539583333333333,0.52375,12.708333333333334,0.8,12,N1 - Boa
2016-06-05,,,,,,,,13.239583333333334,0.4245833333333333,6.416666666666667,18.4,7,N1 - Boa
2016-06-06,,,,,,,,9.379166666666666,0.5204166666666666,26.25,1.6,23,N1 - Boa
2016-06-07,,,,,,,,8.40875,0.3954166666666667,3.375,39.400000000000006,7,N1 - Boa
2016-06-08,,,,,,,,11.104583333333332,0.38083333333333336,14.375,3.2,12,N1 - Boa
2016-06-09,,,,,,,,11.53875,0.3970833333333333,30.75,0.0,28,N1 - Boa
2016-06-10,,,,,,,,5.984166666666667,0.4825,46.875,0.0,42,N2 - Moderada
2016-06-11,,,,,,,,26.635,0.245,25.875,0.0,23,N1 - Boa
2016-06-12,,,,,,,,24.15125,0.35250000000000004,36.541666666666664,0.0,33,N1 - Boa
2016-06-13,,,,,,,,11.610833333333334,0.40125000000000005,35.208333333333336,0.0,31,N1 - Boa
2016-06-14,,,,,,,,9.925416666666667,0.45249999999999996,51.583333333333336,0.0,45,N2 - Moderada
2016-06-15,,,,,,,,9.767916666666666,0.39375,31.708333333333332,0.0,28,N1 - Boa
2016-06-16,,,,,,,,8.9375,0.5616666666666666,49.041666666666664,0.0,43,N2 - Moderada
2016-06-17,,,,,,,,9.053333333333333,0.6491666666666667,42.125,0.0,37,N1 - Boa
2016-06-18,,,,,,,,19.707083333333333,0.5483333333333333,60.291666666666664,0.0,51,N2 - Moderada
2016-06-19,,,,,,,,23.38416666666667,0.3841666666666667,44.166666666666664,0.0,39,N1 - Boa
2016-06-20,,,,,,,,14.579583333333334,0.43625,35.583333333333336,0.0,32,N1 - Boa
2016-06-21,,,,,,,,8.623333333333333,0.29458333333333336,24.375,0.8,21,N1 - Boa
2016-06-22,,,,,,,,12.054166666666667,0.3491666666666667,33.458333333333336,0.0,29,N1 - Boa
2016-06-23,,,,,,,,8.47,0.37625,36.208333333333336,0.0,32,N1 - Boa
2016-06-24,,,,,,,,6.4725,0.43375,36.875,0.0,33,N1 - Boa
2016-06-25,,,,,,,,17.151666666666667,0.34208333333333335,37.041666666666664,0.0,33,N1 - Boa
2016-06-26,,,,,,,,24.19875,0.2541666666666667,24.458333333333332,0.0,21,N1 - Boa
2016-06-27,,,,,,,,15.819583333333334,0.3458333333333334,28.833333333333332,0.0,26,N1 - Boa
2016-06-28,,,,,,,,9.462916666666667,0.4141666666666666,36.208333333333336,0.0,32,N1 - Boa
2016-06-29,,,,,,,,7.6049999999999995,0.5366666666666667,49.208333333333336,0.0,43,N2 - Moderada
2016-06-30,,,,,,,,11.93,0.5812499999999999,79.83333333333333,0.0,66,N2 - Moderada
2016-07-01,,,,,,,,21.1125,0.3520833333333333,38.291666666666664,0.0,34,N1 - Boa
2016-07-02,,,,,,,,11.169583333333334,0.44625000000000004,40.125,0.0,36,N1 - Boa
2016-07-03,,,,,,,,26.8025,0.54875,73.125,0.0,60,N2 - Moderada
2016-07-04,,,,,,,,10.165833333333333,0.45208333333333334,35.333333333333336,0.0,31,N1 - Boa
2016-07-05,,,,,,,,6.1825,0.5952083333333333,50.5,0.0,44,N2 - Moderada
2016-07-06,,,,,,,,6.7195833333333335,0.5058333333333334,53.333333333333336,0.0,46,N2 - Moderada
2016-07-07,,,,,,,,14.751666666666667,0.32375,33.958333333333336,0.0,30,N1 - Boa
2016-07-08,,,,,,,,15.519166666666665,0.3016666666666667,31.0,0.0,28,N1 - Boa
2016-07-09,,,,,,,,15.902500000000002,0.34833333333333333,39.791666666666664,0.0,36,N1 - Boa
2016-07-10,,,,,,,,18.6675,0.9429166666666666,69.75,0.0,58,N2 - Moderada
2016-07-11,,,,,,,,11.179166666666667,1.0016666666666667,82.08333333333333,0.0,67,N2 - Moderada
2016-07-12,,,,,,,,9.976666666666667,1.2145833333333333,91.54166666666667,0.0,74,N2 - Moderada
2016-07-13,,,,,,,,24.213333333333335,0.44333333333333336,53.208333333333336,0.0,46,N2 - Moderada
2016-07-14,,,,,,,,24.366249999999997,0.69625,68.16666666666667,0.0,57,N2 - Moderada
2016-07-15,,,,,,,,8.49625,1.0108333333333335,102.0,0.0,82,N3 - Ruim
2016-07-16,,,,,,,,20.959166666666665,0.6354166666666666,66.70833333333333,0.0,56,N2 - Moderada
2016-07-17,,,,,,,,38.182916666666664,0.09625,17.25,0.0,16,N1 - Boa
2016-07-18,,,,,,,,28.866666666666664,0.1970833333333333,22.791666666666668,0.0,20,N1 - Boa
2016-07-19,,,,,,,,14.295416666666666,0.35333333333333333,35.166666666666664,0.0,31,N1 - Boa
2016-07-20,,,,,,,,10.104166666666666,0.42124999999999996,43.833333333333336,0.0,39,N1 - Boa
2016-07-21,,,,,,,,6.929583333333333,0.34625,30.583333333333332,0.8,28,N1 - Boa
2016-07-22,,,,,,,,6.898333333333333,0.4270833333333333,31.75,0.8,28,N1 - Boa
2016-07-23,,,,,,,,20.537916666666668,0.2733333333333333,20.75,0.0,19,N1 - Boa
2016-07-24,,,,,,,,15.845416666666667,0.48,30.083333333333332,0.0,27,N1 - Boa
2016-07-25,,,,,,,,31.067916666666665,0.43291666666666667,47.333333333333336,0.0,42,N2 - Moderada
2016-07-26,,,,,,,,32.27458333333333,0.5370833333333334,56.833333333333336,0.0,49,N2 - Moderada
2016-07-27,,,,,,,,16.3725,0.4825,71.20833333333333,0.0,59,N2 - Moderada
2016-07-28,,,,,,,,21.622500000000002,0.2554166666666667,28.5,0.0,25,N1 - Boa
2016-07-29,,,,,,,,13.035000000000002,0.30791666666666667,30.541666666666668,0.0,28,N1 - Boa
2016-07-30,,,,,,,,23.853333333333335,0.2708333333333333,37.125,0.0,33,N1 - Boa
2016-07-31,,,,,,,,28.7975,0.17541666666666667,20.625,0.0,19,N1 - Boa
2016-08-01,,,,,,,,10.285,0.49875,39.75,0.0,36,N1 - Boa
2016-08-02,,,,,,,,12.65375,0.47374999999999995,57.5,3.4000000000000004,50,N2 - Moderada
2016-08-03,,,,,,,,22.444166666666664,0.28833333333333333,35.708333333333336,1.2,32,N1 - Boa
2016-08-04,,,,,,,,28.532083333333333,0.2004166666666667,23.666666666666668,0.0,21,N1 - Boa
2016-08-05,,,,,,,,24.02916666666667,0.2575,28.208333333333332,0.0,25,N1 - Boa
2016-08-06,,,,,,,,11.574583333333335,0.6704166666666667,58.166666666666664,0.0,50,N2 - Moderada
2016-08-07,,,,,,,,32.6925,0.3775,47.25,0.4,42,N2 - Moderada
2016-08-08,,,,,,,,42.16375,0.26375,31.333333333333332,0.0,28,N1 - Boa
2016-08-09,,,,,,,,28.261041666666667,0.3841666666666667,37.75,0.0,34,N1 - Boa
2016-08-10,,,,,,,,23.700416666666666,0.17875,17.833333333333332,1.5999999999999999,16,N1 - Boa
2016-08-11,,,,,,,,28.02541666666667,0.13083333333333333,22.708333333333332,0.0,20,N1 - Boa
2016-08-12,,,,,,,,14.4925,0.3145833333333333,21.958333333333332,5.4,20,N1 - Boa
2016-08-13,,,,,,,,18.80333333333333,0.33416666666666667,28.458333333333332,0.0,25,N1 - Boa
2016-08-14,,,,,,,,22.08,0.47374999999999995,36.125,0.0,32,N1 - Boa
2016-08-15,,,,,,,,17.688750000000002,0.9295833333333333,79.875,1.0,66,N2 - Moderada
2016-08-16,,,,,,,,21.962083333333336,0.48125,39.875,0.0,36,N1 - Boa
2016-08-17,,,,,,,,18.022916666666667,0.82875,50.583333333333336,0.0,45,N2 - Moderada
2016-08-18,,,,,,,,47.01541666666666,0.375,32.583333333333336,0.2,29,N1 - Boa
2016-08-19,,,,,,,,28.775000000000002,0.44125,30.583333333333332,2.4,28,N1 - Boa
2016-08-20,,,,,,,,11.34375,0.61,34.75,0.8,31,N1 - Boa
2016-08-21,,,,,,,,24.67125,0.33125,15.625,11.799999999999999,18,N1 - Boa
2016-08-22,,,,,,,,24.835833333333337,0.15083333333333335,10.75,9.600000000000001,20,N1 - Boa
2016-08-23,,,,,,,,13.942083333333334,0.235,25.25,0.2,22,N1 - Boa
2016-08-24,,,,,,,,27.53708333333333,0.22458333333333333,22.416666666666668,0.0,20,N1 - Boa
2016-08-25,,,,,,,,22.52625,0.30041666666666667,24.083333333333332,0.0,21,N1 - Boa
2016-08-26,,,,,,,,16.25375,0.34791666666666665,27.125,0.0,24,N1 - Boa
2016-08-27,,,,,,,,18.565416666666668,0.40625,29.458333333333332,0.0,26,N1 - Boa
2016-08-28,,,,,,,,21.870416666666667,0.48500000000000004,39.5,0.0,36,N1 - Boa
2016-08-29,,,,,,,,16.907083333333333,0.6929166666666666,58.916666666666664,0.0,50,N2 - Moderada
2016-08-30,,,,,,,,15.270416666666668,0.6895833333333333,68.875,0.0,58,N2 - Moderada
2016-08-31,,,,,,,,15.135,0.5537500000000001,38.541666666666664,10.2,35,N1 - Boa
2016-09-01,,,,,,,,16.06083333333333,0.5358333333333333,31.166666666666668,1.5999999999999999,28,N1 - Boa
2016-09-02,,,,,,,,22.05875,0.42583333333333334,34.375,1.2,30,N1 - Boa
2016-09-03,,,,,,,,21.395416666666666,0.3666666666666667,31.708333333333332,0.0,28,N1 - Boa
2016-09-04,,,,,,,,18.617916666666666,0.3445833333333333,24.5,0.0,21,N1 - Boa
2016-09-05,,,,,,,,18.632916666666667,0.48583333333333334,39.333333333333336,0.0,35,N1 - Boa
2016-09-06,,,,,,,,17.570416666666667,0.5750000000000001,46.875,0.0,42,N2 - Moderada
2016-09-07,,,,,,,,21.560833333333335,0.45875,42.208333333333336,1.8,37,N1 - Boa
2016-09-08,,,,,,,,29.995416666666667,0.28375,20.208333333333332,0.0,18,N1 - Boa
2016-09-09,,,,,,,,24.93958333333333,0.309375,17.333333333333332,0.0,19,N1 - Boa
2016-09-10,,,,,,,,22.166666666666668,0.2704166666666667,21.375,0.0,19,N1 - Boa
2016-09-11,,,,,,,,20.459166666666665,0.29375,17.125,0.0,18,N1 - Boa
2016-09-12,,,,,,,,12.645000000000001,0.4908333333333333,30.708333333333332,0.0,28,N1 - Boa
2016-09-13,,,,,,,,9.393333333333333,0.5850000000000001,41.458333333333336,0.0,36,N1 - Boa
2016-09-14,,,,,,,,23.910416666666666,0.46249999999999997,39.916666666666664,0.0,36,N1 - Boa
2016-09-15,,,,,,,,32.444583333333334,0.41958333333333336,27.791666666666668,0.0,25,N1 - Boa
2016-09-16,,,,,,,,30.13083333333333,0.6284615384615384,26.458333333333332,0.0,23,N1 - Boa
2016-09-17,,,,,,,,35.413333333333334,,23.958333333333332,0.0,21,N1 - Boa
2016-09-18,,,,,,,,33.58833333333333,0.32199999999999995,43.458333333333336,4.8,38,N1 - Boa
2016-09-19,,,,,,,,32.59125,0.37916666666666665,24.458333333333332,2.6,22,N1 - Boa
2016-09-20,,,,,,,,27.313333333333333,0.315,19.083333333333332,57.0,17,N1 - Boa
2016-09-21,,,,,,,,26.45125,0.24666666666666667,21.25,1.4,19,N1 - Boa
2016-09-22,,,,,,,,21.537916666666664,0.23083333333333333,25.333333333333332,1.2,22,N1 - Boa
2016-09-23,,,,,,,,28.507499999999997,0.26458333333333334,25.666666666666668,0.0,23,N1 - Boa
2016-09-24,,,,,,,,24.820833333333336,0.3095833333333333,29.375,0.0,26,N1 - Boa
2016-09-25,,,,,,,,31.8425,0.265,12.166666666666666,6.8,16,N1 - Boa
2016-09-26,,,,,,,,11.42125,0.35791666666666666,22.791666666666668,1.4,20,N1 - Boa
2016-09-27,,,,,,,,10.088333333333333,0.365,25.041666666666668,0.0,22,N1 - Boa
2016-09-28,,,,,,,,22.63208333333333,0.30333333333333334,22.083333333333332,0.0,20,N1 - Boa
2016-09-29,,,,,,,,23.458333333333332,0.43875,29.916666666666668,0.0,27,N1 - Boa
2016-09-30,,,,,,,,22.452916666666667,0.39291666666666664,19.541666666666668,1.8,18,N1 - Boa
2016-10-01,,,,,,,,20.717916666666667,0.26333333333333336,19.875,1.2000000000000002,18,N1 - Boa
2016-10-02,,,,,,,,27.885,0.155,8.0,1.4,14,N1 - Boa
2016-10-03,,,,,,,,20.979583333333334,0.21583333333333332,20.041666666666668,5.4,18,N1 - Boa
2016-10-04,,,,,,,,10.757083333333334,0.36916666666666664,13.375,22.6,12,N1 - Boa
2016-10-05,,,,,,,,28.950416666666666,0.245,11.791666666666666,0.6000000000000001,15,N1 - Boa
2016-10-06,,,,,,,,15.438749999999999,0.29875,12.541666666666666,1.5999999999999999,12,N1 - Boa
2016-10-07,,,,,,,,19.330833333333334,0.29875,15.583333333333334,0.6,14,N1 - Boa
2016-10-08,,,,,,,,27.706666666666667,0.32666666666666666,22.75,0.0,23,N1 - Boa
2016-10-09,,,,,,,,26.97125,0.32666666666666666,21.458333333333332,0.4,19,N1 - Boa
2016-10-10,,,,,,,,30.113333333333333,0.27125,23.375,0.0,20,N1 - Boa
2016-10-11,,,,,,,,25.967083333333335,0.314375,26.208333333333332,0.2,23,N1 - Boa
2016-10-12,,,,,,,,28.76,0.33125,22.666666666666668,0.0,20,N1 - Boa
2016-10-13,,,,,,,,21.647916666666664,0.43583333333333335,34.791666666666664,0.0,31,N1 - Boa
2016-10-14,,,,,,,,22.365416666666665,0.54625,36.958333333333336,0.0,33,N1 - Boa
2016-10-15,,,,,,,,39.839166666666664,0.3983333333333334,17.166666666666668,0.0,25,N1 - Boa
2016-10-16,,,,,,,,21.49083333333333,0.4639583333333333,28.416666666666668,0.0,25,N1 - Boa
2016-10-17,,,,,,,,14.790833333333333,0.486875,35.833333333333336,0.0,32,N1 - Boa
2016-10-18,,,,,,,,18.754166666666666,0.38125000000000003,36.916666666666664,0.0,33,N1 - Boa
2016-10-19,,,,,,,,22.436666666666667,0.40375,35.25,0.0,31,N1 - Boa
2016-10-20,,,,,,,,26.90625,0.4458333333333333,37.291666666666664,0.0,33,N1 - Boa
2016-10-21,,,,,,,,19.654999999999998,0.41250000000000003,28.25,1.2,25,N1 - Boa
2016-10-22,,,,,,,,16.161666666666665,0.18916666666666668,15.0,3.8000000000000003,13,N1 - Boa
2016-10-23,,,,,,,,20.760416666666668,0.21041666666666667,13.458333333333334,1.0,12,N1 - Boa
2016-10-24,,,,,,,,20.923750000000002,0.3408333333333333,19.083333333333332,0.0,17,N1 - Boa
2016-10-25,,,,,,,,17.536666666666665,0.4066666666666667,18.958333333333332,0.6000000000000001,17,N1 - Boa
2016-10-26,,,,,,,,13.8075,0.3729166666666666,19.625,0.0,18,N1 - Boa
2016-10-27,,,,,,,,16.661666666666665,0.5629166666666666,33.25,3.4,29,N1 - Boa
2016-10-28,,,,,,,,27.971666666666664,0.32958333333333334,23.5,0.2,21,N1 - Boa
2016-10-29,,,,,,,,19.762083333333333,0.19166666666666665,16.625,0.0,15,N1 - Boa
2016-10-30,,,,,,,,26.08375,0.19999999999999998,23.5,0.0,21,N1 - Boa
2016-10-31,,,,,,,,24.019583333333333,0.25875,32.0,0.0,28,N1 - Boa
2016-11-01,,,,,,,,16.3975,0.4375,32.833333333333336,0.0,29,N1 - Boa
2016-11-02,,,,,,,,23.030416666666667,0.3758333333333333,29.833333333333332,0.0,27,N1 - Boa
2016-11-03,,,,,,,,21.2375,0.4270833333333333,25.541666666666668,7.199999999999999,23,N1 - Boa
2016-11-04,,,,,,,,13.646666666666667,0.41875,14.833333333333334,21.8,13,N1 - Boa
2016-11-05,,,,,,,,15.33,0.3308333333333333,11.541666666666666,27.599999999999994,11,N1 - Boa
2016-11-06,,,,,,,,14.791666666666666,0.2404166666666667,19.833333333333332,0.4,18,N1 - Boa
2016-11-07,,,,,,,,12.301250000000001,0.31708333333333333,26.833333333333332,1.4,24,N1 - Boa
2016-11-08,,,,,,,,10.950416666666667,0.36833333333333335,22.958333333333332,0.6,20,N1 - Boa
2016-11-09,,,,,,,,11.1025,0.4066666666666667,22.375,0.2,20,N1 - Boa
2016-11-10,,,,,,,,35.317083333333336,0.43041666666666667,23.083333333333332,1.7999999999999998,24,N1 - Boa
2016-11-11,,,,,,,,26.63291666666667,0.44125,27.458333333333332,1.0,24,N1 - Boa
2016-11-12,,,,,,,,26.927916666666665,0.32208333333333333,24.416666666666668,4.8,21,N1 - Boa
2016-11-13,,,,,,,,23.35625,0.24416666666666667,15.291666666666666,34.2,13,N1 - Boa
2016-11-14,,,,,,,,9.522083333333333,0.31375000000000003,11.708333333333334,18.400000000000002,11,N1 - Boa
2016-11-15,,,,,,,,19.48125,0.25916666666666666,9.291666666666666,3.4000000000000004,16,N1 - Boa
2016-11-16,,,,,,,,10.366249999999999,0.31583333333333335,21.375,0.0,19,N1 - Boa
2016-11-17,,,,,,,,16.982499999999998,0.3445833333333333,20.4375,16.2,18,N1 - Boa
2016-11-18,,,,,,,,20.414166666666667,0.28291666666666665,18.708333333333332,5.2,17,N1 - Boa
2016-11-19,,,,,,,,31.5575,0.08750000000000001,25.458333333333332,0.8,22,N1 - Boa
2016-11-20,,,,,,,,28.02625,0.18541666666666667,25.833333333333332,0.0,23,N1 - Boa
2016-11-21,,,,,,,,26.30875,0.32458333333333333,35.25,0.0,31,N1 - Boa
2016-11-22,,,,,,,,21.469166666666666,0.3958333333333333,48.708333333333336,0.0,43,N2 - Moderada
2016-11-23,,,,,,,,27.0925,0.366875,33.958333333333336,0.0,30,N1 - Boa
2016-11-24,,,,,,,,21.56958333333333,0.38625,26.583333333333332,0.0,24,N1 - Boa
2016-11-25,,,,,,,,23.040000000000003,0.2904166666666667,25.416666666666668,0.0,22,N1 - Boa
2016-11-26,,,,,,,,23.772499999999997,0.22458333333333336,25.75,0.0,23,N1 - Boa
2016-11-27,,,,,,,,21.784166666666664,0.25,27.25,0.0,24,N1 - Boa
2016-11-28,,,,,,,,19.4225,0.41625,40.375,0.0,36,N1 - Boa
2016-11-29,,,,,,,,16.910833333333333,0.38916666666666666,38.416666666666664,0.2,34,N1 - Boa
2016-11-30,,,,,,,,14.7875,0.2579166666666667,26.708333333333332,4.4,24,N1 - Boa
2016-12-01,,,,,,,,14.188749999999999,0.3254166666666667,30.75,0.0,28,N1 - Boa
2016-12-02,,,,,,,,18.919999999999998,0.3279166666666667,33.916666666666664,0.0,30,N1 - Boa
2016-12-03,,,,,,,,25.078333333333333,0.25875,24.5,15.6,21,N1 - Boa
2016-12-04,,,,,,,,29.459166666666665,0.29125,12.25,8.4,22,N1 - Boa
2016-12-05,,,,,,,,14.667916666666665,0.3541666666666667,24.291666666666668,0.4,21,N1 - Boa
2016-12-06,,,,,,,,14.107083333333334,0.33083333333333337,32.375,0.0,28,N1 - Boa
2016-12-07,,,,,,,,16.04375,0.2816666666666667,31.458333333333332,0.0,28,N1 - Boa
2016-12-08,,,,,,,,23.493333333333336,0.3558333333333333,34.875,4.4,31,N1 - Boa
2016-12-09,,,,,,,,22.8875,0.47041666666666665,26.416666666666668,0.0,23,N1 - Boa
2016-12-10,,,,,,,,27.45125,0.33875000000000005,29.833333333333332,0.0,27,N1 - Boa
2016-12-11,,,,,,,,45.78,0.4054166666666667,34.375,1.6,41,N2 - Moderada
2016-12-12,,,,,,,,19.8775,0.45875,22.25,18.8,20,N1 - Boa
2016-12-13,,,,,,,,31.187083333333334,0.41791666666666666,26.208333333333332,0.2,23,N1 - Boa
2016-12-14,,,,,,,,18.10291666666667,0.41875,26.25,11.4,23,N1 - Boa
2016-12-15,,,,,,,,13.669583333333334,0.26458333333333334,39.166666666666664,5.8,35,N1 - Boa
2016-12-16,,,,,,,,6.541666666666667,0.31124999999999997,26.666666666666668,1.0,24,N1 - Boa
2016-12-17,,,,,,,,11.796666666666667,0.27999999999999997,19.25,15.2,17,N1 - Boa
2016-12-18,,,,,,,,18.38416666666667,0.26875,20.25,8.6,18,N1 - Boa
2016-12-19,,,,,,,,13.087916666666667,0.375,25.666666666666668,0.0,23,N1 - Boa
2016-12-20,,,,,,,,14.496666666666668,0.37999999999999995,25.25,0.0,22,N1 - Boa
2016-12-21,,,,,,,,26.090416666666666,0.3333333333333333,25.25,0.0,22,N1 - Boa
2016-12-22,,,,,,,,39.01916666666667,0.33749999999999997,26.833333333333332,0.0,25,N1 - Boa
2016-12-23,,,,,,,,29.375416666666666,0.43124999999999997,33.083333333333336,0.0,29,N1 - Boa
2016-12-24,,,,,,,,47.552083333333336,0.365,27.458333333333332,0.0,53,N2 - Moderada
2016-12-25,,,,,,,,61.736250000000005,0.31,23.208333333333332,0.0,40,N1 - Boa
2016-12-26,,,,,,,,34.07,0.42291666666666666,32.0,0.0,31,N1 - Boa
2016-12-27,,,,,,,,25.47791666666667,0.5004166666666666,37.708333333333336,0.0,34,N1 - Boa
2016-12-28,,,,,,,,43.92958333333333,0.4970833333333333,41.291666666666664,0.0,39,N1 - Boa
2016-12-29,,,,,,,,31.652916666666666,0.45375000000000004,40.208333333333336,0.0,36,N1 - Boa
2016-12-30,,,,,,,,37.23083333333333,0.4766666666666666,37.041666666666664,3.6,33,N1 - Boa
2016-12-31,,,,,,,,33.57041666666667,0.5104166666666666,42.875,0.0,38,N1 - Boa
2017-01-01,,,,,,,,61.095,0.49541666666666667,42.083333333333336,0.0,54,N2 - Moderada
2017-01-02,,,,,,,,43.432500000000005,0.46458333333333335,24.958333333333332,0.0,27,N1 - Boa
2017-01-03,,,,,,,,27.35291666666667,0.4270833333333333,23.125,0.0,20,N1 - Boa
2017-01-04,,,,,,,,27.49291666666667,0.3904166666666667,30.875,0.0,28,N1 - Boa
2017-01-05,,,,,,,,20.81866666666667,0.455,32.166666666666664,0.0,28,N1 - Boa
2017-01-06,,,,,,,,36.77466666666667,,19.866666666666667,0.0,21,N1 - Boa
2017-01-07,,,,,,,,,,,,,
2017-01-08,,,,,,,,,,,,,
2017-01-09,,,,,,,,,,20.6,0.0,19,N1 - Boa
2017-01-10,,,,,,,,,,36.166666666666664,0.0,32,N1 - Boa
2017-01-11,,,,,,,,,,29.541666666666668,7.4,27,N1 - Boa
2017-01-12,,,,,,,,8.450588235294118,,25.958333333333332,56.8,23,N1 - Boa
2017-01-13,,,,,,,,9.756666666666666,,19.333333333333332,2.8000000000000003,17,N1 - Boa
2017-01-14,,,,,,,,34.17,,18.666666666666668,18.999999999999996,31,N1 - Boa
2017-01-15,,,,,,,,43.41166666666667,,21.25,0.0,30,N1 - Boa
2017-01-16,,,,,,,,27.684583333333336,0.41500000000000004,23.0,0.0,22,N1 - Boa
2017-01-17,,,,,,,,20.270416666666666,0.26333333333333336,23.5,0.0,21,N1 - Boa
2017-01-18,,,,,,,,21.985,0.3145833333333333,23.5,0.0,21,N1 - Boa
2017-01-19,,,,,,,,22.640416666666667,0.37166666666666665,27.958333333333332,1.2,25,N1 - Boa
2017-01-20,,,,,,,,33.404583333333335,0.24583333333333335,13.625,1.6,24,N1 - Boa
2017-01-21,,,,,,,,33.165416666666665,0.28583333333333333,22.916666666666668,0.0,28,N1 - Boa
2017-01-22,,,,,,,,25.20875,0.26625,16.666666666666668,0.2,19,N1 - Boa
2017-01-23,,,,,,,,22.865416666666665,0.3825,24.291666666666668,0.0,21,N1 - Boa
2017-01-24,,,,,,,,23.163749999999997,0.42041666666666666,26.5,1.0,23,N1 - Boa
2017-01-25,,,,,,,,17.383750000000003,0.50125,29.5,0.0,27,N1 - Boa
2017-01-26,,,,,,,,30.975416666666664,0.45166666666666666,27.916666666666668,6.0,25,N1 - Boa
2017-01-27,,,,,,,,42.08875,0.44708333333333333,27.625,0.0,25,N1 - Boa
2017-01-28,,,,,,,,32.36833333333333,0.30125,27.625,0.0,25,N1 - Boa
2017-01-29,,,,,,,,16.1375,0.22291666666666665,14.291666666666666,0.0,12,N1 - Boa
2017-01-30,,,,,,,,11.56875,0.285,20.291666666666668,0.0,18,N1 - Boa
2017-01-31,,,,,,,,16.782083333333333,0.33,13.541666666666666,0.0,12,N1 - Boa
2017-02-01,,,,,,,,17.12625,0.33083333333333337,20.333333333333332,0.0,18,N1 - Boa
2017-02-02,,,,,,,,14.91125,0.41041666666666665,23.458333333333332,7.2,20,N1 - Boa
2017-02-03,,,,,,,,15.646666666666667,0.6033333333333333,22.416666666666668,4.2,20,N1 - Boa
2017-02-04,,,,,,,,28.918333333333333,0.31958333333333333,15.916666666666666,0.0,21,N1 - Boa
2017-02-05,,,,,,,,36.653749999999995,0.35333333333333333,15.125,0.0,28,N1 - Boa
2017-02-06,,,,,,,,26.50583333333333,0.44416666666666665,19.958333333333332,0.0,22,N1 - Boa
2017-02-07,,,,,,,,23.204166666666666,0.4558333333333333,24.0,0.0,21,N1 - Boa
2017-02-08,,,,,,,,31.125,0.3445833333333333,19.875,5.0,18,N1 - Boa
2017-02-09,,,,,,,,16.95958333333333,0.31583333333333335,14.583333333333334,0.0,13,N1 - Boa
2017-02-10,,,,,,,,16.215416666666666,0.31416666666666665,17.333333333333332,0.0,15,N1 - Boa
2017-02-11,,,,,,,,22.614583333333332,0.29458333333333336,20.666666666666668,0.0,19,N1 - Boa
2017-02-12,,,,,,,,19.580833333333334,0.26958333333333334,16.875,0.0,15,N1 - Boa
2017-02-13,,,,,,,,17.28,0.3120833333333333,17.0,0.0,15,N1 - Boa
2017-02-14,,,,,,,,19.312083333333334,0.3441666666666667,15.25,0.0,13,N1 - Boa
2017-02-15,,,,,,,,15.805833333333332,0.3758333333333333,16.125,0.0,14,N1 - Boa
2017-02-16,,,,,,,,15.592916666666667,0.3925,18.857142857142858,0.0,17,N1 - Boa
2017-02-17,,,,,,,,16.817916666666665,0.3933333333333333,22.30666666666667,0.0,20,N1 - Boa
2017-02-18,,,,,,,,18.739166666666666,0.32125,23.733333333333334,0.0,21,N1 - Boa
2017-02-19,,,,,,,,20.875833333333333,0.3558333333333333,,0.0,21,N1 - Boa
2017-02-20,,,,,,,,11.007291666666667,0.33916666666666667,,0.0,9,N1 - Boa
2017-02-21,,,,,,,,11.997083333333334,0.35625,21.0,0.0,19,N1 - Boa
2017-02-22,,,,,,,,11.929583333333333,0.37083333333333335,,0.0,8,N1 - Boa
2017-02-23,,,,,,,,17.29791666666667,0.4379166666666667,59.833333333333336,0.0,51,N2 - Moderada
2017-02-24,,,,,,,,25.97458333333333,0.41375,30.916666666666668,0.0,28,N1 - Boa
2017-02-25,,,,,,,,31.0,0.5004166666666666,39.458333333333336,0.0,35,N1 - Boa
2017-02-26,,,,,,,,18.87875,0.55,47.916666666666664,2.4000000000000004,42,N2 - Moderada
2017-02-27,,,,,,,,30.368750000000002,0.5491666666666667,42.125,0.2,37,N1 - Boa
2017-02-28,,,,,,,,45.31666666666666,0.45,33.791666666666664,0.0,39,N1 - Boa
2017-03-01,,,,,,,,30.437916666666666,0.41458333333333336,19.458333333333332,0.0,25,N1 - Boa
2017-03-02,,,,,,,,23.22458333333333,0.46541666666666665,24.708333333333332,19.6,22,N1 - Boa
2017-03-03,,,,,,,,27.639166666666668,0.50375,25.0,14.4,25,N1 - Boa
2017-03-04,,,,,,,,34.23,0.5202083333333333,34.083333333333336,0.0,34,N1 - Boa
2017-03-05,,,,,,,,30.161875,0.44125,28.958333333333332,0.0,28,N1 - Boa
2017-03-06,,,,,,,,9.496363636363636,0.5654166666666667,26.625,3.6,24,N1 - Boa
2017-03-07,,,,,,,,23.844,0.5066666666666667,19.958333333333332,1.6,18,N1 - Boa
2017-03-08,,,,,,,,14.332500000000001,0.3875,21.416666666666668,3.6,19,N1 - Boa
2017-03-09,,,,,,,,17.015,0.38625,22.708333333333332,0.0,20,N1 - Boa
2017-03-10,,,,,,,,23.393684210526317,0.49625,24.666666666666668,0.0,22,N1 - Boa
2017-03-11,,,,,,,,38.03947368421053,0.44708333333333333,40.416666666666664,0.0,36,N1 - Boa
2017-03-12,,,,,,,,18.1075,0.3779166666666667,32.666666666666664,0.0,29,N1 - Boa
2017-03-13,,,,,,,,15.776111111111113,0.4054166666666667,27.541666666666668,1.8,25,N1 - Boa
2017-03-14,,,,,,,,17.871666666666666,0.4091666666666667,26.583333333333332,31.400000000000002,24,N1 - Boa
2017-03-15,,,,,,,,17.00916666666667,0.3441666666666667,33.958333333333336,0.0,30,N1 - Boa
2017-03-16,,,,,,,,13.688333333333333,0.40625,24.041666666666668,0.0,21,N1 - Boa
2017-03-17,,,,,,,,21.177083333333332,0.5933333333333334,28.875,0.0,26,N1 - Boa
2017-03-18,,,,,,,,32.269090909090906,0.4666666666666666,11.916666666666666,9.4,16,N1 - Boa
2017-03-19,,,,,,,,25.82,0.14291666666666666,7.583333333333333,13.400000000000002,7,N1 - Boa
2017-03-20,,,,,,,,25.625,0.23291666666666666,10.375,24.400000000000002,14,N1 - Boa
2017-03-21,,,,,,,,3.2275,0.268125,20.916666666666668,0.0,19,N1 - Boa
2017-03-22,,,,,,,,,,14.0,0.0,12,N1 - Boa
2017-03-23,,,,,,,,,0.35041666666666665,21.125,0.0,19,N1 - Boa
2017-03-24,,,,,,,,,0.3566666666666667,22.333333333333332,0.0,20,N1 - Boa
2017-03-25,,,,,,,,,0.25166666666666665,24.541666666666668,0.0,22,N1 - Boa
2017-03-26,,,,,,,,,0.2383333333333333,15.416666666666666,0.0,13,N1 - Boa
2017-03-27,,,,,,,,,0.33375,15.041666666666666,0.0,13,N1 - Boa
2017-03-28,,,,,,,,,0.3541666666666667,17.375,1.6,15,N1 - Boa
2017-03-29,,,,,,,,,0.4166666666666667,25.458333333333332,2.2,22,N1 - Boa
2017-03-30,,,,,,,,,0.43291666666666667,24.5,2.4,21,N1 - Boa
2017-03-31,,,,,,,,,0.30083333333333334,15.125,0.6000000000000001,13,N1 - Boa
2017-04-01,,,,,,,,,0.23916666666666667,11.333333333333334,33.6,10,N1 - Boa
2017-04-02,,,,,,,,,0.25416666666666665,11.083333333333334,0.4,10,N1 - Boa
2017-04-03,,,,,,,,,0.35791666666666666,24.0,0.0,21,N1 - Boa
2017-04-04,,,,,,,,,0.32166666666666666,24.708333333333332,0.0,22,N1 - Boa
2017-04-05,,,,,,,,,0.47,27.916666666666668,0.0,25,N1 - Boa
2017-04-06,,,,,,,,,0.4675,38.541666666666664,0.0,35,N1 - Boa
2017-04-07,,,,,,,,11.013333333333334,0.4579166666666667,34.708333333333336,4.8,31,N1 - Boa
2017-04-08,,,,,,,,15.722916666666668,0.39166666666666666,16.75,8.8,15,N1 - Boa
2017-04-09,,,,,,,,31.337500000000002,0.4025,24.5,0.0,23,N1 - Boa
2017-04-10,,,,,,,,16.59,0.35625,24.083333333333332,0.0,21,N1 - Boa
2017-04-11,,,,,,,,17.431250000000002,0.3095833333333333,26.916666666666668,0.0,24,N1 - Boa
2017-04-12,,,,,,,,9.807083333333333,0.34944444444444445,30.708333333333332,21.8,28,N1 - Boa
2017-04-13,,,,,,,,8.024166666666668,0.4579166666666667,16.5,7.6,14,N1 - Boa
2017-04-14,,,,,,,,20.920833333333334,0.29583333333333334,18.291666666666668,0.2,16,N1 - Boa
2017-04-15,,,,,,,,25.008750000000003,0.26666666666666666,17.708333333333332,0.0,16,N1 - Boa
2017-04-16,,,,,,,,31.650833333333335,0.32166666666666666,20.166666666666668,0.0,28,N1 - Boa
2017-04-17,,,,,,,,20.160416666666666,0.38916666666666666,26.166666666666668,2.8,23,N1 - Boa
2017-04-18,,,,,,,,12.714583333333332,0.35708333333333336,24.75,9.2,22,N1 - Boa
2017-04-19,,,,,,,,16.758333333333333,0.29083333333333333,19.0,0.0,17,N1 - Boa
2017-04-20,,,,,,,,20.73875,0.29041666666666666,20.5,0.0,18,N1 - Boa
2017-04-21,,,,,,,,20.08458333333333,0.4116666666666667,25.0,0.0,22,N1 - Boa
2017-04-22,,,,,,,,17.03125,0.31124999999999997,19.875,3.0,18,N1 - Boa
2017-04-23,,,,,,,,19.826666666666668,0.2554166666666667,11.083333333333334,15.6,10,N1 - Boa
2017-04-24,,,,,,,,17.2975,0.2916666666666667,23.458333333333332,0.0,20,N1 - Boa
2017-04-25,,,,,,,,13.217500000000001,0.36125,25.875,0.0,23,N1 - Boa
2017-04-26,,,,,,,,5.896666666666667,0.5095833333333334,29.041666666666668,1.7999999999999998,26,N1 - Boa
2017-04-27,,,,,,,,7.69125,0.37000000000000005,15.75,7.4,14,N1 - Boa
2017-04-28,,,,,,,,15.067083333333334,0.3275,41.708333333333336,12.8,37,N1 - Boa
2017-04-29,,,,,,,,14.609583333333333,0.31916666666666665,24.291666666666668,3.0,21,N1 - Boa
2017-04-30,,,,,,,,20.454583333333336,0.23416666666666666,15.916666666666666,0.8,15,N1 - Boa
2017-05-01,,,,,,,,19.02375,0.205,16.833333333333332,0.0,16,N1 - Boa
2017-05-02,,,,,,,,7.4870833333333335,0.3491666666666667,25.25,0.0,22,N1 - Boa
2017-05-03,,,,,,,,11.554166666666667,0.3175,23.583333333333332,0.0,21,N1 - Boa
2017-05-04,,,,,,,,16.040833333333335,0.4770833333333333,36.875,0.0,33,N1 - Boa
2017-05-05,,,,,,,,4.476249999999999,0.5645833333333333,49.0,0.0,43,N2 - Moderada
2017-05-06,,,,,,,,7.471666666666667,0.5183333333333333,31.166666666666668,1.0,28,N1 - Boa
2017-05-07,,,,,,,,16.04625,0.34,18.458333333333332,0.0,16,N1 - Boa
2017-05-08,,,,,,,,13.967500000000001,0.4008333333333334,24.125,0.0,21,N1 - Boa
2017-05-09,,,,,,,,19.37125,0.42375,28.416666666666668,0.0,25,N1 - Boa
2017-05-10,,,,,,,,14.555416666666666,0.5866666666666667,48.708333333333336,0.0,43,N2 - Moderada
2017-05-11,,,,,,,,12.224583333333333,0.34708333333333335,23.583333333333332,1.7999999999999998,21,N1 - Boa
2017-05-12,,,,,,,,16.28291666666667,0.41958333333333336,30.541666666666668,0.0,28,N1 - Boa
2017-05-13,,,,,,,,18.8825,0.41041666666666665,30.416666666666668,0.0,27,N1 - Boa
2017-05-14,,,,,,,,22.077916666666667,0.4075,32.041666666666664,0.0,28,N1 - Boa
2017-05-15,,,,,,,,19.547708333333333,0.2520833333333333,20.229166666666668,0.0,18,N1 - Boa
2017-05-16,,,,,,,,13.777083333333332,0.3870833333333333,25.875,0.2,23,N1 - Boa
2017-05-17,,,,,,,,12.427083333333334,0.3045833333333333,32.25,0.0,28,N1 - Boa
2017-05-18,,,,,,,,22.97583333333333,0.26791666666666664,23.833333333333332,0.0,21,N1 - Boa
2017-05-19,,,,,,,,17.19666666666667,0.25375,10.25,21.0,15,N1 - Boa
2017-05-20,,,,,,,,18.345,0.25375,17.833333333333332,0.0,16,N1 - Boa
2017-05-21,,,,,,,,26.375833333333333,0.21375,5.75,0.0,13,N1 - Boa
2017-05-22,,,,,,,,7.9875,0.3666666666666667,17.291666666666668,4.2,15,N1 - Boa
2017-05-23,,,,,,,,12.764583333333334,0.34041666666666665,39.5,0.0,36,N1 - Boa
2017-05-24,,,,,,,,6.95625,0.5104166666666666,42.083333333333336,0.0,37,N1 - Boa
2017-05-25,,,,,,,,9.409583333333332,0.49583333333333335,30.458333333333332,0.0,27,N1 - Boa
2017-05-26,,,,,,,,8.469583333333334,0.62875,42.291666666666664,0.0,37,N1 - Boa
2017-05-27,,,,,,,,17.463333333333335,0.41041666666666665,32.416666666666664,0.0,28,N1 - Boa
2017-05-28,,,,,,,,33.097500000000004,0.41375,42.25,0.0,37,N1 - Boa
2017-05-29,,,,,,,,17.4325,0.5404166666666667,57.416666666666664,0.0,49,N2 - Moderada
2017-05-30,,,,,,,,5.5441666666666665,0.7404166666666666,77.375,0.0,63,N2 - Moderada
2017-05-31,,,,,,,,12.817916666666667,0.4691666666666667,44.333333333333336,0.0,39,N1 - Boa
2017-06-01,,,,,,,,16.460416666666667,0.8416666666666667,53.666666666666664,0.0,47,N2 - Moderada
2017-06-02,,,,,,,,12.110833333333334,0.3183333333333333,30.541666666666668,0.0,28,N1 - Boa
2017-06-03,,,,,,,,21.414583333333336,0.2733333333333333,28.458333333333332,0.0,25,N1 - Boa
2017-06-04,,,,,,,,16.775833333333335,0.4170833333333333,36.208333333333336,0.0,32,N1 - Boa
2017-06-05,,,,,,,,6.951666666666667,0.59375,45.208333333333336,0.0,40,N1 - Boa
2017-06-06,,,,,,,,3.8233333333333337,0.7491666666666666,62.666666666666664,0.0,53,N2 - Moderada
2017-06-07,,,,,,,,37.05125,0.8333333333333334,79.83333333333333,0.0,66,N2 - Moderada
2017-06-08,,,,,,,,15.5625,0.745,69.875,0.0,58,N2 - Moderada
2017-06-09,,,,,,,,11.294583333333334,0.5475,43.666666666666664,2.8,39,N1 - Boa
2017-06-10,,,,,,,,28.961249999999996,0.19541666666666666,24.25,0.2,21,N1 - Boa
2017-06-11,,,,,,,,28.201458333333335,0.31625,29.583333333333332,0.0,27,N1 - Boa
2017-06-12,,,,,,,,3.8375,0.6795833333333333,64.70833333333333,0.0,55,N2 - Moderada
2017-06-13,,,,,,,,18.78125,0.5066666666666667,54.083333333333336,11.6,47,N2 - Moderada
2017-06-14,,,,,,,,8.105416666666667,0.47291666666666665,28.791666666666668,8.0,26,N1 - Boa
2017-06-15,,,,,,,,20.695,0.30125,24.458333333333332,5.0,21,N1 - Boa
2017-06-16,,,,,,,,14.981250000000001,0.3070833333333333,24.625,0.0,22,N1 - Boa
2017-06-17,,,,,,,,10.73375,0.41583333333333333,33.791666666666664,0.0,30,N1 - Boa
2017-06-18,,,,,,,,13.380416666666667,0.6583333333333333,36.833333333333336,0.0,33,N1 - Boa
2017-06-19,,,,,,,,17.170416666666664,0.39875,32.125,0.4,28,N1 - Boa
2017-06-20,,,,,,,,25.123333333333335,0.4079166666666667,24.5,75.0,21,N1 - Boa
2017-06-21,,,,,,,,16.370555555555555,0.4066666666666667,19.375,14.2,17,N1 - Boa
2017-06-22,,,,,,,,15.580833333333333,0.5641666666666667,27.166666666666668,0.6000000000000001,24,N1 - Boa
2017-06-23,,,,,,,,8.8675,0.5645833333333333,24.875,3.6,22,N1 - Boa
2017-06-24,,,,,,,,19.659166666666668,0.49875,22.291666666666668,0.2,20,N1 - Boa
2017-06-25,,,,,,,,29.41333333333333,0.37666666666666665,18.25,0.0,20,N1 - Boa
2017-06-26,,,,,,,,13.470833333333333,0.5241666666666667,24.791666666666668,0.0,22,N1 - Boa
2017-06-27,,,,,,,,19.26,0.47458333333333336,25.125,0.0,22,N1 - Boa
2017-06-28,,,,,,,,20.1275,0.5745833333333333,34.5,0.0,30,N1 - Boa
2017-06-29,,,,,,,,10.986666666666666,0.8145833333333333,65.375,0.0,55,N2 - Moderada
2017-06-30,,,,,,,,14.0025,0.86,61.791666666666664,0.0,53,N2 - Moderada
2017-07-01,,,,,,,,20.89125,0.5962500000000001,45.625,5.4,41,N2 - Moderada
2017-07-02,,,,,,,,37.21458333333333,0.30541666666666667,15.833333333333334,9.600000000000001,17,N1 - Boa
2017-07-03,,,,,,,,16.833333333333332,0.5083333333333333,19.166666666666668,7.800000000000001,17,N1 - Boa
2017-07-04,,,,,,,,18.7575,0.4345833333333333,20.833333333333332,0.4,19,N1 - Boa
2017-07-05,,,,,,,,27.48176470588235,0.40645833333333337,20.541666666666668,0.2,19,N1 - Boa
2017-07-06,,,,,,,,21.33375,0.50375,23.25,0.0,20,N1 - Boa
2017-07-07,,,,,,,,26.52541666666667,0.45999999999999996,15.125,0.0,15,N1 - Boa
2017-07-08,,,,,,,,30.40625,0.4383333333333333,18.666666666666668,0.0,18,N1 - Boa
2017-07-09,,,,,,,,39.65958333333333,0.33208333333333334,15.75,0.0,21,N1 - Boa
2017-07-10,,,,,,,,21.148333333333333,0.4975,23.875,0.0,21,N1 - Boa
2017-07-11,,,,,,,,19.07125,0.5108333333333334,31.0,0.0,28,N1 - Boa
2017-07-12,,,,,,,,20.05125,0.6341666666666667,51.89473684210526,0.0,45,N2 - Moderada
2017-07-13,,,,,,,,30.523750000000003,0.465,21.166666666666668,0.0,19,N1 - Boa
2017-07-14,,,,,,,,17.42833333333333,0.4714583333333333,15.083333333333334,0.0,14,N1 - Boa
2017-07-15,,,,,,,,18.33375,0.37833333333333335,7.916666666666667,0.0,13,N1 - Boa
2017-07-16,,,,,,,,14.194583333333334,0.53125,14.75,0.0,14,N1 - Boa
2017-07-17,,,,,,,,10.97625,0.6679166666666667,31.5,0.0,28,N1 - Boa
2017-07-18,,,,,,,,18.157083333333333,0.4141666666666666,20.583333333333332,1.4,19,N1 - Boa
2017-07-19,,,,,,,,10.924999999999999,0.5204166666666666,10.125,5.2,12,N1 - Boa
2017-07-20,,,,,,,,10.662083333333333,0.5504166666666667,23.458333333333332,0.0,20,N1 - Boa
2017-07-21,,,,,,,,11.469999999999999,0.7195833333333334,20.916666666666668,0.0,19,N1 - Boa
2017-07-22,,,,,,,,14.946666666666665,0.6354166666666666,42.25,0.0,37,N1 - Boa
2017-07-23,,,,,,,,30.517083333333332,0.53125,39.0,0.0,35,N1 - Boa
2017-07-24,,,,,,,,10.469583333333334,0.49291666666666667,18.458333333333332,0.0,16,N1 - Boa
2017-07-25,,,,,,,,8.84,0.5275,19.791666666666668,0.0,18,N1 - Boa
2017-07-26,,,,,,,,11.367916666666666,0.5008333333333334,22.333333333333332,0.0,20,N1 - Boa
2017-07-27,,,,,,,,17.280833333333334,0.4166666666666667,13.041666666666666,0.0,12,N1 - Boa
2017-07-28,,,,,,,,18.208333333333332,0.45249999999999996,16.291666666666668,0.0,14,N1 - Boa
2017-07-29,,,,,,,,38.303333333333335,0.30291666666666667,16.333333333333332,0.0,18,N1 - Boa
2017-07-30,,,,,,,,32.37916666666667,0.3516666666666666,16.5,0.0,18,N1 - Boa
2017-07-31,,,,,,,,21.245833333333334,0.44708333333333333,15.666666666666666,0.0,14,N1 - Boa
2017-08-01,,,,,,,,11.66625,0.5570833333333334,26.208333333333332,0.0,23,N1 - Boa
2017-08-02,,,,,,,,8.504166666666666,0.6483333333333333,29.625,0.0,27,N1 - Boa
2017-08-03,,,,,,,,15.524583333333332,0.57125,29.875,7.2,27,N1 - Boa
2017-08-04,,,,,,,,36.724583333333335,0.39208333333333334,18.25,1.0,20,N1 - Boa
2017-08-05,,,,,,,,28.990416666666665,0.37833333333333335,15.875,3.5999999999999996,16,N1 - Boa
2017-08-06,,,,,,,,33.37083333333333,0.49374999999999997,24.833333333333332,0.0,22,N1 - Boa
2017-08-07,,,,,,,,22.712083333333336,0.5758333333333333,20.25,0.0,19,N1 - Boa
2017-08-08,,,,,,,,15.514583333333334,0.6908333333333333,33.291666666666664,0.0,29,N1 - Boa
2017-08-09,,,,,,,,14.020833333333334,0.9491666666666667,64.33333333333333,0.0,54,N2 - Moderada
2017-08-10,,,,,,,,25.948541666666667,0.5675,29.166666666666668,0.0,26,N1 - Boa
2017-08-11,,,,,,,,22.8075,0.46875,20.791666666666668,1.0,19,N1 - Boa
2017-08-12,,,,,,,,38.50083333333333,0.30583333333333335,20.083333333333332,0.0,18,N1 - Boa
2017-08-13,,,,,,,,35.86833333333333,0.3741666666666667,24.916666666666668,0.0,22,N1 - Boa
2017-08-14,,,,,,,,23.10875,0.53875,33.916666666666664,0.0,30,N1 - Boa
2017-08-15,,,,,,,,19.664583333333333,0.6275000000000001,41.708333333333336,0.4,37,N1 - Boa
2017-08-16,,,,,,,,12.900416666666667,0.6683333333333333,34.916666666666664,7.6000000000000005,31,N1 - Boa
2017-08-17,,,,,,,,12.752916666666666,0.7316666666666666,33.5,6.4,30,N1 - Boa
2017-08-18,,,,,,,,15.686666666666667,0.6337499999999999,18.083333333333332,3.6,16,N1 - Boa
2017-08-19,,,,,,,,12.115,0.7054166666666667,24.041666666666668,0.0,21,N1 - Boa
2017-08-20,,,,,,,,21.855833333333333,0.6116666666666667,16.416666666666668,6.6000000000000005,18,N1 - Boa
2017-08-21,,,,,,,,24.765416666666667,0.46208333333333335,9.0,9.8,15,N1 - Boa
2017-08-22,,,,,,,,26.030416666666667,0.4366666666666667,18.25,0.8,16,N1 - Boa
2017-08-23,,,,,,,,30.824166666666667,0.395,17.833333333333332,0.0,18,N1 - Boa
2017-08-24,,,,,,,,28.035416666666666,0.4483333333333333,17.125,0.0,16,N1 - Boa
2017-08-25,,,,,,,,26.705416666666665,0.45249999999999996,13.958333333333334,0.0,14,N1 - Boa
2017-08-26,,,,,,,,26.239166666666666,0.38875,13.666666666666666,0.0,17,N1 - Boa
2017-08-27,,,,,,,,35.29666666666667,0.39041666666666663,13.875,0.0,22,N1 - Boa
2017-08-28,,,,,,,,25.192083333333333,0.5070833333333333,25.791666666666668,0.0,23,N1 - Boa
2017-08-29,,,,,,,,18.096666666666668,0.6166666666666667,45.0,0.0,40,N1 - Boa
2017-08-30,,,,,,,,28.09375,0.7391666666666666,44.458333333333336,0.0,39,N1 - Boa
2017-08-31,,,,,,,,27.877916666666668,0.6699999999999999,53.208333333333336,0.8,46,N2 - Moderada
2017-09-01,,,,,,,,30.562083333333334,0.4633333333333334,25.208333333333332,3.0000000000000004,22,N1 - Boa
2017-09-02,,,,,,,,43.958333333333336,0.3383333333333334,22.0,0.0,21,N1 - Boa
2017-09-03,,,,,,,,41.80291666666667,0.3408333333333333,14.333333333333334,0.0,22,N1 - Boa
2017-09-04,,,,,,,,21.723333333333333,0.5627083333333334,22.583333333333332,0.0,20,N1 - Boa
2017-09-05,,,,,,,,18.7275,0.5891666666666667,32.791666666666664,0.0,29,N1 - Boa
2017-09-06,,,,,,,,24.652916666666666,0.61125,47.166666666666664,0.0,42,N2 - Moderada
2017-09-07,,,,,,,,45.02458333333333,0.46458333333333335,43.791666666666664,0.0,39,N1 - Boa
2017-09-08,,,,,,,,27.392916666666665,0.46541666666666665,19.583333333333332,0.0,18,N1 - Boa
2017-09-09,,,,,,,,33.032916666666665,0.44375000000000003,20.75,0.0,25,N1 - Boa
2017-09-10,,,,,,,,30.86916666666667,0.42041666666666666,20.125,0.0,21,N1 - Boa
2017-09-11,,,,,,,,22.614583333333332,0.5866666666666667,32.166666666666664,0.0,28,N1 - Boa
2017-09-12,,,,,,,,23.125833333333333,0.5575,34.5,0.0,30,N1 - Boa
2017-09-13,,,,,,,,26.16479166666667,0.5783333333333334,38.791666666666664,0.2,35,N1 - Boa
2017-09-14,,,,,,,,24.535,0.7825000000000001,43.0,0.0,38,N1 - Boa
2017-09-15,,,,,,,,23.020833333333332,0.6804166666666666,51.958333333333336,0.0,45,N2 - Moderada
2017-09-16,,,,,,,,37.071666666666665,0.5166666666666667,52.291666666666664,0.0,45,N2 - Moderada
2017-09-17,,,,,,,,28.095,0.46541666666666665,28.0625,0.0,25,N1 - Boa
2017-09-18,,,,,,,,42.12916666666667,0.47458333333333336,48.166666666666664,0.0,42,N2 - Moderada
2017-09-19,,,,,,,,27.93958333333333,0.55875,51.916666666666664,0.0,45,N2 - Moderada
2017-09-20,,,,,,,,24.122708333333332,0.515625,38.270833333333336,0.0,34,N1 - Boa
2017-09-21,,,,,,,,29.747500000000002,0.49833333333333335,32.333333333333336,0.0,28,N1 - Boa
2017-09-22,,,,,,,,32.722500000000004,0.60375,40.833333333333336,0.0,36,N1 - Boa
2017-09-23,,,,,,,,34.12583333333333,0.54625,41.25,0.0,36,N1 - Boa
2017-09-24,,,,,,,,58.61666666666667,0.42791666666666667,48.375,0.0,42,N2 - Moderada
2017-09-25,,,,,,,,31.434583333333336,0.43916666666666665,32.416666666666664,0.0,28,N1 - Boa
2017-09-26,,,,,,,,27.147499999999997,0.4320833333333334,24.5,0.0,21,N1 - Boa
2017-09-27,,,,,,,,25.23,0.5729166666666666,32.041666666666664,0.0,28,N1 - Boa
2017-09-28,,,,,,,,30.491666666666664,0.6124999999999999,49.291666666666664,0.0,43,N2 - Moderada
2017-09-29,,,,,,,,43.086666666666666,0.48208333333333336,38.791666666666664,0.0,35,N1 - Boa
2017-09-30,,,,,,,,21.96291666666667,0.6495833333333333,36.5,5.6000000000000005,32,N1 - Boa
2017-10-01,,,,,,,,52.11875,0.5154166666666666,12.0,0.0,36,N1 - Boa
2017-10-02,,,,,,,,27.52541666666667,0.6870833333333333,28.333333333333332,0.0,25,N1 - Boa
2017-10-03,,,,,,,,21.196666666666665,0.6608333333333333,22.541666666666668,11.0,20,N1 - Boa
2017-10-04,,,,,,,,23.5925,0.46875,26.166666666666668,0.0,23,N1 - Boa
2017-10-05,,,,,,,,28.418333333333333,0.5945833333333334,29.375,0.0,26,N1 - Boa
2017-10-06,,,,,,,,19.879166666666666,0.65125,36.791666666666664,0.0,33,N1 - Boa
2017-10-07,,,,,,,,28.30541666666667,0.42791666666666667,26.875,0.0,24,N1 - Boa
2017-10-08,,,,,,,,24.258750000000003,0.46458333333333335,32.125,0.0,28,N1 - Boa
2017-10-09,,,,,,,,27.764583333333334,0.45416666666666666,29.208333333333332,0.0,26,N1 - Boa
2017-10-10,,,,,,,,29.133750000000003,0.5620833333333334,44.875,0.0,40,N1 - Boa
2017-10-11,,,,,,,,45.3525,0.6408333333333333,53.5,0.0,47,N2 - Moderada
2017-10-12,,,,,,,,49.77375,0.49833333333333335,44.083333333333336,0.0,39,N1 - Boa
2017-10-13,,,,,,,,35.56541666666667,0.5891666666666667,52.0,0.0,45,N2 - Moderada
2017-10-14,,,,,,,,40.81,0.5254166666666666,44.541666666666664,0.0,40,N1 - Boa
2017-10-15,,,,,,,,39.23875,0.34708333333333335,18.125,5.4,19,N1 - Boa
2017-10-16,,,,,,,,26.40416666666667,0.41958333333333336,29.0,0.2,26,N1 - Boa
2017-10-17,,,,,,,,25.112083333333334,0.48458333333333337,27.291666666666668,0.0,24,N1 - Boa
2017-10-18,,,,,,,,20.281666666666666,0.4666666666666666,29.041666666666668,0.0,26,N1 - Boa
2017-10-19,,,,,,,,20.893333333333334,0.7383333333333333,47.416666666666664,0.0,42,N2 - Moderada
2017-10-20,,,,,,,,33.229166666666664,0.6470833333333333,51.75,0.0,45,N2 - Moderada
2017-10-21,,,,,,,,43.02125,0.49833333333333335,30.041666666666668,0.0,27,N1 - Boa
2017-10-22,,,,,,,,44.4775,0.6104166666666667,35.458333333333336,9.2,31,N1 - Boa
2017-10-23,,,,,,,,23.78916666666667,0.6195833333333333,17.291666666666668,13.200000000000001,25,N1 - Boa
2017-10-24,,,,,,,,25.277083333333334,0.43333333333333335,31.375,0.2,28,N1 - Boa
2017-10-25,,,,,,,,24.117500000000003,0.5170833333333333,25.958333333333332,0.0,23,N1 - Boa
2017-10-26,,,,,,,,21.354583333333334,0.7270833333333333,35.916666666666664,1.6,32,N1 - Boa
2017-10-27,,,,,,,,17.07166666666667,0.7354166666666666,42.0,6.2,37,N1 - Boa
2017-10-28,,,,,,,,42.07541666666666,0.6,19.041666666666668,1.5999999999999999,27,N1 - Boa
2017-10-29,,,,,,,,56.366458333333334,0.4997916666666667,17.520833333333332,0.0,31,N1 - Boa
2017-10-30,,,,,,,,35.3225,0.5041666666666667,29.833333333333332,0.0,29,N1 - Boa
2017-10-31,,,,,,,,31.64833333333333,0.5,25.083333333333332,0.6,22,N1 - Boa
2017-11-01,,,,,,,,32.52,0.3775,29.958333333333332,0.0,27,N1 - Boa
2017-11-02,,,,,,,,31.827916666666667,0.3254166666666667,28.375,0.0,25,N1 - Boa
2017-11-03,,,,,,,,26.899583333333336,0.42291666666666666,29.833333333333332,0.0,27,N1 - Boa
2017-11-04,,,,,,,,21.938333333333333,0.45625,25.25,0.0,22,N1 - Boa
2017-11-05,,,,,,,,44.47,0.44625,17.708333333333332,0.0,22,N1 - Boa
2017-11-06,,,,,,,,32.29333333333333,0.4295833333333334,21.833333333333332,1.0,20,N1 - Boa
2017-11-07,,,,,,,,23.217083333333335,0.38875,24.666666666666668,0.0,22,N1 - Boa
2017-11-08,,,,,,,,27.53833333333333,0.39208333333333334,30.208333333333332,0.0,27,N1 - Boa
2017-11-09,,,,,,,,23.145,0.47833333333333333,32.708333333333336,0.0,29,N1 - Boa
2017-11-10,,,,,,,,11.542857142857143,0.6529166666666667,33.125,0.0,29,N1 - Boa
2017-11-11,,,,,,,,21.0628125,0.4841666666666667,12.833333333333334,19.4,12,N1 - Boa
2017-11-12,,,,,,,,36.806354166666665,0.52375,25.958333333333332,0.0,27,N1 - Boa
2017-11-13,,,,,,,,28.27354166666667,0.5470833333333334,31.541666666666668,0.0,28,N1 - Boa
2017-11-14,,,,,,,,30.382777777777775,0.4908333333333333,35.791666666666664,0.0,32,N1 - Boa
2017-11-15,,,,,,,,37.138,0.5533333333333333,35.416666666666664,0.0,31,N1 - Boa
2017-11-16,,,,,,,,25.570833333333336,0.7983333333333333,42.583333333333336,0.0,38,N1 - Boa
2017-11-17,,,,,,,,32.204166666666666,0.561875,29.625,4.8,27,N1 - Boa
2017-11-18,,,,,,,,46.439166666666665,0.6591666666666667,38.291666666666664,0.0,34,N1 - Boa
2017-11-19,,,,,,,,46.54083333333333,0.5266666666666667,26.875,5.800000000000001,27,N1 - Boa
2017-11-20,,,,,,,,50.64125000000001,0.49374999999999997,14.083333333333334,18.400000000000002,23,N1 - Boa
2017-11-21,,,,,,,,26.067916666666665,0.5829166666666666,26.916666666666668,0.0,24,N1 - Boa
2017-11-22,,,,,,,,17.003333333333334,0.5975,30.833333333333332,11.799999999999999,28,N1 - Boa
2017-11-23,,,,,,,,25.384583333333335,0.3433333333333333,27.208333333333332,0.6000000000000001,24,N1 - Boa
2017-11-24,,,,,,,,23.322083333333335,0.5841666666666666,29.125,0.0,26,N1 - Boa
2017-11-25,,,,,,,,27.610833333333332,0.7483333333333334,39.791666666666664,0.0,36,N1 - Boa
2017-11-26,,,,,,,,23.93041666666667,0.5545833333333333,18.041666666666668,0.0,18,N1 - Boa
2017-11-27,,,,,,,,22.122083333333332,0.6525,23.375,0.0,20,N1 - Boa
2017-11-28,,,,,,,,18.8075,0.5599999999999999,25.58823529411765,10.6,23,N1 - Boa
2017-11-29,,,,,,,,28.984583333333333,0.36333333333333334,,0.4,14,N1 - Boa
2017-11-30,,,,,,,,25.57375,0.5533333333333333,,2.6,12,N1 - Boa
2017-12-01,,,,,,,,19.29125,0.5625,,0.0,14,N1 - Boa
2017-12-02,,,,,,,,26.573333333333334,0.5187499999999999,,0.0,15,N1 - Boa
2017-12-03,,,,,,,,34.358333333333334,0.48374999999999996,,0.0,20,N1 - Boa
2017-12-04,,,,,,,,27.039583333333336,0.6141666666666666,,0.2,16,N1 - Boa
2017-12-05,,,,,,,,20.60291666666667,0.5420833333333334,,0.0,11,N1 - Boa
2017-12-06,,,,,,,,18.840416666666666,0.5283333333333333,,0.0,9,N1 - Boa
2017-12-07,,,,,,,,18.137083333333333,0.57625,,0.0,10,N1 - Boa
2017-12-08,,,,,,,,11.005416666666667,0.6345833333333334,,5.0,6,N1 - Boa
2017-12-09,,,,,,,,22.955833333333334,0.4604166666666667,,0.0,12,N1 - Boa
2017-12-10,,,,,,,,24.88,0.5391666666666667,,0.0,15,N1 - Boa
2017-12-11,,,,,,,,16.827857142857145,0.5584210526315789,,8.600000000000001,11,N1 - Boa
2017-12-12,,,,,,,,19.805,0.35125,,,9,N1 - Boa
2017-12-13,,,,,,,,21.655833333333334,0.32,,0.0,12,N1 - Boa
2017-12-14,,,,,,,,24.06125,0.45,47.0,0.0,42,N2 - Moderada
2017-12-15,,,,,,62.31666666666666,29.209999999999997,27.494583333333335,0.5233333333333333,37.791666666666664,0.0,34,N1 - Boa
2017-12-16,,,,,,68.65375,28.347083333333334,40.60958333333333,0.48291666666666666,38.916666666666664,0.0,35,N1 - Boa
2017-12-17,,,,,,60.10333333333333,31.720416666666665,30.631249999999998,0.5675,32.208333333333336,0.0,28,N1 - Boa
2017-12-18,,,,,,56.43125,32.660000000000004,26.072083333333335,0.6158333333333333,36.291666666666664,0.0,32,N1 - Boa
2017-12-19,,,,,,72.32291666666667,28.670833333333334,25.677083333333332,0.4283333333333333,46.625,0.0,42,N2 - Moderada
2017-12-20,,,,,,65.83125,29.936666666666667,24.754583333333333,0.5383333333333333,45.708333333333336,0.0,41,N2 - Moderada
2017-12-21,,,,,,69.61416666666666,28.4875,26.110833333333332,0.47625,39.125,28.799999999999997,35,N1 - Boa
2017-12-22,,,,,,62.580000000000005,27.291666666666668,16.964166666666667,0.6458333333333334,43.875,0.4,39,N1 - Boa
2017-12-23,,,,,,55.920416666666675,30.315416666666664,35.48041666666666,0.40375,33.291666666666664,3.2,29,N1 - Boa
2017-12-24,,,,,,61.50833333333333,30.116249999999997,56.53791666666667,0.38916666666666666,28.958333333333332,0.4,38,N1 - Boa
2017-12-25,,,,,,62.44166666666666,30.22666666666667,52.69291666666667,0.4870833333333333,27.041666666666668,4.8,35,N1 - Boa
2017-12-26,,,,,,67.27374999999999,27.713333333333335,28.363684210526316,0.49333333333333335,25.333333333333332,4.2,24,N1 - Boa
2017-12-27,,,,,,70.97416666666668,28.57625,24.703333333333333,0.3175,30.958333333333332,0.0,28,N1 - Boa
2017-12-28,,,,,,74.89,27.352500000000003,20.45958333333333,0.44083333333333335,30.125,0.0,27,N1 - Boa
2017-12-29,,,,,,78.755,26.925833333333333,16.320833333333333,0.5912499999999999,33.166666666666664,14.2,29,N1 - Boa
2017-12-30,,,,,,79.14666666666666,26.511666666666667,14.201666666666666,0.5120833333333333,27.083333333333332,3.2,24,N1 - Boa
2017-12-31,,,,,,62.93291666666667,29.465416666666666,22.890416666666667,0.5458333333333333,18.041666666666668,0.0,16,N1 - Boa
2018-01-01,,,,,,67.925,30.08791666666667,38.54208333333333,0.9933333333333333,43.666666666666664,0.0,39,N1 - Boa
2018-01-02,,,,,,69.74166666666666,30.70625,34.83708333333333,0.5425,39.708333333333336,2.6,36,N1 - Boa
2018-01-03,,,,,,71.16,30.40833333333333,18.282083333333333,0.4466666666666667,26.583333333333332,19.599999999999998,24,N1 - Boa
2018-01-04,,,,,,86.63166666666666,25.643333333333334,19.044166666666666,0.3233333333333333,26.833333333333332,20.4,24,N1 - Boa
2018-01-05,,,,,,85.34916666666668,25.529583333333335,9.422777777777778,0.33916666666666667,31.541666666666668,10.399999999999999,28,N1 - Boa
2018-01-06,,,,,,76.84916666666668,28.39708333333333,28.610833333333332,0.5479166666666667,34.166666666666664,0.2,30,N1 - Boa
2018-01-07,,,,,,87.25041666666668,26.62875,24.23,0.6041666666666666,30.0,8.8,27,N1 - Boa
2018-01-08,,,,,,89.68333333333334,25.701666666666668,12.490833333333333,0.7670833333333333,31.0,20.599999999999998,28,N1 - Boa
2018-01-09,,,,,,76.50708333333334,28.692916666666665,11.63,0.4504166666666667,41.833333333333336,0.0,37,N1 - Boa
2018-01-10,,,,,,69.38416666666667,29.693749999999998,12.2975,0.42416666666666664,34.208333333333336,0.0,30,N1 - Boa
2018-01-11,,,,,,70.66375000000001,28.81041666666667,13.298333333333334,0.45458333333333334,34.083333333333336,0.0,30,N1 - Boa
2018-01-12,,,,,,72.9325,28.232916666666668,13.40125,0.5766666666666667,37.916666666666664,7.0,34,N1 - Boa
2018-01-13,,,,,,75.32166666666667,27.99291666666667,30.951666666666668,0.56625,36.333333333333336,3.6,32,N1 - Boa
2018-01-14,,,,,,71.60041666666667,29.051666666666666,31.283749999999998,0.5583333333333333,36.041666666666664,0.0,32,N1 - Boa
2018-01-15,,,,,,63.58208333333334,30.047083333333333,23.492083333333337,0.5841666666666666,33.0625,0.8,29,N1 - Boa
2018-01-16,,,,,,62.82791666666666,29.92125,27.457916666666666,0.48583333333333334,26.5,0.0,23,N1 - Boa
2018-01-17,,,,,,65.9325,30.167291666666667,24.696875000000002,0.6427083333333333,37.916666666666664,0.0,34,N1 - Boa
2018-01-18,,,,,,55.845,33.400416666666665,18.548333333333332,0.8683333333333333,51.916666666666664,0.0,45,N2 - Moderada
2018-01-19,,,,,,63.56666666666666,31.174583333333334,34.680416666666666,0.6783333333333333,40.458333333333336,0.0,36,N1 - Boa
2018-01-20,,,,,,72.135,29.786666666666665,33.795,0.5891666666666667,33.958333333333336,0.0,30,N1 - Boa
2018-01-21,,,,,,74.71083333333333,29.310000000000002,31.562083333333334,0.6479166666666667,38.833333333333336,0.0,35,N1 - Boa
2018-01-22,,,,,,71.31125,30.278750000000002,29.184166666666666,0.7458333333333332,46.25,0.0,41,N2 - Moderada
2018-01-23,,,,,,62.654583333333335,31.63291666666667,28.69125,0.67125,33.875,0.0,30,N1 - Boa
2018-01-24,,,,,,61.17416666666667,32.02916666666667,22.629583333333333,0.7254166666666667,37.375,0.0,33,N1 - Boa
2018-01-25,,,,,,61.80625,31.778333333333332,16.162499999999998,0.65,37.583333333333336,0.0,34,N1 - Boa
2018-01-26,,,,,,76.44416666666667,29.51125,14.244583333333333,0.5854166666666667,37.958333333333336,4.0,34,N1 - Boa
2018-01-27,,,,,,82.75500000000001,26.712083333333336,14.17375,0.32125,35.5,1.8,32,N1 - Boa
2018-01-28,,,,,,74.04416666666667,28.40125,18.285,0.5575,29.666666666666668,0.0,27,N1 - Boa
2018-01-29,,,,,,74.58166666666666,28.726250000000004,17.90375,0.8233333333333334,31.291666666666668,0.0,28,N1 - Boa
2018-01-30,,,,,,92.03333333333335,24.715416666666666,7.567083333333333,0.7458333333333332,18.083333333333332,18.6,16,N1 - Boa
2018-01-31,,,,,,72.35458333333334,27.04375,8.15125,0.7079166666666666,26.375,0.0,23,N1 - Boa
2018-02-01,,,,,,68.09125,28.4825,6.5008333333333335,0.6862499999999999,23.458333333333332,0.0,20,N1 - Boa
2018-02-02,,,,,,69.21541666666667,28.44666666666667,8.352916666666667,0.6891666666666666,22.0,0.0,20,N1 - Boa
2018-02-03,,,,,,71.58,28.215833333333332,16.611666666666668,0.555,14.416666666666666,2.4,12,N1 - Boa
2018-02-04,,,,,,66.13958333333333,26.835416666666664,21.895,0.505,18.083333333333332,0.0,16,N1 - Boa
2018-02-05,,,,,,90.13916666666667,23.20125,7.6691666666666665,0.8645833333333334,21.270833333333332,12.8,19,N1 - Boa
2018-02-06,,,,,,82.70416666666667,25.637916666666666,14.527916666666668,0.6216666666666666,17.666666666666668,4.199999999999999,16,N1 - Boa
2018-02-07,,,,,,80.60416666666667,27.064999999999998,7.627916666666667,0.7958333333333334,22.75,4.8,20,N1 - Boa
2018-02-08,,,,,,77.30666666666666,28.325833333333335,14.022916666666667,0.7229166666666668,25.416666666666668,0.0,22,N1 - Boa
2018-02-09,,,,,,73.86958333333332,29.868750000000002,20.069583333333334,0.7704166666666666,24.833333333333332,0.0,22,N1 - Boa
2018-02-10,,,,,,69.56458333333333,31.612916666666667,26.782916666666665,1.0999999999999999,36.833333333333336,0.0,33,N1 - Boa
2018-02-11,,,,,,63.77,31.746666666666666,28.545416666666668,0.8629166666666667,32.916666666666664,0.0,29,N1 - Boa
2018-02-12,,,,,,60.96125,32.081250000000004,31.874583333333334,0.7670833333333333,34.041666666666664,0.0,30,N1 - Boa
2018-02-13,,,,,,72.69416666666667,29.996666666666666,23.983333333333334,0.8170833333333333,33.708333333333336,0.0,30,N1 - Boa
2018-02-14,,,,,,83.76541666666667,27.250416666666666,19.95,0.6445833333333334,18.916666666666668,19.599999999999998,17,N1 - Boa
2018-02-15,,,,,,74.19854166666667,28.395416666666666,9.935,0.7270833333333333,31.0,18.599999999999998,28,N1 - Boa
2018-02-16,,,,,,75.58874999999999,28.539583333333336,13.566249999999998,0.6995833333333333,30.708333333333332,0.0,28,N1 - Boa
2018-02-17,,,,,,74.68875,28.511666666666667,17.73375,0.63875,22.25,0.0,20,N1 - Boa
2018-02-18,,,,,,80.28958333333334,27.91916666666667,20.239583333333332,0.5741666666666666,18.541666666666668,0.2,17,N1 - Boa
2018-02-19,,,,,,76.22291666666666,28.44125,12.705416666666666,0.5692857142857143,21.666666666666668,6.0,20,N1 - Boa
2018-02-20,,,,,,70.62916666666666,30.641458333333333,24.048541666666665,0.5164583333333334,29.25,0.0,26,N1 - Boa
2018-02-21,,,,,,67.41250000000001,31.187083333333334,21.37,0.5608333333333333,22.458333333333332,32.8,20,N1 - Boa
2018-02-22,,,,,,85.85416666666667,27.92125,22.806250000000002,0.5195833333333334,15.5,15.200000000000001,14,N1 - Boa
2018-02-23,,,,,,92.50166666666667,25.81458333333333,8.618333333333334,0.595,25.958333333333332,44.4,23,N1 - Boa
2018-02-24,,,,,,80.25,26.40416666666667,19.220833333333335,0.48291666666666666,28.0,0.2,25,N1 - Boa
2018-02-25,,,,,,71.82708333333333,27.974999999999998,22.593333333333334,0.35375,21.375,0.0,19,N1 - Boa
2018-02-26,,,,,,79.76708333333333,27.647499999999997,12.773333333333333,0.5083333333333333,29.5,1.0,27,N1 - Boa
2018-02-27,,,,,,87.50916666666666,26.816666666666666,12.025416666666667,0.5835416666666666,27.666666666666668,28.2,25,N1 - Boa
2018-02-28,,,,,,80.77166666666666,28.45375,24.30333333333333,0.5292307692307692,30.041666666666668,0.0,27,N1 - Boa
2018-03-01,,,,,,80.16041666666666,29.1725,17.10388888888889,,22.416666666666668,0.0,20,N1 - Boa
2018-03-02,,,,,,79.90083333333332,29.90416666666667,20.441666666666666,,30.916666666666668,0.0,28,N1 - Boa
2018-03-03,,,,,,84.31875000000001,29.083333333333332,27.35666666666667,,31.25,4.4,28,N1 - Boa
2018-03-04,,,,,,80.4025,29.479583333333334,26.875833333333333,,30.0,0.0,27,N1 - Boa
2018-03-05,,,,,,79.92,29.858333333333334,18.805833333333336,,30.75,0.0,28,N1 - Boa
2018-03-06,,,,,,76.505,30.2225,12.557916666666666,,23.75,0.0,21,N1 - Boa
2018-03-07,,,,,,75.57833333333333,29.4575,16.166666666666668,0.33444444444444443,18.5,0.6000000000000001,16,N1 - Boa
2018-03-08,,,,,,90.12124999999999,26.239583333333332,11.485,0.4741666666666667,24.166666666666668,16.0,21,N1 - Boa
2018-03-09,,,,,,84.18666666666667,26.125416666666666,6.545789473684211,0.5310416666666667,29.083333333333332,4.6,26,N1 - Boa
2018-03-10,,,,,,79.33291666666666,27.448333333333334,16.427083333333332,0.37083333333333335,23.666666666666668,3.6,21,N1 - Boa
2018-03-11,,,,,,80.75833333333334,28.652916666666666,16.54,0.39291666666666664,11.208333333333334,0.6000000000000001,11,N1 - Boa
2018-03-12,,,,,,74.235,30.13875,39.69708333333333,0.5395833333333333,29.875,0.0,38,N1 - Boa
2018-03-13,,,,,,81.20708333333333,28.57166666666667,16.59625,0.4816666666666667,26.916666666666668,1.0,24,N1 - Boa
2018-03-14,,,,,,76.60333333333334,30.052083333333332,18.349166666666665,0.5633333333333334,30.375,0.0,27,N1 - Boa
2018-03-15,,,,,,71.66083333333334,31.72,26.127916666666664,0.62625,27.958333333333332,4.2,25,N1 - Boa
2018-03-16,,,,,,73.03666666666666,31.441666666666666,18.985416666666666,0.6041666666666666,30.708333333333332,3.6,28,N1 - Boa
2018-03-17,,,,,,75.25208333333333,28.453333333333333,28.415000000000003,0.34833333333333333,40.333333333333336,0.0,36,N1 - Boa
2018-03-18,,,,,,75.5825,28.74625,27.704583333333332,0.38125000000000003,31.708333333333332,0.0,28,N1 - Boa
2018-03-19,,,,,,70.03041666666667,31.065416666666668,21.943749999999998,0.6437499999999999,35.666666666666664,0.0,32,N1 - Boa
2018-03-20,,,,,,76.22666666666667,30.830416666666665,19.879166666666666,0.5875,44.22727272727273,0.0,39,N1 - Boa
2018-03-21,,,,,,76.77208333333333,28.859583333333333,19.632083333333334,0.5041666666666667,24.181818181818183,0.2,21,N1 - Boa
2018-03-22,,,,,,91.448125,25.856041666666666,15.46375,0.49104166666666665,21.291666666666668,35.2,19,N1 - Boa
2018-03-23,,,,,,80.72,28.784583333333334,15.702916666666667,0.4816666666666667,30.625,0.0,28,N1 - Boa
2018-03-24,,,,,,68.26291666666667,29.785416666666666,18.5775,0.34625,24.166666666666668,0.0,21,N1 - Boa
2018-03-25,,,,,,62.050000000000004,30.179166666666664,24.688333333333333,0.37125,21.958333333333332,0.0,20,N1 - Boa
2018-03-26,,,,,,63.08833333333333,30.425416666666667,19.815,0.4379166666666667,29.125,0.0,26,N1 - Boa
2018-03-27,,,,,,69.53125,29.537499999999998,17.8525,0.4475,36.083333333333336,0.0,32,N1 - Boa
2018-03-28,,,,,,69.63833333333334,29.0575,14.868333333333332,0.38875,33.041666666666664,0.0,29,N1 - Boa
2018-03-29,,,,,,69.68541666666667,28.73166666666667,15.487083333333333,0.4191666666666667,28.583333333333332,0.0,26,N1 - Boa
2018-03-30,,,,,,70.5775,28.27333333333333,24.69,0.3095833333333333,27.041666666666668,0.0,24,N1 - Boa
2018-03-31,,,,,,70.10666666666667,28.76875,23.7225,0.3675,28.5,0.0,25,N1 - Boa
2018-04-01,,,,,,63.95208333333333,30.134583333333335,29.62291666666667,0.36916666666666664,25.541666666666668,0.0,27,N1 - Boa
2018-04-02,,,,,,69.3625,29.86708333333333,27.178749999999997,0.5670833333333333,38.583333333333336,1.0,35,N1 - Boa
2018-04-03,,,,,,76.97916666666667,29.12291666666667,17.933333333333334,0.5783333333333334,28.708333333333332,21.599999999999998,26,N1 - Boa
2018-04-04,,,,,,82.52125,26.784166666666668,7.996666666666666,0.5599999999999999,27.75,8.8,25,N1 - Boa
2018-04-05,,,,,,79.49,27.89916666666667,13.147083333333333,0.4379166666666667,22.5,0.4,20,N1 - Boa
2018-04-06,,,,,,81.16166666666668,27.735416666666666,9.416458333333333,0.4695833333333333,21.833333333333332,0.8,20,N1 - Boa
2018-04-07,,,,,,77.07708333333333,28.121666666666666,16.65458333333333,0.39625,17.75,0.2,16,N1 - Boa
2018-04-08,,,,,,76.64208333333333,27.740416666666665,23.886666666666667,0.33375,16.416666666666668,0.0,14,N1 - Boa
2018-04-09,,,,,,72.20416666666667,27.6825,20.353333333333335,0.37916666666666665,19.708333333333332,0.0,18,N1 - Boa
2018-04-10,,,,,,69.41083333333333,27.400000000000002,21.50208333333333,0.35625,22.541666666666668,0.0,20,N1 - Boa
2018-04-11,,,,,,71.04708333333333,27.581666666666667,19.85625,0.39208333333333334,25.333333333333332,0.0,22,N1 - Boa
2018-04-12,,,,,,74.07416666666667,27.921666666666667,14.405,0.5283333333333333,30.791666666666668,0.0,28,N1 - Boa
2018-04-13,,,,,,72.73791666666666,29.254583333333333,21.617500000000003,0.5991666666666667,42.625,0.0,38,N1 - Boa
2018-04-14,,,,,,75.62666666666667,28.08875,24.392916666666665,0.44166666666666665,27.625,0.0,25,N1 - Boa
2018-04-15,,,,,,90.39708333333334,24.446250000000003,21.642916666666665,0.33916666666666667,25.0,0.2,22,N1 - Boa
2018-04-16,,,,,,81.06125,24.5675,14.700833333333334,0.4275,27.166666666666668,0.0,24,N1 - Boa
2018-04-17,,,,,,69.74666666666667,25.02916666666667,13.362083333333333,0.45249999999999996,27.541666666666668,0.2,25,N1 - Boa
2018-04-18,,,,,,70.615,24.99875,13.829166666666666,0.4404166666666667,31.083333333333332,0.0,28,N1 - Boa
2018-04-19,,,,,,69.59,25.78916666666667,19.000833333333333,0.47583333333333333,34.791666666666664,0.0,31,N1 - Boa
2018-04-20,,,,,,70.35541666666667,25.7025,16.924166666666668,0.47374999999999995,32.708333333333336,0.0,29,N1 - Boa
2018-04-21,,,,,,75.25958333333334,25.7825,32.9625,0.43875,33.375,0.0,29,N1 - Boa
2018-04-22,,,,,,69.99791666666667,25.790833333333335,27.68375,0.32416666666666666,20.125,0.0,18,N1 - Boa
2018-04-23,,,,,,74.17541666666666,25.4875,19.772499999999997,0.3729166666666666,22.75,0.0,20,N1 - Boa
2018-04-24,,,,,,71.90416666666667,27.00916666666667,13.162083333333333,0.4908333333333333,26.166666666666668,0.0,23,N1 - Boa
2018-04-25,,,,,,78.62166666666667,26.62875,11.600416666666668,0.5291666666666667,34.833333333333336,0.0,31,N1 - Boa
2018-04-26,,,,,,80.60333333333334,26.832083333333333,22.76375,0.5395833333333333,37.416666666666664,0.0,33,N1 - Boa
2018-04-27,,,,,,79.89479166666666,27.249791666666667,17.899375,0.49374999999999997,30.125,0.0,27,N1 - Boa
2018-04-28,,,,,,71.87416666666667,27.337083333333336,23.412499999999998,0.39916666666666667,22.5,0.0,20,N1 - Boa
2018-04-29,,,,,,70.99875,26.321250000000003,24.848333333333333,0.3745833333333333,22.125,0.0,20,N1 - Boa
2018-04-30,,,,,,67.67208333333333,26.4575,23.869583333333335,0.6545833333333334,41.458333333333336,0.0,36,N1 - Boa
2018-05-01,,,,,,67.59625,27.517083333333332,29.73875,0.5025000000000001,42.291666666666664,0.0,37,N1 - Boa
2018-05-02,,,,,,81.51333333333334,25.83666666666667,14.27625,0.59375,44.875,0.0,40,N1 - Boa
2018-05-03,,,,,,77.45791666666666,26.032083333333333,15.957083333333332,0.48500000000000004,38.708333333333336,0.0,35,N1 - Boa
2018-05-04,,,,,,76.0825,26.677916666666665,13.816666666666668,0.5854166666666667,31.833333333333332,0.0,28,N1 - Boa
2018-05-05,,,,,,77.35208333333334,26.756666666666664,21.8875,0.47458333333333336,31.25,0.0,28,N1 - Boa
2018-05-06,,,,,,77.97166666666666,26.474999999999998,29.292083333333334,0.5208333333333334,43.625,0.0,39,N1 - Boa
2018-05-07,,,,,,78.37083333333334,26.1425,11.1825,0.63125,45.125,0.0,40,N1 - Boa
2018-05-08,,,,,,83.39291666666666,24.3175,14.280833333333334,0.48041666666666666,30.416666666666668,0.0,27,N1 - Boa
2018-05-09,,,,,,75.22208333333333,24.530833333333334,12.547083333333333,0.49416666666666664,34.583333333333336,0.0,31,N1 - Boa
2018-05-10,,,,,,68.30458333333333,25.00708333333333,16.189583333333335,0.45625,30.458333333333332,0.0,27,N1 - Boa
2018-05-11,,,,,,66.35625,26.172916666666666,11.9675,0.6161363636363636,43.416666666666664,0.0,38,N1 - Boa
2018-05-12,,,,,,64.13041666666668,27.583333333333332,26.264583333333334,,44.25,0.0,39,N1 - Boa
2018-05-13,,,,,,74.13208333333334,25.413750000000004,24.824166666666667,0.4033333333333333,31.708333333333332,0.0,28,N1 - Boa
2018-05-14,,,,,,75.80583333333333,25.215,19.794999999999998,0.42375,36.0,0.0,32,N1 - Boa
2018-05-15,,,,,,70.87916666666666,26.1525,15.735416666666666,0.5808333333333333,38.625,0.0,35,N1 - Boa
2018-05-16,,,,,,64.50333333333333,28.008750000000003,18.793333333333333,0.6179166666666667,49.875,0.0,44,N2 - Moderada
2018-05-17,,,,,,84.38708333333334,24.490416666666665,13.82625,0.5254166666666666,34.083333333333336,3.2,30,N1 - Boa
2018-05-18,,,,,,72.81416666666667,26.648333333333337,15.112083333333333,0.60125,43.791666666666664,0.0,39,N1 - Boa
2018-05-19,,,,,,74.02791666666667,26.0525,11.367083333333333,0.45875,32.875,13.8,29,N1 - Boa
2018-05-20,,,,,,65.74875,23.53125,25.91208333333333,0.3491666666666667,29.291666666666668,2.6,26,N1 - Boa
2018-05-21,,,,,,49.165,22.19458333333333,13.58375,0.5308333333333334,47.0,0.0,42,N2 - Moderada
2018-05-22,,,,,,,22.09958333333333,22.1975,0.5783333333333333,58.625,0.0,50,N2 - Moderada
2018-05-23,,,,,,,23.12625,14.7875,0.63,66.95833333333333,0.0,56,N2 - Moderada
2018-05-24,,,,,,,23.89833333333333,18.580833333333334,0.53,50.166666666666664,0.0,44,N2 - Moderada
2018-05-25,,,,,,,23.367500000000003,24.815833333333334,0.45249999999999996,41.75,0.0,37,N1 - Boa
2018-05-26,,,,,,,24.03833333333333,34.374583333333334,0.3175,37.25,0.0,33,N1 - Boa
2018-05-27,,,,,,,23.49791666666667,36.752500000000005,0.2970833333333333,27.125,0.0,24,N1 - Boa
2018-05-28,,,,,,,23.031666666666666,21.43541666666667,0.3858333333333333,33.833333333333336,0.0,30,N1 - Boa
2018-05-29,,,,,,,24.195833333333336,20.414166666666667,0.3958333333333333,34.375,0.0,30,N1 - Boa
2018-05-30,,,,,,,23.105,16.962083333333332,0.45541666666666664,39.958333333333336,0.0,36,N1 - Boa
2018-05-31,,,,,,,24.182916666666667,17.2,0.3858333333333333,32.333333333333336,0.0,28,N1 - Boa
2018-06-01,,,,,,,26.148750000000003,11.624166666666667,0.505,40.166666666666664,0.0,36,N1 - Boa
2018-06-02,,,,,,,26.873333333333335,25.4725,0.8379166666666666,66.25,0.0,55,N2 - Moderada
2018-06-03,,,,,,,23.47875,23.438333333333333,0.5233333333333333,46.416666666666664,2.2,41,N2 - Moderada
2018-06-04,,,,,,,20.944583333333334,15.16125,0.40041666666666664,29.625,4.0,27,N1 - Boa
2018-06-05,,,,,,,21.6525,11.772916666666667,0.4404166666666667,38.583333333333336,0.8,35,N1 - Boa
2018-06-06,,,,,,,25.09,7.312083333333334,0.5345833333333333,31.0,4.2,28,N1 - Boa
2018-06-07,,,,,,,23.36791666666667,6.0874999999999995,0.57625,44.166666666666664,6.199999999999999,39,N1 - Boa
2018-06-08,,,,,,,23.015416666666667,9.863333333333333,0.36916666666666664,29.166666666666668,0.0,26,N1 - Boa
2018-06-09,,,,,,,22.704166666666666,19.039583333333333,0.27291666666666664,32.916666666666664,0.0,29,N1 - Boa
2018-06-10,,,,,,,24.347083333333334,17.857083333333332,0.42208333333333337,28.791666666666668,0.0,26,N1 - Boa
2018-06-11,,,,,,,25.318749999999998,9.137083333333333,0.75,48.375,0.0,42,N2 - Moderada
2018-06-12,,,,,,,27.3225,8.535416666666666,0.9366666666666666,66.04166666666667,0.0,55,N2 - Moderada
2018-06-13,,,,,,,27.12291666666667,20.410416666666666,0.7354166666666666,53.958333333333336,0.0,47,N2 - Moderada
2018-06-14,,,,,,,22.457083333333333,15.599583333333333,0.3670833333333334,23.291666666666668,6.6,20,N1 - Boa
2018-06-15,,,,,,,20.56125,15.2275,0.33749999999999997,23.041666666666668,6.3999999999999995,20,N1 - Boa
2018-06-16,,,,,,,21.465833333333332,10.60375,0.32625,19.916666666666668,0.8,18,N1 - Boa
2018-06-17,,,,,,,22.46375,9.309166666666666,0.38916666666666666,22.666666666666668,0.0,20,N1 - Boa
2018-06-18,,,,,,,22.527083333333334,17.096666666666668,0.26708333333333334,18.708333333333332,9.0,17,N1 - Boa
2018-06-19,,,,,,,22.895416666666666,15.544166666666667,0.29,21.833333333333332,0.0,20,N1 - Boa
2018-06-20,,,,,,,23.3625,9.742083333333333,0.44333333333333336,27.333333333333332,0.0,24,N1 - Boa
2018-06-21,,,,,,,24.265,10.299166666666666,0.63,45.791666666666664,0.0,41,N2 - Moderada
2018-06-22,,,,,,,25.3125,20.927083333333332,0.6020833333333333,57.291666666666664,0.0,49,N2 - Moderada
2018-06-23,,,,,,,25.241666666666664,23.609166666666667,0.6045833333333334,60.916666666666664,0.0,52,N2 - Moderada
2018-06-24,,,,,,,27.253333333333334,15.0025,0.57875,45.375,0.0,40,N1 - Boa
2018-06-25,,,,,,,24.99083333333333,15.595833333333333,0.5554166666666667,58.25,0.0,50,N2 - Moderada
2018-06-26,,,,,,47.90181818181818,27.26291666666667,10.5375,0.79,61.5,0.0,53,N2 - Moderada
2018-06-27,,,,,,76.50416666666666,24.774583333333336,12.006666666666666,0.5191666666666667,57.875,0.0,50,N2 - Moderada
2018-06-28,,,,,,73.93541666666667,25.455416666666665,16.37625,0.48458333333333337,53.625,0.0,47,N2 - Moderada
2018-06-29,,,,,,65.0975,25.385,10.92875,0.33875000000000005,24.083333333333332,0.0,21,N1 - Boa
2018-06-30,,,,,,71.07791666666667,25.351249999999997,17.07,0.3829166666666666,26.25,0.0,23,N1 - Boa
2018-07-01,,,,,,80.1275,24.189999999999998,37.89458333333334,0.37875,45.708333333333336,0.0,41,N2 - Moderada
2018-07-02,,,,,,76.71208333333333,25.641666666666666,31.232916666666668,0.5925,55.875,0.0,48,N2 - Moderada
2018-07-03,,,,,,75.095,25.853333333333335,18.097916666666666,0.5304166666666666,52.541666666666664,2.0,46,N2 - Moderada
2018-07-04,,,,,,82.36625,24.339583333333334,21.249166666666667,0.3020833333333333,25.75,0.4,23,N1 - Boa
2018-07-05,,,,,,80.72541666666667,25.196250000000003,13.014583333333334,0.7241666666666666,58.458333333333336,0.0,50,N2 - Moderada
2018-07-06,,,,,,82.65125,25.08583333333333,30.145,0.58,72.91666666666667,0.0,60,N2 - Moderada
2018-07-07,,,,,,81.68541666666667,24.473333333333333,31.951249999999998,0.5420833333333334,52.791666666666664,0.0,46,N2 - Moderada
2018-07-08,,,,,,67.69583333333334,26.037916666666664,18.060416666666665,0.7400000000000001,79.20833333333333,0.0,65,N2 - Moderada
2018-07-09,,,,,,74.09916666666666,25.081666666666667,14.164736842105263,0.45916666666666667,52.0,0.0,45,N2 - Moderada
2018-07-10,,,,,,83.93124999999999,20.889166666666664,19.358333333333334,0.26375,19.916666666666668,10.6,18,N1 - Boa
2018-07-11,,,,,,70.14208333333333,20.096666666666668,17.849999999999998,0.22583333333333333,22.583333333333332,0.0,20,N1 - Boa
2018-07-12,,,,,,70.54625,20.4275,8.405833333333334,0.36625,33.25,0.0,29,N1 - Boa
2018-07-13,,,,,,72.79833333333333,21.777083333333334,11.269166666666669,0.47833333333333333,35.875,0.0,32,N1 - Boa
2018-07-14,,,,,,80.4875,22.870833333333334,24.99,0.6429166666666667,63.166666666666664,0.0,53,N2 - Moderada
2018-07-15,,,,,,74.00666666666667,25.013333333333335,20.032083333333333,0.6166666666666667,45.666666666666664,0.0,41,N2 - Moderada
2018-07-16,,,,,,60.312916666666666,26.667916666666667,13.0725,0.82,55.291666666666664,0.0,48,N2 - Moderada
2018-07-17,,,,,,75.62916666666666,24.08125,16.220833333333335,0.57625,60.708333333333336,0.0,52,N2 - Moderada
2018-07-18,,,,,,70.86666666666666,25.975416666666664,21.173750000000002,0.5020833333333333,49.041666666666664,0.0,43,N2 - Moderada
2018-07-19,,,,,,64.16625,26.089583333333334,15.284583333333332,0.4695833333333333,37.0,0.0,33,N1 - Boa
2018-07-20,,,,,,69.91083333333333,25.74208333333333,12.449166666666668,0.46208333333333335,41.166666666666664,0.0,36,N1 - Boa
2018-07-21,,,,,,66.69583333333334,26.135,29.158749999999998,0.3779166666666667,48.625,0.0,43,N2 - Moderada
2018-07-22,,,,,,82.18458333333334,24.89916666666667,35.41416666666667,0.2575,41.208333333333336,1.5999999999999999,36,N1 - Boa
2018-07-23,,,,,,82.75041666666667,24.34583333333333,17.715833333333332,0.3870833333333333,37.041666666666664,0.0,33,N1 - Boa
2018-07-24,,,,,,78.36708333333333,24.699583333333333,8.68375,0.4379166666666667,40.166666666666664,0.0,36,N1 - Boa
2018-07-25,,,,,,77.74249999999999,24.60875,18.804166666666667,0.3425,32.916666666666664,0.2,29,N1 - Boa
2018-07-26,,,,,,75.77291666666666,24.366249999999997,19.61,0.41125000000000006,29.666666666666668,0.0,27,N1 - Boa
2018-07-27,,,,,,72.22125,24.7075,16.4525,0.40208333333333335,31.75,0.0,28,N1 - Boa
2018-07-28,,,,,,68.36874999999999,25.255,22.115416666666665,0.32083333333333336,30.0,0.0,27,N1 - Boa
2018-07-29,,,,,,60.04416666666666,26.612916666666667,15.019583333333335,0.4566666666666666,37.083333333333336,0.0,33,N1 - Boa
2018-07-30,,,,,,65.36625,26.0925,16.673750000000002,0.5233333333333333,46.583333333333336,0.0,42,N2 - Moderada
2018-07-31,,,,,,81.78083333333333,22.750833333333333,13.799999999999999,0.435,36.625,2.1999999999999997,33,N1 - Boa
2018-08-01,,,,,,82.31291666666667,21.6925,20.86466666666667,0.3120833333333333,18.208333333333332,8.0,16,N1 - Boa
2018-08-02,,,,,,87.83749999999999,20.857916666666664,19.118181818181817,0.31166666666666665,12.708333333333334,7.2,12,N1 - Boa
2018-08-03,,,,,,80.21208333333333,21.599999999999998,11.032083333333333,0.4579166666666667,18.458333333333332,7.0,16,N1 - Boa
2018-08-04,,,,,,81.76625,23.515416666666667,15.649166666666666,0.42500000000000004,23.791666666666668,5.999999999999999,21,N1 - Boa
2018-08-05,,,,,,73.61583333333333,23.82041666666667,28.08583333333333,0.39958333333333335,30.958333333333332,0.0,28,N1 - Boa
2018-08-06,,,,,,86.89833333333333,21.050833333333333,10.276666666666667,0.42874999999999996,23.5,13.600000000000001,21,N1 - Boa
2018-08-07,,,,,,93.81083333333333,19.984583333333333,5.69625,0.47125,21.375,7.4,19,N1 - Boa
2018-08-08,,,,,,84.07208333333334,22.887083333333333,11.955416666666666,0.20875,28.875,0.0,26,N1 - Boa
2018-08-09,,,,,,77.8225,25.02208333333333,8.225416666666666,0.51625,48.458333333333336,0.0,42,N2 - Moderada
2018-08-10,,,,,,71.32875,22.681250000000002,23.758333333333336,0.10083333333333333,35.083333333333336,0.0,31,N1 - Boa
2018-08-11,,,,,,63.635,22.38416666666667,35.305,0.074375,31.791666666666668,0.0,28,N1 - Boa
2018-08-12,,,,,,68.06541666666666,21.405833333333334,42.45083333333333,0.01375,19.458333333333332,0.0,21,N1 - Boa
2018-08-13,,,,,,69.01625,21.988333333333333,23.342083333333335,0.09499999999999999,21.291666666666668,0.0,20,N1 - Boa
2018-08-14,,,,,,73.78750000000001,22.76,16.923333333333336,0.12333333333333334,36.166666666666664,0.0,32,N1 - Boa
2018-08-15,,,,,,73.78583333333333,22.565416666666664,16.889583333333334,0.18708333333333335,27.125,0.0,24,N1 - Boa
2018-08-16,,,,,,80.37458333333333,22.468333333333334,9.576666666666666,0.22541666666666668,37.625,0.0,34,N1 - Boa
2018-08-17,,,,,,88.71,21.7075,7.409166666666667,0.23291666666666666,35.416666666666664,3.3999999999999995,31,N1 - Boa
2018-08-18,,,,,,76.69125,22.354166666666668,29.382500000000004,0.017499999999999998,14.791666666666666,0.2,16,N1 - Boa
2018-08-19,,,,,,74.00875,22.9675,23.4025,0.06458333333333334,16.125,0.0,18,N1 - Boa
2018-08-20,,,,,,76.01125,24.47583333333333,17.442916666666665,0.24375,29.166666666666668,0.0,26,N1 - Boa
2018-08-21,,,,,,76.4525,24.429166666666664,18.032083333333333,0.25923076923076926,35.666666666666664,0.0,32,N1 - Boa
2018-08-22,,,,,,78.75458333333333,24.349999999999998,28.522916666666664,0.41875,44.708333333333336,0.0,40,N1 - Boa
2018-08-23,,,,,,69.61083333333333,26.55541666666667,24.056875,0.4579166666666667,52.875,0.0,46,N2 - Moderada
2018-08-24,,,,,,64.95875,27.905416666666667,12.77125,0.7004166666666666,45.125,0.0,40,N1 - Boa
2018-08-25,,,,,,69.59416666666667,25.167916666666667,23.057083333333335,0.4375,34.93333333333333,0.0,31,N1 - Boa
2018-08-26,,,,,,83.85541666666667,21.007083333333334,38.915416666666665,0.14041666666666666,,2.5999999999999996,20,N1 - Boa
2018-08-27,,,,,,80.61333333333333,19.645416666666666,20.060624999999998,0.25375,,4.6,13,N1 - Boa
2018-08-28,,,,,,46.51958333333334,22.479166666666668,25.93375,0.22833333333333336,,0.0,16,N1 - Boa
2018-08-29,,,,,,50.39791666666667,23.547083333333333,24.220416666666665,0.24833333333333332,,0.0,16,N1 - Boa
2018-08-30,,,,,,42.27833333333333,25.574583333333333,12.895833333333334,0.4666666666666666,34.57142857142857,0.0,31,N1 - Boa
2018-08-31,,,,,,34.89416666666667,28.00375,13.525833333333333,0.5304166666666666,32.583333333333336,0.0,29,N1 - Boa
2018-09-01,,,,,,39.6975,25.925833333333333,27.455833333333334,0.3779166666666667,41.75,0.0,37,N1 - Boa
2018-09-02,,,,,,45.50541666666666,26.438333333333333,49.17875,0.3904166666666667,40.916666666666664,0.0,36,N1 - Boa
2018-09-03,,,,,,49.000416666666666,24.7175,52.093333333333334,0.32083333333333336,45.875,2.4,41,N2 - Moderada
2018-09-04,,,,,,42.2425,23.86,33.93833333333333,0.29583333333333334,19.083333333333332,2.1999999999999997,17,N1 - Boa
2018-09-05,,,,,,37.178333333333335,22.505,34.68666666666667,0.15791666666666668,20.041666666666668,0.0,22,N1 - Boa
2018-09-06,,,,,,47.57416666666666,21.905833333333334,21.287916666666664,0.24333333333333332,20.625,4.2,19,N1 - Boa
2018-09-07,,,,,,37.105,23.077083333333334,46.2425,0.10958333333333332,15.416666666666666,0.0,24,N1 - Boa
2018-09-08,,,,,,38.16916666666666,23.25583333333333,40.864583333333336,0.18666666666666668,18.916666666666668,0.0,22,N1 - Boa
2018-09-09,,,,,,41.45375,23.272916666666664,50.47,0.1725,17.416666666666668,0.0,28,N1 - Boa
2018-09-10,,,,,,42.82333333333333,23.782083333333333,30.064166666666665,0.2439583333333333,21.041666666666668,0.0,21,N1 - Boa
2018-09-11,,,,,,43.67416666666667,23.102083333333336,25.719166666666666,0.42875,20.166666666666668,0.0,18,N1 - Boa
2018-09-12,,,,,,41.88166666666667,23.25208333333333,28.505416666666665,0.34125,20.333333333333332,0.0,18,N1 - Boa
2018-09-13,,,,,,40.17458333333334,24.224166666666665,27.5825,0.3458333333333334,23.916666666666668,0.0,21,N1 - Boa
2018-09-14,,,,,,44.67541666666667,24.00916666666667,21.790000000000003,0.4979166666666666,29.916666666666668,10.599999999999998,27,N1 - Boa
2018-09-15,,,,,,49.90375,24.97875,26.302083333333332,0.49291666666666667,28.416666666666668,0.2,25,N1 - Boa
2018-09-16,,,,,,42.38333333333333,24.128333333333334,34.849583333333335,0.24875,16.416666666666668,1.4,18,N1 - Boa
2018-09-17,,,,,,51.406666666666666,22.2975,12.026666666666666,0.5158333333333334,28.333333333333332,1.2000000000000002,25,N1 - Boa
2018-09-18,,,,,,50.604166666666664,26.250833333333333,21.23,0.8320833333333333,42.166666666666664,9.4,37,N1 - Boa
2018-09-19,,,,,,43.39291666666667,28.252916666666668,21.074583333333333,0.6329166666666667,41.291666666666664,0.0,36,N1 - Boa
2018-09-20,,,,,,47.04416666666666,26.835416666666664,15.113333333333332,0.6737500000000001,53.333333333333336,0.0,46,N2 - Moderada
2018-09-21,,,,,,53.54833333333334,25.577083333333334,25.1075,0.58,38.25,1.4,34,N1 - Boa
2018-09-22,,,,,,47.02708333333334,25.2,37.492916666666666,0.4320833333333334,22.541666666666668,0.0,25,N1 - Boa
2018-09-23,,,,,,44.215,26.055000000000003,43.05458333333333,0.39166666666666666,20.291666666666668,0.0,24,N1 - Boa
2018-09-24,,,,,,48.718333333333334,26.587500000000002,30.452916666666667,0.54625,48.833333333333336,0.0,43,N2 - Moderada
2018-09-25,,,,,,48.41375,26.624166666666667,36.441250000000004,0.4375,31.916666666666668,0.0,28,N1 - Boa
2018-09-26,,,,,,46.12166666666667,28.282916666666665,20.576666666666664,0.5454166666666667,45.666666666666664,0.0,41,N2 - Moderada
2018-09-27,,,,,,48.10833333333333,27.618750000000002,35.85875,0.5129166666666667,44.375,6.6,39,N1 - Boa
2018-09-28,,,,,,54.93083333333333,25.51625,20.76666666666667,0.5437500000000001,32.416666666666664,0.8,28,N1 - Boa
2018-09-29,,,,,,52.24625,25.954583333333332,27.53625,0.41124999999999995,22.416666666666668,1.4,20,N1 - Boa
2018-09-30,,,,,,45.935833333333335,27.87375,28.86916666666667,0.3754166666666667,22.333333333333332,0.0,20,N1 - Boa
2018-10-01,,,,,,48.82375,27.18541666666667,10.065,0.6266666666666666,35.791666666666664,0.0,32,N1 - Boa
2018-10-02,,,,,,43.63166666666667,29.886666666666667,30.651666666666667,0.7704166666666666,55.25,0.0,48,N2 - Moderada
2018-10-03,,,,,,44.61416666666667,29.739583333333332,7.9975,0.6066666666666667,56.208333333333336,0.0,48,N2 - Moderada
2018-10-04,,,,,,59.37416666666667,27.89916666666667,,0.50375,33.083333333333336,4.2,29,N1 - Boa
2018-10-05,,,,,,82.27499999999999,23.21625,,0.14041666666666666,21.458333333333332,11.0,19,N1 - Boa
2018-10-06,,,,,,82.74625,21.839583333333334,,0.15666666666666668,20.208333333333332,14.0,18,N1 - Boa
2018-10-07,,,,,,79.85833333333333,23.668333333333333,,0.08708333333333333,13.375,0.0,12,N1 - Boa
2018-10-08,,,,,,84.54666666666667,24.905833333333334,,0.3045833333333334,27.083333333333332,0.8,24,N1 - Boa
2018-10-09,,,,,,90.81473684210526,25.05526315789474,,0.6321052631578947,38.041666666666664,1.2000000000000002,34,N1 - Boa
2018-10-10,,,,,,79.78625,27.739583333333332,,0.8091666666666666,50.75,27.8,45,N2 - Moderada
2018-10-11,,,,,,93.95375,24.837083333333336,,0.33666666666666667,35.041666666666664,2.4000000000000004,31,N1 - Boa
2018-10-12,,,,,,91.78416666666668,25.388333333333332,,0.13958333333333334,25.958333333333332,1.4000000000000001,23,N1 - Boa
2018-10-13,,,,,,74.45541666666666,29.647499999999997,,0.33708333333333335,35.25,7.3999999999999995,31,N1 - Boa
2018-10-14,,,,,,85.44208333333334,24.81375,,0.07708333333333334,17.125,0.4,15,N1 - Boa
2018-10-15,,,,,,88.3525,22.805000000000003,,0.12583333333333332,17.791666666666668,2.6,16,N1 - Boa
2018-10-16,,,,,,81.02791666666667,23.990416666666665,,0.15791666666666668,15.208333333333334,0.0,13,N1 - Boa
2018-10-17,,,,,,81.64916666666666,26.049583333333334,,0.27708333333333335,18.541666666666668,0.6,17,N1 - Boa
2018-10-18,,,,,,81.38875,27.2,,0.45625,20.38888888888889,0.0,18,N1 - Boa
2018-10-19,,,,,,82.83749999999999,25.7325,,0.21333333333333335,18.142857142857142,5.2,16,N1 - Boa
2018-10-20,,,,,,59.79458333333333,24.59,,0.05375,23.833333333333332,0.2,21,N1 - Boa
2018-10-21,,,,,,66.00791666666667,22.655,,0.0425,13.291666666666666,0.8,12,N1 - Boa
2018-10-22,,,,,,62.48208333333333,24.89125,,0.11666666666666668,20.958333333333332,0.0,19,N1 - Boa
2018-10-23,,,,,,67.30458333333333,26.41541666666667,,0.14181818181818182,30.791666666666668,0.0,28,N1 - Boa
2018-10-24,,,,,,81.99166666666666,25.407916666666665,,,33.541666666666664,4.4,30,N1 - Boa
2018-10-25,,,,,,95.32041666666667,23.5775,,,17.375,8.200000000000001,15,N1 - Boa
2018-10-26,,,,,,87.51708333333333,24.408749999999998,29.786666666666665,0.515,14.25,0.0,12,N1 - Boa
2018-10-27,,,,,,75.78416666666666,27.453333333333333,47.65958333333333,0.3095833333333333,14.208333333333334,2.6,35,N1 - Boa
2018-10-28,,,,,,67.14458333333333,24.40833333333333,71.77166666666666,0.009583333333333334,20.125,1.6,30,N1 - Boa
2018-10-29,,,,,,74.79875,22.48375,38.705416666666665,0.08625,21.166666666666668,0.4,26,N1 - Boa
2018-10-30,,,,,,71.01,25.194999999999997,39.60333333333333,0.15541666666666668,26.5,0.0,23,N1 - Boa
2018-10-31,,,,,,71.11874999999999,27.839583333333334,30.22875,0.23958333333333334,27.708333333333332,0.0,25,N1 - Boa
2018-11-01,,,,,,67.21833333333333,28.590416666666666,30.426666666666666,0.3333333333333333,37.166666666666664,0.0,33,N1 - Boa
2018-11-02,,,,,,80.68291666666667,25.555833333333336,63.635,0.131,18.75,0.8,33,N1 - Boa
2018-11-03,,,,,,66.315,29.644166666666667,57.88125,,25.541666666666668,0.0,40,N1 - Boa
2018-11-04,,,,,,80.18958333333333,26.30666666666667,67.92625,,13.75,8.399999999999999,30,N1 - Boa
2018-11-05,,,,,,79.48791666666666,22.997500000000002,36.10125,,25.333333333333332,5.4,28,N1 - Boa
2018-11-06,,,,,,78.79333333333334,24.10291666666667,33.50875,,20.208333333333332,0.0,22,N1 - Boa
2018-11-07,,,,,,84.42708333333333,25.24208333333333,26.56833333333333,,16.708333333333332,50.0,15,N1 - Boa
2018-11-08,,,,,,98.22333333333334,22.353333333333335,18.435,,5.333333333333333,44.599999999999994,16,N1 - Boa
2018-11-09,,,,,,92.21166666666666,22.56375,20.766000000000002,,13.125,6.4,12,N1 - Boa
2018-11-10,,,,,,79.19,25.703333333333333,,,,0.0,,
2018-11-11,,,,,,73.25166666666667,27.422916666666666,,,,0.0,,
2018-11-12,,,,,,73.46458333333334,27.98625,24.353,,21.444444444444443,0.0,19,N1 - Boa
2018-11-13,,,,,,71.12375,28.60666666666667,23.787916666666664,,28.1,0.0,25,N1 - Boa
2018-11-14,,,,,,63.2525,31.30458333333333,22.52333333333333,,24.708333333333332,0.0,22,N1 - Boa
2018-11-15,,,,,,60.38083333333333,31.43375,64.43375,,23.458333333333332,0.0,60,N2 - Moderada
2018-11-16,,,,,,84.9725,25.989166666666666,63.29666666666666,,28.625,5.6000000000000005,32,N1 - Boa
2018-11-17,,,,,,72.43416666666667,26.060833333333335,,,28.958333333333332,0.0,26,N1 - Boa
2018-11-18,,,,,,61.14875,30.341250000000002,,,20.291666666666668,0.0,18,N1 - Boa
2018-11-19,,,,,,84.56,24.974166666666665,,,14.041666666666666,25.0,12,N1 - Boa
2018-11-20,,,,,,92.87583333333333,20.3825,,,14.958333333333334,14.200000000000001,13,N1 - Boa
2018-11-21,,,,,,85.89625000000001,22.839583333333334,,,29.791666666666668,0.2,27,N1 - Boa
2018-11-22,,,,,,73.14874999999999,27.592916666666667,,,39.541666666666664,0.0,36,N1 - Boa
2018-11-23,,,,,,56.70458333333334,30.402916666666666,,,32.416666666666664,0.0,28,N1 - Boa
2018-11-24,,,,,,59.41458333333333,29.362916666666667,,,25.75,0.0,23,N1 - Boa
2018-11-25,,,,,,58.07833333333334,29.829166666666666,,,19.958333333333332,0.0,18,N1 - Boa
2018-11-26,,,,,,87.45458333333333,24.719583333333333,,,21.541666666666668,24.4,20,N1 - Boa
2018-11-27,,,,,,83.22916666666667,24.939999999999998,,,30.333333333333332,2.2,27,N1 - Boa
2018-11-28,,,,,,80.36333333333333,26.172916666666666,,,28.375,0.0,25,N1 - Boa
2018-11-29,,,,,,70.62916666666666,27.67833333333333,,,29.166666666666668,0.0,26,N1 - Boa
2018-11-30,,,,,,67.1525,29.604166666666668,,,50.625,0.0,45,N2 - Moderada
2018-12-01,,,,,,66.79416666666667,28.489583333333332,,,20.833333333333332,0.2,19,N1 - Boa
2018-12-02,,,,,,71.41708333333334,27.82625,,,14.770833333333334,0.0,13,N1 - Boa
2018-12-03,,,,,,76.40583333333333,25.79625,,,16.083333333333332,0.2,14,N1 - Boa
2018-12-04,,,,,,82.385,24.666,,,15.1,0.0,13,N1 - Boa
2018-12-05,,,,,,67.295,29.415833333333335,,,33.5,0.6000000000000001,30,N1 - Boa
2018-12-06,,,,,,70.52416666666666,27.47791666666667,,,22.5,0.0,20,N1 - Boa
2018-12-07,,,,,,87.65208333333334,23.477083333333336,,,26.666666666666668,20.2,24,N1 - Boa
2018-12-08,,,,,,83.79375,21.955,,,14.333333333333334,14.400000000000002,12,N1 - Boa
2018-12-09,,,,,,67.56875000000001,24.655,,,21.041666666666668,0.0,19,N1 - Boa
2018-12-10,,,,,,64.63416666666667,27.459999999999997,,,24.833333333333332,0.0,22,N1 - Boa
2018-12-11,,,,,,61.29291666666666,29.387083333333333,,,27.083333333333332,0.0,24,N1 - Boa
2018-12-12,,,,,,62.65,30.995,,0.5954166666666666,40.333333333333336,0.0,36,N1 - Boa
2018-12-13,,,,,,62.022083333333335,31.5275,,0.7075,45.083333333333336,0.0,40,N1 - Boa
2018-12-14,,,,,,58.3675,31.155833333333334,,0.7270833333333333,37.208333333333336,0.0,33,N1 - Boa
2018-12-15,,,,,,66.71791666666667,31.11125,,0.755,42.0,0.0,37,N1 - Boa
2018-12-16,,,,,,69.69875,30.439999999999998,,0.56375,24.125,0.0,21,N1 - Boa
2018-12-17,,,,,,66.07083333333334,31.045833333333334,,0.5491666666666667,34.375,0.0,30,N1 - Boa
2018-12-18,,,,,,59.01083333333333,31.799166666666665,,0.3804166666666667,32.125,0.0,28,N1 - Boa
2018-12-19,,,,,,70.09083333333334,30.727500000000003,,0.31916666666666665,32.625,0.0,29,N1 - Boa
2018-12-20,,,,,,71.645,30.397499999999997,,0.30291666666666667,41.791666666666664,0.0,37,N1 - Boa
2018-12-21,,,,,,72.36125,30.27541666666667,23.276,0.49666666666666665,68.33333333333333,0.0,57,N2 - Moderada
2018-12-22,,,,,,69.65416666666667,30.911666666666665,52.00875,0.335,48.083333333333336,0.0,44,N2 - Moderada
2018-12-23,,,,,,73.2525,30.422916666666666,47.32083333333333,0.23958333333333334,35.916666666666664,2.6,32,N1 - Boa
2018-12-24,,,,,,90.34333333333332,26.673333333333332,27.645,0.20083333333333334,23.0,56.199999999999996,22,N1 - Boa
2018-12-25,,,,,,84.88250000000001,26.07041666666667,22.626666666666665,0.12458333333333334,15.166666666666666,1.2,15,N1 - Boa
2018-12-26,,,,,,82.59583333333333,25.872500000000002,11.380714285714285,0.2960416666666667,16.041666666666668,0.0,14,N1 - Boa
2018-12-27,,,,,,79.7,26.278750000000002,22.821,0.4275,14.791666666666666,0.0,13,N1 - Boa
2018-12-28,,,,,,78.72541666666667,27.667083333333334,37.05041666666667,0.41250000000000003,13.583333333333334,0.0,23,N1 - Boa
2018-12-29,,,,,,77.84875,28.675416666666667,58.96208333333333,0.43916666666666665,19.791666666666668,0.0,39,N1 - Boa
2018-12-30,,,,,,77.11541666666666,28.839583333333334,59.56458333333333,0.3925,14.75,0.0,33,N1 - Boa
2018-12-31,,,,,,77.61125,28.9575,73.18291666666667,0.44916666666666666,19.833333333333332,0.0,57,N2 - Moderada
