data,no,no2,so2,pm2_5,nox,ur,temp,o3,co,pm10,chuva
2012-01-01,4.048333333333333,32.074999999999996,1.25,14.391666666666666,36.115,93.01541666666667,25.954583333333332,16.85375,0.56125,20.008333333333333,52.400000000000006
2012-01-02,22.393333333333334,46.609166666666674,1.7016666666666669,4.1499999999999995,68.99958333333333,97.52583333333332,22.710833333333337,7.199166666666667,0.49124999999999996,10.450000000000001,85.20000000000002
2012-01-03,22.1575,48.23,3.0795833333333333,5.916666666666667,70.38958333333333,72.04416666666667,25.73,14.349583333333335,0.37041666666666667,21.833333333333332,0.0
2012-01-04,26.124583333333334,54.51791666666667,4.853333333333333,14.4375,80.64458333333333,70.1025,27.11208333333333,19.756666666666664,0.4595833333333333,38.958333333333336,0.0
2012-01-05,8.1,43.687083333333334,4.30375,10.708333333333334,51.78916666666667,71.31833333333334,27.807083333333335,33.77333333333333,0.33083333333333337,27.5,0.0
2012-01-06,13.224166666666667,46.39791666666667,3.8495833333333334,8.4375,59.61083333333334,75.73,27.747500000000002,29.531666666666666,0.44458333333333333,20.541666666666668,8.8
2012-01-07,18.321666666666665,47.193333333333335,2.3408333333333333,8.75,65.51166666666667,68.45583333333333,28.641666666666666,28.996666666666666,0.5504166666666667,23.666666666666668,0.6000000000000001
2012-01-08,5.385000000000001,46.598749999999995,3.7870833333333334,14.3125,51.98500000000001,81.10458333333334,26.642916666666665,30.27541666666667,0.5158333333333334,26.6875,20.8
2012-01-09,6.88375,38.72708333333333,1.9416666666666667,5.791666666666667,45.60958333333334,82.88333333333334,25.777083333333334,12.895833333333334,0.34874999999999995,13.25,0.0
2012-01-10,17.4075,45.69208333333333,2.0908333333333333,7.854166666666667,63.10791666666666,82.39416666666666,26.20375,11.860416666666666,0.4691666666666667,21.145833333333332,5.199999999999999
2012-01-11,14.583125,44.922083333333326,3.247916666666667,7.208333333333333,59.50333333333333,78.74666666666667,27.03708333333333,3.8397916666666667,0.4166666666666667,21.458333333333332,0.0
2012-01-12,16.230416666666667,45.42625,6.7075,6.208333333333333,61.654583333333335,68.45583333333333,28.84583333333333,2.9037500000000005,0.39208333333333334,24.979166666666668,0.0
2012-01-13,24.749583333333334,50.712916666666665,6.108333333333333,8.645833333333334,75.46166666666666,65.27,29.929999999999996,1.1989583333333333,0.48208333333333336,29.3125,12.8
2012-01-14,36.199999999999996,45.90166666666667,4.454583333333333,12.041666666666666,82.10333333333334,51.82708333333333,32.84083333333333,30.85291666666667,0.6179166666666667,32.541666666666664,1.6
2012-01-15,13.062083333333334,41.21875,1.2079166666666665,9.208333333333334,54.27708333333334,61.84916666666666,31.10291666666667,34.04708333333333,0.5425,22.666666666666668,39.599999999999994
2012-01-16,17.236666666666668,62.97458333333333,13.375416666666666,15.166666666666666,80.20875,84.10458333333334,27.280833333333334,52.05916666666667,0.52,31.8125,30.4
2012-01-17,18.875416666666666,57.038333333333334,9.95875,23.958333333333332,75.91375000000001,75.08583333333333,28.803749999999997,69.98166666666667,0.5558333333333333,46.041666666666664,0.0
2012-01-18,12.43875,56.434583333333336,2.7275000000000005,19.375,68.87375,71.48375,28.982499999999998,63.81729166666667,0.49,42.416666666666664,0.0
2012-01-19,8.05125,49.826249999999995,4.057916666666666,19.479166666666668,57.86958333333333,74.34208333333333,28.5425,76.33916666666667,0.4395833333333334,41.875,79.6
2012-01-20,9.037916666666666,57.053333333333335,6.82125,19.708333333333332,66.07625,71.46083333333333,29.137083333333333,67.3475,0.5,39.291666666666664,0.0
2012-01-21,6.41875,38.03875,7.41,11.291666666666666,44.45791666666667,64.3975,30.314166666666665,69.77291666666666,0.37916666666666665,31.708333333333332,0.0
2012-01-22,3.7237500000000003,30.300833333333333,3.89125,7.0,34.02333333333333,62.85333333333333,30.58666666666667,69.23583333333333,0.2916666666666667,24.354166666666668,0.0
2012-01-23,12.217916666666667,37.875416666666666,4.465,9.208333333333334,50.09458333333333,59.876666666666665,31.351250000000004,62.45249999999999,0.3225,32.291666666666664,0.0
2012-01-24,13.909583333333332,36.847500000000004,2.3120833333333333,8.083333333333334,50.76166666666666,53.935,32.225833333333334,43.25083333333333,0.34166666666666673,27.205882352941178,0.0
2012-01-25,16.595833333333335,40.584583333333335,1.265,6.208333333333333,57.182916666666664,47.8775,33.36666666666667,29.635833333333334,0.35958333333333337,29.22222222222222,0.0
2012-01-26,11.950625,44.29750000000001,1.4058333333333335,11.833333333333334,56.23645833333333,67.21958333333333,29.532916666666665,49.0725,0.4510416666666666,37.520833333333336,12.8
2012-01-27,18.069583333333334,44.354166666666664,0.0,4.083333333333333,62.425000000000004,90.76125,23.393333333333334,23.338333333333335,0.51125,12.229166666666666,24.4
2012-01-28,13.825416666666667,49.428333333333335,0.01625,7.208333333333333,63.25208333333333,91.29583333333333,22.467916666666667,30.710416666666664,0.5254166666666666,16.75,24.8
2012-01-29,15.46625,37.44375,0.043750000000000004,4.854166666666667,52.910833333333336,91.72250000000001,22.709166666666665,16.999166666666667,0.5191666666666667,12.520833333333334,56.800000000000004
2012-01-30,35.13625,48.65416666666667,0.4070833333333333,10.041666666666666,83.78958333333334,81.22541666666667,25.03,24.20625,0.5529166666666666,27.791666666666668,0.0
2012-01-31,33.344166666666666,61.528333333333336,1.0754166666666667,12.645833333333334,94.87458333333335,82.99083333333333,25.802916666666665,22.680000000000003,0.5475,29.916666666666668,2.6
2012-02-01,25.582083333333333,47.73041666666666,5.150833333333334,8.958333333333334,73.31458333333333,66.4375,29.569999999999997,41.4825,0.4466666666666667,26.791666666666668,0.0
2012-02-02,9.584999999999999,34.153749999999995,2.8004166666666666,4.333333333333333,43.73916666666667,61.38666666666666,30.554166666666664,47.725833333333334,0.30375,23.25,0.0
2012-02-03,8.99875,31.699583333333333,7.736666666666667,4.125,40.70041666666667,59.53,30.624583333333334,46.00125,0.32583333333333336,23.5625,0.0
2012-02-04,5.995833333333334,32.68833333333333,4.4825,3.8333333333333335,38.68458333333333,57.57541666666666,30.75125,59.745000000000005,0.34791666666666665,23.541666666666668,0.0
2012-02-05,3.544583333333333,28.1775,0.8375,2.8333333333333335,31.721666666666668,57.25875,31.47791666666667,54.50416666666666,0.3354166666666667,19.416666666666668,0.0
2012-02-06,14.121250000000002,48.885,2.1766666666666667,7.791666666666667,63.00125,53.509166666666665,32.91375,52.27,0.3875,30.416666666666668,0.0
2012-02-07,18.673750000000002,82.5325,3.3629166666666666,25.166666666666668,101.20666666666666,52.47375,32.81583333333334,101.69166666666666,0.7125,61.1875,0.4
2012-02-08,14.697708333333333,81.29270833333334,5.513958333333334,33.770833333333336,95.99333333333334,53.508541666666666,31.733333333333334,85.97854166666667,0.738125,71.08333333333333,0.0
2012-02-09,20.625416666666666,83.56916666666666,9.1525,35.979166666666664,104.18083333333334,59.094166666666666,31.61708333333333,104.18708333333335,0.7799999999999999,76.4375,0.0
2012-02-10,12.463958333333332,62.39291666666667,6.763749999999999,25.5625,74.85395833333332,64.55375,31.109791666666666,73.05833333333332,0.6754166666666667,58.375,0.0
2012-02-11,6.402916666666667,50.83958333333334,0.0,20.333333333333332,57.24458333333333,76.08208333333333,29.136666666666667,54.21458333333334,0.64,38.625,39.199999999999996
2012-02-12,4.546666666666667,41.36333333333334,0.4454166666666666,11.708333333333334,45.909166666666664,83.93041666666666,27.65125,68.07791666666667,0.5283333333333333,18.833333333333332,24.799999999999997
2012-02-13,8.554583333333333,43.911249999999995,0.7866666666666666,7.020833333333333,52.46125,71.56625000000001,29.480416666666667,56.53458333333333,0.4170833333333333,22.520833333333332,0.0
2012-02-14,8.753333333333334,28.295833333333334,0.12125000000000001,3.1875,37.04125,63.21541666666667,30.34875,40.181666666666665,0.25416666666666665,19.1875,0.0
2012-02-15,7.6745833333333335,26.719166666666666,0.0,3.3333333333333335,34.39541666666667,62.709583333333335,29.98375,37.32875,0.32458333333333333,18.520833333333332,0.0
2012-02-16,8.4675,25.46666666666667,0.0,2.9791666666666665,33.933749999999996,66.79166666666667,29.236666666666665,30.874166666666667,0.25166666666666665,20.875,0.0
2012-02-17,5.636666666666667,24.739166666666666,1.3889583333333333,3.75,30.374166666666667,64.87125,29.772499999999997,40.956250000000004,0.305,22.9375,0.0
2012-02-18,3.7745833333333336,24.86583333333333,6.3475,3.7916666666666665,28.640416666666667,59.80916666666667,30.55125,50.20166666666666,0.30125,19.833333333333332,0.0
2012-02-19,3.046666666666667,23.251666666666665,8.772499999999999,3.1666666666666665,26.28625,58.23499999999999,31.235833333333332,49.72875,0.3066666666666667,16.833333333333332,0.0
2012-02-20,4.185,25.564166666666665,11.417083333333332,5.229166666666667,29.744583333333335,58.76208333333333,30.914166666666663,55.0,0.30041666666666667,21.020833333333332,0.0
2012-02-21,4.230416666666667,26.43375,8.022083333333333,3.8541666666666665,30.664583333333336,53.441875,30.77916666666667,35.33833333333333,0.2808333333333333,16.125,0.0
2012-02-22,20.5,44.645,13.642916666666666,9.791666666666666,65.14041666666667,59.357499999999995,31.17375,36.97416666666667,0.5533333333333333,29.458333333333332,50.400000000000006
2012-02-23,23.439999999999998,54.379999999999995,6.117916666666667,12.916666666666666,77.81666666666666,58.076249999999995,31.64916666666667,53.727916666666665,0.5408333333333334,33.708333333333336,0.0
2012-02-24,6.735,50.474583333333335,3.608333333333333,15.666666666666666,57.211666666666666,60.07208333333333,30.829166666666666,74.43166666666666,0.5104166666666666,36.75,0.0
2012-02-25,6.259583333333334,44.4,10.091041666666667,19.895833333333332,50.66166666666667,62.321666666666665,31.56375,94.976875,0.485625,45.395833333333336,0.0
2012-02-26,5.454166666666667,36.66916666666666,5.86625,8.625,42.123333333333335,47.45208333333333,33.654583333333335,47.21208333333333,0.40166666666666667,29.125,0.0
2012-02-27,9.320416666666667,50.04333333333333,4.244166666666667,14.125,59.38083333333333,60.786249999999995,31.66458333333333,63.803333333333335,0.49666666666666665,40.208333333333336,0.0
2012-02-28,4.9035416666666665,45.373124999999995,7.199166666666667,17.666666666666668,50.26229166666667,60.26541666666666,31.910208333333333,75.54645833333333,0.43291666666666667,43.625,0.2
2012-02-29,9.934583333333334,49.90833333333333,12.559583333333334,12.5625,59.845416666666665,53.155,32.385,64.50625000000001,0.46625,39.520833333333336,0.2
2012-03-01,20.589166666666667,70.42541666666666,8.868125000000001,20.541666666666668,91.01333333333334,50.77104166666666,32.753750000000004,82.95270833333333,0.7247916666666666,58.583333333333336,0.0
2012-03-02,11.915416666666667,77.47875,16.717916666666667,34.0625,89.39291666666666,53.475,32.235416666666666,97.3625,0.7854166666666668,72.0625,0.0
2012-03-03,3.8241666666666667,32.32833333333333,1.9433333333333334,8.958333333333334,36.14875,69.59291666666667,29.8925,75.24875,0.5170833333333333,29.375,0.0
2012-03-04,6.065833333333334,31.72083333333333,1.64875,1.7916666666666667,37.78791666666667,84.05041666666666,27.538749999999997,33.047916666666666,0.5599999999999999,13.25,3.2
2012-03-05,15.024791666666665,47.549375,3.7770833333333336,13.833333333333334,62.581250000000004,68.29916666666666,29.54625,53.56666666666667,0.4635416666666667,30.5,0.0
2012-03-06,7.855416666666667,32.96125,4.724583333333333,4.791666666666667,40.82125,66.43958333333333,29.482083333333335,39.53,0.33958333333333335,19.083333333333332,0.0
2012-03-07,10.96875,34.045,3.5729166666666665,5.645833333333333,45.01166666666666,67.83333333333333,28.967916666666667,36.843333333333334,0.31124999999999997,20.791666666666668,0.0
2012-03-08,11.3925,37.257083333333334,4.284583333333333,5.791666666666667,48.649166666666666,64.66041666666666,29.228333333333335,49.83916666666667,0.35541666666666666,25.708333333333332,0.0
2012-03-09,6.586666666666667,45.85041666666667,4.0720833333333335,9.583333333333334,52.43625,61.43,29.797083333333333,57.711666666666666,0.35874999999999996,27.625,0.0
2012-03-10,3.327083333333333,35.867916666666666,5.652291666666667,9.25,39.193333333333335,62.359166666666674,29.31958333333333,65.33541666666666,0.3466666666666667,24.958333333333332,0.0
2012-03-11,5.557916666666666,44.13791666666666,8.747916666666667,12.75,49.697916666666664,60.555,29.47375,65.49416666666666,0.5066666666666667,31.166666666666668,0.2
2012-03-12,20.94875,65.905,6.4558333333333335,20.625,86.85416666666667,71.75,28.772916666666664,55.23,0.7020833333333334,38.916666666666664,0.2
2012-03-13,23.21875,64.7475,6.91,18.020833333333332,87.96125,69.14375,29.30333333333333,54.13791666666666,0.585,35.3125,0.0
2012-03-14,21.359583333333333,62.538333333333334,5.796250000000001,14.041666666666666,83.90125,68.73125,30.133750000000003,30.695833333333336,0.5808333333333333,35.208333333333336,0.4
2012-03-15,30.428749999999997,61.14625,3.60125,16.5,91.57333333333334,71.02041666666666,29.936666666666667,49.612500000000004,0.6591666666666667,36.75,2.4
2012-03-16,15.019583333333335,55.34041666666667,1.4958333333333333,11.708333333333334,70.35583333333334,87.08625,25.91333333333333,36.37375,0.6054166666666666,23.729166666666668,2.8
2012-03-17,17.342916666666667,41.9125,2.31875,7.666666666666667,59.251666666666665,77.93041666666666,26.57166666666667,17.716666666666665,0.5179166666666667,25.416666666666668,0.0
2012-03-18,9.001666666666667,33.86708333333333,3.376666666666667,3.6458333333333335,42.86375,73.43958333333333,26.053749999999997,25.536666666666665,0.4058333333333333,18.583333333333332,0.2
2012-03-19,15.561666666666667,48.72708333333333,3.987083333333333,6.520833333333333,64.28708333333333,68.48833333333333,27.205,20.265416666666667,0.37625,25.458333333333332,0.0
2012-03-20,23.687083333333334,51.92625,4.235416666666667,8.0625,75.61625,64.71208333333333,28.60375,28.12625,0.375,28.6875,0.0
2012-03-21,34.24125,69.99875,11.104583333333332,14.5,104.23291666666667,62.354166666666664,30.325833333333335,49.77291666666667,0.5233333333333333,40.4375,0.0
2012-03-22,23.138333333333335,72.2,5.377916666666667,13.791666666666666,95.33291666666668,63.200208333333336,31.26354166666667,44.665416666666665,0.4629166666666667,39.583333333333336,13.0
2012-03-23,15.747083333333334,74.39166666666667,4.5675,12.479166666666666,90.13458333333334,81.3325,27.802916666666665,56.01125,0.6166666666666667,27.4375,11.4
2012-03-24,10.470416666666667,64.77083333333333,5.779166666666666,13.333333333333334,75.23916666666666,84.25333333333333,27.743750000000002,61.81916666666667,0.5958333333333333,22.916666666666668,10.0
2012-03-25,8.690416666666666,56.45291666666666,3.73375,14.104166666666666,65.14583333333333,77.94291666666668,28.868750000000002,59.9675,0.5791666666666667,23.354166666666668,0.0
2012-03-26,21.680000000000003,77.49041666666666,3.549791666666667,17.645833333333332,99.17291666666667,72.87041666666667,30.645,57.935,0.6525,37.208333333333336,0.0
2012-03-27,33.12375,76.35166666666667,3.9858333333333333,21.291666666666668,109.47291666666666,70.61958333333332,30.70125,37.95458333333333,0.6133333333333334,46.833333333333336,0.0
2012-03-28,10.995416666666666,49.35791666666666,1.19375,11.0,60.35166666666667,85.29541666666667,25.912916666666664,43.58708333333333,0.43250000000000005,23.125,5.0
2012-03-29,19.502916666666668,56.75083333333333,2.4429166666666666,5.0625,76.25083333333333,85.07791666666667,24.032916666666665,21.1125,0.39875,13.916666666666666,7.4
2012-03-30,47.17958333333333,69.25708333333334,4.5175,12.958333333333334,116.43208333333332,75.425,27.02625,26.74625,0.65625,33.75,0.0
2012-03-31,20.35,55.75375,1.1991666666666667,8.291666666666666,76.09583333333333,76.57166666666667,27.205416666666668,23.788749999999997,0.6208333333333333,23.666666666666668,1.0
2012-04-01,16.007916666666667,45.87708333333333,0.8191666666666667,8.166666666666666,61.88458333333333,74.46541666666667,26.949166666666667,41.137499999999996,0.50125,23.375,0.0
2012-04-02,15.309166666666668,54.590833333333336,2.2516666666666665,7.583333333333333,69.89874999999999,70.68208333333332,28.448333333333334,42.649166666666666,0.4375,23.791666666666668,0.0
2012-04-03,17.921666666666667,76.96416666666667,9.7825,21.791666666666668,94.87208333333332,72.40291666666667,29.029583333333335,49.23208333333333,0.5266666666666667,45.083333333333336,0.0
2012-04-04,15.844791666666666,63.687916666666666,6.925,12.25,79.53395833333333,68.83875,29.976666666666663,41.92875,0.5008333333333334,35.479166666666664,11.0
2012-04-05,24.686666666666667,73.16833333333334,4.65375,14.916666666666666,97.85708333333334,72.77270833333334,29.2675,46.38666666666666,0.6520833333333333,33.291666666666664,5.9
2012-04-06,13.263333333333334,49.338750000000005,2.40875,11.333333333333334,62.607499999999995,72.62166666666667,28.89625,46.51583333333334,0.5729166666666666,30.708333333333332,0.0
2012-04-07,5.352916666666666,41.935833333333335,2.0079166666666666,8.333333333333334,47.29291666666666,78.27,27.739583333333332,51.71041666666667,0.48041666666666666,24.166666666666668,0.0
2012-04-08,5.39375,37.51916666666667,2.3008333333333333,8.375,42.91458333333333,71.50083333333333,29.289166666666663,57.82458333333333,0.465,22.958333333333332,0.0
2012-04-09,23.407083333333333,63.26458333333333,3.7229166666666664,15.291666666666666,86.67083333333333,83.52791666666667,27.027083333333334,32.82416666666666,0.6341666666666667,32.083333333333336,4.4
2012-04-10,35.893750000000004,50.95416666666667,3.46875,8.791666666666666,86.84333333333335,78.34291666666667,27.47583333333333,25.653750000000002,0.48125,25.25,0.0
2012-04-11,12.656666666666666,46.91916666666666,5.3325000000000005,6.416666666666667,59.57749999999999,73.7275,28.68875,43.350833333333334,0.38166666666666665,22.541666666666668,0.0
2012-04-12,10.6925,41.889583333333334,7.267500000000001,4.375,52.5825,69.06791666666668,29.71625,35.12291666666667,0.3429166666666667,21.375,0.0
2012-04-13,21.09,52.53125,4.741666666666666,9.625,73.62291666666667,69.76916666666666,29.715416666666666,35.71666666666667,0.5375,30.916666666666668,0.0
2012-04-14,9.419166666666667,76.315,13.022916666666667,34.291666666666664,85.73583333333333,70.27291666666666,30.30125,84.22041666666667,0.7770833333333332,61.958333333333336,0.0
2012-04-15,10.41625,59.06833333333333,5.694583333333333,34.75,69.48375,69.83125,30.494583333333335,47.666666666666664,0.6854166666666667,61.916666666666664,0.2
2012-04-16,34.27583333333333,51.020833333333336,1.5541666666666665,8.625,85.29833333333333,86.27958333333333,25.076666666666668,14.642083333333334,0.58,21.958333333333332,4.2
2012-04-17,43.218333333333334,50.365,3.597916666666667,10.875,93.58666666666666,75.20166666666667,25.965416666666666,21.56041666666667,0.49291666666666667,31.583333333333332,0.0
2012-04-18,43.73583333333334,46.815,3.0391666666666666,10.458333333333334,90.544375,68.45,26.825833333333335,29.661666666666665,0.5572916666666666,29.583333333333332,0.0
2012-04-19,15.97375,41.873333333333335,0.15875,6.333333333333333,57.836666666666666,66.84583333333333,27.02916666666667,35.916666666666664,0.32583333333333336,25.166666666666668,0.1
2012-04-20,24.274583333333336,72.79895833333333,7.102857142857142,18.145833333333332,97.07687499999999,66.71583333333334,27.58583333333333,46.2775,0.6425,46.895833333333336,0.0
2012-04-21,17.94125,74.71375,4.730833333333334,26.458333333333332,92.64875,80.38,26.620416666666667,30.257500000000004,0.875,55.8125,1.7999999999999998
2012-04-22,17.479583333333334,44.0525,0.5745833333333333,9.791666666666666,61.53,89.755,24.442916666666665,17.294583333333332,0.6862499999999999,21.416666666666668,1.6
2012-04-23,21.184166666666666,41.99,4.199791666666667,11.625,63.17249999999999,81.93416666666667,24.841250000000002,23.06833333333333,0.54,25.166666666666668,1.0
2012-04-24,29.2175,52.593333333333334,6.78,15.791666666666666,81.81458333333333,78.17833333333333,25.976249999999997,28.352083333333336,0.50625,32.0,0.0
2012-04-25,27.47375,60.74458333333334,7.444583333333333,13.125,88.21958333333333,72.6875,27.595,34.37583333333333,0.5645833333333333,37.041666666666664,0.0
2012-04-26,39.437083333333334,62.40958333333333,7.276666666666666,19.979166666666668,101.84750000000001,70.41958333333334,29.080833333333334,12.814166666666667,0.7383333333333333,50.583333333333336,0.0
2012-04-27,37.374583333333334,50.23541666666667,4.42,10.083333333333334,87.60875,76.16875,27.587500000000002,20.425,0.6575,29.541666666666668,0.6000000000000001
2012-04-28,8.855416666666667,44.84125,2.27,6.625,53.69291666666666,75.43625,26.155833333333334,27.07875,0.4658333333333333,24.916666666666668,0.0
2012-04-29,19.0775,45.09041666666667,2.651875,6.458333333333333,64.165,79.31458333333333,25.307916666666667,12.0375,0.6445833333333334,20.833333333333332,5.6000000000000005
2012-04-30,37.27625,50.06791666666667,0.16166666666666665,7.416666666666667,87.34041666666667,95.250625,22.812916666666666,6.274166666666667,0.6875,14.916666666666666,32.6
2012-05-01,25.7,46.344166666666666,1.2329166666666667,10.285714285714286,72.04375,91.31583333333333,20.39125,15.406666666666666,0.59,16.270833333333332,13.6
2012-05-02,50.25958333333333,46.775,2.861041666666667,9.208333333333334,97.03583333333334,74.67583333333333,22.580416666666665,17.50166666666667,0.61125,27.791666666666668,0.6
2012-05-03,27.51833333333333,46.19375,0.9122916666666666,5.055555555555555,73.70916666666666,79.6875,24.03,20.135,0.5385416666666667,18.291666666666668,0.2
2012-05-04,9.002083333333333,38.031666666666666,1.3064583333333333,2.4583333333333335,47.040416666666665,78.08041666666666,25.02416666666667,27.36916666666667,0.31,16.208333333333332,0.4
2012-05-05,34.777499999999996,42.33875,2.015625,7.166666666666667,77.11458333333333,75.2325,25.57041666666667,29.6125,0.5845833333333333,25.125,0.0
2012-05-06,26.60291666666667,36.80916666666666,2.8679166666666664,6.208333333333333,63.41458333333333,69.67416666666666,26.145833333333332,34.949999999999996,0.5695833333333333,24.166666666666668,0.0
2012-05-07,30.619583333333335,47.47125,4.3722916666666665,8.083333333333334,78.09,72.86333333333333,25.005,19.478333333333335,0.44083333333333335,27.791666666666668,0.0
2012-05-08,30.809583333333336,48.66375,2.668958333333333,8.25,79.46708333333333,82.47833333333334,23.674583333333334,10.508750000000001,0.5383333333333333,27.166666666666668,7.8
2012-05-09,40.91708333333333,52.20666666666667,3.951041666666667,10.125,93.12,75.82333333333334,24.894583333333333,26.1425,0.5620833333333334,36.0,0.0
2012-05-10,48.69875,64.64666666666666,3.1771052631578947,15.270833333333334,113.34666666666668,70.83874999999999,26.1925,30.56958333333333,0.6,42.041666666666664,0.0
2012-05-11,41.158750000000005,77.30833333333334,6.104375,26.916666666666668,118.47000000000001,67.1675,28.26833333333333,24.933333333333334,0.7591666666666667,65.0,0.0
2012-05-12,34.02375,68.95166666666667,6.844583333333333,23.25,102.98125,62.68208333333333,28.187916666666666,20.842499999999998,0.7866666666666666,56.958333333333336,0.0
2012-05-13,13.169583333333334,50.884166666666665,1.4454166666666666,12.229166666666666,64.05041666666666,85.7475,24.29875,20.105,0.7779166666666667,25.645833333333332,11.4
2012-05-14,21.813333333333333,54.74916666666667,1.8416666666666668,6.833333333333333,76.56833333333334,93.07666666666667,21.18875,10.999166666666667,0.47500000000000003,18.166666666666668,18.2
2012-05-15,19.495416666666667,56.44416666666667,1.733125,5.625,75.93458333333334,90.46208333333334,20.6725,9.369166666666667,0.465,13.041666666666666,4.2
2012-05-16,44.66291666666667,48.81979166666667,4.3966666666666665,7.854166666666667,93.48062499999999,83.35791666666667,22.232916666666668,14.774583333333334,0.5652083333333333,25.083333333333332,2.0
2012-05-17,21.20625,42.43666666666667,1.2814583333333334,2.25,63.64416666666667,80.2,22.9275,18.957083333333333,0.40125000000000005,15.833333333333334,4.0
2012-05-18,36.319583333333334,48.11354166666666,3.2089583333333334,7.458333333333333,84.431875,77.81770833333333,22.853958333333335,7.413157894736842,0.5572916666666666,30.645833333333332,0.0
2012-05-19,29.20125,35.65645833333333,1.0704166666666666,5.020833333333333,64.86083333333333,72.45416666666667,23.042708333333334,19.401041666666668,0.4452083333333334,27.0625,0.0
2012-05-20,18.675416666666667,32.51208333333333,1.8175,5.104166666666667,51.18875,66.42125,23.782916666666665,24.95125,0.4070833333333333,20.041666666666668,0.0
2012-05-21,45.87,49.11625,10.109583333333333,10.166666666666666,94.98583333333333,68.08333333333333,24.196250000000003,24.290833333333335,0.49125,33.833333333333336,0.0
2012-05-22,18.725833333333334,49.864583333333336,6.947916666666667,9.8125,68.59041666666667,70.55041666666666,24.25375,19.39875,0.3979166666666667,30.458333333333332,0.0
2012-05-23,17.227083333333333,49.90708333333333,2.893125,15.125,67.13041666666668,75.18333333333334,24.46875,16.515416666666667,0.3775,36.729166666666664,0.0
2012-05-24,34.21541666666666,56.91458333333333,4.0874999999999995,14.166666666666666,91.12541666666668,76.66291666666667,24.275833333333335,9.279583333333333,0.5241666666666667,40.083333333333336,0.0
2012-05-25,132.49166666666667,96.52916666666665,11.615833333333333,37.375,229.025,75.05291666666666,25.52333333333333,5.656666666666666,1.3995833333333334,82.75,0.0
2012-05-26,75.64041666666667,64.90083333333332,2.3108333333333335,28.9375,140.54708333333335,68.63916666666667,26.71083333333333,23.846666666666668,0.9366666666666666,63.270833333333336,6.800000000000001
2012-05-27,5.3133333333333335,52.40833333333333,24.817291666666666,28.625,57.72333333333333,76.84416666666667,25.35625,44.58291666666667,0.5708333333333333,45.5,0.0
2012-05-28,75.05916666666667,99.90916666666668,19.45375,52.291666666666664,174.97041666666667,74.73291666666667,26.3925,25.7825,1.0883333333333334,91.83333333333333,0.0
2012-05-29,64.52208333333333,100.95333333333333,8.303958333333332,43.4375,165.46541666666667,71.16875,27.991666666666664,25.1575,1.0775,81.1875,0.0
2012-05-30,70.95416666666667,97.57666666666667,8.763125,46.166666666666664,168.54020833333334,64.85000000000001,29.2175,13.594999999999999,1.0504166666666668,91.27083333333333,0.0
2012-05-31,43.68125,57.13,2.751041666666666,24.416666666666668,100.81,77.935,26.3925,14.945833333333333,0.5658333333333333,59.1875,0.2
2012-06-01,15.890833333333333,49.387499999999996,2.699375,11.875,65.26583333333333,79.59458333333333,25.88416666666667,15.580416666666666,0.4291666666666667,40.0,0.0
2012-06-02,10.5775,49.8775,2.750833333333333,10.625,60.45208333333333,79.95541666666666,26.529583333333335,24.555833333333336,0.5125000000000001,26.333333333333332,2.0
2012-06-03,46.595,56.879583333333336,3.5052083333333335,21.208333333333332,103.47625,67.73375,28.97125,15.982083333333334,1.0079166666666668,49.5,0.0
2012-06-04,83.49666666666667,71.30375,4.36,29.354166666666668,154.79833333333332,58.33583333333333,30.45125,15.863750000000001,0.96,65.0,0.0
2012-06-05,43.19583333333333,71.9725,5.575,22.125,115.16291666666666,68.92791666666666,28.54416666666667,13.566666666666668,0.8108333333333334,56.791666666666664,0.8
2012-06-06,23.715833333333332,51.26708333333334,1.6585416666666666,13.520833333333334,74.98208333333334,90.99166666666667,24.810833333333335,8.914583333333333,0.6254166666666666,30.333333333333332,9.600000000000001
2012-06-07,11.3225,35.68958333333333,0.16833333333333333,4.958333333333333,47.01,92.53041666666667,23.11125,15.492916666666666,0.5370833333333334,16.541666666666668,10.799999999999999
2012-06-08,27.179583333333337,48.68,1.9881250000000001,8.210526315789474,75.85916666666667,90.00583333333333,21.524583333333336,14.38,0.585,20.708333333333332,2.0
2012-06-09,16.011666666666667,42.47666666666667,1.3883333333333334,5.083333333333333,58.49055555555555,93.00526315789473,21.393157894736845,10.090833333333332,0.4675,16.875,1.6
2012-06-10,4.520833333333333,32.36,,2.0625,36.89666666666667,82.61125,22.9475,21.460416666666664,,10.958333333333334,0.0
2012-06-11,106.79916666666668,59.01500000000001,,13.270833333333334,165.81666666666666,83.013125,22.60625,5.548333333333333,,40.666666666666664,17.599999999999998
2012-06-12,86.07791666666667,58.690416666666664,,18.25,144.76125,82.09958333333334,23.448333333333334,12.654166666666667,0.621,44.125,0.0
2012-06-13,34.806666666666665,57.27291666666667,,16.916666666666668,92.085,78.95770833333333,25.133125000000003,16.187916666666666,0.589375,43.6875,0.0
2012-06-14,15.953333333333333,50.31833333333333,,11.645833333333334,66.26583333333333,74.04666666666667,25.935833333333335,22.760833333333334,0.44416666666666665,31.125,0.0
2012-06-15,28.36,64.55541666666666,,22.875,92.91125,76.35000000000001,25.637083333333333,22.590833333333336,0.6025,51.541666666666664,0.0
2012-06-16,42.94625,62.42416666666667,,26.75,105.36874999999999,67.71833333333333,26.575416666666666,17.859583333333333,0.5852631578947368,55.666666666666664,0.0
2012-06-17,26.39708333333333,50.37291666666667,,18.354166666666668,76.7725,72.36541666666666,24.934166666666666,1.155625,2.55,41.270833333333336,0.0
2012-06-18,61.629583333333336,70.44916666666667,,30.083333333333332,132.08124999999998,70.89541666666666,26.221666666666664,10.81409090909091,1.6866666666666668,66.91666666666667,0.0
2012-06-19,103.30666666666667,71.546875,1.11,35.541666666666664,174.843125,63.979166666666664,27.772499999999997,9.4975,1.003125,76.125,0.0
2012-06-20,58.61625,76.075,2.1904166666666667,40.8125,134.69208333333333,86.92875,24.690416666666668,3.015833333333333,1.01875,68.875,2.8000000000000003
2012-06-21,24.374347826086957,49.375652173913046,1.037391304347826,14.625,73.74826086956521,87.84727272727274,24.76575,10.306521739130435,0.5595652173913044,32.208333333333336,35.199999999999996
2012-06-22,37.211,51.309000000000005,1.5745,9.479166666666666,88.522,77.38428571428571,24.227166666666665,7.560555555555556,0.21176470588235294,26.0,24.4
2012-06-23,15.327916666666667,44.124583333333334,0.12083333333333335,7.270833333333333,59.4575,73.01958333333333,23.620833333333334,20.226666666666667,0.49291666666666667,27.416666666666668,0.6000000000000001
2012-06-24,40.485,39.66708333333333,0.4695833333333333,27.5625,80.14916666666666,79.89,23.468333333333334,22.160416666666666,0.9195833333333333,48.416666666666664,0.0
2012-06-25,45.82416666666666,50.74208333333333,1.6362500000000002,16.8125,96.56166666666667,80.29458333333334,23.38875,19.6625,0.6083333333333333,39.9375,0.0
2012-06-26,33.87708333333333,54.67416666666667,0.8991666666666666,16.458333333333332,88.5475,77.83708333333333,24.088333333333335,17.503125,0.5670833333333333,41.0,0.0
2012-06-27,43.678958333333334,50.80833333333334,2.316842105263158,14.1875,94.48875,74.05291666666666,23.976249999999997,20.485833333333336,0.5031249999999999,37.666666666666664,0.0
2012-06-28,84.24166666666666,74.26541666666667,8.105833333333333,24.583333333333332,158.50625,75.22583333333334,24.9525,10.985833333333334,0.9308333333333333,58.625,0.0
2012-06-29,67.9325,75.65208333333334,6.109166666666667,34.041666666666664,143.57708333333332,70.45708333333333,26.207916666666666,15.374583333333334,0.8925000000000001,70.66666666666667,0.0
2012-06-30,57.46125,74.28208333333333,5.545000000000001,34.416666666666664,131.74208333333334,71.54791666666667,26.452083333333334,21.27208333333333,0.9474999999999999,67.875,0.0
2012-07-01,68.18791666666667,71.33666666666666,8.719583333333334,60.208333333333336,139.52375,68.09375,26.934583333333332,34.025,1.3595833333333334,96.08333333333333,0.0
2012-07-02,74.40833333333333,83.53916666666667,8.2575,39.0625,157.94541666666666,67.65291666666667,27.51125,26.0525,1.0679166666666666,76.95833333333333,0.0
2012-07-03,87.67166666666667,77.80166666666666,4.5874999999999995,37.875,165.4625,62.668749999999996,27.506666666666664,19.449166666666667,0.93125,77.79166666666667,0.0
2012-07-04,49.44583333333333,59.935,5.915,20.166666666666668,109.37958333333334,60.64333333333334,26.50208333333333,16.91541666666667,0.5812499999999999,53.833333333333336,0.0
2012-07-05,70.41041666666666,63.805416666666666,8.324166666666667,19.166666666666668,134.21708333333333,62.56708333333333,26.325416666666666,17.485,0.7999999999999999,56.354166666666664,0.0
2012-07-06,66.78125,58.33375,3.110416666666667,22.729166666666668,125.11166666666666,60.54916666666667,26.770416666666666,13.136249999999999,0.8029166666666666,61.25,0.0
2012-07-07,109.18458333333332,59.123333333333335,5.184583333333333,35.3125,168.30499999999998,67.595,25.455416666666665,19.765,1.2833333333333334,75.3125,0.2
2012-07-08,16.425833333333333,43.82083333333333,0.6179166666666667,14.541666666666666,60.24208333333333,89.06833333333333,21.305416666666666,15.033333333333333,0.6320833333333333,30.083333333333332,11.6
2012-07-09,22.4075,51.38125,3.830833333333333,7.25,73.78833333333334,80.155,20.705833333333334,11.972916666666668,0.48041666666666666,24.395833333333332,2.8
2012-07-10,96.0475,62.17041666666666,6.822916666666667,22.375,158.21416666666667,68.9425,21.286666666666665,18.399166666666666,0.8520833333333333,52.666666666666664,0.2
2012-07-11,114.40249999999999,76.4375,4.076666666666667,33.4375,190.85,62.37625,24.41625,13.606666666666667,1.0754166666666667,74.70833333333333,0.0
2012-07-12,45.9625,76.41229166666666,5.285416666666666,23.789473684210527,122.37916666666666,82.29270833333334,23.400000000000002,18.19729166666667,0.80875,60.229166666666664,29.6
2012-07-13,22.724166666666665,50.204375,0.9272916666666666,10.604166666666666,72.93458333333334,73.939375,22.42958333333333,16.008125,0.49666666666666665,31.541666666666668,0.4
2012-07-14,11.985,47.26,0.8845833333333334,14.583333333333334,59.24458333333333,73.48375,22.870833333333334,25.42375,0.4883333333333333,44.0,0.0
2012-07-15,7.014166666666667,50.798750000000005,0.5725,17.875,57.81,76.27,21.7,26.69333333333333,0.5754166666666667,38.770833333333336,0.0
2012-07-16,20.572083333333335,56.887499999999996,6.8475,17.291666666666668,77.45583333333333,85.58166666666666,20.325833333333332,9.520416666666668,0.45083333333333336,38.291666666666664,1.2000000000000002
2012-07-17,11.78875,43.6525,2.8725,5.25,55.442499999999995,74.57000000000001,23.14625,19.627916666666668,0.3104166666666667,20.604166666666668,0.0
2012-07-18,33.71,56.70041666666666,1.8570833333333334,9.791666666666666,90.40958333333333,84.40916666666666,21.809166666666666,7.222916666666666,0.60125,30.041666666666668,8.0
2012-07-19,33.56125,49.55375,3.9625,11.0,83.11583333333333,77.89333333333333,20.322083333333335,12.005,0.5158333333333333,34.375,0.4
2012-07-20,59.475,57.62708333333333,4.7725,22.541666666666668,117.10333333333334,74.98291666666667,21.61791666666667,18.686666666666667,0.7204166666666666,51.354166666666664,0.0
2012-07-21,125.89416666666666,84.68124999999999,8.428333333333333,50.458333333333336,210.58249999999998,75.24458333333334,23.21166666666667,20.315416666666668,1.7229166666666667,95.375,0.2
2012-07-22,128.77291666666667,92.29083333333334,6.541250000000001,82.9375,221.0716666666667,62.77375,25.729583333333334,32.880833333333335,2.0625,135.625,0.0
2012-07-23,119.24875000000002,83.46541666666667,5.116666666666666,47.083333333333336,202.7145833333333,72.75708333333334,25.004166666666666,22.03125,1.2666666666666666,91.375,0.2
2012-07-24,20.34277777777778,94.42222222222222,16.84375,63.395833333333336,114.7688888888889,69.19583333333334,26.817916666666665,29.947083333333335,1.0904166666666668,114.47916666666667,0.0
2012-07-25,9.852307692307692,53.98846153846154,5.616315789473684,44.083333333333336,63.84384615384616,66.55166666666666,26.137083333333333,26.498958333333334,1.3414583333333334,98.0,0.0
2012-07-26,23.236666666666665,76.56416666666667,12.087916666666667,27.041666666666668,99.80083333333334,66.2975,27.202083333333334,34.79208333333333,0.6316666666666667,61.291666666666664,0.0
2012-07-27,60.07916666666666,66.12416666666667,2.4770833333333333,29.5,126.20291666666667,69.845,25.394166666666667,21.839583333333334,0.7275,68.5,0.2
2012-07-28,13.14875,53.32666666666666,7.882083333333333,26.291666666666668,66.47791666666667,72.95208333333333,25.49083333333333,35.111666666666665,0.5666666666666667,58.0,0.0
2012-07-29,19.68583333333333,51.25666666666667,10.787916666666668,24.270833333333332,70.94333333333334,64.83395833333333,27.118958333333335,50.895833333333336,0.7229166666666668,56.958333333333336,0.0
2012-07-30,14.623333333333333,55.35333333333333,3.9591666666666665,26.125,69.97083333333333,75.29291666666667,24.6925,28.34583333333333,0.5729166666666666,62.458333333333336,0.0
2012-07-31,24.777916666666666,49.477916666666665,1.1308333333333334,19.666666666666668,74.26541666666667,77.31166666666667,24.658749999999998,25.414166666666663,0.5379166666666667,50.208333333333336,0.0
2012-08-01,18.34125,38.58041666666667,2.4570833333333333,9.791666666666666,56.925000000000004,74.07333333333334,25.082083333333333,21.765416666666667,0.39083333333333337,28.125,0.0
2012-08-02,11.38125,40.77041666666667,5.116458333333333,7.958333333333333,52.1475,69.25875,26.25125,12.10375,0.3933333333333333,28.666666666666668,0.0
2012-08-03,34.415416666666665,55.614583333333336,3.9929166666666664,14.166666666666666,90.02625,65.64916666666666,26.66333333333333,33.73125,0.5520833333333334,45.166666666666664,0.0
2012-08-04,62.44083333333334,59.85874999999999,2.267916666666667,21.166666666666668,122.29375,57.54583333333333,27.25916666666667,29.971666666666668,0.9079166666666666,56.666666666666664,0.2
2012-08-05,35.947916666666664,54.309583333333336,3.206666666666667,33.416666666666664,90.25666666666666,68.94083333333333,24.642916666666665,31.52,0.8666666666666667,73.45833333333333,8.4
2012-08-06,28.754166666666666,42.75333333333333,1.7066666666666668,7.5625,71.50458333333333,69.24791666666667,22.781666666666666,34.402499999999996,0.4979166666666666,31.166666666666668,0.0
2012-08-07,57.77041666666667,48.25666666666667,3.1795833333333334,18.875,106.02749999999999,65.97708333333334,22.535,32.411458333333336,0.5864583333333334,49.0,0.2
2012-08-08,29.839166666666667,42.76458333333333,3.4857894736842105,11.145833333333334,72.60291666666667,69.95583333333333,23.735833333333332,37.23416666666667,0.36791666666666667,33.416666666666664,0.0
2012-08-09,17.47125,40.255625,3.7937499999999997,10.875,57.725,66.99,24.31833333333333,35.477916666666665,0.33270833333333333,31.0625,4.8
2012-08-10,18.13,45.45875,6.9383333333333335,8.458333333333334,63.62166666666667,63.30291666666667,25.18625,12.156666666666666,0.39749999999999996,34.583333333333336,0.0
2012-08-11,15.863333333333332,39.225,3.7633333333333336,7.333333333333333,55.08958333333334,61.45541666666667,25.6525,32.43958333333333,0.34874999999999995,31.541666666666668,0.0
2012-08-12,11.981666666666667,32.14416666666667,5.13375,8.041666666666666,44.13041666666667,63.37,25.940833333333334,34.11958333333333,0.3745833333333333,27.333333333333332,0.0
2012-08-13,15.976666666666667,40.93208333333333,7.64,7.416666666666667,56.907916666666665,63.032916666666665,26.649375000000003,25.233958333333334,0.3154166666666667,31.791666666666668,0.2
2012-08-14,9.51375,33.839166666666664,3.5408333333333335,8.020833333333334,43.35375,71.57416666666667,25.1875,20.42833333333333,0.285,26.625,0.0
2012-08-15,12.457916666666668,34.31479166666667,1.8589583333333335,4.791666666666667,46.77,73.79916666666666,24.366666666666664,22.069791666666664,0.2941666666666667,23.791666666666668,0.0
2012-08-16,7.132083333333333,34.20541666666667,2.4975,4.041666666666667,41.33708333333333,68.29875,25.381249999999998,22.209999999999997,0.34874999999999995,26.333333333333332,0.0
2012-08-17,9.047916666666666,31.032083333333333,2.5675000000000003,4.416666666666667,40.08,68.58791666666667,24.902083333333334,31.397499999999997,0.32916666666666666,27.958333333333332,0.0
2012-08-18,18.324166666666667,27.70875,1.5333333333333332,7.020833333333333,46.03458333333333,70.18083333333333,24.596249999999998,36.6675,0.32916666666666666,29.5,0.0
2012-08-19,2.0920833333333335,19.905833333333334,0.8220833333333334,4.333333333333333,21.997500000000002,64.34375,24.99791666666667,47.63041666666667,0.25166666666666665,23.25,0.0
2012-08-20,11.47375,37.058749999999996,1.62625,5.875,48.53208333333333,62.63583333333333,24.975416666666664,31.497083333333336,0.32208333333333333,27.458333333333332,0.0
2012-08-21,10.605625,36.79416666666666,3.389375,6.291666666666667,47.40020833333333,62.88333333333333,25.65895833333333,28.905625,0.30583333333333335,28.375,0.0
2012-08-22,8.785833333333334,38.406666666666666,3.06,6.229166666666667,47.193333333333335,57.74875,25.7375,32.222500000000004,0.2804166666666667,28.854166666666668,0.0
2012-08-23,6.6825,32.385416666666664,0.8064583333333334,5.125,39.065416666666664,63.23708333333334,25.496666666666666,28.342916666666667,0.24125,27.75,0.0
2012-08-24,8.0875,32.5825,1.1904166666666667,4.583333333333333,40.67166666666667,63.85208333333333,25.459999999999997,33.253750000000004,0.32458333333333333,30.0,11.6
2012-08-25,7.408333333333334,36.718333333333334,4.885,9.625,44.12875,60.03458333333333,25.82375,37.78333333333333,0.36000000000000004,30.75,0.0
2012-08-26,10.402083333333334,42.41625,1.9454166666666666,19.666666666666668,52.82,70.31666666666666,24.395,36.31458333333333,0.5433333333333333,41.833333333333336,0.0
2012-08-27,20.271250000000002,52.22458333333333,3.7079166666666663,21.833333333333332,72.49625,73.27208333333333,23.857916666666668,26.421666666666667,0.4683333333333333,53.291666666666664,0.0
2012-08-28,19.019166666666667,47.364583333333336,1.16625,15.375,66.38791666666667,81.58916666666667,22.479166666666668,20.75375,0.5058333333333334,37.958333333333336,7.2
2012-08-29,30.365416666666665,52.99166666666667,1.35375,11.583333333333334,83.35625,79.17375,22.379583333333333,17.458333333333332,0.47500000000000003,32.583333333333336,0.4
2012-08-30,26.200833333333332,49.86166666666667,2.704166666666667,11.479166666666666,76.06583333333333,73.815,22.38416666666667,20.972083333333334,0.41041666666666665,34.916666666666664,0.4
2012-08-31,20.888333333333332,48.22229166666667,3.0885416666666665,9.8125,69.09625,61.91354166666667,22.979791666666667,31.552916666666665,0.35062499999999996,33.25,0.0
2012-09-01,14.599583333333333,51.156666666666666,4.611666666666666,14.375,65.76666666666667,63.91458333333333,23.386666666666667,45.002916666666664,0.44208333333333333,41.958333333333336,0.2
2012-09-02,11.139583333333334,53.294999999999995,6.156666666666666,23.875,64.43375,70.244375,24.521874999999998,57.796666666666674,0.39749999999999996,55.041666666666664,0.0
2012-09-03,18.669583333333332,44.54749999999999,3.855,17.75,63.22208333333333,72.56041666666667,24.393333333333334,50.87875,0.41041666666666665,46.291666666666664,0.0
2012-09-04,3.7295833333333337,26.313333333333333,1.4279166666666667,6.0,30.047916666666666,68.13250000000001,22.135416666666668,48.340833333333336,0.23208333333333334,33.916666666666664,8.0
2012-09-05,12.042916666666665,47.51541666666666,2.7554166666666666,9.979166666666666,59.562083333333334,57.959583333333335,24.420416666666668,35.695,0.3225,38.666666666666664,0.0
2012-09-06,37.50333333333334,70.06125,8.991666666666667,26.541666666666668,107.555,67.79875,24.514166666666668,25.96083333333333,0.7125,69.16666666666667,7.2
2012-09-07,12.6,65.19083333333333,7.355,37.75,77.7925,71.44250000000001,25.3475,64.01583333333333,0.64625,80.4375,0.0
2012-09-08,17.05875,60.53458333333333,14.15625,23.875,77.595,59.134166666666665,29.15041666666667,37.71708333333333,0.6079166666666667,57.5,0.0
2012-09-09,26.37291666666667,45.912083333333335,5.3029166666666665,26.125,72.28416666666666,57.16,30.21375,66.99333333333333,0.6704166666666667,65.75,0.2
2012-09-10,17.026666666666667,59.41208333333333,3.685625,30.458333333333332,76.43166666666667,68.02041666666666,27.519583333333333,64.43291666666667,0.6291666666666667,70.66666666666667,0.0
2012-09-11,9.847083333333334,59.2925,5.402083333333334,35.0,69.14208333333333,71.45916666666666,26.85166666666667,53.65708333333333,0.5433333333333333,74.375,0.0
2012-09-12,9.00375,54.11291666666667,3.45875,24.458333333333332,63.115833333333335,75.93541666666667,25.660833333333333,42.682500000000005,0.53,53.0,0.0
2012-09-13,17.94708333333333,53.93291666666667,4.573333333333333,27.979166666666668,71.88458333333334,81.48708333333333,24.63,29.0725,0.5829166666666666,56.291666666666664,2.8
2012-09-14,5.878541666666667,35.01416666666667,2.921666666666667,4.75,40.899375,69.50125,25.20958333333333,49.370000000000005,0.29791666666666666,21.041666666666668,0.0
2012-09-15,4.937083333333333,35.08708333333333,2.453958333333333,6.5,40.02166666666667,66.1425,26.718333333333334,50.3025,0.39375,24.854166666666668,0.0
2012-09-16,14.8125,49.18625,11.58,15.416666666666666,63.99916666666667,58.294999999999995,29.341250000000002,57.694583333333334,0.62,42.25,0.2
2012-09-17,22.42684210526316,65.81894736842105,8.067894736842105,30.3125,88.27263157894737,57.223684210526315,31.037894736842105,54.0121052631579,0.6873684210526316,75.77083333333333,0.0
2012-09-18,75.93583333333333,84.01708333333333,10.644166666666665,37.083333333333336,159.95,49.975,31.50375,36.41458333333333,0.9630434782608696,89.375,0.0
2012-09-19,58.94291666666666,88.32958333333333,7.25,38.75,147.255,40.775,34.53916666666667,40.88520833333333,0.8722916666666666,101.83333333333333,15.600000000000001
2012-09-20,15.505,75.62416666666667,2.019791666666667,37.041666666666664,91.12166666666667,70.20291666666667,27.245416666666667,33.685,0.8679166666666668,75.58333333333333,0.6
2012-09-21,17.75578947368421,71.71684210526315,4.435789473684211,30.5625,89.47263157894737,73.47368421052632,27.055263157894736,33.60944444444445,0.7031578947368421,69.35416666666667,3.7
2012-09-22,9.694166666666666,44.93291666666667,0.6241666666666666,7.604166666666667,54.62416666666667,76.04291666666667,23.031666666666666,30.456666666666667,0.4558333333333333,27.104166666666668,0.2
2012-09-23,2.858333333333333,28.605,1.4083333333333332,6.083333333333333,31.464166666666667,63.918749999999996,23.705833333333334,40.0325,0.2333333333333333,30.208333333333332,0.0
2012-09-24,7.2025,41.20708333333334,3.995416666666667,7.708333333333333,48.41041666666666,58.66166666666667,26.071250000000003,39.31041666666667,0.30375,30.833333333333332,0.0
2012-09-25,31.986666666666668,57.11333333333334,10.646458333333333,15.625,89.10291666666666,65.02979166666667,27.860833333333332,29.104166666666668,0.5595833333333333,44.75,0.0
2012-09-26,17.381249999999998,41.61625,0.2608333333333333,6.854166666666667,58.98791666666667,76.47125,19.735833333333336,30.137916666666666,0.33916666666666667,24.291666666666668,5.4
2012-09-27,36.222500000000004,43.677083333333336,1.5427083333333333,9.145833333333334,79.89916666666666,67.85625,19.640833333333333,28.655882352941177,0.43124999999999997,34.083333333333336,44.8
2012-09-28,29.057916666666667,48.93125,3.0797916666666665,10.354166666666666,77.98541666666667,60.35208333333333,21.53625,34.05909090909091,0.38875,34.666666666666664,0.0
2012-09-29,36.062083333333334,35.42791666666667,3.6956249999999997,13.645833333333334,71.49,60.69333333333333,21.998333333333335,35.5725,0.4583333333333333,40.208333333333336,0.0
2012-09-30,3.0675000000000003,24.385416666666668,1.595,3.625,27.450833333333335,53.649166666666666,23.4025,55.37625,0.22791666666666666,19.541666666666668,0.2
2012-10-01,8.783333333333333,41.845,5.149791666666666,8.25,50.625416666666666,58.44708333333333,25.357083333333335,44.497083333333336,0.30416666666666664,29.729166666666668,0.0
2012-10-02,13.550416666666665,49.81708333333333,2.7808333333333333,15.041666666666666,63.37041666666667,62.143750000000004,27.610416666666666,38.20583333333334,0.39458333333333334,42.5,0.0
2012-10-03,6.395833333333333,41.00666666666667,3.824583333333333,11.458333333333334,47.40416666666667,59.247083333333336,29.087083333333336,39.11125,0.3429166666666667,36.25,0.0
2012-10-04,16.9525,45.8975,4.681666666666667,14.5,62.850833333333334,61.83166666666667,28.265833333333333,30.839166666666667,0.39208333333333334,39.25,0.0
2012-10-05,8.450000000000001,48.180416666666666,2.1347916666666666,18.375,56.63166666666666,62.77583333333333,28.713333333333335,41.54958333333333,0.41500000000000004,49.020833333333336,0.0
2012-10-06,4.904166666666667,32.62916666666667,1.4860416666666667,8.0,37.52875,59.35916666666666,28.353333333333335,44.419999999999995,0.32375000000000004,34.895833333333336,0.0
2012-10-07,3.2091666666666665,25.681250000000002,2.0554166666666664,6.416666666666667,28.89,52.29458333333333,29.250416666666666,48.45583333333334,0.28541666666666665,25.291666666666668,0.0
2012-10-08,6.697916666666667,25.694166666666664,1.1041666666666667,6.270833333333333,32.384166666666665,57.68208333333333,28.5925,38.402499999999996,0.23791666666666667,26.916666666666668,0.0
2012-10-09,11.314166666666667,39.245,5.347083333333334,9.208333333333334,50.55708333333334,48.25791666666667,29.940416666666664,31.52208333333333,0.32458333333333333,32.958333333333336,0.2
2012-10-10,28.305833333333336,56.431666666666665,6.164583333333333,17.041666666666668,84.73625,41.74333333333333,32.350833333333334,38.68541666666667,0.5337500000000001,46.145833333333336,0.0
2012-10-11,9.2525,41.021875,2.332291666666667,19.625,50.269375,71.500625,27.112916666666667,60.676875,0.3875,50.541666666666664,16.400000000000002
2012-10-12,7.114166666666667,37.38333333333333,0.03354166666666667,5.270833333333333,44.498333333333335,89.47916666666667,23.16125,48.865,0.44304347826086954,16.208333333333332,18.0
2012-10-13,7.365833333333334,38.768750000000004,2.794166666666667,5.229166666666667,46.135,91.5378947368421,22.34875,27.85875,0.4070833333333333,13.0625,13.000000000000002
2012-10-14,2.3366666666666664,23.243333333333336,1.0545833333333332,2.5833333333333335,25.580416666666665,71.61,23.145416666666666,40.43958333333333,0.21541666666666667,17.625,0.0
2012-10-15,8.803333333333333,29.226249999999997,1.2802083333333332,4.104166666666667,38.02833333333333,64.08458333333333,24.4425,36.36875,0.24833333333333332,16.5,0.0
2012-10-16,8.120416666666666,38.3025,1.08375,5.25,46.42416666666667,61.635,26.587500000000002,38.862500000000004,0.28708333333333336,23.291666666666668,0.0
2012-10-17,30.074583333333333,63.422083333333326,9.866458333333332,14.729166666666666,93.495,54.20166666666666,28.38875,34.022083333333335,0.5133333333333333,41.479166666666664,0.0
2012-10-18,28.534791666666667,49.59520833333334,4.176111111111111,16.770833333333332,78.11562500000001,55.49208333333333,29.7175,50.568958333333335,0.5525,42.583333333333336,0.0
2012-10-19,10.8075,36.52041666666667,0.8468749999999999,10.354166666666666,47.33541666666667,75.80541666666666,25.445416666666663,36.89875,0.36624999999999996,40.291666666666664,0.0
2012-10-20,12.437916666666666,46.06791666666666,0.508125,15.604166666666666,58.507083333333334,67.59791666666666,27.57375,51.95416666666667,0.5466666666666667,42.3125,0.8
2012-10-21,4.2214583333333335,38.827708333333334,8.492708333333333,16.875,43.04541666666666,63.50770833333333,30.140625,74.89833333333333,0.48125,37.916666666666664,4.4
2012-10-22,6.9125000000000005,59.32958333333334,5.619583333333334,16.604166666666668,66.24208333333333,67.91041666666666,29.25375,50.09916666666667,0.5395833333333333,38.833333333333336,0.0
2012-10-23,51.26291666666666,69.82666666666667,2.8341666666666665,24.25,121.08999999999999,71.94041666666666,28.998333333333335,35.547916666666666,0.84,52.583333333333336,4.199999999999999
2012-10-24,18.1375,46.24875,0.9316666666666666,10.0,64.37625,67.6025,27.970416666666665,41.32,0.45333333333333337,31.25,0.6
2012-10-25,6.284583333333334,31.50791666666667,3.4058333333333333,8.6875,37.78125,66.45416666666667,27.485833333333332,48.025416666666665,0.27416666666666667,35.979166666666664,0.0
2012-10-26,9.767083333333334,44.19375,1.4829166666666664,18.4375,53.962916666666665,76.99249999999999,28.053749999999997,45.40166666666667,0.46541666666666665,44.479166666666664,0.2
2012-10-27,6.052083333333333,46.60666666666666,8.074166666666667,24.041666666666668,52.659166666666664,67.53208333333333,30.319166666666664,75.23875,0.5791666666666667,50.541666666666664,0.0
2012-10-28,4.22625,41.09083333333333,7.817291666666667,24.833333333333332,45.317499999999995,69.09291666666667,30.129583333333333,60.33541666666667,0.5804166666666667,50.0,0.0
2012-10-29,17.19,58.740833333333335,5.700625,24.458333333333332,75.93041666666666,66.53083333333333,30.597916666666666,47.129583333333336,0.5904166666666667,50.833333333333336,0.0
2012-10-30,27.1021052631579,88.92,7.26,41.578947368421055,116.02157894736841,62.86958333333333,32.07833333333333,39.13552631578948,0.8605555555555555,80.86842105263158,0.0
2012-10-31,21.09125,73.36479166666668,5.828541666666666,39.25,94.46,63.867916666666666,32.36416666666667,57.88604166666667,0.7925,76.95833333333333,0.0
2012-11-01,10.957500000000001,36.47708333333333,4.440416666666667,10.395833333333334,47.425000000000004,73.51083333333334,27.84,43.776250000000005,0.45166666666666666,29.6875,0.0
2012-11-02,12.613333333333335,47.04458333333333,4.864583333333333,13.5,59.65833333333333,87.67416666666666,24.0275,18.485416666666666,0.6183333333333333,28.416666666666668,4.0
2012-11-03,4.607083333333333,31.044583333333335,1.6922916666666667,5.708333333333333,35.65541666666667,80.11458333333333,25.253333333333334,33.72,0.28541666666666665,19.729166666666668,2.8000000000000003
2012-11-04,6.194375,39.770208333333336,6.204791666666666,6.833333333333333,45.963125,76.46291666666666,26.412499999999998,31.82166666666667,0.3858333333333333,20.476190476190474,10.2
2012-11-05,12.085,44.88625,1.32,12.818181818181818,56.97708333333333,81.87958333333333,27.114583333333332,38.504583333333336,0.46708333333333335,29.454545454545453,0.0
2012-11-06,8.792083333333332,43.15,3.5849999999999995,12.770833333333334,51.932500000000005,73.38791666666667,28.223333333333333,54.98541666666667,0.35708333333333336,30.666666666666668,0.0
2012-11-07,6.34875,28.294583333333335,0.6327083333333333,5.9375,34.64833333333333,69.50333333333333,29.104583333333334,46.72291666666666,0.25958333333333333,25.791666666666668,0.0
2012-11-08,7.1883333333333335,27.779583333333335,0.958125,3.625,34.9775,71.57583333333334,29.432916666666667,29.79222222222222,0.3179166666666667,23.0625,0.0
2012-11-09,9.330416666666666,34.524166666666666,2.9116666666666666,6.739583333333333,43.855,78.42854166666667,28.900833333333335,24.348958333333332,0.37218750000000006,22.166666666666668,5.4
2012-11-10,12.849166666666667,35.018750000000004,0.15333333333333332,5.427083333333333,47.86208333333334,90.11833333333334,26.244583333333335,9.172291666666666,0.4738541666666667,11.625,6.4
2012-11-11,16.783333333333335,33.65916666666667,1.5181250000000002,4.833333333333333,50.44208333333333,59.83958333333334,31.849999999999998,21.916666666666668,0.42208333333333337,17.895833333333332,0.4
2012-11-12,23.91208333333333,38.28375,3.9012499999999997,9.541666666666666,62.196666666666665,64.84333333333333,30.182083333333335,34.50791666666667,0.4691666666666667,26.9375,0.0
2012-11-13,22.790833333333335,44.57750000000001,0.09270833333333334,7.895833333333333,67.31166666666667,94.94583333333333,24.730833333333333,11.325000000000001,0.5379166666666667,15.604166666666666,0.0
2012-11-14,21.633750000000003,44.50125,0.1679166666666667,8.5,66.13125000000001,87.33958333333334,23.077916666666667,23.368333333333336,0.4920833333333334,21.041666666666668,0.0
2012-11-15,8.94125,40.95041666666666,1.66375,6.8125,49.89208333333334,87.034375,23.11916666666667,26.954166666666666,0.42166666666666663,16.375,0.0
2012-11-16,22.795833333333334,45.40083333333333,0.6241666666666666,11.458333333333334,68.19625,90.06124999999999,23.088333333333335,13.89875,0.47875,27.375,0.0
2012-11-17,21.90125,44.335,0.6022916666666667,6.166666666666667,66.23916666666666,84.28458333333333,23.87,21.18916666666667,0.5495833333333333,21.5,0.0
2012-11-18,8.76125,27.940833333333334,0.5504166666666667,5.894736842105263,36.700833333333335,71.40458333333333,26.344583333333333,33.057916666666664,0.325,14.166666666666666,0.0
2012-11-19,6.443958333333334,30.950208333333336,1.4607894736842104,5.684210526315789,37.38666666666666,63.32,28.644583333333333,36.55263157894737,0.28125,21.041666666666668,0.0
2012-11-20,16.745833333333334,48.30833333333334,5.98,13.0,65.05583333333333,75.44416666666667,27.3625,28.377916666666664,0.5625,27.5,1.8
2012-11-21,20.41,50.56875,0.820625,17.541666666666668,70.98,74.14833333333333,27.495,41.86291666666667,0.49833333333333335,37.1875,0.2
2012-11-22,19.30076923076923,42.026923076923076,0.17615384615384616,13.0,61.31923076923077,76.05384615384615,27.63076923076923,31.553076923076922,0.42769230769230765,34.785714285714285,0.0
2012-11-23,14.008571428571429,63.56785714285714,,16.307692307692307,77.58142857142857,58.14666666666667,31.63,66.40928571428572,0.84,48.0,0.0
2012-11-24,11.574666666666667,61.19466666666666,,31.166666666666668,72.78133333333334,65.92866666666667,31.984666666666666,59.903999999999996,0.5553333333333333,62.1,0.0
2012-11-25,7.583636363636364,49.44954545454546,,18.416666666666668,57.027272727272724,91.90217391304348,25.976956521739133,32.753478260869564,0.590625,33.22727272727273,9.799999999999999
2012-11-26,20.580000000000002,41.04708333333333,,8.473684210526315,61.64291666666667,92.2695,25.756249999999998,23.015833333333333,0.35874999999999996,18.6875,21.6
2012-11-27,28.989583333333332,57.017083333333325,,7.875,86.01333333333334,90.8185294117647,25.472083333333334,13.844166666666666,0.5604166666666667,21.958333333333332,23.0
2012-11-28,30.169583333333335,67.88208333333334,,15.833333333333334,98.05166666666666,81.93666666666667,27.425,43.98541666666666,0.6216666666666667,35.791666666666664,0.0
2012-11-29,19.27,49.23541666666667,,16.208333333333332,68.50666666666667,75.08375,29.26375,34.88041666666667,0.45999999999999996,36.729166666666664,0.0
2012-11-30,4.516666666666667,29.908749999999998,6.0200000000000005,3.7083333333333335,34.42166666666667,68.32875,28.671666666666667,42.53416666666667,0.26333333333333336,21.3125,0.0
2012-12-01,4.76625,33.287083333333335,3.362083333333333,4.708333333333333,38.04958333333334,65.52041666666666,29.92375,45.30166666666667,0.37000000000000005,23.458333333333332,0.0
2012-12-02,5.062083333333333,39.13291666666667,0.7057142857142856,10.916666666666666,44.194583333333334,67.42041666666667,31.58791666666667,59.99375,0.4779166666666667,32.520833333333336,0.0
2012-12-03,7.107083333333333,45.58625,,15.833333333333334,52.6875,72.63875,30.0275,61.345416666666665,0.45249999999999996,30.833333333333332,0.0
2012-12-04,9.294583333333334,42.240833333333335,,15.583333333333334,51.550000000000004,67.76708333333333,31.91208333333333,46.73499999999999,0.39291666666666664,33.083333333333336,0.0
2012-12-05,8.691666666666666,36.83083333333334,1.3039130434782609,9.541666666666666,45.51125,62.98541666666667,32.895,45.59833333333333,0.37916666666666665,31.104166666666668,0.0
2012-12-06,16.996363636363636,43.337272727272726,0.4772727272727273,9.416666666666666,60.33727272727273,69.86363636363636,30.923636363636362,21.561818181818182,0.36,29.833333333333332,0.0
2012-12-07,19.932307692307692,98.63384615384615,2.16,20.846153846153847,118.57384615384616,38.574285714285715,38.81071428571429,80.07692307692308,0.7853846153846155,57.30769230769231,0.0
2012-12-08,8.024166666666668,64.57958333333333,4.392083333333333,18.729166666666668,72.58749999999999,51.97458333333333,35.32416666666666,90.29291666666667,0.5599999999999999,42.375,0.0
2012-12-09,2.7704166666666663,27.752916666666668,0.2041666666666667,10.895833333333334,30.52333333333333,76.06291666666667,29.74875,47.717083333333335,0.49625,20.6875,0.0
2012-12-10,10.162083333333333,38.067083333333336,1.4412500000000001,8.895833333333334,48.23166666666666,73.17291666666667,30.4275,36.77,0.39166666666666666,26.020833333333332,2.2
2012-12-11,41.809999999999995,63.87833333333333,0.7787499999999999,16.541666666666668,105.685,58.909166666666664,33.60583333333333,32.529583333333335,0.6870833333333333,41.208333333333336,1.8
2012-12-12,14.645833333333334,65.58541666666666,0.6920833333333333,15.4375,80.23458333333333,66.77291666666666,31.368333333333336,46.61083333333334,0.5033333333333333,35.25,2.6
2012-12-13,20.822916666666668,69.359375,1.8545833333333333,20.541666666666668,90.18333333333334,74.14684210526316,30.68375,49.63708333333333,0.6741666666666667,42.125,26.400000000000002
2012-12-14,30.212500000000002,76.13166666666667,0.5158333333333333,10.458333333333334,106.34250000000002,89.46479166666667,28.2825,27.33791666666667,0.7050000000000001,30.375,18.8
2012-12-15,13.906666666666666,69.47125,0.47500000000000003,15.479166666666666,83.37708333333333,80.025,29.63,35.75666666666667,0.6775000000000001,30.333333333333332,12.4
2012-12-16,9.06875,57.5075,0.8562500000000001,23.625,66.57333333333334,84.18916666666667,30.221666666666668,51.66791666666666,0.7075,39.291666666666664,2.6
2012-12-17,28.035416666666666,67.28,1.5683333333333334,10.0,95.31625000000001,73.24354166666667,31.456666666666667,27.430833333333336,0.6633333333333333,27.458333333333332,0.4
2012-12-18,27.55875,58.826249999999995,0.2941666666666667,12.3125,86.38,66.9575,32.41958333333333,41.6825,0.5729166666666666,28.625,0.0
2012-12-19,21.629583333333333,73.05666666666666,0.57,19.5,94.68958333333335,80.97479166666666,30.360833333333332,41.352916666666665,0.8995833333333333,38.833333333333336,45.2
2012-12-20,10.029166666666667,53.14166666666666,0.7312500000000001,13.1875,63.17083333333333,70.41458333333334,32.7975,51.000416666666666,0.47291666666666665,34.520833333333336,0.0
2012-12-21,11.529583333333333,59.51416666666666,1.1525,12.625,71.04541666666667,59.80041666666667,33.81916666666667,65.82416666666667,0.535,30.958333333333332,0.0
2012-12-22,10.002916666666666,48.96125,0.15666666666666665,16.166666666666668,58.97458333333333,71.24208333333333,31.52333333333333,48.005,0.51,36.770833333333336,0.0
2012-12-23,4.492500000000001,38.73041666666666,0.38958333333333334,17.395833333333332,43.2225,77.76416666666667,30.819999999999997,59.220416666666665,0.49500000000000005,32.6875,1.6
2012-12-24,4.754583333333334,31.420833333333334,0.64,12.708333333333334,36.17583333333334,66.07333333333334,32.62708333333333,56.922083333333326,0.3720833333333333,26.041666666666668,0.0
2012-12-25,3.0437499999999997,29.102500000000003,0.6725,9.583333333333334,32.147083333333335,55.22833333333333,35.26083333333333,51.99,0.3279166666666667,24.854166666666668,0.0
2012-12-26,24.638333333333332,67.86625,0.44625000000000004,13.875,92.49291666666666,53.644,36.64666666666667,43.35833333333333,0.5229166666666667,34.0,0.0
2012-12-27,11.556249999999999,54.87625,0.04083333333333333,19.0,66.43375,64.33071428571428,34.075714285714284,54.298750000000005,0.5275,36.13333333333333,0.0
2012-12-28,11.506923076923076,59.096923076923076,0.7707692307692308,30.384615384615383,70.57846153846154,65.50571428571428,32.442142857142855,68.26461538461538,0.5399999999999999,49.07692307692308,0.0
2012-12-29,5.704444444444444,57.47555555555555,0.7433333333333334,24.25,63.18,69.33416666666666,31.865,43.88777777777778,0.6816666666666666,41.9,11.6
2012-12-30,5.87875,55.12125,0.6183333333333333,27.270833333333332,61.001666666666665,75.48791666666666,31.28625,90.09083333333332,0.6170833333333333,45.125,3.8000000000000003
2012-12-31,4.13,39.25833333333333,1.3991666666666667,19.25,43.38708333333333,68.35041666666667,33.19833333333333,69.20708333333333,0.42250000000000004,34.979166666666664,0.0
2013-01-01,3.70125,34.27583333333333,0.6725,19.208333333333332,37.97875,51.51583333333334,35.38458333333333,43.33625,0.3345833333333333,33.791666666666664,0.0
2013-01-02,9.75125,33.69875,0.0004166666666666667,9.25,43.445,71.2175,31.497083333333332,55.725,0.36624999999999996,24.791666666666668,0.0
2013-01-03,16.64375,37.9475,0.7687499999999999,5.604166666666667,54.5825,99.55722222222222,26.68541666666667,14.899999999999999,0.40166666666666667,13.333333333333334,97.19999999999999
2013-01-04,11.943333333333333,32.410000000000004,0.019583333333333335,5.166666666666667,44.35541666666666,,28.30333333333333,14.729999999999999,0.33708333333333335,14.625,0.4
2013-01-05,18.144166666666667,44.82833333333334,1.1475,12.833333333333334,62.97333333333333,,31.407916666666665,47.81916666666667,0.4816666666666667,27.375,0.2
2013-01-06,3.84,34.056666666666665,0.38083333333333336,15.333333333333334,37.895833333333336,,33.79958333333334,55.08375,0.3745833333333333,28.020833333333332,0.2
2013-01-07,12.56875,47.15833333333333,1.2862500000000001,15.458333333333334,59.72291666666666,,34.70333333333333,47.513749999999995,0.47125,32.895833333333336,0.0
2013-01-08,15.29875,49.85999999999999,0.029166666666666664,13.333333333333334,65.15541666666667,,34.2725,42.500416666666666,0.48666666666666664,28.729166666666668,10.0
2013-01-09,23.118750000000002,55.355,0.48583333333333334,13.333333333333334,78.47333333333333,,31.38416666666667,30.10375,0.5925,26.6875,3.6
2013-01-10,30.170833333333334,59.237500000000004,0.9920833333333333,13.020833333333334,89.40583333333332,,27.49291666666667,13.125416666666666,0.5991666666666666,21.4375,40.0
2013-01-11,29.666666666666668,47.615,0.7749999999999999,7.458333333333333,77.28125,86.05777777777777,24.326666666666668,7.4425,0.49666666666666665,19.125,7.4
2013-01-12,24.273750000000003,47.16291666666667,0.5891666666666667,13.3125,71.43666666666667,78.20125,25.532083333333333,17.326666666666664,0.5091666666666667,35.5625,0.6000000000000001
2013-01-13,7.6175,47.05416666666667,1.1929166666666666,13.291666666666666,54.67166666666666,71.44875,28.20625,40.87625,0.5145833333333333,28.625,0.4
2013-01-14,13.801666666666668,53.55583333333333,0.55375,9.416666666666666,67.3575,78.10541666666667,26.77333333333333,43.114583333333336,0.4795833333333333,20.041666666666668,10.4
2013-01-15,28.879583333333333,63.77041666666667,1.6175,16.5,92.65416666666665,76.81933333333333,26.767916666666665,28.454583333333332,0.5970833333333333,30.104166666666668,46.800000000000004
2013-01-16,26.280833333333334,61.67541666666667,1.0029166666666667,14.5625,87.95958333333334,81.47304347826088,27.187916666666666,16.20375,0.6470833333333333,28.395833333333332,47.1
2013-01-17,29.644166666666667,50.26166666666666,1.1312499999999999,10.791666666666666,79.90875,79.79083333333334,27.330416666666665,27.917083333333334,0.5041666666666667,22.208333333333332,131.6
2013-01-18,17.724999999999998,60.997083333333336,1.1225,13.0625,78.7225,81.27708333333334,26.665833333333335,35.61291666666667,0.5279166666666667,27.291666666666668,10.0
2013-01-19,18.898333333333333,47.649166666666666,0.97125,19.6875,66.54958333333333,75.56041666666667,28.532083333333333,39.48791666666667,0.625,35.604166666666664,11.0
2013-01-20,10.95125,28.795,0.07458333333333333,6.5,39.74791666666666,82.0725,26.319166666666664,22.222916666666666,0.4070833333333333,13.854166666666666,17.8
2013-01-21,41.39958333333333,38.11666666666667,0.87,7.625,79.5175,89.265,24.48375,6.355,0.5083333333333333,14.25,22.0
2013-01-22,24.491249999999997,35.19833333333333,0.5516666666666666,6.3125,59.685833333333335,85.52291666666667,25.0725,6.232916666666667,0.36833333333333335,14.666666666666666,38.2
2013-01-23,37.139583333333334,28.21375,2.152083333333333,6.458333333333333,65.35583333333334,67.13875,27.7225,23.62,0.33625,22.083333333333332,0.0
2013-01-24,13.3675,46.88958333333333,1.2404166666666667,9.083333333333334,60.26083333333333,63.11708333333333,29.412499999999998,31.20958333333333,0.37833333333333335,29.0,0.0
2013-01-25,45.8075,54.115,1.7079166666666667,14.916666666666666,99.92583333333333,57.07458333333333,33.15083333333333,16.157500000000002,0.6441666666666667,35.75,0.0
2013-01-26,9.569166666666666,38.492916666666666,0.25625000000000003,9.791666666666666,48.05625,82.69583333333334,28.6925,31.943749999999998,0.48625,20.416666666666668,42.199999999999996
2013-01-27,3.2091666666666665,26.920416666666668,0.25583333333333336,5.958333333333333,30.126666666666665,77.93124999999999,26.393333333333334,31.083333333333332,0.29333333333333333,17.416666666666668,0.6000000000000001
2013-01-28,11.77875,37.36020833333333,0.7473684210526316,5.6875,49.24,73.56875000000001,25.905833333333334,17.154791666666664,0.31895833333333334,15.833333333333334,1.4000000000000001
2013-01-29,17.270833333333332,36.07958333333333,0.73,4.458333333333333,53.34583333333333,89.03583333333334,24.427083333333332,8.047500000000001,0.38666666666666666,11.583333333333334,4.800000000000001
2013-01-30,21.320833333333333,35.12208333333333,0.7995833333333334,6.25,56.44083333333333,73.64458333333333,27.209166666666665,16.165833333333335,0.409375,18.958333333333332,0.0
2013-01-31,12.257916666666667,28.551458333333333,0.5991666666666667,5.125,40.808749999999996,72.85958333333333,28.584166666666665,19.331666666666667,0.33,17.166666666666668,17.799999999999997
2013-02-01,8.94875,28.76875,1.8775000000000002,5.333333333333333,37.718333333333334,69.73875,30.204583333333332,32.49208333333333,0.35541666666666666,16.833333333333332,0.0
2013-02-02,6.972083333333333,41.68666666666667,2.5329166666666665,9.75,48.661249999999995,63.540416666666665,32.16916666666666,47.45250000000001,0.51125,21.979166666666668,0.2
2013-02-03,9.736666666666666,39.61958333333333,4.02625,8.5625,49.357499999999995,63.699999999999996,30.751666666666665,31.52125,0.5066666666666667,19.645833333333332,13.2
2013-02-04,21.418333333333333,52.581250000000004,1.2839583333333333,9.25,73.98625,86.435,26.24083333333333,17.419999999999998,0.59375,17.041666666666668,29.0
2013-02-05,24.930833333333336,53.155,1.4829166666666669,9.4375,78.08708333333333,88.85833333333333,24.405416666666667,9.369166666666667,0.5083333333333333,20.416666666666668,24.4
2013-02-06,25.614166666666666,41.774166666666666,2.8004166666666666,6.229166666666667,67.38958333333333,76.05916666666667,26.397499999999997,22.609583333333333,0.3979166666666667,19.229166666666668,0.6000000000000001
2013-02-07,32.915,63.742916666666666,3.5275,13.666666666666666,96.65666666666668,81.9525,26.602083333333336,21.189583333333335,0.7058333333333334,27.541666666666668,6.6000000000000005
2013-02-08,23.699583333333333,65.87708333333333,2.2075,24.625,89.29958333333333,69.43916666666667,29.99875,20.25111111111111,0.69,45.583333333333336,0.0
2013-02-09,6.786666666666666,42.702916666666674,1.6233333333333333,20.375,49.48458333333334,68.66875,30.734166666666667,57.6325,0.49,38.708333333333336,0.0
2013-02-10,2.1416666666666666,29.214583333333334,2.0904166666666666,18.541666666666668,31.35875,67.66250000000001,31.078333333333333,58.27458333333333,0.4354166666666666,36.6875,0.0
2013-02-11,2.6179166666666664,30.324583333333333,3.0708333333333333,17.75,32.942083333333336,62.445,32.515,54.63333333333333,0.39625,33.791666666666664,0.0
2013-02-12,4.121666666666667,32.83833333333333,3.7025,14.027777777777779,36.96041666666667,52.959583333333335,33.595416666666665,56.395833333333336,0.3625,28.770833333333332,0.0
2013-02-13,6.516249999999999,42.28041666666667,4.3620833333333335,18.710526315789473,48.79750000000001,56.84458333333333,32.9525,52.63625,0.5475,35.541666666666664,0.0
2013-02-14,8.137083333333335,46.598333333333336,4.270416666666667,26.454545454545453,54.736250000000005,56.925000000000004,33.35333333333333,56.49875,0.51625,44.0,0.0
2013-02-15,7.600833333333334,54.28,5.8620833333333335,27.0,61.879999999999995,57.504999999999995,33.5925,68.37291666666667,0.5175,49.666666666666664,0.2
2013-02-16,4.9624999999999995,47.425000000000004,3.5987500000000003,,52.38958333333333,56.89666666666667,34.25541666666667,67.49083333333333,0.5429166666666666,49.0625,0.0
2013-02-17,3.5658333333333334,39.0675,5.1345833333333335,,42.63333333333333,55.28041666666667,33.7825,60.375,0.49666666666666665,36.708333333333336,0.2
2013-02-18,10.905000000000001,47.965624999999996,1.4529411764705882,23.75,58.885416666666664,52.048750000000005,34.11125,11.549285714285714,0.5054166666666667,40.541666666666664,0.0
2013-02-19,6.817291666666667,40.22958333333333,4.523541666666667,21.153846153846153,47.048541666666665,64.81333333333333,32.02125,37.95458333333334,0.5320833333333334,47.3125,0.0
2013-02-20,7.155,42.345416666666665,5.9383333333333335,19.1875,49.497083333333336,59.16375,32.4,45.67916666666667,0.4679166666666667,45.625,0.0
2013-02-21,15.409166666666666,43.224583333333335,8.419166666666667,11.291666666666666,58.623333333333335,52.559583333333336,32.52166666666667,33.814166666666665,0.4008333333333334,34.25,0.0
2013-02-22,16.26625,41.7825,5.872916666666666,13.583333333333334,58.050000000000004,58.81125,32.06375,42.204166666666666,0.44083333333333335,43.0,0.0
2013-02-23,3.7091666666666665,30.47875,2.1391666666666667,13.541666666666666,34.18875,67.4825,30.205416666666665,45.999583333333334,0.4310416666666666,31.5625,0.0
2013-02-24,3.5675000000000003,31.717916666666667,1.7920833333333333,16.583333333333332,35.29125,60.885,31.116249999999997,41.06541666666667,0.41625,35.75,0.0
2013-02-25,13.9525,50.40166666666667,6.159166666666667,11.604166666666666,64.35375,51.20416666666667,33.12416666666667,32.4775,0.3858333333333333,35.020833333333336,0.0
2013-02-26,16.381666666666668,53.068333333333335,2.4095833333333334,16.25,69.44541666666667,65.67791666666666,31.211250000000003,32.232083333333335,0.50875,40.333333333333336,60.199999999999996
2013-02-27,11.805833333333332,45.07875000000001,1.7441666666666666,7.041666666666667,56.880833333333335,74.875,28.099999999999998,35.68541666666667,0.42250000000000004,15.416666666666666,12.600000000000001
2013-02-28,8.84,38.08833333333333,1.3279166666666666,4.729166666666667,46.92666666666667,81.23833333333333,26.59375,17.734166666666667,0.3179166666666667,15.0,12.0
2013-03-01,17.40875,49.583333333333336,0.42041666666666666,8.666666666666666,66.99833333333333,85.75083333333333,24.89125,7.555833333333333,0.49125,19.458333333333332,7.2
2013-03-02,15.267916666666666,40.4625,1.9916666666666665,6.416666666666667,55.731249999999996,85.03416666666666,25.668333333333333,14.042499999999999,0.44166666666666665,13.041666666666666,4.800000000000001
2013-03-03,9.271666666666667,39.23458333333333,2.33,8.541666666666666,48.50541666666667,72.48375,29.334166666666665,31.737916666666667,0.45333333333333337,19.125,10.0
2013-03-04,32.453947368421055,45.58973684210527,2.1184210526315788,9.075,78.04289473684211,60.978947368421046,31.43578947368421,24.004736842105263,0.5205263157894737,29.45,6.4
2013-03-05,5.1626666666666665,21.733999999999998,0.2333333333333333,13.0,26.895333333333333,57.81933333333333,33.00866666666666,70.76933333333334,0.544,36.875,64.4
2013-03-06,8.536458333333334,26.483125,2.2191666666666667,16.895833333333332,35.0175,71.25395833333333,29.74229166666667,44.11375,0.5647916666666667,42.479166666666664,0.2
2013-03-07,4.826842105263157,24.707894736842103,7.019583333333333,16.75,29.53263157894737,67.12104166666667,30.587083333333336,49.94291666666667,0.5129166666666667,38.5,0.2
2013-03-08,9.192916666666667,29.087500000000002,3.6620833333333334,22.479166666666668,38.28041666666667,66.02583333333334,30.85625,48.40958333333333,0.6104166666666667,51.1875,0.0
2013-03-09,7.170000000000001,25.48,7.130833333333334,24.541666666666668,32.650416666666665,68.53291666666667,30.925416666666667,50.30583333333333,0.6116666666666667,54.541666666666664,25.2
2013-03-10,9.650416666666667,23.754166666666666,5.124583333333334,12.416666666666666,33.345416666666665,62.89291666666667,31.65833333333333,24.771666666666665,0.64625,28.666666666666668,3.8000000000000003
2013-03-11,8.808958333333333,24.86145833333333,4.590416666666667,9.645833333333334,33.67,73.52,29.384583333333335,30.356666666666666,0.5433333333333333,25.25,25.200000000000003
2013-03-12,8.6375,19.545416666666664,1.6287500000000001,15.166666666666666,28.18625,67.9025,30.630416666666665,25.91541666666667,0.44375000000000003,30.395833333333332,0.0
2013-03-13,15.682916666666666,23.410416666666666,2.645,16.666666666666668,39.089166666666664,67.56541666666666,31.280833333333334,0.011,0.5454166666666667,34.875,10.6
2013-03-14,21.1675,21.277083333333334,1.1868750000000001,8.666666666666666,36.35526315789474,87.48916666666666,25.905833333333334,,0.5816666666666667,20.8125,48.199999999999996
2013-03-15,5.148,12.966666666666667,2.2180000000000004,6.75,18.121333333333332,73.31875000000001,27.545833333333334,,0.2866666666666667,24.458333333333332,0.2
2013-03-16,7.897916666666667,17.6175,0.8741666666666666,8.75,25.51625,71.54791666666667,29.110833333333332,,0.5266666666666667,25.208333333333332,0.2
2013-03-17,5.086666666666667,13.165416666666665,1.8483333333333334,9.0625,18.25166666666667,76.96,28.090416666666666,,0.40291666666666665,19.208333333333332,33.0
2013-03-18,18.134166666666665,14.850416666666668,2.797916666666667,6.911764705882353,32.98416666666667,84.39791666666666,24.174583333333334,,0.39999999999999997,16.875,31.4
2013-03-19,13.51625,20.118333333333332,0.7400000000000001,6.0625,33.63375,75.78625,24.008333333333336,,0.3779166666666667,24.708333333333332,0.4
2013-03-20,23.47875,17.3775,1.9254166666666668,12.270833333333334,40.852916666666665,72.64375,25.822916666666668,,0.45416666666666666,35.145833333333336,0.4
2013-03-21,33.492105263157896,44.47578947368421,8.105,19.125,77.97052631578947,71.28125,28.01375,18.85909090909091,0.6066666666666666,42.541666666666664,4.4
2013-03-22,22.41604166666667,54.43208333333333,4.652291666666667,28.125,76.84770833333333,69.32062499999999,29.568541666666665,30.175,0.6439583333333333,62.083333333333336,0.0
2013-03-23,6.754583333333334,37.25625,2.1841666666666666,13.25,44.00958333333333,76.5475,27.656666666666666,29.552083333333332,0.5070833333333333,31.541666666666668,21.2
2013-03-24,4.7875000000000005,24.877916666666664,2.174583333333333,4.8125,29.6675,81.92083333333333,26.384583333333335,24.3325,0.36041666666666666,14.104166666666666,0.4
2013-03-25,15.455,34.538333333333334,1.9720833333333332,7.354166666666667,49.99458333333333,74.66708333333334,27.25583333333333,17.729583333333334,0.42083333333333334,24.833333333333332,0.0
2013-03-26,22.662499999999998,45.26916666666667,3.73375,13.916666666666666,67.92999999999999,78.09458333333333,26.75,13.604166666666666,0.5483333333333333,35.25,11.6
2013-03-27,30.56125,45.604166666666664,2.2495833333333333,13.604166666666666,76.16458333333334,87.65083333333332,24.465,11.656666666666666,0.68375,27.791666666666668,6.3999999999999995
2013-03-28,16.21625,38.127500000000005,2.4308333333333336,7.479166666666667,54.33958333333334,68.34958333333333,25.98,25.174166666666665,0.405,28.583333333333332,0.2
2013-03-29,7.1000000000000005,28.440416666666664,1.5470833333333334,4.166666666666667,35.528333333333336,77.64375,24.77625,24.454583333333332,0.32,15.770833333333334,9.8
2013-03-30,14.125416666666666,26.955,2.4941666666666666,4.75,41.080000000000005,79.80916666666667,24.413749999999997,18.234166666666667,0.37041666666666667,19.666666666666668,15.599999999999998
2013-03-31,13.650416666666667,35.74375,5.448333333333333,9.291666666666666,49.39208333333334,73.04166666666667,26.632499999999997,30.108333333333334,0.5004166666666666,22.333333333333332,0.2
2013-04-01,20.939583333333335,45.40166666666667,3.3925,16.125,66.34083333333334,70.93833333333333,28.212500000000002,33.75625,0.49541666666666667,42.9375,0.0
2013-04-02,8.861666666666666,31.246666666666666,1.2445454545454546,9.136363636363637,40.10916666666667,69.24352941176471,29.288235294117644,19.329166666666666,0.3325,36.535714285714285,0.2
2013-04-03,17.86692307692308,39.66307692307692,5.829999999999999,4.409090909090909,57.53115384615384,82.39615384615385,26.61076923076923,12.07090909090909,0.5,19.045454545454547,9.4
2013-04-04,12.200833333333334,31.620416666666667,3.323888888888889,3.3684210526315788,43.81458333333333,73.00666666666667,27.748333333333335,16.876041666666666,0.3697916666666667,22.041666666666668,0.2
2013-04-05,53.18,41.26833333333334,1.9316666666666666,18.958333333333332,94.44833333333334,79.4175,27.007499999999997,4.4875,1.0895833333333333,34.8125,5.0
2013-04-06,49.96541666666667,30.207916666666666,1.1191666666666666,17.104166666666668,80.1725,70.5525,28.520833333333332,22.639583333333334,0.7758333333333334,32.125,0.0
2013-04-07,2.527083333333333,26.2925,0.5729166666666666,11.291666666666666,28.820833333333336,69.33749999999999,28.524583333333336,34.92416666666667,0.33666666666666667,24.791666666666668,0.0
2013-04-08,4.998333333333334,27.96375,0.3897916666666667,9.916666666666666,32.96333333333333,61.14666666666667,27.909166666666668,26.24875,0.35041666666666665,21.875,0.0
2013-04-09,23.00791666666667,40.32125,2.594375,15.520833333333334,63.32958333333334,72.03208333333333,25.859166666666667,16.165833333333335,0.5291666666666667,34.6875,2.2
2013-04-10,17.35291666666667,39.71791666666667,3.848333333333333,12.041666666666666,57.07666666666666,71.83416666666666,25.683333333333334,15.659999999999998,0.3204166666666667,29.916666666666668,3.5999999999999996
2013-04-11,7.632083333333333,32.940000000000005,0.7075,8.25,40.57541666666666,62.684583333333336,27.684583333333336,26.719166666666666,0.26208333333333333,27.166666666666668,0.0
2013-04-12,12.98375,42.437916666666666,5.36625,9.583333333333334,55.425000000000004,60.807916666666664,29.478333333333335,26.49416666666667,0.3958333333333333,30.479166666666668,0.0
2013-04-13,27.741666666666664,42.60458333333333,4.27125,14.166666666666666,70.34333333333333,70.94,28.77,15.799583333333333,0.615,36.333333333333336,37.6
2013-04-14,7.852083333333333,27.562083333333334,1.2437500000000001,6.833333333333333,35.413333333333334,86.92041666666667,22.817916666666665,24.224166666666665,0.34125,18.541666666666668,21.8
2013-04-15,22.763333333333335,40.13875,1.9995833333333335,10.25,62.89791666666667,73.46625,23.52125,15.309583333333334,0.3666666666666667,32.75,0.0
2013-04-16,29.38416666666667,43.057916666666664,1.054375,16.708333333333332,72.45041666666667,64.87083333333334,25.518333333333334,28.270833333333332,0.43583333333333335,44.270833333333336,0.0
2013-04-17,20.755416666666665,38.22958333333333,2.3758333333333335,14.041666666666666,58.99375,60.971666666666664,24.77625,22.560833333333335,0.38458333333333333,44.229166666666664,8.8
2013-04-18,27.68041666666667,39.60916666666667,0.6654166666666667,20.4375,67.28791666666667,66.45416666666667,23.99875,18.252916666666668,0.4191666666666667,32.5,0.2
2013-04-19,25.105833333333333,39.318333333333335,1.103888888888889,16.0,64.971875,69.46104166666667,24.889583333333334,17.583333333333332,0.48458333333333337,32.416666666666664,0.2
2013-04-20,19.58875,35.111666666666665,1.11375,15.020833333333334,54.69833333333333,67.00833333333334,24.524583333333336,21.56625,0.49374999999999997,30.583333333333332,0.0
2013-04-21,13.567083333333334,29.51375,1.7754166666666666,15.666666666666666,43.081250000000004,74.63291666666667,23.572916666666668,20.322083333333335,0.44416666666666665,29.666666666666668,5.2
2013-04-22,49.25666666666666,38.434999999999995,1.3777083333333333,26.59375,87.67750000000001,72.07916666666667,23.68625,12.82,0.6295833333333333,40.125,1.6
2013-04-23,8.35375,26.322916666666668,0.18958333333333333,11.916666666666666,34.67666666666667,63.84791666666666,24.67125,30.36,0.20333333333333334,25.666666666666668,0.0
2013-04-24,31.80333333333333,42.78375,4.46125,16.125,74.58875,62.01166666666666,24.992500000000003,23.19458333333333,0.44083333333333335,34.9375,0.0
2013-04-25,43.01583333333334,42.51916666666667,2.43625,18.645833333333332,85.52499999999999,63.27875,24.790000000000003,23.61,0.4908333333333333,41.083333333333336,0.0
2013-04-26,44.83208333333334,62.81583333333333,5.247083333333333,29.854166666666668,107.64875,63.856249999999996,25.0775,32.8725,0.7654166666666667,60.9375,0.0
2013-04-27,28.73125,56.69291666666667,3.0591666666666666,33.791666666666664,85.42416666666666,66.13958333333333,25.287916666666664,38.41458333333333,0.6195833333333333,64.20833333333333,0.2
2013-04-28,14.19625,41.71333333333333,4.840833333333333,35.916666666666664,55.907916666666665,66.06208333333333,25.434583333333332,63.62125,0.5325,60.041666666666664,0.0
2013-04-29,32.966875,51.34375,5.929375,24.857142857142858,84.309375,73.369375,24.18,9.231875,0.475625,49.38235294117647,0.0
2013-04-30,46.409166666666664,67.17791666666666,2.8866666666666667,40.25,113.59083333333332,63.22416666666667,27.102500000000003,36.65333333333333,0.8004166666666667,78.27083333333333,0.0
2013-05-01,13.682916666666666,51.22333333333333,0.6120833333333333,33.270833333333336,64.90625,68.29208333333334,26.265,52.312083333333334,0.53875,58.854166666666664,0.0
2013-05-02,24.241249999999997,60.68958333333333,4.387083333333333,39.083333333333336,84.92833333333333,67.87833333333333,26.26875,31.585833333333337,0.6466666666666666,69.125,0.2
2013-05-03,11.1625,52.93125,4.50125,26.375,64.09916666666668,65.84458333333333,27.308333333333334,41.28458333333334,0.4658333333333333,54.1875,0.0
2013-05-04,50.72208333333333,69.68458333333334,12.624583333333334,41.291666666666664,120.40625,61.02458333333334,28.5275,37.835,1.0262499999999999,84.83333333333333,0.0
2013-05-05,28.776666666666667,48.627916666666664,2.030416666666667,43.375,77.40208333333334,64.28458333333333,27.555833333333336,51.11375,0.6266666666666667,78.58333333333333,0.0
2013-05-06,22.5475,45.11375,1.1425,25.541666666666668,67.65958333333333,78.24666666666667,22.20125,20.91875,0.46625,47.333333333333336,14.0
2013-05-07,42.79416666666666,54.129999999999995,2.627083333333333,21.541666666666668,96.92166666666667,66.38000000000001,23.357916666666668,20.250833333333333,0.5750000000000001,50.583333333333336,0.0
2013-05-08,32.61875,42.84479166666667,1.253076923076923,15.714285714285714,75.46625,58.26800000000001,22.926,17.097291666666667,0.4347916666666667,43.714285714285715,0.8
2013-05-09,42.612500000000004,47.80625,0.6633333333333333,12.0,90.41833333333334,39.17666666666667,27.290000000000003,21.84166666666667,0.445,44.375,0.0
2013-05-10,37.81166666666667,40.41395833333333,1.2882142857142858,15.0,78.225625,55.4475,25.56107142857143,32.115208333333335,0.38999999999999996,38.84615384615385,0.0
2013-05-11,23.5925,38.637499999999996,4.252916666666667,15.75,62.22708333333333,61.43958333333333,24.312083333333334,36.37833333333334,0.3629166666666667,36.645833333333336,0.2
2013-05-12,18.250416666666666,34.22166666666667,2.1797916666666666,13.979166666666666,52.47291666666666,63.02875,25.100416666666664,29.040833333333335,0.49291666666666667,29.25,0.0
2013-05-13,36.04458333333333,54.32958333333334,6.035,25.625,90.37208333333332,64.43375,26.05666666666667,22.325833333333335,0.58375,52.958333333333336,0.0
2013-05-14,52.822916666666664,65.71083333333333,6.173333333333333,37.729166666666664,118.53791666666666,61.99041666666667,27.86791666666667,22.95875,0.7087500000000001,73.70833333333333,0.0
2013-05-15,43.842777777777776,53.31888888888889,6.091666666666666,32.166666666666664,97.16444444444444,58.111111111111114,29.34111111111111,33.22777777777778,0.4838888888888889,61.55555555555556,0.0
2013-05-16,5.980909090909091,42.084545454545456,1.6154545454545455,21.0,48.06545454545455,64.36454545454545,28.454545454545453,44.29636363636364,0.45363636363636367,53.375,0.0
2013-05-17,14.03625,37.083333333333336,0.19666666666666666,7.8125,51.12708333333333,87.36083333333333,22.706666666666667,20.06625,0.4383333333333333,18.583333333333332,40.800000000000004
2013-05-18,6.633333333333333,33.562916666666666,0.22458333333333333,6.458333333333333,40.20083333333333,82.08083333333333,21.884583333333335,19.835,0.2891666666666667,17.1875,3.8000000000000003
2013-05-19,6.607499999999999,26.589166666666667,1.0229166666666667,4.5,33.19708333333333,72.96916666666667,23.10625,30.457916666666666,0.28625,15.25,0.0
2013-05-20,43.032916666666665,59.42166666666666,4.01625,20.625,102.45333333333333,67.44083333333333,24.930000000000003,20.34541666666667,0.6529166666666667,48.25,0.0
2013-05-21,30.11125,41.72625,3.0204166666666663,19.458333333333332,71.84583333333333,69.65458333333333,25.33791666666667,19.961666666666666,0.4504166666666667,45.166666666666664,0.0
2013-05-22,20.519583333333333,36.94708333333333,2.1933333333333334,13.5,57.46458333333334,66.75875,24.912499999999998,20.05125,0.4041666666666666,31.854166666666668,3.4000000000000004
2013-05-23,31.49625,42.24375,0.014583333333333332,16.0625,73.74083333333333,81.60375,22.526666666666667,9.578750000000001,0.6233333333333333,30.125,14.400000000000002
2013-05-24,19.2,42.59708333333334,3.0866666666666664,8.916666666666666,61.79666666666666,79.58624999999999,22.027916666666666,12.288333333333334,0.39166666666666666,18.791666666666668,14.200000000000001
2013-05-25,28.449166666666667,40.02791666666667,1.6529166666666668,12.291666666666666,68.46916666666667,72.41708333333334,22.885833333333334,18.565833333333334,0.5116666666666666,24.375,0.0
2013-05-26,38.41125,26.962500000000002,0.6420833333333333,15.604166666666666,65.37416666666667,70.36166666666666,23.050416666666667,28.415000000000003,0.6808333333333333,27.833333333333332,0.0
2013-05-27,26.52125,47.90541666666667,9.0275,14.3125,74.42708333333333,62.68875,24.400833333333335,23.357916666666668,0.47000000000000003,32.833333333333336,0.2
2013-05-28,37.931666666666665,49.749583333333334,2.7291666666666665,15.270833333333334,87.67666666666668,64.84583333333333,25.058333333333334,17.546666666666667,0.54375,34.729166666666664,3.8
2013-05-29,54.89458333333334,48.11416666666667,5.052777777777778,14.541666666666666,103.00541666666668,61.367916666666666,25.860416666666666,5.816458333333333,0.645,35.541666666666664,9.799999999999999
2013-05-30,20.440833333333334,35.865833333333335,1.8445833333333335,15.0,56.32,64.49625,25.835416666666664,16.90791666666667,0.4695833333333333,30.208333333333332,0.2
2013-05-31,11.567916666666667,36.7825,1.5704166666666666,12.104166666666666,48.34708333333333,82.50708333333334,21.767916666666665,14.859583333333333,0.3383333333333333,22.229166666666668,1.2
2013-06-01,51.32875000000001,42.997083333333336,3.7579166666666666,23.625,94.32291666666667,73.37791666666666,23.714166666666667,21.433333333333334,0.79625,42.458333333333336,0.0
2013-06-02,29.746666666666666,36.82125,1.1375,19.020833333333332,66.56958333333334,69.0525,25.66541666666667,21.38416666666667,0.60625,36.583333333333336,0.0
2013-06-03,43.08041666666667,46.025416666666665,2.9158333333333335,19.083333333333332,89.1075,85.77541666666667,22.660833333333333,4.49625,0.7079166666666666,28.270833333333332,33.599999999999994
2013-06-04,36.27708333333333,47.24333333333333,1.38,14.958333333333334,83.52833333333334,89.07604166666665,20.835416666666667,6.546250000000001,0.616875,26.583333333333332,19.599999999999998
2013-06-05,28.129166666666666,61.035833333333336,8.844166666666666,26.666666666666668,89.15833333333335,69.685,25.4725,21.504166666666666,0.59,48.270833333333336,0.0
2013-06-06,63.099375,57.19708333333333,2.0568750000000002,29.145833333333332,120.29270833333334,68.96854166666667,25.482708333333335,15.330833333333333,0.8283333333333333,52.6875,0.0
2013-06-07,29.554444444444446,57.846000000000004,0.47333333333333333,28.333333333333332,87.80199999999999,74.339,25.238999999999997,26.0,0.5955555555555555,52.0,0.0
2013-06-08,20.592499999999998,48.05166666666667,1.8699999999999999,27.25,68.64291666666666,74.70666666666666,24.94666666666667,41.19875,0.5529166666666666,43.354166666666664,0.0
2013-06-09,1.3429166666666665,22.078333333333333,1.4979166666666668,12.416666666666666,23.42,68.39916666666666,25.005,51.5925,0.23166666666666666,24.083333333333332,0.4
2013-06-10,46.850833333333334,53.98,6.746666666666666,29.916666666666668,100.82458333333334,67.26083333333334,24.88416666666667,24.61791666666667,0.6566666666666666,53.291666666666664,0.2
2013-06-11,56.76916666666667,63.095416666666665,9.6575,45.75,119.8625,64.91083333333333,25.287916666666664,23.959999999999997,0.7416666666666667,79.75,0.0
2013-06-12,29.2175,62.29708333333334,8.394583333333333,37.166666666666664,91.51791666666666,68.55083333333333,25.210416666666664,22.366249999999997,0.5841666666666666,62.375,0.0
2013-06-13,22.991249999999997,53.74333333333333,1.11375,37.25,76.72166666666666,75.24541666666667,24.52541666666667,26.551666666666666,0.6170833333333333,60.125,0.2
2013-06-14,23.342083333333335,53.955000000000005,2.3562499999999997,37.1875,77.31958333333334,71.5925,24.921666666666667,34.57541666666666,0.6279166666666667,59.083333333333336,6.0
2013-06-15,8.532083333333334,50.74791666666667,2.6154166666666665,24.416666666666668,59.282916666666665,80.71,22.34875,19.993750000000002,0.5408333333333334,34.6875,2.6
2013-06-16,11.998333333333333,38.580416666666665,1.4866666666666666,24.041666666666668,50.57875000000001,73.44958333333334,23.883750000000003,32.06041666666667,0.5308333333333334,33.125,0.0
2013-06-17,62.9425,50.71625,1.643529411764706,22.055555555555557,113.650625,72.69722222222222,23.746666666666666,5.222222222222222,0.6911764705882353,39.27777777777778,0.0
2013-06-18,22.949166666666667,44.94708333333333,0.4621052631578947,11.1875,67.90125,69.93875,24.0925,19.54104166666667,0.49416666666666664,30.666666666666668,0.0
2013-06-19,23.3425,57.88625,3.384583333333333,25.354166666666668,81.2275,70.85583333333334,24.34875,18.62333333333333,0.4066666666666667,48.416666666666664,0.0
2013-06-20,18.542916666666667,56.750416666666666,2.964166666666667,38.958333333333336,75.2925,75.5275,24.592083333333335,21.72083333333333,0.5329166666666667,67.45833333333333,0.0
2013-06-21,82.27916666666667,73.77125,7.714791666666667,45.791666666666664,156.05541666666667,65.86854166666667,25.832708333333333,14.088333333333333,1.154375,82.35416666666667,0.0
2013-06-22,36.43666666666667,45.29270833333334,1.1208333333333333,21.666666666666668,81.72604166666666,56.22979166666667,26.48708333333333,14.260416666666666,0.403125,54.041666666666664,0.1
2013-06-23,5.449166666666667,34.08875,1.0091666666666665,11.0,39.53958333333333,71.67999999999999,22.428749999999997,23.74416666666667,0.3104166666666667,30.833333333333332,0.0
2013-06-24,7.465416666666666,32.04416666666666,0.8177083333333334,11.0,39.509166666666665,71.01916666666666,22.90125,24.190416666666668,0.2754166666666667,32.583333333333336,0.0
2013-06-25,31.46166666666667,50.779583333333335,8.404583333333333,19.8125,82.24,64.73166666666667,24.415833333333335,12.534999999999998,0.505,49.083333333333336,0.0
2013-06-26,58.697291666666665,60.57583333333333,3.615,31.020833333333332,119.26645833333333,70.77708333333334,24.8625,11.278125000000001,0.6910416666666667,65.3125,0.2
2013-06-27,62.10111111111111,60.474444444444444,1.6311111111111112,37.5,122.57388888888889,75.5261111111111,24.52388888888889,10.706666666666667,0.8022222222222222,68.5,0.8
2013-06-28,25.06833333333333,64.7375,1.11,30.666666666666668,89.805,78.31583333333333,24.442083333333333,9.363333333333333,0.6208333333333333,47.458333333333336,0.2
2013-06-29,28.459166666666665,49.12166666666667,2.7266666666666666,23.708333333333332,77.58333333333333,60.879999999999995,27.64,18.579583333333332,0.67125,45.458333333333336,0.0
2013-06-30,33.75395833333334,46.77729166666666,1.6783333333333335,39.708333333333336,80.52854166666667,73.02625,25.374583333333334,19.484166666666667,0.8775,62.5,0.0
2013-07-01,21.856666666666666,52.87083333333334,0.555,22.291666666666668,74.72291666666666,79.56708333333333,24.326666666666668,10.689166666666667,0.55375,39.75,19.200000000000003
2013-07-02,12.769166666666669,42.54083333333333,0.7008333333333333,6.208333333333333,55.31458333333333,85.64208333333333,20.6275,17.953333333333333,0.33499999999999996,15.666666666666666,7.1
2013-07-03,16.08125,43.53583333333333,1.8366666666666667,9.375,59.612500000000004,70.60416666666667,21.86791666666667,12.205416666666666,0.28875,28.75,0.0
2013-07-04,41.933888888888895,45.300555555555555,3.3633333333333333,16.31578947368421,87.23833333333333,66.92138888888888,22.343611111111112,22.73166666666667,0.38999999999999996,38.921052631578945,0.0
2013-07-05,27.40818181818182,59.18090909090909,5.598181818181818,14.545454545454545,86.58909090909091,57.778181818181814,24.622727272727275,24.471818181818183,0.6236363636363637,44.083333333333336,0.0
2013-07-06,87.36333333333334,67.11749999999999,4.817916666666667,40.6875,154.48166666666665,67.3175,23.10375,17.883333333333333,1.0966666666666667,77.02083333333333,0.0
2013-07-07,94.44736842105263,56.92947368421053,1.9942105263157894,66.89473684210526,151.36947368421053,57.12526315789474,24.813157894736843,21.136315789473684,1.3968421052631579,104.3157894736842,0.0
2013-07-08,20.215,44.6675,1.91875,20.375,64.8925,70.099375,24.219375,29.301875,0.27625,44.0,1.9999999999999998
2013-07-09,8.598333333333333,32.597500000000004,0.31708333333333333,7.666666666666667,41.202083333333334,78.93916666666667,21.048750000000002,26.96666666666667,0.23208333333333334,23.083333333333332,2.2
2013-07-10,43.236250000000005,41.781666666666666,1.9233333333333336,13.666666666666666,85.02,69.21958333333333,21.452083333333334,17.169583333333332,0.3866666666666667,38.5,0.0
2013-07-11,56.690416666666664,43.24416666666667,2.0991666666666666,16.208333333333332,99.93291666666666,66.355,21.81833333333333,19.65125,0.465,39.083333333333336,0.0
2013-07-12,63.48681818181819,64.38,3.908181818181818,30.363636363636363,127.86,64.8259090909091,22.69181818181818,15.17681818181818,0.7054545454545454,61.27272727272727,0.0
2013-07-13,89.9375,70.33166666666666,9.735416666666667,36.15384615384615,160.26916666666668,47.7775,28.49208333333333,30.533749999999998,1.3066666666666666,70.3076923076923,0.0
2013-07-14,3.3807692307692303,40.23538461538461,3.1623076923076923,15.428571428571429,43.61692307692307,59.14076923076924,27.93,61.24153846153846,0.2,33.714285714285715,2.9
2013-07-15,27.379583333333333,42.34770833333334,1.5220833333333335,15.229166666666666,69.72479166666666,68.84083333333334,24.685000000000002,26.68166666666667,0.47041666666666665,32.395833333333336,1.0
2013-07-16,12.5575,41.29333333333333,0.38526315789473686,12.375,53.85541666666666,74.56666666666666,22.334999999999997,19.951666666666668,0.34375,26.458333333333332,1.2000000000000002
2013-07-17,48.66,51.40266666666666,3.686,22.0625,100.05733333333335,67.39133333333334,23.830666666666666,25.826666666666664,0.4906666666666667,52.625,0.0
2013-07-18,108.7,76.50636363636364,5.571818181818181,50.90909090909091,185.20636363636365,61.37681818181818,26.389545454545456,17.389318181818183,1.0054545454545456,92.18181818181819,0.0
2013-07-19,69.2321052631579,59.602105263157895,2.610526315789474,39.95,128.83105263157896,64.95526315789475,26.40736842105263,35.06473684210526,0.631578947368421,78.8,1.0
2013-07-20,,,,25.0,,,,,,38.666666666666664,0.0
2013-07-21,7.567142857142857,36.775,1.9628571428571429,13.333333333333334,44.34285714285714,63.294285714285714,27.437142857142856,49.09142857142857,0.2742857142857143,41.0,0.0
2013-07-22,10.9,40.7475,1.7275,13.863636363636363,51.65125,82.30125,23.07125,23.9,0.2825,32.63636363636363,0.0
2013-07-23,14.116666666666667,34.13125,0.1758333333333333,6.979166666666667,48.250416666666666,78.02916666666667,20.439583333333335,22.99416666666667,0.28458333333333335,16.583333333333332,0.0
2013-07-24,28.495416666666667,41.39958333333333,0.8783333333333333,8.791666666666666,69.89291666666666,79.35791666666667,16.094583333333333,12.545,0.3645833333333333,19.958333333333332,9.200000000000001
2013-07-25,35.7675,45.18958333333333,0.8345833333333333,11.25,80.95708333333333,87.96416666666666,16.459166666666665,4.43375,0.4608333333333334,19.770833333333332,10.0
2013-07-26,28.137916666666666,40.46791666666667,1.01875,12.083333333333334,68.60541666666667,70.16166666666668,19.37625,18.988333333333333,0.37375,25.0,0.4
2013-07-27,19.705652173913045,37.90608695652174,1.7595652173913043,10.608695652173912,57.608695652173914,74.19173913043478,20.150434782608695,26.147391304347824,0.4182608695652174,24.91304347826087,0.4
2013-07-28,,,,,,,,,,,
2013-07-29,41.74840909090909,49.07795454545454,1.9638636363636364,27.65909090909091,90.8275,68.52659090909091,20.911136363636363,22.053636363636365,0.5684090909090909,53.27272727272727,0.0
2013-07-30,46.00675,54.26025,4.57575,32.291666666666664,100.27074999999999,65.12174999999999,21.2795,40.12975,0.51875,57.416666666666664,0.0
2013-07-31,17.13923076923077,59.38269230769231,2.276923076923077,39.770833333333336,76.52269230769231,57.75615384615385,24.59307692307692,36.43769230769231,0.45615384615384613,67.70833333333333,0.0
2013-08-01,97.81666666666666,91.99333333333334,7.613421052631579,64.75,189.80999999999997,66.41833333333334,23.339583333333334,4.219444444444445,1.1729166666666666,106.97916666666667,0.0
2013-08-02,174.5,107.14625000000001,8.643157894736841,97.60416666666667,281.6308333333333,59.26291666666666,25.344583333333333,27.813333333333333,1.7093749999999999,172.47916666666666,0.0
2013-08-03,115.12541666666668,104.21125,6.129791666666667,77.83333333333333,219.33875,51.946666666666665,26.610833333333332,35.35041666666667,1.4574999999999998,136.0625,0.0
2013-08-04,58.51791666666667,69.22500000000001,3.258125,58.208333333333336,127.74083333333334,56.40083333333333,26.78916666666667,47.62625,0.9179166666666667,92.0,0.0
2013-08-05,7.772291666666667,44.783125000000005,0.8710416666666667,25.291666666666668,52.55458333333333,73.401875,22.962083333333336,38.781875,0.34145833333333336,51.25,0.0
2013-08-06,29.312291666666667,55.74604166666666,8.338333333333333,33.791666666666664,85.05854166666667,69.63208333333334,23.905833333333334,40.49520833333333,0.523125,70.25,0.0
2013-08-07,20.30333333333333,64.55166666666666,3.372291666666667,43.5,84.85833333333333,70.09,23.77208333333333,29.023750000000003,0.5833333333333334,75.64583333333333,0.0
2013-08-08,14.405294117647058,39.70823529411764,8.679791666666667,24.291666666666668,54.108823529411765,64.09,26.016470588235293,21.462083333333336,0.3311764705882353,49.875,0.0
2013-08-09,45.704,70.506,5.208125,34.375,116.20866666666666,38.202666666666666,30.524,25.344583333333333,0.9579166666666667,77.54166666666667,0.0
2013-08-10,42.69166666666666,55.59166666666667,3.9183333333333334,34.3125,98.28500000000001,61.727916666666665,25.895,33.61958333333333,0.8058333333333333,70.77083333333333,0.0
2013-08-11,13.374583333333334,32.88916666666667,1.2820833333333332,28.020833333333332,46.26916666666667,67.66166666666666,21.355833333333333,28.339583333333334,0.43083333333333335,56.9375,0.0
2013-08-12,36.25208333333333,50.461666666666666,7.225833333333333,24.791666666666668,86.71208333333334,64.10916666666667,22.658749999999998,26.89,0.62,58.041666666666664,0.0
2013-08-13,94.60416666666667,84.17208333333333,9.379791666666668,72.125,178.77625,61.58041666666667,26.45375,34.48041666666666,1.0495833333333333,121.625,0.0
2013-08-14,29.110833333333332,40.025,1.628125,23.791666666666668,69.13375,70.76041666666667,22.623333333333335,35.732083333333335,0.42041666666666666,50.083333333333336,0.1
2013-08-15,19.21875,36.325833333333335,1.7060416666666667,11.916666666666666,55.54416666666666,63.168749999999996,19.10875,31.728333333333335,0.3204166666666667,25.916666666666668,0.0
2013-08-16,24.002499999999998,42.17416666666667,3.945,14.666666666666666,66.17458333333333,61.4625,21.138749999999998,30.375,0.32958333333333334,36.958333333333336,0.0
2013-08-17,6.609583333333333,36.250416666666666,3.3475,13.541666666666666,42.85916666666666,66.62166666666667,22.110833333333332,35.045833333333334,0.30583333333333335,31.208333333333332,0.4
2013-08-18,3.138235294117647,22.90352941176471,0.8494117647058824,5.642857142857143,26.040588235294116,68.23058823529412,21.28058823529412,41.567647058823525,0.20941176470588235,18.1,2.4000000000000004
2013-08-19,9.65625,28.814166666666665,1.3689583333333333,9.181818181818182,38.46875,66.51583333333333,22.113333333333333,34.240833333333335,0.23291666666666666,19.466666666666665,0.0
2013-08-20,4.870416666666666,26.60625,2.4166666666666665,8.541666666666666,31.454583333333332,65.87333333333333,22.857916666666668,40.788333333333334,0.19583333333333333,20.583333333333332,0.0
2013-08-21,23.785833333333333,38.05416666666667,3.8368750000000005,15.541666666666666,61.836666666666666,63.76958333333334,24.66416666666667,32.21583333333333,0.37000000000000005,30.979166666666668,0.0
2013-08-22,44.27916666666667,49.048750000000005,5.630624999999999,22.666666666666668,93.32333333333334,54.12625,27.39833333333333,23.401666666666667,0.5158333333333333,45.875,0.0
2013-08-23,67.10229166666666,56.76229166666667,5.963958333333333,30.270833333333332,123.87791666666668,49.11708333333333,28.91395833333333,39.29625,0.743125,65.1875,0.0
2013-08-24,3.0849999999999995,35.22125,1.238125,29.0,38.31583333333334,65.88666666666667,25.1525,77.35041666666667,0.38375000000000004,56.375,0.1
2013-08-25,3.779583333333333,34.2725,6.238541666666666,34.583333333333336,38.05083333333334,67.46958333333333,25.8175,71.10541666666667,0.45625,62.916666666666664,0.0
2013-08-26,8.15375,36.17458333333334,2.2847916666666666,26.5,44.32708333333333,72.9075,23.154583333333335,40.9075,0.3804166666666667,51.75,0.0
2013-08-27,11.370208333333332,36.04395833333333,1.0508333333333333,13.729166666666666,47.415,79.485,20.164166666666667,21.88625,0.32187499999999997,26.1875,4.6
2013-08-28,24.941875,38.936875,3.095357142857143,13.933333333333334,63.878125,64.315625,19.068125,22.455,0.1993333333333333,30.055555555555557,0.0
2013-08-29,31.715,42.84875,2.7405882352941178,19.9375,74.56333333333333,62.95083333333333,21.104583333333334,32.61708333333333,0.31124999999999997,43.229166666666664,0.0
2013-08-30,23.24291666666667,43.842083333333335,3.3958333333333335,18.666666666666668,67.08333333333333,61.236250000000005,23.540000000000003,37.56458333333333,0.3104166666666667,39.416666666666664,0.0
2013-08-31,5.910833333333333,40.85,3.8358333333333334,16.208333333333332,46.76208333333333,55.715,24.312083333333334,44.38166666666667,0.28291666666666665,37.25,0.0
2013-09-01,13.474166666666667,41.739583333333336,2.200416666666667,21.291666666666668,55.212916666666665,51.52,26.489166666666666,41.78041666666667,0.40625,42.208333333333336,0.0
2013-09-02,31.993750000000002,70.58875,9.547083333333333,34.958333333333336,102.58166666666666,53.52375,27.650833333333335,43.45166666666666,0.6345833333333334,71.16666666666667,0.0
2013-09-03,74.06666666666666,57.877916666666664,2.4825,46.833333333333336,131.9425,61.59791666666666,26.107916666666668,41.49,0.7333333333333334,87.70833333333333,10.2
2013-09-04,13.67375,53.91625,0.47541666666666665,16.895833333333332,67.5925,88.60375,20.322916666666668,24.19458333333333,0.4558333333333333,22.25,33.0
2013-09-05,5.930416666666667,31.690416666666664,0.9545833333333333,11.479166666666666,37.619166666666665,74.96208333333333,22.129583333333333,34.27458333333333,0.19999999999999998,27.75,8.6
2013-09-06,3.9495833333333334,27.430000000000003,1.7816666666666665,9.958333333333334,31.379166666666666,61.364583333333336,23.059583333333332,40.45375,0.18916666666666668,26.916666666666668,0.0
2013-09-07,3.202083333333334,21.881666666666664,1.0758333333333334,9.0,25.084999999999997,63.830000000000005,23.047916666666666,49.74416666666667,0.1991666666666667,22.041666666666668,0.0
2013-09-08,10.4075,36.64958333333333,4.322916666666667,16.708333333333332,47.05708333333333,58.20166666666666,25.42375,47.13666666666666,0.38916666666666666,32.625,0.0
2013-09-09,32.80166666666667,50.05583333333334,4.859166666666667,18.208333333333332,82.85541666666667,59.01,26.325416666666666,24.139166666666668,0.46541666666666665,41.708333333333336,0.0
2013-09-10,7.449285714285714,43.77571428571429,2.560714285714286,27.571428571428573,51.22428571428571,59.85857142857143,27.64071428571429,53.475,0.36214285714285716,59.25,0.0
2013-09-11,4.735833333333333,26.273750000000003,1.6754166666666668,10.25,31.005416666666665,57.47416666666667,26.432916666666667,37.250416666666666,0.18583333333333332,29.166666666666668,0.1
2013-09-12,7.197083333333333,33.95041666666666,3.5999999999999996,14.6875,41.147083333333335,53.981249999999996,26.391666666666666,40.18416666666666,0.22541666666666668,32.916666666666664,0.0
2013-09-13,16.08625,42.772083333333335,4.165,20.416666666666668,58.85916666666666,51.57333333333333,27.452083333333334,40.285,0.32708333333333334,47.75,0.0
2013-09-14,12.105833333333335,37.680416666666666,2.6795833333333334,16.875,49.7875,49.7525,28.843333333333334,33.68083333333333,0.3175,44.875,0.0
2013-09-15,6.872083333333333,37.11958333333333,5.098333333333334,17.375,43.99166666666667,50.94,29.669166666666666,44.965,0.30083333333333334,40.25,0.0
2013-09-16,19.96875,48.06875,3.580833333333333,23.208333333333332,68.03625000000001,48.481249999999996,30.408749999999998,35.09875,0.37833333333333335,51.666666666666664,0.0
2013-09-17,11.322291666666667,46.035625,2.0141666666666667,27.25,57.35916666666666,66.46625,26.928749999999997,32.6225,0.44166666666666665,55.166666666666664,6.5
2013-09-18,11.32875,37.36875,1.1477083333333333,16.25,48.69416666666667,77.85625,23.8275,19.294166666666666,0.3833333333333333,24.479166666666668,0.0
2013-09-19,13.165833333333333,43.544999999999995,0.8333333333333334,16.125,56.70791666666667,75.34875,24.746666666666666,21.83375,0.43250000000000005,29.5625,0.0
2013-09-20,13.368333333333332,44.46812499999999,2.09125,27.125,57.61541666666667,69.67041666666667,27.60083333333333,34.231249999999996,0.4254166666666667,47.791666666666664,0.2
2013-09-21,18.952083333333334,47.69416666666667,4.105416666666667,20.541666666666668,66.645,48.357499999999995,31.013333333333335,23.817916666666665,0.47833333333333333,45.791666666666664,0.1
2013-09-22,7.804583333333333,32.60583333333333,0.5679166666666667,24.125,40.41166666666667,63.248333333333335,27.910833333333333,46.2525,0.40166666666666667,49.166666666666664,0.0
2013-09-23,6.479583333333333,38.49875,3.377083333333333,15.666666666666666,44.97625,72.46916666666667,25.910833333333333,44.41291666666667,0.3441666666666667,31.291666666666668,0.0
2013-09-24,10.56,40.58541666666667,0.23083333333333333,12.75,51.142500000000005,81.54208333333334,23.4475,30.628333333333334,0.37833333333333335,24.833333333333332,1.2000000000000002
2013-09-25,8.961764705882352,23.72941176470588,0.5905882352941176,8.472222222222221,32.688235294117646,63.04117647058824,21.183529411764706,42.55705882352942,0.1688235294117647,25.416666666666668,0.4
2013-09-26,12.331666666666667,30.08966666666667,0.994,10.633333333333333,42.42266666666667,46.90566666666667,22.492,36.895999999999994,0.21633333333333335,31.0,0.1
2013-09-27,22.868750000000002,36.635,1.0795833333333333,12.708333333333334,59.502916666666664,56.25083333333333,21.279166666666665,26.569166666666664,0.35625,31.333333333333332,0.0
2013-09-28,13.308750000000002,32.41625,0.5087499999999999,14.166666666666666,45.72625,53.440416666666664,23.71291666666667,38.265,0.3075,37.208333333333336,0.0
2013-09-29,7.167083333333333,36.65333333333333,2.13875,19.208333333333332,43.817083333333336,75.95875,22.293333333333333,29.020416666666666,0.4191666666666667,31.041666666666668,8.899999999999999
2013-09-30,4.812083333333333,34.81375,1.4391666666666667,15.041666666666666,39.62625,68.6775,25.379166666666666,33.16458333333333,0.29375,29.5,0.0
2013-10-01,23.34125,43.46416666666667,2.1004166666666664,20.833333333333332,66.80291666666666,60.004999999999995,27.355,49.713750000000005,0.47500000000000003,34.833333333333336,0.0
2013-10-02,6.06375,43.74375,0.44375000000000003,24.895833333333332,49.80708333333333,77.93958333333333,24.14833333333333,35.97666666666667,0.43875,36.041666666666664,8.4
2013-10-03,7.82,41.807916666666664,1.0858333333333334,19.916666666666668,49.6275,71.84625,25.75,35.09125,0.41,35.875,0.1
2013-10-04,18.334444444444443,48.65111111111111,2.032222222222222,24.5,66.98611111111111,83.50055555555555,24.47222222222222,16.669444444444444,0.5461111111111111,38.8421052631579,9.4
2013-10-05,5.95,35.73428571428572,1.247142857142857,14.75,41.68428571428571,59.66428571428571,22.50142857142857,40.848571428571425,0.2742857142857143,30.75,0.0
2013-10-06,5.003333333333333,27.133333333333336,0.6441666666666667,10.895833333333334,32.13625,59.2125,22.538749999999997,42.339999999999996,0.27208333333333334,23.958333333333332,0.1
2013-10-07,26.04625,46.10458333333333,0.42083333333333334,14.75,72.15041666666666,78.3425,20.044999999999998,9.07625,0.4041666666666666,29.541666666666668,5.1000000000000005
2013-10-08,8.713541666666666,29.342708333333334,0.7925,11.8125,38.057916666666664,63.45041666666666,22.310833333333335,29.0275,0.17020833333333332,22.3125,0.0
2013-10-09,8.917916666666667,27.327916666666667,1.7314583333333333,11.0,36.24166666666667,57.05875,23.118333333333336,36.6675,0.170625,31.083333333333332,0.1
2013-10-10,5.8525,26.072916666666668,0.7487499999999999,9.416666666666666,31.925,54.98500000000001,24.114583333333332,45.444583333333334,0.15666666666666665,29.041666666666668,0.0
2013-10-11,5.694375,27.103958333333335,1.3729166666666668,10.125,32.794583333333335,55.442499999999995,24.552083333333332,37.76416666666667,0.155,28.583333333333332,0.0
2013-10-12,3.51,20.734583333333333,1.3191666666666666,10.708333333333334,24.245,54.53958333333333,25.547916666666666,42.360416666666666,0.19083333333333333,24.708333333333332,0.0
2013-10-13,3.0187500000000003,22.611666666666665,3.5083333333333333,12.666666666666666,25.62875,47.61083333333334,27.837083333333336,43.528333333333336,0.18666666666666668,24.208333333333332,0.0
2013-10-14,20.430526315789475,59.345789473684206,3.5192105263157893,22.375,79.77631578947368,49.12421052631579,29.410526315789472,31.38473684210526,0.41210526315789475,52.333333333333336,0.0
2013-10-15,14.989583333333334,44.70708333333334,1.5691666666666668,25.625,59.696666666666665,67.535,26.021666666666665,30.499583333333334,0.37000000000000005,52.229166666666664,0.0
2013-10-16,21.09208333333333,59.86333333333334,0.25375,27.395833333333332,80.955,86.94875,23.400000000000002,13.527499999999998,0.5429166666666667,35.916666666666664,28.9
2013-10-17,18.06625,44.77041666666667,0.5995833333333332,18.125,62.83625,81.53875000000001,24.273750000000003,17.957083333333333,0.44416666666666665,27.875,4.3999999999999995
2013-10-18,17.822916666666668,49.57749999999999,2.0575,20.958333333333332,67.40041666666666,74.73375,24.728333333333335,26.1075,0.44,35.395833333333336,3.2
2013-10-19,15.670833333333334,43.12375,0.6970833333333334,13.770833333333334,58.793749999999996,67.91583333333334,25.197916666666668,40.59916666666667,0.42124999999999996,22.4375,0.2
2013-10-20,2.1470833333333332,29.8125,1.2495833333333333,14.041666666666666,31.95875,61.23916666666667,28.390833333333333,61.999583333333334,0.29,23.270833333333332,0.0
2013-10-21,6.350833333333334,52.86333333333334,7.90375,32.5625,59.21458333333334,53.74375,32.392916666666665,72.78166666666667,0.45875,51.395833333333336,0.0
2013-10-22,10.320416666666667,43.24666666666667,1.91375,24.0,53.57708333333333,62.10166666666667,28.33458333333333,56.72666666666667,0.44249999999999995,46.583333333333336,0.0
2013-10-23,6.442916666666666,43.053333333333335,2.1454166666666667,28.395833333333332,49.53666666666667,64.26833333333333,28.60875,58.07458333333333,0.3725,50.9375,0.1
2013-10-24,12.1725,47.90083333333333,4.17125,23.083333333333332,60.07458333333333,54.873333333333335,30.712083333333336,57.73,0.38375000000000004,49.916666666666664,0.0
2013-10-25,4.6450000000000005,30.500833333333333,0.386875,22.458333333333332,35.14458333333334,70.11833333333333,26.592083333333335,46.76916666666667,0.30375,40.895833333333336,0.0
2013-10-26,3.4204166666666667,24.27916666666667,0.9604166666666667,7.875,27.697083333333335,69.14916666666666,26.92458333333333,39.598333333333336,0.2916666666666667,19.916666666666668,0.0
2013-10-27,12.982083333333334,31.760416666666668,1.4339583333333332,14.0,44.74208333333333,61.30291666666667,27.70875,39.038333333333334,0.41958333333333336,33.458333333333336,0.6000000000000001
2013-10-28,6.790833333333333,24.574166666666667,0.44354166666666667,10.625,31.362916666666667,55.94958333333333,24.655416666666667,44.29541666666666,0.16375,35.125,0.0
2013-10-29,10.691666666666668,29.35083333333333,2.0968750000000003,13.708333333333334,40.04333333333333,53.80458333333333,23.179999999999996,31.780416666666667,0.211875,38.625,0.0
2013-10-30,6.539791666666666,34.33541666666667,1.3633333333333333,14.375,40.87375,58.25458333333333,23.849999999999998,32.55291666666667,0.20583333333333334,42.958333333333336,0.0
2013-10-31,4.183333333333334,27.367499999999996,0.7702083333333333,9.875,31.551666666666666,70.28041666666667,22.774583333333336,30.425,0.20666666666666667,21.458333333333332,0.2
2013-11-01,5.425833333333333,25.024583333333336,0.6075,8.708333333333334,30.45,57.8675,24.215416666666666,44.63291666666667,0.18125000000000002,23.708333333333332,0.0
2013-11-02,1.8233333333333333,18.785555555555554,1.0914285714285714,11.545454545454545,20.604444444444443,57.59888888888889,25.013333333333335,46.45666666666667,0.1577777777777778,33.63636363636363,0.0
2013-11-03,2.7279166666666668,20.432083333333335,2.326875,10.125,23.160416666666666,49.451249999999995,27.41208333333333,55.17250000000001,0.19541666666666668,23.916666666666668,0.0
2013-11-04,13.575416666666667,38.214166666666664,2.0833333333333335,17.791666666666668,51.788333333333334,55.28958333333333,27.015833333333333,53.178333333333335,0.2654166666666667,39.666666666666664,0.1
2013-11-05,14.393333333333333,36.623333333333335,0.7333333333333334,12.333333333333334,51.01791666666667,74.06541666666666,23.29625,30.68166666666667,0.32083333333333336,26.666666666666668,0.2
2013-11-06,29.122083333333332,42.28125,0.7725,9.35,71.40375,87.22625,20.902916666666666,10.275416666666667,0.4454166666666666,14.491666666666667,22.299999999999997
2013-11-07,30.917083333333334,53.04291666666666,0.50625,13.7,83.96041666666666,89.28833333333334,21.326249999999998,8.859166666666667,0.48875,17.12222222222222,29.6
2013-11-08,28.255,51.87083333333334,1.6197916666666667,19.458333333333332,80.12625,74.60000000000001,23.825,18.108333333333334,0.48333333333333334,35.5,0.0
2013-11-09,17.860833333333336,37.626666666666665,1.6104166666666666,13.125,55.48791666666667,66.69625,26.51375,32.28208333333333,0.3904166666666667,28.5,0.0
2013-11-10,2.2805555555555554,21.182222222222222,2.983888888888889,7.75,23.464444444444446,59.57555555555555,29.192222222222224,50.45611111111111,0.2122222222222222,18.833333333333332,0.0
2013-11-11,9.8225,50.541666666666664,7.137708333333333,17.333333333333332,60.36166666666667,54.16708333333333,32.12583333333333,63.44958333333333,0.3729166666666666,37.104166666666664,0.0
2013-11-12,24.135833333333334,54.38999999999999,2.4660526315789473,21.541666666666668,78.52541666666666,50.87770833333334,33.473125,47.677083333333336,0.5114583333333333,45.958333333333336,4.4
2013-11-13,6.987916666666667,28.5975,1.4066666666666665,11.770833333333334,35.585,56.79708333333334,26.517083333333332,48.87625,0.23124999999999998,23.9375,0.0
2013-11-14,9.225416666666666,27.23875,0.531875,10.75,36.46625,53.48499999999999,25.639583333333334,36.88041666666667,0.19416666666666668,32.041666666666664,0.0
2013-11-15,3.455,20.818749999999998,1.1047368421052632,12.5,24.276666666666667,54.76791666666667,27.16333333333333,45.187916666666666,0.26999999999999996,31.916666666666668,0.0
2013-11-16,11.14125,34.06,4.366041666666667,13.604166666666666,45.20083333333333,48.276250000000005,30.94,42.31666666666667,0.3754166666666667,32.395833333333336,0.0
2013-11-17,5.734583333333333,35.72416666666667,4.836041666666667,13.25,41.45666666666667,82.66666666666667,23.273333333333337,41.23583333333333,0.3825,20.708333333333332,32.6
2013-11-18,18.124583333333334,43.35,2.900625,12.5,61.47541666666667,69.53166666666667,24.812916666666666,34.1875,0.3833333333333333,23.5625,0.0
2013-11-19,16.717916666666667,45.275,5.109791666666667,17.520833333333332,61.993125,60.03208333333333,29.473333333333333,39.525,0.40208333333333335,36.666666666666664,7.4
2013-11-20,5.427916666666667,31.42375,4.649791666666666,18.083333333333332,36.852916666666665,54.47208333333333,31.04875,50.57208333333333,0.29583333333333334,34.125,0.0
2013-11-21,7.975208333333334,42.905833333333334,4.0136111111111115,18.791666666666668,50.87979166666667,47.44625,31.999583333333334,60.545625,0.3077083333333333,41.604166666666664,0.0
2013-11-22,8.93125,39.6425,1.1545833333333333,13.652173913043478,48.572916666666664,74.17875,25.984583333333333,39.121249999999996,0.43875,20.782608695652176,29.0
2013-11-23,14.9235,48.6305,1.1225,18.066666666666666,63.5545,85.4,23.121000000000002,21.3725,0.4491666666666667,22.6,21.4
2013-11-24,10.857272727272727,30.826363636363638,1.684375,9.909090909090908,41.68272727272727,81.5190909090909,24.844545454545457,25.031666666666666,0.33125,16.59090909090909,6.4
2013-11-25,19.488333333333333,39.990833333333335,1.4379166666666665,12.805555555555555,59.479166666666664,87.315,24.0325,7.3975,0.40625,15.472222222222221,10.2
2013-11-26,14.60125,30.037916666666664,1.79625,7.505263157894737,44.63833333333333,83.23291666666667,24.27416666666667,9.6525,0.2975,10.894736842105264,7.0
2013-11-27,10.271666666666667,30.79375,0.9791666666666666,9.1,41.066250000000004,63.497083333333336,28.10166666666667,23.699166666666667,0.28,18.375,0.0
2013-11-28,33.037083333333335,44.87041666666667,3.3562499999999997,17.0,77.90791666666667,50.81,31.288749999999997,21.358333333333334,0.5058333333333334,33.666666666666664,0.0
2013-11-29,16.18916666666667,46.9125,2.6454166666666667,20.25,63.10041666666667,59.335,30.106666666666666,44.03666666666666,0.4075,41.666666666666664,0.2
2013-11-30,8.604166666666666,34.38708333333333,0.67625,15.208333333333334,42.992916666666666,79.4725,26.436666666666667,28.930833333333336,0.43041666666666667,24.229166666666668,18.0
2013-12-01,12.637083333333335,39.85875,5.1658333333333335,14.041666666666666,52.49541666666667,84.78958333333334,25.77125,13.520833333333334,0.5633333333333334,19.458333333333332,8.8
2013-12-02,17.203333333333333,57.69083333333333,3.9311764705882353,24.6875,74.92458333333333,74.09375,28.276666666666667,27.792105263157893,0.5683333333333334,38.25,1.2
2013-12-03,16.457083333333333,40.29125,0.62,14.541666666666666,56.7525,57.45291666666666,30.107916666666668,30.013333333333332,0.38833333333333336,25.4375,0.0
2013-12-04,11.970416666666665,47.35916666666666,3.045833333333333,19.291666666666668,59.32749999999999,53.53125,31.559166666666666,45.83166666666667,0.42,35.416666666666664,0.2
2013-12-05,11.229791666666666,50.78458333333333,2.72,16.5,62.01708333333334,57.63583333333333,31.81458333333333,58.90958333333333,0.3954166666666667,43.958333333333336,33.8
2013-12-06,17.357916666666668,46.32833333333334,2.6079166666666667,14.229166666666666,63.690416666666664,67.22916666666667,26.84583333333333,39.058749999999996,0.4891666666666667,25.3125,0.0
2013-12-07,3.5383333333333336,27.035833333333333,0.8720833333333333,14.083333333333334,30.574166666666667,68.28791666666667,27.65041666666667,37.44916666666666,0.34708333333333335,30.854166666666668,0.2
2013-12-08,1.7845833333333332,16.062083333333334,1.3870833333333332,12.208333333333334,17.842916666666667,64.39958333333333,29.150833333333335,48.58958333333334,0.28125,25.5,0.0
2013-12-09,5.501458333333333,35.375,2.445,11.25,40.877291666666665,58.1,31.545625,48.93395833333333,0.32458333333333333,26.375,0.2
2013-12-10,20.515416666666667,51.09958333333333,1.4154166666666665,21.104166666666668,71.61375,65.47791666666667,30.618333333333336,27.22,0.54625,37.9375,46.80000000000001
2013-12-11,6.922916666666667,36.91041666666667,0.5325,12.625,43.83375,91.87458333333335,24.56,26.175416666666667,0.4245833333333333,15.041666666666666,185.60000000000002
2013-12-12,25.520416666666666,35.649166666666666,1.1916666666666667,9.145833333333334,61.16958333333333,82.35875,24.127916666666668,10.1875,0.43124999999999997,21.1875,2.8000000000000003
2013-12-13,30.32083333333333,36.00083333333333,1.8379166666666666,12.583333333333334,66.32041666666667,75.06875,24.34125,6.729583333333333,0.42291666666666666,32.833333333333336,0.4
2013-12-14,13.034583333333332,26.736666666666668,0.9145833333333333,8.166666666666666,39.770833333333336,64.54,26.539583333333336,27.612499999999997,0.3095833333333334,20.34375,0.4
2013-12-15,4.527083333333334,22.766666666666666,1.1645833333333333,7.791666666666667,27.293333333333333,64.11208333333333,27.399583333333336,29.29875,0.29291666666666666,18.895833333333332,0.0
2013-12-16,16.4725,28.838333333333335,1.4404166666666667,9.5,45.31041666666667,66.36833333333333,25.895,20.441666666666666,0.3025,19.666666666666668,0.0
2013-12-17,25.120833333333334,40.83041666666667,3.6195833333333334,16.0625,65.94875,76.48458333333333,24.28,7.877083333333334,0.38833333333333336,24.920833333333334,0.6000000000000001
2013-12-18,22.842916666666667,35.958333333333336,0.8870833333333333,13.125,58.79750000000001,75.61166666666666,24.846666666666668,14.822916666666666,0.405,20.266666666666666,2.4000000000000004
2013-12-19,17.21375,34.22416666666667,0.6279166666666667,11.375,51.44708333333333,76.44166666666666,25.74791666666667,23.691666666666666,0.3958333333333333,17.25,1.4000000000000001
2013-12-20,19.06625,35.88291666666667,0.8070833333333334,12.583333333333334,54.94916666666666,71.55125,26.74083333333333,20.113333333333333,0.41375,20.6875,0.0
2013-12-21,18.944583333333334,38.827083333333334,0.9079166666666666,12.25,57.770833333333336,70.46791666666667,26.635833333333334,12.571666666666665,0.46375000000000005,20.666666666666668,0.8
2013-12-22,20.41208333333333,34.95291666666667,1.9895833333333333,16.666666666666668,55.36666666666667,77.08166666666666,26.082083333333333,11.354583333333332,0.54125,25.583333333333332,1.0
2013-12-23,24.550833333333333,40.089166666666664,0.9245833333333332,14.25,64.63291666666667,76.09125,26.341250000000002,13.930833333333332,0.5083333333333333,23.9375,0.2
2013-12-24,21.811666666666667,37.303333333333335,2.2241666666666666,18.291666666666668,59.11416666666667,72.89083333333333,27.08875,16.142083333333336,0.46375000000000005,30.75,1.4
2013-12-25,8.4175,26.00791666666667,2.15,19.541666666666668,34.428333333333335,68.7275,28.266666666666666,23.062083333333334,0.43124999999999997,26.291666666666668,0.2
2013-12-26,12.381666666666668,31.65625,2.307916666666667,16.208333333333332,44.04,65.65166666666666,29.506249999999998,36.339999999999996,0.39208333333333334,28.416666666666668,0.0
2013-12-27,14.82625,51.99166666666667,2.4183333333333334,27.8125,66.81333333333333,57.42875,31.4175,50.25958333333333,0.5054166666666667,45.625,0.0
2013-12-28,12.68,47.14833333333333,3.7935416666666666,27.416666666666668,59.82749999999999,56.09791666666666,32.52291666666667,42.58166666666667,0.47125,47.958333333333336,0.0
2013-12-29,5.70625,37.8875,4.620833333333334,25.520833333333332,43.593333333333334,63.44916666666666,31.95,50.97416666666666,0.49541666666666667,36.375,11.8
2013-12-30,25.432499999999997,41.3875,1.657,20.45,66.8175,54.224000000000004,33.8015,31.2315,0.5734999999999999,32.6,42.6
2013-12-31,,,,,,,,,,,
2014-01-01,2.1894117647058824,23.238235294117647,1.8811764705882352,16.38888888888889,25.407647058823528,44.10588235294117,35.765882352941176,55.121764705882356,0.33,23.36111111111111,0.0
2014-01-02,5.204583333333333,41.92041666666667,2.2870833333333334,13.895833333333334,47.115,55.581250000000004,32.89125,62.57583333333333,0.42416666666666664,24.5,50.400000000000006
2014-01-03,14.075999999999999,45.46666666666667,1.2906666666666666,20.4375,59.541333333333334,55.10333333333333,35.09466666666666,43.980000000000004,0.46,40.5625,0.0
2014-01-04,2.822307692307692,24.300769230769234,1.5084615384615385,15.846153846153847,27.12076923076923,57.58428571428571,33.67642857142857,46.93214285714286,,19.846153846153847,0.0
2014-01-05,2.8091666666666666,31.60020833333333,3.0975,24.541666666666668,34.40916666666667,61.134166666666665,31.334166666666665,66.82875,0.3729166666666666,33.5625,0.0
2014-01-06,8.637916666666667,40.77833333333333,1.5720833333333333,23.333333333333332,49.38666666666666,57.873333333333335,30.964583333333334,49.51125,0.3695833333333333,37.125,0.0
2014-01-07,7.60625,32.69375,2.4141666666666666,14.520833333333334,40.29083333333333,54.74458333333333,30.65416666666667,44.33958333333334,0.25125000000000003,27.645833333333332,0.0
2014-01-08,7.524791666666666,37.29479166666666,4.356875,14.666666666666666,44.81729166666667,49.99979166666666,32.140208333333334,40.40875,0.31895833333333334,28.3125,0.0
2014-01-09,17.719166666666666,44.003125000000004,2.5785416666666667,19.541666666666668,61.72604166666667,50.86958333333333,32.78208333333333,42.72229166666667,0.3429166666666667,39.645833333333336,0.0
2014-01-10,8.4625,29.478333333333335,1.9675,18.333333333333332,37.937083333333334,55.30166666666667,32.399166666666666,35.98166666666666,0.34375,30.854166666666668,0.0
2014-01-11,7.4125000000000005,30.995,3.7125,20.541666666666668,38.41041666666667,52.01083333333333,33.87375,37.841249999999995,0.41958333333333336,29.895833333333332,0.0
2014-01-12,4.455,32.242916666666666,3.42,27.6875,36.696666666666665,56.12958333333333,32.629583333333336,60.336666666666666,0.4725,41.354166666666664,0.0
2014-01-13,5.475416666666667,32.96458333333333,2.6304166666666666,26.666666666666668,38.44083333333334,56.74666666666667,32.46875,50.77125,0.3770833333333334,43.291666666666664,8.6
2014-01-14,6.876666666666668,37.84791666666667,2.3541666666666665,24.8125,44.64291666666667,60.18625,32.38125,51.959583333333335,0.435,37.0,17.599999999999998
2014-01-15,8.065833333333334,44.359166666666674,1.9883333333333333,31.5,52.42208333333334,54.87125,33.04625,63.423750000000005,0.5320833333333334,48.083333333333336,0.0
2014-01-16,6.829166666666667,46.576249999999995,1.8183333333333334,28.791666666666668,53.406666666666666,60.9925,31.284583333333334,60.32208333333333,0.4666666666666666,43.333333333333336,97.6
2014-01-17,20.2525,61.28458333333333,3.4020833333333336,28.979166666666668,81.53875000000001,72.40625,27.483333333333334,50.102916666666665,0.5875,41.166666666666664,2.4000000000000004
2014-01-18,10.366666666666667,37.32375,0.72375,17.166666666666668,47.69,64.6025,28.35875,38.062083333333334,0.4683333333333333,24.770833333333332,0.0
2014-01-19,5.507083333333333,27.179166666666664,1.415,22.555555555555557,32.685833333333335,62.195,29.197916666666668,40.54125,0.3933333333333333,28.0,0.0
2014-01-20,8.488333333333333,29.905416666666667,1.1745833333333333,22.520833333333332,38.395,57.10999999999999,30.934166666666666,44.699999999999996,0.3729166666666666,30.833333333333332,0.0
2014-01-21,7.689583333333334,35.46375,1.8595833333333334,22.875,43.15,56.10208333333333,32.544583333333335,45.479166666666664,0.4008333333333333,35.895833333333336,0.0
2014-01-22,9.695416666666667,41.55458333333333,1.3483333333333334,24.208333333333332,51.2475,54.47875,33.458333333333336,46.83625000000001,0.46166666666666667,40.0,0.0
2014-01-23,8.952916666666667,53.15708333333333,6.725625,32.541666666666664,62.10874999999999,51.59375,33.72625,63.42125000000001,0.49333333333333335,50.458333333333336,0.0
2014-01-24,6.742083333333333,41.76708333333333,2.2925,25.895833333333332,48.50791666666667,50.71541666666667,33.34666666666667,55.79833333333334,0.39916666666666667,41.291666666666664,0.0
2014-01-25,5.152916666666667,44.76666666666667,10.971458333333333,27.75,49.91708333333333,48.46083333333333,32.78333333333333,80.99083333333333,0.52375,42.291666666666664,0.0
2014-01-26,1.9866666666666666,34.862500000000004,1.4520833333333334,30.145833333333332,36.852916666666665,54.01708333333334,32.72083333333333,74.66083333333333,0.4770833333333333,42.541666666666664,0.0
2014-01-27,5.02125,38.36125,2.21625,28.125,43.37708333333333,53.010416666666664,32.604791666666664,60.86958333333333,0.4483333333333333,44.333333333333336,0.0
2014-01-28,7.243333333333333,33.647083333333335,3.5574999999999997,21.333333333333332,40.889583333333334,47.32875000000001,32.98708333333334,50.694583333333334,0.29250000000000004,37.916666666666664,0.0
2014-01-29,8.88875,36.93666666666667,3.9250000000000003,21.125,45.819583333333334,44.65833333333333,33.020833333333336,56.962916666666665,0.36833333333333335,38.625,0.0
2014-01-30,8.752708333333333,32.819583333333334,3.7122916666666668,20.583333333333332,41.54833333333333,48.48916666666667,32.98083333333333,41.116458333333334,0.351875,37.583333333333336,0.0
2014-01-31,7.5754166666666665,33.01125,7.529791666666667,19.625,40.58958333333333,45.58208333333334,33.38583333333333,51.8775,0.3566666666666667,38.1875,0.0
2014-02-01,9.679583333333333,32.16125,3.8220833333333335,24.166666666666668,41.839999999999996,45.534166666666664,33.75208333333333,45.74333333333333,0.39125000000000004,39.541666666666664,0.0
2014-02-02,3.90375,23.965,2.3979166666666667,18.895833333333332,27.868333333333336,50.725,33.5625,42.67791666666667,0.38166666666666665,28.208333333333332,0.0
2014-02-03,7.403333333333333,32.16854166666666,2.7095833333333332,21.583333333333332,39.57208333333333,50.757083333333334,33.705,12.998181818181818,0.395,32.416666666666664,0.0
2014-02-04,6.623636363636364,35.447272727272725,0.396,19.09375,42.06818181818182,41.17090909090909,35.74181818181818,,0.3336363636363636,37.71052631578947,0.0
2014-02-05,8.47625,32.442083333333336,4.157916666666667,23.125,40.910000000000004,46.00875,33.665,,0.32125,37.125,0.0
2014-02-06,6.045833333333333,27.179166666666664,2.6304166666666666,16.125,33.22291666666667,43.932500000000005,33.4075,,0.29875,29.125,0.0
2014-02-07,7.207916666666667,35.62708333333333,3.7114583333333333,25.6875,42.8325,45.97666666666667,33.79208333333333,53.77384615384616,0.4216666666666667,39.479166666666664,0.0
2014-02-08,9.650416666666667,36.14625,4.9835416666666665,37.958333333333336,45.79625000000001,40.3975,34.744166666666665,49.12083333333334,0.45291666666666663,56.854166666666664,0.0
2014-02-09,5.35125,31.448333333333334,3.056875,22.916666666666668,36.80041666666667,41.194583333333334,34.24208333333333,42.73416666666666,0.36791666666666667,35.020833333333336,0.0
2014-02-10,9.746666666666668,37.471666666666664,2.555625,31.75,47.2175,43.285833333333336,33.98916666666667,48.44375,0.4345833333333333,52.541666666666664,0.0
2014-02-11,8.915833333333333,39.877916666666664,3.4308333333333336,27.333333333333332,48.79291666666666,43.787083333333335,33.18541666666667,44.195,0.4033333333333333,44.708333333333336,0.0
2014-02-12,10.22,39.068333333333335,3.6547916666666667,29.041666666666668,49.282916666666665,41.799166666666665,33.25791666666667,47.33166666666667,0.40625,49.0,0.0
2014-02-13,18.63625,44.36291666666667,4.832291666666667,25.333333333333332,62.99791666666667,41.12208333333333,34.26083333333333,46.49791666666667,0.4583333333333333,48.583333333333336,0.0
2014-02-14,13.070416666666667,44.86375,3.9302083333333333,36.270833333333336,57.93541666666667,52.65833333333333,32.09916666666667,44.193333333333335,0.5233333333333333,59.958333333333336,0.0
2014-02-15,5.0477083333333335,43.837291666666665,5.739027777777778,26.541666666666668,48.89166666666667,60.78208333333333,29.153125,52.46145833333333,0.5260416666666666,35.75,0.0
2014-02-16,2.7229166666666664,33.110416666666666,2.010972222222222,29.15,35.83208333333334,74.635,27.385416666666668,42.14041666666667,0.45083333333333336,36.25,21.400000000000002
2014-02-17,11.835,46.73833333333334,2.795,19.782608695652176,58.571666666666665,71.40208333333334,26.764166666666668,20.754583333333333,0.4154166666666667,26.130434782608695,0.0
2014-02-18,9.906666666666666,28.409166666666668,0.5785416666666666,11.65,38.312916666666666,64.98125,27.41875,15.477916666666665,0.30833333333333335,22.5,0.2
2014-02-19,10.02,29.98625,3.345625,11.1,40.00541666666667,64.27083333333333,27.157083333333333,15.25625,0.3025,22.35,9.2
2014-02-20,18.584166666666665,44.212916666666665,2.7175,17.333333333333332,62.802083333333336,55.022083333333335,29.148749999999996,25.82625,0.35625,36.083333333333336,0.0
2014-02-21,17.164166666666667,47.0825,5.605833333333333,28.25,64.25583333333334,50.770833333333336,31.13083333333333,44.024166666666666,0.40208333333333335,50.5,0.0
2014-02-22,10.872916666666667,43.86416666666667,5.613125,15.833333333333334,54.73833333333334,46.39041666666666,32.07541666666666,34.76833333333333,0.42791666666666667,35.875,0.0
2014-02-23,5.353750000000001,25.616249999999997,3.8385416666666665,13.958333333333334,30.96875,48.60041666666667,32.687083333333334,35.58166666666667,0.33041666666666664,25.208333333333332,0.0
2014-02-24,10.368333333333334,38.32041666666667,2.067083333333333,18.4375,48.69083333333333,53.72708333333333,31.596249999999998,33.35583333333333,0.4145833333333333,33.729166666666664,0.0
2014-02-25,18.09958333333333,53.45291666666666,5.9902083333333325,28.916666666666668,71.55208333333333,51.97125,32.47708333333333,43.26958333333334,0.5316666666666666,56.833333333333336,0.0
2014-02-26,8.641666666666667,36.376666666666665,3.670625,22.0,45.020833333333336,48.97541666666667,32.83541666666667,44.71625,0.44854166666666667,47.229166666666664,0.0
2014-02-27,,,3.452,23.75,,43.54458333333333,34.56333333333333,33.017916666666665,0.4991666666666667,53.208333333333336,0.0
2014-02-28,,,3.115,18.666666666666668,,55.98166666666666,31.19333333333333,47.60208333333333,0.38875,41.875,0.4
2014-03-01,,,7.775833333333334,19.458333333333332,,54.861250000000005,,52.405833333333334,0.47875,34.8125,0.2
2014-03-02,,,5.434666666666667,24.875,,61.700625,29.755,49.96875,0.45375,32.23529411764706,1.2
2014-03-03,,,3.6302083333333335,26.979166666666668,,66.97833333333334,28.339166666666667,39.195,0.4295833333333334,38.020833333333336,0.0
2014-03-04,,,6.260416666666667,15.8125,,59.288333333333334,29.592083333333335,25.791666666666668,0.31416666666666665,26.083333333333332,0.0
2014-03-05,,,5.635416666666667,13.375,,55.09708333333333,30.458333333333332,28.74208333333333,0.32958333333333334,24.75,0.0
2014-03-06,,,4.383333333333334,21.375,,74.35583333333334,27.579166666666666,9.241666666666667,0.5908333333333333,35.729166666666664,6.800000000000001
2014-03-07,,,1.8829166666666666,16.125,,67.219375,28.2525,24.497708333333335,0.5347916666666667,29.958333333333332,0.4
2014-03-08,,,1.1060416666666668,13.729166666666666,,89.76770833333335,24.401875,13.135625,0.6345833333333334,22.1875,47.6
2014-03-09,,,5.232916666666667,17.020833333333332,,70.51125,28.242499999999996,33.26708333333333,0.6083333333333333,27.0,0.2
2014-03-10,,,8.736875,20.916666666666668,,59.375416666666666,31.335416666666664,37.446666666666665,0.5810416666666667,39.708333333333336,0.0
2014-03-11,,,5.627291666666667,15.3125,,53.268750000000004,32.11666666666667,34.90708333333333,0.43124999999999997,35.958333333333336,0.0
2014-03-12,,,5.817291666666667,23.6875,,64.77416666666666,30.22875,48.58208333333334,0.5170833333333333,44.75,0.0
2014-03-13,,,3.356666666666667,29.884615384615383,,68.44538461538461,29.457692307692305,43.23384615384615,0.45153846153846156,52.69230769230769,0.0
2014-03-14,,,,,,,,,,,
2014-03-15,,,,,,,,,,,
2014-03-16,,,,,,,,,,,
2014-03-17,,,,,,,,,,,
2014-03-18,,,,,,,,,,,
2014-03-19,,,,,,,,,,,
2014-03-20,,,,,,,,,,,
2014-03-21,,,,,,,,,,,
2014-03-22,,,,,,,,,,,
2014-03-23,,,,,,,,,,,
2014-03-24,,,,,,,,,,,
2014-03-25,29.939999999999998,52.861000000000004,2.0215,7.5,82.80199999999999,77.959,24.634,10.251000000000001,0.615,27.1,4.4
2014-03-26,26.36441176470588,53.819705882352935,2.489117647058823,4.5,80.18764705882353,77.4664705882353,26.356470588235293,11.194705882352942,0.4567647058823529,22.03125,1.6
2014-03-27,40.00083333333333,55.35833333333333,2.46375,11.645833333333334,95.3625,72.37166666666667,27.094166666666666,13.78375,0.5095833333333334,32.645833333333336,0.0
2014-03-28,22.5725,48.324999999999996,3.5926315789473686,8.333333333333334,70.89625,66.54708333333333,28.074166666666667,20.987916666666667,0.4358333333333333,25.333333333333332,0.0
2014-03-29,19.722083333333334,41.73208333333333,2.0357894736842104,14.041666666666666,61.4575,65.90583333333333,28.544166666666666,29.71875,0.4695833333333333,31.645833333333332,0.0
2014-03-30,5.62375,34.94416666666667,3.0908333333333338,9.583333333333334,40.568333333333335,61.38833333333333,29.889583333333334,38.02625,0.36520833333333336,19.416666666666668,0.0
2014-03-31,18.521875,63.32895833333333,5.769791666666666,20.5,81.85125000000001,65.02166666666666,29.8,25.16458333333333,0.5337500000000001,40.5,0.0
2014-04-01,16.892083333333332,61.137499999999996,8.487499999999999,18.708333333333332,78.02666666666667,62.26333333333333,29.68625,32.552083333333336,0.5058333333333334,38.25,0.0
2014-04-02,12.395416666666668,67.14916666666666,3.761875,27.791666666666668,79.55666666666666,68.70291666666667,28.702916666666667,35.6925,0.5433333333333333,47.0,0.0
2014-04-03,24.510416666666668,57.99583333333334,1.5695833333333333,25.333333333333332,82.50916666666667,71.47041666666667,28.074583333333333,19.382916666666667,0.49625,41.354166666666664,0.0
2014-04-04,5.8933333333333335,35.02166666666667,5.758,10.208333333333334,40.915,71.35625,27.117499999999996,15.161458333333334,0.3625,23.854166666666668,3.8000000000000003
2014-04-05,5.182222222222222,29.727777777777778,1.0222222222222221,12.104166666666666,34.81,66.82684210526315,26.371052631578948,12.508947368421053,0.3977777777777778,24.27777777777778,0.0
2014-04-06,8.61875,40.165416666666665,5.7275,16.416666666666668,48.776250000000005,57.821666666666665,27.895416666666666,42.3375,0.32416666666666666,31.291666666666668,0.0
2014-04-07,23.38791666666667,64.8875,10.054166666666667,25.0,88.27749999999999,63.80291666666667,27.20583333333333,40.81166666666667,0.5645833333333333,47.0,4.8
2014-04-08,10.532083333333334,71.30458333333333,3.4144444444444444,34.083333333333336,81.83,61.336666666666666,27.632916666666663,58.567083333333336,0.50375,62.208333333333336,0.0
2014-04-09,17.355416666666667,79.26583333333333,7.6275,30.916666666666668,96.62041666666666,62.48916666666667,29.194999999999997,56.33083333333334,0.6058333333333333,66.29166666666667,0.0
2014-04-10,10.58875,64.32083333333334,3.0379166666666664,23.375,74.90291666666667,62.55833333333334,28.846249999999998,48.25791666666667,0.5208333333333334,46.791666666666664,0.0
2014-04-11,12.429583333333333,54.912083333333335,4.4054166666666665,24.0,67.34416666666667,62.3825,29.242500000000003,41.714166666666664,0.42583333333333334,46.541666666666664,0.0
2014-04-12,9.670833333333333,44.60666666666666,4.5375,11.291666666666666,54.27708333333334,51.997083333333336,31.094166666666666,26.205416666666665,0.41208333333333336,31.25,0.0
2014-04-13,7.303541666666667,47.321041666666666,4.665208333333333,19.104166666666668,54.62395833333333,66.33375,28.35291666666667,43.40604166666666,0.5870833333333333,33.583333333333336,5.0
2014-04-14,16.207916666666666,50.451249999999995,2.6091666666666664,13.479166666666666,66.65958333333333,83.32208333333334,24.562916666666666,18.417916666666667,0.465,24.270833333333332,17.4
2014-04-15,26.55125,48.12916666666666,0.9058333333333334,7.958333333333333,74.67083333333333,87.15249999999999,22.437916666666666,13.144583333333332,0.50375,17.104166666666668,16.2
2014-04-16,34.86083333333333,57.24875,1.8879166666666667,11.125,92.10833333333333,83.14166666666667,23.56375,6.52375,0.49833333333333335,22.75,7.2
2014-04-17,15.801250000000001,43.161249999999995,2.3466666666666667,6.875,58.96791666666667,71.62875,26.342916666666667,18.235833333333332,0.36833333333333335,20.125,0.2
2014-04-18,34.791666666666664,41.25541666666667,5.256666666666667,12.75,76.04541666666667,66.15333333333334,27.850416666666664,30.5925,0.5054166666666667,33.166666666666664,0.0
2014-04-19,15.462916666666667,56.12125,15.984166666666667,22.041666666666668,71.58541666666666,66.53916666666667,29.314999999999998,47.40833333333333,0.6020833333333333,46.375,0.0
2014-04-20,4.535833333333334,33.88708333333333,3.36,16.166666666666668,38.42416666666667,71.91833333333334,27.32375,42.23166666666666,0.4354166666666666,32.583333333333336,0.0
2014-04-21,6.6575,34.685,2.794166666666667,7.208333333333333,41.344166666666666,69.66958333333334,26.895416666666666,30.922083333333333,0.4266666666666667,21.083333333333332,0.0
2014-04-22,24.009583333333335,54.750416666666666,4.54875,17.333333333333332,78.75958333333334,66.7025,27.89625,29.107083333333332,0.5670833333333333,47.875,0.0
2014-04-23,13.262083333333335,42.742916666666666,3.88125,24.0,56.00666666666667,73.13291666666667,26.9675,32.33291666666667,0.47833333333333333,42.666666666666664,2.4
2014-04-24,23.017083333333332,40.432916666666664,1.7856249999999998,8.4375,63.45083333333333,80.28750000000001,24.64625,12.948749999999999,0.39729166666666665,20.8125,20.4
2014-04-25,34.032916666666665,40.572291666666665,0.5295833333333334,10.375,74.60416666666667,62.97416666666667,24.462083333333336,14.818333333333333,0.4466666666666667,25.5,0.2
2014-04-26,39.628750000000004,35.41125,1.6666666666666667,16.229166666666668,75.03708333333334,63.694583333333334,23.57166666666667,15.820416666666667,0.5766666666666667,36.75,0.0
2014-04-27,8.356666666666667,26.70041666666667,1.4241666666666666,6.833333333333333,35.056666666666665,67.3025,23.39,24.008750000000003,0.21916666666666665,14.916666666666666,7.6
2014-04-28,45.60833333333333,39.3225,1.9216666666666666,9.458333333333334,84.93291666666666,62.712916666666665,22.11708333333333,18.823333333333334,0.5254166666666666,23.354166666666668,4.6
2014-04-29,67.00666666666667,42.6275,2.6679166666666667,22.958333333333332,109.63166666666666,54.13999999999999,23.035833333333333,18.7725,0.4370833333333333,46.041666666666664,0.0
2014-04-30,57.53416666666667,49.38625,2.5716666666666668,19.916666666666668,113.46375,54.89125000000001,24.224166666666665,18.59375,0.535,42.25,0.0
2014-05-01,46.39166666666667,42.39208333333333,1.2079166666666667,18.125,88.78208333333333,49.59,26.19458333333333,20.53875,0.62875,36.333333333333336,0.0
2014-05-02,76.95458333333333,63.8225,2.6966666666666668,35.416666666666664,140.78166666666667,54.08208333333334,26.80333333333333,29.757500000000004,0.83,66.20833333333333,0.0
2014-05-03,13.615833333333335,51.08625,2.0429166666666667,24.083333333333332,64.69541666666667,64.91583333333334,26.371666666666666,38.21875,0.4779166666666667,47.833333333333336,0.0
2014-05-04,6.644583333333333,43.721666666666664,17.232916666666668,23.473684210526315,50.36291666666667,62.274166666666666,27.41875,36.13625,0.5220833333333333,36.145833333333336,0.0
2014-05-05,40.735416666666666,66.2375,3.8466666666666662,26.1875,106.97083333333335,59.451249999999995,28.236666666666665,21.722083333333334,0.8283333333333333,54.583333333333336,0.0
2014-05-06,44.66291666666667,80.54958333333333,6.092083333333334,43.208333333333336,125.20104166666665,57.384166666666665,28.349791666666665,31.891458333333333,0.8058333333333333,82.5,0.0
2014-05-07,44.090833333333336,91.66208333333333,5.434166666666666,52.416666666666664,135.75291666666666,62.835,28.004166666666666,20.6475,1.0533333333333335,103.20833333333333,0.0
2014-05-08,25.802916666666665,67.03083333333333,3.137083333333333,40.166666666666664,92.8625,67.12458333333333,27.74416666666667,27.70958333333333,0.7558333333333334,75.54166666666667,0.0
2014-05-09,20.241666666666667,50.58916666666667,2.6666666666666665,27.958333333333332,70.83,71.98208333333334,24.934166666666666,22.24208333333333,0.78875,53.041666666666664,2.8000000000000003
2014-05-10,12.116666666666667,37.33875,1.0595833333333333,7.583333333333333,49.45375000000001,72.13791666666667,22.91416666666667,18.999166666666667,0.36166666666666664,16.166666666666668,0.0
2014-05-11,4.03,26.749166666666667,2.51125,6.666666666666667,30.777916666666666,63.14458333333334,22.893333333333334,30.900833333333335,0.25625000000000003,17.208333333333332,0.0
2014-05-12,27.07375,41.4925,5.812083333333334,11.125,68.56583333333333,55.91416666666667,23.165833333333335,21.190833333333334,0.36375,28.125,0.0
2014-05-13,47.040416666666665,60.55375,8.133333333333333,22.916666666666668,107.59208333333333,56.67416666666667,24.120416666666667,21.51,0.6054166666666666,49.916666666666664,0.0
2014-05-14,45.84791666666666,69.26833333333333,13.168333333333335,34.354166666666664,115.11333333333334,59.33833333333333,24.768333333333334,18.860833333333332,0.8112499999999999,67.65789473684211,0.0
2014-05-15,46.89041666666666,72.431875,3.82875,36.979166666666664,119.32000000000001,63.71083333333333,24.455416666666665,25.288958333333337,0.80375,72.125,0.0
2014-05-16,37.162083333333335,74.18875,9.730416666666667,44.916666666666664,111.35416666666667,64.87375,25.495416666666667,34.30125,0.7258333333333334,80.35416666666667,0.0
2014-05-17,15.862916666666665,54.446666666666665,1.60625,27.791666666666668,70.31291666666667,70.4025,25.076666666666668,26.53916666666667,0.5945833333333334,49.166666666666664,0.0
2014-05-18,16.094583333333333,51.71083333333333,2.9829166666666667,27.083333333333332,67.80458333333333,72.45083333333334,25.09583333333333,22.67625,0.7308333333333333,42.5,0.8
2014-05-19,27.94333333333333,48.44583333333333,1.6991666666666667,25.416666666666668,76.39,72.42625,24.558333333333334,16.71625,0.5491666666666667,43.270833333333336,0.0
2014-05-20,25.85291666666667,52.77041666666667,7.399583333333333,28.958333333333332,78.62375,69.70541666666666,25.01625,25.32041666666667,0.5395833333333333,49.291666666666664,0.0
2014-05-21,12.63125,61.17583333333334,5.608333333333333,26.666666666666668,73.80333333333333,66.51333333333334,26.057916666666667,21.85875,0.494375,48.958333333333336,0.0
2014-05-22,102.13416666666667,68.54833333333333,3.9689473684210523,31.604166666666668,155.69666666666666,47.932500000000005,29.26875,13.791666666666666,0.6383333333333333,68.04166666666667,0.0
2014-05-23,27.25583333333333,53.34458333333333,0.93,18.833333333333332,80.59958333333334,60.168749999999996,28.264583333333334,17.035,0.43916666666666665,44.458333333333336,3.6
2014-05-24,14.122916666666667,38.16458333333333,0.4191666666666667,5.5,52.28791666666667,83.29916666666666,22.959166666666665,21.427916666666665,0.3575,15.416666666666666,3.8000000000000007
2014-05-25,4.787083333333333,33.60166666666667,0.31583333333333335,4.604166666666667,38.39458333333334,80.46916666666667,23.378333333333334,20.41375,0.22541666666666668,15.708333333333334,2.6999999999999997
2014-05-26,34.513333333333335,58.352916666666665,1.9116666666666668,13.791666666666666,92.86583333333334,73.12,26.22458333333333,7.96625,0.56875,35.416666666666664,0.0
2014-05-27,23.9675,40.44541666666667,0.46541666666666665,13.041666666666666,64.42875,65.67125,24.567916666666665,16.508333333333333,0.35083333333333333,37.791666666666664,0.0
2014-05-28,28.104166666666668,47.1475,0.7362500000000001,5.875,75.26708333333333,88.07249999999999,21.140416666666667,10.649583333333334,0.43583333333333335,14.458333333333334,30.0
2014-05-29,40.28791666666667,47.94166666666666,4.809583333333333,11.5,88.22583333333334,75.94625,22.166666666666668,9.78625,0.44,32.041666666666664,0.0
2014-05-30,52.184583333333336,46.895,1.6500000000000001,14.875,99.07958333333333,67.82041666666667,23.542083333333334,16.437916666666666,0.4691666666666667,36.416666666666664,0.0
2014-05-31,65.67291666666667,44.36291666666667,2.7329166666666667,18.75,110.03708333333333,69.31,24.00791666666667,20.323333333333334,0.6645833333333333,44.75,0.0
2014-06-01,36.540416666666665,47.28458333333333,1.0908333333333333,14.875,83.82125,67.39708333333333,25.02125,16.617083333333333,0.6304166666666666,31.833333333333332,1.4000000000000001
2014-06-02,40.19875,45.348749999999995,1.7041666666666666,15.5,85.54833333333333,75.18708333333333,24.614583333333332,14.79625,0.49499999999999994,33.333333333333336,4.4
2014-06-03,22.009583333333335,42.9725,0.13791666666666666,9.5,64.99083333333333,60.86416666666667,22.84958333333333,21.32125,0.32166666666666666,30.125,0.0
2014-06-04,31.16125,51.82604166666667,2.085,19.25,82.98645833333333,63.42791666666667,23.755625,25.442291666666666,0.38604166666666667,47.166666666666664,0.0
2014-06-05,58.98791666666667,81.36041666666667,7.949166666666667,35.166666666666664,140.35583333333332,67.08041666666666,25.4825,16.659583333333334,0.8208333333333333,72.45833333333333,0.0
2014-06-06,122.2475,73.13041666666668,2.59,38.041666666666664,195.37458333333333,64.64416666666666,26.815416666666668,8.619166666666667,0.9900000000000001,80.75,0.0
2014-06-07,69.76041666666667,95.47125,6.869166666666666,45.416666666666664,165.23083333333332,63.007083333333334,28.6975,24.13208333333333,1.0491666666666666,90.625,0.0
2014-06-08,60.40625,53.95291666666666,3.481666666666667,23.5,114.35833333333333,49.630833333333335,29.469166666666666,20.55875,0.835,48.333333333333336,0.0
2014-06-09,77.94125,58.984583333333326,2.035,23.791666666666668,136.92625,59.7275,27.208333333333332,20.01409090909091,0.6916666666666668,57.166666666666664,0.0
2014-06-10,17.104583333333334,46.452916666666674,0.4920833333333334,8.083333333333334,63.56041666666667,82.82791666666667,24.111666666666665,13.888,0.3804166666666667,24.625,16.0
2014-06-11,19.562708333333333,44.033125000000005,2.278958333333333,11.5625,63.595625000000005,75.90895833333333,25.540833333333335,15.162916666666666,0.32,27.0625,18.4
2014-06-12,12.237916666666665,36.07375,2.5729166666666665,10.166666666666666,48.31875,71.465,25.728333333333335,7.171250000000001,0.3575,26.0,0.0
2014-06-13,5.547083333333333,30.66541666666667,1.3875,6.416666666666667,36.214166666666664,70.98791666666666,25.58583333333333,15.084583333333333,0.2608333333333333,24.833333333333332,0.0
2014-06-14,24.31958333333333,52.25125,2.7616666666666667,13.291666666666666,76.57083333333334,64.92999999999999,26.272916666666664,14.124166666666667,0.48666666666666664,38.5,0.0
2014-06-15,26.736250000000002,37.70166666666667,0.65125,18.916666666666668,64.4375,73.27166666666666,25.40041666666667,21.460416666666664,0.6120833333333333,44.958333333333336,0.0
2014-06-16,26.18625,66.83125,2.2687500000000003,24.458333333333332,93.01375,68.70791666666666,25.919583333333335,18.330416666666668,0.5795833333333333,54.416666666666664,0.0
2014-06-17,47.34,80.295,8.656666666666666,47.708333333333336,127.65041666666667,72.54333333333334,25.82375,30.130416666666665,0.73875,99.0,0.0
2014-06-18,23.9075,63.32,1.33,30.708333333333332,87.23083333333334,73.77916666666667,25.0125,27.3475,0.5470833333333333,62.125,2.0
2014-06-19,7.495,34.092083333333335,0.04125,2.25,41.59083333333333,85.73166666666667,21.160416666666666,21.00916666666667,0.29333333333333333,11.833333333333334,5.800000000000001
2014-06-20,14.070833333333333,50.74666666666667,4.213333333333334,7.083333333333333,64.82000000000001,73.77291666666666,21.997500000000002,13.564583333333333,0.31875000000000003,25.458333333333332,0.2
2014-06-21,26.9425,52.11666666666667,2.0412500000000002,10.666666666666666,79.05958333333334,70.19958333333334,23.545,13.688749999999999,0.43333333333333335,36.708333333333336,0.0
2014-06-22,2.0308333333333333,26.31458333333333,0.8941666666666667,3.3333333333333335,28.340833333333332,70.45458333333333,23.569999999999997,30.44458333333333,0.1925,10.875,0.0
2014-06-23,43.44083333333333,61.30416666666667,2.7541666666666664,19.583333333333332,104.7475,70.615,23.20958333333333,8.334583333333333,0.6208333333333333,42.083333333333336,0.0
2014-06-24,113.69083333333333,72.24916666666667,3.130625,30.333333333333332,185.93708333333333,63.99,25.139166666666668,13.72875,0.8433333333333333,64.83333333333333,0.0
2014-06-25,82.735,87.07708333333333,3.2460416666666667,33.604166666666664,169.80375,64.8875,25.347916666666666,15.53375,0.8979166666666667,69.66666666666667,0.0
2014-06-26,184.23208333333332,107.96458333333334,2.359166666666667,57.666666666666664,292.211875,61.43604166666666,26.176666666666666,13.652500000000002,2.0833333333333335,123.20833333333333,2.4
2014-06-27,124.30375,105.01666666666667,3.5908333333333338,50.0625,229.32083333333333,64.67375,26.385416666666668,16.488333333333333,,104.29166666666667,0.0
2014-06-28,27.77541666666667,89.54791666666667,2.4564583333333334,52.833333333333336,117.32291666666667,72.17833333333333,25.59375,19.386666666666667,,100.58333333333333,0.0
2014-06-29,35.33375,62.80083333333334,2.903541666666667,42.208333333333336,98.13375,67.36666666666666,27.50791666666667,16.554166666666667,,76.95833333333333,0.0
2014-06-30,19.04625,57.934583333333336,2.7743749999999996,20.833333333333332,76.98625,74.1475,25.575416666666666,16.967916666666667,,50.208333333333336,17.199999999999996
2014-07-01,30.022916666666664,67.14999999999999,3.783125,29.458333333333332,97.17416666666666,73.62666666666667,25.00125,21.34166666666667,,56.75,0.0
2014-07-02,20.1825,74.75291666666666,2.039375,30.145833333333332,94.94125000000001,69.235,25.230833333333333,25.471666666666668,,64.52083333333333,0.0
2014-07-03,17.62125,68.30291666666666,5.104583333333333,24.020833333333332,85.92041666666667,70.51375,26.014583333333334,28.724999999999998,,50.791666666666664,0.0
2014-07-04,11.120416666666666,67.43708333333333,2.53125,33.5,78.5575,73.14666666666666,26.204166666666666,18.868333333333332,,57.791666666666664,0.0
2014-07-05,16.889166666666664,45.89458333333334,1.2804166666666668,14.958333333333334,62.77875,67.19666666666667,26.519583333333333,20.05375,,34.583333333333336,0.0
2014-07-06,6.105,36.42416666666667,2.2912500000000002,8.1875,42.527499999999996,61.149166666666666,26.714583333333334,17.285833333333333,,21.625,0.0
2014-07-07,69.69250000000001,66.66291666666667,3.84625,20.583333333333332,136.3525,59.6975,27.0425,11.7475,0.7133333333333334,51.958333333333336,0.0
2014-07-08,22.730833333333333,53.55291666666667,0.44437499999999996,19.979166666666668,76.28625000000001,73.17166666666667,24.23125,21.20958333333333,0.45,44.458333333333336,0.6
2014-07-09,24.72083333333333,49.46666666666667,0.6066666666666667,9.958333333333334,74.18083333333333,74.13250000000001,24.112916666666667,19.417083333333334,0.4291666666666667,22.708333333333332,0.6
2014-07-10,44.199999999999996,63.38791666666666,3.609166666666667,15.5,107.58625,82.4275,22.352083333333336,6.122083333333333,0.5458333333333333,34.0625,10.799999999999999
2014-07-11,26.329166666666666,57.41166666666667,1.8964583333333334,6.666666666666667,83.74625,83.16083333333334,21.595416666666665,13.227083333333333,0.4283333333333333,17.375,12.8
2014-07-12,13.773541666666667,48.895624999999995,0.80125,5.458333333333333,62.66354166666667,78.69791666666667,22.114166666666666,14.585625,0.5564583333333334,18.875,3.8000000000000003
2014-07-13,3.268333333333333,29.2225,0.8716666666666667,3.3333333333333335,32.48416666666667,65.05208333333333,23.122083333333332,35.245416666666664,0.2025,17.75,0.0
2014-07-14,8.294166666666667,40.056666666666665,1.4029166666666668,4.979166666666667,48.3475,60.12083333333334,23.2925,29.588333333333335,0.23708333333333334,19.208333333333332,0.0
2014-07-15,34.58875,50.21895833333334,1.6245833333333335,11.375,84.81166666666667,60.80875,23.763333333333335,26.579583333333332,0.4122222222222222,30.625,0.0
2014-07-16,56.14333333333334,73.62125,6.305833333333333,22.354166666666668,129.7725,62.14041666666666,24.475416666666664,17.449166666666667,0.7479166666666667,48.25,0.0
2014-07-17,42.1425,66.88833333333334,6.047916666666667,19.458333333333332,109.02875,63.48041666666666,26.03833333333333,17.95875,0.6779166666666666,45.833333333333336,0.0
2014-07-18,59.63708333333333,66.41791666666667,1.1525,25.083333333333332,124.1275,62.050000000000004,26.325,24.195833333333336,0.7879166666666667,54.520833333333336,0.0
2014-07-19,17.435416666666665,47.444583333333334,0.63875,9.708333333333334,64.87666666666667,64.67583333333333,21.629583333333333,21.784583333333334,0.4683333333333333,27.916666666666668,1.2
2014-07-20,15.842500000000001,46.49375,0.4008333333333334,17.583333333333332,62.33708333333333,58.23416666666666,22.316666666666666,22.559166666666666,0.6004166666666667,38.208333333333336,0.0
2014-07-21,19.555833333333332,49.555416666666666,1.2816666666666665,13.958333333333334,69.115,55.50083333333333,23.226250000000004,26.59,0.48041666666666666,33.291666666666664,0.0
2014-07-22,32.564166666666665,52.531666666666666,2.1395833333333334,15.625,85.09375,61.78541666666666,24.031666666666666,26.024583333333336,0.47541666666666665,38.208333333333336,0.0
2014-07-23,49.98708333333334,59.32375,2.830416666666667,15.166666666666666,109.30874999999999,53.673750000000005,25.13291666666667,18.190833333333334,0.5754166666666667,37.5,0.0
2014-07-24,52.946666666666665,58.700625,2.03875,17.583333333333332,111.64416666666666,46.38854166666667,27.814999999999998,14.232083333333334,0.6825,44.708333333333336,0.8
2014-07-25,37.37708333333333,53.63999999999999,0.2175,13.083333333333334,91.01541666666667,81.80291666666666,22.088333333333335,9.720833333333333,0.6095833333333333,27.833333333333332,4.0
2014-07-26,29.498333333333335,57.18541666666667,0.4429166666666667,9.166666666666666,86.68416666666667,88.00166666666667,20.569583333333334,7.085,0.7058333333333334,20.875,5.4
2014-07-27,16.453333333333333,47.56583333333333,0.84375,10.25,64.0125,89.44708333333334,20.900000000000002,10.771666666666667,0.6104166666666667,20.5,15.4
2014-07-28,42.71764705882353,58.273529411764706,1.2505882352941176,10.631578947368421,100.97117647058823,81.45708333333333,21.262083333333333,8.853529411764706,0.5813333333333334,22.291666666666668,5.199999999999999
2014-07-29,31.099166666666665,48.97125,1.2554166666666668,6.854166666666667,80.07104166666666,72.125,21.564166666666665,13.730625000000002,0.3804166666666667,25.041666666666668,0.0
2014-07-30,64.97375,45.64041666666666,1.6175,14.708333333333334,110.62458333333332,69.80499999999999,21.691666666666666,20.923333333333332,0.6070833333333333,37.416666666666664,0.0
2014-07-31,54.99875,66.63875,1.7758333333333332,15.875,121.63916666666667,67.78916666666667,22.8425,16.529999999999998,0.655,42.5,0.0
2014-08-01,83.92583333333333,80.765,4.4504166666666665,25.083333333333332,164.69958333333332,64.63166666666667,24.699166666666667,19.549166666666665,0.8775,61.083333333333336,0.0
2014-08-02,54.29749999999999,77.23416666666667,1.7525000000000002,30.333333333333332,131.53083333333333,64.01583333333333,25.64708333333333,25.740416666666665,0.96,62.208333333333336,0.0
2014-08-03,67.99416666666667,87.86208333333333,2.9129166666666664,48.25,155.85583333333332,59.199999999999996,27.18541666666667,41.09666666666667,1.3270833333333334,90.33333333333333,0.0
2014-08-04,119.62666666666667,108.83916666666666,3.00625,44.25,228.44041666666666,48.01,29.096666666666668,18.762916666666666,1.37125,91.95833333333333,0.0
2014-08-05,35.0075,47.94166666666666,0.96,16.958333333333332,82.94625,65.60041666666667,22.795833333333334,26.33666666666667,0.51375,53.5,0.6000000000000001
2014-08-06,48.28,48.66083333333333,1.9116666666666668,15.708333333333334,96.94583333333333,57.65958333333333,21.85291666666667,23.14375,0.5741666666666666,50.416666666666664,0.0
2014-08-07,50.70666666666667,66.59083333333334,2.2216666666666667,19.125,117.29166666666667,54.401666666666664,22.99875,23.79125,0.5608333333333334,51.541666666666664,0.0
2014-08-08,66.13333333333334,64.98791666666666,1.58,31.0,131.1325,66.4375,22.857083333333335,23.309583333333332,0.6533333333333333,70.91666666666667,0.0
2014-08-09,13.549999999999999,48.234736842105264,1.7754166666666666,21.5625,61.77894736842105,78.78458333333333,22.37708333333333,17.06125,0.43333333333333335,47.583333333333336,3.8000000000000007
2014-08-10,5.101249999999999,40.66916666666666,1.58125,7.875,45.765833333333326,65.92416666666666,24.33583333333333,28.9575,0.3625,21.958333333333332,0.0
2014-08-11,73.01708333333333,76.31625,2.3874999999999997,19.666666666666668,151.25458333333333,53.935,26.66,22.559166666666666,0.7920833333333334,47.958333333333336,0.0
2014-08-12,116.67583333333333,94.34249999999999,2.8820833333333336,34.458333333333336,223.65291666666667,48.28041666666667,28.344166666666666,23.901666666666667,0.9362499999999999,77.16666666666667,0.0
2014-08-13,72.17458333333333,53.43416666666667,1.2204166666666667,24.479166666666668,125.60958333333333,69.61,23.868333333333336,31.382499999999997,0.4566666666666667,56.3125,1.2000000000000002
2014-08-14,22.34958333333333,54.044999999999995,0.5033333333333333,9.041666666666666,76.39458333333333,85.13250000000001,17.972916666666666,15.915000000000001,0.35625,25.0,9.799999999999999
2014-08-15,11.997083333333334,41.16833333333333,0.7225,6.125,53.1625,72.55624999999999,21.220833333333335,18.444166666666664,0.205,28.958333333333332,0.0
2014-08-16,3.0187500000000003,25.699583333333333,0.4270833333333333,4.0,28.71666666666667,66.19458333333334,23.19333333333333,34.32583333333333,0.20166666666666666,24.291666666666668,0.0
2014-08-17,4.667916666666667,32.80083333333334,2.7670833333333333,6.791666666666667,37.4675,63.71375,25.190833333333334,27.65375,0.3,28.208333333333332,0.0
2014-08-18,16.587500000000002,45.67583333333334,2.7145833333333336,14.458333333333334,62.263749999999995,69.50416666666666,24.510416666666668,28.607916666666668,0.38375000000000004,39.354166666666664,0.0
2014-08-19,14.599166666666667,53.971666666666664,0.35944444444444446,15.583333333333334,68.56875000000001,69.86791666666666,23.574166666666667,25.807083333333335,0.38166666666666665,42.333333333333336,0.0
2014-08-20,19.462500000000002,52.94916666666666,1.205,13.833333333333334,72.41916666666667,67.51583333333333,24.077916666666667,23.437916666666666,0.38916666666666666,37.333333333333336,0.0
2014-08-21,12.955,54.17083333333333,1.76625,14.0,67.1225,65.74416666666666,25.457916666666666,25.255416666666665,0.3383333333333333,40.041666666666664,0.0
2014-08-22,38.028958333333335,78.718125,6.357083333333333,29.5,116.74645833333334,60.62145833333333,27.153125,25.871041666666667,0.470625,76.16666666666667,0.0
2014-08-23,33.58541666666667,72.67958333333333,8.715,36.833333333333336,106.26666666666667,56.06375,27.733333333333334,44.51583333333334,0.6254166666666666,84.83333333333333,0.0
2014-08-24,3.9320833333333334,44.615833333333335,4.06,14.291666666666666,48.54666666666666,51.96416666666667,28.577916666666667,44.715833333333336,0.26625,38.291666666666664,0.0
2014-08-25,44.984583333333326,79.43458333333334,2.905416666666667,26.208333333333332,124.41708333333332,41.74333333333333,29.793333333333333,24.291666666666668,0.5791666666666667,64.83333333333333,0.0
2014-08-26,58.00625,75.08416666666666,4.8475,43.291666666666664,133.08458333333334,53.635,27.791666666666668,27.902083333333334,0.6887500000000001,100.83333333333333,0.0
2014-08-27,11.122916666666667,44.977916666666665,1.22625,14.25,56.10375,69.46458333333334,23.60875,31.792916666666667,0.34708333333333335,49.666666666666664,0.0
2014-08-28,21.3875,53.53666666666666,0.9666666666666667,10.458333333333334,74.90833333333333,76.8875,20.342499999999998,15.1075,0.3620833333333333,40.166666666666664,2.8
2014-08-29,30.799166666666668,61.100833333333334,1.95,12.166666666666666,91.90416666666665,69.72666666666667,20.930833333333332,11.274583333333332,0.33083333333333337,43.875,0.0
2014-08-30,8.95625,39.089166666666664,2.3420833333333335,10.75,48.04750000000001,65.88250000000001,23.12875,25.82166666666667,0.21625000000000003,37.458333333333336,0.0
2014-08-31,3.69125,28.77,3.9716666666666662,8.5,32.459583333333335,64.6675,25.712500000000002,40.6425,0.2675,25.979166666666668,0.0
2014-09-01,20.249583333333334,63.94833333333333,1.3409090909090908,11.875,84.19666666666667,54.500416666666666,27.542083333333334,36.78916666666667,0.4791666666666667,32.5,2.6999999999999997
2014-09-02,13.137083333333335,51.61833333333333,5.638235294117647,13.541666666666666,64.74958333333333,64.54916666666666,25.88416666666667,37.28458333333334,0.3441666666666667,36.458333333333336,0.0
2014-09-03,18.0675,46.38333333333333,0.6075,8.25,64.44041666666666,62.17458333333334,26.05875,35.66416666666667,0.3658333333333334,28.958333333333332,5.6000000000000005
2014-09-04,4.447916666666667,27.535416666666666,0.19041666666666668,2.7916666666666665,31.98625,70.0125,22.999583333333334,36.51979166666667,0.17375,16.166666666666668,5.6000000000000005
2014-09-05,3.4316666666666666,27.857916666666668,1.0416666666666667,3.8125,31.291666666666668,60.490833333333335,22.73125,40.315000000000005,0.14291666666666666,21.833333333333332,0.0
2014-09-06,8.222916666666666,33.46375,2.6425,5.583333333333333,41.6775,49.895,24.0,36.12625,0.20166666666666666,19.708333333333332,0.0
2014-09-07,16.674583333333334,47.80708333333334,8.581666666666667,13.75,64.47625000000001,49.10166666666667,26.167083333333334,37.88875,0.3958333333333333,35.666666666666664,0.0
2014-09-08,38.232083333333335,88.60083333333334,11.330416666666666,29.791666666666668,126.83958333333334,54.65625,25.562916666666666,22.947083333333335,0.645,73.16666666666667,0.0
2014-09-09,18.679166666666667,59.331250000000004,3.9808333333333334,16.916666666666668,77.99208333333333,54.802083333333336,27.569999999999997,32.553333333333335,0.315,50.708333333333336,0.0
2014-09-10,34.317083333333336,54.590833333333336,4.813958333333333,18.416666666666668,88.90875,44.19916666666666,29.491666666666664,27.98875,0.4320833333333334,51.458333333333336,0.0
2014-09-11,63.94375,53.60333333333333,3.829375,29.166666666666668,117.54375,43.95166666666666,30.342083333333335,50.04750000000001,0.6179166666666667,70.91666666666667,0.0
2014-09-12,6.723333333333334,40.33208333333334,0.022500000000000003,22.958333333333332,47.05708333333334,64.02083333333333,26.025000000000002,55.305,0.35958333333333337,59.583333333333336,0.0
2014-09-13,5.095416666666666,41.295,3.316041666666667,22.166666666666668,46.388749999999995,58.95208333333333,27.095416666666665,59.147083333333335,0.34791666666666665,62.916666666666664,0.0
2014-09-14,2.1675,24.525000000000002,0.9856250000000001,9.375,26.690833333333334,56.84958333333333,27.793333333333333,48.78458333333333,0.23333333333333336,32.875,0.0
2014-09-15,20.62,52.98291666666666,4.03125,17.291666666666668,73.60583333333334,42.18625,30.55333333333333,37.949999999999996,0.44875,49.166666666666664,0.0
2014-09-16,11.334166666666667,50.79291666666666,4.640416666666666,28.604166666666668,62.126666666666665,57.87833333333333,27.623333333333335,41.100833333333334,0.43583333333333335,80.95833333333333,0.0
2014-09-17,8.42375,42.35541666666666,5.625833333333333,10.5625,50.77375,70.5525,23.645416666666666,30.59875,0.3166666666666667,58.357142857142854,0.0
2014-09-18,3.1595833333333334,28.66875,1.7479166666666668,8.041666666666666,31.825,64.34458333333333,26.614166666666666,43.91916666666666,0.24791666666666667,45.5,0.0
2014-09-19,12.9225,47.61625,1.51,18.875,60.546666666666674,66.55541666666666,26.91125,30.506874999999997,0.4291666666666667,52.666666666666664,0.0
2014-09-20,14.21125,55.77791666666667,4.178541666666667,28.958333333333332,69.99,61.182916666666664,28.20583333333333,46.195,0.68125,63.541666666666664,2.8000000000000003
2014-09-21,14.4425,50.97291666666666,9.291875,24.458333333333332,65.4175,86.08458333333334,23.02916666666667,17.073333333333334,0.7041666666666667,46.958333333333336,11.200000000000001
2014-09-22,12.311904761904762,33.24666666666666,0.05,4.809523809523809,45.55571428571428,65.3495238095238,23.413809523809523,28.894761904761904,0.20047619047619047,32.333333333333336,0.0
2014-09-23,1.7525,37.17625,11.7825,7.4,38.8875,55.25222222222222,26.044444444444444,43.65777777777778,0.28625,36.1,0.0
2014-09-24,16.11916666666667,42.395,2.0852083333333336,10.604166666666666,58.512499999999996,49.36000000000001,28.47875,52.96625,0.3575,40.083333333333336,0.0
2014-09-25,9.06375,59.6225,7.583541666666666,25.166666666666668,68.68666666666667,61.77041666666667,26.866666666666664,54.050000000000004,0.5054166666666667,77.16666666666667,0.0
2014-09-26,20.69666666666667,78.7475,17.336458333333333,35.125,99.44333333333333,64.43833333333333,27.56833333333333,32.657916666666665,0.7208333333333333,90.83333333333333,1.7999999999999998
2014-09-27,15.224166666666667,46.69833333333333,3.674583333333333,18.416666666666668,61.918749999999996,70.10541666666667,26.519583333333333,35.38708333333333,0.5170833333333333,42.25,0.0
2014-09-28,2.3604166666666666,31.66625,1.3247916666666668,14.916666666666666,34.026666666666664,69.17125,26.56958333333333,54.01166666666666,0.4370833333333333,35.0,0.0
2014-09-29,9.76,51.867916666666666,6.49625,22.416666666666668,61.623333333333335,63.807916666666664,29.303749999999997,17.877222222222223,0.6008333333333333,58.5,2.4
2014-09-30,12.957916666666668,60.627916666666664,5.480416666666667,26.5625,73.58958333333334,66.78291666666667,28.665833333333335,33.82625,0.67125,52.125,0.2
2014-10-01,14.217083333333333,54.05291666666667,0.653125,22.708333333333332,68.26791666666666,59.11333333333334,29.736666666666665,38.30083333333334,0.5483333333333333,53.75,0.0
2014-10-02,4.224166666666666,22.320416666666663,0.35333333333333333,4.333333333333333,26.54041666666667,64.50416666666666,25.00708333333333,43.44208333333333,0.21708333333333332,22.875,3.2
2014-10-03,4.8275,25.595416666666665,1.6849999999999998,2.6666666666666665,30.420833333333334,58.54416666666666,22.89625,35.458333333333336,0.20958333333333334,20.083333333333332,1.8
2014-10-04,5.525833333333334,27.971249999999998,4.093958333333333,3.9166666666666665,33.49666666666666,56.05125,22.17375,32.07375,0.20458333333333334,17.083333333333332,1.0
2014-10-05,3.2616666666666667,18.85875,1.0110416666666666,2.875,22.12125,52.125416666666666,22.875,42.74583333333334,0.17708333333333334,15.625,0.0
2014-10-06,12.081249999999999,28.760416666666668,0.9625,5.75,40.8425,54.095416666666665,23.71375,35.45916666666667,0.2316666666666667,23.833333333333332,0.0
2014-10-07,12.469166666666666,37.865,3.080833333333333,8.291666666666666,50.33416666666667,49.70249999999999,25.832083333333333,29.819166666666664,0.29583333333333334,30.333333333333332,0.0
2014-10-08,6.156666666666666,35.115,7.408125000000001,11.083333333333334,41.27041666666667,48.632083333333334,27.6975,45.31666666666667,0.27,35.125,0.0
2014-10-09,6.06625,35.54375,2.21625,10.458333333333334,41.60791666666667,49.35375,28.90875,36.85166666666667,0.28250000000000003,37.5,0.0
2014-10-10,12.324583333333335,47.55166666666667,5.845,19.958333333333332,59.98291666666666,44.19083333333333,31.305833333333336,41.85666666666667,0.43333333333333335,51.041666666666664,0.0
2014-10-11,23.597083333333334,45.18541666666667,4.330416666666666,25.083333333333332,68.78083333333333,46.0575,31.096249999999998,59.55916666666667,0.5408333333333334,64.25,0.0
2014-10-12,4.150833333333334,42.25875,1.4133333333333333,33.666666666666664,46.40875,65.52958333333333,27.08125,49.779583333333335,0.61,71.33333333333333,0.0
2014-10-13,18.41,80.47791666666667,1.1336363636363636,49.958333333333336,98.88875,55.38166666666667,30.4725,58.22958333333333,0.8220833333333334,97.20833333333333,0.0
2014-10-14,2.600416666666667,41.069583333333334,0.981304347826087,36.708333333333336,43.66708333333333,67.67541666666666,26.84166666666667,67.23791666666666,0.44125,70.66666666666667,0.0
2014-10-15,6.80125,42.661458333333336,0.07645833333333334,21.208333333333332,49.470625000000005,66.14791666666666,27.597916666666666,44.35125,0.41083333333333333,54.166666666666664,0.0
2014-10-16,2.9762500000000003,42.51166666666666,2.1999999999999997,19.5,45.48499999999999,59.236250000000005,29.2625,54.75833333333333,0.3441666666666667,46.645833333333336,0.0
2014-10-17,8.051666666666668,60.2775,3.3854166666666665,30.166666666666668,68.32458333333334,62.43333333333334,29.381666666666664,55.0325,0.5120833333333333,69.70833333333333,0.0
2014-10-18,3.3433333333333333,46.01541666666666,3.6670833333333337,29.291666666666668,49.54333333333333,66.705,28.192916666666665,64.06083333333333,0.44916666666666666,59.291666666666664,0.0
2014-10-19,3.9133333333333336,52.21,5.516041666666666,34.833333333333336,56.27875,59.40125,31.662499999999998,77.06541666666666,0.57125,71.5,14.2
2014-10-20,5.019166666666667,40.17208333333333,0.7870833333333334,17.354166666666668,45.19,67.21333333333332,27.44333333333333,58.284166666666664,0.39625,34.479166666666664,2.2
2014-10-21,28.642083333333332,52.84125,0.006666666666666667,9.875,81.47791666666667,74.90583333333333,23.069999999999997,18.1175,0.42041666666666666,40.666666666666664,3.2
2014-10-22,8.824583333333335,40.677083333333336,0.19999999999999998,5.208333333333333,49.5,64.20208333333333,23.413749999999997,21.825833333333335,0.14375000000000002,26.875,0.4
2014-10-23,4.9125000000000005,30.53833333333333,0.8766666666666666,7.208333333333333,35.44833333333333,54.75666666666667,26.432083333333335,40.120416666666664,0.16874999999999998,26.333333333333332,0.0
2014-10-24,10.067916666666667,44.509166666666665,2.2420833333333334,11.5,54.57541666666666,55.4675,28.489583333333332,42.43625,0.2733333333333333,37.541666666666664,0.0
2014-10-25,9.530833333333334,52.837916666666665,1.9745833333333334,14.958333333333334,62.36875,62.19916666666666,26.91333333333333,29.00708333333333,0.40875,46.333333333333336,0.0
2014-10-26,7.829166666666667,45.30125,4.455416666666667,20.3125,53.12375,71.12666666666667,26.587083333333336,47.2225,0.61,42.5,0.4
2014-10-27,11.295833333333334,36.33958333333333,1.3262500000000002,8.145833333333334,47.63729166666667,66.77270833333334,26.096249999999998,29.830416666666665,0.21208333333333332,23.833333333333332,0.0
2014-10-28,16.500833333333333,38.14833333333333,1.2170833333333333,8.75,54.64958333333333,59.59958333333333,26.205,31.09,0.26125000000000004,34.041666666666664,0.0
2014-10-29,11.085,39.35208333333333,2.2816666666666667,10.875,50.42458333333334,53.3725,29.45958333333333,52.59791666666666,0.3066666666666667,31.916666666666668,0.0
2014-10-30,21.39,55.21958333333333,1.3079166666666666,11.916666666666666,76.61166666666666,43.28875,33.19625,43.3025,0.41291666666666665,32.791666666666664,0.0
2014-10-31,13.285833333333334,57.28541666666666,0.565,13.895833333333334,70.57375,44.94,33.58,47.06166666666667,0.4675,38.625,2.0
2014-11-01,10.523333333333333,48.92958333333333,1.7516666666666667,16.666666666666668,59.452916666666674,48.65083333333333,33.619166666666665,50.989583333333336,0.4791666666666667,41.458333333333336,0.0
2014-11-02,5.784166666666667,37.449999999999996,1.6347916666666666,17.333333333333332,43.23416666666666,58.00666666666666,30.895833333333332,47.745000000000005,0.5116666666666666,41.833333333333336,0.0
2014-11-03,3.592916666666667,33.4975,7.269166666666667,17.541666666666668,37.09166666666667,56.161249999999995,30.749583333333334,52.15375,0.33083333333333337,43.541666666666664,0.0
2014-11-04,11.64,48.22083333333333,6.2988888888888885,14.1875,59.86083333333334,44.00208333333333,32.88,55.79083333333333,0.3520833333333333,41.958333333333336,0.0
2014-11-05,12.714166666666666,45.477916666666665,8.375,18.1875,58.19291666666666,54.63333333333333,30.731666666666666,49.789375,0.4097916666666667,48.3125,0.0
2014-11-06,10.765416666666667,42.589999999999996,0.09625,5.666666666666667,53.35874999999999,70.50583333333334,27.237916666666667,25.3575,0.4295833333333334,19.541666666666668,0.0
2014-11-07,11.032916666666667,58.15541666666667,11.555,15.875,69.18666666666667,58.54125,30.936666666666667,56.42250000000001,0.44916666666666666,38.333333333333336,0.6000000000000001
2014-11-08,6.180833333333333,43.50666666666667,3.315,13.333333333333334,49.68833333333333,61.44833333333333,29.644583333333333,51.461666666666666,0.42583333333333334,32.541666666666664,2.4
2014-11-09,2.5083333333333333,23.96166666666667,0.3879166666666667,4.875,26.47125,71.44041666666666,26.62375,47.87916666666666,0.2941666666666667,17.708333333333332,2.6
2014-11-10,6.03,33.34625,4.769583333333333,5.291666666666667,39.375416666666666,60.945,27.284166666666668,43.31791666666666,0.2804166666666667,18.75,0.0
2014-11-11,2.238421052631579,25.423157894736843,5.259473684210526,4.208333333333333,27.654210526315786,56.97684210526315,27.714736842105264,48.52105263157895,0.22421052631578947,17.625,0.0
2014-11-12,8.312083333333334,43.16958333333333,7.013333333333333,10.333333333333334,51.48166666666666,60.5225,29.595416666666665,46.12125,0.3641666666666667,28.895833333333332,4.4
2014-11-13,11.743333333333332,45.03208333333333,5.544583333333333,13.791666666666666,56.77875,60.5325,30.21291666666667,57.13916666666666,0.41956521739130437,34.520833333333336,15.2
2014-11-14,7.101666666666667,36.27791666666667,7.9695833333333335,9.104166666666666,43.330000000000005,78.97083333333333,24.596249999999998,37.735416666666666,0.568,21.479166666666668,9.8
2014-11-15,10.07875,44.99375,0.9341666666666666,10.229166666666666,55.07333333333333,78.99249999999999,22.425416666666667,34.35208333333333,0.42083333333333334,21.75,6.6
2014-11-16,9.589166666666666,35.3075,0.7174999999999999,7.041666666666667,44.89416666666667,69.58333333333333,23.805000000000003,22.95375,0.30333333333333334,20.833333333333332,1.2
2014-11-17,23.95125,38.224583333333335,3.0870833333333336,9.958333333333334,62.1925,54.00791666666667,25.026666666666667,27.71375,0.4141666666666666,27.75,0.0
2014-11-18,7.049166666666667,26.631249999999998,2.285833333333333,4.791666666666667,33.680416666666666,46.815416666666664,26.74291666666667,39.30125,0.15666666666666665,17.208333333333332,0.0
2014-11-19,14.92875,31.40375,2.285416666666667,9.625,46.33083333333334,49.482499999999995,28.036666666666665,40.928333333333335,0.255,29.166666666666668,0.0
2014-11-20,3.3858333333333337,25.72458333333333,5.99125,10.041666666666666,29.10875,45.39875,29.370416666666667,43.11291666666667,0.22041666666666668,26.333333333333332,0.0
2014-11-21,8.727916666666667,38.95458333333333,8.905833333333334,16.708333333333332,47.68208333333334,47.872083333333336,30.851249999999997,46.867916666666666,0.32416666666666666,38.875,0.0
2014-11-22,7.883333333333333,50.71625,6.3445833333333335,23.375,58.60458333333333,59.46791666666667,31.382499999999997,54.50666666666667,0.5204166666666666,55.166666666666664,8.0
2014-11-23,6.608750000000001,53.25625,2.3825,17.875,59.864583333333336,78.5025,27.190833333333334,32.38041666666667,0.6004166666666667,36.166666666666664,12.0
2014-11-24,10.476666666666667,59.01625000000001,2.4845833333333336,19.958333333333332,69.49291666666666,77.03,27.293333333333333,25.761666666666667,0.47374999999999995,45.708333333333336,3.0
2014-11-25,9.667499999999999,54.775,3.2945833333333336,14.833333333333334,64.43916666666667,62.49416666666667,31.180000000000003,38.76583333333333,0.4320833333333333,37.208333333333336,0.0
2014-11-26,23.429375000000004,51.187916666666666,5.906458333333333,13.041666666666666,74.61458333333333,61.46979166666667,31.10625,14.577916666666667,0.5095833333333334,33.916666666666664,8.6
2014-11-27,17.2025,40.2875,1.5166666666666666,9.645833333333334,57.48666666666667,84.44541666666667,26.544166666666666,13.999583333333334,0.4633333333333334,24.25,5.2
2014-11-28,14.055,36.43666666666667,0.5041666666666668,6.958333333333333,50.49125,77.94458333333334,25.838333333333335,15.566666666666668,0.3333333333333333,28.583333333333332,3.8
2014-11-29,10.58375,26.50708333333333,0.2783333333333333,4.229166666666667,37.089166666666664,70.41583333333334,26.775833333333335,17.665000000000003,0.26458333333333334,20.75,0.0
2014-11-30,2.670833333333333,17.372083333333332,1.7125000000000001,3.9166666666666665,20.042083333333334,68.105,27.474375,23.74416666666667,0.278125,21.729166666666668,0.0
2014-12-01,10.747083333333334,32.61875,0.3554166666666667,5.75,43.365833333333335,62.55875,30.538749999999997,25.502916666666664,0.20666666666666667,23.416666666666668,1.8
2014-12-02,14.602083333333333,36.36291666666667,3.57875,8.25,50.96541666666667,48.43833333333333,32.575833333333335,35.44916666666666,0.2866666666666667,28.666666666666668,0.0
2014-12-03,8.050416666666667,37.105,6.298333333333333,11.541666666666666,45.15416666666667,48.29333333333333,33.28916666666667,47.850833333333334,0.29333333333333333,35.875,0.0
2014-12-04,14.39625,38.48291666666667,1.5079166666666666,13.6875,52.8775,59.67875,30.559166666666666,38.84875,0.37041666666666667,49.208333333333336,0.0
2014-12-05,19.57375,40.76208333333333,0.0008333333333333334,4.541666666666667,60.32666666666666,83.62041666666666,23.748333333333335,18.174583333333334,0.385,23.958333333333332,41.0
2014-12-06,8.948333333333332,29.276666666666667,2.4414583333333333,9.583333333333334,38.22541666666667,62.844166666666666,28.329583333333332,41.52458333333333,0.2975,34.333333333333336,0.0
2014-12-07,2.7495833333333333,21.48,1.0045833333333334,6.416666666666667,24.230416666666667,59.26833333333334,30.44666666666667,38.93208333333333,0.2383333333333333,19.208333333333332,0.0
2014-12-08,5.5874999999999995,29.508333333333336,3.157916666666667,7.125,35.095416666666665,55.3025,31.874583333333334,41.83708333333333,0.27208333333333334,25.916666666666668,0.0
2014-12-09,7.286666666666666,31.673333333333332,5.088333333333334,10.333333333333334,38.95166666666667,52.291666666666664,33.14541666666667,45.61083333333334,0.2704166666666667,31.625,0.0
2014-12-10,9.572083333333333,38.03916666666667,7.0722916666666675,10.625,47.61166666666667,51.809583333333336,32.55083333333334,40.70875,0.36000000000000004,38.25,0.0
2014-12-11,10.140416666666667,39.50875,3.560416666666667,12.208333333333334,49.65083333333333,47.03333333333333,33.59166666666667,41.17791666666667,0.30125,40.625,0.0
2014-12-12,6.9425,41.01,4.023541666666667,16.9375,47.95166666666666,50.78541666666666,33.43666666666667,59.74041666666667,0.35625,48.166666666666664,7.0
2014-12-13,7.683333333333334,50.35,4.285,15.333333333333334,58.030833333333334,68.29125,29.362916666666667,31.06458333333333,0.48875,34.041666666666664,15.0
2014-12-14,4.056666666666667,23.708333333333332,0.43645833333333334,9.583333333333334,27.761666666666667,71.00083333333333,29.146666666666665,40.89875,0.31124999999999997,20.666666666666668,0.2
2014-12-15,11.691250000000002,23.015416666666667,0.32541666666666663,5.958333333333333,34.71666666666667,58.54708333333334,27.780833333333334,25.055000000000003,0.18083333333333332,31.208333333333332,0.2
2014-12-16,18.197894736842105,29.286842105263162,3.1086842105263157,8.825,47.47421052631579,55.05947368421053,28.132105263157893,25.204736842105262,0.26684210526315794,34.05,0.0
2014-12-17,2.5058333333333334,25.08666666666667,1.3392857142857142,9.033333333333333,27.595833333333335,38.84285714285714,31.912142857142857,29.072499999999998,0.20500000000000002,31.9,0.0
2014-12-18,10.38375,47.24666666666667,6.136875,18.333333333333332,57.626666666666665,49.7175,31.535833333333333,26.111666666666665,0.41625,45.0,0.0
2014-12-19,7.636666666666667,38.502916666666664,0.13979166666666668,14.666666666666666,46.13166666666667,58.13999999999999,30.665833333333335,24.383750000000003,0.4379166666666667,38.625,0.0
2014-12-20,14.107916666666666,54.50625,2.45125,23.166666666666668,68.68833333333333,56.8725,32.21333333333333,17.165000000000003,0.64875,54.333333333333336,0.0
2014-12-21,15.355833333333335,44.47458333333333,3.0535416666666664,14.291666666666666,59.82958333333334,48.22208333333333,34.34375,14.202916666666667,0.56875,36.375,0.0
2014-12-22,14.075416666666667,37.51916666666667,3.963,9.541666666666666,51.593333333333334,46.82958333333334,34.821666666666665,14.097916666666668,0.5358333333333333,26.333333333333332,0.0
2014-12-23,10.332916666666668,40.345416666666665,0.010909090909090908,9.333333333333334,50.678333333333335,76.29416666666667,28.95041666666667,16.632916666666667,0.5666666666666667,22.208333333333332,50.800000000000004
2014-12-24,12.077083333333334,33.22375,0.2220833333333333,9.3125,45.29791666666667,74.96249999999999,28.12291666666667,20.007083333333334,0.45625,20.833333333333332,3.8000000000000003
2014-12-25,3.33625,23.94125,3.4225,13.541666666666666,27.278333333333332,63.565416666666664,30.805000000000003,49.98208333333333,0.3745833333333333,24.916666666666668,0.0
2014-12-26,4.20125,26.793333333333333,0.6483333333333333,10.875,30.990416666666665,57.51166666666666,31.980416666666667,45.84833333333333,0.31416666666666665,22.833333333333332,0.0
2014-12-27,5.605416666666667,30.3075,0.1403125,12.416666666666666,35.91375,51.8125,33.34375,47.89333333333334,0.3833333333333333,26.875,0.0
2014-12-28,4.04,31.60291666666667,1.3025,18.333333333333332,35.64625,48.197916666666664,34.23458333333333,62.61375,0.47125,34.75,0.0
2014-12-29,5.925833333333333,46.81791666666667,4.69625,19.875,52.737500000000004,44.34708333333333,33.97666666666667,57.949999999999996,0.43375,44.125,0.0
2014-12-30,6.260833333333333,40.67458333333333,12.726315789473684,18.208333333333332,46.93416666666667,49.032916666666665,33.33166666666667,69.34166666666667,0.4595833333333333,36.625,0.6
2014-12-31,11.557916666666666,38.84583333333333,0.5675,13.708333333333334,50.40083333333334,58.00833333333333,31.742291666666663,33.666666666666664,0.5120833333333333,26.5625,36.599999999999994
2015-01-01,5.965,32.24375,1.5935416666666666,30.666666666666668,38.20916666666667,47.48291666666666,34.60958333333333,54.18,0.585,48.75,0.0
2015-01-02,5.540833333333333,42.842083333333335,1.3672916666666666,17.291666666666668,48.3825,47.29958333333334,35.76541666666667,53.60208333333333,0.4404166666666667,31.25,0.0
2015-01-03,2.3675,20.432083333333335,0.3139583333333333,8.916666666666666,22.802083333333332,60.41708333333333,31.874166666666667,47.97125,0.30541666666666667,19.208333333333332,0.0
2015-01-04,2.345625,25.551666666666666,0.9333333333333332,9.604166666666666,27.89770833333333,68.79875,30.07625,36.413333333333334,0.405,18.875,2.8
2015-01-05,10.42,45.66583333333333,0.2354166666666667,13.0,56.0825,75.17999999999999,28.219166666666666,32.83541666666667,0.5116666666666666,24.020833333333332,10.600000000000001
2015-01-06,11.097499999999998,37.206250000000004,0.38208333333333333,13.833333333333334,48.315,67.165,29.965833333333332,28.545833333333334,0.34874999999999995,27.958333333333332,0.0
2015-01-07,4.6000000000000005,28.66916666666667,1.0370833333333334,10.583333333333334,33.267916666666665,51.824999999999996,33.28,41.77375,0.29562499999999997,25.25,0.0
2015-01-08,10.285833333333334,32.68416666666666,2.11375,13.375,42.97291666666666,45.25875,34.16375,48.56666666666666,0.3095833333333333,32.416666666666664,0.0
2015-01-09,10.234166666666667,36.68208333333333,0.08062499999999999,13.375,46.91375,40.75791666666667,35.22375,40.48583333333333,0.33916666666666667,32.875,0.0
2015-01-10,7.751666666666666,42.63791666666667,1.9279166666666667,16.666666666666668,50.38833333333333,36.85583333333333,36.035000000000004,64.75833333333334,0.43250000000000005,40.041666666666664,0.0
2015-01-11,2.125,34.537083333333335,2.1260416666666666,24.125,36.6625,48.29083333333333,34.568333333333335,68.96,0.5083333333333333,45.333333333333336,0.0
2015-01-12,6.240833333333334,46.77854166666666,2.017708333333333,26.166666666666668,53.013958333333335,44.20375000000001,35.63916666666667,66.25833333333334,0.49125,51.791666666666664,0.0
2015-01-13,4.56125,43.663333333333334,2.718125,22.229166666666668,48.227291666666666,45.322916666666664,34.80083333333334,62.30041666666667,0.4770833333333333,45.625,0.0
2015-01-14,6.713541666666667,38.895625,3.764791666666667,27.458333333333332,45.608125,52.38625,33.96083333333333,39.126666666666665,0.5270833333333333,57.291666666666664,0.0
2015-01-15,7.4025,34.57458333333333,6.609166666666667,24.833333333333332,41.97625,54.413333333333334,33.84083333333333,47.08083333333334,0.49291666666666667,52.083333333333336,0.0
2015-01-16,3.20875,32.025416666666665,1.6824999999999999,19.375,35.235416666666666,55.33583333333333,32.797916666666666,50.08833333333334,0.41250000000000003,45.458333333333336,0.0
2015-01-17,4.977708333333333,33.79291666666666,6.300416666666667,17.5625,38.777499999999996,48.28541666666666,34.165,69.00791666666667,0.4345833333333333,46.833333333333336,0.0
2015-01-18,2.1716666666666664,30.155833333333334,2.2014583333333335,24.041666666666668,32.324999999999996,50.34583333333333,34.36083333333333,64.14375,0.49041666666666667,54.291666666666664,0.0
2015-01-19,11.310625,60.293124999999996,7.777916666666667,32.708333333333336,71.603125,50.384166666666665,34.532916666666665,65.69166666666668,0.57875,70.20833333333333,0.0
2015-01-20,2.8295833333333333,37.110416666666666,3.059791666666667,24.875,39.94166666666667,52.70791666666667,33.88583333333333,63.47458333333333,0.4991666666666667,55.75,0.0
2015-01-21,3.2085416666666666,30.212500000000002,0.8102083333333333,19.666666666666668,33.41916666666667,57.68125,32.81166666666667,61.41458333333333,0.37000000000000005,44.125,0.0
2015-01-22,7.261666666666667,39.452083333333334,0.7335416666666666,8.666666666666666,46.71541666666667,67.79791666666667,29.38,34.98416666666667,0.3833333333333333,24.666666666666668,6.2
2015-01-23,10.431458333333333,41.072291666666665,1.5404166666666665,9.666666666666666,51.50229166666667,66.02625,29.25791666666667,42.5725,0.3954166666666667,22.833333333333332,0.6000000000000001
2015-01-24,7.441666666666666,39.87791666666667,2.8989583333333333,14.708333333333334,47.32,61.31125,30.15416666666667,37.7875,0.42208333333333337,29.25,0.0
2015-01-25,6.230416666666667,34.74875,3.3031249999999996,9.0,40.97833333333333,48.50791666666667,32.45583333333334,37.062083333333334,0.36833333333333335,21.0,0.0
2015-01-26,11.645000000000001,44.30083333333334,1.3462500000000002,14.625,55.95208333333333,53.46875,32.17875,30.415833333333335,0.41250000000000003,35.416666666666664,0.0
2015-01-27,10.75125,45.861250000000005,1.2191666666666665,19.5,56.61333333333334,57.93875,32.01541666666667,50.76291666666666,0.40791666666666665,40.291666666666664,2.4
2015-01-28,8.75125,50.32020833333333,9.376249999999999,16.5,59.06979166666667,61.47833333333333,31.665833333333335,44.234583333333326,0.4483333333333333,36.291666666666664,0.2
2015-01-29,7.471666666666667,39.27875,3.1439583333333334,13.833333333333334,46.750416666666666,49.11541666666667,34.565,31.705882352941178,0.41625,27.875,0.0
2015-01-30,9.426666666666668,39.17041666666667,0.8377083333333334,15.041666666666666,48.596666666666664,51.995000000000005,33.379583333333336,45.35958333333334,0.44125,34.333333333333336,0.0
2015-01-31,4.371666666666667,28.046666666666667,0.973125,7.0,32.41833333333333,73.30166666666666,29.128333333333334,38.7525,0.33625,15.583333333333334,25.4
2015-02-01,2.7433333333333336,22.400833333333335,0.80125,11.75,25.145416666666666,72.38541666666667,30.024583333333336,44.310833333333335,0.3475,19.875,44.2
2015-02-02,13.129166666666668,46.26833333333334,3.311458333333333,10.875,59.39333333333334,79.34708333333333,26.732916666666668,15.46,0.43625,24.375,4.8
2015-02-03,18.295833333333334,51.52375,3.2554166666666666,13.8125,69.83291666666666,66.5275,28.933333333333334,41.272083333333335,0.49416666666666664,30.666666666666668,2.4000000000000004
2015-02-04,23.264583333333334,54.15958333333333,7.330416666666667,18.333333333333332,77.42708333333333,67.75416666666666,28.750416666666666,32.22541666666667,0.49666666666666665,41.0,1.4
2015-02-05,15.123333333333333,45.38458333333333,12.33875,8.916666666666666,60.51,65.36833333333333,28.889583333333334,19.265416666666667,0.44249999999999995,21.875,1.4
2015-02-06,32.205416666666665,52.79458333333333,2.0033333333333334,11.458333333333334,85.00583333333334,74.38125000000001,27.657083333333333,9.032083333333334,0.63,31.145833333333332,28.8
2015-02-07,15.445416666666667,39.31041666666667,,4.958333333333333,54.752916666666664,80.22333333333333,27.09583333333333,15.295416666666666,0.47333333333333333,15.333333333333334,35.0
2015-02-08,9.987916666666667,34.665,,9.041666666666666,44.65208333333334,76.3775,28.031666666666666,27.00708333333333,0.43916666666666665,20.0,3.0000000000000004
2015-02-09,18.679166666666667,51.2825,,10.4375,69.96166666666666,68.94,29.84958333333333,19.33791666666667,0.5750000000000001,29.041666666666668,0.2
2015-02-10,14.128333333333332,45.626666666666665,,9.333333333333334,59.75208333333333,58.60041666666666,32.91625,25.21875,0.4475,28.208333333333332,0.0
2015-02-11,10.264583333333333,37.23875,,10.5,47.499583333333334,52.469166666666666,34.22833333333333,32.67625,0.31583333333333335,35.541666666666664,0.0
2015-02-12,14.161666666666667,43.165416666666665,,10.625,57.327916666666674,47.22125,35.382083333333334,39.0475,0.3975,32.75,0.0
2015-02-13,11.518749999999999,44.30625,,17.375,55.82708333333334,53.1175,34.92583333333334,58.469166666666666,0.43291666666666667,44.708333333333336,0.0
2015-02-14,3.2708333333333335,32.697916666666664,,13.333333333333334,35.96666666666667,59.2425,32.85791666666667,56.045416666666675,0.3741666666666667,32.833333333333336,0.0
2015-02-15,2.135,28.261041666666667,,12.583333333333334,30.395,68.83708333333334,30.364583333333332,61.80041666666667,0.3491666666666667,21.958333333333332,48.0
2015-02-16,7.482500000000001,39.93833333333333,,10.166666666666666,47.42083333333333,76.88125000000001,28.0125,32.393750000000004,0.4033333333333333,21.416666666666668,0.6000000000000001
2015-02-17,4.370416666666666,33.2975,,11.875,37.66791666666666,65.57166666666667,30.62375,40.912083333333335,0.3641666666666667,28.416666666666668,0.4
2015-02-18,9.978333333333333,37.004583333333336,,7.416666666666667,46.98375000000001,61.59125,30.55,17.097916666666666,0.3833333333333333,20.375,0.0
2015-02-19,14.28125,40.552083333333336,,9.666666666666666,54.831250000000004,45.484583333333326,33.72958333333333,27.95,0.3333333333333333,24.875,0.0
2015-02-20,12.221666666666666,32.4225,1.514375,14.625,44.63833333333333,47.24875,34.389583333333334,33.135416666666664,0.3020833333333333,38.854166666666664,0.0
2015-02-21,5.350833333333333,26.22458333333333,3.8735416666666667,12.645833333333334,31.5725,52.16,33.03916666666667,44.165416666666665,0.31416666666666665,37.958333333333336,0.0
2015-02-22,1.9795833333333333,14.758333333333333,0.545625,5.958333333333333,16.740416666666665,55.54291666666666,32.23666666666667,33.356249999999996,0.20458333333333334,17.416666666666668,0.0
2015-02-23,4.960416666666666,18.791666666666668,0.8960416666666667,7.229166666666667,23.759583333333335,57.88625,32.410000000000004,25.35375,0.23458333333333334,25.041666666666668,0.0
2015-02-24,7.112916666666667,27.399583333333336,3.456041666666667,8.666666666666666,34.50875,51.62958333333333,33.104166666666664,36.76625,0.27999999999999997,27.375,0.0
2015-02-25,10.969583333333333,50.12416666666667,3.8191666666666664,19.041666666666668,61.09291666666667,54.004999999999995,32.21541666666666,31.536666666666665,0.46708333333333335,45.5,0.0
2015-02-26,11.851875,43.80458333333333,2.4541666666666666,17.958333333333332,55.659166666666664,54.40416666666667,31.947083333333335,45.53916666666667,0.4154166666666667,40.583333333333336,0.0
2015-02-27,9.477083333333335,45.67625,4.397083333333334,24.125,55.15416666666667,53.427083333333336,32.42333333333333,66.98416666666667,0.4791666666666667,47.583333333333336,0.0
2015-02-28,5.6035,34.2145,0.8275,15.380952380952381,39.812,58.670500000000004,31.308999999999997,37.201,0.3655,33.142857142857146,0.8
2015-03-01,2.2113333333333336,12.890666666666666,0.049666666666666665,5.125,15.098,49.489333333333335,31.020666666666667,37.178666666666665,0.17466666666666666,25.1875,0.0
2015-03-02,9.491666666666667,23.230833333333333,0.593125,9.625,32.719791666666666,55.6225,29.831666666666667,27.9025,0.21708333333333332,37.333333333333336,0.0
2015-03-03,7.565833333333334,25.068749999999998,4.470416666666667,8.958333333333334,32.63583333333333,57.90083333333333,30.305000000000003,26.559583333333336,0.22823529411764706,32.625,0.0
2015-03-04,6.070416666666667,26.88208333333333,5.25875,9.416666666666666,32.950833333333335,59.22208333333333,31.105,31.703333333333333,0.5420833333333334,25.583333333333332,0.0
2015-03-05,8.77625,33.236666666666665,6.150208333333333,10.875,42.00958333333333,55.048750000000005,32.35208333333333,34.58083333333333,0.47625,30.0,0.0
2015-03-06,10.233333333333333,46.7075,6.362916666666667,19.5,56.942083333333336,54.10333333333333,32.43458333333333,50.1625,0.48583333333333334,42.333333333333336,0.0
2015-03-07,5.989583333333333,41.6225,2.9608333333333334,14.875,47.61166666666667,68.98166666666667,29.073333333333334,40.084583333333335,0.5091666666666667,29.770833333333332,4.4
2015-03-08,8.255833333333333,39.32041666666667,2.895208333333333,13.75,47.57583333333333,73.96,28.883333333333336,28.63208333333333,0.5854166666666667,20.125,5.800000000000001
2015-03-09,34.38770833333333,51.99791666666667,3.793333333333333,13.833333333333334,86.38354166666666,80.31541666666666,27.954583333333332,10.66,0.7558333333333334,27.083333333333332,5.0
2015-03-10,31.785833333333333,52.682916666666664,2.4985416666666667,14.125,84.47291666666666,71.52791666666667,29.082916666666666,5.917083333333333,0.6683333333333333,31.958333333333332,0.2
2015-03-11,35.766666666666666,47.36375,2.737291666666667,12.4375,83.13,63.3975,30.532916666666665,11.802083333333334,0.5979166666666667,28.583333333333332,0.4
2015-03-12,35.08291666666667,49.70291666666666,3.06875,12.105263157894736,84.78791666666667,69.14083333333333,29.90375,15.232083333333334,0.6024999999999999,34.854166666666664,0.0
2015-03-13,20.256666666666668,61.04833333333334,3.8470833333333334,19.520833333333332,81.30333333333333,72.15583333333333,30.12125,26.84541666666667,0.625,42.791666666666664,4.0
2015-03-14,12.16625,50.91166666666667,0.6633333333333333,19.9375,63.076249999999995,70.96208333333333,29.587083333333336,39.385,0.6508333333333334,40.166666666666664,0.0
2015-03-15,4.267916666666667,40.295,2.3320833333333337,25.291666666666668,44.565,64.16791666666667,31.623333333333335,44.998333333333335,0.5354166666666667,47.041666666666664,0.0
2015-03-16,12.245833333333332,45.944583333333334,1.2095833333333335,19.333333333333332,58.190416666666664,65.18416666666667,30.702083333333334,52.97875,0.51625,42.791666666666664,34.6
2015-03-17,37.93875,58.767291666666665,1.1722916666666665,13.3125,96.70145833333333,77.60541666666667,26.21375,10.86625,0.7041666666666666,35.666666666666664,1.0
2015-03-18,30.79625,48.48875,1.2810416666666666,19.166666666666668,79.28416666666666,71.03291666666667,29.071250000000003,30.427083333333332,0.53125,37.875,0.0
2015-03-19,14.512500000000001,41.32541666666666,5.450208333333333,16.375,55.842083333333335,67.0125,29.6975,28.777083333333334,0.41291666666666665,36.0,0.0
2015-03-20,11.385,33.37291666666667,0.28520833333333334,7.833333333333333,44.75541666666667,66.81666666666666,29.909583333333334,20.342916666666667,0.36541666666666667,22.541666666666668,0.0
2015-03-21,19.234166666666667,40.59125,1.8179166666666664,12.604166666666666,59.82416666666666,73.92083333333333,27.95958333333333,10.465833333333334,0.5529166666666666,30.291666666666668,0.0
2015-03-22,7.0249999999999995,29.551666666666666,3.9729166666666664,7.0,36.575833333333335,74.91166666666668,27.618333333333336,29.075833333333335,0.39083333333333337,15.208333333333334,86.39999999999999
2015-03-23,20.474375,41.82208333333333,1.0672916666666667,6.395833333333333,62.29604166666667,86.47250000000001,24.62625,13.82875,0.4522916666666667,15.979166666666666,17.2
2015-03-24,13.985833333333332,32.55583333333333,0.883888888888889,8.666666666666666,46.537083333333335,69.73958333333333,27.439166666666665,17.811666666666667,0.3183333333333333,19.625,5.2
2015-03-25,24.34166666666667,35.584583333333335,2.0047916666666667,12.208333333333334,59.9275,63.14541666666667,28.335416666666664,22.319166666666664,0.4375,36.25,0.0
2015-03-26,25.5175,50.431666666666665,3.2947368421052627,18.958333333333332,75.94625,59.55458333333333,29.97666666666667,35.26583333333333,0.4895833333333333,45.791666666666664,0.0
2015-03-27,13.177083333333334,41.48375,1.2408333333333335,15.666666666666666,54.66041666666666,65.81791666666666,29.329583333333332,29.92125,0.39666666666666667,36.541666666666664,0.0
2015-03-28,7.917083333333333,45.00958333333333,4.5825000000000005,17.708333333333332,52.92791666666667,63.86875,29.020416666666666,24.160833333333333,0.45166666666666666,40.458333333333336,0.4
2015-03-29,5.7124999999999995,26.57375,3.8085416666666667,15.625,32.28604166666667,77.63958333333333,28.236666666666665,35.627500000000005,0.36333333333333334,29.541666666666668,33.4
2015-03-30,18.069583333333334,45.51583333333334,1.4010416666666667,11.625,63.58583333333333,76.06625,29.28916666666667,27.016666666666666,0.52875,26.270833333333332,1.0
2015-03-31,30.976249999999997,49.782916666666665,0.9860416666666666,19.166666666666668,80.75625000000001,67.76958333333333,30.43375,18.807916666666667,0.6541666666666667,44.416666666666664,0.0
2015-04-01,15.075000000000001,38.18541666666667,0.08729166666666667,9.583333333333334,53.25333333333333,68.36958333333332,28.22583333333333,18.80375,0.38833333333333336,26.875,0.0
2015-04-02,14.6475,37.85125,0.7729166666666667,7.770833333333333,52.5025,67.37833333333333,27.43375,15.717916666666667,0.35708333333333336,22.291666666666668,2.6
2015-04-03,12.53375,25.861666666666665,0.7827083333333333,8.916666666666666,38.396458333333335,59.165416666666665,27.949166666666667,31.166666666666668,0.29458333333333336,19.916666666666668,0.0
2015-04-04,9.479583333333332,26.960416666666664,1.690625,9.541666666666666,36.439166666666665,56.73666666666667,28.987916666666667,40.893750000000004,0.29125,23.375,0.0
2015-04-05,8.548333333333334,32.87979166666667,4.578333333333333,8.458333333333334,41.429375,63.38791666666666,29.84166666666667,38.08958333333333,0.41041666666666665,21.458333333333332,10.8
2015-04-06,19.539166666666667,33.370416666666664,0.0775,7.5625,52.9075,66.28541666666666,28.952916666666667,19.546666666666667,0.3333333333333333,20.333333333333332,6.6
2015-04-07,21.881666666666664,36.60541666666666,0.41208333333333336,8.6875,58.48666666666667,81.47958333333334,23.83583333333333,13.174999999999999,0.42583333333333334,19.020833333333332,17.4
2015-04-08,19.265416666666667,32.92333333333333,3.1172916666666666,11.8125,52.189166666666665,61.82666666666666,26.366249999999997,25.110416666666666,0.2658333333333333,29.0,0.0
2015-04-09,12.760416666666666,27.09,0.9058333333333333,9.604166666666666,39.84875,61.685,26.9325,24.844166666666666,0.24333333333333332,25.645833333333332,0.0
2015-04-10,7.7375,28.777291666666667,0.20625000000000002,6.541666666666667,36.515625,56.120000000000005,27.794999999999998,29.678749999999997,0.22916666666666666,17.416666666666668,0.0
2015-04-11,7.2508333333333335,31.977083333333336,5.2039583333333335,7.791666666666667,39.2275,56.94958333333333,28.14625,43.14416666666667,0.26208333333333333,19.25,0.0
2015-04-12,4.039166666666667,31.282916666666665,2.5564583333333335,9.833333333333334,35.3225,63.06708333333333,28.07166666666667,43.562083333333334,0.33,23.291666666666668,0.0
2015-04-13,12.887083333333335,47.13666666666666,3.5825,16.145833333333332,60.031666666666666,59.30416666666667,28.105,35.19875,0.3958333333333333,35.770833333333336,0.0
2015-04-14,3.4595833333333332,34.238958333333336,0.995,10.708333333333334,37.69770833333333,55.923750000000005,28.825833333333335,55.1875,0.22375,25.375,0.0
2015-04-15,8.606250000000001,52.35041666666667,2.2935416666666666,16.666666666666668,60.958958333333335,55.34708333333333,30.074583333333333,41.535000000000004,0.4116666666666667,38.75,0.0
2015-04-16,9.934583333333334,43.60916666666666,0.5391666666666667,18.083333333333332,53.54708333333334,64.7625,29.02416666666667,40.38583333333333,0.3779166666666667,42.916666666666664,0.0
2015-04-17,6.019166666666667,33.777499999999996,0.2325,8.395833333333334,39.79375,70.68916666666667,28.37875,30.123333333333335,0.33958333333333335,19.8125,4.0
2015-04-18,4.494583333333334,43.07875000000001,7.866666666666667,17.25,47.57458333333333,62.8975,30.37625,38.004583333333336,0.4429166666666667,35.375,0.0
2015-04-19,5.183333333333333,34.381875,1.0470833333333334,17.25,39.564375,69.83916666666667,29.362083333333334,36.41041666666667,0.5170833333333333,37.375,0.0
2015-04-20,7.371666666666666,43.803333333333335,3.7904166666666668,20.75,51.17666666666667,63.147083333333335,31.13333333333333,44.14666666666667,0.45999999999999996,42.833333333333336,0.0
2015-04-21,6.547916666666667,32.660000000000004,0.47875,13.541666666666666,39.20666666666667,66.98125,30.375,28.624166666666667,0.4091666666666667,31.958333333333332,2.2
2015-04-22,17.044583333333332,37.42625,0.0020833333333333333,5.9375,54.465833333333336,85.25375,25.52541666666667,8.675833333333333,0.3870833333333334,13.4375,14.8
2015-04-23,7.714166666666667,26.395416666666666,0.034999999999999996,9.083333333333334,34.110416666666666,73.82625,26.885833333333334,17.388749999999998,0.22916666666666666,18.291666666666668,0.0
2015-04-24,7.349583333333334,33.459583333333335,4.457083333333333,10.25,40.803333333333335,65.33541666666666,28.88416666666667,26.554166666666664,0.3120833333333333,24.041666666666668,0.0
2015-04-25,8.0075,28.93166666666667,0.0,9.520833333333334,36.942083333333336,64.36958333333332,27.449583333333333,25.462500000000002,0.24416666666666667,20.770833333333332,0.0
2015-04-26,12.1275,30.427916666666665,0.449375,5.5,42.556666666666665,76.66041666666666,24.663749999999997,18.01,0.4075,12.208333333333334,4.2
2015-04-27,23.4725,32.99125,2.5770833333333334,8.916666666666666,56.47104166666666,69.94208333333334,25.89375,12.454999999999998,0.40958333333333335,22.333333333333332,4.8
2015-04-28,15.932083333333333,39.45604166666667,2.81625,11.458333333333334,55.38583333333333,61.82333333333333,27.778125,17.324791666666666,0.38479166666666664,25.666666666666668,0.0
2015-04-29,20.687083333333334,36.695,1.3724999999999998,10.895833333333334,57.39125000000001,68.7925,26.254166666666666,13.778333333333334,0.4116666666666667,25.666666666666668,0.0
2015-04-30,25.015833333333333,38.505,2.5741666666666667,8.166666666666666,63.52125,82.0725,22.507500000000004,9.903333333333334,0.4045833333333333,18.625,11.2
2015-05-01,18.17083333333333,28.879166666666666,3.313541666666666,10.833333333333334,47.05041666666667,67.15083333333332,24.797083333333333,29.059166666666666,0.3016666666666667,26.333333333333332,0.0
2015-05-02,13.911666666666667,33.155,4.3999999999999995,12.666666666666666,47.055625,63.60666666666666,26.690416666666668,31.221666666666664,0.35916666666666663,28.708333333333332,0.0
2015-05-03,5.178333333333334,30.0,5.368958333333333,9.375,35.17958333333333,59.85666666666666,28.94875,30.163749999999997,0.33416666666666667,20.958333333333332,0.0
2015-05-04,15.690263157894737,39.930789473684214,5.732500000000001,14.708333333333334,55.62105263157895,56.574999999999996,29.364166666666666,12.964583333333332,0.4975,33.333333333333336,2.8
2015-05-05,11.472083333333332,37.82041666666667,0.037083333333333336,9.6875,49.29833333333334,75.46,25.101249999999997,14.321666666666667,0.42166666666666663,19.666666666666668,10.4
2015-05-06,41.82083333333333,43.36291666666667,4.037083333333333,12.791666666666666,85.1825,76.82458333333334,23.418333333333333,4.615833333333334,0.5429166666666667,32.125,0.4
2015-05-07,32.615833333333335,43.06666666666666,3.7606250000000006,15.041666666666666,75.67541666666666,68.96708333333333,24.5,14.40125,0.41500000000000004,36.916666666666664,0.0
2015-05-08,32.86666666666667,44.99208333333333,1.9966666666666668,11.041666666666666,77.85666666666667,76.0125,22.302916666666665,8.838333333333333,0.4454166666666666,25.541666666666668,2.8
2015-05-09,36.39125,38.057916666666664,7.107916666666667,15.0,74.44791666666667,65.77625,24.67958333333333,22.7925,0.4791666666666667,36.25,0.0
2015-05-10,16.127916666666668,38.925000000000004,3.9739473684210522,12.333333333333334,55.05083333333334,64.02583333333332,26.160416666666666,26.155416666666667,0.56125,27.916666666666668,0.0
2015-05-11,23.767083333333332,41.45333333333333,1.4195833333333334,12.541666666666666,65.22,72.31958333333334,25.82875,17.134166666666665,0.4375,26.25,11.6
2015-05-12,21.327083333333334,38.6325,1.02125,9.333333333333334,59.96208333333333,70.57000000000001,25.300833333333333,19.693749999999998,0.44083333333333335,24.75,0.8
2015-05-13,16.633750000000003,33.55979166666666,0.6995833333333333,5.708333333333333,50.19104166666667,71.69500000000001,24.598333333333333,16.4175,0.33791666666666664,16.666666666666668,4.6
2015-05-14,7.582083333333333,30.715416666666666,0.9410416666666667,6.416666666666667,38.29833333333333,67.19541666666667,24.36375,18.52541666666667,0.2529166666666667,17.083333333333332,0.6000000000000001
2015-05-15,16.422916666666666,29.945833333333336,0.08458333333333333,10.833333333333334,46.36416666666667,63.848333333333336,24.514583333333334,20.562916666666666,0.28458333333333335,24.375,0.0
2015-05-16,18.204166666666666,27.932916666666667,0.548695652173913,9.523809523809524,46.13666666666666,67.85041666666667,24.322083333333335,22.535416666666666,0.32375000000000004,19.238095238095237,0.4
2015-05-17,,,,,,,,,,,0.0
2015-05-18,9.588333333333333,45.71083333333333,10.46625,18.818181818181817,55.29916666666667,59.97083333333333,27.241666666666664,19.18916666666667,0.5275,37.96153846153846,0.0
2015-05-19,8.473333333333333,30.785833333333333,3.3414583333333336,9.479166666666666,39.25479166666667,66.3575,26.46083333333333,19.35375,0.24541666666666664,24.916666666666668,0.0
2015-05-20,9.805833333333334,33.248333333333335,0.08291666666666667,9.041666666666666,43.04624999999999,63.98791666666667,26.062083333333334,17.91,0.29375,21.541666666666668,0.0
2015-05-21,5.207083333333333,27.835416666666664,0.33041666666666664,9.0,33.053333333333335,62.80875,26.381666666666664,22.969583333333333,0.25416666666666665,23.166666666666668,0.0
2015-05-22,12.4275,36.26916666666667,2.5454166666666667,9.0,48.693333333333335,61.85666666666666,26.3325,20.567916666666665,0.33916666666666667,24.083333333333332,0.0
2015-05-23,29.81916666666667,44.526250000000005,4.430416666666667,13.666666666666666,74.34666666666666,60.57541666666666,25.751666666666665,14.816249999999998,0.63,30.916666666666668,0.0
2015-05-24,45.009166666666665,58.595,1.4314583333333335,28.583333333333332,103.6025,56.872083333333336,27.810000000000002,25.816666666666666,0.7637499999999999,58.916666666666664,0.0
2015-05-25,67.97625000000001,75.95333333333333,5.1120833333333335,37.916666666666664,143.93041666666667,55.357499999999995,28.68166666666667,23.37291666666667,0.8337500000000001,85.125,0.0
2015-05-26,11.63125,54.70416666666667,1.466875,20.333333333333332,66.33541666666666,65.47666666666667,27.081666666666667,31.650000000000002,0.3666666666666667,44.541666666666664,0.0
2015-05-27,16.09263157894737,62.73263157894737,5.249583333333334,28.541666666666668,78.82,63.340833333333336,27.655,26.075833333333332,0.805,62.291666666666664,0.0
2015-05-28,18.374285714285715,45.92285714285714,0.8295833333333333,29.958333333333332,64.31,59.58541666666667,28.515416666666667,17.547083333333333,0.6195833333333333,66.0,5.800000000000001
2015-05-29,24.797916666666666,49.48333333333334,2.224791666666667,15.416666666666666,74.27875,68.75625000000001,25.265833333333333,10.410833333333333,0.5391666666666667,33.166666666666664,2.6
2015-05-30,26.087500000000002,45.92083333333333,2.5135416666666663,16.958333333333332,72.00791666666667,69.58083333333333,24.85291666666667,27.08458333333333,0.56875,40.958333333333336,0.0
2015-05-31,19.257083333333334,53.1225,0.24937499999999999,22.125,72.37666666666667,84.43708333333333,23.47666666666667,3.608333333333333,0.7870833333333334,44.583333333333336,1.8000000000000003
2015-06-01,27.123333333333335,42.9025,0.55625,12.166666666666666,70.04041666666667,77.01125,23.86791666666667,9.2775,0.4116666666666667,29.541666666666668,2.0
2015-06-02,29.8225,45.51083333333333,3.5087500000000005,10.208333333333334,75.33125,81.20583333333333,22.67458333333333,5.451666666666667,0.5020833333333333,24.083333333333332,4.4
2015-06-03,20.034583333333334,42.2975,1.2170833333333333,10.708333333333334,62.34625,63.111250000000005,25.03708333333333,14.172916666666666,0.3958333333333333,27.833333333333332,0.0
2015-06-04,29.235833333333332,52.94083333333333,6.945625,17.708333333333332,82.17583333333333,64.80291666666666,25.012916666666666,25.082083333333333,0.7333333333333334,44.166666666666664,0.0
2015-06-05,34.01541666666667,60.565416666666664,2.4654166666666666,20.875,94.58083333333333,67.7375,25.422916666666666,28.97458333333333,0.6620833333333334,53.041666666666664,0.0
2015-06-06,23.266666666666666,52.11083333333334,1.1364583333333333,18.25,75.37708333333333,66.14416666666666,27.384583333333335,23.006666666666664,0.6079166666666667,40.958333333333336,0.0
2015-06-07,55.63666666666666,51.254999999999995,4.724583333333333,19.0,106.89208333333333,57.94583333333333,28.166666666666668,23.137500000000003,0.8829166666666667,44.541666666666664,0.0
2015-06-08,70.52291666666666,59.721666666666664,3.986875,26.75,130.23749999999998,55.26166666666666,28.02416666666667,15.07875,0.8225000000000001,63.833333333333336,0.0
2015-06-09,66.65083333333334,69.97708333333334,4.697916666666667,28.083333333333332,136.625,54.497083333333336,27.52208333333333,18.620416666666667,0.8054166666666666,69.54166666666667,0.0
2015-06-10,85.53750000000001,74.37541666666667,3.9104166666666664,38.604166666666664,159.91291666666666,53.08291666666667,27.642083333333332,15.775833333333333,0.8891666666666667,93.83333333333333,0.0
2015-06-11,72.32916666666667,72.88041666666668,4.513333333333333,32.5,145.2075,52.002916666666664,28.225416666666664,18.515,0.7125,78.95833333333333,0.0
2015-06-12,50.290416666666665,51.893750000000004,1.3404166666666668,22.583333333333332,102.18666666666667,73.7025,24.967083333333335,14.9,0.6191666666666666,58.958333333333336,6.4
2015-06-13,30.43875,48.47875,2.998125,21.25,78.92666666666666,66.49666666666667,27.453333333333333,23.20875,0.7570833333333334,40.916666666666664,0.0
2015-06-14,124.28500000000001,50.880833333333335,1.625714285714286,41.125,175.16208333333336,51.086666666666666,29.370833333333334,15.42375,1.6524999999999999,83.45833333333333,0.0
2015-06-15,19.84,42.44625,0.18208333333333335,16.666666666666668,62.29458333333333,68.94291666666666,24.956666666666667,14.665416666666667,0.1575,30.0,3.4000000000000004
2015-06-16,16.8775,44.76791666666667,0.026458333333333334,13.708333333333334,61.64416666666667,86.41791666666667,21.15375,8.69875,0.425,21.583333333333332,5.0
2015-06-17,24.008750000000003,44.58895833333333,1.9691666666666665,17.083333333333332,68.596875,72.53958333333334,25.09875,19.111250000000002,0.4991666666666667,37.75,0.0
2015-06-18,113.53250000000001,60.810833333333335,5.662291666666667,40.416666666666664,174.33875,63.32749999999999,28.503333333333334,16.342916666666667,1.11625,90.04166666666667,0.0
2015-06-19,12.352916666666665,37.17208333333333,0.022083333333333333,9.5625,49.5225,87.69166666666666,21.944999999999997,22.52625,0.3229166666666667,15.0,16.0
2015-06-20,4.682916666666666,30.206666666666667,0.8160416666666667,10.125,34.893750000000004,72.30291666666666,22.136666666666667,27.478333333333335,0.2508333333333333,19.395833333333332,2.0
2015-06-21,20.544166666666666,40.46458333333333,0.14083333333333334,14.833333333333334,61.00416666666666,67.07916666666667,22.570000000000004,14.972916666666668,0.5133333333333333,27.0,0.0
2015-06-22,71.85041666666667,58.03041666666667,0.7945833333333333,26.541666666666668,129.88041666666666,67.0175,24.55,8.214583333333334,0.8475,54.0,0.0
2015-06-23,41.16291666666667,43.01166666666666,1.1864583333333334,21.958333333333332,84.17083333333333,64.73416666666667,26.115416666666665,19.981666666666666,0.32,43.375,0.0
2015-06-24,16.37,44.635,3.527708333333333,13.041666666666666,61.005833333333335,84.21,21.63,18.09375,0.24125,22.645833333333332,20.4
2015-06-25,6.591666666666668,34.150416666666665,0.7891666666666667,10.708333333333334,40.74125,74.61708333333333,21.097083333333334,23.11791666666667,0.10166666666666667,19.375,2.4000000000000004
2015-06-26,20.988333333333333,38.97958333333333,0.9856250000000001,13.875,59.96875,72.06208333333333,21.6425,17.165833333333335,0.2275,26.958333333333332,0.0
2015-06-27,18.467916666666667,32.7575,1.5804166666666666,16.5,51.22333333333333,70.23666666666666,22.7075,24.258750000000003,0.37000000000000005,31.416666666666668,0.2
2015-06-28,10.62875,33.67541666666667,5.212916666666667,18.166666666666668,44.305416666666666,69.59208333333333,23.404583333333335,28.071250000000003,0.45333333333333337,34.583333333333336,0.0
2015-06-29,41.666666666666664,45.74916666666667,4.7508333333333335,22.791666666666668,87.41541666666667,66.36541666666666,24.47375,12.545833333333334,0.53625,50.166666666666664,0.0
2015-06-30,56.55458333333333,55.65958333333334,3.3064583333333335,26.958333333333332,116.57249999999999,60.221666666666664,25.780416666666667,12.654166666666667,0.5570833333333333,58.791666666666664,0.0
2015-07-01,48.8775,45.61916666666667,3.6281250000000003,21.791666666666668,94.4975,57.63666666666666,26.717916666666667,17.779166666666665,0.5575,47.541666666666664,0.0
2015-07-02,13.74875,48.98333333333333,2.874166666666667,18.708333333333332,62.73083333333333,66.58041666666666,25.376666666666665,20.925833333333333,0.4066666666666667,36.708333333333336,0.0
2015-07-03,75.908125,61.901041666666664,9.688958333333334,27.125,137.81354166666668,67.44708333333334,25.422083333333333,10.400833333333333,1.1345833333333333,60.958333333333336,0.0
2015-07-04,50.80625,40.19416666666667,2.235,24.4375,91.00333333333333,61.75416666666666,25.71666666666667,20.813333333333333,0.45333333333333337,50.041666666666664,0.8
2015-07-05,14.088333333333333,34.55916666666666,2.4495833333333334,15.083333333333334,48.64666666666667,74.33875,19.943749999999998,18.265833333333333,0.4454166666666666,24.5,0.8
2015-07-06,16.40458333333333,37.79875,0.8616666666666667,19.416666666666668,54.20333333333334,70.93458333333334,21.721666666666668,11.187083333333334,0.36000000000000004,40.041666666666664,0.0
2015-07-07,36.27791666666667,44.395833333333336,3.7602083333333334,17.0,80.67416666666666,65.885,24.260416666666668,15.190833333333332,0.48875,38.291666666666664,0.0
2015-07-08,48.98666666666667,50.90541666666667,3.1435416666666662,21.625,99.89083333333333,61.84375,25.568749999999998,8.155,0.62875,49.083333333333336,0.0
2015-07-09,59.58958333333333,56.284166666666664,2.017916666666667,26.416666666666668,115.87374999999999,55.78583333333333,26.048333333333332,5.083333333333333,0.5795833333333333,59.166666666666664,0.0
2015-07-10,69.06625,49.565,1.883125,26.75,118.62791666666668,63.46,25.219166666666666,25.52541666666667,0.7141666666666667,61.833333333333336,0.0
2015-07-11,30.77291666666667,46.86000000000001,2.0191666666666666,21.791666666666668,77.62625,67.0725,25.442083333333333,21.99625,0.6095833333333333,47.291666666666664,0.0
2015-07-12,52.41916666666666,55.65875,5.960416666666667,34.166666666666664,108.07875,61.00375,27.536666666666665,27.459999999999997,1.1500000000000001,74.70833333333333,0.0
2015-07-13,80.82000000000001,67.41125,5.786458333333333,32.708333333333336,148.22916666666666,60.42041666666666,28.389166666666668,12.9625,0.7654166666666667,72.29166666666667,0.0
2015-07-14,99.16583333333334,70.05708333333332,9.802083333333334,31.75,169.21291666666667,54.53208333333333,28.4675,8.98625,0.8300000000000001,71.875,0.0
2015-07-15,35.454166666666666,56.815,3.214375,32.666666666666664,92.26875000000001,64.99833333333333,26.7775,16.848333333333333,0.6258333333333334,74.02083333333333,0.0
2015-07-16,13.120416666666666,49.70458333333334,5.130416666666666,31.833333333333332,62.821666666666665,64.71083333333333,26.77125,33.68125,0.5645833333333333,64.58333333333333,0.0
2015-07-17,22.245833333333334,62.62166666666667,5.71375,46.458333333333336,84.87166666666667,72.68124999999999,25.59958333333333,20.144166666666667,0.6658333333333334,80.625,0.0
2015-07-18,36.80291666666667,53.68958333333333,2.3614583333333337,42.208333333333336,90.4925,65.0625,25.90125,14.237499999999999,0.7125,77.91666666666667,0.0
2015-07-19,13.394583333333335,42.464999999999996,3.7110416666666666,40.25,55.85916666666666,59.45083333333333,26.835416666666664,26.890416666666667,0.5433333333333333,61.208333333333336,0.0
2015-07-20,48.50666666666667,48.09166666666667,8.22625,21.083333333333332,96.59833333333334,51.52041666666667,28.132916666666663,17.025000000000002,0.4716666666666667,50.458333333333336,0.0
2015-07-21,31.3425,36.62708333333334,0.5677083333333334,16.854166666666668,67.96291666666667,53.20083333333333,26.427083333333332,23.64375,0.3104166666666667,46.541666666666664,1.0
2015-07-22,22.240416666666665,43.89166666666667,7.036666666666666,14.916666666666666,66.13166666666667,78.895,21.485833333333332,13.349166666666667,0.48541666666666666,32.791666666666664,1.4
2015-07-23,7.8566666666666665,30.60875,3.236875,13.333333333333334,38.464999999999996,69.08125,23.289583333333336,16.370555555555555,0.215,31.958333333333332,0.0
2015-07-24,50.11875,45.47625,6.609166666666667,18.916666666666668,95.59375,65.38375,25.3225,16.482499999999998,0.6683333333333333,41.083333333333336,0.0
2015-07-25,13.644166666666665,45.0025,2.1843749999999997,19.375,58.647083333333335,78.47541666666667,23.903333333333332,19.672916666666666,0.31583333333333335,32.458333333333336,3.2
2015-07-26,6.454166666666667,28.666666666666668,5.388333333333333,12.541666666666666,35.1225,76.84833333333333,22.897499999999997,27.299166666666665,0.28958333333333336,25.791666666666668,0.2
2015-07-27,17.152916666666666,41.25791666666667,6.703333333333333,25.625,58.405833333333334,72.54708333333333,24.0525,18.147916666666667,0.41375,44.708333333333336,0.0
2015-07-28,17.3625,40.38458333333333,4.833125,21.625,57.74375,70.88166666666667,25.4175,27.034583333333334,0.3758333333333333,38.041666666666664,0.0
2015-07-29,12.094791666666666,43.55145833333333,2.127291666666667,25.25,55.64333333333334,70.66916666666667,25.25916666666667,23.969166666666666,0.4075,42.75,0.0
2015-07-30,12.097916666666668,42.46208333333333,4.074583333333334,18.416666666666668,54.56166666666667,65.71625,26.68875,31.711250000000003,0.37083333333333335,40.625,0.0
2015-07-31,24.551666666666666,59.84916666666667,1.2070833333333333,42.208333333333336,84.40291666666667,65.80916666666667,26.95875,28.751666666666665,0.6345833333333334,76.41666666666667,0.0
2015-08-01,24.865416666666665,61.42083333333333,11.292916666666668,47.458333333333336,86.28708333333333,60.193333333333335,27.265833333333333,29.885416666666668,0.77625,77.91666666666667,0.0
2015-08-02,36.23791666666667,52.031666666666666,19.581458333333334,41.541666666666664,88.26791666666666,54.19708333333333,27.25708333333333,31.292083333333334,0.7025,67.625,0.0
2015-08-03,61.346666666666664,58.81125,3.9910416666666664,39.833333333333336,120.15499999999999,49.709583333333335,27.75708333333333,21.476250000000004,0.64875,73.25,0.0
2015-08-04,43.78708333333333,66.01375,4.17125,40.875,109.79541666666667,53.600833333333334,27.337500000000002,37.14416666666667,0.7270833333333333,83.25,0.0
2015-08-05,37.10208333333333,76.13583333333334,8.899166666666668,46.958333333333336,113.23666666666666,58.58875,26.745,34.833333333333336,0.7383333333333333,89.125,0.0
2015-08-06,9.557916666666666,57.305,8.735000000000001,39.125,66.86166666666666,57.961666666666666,27.35625,33.8925,0.48833333333333334,70.70833333333333,0.0
2015-08-07,10.385416666666666,40.600833333333334,6.967708333333333,19.916666666666668,50.98583333333334,59.06583333333333,27.499166666666667,34.71208333333333,0.4041666666666666,50.166666666666664,0.0
2015-08-08,3.6870833333333333,26.17375,1.2325,13.5,29.866666666666664,59.88958333333334,27.024583333333336,40.63291666666667,0.315,35.833333333333336,0.0
2015-08-09,2.2125,17.385416666666668,4.451666666666667,9.458333333333334,19.597916666666666,62.56916666666667,25.75208333333333,45.48583333333334,0.26625,24.416666666666668,0.0
2015-08-10,4.004166666666666,26.301666666666666,1.1108333333333333,10.875,30.307083333333335,57.13583333333333,25.84583333333333,42.55416666666667,0.2604166666666667,31.833333333333332,0.0
2015-08-11,6.974791666666667,30.611041666666665,3.92125,13.916666666666666,37.58833333333333,55.62125,25.360416666666666,40.22541666666667,0.22458333333333336,32.875,0.0
2015-08-12,4.980833333333333,29.462500000000002,0.9510416666666667,10.833333333333334,34.4375,56.528333333333336,25.2225,39.87708333333333,0.25125000000000003,30.333333333333332,0.0
2015-08-13,17.279166666666665,39.47708333333333,13.186041666666666,16.479166666666668,56.752916666666664,57.712916666666665,25.78708333333333,28.704583333333332,0.3454166666666667,40.625,0.0
2015-08-14,7.743958333333333,34.35520833333333,8.774791666666667,14.208333333333334,42.094166666666666,57.857499999999995,26.242500000000003,30.221666666666664,0.3116666666666667,38.416666666666664,0.0
2015-08-15,4.612291666666667,32.563541666666666,8.519375,13.333333333333334,37.174166666666665,52.3775,27.182083333333335,42.52583333333333,0.38458333333333333,32.166666666666664,0.0
2015-08-16,6.065416666666667,33.580416666666665,11.972916666666665,16.75,39.64666666666667,53.007083333333334,28.007500000000004,40.233333333333334,0.40125000000000005,36.5,0.0
2015-08-17,8.139583333333333,38.12916666666667,5.826250000000001,17.916666666666668,46.26791666666667,56.16291666666667,27.2925,40.35875,0.3625,38.791666666666664,0.0
2015-08-18,9.50625,35.6825,3.815,10.979166666666666,45.187083333333334,52.00541666666667,27.79958333333333,29.493333333333336,0.3466666666666667,35.875,0.0
2015-08-19,18.846666666666668,41.54666666666667,3.123125,15.291666666666666,60.38833333333333,46.50375,29.547916666666666,29.476250000000004,0.3622916666666667,49.4375,0.0
2015-08-20,9.768333333333333,29.342916666666667,1.3495833333333334,10.166666666666666,39.10916666666667,53.45374999999999,24.79375,40.956250000000004,0.2708333333333333,32.208333333333336,0.0
2015-08-21,11.724583333333333,35.0075,0.9370833333333333,10.5,46.73333333333333,68.37708333333333,23.63291666666667,31.36,0.2754166666666667,25.375,2.6
2015-08-22,2.439583333333333,25.654583333333335,1.3220833333333333,11.708333333333334,28.094583333333333,64.97291666666666,25.436666666666667,49.518750000000004,0.22416666666666665,26.0,0.0
2015-08-23,7.5754166666666665,39.310833333333335,6.729166666666667,25.333333333333332,46.884166666666665,58.20333333333334,27.499166666666667,58.2725,0.47750000000000004,46.458333333333336,0.0
2015-08-24,16.374166666666667,41.30458333333333,2.0616666666666665,21.833333333333332,57.67458333333334,66.97708333333334,24.431250000000002,35.14895833333333,0.3466666666666667,45.666666666666664,2.8
2015-08-25,9.777916666666666,39.74166666666667,4.195625,15.625,49.52125,80.64083333333333,22.667083333333334,14.095833333333333,0.34791666666666665,31.791666666666668,3.8
2015-08-26,16.420833333333334,38.51,5.027916666666667,17.541666666666668,54.93416666666667,72.26125,24.68625,23.52541666666667,0.38375000000000004,38.75,0.0
2015-08-27,12.810833333333333,38.91125,3.7437500000000004,13.0,51.72208333333333,66.68541666666667,24.78833333333333,28.952916666666667,0.4183333333333334,38.458333333333336,0.0
2015-08-28,15.211666666666666,38.604166666666664,2.487083333333333,12.083333333333334,53.84,60.83583333333333,24.901666666666667,36.985416666666666,0.34625,34.208333333333336,0.4
2015-08-29,3.2695833333333333,30.807083333333335,5.352708333333333,17.0,34.07333333333333,58.215833333333336,25.85083333333333,51.6675,0.3416666666666666,39.083333333333336,0.0
2015-08-30,23.344583333333333,44.55916666666667,7.096842105263158,24.166666666666668,67.9025,55.09166666666667,28.153750000000002,61.26625000000001,0.6608333333333333,49.416666666666664,0.0
2015-08-31,124.9375,89.55375,14.106041666666668,52.25,214.49041666666668,47.987500000000004,30.352500000000003,57.54333333333333,1.2879166666666666,106.45833333333333,0.0
2015-09-01,72.56854166666666,59.27375,6.251041666666667,51.708333333333336,131.84041666666667,51.495416666666664,29.3475,55.60333333333333,0.6029166666666667,109.33333333333333,1.0
2015-09-02,4.56625,27.375833333333333,1.9122916666666665,11.625,31.944999999999997,67.80874999999999,22.307916666666667,39.80291666666667,0.20583333333333334,33.916666666666664,0.4
2015-09-03,13.049583333333333,37.11625,3.9772916666666664,17.166666666666668,50.17416666666667,59.25416666666666,24.542916666666667,29.029583333333335,0.405,45.958333333333336,0.0
2015-09-04,28.883333333333336,42.932500000000005,6.561041666666667,28.625,71.81416666666667,68.29875,24.321250000000003,24.118333333333336,0.5491666666666667,57.9375,1.4000000000000001
2015-09-05,6.3585416666666665,28.08583333333333,3.05625,9.75,34.43729166666667,77.76958333333333,21.277916666666666,32.18416666666666,0.24958333333333335,17.458333333333332,4.0
2015-09-06,8.98625,32.3125,2.7327083333333335,14.041666666666666,41.29541666666667,78.04791666666667,22.471666666666668,23.91875,0.46125,22.666666666666668,2.0
2015-09-07,42.60208333333333,49.14291666666667,7.048958333333334,25.625,91.74875000000002,76.84166666666667,24.317916666666665,9.005,0.9941666666666666,42.75,0.4
2015-09-08,25.735416666666666,56.26083333333333,5.425416666666667,21.0625,81.99208333333333,72.535,25.311666666666667,19.069583333333334,0.5775,43.625,4.0
2015-09-09,22.15125,47.985625,7.61625,15.333333333333334,70.13229166666666,75.454375,24.55458333333333,25.487291666666668,0.44645833333333335,31.5,5.3999999999999995
2015-09-10,27.51833333333333,56.856249999999996,3.2245833333333334,19.5,84.37166666666667,70.79125,25.25208333333333,12.285416666666665,0.6445833333333334,44.625,0.6000000000000001
2015-09-11,28.433333333333334,54.544999999999995,5.336041666666667,18.75,82.97541666666667,78.58208333333333,24.785833333333333,15.528333333333334,0.6866666666666666,36.708333333333336,15.399999999999999
2015-09-12,7.977916666666666,35.723333333333336,3.96625,8.791666666666666,43.690416666666664,86.37124999999999,21.385833333333334,36.25958333333333,0.3329166666666667,16.322916666666668,7.0
2015-09-13,3.8562499999999997,26.319166666666664,1.3729166666666668,5.958333333333333,30.174791666666668,89.10708333333334,19.694166666666664,36.4275,0.33499999999999996,10.427083333333334,14.600000000000001
2015-09-14,18.496666666666666,41.69875,4.199375,10.266666666666667,60.18375,82.20416666666667,21.10291666666667,13.39625,0.45125,22.3125,0.0
2015-09-15,13.41375,35.994166666666665,3.04875,,49.41,72.31625,25.899583333333336,26.377916666666664,0.35791666666666666,,0.0
2015-09-16,39.79208333333333,47.32874999999999,2.1062499999999997,14.1,87.11708333333333,57.16041666666666,31.325833333333335,27.0275,0.7200000000000001,43.4,0.0
2015-09-17,90.42875,68.06354166666667,3.5539583333333336,28.8125,158.48958333333334,45.99625,32.61666666666667,36.21458333333333,0.9666666666666667,83.77083333333333,0.0
2015-09-18,49.36666666666667,75.76125,5.786041666666667,32.25,125.12666666666667,46.026250000000005,33.97375,43.93,0.6566666666666666,83.58333333333333,0.0
2015-09-19,5.594166666666666,47.72020833333334,2.1270833333333337,26.708333333333332,53.312916666666666,54.34125,31.949166666666667,89.15666666666665,0.4695833333333333,68.33333333333333,0.0
2015-09-20,2.5929166666666665,26.911666666666665,2.89125,18.75,29.50375,65.71,27.992083333333337,64.54208333333334,0.34541666666666665,42.333333333333336,0.0
2015-09-21,7.2175,37.67958333333333,4.274583333333333,16.25,44.89833333333333,63.92250000000001,28.32375,44.8725,0.47,47.041666666666664,0.0
2015-09-22,9.065833333333332,50.81729166666667,3.938541666666667,38.25,59.883125,67.11083333333333,27.5825,45.42791666666667,0.5566666666666666,76.54166666666667,0.0
2015-09-23,5.0225,30.026875,3.8154545454545454,39.875,35.04875,66.51708333333333,28.132499999999997,61.14291666666667,0.44,81.83333333333333,0.0
2015-09-24,15.974285714285713,76.59571428571428,11.475714285714286,51.666666666666664,92.57142857142857,48.51666666666667,33.78666666666667,47.71958333333333,0.8408695652173913,111.45833333333333,0.0
2015-09-25,33.95791666666667,64.02666666666667,4.868333333333333,40.083333333333336,97.97666666666667,50.47291666666666,32.280833333333334,52.35958333333334,0.6941666666666667,107.33333333333333,0.0
2015-09-26,3.81,36.89666666666667,4.62125,23.583333333333332,40.71125,58.59,28.920416666666668,69.12041666666666,0.47291666666666665,50.791666666666664,0.0
2015-09-27,2.221041666666667,29.163541666666664,5.768958333333333,21.25,31.38354166666667,59.885,30.431875,71.91270833333333,0.5420833333333334,48.0,0.0
2015-09-28,7.903333333333333,55.01458333333333,7.509166666666666,17.8125,62.91583333333333,71.29583333333333,27.277083333333334,46.06125,0.5216666666666666,41.979166666666664,0.0
2015-09-29,8.884166666666667,43.65854166666667,4.2716666666666665,9.875,52.536249999999995,70.37,27.1125,39.693958333333335,0.5241666666666667,31.541666666666668,0.0
2015-09-30,22.125833333333333,68.45916666666666,4.777083333333334,31.145833333333332,90.58166666666666,71.12583333333333,27.907083333333333,18.804583333333333,0.6995833333333333,73.33333333333333,0.0
2015-10-01,6.910625,39.794583333333335,1.9799999999999998,20.833333333333332,46.701458333333335,70.03166666666667,27.415000000000003,44.39416666666667,0.5095833333333334,42.083333333333336,0.0
2015-10-02,11.360833333333332,52.22,10.773958333333333,26.041666666666668,63.497083333333336,64.34395833333333,29.991041666666664,35.681875,0.5216666666666666,55.791666666666664,0.2
2015-10-03,8.70375,38.635,2.9795833333333337,17.0625,47.318333333333335,67.15125,28.78916666666667,47.031666666666666,0.5183333333333333,42.916666666666664,1.0
2015-10-04,2.967083333333333,28.7075,1.6954166666666666,5.666666666666667,31.67375,78.75833333333334,25.217083333333335,38.889583333333334,0.43083333333333335,14.416666666666666,5.8
2015-10-05,12.10875,33.32958333333333,2.9829166666666667,3.625,45.4375,78.80041666666666,22.47875,22.884583333333335,0.3454166666666667,14.875,5.6000000000000005
2015-10-06,15.497916666666667,31.7975,2.9949999999999997,7.666666666666667,47.29333333333333,64.44666666666667,24.495833333333334,27.57041666666667,0.3441666666666667,30.791666666666668,0.0
2015-10-07,4.029375,29.36583333333333,3.185416666666667,7.333333333333333,33.39208333333333,56.1175,27.365416666666665,43.836666666666666,0.32583333333333336,31.708333333333332,0.0
2015-10-08,6.098333333333334,37.22375,7.229166666666667,10.5,43.318333333333335,50.52375,29.69125,44.83375,0.3970833333333333,37.5,0.0
2015-10-09,8.221458333333333,43.21541666666667,5.6025,20.25,51.441875,53.193333333333335,29.572083333333335,42.349583333333335,0.5337500000000001,60.625,0.0
2015-10-10,7.52875,38.62583333333333,2.560416666666667,13.145833333333334,46.15208333333334,49.46,30.969583333333333,52.572916666666664,0.3970833333333333,41.416666666666664,0.0
2015-10-11,3.1170833333333334,33.6725,7.2491666666666665,23.416666666666668,36.79125,56.66166666666667,30.803749999999997,76.58333333333333,0.41500000000000004,54.666666666666664,0.0
2015-10-12,1.8175,22.348125,1.69625,21.875,24.164583333333336,62.74458333333334,29.014166666666668,73.03291666666667,0.41958333333333336,43.75,0.0
2015-10-13,5.627916666666667,31.159166666666668,3.1625,14.1875,36.78541666666667,61.65625,28.723333333333333,52.776250000000005,0.401875,36.8125,0.0
2015-10-14,7.466666666666666,41.85458333333333,9.677083333333334,26.354166666666668,49.32208333333333,63.98791666666667,29.142916666666665,37.485,0.46249999999999997,65.25,0.0
2015-10-15,11.276666666666666,61.36666666666667,3.59125,38.333333333333336,72.64625,46.46,34.44625,57.09458333333333,0.6479166666666666,78.79166666666667,0.0
2015-10-16,17.592083333333335,52.12375,3.4233333333333333,48.041666666666664,69.72458333333334,48.100833333333334,33.98916666666667,65.07875,0.6891666666666666,92.875,0.0
2015-10-17,3.1185416666666668,21.558958333333333,1.7704166666666667,15.041666666666666,24.6725,65.63375,28.497083333333332,60.393750000000004,0.3016666666666667,41.041666666666664,0.0
2015-10-18,3.317083333333333,20.959166666666665,4.81125,3.1875,24.278333333333332,73.54083333333334,23.460416666666664,35.264583333333334,0.30083333333333334,15.270833333333334,1.2000000000000002
2015-10-19,2.8839583333333336,22.92958333333333,3.3954166666666663,5.25,25.810625,71.22625000000001,23.405833333333334,31.368333333333336,0.26916666666666667,22.166666666666668,0.6000000000000001
2015-10-20,8.383958333333334,36.50020833333333,3.7222916666666666,12.416666666666666,44.88166666666667,56.067499999999995,29.02541666666667,39.723333333333336,0.3410416666666667,37.916666666666664,0.0
2015-10-21,18.37,46.149166666666666,4.42875,21.541666666666668,64.52291666666666,58.84833333333333,30.015416666666667,41.377916666666664,0.515,59.25,0.0
2015-10-22,10.96235294117647,60.15294117647059,8.126470588235295,33.23529411764706,71.12529411764706,74.15352941176471,26.783529411764704,21.29176470588235,0.5570588235294118,57.705882352941174,1.0
2015-10-23,10.897708333333334,41.2175,5.470416666666666,12.9375,52.115,63.465833333333336,28.307083333333335,48.11625,0.4816666666666667,32.708333333333336,0.0
2015-10-24,4.616041666666667,28.282083333333333,2.941111111111111,5.5,32.896458333333335,65.19833333333334,26.370833333333334,49.10166666666667,0.44166666666666665,18.25,0.0
2015-10-25,3.0083333333333333,21.703333333333333,0.46478260869565213,2.875,24.71291666666667,69.90208333333334,24.526666666666667,32.72166666666667,0.31916666666666665,14.458333333333334,0.8
2015-10-26,5.979166666666667,28.8575,1.2437500000000001,8.5,34.83375,62.27916666666667,26.847083333333334,32.248333333333335,0.2658333333333333,32.916666666666664,0.0
2015-10-27,11.160833333333334,42.725833333333334,8.678333333333333,16.0,53.88583333333333,63.19625,28.908749999999998,39.83291666666667,0.4666666666666666,48.541666666666664,0.0
2015-10-28,8.476458333333333,35.985,0.46388888888888885,13.625,44.45708333333334,75.29416666666667,26.879166666666666,32.33583333333333,0.4527083333333333,36.416666666666664,0.2
2015-10-29,3.9718750000000003,23.35375,3.0019444444444443,3.2916666666666665,27.319999999999997,68.7975,26.857083333333332,39.94375,0.3283333333333333,21.125,2.4000000000000004
2015-10-30,3.06875,19.339583333333334,1.16375,1.375,22.410833333333333,68.28208333333333,27.405,36.291666666666664,0.2558333333333333,16.458333333333332,1.8
2015-10-31,4.574166666666667,28.009583333333335,2.1595833333333334,4.375,32.586666666666666,55.8375,31.37375,45.40416666666667,0.45999999999999996,21.291666666666668,0.0
2015-11-01,3.9466666666666668,24.08666666666667,0.8758333333333334,8.375,28.030833333333334,66.30208333333333,28.881249999999998,47.759166666666665,0.43083333333333335,28.625,0.8
2015-11-02,7.7664583333333335,33.10958333333333,2.316666666666667,13.333333333333334,40.878750000000004,78.55083333333333,27.499583333333334,33.052083333333336,0.6420833333333333,24.875,15.4
2015-11-03,26.223125,48.905833333333334,3.799791666666667,12.375,75.12833333333333,80.58166666666666,27.729166666666668,12.576666666666666,0.6966666666666667,27.458333333333332,5.200000000000001
2015-11-04,10.402916666666666,40.41791666666666,2.4829166666666667,8.291666666666666,50.821666666666665,76.685,27.87708333333333,31.435000000000002,0.54125,26.458333333333332,10.6
2015-11-05,14.003333333333332,36.27375,1.64625,4.625,50.28,76.48583333333333,27.870833333333334,24.512916666666666,0.48333333333333334,19.354166666666668,3.0
2015-11-06,11.37625,33.857083333333335,1.0734722222222222,4.0,45.24125,84.07333333333334,26.47,14.558749999999998,0.465,15.208333333333334,16.8
2015-11-07,3.8970833333333332,20.789583333333333,3.335277777777778,1.75,24.682916666666667,86.21875,25.595416666666665,25.00208333333333,0.27708333333333335,8.5,20.2
2015-11-08,7.869583333333334,30.548333333333332,2.660416666666667,4.625,38.416666666666664,80.48833333333333,26.755416666666665,28.394583333333333,0.5420833333333334,16.291666666666668,3.4000000000000004
2015-11-09,21.0425,47.39416666666667,1.7895833333333335,17.416666666666668,68.43875,77.96166666666666,27.809583333333332,20.778333333333332,0.68,42.333333333333336,0.2
2015-11-10,14.646666666666667,47.80708333333333,0.6783333333333333,25.5,62.44125,68.66666666666667,30.43541666666667,46.83541666666667,0.48833333333333334,57.916666666666664,0.0
2015-11-11,6.638750000000001,40.1575,2.797916666666667,28.375,46.79708333333334,68.06166666666667,30.816666666666666,55.56583333333333,0.45645833333333335,60.25,0.0
2015-11-12,5.925833333333333,32.45291666666667,1.04375,15.083333333333334,38.37791666666667,68.09125,29.216250000000002,42.47208333333334,0.43,37.916666666666664,0.0
2015-11-13,5.631666666666667,38.89666666666667,2.685833333333333,12.958333333333334,44.52666666666667,59.672083333333326,30.949166666666667,46.80708333333333,0.5725,36.125,0.0
2015-11-14,9.40125,45.405,2.6020833333333333,14.125,54.80375,47.772083333333335,34.07541666666666,49.00083333333333,0.63125,40.041666666666664,0.0
2015-11-15,3.72125,25.0475,2.1758333333333333,6.625,28.76875,67.86333333333333,28.787916666666664,48.600833333333334,0.35375,27.416666666666668,1.2000000000000002
2015-11-16,8.173333333333334,30.6075,3.6041666666666665,4.416666666666667,38.78,77.14208333333333,26.23,19.849473684210526,0.4083333333333334,22.291666666666668,0.2
2015-11-17,3.7899999999999996,25.445833333333336,1.6795833333333334,3.7916666666666665,29.234583333333333,71.47708333333334,27.95958333333333,30.26,0.3229166666666667,17.5,0.0
2015-11-18,8.025416666666667,36.07458333333333,2.8002083333333334,8.625,44.09854166666667,64.28833333333334,31.31958333333333,45.67625,0.49,31.0625,5.4
2015-11-19,15.059166666666668,51.94541666666667,0.23291666666666666,15.041666666666666,67.00500000000001,56.29125,33.066250000000004,50.63833333333333,0.6466666666666666,46.041666666666664,1.8
2015-11-20,5.783333333333334,38.388333333333335,0.8464583333333334,7.333333333333333,44.16833333333333,56.29624999999999,32.08833333333333,54.788333333333334,0.5283333333333333,29.083333333333332,1.2000000000000002
2015-11-21,4.6075,33.92125,0.09708333333333334,2.9583333333333335,38.525,80.71791666666667,24.650833333333335,42.66375,0.4429166666666667,14.958333333333334,8.6
2015-11-22,4.857083333333333,26.2175,0.21583333333333332,7.125,31.07375,64.69541666666667,27.71166666666667,39.97625,0.4370833333333333,26.833333333333332,0.0
2015-11-23,7.414583333333333,35.606249999999996,2.5329166666666665,3.5833333333333335,43.02041666666667,82.59541666666667,25.60291666666667,24.82375,0.43083333333333335,15.916666666666666,34.2
2015-11-24,7.766249999999999,40.17625,2.7633333333333336,9.666666666666666,47.94125,72.46458333333334,27.803749999999997,31.21166666666667,0.54125,23.791666666666668,0.4
2015-11-25,13.32,47.10125,5.80125,16.333333333333332,60.419999999999995,73.81916666666667,27.30875,28.92,0.5045833333333333,35.125,2.2
2015-11-26,3.705,25.669166666666666,1.6133333333333333,0.9166666666666666,29.376666666666665,65.58291666666666,28.1525,33.16125,0.3104166666666667,13.208333333333334,0.0
2015-11-27,4.004583333333334,22.121041666666667,0.9700000000000001,1.7083333333333333,26.126666666666665,61.208333333333336,28.209166666666665,31.165833333333335,0.28291666666666665,20.583333333333332,0.4
2015-11-28,3.6079166666666667,29.58791666666667,3.7895833333333333,6.354166666666667,33.19375,57.31916666666667,30.7525,57.91458333333333,0.41291666666666665,29.3125,1.7999999999999998
2015-11-29,4.547083333333333,33.89041666666667,0.77,9.916666666666666,38.43541666666667,74.01208333333334,29.587500000000002,46.12125,0.5691666666666667,22.333333333333332,11.4
2015-11-30,7.469166666666666,33.393750000000004,2.701041666666667,3.125,40.857083333333335,86.83041666666666,25.224166666666665,31.392916666666665,0.4679166666666667,11.125,8.2
2015-12-01,8.946041666666666,26.5475,2.6641666666666666,2.4583333333333335,35.485,76.8875,25.555000000000003,18.22458333333333,0.35541666666666666,20.333333333333332,1.0
2015-12-02,7.497083333333333,25.06041666666667,3.1991666666666667,1.5833333333333333,32.55375,74.74125,27.164166666666663,19.31083333333333,0.37875,20.25,1.2000000000000002
2015-12-03,5.270208333333334,19.547083333333333,3.4633333333333334,0.20833333333333334,24.81458333333333,82.71541666666667,24.76125,17.21875,0.28875,11.125,2.4000000000000004
2015-12-04,10.937083333333334,27.593541666666667,1.4741666666666668,2.1666666666666665,38.53395833333334,79.51333333333334,25.709166666666665,16.22375,0.4475,17.75,1.6
2015-12-05,9.86125,40.33,5.680416666666667,15.625,50.189166666666665,70.36458333333333,29.5525,54.41708333333333,0.60375,37.041666666666664,0.6
2015-12-06,6.754791666666667,30.454166666666666,3.092916666666667,15.375,37.20708333333334,73.35041666666667,28.665833333333335,38.32604166666667,0.5039583333333334,31.833333333333332,5.4
2015-12-07,14.315416666666666,44.21125,1.9845833333333334,5.875,58.52583333333333,83.855,24.861666666666668,22.77541666666667,0.5083333333333333,17.625,14.799999999999999
2015-12-08,8.39625,33.885416666666664,4.0675,2.4166666666666665,42.28,74.54958333333333,26.1525,21.6825,0.3983333333333334,18.875,0.0
2015-12-09,5.97,33.37583333333333,2.237083333333333,5.833333333333333,39.344166666666666,64.45458333333333,30.582916666666666,42.389583333333334,0.4595833333333333,26.916666666666668,0.0
2015-12-10,21.627499999999998,51.12708333333333,3.3154166666666662,19.333333333333332,72.75666666666667,53.393750000000004,33.17625,35.937083333333334,0.6983333333333334,57.125,0.0
2015-12-11,8.11375,32.788333333333334,2.3825,4.833333333333333,40.91291666666667,62.73708333333334,29.778333333333332,40.369375,0.42083333333333334,24.75,0.0
2015-12-12,5.093333333333333,33.84458333333333,5.039166666666667,9.458333333333334,38.93416666666666,67.66250000000001,30.89708333333333,48.25791666666667,0.47750000000000004,32.5625,2.3
2015-12-13,4.596842105263158,31.814736842105265,2.1818750000000002,4.375,36.41105263157895,62.881458333333335,31.48,57.268750000000004,0.5229166666666667,21.041666666666668,0.0
2015-12-14,4.905833333333333,37.748958333333334,2.971041666666667,7.5625,42.65354166666667,56.95458333333334,33.41833333333333,57.846666666666664,0.49,25.541666666666668,0.1
2015-12-15,9.883333333333333,38.46083333333333,2.911875,11.166666666666666,48.35833333333333,43.064166666666665,36.415,50.444583333333334,0.4666666666666666,35.666666666666664,0.0
2015-12-16,2.8783333333333334,20.830833333333334,2.0541666666666667,5.75,23.715833333333336,60.17041666666666,31.059166666666666,68.29583333333333,0.38625,25.0,0.0
2015-12-17,5.851666666666667,29.49625,3.4860416666666665,10.020833333333334,35.34875,60.03958333333333,31.309166666666666,50.490833333333335,0.4483333333333333,37.541666666666664,0.0
2015-12-18,6.3825,34.185,3.651875,14.958333333333334,40.567083333333336,50.86708333333333,34.290416666666665,63.99458333333333,0.5429166666666666,46.041666666666664,0.0
2015-12-19,6.27875,29.7825,3.046041666666667,14.979166666666666,36.058749999999996,46.000416666666666,34.49791666666667,69.6675,0.49625,42.125,0.0
2015-12-20,1.3670833333333334,13.875416666666666,1.9104166666666667,5.1875,15.238750000000001,58.59833333333333,31.702083333333334,70.8575,0.43083333333333335,19.291666666666668,0.0
2015-12-21,3.9737500000000003,26.339583333333334,0.8552083333333332,9.875,30.31125,59.32,31.74791666666667,53.124583333333334,0.43166666666666664,32.583333333333336,0.0
2015-12-22,4.626666666666667,23.052083333333332,1.9535416666666665,12.8125,27.678749999999997,54.00125,33.392916666666665,46.62833333333333,0.3975,39.708333333333336,0.0
2015-12-23,3.2954166666666667,17.720833333333335,10.337083333333334,5.583333333333333,21.024166666666666,47.96208333333333,34.14791666666667,43.30375,0.3525,29.625,0.0
2015-12-24,5.325,22.795833333333334,5.66375,8.291666666666666,28.121666666666666,44.6775,34.869166666666665,55.275,0.4995833333333333,31.666666666666668,0.0
2015-12-25,1.5895833333333333,20.539583333333333,4.846666666666667,16.958333333333332,22.130416666666665,48.42291666666667,34.61833333333333,70.1375,0.35791666666666666,45.833333333333336,0.0
2015-12-26,2.1633333333333336,20.970000000000002,2.09375,14.916666666666666,23.13416666666667,48.65541666666667,34.806666666666665,66.6275,0.3829166666666666,41.541666666666664,0.0
2015-12-27,5.638333333333333,22.399583333333336,0.8108333333333334,8.916666666666666,28.040000000000003,55.02791666666667,32.8675,40.71875,0.5145833333333333,26.666666666666668,20.6
2015-12-28,13.709166666666667,24.884583333333335,0.8558333333333333,6.208333333333333,38.593333333333334,55.67625,32.97208333333334,33.58291666666667,0.46875,24.791666666666668,6.2
2015-12-29,11.36625,31.70125,6.758333333333333,10.875,43.065,54.62958333333333,32.999583333333334,31.955,0.5245833333333333,30.583333333333332,0.0
2015-12-30,11.06875,26.234166666666667,3.2408333333333332,12.208333333333334,37.30041666666667,47.62625,33.62,38.389583333333334,0.4041666666666666,33.833333333333336,0.0
2015-12-31,3.2745833333333336,22.208333333333332,2.5785416666666667,7.958333333333333,25.481666666666666,44.455000000000005,34.77583333333333,42.90541666666667,0.5354166666666667,25.333333333333332,0.0
2016-01-01,2.4258333333333337,18.744583333333335,5.951458333333334,33.666666666666664,21.168333333333333,55.12416666666667,33.39041666666667,45.85791666666666,0.56125,55.583333333333336,4.0
2016-01-02,3.3662500000000004,14.776666666666666,3.810416666666667,2.0833333333333335,18.141666666666666,74.09625,29.106666666666666,24.67125,0.40958333333333335,13.375,3.2
2016-01-03,1.7183333333333335,9.780833333333334,3.3666666666666667,0.75,11.5,74.16625,27.605,18.11,0.2916666666666667,14.25,2.2
2016-01-04,5.3999999999999995,12.106250000000001,1.7885416666666665,3.9166666666666665,17.507916666666667,59.76708333333334,29.267916666666668,25.825416666666666,0.18541666666666667,26.5,1.4
2016-01-05,6.423958333333334,13.715208333333335,1.9077083333333331,3.2916666666666665,20.14,57.038333333333334,29.2975,28.55875,0.29125,26.458333333333332,0.0
2016-01-06,3.046666666666667,14.045416666666668,2.6285416666666666,4.645833333333333,17.095833333333335,52.44708333333333,30.054999999999996,31.38875,0.21666666666666667,23.5,0.0
2016-01-07,4.901458333333333,25.807291666666668,9.66125,8.916666666666666,30.71083333333333,51.95458333333334,31.892916666666665,59.574999999999996,0.2841666666666667,33.5,0.0
2016-01-08,11.63952380952381,37.21619047619048,3.188571428571429,15.523809523809524,48.85857142857143,56.11190476190476,32.7252380952381,50.642380952380954,0.48714285714285716,47.19047619047619,0.0
2016-01-09,3.493125,29.275,1.950625,12.235294117647058,32.764375,49.783125,35.639375,85.324375,0.46187500000000004,40.35294117647059,0.0
2016-01-10,2.950833333333333,23.092291666666668,2.0547916666666666,16.541666666666668,26.032083333333333,56.05166666666667,33.75958333333333,57.16916666666666,0.39229166666666665,36.75,0.0
2016-01-11,7.204583333333333,40.829791666666665,0.435,20.229166666666668,48.03125,63.89958333333333,31.273750000000003,36.128750000000004,0.5108333333333334,43.916666666666664,0.6000000000000001
2016-01-12,8.042916666666667,27.736666666666665,0.6566666666666666,4.916666666666667,35.78,68.23416666666667,30.87125,23.33875,0.37083333333333335,18.75,2.0
2016-01-13,11.066666666666668,33.79875,0.225,6.25,44.86416666666667,70.575,31.058333333333334,34.232083333333335,0.4670833333333333,21.833333333333332,49.199999999999996
2016-01-14,12.31875,35.821875,1.2995833333333333,5.375,48.139375,85.69791666666667,28.75791666666667,16.947083333333335,0.5620833333333334,19.583333333333332,20.2
2016-01-15,14.473541666666668,31.260208333333335,0.035,7.4375,45.735625,86.73854166666666,28.29895833333333,9.764791666666666,0.48020833333333335,19.208333333333332,79.0
2016-01-16,9.890833333333333,23.671666666666667,0.001875,5.291666666666667,33.56166666666667,81.05291666666666,26.77333333333333,10.015416666666667,0.296875,21.541666666666668,38.6
2016-01-17,3.9804166666666667,19.819583333333334,0.21875,3.4166666666666665,23.79875,65.08166666666666,26.986666666666665,17.08875,0.24125,21.833333333333332,0.0
2016-01-18,9.392916666666666,26.503333333333334,0.19333333333333333,5.083333333333333,35.899166666666666,70.46291666666667,26.136666666666667,17.683333333333334,0.33,16.458333333333332,0.4
2016-01-19,24.685833333333335,37.54958333333333,2.0433333333333334,5.520833333333333,62.22833333333333,91.17041666666667,23.397499999999997,10.278333333333334,0.348125,13.416666666666666,34.0
2016-01-20,19.745,32.24,0.09145833333333332,2.7083333333333335,51.97625,89.97250000000001,24.13875,6.785833333333334,0.4404166666666667,15.416666666666666,12.0
2016-01-21,22.81125,26.284166666666668,0.5870833333333333,2.5833333333333335,49.09125,79.66,26.19666666666667,8.600416666666666,0.3620833333333333,19.333333333333332,2.4
2016-01-22,25.403333333333336,30.336250000000003,0.06791666666666667,3.5416666666666665,55.73916666666667,86.97583333333334,25.08375,7.429166666666666,0.3983333333333334,16.333333333333332,8.600000000000001
2016-01-23,16.499583333333334,22.870416666666667,0.4058333333333333,5.083333333333333,39.37083333333333,71.67583333333333,28.146666666666665,14.5175,0.40958333333333335,20.291666666666668,5.0
2016-01-24,8.976666666666667,23.6575,0.034583333333333334,6.833333333333333,32.63458333333333,65.13208333333334,29.498333333333335,29.61916666666667,0.3466666666666667,26.666666666666668,0.0
2016-01-25,7.484583333333333,35.514583333333334,0.1025,7.0,43.001666666666665,63.464166666666664,31.142916666666665,27.13416666666667,0.3841666666666667,26.125,0.0
2016-01-26,17.828333333333333,44.70333333333334,4.154583333333334,17.333333333333332,62.53,56.717083333333335,33.68208333333333,57.345416666666665,0.5583333333333333,49.291666666666664,0.0
2016-01-27,15.573333333333332,40.82,1.6516666666666666,21.0,56.422083333333326,62.17083333333333,32.15833333333333,39.782916666666665,0.57125,52.8125,0.0
2016-01-28,11.557083333333333,39.1675,0.13625,10.020833333333334,50.736250000000005,83.15166666666666,28.613333333333333,20.756666666666664,0.5208333333333334,27.25,16.3
2016-01-29,18.948571428571427,40.46142857142858,0.0,15.944444444444445,59.40857142857143,75.50842105263159,29.70157894736842,14.72125,0.588,32.333333333333336,0.0
2016-01-30,,,,11.1875,,55.182500000000005,34.10791666666667,24.824583333333333,0.515,37.041666666666664,0.0
2016-01-31,3.6182142857142856,44.31357142857143,,8.958333333333334,47.92821428571428,47.071875,35.770208333333336,36.799375,0.46541666666666665,28.041666666666668,0.0
2016-02-01,12.751249999999999,53.295208333333335,0.0,10.6875,66.05208333333333,48.64333333333334,35.05708333333333,44.009166666666665,0.45708333333333334,34.708333333333336,0.0
2016-02-02,13.217083333333333,44.559583333333336,0.8184615384615385,18.916666666666668,57.78583333333333,58.98666666666667,31.98166666666667,47.805625,0.4791666666666667,42.916666666666664,0.0
2016-02-03,3.86,31.34708333333333,2.91375,19.375,35.20666666666667,60.75541666666667,31.718333333333334,50.83479166666667,0.4558333333333333,37.916666666666664,0.0
2016-02-04,7.0225,34.03541666666667,0.012083333333333333,16.0,41.057916666666664,60.21625,31.580833333333334,39.665416666666665,0.47500000000000003,40.875,0.0
2016-02-05,5.798749999999999,34.17333333333333,1.8812499999999999,20.041666666666668,39.97166666666667,50.760416666666664,34.1725,41.317083333333336,0.45249999999999996,47.458333333333336,0.0
2016-02-06,3.49,27.385,1.5608333333333333,15.916666666666666,30.875,61.84708333333333,32.04833333333333,42.94833333333333,0.4254166666666667,38.166666666666664,0.0
2016-02-07,1.8079166666666666,19.682083333333335,0.05416666666666667,9.375,21.48875,62.91833333333333,30.7625,35.6325,0.35916666666666663,24.166666666666668,0.0
2016-02-08,1.875,22.5675,0.3970833333333333,13.541666666666666,24.440833333333334,56.419999999999995,33.093333333333334,46.201249999999995,0.37375,31.541666666666668,0.0
2016-02-09,3.2783333333333338,22.692916666666665,3.6279166666666662,8.708333333333334,25.972916666666666,45.10125,35.402499999999996,37.29333333333333,0.30791666666666667,28.916666666666668,0.0
2016-02-10,5.84,30.921666666666667,3.046666666666667,16.958333333333332,36.76270833333333,50.26583333333334,35.06333333333333,45.330000000000005,0.4708333333333334,43.666666666666664,0.0
2016-02-11,4.725625,29.085416666666664,0.16,5.708333333333333,33.81104166666667,77.68291666666667,28.754791666666666,27.836875000000003,0.4375,20.541666666666668,35.2
2016-02-12,10.233125,27.05666666666667,1.523125,9.583333333333334,37.29291666666666,58.44125,29.14,25.19214285714286,0.1690625,26.208333333333332,0.0
2016-02-13,7.389583333333333,23.440416666666668,1.9608333333333334,8.395833333333334,30.82875,59.025416666666665,30.2975,24.528750000000002,0.40625,29.125,0.0
2016-02-14,3.2125,24.224999999999998,0.17541666666666667,8.166666666666666,27.439999999999998,54.580000000000005,33.634166666666665,37.0725,0.43583333333333335,24.666666666666668,0.0
2016-02-15,11.077291666666667,35.969375,0.12083333333333335,12.25,47.048125,60.40604166666666,32.641666666666666,22.548333333333332,0.44416666666666665,32.291666666666664,5.4
2016-02-16,8.021176470588236,35.90941176470589,0.0,16.823529411764707,43.93352941176471,66.89294117647059,31.56294117647059,34.355294117647055,0.4970588235294117,34.94117647058823,0.0
2016-02-17,17.97533333333333,51.916666666666664,0.012666666666666666,17.875,69.91000000000001,72.343125,31.076666666666664,35.09533333333333,0.7533333333333334,41.375,23.6
2016-02-18,6.930833333333333,35.58583333333333,0.7420833333333333,10.625,42.51541666666667,65.95083333333334,31.36125,24.555833333333336,0.43812500000000004,23.0,2.6
2016-02-19,10.633333333333335,34.42875,0.025833333333333337,14.375,45.06333333333333,64.20083333333334,31.59166666666667,24.96375,0.5295833333333333,30.875,7.2
2016-02-20,8.674583333333333,34.454166666666666,0.13555555555555554,13.208333333333334,43.12916666666666,71.18958333333333,30.379166666666666,22.375416666666666,0.5325,27.458333333333332,5.000000000000001
2016-02-21,5.34,27.543333333333333,,7.75,32.89625,74.02916666666667,28.96166666666667,21.765833333333333,0.5270833333333333,20.375,49.0
2016-02-22,13.876249999999999,38.69291666666667,0.29400000000000004,13.666666666666666,52.58291666666667,72.11541666666666,30.493750000000002,23.6425,0.6337499999999999,33.458333333333336,1.5999999999999999
2016-02-23,5.654166666666666,33.98375,1.1695833333333334,13.333333333333334,39.634166666666665,66.96833333333333,31.693749999999998,24.640833333333333,0.4845833333333333,34.958333333333336,0.2
2016-02-24,5.922291666666666,33.42375,1.3154166666666667,12.75,39.35166666666667,60.81541666666667,32.93833333333333,16.655416666666667,0.38125000000000003,34.125,0.0
2016-02-25,11.725,45.5875,3.223333333333333,13.416666666666666,57.30833333333334,62.1875,31.425,29.004583333333333,0.51375,38.166666666666664,2.6
2016-02-26,13.793333333333331,41.17791666666667,2.4272916666666666,14.333333333333334,54.968333333333334,56.42208333333334,32.946666666666665,28.64708333333333,0.50625,34.291666666666664,0.0
2016-02-27,7.97125,38.13291666666667,1.6185416666666665,12.0,46.104166666666664,55.40416666666667,32.893750000000004,29.53916666666667,0.4475,26.916666666666668,4.4
2016-02-28,5.492083333333333,32.53125,1.6064583333333333,13.416666666666666,38.02,57.88125,33.306666666666665,45.43416666666667,0.51125,27.416666666666668,0.0
2016-02-29,11.699166666666668,36.11333333333334,2.195,7.229166666666667,47.81375,79.855,27.254583333333333,15.882916666666667,0.41041666666666665,18.4375,38.0
2016-03-01,22.215416666666666,38.82625,3.8695833333333334,8.583333333333334,61.040416666666665,83.12125,24.775000000000002,4.9679166666666665,0.4091666666666667,20.041666666666668,1.2
2016-03-02,7.055416666666667,31.93875,1.45625,9.291666666666666,38.99458333333333,71.11541666666666,28.73875,22.82875,0.3225,20.75,0.0
2016-03-03,15.064166666666665,39.770833333333336,2.2707894736842107,16.041666666666668,54.83541666666667,59.458333333333336,31.635,18.087500000000002,0.5291666666666667,35.125,0.0
2016-03-04,20.15625,39.90083333333333,3.857291666666667,15.541666666666666,60.05041666666667,50.0975,32.479166666666664,17.61375,0.42,38.291666666666664,0.0
2016-03-05,7.792083333333334,33.17666666666667,2.073541666666667,13.625,40.97125,52.20875,31.601666666666663,38.76416666666667,0.445,31.25,0.0
2016-03-06,3.5854166666666667,32.433749999999996,4.356458333333333,23.9375,36.02,62.65416666666667,32.39625,52.76333333333333,0.5008333333333334,42.333333333333336,0.8
2016-03-07,10.107291666666667,33.695625,4.812083333333334,16.479166666666668,43.805,64.62041666666666,31.03708333333333,33.556041666666665,0.51,32.708333333333336,0.0
2016-03-08,6.223333333333334,32.934583333333336,5.427291666666666,21.229166666666668,39.15708333333333,67.31208333333333,31.0175,20.604736842105265,0.4633333333333333,41.645833333333336,0.0
2016-03-09,4.753958333333333,30.2325,3.9002083333333335,18.041666666666668,34.99166666666667,60.275,32.68125,35.098333333333336,0.34874999999999995,41.354166666666664,0.0
2016-03-10,12.337083333333332,38.72083333333333,3.435208333333333,18.041666666666668,51.05875,52.78958333333333,33.79541666666667,20.83791666666667,0.48333333333333334,39.5,0.6
2016-03-11,22.02541666666667,47.500416666666666,2.6122916666666667,19.333333333333332,69.52666666666666,67.62208333333334,30.625833333333333,11.905000000000001,0.6075,39.833333333333336,1.4
2016-03-12,20.6875,34.797916666666666,1.1043749999999999,14.75,55.48374999999999,67.81791666666666,30.16541666666667,24.675,0.3925,32.166666666666664,32.2
2016-03-13,10.426666666666668,29.682916666666667,0.53375,10.75,40.110416666666666,81.90875,26.530833333333334,14.383333333333333,0.51375,25.3125,3.2
2016-03-14,14.450833333333334,28.45,1.415,13.666666666666666,42.90208333333334,67.08791666666666,29.211250000000003,25.075833333333332,0.32375000000000004,32.458333333333336,0.0
2016-03-15,15.424999999999999,33.02916666666667,0.10020833333333334,15.9375,48.4575,69.13041666666668,29.27541666666667,21.763333333333335,0.25,30.625,0.4
2016-03-16,24.064999999999998,37.68958333333333,1.7479166666666668,14.520833333333334,61.74875,85.81083333333333,27.146666666666665,6.1325,0.3875,30.208333333333332,20.200000000000003
2016-03-17,20.63375,34.44541666666667,3.625208333333333,12.770833333333334,55.07875000000001,77.77291666666666,27.972916666666666,13.568333333333333,0.4126666666666667,26.8125,0.4
2016-03-18,9.404583333333333,27.089583333333334,3.2375000000000003,11.083333333333334,36.4925,68.035,29.66541666666667,22.503333333333334,0.3175,26.1875,0.0
2016-03-19,7.870416666666666,27.907083333333333,2.6879166666666667,16.166666666666668,35.77916666666667,65.23583333333333,30.292916666666667,31.227083333333336,0.31875000000000003,30.5,0.0
2016-03-20,2.025,20.922916666666666,1.6997916666666668,10.291666666666666,22.945833333333336,64.00958333333334,30.323333333333334,37.322916666666664,0.2541666666666667,21.416666666666668,0.0
2016-03-21,4.3500000000000005,28.7075,2.3372916666666668,12.916666666666666,33.05458333333333,58.651250000000005,31.1825,34.72166666666667,0.24583333333333335,26.083333333333332,0.0
2016-03-22,13.654166666666667,49.94916666666666,5.357500000000001,22.270833333333332,63.59833333333333,54.397083333333335,32.754583333333336,33.229166666666664,0.45125,51.916666666666664,0.0
2016-03-23,6.486666666666667,37.79958333333334,1.8120833333333335,23.270833333333332,44.288333333333334,66.36041666666667,30.678749999999997,36.775416666666665,0.38833333333333336,46.875,10.0
2016-03-24,9.226875,31.48375,2.372708333333333,9.75,40.713125,68.75666666666667,28.493750000000002,27.20625,0.18583333333333332,21.25,1.4
2016-03-25,3.26,23.568749999999998,0.043333333333333335,12.375,26.829166666666666,69.89333333333333,30.541666666666668,24.964583333333334,0.43250000000000005,28.0,1.6
2016-03-26,13.022916666666667,31.77541666666667,0.121875,20.104166666666668,44.798750000000005,71.72500000000001,30.106666666666666,11.433333333333332,0.6870833333333334,39.75,1.2
2016-03-27,11.934583333333334,27.88,0.4560416666666667,15.916666666666666,39.81125,54.08083333333334,32.4275,28.424166666666665,0.5625,30.875,0.0
2016-03-28,7.95,40.68541666666667,0.8210416666666666,25.395833333333332,48.63791666666666,59.459583333333335,32.71041666666667,33.485,0.49416666666666664,48.75,0.0
2016-03-29,6.32125,36.30125,0.050416666666666665,25.5,42.62166666666666,68.67791666666666,31.047916666666666,28.275833333333335,0.42166666666666663,45.958333333333336,0.4
2016-03-30,10.70125,42.102916666666665,0.926875,32.208333333333336,52.80458333333333,73.12916666666666,30.364166666666666,22.142916666666665,0.5116666666666666,53.791666666666664,9.8
2016-03-31,11.416666666666666,47.30041666666667,0.015833333333333335,39.666666666666664,58.7175,70.89791666666666,30.615,31.923333333333332,0.6720833333333333,63.125,5.6
2016-04-01,15.061666666666667,44.689166666666665,0.0,35.604166666666664,59.75125,74.2625,29.565833333333334,27.238333333333333,0.5650000000000001,56.208333333333336,14.200000000000001
2016-04-02,4.628333333333333,32.45791666666667,1.0660416666666668,23.166666666666668,37.07666666666667,68.67083333333333,29.8575,26.028750000000002,0.38875,38.208333333333336,0.0
2016-04-03,3.4295833333333334,29.938333333333333,11.132083333333334,21.166666666666668,33.368125,64.73583333333333,31.395833333333332,43.72291666666666,0.5233333333333333,35.375,0.0
2016-04-04,11.060208333333334,36.80291666666667,4.226875000000001,19.583333333333332,47.864374999999995,66.67266666666667,30.438666666666666,29.734583333333333,0.358125,39.166666666666664,0.0
2016-04-05,11.633541666666666,33.316250000000004,7.452500000000001,19.645833333333332,44.946666666666665,55.67269230769231,31.398076923076925,25.463333333333335,0.408125,38.395833333333336,8.0
2016-04-06,11.107916666666668,36.89041666666667,13.167499999999999,19.5,47.99791666666667,60.37083333333334,30.28625,28.194999999999997,0.43916666666666665,42.541666666666664,0.0
2016-04-07,9.577916666666667,45.07791666666666,4.28875,24.0,54.656458333333326,58.531666666666666,31.721249999999998,37.76291666666667,0.4891666666666667,48.041666666666664,0.0
2016-04-08,16.5425,49.34,3.47875,33.354166666666664,65.88083333333334,59.84958333333333,30.603333333333335,37.44833333333333,0.48583333333333334,65.625,0.0
2016-04-09,7.349166666666666,39.028333333333336,6.8175,32.666666666666664,46.37708333333333,59.73375000000001,31.22083333333333,40.05958333333333,0.45416666666666666,59.208333333333336,0.0
2016-04-10,2.2666666666666666,29.795833333333334,2.3202083333333334,29.75,32.05916666666666,62.81,31.297916666666666,54.72416666666667,0.42124999999999996,47.541666666666664,0.0
2016-04-11,10.404166666666667,40.70583333333334,2.0395833333333333,24.458333333333332,51.106249999999996,62.85583333333333,30.58375,33.74166666666667,0.44916666666666666,46.208333333333336,0.0
2016-04-12,8.61125,38.764583333333334,3.9427083333333335,21.791666666666668,47.397083333333335,57.943333333333335,31.67375,41.32583333333333,0.3825,50.625,0.0
2016-04-13,7.899166666666667,32.637499999999996,0.9604166666666667,24.708333333333332,40.5375,62.37416666666667,31.248333333333335,31.019166666666667,0.36333333333333334,50.125,0.0
2016-04-14,18.892083333333332,44.01083333333333,6.806875000000001,24.041666666666668,62.901250000000005,54.73083333333333,32.92458333333334,25.76,0.53,52.666666666666664,0.0
2016-04-15,13.6025,55.317499999999995,5.604166666666667,38.75,68.91875,58.885,32.08416666666667,38.235,0.5729166666666666,68.75,0.0
2016-04-16,7.431666666666666,41.75541666666667,,39.083333333333336,49.182500000000005,53.18291666666667,32.15875,37.941250000000004,0.43375,67.66666666666667,0.0
2016-04-17,3.563333333333333,23.715,,17.125,27.279583333333335,54.64291666666667,32.19708333333333,28.870416666666667,0.33041666666666664,35.708333333333336,0.0
2016-04-18,5.621666666666667,20.206666666666667,,15.958333333333334,25.82875,55.68083333333333,32.78,27.136666666666667,0.34125,38.25,0.0
2016-04-19,3.817083333333333,15.71375,,15.791666666666666,19.53125,54.23583333333334,32.092083333333335,26.633333333333336,0.34041666666666665,44.458333333333336,0.0
2016-04-20,4.3975,20.604583333333334,,21.4375,25.015416666666667,51.815416666666664,32.281666666666666,34.943333333333335,0.3754166666666667,50.25,0.0
2016-04-21,4.347083333333333,17.628333333333334,,29.375,21.97583333333333,54.64083333333334,32.837916666666665,45.315,0.40458333333333335,56.25,0.0
2016-04-22,7.917083333333333,23.88083333333333,,33.6875,31.797916666666666,52.04791666666667,32.858333333333334,30.020416666666666,0.5720833333333334,67.0,0.0
2016-04-23,3.1620833333333334,22.59958333333333,,44.166666666666664,25.762083333333333,53.23416666666666,32.099583333333335,53.310833333333335,0.5308333333333334,75.125,0.0
2016-04-24,1.885,15.457500000000001,,27.208333333333332,17.343333333333334,48.26291666666666,32.249583333333334,33.51416666666667,0.3745833333333333,52.25,0.0
2016-04-25,9.997916666666667,22.39833333333333,,29.291666666666668,32.397083333333335,40.44833333333333,32.9625,21.044583333333332,0.4466666666666667,59.166666666666664,0.0
2016-04-26,11.77375,23.246458333333333,24.462,31.854166666666668,35.02291666666667,47.25208333333333,32.41041666666667,19.390416666666667,0.47458333333333336,70.125,0.0
2016-04-27,12.919166666666667,26.56375,1.9620833333333332,25.541666666666668,39.485,62.30791666666667,27.99,10.085625,0.35083333333333333,58.854166666666664,0.0
2016-04-28,10.835,31.067083333333333,2.7412500000000004,11.895833333333334,41.899166666666666,67.36791666666666,23.170416666666668,12.306666666666667,0.25895833333333335,29.333333333333332,0.0
2016-04-29,18.0525,43.810833333333335,3.3733333333333335,21.1875,61.861250000000005,70.96124999999999,22.607916666666668,10.107000000000001,0.38875,49.041666666666664,5.0
2016-04-30,20.31625,41.84125,0.04958333333333333,16.041666666666668,62.15708333333333,78.36083333333333,22.149583333333336,6.47,0.42333333333333334,34.541666666666664,0.2
2016-05-01,11.761249999999999,31.199583333333333,0.5741666666666666,14.541666666666666,42.961666666666666,58.16041666666666,23.55,24.22791666666667,0.21291666666666667,37.916666666666664,0.0
2016-05-02,30.615,42.89875,3.1758333333333333,17.708333333333332,73.485,60.321666666666665,24.056250000000002,17.057916666666667,0.3433333333333333,43.125,0.0
2016-05-03,36.276666666666664,46.48333333333333,6.255,28.541666666666668,82.76,60.22208333333333,25.619583333333335,19.044583333333332,0.3870833333333333,57.708333333333336,0.0
2016-05-04,28.69875,46.80083333333334,4.929583333333333,29.791666666666668,75.49708333333334,66.09833333333334,25.66333333333333,26.663749999999997,0.45375000000000004,59.833333333333336,0.0
2016-05-05,14.739583333333334,50.755833333333335,1.5679166666666668,21.375,65.49374999999999,64.2975,26.0125,15.150833333333333,0.40458333333333335,48.333333333333336,0.0
2016-05-06,28.982083333333335,45.79708333333334,3.8683333333333336,21.375,74.77541666666666,60.19875,27.17833333333333,22.8175,0.4779166666666667,46.0,0.0
2016-05-07,10.115,46.64208333333334,7.001666666666668,28.541666666666668,56.750416666666666,66.17875,27.258333333333336,27.615416666666665,0.47333333333333333,51.958333333333336,0.0
2016-05-08,4.50375,32.973333333333336,0.023333333333333334,27.5,37.473333333333336,68.94375000000001,27.393333333333334,37.195,0.3829166666666666,47.041666666666664,0.0
2016-05-09,16.493750000000002,51.6175,2.3741666666666665,32.875,68.11166666666666,64.19125,27.860416666666666,22.655625,0.5541666666666667,60.75,0.0
2016-05-10,25.724999999999998,52.974583333333335,2.035833333333333,49.8125,78.69916666666667,70.21124999999999,27.70041666666667,21.122083333333332,0.6358333333333334,80.04166666666667,7.6
2016-05-11,22.690833333333334,38.81916666666667,1.5929166666666665,29.416666666666668,61.513749999999995,71.97958333333334,27.10625,25.793333333333333,0.43,47.791666666666664,0.2
2016-05-12,14.22875,36.01125,0.9345833333333333,12.416666666666666,50.24,72.55333333333333,25.40625,17.47375,0.3670833333333334,27.75,0.6000000000000001
2016-05-13,20.49125,38.65083333333333,0.23791666666666667,13.541666666666666,59.14291666666667,84.44291666666668,22.803749999999997,10.577083333333333,0.3491666666666666,25.166666666666668,7.599999999999999
2016-05-14,11.644166666666665,34.197916666666664,1.2795833333333333,9.208333333333334,45.84125,70.29375,23.715,18.9875,0.28750000000000003,25.833333333333332,2.4000000000000004
2016-05-15,9.654166666666667,31.15291666666667,4.448958333333334,14.270833333333334,40.80583333333333,60.645833333333336,26.16625,24.565416666666668,0.23083333333333333,27.354166666666668,0.0
2016-05-16,45.84,43.168749999999996,2.405,20.791666666666668,89.00958333333334,52.69,29.924166666666665,17.344166666666666,0.5879166666666666,49.75,0.0
2016-05-17,12.119583333333333,32.845416666666665,0.5479166666666667,12.145833333333334,44.96333333333333,73.97500000000001,25.527083333333334,26.72083333333333,0.32208333333333333,30.0,0.6000000000000001
2016-05-18,19.64708333333333,38.13166666666667,0.5779166666666666,10.791666666666666,57.78,87.32791666666667,22.633333333333336,12.355833333333335,0.4058333333333333,20.833333333333332,10.8
2016-05-19,23.235,39.03875,0.47312499999999996,10.625,62.2625,90.135,22.378125,10.4175,0.3809375,22.5,1.0
2016-05-20,,,,,,,,,,,
2016-05-21,,,,,,,,,,,
2016-05-22,,,,,,,,,,,
2016-05-23,,,,,,,,,,,
2016-05-24,,,,,,,,,,,
2016-05-25,,,,,,,,,,,
2016-05-26,,,,,,,,,,,
2016-05-27,,,,,,,,,,,
2016-05-28,,,,,,,,,,,
2016-05-29,,,,,,,,,,,
2016-05-30,,,,,,,,,,,
2016-05-31,,,,,,,,,,,
2016-06-01,,,,,,,,,,,
2016-06-02,8.913333333333334,37.74166666666667,,14.115384615384615,46.655,61.403333333333336,27.734166666666667,24.771666666666665,0.53125,37.11538461538461,0.0
2016-06-03,16.19388888888889,43.68555555555555,0.0,10.208333333333334,59.87888888888889,74.47541666666667,24.94875,17.81625,0.6045833333333334,21.785714285714285,4.6000000000000005
2016-06-04,17.906666666666666,38.09083333333333,2.1029166666666668,12.666666666666666,55.998333333333335,81.46916666666667,24.3575,14.965000000000002,0.3016666666666667,19.77777777777778,0.8
2016-06-05,11.059166666666668,34.724583333333335,0.02291666666666667,13.520833333333334,45.78125,84.85708333333334,24.87625,18.095833333333335,0.14083333333333334,22.166666666666668,15.0
2016-06-06,21.294166666666666,43.744166666666665,1.7006249999999998,21.625,65.0325,83.28166666666667,25.505,16.570833333333333,0.4429166666666667,39.729166666666664,6.0
2016-06-07,22.395416666666666,38.71666666666667,0.3475,7.729166666666667,61.11083333333334,92.63125000000001,21.394166666666667,14.484583333333333,0.2775,15.791666666666666,19.3
2016-06-08,26.378333333333334,42.85541666666666,0.05375,10.833333333333334,69.23333333333333,83.53458333333333,20.359583333333333,10.813333333333333,0.28875,27.375,0.0
2016-06-09,47.56375,44.0275,0.6304166666666667,20.791666666666668,91.59500000000001,69.33875,20.49875,14.195833333333333,0.425,50.75,0.0
2016-06-10,35.14375,50.49875,1.0479166666666666,24.604166666666668,85.64416666666666,66.2525,20.328333333333333,12.040000000000001,0.3575,66.72916666666667,0.0
2016-06-11,33.37625,42.80458333333333,0.10125,19.125,76.17333333333333,57.1025,20.0125,22.00125,0.4466666666666667,46.916666666666664,0.0
2016-06-12,14.539583333333333,34.03541666666667,0.8175,22.416666666666668,48.57458333333333,57.872083333333336,19.425,27.295833333333334,0.21375,47.875,0.0
2016-06-13,38.15291666666666,45.27041666666667,2.2870833333333334,20.666666666666668,83.42,57.497083333333336,19.550416666666667,18.665,0.35833333333333334,50.041666666666664,0.0
2016-06-14,40.36291666666667,45.895833333333336,2.73875,34.5,86.25583333333333,62.58083333333334,20.99625,18.927916666666665,0.38833333333333336,72.66666666666667,0.0
2016-06-15,89.15333333333335,59.23,6.4775,40.208333333333336,148.38541666666666,62.03583333333333,21.785,18.061249999999998,0.7920833333333334,78.75,0.0
2016-06-16,80.51333333333334,65.74333333333333,4.6779166666666665,50.791666666666664,146.25125,62.01625000000001,22.636666666666667,18.907083333333333,0.59875,92.20833333333333,0.0
2016-06-17,120.11083333333333,69.59791666666666,6.235833333333333,62.833333333333336,189.70708333333334,61.060833333333335,24.130416666666665,23.943749999999998,1.08625,103.625,0.0
2016-06-18,91.78208333333333,50.41041666666666,1.2820833333333332,76.22916666666667,142.19166666666666,74.19375000000001,22.25125,33.79833333333333,0.7566666666666667,117.5,0.0
2016-06-19,6.885833333333333,40.845,1.0735416666666666,35.958333333333336,47.72958333333333,71.24708333333334,23.26875,34.35583333333333,0.44625000000000004,53.75,0.0
2016-06-20,11.075833333333334,39.09916666666667,1.8795833333333334,20.333333333333332,50.17625,76.6475,21.329583333333336,29.502916666666668,0.23958333333333334,41.666666666666664,0.0
2016-06-21,12.5925,36.49458333333333,2.0279166666666666,13.208333333333334,49.085,80.46708333333333,20.7425,19.975416666666664,0.22916666666666666,27.458333333333332,0.2
2016-06-22,10.633333333333333,33.40375,3.2845833333333334,13.916666666666666,44.03791666666667,69.21,23.37708333333333,26.4875,0.20916666666666664,33.833333333333336,0.0
2016-06-23,20.2925,34.92,1.1358333333333335,18.875,55.21041666666667,77.9675,21.548333333333332,23.164583333333336,0.23958333333333334,42.958333333333336,0.0
2016-06-24,25.15416666666667,46.288333333333334,3.5389583333333334,23.791666666666668,71.43541666666667,73.79375,21.29125,14.260416666666666,0.405,44.458333333333336,0.0
2016-06-25,23.693749999999998,36.84166666666667,0.6454166666666666,34.5,60.53458333333333,68.01125,22.86791666666667,27.82375,0.40875,55.333333333333336,0.0
2016-06-26,19.5225,33.481249999999996,3.830208333333333,20.875,53.00208333333333,66.48666666666666,23.31625,25.72,0.3670833333333334,42.083333333333336,0.0
2016-06-27,24.415000000000003,34.545833333333334,0.09458333333333334,15.541666666666666,58.96125000000001,64.95041666666667,24.132499999999997,27.615416666666665,0.23458333333333334,40.0,0.0
2016-06-28,33.30916666666666,46.67124999999999,2.555,24.083333333333332,79.97958333333334,66.3975,24.650000000000002,18.53,0.4058333333333333,54.625,0.0
2016-06-29,63.8325,61.23291666666666,5.1691666666666665,55.083333333333336,125.06375000000001,65.69791666666667,25.359166666666667,20.012916666666666,0.72375,97.58333333333333,0.0
2016-06-30,32.96333333333333,59.92791666666667,3.06375,53.625,92.89333333333333,76.05916666666667,23.54375,17.305,0.5295833333333333,84.75,0.0
2016-07-01,25.456666666666667,56.55916666666667,1.79125,51.791666666666664,82.01583333333333,74.62541666666667,24.36791666666667,15.735416666666666,0.51125,89.79166666666667,0.0
2016-07-02,17.924166666666668,50.64541666666667,6.140000000000001,50.291666666666664,68.57041666666667,70.04416666666667,25.814166666666665,25.565416666666668,0.5,88.625,0.0
2016-07-03,9.674999999999999,55.740833333333335,26.714375,84.29166666666667,65.415,71.5175,25.118333333333336,50.03333333333333,0.5658333333333333,107.625,0.0
2016-07-04,41.415,49.67916666666667,8.806041666666667,24.083333333333332,91.09041666666667,62.42875,25.50916666666667,24.34166666666667,0.33208333333333334,54.125,0.0
2016-07-05,93.91875,55.61708333333333,6.614583333333333,42.041666666666664,149.53458333333333,61.56583333333333,26.525000000000002,21.53375,0.71,79.20833333333333,0.0
2016-07-06,69.53375,48.43375,1.3602083333333335,30.291666666666668,117.96625,54.997083333333336,27.725416666666664,12.88875,0.5120833333333333,66.33333333333333,0.0
2016-07-07,17.988333333333333,37.062916666666666,0.4835416666666667,16.75,55.04625000000001,54.86208333333334,23.95375,25.949583333333333,0.06749999999999999,50.208333333333336,0.0
2016-07-08,47.548750000000005,46.17291666666667,2.25125,22.833333333333332,93.72250000000001,60.24041666666667,21.47083333333333,17.057916666666667,0.49499999999999994,56.75,0.0
2016-07-09,36.09083333333333,45.30041666666667,1.4683333333333335,30.458333333333332,81.39291666666666,60.913333333333334,22.495416666666667,25.20125,0.48500000000000004,66.08333333333333,0.0
2016-07-10,79.41625,62.3125,5.10375,52.208333333333336,141.72666666666666,60.32791666666666,25.685000000000002,23.989166666666666,1.28875,91.375,0.0
2016-07-11,86.00875,77.4025,3.335625,62.541666666666664,163.41,56.187083333333334,27.890833333333333,25.678749999999997,0.7087500000000001,106.54166666666667,0.0
2016-07-12,110.64458333333334,74.23333333333333,4.995208333333333,53.625,184.87875,48.37166666666667,29.684166666666666,23.55333333333333,0.9716666666666667,103.33333333333333,0.0
2016-07-13,28.5125,57.557500000000005,0.36791666666666667,31.458333333333332,86.06708333333334,62.8175,26.43625,32.016666666666666,0.20291666666666666,79.125,0.0
2016-07-14,10.399583333333334,61.551874999999995,7.02375,39.416666666666664,71.95145833333333,64.53458333333333,27.249166666666667,43.903333333333336,0.44125,78.25,0.0
2016-07-15,63.289375,74.84770833333333,4.050625,62.583333333333336,138.134375,51.93541666666667,28.940833333333334,22.2925,0.8466666666666667,110.54166666666667,0.0
2016-07-16,56.51833333333334,56.93375,1.2858333333333334,40.541666666666664,113.45791666666668,57.190416666666664,26.846249999999998,33.47208333333334,0.4895833333333333,94.04166666666667,0.8
2016-07-17,3.33,19.15125,0.045000000000000005,8.916666666666666,22.475416666666664,60.82208333333333,21.778750000000002,41.64,0.1675,29.666666666666668,0.6
2016-07-18,17.726666666666667,31.444166666666664,0.6820833333333334,12.875,49.18666666666667,50.255,20.719166666666666,30.603333333333335,0.2629166666666667,35.75,0.0
2016-07-19,32.475833333333334,53.69583333333333,4.083958333333333,28.416666666666668,86.16416666666667,56.225,20.629166666666666,12.657083333333333,0.49291666666666667,62.708333333333336,0.0
2016-07-20,27.62291666666667,52.287083333333335,2.7783333333333338,36.125,79.91041666666666,65.90875,20.699166666666667,10.25,0.6858333333333334,76.33333333333333,0.0
2016-07-21,23.14979166666667,44.77583333333334,2.740625,22.020833333333332,67.925625,74.93770833333333,20.159583333333334,11.412708333333333,0.433125,49.25,0.0
2016-07-22,18.075,40.055416666666666,4.604166666666667,26.0,58.12916666666666,70.25333333333333,21.108333333333334,17.24625,0.33,45.416666666666664,0.0
2016-07-23,7.620833333333334,34.477916666666665,2.3560416666666666,20.041666666666668,42.095625,65.31833333333333,23.625833333333333,32.0175,0.29958333333333337,35.041666666666664,0.0
2016-07-24,16.90625,41.01333333333333,7.3620833333333335,31.208333333333332,57.919999999999995,64.12708333333333,25.312083333333334,44.130833333333335,0.5808333333333333,47.291666666666664,0.0
2016-07-25,7.40375,44.70541666666667,0.8085416666666667,38.104166666666664,52.114583333333336,70.29041666666667,23.939999999999998,45.0625,0.51,56.8125,0.0
2016-07-26,12.778333333333334,60.47,7.194375,52.0625,73.24916666666667,58.3775,26.68541666666667,43.22208333333333,0.3829166666666666,78.04166666666667,0.0
2016-07-27,70.99833333333333,49.357499999999995,2.037916666666667,43.0,120.355,55.28458333333333,26.125833333333333,27.345,0.6083333333333333,93.45833333333333,0.0
2016-07-28,11.700833333333334,36.64875,0.29833333333333334,15.458333333333334,48.34708333333333,64.30833333333334,21.872500000000002,26.50125,0.2529166666666667,43.583333333333336,0.0
2016-07-29,9.542083333333332,38.444583333333334,0.17354166666666668,17.708333333333332,47.990208333333335,68.67958333333333,22.7175,24.772499999999997,0.33166666666666667,33.854166666666664,0.0
2016-07-30,6.717083333333334,29.08,3.1456250000000003,17.6875,35.79708333333333,65.72666666666667,24.41875,38.545,0.18125000000000002,34.416666666666664,0.0
2016-07-31,1.6329166666666666,20.230208333333334,1.28125,10.875,21.863958333333333,63.85125,24.865,45.08791666666667,0.18000000000000002,21.041666666666668,0.0
2016-08-01,21.28770833333333,44.48708333333334,3.8781250000000003,22.375,65.85666666666667,50.50208333333333,26.61916666666667,24.809166666666666,0.35250000000000004,40.291666666666664,0.0
2016-08-02,40.9125,40.36333333333334,3.155416666666667,33.666666666666664,81.27125,61.44833333333333,25.105,30.885,0.4320833333333334,77.66666666666667,0.0
2016-08-03,7.4975,31.39979166666667,0.0016666666666666668,17.291666666666668,38.897708333333334,69.37,23.354166666666668,32.18083333333333,0.25708333333333333,36.916666666666664,0.6000000000000001
2016-08-04,3.082708333333333,23.0775,0.18833333333333335,12.0625,26.155833333333334,61.050000000000004,24.318749999999998,43.790416666666665,0.28583333333333333,30.208333333333332,0.0
2016-08-05,10.58375,39.281666666666666,5.42625,20.5,49.86375,58.180416666666666,25.4575,34.57666666666667,0.5466666666666667,40.833333333333336,0.0
2016-08-06,39.895,51.82458333333333,3.1322916666666667,33.208333333333336,91.71499999999999,49.98833333333334,28.22875,27.84583333333333,0.7704166666666667,61.458333333333336,0.0
2016-08-07,32.5175,41.9175,1.175,31.666666666666668,74.43291666666666,55.51125,26.562083333333334,38.93958333333333,0.5225000000000001,64.79166666666667,0.0
2016-08-08,3.018333333333333,24.735,3.81125,15.25,27.75208333333333,63.232499999999995,25.782083333333333,63.474583333333335,0.3429166666666667,35.458333333333336,0.0
2016-08-09,6.277083333333334,35.29208333333333,2.798125,20.458333333333332,41.564166666666665,65.20958333333333,26.126666666666665,50.66375,0.42791666666666667,39.541666666666664,0.0
2016-08-10,13.21375,34.08,1.784375,15.458333333333334,47.29,74.51625,21.607083333333335,28.57875,0.3175,31.416666666666668,0.8
2016-08-11,16.86041666666667,31.547916666666666,0.38354166666666667,12.875,48.406666666666666,57.057916666666664,21.55333333333333,30.980833333333333,0.34708333333333335,36.833333333333336,0.0
2016-08-12,20.035833333333333,31.852500000000003,0.03291666666666667,15.25,51.89041666666666,65.21291666666666,21.266666666666666,25.889166666666668,0.4483333333333333,32.333333333333336,0.0
2016-08-13,36.04416666666666,30.81041666666667,0.9770833333333333,29.479166666666668,66.85291666666667,65.00958333333334,22.832083333333333,34.14541666666667,0.6133333333333334,49.854166666666664,0.0
2016-08-14,19.372916666666665,54.36083333333334,13.980208333333332,43.875,73.73541666666667,60.27875,26.02208333333333,49.83625,1.0,65.95833333333333,0.0
2016-08-15,33.830416666666665,58.86541666666667,6.790833333333333,49.791666666666664,92.69749999999999,60.57375,26.608333333333334,54.965833333333336,0.6466666666666666,88.20833333333333,1.0
2016-08-16,29.369333333333334,59.087333333333326,5.170625,33.125,88.45333333333333,54.92875,26.524583333333336,33.257083333333334,0.63,50.020833333333336,0.0
2016-08-17,129.28400000000002,92.122,8.330208333333333,44.958333333333336,221.402,51.90166666666667,29.468333333333334,44.33583333333333,0.8858333333333334,68.5,0.0
2016-08-18,14.957083333333335,30.668541666666666,1.1033333333333333,29.020833333333332,45.62645833333334,60.404583333333335,26.91875,65.35416666666667,0.1991666666666667,44.208333333333336,3.4000000000000004
2016-08-19,2.2116666666666664,24.717916666666667,0.41465277777777776,19.958333333333332,26.92958333333333,68.61291666666666,26.871666666666666,57.75229166666667,0.3804166666666667,30.9375,0.4
2016-08-20,20.435416666666665,42.244166666666665,1.8193055555555555,30.375,62.68083333333333,70.63541666666667,25.871666666666666,21.653333333333336,0.6041666666666666,46.708333333333336,0.6
2016-08-21,5.517083333333333,30.004166666666666,1.055625,18.8125,35.515625,85.375,22.525833333333335,32.88916666666667,0.40458333333333335,25.541666666666668,20.6
2016-08-22,11.81875,27.920833333333334,0.0,11.0625,39.73875,79.71166666666666,18.793333333333333,31.110416666666666,0.3329166666666667,16.854166666666668,5.2
2016-08-23,27.0925,33.314166666666665,3.4939583333333335,19.333333333333332,60.405,68.32166666666667,20.932916666666667,22.265,0.54375,35.916666666666664,0.0
2016-08-24,5.748958333333333,25.210416666666664,0.623125,16.833333333333332,30.961250000000003,58.968333333333334,23.705,36.376875,0.2725,29.291666666666668,0.0
2016-08-25,9.643333333333333,28.79625,10.567708333333334,17.958333333333332,38.44166666666667,56.254583333333336,24.205,38.53416666666667,0.31416666666666665,34.083333333333336,0.0
2016-08-26,11.765416666666667,33.919583333333335,2.8764583333333333,20.458333333333332,45.67958333333333,54.739583333333336,25.302916666666665,35.11708333333333,0.44250000000000006,39.5,0.0
2016-08-27,9.649166666666666,34.76583333333333,3.140833333333333,26.25,44.41458333333333,53.030833333333334,26.48375,35.24875,0.48500000000000004,48.083333333333336,0.0
2016-08-28,11.385,37.53458333333333,7.0722916666666675,30.583333333333332,48.91833333333333,47.64833333333333,28.992500000000003,48.07916666666667,0.5895833333333333,49.708333333333336,0.0
2016-08-29,54.10333333333333,49.90541666666667,2.61625,46.708333333333336,104.00541666666668,41.305,30.85875,33.53666666666667,0.7804166666666666,74.83333333333333,0.0
2016-08-30,26.33,55.4275,8.850208333333333,49.416666666666664,81.75666666666667,55.64791666666667,28.94458333333333,38.675000000000004,0.6533333333333333,82.625,0.0
2016-08-31,11.769374999999998,41.10333333333333,3.0812500000000003,34.5,52.887708333333336,73.72875,25.581666666666667,31.703958333333333,0.53,55.083333333333336,9.200000000000001
2016-09-01,8.8725,31.944166666666664,6.124583333333334,21.520833333333332,40.8175,75.81875000000001,25.214583333333334,40.621249999999996,0.5266666666666667,35.291666666666664,0.8
2016-09-02,14.166666666666666,38.495416666666664,1.6197916666666667,28.166666666666668,52.6575,72.65666666666667,26.14,33.61666666666667,0.6545833333333334,46.791666666666664,0.0
2016-09-03,7.882083333333333,34.15416666666667,0.5797916666666666,27.916666666666668,42.0375,66.16791666666667,27.182083333333335,38.09625,0.40875,52.541666666666664,0.0
2016-09-04,3.1783333333333332,22.353333333333335,1.64,16.958333333333332,25.530833333333334,59.15083333333333,28.222083333333334,41.747499999999995,0.16666666666666666,29.25,0.0
2016-09-05,8.194583333333332,30.328333333333333,5.585,25.770833333333332,38.51875,68.98291666666667,26.897499999999997,36.31875,0.43166666666666664,45.041666666666664,0.0
2016-09-06,6.340833333333333,36.55583333333333,5.31375,25.416666666666668,42.90083333333333,59.65833333333333,28.367500000000003,43.00333333333333,0.4083333333333334,49.833333333333336,0.0
2016-09-07,4.6025,25.849999999999998,3.89125,19.520833333333332,30.455833333333334,60.72083333333333,27.124583333333334,43.55291666666667,0.3925,38.75,0.0
2016-09-08,5.0075,27.215833333333336,0.12125000000000001,13.142857142857142,32.22208333333334,62.73041666666666,24.681250000000002,33.077083333333334,0.3333333333333333,30.125,0.0
2016-09-09,5.03125,23.307083333333335,6.352083333333333,,28.336250000000003,63.69416666666667,24.38875,36.09166666666667,0.2658333333333333,27.875,0.0
2016-09-10,4.436875,22.986666666666665,2.127083333333333,,27.424583333333334,70.04541666666667,25.383333333333336,35.2725,0.40375,29.625,0.0
2016-09-11,3.479583333333333,21.9225,9.46125,,25.4025,64.31333333333333,28.156666666666666,40.95041666666667,0.3779166666666667,35.916666666666664,0.0
2016-09-12,4.586041666666667,25.779791666666668,11.24375,,30.360833333333332,58.18208333333333,29.715833333333332,37.36125,0.39083333333333337,49.333333333333336,0.0
2016-09-13,22.808333333333334,36.746249999999996,8.450416666666667,,59.55083333333334,39.59458333333333,32.51708333333333,25.855,0.48041666666666666,51.354166666666664,0.0
2016-09-14,7.153333333333333,33.97958333333333,0.39458333333333334,,41.12416666666667,44.32541666666666,29.217916666666667,42.81,0.20166666666666666,51.291666666666664,0.0
2016-09-15,5.544999999999999,26.205416666666665,3.1166666666666667,,31.750833333333333,52.86000000000001,26.342916666666667,47.69708333333333,0.073125,41.291666666666664,0.0
2016-09-16,6.086458333333333,25.41541666666667,3.704166666666667,9.818181818181818,31.500625,64.255625,24.01375,38.44229166666667,0.29250000000000004,34.958333333333336,0.0
2016-09-17,3.0516666666666663,20.766666666666666,2.141458333333333,19.055555555555557,23.735,61.01083333333333,26.719791666666666,53.179375,0.2966666666666667,35.875,0.0
2016-09-18,4.402916666666667,30.52208333333333,9.552916666666667,34.375,34.92666666666667,64.69708333333334,28.547916666666666,66.17541666666666,0.32208333333333333,57.0625,2.8
2016-09-19,8.7675,31.105,2.692083333333333,26.75,39.87083333333333,69.61333333333333,26.955833333333334,54.99583333333334,0.3983333333333334,33.625,4.2
2016-09-20,11.771666666666667,33.218333333333334,1.8820833333333333,,44.985625,83.905,21.802083333333332,30.257916666666663,0.1829166666666667,30.0,12.0
2016-09-21,10.329583333333334,29.511666666666667,3.7933333333333334,,39.840833333333336,64.15416666666667,22.372083333333332,32.3775,0.37999999999999995,29.041666666666668,0.0
2016-09-22,9.45375,23.424166666666665,2.3241666666666667,15.555555555555555,32.876666666666665,61.23791666666667,24.18875,37.263333333333335,0.305,32.5,0.0
2016-09-23,7.633541666666667,27.27145833333333,6.288333333333333,15.645833333333334,34.90229166666666,53.87958333333333,26.344166666666666,47.2175,0.4220833333333333,33.354166666666664,0.0
2016-09-24,3.4370833333333333,21.381249999999998,0.445,15.263157894736842,24.818749999999998,69.41875,24.660416666666666,51.30916666666667,0.14583333333333334,33.708333333333336,0.0
2016-09-25,4.976249999999999,25.018333333333334,0.0008333333333333334,12.3,29.992916666666662,88.13416666666666,21.374166666666667,37.34666666666667,0.24833333333333332,22.208333333333332,11.200000000000001
2016-09-26,9.051666666666668,28.86125,4.402083333333333,13.645833333333334,37.9125,79.13083333333334,21.1925,28.63625,0.40875,27.0625,2.8000000000000003
2016-09-27,9.863958333333334,27.678958333333338,0.9102083333333333,14.8125,37.537083333333335,70.97458333333334,22.767916666666665,30.997083333333332,0.3566666666666667,24.875,0.6000000000000001
2016-09-28,2.795,27.184583333333332,2.1774999999999998,11.291666666666666,29.980833333333333,60.49041666666667,25.269583333333333,51.69708333333333,0.22583333333333333,27.916666666666668,0.0
2016-09-29,12.087083333333332,34.71125,3.52875,17.791666666666668,46.798750000000005,65.4075,25.461250000000003,43.31166666666667,0.24291666666666667,40.375,0.2
2016-09-30,7.065,28.511666666666667,0.33916666666666667,12.291666666666666,35.57875,77.62916666666666,22.318749999999998,36.31041666666667,0.17250000000000001,24.25,1.2000000000000002
2016-10-01,3.8714583333333334,24.045625,0.2941666666666667,9.791666666666666,27.91604166666667,76.47458333333333,21.5925,36.86333333333334,0.35916666666666663,20.458333333333332,0.8
2016-10-02,1.4539583333333335,14.824791666666668,4.204583333333333,6.166666666666667,16.278125,72.01416666666667,22.424166666666665,45.92458333333334,0.24666666666666667,14.5625,0.2
2016-10-03,4.815625,26.24791666666667,2.6275,11.583333333333334,31.06125,66.27958333333333,24.02333333333333,38.405,0.38083333333333336,21.208333333333332,3.8
2016-10-04,14.749791666666667,39.968333333333334,0.40791666666666665,11.270833333333334,54.71666666666667,85.95083333333334,22.055000000000003,18.796666666666667,0.47333333333333333,19.5625,23.0
2016-10-05,4.5095833333333335,25.196250000000003,0.14041666666666666,10.458333333333334,29.705,70.68666666666667,23.875833333333333,47.29916666666667,0.2579166666666667,16.666666666666668,0.8
2016-10-06,6.73125,28.24208333333333,4.304166666666666,8.208333333333334,34.97291666666667,75.56125,22.846249999999998,26.646666666666665,0.2833333333333333,17.708333333333332,1.0
2016-10-07,17.096666666666668,31.67,1.3216666666666665,12.041666666666666,48.76666666666667,69.27333333333333,23.86375,30.50375,0.4191666666666667,27.041666666666668,1.2
2016-10-08,21.132083333333334,37.70541666666667,15.119166666666667,19.25,58.837916666666665,61.61041666666667,25.925416666666667,41.54958333333334,0.545,42.458333333333336,0.0
2016-10-09,3.3320833333333333,23.805000000000003,1.085,16.166666666666668,27.137916666666666,68.07333333333334,25.437916666666666,47.04125,0.22875,31.875,0.0
2016-10-10,4.918333333333333,23.63208333333333,1.8983333333333334,12.0,28.548333333333332,69.74708333333334,23.325833333333335,40.40125,0.14541666666666667,26.541666666666668,0.4
2016-10-11,4.2595833333333335,20.56083333333333,5.350416666666667,13.083333333333334,24.819999999999997,59.18416666666667,26.133750000000003,50.42583333333334,0.26958333333333334,31.291666666666668,2.8
2016-10-12,3.341458333333333,24.27416666666667,7.762499999999999,14.5,27.614375,62.35333333333333,28.234166666666667,46.17916666666667,0.2708333333333333,32.333333333333336,0.0
2016-10-13,4.876041666666667,28.890208333333334,19.792916666666667,18.625,33.767291666666665,51.52041666666667,30.683333333333334,52.805416666666666,0.2354166666666667,37.854166666666664,0.0
2016-10-14,6.995416666666666,35.13458333333333,5.709166666666667,16.958333333333332,42.135416666666664,55.522083333333335,29.96166666666667,47.14416666666667,0.4175,36.708333333333336,0.0
2016-10-15,5.099166666666666,35.64083333333333,6.086666666666667,20.458333333333332,40.73583333333333,61.45458333333334,29.196250000000003,60.507083333333334,0.49333333333333335,36.75,0.0
2016-10-16,4.034583333333333,31.903333333333332,15.387500000000001,25.916666666666668,35.937083333333334,59.541666666666664,31.56625,52.20250000000001,0.395,40.75,0.0
2016-10-17,7.827916666666667,29.783749999999998,12.189583333333333,25.416666666666668,37.612500000000004,54.62625,32.70541666666667,53.65375,0.33916666666666667,47.041666666666664,0.0
2016-10-18,5.4054166666666665,33.735,2.8841666666666668,28.833333333333332,39.139583333333334,63.6825,30.742499999999996,61.70791666666667,0.42333333333333334,52.5,0.0
2016-10-19,8.4475,39.84041666666667,11.065416666666666,32.833333333333336,48.29791666666667,67.12208333333334,30.05125,52.17916666666667,0.47583333333333333,57.020833333333336,0.0
2016-10-20,3.676458333333333,33.930625,6.201249999999999,22.833333333333332,37.606875,60.625416666666666,31.761666666666667,66.81791666666666,0.3458333333333334,48.875,0.0
2016-10-21,5.129583333333334,26.117083333333337,0.84375,20.166666666666668,31.245208333333334,70.92541666666666,28.386666666666667,50.03208333333333,0.3416666666666666,40.770833333333336,0.0
2016-10-22,6.0125,23.295625,6.756666666666667,11.75,29.301875,75.65083333333332,24.74791666666667,27.775000000000002,0.30083333333333334,38.3125,1.2
2016-10-23,2.1560416666666664,17.456041666666668,0.35958333333333337,11.5625,19.61104166666667,68.09791666666666,26.414583333333336,33.51125,0.28750000000000003,21.916666666666668,0.0
2016-10-24,3.2190972222222225,17.76965277777778,0.8143750000000001,11.461538461538462,20.98875,62.04583333333333,28.846666666666664,41.178333333333335,0.26708333333333334,25.916666666666668,0.0
2016-10-25,3.739027777777778,20.03972222222222,3.2558333333333334,17.157894736842106,23.776666666666667,69.68916666666667,27.23125,26.537916666666664,0.375,30.31578947368421,0.0
2016-10-26,4.180000000000001,16.66125,3.67625,15.0,20.840625,62.82375,29.702916666666667,33.78458333333334,0.32749999999999996,23.020833333333332,0.0
2016-10-27,8.725,28.035,6.483750000000001,24.020833333333332,36.75791666666667,58.30833333333334,31.90375,35.237500000000004,0.37041666666666667,42.0625,3.2
2016-10-28,5.142291666666666,24.12708333333333,1.8391666666666666,18.479166666666668,29.268958333333334,65.30333333333333,24.9325,33.89875,0.22083333333333333,32.5625,0.2
2016-10-29,5.080555555555556,19.636388888888888,0.20375,12.625,24.719166666666666,61.462916666666665,23.596249999999998,31.937083333333334,0.21375,23.458333333333332,0.0
2016-10-30,2.594027777777778,16.585694444444446,0.7725,15.541666666666666,19.1775,61.969166666666666,24.352500000000003,37.031666666666666,0.26375,31.25,0.0
2016-10-31,5.18875,20.95,0.6804166666666666,13.583333333333334,26.14125,53.89791666666667,27.434166666666666,45.70541666666667,0.17541666666666667,31.125,0.0
2016-11-01,6.1525,29.183333333333334,1.3116666666666668,16.25,35.33375,47.74041666666667,30.332083333333333,41.512499999999996,0.3620833333333333,33.0,0.0
2016-11-02,11.657916666666667,33.95666666666667,2.1883333333333335,22.666666666666668,45.61875,37.780833333333334,33.80625,35.84583333333333,0.5104166666666666,44.833333333333336,0.0
2016-11-03,6.7004166666666665,24.70375,1.1670833333333335,16.1875,31.40416666666667,56.26625000000001,29.919583333333335,43.36541666666667,0.17500000000000002,38.9375,15.600000000000001
2016-11-04,10.508333333333333,36.0575,0.30583333333333335,11.0,46.562916666666666,91.46458333333334,23.197083333333335,21.096666666666668,0.3591666666666667,21.416666666666668,31.6
2016-11-05,17.293333333333333,35.412083333333335,2.40625,11.083333333333334,52.70583333333334,92.01458333333333,22.76,17.714583333333334,0.51625,20.395833333333332,11.600000000000001
2016-11-06,8.066666666666666,23.405416666666667,0.5766666666666667,15.875,31.471666666666668,75.32416666666667,25.981666666666666,23.63208333333333,0.34791666666666665,32.375,0.6000000000000001
2016-11-07,6.567083333333333,22.690833333333334,0.82375,13.375,29.257500000000004,64.89041666666667,28.338333333333335,31.126666666666665,0.30125,31.708333333333332,2.2
2016-11-08,12.425833333333335,30.042916666666667,2.934791666666667,12.333333333333334,42.468333333333334,69.52458333333333,27.859583333333333,26.94125,0.32,31.958333333333332,19.799999999999997
2016-11-09,8.81125,26.629166666666666,0.27625,10.208333333333334,35.43875,60.26208333333333,30.33125,31.76291666666667,0.27291666666666664,29.416666666666668,1.6
2016-11-10,6.421666666666667,30.256666666666664,0.6770833333333334,11.833333333333334,36.67666666666667,56.32958333333334,30.99208333333333,54.92124999999999,0.37166666666666665,25.458333333333332,3.4
2016-11-11,6.0425,34.560833333333335,0.043333333333333335,17.166666666666668,40.60166666666667,55.87875,31.4375,60.3725,0.35916666666666663,41.0,0.6
2016-11-12,4.589166666666666,22.90875,0.15666666666666665,13.375,27.484166666666667,69.26166666666667,27.397499999999997,37.430416666666666,0.26416666666666666,33.125,1.2
2016-11-13,3.1183333333333336,22.8925,0.0,7.875,26.01291666666667,92.65208333333334,24.27125,22.00375,0.31875000000000003,23.875,42.0
2016-11-14,8.576458333333333,26.097291666666667,1.2208333333333334,8.083333333333334,34.673541666666665,93.00124999999998,23.615,12.416666666666666,0.30791666666666667,19.666666666666668,28.6
2016-11-15,5.972083333333334,19.241666666666667,1.1304166666666666,7.375,25.21291666666667,75.31208333333333,27.243750000000002,30.221666666666668,0.42083333333333334,19.25,8.799999999999999
2016-11-16,11.07875,28.125416666666666,0.68375,15.291666666666666,39.20333333333333,70.33166666666666,27.985416666666666,18.417083333333334,0.4041666666666666,43.25,0.0
2016-11-17,7.965416666666667,27.376666666666665,2.785,17.125,35.34375,71.97291666666666,28.620833333333334,31.060000000000002,0.37625,42.666666666666664,11.600000000000001
2016-11-18,9.560208333333334,24.438541666666666,0.13625,10.958333333333334,33.99791666666667,75.93041666666666,24.625833333333333,21.48625,0.2004166666666667,37.375,1.4000000000000001
2016-11-19,5.706666666666667,17.267916666666668,0.048749999999999995,15.416666666666666,22.97375,54.880833333333335,23.49791666666667,36.15,0.1575,35.666666666666664,1.8
2016-11-20,6.13,18.690833333333334,0.023333333333333334,22.25,24.819166666666664,51.893750000000004,24.384583333333335,34.806666666666665,0.24708333333333332,44.458333333333336,0.0
2016-11-21,15.547916666666667,37.559583333333336,2.177916666666667,,53.10875000000001,52.81,27.006666666666664,43.48500000000001,0.38125000000000003,60.083333333333336,0.0
2016-11-22,13.42,37.57333333333333,4.5175,,50.99041666666667,58.63833333333333,27.62625,40.931666666666665,0.3283333333333333,72.875,0.0
2016-11-23,5.926458333333334,37.202708333333334,1.1708333333333334,,43.130625,69.93708333333333,26.818749999999998,34.63125,0.315,63.041666666666664,0.0
2016-11-24,4.7437499999999995,24.42125,0.9285416666666667,,29.166666666666668,68.72916666666667,27.206666666666667,41.06375,0.19541666666666668,44.875,0.0
2016-11-25,4.8,23.52125,3.9460416666666664,13.75,28.319166666666664,60.127916666666664,28.505,46.650416666666665,0.26791666666666664,37.166666666666664,0.0
2016-11-26,2.43375,17.645,3.0204166666666663,13.791666666666666,20.077916666666667,60.80083333333334,28.699583333333333,43.20583333333334,0.18000000000000002,34.791666666666664,0.0
2016-11-27,2.1758333333333333,17.929583333333333,6.771249999999999,15.25,20.103333333333335,59.080000000000005,30.532083333333333,42.21583333333333,0.22583333333333333,39.041666666666664,0.0
2016-11-28,6.140625,30.766875,3.5087499999999996,21.666666666666668,36.857708333333335,55.05708333333334,32.50791666666667,52.70104166666667,0.36375,42.76923076923077,4.6
2016-11-29,6.507083333333334,24.77125,2.79875,17.541666666666668,31.28,65.63375,29.6825,41.76583333333333,0.3408333333333333,36.5,0.2
2016-11-30,8.724166666666667,20.42875,1.36125,16.270833333333332,29.15416666666667,68.95125,24.993333333333336,27.692083333333333,0.21833333333333335,39.791666666666664,1.2
2016-12-01,3.84375,18.044166666666666,0.050416666666666665,14.708333333333334,21.886666666666667,55.82041666666667,26.28833333333333,29.82875,0.20666666666666667,31.5,0.0
2016-12-02,3.6925000000000003,16.978333333333335,0.16,16.875,20.669166666666666,57.1975,27.326666666666668,34.30833333333333,0.18125000000000002,34.5,0.0
2016-12-03,3.5749999999999997,19.18916666666667,1.5599999999999998,14.15625,22.764583333333334,60.0025,30.054166666666664,46.596666666666664,0.24875,32.302083333333336,14.200000000000001
2016-12-04,4.57875,24.069166666666664,0.10291666666666666,9.989583333333334,28.64708333333333,73.83041666666666,27.786666666666665,33.41708333333333,0.37625,19.760416666666668,3.2
2016-12-05,9.22375,28.858333333333334,0.0,14.708333333333334,38.08708333333333,73.79791666666667,24.785833333333333,28.866666666666664,0.2804166666666667,30.5,0.0
2016-12-06,13.629583333333334,28.533749999999998,3.93125,17.166666666666668,42.16166666666667,59.21333333333333,27.675,29.677083333333332,0.29083333333333333,35.375,0.0
2016-12-07,11.387083333333335,35.900416666666665,1.7204166666666667,22.416666666666668,47.287083333333335,55.32041666666667,29.46875,47.62166666666667,0.32958333333333334,43.25,0.0
2016-12-08,4.689166666666667,29.852083333333336,0.36916666666666664,17.916666666666668,34.540416666666665,57.83041666666667,31.47375,50.60958333333334,0.36166666666666664,36.541666666666664,0.8
2016-12-09,6.478333333333333,27.64375,0.7357142857142858,13.604166666666666,34.12291666666667,64.49458333333332,30.145833333333332,44.234166666666674,0.3879166666666667,27.979166666666668,0.6000000000000001
2016-12-10,5.1937500000000005,26.566666666666666,0.32666666666666666,17.291666666666668,31.7625,66.34541666666667,30.892916666666665,46.74875,0.3879166666666667,35.708333333333336,0.0
2016-12-11,3.950416666666667,25.222083333333334,3.5437499999999997,16.8125,29.174583333333334,67.45166666666667,31.70125,35.20458333333333,0.46375000000000005,33.458333333333336,5.2
2016-12-12,12.939791666666666,32.33,1.3835416666666667,11.458333333333334,45.27375,76.13458333333334,30.15833333333333,29.852083333333336,0.5227083333333333,24.520833333333332,79.2
2016-12-13,12.238333333333335,33.18333333333333,1.1710416666666665,18.25,45.41791666666666,74.19333333333333,30.66208333333333,31.68541666666667,0.5466666666666666,42.666666666666664,0.0
2016-12-14,10.094166666666666,32.67625,1.0808333333333333,12.875,42.76958333333334,84.18666666666667,27.83791666666667,22.731666666666666,0.40958333333333335,27.854166666666668,26.200000000000003
2016-12-15,16.492291666666667,31.895208333333333,3.3545833333333337,16.958333333333332,48.387499999999996,78.14291666666666,23.189166666666665,14.728333333333333,0.27625,32.708333333333336,9.2
2016-12-16,12.729166666666666,24.22125,2.1570833333333335,14.041666666666666,36.94958333333333,71.77583333333332,24.53,14.382916666666667,0.18125,29.958333333333332,1.4
2016-12-17,8.920833333333333,19.908333333333335,3.3520833333333333,9.833333333333334,28.82875,78.00708333333334,25.8925,15.261249999999999,0.3675,22.333333333333332,6.800000000000001
2016-12-18,4.0945833333333335,18.366666666666667,1.0891666666666666,10.25,22.460416666666664,70.12541666666667,28.519583333333333,24.64625,0.21791666666666668,21.875,0.0
2016-12-19,6.753333333333334,18.244583333333335,2.8045833333333334,15.0,24.997083333333336,59.01125,31.25791666666667,25.575,0.23366666666666666,27.895833333333332,0.0
2016-12-20,10.035416666666666,22.1425,10.773333333333333,15.083333333333334,32.17583333333334,51.13375,33.125,42.53666666666667,0.32841666666666663,31.0,0.0
2016-12-21,15.237916666666665,26.273750000000003,4.9627083333333335,13.895833333333334,41.51291666666666,47.96458333333334,32.84625,44.83916666666667,0.32583333333333336,30.729166666666668,0.0
2016-12-22,4.5112499999999995,32.312083333333334,13.264583333333334,17.854166666666668,36.82416666666666,54.199999999999996,31.596666666666668,33.216,0.3620833333333333,36.583333333333336,0.0
2016-12-23,6.070833333333333,39.543749999999996,16.909166666666668,23.354166666666668,45.61166666666667,52.65291666666667,32.444583333333334,,0.42124999999999996,46.083333333333336,0.0
2016-12-24,5.72,37.01166666666666,6.427916666666667,18.583333333333332,42.73208333333333,47.27708333333334,32.65875,,0.4479166666666667,35.958333333333336,0.0
2016-12-25,2.6170833333333334,22.973958333333332,5.223333333333334,19.604166666666668,25.587708333333335,51.32,32.105,,0.3545833333333333,37.0625,0.0
2016-12-26,3.8845833333333335,26.84875,,18.583333333333332,30.738333333333333,51.276666666666664,34.20666666666667,69.7075,0.44083333333333335,36.75,0.0
2016-12-27,6.255833333333334,32.455625,,23.208333333333332,38.710208333333334,46.14958333333333,36.36416666666667,44.8125,0.45125,43.916666666666664,0.0
2016-12-28,6.277916666666666,36.38708333333333,,23.729166666666668,42.665416666666665,47.43541666666667,35.137499999999996,55.004666666666665,0.41770833333333335,48.083333333333336,0.0
2016-12-29,2.8854166666666665,24.325416666666666,,22.0,27.212708333333335,57.4475,33.98041666666666,71.057,0.42,42.25,0.0
2016-12-30,8.64,37.558749999999996,,21.520833333333332,46.197916666666664,64.01416666666667,32.53625,48.55166666666667,0.5408333333333334,44.1875,32.4
2016-12-31,11.5075,31.80666666666667,,24.5,43.315416666666664,57.37416666666667,34.03916666666667,,0.46625,50.208333333333336,7.8
2017-01-01,1.9154166666666665,24.109166666666667,,20.666666666666668,26.05666666666667,48.100833333333334,35.23375,,0.42124999999999996,39.708333333333336,0.0
2017-01-02,5.8500000000000005,31.285,,19.75,37.134166666666665,53.2875,33.844166666666666,,0.42791666666666667,40.479166666666664,0.0
2017-01-03,4.169583333333333,28.840833333333332,,15.1875,33.01083333333333,61.502916666666664,31.884583333333335,,0.44875,29.854166666666668,0.0
2017-01-04,10.885833333333332,38.237500000000004,,18.645833333333332,49.125,55.0375,32.95458333333333,,0.52125,34.916666666666664,1.0
2017-01-05,8.321250000000001,39.60125,,19.229166666666668,47.92416666666667,62.20875,32.44291666666667,,0.39375,40.5,9.8
2017-01-06,10.820833333333333,31.051041666666666,,11.416666666666666,41.869375,61.93375,32.03333333333333,,0.41041666666666665,28.166666666666668,0.0
2017-01-07,3.74,29.603333333333335,,17.229166666666668,33.34375,63.737500000000004,32.284166666666664,,0.4025,32.916666666666664,14.4
2017-01-08,2.7570833333333336,23.734166666666667,,9.229166666666666,26.489583333333332,56.086666666666666,32.596666666666664,,0.3575,24.666666666666668,0.0
2017-01-09,8.91875,34.24041666666667,,13.125,43.155833333333334,49.17291666666667,34.45875,,0.4175,31.375,0.0
2017-01-10,11.069583333333334,32.67,,15.75,43.73833333333334,51.11291666666667,34.495,,0.42208333333333337,37.166666666666664,0.0
2017-01-11,10.577083333333333,36.62833333333333,,13.895833333333334,47.208333333333336,67.99833333333333,30.486666666666668,,0.395,33.854166666666664,32.2
2017-01-12,10.059583333333334,35.40083333333333,,14.041666666666666,45.46,76.53416666666666,29.037916666666664,,0.3841666666666667,28.958333333333332,21.2
2017-01-13,13.2025,38.3175,,15.0,51.51708333333334,83.69333333333333,27.754166666666666,,0.4579166666666667,28.5,2.2
2017-01-14,7.2441666666666675,29.109583333333333,,13.708333333333334,36.35375,67.48416666666667,30.485416666666666,,0.4575,29.104166666666668,0.0
2017-01-15,3.610416666666667,27.08666666666667,,17.375,30.69666666666667,63.916666666666664,31.574166666666667,,0.3958333333333333,33.583333333333336,0.0
2017-01-16,10.495416666666666,33.182916666666664,,13.791666666666666,43.67583333333334,60.39208333333334,32.23458333333333,,0.42416666666666664,32.041666666666664,6.2
2017-01-17,11.265,29.769166666666667,,11.145833333333334,41.03125,47.5825,33.60333333333333,,0.3070833333333333,24.333333333333332,0.0
2017-01-18,8.500416666666666,25.707916666666666,,12.729166666666666,34.20708333333334,45.163333333333334,34.40333333333333,,0.3125,28.083333333333332,0.0
2017-01-19,5.679583333333333,25.997083333333336,,12.291666666666666,31.674583333333334,73.88666666666667,29.700416666666666,,0.36041666666666666,27.395833333333332,35.400000000000006
2017-01-20,7.665833333333333,29.004583333333333,,15.1875,36.66916666666666,76.03875000000001,28.844166666666666,,0.38625,29.479166666666668,0.2
2017-01-21,7.615416666666667,32.163333333333334,,16.916666666666668,39.777499999999996,72.27958333333333,29.297083333333333,,0.43916666666666665,35.958333333333336,7.199999999999999
2017-01-22,5.754166666666666,25.660416666666666,,17.416666666666668,31.41541666666667,71.02,30.112916666666667,,0.36041666666666666,32.916666666666664,11.2
2017-01-23,9.795833333333333,32.22541666666667,,17.083333333333332,42.02291666666667,67.97666666666667,30.813333333333333,,0.37375,33.458333333333336,1.8
2017-01-24,9.120833333333334,33.40708333333333,,16.357142857142858,42.52791666666667,64.98458333333333,31.717083333333335,,0.36625,35.125,3.6
2017-01-25,15.645416666666668,34.680416666666666,,14.6875,50.326249999999995,57.94416666666667,32.90916666666667,,0.4483333333333333,33.6875,0.2
2017-01-26,16.705833333333334,28.429166666666664,,17.4375,45.13458333333333,57.93375,33.120416666666664,,0.4083333333333334,34.4375,1.8
2017-01-27,6.694583333333334,27.726249999999997,,20.5625,34.42125,62.09125,32.93833333333333,,0.44166666666666665,40.0,0.0
2017-01-28,2.8475,19.398333333333333,,17.916666666666668,22.245,59.45083333333333,33.09583333333333,,0.3454166666666667,,0.0
2017-01-29,2.044166666666667,11.707500000000001,,11.941176470588236,13.750833333333333,58.893750000000004,31.896666666666665,,0.4075,12.833333333333334,0.0
2017-01-30,6.171111111111111,20.551111111111112,,9.25,26.734444444444446,58.62895833333334,31.680625000000003,,0.1679166666666667,9.4,0.0
2017-01-31,9.607083333333334,25.468125,,13.625,35.075625,60.048750000000005,31.138333333333335,,0.2704166666666667,,0.4
2017-02-01,7.805833333333333,38.26333333333333,,18.375,46.068333333333335,57.544999999999995,31.465833333333332,,0.29750000000000004,,0.0
2017-02-02,13.778333333333334,39.05625,,19.125,52.83083333333334,63.80458333333333,30.794583333333332,,0.30541666666666667,,12.2
2017-02-03,11.487916666666665,42.79583333333333,,13.0,54.28458333333333,61.54291666666666,31.394583333333333,38.81357142857143,0.4079166666666667,24.46153846153846,0.2
2017-02-04,9.079166666666667,45.00875,,14.833333333333334,54.086666666666666,57.106249999999996,31.89625,54.54291666666666,0.42250000000000004,23.604166666666668,0.0
2017-02-05,7.689583333333332,35.03625,,13.916666666666666,42.72541666666667,61.203333333333326,31.520416666666666,64.18052631578948,0.37125,20.895833333333332,0.4
2017-02-06,11.6875,40.209583333333335,,11.705882352941176,51.89541666666667,50.70166666666666,33.37583333333333,53.25681818181818,0.38375000000000004,22.583333333333332,0.0
2017-02-07,9.885,31.61520833333333,,15.285714285714286,41.495416666666664,59.627916666666664,31.616666666666664,,0.3275,22.166666666666668,0.0
2017-02-08,6.430625,24.965833333333332,,12.333333333333334,31.408749999999998,63.98416666666666,30.18541666666667,,0.23583333333333334,25.333333333333332,0.2
2017-02-09,13.917083333333332,25.925416666666667,,5.333333333333333,39.843333333333334,60.01166666666666,29.45875,,0.30583333333333335,18.083333333333332,0.0
2017-02-10,7.301666666666667,22.693541666666665,,4.5,29.992083333333337,62.937083333333334,30.550416666666667,,0.3841666666666667,17.625,0.0
2017-02-11,4.435416666666667,21.089583333333334,,9.076923076923077,25.526666666666667,57.99583333333334,32.468333333333334,,0.3145833333333333,20.958333333333332,0.0
2017-02-12,3.4899999999999998,16.147916666666667,,3.6363636363636362,19.6275,51.67791666666667,33.197916666666664,,0.2275,14.458333333333334,0.0
2017-02-13,6.65875,23.2,,,29.858333333333334,47.38833333333333,32.891666666666666,,0.34708333333333335,15.958333333333334,0.0
2017-02-14,4.198333333333333,21.057083333333335,,10.0,25.254583333333333,50.221666666666664,32.766666666666666,,0.36625,18.458333333333332,0.0
2017-02-15,5.6675,26.032916666666665,,,31.698333333333334,52.083333333333336,32.964166666666664,,0.3183333333333333,19.125,0.0
2017-02-16,7.763333333333333,34.235,14.696666666666667,,41.99791666666667,52.62875,32.59166666666667,,0.3133333333333333,24.166666666666668,0.0
2017-02-17,6.234583333333333,28.935833333333335,8.716666666666667,,35.16458333333333,53.78229166666666,33.18958333333333,,0.2972916666666667,28.5625,0.0
2017-02-18,6.3500000000000005,32.67625,9.992083333333333,,39.032916666666665,52.692499999999995,33.53625,,0.40375,27.875,0.0
2017-02-19,4.945,30.654166666666665,8.026875,,35.59916666666667,52.04125,33.26791666666667,,0.33875000000000005,31.458333333333332,0.0
2017-02-20,5.564791666666667,32.604166666666664,9.329583333333334,,38.169583333333335,52.3425,33.099583333333335,,0.35916666666666663,38.958333333333336,0.0
2017-02-21,6.0575,22.46166666666667,8.183333333333334,,28.508333333333336,55.30125,31.836250000000003,,0.23583333333333334,17.791666666666668,0.0
2017-02-22,9.43409090909091,26.566363636363636,,,36.429545454545455,66.78727272727272,29.072727272727274,,0.20800000000000002,15.272727272727273,0.0
2017-02-23,4.7716666666666665,46.31833333333333,,,51.098333333333336,41.6225,34.47,,0.33875,49.2,0.0
2017-02-24,15.708333333333334,44.374583333333334,,,60.07375,52.64291666666667,32.625416666666666,,0.49625,38.583333333333336,0.0
2017-02-25,5.4725,50.53583333333333,,,56.013749999999995,58.27708333333334,29.427083333333332,,0.38958333333333334,29.541666666666668,0.0
2017-02-26,3.219791666666666,46.24333333333333,,,49.46395833333333,66.97541666666667,28.9525,,0.405,36.541666666666664,1.4000000000000001
2017-02-27,5.363958333333334,43.82208333333333,,,49.18666666666667,66.30729166666667,30.015,,0.42375,31.583333333333332,0.2
2017-02-28,3.032083333333333,35.63520833333333,,,38.66833333333333,57.81458333333333,31.54125,,0.37875,30.416666666666668,0.0
2017-03-01,10.550833333333333,48.22708333333333,,,58.763749999999995,50.668749999999996,33.75,,0.42,23.541666666666668,0.0
2017-03-02,8.930416666666666,46.474583333333335,,,55.408125000000005,58.687083333333334,31.842083333333335,,0.305,26.625,0.6000000000000001
2017-03-03,13.794166666666667,51.9725,,,65.76291666666667,61.60541666666666,31.82541666666667,,0.43875,30.375,0.0
2017-03-04,4.3999999999999995,47.727916666666665,,,52.12854166666667,51.510625,33.83770833333333,,0.39520833333333333,28.375,0.0
2017-03-05,3.9647916666666667,33.259791666666665,,,37.22958333333333,54.9575,33.02,,0.36375,19.208333333333332,0.4
2017-03-06,12.1175,45.010416666666664,,,57.1325,71.66333333333334,29.847083333333334,,0.3829166666666666,18.041666666666668,15.600000000000001
2017-03-07,14.512500000000001,50.919999999999995,,,65.43333333333334,74.98541666666667,29.858333333333334,,0.49374999999999997,22.208333333333332,1.0
2017-03-08,13.554583333333333,31.897499999999997,,,45.456250000000004,75.09291666666667,29.383333333333336,,0.24916666666666668,16.541666666666668,4.6000000000000005
2017-03-09,4.52375,27.247500000000002,,7.363636363636363,31.765416666666667,62.98666666666667,31.542083333333334,36.305454545454545,0.28833333333333333,15.166666666666666,0.0
2017-03-10,12.745,46.20791666666667,,10.895833333333334,58.94916666666666,53.62916666666666,33.637499999999996,32.962916666666665,0.43124999999999997,28.708333333333332,0.0
2017-03-11,11.4275,45.36375,,19.944444444444443,56.79416666666666,56.56583333333333,32.765,31.207916666666666,0.4633333333333333,37.5,0.0
2017-03-12,6.015,40.8125,,26.333333333333332,46.82333333333333,53.062083333333334,33.35333333333333,37.882083333333334,0.37125,35.583333333333336,0.0
2017-03-13,9.395,34.475833333333334,,13.235294117647058,43.86916666666667,59.34708333333333,31.03708333333333,30.191666666666666,0.2808333333333333,26.333333333333332,0.0
2017-03-14,5.942708333333333,33.054375,,5.363636363636363,38.991875,71.77208333333333,29.49229166666667,25.784791666666667,0.3122916666666667,15.875,4.4
2017-03-15,7.927916666666667,36.97,,13.416666666666666,44.893750000000004,66.62583333333333,30.389583333333334,26.10875,0.3070833333333333,26.541666666666668,0.0
2017-03-16,6.737708333333334,34.012499999999996,,6.916666666666667,40.75395833333334,54.19166666666667,32.14875,26.870833333333334,0.3116666666666667,19.208333333333332,0.0
2017-03-17,12.373333333333333,37.952083333333334,,13.8,50.314375000000005,60.37416666666667,31.61791666666667,28.052083333333332,0.40291666666666665,30.625,0.0
2017-03-18,5.81625,31.270416666666666,,,37.06916666666667,79.53125,26.920833333333334,30.690416666666664,0.31875000000000003,15.208333333333334,9.0
2017-03-19,8.41625,31.436666666666667,,,39.85208333333333,89.41333333333334,23.968333333333334,15.397916666666667,0.3229166666666667,11.0,12.8
2017-03-20,25.787,42.37,,,68.159,56.785000000000004,27.119999999999997,,,18.5,0.0
2017-03-21,29.16208333333333,40.920833333333334,,,70.08333333333333,67.99083333333333,26.329166666666666,18.927692307692308,,26.375,0.0
2017-03-22,13.174583333333333,34.4575,,,47.631875,64.80708333333332,27.825,18.755416666666665,,15.333333333333334,1.4
2017-03-23,19.35625,36.73,,,56.050000000000004,60.6575,27.800416666666667,20.58458333333333,,26.125,0.0
2017-03-24,11.848125000000001,38.17854166666667,,,50.026666666666664,53.73458333333334,29.30458333333333,33.72291666666667,,24.458333333333332,0.0
2017-03-25,14.107916666666666,42.19416666666667,,,56.3025,62.18083333333333,28.912916666666664,34.09083333333333,,34.583333333333336,0.0
2017-03-26,6.732916666666667,30.044166666666666,,,36.77625,64.27041666666666,28.215416666666666,30.770833333333332,,22.041666666666668,0.0
2017-03-27,15.337499999999999,34.345,,,49.69208333333333,66.92208333333333,27.69875,17.419999999999998,0.434,19.583333333333332,0.0
2017-03-28,28.274583333333336,39.20583333333333,,,67.48125,82.12208333333334,25.806250000000002,10.254166666666666,0.18125,18.708333333333332,26.2
2017-03-29,42.975833333333334,37.03958333333333,,,80.02166666666666,72.41791666666667,25.910833333333333,14.567916666666667,0.20291666666666666,22.083333333333332,0.6000000000000001
2017-03-30,20.0025,36.945,,,56.93125,69.70041666666667,26.074166666666667,19.45375,0.23083333333333333,18.375,4.0
2017-03-31,22.788749999999997,39.464166666666664,,,62.250416666666666,68.60458333333334,25.214166666666667,14.981250000000001,0.2758333333333333,14.458333333333334,1.0
2017-04-01,16.771666666666665,33.22708333333333,,,49.99375,70.60791666666667,25.72125,18.993750000000002,0.25625000000000003,17.541666666666668,9.6
2017-04-02,12.26625,31.567916666666665,,,43.82916666666667,76.60291666666667,25.073333333333334,24.815833333333334,0.33041666666666664,13.083333333333334,6.800000000000001
2017-04-03,29.65125,40.43,,,70.08666666666666,64.4825,27.645416666666666,20.620416666666667,0.4395833333333334,26.541666666666668,0.0
2017-04-04,21.057916666666667,36.62625,,7.4,57.68458333333333,59.23875,29.192916666666665,35.569583333333334,0.5575,27.833333333333332,0.0
2017-04-05,12.44,52.028124999999996,,11.833333333333334,64.46979166666667,56.404583333333335,31.014166666666668,34.88333333333333,0.7029166666666667,32.416666666666664,0.0
2017-04-06,31.227500000000003,51.60666666666666,,17.083333333333332,82.83125,57.42333333333334,31.28375,28.813333333333333,0.5739583333333333,43.42857142857143,0.0
2017-04-07,12.404583333333335,58.619166666666665,,15.181818181818182,71.02458333333333,70.645,29.249166666666667,24.6225,0.5225000000000001,35.0,1.7999999999999998
2017-04-08,13.689166666666667,43.585,,10.857142857142858,57.27458333333333,83.68916666666667,27.993750000000002,19.863333333333333,0.6024999999999999,22.666666666666668,11.0
2017-04-09,6.55375,34.876666666666665,,9.708333333333334,41.42916666666667,72.25083333333333,29.494583333333335,26.6775,0.44249999999999995,24.125,0.0
2017-04-10,13.745624999999999,37.599583333333335,,16.395833333333332,51.34479166666667,68.71145833333334,29.874791666666667,23.521041666666665,0.470625,33.270833333333336,0.0
2017-04-11,5.870416666666666,31.114583333333332,,7.458333333333333,36.98416666666667,63.717083333333335,30.538749999999997,22.224999999999998,0.28125,21.125,0.0
2017-04-12,14.917291666666666,43.46520833333333,,13.916666666666666,58.38104166666667,80.32375,27.031875,13.306875,0.35354166666666664,32.875,22.399999999999995
2017-04-13,23.662916666666664,46.385,,7.125,70.04625,90.78750000000001,23.618333333333336,7.370833333333334,0.4116666666666667,14.666666666666666,17.599999999999998
2017-04-14,15.262500000000001,31.432083333333335,,9.791666666666666,46.69416666666667,70.87791666666666,26.794583333333335,18.89,0.3779166666666667,21.208333333333332,0.0
2017-04-15,9.365416666666667,26.00708333333333,,7.479166666666667,35.37,63.01333333333333,28.554166666666664,29.562916666666666,0.5058333333333334,15.208333333333334,0.0
2017-04-16,6.667083333333333,38.11333333333334,,10.979166666666666,44.78041666666667,59.895,29.45875,31.663749999999997,0.41083333333333333,23.916666666666668,0.0
2017-04-17,12.441666666666668,37.479166666666664,,13.25,49.92083333333333,73.38666666666667,27.377916666666668,25.91875,0.23124999999999998,28.291666666666668,2.8000000000000003
2017-04-18,14.003749999999998,34.364583333333336,,6.708333333333333,48.364374999999995,68.68541666666667,25.62375,20.64375,0.3154166666666667,21.125,1.8
2017-04-19,11.79625,34.742916666666666,,10.25,46.53958333333333,62.6475,26.286666666666665,26.247083333333336,0.2525,21.041666666666668,0.0
2017-04-20,5.822708333333334,28.750833333333333,,7.25,34.57270833333333,59.0025,27.205416666666665,32.01708333333333,0.21375,18.375,0.0
2017-04-21,10.002083333333333,40.59708333333334,,12.208333333333334,50.595416666666665,53.06583333333333,29.166666666666668,28.22583333333333,0.36333333333333334,25.791666666666668,0.0
2017-04-22,14.8275,44.565,,12.666666666666666,59.39541666666667,76.49958333333333,25.55333333333333,18.183333333333334,0.3975,25.416666666666668,2.2
2017-04-23,11.81875,35.43,,7.291666666666667,47.24791666666667,90.77499999999999,23.382500000000004,14.947916666666666,0.3429166666666667,13.604166666666666,22.6
2017-04-24,7.288333333333334,33.40541666666667,,8.4375,40.65645833333333,71.72458333333334,25.631249999999998,22.42375,0.09458333333333334,22.833333333333332,0.2
2017-04-25,24.846666666666668,43.348333333333336,,10.208333333333334,68.19458333333334,63.33083333333334,27.490416666666665,24.220416666666665,0.21583333333333332,26.625,0.0
2017-04-26,28.3725,44.08958333333334,,12.208333333333334,72.46041666666666,64.95416666666667,28.995,13.83375,0.5533333333333333,29.333333333333332,0.8
2017-04-27,21.797083333333333,42.35458333333333,,9.041666666666666,64.15208333333334,76.63333333333334,25.993750000000002,10.585833333333333,0.36000000000000004,20.125,5.6000000000000005
2017-04-28,16.25052631578947,37.38815789473684,,8.229166666666666,53.639210526315786,87.80916666666667,21.859583333333333,17.710208333333334,0.4170833333333333,17.645833333333332,11.200000000000001
2017-04-29,11.741666666666667,46.181666666666665,,10.395833333333334,57.92083333333333,79.63166666666667,22.659166666666664,14.217500000000001,0.5083333333333333,21.1875,1.0
2017-04-30,10.174583333333333,36.821666666666665,,8.583333333333334,46.99375,73.595,24.300416666666667,17.389583333333334,0.31958333333333333,19.5,1.2
2017-05-01,21.12875,29.713333333333335,,7.791666666666667,50.842083333333335,61.915,25.8025,27.224166666666665,0.43375,17.541666666666668,0.0
2017-05-02,17.324166666666667,39.48458333333333,,7.895833333333333,56.812083333333334,66.21333333333334,24.579166666666666,16.520833333333332,0.30541666666666667,24.041666666666668,0.0
2017-05-03,28.295,52.755,,23.5,81.05,65.6878947368421,25.712105263157895,17.25842105263158,0.44375,46.27777777777778,0.0
2017-05-04,11.02,57.37642857142857,,36.476190476190474,68.39714285714287,63.38125,27.039583333333336,27.600833333333338,0.44400000000000006,68.45833333333333,0.0
2017-05-05,27.052083333333332,53.588750000000005,,23.333333333333332,80.64375,72.52458333333333,26.015416666666667,7.712083333333333,0.6404166666666667,43.041666666666664,0.0
2017-05-06,29.883750000000003,47.47083333333333,,21.09090909090909,77.35083333333334,69.5775,25.340416666666666,17.929166666666667,0.5966666666666667,28.875,1.2
2017-05-07,15.755416666666667,41.09291666666667,,16.458333333333332,56.8475,71.12208333333334,25.194166666666664,21.457083333333333,0.3754166666666667,27.125,0.2
2017-05-08,20.581666666666667,44.33291666666667,,11.333333333333334,64.915,66.76083333333334,26.670416666666668,22.2225,0.39125000000000004,28.416666666666668,0.0
2017-05-09,23.292916666666667,57.81,,20.916666666666668,81.10291666666667,67.48541666666667,27.15375,32.86666666666667,0.5435416666666667,41.5,0.0
2017-05-10,20.336666666666666,53.39666666666667,,23.395833333333332,73.74291666666666,66.92083333333333,26.48375,29.961249999999996,0.34708333333333335,46.041666666666664,0.4
2017-05-11,28.145,44.94229166666667,,15.4375,73.08083333333333,73.395625,24.093125,15.725416666666668,0.29291666666666666,29.041666666666668,7.6
2017-05-12,18.207916666666666,41.25333333333334,,15.0,59.45333333333334,61.905,24.577916666666667,27.07166666666667,0.34125,33.041666666666664,0.0
2017-05-13,41.96083333333333,60.73458333333334,,23.541666666666668,102.69375000000001,61.14291666666667,26.07166666666667,26.45958333333333,0.69375,46.916666666666664,0.0
2017-05-14,46.404583333333335,44.593333333333334,,22.958333333333332,90.995,62.18208333333333,27.85166666666667,22.241666666666664,0.7525,43.416666666666664,0.0
2017-05-15,19.460625,39.509791666666665,,7.958333333333333,58.98354166666667,59.286875,26.241666666666664,23.22583333333333,0.24833333333333332,27.583333333333332,0.0
2017-05-16,18.55666666666667,37.91958333333333,,9.708333333333334,56.45875,65.3025,25.056250000000002,20.013333333333332,0.2970833333333333,26.833333333333332,0.0
2017-05-17,39.286875,36.619375,,21.166666666666668,75.90208333333332,65.76291666666667,24.30541666666667,22.343333333333334,0.3729166666666666,40.083333333333336,0.0
2017-05-18,6.628541666666667,28.716875,,6.75,35.346666666666664,64.25708333333334,24.131666666666664,33.615208333333335,0.04791666666666666,20.6875,0.4
2017-05-19,6.923541666666666,32.715624999999996,,5.125,39.637499999999996,87.21166666666666,21.13375,25.879166666666666,0.3225,8.958333333333334,22.4
2017-05-20,11.21125,31.510833333333334,,6.541666666666667,42.72125,79.92625,23.683333333333334,24.742500000000003,0.28458333333333335,13.125,0.0
2017-05-21,2.3154166666666667,19.394375,,3.6041666666666665,21.709374999999998,80.97333333333333,24.300833333333333,36.87416666666667,0.19458333333333333,6.770833333333333,0.0
2017-05-22,40.277499999999996,45.42208333333334,,9.166666666666666,85.69583333333333,86.76166666666667,23.478333333333335,10.804583333333333,0.62125,18.541666666666668,6.4
2017-05-23,38.008125,48.911875,,14.458333333333334,86.92083333333333,70.845,24.08,21.556250000000002,0.47375000000000006,37.75,0.0
2017-05-24,51.922083333333326,54.39791666666667,,23.666666666666668,106.32,71.59041666666667,24.907083333333333,18.019166666666667,0.4825,47.875,0.0
2017-05-25,14.834166666666667,44.71520833333333,,12.9375,59.546666666666674,70.66166666666666,26.821250000000003,24.559583333333332,0.32,26.25,0.0
2017-05-26,37.439166666666665,45.55375,,14.375,82.99291666666666,61.53041666666667,27.744583333333335,16.16625,0.5033333333333333,32.875,0.0
2017-05-27,62.318333333333335,49.96208333333333,0.10125,27.333333333333332,112.27625,69.02083333333333,26.676666666666666,30.659583333333334,0.7583333333333333,48.791666666666664,0.0
2017-05-28,7.565833333333333,54.69375,4.3999999999999995,38.104166666666664,62.26,76.6675,25.142916666666665,40.583333333333336,0.5875,50.875,0.0
2017-05-29,20.631875,74.85083333333334,4.95375,50.583333333333336,95.42708333333333,72.41125,26.034583333333334,34.114583333333336,0.6408333333333334,74.625,0.0
2017-05-30,33.94,58.80105263157895,0.14791666666666667,47.458333333333336,92.6878947368421,79.24083333333333,24.2225,21.720416666666665,0.6141666666666666,68.45833333333333,0.0
2017-05-31,30.568749999999998,72.01041666666667,6.632291666666667,41.166666666666664,102.57916666666667,71.93791666666667,25.398750000000003,21.568749999999998,0.5845833333333333,54.916666666666664,0.0
2017-06-01,36.32,69.93958333333333,7.686041666666667,31.625,106.255625,64.03875000000001,27.307916666666667,37.705416666666665,0.6774999999999999,58.75,0.0
2017-06-02,21.373333333333335,48.64416666666667,0.22208333333333333,12.375,70.015,58.709583333333335,24.758750000000003,30.197083333333335,0.36000000000000004,33.75,0.0
2017-06-03,17.549166666666668,39.358333333333334,1.71125,12.125,56.90833333333333,66.66291666666666,24.495416666666667,36.30166666666667,0.3070833333333333,29.645833333333332,0.0
2017-06-04,23.706875,54.931875,15.9625,21.25,78.63708333333334,65.98041666666667,26.26875,43.43666666666667,0.6133333333333334,39.083333333333336,0.0
2017-06-05,60.14833333333333,66.07625,3.4370833333333333,24.5,126.22458333333333,68.29333333333334,26.77916666666667,15.757916666666667,0.6754166666666667,63.291666666666664,0.0
2017-06-06,66.65041666666666,70.01208333333334,3.9664583333333336,51.714285714285715,136.66041666666666,71.80541666666666,26.548333333333332,9.067083333333334,0.8266666666666667,74.5,0.0
2017-06-07,59.69625,93.85208333333333,7.408333333333334,61.666666666666664,153.54583333333332,67.95208333333333,28.315416666666668,51.71041666666667,0.9225,93.91666666666667,0.0
2017-06-08,61.3675,86.90333333333332,9.325416666666667,55.708333333333336,148.27375,54.17875,30.176666666666666,26.081666666666667,0.8004166666666667,80.16666666666667,0.0
2017-06-09,60.50791666666667,54.239583333333336,0.3525,18.625,114.74458333333332,61.01541666666666,27.599999999999998,32.464999999999996,0.47583333333333333,49.166666666666664,7.0
2017-06-10,23.685000000000002,35.76229166666666,0.20166666666666666,11.833333333333334,59.44125,59.64125000000001,21.66125,37.6975,0.33958333333333335,28.625,0.0
2017-06-11,38.1925,50.760416666666664,2.481875,38.708333333333336,88.955,67.40458333333333,21.80125,32.306666666666665,0.5158333333333333,59.791666666666664,0.0
2017-06-12,65.75958333333334,77.80916666666667,7.375625,51.666666666666664,143.565,72.69083333333333,23.644166666666667,21.744583333333335,0.84,76.66666666666667,0.0
2017-06-13,26.56375,63.48208333333333,2.274375,35.666666666666664,90.04333333333334,79.52833333333334,23.739166666666666,27.037916666666664,0.44416666666666665,50.541666666666664,22.6
2017-06-14,38.56166666666667,59.62166666666667,0.863125,22.208333333333332,98.18791666666668,88.79833333333333,22.825833333333332,16.512916666666666,0.5679166666666667,33.333333333333336,7.6
2017-06-15,8.845833333333333,40.052083333333336,0.05583333333333334,17.5625,48.9,77.705,24.24083333333333,33.32375,0.19499999999999998,27.041666666666668,3.6
2017-06-16,26.934166666666666,46.95166666666666,1.5004166666666665,11.875,73.88833333333334,74.40333333333334,24.672083333333333,22.200833333333332,0.4454166666666666,24.25,0.0
2017-06-17,26.750625,58.94354166666667,0.333125,22.166666666666668,85.69312500000001,72.49791666666667,25.432916666666667,25.949791666666666,0.53875,33.3125,0.0
2017-06-18,57.755833333333335,56.56625,2.8522916666666664,30.25,114.32625,60.74625,26.579166666666666,27.235,0.7291666666666666,43.916666666666664,0.0
2017-06-19,28.1925,57.07,2.47625,18.875,85.25916666666667,58.17083333333333,27.23375,32.362500000000004,0.33041666666666664,37.916666666666664,0.0
2017-06-20,12.203333333333333,49.00083333333333,3.2256250000000004,12.625,61.199999999999996,83.71708333333333,24.08,40.19416666666667,0.3104166666666667,24.625,15.6
2017-06-21,22.0175,52.050000000000004,5.147291666666667,9.270833333333334,74.06833333333334,90.47541666666666,21.9825,29.816666666666666,0.4320833333333334,15.333333333333334,12.4
2017-06-22,21.197916666666668,44.76541666666666,5.541666666666667,11.708333333333334,65.96583333333334,81.06041666666667,24.002499999999998,26.63416666666667,0.32666666666666666,21.625,0.0
2017-06-23,27.317916666666665,49.475625,6.402916666666666,9.5,76.79416666666667,81.45125,23.74625,19.785416666666666,0.3958333333333333,20.770833333333332,0.0
2017-06-24,29.61,40.160833333333336,4.241458333333333,12.833333333333334,69.7725,78.87625,24.08125,26.545416666666668,0.4875,22.375,0.0
2017-06-25,11.522916666666667,33.928333333333335,6.74625,9.916666666666666,45.44958333333333,68.19791666666667,23.922916666666666,43.634166666666665,0.29791666666666666,18.541666666666668,0.0
2017-06-26,51.946666666666665,46.47333333333333,3.4604166666666667,23.208333333333332,98.42125,72.64083333333333,23.344166666666666,25.092916666666667,0.5216666666666666,40.916666666666664,0.0
2017-06-27,21.475416666666664,47.04750000000001,6.2820833333333335,11.25,68.52333333333333,70.885,24.0775,32.8225,0.27416666666666667,25.916666666666668,0.0
2017-06-28,51.032916666666665,61.63166666666667,10.925416666666665,26.583333333333332,112.66375,69.62833333333333,25.357083333333335,32.82458333333333,0.6441666666666667,53.208333333333336,0.0
2017-06-29,54.05857142857143,65.135,20.894166666666667,43.75,119.20714285714284,66.03,25.122500000000002,26.171041666666667,0.7929166666666667,69.20833333333333,0.0
2017-06-30,90.93933333333334,92.492,8.908421052631578,61.833333333333336,123.276,54.120000000000005,25.74208333333333,26.159166666666668,1.2695833333333333,104.875,0.0
2017-07-01,32.95166666666667,47.588750000000005,2.513541666666667,25.958333333333332,80.54708333333333,69.72333333333333,23.652083333333334,40.352916666666665,0.3179166666666667,51.333333333333336,2.2
2017-07-02,13.482083333333334,37.78041666666667,1.3564583333333333,6.125,51.27666666666667,89.40583333333332,20.037916666666664,41.34916666666667,0.22083333333333333,16.125,17.599999999999998
2017-07-03,31.323333333333334,49.89875,5.587291666666666,8.958333333333334,81.2175,79.31333333333333,19.597916666666666,29.309166666666666,0.3145833333333333,19.208333333333332,0.8
2017-07-04,24.571250000000003,40.160000000000004,1.6275000000000002,7.208333333333333,64.73,72.14041666666667,20.660833333333333,36.105,0.24166666666666667,20.583333333333332,0.0
2017-07-05,16.217083333333335,44.10375,9.075833333333334,8.916666666666666,60.321666666666665,69.98083333333334,22.18625,41.555,0.27208333333333334,21.666666666666668,0.2
2017-07-06,53.100833333333334,43.815,6.103541666666666,15.75,96.91416666666667,71.37708333333333,22.850416666666664,41.38166666666667,0.4970833333333333,31.541666666666668,0.0
2017-07-07,6.166250000000001,33.76375,9.72125,3.8333333333333335,39.96541666666666,67.55499999999999,23.6525,50.513749999999995,0.18041666666666667,13.541666666666666,0.0
2017-07-08,33.80625,37.284375000000004,2.9702083333333333,15.125,71.08770833333334,69.68416666666667,23.347083333333334,48.41958333333333,0.4658333333333333,30.333333333333332,0.0
2017-07-09,21.080000000000002,32.425000000000004,8.652083333333334,14.041666666666666,53.50229166666667,70.1525,23.700833333333335,56.50333333333333,0.3645833333333333,26.708333333333332,0.0
2017-07-10,23.507499999999997,41.981249999999996,9.664583333333333,10.875,65.4875,67.75541666666666,24.867500000000003,39.293749999999996,0.3475,26.583333333333332,0.0
2017-07-11,35.405833333333334,61.36000000000001,43.174375,35.25,96.76375,73.67166666666667,24.367500000000003,34.16625,0.5266666666666667,55.083333333333336,0.0
2017-07-12,27.01125,54.52916666666667,10.572083333333333,34.583333333333336,81.54083333333334,77.42791666666666,23.683333333333334,44.69916666666666,0.43375,55.125,0.0
2017-07-13,5.848958333333333,38.76833333333334,8.732083333333334,15.875,44.617916666666666,70.45208333333333,24.981666666666666,51.52791666666667,0.2558333333333333,33.708333333333336,0.0
2017-07-14,13.378333333333332,38.228125,7.434166666666666,11.708333333333334,51.609375,68.57083333333334,24.660833333333333,47.275,0.26166666666666666,27.0,0.0
2017-07-15,8.871666666666668,38.357083333333335,4.3625,9.625,47.22541666666667,61.43208333333333,25.092916666666667,42.535833333333336,0.36125,23.666666666666668,0.0
2017-07-16,20.007083333333334,41.060833333333335,,12.541666666666666,61.04458333333333,58.206250000000004,25.758333333333336,35.32333333333333,0.39666666666666667,28.0,0.0
2017-07-17,49.221666666666664,53.9725,0.17521739130434782,21.666666666666668,103.19708333333334,57.532916666666665,26.515416666666667,41.03416666666667,0.5570833333333333,46.791666666666664,0.0
2017-07-18,18.710416666666667,42.33291666666667,1.3335416666666668,10.458333333333334,61.02375,82.31416666666667,21.000833333333333,39.944583333333334,0.27125,34.0,1.0
2017-07-19,26.840416666666666,47.836666666666666,2.261578947368421,7.638888888888889,74.65625,93.63375,18.574583333333333,29.518333333333334,0.3941666666666667,25.333333333333332,2.0
2017-07-20,36.05291666666667,47.7925,3.3233333333333333,8.846153846153847,83.845,75.93124999999999,22.472083333333334,31.318749999999998,0.43124999999999997,37.708333333333336,0.2
2017-07-21,64.20291666666667,67.84916666666668,0.4747826086956522,31.5,132.054375,66.57208333333334,24.7975,41.2875,0.7458333333333332,57.333333333333336,0.0
2017-07-22,10.805208333333333,51.2225,0.005416666666666667,24.875,62.02729166666666,76.25266666666667,23.243333333333332,58.669999999999995,0.3429166666666667,46.208333333333336,0.0
2017-07-23,19.432083333333335,49.10666666666666,0.61125,40.791666666666664,68.53958333333334,61.541111111111114,25.61,62.00375,0.5275,59.958333333333336,0.0
2017-07-24,14.727083333333333,48.00229166666667,2.892291666666667,14.979166666666666,62.726875,68.4575,24.82625,20.820555555555554,0.3077083333333333,33.625,0.0
2017-07-25,41.715,48.4925,3.7060416666666662,15.333333333333334,90.20361111111112,64.00333333333334,25.967916666666667,22.524583333333336,0.41125000000000006,32.125,0.0
2017-07-26,22.064999999999998,42.45666666666667,0.0,14.375,64.52166666666666,60.060833333333335,25.409583333333334,21.926666666666666,0.32541666666666663,35.208333333333336,0.0
2017-07-27,14.981458333333334,32.32458333333333,,11.458333333333334,47.30770833333333,57.28125,24.27541666666667,32.388333333333335,0.22916666666666666,28.5,0.0
2017-07-28,31.06895833333333,36.92041666666667,,17.75,68.01270833333334,62.1025,23.85625,28.145833333333332,0.3441666666666667,36.791666666666664,0.0
2017-07-29,4.0581249999999995,20.057083333333335,,9.208333333333334,24.109791666666666,65.2075,24.31458333333333,42.37375,0.17833333333333334,29.291666666666668,0.0
2017-07-30,3.6816666666666666,20.797083333333333,,11.0,24.479791666666667,59.877916666666664,24.37708333333333,44.44958333333333,0.19041666666666668,26.625,0.0
2017-07-31,18.929166666666667,41.475833333333334,,12.458333333333334,60.40375,59.190416666666664,24.31375,26.47458333333333,0.30375,30.291666666666668,0.0
2017-08-01,37.97875,46.40208333333334,,23.083333333333332,84.38000000000001,54.779583333333335,24.595416666666665,25.599999999999998,0.3875,44.958333333333336,0.0
2017-08-02,53.657916666666665,53.24583333333334,,25.958333333333332,106.90458333333333,49.91166666666667,25.543333333333333,23.088333333333335,0.5704166666666667,55.208333333333336,0.0
2017-08-03,41.66625,48.895833333333336,,21.708333333333332,90.54875,53.37166666666667,26.629166666666666,26.836250000000003,0.4666666666666666,55.958333333333336,2.2
2017-08-04,12.375416666666666,37.31791666666667,,13.708333333333334,49.70374999999999,69.30291666666666,22.64916666666667,36.50875,0.26916666666666667,34.833333333333336,0.0
2017-08-05,18.008823529411764,31.314117647058826,,11.777777777777779,49.32470588235294,62.38166666666666,22.732222222222223,38.80611111111111,0.5266666666666667,28.22222222222222,0.2
2017-08-06,27.941666666666666,31.888333333333335,,21.708333333333332,59.82874999999999,65.76208333333334,21.46375,34.724583333333335,0.37437499999999996,40.625,0.0
2017-08-07,32.57875,41.98041666666666,,15.229166666666666,74.55583333333334,61.64166666666667,23.02333333333333,30.464583333333334,0.39291666666666664,32.416666666666664,0.0
2017-08-08,79.84041666666667,66.66291666666667,,28.916666666666668,146.50666666666666,58.14416666666667,25.8325,26.462500000000002,0.8458333333333333,56.041666666666664,0.0
2017-08-09,66.15708333333333,59.08083333333334,,38.666666666666664,125.23791666666666,51.779583333333335,28.375833333333333,39.84625,0.4395833333333334,79.75,0.0
2017-08-10,11.0903125,37.0559375,,16.5,48.145625,72.56958333333334,23.3625,35.32208333333333,0.32083333333333336,42.375,0.0
2017-08-11,9.029333333333334,29.430666666666664,,8.588235294117647,38.50066666666667,67.01625,22.509375,32.86375,0.2575,22.58823529411765,0.0
2017-08-12,4.120833333333333,19.706666666666667,,7.666666666666667,23.82625,59.41166666666666,23.37291666666667,43.690416666666664,0.21791666666666668,23.5,0.0
2017-08-13,3.1447916666666664,21.420208333333335,,14.25,24.564999999999998,60.93875,24.352083333333336,47.24125,0.2841666666666667,31.166666666666668,0.0
2017-08-14,24.418333333333333,50.573125000000005,,22.375,75.00104166666667,62.85583333333333,25.897916666666664,28.5525,0.455,51.0,0.0
2017-08-15,18.978958333333335,43.81625,,15.541666666666666,62.791041666666665,76.80916666666667,22.997500000000002,21.842916666666667,0.40291666666666665,44.875,0.0
2017-08-16,33.757083333333334,53.315,,27.291666666666668,87.08916666666666,89.97416666666668,21.836250000000003,7.830416666666667,0.5491666666666667,45.041666666666664,11.4
2017-08-17,36.005,54.81,,19.125,90.81333333333333,94.84833333333334,21.523750000000003,6.050416666666667,0.6033333333333334,31.625,5.200000000000001
2017-08-18,29.15666666666667,48.434,,19.229166666666668,77.58933333333333,95.68291666666666,21.668333333333333,7.350833333333333,0.5408333333333334,27.791666666666668,3.6
2017-08-19,56.78666666666666,64.25533333333334,,38.416666666666664,121.038,87.87374999999999,23.8025,9.886249999999999,0.8470833333333333,49.875,0.6000000000000001
2017-08-20,47.45166666666666,46.71958333333333,,22.416666666666668,94.16916666666667,81.08291666666666,23.933333333333334,17.156666666666666,0.5829166666666666,39.416666666666664,8.6
2017-08-21,15.116041666666668,41.08229166666667,,7.25,56.20104166666667,95.05041666666666,19.403333333333332,25.275000000000002,0.3125,14.520833333333334,5.0
2017-08-22,8.434166666666666,32.51854166666667,,6.791666666666667,40.950625,75.84541666666667,20.7575,30.702916666666667,0.18999999999999997,19.145833333333332,1.2000000000000002
2017-08-23,4.723333333333334,23.894583333333333,,7.041666666666667,28.617500000000003,64.17791666666666,22.396666666666665,39.28791666666667,0.19499999999999998,22.958333333333332,0.0
2017-08-24,5.788333333333334,27.700416666666666,,9.333333333333334,33.48916666666667,61.32958333333334,23.384583333333335,36.82666666666667,0.24833333333333332,22.791666666666668,0.0
2017-08-25,12.52625,31.06625,,9.708333333333334,43.59833333333333,62.475,23.27541666666667,34.70166666666667,0.2504166666666667,24.916666666666668,0.0
2017-08-26,8.267083333333334,28.729166666666668,,11.958333333333334,36.99666666666666,60.59458333333333,24.16,40.03541666666667,0.26125000000000004,26.041666666666668,0.0
2017-08-27,7.2525,33.47833333333333,,18.5,40.73166666666666,59.61375,24.60875,39.73708333333334,0.3454166666666667,33.458333333333336,0.0
2017-08-28,21.476249999999997,49.24,,25.208333333333332,70.72041666666667,68.86458333333333,24.349999999999998,29.975416666666664,0.4270833333333333,48.541666666666664,0.0
2017-08-29,17.57357142857143,47.58642857142858,,44.375,64.99285714285715,72.96625,24.819166666666664,28.504166666666666,0.5660416666666667,75.45833333333333,0.0
2017-08-30,36.85565217391304,75.68217391304348,,33.25,112.53304347826088,59.437083333333334,28.417083333333334,32.021875,0.5808333333333333,72.66666666666667,0.0
2017-08-31,20.045416666666664,52.54583333333333,,31.958333333333332,72.59208333333333,78.63083333333334,23.507499999999997,33.27375,0.289375,70.16666666666667,0.6000000000000001
2017-09-01,7.372083333333333,25.313125,,7.083333333333333,32.68541666666667,70.22208333333333,23.08375,48.51291666666666,0.1225,25.125,2.8
2017-09-02,3.5564583333333335,16.958541666666665,,6.458333333333333,20.51625,55.78333333333333,24.368333333333336,59.6325,0.26666666666666666,22.25,0.0
2017-09-03,5.209166666666667,17.717916666666667,,6.375,22.923333333333332,55.96416666666667,24.49791666666667,52.17791666666667,0.19583333333333333,18.916666666666668,0.0
2017-09-04,12.93,36.60208333333333,,11.375,49.53333333333333,54.11666666666667,25.865,46.42083333333333,0.31333333333333335,29.75,0.0
2017-09-05,39.3525,51.9325,,15.458333333333334,91.28208333333333,48.51583333333334,27.602500000000003,32.404583333333335,0.39958333333333335,42.5,0.0
2017-09-06,23.937916666666666,48.535,,27.333333333333332,72.47,65.88333333333334,24.890833333333333,42.27041666666667,0.4041666666666666,61.208333333333336,0.0
2017-09-07,6.3620833333333335,39.96583333333333,,34.708333333333336,46.32916666666667,66.76833333333333,24.96375,59.880833333333335,0.3175,60.708333333333336,0.0
2017-09-08,7.9054166666666665,36.420208333333335,,22.083333333333332,44.32354166666667,64.15416666666667,26.529583333333335,51.31583333333333,0.30416666666666664,45.333333333333336,0.0
2017-09-09,5.747916666666666,29.033749999999998,,13.958333333333334,34.79125,56.963750000000005,27.640833333333333,52.552083333333336,0.25375,33.208333333333336,0.0
2017-09-10,3.7256250000000004,20.509375000000002,,12.833333333333334,24.24020833333333,58.00333333333333,28.190833333333334,48.945,0.25458333333333333,30.791666666666668,0.0
2017-09-11,6.802083333333333,31.924166666666668,,10.291666666666666,38.717083333333335,49.42916666666667,29.519166666666667,48.04625000000001,0.27666666666666667,30.833333333333332,0.0
2017-09-12,10.772083333333333,38.51708333333333,,15.875,49.282916666666665,45.9275,29.62291666666667,54.52458333333333,0.24458333333333335,42.666666666666664,0.0
2017-09-13,8.712083333333334,39.49,,18.458333333333332,48.20375000000001,56.36875,28.4425,50.28583333333333,0.27375,44.666666666666664,0.0
2017-09-14,13.541666666666666,48.850833333333334,,19.25,62.39291666666667,47.67166666666666,30.447916666666668,46.85708333333333,0.3283333333333333,45.125,0.0
2017-09-15,25.888333333333332,59.927083333333336,,26.458333333333332,85.81916666666666,43.937916666666666,31.560000000000002,47.32541666666666,0.43166666666666664,60.333333333333336,0.0
2017-09-16,5.800416666666667,37.503750000000004,,26.208333333333332,43.30375,60.94708333333333,27.144166666666667,64.56375,0.3133333333333333,62.833333333333336,0.0
2017-09-17,4.4035416666666665,24.63854166666667,,17.083333333333332,29.043333333333333,55.42125000000001,28.728333333333335,54.97083333333333,0.22208333333333333,40.375,0.0
2017-09-18,8.405208333333333,40.88583333333333,,27.125,49.29125,69.20708333333333,26.157916666666665,55.718333333333334,0.3695833333333333,57.083333333333336,0.0
2017-09-19,14.222916666666668,54.833333333333336,,36.708333333333336,69.06083333333333,67.45625,26.379166666666666,49.734583333333326,0.39666666666666667,69.83333333333333,0.0
2017-09-20,6.37875,35.62625,,27.625,42.00291666666667,57.560833333333335,28.006666666666664,51.10375,0.335,56.458333333333336,0.0
2017-09-21,6.470416666666666,32.549166666666665,,16.333333333333332,39.019375000000004,50.4775,28.457083333333333,51.33625,0.2808333333333333,39.833333333333336,0.0
2017-09-22,10.943125,41.76708333333333,,22.5,52.705625,49.203333333333326,28.883750000000003,51.015416666666674,0.34874999999999995,47.75,0.0
2017-09-23,15.469999999999999,43.969166666666666,,22.0,59.437083333333334,43.3425,29.810416666666665,55.69958333333333,0.4091666666666667,55.833333333333336,0.0
2017-09-24,2.4154166666666668,23.48,,26.875,25.89625,66.20208333333333,26.02,64.63875,0.32125,55.0,0.0
2017-09-25,7.778125,29.61708333333333,,19.583333333333332,37.393541666666664,62.82333333333333,26.356666666666666,46.29624999999999,0.22833333333333336,45.25,0.0
2017-09-26,6.427916666666667,27.963541666666668,,11.125,34.3925,56.19,27.224999999999998,42.245416666666664,0.2758333333333333,30.791666666666668,0.0
2017-09-27,9.870833333333334,51.764375,,18.25,61.635,51.062083333333334,29.37291666666667,38.3325,0.36333333333333334,48.25,0.0
2017-09-28,15.556666666666667,48.75,,30.916666666666668,64.30291666666666,61.71875,27.02625,38.9075,0.4141666666666666,69.54166666666667,0.0
2017-09-29,6.081041666666667,38.840624999999996,,16.125,44.92416666666667,66.60541666666667,25.7325,44.98916666666667,0.29833333333333334,41.958333333333336,0.0
2017-09-30,24.491041666666664,50.57041666666667,,23.125,75.06041666666667,91.43791666666668,24.27333333333333,22.708333333333332,0.6779166666666666,41.458333333333336,9.4
2017-10-01,9.143125,36.942083333333336,,12.9375,46.08041666666667,52.98208333333333,30.045416666666668,61.675000000000004,0.14125000000000001,22.583333333333332,1.0
2017-10-02,12.085,57.67333333333334,,17.458333333333332,69.75833333333334,56.28333333333333,29.777916666666666,36.24875,0.45125,41.479166666666664,0.0
2017-10-03,17.901666666666667,53.00458333333333,,16.354166666666668,70.905,94.92375,24.25916666666667,23.574166666666667,0.42500000000000004,24.625,11.2
2017-10-04,9.903333333333334,38.34041666666666,,9.541666666666666,48.24458333333333,75.50375,23.614166666666666,26.245,0.22875,28.791666666666668,0.0
2017-10-05,12.981666666666667,43.766875,,12.291666666666666,56.744375,60.662083333333335,28.118750000000002,35.529583333333335,0.30416666666666664,29.833333333333332,0.0
2017-10-06,11.005,42.3725,,17.458333333333332,53.377916666666664,59.612500000000004,30.645833333333332,33.85166666666667,0.3129166666666667,37.833333333333336,0.0
2017-10-07,9.54625,27.624166666666667,,15.625,37.16875,74.5475,27.445833333333336,30.885,0.3225,39.458333333333336,0.0
2017-10-08,5.440416666666667,27.720416666666665,,19.208333333333332,33.157916666666665,66.84208333333333,28.79041666666667,35.08875,0.26333333333333336,39.125,0.0
2017-10-09,10.24,38.82333333333333,,18.291666666666668,49.05833333333334,60.291666666666664,29.18875,48.57749999999999,0.3233333333333333,44.208333333333336,0.0
2017-10-10,12.559583333333334,53.974583333333335,,29.583333333333332,66.53125,58.56,31.096249999999998,51.791666666666664,0.43625,62.208333333333336,0.0
2017-10-11,10.329375,61.776250000000005,,32.458333333333336,72.10229166666666,52.22666666666667,32.09625,67.71916666666667,0.5066666666666667,65.66666666666667,0.0
2017-10-12,5.253333333333333,36.795,,28.375,42.04708333333333,61.74791666666667,29.98125,64.71041666666666,0.3025,58.791666666666664,0.0
2017-10-13,8.793541666666666,48.58375,,37.375,57.37729166666667,66.91041666666666,29.035416666666666,58.76208333333333,0.41375,63.31578947368421,0.0
2017-10-14,3.8175000000000003,26.684583333333332,,29.291666666666668,30.502916666666668,68.61583333333333,28.758333333333336,60.605,0.3541666666666667,51.916666666666664,0.6
2017-10-15,3.615,21.173750000000002,,11.583333333333334,24.790833333333335,87.77208333333334,23.977500000000003,36.26083333333333,0.21208333333333332,19.041666666666668,4.199999999999999
2017-10-16,5.198333333333333,25.13736842105263,,9.458333333333334,28.942916666666665,77.52416666666666,23.642083333333332,29.30666666666667,0.17166666666666666,23.458333333333332,0.8
2017-10-17,5.154166666666667,22.312916666666666,,9.833333333333334,27.467916666666667,61.89875,27.760833333333334,39.860416666666666,0.22708333333333333,27.583333333333332,0.0
2017-10-18,8.151041666666666,24.49020833333333,,10.583333333333334,32.63979166666667,50.46083333333333,30.06125,34.733333333333334,0.22791666666666666,23.791666666666668,0.0
2017-10-19,24.674166666666665,45.374583333333334,,21.125,70.04583333333333,39.78333333333333,32.27708333333333,40.602916666666665,0.41041666666666665,44.25,0.0
2017-10-20,12.100625,38.796458333333334,,27.25,50.905,58.94375,28.822083333333335,47.49875,0.29458333333333336,60.458333333333336,0.0
2017-10-21,6.6554166666666665,40.99583333333333,,25.916666666666668,47.66583333333333,66.23791666666666,28.94666666666667,53.86375,0.42208333333333337,48.791666666666664,0.0
2017-10-22,6.084583333333334,38.99583333333333,,25.395833333333332,45.09125,62.38916666666666,29.295,52.84041666666667,0.42583333333333334,47.208333333333336,2.0
2017-10-23,13.126666666666667,44.48583333333334,,15.083333333333334,57.615,98.37875000000001,22.480416666666667,28.118750000000002,0.18708333333333335,16.791666666666668,12.2
2017-10-24,11.539375,34.97145833333333,,9.7,46.512499999999996,84.31375,23.252916666666668,23.995,0.2325,22.041666666666668,0.0
2017-10-25,7.323333333333333,30.41875,,10.75,37.748125,76.84875,27.54875,33.579166666666666,0.27458333333333335,21.166666666666668,0.0
2017-10-26,25.967916666666667,57.101875,,18.833333333333332,83.06541666666666,73.86083333333333,27.985833333333332,35.586666666666666,0.476875,39.25,2.8
2017-10-27,24.245,59.1525,,22.708333333333332,83.39958333333334,77.69500000000001,27.34166666666667,18.43875,0.5052083333333334,49.708333333333336,6.0
2017-10-28,9.278333333333334,54.26583333333334,,10.583333333333334,63.542291666666664,60.40625,30.906666666666666,41.339999999999996,0.46249999999999997,21.958333333333332,0.6000000000000001
2017-10-29,4.5268749999999995,37.909375,,12.875,42.434583333333336,62.97708333333333,28.529583333333335,60.87375,0.33249999999999996,25.083333333333332,0.0
2017-10-30,6.030833333333334,36.11125,,13.833333333333334,42.14,70.06916666666667,29.004166666666666,49.53,0.31875000000000003,35.208333333333336,2.0
2017-10-31,10.83625,38.99166666666667,,14.75,49.82958333333334,87.69958333333334,26.567916666666665,30.61375,0.3575,27.208333333333332,2.4
2017-11-01,8.971041666666666,28.109375,,10.5,37.09041666666666,70.21041666666666,25.3125,39.31041666666667,0.19166666666666665,28.875,0.2
2017-11-02,4.935416666666667,25.096458333333334,,15.5,30.029791666666668,61.36083333333334,25.702916666666667,34.77833333333333,0.3175,39.708333333333336,0.0
2017-11-03,4.877916666666667,31.834999999999997,,14.75,36.714999999999996,61.69375,28.633750000000003,51.905833333333334,0.21833333333333335,31.666666666666668,0.0
2017-11-04,24.268958333333334,44.824375,,12.458333333333334,69.0975,55.36000000000001,32.005,24.366666666666664,0.4266666666666667,34.125,0.0
2017-11-05,3.79875,26.46388888888889,,13.291666666666666,30.261666666666667,83.08333333333333,27.56833333333333,42.690416666666664,0.21833333333333335,25.833333333333332,2.2
2017-11-06,6.061041666666667,31.027152777777776,,7.833333333333333,37.09166666666666,97.33916666666666,24.160833333333333,31.115416666666665,0.19208333333333336,18.5625,6.0
2017-11-07,7.316875,27.561875,,8.1875,34.87895833333334,89.22500000000001,24.8225,31.748333333333335,0.20791666666666667,23.5,0.0
2017-11-08,6.7093750000000005,24.04041666666667,,10.125,30.749166666666667,91.21708333333333,25.855416666666667,39.115833333333335,0.20625000000000002,26.833333333333332,0.0
2017-11-09,7.816458333333333,34.94291666666667,,12.75,42.759375,77.62875,28.272499999999997,35.26958333333334,0.25375,30.25,0.0
2017-11-10,13.11125,39.204166666666666,,11.763157894736842,52.315416666666664,73.64941176470587,31.35875,28.473333333333333,0.33125,27.625,0.0
2017-11-11,9.103333333333333,35.20083333333333,,12.3125,44.30416666666667,,25.262916666666666,20.443749999999998,0.37875,18.875,15.0
2017-11-12,7.43625,32.660000000000004,,11.458333333333334,40.09625,,27.972083333333334,43.405,0.33749999999999997,23.291666666666668,0.0
2017-11-13,8.710833333333333,33.19416666666667,,14.833333333333334,41.903333333333336,,25.93541666666667,37.76083333333333,0.19125,34.625,0.0
2017-11-14,14.597083333333332,37.878750000000004,,16.291666666666668,52.47875,,26.332916666666666,36.235,0.32625,38.333333333333336,0.0
2017-11-15,3.2310416666666666,25.375625,,16.958333333333332,28.608125,,29.2225,45.759166666666665,0.24458333333333335,35.25,0.0
2017-11-16,13.465000000000002,43.90833333333333,,18.708333333333332,57.375,40.36857142857143,33.885416666666664,44.784166666666664,0.30541666666666667,37.416666666666664,0.0
2017-11-17,11.874166666666667,47.31645833333334,,19.25,59.19166666666666,46.275416666666665,32.25958333333333,46.07458333333333,0.29041666666666666,41.291666666666664,5.800000000000001
2017-11-18,5.65625,42.499583333333334,,19.916666666666668,48.15562499999999,65.39666666666666,30.83,48.31916666666667,0.45083333333333336,32.125,0.8
2017-11-19,5.654166666666666,36.817083333333336,,18.977272727272727,42.47625,86.46583333333332,27.84875,27.83791666666667,0.45625,27.541666666666668,16.4
2017-11-20,4.729583333333333,32.57583333333333,,11.958333333333334,37.3025,98.27,25.119583333333335,23.953333333333333,0.35083333333333333,15.631578947368421,26.4
2017-11-21,12.897916666666667,57.33291666666667,,19.583333333333332,70.22791666666667,85.08958333333334,27.52333333333333,15.603333333333333,0.45249999999999996,31.416666666666668,0.0
2017-11-22,25.334166666666665,53.895,,21.125,79.22166666666666,95.60541666666667,26.11375,8.63875,0.5,31.708333333333332,8.8
2017-11-23,9.39625,34.353125,,9.479166666666666,43.7475,83.71958333333333,24.08875,19.711666666666666,0.31,18.666666666666668,1.4
2017-11-24,12.174999999999999,44.75,,12.791666666666666,56.925000000000004,65.905,27.838333333333335,31.330833333333334,0.3875,35.38461538461539,0.0
2017-11-25,12.525,48.95875,,22.541666666666668,61.48458333333334,65.20125,31.4075,31.19458333333333,0.41208333333333336,43.166666666666664,0.0
2017-11-26,14.329166666666667,44.80041666666667,,13.833333333333334,59.129999999999995,56.687083333333334,31.82166666666667,15.034166666666666,0.4458333333333333,26.208333333333332,0.0
2017-11-27,15.246250000000002,48.37854166666667,,14.395833333333334,63.625208333333326,68.73916666666666,29.852500000000003,22.4825,0.3541666666666667,28.25,0.2
2017-11-28,9.20125,39.10375,,15.041666666666666,48.31041666666667,93.28291666666667,26.16,20.935,0.3645833333333333,23.229166666666668,7.2
2017-11-29,7.360416666666667,23.026875,,10.833333333333334,30.383333333333336,73.22708333333334,26.749166666666667,34.4225,0.1925,22.479166666666668,0.0
2017-11-30,6.6675,24.081875,,6.583333333333333,30.745208333333334,78.53625,26.370833333333334,34.59583333333333,0.2325,23.916666666666668,2.2
2017-12-01,10.869791666666666,37.31520833333333,,6.75,48.18416666666667,95.67833333333334,25.245,17.091666666666665,0.3858333333333333,17.75,0.0
2017-12-02,6.373333333333334,27.571250000000003,,9.583333333333334,33.942083333333336,85.83416666666666,27.56125,36.335,0.2058333333333333,21.041666666666668,0.0
2017-12-03,2.3675,20.4475,,4.583333333333333,22.817083333333333,84.9775,27.91125,47.47125,0.24791666666666667,15.583333333333334,0.0
2017-12-04,3.9458333333333333,27.09645833333333,,7.541666666666667,31.042291666666667,89.02125000000001,28.317916666666665,40.246249999999996,0.2791666666666667,18.5,0.0
2017-12-05,4.593333333333333,18.056458333333335,,5.145833333333333,22.663750000000004,90.14333333333333,28.496666666666666,25.544583333333332,0.23083333333333333,16.375,0.0
2017-12-06,3.65625,15.249375,,6.666666666666667,18.901458333333334,76.55458333333333,28.014166666666668,30.99791666666667,0.18291666666666664,24.916666666666668,0.0
2017-12-07,5.85875,25.33583333333333,,9.333333333333334,31.19541666666667,71.125,29.1925,33.2325,0.26625000000000004,28.416666666666668,0.0
2017-12-08,13.044583333333334,36.60125,,12.5,49.64333333333334,97.51791666666666,26.697083333333335,11.74,0.39291666666666664,20.875,6.4
2017-12-09,7.482708333333334,29.155416666666667,,14.041666666666666,36.63854166666667,97.01666666666667,27.627499999999998,30.467083333333335,0.31916666666666665,29.5,0.2
2017-12-10,7.62125,25.311666666666667,,11.666666666666666,32.93125,89.81208333333332,28.41541666666667,28.340416666666666,0.3695833333333333,26.666666666666668,0.0
2017-12-11,7.802499999999999,33.86208333333334,,14.75,41.66625,77.28333333333333,29.61583333333333,46.82916666666667,0.28375,33.583333333333336,0.0
2017-12-12,9.860416666666667,26.212083333333336,,7.541666666666667,36.072916666666664,98.310625,25.955833333333334,25.987916666666667,0.25666666666666665,20.291666666666668,0.0
2017-12-13,4.215416666666667,20.172083333333333,,10.375,24.387916666666666,72.55583333333333,27.092083333333335,35.28875,0.18958333333333333,30.916666666666668,0.0
2017-12-14,5.090208333333333,25.302916666666665,,9.833333333333334,30.39854166666667,72.08041666666666,29.312916666666666,42.38458333333333,0.2333333333333333,29.375,0.0
2017-12-15,10.374166666666666,42.95916666666667,,18.785714285714285,53.331250000000004,74.36999999999999,30.51,38.5775,0.39958333333333335,41.333333333333336,0.0
2017-12-16,12.053333333333335,58.11333333333334,,32.583333333333336,70.16583333333334,81.93291666666667,30.29375,50.51166666666666,0.52125,59.25,4.6000000000000005
2017-12-17,6.774583333333333,37.33541666666667,,18.291666666666668,44.11166666666667,68.89208333333333,33.33166666666667,31.35875,0.3745833333333333,35.25,0.0
2017-12-18,7.769166666666667,29.47875,,12.208333333333334,37.24791666666667,68.36625,32.585,38.985416666666666,0.33125,35.583333333333336,0.0
2017-12-19,6.322083333333333,29.401666666666667,,20.645833333333332,35.72229166666667,96.86375,30.76291666666667,34.39388888888889,0.1991666666666667,36.229166666666664,0.0
2017-12-20,7.297291666666666,37.78916666666667,,20.375,45.08625,81.94083333333333,31.917083333333334,48.06666666666667,0.25875,43.666666666666664,0.0
2017-12-21,10.112916666666667,41.121875,,18.75,51.23791666666667,83.6845,29.386666666666667,14.21923076923077,0.3285,40.8125,7.0
2017-12-22,9.632105263157895,55.361315789473686,,21.833333333333332,64.99421052631578,95.132,28.804791666666663,15.513,0.414,35.75,0.2
2017-12-23,9.951041666666667,30.626458333333332,,18.0,40.578125,98.04125,31.84166666666667,26.44604166666667,0.35770833333333335,33.791666666666664,0.8
2017-12-24,6.5945833333333335,26.171666666666667,,16.395833333333332,32.76541666666667,,31.468333333333334,23.814166666666665,0.30583333333333335,23.791666666666668,12.6
2017-12-25,10.156,34.275,,38.6,44.431,,29.136000000000003,14.947,0.67,60.1,0.0
2017-12-26,7.55,31.294999999999998,,13.142857142857142,38.84285714285714,82.155,30.99142857142857,,0.2675,23.666666666666668,0.0
2017-12-27,9.930833333333334,28.35375,,14.916666666666666,38.28541666666667,85.045,30.002916666666664,26.419166666666666,0.17500000000000002,30.25,0.0
2017-12-28,9.8125,22.913749999999997,,10.083333333333334,32.729166666666664,98.00416666666666,28.837083333333336,12.374583333333334,0.3254166666666667,18.083333333333332,0.6000000000000001
2017-12-29,14.907916666666667,38.46208333333333,,13.604166666666666,53.3675,89.665,28.017083333333332,17.739583333333332,0.44708333333333333,24.791666666666668,53.4
2017-12-30,13.000416666666666,39.625416666666666,,11.916666666666666,52.62625,95.40708333333333,27.244583333333335,18.195,0.48333333333333334,20.208333333333332,11.999999999999998
2017-12-31,19.636666666666667,32.13916666666667,,19.0,51.7725,77.07833333333333,29.954583333333332,21.033333333333335,0.6166666666666667,27.5,0.8
2018-01-01,24.334999999999997,23.823333333333334,,73.08333333333333,48.16083333333333,70.15625,32.02,39.65333333333333,0.8262499999999999,90.66666666666667,0.0
2018-01-02,15.669444444444444,29.810555555555556,,18.894736842105264,45.47888888888889,72.0078947368421,32.88842105263158,37.48352941176471,0.4152941176470588,33.421052631578945,0.0
2018-01-03,22.77416666666667,26.63,,16.166666666666668,49.40208333333334,82.79916666666666,30.528750000000002,,0.315,30.875,20.6
2018-01-04,14.8825,28.575416666666666,,9.375,43.45791666666667,97.8275,25.694999999999997,,0.3520833333333333,15.25,30.6
2018-01-05,15.977083333333333,37.43875,,13.416666666666666,53.41291666666667,92.88833333333334,26.389583333333334,,0.4558333333333333,20.625,9.600000000000001
2018-01-06,11.185416666666667,35.78041666666667,,15.229166666666666,46.967083333333335,87.99291666666666,29.222083333333334,,0.5025000000000001,24.75,0.8
2018-01-07,6.42875,20.787916666666668,,12.8125,27.2175,96.84041666666667,26.198333333333334,,0.3720833333333333,19.13157894736842,40.199999999999996
2018-01-08,14.740416666666667,34.90958333333334,,10.25,49.64833333333333,98.39636363636363,25.74208333333333,,0.46375000000000005,16.125,53.4
2018-01-09,8.957916666666668,20.430833333333332,,14.958333333333334,29.384583333333335,,29.508750000000003,,0.29583333333333334,22.9375,0.0
2018-01-10,7.060625000000001,10.22875,,8.604166666666666,17.293958333333332,,30.92625,,0.20291666666666666,17.916666666666668,0.0
2018-01-11,8.15375,19.619583333333335,,15.0,27.78,,31.21166666666667,,0.30416666666666664,27.541666666666668,0.0
2018-01-12,8.833333333333334,24.305625000000003,,15.5,33.138958333333335,,29.8,,0.29520833333333335,25.5,0.0
2018-01-13,12.472499999999998,40.365833333333335,,20.125,52.836666666666666,,30.004166666666666,,0.5366666666666667,33.5625,5.2
2018-01-14,10.336666666666668,32.65416666666667,,19.104166666666668,42.98916666666667,,31.014583333333334,,0.5041666666666667,26.375,0.0
2018-01-15,14.109166666666667,35.158750000000005,,13.395833333333334,49.26666666666667,,31.256249999999998,,0.3854166666666667,23.708333333333332,0.6000000000000001
2018-01-16,13.31,36.879583333333336,,16.083333333333332,50.18875,,32.80458333333333,48.576,0.33083333333333337,27.94736842105263,0.0
2018-01-17,12.685833333333333,41.255833333333335,,23.541666666666668,53.942499999999995,,34.00416666666667,38.265,0.4066666666666667,29.533333333333335,0.0
2018-01-18,13.222916666666668,41.14458333333334,,19.875,54.3675,,35.65375,29.35375,0.32958333333333334,35.5,0.0
2018-01-19,4.8116666666666665,21.27875,,17.0625,26.090833333333336,,33.69625,62.75958333333333,0.31875000000000003,34.958333333333336,0.0
2018-01-20,6.0325,24.145,,16.020833333333332,30.177916666666665,,30.9475,38.21208333333333,0.375,27.0,3.4
2018-01-21,5.16,24.182083333333335,,24.1875,29.340833333333332,,31.083333333333332,37.06375,0.38666666666666666,34.958333333333336,0.0
2018-01-22,10.3275,37.78208333333333,,27.833333333333332,48.10583333333333,,31.39333333333333,43.71041666666667,0.47291666666666665,42.25,2.6000000000000005
2018-01-23,12.376249999999999,32.41625,,18.416666666666668,44.7925,,33.01833333333334,25.20529411764706,0.38833333333333336,35.75,0.0
2018-01-24,8.767631578947368,37.7571052631579,,16.104166666666668,46.52605263157895,,34.38916666666667,44.62166666666667,0.3870833333333333,37.5,0.0
2018-01-25,5.666875,38.295625,,17.666666666666668,43.959375,,32.29291666666666,34.96625,0.39125000000000004,38.583333333333336,0.4
2018-01-26,12.791319444444445,37.71520833333333,,12.916666666666666,50.51097222222222,,28.767083333333332,19.169999999999998,0.4066666666666667,24.75,43.8
2018-01-27,11.552222222222222,29.382916666666663,,8.729166666666666,40.941944444444445,,26.045,12.0875,0.34541666666666665,17.020833333333332,27.2
2018-01-28,15.421666666666665,24.800555555555555,,10.25,40.218333333333334,,29.749166666666667,24.515,0.31875000000000003,25.354166666666668,0.0
2018-01-29,22.28441176470588,37.51,,12.208333333333334,59.79264705882353,,30.0025,21.3475,0.42333333333333334,29.333333333333332,0.0
2018-01-30,25.275,41.0245,,9.133333333333333,66.2955,,25.130416666666665,12.243333333333332,0.42874999999999996,16.5,22.6
2018-01-31,23.390833333333333,28.651666666666667,,9.916666666666666,52.04583333333333,,27.27541666666667,14.1825,0.34874999999999995,21.625,0.0
2018-02-01,20.445416666666667,22.726249999999997,,11.041666666666666,43.173750000000005,,28.53708333333333,13.838333333333333,0.27875,24.541666666666668,0.0
2018-02-02,15.578333333333333,25.469166666666666,,9.541666666666666,41.0475,,28.96666666666667,18.835416666666667,0.30916666666666665,23.375,0.0
2018-02-03,13.64875,21.008333333333333,,10.604166666666666,34.65541666666667,,29.065416666666668,20.18125,0.30875,21.729166666666668,0.2
2018-02-04,6.058095238095238,21.165714285714287,,13.020833333333334,27.22285714285714,,27.6925,27.08,0.21125000000000002,17.833333333333332,0.0
2018-02-05,29.787619047619046,45.429047619047616,,14.125,75.21761904761904,,23.70875,10.238333333333333,0.34,21.541666666666668,12.0
2018-02-06,22.37125,42.28208333333333,,14.875,64.65125,,26.110416666666666,18.950416666666666,0.45249999999999996,20.166666666666668,5.0
2018-02-07,20.911041666666666,35.23729166666667,,11.291666666666666,56.14791666666667,,27.71875,14.32875,0.4583333333333333,19.75,0.6000000000000001
2018-02-08,24.72820833333333,44.55945833333333,,18.875,69.29120833333333,,29.61375,29.737916666666667,0.5054166666666667,40.25,0.0
2018-02-09,19.336791666666667,40.038875,,21.0,59.376916666666666,,31.98,39.74791666666667,0.4245833333333333,38.958333333333336,0.0
2018-02-10,5.159166666666667,30.285625,,18.791666666666668,35.445625,,33.080416666666665,24.206666666666667,0.3854166666666667,35.833333333333336,0.6
2018-02-11,6.734615384615385,28.234615384615385,,16.75,34.966923076923074,,33.672916666666666,32.38972222222222,0.38958333333333334,27.916666666666668,0.0
2018-02-12,,,,17.3,,,34.504375,33.84,0.338,36.46666666666667,0.0
2018-02-13,,,,,,,,,,,
2018-02-14,4.2475,31.375833333333333,,14.0,35.62,,30.1,35.314,,28.363636363636363,5.6
2018-02-15,18.721739130434784,33.11065217391304,,10.625,51.81217391304348,,27.60083333333333,18.062916666666666,0.2107692307692308,28.5,1.2
2018-02-16,12.524791666666667,39.12145833333333,,15.916666666666666,51.64041666666666,,28.315416666666668,19.95375,0.385,31.916666666666668,16.4
2018-02-17,14.702499999999999,38.85125,,22.4375,53.55916666666667,,29.1525,27.53291666666667,0.4091666666666667,35.25,0.0
2018-02-18,7.634166666666666,35.028958333333335,,15.916666666666666,42.66354166666667,,28.64333333333333,28.375833333333333,0.4141666666666666,27.875,1.8
2018-02-19,13.990833333333333,47.42333333333334,,20.375,61.41166666666667,,29.26,25.594166666666666,0.45458333333333334,32.5,3.0
2018-02-20,12.231875,43.164791666666666,,19.166666666666668,55.39833333333333,,31.694583333333338,27.026666666666667,0.3858333333333333,32.875,0.0
2018-02-21,17.8825,43.07681818181818,,13.583333333333334,60.95590909090909,,32.305416666666666,25.055000000000003,0.4383333333333333,27.166666666666668,8.399999999999999
2018-02-22,13.636315789473686,46.85052631578947,,12.083333333333334,60.485263157894735,,28.614166666666666,27.62,0.44708333333333333,19.333333333333332,23.8
2018-02-23,20.939666666666668,47.907333333333334,,13.208333333333334,68.83833333333334,,26.118750000000002,7.908947368421051,0.5308333333333334,20.291666666666668,26.0
2018-02-24,,,,12.125,,,27.1725,22.828333333333333,0.3954166666666667,22.75,0.0
2018-02-25,,,,9.375,,,29.09125,31.830833333333334,0.28625,18.541666666666668,0.0
2018-02-26,,,,9.916666666666666,,,28.930833333333336,27.797916666666666,0.3175,22.354166666666668,3.2
2018-02-27,,,,12.166666666666666,,,27.548333333333332,27.551666666666666,0.45249999999999996,24.479166666666668,14.000000000000002
2018-02-28,,,,16.979166666666668,,,29.50583333333333,42.86625,0.405,26.0,0.0
2018-03-01,,,1.4375,16.875,,,30.339166666666667,26.019166666666667,0.4479166666666667,26.708333333333332,0.0
2018-03-02,,,2.497916666666667,22.083333333333332,,,31.497083333333332,18.279999999999998,0.4716666666666667,37.541666666666664,0.0
2018-03-03,,,3.5933333333333337,23.541666666666668,,,30.900833333333335,25.580416666666668,0.45375000000000004,34.166666666666664,0.6000000000000001
2018-03-04,,,0.6183333333333333,20.0,,,30.602083333333336,36.08958333333333,0.36541666666666667,26.833333333333332,0.0
2018-03-05,,,3.289473684210526,18.708333333333332,,,30.905416666666667,34.02791666666666,0.5433333333333333,30.291666666666668,0.2
2018-03-06,,,0.2404166666666667,18.0,,,31.108333333333334,27.934583333333332,0.4070833333333333,31.208333333333332,0.0
2018-03-07,,,3.3825,14.083333333333334,,,30.815416666666664,33.473333333333336,0.29125,22.333333333333332,1.4
2018-03-08,,,0.38166666666666665,10.791666666666666,,,26.53625,15.678333333333333,0.2925,12.833333333333334,16.400000000000002
2018-03-09,,,1.4566666666666668,11.625,,,26.870416666666667,17.3275,0.31708333333333333,19.041666666666668,1.2
2018-03-10,,,2.3266666666666667,13.958333333333334,,,29.070833333333336,27.154583333333335,0.38999999999999996,26.75,4.800000000000001
2018-03-11,,,0.06458333333333334,10.0,,,29.65625,24.19333333333333,0.38375000000000004,15.277777777777779,0.4
2018-03-12,,,1.5929166666666665,14.916666666666666,,,32.22416666666667,36.194583333333334,0.39166666666666666,36.75,0.0
2018-03-13,,,2.124166666666667,23.5,,,29.867500000000003,26.12375,0.414375,38.166666666666664,0.0
2018-03-14,,,7.3254166666666665,22.541666666666668,,,32.495416666666664,59.60208333333333,0.4815384615384615,37.958333333333336,0.0
2018-03-15,,,7.253684210526315,18.789473684210527,,,32.5175,57.140947368421045,0.4883333333333334,31.291666666666668,22.799999999999997
2018-03-16,,,2.44875,25.666666666666668,,,32.246249999999996,39.68622222222222,0.36000000000000004,40.541666666666664,1.8
2018-03-17,,,0.41083333333333333,14.625,,,29.227500000000003,33.8525,0.2608333333333333,31.416666666666668,0.4
2018-03-18,,,0.16166666666666665,16.333333333333332,,,30.66916666666667,37.75958333333333,0.33958333333333335,29.958333333333332,0.0
2018-03-19,,,2.9725,18.958333333333332,,,33.202083333333334,42.71791666666667,0.4033333333333333,32.291666666666664,0.0
2018-03-20,,,2.35,33.75,,,32.4375,32.627916666666664,0.5275,54.041666666666664,7.0
2018-03-21,,,0.6108333333333333,13.416666666666666,,,29.325833333333335,34.797916666666666,0.3070833333333333,25.166666666666668,0.8
2018-03-22,,,0.7675000000000001,7.958333333333333,,,26.79041666666667,13.434166666666668,0.27458333333333335,13.0625,18.599999999999998
2018-03-23,,,2.17125,16.791666666666668,,,30.167083333333334,31.3925,0.51125,27.625,0.0
2018-03-24,,,1.57125,10.854166666666666,,,31.52333333333333,34.420833333333334,0.25708333333333333,21.166666666666668,0.0
2018-03-25,,,4.835,12.479166666666666,,,32.03958333333333,34.45125,0.24375000000000002,19.583333333333332,0.0
2018-03-26,,,2.033333333333333,15.854166666666666,,,32.64208333333333,21.678947368421053,0.299375,29.375,0.0
2018-03-27,,,1.14625,13.0,,,31.486666666666665,28.711250000000003,0.29416666666666663,35.875,0.0
2018-03-28,,,0.50125,14.583333333333334,,,30.744583333333335,,0.255,39.25,0.0
2018-03-29,,,2.4949999999999997,8.263157894736842,,,30.455583333333333,,0.21722222222222223,30.157894736842106,0.0
2018-03-30,,,3.6199999999999997,12.952380952380953,,,30.524,,0.15071428571428572,28.636363636363637,0.0
2018-03-31,,,15.081764705882351,16.375,,,30.911666666666665,,0.2225,39.708333333333336,0.0
2018-04-01,,,1.8875000000000002,13.625,,,32.349583333333335,,0.3183333333333333,34.416666666666664,0.0
2018-04-02,,,1.397391304347826,19.416666666666668,,,30.9725,,0.4375,50.083333333333336,2.8000000000000003
2018-04-03,,,1.4775,14.75,,,29.3925,,0.355,30.083333333333332,24.6
2018-04-04,,,1.4460000000000002,13.31578947368421,,,26.251666666666665,,0.27,26.88235294117647,0.0
2018-04-05,,,1.2257142857142858,14.020833333333334,,,29.62230769230769,,0.16270833333333334,26.958333333333332,2.2
2018-04-06,,,0.7321739130434782,9.1875,,,28.626875,,0.3104166666666667,21.791666666666668,1.2
2018-04-07,5.507142857142857,14.01142857142857,0.9558333333333334,9.5,19.51571428571429,,28.963333333333335,,0.33958333333333335,22.104166666666668,1.4
2018-04-08,8.440416666666666,13.47375,1.3833333333333335,10.916666666666666,21.918333333333333,,28.969166666666666,,0.32583333333333336,21.833333333333332,0.0
2018-04-09,11.757916666666667,14.253749999999998,0.58625,8.666666666666666,26.01375,,29.241249999999997,,0.22333333333333336,20.916666666666668,0.0
2018-04-10,10.145833333333334,16.145416666666666,1.0283333333333333,7.625,26.28916666666667,,28.949583333333333,,0.23750000000000002,19.75,0.0
2018-04-11,11.734166666666667,16.355416666666667,2.25,12.916666666666666,28.09,,28.79625,,0.24583333333333335,26.541666666666668,0.0
2018-04-12,21.208333333333332,25.931250000000002,3.030416666666667,14.666666666666666,47.13708333333333,,28.959999999999997,,0.40875,40.291666666666664,0.0
2018-04-13,23.769166666666667,34.50666666666667,13.730434782608697,35.333333333333336,58.27541666666667,,31.122500000000002,,0.48833333333333334,71.375,0.0
2018-04-14,9.327083333333333,19.77375,,13.958333333333334,29.101250000000004,,28.67375,,0.23916666666666667,33.833333333333336,0.0
2018-04-15,8.9275,17.199583333333333,1.0038461538461538,8.875,26.127499999999998,,26.044583333333332,27.795,0.20083333333333334,29.625,5.4
2018-04-16,12.9925,19.76,1.1929166666666666,6.833333333333333,32.753750000000004,,25.545,24.819999999999997,0.24583333333333335,28.125,2.4000000000000004
2018-04-17,11.759583333333333,18.723333333333333,0.1920833333333333,8.625,30.482083333333335,,26.079166666666666,26.977500000000003,0.21958333333333335,24.5,0.2
2018-04-18,16.523529411764706,21.324117647058824,3.4899999999999998,10.852941176470589,37.84882352941177,,24.858235294117648,19.23875,0.32529411764705884,30.41176470588235,0.0
2018-04-19,18.325,25.031666666666666,4.32625,16.291666666666668,43.355,,27.47083333333333,39.617916666666666,0.19416666666666668,41.583333333333336,0.0
2018-04-20,16.767500000000002,30.337500000000002,5.567916666666666,16.375,47.10541666666666,,27.135,36.635,0.3575,42.291666666666664,0.0
2018-04-21,7.5129166666666665,24.93875,5.965416666666666,23.416666666666668,32.44875,,26.56375,48.59125,0.3575,53.833333333333336,0.0
2018-04-22,7.407916666666666,15.5875,4.98,12.5,22.99291666666667,,27.39708333333333,45.63791666666666,0.2175,26.25,0.0
2018-04-23,9.014999999999999,20.495416666666667,7.296666666666667,17.666666666666668,29.51125,,27.218333333333334,36.02625,0.31708333333333333,38.166666666666664,0.0
2018-04-24,16.89708333333333,26.858333333333334,5.79625,15.75,43.75541666666667,,28.825833333333335,28.69,0.34708333333333335,35.75,0.0
2018-04-25,15.500833333333333,33.30083333333334,3.2675,22.895833333333332,48.80583333333333,,28.535833333333333,33.82083333333333,0.4622916666666667,53.25,0.0
2018-04-26,18.28291666666667,56.06875,9.25,29.25,74.34875,,28.50583333333333,35.72166666666667,0.49,63.875,0.0
2018-04-27,11.561666666666667,44.35583333333333,0.4775,16.25,55.91958333333333,,28.94541666666667,28.506249999999998,0.3104166666666667,43.541666666666664,0.0
2018-04-28,4.379166666666667,29.47375,1.25,9.208333333333334,33.852916666666665,,29.176666666666666,43.55083333333334,0.20125,29.125,0.0
2018-04-29,3.484583333333333,27.855833333333333,5.690416666666667,11.875,31.34125,,28.135,53.220416666666665,0.24291666666666667,27.166666666666668,0.0
2018-04-30,29.545416666666668,56.5975,7.597083333333333,19.416666666666668,86.14458333333334,,28.626666666666665,39.93208333333333,0.5008333333333334,46.458333333333336,0.0
2018-05-01,13.259583333333333,48.90875,3.7620833333333334,30.125,62.169999999999995,,28.449166666666667,49.84166666666667,0.31708333333333333,60.541666666666664,0.0
2018-05-02,15.620416666666666,49.324999999999996,3.53875,25.791666666666668,64.94541666666667,,26.924583333333334,30.095,0.4083333333333334,56.583333333333336,5.0
2018-05-03,4.895208333333334,29.64895833333333,0.9825,9.5,34.545625,,27.109166666666667,34.365,0.23875000000000002,30.916666666666668,0.0
2018-05-04,12.528333333333334,39.43208333333333,7.756875,13.125,51.9575,,28.667083333333334,40.77041666666667,0.35625,32.625,0.0
2018-05-05,9.792083333333332,43.9,13.068125,27.875,53.69208333333333,,29.319999999999997,63.342083333333335,0.41250000000000003,51.708333333333336,0.0
2018-05-06,4.85,32.17458333333333,1.1587500000000002,21.875,37.02583333333333,,27.305000000000003,68.0625,0.29458333333333336,46.125,0.0
2018-05-07,21.17125,42.431666666666665,1.8897916666666665,20.791666666666668,63.59979166666667,,26.75208333333333,29.430833333333336,0.45625,49.083333333333336,0.0
2018-05-08,18.83791666666667,34.99916666666667,1.8399999999999999,9.875,53.834583333333335,,24.784166666666668,20.393333333333334,0.3125,29.875,5.3999999999999995
2018-05-09,13.47125,29.71875,0.33437500000000003,8.722222222222221,43.19,,25.3875,29.12625,0.21541666666666667,29.625,3.4
2018-05-10,25.467083333333335,40.93,4.952083333333333,9.208333333333334,66.39625,,26.375833333333333,36.599583333333335,0.3179166666666667,37.375,0.0
2018-05-11,28.76125,44.998333333333335,5.8495833333333325,12.291666666666666,73.7625,,27.285,35.42333333333333,0.42875,39.958333333333336,0.0
2018-05-12,47.91833333333333,41.0525,3.0747916666666666,16.125,88.97125,,28.674166666666668,39.805416666666666,0.5437500000000001,51.458333333333336,0.0
2018-05-13,6.15125,24.324583333333333,0.09770833333333333,7.875,30.47458333333333,,25.884583333333335,43.513749999999995,0.275,42.458333333333336,0.0
2018-05-14,9.40875,27.976666666666663,2.2041666666666666,9.958333333333334,37.3825,,26.482916666666668,38.2725,0.2354166666666667,39.416666666666664,0.0
2018-05-15,21.90625,40.902499999999996,19.22520833333333,11.791666666666666,62.80625,,27.608333333333334,46.310833333333335,0.3970833333333333,36.166666666666664,0.0
2018-05-16,35.13625,39.934999999999995,0.47475000000000006,16.0,75.07083333333334,,28.618750000000002,46.824999999999996,0.40208333333333335,42.791666666666664,0.4
2018-05-17,11.32875,41.62916666666667,1.3169565217391304,11.333333333333334,52.95166666666666,,24.155416666666667,30.956666666666667,0.32916666666666666,29.416666666666668,5.0
2018-05-18,11.15875,37.20458333333333,9.819791666666667,9.416666666666666,48.36333333333334,,26.610416666666666,38.44541666666667,0.29625,33.791666666666664,0.0
2018-05-19,31.567083333333333,39.205,3.8016666666666663,13.0,70.77333333333333,,25.895416666666666,20.0725,0.47458333333333336,39.083333333333336,13.399999999999999
2018-05-20,18.46375,31.722916666666666,1.6175,8.208333333333334,50.18416666666667,,23.056250000000002,39.16375,0.2941666666666667,32.125,1.6
2018-05-21,37.971250000000005,45.94375,2.6295,14.291666666666666,83.91333333333334,,21.660416666666666,38.61708333333333,0.36125,45.125,0.6
2018-05-22,41.6975,61.07666666666666,9.869666666666667,31.208333333333332,102.77125,,22.162499999999998,44.08041666666667,0.5216666666666666,71.45833333333333,0.0
2018-05-23,20.985,49.4425,,25.083333333333332,70.42875,,21.95125,40.339999999999996,0.36375,67.41666666666667,0.0
2018-05-24,18.6775,46.35041666666667,,22.125,65.02583333333332,,,49.365833333333335,0.4191666666666667,57.291666666666664,0.0
2018-05-25,20.599583333333335,37.259375,,27.25,57.85791666666666,,,33.85368421052632,0.3775,55.3125,0.0
2018-05-26,4.907916666666667,26.80666666666667,,5.083333333333333,31.638333333333332,,,48.454375,0.22458333333333333,24.541666666666668,0.0
2018-05-27,4.6154166666666665,24.82875,,7.875,29.44333333333333,,,56.009166666666665,0.1729166666666667,27.583333333333332,0.0
2018-05-28,15.840625000000001,34.70333333333333,,12.375,50.539791666666666,,,28.588541666666668,0.3383333333333333,35.875,0.0
2018-05-29,15.566249999999998,30.334166666666665,,8.75,45.90166666666667,,24.90875,39.389583333333334,0.2316666666666667,29.125,5.8
2018-05-30,32.28416666666667,50.088750000000005,,15.875,82.37625,,24.495833333333334,20.735833333333336,0.42375,46.25,0.0
2018-05-31,11.036666666666667,36.52708333333333,,16.083333333333332,47.56666666666666,,25.67125,33.78125,0.2916666666666667,37.291666666666664,0.0
2018-06-01,30.960416666666664,42.8225,,12.333333333333334,73.78041666666667,,27.24,22.2675,0.4033333333333333,35.458333333333336,0.0
2018-06-02,63.173750000000005,68.56291666666667,,27.083333333333332,131.74041666666668,,28.451666666666668,29.75916666666667,0.745,57.75,0.0
2018-06-03,10.22,32.93416666666666,,14.125,43.156666666666666,,24.060833333333335,41.72,0.18541666666666667,38.583333333333336,0.4
2018-06-04,13.855833333333335,37.471250000000005,,5.625,51.324999999999996,,21.532083333333333,29.525833333333335,0.24375,26.458333333333332,3.2
2018-06-05,26.15416666666667,46.61000000000001,,10.333333333333334,72.765,,22.328333333333333,16.870833333333334,0.34041666666666665,36.291666666666664,1.8000000000000003
2018-06-06,28.913749999999997,39.815,,12.166666666666666,68.71916666666667,,24.946250000000003,24.318749999999998,0.34791666666666665,36.875,0.2
2018-06-07,39.93416666666666,50.76125,,17.458333333333332,90.68916666666667,,24.297916666666666,11.1825,0.56875,56.0,7.199999999999999
2018-06-08,23.669583333333332,40.505833333333335,,10.333333333333334,64.16708333333334,,23.067083333333333,16.54125,0.33708333333333335,39.875,0.0
2018-06-09,9.420833333333333,35.214999999999996,,12.625,44.630833333333335,,23.446250000000003,30.311666666666667,0.21208333333333332,46.083333333333336,0.0
2018-06-10,27.73125,48.68208333333334,,16.0,76.41250000000001,,25.84375,32.11958333333333,0.5704166666666667,40.416666666666664,0.0
2018-06-11,78.14416666666666,67.28958333333334,,24.46153846153846,145.43333333333334,,26.151666666666667,18.547083333333333,0.7275,66.41666666666667,0.0
2018-06-12,89.7475,62.946666666666665,,34.175,152.69833333333335,,28.83458333333333,18.535416666666666,0.6483333333333333,75.45833333333333,0.0
2018-06-13,35.166666666666664,53.2875,,30.958333333333332,88.4575,,28.277083333333334,50.70583333333334,0.4041666666666666,62.958333333333336,0.0
2018-06-14,9.622083333333334,33.029583333333335,,5.583333333333333,42.79624999999999,,23.20125,35.775416666666665,0.23958333333333334,24.125,1.5999999999999999
2018-06-15,22.088333333333335,43.699999999999996,,12.041666666666666,65.78875000000001,,21.32125,17.595833333333335,0.3629166666666667,27.5,10.600000000000001
2018-06-16,22.17,40.572916666666664,,9.666666666666666,62.74041666666667,,21.917083333333334,15.081666666666665,0.39083333333333337,27.083333333333332,0.8
2018-06-17,13.900208333333333,31.308958333333333,,9.75,45.210625,,23.102500000000003,24.199791666666666,0.3797916666666667,26.75,0.8
2018-06-18,7.7124999999999995,29.145,,4.333333333333333,36.861666666666665,,22.8875,27.088333333333335,0.16916666666666666,18.375,9.8
2018-06-19,15.685833333333333,33.3075,,4.083333333333333,48.99375,,23.388333333333335,25.907083333333333,0.25833333333333336,22.541666666666668,0.0
2018-06-20,60.865,56.76083333333333,,21.979166666666668,117.62083333333334,,24.20875,33.65375,0.6974999999999999,52.583333333333336,0.0
2018-06-21,150.18394736842106,79.82131578947369,,49.166666666666664,230.00473684210527,,25.305000000000003,23.627368421052633,0.9075000000000001,100.375,0.0
2018-06-22,77.09625,70.35791666666667,,45.375,147.45458333333332,,26.336250000000003,25.794583333333335,0.47875,88.875,0.0
2018-06-23,29.51291666666667,82.40708333333333,,48.958333333333336,111.92458333333333,,26.871666666666666,44.0725,0.6045833333333334,85.83333333333333,0.0
2018-06-24,25.214166666666667,67.21124999999999,,43.0,92.42375,,28.797083333333333,43.96333333333333,0.5791666666666667,72.58333333333333,0.0
2018-06-25,11.950833333333334,66.90541666666667,,30.041666666666668,78.85458333333334,,26.26625,44.26083333333333,0.4295833333333334,68.45833333333333,0.0
2018-06-26,45.2175,85.31208333333333,,34.208333333333336,130.53166666666667,,28.272916666666664,22.46875,0.625,68.04166666666667,0.0
2018-06-27,19.802916666666665,52.82708333333333,,25.625,72.62,,25.50791666666667,34.879583333333336,0.38958333333333334,65.25,0.0
2018-06-28,19.362083333333334,59.69875,,32.875,79.05208333333333,,26.338333333333335,20.753333333333334,0.4175,71.0,0.0
2018-06-29,26.922083333333333,38.746249999999996,,15.625,65.68416666666667,,26.145,23.130416666666665,0.29789473684210527,38.875,0.0
2018-06-30,52.748333333333335,46.598333333333336,,15.75,99.35208333333333,,27.051666666666666,21.127083333333335,0.6245833333333334,44.5,0.0
2018-07-01,23.62125,42.583333333333336,,34.291666666666664,66.205,,25.848333333333333,39.33958333333333,0.6228571428571429,72.79166666666667,0.0
2018-07-02,31.732083333333332,63.202708333333334,,48.958333333333336,94.93604166666667,,27.4075,43.75541666666666,0.5741666666666666,94.25,0.0
2018-07-03,91.90416666666665,47.515833333333326,,45.5,139.41125,,27.385416666666668,34.51916666666667,0.6745833333333334,113.70588235294117,0.4
2018-07-04,5.555625,28.710833333333337,,6.333333333333333,34.245625,,25.51125,33.43625,0.10166666666666667,25.5,0.0
2018-07-05,38.14458333333334,58.64125000000001,,30.875,96.77041666666666,,26.881666666666664,35.97541666666667,0.7725,73.79166666666667,0.0
2018-07-06,36.11270833333334,60.752916666666664,,51.791666666666664,96.85895833333335,,26.66,34.3825,0.4895833333333333,113.83333333333333,0.0
2018-07-07,30.777142857142856,99.32714285714285,,41.333333333333336,130.09857142857143,,26.339583333333334,44.655,0.4454166666666666,90.0,0.0
2018-07-08,59.29291666666666,78.54333333333334,,53.0,137.83624999999998,,27.502916666666664,30.020416666666666,0.94125,100.625,0.0
2018-07-09,61.20083333333333,58.91833333333333,,32.166666666666664,120.12375000000002,,25.99,38.495,0.32916666666666666,74.16666666666667,0.0
2018-07-10,18.03291666666667,47.29458333333333,,5.5,65.32416666666667,,21.140416666666667,26.383958333333336,0.32,25.625,9.600000000000001
2018-07-11,32.665416666666665,52.767500000000005,,6.708333333333333,85.42833333333334,,21.05666666666667,21.015833333333333,0.285,31.875,0.2
2018-07-12,41.212916666666665,53.83583333333333,,10.583333333333334,95.04208333333334,,21.169583333333332,22.0925,0.2804166666666667,42.333333333333336,0.0
2018-07-13,81.60666666666667,69.45125,,26.458333333333332,151.05833333333334,,23.015833333333333,17.934166666666666,0.5979166666666667,66.29166666666667,0.0
2018-07-14,39.90125,79.22083333333333,,36.333333333333336,119.11208333333333,,24.637083333333333,31.702916666666667,0.41208333333333336,82.04166666666667,0.0
2018-07-15,48.51083333333333,81.21958333333333,,48.625,129.72375,,26.144166666666667,36.10208333333333,0.6862499999999999,79.625,0.0
2018-07-16,193.82125,91.54333333333334,,45.291666666666664,285.3858333333333,,28.009583333333335,28.443749999999998,1.1125,85.91666666666667,0.0
2018-07-17,114.73708333333333,78.28333333333333,,52.541666666666664,193.02041666666665,,25.329583333333332,28.767916666666665,0.6175,101.375,0.0
2018-07-18,26.406666666666666,83.12,,46.625,109.53041666666667,,27.292916666666667,29.390416666666667,0.4870833333333333,92.79166666666667,0.0
2018-07-19,50.069583333333334,74.87625,,38.458333333333336,124.93624999999999,,27.86729166666667,31.469583333333333,0.51,75.58333333333333,0.0
2018-07-20,34.972500000000004,69.73916666666666,,30.583333333333332,104.71125,,27.848333333333333,26.937083333333334,0.4658333333333333,64.875,0.0
2018-07-21,38.293749999999996,55.26416666666666,,25.041666666666668,93.5625,,27.8125,45.31333333333333,0.49,69.625,0.0
2018-07-22,5.800416666666667,34.11833333333333,,17.083333333333332,39.91625,,25.275000000000002,37.308749999999996,0.27,70.5,1.6
2018-07-23,23.34625,52.88583333333333,,23.833333333333332,76.23458333333333,,26.280416666666667,26.27916666666667,0.36625,60.833333333333336,0.0
2018-07-24,37.662083333333335,52.89791666666667,,26.541666666666668,90.55833333333334,,25.160416666666666,26.410416666666666,0.42500000000000004,62.5,0.0
2018-07-25,12.146666666666668,40.807916666666664,,14.875,52.95583333333334,,26.414583333333336,38.38,0.21916666666666665,39.083333333333336,0.0
2018-07-26,13.60125,45.33916666666667,,21.416666666666668,58.937083333333334,,26.34875,38.4375,0.29375,45.625,0.0
2018-07-27,14.537916666666668,50.905,,16.291666666666668,65.44208333333333,,26.616249999999997,18.08888888888889,0.335,43.75,0.0
2018-07-28,18.582916666666666,58.975833333333334,,20.875,77.56166666666667,,27.5775,38.38166666666667,0.4429166666666667,47.166666666666664,0.0
2018-07-29,20.483333333333334,53.2275,,20.75,73.71083333333333,,28.855,27.677083333333332,0.5187499999999999,48.708333333333336,0.0
2018-07-30,61.47722222222222,42.635555555555555,,26.708333333333332,104.11555555555555,,26.59958333333333,38.767916666666665,0.5545833333333333,65.0625,0.0
2018-07-31,10.566666666666666,33.68625,,15.666666666666666,44.254999999999995,,23.660416666666666,24.965,0.43166666666666664,50.041666666666664,2.0
2018-08-01,10.744583333333333,27.063333333333333,,3.8333333333333335,37.80708333333333,,22.638333333333335,26.463333333333335,0.255,27.0,8.0
2018-08-02,6.06625,20.8825,,1.375,26.925833333333333,,21.737916666666667,31.746666666666666,0.29291666666666666,12.625,4.4
2018-08-03,37.28541666666667,34.089166666666664,,10.708333333333334,71.37458333333333,,22.479583333333334,16.351666666666667,0.7741666666666666,28.083333333333332,9.2
2018-08-04,11.322916666666666,22.33458333333333,,15.125,33.65375,,24.12708333333333,29.957083333333333,0.24750000000000003,33.333333333333336,8.0
2018-08-05,6.472916666666666,30.52541666666667,,18.041666666666668,36.99916666666667,,24.9025,44.77291666666667,0.39041666666666663,39.0,0.0
2018-08-06,13.485,39.68625,,11.0,53.17541666666667,,22.538,23.702083333333334,0.33958333333333335,29.333333333333332,12.400000000000002
2018-08-07,36.23,52.07,,10.0,88.31124999999999,,,12.740833333333333,0.37625,24.916666666666668,2.1999999999999997
2018-08-08,27.1775,42.845416666666665,,16.166666666666668,70.02416666666666,,25.59,23.493750000000002,0.24750000000000003,35.083333333333336,0.0
2018-08-09,54.04583333333333,68.14541666666666,,30.958333333333332,122.19833333333334,,27.45625,29.152916666666666,0.6820833333333334,60.541666666666664,0.0
2018-08-10,8.96875,32.93083333333333,,9.125,41.90291666666666,,24.499583333333334,41.982083333333335,0.2604166666666667,49.375,0.0
2018-08-11,13.597916666666668,38.64125,1.2100000000000002,10.166666666666666,52.23583333333334,,24.53833333333333,47.20791666666667,0.25958333333333333,37.333333333333336,0.0
2018-08-12,11.112499999999999,32.250416666666666,1.0531249999999999,13.916666666666666,43.35916666666666,,23.78,41.626666666666665,0.24125,29.625,0.0
2018-08-13,14.731250000000001,40.10708333333333,0.8277083333333334,12.625,54.83708333333333,,23.805833333333336,34.92583333333334,0.25458333333333333,33.416666666666664,0.0
2018-08-14,25.43625,46.96208333333333,2.24625,19.875,72.39833333333333,,25.3475,41.31125,0.32,43.958333333333336,0.0
2018-08-15,32.63333333333333,46.96416666666667,1.9960416666666667,18.0,79.59666666666666,,23.825,37.70916666666667,0.38458333333333333,43.041666666666664,0.0
2018-08-16,16.177916666666665,46.61833333333333,1.2610416666666666,17.458333333333332,62.788333333333334,,23.46875,30.136666666666667,0.33041666666666664,45.125,0.0
2018-08-17,27.932083333333335,54.47625,3.918333333333333,20.458333333333332,82.40708333333333,,23.102500000000003,20.605416666666667,0.43583333333333335,47.75,7.2
2018-08-18,13.223333333333334,35.78333333333333,0.8327083333333333,11.875,49.009166666666665,,23.87,32.9825,0.18708333333333335,22.791666666666668,0.0
2018-08-19,15.116666666666667,42.327083333333334,7.50125,13.625,57.44291666666667,,25.773749999999996,35.6325,0.38625,27.458333333333332,0.0
2018-08-20,22.179583333333337,53.36000000000001,21.766458333333333,23.791666666666668,75.54291666666667,,26.974166666666665,45.0375,0.39916666666666667,44.708333333333336,0.0
2018-08-21,12.72625,52.151250000000005,10.955416666666666,28.0,64.87666666666667,,26.724166666666665,48.650416666666665,0.28395833333333337,53.833333333333336,0.0
2018-08-22,16.694583333333334,53.5875,1.8858333333333333,36.166666666666664,70.28125,,25.96666666666667,45.78375,0.48291666666666666,70.375,0.0
2018-08-23,29.966250000000002,65.49583333333334,29.890833333333333,42.083333333333336,95.46125,,28.58375,52.142500000000005,0.4466666666666667,77.58333333333333,0.0
2018-08-24,31.170833333333334,63.14166666666667,20.806250000000002,37.291666666666664,94.31291666666665,,30.109583333333333,32.09458333333333,0.43875,68.79166666666667,0.0
2018-08-25,29.40833333333333,63.59458333333333,4.580416666666667,29.791666666666668,93.00291666666668,,26.746666666666666,29.530416666666667,0.5295833333333334,66.66666666666667,0.0
2018-08-26,4.944999999999999,26.03125,0.34541666666666665,10.166666666666666,30.975416666666664,,21.727083333333336,48.095416666666665,0.21458333333333335,26.541666666666668,1.8
2018-08-27,14.825625,40.1775,0.39375,12.666666666666666,54.999791666666674,,21.04375,30.285416666666666,0.28979166666666667,25.208333333333332,1.6
2018-08-28,6.536041666666667,26.620416666666667,1.676842105263158,6.125,33.16020833333334,,23.828541666666666,45.22208333333333,0.38187499999999996,28.291666666666668,0.0
2018-08-29,21.903750000000002,38.32583333333333,3.3212500000000005,12.291666666666666,60.23083333333333,,25.763333333333332,45.32041666666667,0.4579166666666667,29.041666666666668,0.0
2018-08-30,17.24416666666667,43.54291666666666,9.11125,13.479166666666666,60.78375,,27.721249999999998,36.347500000000004,0.4920833333333334,30.875,0.0
2018-08-31,38.44833333333333,53.699999999999996,6.567083333333334,16.208333333333332,92.14541666666668,,30.276666666666667,33.00833333333333,0.65125,36.375,0.0
2018-09-01,43.81041666666667,50.513749999999995,2.8175000000000003,23.708333333333332,94.32,,28.78,44.650416666666665,0.6704166666666667,52.333333333333336,0.0
2018-09-02,4.12875,34.13625,12.270000000000001,31.208333333333332,38.26625,,28.26625,69.96708333333333,0.5941666666666666,52.833333333333336,0.0
2018-09-03,6.819583333333333,42.098333333333336,7.887291666666666,33.25,48.9175,,26.8475,74.34541666666667,0.5775,57.416666666666664,8.0
2018-09-04,12.331249999999999,34.61833333333333,0.34791666666666665,11.0,46.952916666666674,,24.46291666666667,45.57916666666667,0.5254166666666666,19.291666666666668,1.9999999999999998
2018-09-05,13.376666666666667,31.937083333333334,0.5820833333333334,7.708333333333333,45.31708333333333,,23.10291666666667,41.68333333333333,0.3975,22.416666666666668,0.0
2018-09-06,10.371666666666668,35.01583333333333,2.1616666666666666,8.5,45.39041666666666,,22.842083333333335,38.347500000000004,0.37916666666666665,24.833333333333332,0.0
2018-09-07,3.91625,19.47875,1.6987500000000002,8.291666666666666,23.395833333333332,,24.904583333333335,61.354166666666664,0.3445833333333333,21.791666666666668,0.0
2018-09-08,12.543750000000001,26.491249999999997,2.685416666666667,12.708333333333334,39.03541666666667,,24.735416666666666,59.23916666666667,0.3516666666666666,25.208333333333332,0.0
2018-09-09,7.150833333333334,28.11791666666667,5.41375,13.333333333333334,35.26708333333333,,25.094166666666666,63.90125,0.435,27.0,0.0
2018-09-10,6.895416666666667,29.883750000000003,0.82875,9.291666666666666,36.78041666666667,,24.755625,42.08375,0.2866666666666667,,0.0
2018-09-11,5.317083333333334,22.95375,1.345,10.166666666666666,28.270833333333332,,24.144583333333333,44.65375,0.6045833333333334,,0.0
2018-09-12,4.010833333333333,18.069583333333334,0.9095833333333334,8.0,22.080833333333334,,24.18375,51.92124999999999,0.29291666666666666,,0.0
2018-09-13,5.114999999999999,20.360833333333336,0.8433333333333334,8.5,25.47791666666667,,24.866666666666664,54.47541666666667,0.3770833333333334,,0.0
2018-09-14,12.432083333333333,41.63041666666667,3.4658333333333338,15.583333333333334,54.068333333333335,,25.303749999999997,37.0675,0.4370833333333333,,12.799999999999999
2018-09-15,11.432916666666666,34.74583333333333,1.9358333333333333,17.125,46.17791666666667,,24.934583333333332,45.05833333333334,0.5220833333333333,,2.5999999999999996
2018-09-16,6.725833333333334,25.614583333333332,,9.333333333333334,32.3375,,24.177083333333332,42.96416666666667,0.4354166666666666,,0.4
2018-09-17,26.530833333333334,48.87833333333333,12.292916666666665,18.791666666666668,75.40791666666667,,22.803749999999997,18.815416666666668,0.5891666666666667,,3.2
2018-09-18,52.965833333333336,56.39041666666666,6.76625,21.75,109.35541666666667,,27.4175,24.01625,0.83625,,0.0
2018-09-19,33.297916666666666,61.19916666666666,3.40625,20.875,94.5025,,30.54375,35.775,0.5108333333333334,,0.0
2018-09-20,18.425833333333333,75.69916666666667,7.469166666666666,29.791666666666668,94.125,,28.89375,37.45291666666667,0.70125,,0.0
2018-09-21,10.809583333333334,42.935833333333335,3.9525,25.708333333333332,53.745000000000005,,26.66875,44.9075,0.6079166666666667,,0.4
2018-09-22,7.271249999999999,39.89208333333333,1.7220833333333336,18.166666666666668,47.16458333333333,,27.00208333333333,64.71916666666667,0.5141666666666667,26.0,0.0
2018-09-23,3.7925,26.627916666666668,5.68,13.208333333333334,30.422916666666666,,28.75791666666667,72.16833333333334,0.5283333333333333,26.333333333333332,0.0
2018-09-24,8.2575,41.749583333333334,13.163333333333334,28.5,50.00458333333333,,28.31625,72.02,0.5920833333333334,51.791666666666664,0.0
2018-09-25,7.1725,38.217083333333335,5.704166666666667,21.875,45.39124999999999,,28.436666666666667,71.38833333333334,0.5808333333333333,40.25,0.0
2018-09-26,9.418333333333333,48.161249999999995,13.3225,27.604166666666668,57.58083333333334,,30.513333333333332,55.26895833333333,0.5533333333333333,54.666666666666664,4.4
2018-09-27,6.949583333333333,36.275416666666665,3.571111111111111,21.833333333333332,43.2225,,28.75125,70.18041666666666,0.49291666666666667,50.291666666666664,7.3999999999999995
2018-09-28,15.202083333333334,51.977916666666665,2.0054166666666666,15.166666666666666,67.17541666666666,,25.93166666666667,38.235416666666666,0.6104166666666667,31.416666666666668,2.6
2018-09-29,6.192916666666666,32.39958333333333,1.4633333333333332,,38.5925,,26.708333333333332,38.895,0.44,22.125,2.6
2018-09-30,3.97125,22.290833333333335,0.35958333333333337,,26.26,,29.243333333333336,52.95041666666666,0.45458333333333334,20.791666666666668,0.0
2018-10-01,22.197916666666668,54.48375000000001,5.304583333333333,,76.67833333333333,,29.120833333333334,23.44333333333333,0.74125,38.0,0.0
2018-10-02,35.58166666666666,59.19416666666667,1.1268421052631579,,94.77208333333333,,31.44125,48.903333333333336,0.64125,49.083333333333336,0.0
2018-10-03,12.957500000000001,56.07,13.256666666666668,,69.03416666666666,,31.207083333333333,66.97125,0.62625,54.291666666666664,0.0
2018-10-04,7.1620833333333325,34.91041666666667,0.6841666666666667,,42.074999999999996,,27.942083333333333,55.72083333333333,0.5091666666666667,30.75,0.0
2018-10-05,13.750833333333333,30.426666666666666,2.1158333333333332,,44.17333333333334,,24.074166666666667,39.564166666666665,0.42124999999999996,19.958333333333332,7.8
2018-10-06,9.591666666666667,31.01375,2.8579166666666667,,40.6,,22.743750000000002,28.31958333333333,0.4879166666666666,27.416666666666668,8.600000000000001
2018-10-07,3.9283333333333332,17.50375,1.6937499999999999,,21.430000000000003,,24.424999999999997,47.67458333333334,0.6737500000000001,13.791666666666666,0.0
2018-10-08,33.729166666666664,48.800000000000004,16.239166666666666,,82.52833333333334,,,13.590833333333334,0.5154166666666667,26.541666666666668,
2018-10-09,55.41916666666666,48.5925,4.600833333333333,,104.01083333333334,,,14.603333333333333,0.86,37.916666666666664,
2018-10-10,58.04270833333333,50.14041666666666,2.78125,,108.183125,,,43.75208333333333,0.69375,42.958333333333336,
2018-10-11,12.884166666666665,48.23374999999999,1.0904166666666668,,61.11666666666667,,,27.541875,0.6508333333333333,24.708333333333332,1.7999999999999998
2018-10-12,4.587083333333333,28.319166666666664,0.0175,,32.906666666666666,,,36.62,0.59375,18.208333333333332,0.6000000000000001
2018-10-13,12.154166666666667,40.10875,4.4225,,52.27333333333333,,,60.225833333333334,0.58,33.833333333333336,7.6
2018-10-14,6.665,23.447916666666668,0.43166666666666664,,30.111666666666668,,,36.87583333333333,0.375,19.041666666666668,0.8
2018-10-15,8.107083333333334,28.782916666666665,3.23625,,36.876666666666665,,,29.0525,0.43166666666666664,19.166666666666668,0.0
2018-10-16,5.341666666666666,20.84208333333333,0.9495833333333333,5.75,26.18375,,,40.159166666666664,0.415,14.458333333333334,0.0
2018-10-17,6.460833333333333,26.487083333333334,1.1995833333333332,7.583333333333333,32.946666666666665,,,33.620416666666664,0.4908333333333333,17.125,0.0
2018-10-18,16.400000000000002,47.14083333333334,4.307083333333334,14.9375,63.53916666666667,,,24.174583333333334,0.64625,32.416666666666664,0.0
2018-10-19,9.674999999999999,35.92583333333334,2.1423076923076922,17.75,45.935,,,39.69625,0.4191666666666667,31.375,2.6
2018-10-20,5.261666666666667,15.225416666666668,0.41125000000000006,8.0625,20.476666666666667,,,46.10958333333334,0.258,23.666666666666668,1.4
2018-10-21,11.495833333333332,24.480833333333333,1.8016666666666667,12.416666666666666,35.969166666666666,,,33.72958333333333,,27.416666666666668,0.0
2018-10-22,5.261666666666667,20.737083333333334,1.9808333333333332,9.958333333333334,26.01125,,,51.94833333333333,,27.25,0.0
2018-10-23,12.610208333333333,39.83979166666666,6.53,20.708333333333332,52.44354166666667,,,56.16708333333333,0.505,41.875,4.4
2018-10-24,6.5625,30.663750000000004,2.115,12.208333333333334,37.225833333333334,,,52.93083333333333,0.4033333333333333,31.208333333333332,1.4
2018-10-25,12.815416666666666,40.54958333333333,0.24583333333333335,9.791666666666666,53.36375,,,25.041666666666668,0.4752941176470588,15.833333333333334,8.8
2018-10-26,10.383529411764707,34.81235294117647,1.528125,7.75,45.184705882352944,,,28.842916666666667,,16.714285714285715,0.2
2018-10-27,,,2.4125,7.5,,,,41.70291666666667,0.6445833333333334,13.333333333333334,3.0
2018-10-28,,,0.04041666666666666,7.541666666666667,,,,53.044999999999995,0.2725,22.333333333333332,0.0
2018-10-29,,,3.6504166666666666,8.458333333333334,,,,31.820833333333336,0.364,23.208333333333332,1.8
2018-10-30,,,1.5975000000000001,14.583333333333334,,,,39.431666666666665,,33.833333333333336,0.0
2018-10-31,,,4.589583333333334,11.333333333333334,,,,54.209583333333335,,30.541666666666668,0.0
2018-11-01,,,3.950833333333333,16.25,,,,43.87625,0.6578571428571429,34.875,0.0
2018-11-02,,,1.1525,17.645833333333332,,,,51.030833333333334,0.19375,28.416666666666668,0.0
2018-11-03,,,2.27,15.333333333333334,,,,56.65625,0.3466666666666667,30.625,0.0
2018-11-04,,,0.19166666666666665,7.479166666666667,,,,54.82708333333333,0.1325,15.791666666666666,9.6
2018-11-05,,,0.5083333333333333,5.291666666666667,,,,37.899166666666666,0.19291666666666665,17.75,4.2
2018-11-06,,,0.8374999999999999,6.354166666666667,,,,43.26666666666667,,16.583333333333332,0.0
2018-11-07,,,2.5316666666666667,7.541666666666667,,,,36.115208333333335,,14.291666666666666,47.2
2018-11-08,,,0.41124999999999995,3.9166666666666665,,,,18.478333333333335,,6.75,38.2
2018-11-09,,,0.0325,4.229166666666667,,,,28.28625,,7.458333333333333,3.4
2018-11-10,,,1.0725,6.333333333333333,,,,40.46666666666666,,11.541666666666666,0.2
2018-11-11,,,1.5791666666666666,9.5625,,,,42.919999999999995,,19.0,0.0
2018-11-12,,,4.649166666666667,14.458333333333334,,,,45.02333333333333,,26.958333333333332,0.0
2018-11-13,,,1.4783333333333333,8.125,,,,43.26499999999999,,19.166666666666668,0.0
2018-11-14,,,2.4470833333333335,12.541666666666666,,0.0,,39.500416666666666,,18.3,0.0
2018-11-15,,,0.7666666666666666,11.083333333333334,,,,59.55375,,25.392857142857142,0.0
2018-11-16,,,0.15583333333333335,12.38888888888889,,,,42.97416666666667,,23.833333333333332,0.2
2018-11-17,,,1.5358333333333334,9.125,,,,46.57458333333333,,27.708333333333332,0.0
2018-11-18,,,1.6841666666666664,7.625,,,,40.18375,,20.0,0.0
2018-11-19,,,0.0625,5.916666666666667,,,,35.67333333333333,,11.833333333333334,25.400000000000002
2018-11-20,,,1.5466666666666666,5.95,,,,32.272083333333335,,10.625,22.6
2018-11-21,,,2.1991666666666667,12.25,,,,20.502083333333335,,30.125,0.4
2018-11-22,,,3.2783333333333338,21.458333333333332,,,,40.22125,,45.578947368421055,0.0
2018-11-23,,,2.19625,11.833333333333334,,,,30.96875,,31.0,0.0
2018-11-24,18.436,42.60066666666667,4.26375,10.479166666666666,61.04,,,26.54875,,26.083333333333332,0.0
2018-11-25,6.416250000000001,21.812083333333334,0.08583333333333333,8.791666666666666,28.227500000000003,,,53.87083333333334,,17.5625,10.999999999999998
2018-11-26,18.543333333333333,32.57625,1.0010416666666666,11.4375,51.12520833333334,,,25.239473684210527,,17.291666666666668,0.4
2018-11-27,16.931250000000002,25.80125,0.463125,7.958333333333333,42.725833333333334,,,26.340416666666666,0.49666666666666665,23.5,0.6
2018-11-28,12.977083333333333,28.2475,0.034583333333333334,10.666666666666666,41.21875,,,33.95583333333334,0.24583333333333335,20.458333333333332,0.0
2018-11-29,12.157499999999999,36.32,2.305,11.5,48.47541666666667,,,52.67291666666667,0.35000000000000003,29.5,0.0
2018-11-30,15.839166666666666,51.83916666666667,3.889583333333333,20.875,67.67833333333333,,,58.219166666666666,0.5091666666666667,46.411764705882355,0.0
2018-12-01,15.0225,38.34041666666667,0.8627083333333333,9.875,53.37875,,,41.842083333333335,0.45999999999999996,23.166666666666668,0.8
2018-12-02,4.965,20.0525,0.3825,7.708333333333333,25.014166666666668,,,52.706250000000004,0.26333333333333336,21.104166666666668,0.6
2018-12-03,17.1875,30.17375,0.5958333333333333,6.791666666666667,47.362500000000004,,,28.14,0.3179166666666667,20.416666666666668,2.6
2018-12-04,10.75625,24.349166666666665,4.1658333333333335,7.375,35.10333333333333,,,42.755833333333335,0.28375,20.416666666666668,0.0
2018-12-05,14.667499999999999,33.68,1.15375,12.625,48.349583333333335,,,46.30916666666667,0.35625,28.736842105263158,1.4
2018-12-06,9.41125,25.66125,1.3579166666666669,13.083333333333334,35.071666666666665,,,51.52166666666667,0.2579166666666667,30.541666666666668,0.0
2018-12-07,19.468333333333334,40.87625,0.17,10.083333333333334,60.34166666666667,,,24.395,0.42291666666666666,22.041666666666668,23.200000000000003
2018-12-08,16.33458333333333,23.63208333333333,0.80875,8.375,39.96541666666666,,,25.47791666666667,0.265,13.291666666666666,11.600000000000001
2018-12-09,21.955416666666665,17.554166666666667,1.8470833333333332,10.0625,39.51,,,34.93416666666666,0.25125000000000003,23.708333333333332,0.0
2018-12-10,12.193333333333333,29.919166666666666,6.170000000000001,9.791666666666666,42.11,,,42.20291666666667,0.25125000000000003,19.625,0.0
2018-12-11,24.286666666666665,45.8975,3.545833333333334,16.541666666666668,70.18166666666666,,,57.48416666666666,0.38375000000000004,34.2,0.0
2018-12-12,22.392916666666665,54.92291666666667,7.15625,24.208333333333332,77.31583333333333,,,60.41375,0.4041666666666666,58.23076923076923,0.0
2018-12-13,19.31,55.97291666666666,2.702916666666667,31.583333333333332,75.27458333333333,,,76.65208333333334,0.3804166666666666,,0.0
2018-12-14,13.577916666666667,54.88375,10.378235294117648,33.416666666666664,68.46166666666666,,,62.91958333333333,0.39041666666666663,,0.0
2018-12-15,13.38875,51.69,11.206249999999999,30.4375,65.07791666666667,,,69.31458333333333,0.48666666666666664,,0.0
2018-12-16,4.745833333333333,25.894583333333333,0.048235294117647064,19.0,30.64,,,64.16791666666667,0.36999999999999994,,0.0
2018-12-17,8.630833333333333,31.888333333333335,5.979166666666667,20.083333333333332,40.51708333333333,,,56.50333333333333,0.33083333333333337,,0.0
2018-12-18,13.7275,37.82666666666667,0.83625,18.583333333333332,51.560833333333335,,,70.365,0.38458333333333333,,0.0
2018-12-19,6.52375,28.43041666666667,0.5977083333333334,18.541666666666668,34.956250000000004,,,63.7075,0.3225,,0.0
2018-12-20,10.109375,43.56625,5.384166666666666,28.583333333333332,53.67458333333334,,,44.55375,0.45541666666666664,,4.4
2018-12-21,11.002916666666666,48.73458333333334,3.935416666666667,26.0,59.739583333333336,,,53.19,0.46708333333333335,64.0,0.0
2018-12-22,5.27625,46.39625,1.90625,23.791666666666668,51.673750000000005,,,101.83375000000001,0.4779166666666667,45.2,0.0
2018-12-23,3.7920833333333337,26.8475,1.1972916666666666,20.541666666666668,30.643333333333334,,,95.04333333333334,0.34,34.791666666666664,0.0
2018-12-24,7.791249999999999,27.47375,0.5695833333333333,12.25,35.263333333333335,,,46.91583333333333,0.38625,23.729166666666668,27.799999999999997
2018-12-25,5.545416666666667,17.022916666666667,0.42041666666666666,10.958333333333334,22.569999999999997,,,39.375416666666666,0.27625,21.125,0.2
2018-12-26,12.331666666666665,25.852083333333336,1.5191666666666668,7.875,38.185,,,24.245416666666667,0.31083333333333335,18.791666666666668,0.4
2018-12-27,13.796666666666667,24.894583333333333,2.8541666666666665,8.041666666666666,38.69083333333334,,,29.263333333333335,0.2675,20.083333333333332,0.2
2018-12-28,10.584999999999999,30.806250000000002,1.9595833333333335,9.645833333333334,41.389583333333334,,,41.997499999999995,0.315,19.441176470588236,0.0
2018-12-29,8.647499999999999,26.30875,0.06583333333333334,9.81578947368421,34.95583333333334,,,51.88708333333333,0.39666666666666667,19.375,3.0
2018-12-30,3.6579166666666665,16.77625,1.6504166666666666,10.020833333333334,20.431250000000002,,,64.49833333333333,0.3275,17.625,0.0
2018-12-31,4.595416666666667,25.5825,1.5106666666666666,20.916666666666668,30.178749999999997,,,63.584583333333335,0.4691666666666667,21.666666666666668,0.0
