data,no,no2,so2,pm2_5,nox,ur,temp,o3,co,pm10,chuva,aqi,qualidade_do_ar
2012-01-01,,,,,,93.81458333333335,25.039583333333336,39.746249999999996,,18.5,39.0,20,N1 - Boa
2012-01-02,,,,,,93.03166666666665,23.057083333333335,41.61708333333333,,9.583333333333334,21.2,21,N1 - Boa
2012-01-03,,,,,,84.23105263157895,23.503684210526316,17.3775,,20.764705882352942,0.0,19,N1 - Boa
2012-01-04,,,,,,78.87458333333333,25.042708333333334,36.619166666666665,,30.583333333333332,0.0,28,N1 - Boa
2012-01-05,,,,,,78.44624999999999,25.794,49.009,,28.08695652173913,0.0,33,N1 - Boa
2012-01-06,,,,,,82.7813888888889,24.778888888888886,50.095555555555556,,21.833333333333332,5.6000000000000005,21,N1 - Boa
2012-01-07,,,,,,75.01447916666667,26.845208333333332,57.89416666666667,,14.380952380952381,0.0,36,N1 - Boa
2012-01-08,,,,,,83.84083333333334,25.990416666666665,54.469166666666666,,30.229166666666668,13.8,38,N1 - Boa
2012-01-09,,,,,,80.90791666666667,25.583541666666665,34.02395833333333,,12.416666666666666,0.0,22,N1 - Boa
2012-01-10,,,,,,84.85208333333334,24.702916666666667,26.590416666666666,,20.6875,19.2,19,N1 - Boa
2012-01-11,,,,,,86.19375000000001,25.60625,40.568333333333335,,28.520833333333332,0.0,34,N1 - Boa
2012-01-12,,,,,,73.26833333333333,27.875833333333333,34.970416666666665,,34.125,0.0,30,N1 - Boa
2012-01-13,,,,,,65.49882352941177,29.57764705882353,33.43764705882353,,30.11111111111111,0.4,27,N1 - Boa
2012-01-14,,,,,,51.60125,32.783125,52.3475,,29.0,0.0,26,N1 - Boa
2012-01-15,,,,,,61.5925,30.299166666666665,47.412083333333335,,16.333333333333332,0.2,28,N1 - Boa
2012-01-16,,,,,,85.02833333333334,26.860833333333332,49.35666666666666,,17.583333333333332,7.4,30,N1 - Boa
2012-01-17,,,,,,83.24,27.166666666666668,54.455000000000005,,34.208333333333336,0.0,49,N2 - Moderada
2012-01-18,,,,,,82.00791666666667,27.152916666666666,69.99583333333334,,34.625,0.0,45,N2 - Moderada
2012-01-19,,,,,,81.25916666666667,27.085416666666664,62.439166666666665,,36.208333333333336,3.4000000000000004,39,N1 - Boa
2012-01-20,,,,,,76.91854166666667,26.907291666666666,59.358958333333334,,29.375,0.0,37,N1 - Boa
2012-01-21,,,,,,69.16479166666666,28.853333333333335,54.953125,,44.291666666666664,0.0,53,N2 - Moderada
2012-01-22,,,,,,69.33283333333334,28.743083333333335,55.17516666666666,,37.541666666666664,0.0,38,N1 - Boa
2012-01-23,,,,,,64.1005,29.780458333333332,45.887541666666664,,49.208333333333336,0.0,43,N2 - Moderada
2012-01-24,,,,,,58.12708333333333,30.72,43.73333333333333,,71.5,0.0,60,N2 - Moderada
2012-01-25,,,,,,55.67979166666667,31.308541666666667,45.42666666666667,,57.083333333333336,0.0,49,N2 - Moderada
2012-01-26,,,,,,82.27875,26.258333333333336,63.27583333333334,,25.166666666666668,2.6000000000000005,32,N1 - Boa
2012-01-27,,,,,,93.43875000000001,22.525833333333335,50.57333333333333,,3.1904761904761907,16.2,24,N1 - Boa
2012-01-28,,,,,,94.39166666666667,21.4725,49.77791666666667,,6.5,20.799999999999997,25,N1 - Boa
2012-01-29,,,,,,90.07875,22.54125,28.338333333333335,,11.791666666666666,7.0,20,N1 - Boa
2012-01-30,,,,,,85.50666666666666,23.968333333333334,27.497708333333335,,23.458333333333332,0.0,20,N1 - Boa
2012-01-31,,,,,,85.605,24.869583333333335,42.53458333333334,,26.041666666666668,0.0,32,N1 - Boa
2012-02-01,,,,,,68.95145833333333,28.391666666666666,41.285000000000004,,35.125,0.0,33,N1 - Boa
2012-02-02,,,,,,65.51208333333334,29.334374999999998,40.73875,,45.875,0.0,41,N2 - Moderada
2012-02-03,,,,,,62.12125,29.629583333333333,40.461666666666666,,37.708333333333336,0.0,34,N1 - Boa
2012-02-04,,,,,,56.36958333333333,29.87,38.86666666666667,,32.083333333333336,0.0,28,N1 - Boa
2012-02-05,,,,,,58.42916666666667,30.24625,45.42666666666667,,36.583333333333336,0.0,33,N1 - Boa
2012-02-06,,,,,,55.090476190476195,31.480476190476192,51.91833333333334,,46.20454545454545,0.0,41,N2 - Moderada
2012-02-07,,,,,,65.44916666666667,30.13888888888889,110.44638888888889,,65.78947368421052,0.0,145,N4 - Muito Ruim
2012-02-08,,,,,,73.00727272727273,28.014772727272728,94.75545454545454,,55.608695652173914,0.0,100,N3 - Ruim
2012-02-09,,,,,,72.64888888888889,28.901111111111113,85.2688888888889,,63.22222222222222,0.0,53,N2 - Moderada
2012-02-10,,,,,,79.98520833333333,28.003125,56.67166666666666,,36.208333333333336,7.0,32,N1 - Boa
2012-02-11,,,,,,84.14666666666666,27.256249999999998,54.5925,,24.375,34.6,27,N1 - Boa
2012-02-12,,,,,,88.37708333333335,25.98,59.30416666666667,,13.333333333333334,42.400000000000006,32,N1 - Boa
2012-02-13,,,,,,80.13875,27.84,50.29,,24.833333333333332,0.0,36,N1 - Boa
2012-02-14,,,,,,74.22770833333333,28.18104166666667,33.15541666666667,,32.104166666666664,0.0,28,N1 - Boa
2012-02-15,,,,,,73.86125,27.1825,28.985,,25.958333333333332,0.0,23,N1 - Boa
2012-02-16,,,,,,75.23166666666667,26.758750000000003,21.717083333333335,,36.166666666666664,0.0,32,N1 - Boa
2012-02-17,,,,,,76.14458333333333,26.84166666666667,28.215416666666666,,31.291666666666668,0.0,28,N1 - Boa
2012-02-18,,,,,,71.16458333333334,27.589583333333334,35.80916666666667,,35.666666666666664,0.0,32,N1 - Boa
2012-02-19,,,,,,67.50333333333333,28.532916666666665,32.47,,41.583333333333336,0.0,37,N1 - Boa
2012-02-20,,,,,,65.23333333333333,29.17625,40.96791666666667,,50.5625,0.0,45,N2 - Moderada
2012-02-21,,,,,,59.53791666666667,29.35291666666667,35.4225,,46.25,0.0,41,N2 - Moderada
2012-02-22,,,,,,56.88125,30.659583333333334,45.937083333333334,,35.729166666666664,0.0,32,N1 - Boa
2012-02-23,,,,,,64.24083333333333,29.39625,64.70458333333333,,23.11764705882353,0.0,45,N2 - Moderada
2012-02-24,,,,,,78.58875,27.548333333333332,58.88458333333333,,39.6875,0.0,39,N1 - Boa
2012-02-25,,,,,,75.58395833333334,28.58791666666667,69.72875,,43.5625,0.0,67,N2 - Moderada
2012-02-26,,,,,,57.30166666666667,31.39708333333333,57.8725,,44.458333333333336,0.0,39,N1 - Boa
2012-02-27,,,,,,79.00541666666666,28.385,73.21833333333333,,34.916666666666664,0.0,38,N1 - Boa
2012-02-28,,,,,,72.39229166666667,29.43541666666667,70.43895833333333,,55.208333333333336,0.0,80,N2 - Moderada
2012-02-29,,,,,,62.91708333333333,30.077916666666667,67.25166666666667,,58.854166666666664,0.0,68,N2 - Moderada
2012-03-01,,,,,,60.85333333333333,30.007499999999997,76.36333333333333,,77.08333333333333,0.0,111,N3 - Ruim
2012-03-02,,,,,,66.11916666666666,29.149583333333336,93.28416666666668,,67.45833333333333,0.0,116,N3 - Ruim
2012-03-03,,,,,,84.45125,27.772499999999997,65.67833333333333,,24.479166666666668,0.0,64,N2 - Moderada
2012-03-04,,,,,,88.52833333333332,26.4275,37.808749999999996,,12.791666666666666,12.4,19,N1 - Boa
2012-03-05,,,,,,79.515,27.34875,39.34666666666667,,23.916666666666668,0.0,28,N1 - Boa
2012-03-06,,,,,,76.16125,27.31458333333333,18.913684210526316,,29.166666666666668,0.0,26,N1 - Boa
2012-03-07,,,,,,77.77208333333333,26.537916666666664,21.236250000000002,,32.958333333333336,0.0,29,N1 - Boa
2012-03-08,,,,,,74.58958333333332,26.62708333333333,25.17833333333333,,27.625,0.0,25,N1 - Boa
2012-03-09,,,,,,75.02625,26.9025,32.91291666666667,,36.916666666666664,0.0,33,N1 - Boa
2012-03-10,,,,,,75.29708333333333,26.020625,28.34625,,45.708333333333336,0.0,41,N2 - Moderada
2012-03-11,,,,,,67.01875,27.305833333333336,32.540416666666665,,37.291666666666664,0.0,33,N1 - Boa
2012-03-12,,,,,,71.14833333333333,27.637083333333333,50.12166666666667,,37.333333333333336,0.2,34,N1 - Boa
2012-03-13,,,,,,69.92020833333333,28.018333333333334,44.957708333333336,,28.416666666666668,0.8,29,N1 - Boa
2012-03-14,,,,,,64.62458333333333,29.4825,38.302083333333336,,30.041666666666668,0.0,27,N1 - Boa
2012-03-15,,,,,,73.52,28.289583333333336,49.89958333333333,,24.166666666666668,1.4,25,N1 - Boa
2012-03-16,,,,,,86.935,24.95375,46.919999999999995,,17.791666666666668,1.6,25,N1 - Boa
2012-03-17,,,,,,84.215,25.266666666666666,25.247500000000002,,17.958333333333332,0.0,16,N1 - Boa
2012-03-18,,,,,,80.92916666666666,24.764166666666668,22.432916666666667,,16.833333333333332,0.6,15,N1 - Boa
2012-03-19,,,,,,79.92916666666666,24.779583333333335,17.541458333333335,,36.0625,0.0,32,N1 - Boa
2012-03-20,,,,,,74.08208333333333,26.559166666666666,19.758333333333333,,40.416666666666664,0.0,36,N1 - Boa
2012-03-21,,,,,,69.90125,28.084166666666665,24.91625,,47.354166666666664,0.0,42,N2 - Moderada
2012-03-22,,,,,,69.15041666666666,29.272499999999997,39.15958333333334,,45.208333333333336,15.4,40,N1 - Boa
2012-03-23,,,,,,87.40104166666667,26.143333333333334,42.64791666666667,,16.458333333333332,13.6,24,N1 - Boa
2012-03-24,,,,,,86.99583333333334,26.51375,45.04125,,18.666666666666668,0.4,30,N1 - Boa
2012-03-25,,,,,,83.26083333333334,27.405,39.96458333333333,,26.291666666666668,0.0,27,N1 - Boa
2012-03-26,,,,,,83.37583333333333,27.74791666666667,34.51583333333333,,43.083333333333336,0.0,38,N1 - Boa
2012-03-27,,,,,,79.25708333333334,28.339583333333334,31.969583333333333,,39.0,0.0,35,N1 - Boa
2012-03-28,,,,,,92.43291666666666,24.302916666666665,33.134166666666665,,17.166666666666668,16.0,20,N1 - Boa
2012-03-29,,,,,,87.63,23.048333333333332,23.17375,,13.458333333333334,3.6,12,N1 - Boa
2012-03-30,,,,,,86.20416666666667,25.283749999999998,23.057916666666667,,32.791666666666664,0.0,29,N1 - Boa
2012-03-31,,,,,,87.66583333333334,25.72375,30.592083333333335,,19.416666666666668,2.0,17,N1 - Boa
2012-04-01,,,,,,85.4375,25.087500000000002,20.59125,,26.458333333333332,0.0,23,N1 - Boa
2012-04-02,,,,,,81.55208333333333,25.996666666666666,26.635416666666668,,32.458333333333336,0.0,28,N1 - Boa
2012-04-03,,,,,,82.03041666666667,27.21083333333333,35.111666666666665,,44.229166666666664,0.0,39,N1 - Boa
2012-04-04,,,,,,76.01666666666667,28.16,25.889583333333334,,56.625,1.5999999999999999,49,N2 - Moderada
2012-04-05,,,,,,80.73958333333333,26.914583333333336,56.040416666666665,,21.083333333333332,6.8,40,N1 - Boa
2012-04-06,,,,,,79.74916666666667,27.584166666666665,80.28958333333334,,27.5,0.2,44,N2 - Moderada
2012-04-07,,,,,,84.00375,26.564999999999998,69.25291666666666,,20.208333333333332,0.0,36,N1 - Boa
2012-04-08,,,,,,78.64208333333333,27.530833333333334,76.65791666666667,,23.5,0.0,82,N3 - Ruim
2012-04-09,,,,,,84.5125,26.903750000000002,77.24291666666666,,38.81818181818182,0.0,46,N2 - Moderada
2012-04-10,,,,,,81.98625,26.292083333333334,37.47708333333333,,40.4375,0.0,36,N1 - Boa
2012-04-11,,,,,,78.51958333333333,27.060000000000002,38.134166666666665,,43.916666666666664,0.0,39,N1 - Boa
2012-04-12,,,,,,74.29708333333333,28.09,37.56791666666667,,55.083333333333336,0.0,48,N2 - Moderada
2012-04-13,,,,,,78.87458333333333,27.474166666666665,60.40541666666667,,40.625,0.0,41,N2 - Moderada
2012-04-14,,,,,,81.18583333333333,27.542916666666667,99.54416666666667,,47.666666666666664,0.6,159,N4 - Muito Ruim
2012-04-15,,,,,,76.19708333333334,28.426666666666666,64.09541666666667,,40.125,0.4,41,N2 - Moderada
2012-04-16,,,,,,84.6225,25.12375,50.98875,,13.166666666666666,3.8000000000000003,28,N1 - Boa
2012-04-17,,,,,,81.83624999999999,24.795833333333334,32.98583333333333,,24.020833333333332,0.2,25,N1 - Boa
2012-04-18,,,,,,77.41416666666667,24.806250000000002,38.877500000000005,,39.791666666666664,0.0,36,N1 - Boa
2012-04-19,,,,,,76.31291666666667,24.94458333333333,41.620416666666664,,44.875,0.0,40,N1 - Boa
2012-04-20,,,,,,71.38958333333333,25.735833333333332,63.17333333333334,,48.40909090909091,0.0,81,N3 - Ruim
2012-04-21,,,,,,88.29458333333334,24.657916666666665,49.07875000000001,,,3.6000000000000005,39,N1 - Boa
2012-04-22,,,,,,92.440625,23.624166666666667,56.08541666666667,,6.333333333333333,7.8,31,N1 - Boa
2012-04-23,,,,,,83.37458333333333,24.24416666666667,44.66416666666667,,21.916666666666668,0.0,29,N1 - Boa
2012-04-24,,,,,,83.91208333333333,24.386666666666667,55.64416666666667,,40.5,0.0,73,N2 - Moderada
2012-04-25,,,,,,80.97416666666668,25.370416666666667,43.49125,,46.541666666666664,0.0,42,N2 - Moderada
2012-04-26,,,,,,76.69041666666666,27.346666666666668,40.979166666666664,,64.79166666666667,3.4,55,N2 - Moderada
2012-04-27,,,,,,82.47916666666667,26.027916666666666,63.39458333333334,,15.9375,0.2,32,N1 - Boa
2012-04-28,,,,,,86.07708333333333,24.58125,60.428333333333335,,17.166666666666668,9.6,32,N1 - Boa
2012-04-29,,,,,,80.0825,24.647499999999997,12.979999999999999,,19.833333333333332,0.4,18,N1 - Boa
2012-04-30,,,,,,95.10125,22.004166666666666,,,10.270833333333334,35.0,9,N1 - Boa
2012-05-01,,,,,,79.10458333333334,21.107499999999998,,,14.833333333333334,14.2,13,N1 - Boa
2012-05-02,,,,,,73.44583333333334,22.02625,60.7595,,19.041666666666668,0.0,33,N1 - Boa
2012-05-03,,,,,,84.98,22.79041666666667,42.55083333333334,,12.291666666666666,2.0,29,N1 - Boa
2012-05-04,,,,,,85.25625000000001,23.221666666666664,38.58375,,10.416666666666666,0.4,31,N1 - Boa
2012-05-05,,,,,,82.65916666666666,23.694999999999997,44.68125,,17.25,0.0,36,N1 - Boa
2012-05-06,,,,,,82.0575,23.74416666666667,42.52125,,16.708333333333332,0.0,32,N1 - Boa
2012-05-07,,,,,,82.12833333333333,23.047083333333333,36.388333333333335,,16.875,0.2,30,N1 - Boa
2012-05-08,,,,,,85.84083333333332,22.340416666666666,24.985,,17.666666666666668,0.6,22,N1 - Boa
2012-05-09,,,,,,79.68916666666667,23.518333333333334,37.57,,19.125,0.0,34,N1 - Boa
2012-05-10,,,,,,77.03875000000001,24.317916666666665,39.944583333333334,,25.125,0.0,36,N1 - Boa
2012-05-11,,,,,,66.18291666666667,26.7,46.07958333333334,,37.541666666666664,0.0,38,N1 - Boa
2012-05-12,,,,,,70.80624999999999,26.11,53.643750000000004,,24.666666666666668,0.0,38,N1 - Boa
2012-05-13,,,,,,93.17708333333333,22.682916666666667,57.52375,,11.791666666666666,10.000000000000002,30,N1 - Boa
2012-05-14,,,,,,94.47208333333333,20.435,31.219166666666666,,5.479166666666667,14.6,25,N1 - Boa
2012-05-15,,,,,,92.99541666666666,19.90791666666667,31.406666666666666,,6.916666666666667,1.6,19,N1 - Boa
2012-05-16,,,,,,92.26083333333334,20.337083333333336,42.79208333333333,,4.645833333333333,25.0,30,N1 - Boa
2012-05-17,,,,,,89.20583333333333,21.375,31.938947368421054,,5.5,2.4000000000000004,25,N1 - Boa
2012-05-18,,,,,,86.22874999999999,21.3775,24.77916666666667,,18.708333333333332,2.2,20,N1 - Boa
2012-05-19,,,,,,79.83583333333333,21.49625,25.67625,,25.541666666666668,0.0,23,N1 - Boa
2012-05-20,,,,,,75.58624999999999,21.959999999999997,31.31625,,32.625,0.0,29,N1 - Boa
2012-05-21,,,,,,74.15041666666666,22.515833333333333,30.22375,,35.791666666666664,0.0,32,N1 - Boa
2012-05-22,,,,,,77.55499999999999,22.6375,23.949583333333333,,48.416666666666664,0.0,42,N2 - Moderada
2012-05-23,,,,,,82.22833333333334,22.327916666666667,21.54416666666667,,52.541666666666664,0.0,46,N2 - Moderada
2012-05-24,,,,,,77.24541666666667,22.869583333333335,18.532083333333333,,62.5,0.0,53,N2 - Moderada
2012-05-25,,,,,,69.795,24.830833333333334,24.626666666666665,,62.958333333333336,0.0,53,N2 - Moderada
2012-05-26,,,,,,66.68166666666666,25.894166666666667,59.71458333333334,,27.833333333333332,0.0,36,N1 - Boa
2012-05-27,,,,,,82.90583333333333,23.542916666666667,50.18541666666667,,50.833333333333336,0.0,45,N2 - Moderada
2012-05-28,,,,,,77.56583333333333,24.832916666666666,43.893750000000004,,78.70833333333333,0.0,65,N2 - Moderada
2012-05-29,,,,,,75.13375,26.468333333333334,48.39166666666667,,70.47916666666667,0.0,58,N2 - Moderada
2012-05-30,,,,,,68.64375,27.485833333333332,44.467083333333335,,67.29166666666667,0.0,56,N2 - Moderada
2012-05-31,,,,,,83.27833333333334,24.83375,38.380833333333335,,43.770833333333336,0.2,39,N1 - Boa
2012-06-01,,,,,,89.46458333333334,23.815416666666668,36.38375,,26.5,2.0,23,N1 - Boa
2012-06-02,,,,,,87.64722222222223,24.583333333333332,44.01416666666666,,19.666666666666668,45.0,25,N1 - Boa
2012-06-03,,,,,,67.395,27.988333333333333,46.555416666666666,,25.833333333333332,0.0,25,N1 - Boa
2012-06-04,,,,,,60.893750000000004,29.05333333333333,40.17,,50.416666666666664,0.0,44,N2 - Moderada
2012-06-05,,,,,,83.07208333333334,25.631249999999998,46.028333333333336,,33.9375,0.6000000000000001,30,N1 - Boa
2012-06-06,,,,,,90.19666666666666,24.05541666666667,38.312916666666666,,17.416666666666668,0.8,20,N1 - Boa
2012-06-07,,,,,,95.02145833333333,21.985,41.52458333333333,,7.666666666666667,10.0,22,N1 - Boa
2012-06-08,,,,,,94.92708333333333,20.290833333333335,38.066250000000004,,9.583333333333334,6.2,22,N1 - Boa
2012-06-09,,,,,,97.820625,20.400000000000002,48.70916666666667,,3.9722222222222223,35.0,22,N1 - Boa
2012-06-10,,,,,,90.10145833333333,21.371666666666666,21.599999999999998,,13.5,0.2,17,N1 - Boa
2012-06-11,,,,,,80.76083333333334,21.97791666666667,26.491249999999997,,14.75,2.2,17,N1 - Boa
2012-06-12,,,,,,85.65875,22.118333333333336,29.37375,,15.25,0.0,24,N1 - Boa
2012-06-13,,,,,,85.06125,23.394791666666666,28.545208333333335,,32.125,0.0,28,N1 - Boa
2012-06-14,,,,,,82.17,24.16625,34.14333333333334,,37.708333333333336,0.0,34,N1 - Boa
2012-06-15,,,,,,85.55666666666667,23.199583333333333,32.1075,,55.041666666666664,0.0,48,N2 - Moderada
2012-06-16,,,,,,68.17708333333333,25.1675,35.974583333333335,,54.708333333333336,0.0,48,N2 - Moderada
2012-06-17,,,,,,86.33916666666666,22.795,46.53791666666667,,42.208333333333336,0.0,37,N1 - Boa
2012-06-18,,,,,,74.57000000000001,24.54041666666667,32.587916666666665,,76.16666666666667,0.0,63,N2 - Moderada
2012-06-19,,,,,,67.03166666666667,26.007500000000004,47.110625,,42.479166666666664,0.0,37,N1 - Boa
2012-06-20,,,,,,94.50791666666667,23.041666666666668,12.163333333333334,,37.833333333333336,3.0000000000000004,34,N1 - Boa
2012-06-21,,,,,,93.15578947368421,23.099166666666665,43.165416666666665,,10.833333333333334,21.0,20,N1 - Boa
2012-06-22,,,,,,84.79875,22.993750000000002,36.372499999999995,,9.166666666666666,16.8,22,N1 - Boa
2012-06-23,,,,,,77.49541666666666,22.770416666666666,53.85208333333333,,19.25,0.0,25,N1 - Boa
2012-06-24,,,,,,83.51736842105262,21.643333333333334,29.734166666666667,,41.541666666666664,0.0,37,N1 - Boa
2012-06-25,,,,,,88.005,21.976249999999997,41.53041666666667,,26.104166666666668,0.0,25,N1 - Boa
2012-06-26,,,,,,89.0759090909091,21.521666666666665,52.10874999999999,,21.0,7.2,26,N1 - Boa
2012-06-27,,,,,,79.51833333333333,21.55125,24.1575,,35.875,0.2,32,N1 - Boa
2012-06-28,,,,,,83.37875,22.9275,19.865416666666665,,41.083333333333336,0.0,36,N1 - Boa
2012-06-29,,,,,,74.19875,24.274583333333336,29.024583333333336,,47.583333333333336,0.0,42,N2 - Moderada
2012-06-30,,,,,,70.10083333333334,24.23,32.28541666666667,,71.58333333333333,0.0,60,N2 - Moderada
2012-07-01,,,,,,72.95541666666666,24.759583333333335,50.55125,,62.291666666666664,0.0,57,N2 - Moderada
2012-07-02,,,,,,70.31083333333333,25.507499999999997,30.551666666666666,,62.354166666666664,0.0,53,N2 - Moderada
2012-07-03,,,,,,66.57208333333334,25.34375,33.102916666666665,,72.72916666666667,0.0,60,N2 - Moderada
2012-07-04,,,,,,56.122083333333336,25.388333333333332,33.32875,,57.25,0.0,49,N2 - Moderada
2012-07-05,,,,,,62.86958333333333,24.63083333333333,36.98166666666666,,45.895833333333336,0.0,41,N2 - Moderada
2012-07-06,,,,,,66.60541666666667,25.00708333333333,27.731666666666666,,69.22916666666667,0.0,58,N2 - Moderada
2012-07-07,,,,,,75.64708333333333,23.536666666666665,37.64833333333333,,40.208333333333336,0.0,36,N1 - Boa
2012-07-08,,,,,,90.77708333333334,20.715833333333332,48.15541666666667,,22.041666666666668,12.8,24,N1 - Boa
2012-07-09,,,,,,83.82625,19.719583333333333,37.2075,,17.333333333333332,6.800000000000001,24,N1 - Boa
2012-07-10,,,,,,71.05583333333333,19.79375,25.579583333333332,,38.791666666666664,0.0,35,N1 - Boa
2012-07-11,,,,,,62.796666666666674,23.664583333333336,55.95875,,39.875,0.0,36,N1 - Boa
2012-07-12,,,,,,87.58416666666666,22.02541666666667,41.54020833333333,,37.875,10.399999999999999,34,N1 - Boa
2012-07-13,,,,,,73.38416666666667,21.85625,56.12708333333333,,16.770833333333332,0.0,25,N1 - Boa
2012-07-14,,,,,,80.42958333333333,21.129583333333333,49.925000000000004,,33.916666666666664,0.0,32,N1 - Boa
2012-07-15,,,,,,77.26791666666666,20.96125,63.74125,,24.833333333333332,0.0,35,N1 - Boa
2012-07-16,,,,,,95.91458333333333,18.789166666666667,41.69416666666667,,10.0,5.2,21,N1 - Boa
2012-07-17,,,,,,84.82208333333334,21.467916666666667,21.747500000000002,,23.333333333333332,0.2,20,N1 - Boa
2012-07-18,,,,,,89.28500000000001,20.708333333333332,45.08083333333334,,16.791666666666668,9.4,28,N1 - Boa
2012-07-19,,,,,,82.98458333333333,19.38625,39.40875,,21.666666666666668,1.5999999999999999,27,N1 - Boa
2012-07-20,,,,,,81.96083333333333,19.728333333333335,31.409583333333334,,36.375,0.0,32,N1 - Boa
2012-07-21,,,,,,78.68291666666667,21.870416666666667,38.235,,64.875,0.0,55,N2 - Moderada
2012-07-22,,,,,,60.69625,24.950833333333335,55.77041666666667,,63.5,0.0,54,N2 - Moderada
2012-07-23,,,,,,82.88666666666667,22.674166666666665,52.911249999999995,,52.979166666666664,0.0,46,N2 - Moderada
2012-07-24,,,,,,61.602916666666665,26.50916666666667,50.0725,,63.916666666666664,0.0,54,N2 - Moderada
2012-07-25,,,,,,65.39083333333333,25.596249999999998,71.35208333333334,,37.625,0.0,37,N1 - Boa
2012-07-26,,,,,,75.04875,24.98125,46.733958333333334,,57.9375,0.0,50,N2 - Moderada
2012-07-27,,,,,,71.51125,24.285,63.04916666666667,,39.645833333333336,0.0,36,N1 - Boa
2012-07-28,,,,,,86.30375,23.116249999999997,42.81041666666667,,52.666666666666664,0.0,46,N2 - Moderada
2012-07-29,,,,,,71.54875,25.094583333333333,46.715833333333336,,66.16666666666667,0.0,55,N2 - Moderada
2012-07-30,,,,,,84.33458333333333,23.464583333333334,71.57125,,40.833333333333336,0.0,39,N1 - Boa
2012-07-31,,,,,,87.87416666666667,23.47583333333333,53.987500000000004,,34.083333333333336,0.0,31,N1 - Boa
2012-08-01,,,,,,82.68104166666667,22.99875,25.192916666666665,,36.5,0.0,32,N1 - Boa
2012-08-02,,,,,,77.24041666666666,24.233333333333334,24.13875,,58.208333333333336,0.0,50,N2 - Moderada
2012-08-03,,,,,,66.90625,25.344166666666666,37.11083333333333,,55.25,0.0,48,N2 - Moderada
2012-08-04,,,,,,64.31833333333334,25.257499999999997,41.24208333333333,,69.79166666666667,0.0,58,N2 - Moderada
2012-08-05,,,,,,74.40625,23.274583333333336,57.750416666666666,,40.041666666666664,15.6,36,N1 - Boa
2012-08-06,,,,,,76.90958333333333,21.34375,55.625,,29.104166666666668,0.0,29,N1 - Boa
2012-08-07,,,,,,77.29145833333332,20.149375,23.157894736842106,,31.979166666666668,0.0,28,N1 - Boa
2012-08-08,,,,,,80.40375,21.37708333333333,36.600833333333334,,31.958333333333332,0.0,29,N1 - Boa
2012-08-09,,,,,,75.78083333333333,22.331666666666667,36.384166666666665,,33.416666666666664,0.0,30,N1 - Boa
2012-08-10,,,,,,66.18416666666667,23.7825,37.75958333333333,,41.75,0.0,37,N1 - Boa
2012-08-11,,,,,,66.87791666666666,24.001666666666665,40.73,,45.3125,0.0,40,N1 - Boa
2012-08-12,,,,,,63.750416666666666,24.902083333333334,45.465833333333336,,32.458333333333336,0.0,29,N1 - Boa
2012-08-13,,,,,,68.26416666666667,25.195833333333336,39.68333333333333,,38.833333333333336,0.0,35,N1 - Boa
2012-08-14,,,,,,81.34,23.045,25.715,,42.083333333333336,0.0,37,N1 - Boa
2012-08-15,,,,,,82.52312500000001,22.855208333333334,26.11854166666667,,30.583333333333332,0.6000000000000001,28,N1 - Boa
2012-08-16,,,,,,77.57458333333334,23.255,36.55708333333333,,30.291666666666668,0.0,28,N1 - Boa
2012-08-17,,,,,,75.02208333333333,23.085416666666664,36.74666666666666,,36.708333333333336,0.0,33,N1 - Boa
2012-08-18,,,,,,76.53333333333333,22.662916666666664,39.92166666666667,,26.875,0.0,26,N1 - Boa
2012-08-19,,,,,,68.21916666666667,23.507499999999997,49.166666666666664,,38.583333333333336,0.0,35,N1 - Boa
2012-08-20,,,,,,69.24875,22.77,40.35166666666667,,42.833333333333336,0.0,38,N1 - Boa
2012-08-21,,,,,,65.83895833333334,24.25854166666667,40.79,,36.625,0.0,33,N1 - Boa
2012-08-22,,,,,,65.85333333333334,23.678749999999997,45.9075,,41.104166666666664,0.0,36,N1 - Boa
2012-08-23,,,,,,73.61625,22.58458333333333,33.9175,,43.3125,0.0,38,N1 - Boa
2012-08-24,,,,,,70.95916666666666,23.010416666666668,37.752291666666665,,36.833333333333336,3.8,33,N1 - Boa
2012-08-25,,,,,,61.58375,24.282916666666665,49.37625,,47.541666666666664,0.0,42,N2 - Moderada
2012-08-26,,,,,,84.25458333333333,21.6775,62.23499999999999,,33.291666666666664,0.0,36,N1 - Boa
2012-08-27,,,,,,87.295,21.063333333333333,42.547916666666666,,32.833333333333336,0.0,29,N1 - Boa
2012-08-28,,,,,,88.30312500000001,21.150833333333335,62.21604166666666,,14.291666666666666,6.4,28,N1 - Boa
2012-08-29,,,,,,97.04400000000001,18.872,20.11,,21.333333333333332,0.2,22,N1 - Boa
2012-08-30,,,,,,89.32208333333334,20.360625000000002,41.90541666666667,,17.458333333333332,0.0,27,N1 - Boa
2012-08-31,,,,,,74.23979166666668,20.739583333333332,44.57708333333333,,25.666666666666668,0.0,32,N1 - Boa
2012-09-01,,,,,,79.0325,20.734583333333333,53.40083333333333,,35.083333333333336,0.0,37,N1 - Boa
2012-09-02,,,,,,83.47416666666666,22.092083333333335,74.49958333333333,,37.875,0.0,73,N2 - Moderada
2012-09-03,,,,,,96.67333333333335,19.531111111111112,20.953333333333333,,44.111111111111114,0.0,39,N1 - Boa
2012-09-04,,,,,,69.4042857142857,20.102857142857143,37.01428571428572,,31.0,0.0,28,N1 - Boa
2012-09-05,,,,,,68.26458333333333,22.261666666666667,57.86666666666667,,43.583333333333336,0.0,39,N1 - Boa
2012-09-06,,,,,,81.29791666666667,21.801666666666666,59.16583333333333,,50.208333333333336,0.0,44,N2 - Moderada
2012-09-07,,,,,,88.20166666666667,22.109583333333333,69.51416666666667,,49.645833333333336,0.0,53,N2 - Moderada
2012-09-08,,,,,,61.69625,27.422916666666666,52.62625,,61.5,0.0,53,N2 - Moderada
2012-09-09,,,,,,56.35708333333333,28.601041666666664,90.2725,,45.666666666666664,0.0,86,N3 - Ruim
2012-09-10,,,,,,82.74722222222222,25.06888888888889,92.4061111111111,,45.973684210526315,0.0,46,N2 - Moderada
2012-09-11,,,,,,77.2775,25.92,90.14937499999999,,45.23529411764706,0.0,40,N1 - Boa
2012-09-12,,,,,,88.05041666666666,23.752916666666664,82.87208333333334,,27.479166666666668,0.0,36,N1 - Boa
2012-09-13,,,,,,92.28458333333333,22.649583333333336,64.1725,,28.083333333333332,0.8,33,N1 - Boa
2012-09-14,,,,,,77.924375,23.430208333333336,67.17958333333333,,13.333333333333334,0.0,32,N1 - Boa
2012-09-15,,,,,,75.72500000000001,24.346666666666668,52.705000000000005,,31.25,0.0,38,N1 - Boa
2012-09-16,,,,,,65.89708333333333,26.601250000000004,70.62541666666667,,42.625,0.0,52,N2 - Moderada
2012-09-17,,,,,,80.40791666666667,25.525000000000002,67.88375,,51.104166666666664,0.0,45,N2 - Moderada
2012-09-18,,,,,,66.11708333333333,27.381666666666664,57.94166666666666,,70.91666666666667,0.0,59,N2 - Moderada
2012-09-19,,,,,,43.54541666666666,32.584583333333335,89.37916666666666,,106.85416666666667,0.0,107,N3 - Ruim
2012-09-20,,,,,,84.17,24.519166666666667,66.46291666666666,,44.041666666666664,0.8,39,N1 - Boa
2012-09-21,,,,,,85.91208333333333,24.295,63.446666666666665,,39.208333333333336,5.199999999999999,42,N2 - Moderada
2012-09-22,,,,,,81.06833333333333,21.905416666666667,62.74583333333334,,21.0,1.6,30,N1 - Boa
2012-09-23,,,,,,74.28125,21.765,45.37083333333333,,30.708333333333332,0.0,29,N1 - Boa
2012-09-24,,,,,,66.64791666666666,23.957916666666666,49.01,,33.791666666666664,0.0,30,N1 - Boa
2012-09-25,,,,,,71.03833333333334,25.882499999999997,64.46979166666667,,38.583333333333336,38.6,35,N1 - Boa
2012-09-26,,,,,,82.16250000000001,19.442083333333333,71.11125,,16.9375,30.4,32,N1 - Boa
2012-09-27,,,,,,70.51916666666666,19.24416666666667,59.02166666666667,,16.916666666666668,3.4000000000000004,28,N1 - Boa
2012-09-28,,,,,,75.35583333333334,19.208333333333332,40.4825,,23.520833333333332,0.2,30,N1 - Boa
2012-09-29,,,,,,72.1075,19.725833333333334,42.73500000000001,,27.75,0.0,28,N1 - Boa
2012-09-30,,,,,,61.62125,21.627499999999998,56.30125,,33.958333333333336,0.0,36,N1 - Boa
2012-10-01,,,,,,66.96249999999999,23.224166666666665,59.35125,,43.083333333333336,0.0,38,N1 - Boa
2012-10-02,,,,,,72.69416666666667,24.955833333333334,53.02458333333333,,60.8125,0.0,52,N2 - Moderada
2012-10-03,,,,,,69.21916666666667,26.496666666666666,51.206250000000004,,66.79166666666667,0.0,56,N2 - Moderada
2012-10-04,,,,,,78.57625,24.862083333333334,63.86833333333333,,47.208333333333336,0.0,42,N2 - Moderada
2012-10-05,,,,,,73.46166666666666,25.964583333333334,63.01916666666667,,50.458333333333336,0.0,44,N2 - Moderada
2012-10-06,,,,,,69.7525,25.789583333333336,53.484583333333326,,54.416666666666664,0.0,47,N2 - Moderada
2012-10-07,,,,,,60.6175,26.984166666666667,62.92722222222223,,47.166666666666664,0.0,42,N2 - Moderada
2012-10-08,,,,,,69.39208333333333,25.356666666666666,47.84,,41.291666666666664,0.0,36,N1 - Boa
2012-10-09,,,,,,52.163333333333334,28.147499999999997,15.672142857142857,,63.875,0.0,54,N2 - Moderada
2012-10-10,,,,,,45.54208333333333,30.301666666666666,86.39833333333333,,62.666666666666664,0.0,73,N2 - Moderada
2012-10-11,,,,,,90.49541666666666,23.842083333333335,80.41291666666667,,32.416666666666664,8.2,52,N2 - Moderada
2012-10-12,,,,,,92.31416666666667,21.879166666666666,79.77374999999999,,10.333333333333334,15.0,33,N1 - Boa
2012-10-13,,,,,,92.52583333333332,22.000416666666666,55.93958333333333,,10.916666666666666,1.4000000000000001,30,N1 - Boa
2012-10-14,,,,,,76.98833333333333,22.088333333333335,54.588750000000005,,11.916666666666666,0.2,26,N1 - Boa
2012-10-15,,,,,,78.76125,21.52208333333333,40.96,,16.916666666666668,0.0,28,N1 - Boa
2012-10-16,,,,,,74.31208333333333,23.3325,40.511041666666664,,35.625,0.0,34,N1 - Boa
2012-10-17,,,,,,62.82458333333333,26.145,62.737500000000004,,47.041666666666664,0.0,42,N2 - Moderada
2012-10-18,,,,,,63.53583333333333,27.58583333333333,87.62124999999999,,35.541666666666664,0.0,56,N2 - Moderada
2012-10-19,,,,,,85.31708333333333,23.491666666666664,58.23583333333334,,34.479166666666664,3.2,34,N1 - Boa
2012-10-20,,,,,,78.6475,24.797916666666666,73.25208333333333,,23.789473684210527,1.2000000000000002,45,N2 - Moderada
2012-10-21,,,,,,68.46249999999999,28.50916666666667,89.61041666666667,,28.625,28.6,73,N2 - Moderada
2012-10-22,,,,,,88.038,28.045833333333334,88.59291666666667,,41.208333333333336,0.0,84,N3 - Ruim
2012-10-23,,,,,,,27.69458333333333,83.33041666666666,,31.875,8.6,40,N1 - Boa
2012-10-24,,,,,,,25.86791666666667,76.85958333333333,,23.208333333333332,0.0,37,N1 - Boa
2012-10-25,,,,,,,24.91625,54.00791666666667,,33.375,0.0,29,N1 - Boa
2012-10-26,,,,,,,25.395416666666666,54.729166666666664,,38.333333333333336,0.0,34,N1 - Boa
2012-10-27,,,,,,,27.479583333333334,77.01416666666667,,39.708333333333336,0.0,69,N2 - Moderada
2012-10-28,,,,,,,26.037916666666664,62.07083333333333,,38.625,0.0,35,N1 - Boa
2012-10-29,,,,,,,27.19458333333333,65.48208333333334,,30.25,0.0,36,N1 - Boa
2012-10-30,,,,,,,27.219583333333333,51.620000000000005,,58.708333333333336,0.0,50,N2 - Moderada
2012-10-31,,,,,,,28.79875,74.91125,,45.9375,0.0,50,N2 - Moderada
2012-11-01,,,,,,,25.756249999999998,55.106249999999996,,20.520833333333332,6.4,30,N1 - Boa
2012-11-02,,,,,,,22.94458333333333,38.48166666666667,,11.270833333333334,1.2000000000000002,21,N1 - Boa
2012-11-03,,,,,,,23.662916666666664,38.888333333333335,,17.875,0.0,25,N1 - Boa
2012-11-04,,,,,,,24.754583333333333,47.0,,20.5,0.0,29,N1 - Boa
2012-11-05,,,,,,,25.229166666666668,70.125,,19.458333333333332,0.0,34,N1 - Boa
2012-11-06,,,,,,,25.832083333333333,66.00666666666667,,16.916666666666668,0.0,34,N1 - Boa
2012-11-07,,,,,,,25.881249999999998,46.57541666666666,,26.375,0.0,27,N1 - Boa
2012-11-08,,,,,,,26.075416666666666,42.99875,,27.0,0.0,26,N1 - Boa
2012-11-09,,,,,,,26.375833333333333,18.971666666666668,,26.25,4.0,23,N1 - Boa
2012-11-10,,,,,,,24.93541666666667,12.915416666666667,,12.291666666666666,2.4000000000000004,11,N1 - Boa
2012-11-11,,,,,,,30.144583333333333,40.01208333333333,,11.041666666666666,0.0,23,N1 - Boa
2012-11-12,,,,,,,26.145416666666666,58.46,,13.708333333333334,0.8,33,N1 - Boa
2012-11-13,,,,,,99.713,22.280416666666667,48.07916666666667,,6.770833333333333,13.8,24,N1 - Boa
2012-11-14,,,,,,94.47291666666666,21.01625,56.38375,,13.041666666666666,0.6000000000000001,26,N1 - Boa
2012-11-15,,,,,,88.55874999999999,21.6675,45.85458333333333,,12.958333333333334,4.2,24,N1 - Boa
2012-11-16,,,,,,94.50083333333333,21.15791666666667,43.85583333333333,,14.458333333333334,0.2,23,N1 - Boa
2012-11-17,,,,,,87.43374999999999,22.47,31.240526315789477,,19.708333333333332,0.2,18,N1 - Boa
2012-11-18,,,,,,79.98208333333334,23.49875,38.88,,15.8125,1.4,20,N1 - Boa
2012-11-19,,,,,,69.37125,25.642916666666665,47.55458333333333,,28.583333333333332,0.0,35,N1 - Boa
2012-11-20,,,,,,79.89333333333333,24.652916666666666,44.680416666666666,,23.083333333333332,3.6000000000000005,33,N1 - Boa
2012-11-21,,,,,,91.04,24.09875,57.274791666666665,,30.083333333333332,0.0,35,N1 - Boa
2012-11-22,,,,,,85.06083333333333,25.140416666666667,47.745,,25.875,0.0,23,N1 - Boa
2012-11-23,,,,,,74.05749999999999,26.342916666666667,54.91708333333333,,40.25,0.0,38,N1 - Boa
2012-11-24,,,,,,84.21875,26.24416666666667,70.8225,,53.666666666666664,0.0,61,N2 - Moderada
2012-11-25,,,,,,96.36625,23.878333333333334,66.52374999999999,,26.166666666666668,7.4,33,N1 - Boa
2012-11-26,,,,,,96.46541666666667,23.504166666666666,47.06458333333333,,14.458333333333334,11.600000000000001,26,N1 - Boa
2012-11-27,,,,,,92.7675,23.94125,54.96416666666667,,15.0,20.599999999999998,35,N1 - Boa
2012-11-28,,,,,,88.23125,24.721249999999998,52.27708333333333,,21.083333333333332,0.2,31,N1 - Boa
2012-11-29,,,,,,82.01208333333334,26.47458333333333,45.06708333333333,,28.3125,0.0,29,N1 - Boa
2012-11-30,,,,,,78.3925,25.782083333333333,46.12916666666666,,22.625,0.0,28,N1 - Boa
2012-12-01,,,,,,74.76125,26.654583333333335,52.84708333333333,,29.041666666666668,0.0,36,N1 - Boa
2012-12-02,,,,,,81.08916666666667,27.18041666666667,70.99958333333333,,33.791666666666664,0.0,50,N2 - Moderada
2012-12-03,,,,,,88.06791666666668,27.305833333333336,75.15541666666667,,25.875,0.0,44,N2 - Moderada
2012-12-04,,,,,,80.85791666666667,28.329583333333332,55.287083333333335,,38.3125,0.0,39,N1 - Boa
2012-12-05,,,,,,69.91083333333334,29.841666666666665,59.25416666666666,,38.291666666666664,0.0,45,N2 - Moderada
2012-12-06,,,,,,70.5625,29.674166666666665,74.43708333333333,,37.625,0.0,67,N2 - Moderada
2012-12-07,,,,,,60.13583333333333,32.25,113.80333333333333,,59.541666666666664,0.0,202,N5 - Pessima
2012-12-08,,,,,,67.96375,31.38791666666667,121.12583333333333,,36.5,0.0,174,N4 - Muito Ruim
2012-12-09,,,,,,89.28708333333333,27.32375,58.928333333333335,,35.8125,0.0,45,N2 - Moderada
2012-12-10,,,,,,79.90416666666667,27.7525,48.23083333333333,,33.583333333333336,0.0,30,N1 - Boa
2012-12-11,,,,,,58.80041666666667,32.42208333333333,73.12263157894736,,32.875,0.0,65,N2 - Moderada
2012-12-12,,,,,,75.35458333333334,28.97083333333333,89.87458333333332,,21.041666666666668,5.6,53,N2 - Moderada
2012-12-13,,,,,,75.86749999999999,29.532999999999998,69.48400000000001,,20.9,1.7999999999999998,48,N2 - Moderada
2012-12-14,,,,,,91.03750000000001,27.859166666666667,51.89333333333334,,24.5,2.4000000000000004,30,N1 - Boa
2012-12-15,,,,,,84.80785714285715,28.835,90.83357142857143,,21.928571428571427,0.0,52,N2 - Moderada
2012-12-16,,,,,,86.35214285714287,28.193571428571428,62.08714285714286,,23.333333333333332,0.8,32,N1 - Boa
2012-12-17,,,,,,66.23923076923077,30.069230769230767,57.33307692307692,,19.357142857142858,0.0,26,N1 - Boa
2012-12-18,,,,,,83.0723076923077,28.33923076923077,59.23538461538461,,20.192307692307693,0.0,30,N1 - Boa
2012-12-19,,,,,,79.345,29.336250000000003,57.87958333333333,,29.791666666666668,0.0,37,N1 - Boa
2012-12-20,,,,,,69.44125,30.982916666666668,76.04666666666667,,30.583333333333332,0.2,89,N3 - Ruim
2012-12-21,,,,,,65.82458333333334,31.297916666666666,93.84791666666666,,31.0,0.0,101,N3 - Ruim
2012-12-22,,,,,,88.35083333333334,28.77208333333333,64.82333333333334,,24.625,0.0,31,N1 - Boa
2012-12-23,,,,,,86.86166666666666,28.620416666666667,53.74125,,29.583333333333332,0.0,30,N1 - Boa
2012-12-24,,,,,,70.64208333333333,30.344583333333333,39.42166666666667,,35.9375,0.0,32,N1 - Boa
2012-12-25,,,,,,56.28541666666666,33.141666666666666,54.48583333333334,,46.041666666666664,0.0,41,N2 - Moderada
2012-12-26,,,,,,50.66958333333333,34.612500000000004,90.1475,,34.979166666666664,0.0,117,N3 - Ruim
2012-12-27,,,,,,79.235,30.211250000000003,73.54666666666667,,33.833333333333336,0.0,40,N1 - Boa
2012-12-28,,,,,,74.44916666666667,29.789166666666663,61.322916666666664,,46.625,0.0,42,N2 - Moderada
2012-12-29,,,,,,73.71666666666667,29.4025,51.04125,,38.0,8.2,34,N1 - Boa
2012-12-30,,,,,,84.42875,28.2825,72.90083333333332,,37.75,6.6000000000000005,90,N3 - Ruim
2012-12-31,,,,,,74.76333333333334,30.395833333333332,69.48083333333334,,28.333333333333332,0.0,64,N2 - Moderada
2013-01-01,,,,,,57.096666666666664,32.77625,53.281666666666666,,42.083333333333336,0.0,37,N1 - Boa
2013-01-02,,,,,,87.97125,28.014166666666668,57.593333333333334,,20.583333333333332,2.8000000000000003,29,N1 - Boa
2013-01-03,,,,,,99.16416666666667,25.232916666666668,33.88166666666667,,12.958333333333334,38.4,16,N1 - Boa
2013-01-04,,,,,,93.61375,25.758333333333336,26.647499999999997,,7.416666666666667,2.2,12,N1 - Boa
2013-01-05,,,,,,82.87875,27.618333333333336,38.18958333333333,,24.770833333333332,0.0,27,N1 - Boa
2013-01-06,,,,,,67.905,30.381666666666664,56.77625,,28.875,0.0,39,N1 - Boa
2013-01-07,,,,,,59.76833333333334,30.88625,77.36,,28.416666666666668,0.0,77,N2 - Moderada
2013-01-08,,,,,,54.0525,32.27916666666667,76.81770833333333,,21.458333333333332,0.0,63,N2 - Moderada
2013-01-09,,,,,,73.79583333333333,29.49291666666667,63.677083333333336,,17.854166666666668,7.800000000000001,39,N1 - Boa
2013-01-10,,,,,,84.10499999999999,26.223333333333333,26.279999999999998,,19.36111111111111,27.4,22,N1 - Boa
2013-01-11,,,,,,84.23111111111112,24.325000000000003,28.522222222222222,,16.176470588235293,0.6000000000000001,14,N1 - Boa
2013-01-12,,,,,,87.8825,24.973333333333333,34.21875,,24.0625,0.0,22,N1 - Boa
2013-01-13,,,,,,84.82583333333334,25.859166666666667,57.81166666666667,,15.458333333333334,17.0,33,N1 - Boa
2013-01-14,,,,,,91.81041666666665,24.886666666666667,51.790416666666665,,13.916666666666666,34.8,37,N1 - Boa
2013-01-15,,,,,,88.75636363636363,26.268181818181816,71.03545454545454,,16.0625,5.4,33,N1 - Boa
2013-01-16,,,,,,89.67354166666667,26.45583333333333,54.28041666666667,,14.166666666666666,5.0,33,N1 - Boa
2013-01-17,,,,,,85.94,27.78388888888889,68.21833333333333,,10.625,31.0,34,N1 - Boa
2013-01-18,,,,,,,,,,,,,
2013-01-19,,,,,,,,,,,,,
2013-01-20,,,,,,,,,,,,,
2013-01-21,,,,,,,,29.688181818181818,,12.909090909090908,,12,N1 - Boa
2013-01-22,,,,,,,,14.773888888888889,,11.181818181818182,,11,N1 - Boa
2013-01-23,,,,,,,,23.1121875,,,,16,N1 - Boa
2013-01-24,,,,,,76.68625,28.693749999999998,42.356249999999996,,27.333333333333332,0.0,30,N1 - Boa
2013-01-25,,,,,,62.98208333333333,32.639583333333334,52.49458333333333,,23.041666666666668,2.4,28,N1 - Boa
2013-01-26,,,,,,86.42,27.663749999999997,35.35111111111111,,12.416666666666666,33.0,25,N1 - Boa
2013-01-27,,,,,,90.159375,26.059166666666666,40.914545454545454,,15.25,6.4,20,N1 - Boa
2013-01-28,,,,,,88.41736842105263,25.424583333333334,23.86708333333333,,19.416666666666668,0.8,18,N1 - Boa
2013-01-29,,,,,,98.57958333333333,24.46291666666667,20.247083333333332,,9.666666666666666,1.4,15,N1 - Boa
2013-01-30,,,,,,84.97916666666667,26.689166666666665,22.563333333333333,,11.958333333333334,0.0,16,N1 - Boa
2013-01-31,,,,,,90.65916666666668,27.522916666666664,18.472083333333334,,16.625,0.2,15,N1 - Boa
2013-02-01,,,,,,86.339375,28.486041666666665,26.389583333333334,,25.208333333333332,4.8,22,N1 - Boa
2013-02-02,,,,,,75.20041666666667,30.447083333333335,44.2875,,32.75,0.0,34,N1 - Boa
2013-02-03,,,,,,69.44458333333334,29.43166666666667,68.67583333333333,,18.333333333333332,3.4000000000000004,60,N2 - Moderada
2013-02-04,,,,,,93.985,25.336249999999996,50.212105263157895,,10.0,21.6,27,N1 - Boa
2013-02-05,,,,,,95.65375,23.85291666666667,36.57125,,7.166666666666667,22.799999999999997,20,N1 - Boa
2013-02-06,,,,,,86.11083333333333,24.940833333333334,31.255,,11.208333333333334,0.8,22,N1 - Boa
2013-02-07,,,,,,95.29666666666667,24.942916666666665,36.0525,,10.208333333333334,54.400000000000006,26,N1 - Boa
2013-02-08,,,,,,83.78208333333333,27.946250000000003,60.04333333333333,,23.208333333333332,0.2,56,N2 - Moderada
2013-02-09,,,,,,87.27208333333334,28.37875,70.14125,,25.979166666666668,1.4000000000000001,48,N2 - Moderada
2013-02-10,,,,,,83.92416666666666,29.06041666666667,71.01958333333333,,29.583333333333332,0.0,40,N1 - Boa
2013-02-11,,,,,,75.96833333333333,30.07625,70.80125,,26.666666666666668,0.0,56,N2 - Moderada
2013-02-12,,,,,,64.07208333333334,31.463333333333335,66.07083333333334,,34.0,0.0,48,N2 - Moderada
2013-02-13,,,,,,87.97541666666666,29.120416666666667,54.904583333333335,,29.208333333333332,0.0,31,N1 - Boa
2013-02-14,,,,,,70.61166666666666,31.017916666666668,80.78125,,32.75,0.0,80,N2 - Moderada
2013-02-15,,,,,,79.48708333333333,30.27208333333333,83.38583333333334,,39.125,0.0,84,N3 - Ruim
2013-02-16,,,,,,68.27708333333334,31.80875,85.33708333333334,,37.583333333333336,0.0,104,N3 - Ruim
2013-02-17,,,,,,67.71291666666666,32.2825,81.19625,,40.541666666666664,0.0,60,N2 - Moderada
2013-02-18,,,,,,62.32666666666666,32.074999999999996,79.75416666666666,,39.041666666666664,0.0,90,N3 - Ruim
2013-02-19,,,,,,83.77166666666666,30.047083333333333,70.59708333333333,,32.833333333333336,0.0,34,N1 - Boa
2013-02-20,,,,,,72.51208333333334,30.371666666666666,62.05625,,39.770833333333336,0.0,50,N2 - Moderada
2013-02-21,,,,,,61.04916666666667,31.065416666666668,42.321666666666665,,47.729166666666664,0.0,42,N2 - Moderada
2013-02-22,,,,,,69.21249999999999,30.451666666666668,58.64666666666667,,32.0,0.0,36,N1 - Boa
2013-02-23,,,,,,85.9925,28.284583333333334,67.17333333333333,,17.791666666666668,20.4,28,N1 - Boa
2013-02-24,,,,,,78.91916666666667,28.63083333333333,49.701249999999995,,31.708333333333332,0.0,40,N1 - Boa
2013-02-25,,,,,,62.88958333333333,31.343333333333334,50.225833333333334,,43.041666666666664,0.0,38,N1 - Boa
2013-02-26,,,,,,73.18333333333332,29.7775,52.111250000000005,,29.394736842105264,14.8,32,N1 - Boa
2013-02-27,,,,,,87.16166666666668,26.58458333333333,64.60583333333334,,5.666666666666667,10.799999999999999,31,N1 - Boa
2013-02-28,,,,,,86.57083333333333,26.09958333333333,37.689166666666665,,13.1875,2.4000000000000004,25,N1 - Boa
2013-03-01,,,,,,94.40541666666667,23.7,28.189999999999998,,13.083333333333334,12.399999999999999,17,N1 - Boa
2013-03-02,,,,,,92.82125,24.91125,21.478333333333335,,15.395833333333334,2.0,17,N1 - Boa
2013-03-03,,,,,,81.7025,27.85875,44.7475,,18.541666666666668,0.0,32,N1 - Boa
2013-03-04,,,,,,66.05875,30.2025,57.434583333333336,,20.541666666666668,0.0,36,N1 - Boa
2013-03-05,,,,,,66.51208333333334,30.227500000000003,72.17083333333333,,21.5,11.2,49,N2 - Moderada
2013-03-06,,,,,,80.75708333333334,28.909166666666668,69.91875,,21.135416666666668,0.0,54,N2 - Moderada
2013-03-07,,,,,,85.77791666666667,28.962500000000002,47.99541666666667,,32.71875,5.0,38,N1 - Boa
2013-03-08,,,,,,83.115,29.47458333333333,47.76499999999999,,35.458333333333336,0.0,53,N2 - Moderada
2013-03-09,,,,,,82.53208333333333,29.478333333333335,65.28458333333333,,41.0,14.4,69,N2 - Moderada
2013-03-10,,,,,,72.69791666666667,30.2,60.57083333333333,,27.125,0.2,38,N1 - Boa
2013-03-11,,,,,,85.45875000000001,28.7675,54.30763888888888,,16.333333333333332,14.200000000000001,33,N1 - Boa
2013-03-12,,,,,,83.43333333333334,29.302083333333332,58.529444444444444,,22.208333333333332,0.0,52,N2 - Moderada
2013-03-13,,,,,,72.71875,31.13791666666667,64.93666666666667,,23.375,1.0,35,N1 - Boa
2013-03-14,,,,,,89.51333333333334,26.658749999999998,42.90958333333333,,16.0,13.0,25,N1 - Boa
2013-03-15,,,,,,84.8,26.656666666666666,29.05458333333333,,20.875,0.0,22,N1 - Boa
2013-03-16,,,,,,88.68374999999999,27.784166666666668,30.818749999999998,,14.541666666666666,0.2,19,N1 - Boa
2013-03-17,,,,,,93.31145833333333,26.848541666666666,28.48645833333333,,21.020833333333332,21.6,19,N1 - Boa
2013-03-18,,,,,,88.48,24.53625,40.16263157894737,,16.6875,11.2,17,N1 - Boa
2013-03-19,,,,,,92.82125,23.02625,21.621666666666666,,23.125,8.0,20,N1 - Boa
2013-03-20,,,,,,87.28500000000001,24.617083333333337,17.80375,,33.875,0.0,30,N1 - Boa
2013-03-21,,,,,,84.75833333333334,26.885833333333334,20.407083333333333,,40.583333333333336,0.0,36,N1 - Boa
2013-03-22,,,,,,66.06541666666666,28.35166666666667,30.62578947368421,,29.625,4.6,27,N1 - Boa
2013-03-23,,,,,,71.84708333333333,26.819999999999997,67.12,,13.541666666666666,20.0,32,N1 - Boa
2013-03-24,,,,,,80.77416666666666,25.567916666666665,42.651666666666664,,5.854166666666667,21.0,22,N1 - Boa
2013-03-25,,,,,,78.60625,26.63625,35.89083333333333,,15.5,0.0,21,N1 - Boa
2013-03-26,,,,,,82.62333333333333,25.995833333333334,34.9575,,19.645833333333332,6.0,21,N1 - Boa
2013-03-27,,,,,,87.34958333333333,24.362916666666667,40.857083333333335,,8.708333333333334,5.800000000000001,24,N1 - Boa
2013-03-28,,,,,,72.48666666666666,25.792916666666667,64.76,,14.0625,0.6,28,N1 - Boa
2013-03-29,,,,,,74.78791666666667,25.165833333333335,48.57333333333333,,6.791666666666667,0.0,27,N1 - Boa
2013-03-30,,,,,,72.53583333333334,24.759583333333335,28.179166666666664,,18.25,1.6,22,N1 - Boa
2013-03-31,,,,,,69.5325,26.432083333333335,36.930416666666666,,13.229166666666666,0.2,26,N1 - Boa
2013-04-01,,,,,,64.37958333333333,27.309583333333336,47.48833333333334,,26.0,0.0,38,N1 - Boa
2013-04-02,,,,,,68.84166666666667,27.050833333333333,27.721875,,31.36111111111111,19.4,28,N1 - Boa
2013-04-03,,,,,,84.52125,24.934166666666666,20.576521739130435,,10.618055555555555,13.400000000000002,15,N1 - Boa
2013-04-04,,,,,,77.94375000000001,27.167916666666667,,,21.333333333333332,0.2,19,N1 - Boa
2013-04-05,,,,,,68.44791666666667,27.499583333333334,,,12.875,4.8,12,N1 - Boa
2013-04-06,,,,,,72.07291666666667,27.9325,,,14.166666666666666,0.0,12,N1 - Boa
2013-04-07,,,,,,74.29541666666667,27.126666666666665,,,28.416666666666668,0.0,25,N1 - Boa
2013-04-08,,,,,,71.44958333333334,26.04125,,,23.041666666666668,3.3999999999999995,20,N1 - Boa
2013-04-09,,,,,,75.55583333333333,25.047916666666666,,,26.791666666666668,0.2,24,N1 - Boa
2013-04-10,,,,,,77.64916666666666,25.106666666666666,,,28.520833333333332,0.0,26,N1 - Boa
2013-04-11,,,,,,83.44291666666668,26.3625,,,31.041666666666668,0.8,28,N1 - Boa
2013-04-12,,,,,,76.65416666666667,28.574166666666667,,,40.25,0.0,36,N1 - Boa
2013-04-13,,,,,,88.0475,27.380416666666665,,,27.541666666666668,18.4,25,N1 - Boa
2013-04-14,,,,,,90.26166666666667,23.227083333333336,,,15.541666666666666,22.0,14,N1 - Boa
2013-04-15,,,,,,77.23291666666667,23.1425,,,26.333333333333332,0.0,23,N1 - Boa
2013-04-16,,,,,,68.88833333333334,24.258750000000003,,,30.041666666666668,0.0,27,N1 - Boa
2013-04-17,,,,,,55.900416666666665,24.567083333333333,,,23.833333333333332,0.0,21,N1 - Boa
2013-04-18,,,,,,68.66791666666667,23.36375,39.71666666666667,,24.979166666666668,0.0,22,N1 - Boa
2013-04-19,,,,,,77.235,23.696250000000003,26.085416666666664,,28.708333333333332,0.0,26,N1 - Boa
2013-04-20,,,,,,68.99249999999999,24.25208333333333,40.59708333333334,,28.25,0.0,25,N1 - Boa
2013-04-21,,,,,,63.740833333333335,24.5125,47.3025,,18.895833333333332,0.0,23,N1 - Boa
2013-04-22,,,,,,70.52458333333333,23.155416666666667,26.271666666666665,,25.833333333333332,0.0,23,N1 - Boa
2013-04-23,,,,,,62.66375,23.598333333333333,30.41541666666667,,40.854166666666664,0.0,36,N1 - Boa
2013-04-24,,,,,,59.83479166666667,22.95625,33.20708333333334,,40.416666666666664,0.0,36,N1 - Boa
2013-04-25,,,,,,69.24416666666667,23.167916666666667,30.22520833333333,,43.770833333333336,0.0,39,N1 - Boa
2013-04-26,,,,,,73.94583333333334,23.686666666666667,35.2025,,52.00833333333333,0.0,45,N2 - Moderada
2013-04-27,,,,,,78.44375000000001,24.143333333333334,47.03458333333333,,50.574999999999996,0.0,46,N2 - Moderada
2013-04-28,,,,,,75.59583333333333,24.084166666666665,55.627916666666664,,51.916666666666664,0.0,53,N2 - Moderada
2013-04-29,,,,,,66.55125,24.38416666666667,32.56,,70.04166666666667,0.0,58,N2 - Moderada
2013-04-30,,,,,,53.647083333333335,26.226249999999997,53.751666666666665,,55.291666666666664,0.0,48,N2 - Moderada
2013-05-01,,,,,,68.68666666666667,24.43875,51.04791666666667,,58.25,0.0,50,N2 - Moderada
2013-05-02,,,,,,65.9425,24.73125,54.29541666666666,,53.333333333333336,0.0,57,N2 - Moderada
2013-05-03,,,,,,61.56458333333333,26.2,40.65208333333333,,69.4375,0.0,58,N2 - Moderada
2013-05-04,,,,,,50.23333333333333,28.315833333333334,57.805416666666666,,78.66666666666667,0.0,65,N2 - Moderada
2013-05-05,,,,,,64.73375,26.246666666666666,68.75208333333333,,60.9375,0.0,77,N2 - Moderada
2013-05-06,,,,,,83.36166666666666,22.280833333333334,43.550000000000004,,31.25,13.799999999999999,29,N1 - Boa
2013-05-07,,,,,,84.48583333333333,22.32875,39.302083333333336,,30.25,0.0,30,N1 - Boa
2013-05-08,,,,,,71.63166666666667,22.162916666666664,43.355,,41.0,0.4,36,N1 - Boa
2013-05-09,,,,,,79.94458333333334,21.784166666666668,33.2075,,43.0,0.0,38,N1 - Boa
2013-05-10,,,,,,71.3275,22.389166666666668,46.01125,,46.875,0.0,42,N2 - Moderada
2013-05-11,,,,,,68.15958333333333,23.482083333333335,37.84583333333333,,39.041666666666664,0.0,35,N1 - Boa
2013-05-12,,,,,,64.94125,24.92,32.06583333333333,,36.041666666666664,0.0,32,N1 - Boa
2013-05-13,,,,,,67.15166666666667,25.333333333333332,33.12625,,64.72916666666667,0.0,55,N2 - Moderada
2013-05-14,,,,,,55.51166666666666,27.64125,34.44541666666667,,74.83333333333333,0.0,62,N2 - Moderada
2013-05-15,,,,,,42.8775,29.24625,37.557916666666664,,68.39583333333333,0.0,57,N2 - Moderada
2013-05-16,,,,,,48.87416666666667,28.05666666666667,55.775416666666665,,38.0,0.0,34,N1 - Boa
2013-05-17,,,,,,83.2825,22.464583333333334,54.81375,,11.4375,35.6,26,N1 - Boa
2013-05-18,,,,,,99.18916666666667,21.5575,44.46,,5.944444444444445,6.999999999999999,22,N1 - Boa
2013-05-19,,,,,,90.24583333333334,22.979166666666668,33.42604166666667,,17.08823529411765,0.0,25,N1 - Boa
2013-05-20,,,,,,86.04791666666667,24.412916666666664,31.94125,,27.083333333333332,0.0,25,N1 - Boa
2013-05-21,,,,,,93.87583333333333,24.649583333333336,41.73375,,27.520833333333332,0.0,26,N1 - Boa
2013-05-22,,,,,,90.56833333333333,24.393333333333334,36.55291666666667,,23.958333333333332,3.8000000000000003,25,N1 - Boa
2013-05-23,,,,,,95.07249999999999,22.95,38.78375,,16.541666666666668,5.6000000000000005,24,N1 - Boa
2013-05-24,,,,,,95.21625,22.111666666666665,35.62833333333334,,11.583333333333334,3.2,22,N1 - Boa
2013-05-25,,,,,,88.39541666666668,22.571250000000003,30.547083333333333,,18.375,0.2,26,N1 - Boa
2013-05-26,,,,,,87.9975,22.23,31.59583333333333,,29.125,0.0,27,N1 - Boa
2013-05-27,,,,,,75.80333333333333,24.10083333333333,34.754583333333336,,27.916666666666668,0.0,25,N1 - Boa
2013-05-28,,,,,,75.56833333333334,24.94541666666667,51.0025,,19.5,2.8,31,N1 - Boa
2013-05-29,,,,,,64.08541666666666,26.147916666666664,39.19958333333333,,11.875,0.2,17,N1 - Boa
2013-05-30,,,,,,74.08958333333334,25.48625,44.66416666666667,,18.291666666666668,1.8,25,N1 - Boa
2013-05-31,,,,,,98.23458333333333,21.81458333333333,31.805833333333336,,20.416666666666668,3.8,24,N1 - Boa
2013-06-01,,,,,,83.10708333333334,24.02,30.69333333333333,,33.875,0.0,30,N1 - Boa
2013-06-02,,,,,,81.49083333333333,25.82625,44.43875,,29.291666666666668,0.2,26,N1 - Boa
2013-06-03,,,,,,98.05,23.201666666666668,41.32041666666667,,10.854166666666666,33.2,20,N1 - Boa
2013-06-04,,,,,,97.96083333333333,21.621666666666666,35.015,,17.833333333333332,13.6,25,N1 - Boa
2013-06-05,,,,,,90.90625,22.662499999999998,23.5775,,36.125,0.2,32,N1 - Boa
2013-06-06,,,,,,81.54,25.02916666666667,24.25375,,48.0625,0.0,42,N2 - Moderada
2013-06-07,,,,,,94.31083333333333,24.34958333333333,50.38999999999999,,29.9375,0.0,36,N1 - Boa
2013-06-08,,,,,,92.53916666666667,24.004583333333333,53.98458333333334,,35.833333333333336,0.0,40,N1 - Boa
2013-06-09,,,,,,89.99624999999999,24.006666666666664,44.695,,43.5,0.0,39,N1 - Boa
2013-06-10,,,,,,80.64375,24.385,36.82875,,56.375,0.0,48,N2 - Moderada
2013-06-11,,,,,,76.95541666666666,25.692083333333333,55.7525,,45.854166666666664,0.0,41,N2 - Moderada
2013-06-12,,,,,,89.10625,24.721666666666668,66.08041666666666,,56.395833333333336,0.0,68,N2 - Moderada
2013-06-13,,,,,,95.61375,24.409583333333334,52.62875,,50.75,0.0,46,N2 - Moderada
2013-06-14,,,,,,93.05083333333334,24.435000000000002,50.740833333333335,,46.208333333333336,0.0,41,N2 - Moderada
2013-06-15,,,,,,96.53916666666667,22.227083333333336,49.036875,,26.375,11.4,31,N1 - Boa
2013-06-16,,,,,,88.87583333333333,23.504583333333333,37.86416666666667,,45.458333333333336,0.0,40,N1 - Boa
2013-06-17,,,,,,79.75041666666667,25.165833333333335,51.06458333333333,,25.541666666666668,0.6000000000000001,29,N1 - Boa
2013-06-18,,,,,,91.00416666666666,23.949583333333333,62.87833333333333,,21.25,0.0,32,N1 - Boa
2013-06-19,,,,,,86.61125,23.744583333333335,33.96541666666666,,45.166666666666664,0.0,40,N1 - Boa
2013-06-20,,,,,,95.01791666666666,23.788749999999997,42.04125,,44.916666666666664,0.0,40,N1 - Boa
2013-06-21,,,,,,73.00125,26.035,39.65,,54.416666666666664,4.8,47,N2 - Moderada
2013-06-22,,,,,,69.49541666666666,25.965833333333332,51.74541666666667,,29.104166666666668,0.0,26,N1 - Boa
2013-06-23,,,,,,88.41166666666668,22.31833333333333,48.09458333333333,,19.541666666666668,1.5999999999999999,24,N1 - Boa
2013-06-24,,,,,,90.06291666666665,22.414583333333336,26.2175,,36.958333333333336,0.2,33,N1 - Boa
2013-06-25,,,,,,86.45458333333333,23.50583333333333,20.723333333333333,,48.125,0.0,42,N2 - Moderada
2013-06-26,,,,,,83.46,24.767083333333332,37.68666666666667,,34.791666666666664,0.0,31,N1 - Boa
2013-06-27,,,,,,94.51833333333333,24.31458333333333,44.377916666666664,,43.708333333333336,0.0,39,N1 - Boa
2013-06-28,,,,,,97.95958333333333,23.835416666666664,42.33416666666667,,29.125,1.6,34,N1 - Boa
2013-06-29,,,,,,78.48583333333333,26.445000000000004,37.1875,,56.708333333333336,0.0,49,N2 - Moderada
2013-06-30,,,,,,96.52666666666666,24.67958333333333,49.234166666666674,,32.958333333333336,0.2,29,N1 - Boa
2013-07-01,,,,,,98.78958333333333,23.74625,42.392500000000005,,14.041666666666666,7.200000000000001,24,N1 - Boa
2013-07-02,,,,,,98.27625,20.805416666666666,50.85375,,11.083333333333334,19.200000000000003,27,N1 - Boa
2013-07-03,,,,,,87.37541666666665,21.70125,21.984166666666667,,35.333333333333336,0.0,31,N1 - Boa
2013-07-04,,,,,,79.86625,22.135416666666668,30.06583333333333,,34.333333333333336,0.0,30,N1 - Boa
2013-07-05,,,,,,79.37041666666667,22.18875,30.56625,,44.75,0.0,40,N1 - Boa
2013-07-06,,,,,,73.42157894736842,23.911578947368422,32.33236842105263,,62.875,0.0,53,N2 - Moderada
2013-07-07,,,,,,65.80125,24.635833333333334,49.24541666666667,,47.916666666666664,0.0,42,N2 - Moderada
2013-07-08,,,,,,90.57791666666667,22.1375,46.36666666666667,,37.541666666666664,2.6,34,N1 - Boa
2013-07-09,,,,,,87.74458333333332,21.516666666666666,51.923750000000005,,19.979166666666668,0.6000000000000001,26,N1 - Boa
2013-07-10,,,,,,84.5225,20.89708333333333,24.463333333333335,,41.25,0.0,36,N1 - Boa
2013-07-11,,,,,,81.30125,21.11583333333333,26.12125,,37.041666666666664,0.0,33,N1 - Boa
2013-07-12,,,,,,77.65083333333332,22.417916666666667,22.28895833333333,,47.333333333333336,0.0,42,N2 - Moderada
2013-07-13,,,,,,67.10875,25.80666666666667,43.498333333333335,,26.791666666666668,0.0,26,N1 - Boa
2013-07-14,,,,,,72.12666666666667,26.454583333333332,61.068333333333335,,34.083333333333336,4.2,38,N1 - Boa
2013-07-15,,,,,,82.94083333333333,25.10166666666667,71.30833333333334,,14.083333333333334,0.0,38,N1 - Boa
2013-07-16,,,,,,94.89333333333333,22.190833333333334,62.75208333333333,,10.041666666666666,2.6,32,N1 - Boa
2013-07-17,,,,,,85.7475,23.58125,36.82208333333333,,33.0,0.0,32,N1 - Boa
2013-07-18,,,,,,74.74875,25.864166666666666,48.45791666666667,,49.125,0.0,43,N2 - Moderada
2013-07-19,,,,,,79.28291666666667,25.38208333333333,67.23208333333334,,30.5625,1.2,37,N1 - Boa
2013-07-20,,,,,,76.10958333333333,26.50916666666667,48.97666666666667,,37.291666666666664,0.0,40,N1 - Boa
2013-07-21,,,,,,68.58916666666667,27.393333333333334,67.05791666666667,,31.25,0.0,34,N1 - Boa
2013-07-22,,,,,,93.995,24.05125,58.50875,,30.541666666666668,0.2,30,N1 - Boa
2013-07-23,,,,,,94.48333333333333,20.609166666666667,64.79083333333334,,5.666666666666667,0.2,27,N1 - Boa
2013-07-24,,,,,,87.21875,16.785416666666666,55.61875,,7.5,34.6,25,N1 - Boa
2013-07-25,,,,,,99.11,16.096666666666668,47.38999999999999,,6.708333333333333,19.8,26,N1 - Boa
2013-07-26,,,,,,,,59.25666666666666,,8.354166666666666,0.0,33,N1 - Boa
2013-07-27,,,,,,,,64.36083333333333,,11.666666666666666,,32,N1 - Boa
2013-07-28,,,,,,,,31.952083333333334,,26.541666666666668,,29,N1 - Boa
2013-07-29,,,,,,,,36.22666666666667,,35.458333333333336,,34,N1 - Boa
2013-07-30,,,,,,85.25333333333333,19.114285714285717,29.674374999999998,,47.375,0.0,42,N2 - Moderada
2013-07-31,,,,,,78.40645833333333,20.152291666666667,29.859166666666667,,63.854166666666664,0.0,54,N2 - Moderada
2013-08-01,,,,,,69.6025,22.39916666666667,53.87583333333333,,75.95833333333333,0.0,63,N2 - Moderada
2013-08-02,,,,,,65.21625,23.111666666666665,55.87625,,100.79166666666667,0.0,81,N3 - Ruim
2013-08-03,,,,,,54.1275,25.05,62.40979166666667,,96.33333333333333,0.0,81,N3 - Ruim
2013-08-04,,,,,,62.939166666666665,24.61708333333333,84.86041666666667,,65.58333333333333,0.0,80,N2 - Moderada
2013-08-05,,,,,,83.42937500000001,21.43375,76.00354166666666,,40.979166666666664,0.0,46,N2 - Moderada
2013-08-06,,,,,,78.60416666666667,22.163749999999997,57.606249999999996,,50.833333333333336,0.0,45,N2 - Moderada
2013-08-07,,,,,,83.79708333333333,20.936666666666667,45.635,,71.125,0.0,59,N2 - Moderada
2013-08-08,,,,,,68.36791666666666,24.86125,33.57791666666667,,68.33333333333333,0.0,57,N2 - Moderada
2013-08-09,,,,,,48.776250000000005,26.795833333333334,60.32708333333333,,70.91666666666667,0.0,59,N2 - Moderada
2013-08-10,,,,,,74.85416666666667,23.51375,71.87666666666667,,44.0,0.0,41,N2 - Moderada
2013-08-11,,,,,,72.74416666666667,20.54,56.870416666666664,,32.166666666666664,0.0,28,N1 - Boa
2013-08-12,,,,,,73.89333333333333,21.214166666666667,45.69083333333333,,49.458333333333336,0.0,43,N2 - Moderada
2013-08-13,,,,,,76.66250000000001,24.072083333333335,56.46666666666667,,84.0,0.0,72,N2 - Moderada
2013-08-14,,,,,,78.05041666666666,21.512083333333333,80.30916666666667,,29.208333333333332,0.2,38,N1 - Boa
2013-08-15,,,,,,68.94291666666668,18.854583333333334,75.29875,,13.895833333333334,0.2,32,N1 - Boa
2013-08-16,,,,,,71.16208333333334,19.695,56.4975,,32.208333333333336,0.0,35,N1 - Boa
2013-08-17,,,,,,76.89083333333333,20.700416666666666,47.725833333333334,,30.958333333333332,1.8,32,N1 - Boa
2013-08-18,,,,,,79.46541666666667,19.456666666666667,56.245,,10.375,1.5999999999999999,29,N1 - Boa
2013-08-19,,,,,,78.07291666666667,19.778333333333332,38.153333333333336,,21.875,0.0,29,N1 - Boa
2013-08-20,,,,,,74.67375,21.20875,40.623333333333335,,28.291666666666668,0.0,30,N1 - Boa
2013-08-21,,,,,,71.11958333333332,22.97791666666667,39.257083333333334,,31.791666666666668,0.0,32,N1 - Boa
2013-08-22,,,,,,54.41,26.83583333333333,51.95916666666667,,43.958333333333336,0.0,39,N1 - Boa
2013-08-23,,,,,,56.76125,27.4825,78.40083333333334,,34.291666666666664,0.0,58,N2 - Moderada
2013-08-24,,,,,,83.88041666666668,22.652916666666666,87.66833333333334,,35.375,0.0,50,N2 - Moderada
2013-08-25,,,,,,81.12291666666667,23.176666666666666,76.24541666666667,,45.083333333333336,0.0,60,N2 - Moderada
2013-08-26,,,,,,84.69500000000001,21.030833333333334,75.08666666666666,,28.666666666666668,0.0,34,N1 - Boa
2013-08-27,,,,,,84.34958333333333,19.442708333333332,62.62052631578947,,16.894736842105264,0.8,28,N1 - Boa
2013-08-28,,,,,,70.49166666666666,19.072916666666668,60.107916666666675,,21.791666666666668,4.6,28,N1 - Boa
2013-08-29,,,,,,75.87625,18.84875,42.58166666666667,,37.791666666666664,0.0,34,N1 - Boa
2013-08-30,,,,,,74.10958333333333,20.908333333333335,44.55708333333334,,45.708333333333336,0.0,41,N2 - Moderada
2013-08-31,,,,,,66.33375,22.31833333333333,49.89791666666667,,47.875,0.0,42,N2 - Moderada
2013-09-01,,,,,,58.79541666666666,24.9375,73.84916666666666,,45.833333333333336,0.0,58,N2 - Moderada
2013-09-02,,,,,,64.55583333333333,25.73875,87.36,,55.520833333333336,0.0,57,N2 - Moderada
2013-09-03,,,,,,68.2225,24.190833333333334,88.79166666666667,,42.375,6.0,75,N2 - Moderada
2013-09-04,,,,,,89.526875,19.899166666666666,60.442083333333336,,8.583333333333334,27.999999999999996,37,N1 - Boa
2013-09-05,,,,,,79.11229166666666,21.470416666666665,65.46833333333333,,19.041666666666668,7.2,29,N1 - Boa
2013-09-06,,,,,,70.13708333333334,21.47458333333333,55.20541666666667,,20.979166666666668,0.0,30,N1 - Boa
2013-09-07,,,,,,71.96062500000001,21.218333333333334,47.63458333333333,,24.25,0.0,33,N1 - Boa
2013-09-08,,,,,,81.669375,23.683333333333334,51.30416666666667,,28.125,0.0,36,N1 - Boa
2013-09-09,,,,,,77.25916666666667,24.065416666666668,47.13583333333333,,45.125,0.0,40,N1 - Boa
2013-09-10,,,,,,84.61916666666667,23.349166666666665,70.69470588235293,,42.125,4.4,37,N1 - Boa
2013-09-11,,,,,,70.86416666666666,24.834999999999997,47.20541666666667,,58.708333333333336,0.0,50,N2 - Moderada
2013-09-12,,,,,,60.111250000000005,25.40833333333333,38.28791666666667,,55.083333333333336,0.0,48,N2 - Moderada
2013-09-13,,,,,,57.20666666666667,25.861666666666668,54.43625,,61.875,0.0,53,N2 - Moderada
2013-09-14,,,,,,55.16291666666667,27.131249999999998,49.72958333333333,,58.333333333333336,0.0,50,N2 - Moderada
2013-09-15,,,,,,53.4375,28.385,55.78916666666667,,57.291666666666664,0.0,49,N2 - Moderada
2013-09-16,,,,,,54.19416666666666,28.840416666666666,71.5125,,53.416666666666664,0.0,56,N2 - Moderada
2013-09-17,,,,,,74.26375,26.208333333333332,73.22208333333333,,53.041666666666664,1.8,46,N2 - Moderada
2013-09-18,,,,,,86.8675,22.57375,62.80833333333334,,8.479166666666666,1.2,26,N1 - Boa
2013-09-19,,,,,,92.33708333333334,22.520416666666666,58.67041666666666,,7.208333333333333,2.6,26,N1 - Boa
2013-09-20,,,,,,80.77,25.75,64.83375,,34.958333333333336,0.0,38,N1 - Boa
2013-09-21,,,,,,57.13375,29.644166666666667,49.851875,,55.375,0.0,48,N2 - Moderada
2013-09-22,,,,,,79.575,25.199583333333333,80.28416666666666,,35.916666666666664,0.0,37,N1 - Boa
2013-09-23,,,,,,82.00083333333333,24.47,78.04263157894736,,22.31578947368421,1.4,38,N1 - Boa
2013-09-24,,,,,,90.63895833333333,22.174166666666668,72.43416666666667,,9.291666666666666,8.399999999999999,33,N1 - Boa
2013-09-25,,,,,,70.61916666666667,20.456666666666667,70.46458333333334,,15.729166666666666,0.0,30,N1 - Boa
2013-09-26,,,,,,63.28875,21.0275,69.38916666666667,,21.25,0.0,28,N1 - Boa
2013-09-27,,,,,,66.41333333333334,20.340833333333332,54.25666666666667,,29.75,0.0,28,N1 - Boa
2013-09-28,,,,,,66.35375,21.501666666666665,49.0725,,66.625,0.0,56,N2 - Moderada
2013-09-29,,,,,,80.87333333333333,22.01625,53.70583333333334,,25.291666666666668,2.2,28,N1 - Boa
2013-09-30,,,,,,79.3775,23.89,42.70791666666667,,47.333333333333336,0.0,42,N2 - Moderada
2013-10-01,,,,,,74.93791666666667,24.984166666666667,86.84333333333335,,27.791666666666668,0.0,63,N2 - Moderada
2013-10-02,,,,,,87.73833333333333,22.965,71.97041666666667,,21.25,10.4,60,N2 - Moderada
2013-10-03,,,,,,84.15958333333333,23.962083333333336,45.73166666666666,,31.270833333333332,0.0,30,N1 - Boa
2013-10-04,,,,,,86.84875,23.834166666666665,41.490833333333335,,26.104166666666668,8.2,28,N1 - Boa
2013-10-05,,,,,,76.94,22.798333333333332,61.94958333333333,,23.458333333333332,0.0,35,N1 - Boa
2013-10-06,,,,,,66.60291666666667,22.087083333333336,75.52791666666667,,18.25,0.0,34,N1 - Boa
2013-10-07,,,,,,78.14166666666667,20.45625,55.59041666666667,,9.229166666666666,1.4,25,N1 - Boa
2013-10-08,,,,,,74.37375,20.798750000000002,40.76833333333333,,14.75,3.2,30,N1 - Boa
2013-10-09,,,,,,68.57958333333333,21.278333333333332,42.748333333333335,,52.166666666666664,0.0,45,N2 - Moderada
2013-10-10,,,,,,66.11625,22.344583333333333,47.409166666666664,,63.729166666666664,0.0,54,N2 - Moderada
2013-10-11,,,,,,67.31541666666666,22.739583333333332,48.975833333333334,,80.125,0.0,66,N2 - Moderada
2013-10-12,,,,,,63.4375,23.97375,46.76791666666667,,31.958333333333332,0.0,31,N1 - Boa
2013-10-13,,,,,,58.21375,25.809166666666666,47.42458333333334,,47.041666666666664,0.0,42,N2 - Moderada
2013-10-14,,,,,,54.001666666666665,27.399583333333336,65.24958333333333,,65.20833333333333,0.0,55,N2 - Moderada
2013-10-15,,,,,,82.72833333333334,23.850416666666664,59.651250000000005,,48.375,0.0,42,N2 - Moderada
2013-10-16,,,,,,92.00916666666666,22.754166666666666,58.09458333333333,,20.166666666666668,11.6,29,N1 - Boa
2013-10-17,,,,,,91.24041666666666,22.795833333333334,51.029583333333335,,14.25,7.200000000000001,28,N1 - Boa
2013-10-18,,,,,,85.39083333333333,23.2325,52.848749999999995,,18.083333333333332,8.4,32,N1 - Boa
2013-10-19,,,,,,80.4225,23.5525,67.35208333333334,,12.958333333333334,0.0,35,N1 - Boa
2013-10-20,,,,,,76.62583333333333,25.55458333333333,67.86291666666666,,25.625,0.0,56,N2 - Moderada
2013-10-21,,,,,,63.92250000000001,30.24,79.64999999999999,,48.166666666666664,0.0,86,N3 - Ruim
2013-10-22,,,,,,77.524375,26.221249999999998,95.62333333333333,,38.5625,0.0,42,N2 - Moderada
2013-10-23,,,,,,78.825625,26.469375,79.02125,,54.520833333333336,0.0,65,N2 - Moderada
2013-10-24,,,,,,70.23375,28.325833333333335,73.52,,53.416666666666664,0.0,57,N2 - Moderada
2013-10-25,,,,,,87.51125,24.994583333333335,72.16875,,34.75,2.8,40,N1 - Boa
2013-10-26,,,,,,80.19875,25.278333333333332,54.94916666666666,,20.041666666666668,0.0,29,N1 - Boa
2013-10-27,,,,,,65.22833333333334,27.13208333333333,70.34791666666666,,32.125,0.0,37,N1 - Boa
2013-10-28,,,,,,68.92333333333333,23.649583333333336,68.95875,,37.958333333333336,0.0,34,N1 - Boa
2013-10-29,,,,,,61.11625,21.840416666666666,43.81041666666667,,54.541666666666664,0.0,48,N2 - Moderada
2013-10-30,,,,,,67.53916666666667,22.90041666666667,48.671666666666674,,53.25,0.0,46,N2 - Moderada
2013-10-31,,,,,,75.70833333333333,22.200833333333335,55.692499999999995,,20.75,0.0,27,N1 - Boa
2013-11-01,,,,,,67.01583333333333,23.1125,51.99541666666667,,33.708333333333336,0.0,30,N1 - Boa
2013-11-02,,,,,,66.04625,23.65125,59.04291666666666,,38.958333333333336,0.0,35,N1 - Boa
2013-11-03,,,,,,56.05666666666667,26.210833333333337,56.48916666666667,,40.291666666666664,0.0,38,N1 - Boa
2013-11-04,,,,,,67.26416666666667,25.075833333333335,70.21458333333334,,39.375,0.0,37,N1 - Boa
2013-11-05,,,,,,86.84291666666667,21.66125,70.46708333333333,,13.625,2.0,35,N1 - Boa
2013-11-06,,,,,,92.745625,20.221666666666668,51.7275,,6.520833333333333,10.6,25,N1 - Boa
2013-11-07,,,,,,93.21333333333332,20.984583333333333,41.09791666666667,,10.0625,23.6,24,N1 - Boa
2013-11-08,,,,,,84.30125,22.77333333333333,55.897083333333335,,17.375,1.2,33,N1 - Boa
2013-11-09,,,,,,80.89291666666666,24.340833333333332,42.503750000000004,,12.5,1.5999999999999999,26,N1 - Boa
2013-11-10,,,,,,77.32416666666667,25.659583333333334,42.02791666666667,,19.479166666666668,0.0,30,N1 - Boa
2013-11-11,,,,,,64.3125,30.33875,66.04666666666667,,40.75,0.0,60,N2 - Moderada
2013-11-12,,,,,,55.826249999999995,32.22375,108.8575,,48.583333333333336,0.0,111,N3 - Ruim
2013-11-13,,,,,,72.09375,25.168333333333333,62.862500000000004,,12.738095238095237,1.0,72,N2 - Moderada
2013-11-14,,,,,,67.00708333333334,23.840833333333332,38.62208333333333,,29.291666666666668,0.0,26,N1 - Boa
2013-11-15,,,,,,64.59083333333334,25.2325,43.0625,,33.588235294117645,0.0,31,N1 - Boa
2013-11-16,,,,,,57.38625,29.439166666666665,72.49125,,30.166666666666668,0.0,42,N2 - Moderada
2013-11-17,,,,,,91.69583333333333,22.04041666666667,72.10583333333334,,16.0625,36.8,42,N2 - Moderada
2013-11-18,,,,,,79.56166666666667,23.388333333333335,60.7075,,12.0,0.0,48,N2 - Moderada
2013-11-19,,,,,,75.68916666666667,26.582083333333333,63.93625,,26.666666666666668,0.0,50,N2 - Moderada
2013-11-20,,,,,,66.03958333333334,29.08,63.72458333333333,,39.125,0.0,64,N2 - Moderada
2013-11-21,,,,,,59.488125,30.534166666666668,84.97208333333333,,43.916666666666664,3.0,92,N3 - Ruim
2013-11-22,,,,,,88.07083333333333,24.1825,70.45458333333333,,8.4375,17.0,65,N2 - Moderada
2013-11-23,,,,,,89.55708333333332,22.91208333333333,52.21,,10.6875,1.8,28,N1 - Boa
2013-11-24,,,,,,86.65458333333333,23.745,36.24791666666667,,8.9375,1.7999999999999998,22,N1 - Boa
2013-11-25,,,,,,92.64708333333334,23.3075,15.949166666666668,,16.291666666666668,11.0,14,N1 - Boa
2013-11-26,,,,,,90.29166666666667,23.227083333333336,17.013749999999998,,9.479166666666666,8.200000000000001,13,N1 - Boa
2013-11-27,,,,,,76.27666666666667,26.09875,38.435833333333335,,26.416666666666668,0.0,32,N1 - Boa
2013-11-28,,,,,,58.16708333333333,29.669166666666666,54.85583333333333,,23.458333333333332,0.0,31,N1 - Boa
2013-11-29,,,,,,79.7225,26.53916666666667,59.2775,,23.583333333333332,0.0,33,N1 - Boa
2013-11-30,,,,,,87.89333333333333,25.64125,53.24625,,20.875,3.0,25,N1 - Boa
2013-12-01,,,,,,90.98541666666667,25.166666666666668,42.27375,,15.958333333333334,3.8000000000000003,20,N1 - Boa
2013-12-02,,,,,,81.76708333333333,27.212083333333336,47.568333333333335,,19.541666666666668,0.0,24,N1 - Boa
2013-12-03,,,,,,71.1275,28.153750000000002,55.08833333333333,,16.5,0.0,33,N1 - Boa
2013-12-04,,,,,,64.78666666666668,29.03916666666667,70.48291666666667,,40.083333333333336,0.0,85,N3 - Ruim
2013-12-05,,,,,,66.18708333333333,30.61791666666667,92.19833333333332,,46.0,34.6,123,N4 - Muito Ruim
2013-12-06,,,,,,78.10458333333334,25.599999999999998,77.11666666666666,,11.375,0.0,38,N1 - Boa
2013-12-07,,,,,,79.56333333333333,25.887916666666666,53.61375,,28.708333333333332,0.0,30,N1 - Boa
2013-12-08,,,,,,77.29208333333334,26.465,47.28916666666667,,35.208333333333336,0.0,31,N1 - Boa
2013-12-09,,,,,,67.82333333333334,29.58666666666667,53.01916666666667,,33.770833333333336,0.0,36,N1 - Boa
2013-12-10,,,,,,71.37416666666667,29.095,68.85791666666667,,34.5,1.0,36,N1 - Boa
2013-12-11,,,,,,93.35708333333334,24.171666666666667,63.947916666666664,,8.041666666666666,30.0,33,N1 - Boa
2013-12-12,,,,,,82.54333333333334,24.197083333333335,43.40958333333333,,11.958333333333334,1.6,20,N1 - Boa
2013-12-13,,,,,,77.70458333333333,24.38208333333333,23.782916666666665,,19.125,0.0,17,N1 - Boa
2013-12-14,,,,,,72.49791666666667,25.380416666666665,29.37,,18.833333333333332,0.0,22,N1 - Boa
2013-12-15,,,,,,76.16791666666667,25.35375,26.27125,,23.0625,0.0,20,N1 - Boa
2013-12-16,,,,,,77.93666666666667,24.705416666666665,29.72875,,20.833333333333332,0.0,19,N1 - Boa
2013-12-17,,,,,,78.85625,24.21875,31.572083333333335,,13.916666666666666,0.0,20,N1 - Boa
2013-12-18,,,,,,81.16041666666666,24.794166666666666,38.51208333333333,,10.125,5.6000000000000005,20,N1 - Boa
2013-12-19,,,,,,85.59958333333333,24.700416666666666,47.056666666666665,,7.583333333333333,1.5999999999999999,26,N1 - Boa
2013-12-20,,,,,,81.25125,25.937083333333334,47.39458333333334,,7.0,0.4,24,N1 - Boa
2013-12-21,,,,,,80.17458333333333,25.927916666666665,34.02,,18.625,0.0,23,N1 - Boa
2013-12-22,,,,,,82.145,25.8075,30.944166666666664,,12.541666666666666,0.0,20,N1 - Boa
2013-12-23,,,,,,79.38458333333334,26.485416666666666,52.806666666666665,,10.291666666666666,0.0,26,N1 - Boa
2013-12-24,,,,,,79.98791666666666,26.49625,32.300000000000004,,16.375,0.2,21,N1 - Boa
2013-12-25,,,,,,77.67958333333333,27.270416666666666,27.078333333333333,,21.770833333333332,0.0,20,N1 - Boa
2013-12-26,,,,,,75.77416666666666,27.232083333333335,37.8075,,23.125,0.0,28,N1 - Boa
2013-12-27,,,,,,69.80624999999999,29.227500000000003,64.99541666666667,,30.0,0.0,52,N2 - Moderada
2013-12-28,,,,,,73.30125,29.43166666666667,61.35541666666666,,31.791666666666668,0.0,33,N1 - Boa
2013-12-29,,,,,,68.90166666666666,30.58666666666667,57.98875,,37.791666666666664,0.0,34,N1 - Boa
2013-12-30,,,,,,61.25875,31.471666666666664,62.34125,,28.708333333333332,23.8,40,N1 - Boa
2013-12-31,,,,,,66.7904347826087,31.031304347826087,58.71597826086956,,17.847826086956523,11.0,40,N1 - Boa
2014-01-01,,,,,,62.35444444444445,31.699861111111108,55.6809375,,18.229166666666668,0.0,33,N1 - Boa
2014-01-02,,,,,,70.09666666666666,30.197083333333335,79.07625,,18.208333333333332,46.8,67,N2 - Moderada
2014-01-03,,,,,,56.35458333333333,34.02625,92.34416666666665,,27.125,0.0,93,N3 - Ruim
2014-01-04,,,,,,77.02666666666666,30.742500000000003,73.19458333333334,,21.125,0.0,48,N2 - Moderada
2014-01-05,,,,,,72.64625,29.222083333333334,69.80083333333333,,27.979166666666668,0.0,32,N1 - Boa
2014-01-06,,,,,,72.36166666666666,28.60875,51.61083333333334,,30.375,0.0,41,N2 - Moderada
2014-01-07,,,,,,66.30541666666666,28.13875,44.39958333333333,,27.625,0.0,34,N1 - Boa
2014-01-08,,,,,,53.51625000000001,30.730833333333333,51.74166666666667,,42.083333333333336,0.0,39,N1 - Boa
2014-01-09,,,,,,63.190416666666664,30.100416666666664,67.28083333333333,,31.375,0.0,40,N1 - Boa
2014-01-10,,,,,,65.49499999999999,29.904583333333335,51.39291666666667,,34.5,0.0,50,N2 - Moderada
2014-01-11,,,,,,57.90208333333334,32.185833333333335,55.05625,,34.083333333333336,0.0,37,N1 - Boa
2014-01-12,,,,,,76.35875,28.904583333333335,64.28708333333334,,27.833333333333332,0.0,36,N1 - Boa
2014-01-13,,,,,,71.85333333333334,29.50916666666667,60.13041666666667,,39.125,21.0,53,N2 - Moderada
2014-01-14,,,,,,66.54666666666667,30.562083333333334,69.50083333333333,,25.666666666666668,0.0,64,N2 - Moderada
2014-01-15,,,,,,75.14916666666666,29.202916666666667,67.295,,25.958333333333332,0.0,37,N1 - Boa
2014-01-16,,,,,,78.27374999999999,27.536666666666665,65.31041666666667,,26.354166666666668,43.4,36,N1 - Boa
2014-01-17,,,,,,77.14791666666666,26.25583333333333,76.51458333333333,,11.541666666666666,2.8000000000000003,60,N2 - Moderada
2014-01-18,,,,,,76.72291666666666,26.68375,60.30125,,13.125,0.6000000000000001,38,N1 - Boa
2014-01-19,,,,,,74.5175,27.42,42.52875,,19.083333333333332,0.0,27,N1 - Boa
2014-01-20,,,,,,68.97666666666667,28.70958333333333,56.32458333333333,,25.6875,0.0,39,N1 - Boa
2014-01-21,,,,,,63.63166666666667,30.697916666666668,65.825,,36.833333333333336,0.0,72,N2 - Moderada
2014-01-22,,,,,,57.96458333333334,31.735833333333332,77.15166666666666,,30.25,0.0,73,N2 - Moderada
2014-01-23,,,,,,58.268750000000004,31.771666666666665,85.09666666666668,,36.583333333333336,0.0,111,N3 - Ruim
2014-01-24,,,,,,53.50791666666667,31.899583333333336,83.18,,43.375,0.0,84,N3 - Ruim
2014-01-25,,,,,,57.348749999999995,30.969166666666666,101.01375,,37.833333333333336,0.0,100,N3 - Ruim
2014-01-26,,,,,,67.9525,30.164583333333336,75.14541666666666,,35.458333333333336,0.0,61,N2 - Moderada
2014-01-27,,,,,,68.56,30.530833333333334,65.13208333333334,,40.208333333333336,0.0,40,N1 - Boa
2014-01-28,,,,,,58.52708333333334,31.192916666666665,65.31041666666667,,54.5625,0.0,77,N2 - Moderada
2014-01-29,,,,,,52.665,30.949166666666667,61.84958333333333,,49.625,0.0,69,N2 - Moderada
2014-01-30,,,,,,60.19583333333333,30.10166666666667,62.498333333333335,,56.75,0.0,79,N2 - Moderada
2014-01-31,,,,,,53.252916666666664,31.349999999999998,39.14947368421053,,41.979166666666664,0.0,37,N1 - Boa
2014-02-01,,,,,,57.693333333333335,30.430833333333336,59.28916666666667,,46.958333333333336,0.0,71,N2 - Moderada
2014-02-02,,,,,,56.998333333333335,31.147499999999997,51.068333333333335,,37.0625,0.0,39,N1 - Boa
2014-02-03,,,,,,61.286249999999995,30.834166666666665,48.23583333333334,,36.708333333333336,0.0,37,N1 - Boa
2014-02-04,,,,,,60.377916666666664,30.802916666666665,50.67583333333334,,42.125,0.0,41,N2 - Moderada
2014-02-05,,,,,,59.177083333333336,30.736666666666665,56.272708333333334,,61.270833333333336,0.0,52,N2 - Moderada
2014-02-06,,,,,,54.3125,31.261666666666667,47.90375,,45.708333333333336,0.0,41,N2 - Moderada
2014-02-07,,,,,,56.64833333333333,31.205416666666665,54.967083333333335,,46.041666666666664,0.0,41,N2 - Moderada
2014-02-08,,,,,,47.766041666666666,32.804375,69.87916666666666,,69.625,0.0,67,N2 - Moderada
2014-02-09,,,,,,49.53875,32.029583333333335,72.27473684210527,,41.333333333333336,0.0,48,N2 - Moderada
2014-02-10,,,,,,54.302083333333336,30.83875,73.12291666666667,,51.958333333333336,0.0,92,N3 - Ruim
2014-02-11,,,,,,56.956250000000004,29.961250000000003,60.10395833333333,,57.6875,0.0,50,N2 - Moderada
2014-02-12,,,,,,48.24125,31.12375,62.546666666666674,,59.291666666666664,0.0,67,N2 - Moderada
2014-02-13,,,,,,46.15083333333333,32.13333333333333,69.935,,65.375,0.0,75,N2 - Moderada
2014-02-14,,,,,,72.69166666666666,28.27,78.20125,,43.166666666666664,0.0,39,N1 - Boa
2014-02-15,,,,,,76.39041666666667,27.03,79.57458333333334,,25.9375,0.0,39,N1 - Boa
2014-02-16,,,,,,82.95833333333333,26.37,71.94625,,22.083333333333332,6.0,34,N1 - Boa
2014-02-17,,,,,,81.38166666666667,25.912499999999998,41.86208333333334,,21.791666666666668,2.0,30,N1 - Boa
2014-02-18,,,,,,80.4175,25.78625,29.838333333333335,,16.354166666666668,3.8000000000000007,18,N1 - Boa
2014-02-19,,,,,,79.27,25.619583333333335,26.439166666666665,,22.666666666666668,1.4000000000000001,20,N1 - Boa
2014-02-20,,,,,,66.073125,26.84583333333333,30.06458333333333,,34.020833333333336,0.0,30,N1 - Boa
2014-02-21,,,,,,59.07750000000001,29.497083333333336,51.31125,,43.833333333333336,0.0,46,N2 - Moderada
2014-02-22,,,,,,51.979166666666664,30.788750000000004,60.25541666666667,,54.020833333333336,0.0,58,N2 - Moderada
2014-02-23,,,,,,51.872083333333336,32.00416666666667,49.869166666666665,,37.291666666666664,0.0,37,N1 - Boa
2014-02-24,,,,,,68.795,29.22458333333333,46.78333333333333,,33.041666666666664,0.0,29,N1 - Boa
2014-02-25,,,,,,68.29458333333334,28.97,60.053333333333335,,47.770833333333336,0.0,56,N2 - Moderada
2014-02-26,,,,,,61.57041666666667,30.043333333333333,58.33625000000001,,54.375,0.0,56,N2 - Moderada
2014-02-27,,,,,,48.77583333333334,32.946666666666665,58.29708333333334,,74.83333333333333,0.0,62,N2 - Moderada
2014-02-28,,,,,,69.80583333333333,28.49416666666667,66.14208333333333,,28.25,2.0,30,N1 - Boa
2014-03-01,,,,,,70.56,27.991249999999997,84.325,,24.916666666666668,0.0,54,N2 - Moderada
2014-03-02,,,,,,79.53333333333333,27.324166666666667,64.93958333333333,,24.916666666666668,0.0,42,N2 - Moderada
2014-03-03,,,,,,75.31541666666666,27.482083333333335,56.782916666666665,,36.1875,0.0,35,N1 - Boa
2014-03-04,,,,,,70.39625,27.9825,37.30166666666667,,38.333333333333336,0.0,34,N1 - Boa
2014-03-05,,,,,,66.26916666666666,29.01833333333333,37.97833333333333,,41.166666666666664,0.6,36,N1 - Boa
2014-03-06,,,,,,74.06541666666666,27.839166666666667,29.995,,24.875,0.8,23,N1 - Boa
2014-03-07,,,,,,74.74625,27.640833333333333,57.555,,25.4375,0.2,36,N1 - Boa
2014-03-08,,,,,,93.57958333333333,24.026666666666667,57.987500000000004,,12.416666666666666,73.6,27,N1 - Boa
2014-03-09,,,,,,78.16083333333333,27.131666666666664,51.29291666666666,,20.375,0.0,35,N1 - Boa
2014-03-10,,,,,,66.11791666666666,29.976249999999997,53.830000000000005,,36.083333333333336,0.0,52,N2 - Moderada
2014-03-11,,,,,,58.64333333333334,31.177916666666665,60.08041666666667,,34.395833333333336,0.0,37,N1 - Boa
2014-03-12,,,,,,77.32291666666667,28.301666666666666,70.86916666666666,,36.104166666666664,0.0,38,N1 - Boa
2014-03-13,,,,,,77.66214285714285,28.249285714285715,69.32357142857144,,42.13333333333333,0.0,37,N1 - Boa
2014-03-14,,,,,,,,,,,,,
2014-03-15,,,,,,,,,,,,,
2014-03-16,,,,,,,,,,,,,
2014-03-17,,,,,,,,,,,,,
2014-03-18,,,,,,,,,,,,,
2014-03-19,,,,,,,,,,,,,
2014-03-20,,,,,,,,,,,,,
2014-03-21,,,,,,,,,,,,,
2014-03-22,,,,,,,,,,,,,
2014-03-23,,,,,,,,,,,,,
2014-03-24,,,,,,,,,,,,,
2014-03-25,,,,,,,,,,,,,
2014-03-26,,,,,,86.04555555555555,25.74,34.28777777777778,,10.11111111111111,0.0,16,N1 - Boa
2014-03-27,,,,,,84.76541666666667,25.417916666666667,21.954583333333332,,22.375,0.6000000000000001,20,N1 - Boa
2014-03-28,,,,,,78.61625,26.184583333333336,28.375416666666666,,33.69565217391305,0.0,30,N1 - Boa
2014-03-29,,,,,,77.63208333333334,26.459166666666665,36.293749999999996,,32.875,0.0,30,N1 - Boa
2014-03-30,,,,,,71.28904761904762,27.97285714285714,35.736666666666665,,32.5,0.0,28,N1 - Boa
2014-03-31,,,,,,,,,,,,,
2014-04-01,,,,,,,,,,,,,
2014-04-02,,,,,,81.84375,26.75625,81.8325,,,0.0,33,N1 - Boa
2014-04-03,,,,,,81.10541666666667,27.08583333333333,45.81916666666667,,46.4,0.0,41,N2 - Moderada
2014-04-04,,,,,,78.31583333333333,26.43375,27.825,,20.0,2.0,18,N1 - Boa
2014-04-05,,,,,,72.815,25.729583333333334,28.67625,,41.09090909090909,0.0,36,N1 - Boa
2014-04-06,,,,,,69.23208333333334,25.68375,41.39458333333334,,37.6875,0.0,34,N1 - Boa
2014-04-07,,,,,,77.07791666666667,24.97375,63.42625,,38.666666666666664,0.0,61,N2 - Moderada
2014-04-08,,,,,,74.09875,25.23125,64.87166666666667,,,0.0,73,N2 - Moderada
2014-04-09,,,,,,72.335,27.30541666666667,59.54749999999999,,,0.0,44,N2 - Moderada
2014-04-10,,,,,,80.2075,26.528750000000002,46.46208333333333,,,0.0,29,N1 - Boa
2014-04-11,,,,,,75.44458333333334,27.326666666666668,50.27333333333333,,,0.0,42,N2 - Moderada
2014-04-12,,,,,,56.61083333333334,30.551666666666666,38.43625,,,0.0,26,N1 - Boa
2014-04-13,,,,,,74.38666666666667,27.273750000000003,57.07666666666666,,,0.0,32,N1 - Boa
2014-04-14,,,,,,92.21625,24.141666666666666,52.15375,,,34.0,23,N1 - Boa
2014-04-15,,,,,,90.52083333333333,22.559583333333332,45.59166666666667,,,23.6,20,N1 - Boa
2014-04-16,,,,,,89.33999999999999,23.36791666666667,30.888333333333332,,,0.8,18,N1 - Boa
2014-04-17,,,,,,81.50458333333333,25.157916666666665,30.483333333333334,,,0.0,19,N1 - Boa
2014-04-18,,,,,,78.25708333333334,26.382499999999997,31.831249999999997,,,0.0,28,N1 - Boa
2014-04-19,,,,,,77.58416666666666,27.99291666666667,40.80125,,,0.0,32,N1 - Boa
2014-04-20,,,,,,83.86666666666666,26.67125,53.99375,,,0.0,30,N1 - Boa
2014-04-21,,,,,,80.80583333333333,26.667916666666667,41.24583333333333,,,0.0,21,N1 - Boa
2014-04-22,,,,,,79.44,26.24625,37.33583333333333,,,0.0,28,N1 - Boa
2014-04-23,,,,,,81.36708333333333,26.230416666666667,41.75958333333333,,,0.0,23,N1 - Boa
2014-04-24,,,,,,85.06208333333333,24.914583333333336,32.302083333333336,,,13.6,18,N1 - Boa
2014-04-25,,,,,,72.31833333333333,23.81958333333333,41.708333333333336,,,0.4,22,N1 - Boa
2014-04-26,,,,,,73.85000000000001,23.21166666666667,37.4325,,,0.8,24,N1 - Boa
2014-04-27,,,,,,74.44500000000001,22.980833333333333,38.74166666666667,,,0.0,23,N1 - Boa
2014-04-28,,,,,,72.92041666666667,21.575833333333332,38.333333333333336,,,5.2,24,N1 - Boa
2014-04-29,,,,,,60.655,21.943749999999998,30.324583333333333,,,0.0,27,N1 - Boa
2014-04-30,,,,,,60.14958333333333,23.036666666666665,30.383333333333336,,,0.0,27,N1 - Boa
2014-05-01,,,,,,45.781666666666666,26.745416666666667,55.13625,,,0.0,29,N1 - Boa
2014-05-02,,,,,,65.30104166666666,25.177291666666665,51.303958333333334,,,0.0,49,N2 - Moderada
2014-05-03,,,,,,80.1525,24.98125,49.97541666666667,,,0.0,29,N1 - Boa
2014-05-04,,,,,,70.243125,26.382499999999997,34.62708333333333,,,0.0,25,N1 - Boa
2014-05-05,,,,,,71.02125,26.234583333333333,42.504583333333336,,,0.0,39,N1 - Boa
2014-05-06,,,,,,73.12583333333333,26.127499999999998,67.85291666666667,,,0.0,108,N3 - Ruim
2014-05-07,,,,,,81.29875,25.927916666666665,42.294583333333335,,,0.0,34,N1 - Boa
2014-05-08,,,,,,81.47166666666666,25.638333333333332,36.19416666666667,,,0.0,28,N1 - Boa
2014-05-09,,,,,,82.66875,24.547083333333333,56.611250000000005,,,3.4000000000000004,33,N1 - Boa
2014-05-10,,,,,,75.44625,23.569999999999997,49.911249999999995,,,0.2,27,N1 - Boa
2014-05-11,,,,,,72.93541666666667,22.25791666666667,38.930416666666666,,,6.0,27,N1 - Boa
2014-05-12,,,,,,63.257083333333334,22.39916666666667,35.876666666666665,,,0.0,28,N1 - Boa
2014-05-13,,,,,,61.664791666666666,23.871458333333333,39.84375,,,0.0,31,N1 - Boa
2014-05-14,,,,,,72.84541666666667,23.627916666666668,48.002916666666664,,,0.0,45,N2 - Moderada
2014-05-15,,,,,,79.0025,23.391458333333333,47.78791666666667,,,0.0,38,N1 - Boa
2014-05-16,,,,,,78.49249999999999,24.40041666666667,72.77666666666667,,,0.0,96,N3 - Ruim
2014-05-17,,,,,,84.27125,24.639583333333334,42.422916666666666,,,0.0,50,N2 - Moderada
2014-05-18,,,,,,81.63916666666667,25.324166666666667,39.42041666666667,,,0.8,28,N1 - Boa
2014-05-19,,,,,,83.21499999999999,25.697083333333335,58.47458333333333,,,0.0,28,N1 - Boa
2014-05-20,,,,,,81.85833333333333,24.767916666666665,47.65291666666667,,,0.0,36,N1 - Boa
2014-05-21,,,,,,74.95166666666667,25.177916666666665,32.63708333333333,,77.0,0.0,63,N2 - Moderada
2014-05-22,,,,,,47.89083333333334,28.45583333333333,64.92,,52.25,0.0,45,N2 - Moderada
2014-05-23,,,,,,74.40958333333333,25.784166666666668,52.30916666666667,,33.375,3.4,29,N1 - Boa
2014-05-24,,,,,,90.56708333333334,21.60875,59.70875,,8.416666666666666,7.200000000000001,26,N1 - Boa
2014-05-25,,,,,,87.74833333333333,21.87125,51.91583333333333,,13.75,7.8,24,N1 - Boa
2014-05-26,,,,,,78.93083333333333,24.78,29.69875,,23.854166666666668,0.4,22,N1 - Boa
2014-05-27,,,,,,70.81583333333333,23.656666666666666,56.70375000000001,,29.708333333333332,0.0,30,N1 - Boa
2014-05-28,,,,,,91.67666666666666,20.651666666666667,51.82458333333333,,12.520833333333334,45.39999999999999,26,N1 - Boa
2014-05-29,,,,,,84.3775,20.617916666666666,31.37625,,21.708333333333332,0.4,24,N1 - Boa
2014-05-30,,,,,,77.97083333333333,21.176666666666666,27.122500000000002,,39.166666666666664,0.2,35,N1 - Boa
2014-05-31,,,,,,76.65958333333333,21.769583333333333,28.86708333333333,,42.791666666666664,0.0,38,N1 - Boa
2014-06-01,,,,,,69.55958333333334,23.411666666666665,43.6025,,31.041666666666668,3.0000000000000004,28,N1 - Boa
2014-06-02,,,,,,77.26375,23.4275,46.224583333333335,,22.541666666666668,4.6000000000000005,28,N1 - Boa
2014-06-03,,,,,,63.99583333333334,21.776666666666667,63.28791666666667,,21.375,0.0,29,N1 - Boa
2014-06-04,,,,,,77.93291666666667,20.509583333333335,34.300000000000004,,51.354166666666664,0.0,45,N2 - Moderada
2014-06-05,,,,,,64.53583333333333,25.05875,42.82375,,61.458333333333336,0.0,52,N2 - Moderada
2014-06-06,,,,,,65.72,26.170833333333334,49.772083333333335,,56.208333333333336,0.0,48,N2 - Moderada
2014-06-07,,,,,,69.09875,26.734166666666667,40.348333333333336,,74.625,0.0,62,N2 - Moderada
2014-06-08,,,,,,44.61333333333334,28.980833333333333,62.73791666666667,,52.333333333333336,0.0,45,N2 - Moderada
2014-06-09,,,,,,65.50875,26.036666666666665,63.365833333333335,,36.125,0.0,32,N1 - Boa
2014-06-10,,,,,,84.90916666666666,23.50583333333333,59.82541666666666,,25.625,0.0,26,N1 - Boa
2014-06-11,,,,,,86.79833333333333,23.456666666666667,49.89416666666667,,25.208333333333332,20.400000000000002,28,N1 - Boa
2014-06-12,,,,,,83.60791666666667,23.34375,22.96541666666667,,37.020833333333336,0.0,33,N1 - Boa
2014-06-13,,,,,,80.00166666666667,24.016666666666666,23.54625,,32.333333333333336,0.0,28,N1 - Boa
2014-06-14,,,,,,70.83083333333333,24.95041666666667,29.412499999999998,,44.458333333333336,0.0,39,N1 - Boa
2014-06-15,,,,,,83.47958333333334,24.117499999999996,57.4025,,42.458333333333336,0.0,37,N1 - Boa
2014-06-16,,,,,,84.26458333333333,23.3875,37.432916666666664,,63.708333333333336,0.0,54,N2 - Moderada
2014-06-17,,,,,,80.52875,23.542916666666667,61.75458333333333,,59.041666666666664,0.0,58,N2 - Moderada
2014-06-18,,,,,,83.96333333333332,22.895,60.763749999999995,,51.125,9.799999999999999,45,N2 - Moderada
2014-06-19,,,,,,89.93416666666667,20.357499999999998,60.27458333333333,,12.833333333333334,2.6,30,N1 - Boa
2014-06-20,,,,,,85.00583333333334,20.365416666666665,35.418749999999996,,30.75,0.0,28,N1 - Boa
2014-06-21,,,,,,83.00208333333333,21.7675,36.85041666666667,,33.958333333333336,0.2,30,N1 - Boa
2014-06-22,,,,,,79.19500000000001,22.309583333333332,34.477916666666665,,24.75,0.0,27,N1 - Boa
2014-06-23,,,,,,73.07875,22.095,22.363333333333333,,51.854166666666664,0.4,45,N2 - Moderada
2014-06-24,,,,,,61.23541666666667,24.352500000000003,35.824999999999996,,58.104166666666664,0.0,50,N2 - Moderada
2014-06-25,,,,,,72.86749999999999,22.890416666666667,30.19458333333333,,71.25,0.0,59,N2 - Moderada
2014-06-26,,,,,,59.803958333333334,24.875416666666666,43.559583333333336,,73.08333333333333,0.0,60,N2 - Moderada
2014-06-27,,,,,,70.76416666666667,24.44333333333333,50.83625,,47.375,0.0,42,N2 - Moderada
2014-06-28,,,,,,82.67833333333333,23.235833333333332,51.90958333333333,,75.5,0.0,63,N2 - Moderada
2014-06-29,,,,,,70.97458333333334,25.8725,50.78583333333333,,76.20833333333333,0.0,63,N2 - Moderada
2014-06-30,,,,,,82.14375,23.454166666666666,45.9275,,54.291666666666664,0.0,47,N2 - Moderada
2014-07-01,,,,,,79.42166666666667,22.94666666666667,46.37625,,55.5,0.0,48,N2 - Moderada
2014-07-02,,,,,,79.67333333333333,22.6775,58.834583333333335,,54.1875,0.0,47,N2 - Moderada
2014-07-03,,,,,,79.77208333333333,23.72583333333333,36.565,,59.791666666666664,0.0,51,N2 - Moderada
2014-07-04,,,,,,78.79833333333333,24.58375,39.1675,,71.25,0.0,59,N2 - Moderada
2014-07-05,,,,,,75.71541666666667,24.326666666666668,39.249583333333334,,58.6875,0.0,50,N2 - Moderada
2014-07-06,,,,,,61.04624999999999,25.756666666666664,29.833333333333332,,36.833333333333336,0.0,33,N1 - Boa
2014-07-07,,,,,,61.60791666666666,26.098333333333333,43.161249999999995,,43.645833333333336,0.0,39,N1 - Boa
2014-07-08,,,,,,82.26833333333333,23.504583333333333,64.33125,,30.083333333333332,5.4,31,N1 - Boa
2014-07-09,,,,,,84.11375,22.639166666666668,45.48979166666667,,12.041666666666666,0.4,28,N1 - Boa
2014-07-10,,,,,,89.68624999999999,21.30666666666667,34.25541666666667,,18.25,11.2,25,N1 - Boa
2014-07-11,,,,,,86.59750000000001,20.949166666666667,62.565,,5.625,10.2,27,N1 - Boa
2014-07-12,,,,,,85.91083333333334,21.152083333333334,49.17958333333333,,8.708333333333334,3.6,27,N1 - Boa
2014-07-13,,,,,,73.84541666666667,21.431250000000002,41.642916666666665,,20.583333333333332,0.0,30,N1 - Boa
2014-07-14,,,,,,72.53833333333334,21.332916666666666,31.372916666666665,,31.25,0.0,28,N1 - Boa
2014-07-15,,,,,,73.67208333333333,21.44125,35.096875000000004,,32.625,0.0,31,N1 - Boa
2014-07-16,,,,,,69.35041666666667,22.449166666666667,35.63916666666667,,40.583333333333336,0.0,36,N1 - Boa
2014-07-17,,,,,,69.26833333333333,24.297083333333333,33.55833333333333,,53.9375,0.0,47,N2 - Moderada
2014-07-18,,,,,,67.39375,24.610833333333332,72.47958333333334,,38.458333333333336,1.4,46,N2 - Moderada
2014-07-19,,,,,,66.00166666666667,21.262083333333333,71.72916666666667,,18.75,0.2,33,N1 - Boa
2014-07-20,,,,,,71.46666666666667,19.857916666666664,35.22166666666667,,35.979166666666664,0.0,32,N1 - Boa
2014-07-21,,,,,,70.57666666666667,20.329583333333336,37.92666666666667,,34.875,0.0,31,N1 - Boa
2014-07-22,,,,,,70.10333333333334,21.76875,27.933958333333333,,49.291666666666664,0.0,43,N2 - Moderada
2014-07-23,,,,,,54.71,24.204166666666666,34.749583333333334,,62.541666666666664,0.0,53,N2 - Moderada
2014-07-24,,,,,,49.49666666666667,27.209166666666665,41.45666666666667,,48.166666666666664,2.0,42,N2 - Moderada
2014-07-25,,,,,,85.9925,21.32875,38.28958333333333,,14.9375,5.199999999999999,20,N1 - Boa
2014-07-26,,,,,,94.06166666666667,19.660833333333333,38.88125,,5.208333333333333,7.6,19,N1 - Boa
2014-07-27,,,,,,94.22291666666666,20.269166666666667,36.98,,4.666666666666667,11.2,20,N1 - Boa
2014-07-28,,,,,,80.86833333333333,21.163333333333334,39.485,,12.5,6.4,21,N1 - Boa
2014-07-29,,,,,,78.0675,20.482499999999998,25.97875,,23.0625,0.0,22,N1 - Boa
2014-07-30,,,,,,75.82791666666667,20.235,27.22875,,29.1875,0.0,26,N1 - Boa
2014-07-31,,,,,,75.80541666666666,21.145416666666666,22.324583333333333,,46.291666666666664,0.0,41,N2 - Moderada
2014-08-01,,,,,,68.1225,23.508750000000003,24.98708333333333,,54.458333333333336,0.0,47,N2 - Moderada
2014-08-02,,,,,,67.02625,24.657083333333333,60.31479166666667,,50.5,0.0,44,N2 - Moderada
2014-08-03,,,,,,62.865,25.710833333333337,53.06041666666667,,92.91666666666667,0.0,75,N2 - Moderada
2014-08-04,,,,,,49.137499999999996,27.84125,53.42666666666667,,91.83333333333333,0.0,74,N2 - Moderada
2014-08-05,,,,,,72.86083333333333,22.028750000000002,47.64083333333334,,38.708333333333336,2.2,35,N1 - Boa
2014-08-06,,,,,,65.98208333333334,20.259166666666665,30.27541666666667,,40.875,0.0,36,N1 - Boa
2014-08-07,,,,,,65.565,21.326249999999998,38.130833333333335,,53.5,0.0,47,N2 - Moderada
2014-08-08,,,,,,77.09625,21.674583333333334,52.26833333333334,,36.791666666666664,0.0,33,N1 - Boa
2014-08-09,,,,,,85.7025,21.65375,42.255833333333335,,22.375,11.799999999999999,25,N1 - Boa
2014-08-10,,,,,,75.86833333333333,22.63875,31.72458333333333,,32.333333333333336,0.0,28,N1 - Boa
2014-08-11,,,,,,52.64083333333334,26.002916666666664,42.925625,,58.5,0.0,50,N2 - Moderada
2014-08-12,,,,,,44.14333333333334,27.40833333333333,48.93833333333333,,83.625,0.0,68,N2 - Moderada
2014-08-13,,,,,,74.74666666666667,23.18541666666667,60.409166666666664,,35.0625,12.0,33,N1 - Boa
2014-08-14,,,,,,89.42916666666667,18.06375,40.777499999999996,,9.083333333333334,15.0,24,N1 - Boa
2014-08-15,,,,,,80.71166666666666,20.240833333333335,23.701666666666668,,20.458333333333332,0.0,19,N1 - Boa
2014-08-16,,,,,,73.58083333333333,22.085416666666664,35.482083333333335,,27.958333333333332,0.0,25,N1 - Boa
2014-08-17,,,,,,73.6125,23.52541666666667,37.48916666666667,,29.166666666666668,0.0,26,N1 - Boa
2014-08-18,,,,,,84.10166666666667,22.59166666666667,53.98291666666666,,27.083333333333332,0.0,29,N1 - Boa
2014-08-19,,,,,,82.25375,22.185000000000002,46.98833333333334,,22.75,0.0,28,N1 - Boa
2014-08-20,,,,,,83.27125,21.602500000000003,32.121249999999996,,30.041666666666668,0.0,27,N1 - Boa
2014-08-21,,,,,,77.09125,23.262083333333333,30.68416666666667,,59.104166666666664,0.0,50,N2 - Moderada
2014-08-22,,,,,,69.675,25.189999999999998,51.66583333333333,,66.95833333333333,0.0,56,N2 - Moderada
2014-08-23,,,,,,67.68333333333334,24.905,63.31666666666667,,78.75,0.0,65,N2 - Moderada
2014-08-24,,,,,,58.66416666666667,26.348333333333333,51.75416666666666,,73.54166666666667,0.0,61,N2 - Moderada
2014-08-25,,,,,,38.611250000000005,27.888333333333332,59.16583333333333,,93.75,0.0,76,N2 - Moderada
2014-08-26,,,,,,59.38958333333333,26.22875,54.78145833333334,,64.85416666666667,0.2,55,N2 - Moderada
2014-08-27,,,,,,77.73166666666667,22.305833333333336,43.98208333333333,,31.208333333333332,0.2,28,N1 - Boa
2014-08-28,,,,,,77.22208333333333,20.063750000000002,37.55375,,18.145833333333332,5.799999999999999,19,N1 - Boa
2014-08-29,,,,,,73.44500000000001,20.724166666666665,17.91625,,33.916666666666664,0.0,30,N1 - Boa
2014-08-30,,,,,,74.14041666666667,21.886666666666667,20.708333333333332,,40.125,0.0,36,N1 - Boa
2014-08-31,,,,,,71.29,24.86791666666667,34.42333333333333,,29.791666666666668,0.0,27,N1 - Boa
2014-09-01,,,,,,66.50666666666667,25.9175,53.83041666666667,,21.979166666666668,0.0,28,N1 - Boa
2014-09-02,,,,,,79.61208333333333,23.10291666666667,38.092083333333335,,27.791666666666668,0.0,25,N1 - Boa
2014-09-03,,,,,,73.34333333333333,24.23375,57.07041666666667,,16.333333333333332,2.4,28,N1 - Boa
2014-09-04,,,,,,75.81208333333333,21.984583333333333,51.23041666666666,,12.25,1.2000000000000002,25,N1 - Boa
2014-09-05,,,,,,67.57041666666667,21.118750000000002,39.95666666666667,,14.0,1.4,22,N1 - Boa
2014-09-06,,,,,,58.940416666666664,22.025833333333335,36.05625,,39.0,0.0,35,N1 - Boa
2014-09-07,,,,,,55.77166666666667,24.16875,45.01958333333334,,37.0,0.0,33,N1 - Boa
2014-09-08,,,,,,67.52166666666666,23.175833333333333,47.221666666666664,,52.75,0.0,46,N2 - Moderada
2014-09-09,,,,,,61.46291666666667,25.192916666666665,30.97875,,82.02083333333333,0.0,67,N2 - Moderada
2014-09-10,,,,,,41.68125,29.028333333333332,45.76625000000001,,77.125,0.0,63,N2 - Moderada
2014-09-11,,,,,,49.495000000000005,28.71375,70.16666666666667,,46.916666666666664,0.0,49,N2 - Moderada
2014-09-12,,,,,,81.73708333333333,24.62875,61.70416666666667,,39.979166666666664,0.0,36,N1 - Boa
2014-09-13,,,,,,74.29541666666667,25.039583333333336,44.037499999999994,,63.083333333333336,0.0,53,N2 - Moderada
2014-09-14,,,,,,67.03333333333333,26.607916666666668,41.196666666666665,,60.729166666666664,0.0,52,N2 - Moderada
2014-09-15,,,,,,52.72666666666667,28.870416666666667,53.574999999999996,,57.80555555555556,0.0,50,N2 - Moderada
2014-09-16,,,,,,75.93958333333333,24.700416666666666,45.96958333333333,,45.979166666666664,0.4,41,N2 - Moderada
2014-09-17,,,,,,83.78666666666668,22.962083333333336,46.75875,,18.375,1.7999999999999998,21,N1 - Boa
2014-09-18,,,,,,76.13083333333334,25.133333333333336,40.23041666666666,,35.041666666666664,0.0,31,N1 - Boa
2014-09-19,,,,,,83.82625,24.75375,38.246249999999996,,47.041666666666664,0.0,42,N2 - Moderada
2014-09-20,,,,,,70.88875,27.48,60.507083333333334,,49.5,22.4,44,N2 - Moderada
2014-09-21,,,,,,87.32291666666667,23.580416666666665,50.86833333333333,,19.75,12.2,28,N1 - Boa
2014-09-22,,,,,,73.55458333333333,22.80333333333333,40.80958333333333,,25.25,0.0,22,N1 - Boa
2014-09-23,,,,,,73.0125,22.898333333333337,33.76708333333333,,34.75,0.0,31,N1 - Boa
2014-09-24,,,,,,56.51583333333334,27.425,61.774166666666666,,42.125,0.0,37,N1 - Boa
2014-09-25,,,,,,77.76791666666666,25.27,60.280833333333334,,49.666666666666664,0.0,44,N2 - Moderada
2014-09-26,,,,,,71.98833333333333,26.74291666666667,44.61208333333334,,55.666666666666664,1.4,48,N2 - Moderada
2014-09-27,,,,,,81.48166666666667,25.53125,51.28125,,23.166666666666668,0.0,28,N1 - Boa
2014-09-28,,,,,,84.45208333333333,25.405416666666667,60.3425,,23.333333333333332,0.0,26,N1 - Boa
2014-09-29,,,,,,75.49333333333333,28.040833333333335,46.657916666666665,,45.916666666666664,0.4,41,N2 - Moderada
2014-09-30,,,,,,77.33541666666666,27.635,56.60916666666666,,38.041666666666664,0.0,38,N1 - Boa
2014-10-01,,,,,,74.2975,28.710416666666664,56.98875,,40.166666666666664,0.0,36,N1 - Boa
2014-10-02,,,,,,72.55875,24.636666666666667,56.05684210526315,,23.916666666666668,0.4,30,N1 - Boa
2014-10-03,,,,,,63.068333333333335,21.809166666666666,54.76708333333334,,19.041666666666668,3.0,24,N1 - Boa
2014-10-04,,,,,,61.41458333333333,21.094583333333333,47.182500000000005,,13.083333333333334,0.6000000000000001,23,N1 - Boa
2014-10-05,,,,,,60.393750000000004,21.4025,49.54958333333334,,17.291666666666668,0.0,26,N1 - Boa
2014-10-06,,,,,,61.209583333333335,22.040833333333335,39.52625,,29.083333333333332,0.0,26,N1 - Boa
2014-10-07,,,,,,60.20291666666666,24.395,40.51208333333333,,39.416666666666664,0.0,35,N1 - Boa
2014-10-08,,,,,,61.59,24.722083333333334,43.88625,,46.041666666666664,0.0,41,N2 - Moderada
2014-10-09,,,,,,61.41583333333333,25.5475,42.526666666666664,,53.25,0.0,46,N2 - Moderada
2014-10-10,,,,,,49.41083333333333,28.785416666666666,58.59041666666667,,71.79166666666667,0.0,60,N2 - Moderada
2014-10-11,,,,,,54.355625,28.313958333333332,67.30770833333334,,48.916666666666664,0.0,43,N2 - Moderada
2014-10-12,,,,,,84.24708333333334,23.22875,68.05499999999999,,35.25,0.0,34,N1 - Boa
2014-10-13,,,,,,69.12208333333334,27.197916666666668,75.45,,62.333333333333336,0.0,68,N2 - Moderada
2014-10-14,,,,,,83.63208333333334,24.973333333333333,78.935,,51.291666666666664,0.0,45,N2 - Moderada
2014-10-15,,,,,,80.7525,25.994583333333335,65.69458333333334,,31.791666666666668,0.0,30,N1 - Boa
2014-10-16,,,,,,75.5975,26.739583333333332,58.40291666666667,,56.75,0.0,49,N2 - Moderada
2014-10-17,,,,,,81.93875,26.046666666666667,72.09791666666666,,49.625,0.0,44,N2 - Moderada
2014-10-18,,,,,,79.45583333333333,26.3225,67.92999999999999,,55.208333333333336,0.0,48,N2 - Moderada
2014-10-19,,,,,,73.5575,28.733333333333334,66.36375,,71.54166666666667,1.2,60,N2 - Moderada
2014-10-20,,,,,,76.95,25.58875,74.05375,,27.958333333333332,0.0,32,N1 - Boa
2014-10-21,,,,,,76.78666666666668,22.86125,45.06666666666666,,25.75,0.2,29,N1 - Boa
2014-10-22,,,,,,72.54208333333334,22.239166666666666,35.5925,,20.75,0.2,20,N1 - Boa
2014-10-23,,,,,,64.66375000000001,24.049166666666665,40.369166666666665,,33.458333333333336,0.0,29,N1 - Boa
2014-10-24,,,,,,67.92,25.235,41.7325,,38.5,0.0,34,N1 - Boa
2014-10-25,,,,,,78.11208333333333,24.27,42.15875,,31.583333333333332,0.0,28,N1 - Boa
2014-10-26,,,,,,81.67416666666666,24.890416666666667,52.822916666666664,,33.041666666666664,7.6,31,N1 - Boa
2014-10-27,,,,,,80.68916666666667,24.371666666666666,39.03041666666667,,14.916666666666666,0.0,25,N1 - Boa
2014-10-28,,,,,,74.60666666666667,23.491249999999997,29.876666666666665,,22.791666666666668,0.0,21,N1 - Boa
2014-10-29,,,,,,66.3,26.31375,51.66458333333333,,33.041666666666664,0.0,36,N1 - Boa
2014-10-30,,,,,,46.692708333333336,32.248958333333334,71.75375000000001,,36.125,0.0,39,N1 - Boa
2014-10-31,,,,,,52.001666666666665,32.32888888888888,66.69333333333333,,39.588235294117645,0.0,36,N1 - Boa
2014-11-01,,,,,,60.25541666666667,31.5425,65.88125000000001,,33.958333333333336,0.0,40,N1 - Boa
2014-11-02,,,,,,81.0325,28.416666666666668,48.837916666666665,,35.666666666666664,0.0,32,N1 - Boa
2014-11-03,,,,,,71.56791666666668,29.797916666666666,61.14166666666667,,49.958333333333336,0.0,44,N2 - Moderada
2014-11-04,,,,,,58.94375,31.676666666666666,55.49583333333334,,47.833333333333336,0.0,42,N2 - Moderada
2014-11-05,,,,,,73.49583333333334,29.182083333333335,54.31458333333333,,41.041666666666664,0.0,36,N1 - Boa
2014-11-06,,,,,,81.9525,26.79958333333333,48.76333333333333,,11.520833333333334,0.4,23,N1 - Boa
2014-11-07,,,,,,76.89999999999999,28.382499999999997,33.290416666666665,,27.166666666666668,4.6,24,N1 - Boa
2014-11-08,,,,,,76.84583333333333,28.765416666666667,21.008333333333333,,26.25,0.8,23,N1 - Boa
2014-11-09,,,,,,82.05041666666666,26.09125,19.829166666666666,,14.125,0.6,12,N1 - Boa
2014-11-10,,,,,,74.28708333333333,25.409166666666668,16.744583333333335,,18.791666666666668,0.0,17,N1 - Boa
2014-11-11,,,,,,69.07916666666667,25.448333333333334,13.978333333333333,,24.833333333333332,0.0,22,N1 - Boa
2014-11-12,,,,,,67.79041666666667,27.518333333333334,31.723333333333333,,30.645833333333332,5.0,28,N1 - Boa
2014-11-13,,,,,,70.81875000000001,27.7225,52.36416666666667,,14.291666666666666,3.0,27,N1 - Boa
2014-11-14,,,,,,85.64375,23.883750000000003,45.25875,,14.666666666666666,9.0,20,N1 - Boa
2014-11-15,,,,,,80.31166666666667,22.717083333333335,33.2125,,11.166666666666666,0.0,18,N1 - Boa
2014-11-16,,,,,,70.4675,23.750833333333333,30.452916666666667,,12.041666666666666,1.8,14,N1 - Boa
2014-11-17,,,,,,60.673750000000005,23.360833333333332,25.140416666666667,,18.416666666666668,0.0,16,N1 - Boa
2014-11-18,,,,,,58.83583333333333,24.006249999999998,25.267083333333332,,25.416666666666668,0.0,22,N1 - Boa
2014-11-19,,,,,,61.43625,24.982916666666668,26.545833333333334,,38.041666666666664,0.0,34,N1 - Boa
2014-11-20,,,,,,56.518750000000004,26.51875,29.996666666666666,,40.708333333333336,0.0,36,N1 - Boa
2014-11-21,,,,,,59.7175,27.587083333333336,39.03458333333334,,47.5,0.0,42,N2 - Moderada
2014-11-22,,,,,,63.8475,28.851250000000004,49.687916666666666,,53.666666666666664,0.0,47,N2 - Moderada
2014-11-23,,,,,,78.76375,26.734583333333333,45.492916666666666,,27.291666666666668,3.8000000000000003,25,N1 - Boa
2014-11-24,,,,,,85.55916666666667,25.950416666666666,38.47625,,23.75,0.2,21,N1 - Boa
2014-11-25,,,,,,72.77791666666667,28.866249999999997,42.658750000000005,,30.083333333333332,0.0,27,N1 - Boa
2014-11-26,,,,,,65.77416666666666,30.09625,28.869583333333335,,18.291666666666668,14.4,18,N1 - Boa
2014-11-27,,,,,,94.13375,25.5125,27.271666666666665,,6.041666666666667,6.0,14,N1 - Boa
2014-11-28,,,,,,85.68833333333333,25.429166666666664,25.953333333333333,,8.541666666666666,2.6,12,N1 - Boa
2014-11-29,,,,,,79.94375000000001,25.657916666666665,18.166666666666668,,13.625,0.0,12,N1 - Boa
2014-11-30,,,,,,77.46958333333333,26.14916666666667,14.949583333333335,,22.375,0.0,20,N1 - Boa
2014-12-01,,,,,,67.89041666666667,29.339583333333334,25.5625,,26.625,0.0,24,N1 - Boa
2014-12-02,,,,,,41.315,32.30625,34.57333333333333,,34.25,0.0,30,N1 - Boa
2014-12-03,,,,,,51.375416666666666,32.33541666666667,34.09916666666667,,58.458333333333336,0.0,50,N2 - Moderada
2014-12-04,,,,,,76.23791666666666,27.393333333333334,35.697916666666664,,35.125,2.8000000000000003,31,N1 - Boa
2014-12-05,,,,,,85.85729166666665,23.145,33.59583333333333,,8.5,13.200000000000001,14,N1 - Boa
2014-12-06,,,,,,70.28333333333333,25.738333333333333,29.627499999999998,,20.208333333333332,0.0,18,N1 - Boa
2014-12-07,,,,,,71.52083333333333,26.694999999999997,22.865,,30.583333333333332,0.0,28,N1 - Boa
2014-12-08,,,,,,62.29458333333333,29.162499999999998,27.142916666666668,,25.75,0.0,23,N1 - Boa
2014-12-09,,,,,,59.29583333333333,30.28125,30.722083333333334,,39.375,0.0,35,N1 - Boa
2014-12-10,,,,,,61.062083333333334,29.74416666666667,30.4275,,43.875,0.0,39,N1 - Boa
2014-12-11,,,,,,59.279583333333335,29.981666666666666,38.693333333333335,,39.833333333333336,0.0,36,N1 - Boa
2014-12-12,,,,,,59.57041666666667,30.237916666666667,48.00333333333333,,44.083333333333336,0.0,39,N1 - Boa
2014-12-13,,,,,,73.04291666666667,28.032916666666665,34.400416666666665,,24.208333333333332,15.2,21,N1 - Boa
2014-12-14,,,,,,78.845,27.3275,31.887916666666666,,12.916666666666666,0.0,20,N1 - Boa
2014-12-15,,,,,,72.97208333333333,26.12625,23.34375,,24.166666666666668,0.0,21,N1 - Boa
2014-12-16,,,,,,73.94583333333334,25.309166666666666,17.347916666666666,,33.666666666666664,0.0,30,N1 - Boa
2014-12-17,,,,,,63.155833333333334,26.7625,24.741249999999997,,34.458333333333336,0.0,30,N1 - Boa
2014-12-18,,,,,,66.65833333333333,28.167083333333334,45.40229166666666,,32.916666666666664,0.2,31,N1 - Boa
2014-12-19,,,,,,79.00875,28.36583333333333,46.723749999999995,,22.458333333333332,0.0,26,N1 - Boa
2014-12-20,,,,,,73.27833333333334,30.3325,42.98166666666666,,41.666666666666664,0.0,37,N1 - Boa
2014-12-21,,,,,,50.872083333333336,34.66125,35.78875,,35.958333333333336,0.0,32,N1 - Boa
2014-12-22,,,,,,62.03791666666667,33.86666666666667,34.28625,,14.583333333333334,0.2,18,N1 - Boa
2014-12-23,,,,,,86.89083333333333,29.47666666666667,25.67833333333333,,10.666666666666666,3.0,15,N1 - Boa
2014-12-24,,,,,,85.70541666666666,26.35625,27.662499999999998,,8.916666666666666,7.6,13,N1 - Boa
2014-12-25,,,,,,77.62416666666667,27.925833333333333,34.302083333333336,,16.041666666666668,0.2,21,N1 - Boa
2014-12-26,,,,,,72.08791666666667,29.063333333333333,30.639166666666668,,25.666666666666668,0.0,23,N1 - Boa
2014-12-27,,,,,,64.09333333333333,30.173333333333332,38.19,,30.833333333333332,0.0,28,N1 - Boa
2014-12-28,,,,,,60.00666666666667,30.744583333333335,53.67583333333334,,43.125,0.0,38,N1 - Boa
2014-12-29,,,,,,62.38791666666666,30.905,53.23916666666667,,41.0,0.0,36,N1 - Boa
2014-12-30,,,,,,62.66583333333333,30.565833333333334,52.776666666666664,,33.416666666666664,0.0,31,N1 - Boa
2014-12-31,,,,,,54.446666666666665,31.699583333333333,51.56166666666667,,20.791666666666668,1.2,31,N1 - Boa
2015-01-01,,,,,,47.99347826086956,32.95608695652174,59.12869565217392,,21.652173913043477,0.0,35,N1 - Boa
2015-01-02,,,,,,48.71083333333333,36.10166666666667,71.98272727272727,,41.54545454545455,0.0,37,N1 - Boa
2015-01-03,,,,,,71.53315789473683,29.913157894736845,40.28,,29.7,0.0,27,N1 - Boa
2015-01-04,,,,,,76.67958333333333,28.808333333333334,36.562916666666666,,21.395833333333332,2.4000000000000004,20,N1 - Boa
2015-01-05,,,,,,80.13666666666667,27.520416666666666,34.12708333333333,,16.041666666666668,7.2,22,N1 - Boa
2015-01-06,,,,,,74.91708333333334,28.27,28.19875,,24.041666666666668,0.2,22,N1 - Boa
2015-01-07,,,,,,59.88458333333333,31.28333333333333,35.4575,,44.166666666666664,0.0,39,N1 - Boa
2015-01-08,,,,,,50.42208333333334,32.339166666666664,38.66166666666667,,53.708333333333336,0.0,47,N2 - Moderada
2015-01-09,,,,,,46.60791666666666,33.02041666666667,40.552083333333336,,52.125,0.0,45,N2 - Moderada
2015-01-10,,,,,,47.35041666666667,32.82125,54.156666666666666,,36.104166666666664,0.0,33,N1 - Boa
2015-01-11,,,,,,68.36625,30.625833333333333,45.225,,44.791666666666664,0.0,40,N1 - Boa
2015-01-12,,,,,,57.97541666666666,32.335,71.45,,50.125,0.0,67,N2 - Moderada
2015-01-13,,,,,,60.915,31.677916666666665,51.48499999999999,,41.895833333333336,0.0,37,N1 - Boa
2015-01-14,,,,,,61.68636363636363,32.33,49.20777777777778,,43.8,0.0,39,N1 - Boa
2015-01-15,,,,,,71.075,31.895714285714288,49.24769230769231,,39.76923076923077,0.0,36,N1 - Boa
2015-01-16,,,,,,68.5025,30.8575,42.072916666666664,,39.333333333333336,0.0,35,N1 - Boa
2015-01-17,,,,,,56.23208333333333,31.849999999999998,46.13791666666666,,72.70833333333333,0.0,60,N2 - Moderada
2015-01-18,,,,,,66.36291666666666,31.285416666666666,43.7275,,65.54166666666667,0.0,55,N2 - Moderada
2015-01-19,,,,,,72.30958333333334,30.881666666666664,41.774166666666666,,56.041666666666664,0.0,48,N2 - Moderada
2015-01-20,,,,,,66.66708333333334,31.32375,42.40875,,47.708333333333336,0.0,42,N2 - Moderada
2015-01-21,,,,,,73.04708333333333,30.64916666666667,37.77333333333333,,37.083333333333336,0.2,33,N1 - Boa
2015-01-22,,,,,,78.12166666666667,28.143541666666668,34.87104166666666,,13.5,10.4,20,N1 - Boa
2015-01-23,,,,,,77.00708333333334,27.431250000000002,38.905833333333334,,12.833333333333334,0.2,25,N1 - Boa
2015-01-24,,,,,,72.14833333333333,28.618750000000002,35.030833333333334,,27.916666666666668,0.0,25,N1 - Boa
2015-01-25,,,,,,52.24166666666667,31.412916666666664,48.48041666666666,,18.708333333333332,0.0,28,N1 - Boa
2015-01-26,,,,,,61.49041666666667,30.775000000000002,39.49208333333333,,23.166666666666668,0.0,23,N1 - Boa
2015-01-27,,,,,,58.22625,31.42,53.826249999999995,,39.791666666666664,0.0,36,N1 - Boa
2015-01-28,,,,,,59.335,31.17375,45.241578947368424,,26.916666666666668,0.0,24,N1 - Boa
2015-01-29,,,,,,55.38999999999999,32.5475,63.355,,25.708333333333332,0.0,41,N2 - Moderada
2015-01-30,,,,,,66.52916666666667,30.87291666666667,34.72416666666667,,36.55555555555556,0.0,33,N1 - Boa
2015-01-31,,,,,,90.71833333333332,26.9875,37.64145833333333,,7.604166666666667,117.8,24,N1 - Boa
2015-02-01,,,,,,83.0175,28.499166666666667,39.3975,,16.395833333333332,0.4,25,N1 - Boa
2015-02-02,,,,,,90.37958333333334,25.450833333333332,27.57041666666667,,19.25,42.0,21,N1 - Boa
2015-02-03,,,,,,72.72875,27.37291666666667,55.33083333333334,,13.583333333333334,0.2,33,N1 - Boa
2015-02-04,,,,,,75.705,27.094583333333333,53.224583333333335,,20.375,4.2,46,N2 - Moderada
2015-02-05,,,,,,78.82166666666667,26.75916666666667,36.681666666666665,,9.958333333333334,24.599999999999998,20,N1 - Boa
2015-02-06,,,,,,86.82458333333334,25.85375,31.545,,15.791666666666666,24.0,20,N1 - Boa
2015-02-07,,,,,,82.2975,26.57625,28.2325,,8.791666666666666,0.4,18,N1 - Boa
2015-02-08,,,,,,79.94791666666667,27.46291666666667,42.10916666666667,,14.541666666666666,9.8,30,N1 - Boa
2015-02-09,,,,,,82.17,27.965,37.712916666666665,,21.291666666666668,0.0,30,N1 - Boa
2015-02-10,,,,,,72.76333333333334,30.44,44.66041666666666,,22.791666666666668,0.0,31,N1 - Boa
2015-02-11,,,,,,60.47666666666667,32.54291666666666,48.114583333333336,,30.208333333333332,0.0,34,N1 - Boa
2015-02-12,,,,,,55.37583333333333,33.413333333333334,56.89291666666667,,28.833333333333332,0.0,35,N1 - Boa
2015-02-13,,,,,,70.11,31.825416666666666,57.492916666666666,,29.208333333333332,0.0,32,N1 - Boa
2015-02-14,,,,,,75.47666666666667,30.09166666666667,55.50541666666666,,21.791666666666668,0.0,26,N1 - Boa
2015-02-15,,,,,,81.50833333333334,28.177083333333332,51.24,,18.166666666666668,1.2,37,N1 - Boa
2015-02-16,,,,,,84.73583333333333,27.219166666666666,45.63666666666666,,16.958333333333332,1.4000000000000001,31,N1 - Boa
2015-02-17,,,,,,84.7725,28.14916666666667,35.52875,,23.125,0.2,30,N1 - Boa
2015-02-18,,,,,,76.55958333333334,28.461250000000003,26.99291666666667,,15.041666666666666,2.2,16,N1 - Boa
2015-02-19,,,,,,52.70333333333334,31.764583333333334,45.1825,,14.583333333333334,0.0,26,N1 - Boa
2015-02-20,,,,,,57.138749999999995,32.652499999999996,43.69583333333333,,32.958333333333336,0.0,30,N1 - Boa
2015-02-21,,,,,,67.83083333333333,31.034166666666668,45.605,,33.708333333333336,0.0,36,N1 - Boa
2015-02-22,,,,,,73.8775,29.886666666666667,27.390833333333333,,20.75,0.0,22,N1 - Boa
2015-02-23,,,,,,74.33666666666666,29.875416666666666,24.745,,21.583333333333332,0.0,21,N1 - Boa
2015-02-24,,,,,,66.62083333333334,30.11208333333333,27.99083333333333,,28.958333333333332,0.0,26,N1 - Boa
2015-02-25,,,,,,71.86416666666666,29.588333333333335,47.430416666666666,,41.270833333333336,0.0,41,N2 - Moderada
2015-02-26,,,,,,71.77208333333333,28.965,39.91458333333333,,33.625,0.0,31,N1 - Boa
2015-02-27,,,,,,69.50875,29.60666666666667,51.668749999999996,,41.375,0.0,36,N1 - Boa
2015-02-28,,,,,,75.77083333333333,28.693749999999998,40.3975,,22.958333333333332,0.0,24,N1 - Boa
2015-03-01,,,,,,63.38125,28.11,31.511666666666667,,22.666666666666668,0.0,20,N1 - Boa
2015-03-02,,,,,,65.32416666666667,27.534166666666668,22.51833333333333,,31.041666666666668,0.0,28,N1 - Boa
2015-03-03,,,,,,70.47,27.793333333333333,24.432916666666667,,33.541666666666664,0.0,30,N1 - Boa
2015-03-04,,,,,,73.79875,28.21666666666667,25.444166666666664,,33.333333333333336,0.0,29,N1 - Boa
2015-03-05,,,,,,67.30916666666667,29.492083333333337,34.46583333333333,,34.375,0.0,30,N1 - Boa
2015-03-06,,,,,,69.93458333333334,29.25791666666667,56.86041666666667,,36.791666666666664,0.0,37,N1 - Boa
2015-03-07,,,,,,88.60208333333333,26.47375,39.69166666666667,,18.791666666666668,0.0,31,N1 - Boa
2015-03-08,,,,,,81.56208333333333,27.262916666666666,41.25791666666667,,11.833333333333334,0.0,29,N1 - Boa
2015-03-09,,,,,,89.72250000000001,27.02125,30.39375,,14.916666666666666,0.0,18,N1 - Boa
2015-03-10,,,,,,88.00375000000001,27.066666666666666,19.375833333333333,,18.583333333333332,0.0,17,N1 - Boa
2015-03-11,,,,,,73.45625,29.299583333333334,23.53,,22.041666666666668,0.0,20,N1 - Boa
2015-03-12,,,,,,84.94708333333334,28.14916666666667,44.31708333333333,,15.25,0.0,27,N1 - Boa
2015-03-13,,,,,,87.04916666666666,28.22,43.93625,,38.416666666666664,0.0,38,N1 - Boa
2015-03-14,,,,,,86.18791666666668,27.91875,40.22708333333333,,32.75,0.0,29,N1 - Boa
2015-03-15,,,,,,83.44791666666667,29.049583333333334,49.63999999999999,,35.291666666666664,0.0,36,N1 - Boa
2015-03-16,,,,,,77.97541666666667,29.153333333333332,54.33958333333334,,36.625,0.0,37,N1 - Boa
2015-03-17,,,,,,92.935,25.345416666666665,20.59375,,24.25,0.0,27,N1 - Boa
2015-03-18,,,,,,84.88625,27.451666666666668,31.770833333333332,,23.833333333333332,0.2,26,N1 - Boa
2015-03-19,,,,,,80.92291666666667,28.02333333333333,28.46166666666667,,28.4375,1.0,25,N1 - Boa
2015-03-20,,,,,,84.17541666666666,27.74,17.702916666666667,,22.791666666666668,0.0,20,N1 - Boa
2015-03-21,,,,,,79.02499999999999,27.452083333333334,21.425,,30.166666666666668,0.0,27,N1 - Boa
2015-03-22,,,,,,86.78708333333333,26.177916666666665,45.48666666666667,,12.791666666666666,58.6,22,N1 - Boa
2015-03-23,,,,,,87.83,25.209166666666665,32.25541666666667,,12.208333333333334,13.0,20,N1 - Boa
2015-03-24,,,,,,84.9225,25.92125,27.960416666666664,,11.0,3.1999999999999997,16,N1 - Boa
2015-03-25,,,,,,80.845,26.420416666666668,22.315416666666668,,22.166666666666668,0.0,20,N1 - Boa
2015-03-26,,,,,,78.80666666666666,27.344583333333333,31.802083333333332,,42.333333333333336,0.0,37,N1 - Boa
2015-03-27,,,,,,86.18458333333332,27.212500000000002,33.88166666666667,,35.875,0.0,32,N1 - Boa
2015-03-28,,,,,,82.96833333333333,27.345416666666665,30.78333333333333,,28.833333333333332,1.4,26,N1 - Boa
2015-03-29,,,,,,90.44958333333334,26.611666666666665,34.9325,,22.041666666666668,26.2,24,N1 - Boa
2015-03-30,,,,,,89.64125,27.728333333333335,32.7975,,19.166666666666668,0.6000000000000001,22,N1 - Boa
2015-03-31,,,,,,82.41458333333334,28.6375,32.780833333333334,,26.875,0.6000000000000001,24,N1 - Boa
2015-04-01,,,,,,84.22375,27.53333333333333,36.370416666666664,,15.75,0.0,19,N1 - Boa
2015-04-02,,,,,,84.38291666666667,26.04625,26.472083333333334,,16.333333333333332,8.4,17,N1 - Boa
2015-04-03,,,,,,73.67875,25.43041666666667,29.218333333333334,,26.25,0.0,23,N1 - Boa
2015-04-04,,,,,,75.07333333333334,26.243333333333336,35.40375,,35.208333333333336,0.0,32,N1 - Boa
2015-04-05,,,,,,72.80333333333333,28.645416666666666,33.36708333333333,,33.0,3.0,29,N1 - Boa
2015-04-06,,,,,,75.62041666666667,27.976249999999997,37.75333333333334,,12.833333333333334,4.4,20,N1 - Boa
2015-04-07,,,,,,87.48791666666666,23.913749999999997,36.458333333333336,,17.416666666666668,25.8,18,N1 - Boa
2015-04-08,,,,,,77.94416666666667,24.30875,30.675416666666667,,21.375,0.4,24,N1 - Boa
2015-04-09,,,,,,77.11583333333333,25.096249999999998,22.356250000000003,,30.166666666666668,0.0,27,N1 - Boa
2015-04-10,,,,,,74.29416666666667,25.724999999999998,26.492500000000003,,21.875,0.0,20,N1 - Boa
2015-04-11,,,,,,77.60708333333334,25.44125,34.56916666666667,,30.75,0.0,30,N1 - Boa
2015-04-12,,,,,,83.17958333333333,25.354166666666668,41.95666666666667,,33.5,0.0,32,N1 - Boa
2015-04-13,,,,,,77.30125,25.901666666666667,42.79916666666667,,24.708333333333332,0.0,31,N1 - Boa
2015-04-14,,,,,,73.35833333333333,26.41208333333333,43.29541666666666,,30.666666666666668,0.0,31,N1 - Boa
2015-04-15,,,,,,71.17416666666666,27.91208333333333,46.55916666666667,,42.041666666666664,0.0,37,N1 - Boa
2015-04-16,,,,,,85.89958333333334,27.096666666666668,64.67083333333333,,29.875,0.0,30,N1 - Boa
2015-04-17,,,,,,88.66875,26.65125,42.80583333333333,,14.333333333333334,3.0000000000000004,29,N1 - Boa
2015-04-18,,,,,,75.42791666666666,28.575,36.37916666666667,,40.625,0.0,36,N1 - Boa
2015-04-19,,,,,,92.36625,27.38,53.213750000000005,,22.458333333333332,0.8,28,N1 - Boa
2015-04-20,,,,,,82.67416666666666,28.993750000000002,55.70041666666666,,38.041666666666664,0.0,39,N1 - Boa
2015-04-21,,,,,,82.03750000000001,29.09375,43.968333333333334,,32.916666666666664,0.0,29,N1 - Boa
2015-04-22,,,,,,96.32208333333334,25.2175,30.950416666666666,,7.583333333333333,9.0,20,N1 - Boa
2015-04-23,,,,,,88.21666666666665,25.59,18.541666666666668,,22.458333333333332,0.2,20,N1 - Boa
2015-04-24,,,,,,79.70875,27.558333333333334,30.826666666666664,,25.791666666666668,0.0,23,N1 - Boa
2015-04-25,,,,,,80.76916666666666,26.57875,44.885416666666664,,15.333333333333334,0.8,19,N1 - Boa
2015-04-26,,,,,,83.78416666666666,25.00708333333333,33.591249999999995,,12.416666666666666,1.2,17,N1 - Boa
2015-04-27,,,,,,83.38458333333334,24.922916666666666,21.007916666666667,,13.541666666666666,0.4,16,N1 - Boa
2015-04-28,,,,,,80.54166666666667,25.895,26.302916666666665,,26.25,0.0,23,N1 - Boa
2015-04-29,,,,,,87.05791666666666,25.424166666666665,32.64083333333333,,21.0,0.2,19,N1 - Boa
2015-04-30,,,,,,94.61916666666667,21.98875,28.008333333333336,,13.541666666666666,22.400000000000002,18,N1 - Boa
2015-05-01,,,,,,81.27125,23.238333333333333,28.756666666666664,,26.375,0.0,24,N1 - Boa
2015-05-02,,,,,,78.19666666666667,25.0275,29.332083333333333,,34.708333333333336,0.0,31,N1 - Boa
2015-05-03,,,,,,73.36458333333333,27.144583333333333,22.409583333333334,,30.842105263157894,0.0,28,N1 - Boa
2015-05-04,,,,,,66.38875,28.112916666666667,37.43625,,31.729166666666668,0.0,28,N1 - Boa
2015-05-05,,,,,,85.29916666666666,24.734583333333333,36.1875,,19.083333333333332,9.8,20,N1 - Boa
2015-05-06,,,,,,86.55666666666667,22.856666666666666,12.123750000000001,,34.333333333333336,0.0,30,N1 - Boa
2015-05-07,,,,,,80.93083333333333,24.05,29.237083333333334,,24.041666666666668,0.0,22,N1 - Boa
2015-05-08,,,,,,78.96916666666667,22.677916666666665,37.21375,,24.666666666666668,3.8,22,N1 - Boa
2015-05-09,,,,,,77.58083333333333,23.500833333333333,22.953333333333333,,36.25,0.0,32,N1 - Boa
2015-05-10,,,,,,73.44833333333334,25.0525,30.112916666666667,,29.375,0.6000000000000001,26,N1 - Boa
2015-05-11,,,,,,84.13291666666667,24.957916666666666,40.595,,12.541666666666666,2.4,22,N1 - Boa
2015-05-12,,,,,,84.56208333333333,24.505,34.64875,,12.333333333333334,1.0,21,N1 - Boa
2015-05-13,,,,,,89.52375,23.72583333333333,35.21791666666667,,12.708333333333334,1.0,19,N1 - Boa
2015-05-14,,,,,,84.49333333333333,22.7625,25.775000000000002,,17.875,2.2,16,N1 - Boa
2015-05-15,,,,,,79.60375,22.496666666666666,18.556250000000002,,33.166666666666664,0.0,29,N1 - Boa
2015-05-16,,,,,,79.78,23.129583333333333,19.365,,34.916666666666664,0.0,31,N1 - Boa
2015-05-17,,,,,,82.83333333333333,23.843333333333334,22.839583333333334,,35.375,0.0,31,N1 - Boa
2015-05-18,,,,,,82.43833333333333,24.385,12.862916666666665,,43.833333333333336,0.0,39,N1 - Boa
2015-05-19,,,,,,85.84333333333332,24.261666666666667,15.684166666666668,,50.833333333333336,0.0,45,N2 - Moderada
2015-05-20,,,,,,83.85041666666667,23.989166666666666,16.929166666666667,,39.0,0.0,35,N1 - Boa
2015-05-21,,,,,,79.68041666666666,24.45,15.996666666666668,,44.041666666666664,0.0,39,N1 - Boa
2015-05-22,,,,,,78.75625000000001,24.074166666666667,17.79125,,47.729166666666664,0.0,42,N2 - Moderada
2015-05-23,,,,,,70.01333333333334,24.82875,17.3025,,60.583333333333336,0.0,52,N2 - Moderada
2015-05-24,,,,,,59.907916666666665,26.87625,35.36833333333333,,57.833333333333336,0.0,50,N2 - Moderada
2015-05-25,,,,,,63.892083333333325,27.488333333333333,49.07541666666666,,61.75,0.0,53,N2 - Moderada
2015-05-26,,,,,,90.30541666666666,24.52,37.45125,,30.041666666666668,0.0,27,N1 - Boa
2015-05-27,,,,,,75.49,26.353333333333335,32.91916666666666,,58.0625,0.0,50,N2 - Moderada
2015-05-28,,,,,,61.736250000000005,27.967916666666667,42.88791666666666,,52.291666666666664,0.0,45,N2 - Moderada
2015-05-29,,,,,,87.79458333333334,23.74083333333333,27.755416666666665,,30.25,1.6,27,N1 - Boa
2015-05-30,,,,,,84.44125,23.48375,30.928749999999997,,33.833333333333336,0.0,30,N1 - Boa
2015-05-31,,,,,,95.99541666666666,23.023749999999996,14.07,,40.0,3.8,36,N1 - Boa
2015-06-01,,,,,,91.09750000000001,23.65041666666667,42.25083333333333,,19.791666666666668,0.2,20,N1 - Boa
2015-06-02,,,,,,97.32333333333334,21.90833333333333,30.932083333333335,,17.333333333333332,2.0,20,N1 - Boa
2015-06-03,,,,,,81.83958333333334,23.283749999999998,22.34875,,29.541666666666668,0.0,27,N1 - Boa
2015-06-04,,,,,,77.00958333333334,23.702083333333334,26.7375,,37.833333333333336,0.0,34,N1 - Boa
2015-06-05,,,,,,84.60666666666667,23.327916666666667,37.59166666666667,,67.79166666666667,0.0,57,N2 - Moderada
2015-06-06,,,,,,74.405,25.965,19.58375,,64.16666666666667,0.0,54,N2 - Moderada
2015-06-07,,,,,,63.864583333333336,27.522499999999997,28.592083333333335,,60.041666666666664,0.0,51,N2 - Moderada
2015-06-08,,,,,,66.55416666666666,27.99791666666667,31.447916666666668,,71.95833333333333,0.0,60,N2 - Moderada
2015-06-09,,,,,,58.138749999999995,27.80541666666667,32.87083333333333,,77.66666666666667,0.0,64,N2 - Moderada
2015-06-10,,,,,,52.059583333333336,27.174166666666665,26.56625,,136.29166666666666,0.0,109,N3 - Ruim
2015-06-11,,,,,,47.22458333333333,27.799166666666665,35.718333333333334,,125.79166666666667,0.0,101,N3 - Ruim
2015-06-12,,,,,,81.80083333333333,24.6425,38.626666666666665,,39.041666666666664,1.8,35,N1 - Boa
2015-06-13,,,,,,81.94958333333334,25.897499999999997,31.9825,,52.875,0.0,46,N2 - Moderada
2015-06-14,,,,,,41.72833333333333,29.8075,42.623333333333335,,49.75,0.0,44,N2 - Moderada
2015-06-15,,,,,,84.70166666666667,23.70625,39.53875,,21.75,12.600000000000001,20,N1 - Boa
2015-06-16,,,,,,98.78458333333333,20.31625,38.84291666666667,,11.854166666666666,6.6,18,N1 - Boa
2015-06-17,,,,,,88.77958333333333,23.77541666666667,21.4575,,31.25,0.0,28,N1 - Boa
2015-06-18,,,,,,68.02291666666666,27.845,36.518750000000004,,44.125,0.0,39,N1 - Boa
2015-06-19,,,,,,98.04916666666666,21.407916666666665,49.75416666666666,,16.583333333333332,25.6,21,N1 - Boa
2015-06-20,,,,,,85.17291666666667,21.075416666666666,30.510416666666668,,27.25,0.8,24,N1 - Boa
2015-06-21,,,,,,74.95958333333333,21.927083333333332,22.883333333333336,,33.875,0.0,30,N1 - Boa
2015-06-22,,,,,,75.08875,23.448333333333334,15.444583333333334,,51.583333333333336,0.0,45,N2 - Moderada
2015-06-23,,,,,,77.6125,24.599166666666665,36.10458333333333,,41.041666666666664,0.0,36,N1 - Boa
2015-06-24,,,,,,84.87416666666667,22.02541666666667,55.77916666666667,,24.666666666666668,8.0,24,N1 - Boa
2015-06-25,,,,,,86.75458333333334,19.999166666666667,27.102500000000003,,20.645833333333332,0.6000000000000001,21,N1 - Boa
2015-06-26,,,,,,85.1725,19.74416666666667,19.789166666666667,,32.583333333333336,0.0,29,N1 - Boa
2015-06-27,,,,,,83.81666666666666,20.674583333333334,23.300416666666667,,48.208333333333336,0.0,42,N2 - Moderada
2015-06-28,,,,,,84.865,20.964166666666667,23.032916666666665,,51.333333333333336,0.0,45,N2 - Moderada
2015-06-29,,,,,,75.07958333333333,22.655416666666667,18.665,,45.19047619047619,0.0,40,N1 - Boa
2015-06-30,,,,,,68.45791666666666,24.269166666666667,21.244583333333335,,54.86363636363637,0.0,48,N2 - Moderada
2015-07-01,,,,,,70.75208333333333,24.979583333333334,37.71125,,36.958333333333336,0.0,33,N1 - Boa
2015-07-02,,,,,,92.19958333333334,22.714166666666667,25.38416666666667,,45.708333333333336,0.0,41,N2 - Moderada
2015-07-03,,,,,,72.83041666666666,24.432083333333335,13.40375,,76.08333333333333,0.0,63,N2 - Moderada
2015-07-04,,,,,,73.03541666666666,24.115416666666665,37.445,,29.458333333333332,3.0,26,N1 - Boa
2015-07-05,,,,,,81.285,19.586666666666666,31.25,,23.458333333333332,0.4,20,N1 - Boa
2015-07-06,,,,,,87.19541666666667,20.482499999999998,9.473333333333333,,47.541666666666664,0.0,42,N2 - Moderada
2015-07-07,,,,,,70.30166666666666,23.400833333333335,22.760416666666668,,35.75,0.0,32,N1 - Boa
2015-07-08,,,,,,65.86125,24.685833333333335,24.214583333333334,,43.375,0.0,38,N1 - Boa
2015-07-09,,,,,,64.67958333333333,24.382499999999997,26.870833333333334,,38.25,0.0,34,N1 - Boa
2015-07-10,,,,,,78.045,22.938333333333333,26.60625,,60.833333333333336,0.0,52,N2 - Moderada
2015-07-11,,,,,,86.19,22.635833333333334,28.81125,,59.166666666666664,0.0,50,N2 - Moderada
2015-07-12,,,,,,67.26291666666667,26.00208333333333,41.288333333333334,,80.41666666666667,0.0,66,N2 - Moderada
2015-07-13,,,,,,51.41708333333333,27.699583333333333,25.87625,,74.54166666666667,0.0,62,N2 - Moderada
2015-07-14,,,,,,50.772083333333335,28.237916666666667,42.20041666666666,,75.58333333333333,0.0,63,N2 - Moderada
2015-07-15,,,,,,72.40083333333332,25.382499999999997,48.51958333333334,,38.0625,0.0,34,N1 - Boa
2015-07-16,,,,,,80.02541666666666,24.732083333333335,45.189166666666665,,57.041666666666664,0.0,49,N2 - Moderada
2015-07-17,,,,,,92.19791666666667,23.002916666666668,40.0175,,70.75,0.0,59,N2 - Moderada
2015-07-18,,,,,,72.00208333333333,24.364166666666666,35.312916666666666,,63.833333333333336,0.0,54,N2 - Moderada
2015-07-19,,,,,,73.065,24.172916666666666,31.94333333333333,,70.58333333333333,0.0,59,N2 - Moderada
2015-07-20,,,,,,57.15208333333334,26.197083333333335,14.37,,89.25,0.0,72,N2 - Moderada
2015-07-21,,,,,,63.18541666666667,25.097083333333334,,,45.458333333333336,3.4000000000000004,40,N1 - Boa
2015-07-22,,,,,,94.32166666666666,20.701875,,,19.083333333333332,3.6,17,N1 - Boa
2015-07-23,,,,,,86.59208333333333,22.022499999999997,,,36.583333333333336,0.0,33,N1 - Boa
2015-07-24,,,,,,75.74041666666666,24.34166666666667,9.075555555555557,,36.833333333333336,0.0,33,N1 - Boa
2015-07-25,,,,,,93.34458333333333,22.72875,43.73541666666667,,19.291666666666668,2.9999999999999996,20,N1 - Boa
2015-07-26,,,,,,90.94416666666666,21.83125,42.02833333333333,,16.833333333333332,0.0,19,N1 - Boa
2015-07-27,,,,,,90.485,22.584166666666665,28.852500000000003,,28.020833333333332,0.0,25,N1 - Boa
2015-07-28,,,,,,92.17583333333333,23.394166666666667,35.03,,32.708333333333336,0.0,29,N1 - Boa
2015-07-29,,,,,,91.35666666666667,23.927083333333332,37.94833333333333,,40.0,0.0,36,N1 - Boa
2015-07-30,,,,,,86.74374999999999,24.441666666666666,35.53333333333333,,39.083333333333336,0.0,35,N1 - Boa
2015-07-31,,,,,,85.66458333333333,24.987916666666667,47.82875000000001,,55.666666666666664,0.0,48,N2 - Moderada
2015-08-01,,,,,,78.65333333333334,25.322083333333335,55.14666666666667,,54.46666666666667,0.0,47,N2 - Moderada
2015-08-02,,,,,,68.23333333333333,24.645833333333332,39.99666666666666,,72.44444444444444,0.0,60,N2 - Moderada
2015-08-03,,,,,,55.9925,25.564999999999998,34.77375,,81.58333333333333,0.0,67,N2 - Moderada
2015-08-04,,,,,,62.16041666666666,25.91208333333333,52.083333333333336,,66.625,0.0,56,N2 - Moderada
2015-08-05,,,,,,77.78,24.01291666666667,46.90541666666667,,86.5,0.0,70,N2 - Moderada
2015-08-06,,,,,,74.92333333333333,24.874166666666667,36.972500000000004,,96.58333333333333,0.0,78,N2 - Moderada
2015-08-07,,,,,,72.19208333333334,25.513333333333335,33.64333333333334,,73.375,0.0,60,N2 - Moderada
2015-08-08,,,,,,79.87125,24.51,29.96875,,63.125,0.0,53,N2 - Moderada
2015-08-09,,,,,,78.10583333333334,23.45958333333333,34.22541666666667,,41.458333333333336,0.0,36,N1 - Boa
2015-08-10,,,,,,69.74249999999999,23.645416666666666,32.88833333333333,,52.791666666666664,0.0,46,N2 - Moderada
2015-08-11,,,,,,66.84333333333333,23.366666666666664,30.76833333333333,,52.291666666666664,0.0,45,N2 - Moderada
2015-08-12,,,,,,71.90541666666667,22.72666666666667,31.55541666666667,,51.583333333333336,0.0,45,N2 - Moderada
2015-08-13,,,,,,69.51291666666667,23.484583333333333,32.8025,,64.08333333333333,0.0,54,N2 - Moderada
2015-08-14,,,,,,68.41375000000001,24.170833333333334,27.70375,,62.25,0.0,53,N2 - Moderada
2015-08-15,,,,,,57.525,25.732083333333335,41.27875,,62.541666666666664,0.0,53,N2 - Moderada
2015-08-16,,,,,,59.35333333333333,25.804166666666664,43.57375,,65.04166666666667,0.0,55,N2 - Moderada
2015-08-17,,,,,,68.80458333333333,24.8,41.461666666666666,,60.375,0.0,51,N2 - Moderada
2015-08-18,,,,,,55.9925,26.54625,35.349583333333335,,78.58333333333333,0.0,65,N2 - Moderada
2015-08-19,,,,,,52.42958333333333,28.165833333333335,52.84375,,61.541666666666664,0.0,53,N2 - Moderada
2015-08-20,,,,,,77.07875,22.62625,53.79833333333334,,23.458333333333332,0.0,25,N1 - Boa
2015-08-21,,,,,,87.05958333333332,21.883333333333336,45.446666666666665,,16.208333333333332,0.6000000000000001,22,N1 - Boa
2015-08-22,,,,,,83.34,22.66875,34.4625,,35.791666666666664,0.0,32,N1 - Boa
2015-08-23,,,,,,68.42208333333333,25.729583333333334,51.26458333333333,,39.479166666666664,0.0,35,N1 - Boa
2015-08-24,,,,,,90.33916666666666,22.23125,48.17291666666667,,30.0,0.0,27,N1 - Boa
2015-08-25,,,,,,95.01125,21.721666666666668,25.767083333333332,,32.333333333333336,2.6,28,N1 - Boa
2015-08-26,,,,,,90.02125,22.453333333333333,26.96166666666667,,33.666666666666664,0.0,30,N1 - Boa
2015-08-27,,,,,,83.00083333333333,23.00208333333333,31.334999999999997,,33.395833333333336,6.4,29,N1 - Boa
2015-08-28,,,,,,87.61333333333333,22.616249999999997,48.12875,,19.875,0.0,26,N1 - Boa
2015-08-29,,,,,,79.00541666666666,22.39125,33.17041666666667,,47.916666666666664,0.0,42,N2 - Moderada
2015-08-30,,,,,,69.37,25.738333333333333,43.62291666666667,,56.125,0.0,48,N2 - Moderada
2015-08-31,,,,,,53.01083333333333,28.229166666666668,61.60708333333333,,63.875,0.0,63,N2 - Moderada
2015-09-01,,,,,,63.05458333333333,27.373333333333335,59.805,,67.5,1.2,57,N2 - Moderada
2015-09-02,,,,,,82.59333333333333,21.38208333333333,45.29125,,31.208333333333332,1.2,28,N1 - Boa
2015-09-03,,,,,,76.48958333333333,22.620833333333334,29.03,,49.0,0.0,43,N2 - Moderada
2015-09-04,,,,,,84.46583333333334,23.298333333333332,43.335,,30.333333333333332,0.6000000000000001,27,N1 - Boa
2015-09-05,,,,,,89.05458333333333,21.1975,37.560833333333335,,14.375,2.8,19,N1 - Boa
2015-09-06,,,,,,93.38333333333333,21.772499999999997,21.172083333333333,,23.5,0.6000000000000001,21,N1 - Boa
2015-09-07,,,,,,74.55541666666666,25.3575,41.830416666666665,,18.25,0.0,24,N1 - Boa
2015-09-08,,,,,,88.09166666666665,24.484166666666667,45.82916666666667,,25.166666666666668,18.0,25,N1 - Boa
2015-09-09,,,,,,90.97583333333334,24.07625,55.63333333333333,,13.916666666666666,4.2,26,N1 - Boa
2015-09-10,,,,,,75.61749999999999,25.549166666666665,41.510416666666664,,26.916666666666668,1.0,24,N1 - Boa
2015-09-11,,,,,,87.63499999999999,24.20875,49.035,,19.083333333333332,18.200000000000003,26,N1 - Boa
2015-09-12,,,,,,98.92541666666666,20.535,55.29541666666666,,9.791666666666666,10.0,26,N1 - Boa
2015-09-13,,,,,,99.23666666666666,19.203333333333333,46.95249999999999,,8.958333333333334,15.0,22,N1 - Boa
2015-09-14,,,,,,97.82291666666667,20.930416666666666,24.92,,20.458333333333332,0.4,18,N1 - Boa
2015-09-15,,,,,,87.875,25.215833333333332,29.2,,31.541666666666668,0.0,28,N1 - Boa
2015-09-16,,,,,,58.06458333333333,31.685000000000002,44.9975,,42.25,0.0,37,N1 - Boa
2015-09-17,,,,,,61.14473684210526,29.624736842105264,42.32473684210526,,49.354166666666664,0.0,43,N2 - Moderada
2015-09-18,,,,,,43.6625,32.708333333333336,74.19791666666667,,66.08333333333333,0.0,80,N2 - Moderada
2015-09-19,,,,,,84.77916666666667,26.520416666666666,72.95791666666666,,54.958333333333336,0.0,48,N2 - Moderada
2015-09-20,,,,,,90.75375000000001,24.625833333333333,64.6775,,26.083333333333332,0.0,32,N1 - Boa
2015-09-21,,,,,,86.81083333333333,25.054166666666664,50.48666666666667,,38.791666666666664,0.0,35,N1 - Boa
2015-09-22,,,,,,89.52375,24.379166666666666,58.58833333333333,,50.291666666666664,0.0,44,N2 - Moderada
2015-09-23,,,,,,86.3125,25.735416666666666,89.23375,,54.708333333333336,0.0,58,N2 - Moderada
2015-09-24,,,,,,69.87208333333334,29.70375,72.79833333333333,,74.70833333333333,0.0,72,N2 - Moderada
2015-09-25,,,,,,66.26583333333333,29.175416666666667,76.61166666666666,,68.29166666666667,0.0,57,N2 - Moderada
2015-09-26,,,,,,88.31208333333335,25.5,67.08916666666667,,35.625,0.0,35,N1 - Boa
2015-09-27,,,,,,78.13791666666667,27.842083333333335,58.399166666666666,,42.791666666666664,4.0,38,N1 - Boa
2015-09-28,,,,,,92.34249999999999,25.707083333333333,72.69291666666668,,30.0,1.4,33,N1 - Boa
2015-09-29,,,,,,97.6225,24.433333333333334,47.882083333333334,,18.375,0.8,32,N1 - Boa
2015-09-30,,,,,,98.28208333333333,24.925833333333333,32.02229166666667,,48.583333333333336,0.0,43,N2 - Moderada
2015-10-01,,,,,,94.17791666666666,25.25208333333333,61.95791666666667,,32.041666666666664,0.0,28,N1 - Boa
2015-10-02,,,,,,83.11666666666666,27.280416666666667,49.04291666666666,,47.583333333333336,0.0,42,N2 - Moderada
2015-10-03,,,,,,86.59416666666668,26.789166666666663,61.31583333333333,,39.625,0.2,36,N1 - Boa
2015-10-04,,,,,,98.60000000000001,23.188333333333333,52.61208333333334,,13.666666666666666,6.0,28,N1 - Boa
2015-10-05,,,,,,89.78583333333334,21.519166666666667,40.86666666666667,,12.291666666666666,2.2,19,N1 - Boa
2015-10-06,,,,,,79.61583333333333,22.39375,28.467083333333335,,28.708333333333332,0.0,26,N1 - Boa
2015-10-07,,,,,,74.0775,24.774583333333336,41.54416666666666,,32.166666666666664,0.0,30,N1 - Boa
2015-10-08,,,,,,61.665416666666665,27.82375,43.962916666666665,,57.916666666666664,0.0,50,N2 - Moderada
2015-10-09,,,,,,72.19833333333334,26.599166666666665,42.713750000000005,,54.291666666666664,0.0,47,N2 - Moderada
2015-10-10,,,,,,70.63666666666667,27.75125,57.78541666666666,,41.25,0.0,36,N1 - Boa
2015-10-11,,,,,,83.23,26.12625,61.70166666666666,,46.875,0.0,42,N2 - Moderada
2015-10-12,,,,,,88.94666666666666,26.006249999999998,55.59625,,38.541666666666664,0.0,35,N1 - Boa
2015-10-13,,,,,,86.63583333333332,26.557916666666667,52.62125,,24.729166666666668,0.0,26,N1 - Boa
2015-10-14,,,,,,82.40041666666666,27.162499999999998,47.05166666666667,,59.291666666666664,0.0,50,N2 - Moderada
2015-10-15,,,,,,50.66416666666667,32.67666666666667,71.27833333333334,,75.85416666666667,0.0,71,N2 - Moderada
2015-10-16,,,,,,58.09,32.01375,75.51333333333334,,64.29166666666667,0.0,54,N2 - Moderada
2015-10-17,,,,,,90.69833333333334,26.19541666666667,57.194583333333334,,38.145833333333336,0.8,34,N1 - Boa
2015-10-18,,,,,,94.33375,22.189999999999998,40.43666666666667,,18.0,1.4,21,N1 - Boa
2015-10-19,,,,,,87.80375,22.360833333333332,31.363333333333333,,20.6875,1.8,19,N1 - Boa
2015-10-20,,,,,,72.105,27.124166666666667,40.87833333333334,,40.625,0.0,36,N1 - Boa
2015-10-21,,,,,,68.92375,28.605416666666667,53.365833333333335,,51.875,0.0,45,N2 - Moderada
2015-10-22,,,,,,85.41708333333332,26.987083333333334,69.98125,,43.833333333333336,1.4,39,N1 - Boa
2015-10-23,,,,,,83.32416666666667,26.847916666666666,65.89375,,26.875,0.0,32,N1 - Boa
2015-10-24,,,,,,88.44875,25.63416666666667,57.07833333333334,,16.375,0.0,26,N1 - Boa
2015-10-25,,,,,,87.39666666666666,23.849166666666665,34.092083333333335,,16.041666666666668,0.2,20,N1 - Boa
2015-10-26,,,,,,79.75166666666667,25.88208333333333,28.87,,47.645833333333336,0.0,42,N2 - Moderada
2015-10-27,,,,,,86.64722222222223,26.832916666666666,48.04083333333333,,41.75,0.0,37,N1 - Boa
2015-10-28,,,,,,,25.40833333333333,51.75125,,22.020833333333332,0.0,23,N1 - Boa
2015-10-29,,,,,,80.77705882352942,25.705416666666665,46.99104166666667,,17.75,0.8,22,N1 - Boa
2015-10-30,,,,,,83.92416666666666,25.720416666666665,30.125,,26.541666666666668,0.6000000000000001,24,N1 - Boa
2015-10-31,,,,,,68.63208333333334,29.414583333333336,51.382083333333334,,29.604166666666668,0.0,35,N1 - Boa
2015-11-01,,,,,,96.60875,25.696250000000003,54.66416666666667,,24.333333333333332,0.2,26,N1 - Boa
2015-11-02,,,,,,98.66791666666667,25.212500000000002,35.64,,19.708333333333332,14.799999999999999,20,N1 - Boa
2015-11-03,,,,,,98.05958333333332,25.993333333333336,39.57333333333333,,18.833333333333332,6.2,20,N1 - Boa
2015-11-04,,,,,,94.77375,25.895,40.285833333333336,,16.416666666666668,0.6000000000000001,20,N1 - Boa
2015-11-05,,,,,,97.57958333333335,25.923333333333332,36.39,,8.833333333333334,1.8,16,N1 - Boa
2015-11-06,,,,,,98.85458333333334,25.4225,32.25666666666667,,13.083333333333334,10.999999999999998,15,N1 - Boa
2015-11-07,,,,,,98.89083333333333,24.51875,32.13375,,6.333333333333333,2.2,14,N1 - Boa
2015-11-08,,,,,,94.61666666666667,25.162499999999998,35.24583333333333,,17.458333333333332,0.6000000000000001,21,N1 - Boa
2015-11-09,,,,,,93.73166666666667,26.504583333333333,37.63875,,34.75,0.6,31,N1 - Boa
2015-11-10,,,,,,88.98541666666667,27.40833333333333,61.79583333333333,,36.5,0.0,37,N1 - Boa
2015-11-11,,,,,,88.55083333333334,28.281666666666666,61.11625,,45.75,0.0,41,N2 - Moderada
2015-11-12,,,,,,93.72958333333334,26.770833333333332,54.913333333333334,,28.354166666666668,0.0,30,N1 - Boa
2015-11-13,,,,,,82.95541666666666,27.039583333333336,38.41375,,37.166666666666664,0.0,33,N1 - Boa
2015-11-14,,,,,,60.83041666666667,30.921666666666667,60.12708333333333,,62.208333333333336,0.0,53,N2 - Moderada
2015-11-15,,,,,,92.675,26.85375,54.69208333333333,,30.875,0.0,29,N1 - Boa
2015-11-16,,,,,,97.2525,24.7825,38.672916666666666,,17.625,0.4,16,N1 - Boa
2015-11-17,,,,,,92.63916666666667,26.110833333333332,32.00666666666667,,27.541666666666668,0.0,25,N1 - Boa
2015-11-18,,,,,,83.01708333333333,28.59375,45.915,,34.833333333333336,0.0,34,N1 - Boa
2015-11-19,,,,,,62.669999999999995,31.565833333333334,78.49541666666667,,42.083333333333336,0.0,76,N2 - Moderada
2015-11-20,,,,,,70.26083333333334,29.714166666666667,69.42999999999999,,23.166666666666668,1.0,37,N1 - Boa
2015-11-21,,,,,,98.75291666666668,23.405416666666667,53.687083333333334,,14.916666666666666,41.4,34,N1 - Boa
2015-11-22,,,,,,82.89291666666666,25.035,34.31666666666667,,27.041666666666668,0.6000000000000001,24,N1 - Boa
2015-11-23,,,,,,96.91583333333334,24.482916666666668,32.6725,,17.958333333333332,0.0,20,N1 - Boa
2015-11-24,,,,,,92.56375000000001,25.366249999999997,37.57125,,18.75,0.0,28,N1 - Boa
2015-11-25,,,,,,94.62666666666667,25.284166666666668,37.40541666666667,,31.166666666666668,0.0,28,N1 - Boa
2015-11-26,,,,,,80.79916666666666,26.1425,35.795,,13.25,0.0,20,N1 - Boa
2015-11-27,,,,,,77.95,25.7225,30.859583333333333,,23.791666666666668,0.0,21,N1 - Boa
2015-11-28,,,,,,77.52374999999999,27.627499999999998,45.930416666666666,,31.166666666666668,0.0,32,N1 - Boa
2015-11-29,,,,,,89.87416666666667,27.28,57.14416666666667,,18.833333333333332,0.0,30,N1 - Boa
2015-11-30,,,,,,98.84166666666665,23.676666666666666,54.802083333333336,,8.916666666666666,1.4000000000000001,28,N1 - Boa
2015-12-01,,,,,,94.09708333333333,24.083333333333332,27.92,,20.25,0.0,18,N1 - Boa
2015-12-02,,,,,,94.49583333333334,25.304583333333337,21.645416666666666,,25.041666666666668,0.0,22,N1 - Boa
2015-12-03,,,,,,98.26916666666666,23.53833333333333,22.424583333333334,,11.583333333333334,0.0,11,N1 - Boa
2015-12-04,,,,,,97.50625000000001,23.785,21.660833333333333,,18.791666666666668,0.0,17,N1 - Boa
2015-12-05,,,,,,88.18041666666666,26.699166666666667,32.30625,,28.791666666666668,0.0,26,N1 - Boa
2015-12-06,,,,,,93.66416666666667,26.425,49.843333333333334,,21.083333333333332,0.0,26,N1 - Boa
2015-12-07,,,,,,97.29458333333334,23.850416666666664,48.23041666666666,,7.708333333333333,0.0,24,N1 - Boa
2015-12-08,,,,,,93.54833333333333,24.855416666666667,36.79875,,14.625,0.0,19,N1 - Boa
2015-12-09,,,,,,84.68916666666667,27.940416666666668,44.4575,,28.583333333333332,0.0,32,N1 - Boa
2015-12-10,,,,,,67.83125,30.540833333333335,61.34916666666667,,26.708333333333332,0.0,31,N1 - Boa
2015-12-11,,,,,,86.8675,27.433333333333334,51.96791666666667,,16.125,0.2,27,N1 - Boa
2015-12-12,,,,,,85.56833333333333,28.195000000000004,47.55375,,34.791666666666664,0.0,33,N1 - Boa
2015-12-13,,,,,,80.37666666666667,28.920833333333334,59.95333333333334,,15.166666666666666,0.0,36,N1 - Boa
2015-12-14,,,,,,66.5275,31.366249999999997,57.624583333333334,,21.416666666666668,0.0,36,N1 - Boa
2015-12-15,,,,,,51.208333333333336,33.82025,71.30047619047619,,30.045454545454547,0.0,40,N1 - Boa
2015-12-16,,,,,,88.695,28.386416666666666,70.26382352941175,,21.238095238095237,0.0,36,N1 - Boa
2015-12-17,,,,,,89.43083333333334,28.01375,41.27625,,32.1875,0.0,28,N1 - Boa
2015-12-18,,,,,,66.5575,31.33791666666667,66.48708333333333,,43.416666666666664,0.0,60,N2 - Moderada
2015-12-19,,,,,,60.12166666666667,31.978333333333335,79.77833333333334,,30.208333333333332,0.0,41,N2 - Moderada
2015-12-20,,,,,,88.50875,28.62375,69.50333333333333,,14.166666666666666,0.0,35,N1 - Boa
2015-12-21,,,,,,84.6675,29.023749999999996,50.40958333333333,,36.375,0.0,33,N1 - Boa
2015-12-22,,,,,,71.83541666666666,30.82375,50.02583333333333,,46.416666666666664,0.0,44,N2 - Moderada
2015-12-23,,,,,,54.026250000000005,32.65625,34.369166666666665,,54.291666666666664,0.0,47,N2 - Moderada
2015-12-24,,,,,,55.07791666666666,32.354166666666664,50.75375,,40.875,0.0,36,N1 - Boa
2015-12-25,,,,,,70.77083333333333,30.779583333333335,76.18375,,47.875,0.0,96,N3 - Ruim
2015-12-26,,,,,,70.86041666666667,31.549583333333334,57.695,,40.916666666666664,0.0,36,N1 - Boa
2015-12-27,,,,,,53.464166666666664,32.192083333333336,57.66583333333333,,25.833333333333332,0.0,31,N1 - Boa
2015-12-28,,,,,,57.51291666666666,32.20875,57.22458333333333,,25.25,0.4,32,N1 - Boa
2015-12-29,,,,,,58.30375,32.04708333333333,42.86958333333333,,27.208333333333332,0.2,27,N1 - Boa
2015-12-30,,,,,,47.36958333333334,33.24666666666666,55.49041666666667,,31.541666666666668,0.0,35,N1 - Boa
2015-12-31,,,,,,55.199999999999996,32.64333333333333,65.87833333333333,,23.708333333333332,0.0,39,N1 - Boa
2016-01-01,,,,,,71.28041666666667,30.979166666666668,50.869166666666665,,31.75,25.8,32,N1 - Boa
2016-01-02,,,,,,96.6375,27.417916666666667,28.14125,,11.541666666666666,2.0,16,N1 - Boa
2016-01-03,,,,,,92.73,26.544583333333335,24.819999999999997,,13.916666666666666,1.8000000000000003,12,N1 - Boa
2016-01-04,,,,,,75.96875,26.854583333333334,25.603333333333335,,25.666666666666668,0.0,23,N1 - Boa
2016-01-05,,,,,,79.16583333333334,26.113333333333333,23.510833333333334,,25.0,0.0,22,N1 - Boa
2016-01-06,,,,,,70.0315,27.621,31.505000000000003,,26.8125,0.0,24,N1 - Boa
2016-01-07,,,,,,72.69727272727272,28.25409090909091,36.915454545454544,,28.354166666666668,0.0,26,N1 - Boa
2016-01-08,,,,,,84.165,27.791666666666668,48.30166666666667,,38.0,0.0,34,N1 - Boa
2016-01-09,,,,,,86.8325,28.684583333333332,66.26291666666667,,29.666666666666668,0.0,36,N1 - Boa
2016-01-10,,,,,,82.77958333333333,29.618750000000002,59.93,,31.916666666666668,0.0,32,N1 - Boa
2016-01-11,,,,,,90.40208333333334,28.8075,42.156666666666666,,33.729166666666664,1.0,30,N1 - Boa
2016-01-12,,,,,,86.64125,29.096666666666668,31.984583333333333,,14.458333333333334,33.400000000000006,19,N1 - Boa
2016-01-13,,,,,,98.63235294117646,29.459166666666665,45.13999999999999,,12.0,2.4000000000000004,32,N1 - Boa
2016-01-14,,,,,,98.79166666666667,26.955,45.97625,,7.041666666666667,29.400000000000002,22,N1 - Boa
2016-01-15,,,,,,98.8357894736842,25.89375,28.018333333333334,,12.375,42.800000000000004,19,N1 - Boa
2016-01-16,,,,,,98.71055555555556,25.742500000000003,27.18541666666667,,19.791666666666668,11.600000000000001,18,N1 - Boa
2016-01-17,,,,,,,25.707083333333333,23.52416666666667,,25.166666666666668,5.2,22,N1 - Boa
2016-01-18,,,,,,,24.006249999999998,25.787499999999998,,13.458333333333334,0.0,14,N1 - Boa
2016-01-19,,,,,,,22.89708333333333,22.774583333333336,,8.125,27.0,12,N1 - Boa
2016-01-20,,,,,,,23.48625,22.649583333333336,,10.833333333333334,3.8,12,N1 - Boa
2016-01-21,,,,,,,25.254583333333333,23.1925,,15.5,10.600000000000001,14,N1 - Boa
2016-01-22,,,,,,,24.412499999999998,22.860833333333332,,13.9375,10.4,12,N1 - Boa
2016-01-23,,,,,,,26.04625,22.58125,,20.083333333333332,1.2,18,N1 - Boa
2016-01-24,,,,,,,26.558333333333334,24.059166666666666,,24.291666666666668,0.0,21,N1 - Boa
2016-01-25,,,,,,,28.19333333333333,29.382083333333338,,30.708333333333332,0.0,28,N1 - Boa
2016-01-26,,,,,,,30.430833333333336,48.38291666666667,,36.125,0.0,36,N1 - Boa
2016-01-27,,,,,,,28.808333333333334,46.07208333333333,,31.083333333333332,0.0,28,N1 - Boa
2016-01-28,,,,,,,27.584125,45.99425,,20.976190476190474,4.2,22,N1 - Boa
2016-01-29,,,,,,,28.776916666666665,20.488260869565217,,28.181818181818183,0.6,25,N1 - Boa
2016-01-30,,,,,,,31.354583333333334,36.92666666666667,,33.458333333333336,0.0,29,N1 - Boa
2016-01-31,,,,,,,32.85041666666667,43.395833333333336,,34.625,0.0,31,N1 - Boa
2016-02-01,,,,,,,31.802083333333332,57.67916666666667,,34.5,0.0,42,N2 - Moderada
2016-02-02,,,,,,,28.625,44.86375,,35.458333333333336,0.0,31,N1 - Boa
2016-02-03,,,,,,,28.83875,41.345,,29.75,0.0,27,N1 - Boa
2016-02-04,,,,,,,28.667916666666667,41.34375,,38.791666666666664,0.0,35,N1 - Boa
2016-02-05,,,,,,,31.266666666666666,48.16416666666667,,44.333333333333336,0.0,39,N1 - Boa
2016-02-06,,,,,,,29.164583333333336,45.742916666666666,,28.0,0.0,27,N1 - Boa
2016-02-07,,,,,,,28.582916666666666,26.79416666666667,,27.666666666666668,0.0,25,N1 - Boa
2016-02-08,,,,,,,29.724166666666665,46.53541666666666,,35.291666666666664,0.0,34,N1 - Boa
2016-02-09,,,,,,,33.60578947368421,56.30117647058824,,37.026315789473685,0.0,33,N1 - Boa
2016-02-10,,,,,,,33.60333333333333,77.52923076923076,,25.5,0.0,36,N1 - Boa
2016-02-11,,,,,,,26.883636363636366,49.00636363636364,,9.818181818181818,1.4,22,N1 - Boa
2016-02-12,,,,,,,27.229583333333334,27.26125,,20.5625,0.0,19,N1 - Boa
2016-02-13,,,,,,,27.422916666666666,25.087500000000002,,29.208333333333332,0.0,26,N1 - Boa
2016-02-14,,,,,,,30.663854166666667,42.81,,29.0,0.0,29,N1 - Boa
2016-02-15,,,,,,,30.145520833333332,52.66791666666666,,26.208333333333332,0.0,26,N1 - Boa
2016-02-16,,,,,,,28.677916666666665,52.955000000000005,,19.25,13.399999999999999,34,N1 - Boa
2016-02-17,,,,,,,29.039166666666663,55.312083333333334,,12.625,3.4,40,N1 - Boa
2016-02-18,,,,,,,29.797083333333333,52.51833333333334,,15.791666666666666,3.5999999999999996,30,N1 - Boa
2016-02-19,,,,,,,30.31125,53.26125,,21.708333333333332,0.0,35,N1 - Boa
2016-02-20,,,,,,,30.235208333333333,57.37833333333333,,20.25,0.0,40,N1 - Boa
2016-02-21,,,,,,,28.135833333333334,43.25208333333333,,14.479166666666666,12.2,27,N1 - Boa
2016-02-22,,,,,,,26.831666666666667,20.260833333333334,,15.375,0.0,15,N1 - Boa
2016-02-23,,,,,,,,,,,,,
2016-02-24,,,,,,,,,,,,,
2016-02-25,,,,,,,,,,,,,
2016-02-26,,,,,,,32.39,80.52178571428571,,22.642857142857142,0.0,48,N2 - Moderada
2016-02-27,,,,,,,32.1075,56.33625,,20.895833333333332,0.0,36,N1 - Boa
2016-02-28,,,,,,,31.3075,48.53458333333333,,16.395833333333332,0.0,28,N1 - Boa
2016-02-29,,,,,,,25.649583333333336,29.085416666666664,,11.8125,32.0,16,N1 - Boa
2016-03-01,,,,,,,23.060000000000002,16.480833333333333,,8.466666666666667,17.6,10,N1 - Boa
2016-03-02,,,,,,,26.097916666666666,31.989583333333332,,6.0,1.2000000000000002,20,N1 - Boa
2016-03-03,,,,,,,29.838333333333335,25.77625,,21.833333333333332,0.0,20,N1 - Boa
2016-03-04,,,,,,,30.230833333333333,36.64,,15.791666666666666,1.0,19,N1 - Boa
2016-03-05,,,,,,,28.59375,43.880833333333335,,13.416666666666666,0.0,25,N1 - Boa
2016-03-06,,,,,,,29.456666666666667,51.951249999999995,,23.75,3.8,34,N1 - Boa
2016-03-07,,,,,,,28.449583333333333,44.23791666666667,,12.5,0.0,26,N1 - Boa
2016-03-08,,,,,,,28.87708333333333,37.833333333333336,,18.666666666666668,0.0,25,N1 - Boa
2016-03-09,,,,,,,30.144166666666667,45.79125,,34.541666666666664,0.0,40,N1 - Boa
2016-03-10,,,,,,,31.514166666666668,48.01104166666667,,29.322916666666668,0.0,29,N1 - Boa
2016-03-11,,,,,,,29.68041666666667,34.70583333333334,,19.15625,2.6,24,N1 - Boa
2016-03-12,,,,,,,28.943749999999998,40.577083333333334,,12.583333333333334,0.2,22,N1 - Boa
2016-03-13,,,,,,,26.922083333333333,32.76125,,11.833333333333334,0.0,16,N1 - Boa
2016-03-14,,,,,,,27.175,29.135,,20.458333333333332,0.0,21,N1 - Boa
2016-03-15,,,,,,,27.424166666666665,23.471249999999998,,20.416666666666668,0.0,18,N1 - Boa
2016-03-16,,,,,,,26.54,17.02,,15.3,49.8,13,N1 - Boa
2016-03-17,,,,,,,,,,,,,
2016-03-18,,,,,,,28.90692307692308,35.690769230769234,,11.071428571428571,0.0,20,N1 - Boa
2016-03-19,,,,,,,27.697083333333335,35.28541666666667,,15.375,0.0,29,N1 - Boa
2016-03-20,,,,,,,27.836250000000003,35.67875,,14.25,0.0,25,N1 - Boa
2016-03-21,,,,,,,28.02125,35.5525,,23.541666666666668,0.0,33,N1 - Boa
2016-03-22,,,,,,,29.974999999999998,48.6225,,32.875,0.0,38,N1 - Boa
2016-03-23,,,,,,,28.02541666666667,46.718333333333334,,22.25,15.200000000000001,28,N1 - Boa
2016-03-24,,,,,,,26.87125,40.57541666666666,,5.5,0.2,23,N1 - Boa
2016-03-25,,,,,,,28.014583333333334,39.82416666666666,,13.708333333333334,0.6,31,N1 - Boa
2016-03-26,,,,,,,28.88083333333333,37.36666666666667,,14.333333333333334,0.6000000000000001,20,N1 - Boa
2016-03-27,,,,,,,29.73375,55.94375,,14.958333333333334,0.0,52,N2 - Moderada
2016-03-28,,,,,,,29.691666666666666,71.40625,,20.5,0.0,86,N3 - Ruim
2016-03-29,,,,,,,28.98875,47.18958333333333,,20.958333333333332,0.6000000000000001,36,N1 - Boa
2016-03-30,,,,,,,28.677083333333332,48.42541666666667,,21.833333333333332,0.0,44,N2 - Moderada
2016-03-31,,,,,,,29.045416666666668,65.92210526315789,,29.85,0.0,73,N2 - Moderada
2016-04-01,,,,,,,28.549583333333334,43.13375,,27.681818181818183,0.0,28,N1 - Boa
2016-04-02,,,,,,,28.13083333333333,38.967083333333335,,20.916666666666668,0.0,29,N1 - Boa
2016-04-03,,,,,,,28.71291666666667,35.319583333333334,,18.208333333333332,0.0,27,N1 - Boa
2016-04-04,,,,,,,27.794166666666666,32.59458333333333,,18.375,0.0,24,N1 - Boa
2016-04-05,,,,,,,27.64916666666667,32.25958333333333,,15.916666666666666,0.2,24,N1 - Boa
2016-04-06,,,,,,,27.452916666666667,28.111250000000002,,24.625,0.0,27,N1 - Boa
2016-04-07,,,,,,,28.932083333333335,44.655,,29.916666666666668,0.0,45,N2 - Moderada
2016-04-08,,,,,,,27.589166666666667,47.372083333333336,,30.916666666666668,0.0,37,N1 - Boa
2016-04-09,,,,,,,28.189166666666665,53.8225,,27.375,0.0,44,N2 - Moderada
2016-04-10,,,,,,,28.134583333333335,57.754999999999995,,29.333333333333332,0.0,42,N2 - Moderada
2016-04-11,,,,,,,27.849999999999998,43.656666666666666,,18.75,0.0,29,N1 - Boa
2016-04-12,,,,,,,28.884583333333335,64.1475,,35.708333333333336,0.0,94,N3 - Ruim
2016-04-13,,,,,,,28.47375,46.42083333333333,,32.6875,0.0,41,N2 - Moderada
2016-04-14,,,,,,,30.354166666666668,49.727619047619044,,42.5,0.0,37,N1 - Boa
2016-04-15,,,,,,,28.334166666666665,,,33.875,0.0,30,N1 - Boa
2016-04-16,,,,,,,28.768333333333334,,,44.458333333333336,0.0,39,N1 - Boa
2016-04-17,,,,,,,28.932916666666667,,,42.666666666666664,0.0,38,N1 - Boa
2016-04-18,,,,,,,30.931250000000002,,,34.583333333333336,0.0,31,N1 - Boa
2016-04-19,,,,,,,29.807916666666667,41.698181818181816,,58.125,0.0,50,N2 - Moderada
2016-04-20,,,,,,,30.351249999999997,42.78875,,52.833333333333336,0.0,46,N2 - Moderada
2016-04-21,,,,,,,30.788749999999997,46.79125,,64.83333333333333,0.0,55,N2 - Moderada
2016-04-22,,,,,,,30.345416666666665,61.354166666666664,,57.0,0.0,71,N2 - Moderada
2016-04-23,,,,,,,28.796666666666667,58.42250000000001,,52.625,0.0,50,N2 - Moderada
2016-04-24,,,,,,,30.170833333333334,37.31916666666667,,65.83333333333333,0.0,55,N2 - Moderada
2016-04-25,,,,,,,31.062083333333334,46.23583333333334,,74.20833333333333,0.0,61,N2 - Moderada
2016-04-26,,,,,,,28.871666666666666,37.98375,,36.5,0.0,32,N1 - Boa
2016-04-27,,,,,,,26.619285714285716,26.314285714285717,,21.714285714285715,1.7999999999999998,20,N1 - Boa
2016-04-28,,,,,,,21.495454545454546,39.438,,22.545454545454547,0.4,20,N1 - Boa
2016-04-29,,,,,,,21.381666666666664,37.148125,,21.458333333333332,6.2,19,N1 - Boa
2016-04-30,,,,,,,21.777916666666666,35.74875,,17.25,0.2,19,N1 - Boa
2016-05-01,,,,,,,22.371666666666666,52.79333333333333,,25.473684210526315,0.8,22,N1 - Boa
2016-05-02,,,,,,,21.605,24.198333333333334,,49.0,0.0,43,N2 - Moderada
2016-05-03,,,,,,,22.629583333333333,28.493333333333336,,52.708333333333336,0.0,46,N2 - Moderada
2016-05-04,,,,,,,23.405416666666667,39.80708333333333,,41.75,0.0,37,N1 - Boa
2016-05-05,,,,,,,23.538749999999997,23.434166666666666,,39.375,0.0,35,N1 - Boa
2016-05-06,,,,,,,24.200833333333332,25.82166666666667,,49.125,0.0,43,N2 - Moderada
2016-05-07,,,,,,,24.814166666666665,43.04604166666667,,47.5,0.0,42,N2 - Moderada
2016-05-08,,,,,,,25.28,40.9,,30.208333333333332,0.0,27,N1 - Boa
2016-05-09,,,,,,,25.401666666666667,33.80083333333334,,46.625,0.0,42,N2 - Moderada
2016-05-10,,,,,,,25.110833333333332,30.12125,,46.854166666666664,0.0,42,N2 - Moderada
2016-05-11,,,,,,,25.29125,32.71791666666667,,31.458333333333332,0.0,28,N1 - Boa
2016-05-12,,,,,,,24.281666666666666,36.976875,,15.145833333333334,6.6000000000000005,18,N1 - Boa
2016-05-13,,,,,,,21.743750000000002,31.31041666666667,,6.125,7.999999999999999,17,N1 - Boa
2016-05-14,,,,,,,21.713333333333335,25.43958333333333,,20.75,1.5999999999999999,19,N1 - Boa
2016-05-15,,,,,,,24.37875,22.35875,,40.25,0.0,36,N1 - Boa
2016-05-16,,,,,,,29.165833333333335,46.76083333333333,,31.041666666666668,0.0,28,N1 - Boa
2016-05-17,,,,,,,23.645833333333332,43.99541666666667,,13.791666666666666,1.5999999999999999,23,N1 - Boa
2016-05-18,,,,,,,21.39,27.177083333333332,,9.916666666666666,16.4,18,N1 - Boa
2016-05-19,,,,,,,21.254615384615384,31.993076923076924,,4.0,5.4,14,N1 - Boa
2016-05-20,,,,,,,,,,,,,
2016-05-21,,,,,,,,,,,,,
2016-05-22,,,,,,,,,,,,,
2016-05-23,,,,,,,,,,,,,
2016-05-24,,,,,,,,,,,,,
2016-05-25,,,,,,,,,,,,,
2016-05-26,,,,,,,,,,,,,
2016-05-27,,,,,,,,,,,,,
2016-05-28,,,,,,,,,,,,,
2016-05-29,,,,,,,,,,,,,
2016-05-30,,,,,,,,,,,,,
2016-05-31,,,,,,,,,,,,,
2016-06-01,,,,,,,,,,,,,
2016-06-02,,,,,,,,,,,,,
2016-06-03,,,,,,,26.314999999999998,,,,4.0,,
2016-06-04,,,,,,,22.701,29.720000000000002,,7.35,1.2000000000000002,13,N1 - Boa
2016-06-05,,,,,,,23.59875,30.0575,,9.625,25.0,19,N1 - Boa
2016-06-06,,,,,,,23.06833333333333,31.145,,14.166666666666666,7.8,17,N1 - Boa
2016-06-07,,,,,,,20.847083333333334,,,9.875,24.8,9,N1 - Boa
2016-06-08,,,,,,,20.132083333333334,,,13.25,4.2,12,N1 - Boa
2016-06-09,,,,,,,20.041666666666668,,,20.583333333333332,0.0,19,N1 - Boa
2016-06-10,,,,,,,18.631249999999998,,,34.333333333333336,0.0,30,N1 - Boa
2016-06-11,,,,,,,19.763333333333332,,,18.958333333333332,0.0,17,N1 - Boa
2016-06-12,,,,,,,18.8225,,,19.25,0.0,17,N1 - Boa
2016-06-13,,,,,,,18.31833333333333,,,35.125,0.0,31,N1 - Boa
2016-06-14,,,,,,,18.377916666666668,24.020416666666666,,63.666666666666664,0.0,54,N2 - Moderada
2016-06-15,,,,,,,19.295833333333334,23.857083333333335,,62.083333333333336,0.0,53,N2 - Moderada
2016-06-16,,,,,,,19.989583333333332,23.769583333333333,,82.83333333333333,0.0,68,N2 - Moderada
2016-06-17,,,,,,,22.20375,26.7075,,75.125,0.0,62,N2 - Moderada
2016-06-18,,,,,,,20.319166666666668,56.85166666666667,,47.041666666666664,0.0,42,N2 - Moderada
2016-06-19,,,,,,,20.67625,41.75958333333333,,34.916666666666664,0.0,31,N1 - Boa
2016-06-20,,,,,,,19.545833333333334,53.69583333333333,,18.083333333333332,0.8,25,N1 - Boa
2016-06-21,,,,,,,19.017083333333332,47.606249999999996,,7.333333333333333,3.8,21,N1 - Boa
2016-06-22,,,,,,,21.033333333333335,34.379583333333336,,27.333333333333332,0.2,24,N1 - Boa
2016-06-23,,,,,,,19.86625,47.48916666666667,,18.958333333333332,0.0,23,N1 - Boa
2016-06-24,,,,,,,19.658333333333335,36.17208333333333,,28.875,0.0,26,N1 - Boa
2016-06-25,,,,,,,19.27208333333333,24.996666666666666,,61.041666666666664,0.0,52,N2 - Moderada
2016-06-26,,,,,,,20.147916666666667,23.323333333333334,,70.20833333333333,0.0,58,N2 - Moderada
2016-06-27,,,,,,,20.897083333333335,24.363333333333333,,47.208333333333336,0.0,42,N2 - Moderada
2016-06-28,,,,,,,21.29,20.294166666666666,,71.3125,0.0,59,N2 - Moderada
2016-06-29,,,,,,,22.93625,32.61875,,63.125,0.0,53,N2 - Moderada
2016-06-30,,,,,,,20.75875,43.61166666666667,,43.0,0.0,38,N1 - Boa
2016-07-01,,,,,,,22.186666666666667,48.035,,60.958333333333336,0.0,52,N2 - Moderada
2016-07-02,,,,,,,23.579583333333332,51.798750000000005,,58.583333333333336,0.0,50,N2 - Moderada
2016-07-03,,,,,,,23.5975,51.00125,,68.16666666666667,0.0,57,N2 - Moderada
2016-07-04,,,,,,,23.638333333333332,28.360416666666666,,92.375,0.0,74,N2 - Moderada
2016-07-05,,,,,,,25.235,24.974999999999998,,73.77083333333333,0.0,61,N2 - Moderada
2016-07-06,,,,,,,27.777083333333334,44.14541666666667,,52.541666666666664,0.0,46,N2 - Moderada
2016-07-07,,,,,,,22.422083333333333,41.129583333333336,,31.833333333333332,0.0,28,N1 - Boa
2016-07-08,,,,,,,19.59958333333333,31.912499999999998,,53.333333333333336,0.0,46,N2 - Moderada
2016-07-09,,,,,,,20.40125,27.4175,,82.70833333333333,0.0,68,N2 - Moderada
2016-07-10,,,,,,,25.167083333333334,42.01083333333333,,84.70833333333333,0.0,69,N2 - Moderada
2016-07-11,,,,,,,28.941666666666666,41.964166666666664,,100.79166666666667,0.0,81,N3 - Ruim
2016-07-12,,,,,,,30.230833333333333,52.20854166666667,,106.25,0.0,85,N3 - Ruim
2016-07-13,,,,,,,24.622083333333332,53.50875,,46.958333333333336,0.0,42,N2 - Moderada
2016-07-14,,,,,,,24.788749999999997,49.260416666666664,,64.41666666666667,0.0,54,N2 - Moderada
2016-07-15,,,,,,,27.87625,63.41083333333333,,74.75,0.0,62,N2 - Moderada
2016-07-16,,,,,,,26.499166666666667,66.74374999999999,,52.25,0.0,45,N2 - Moderada
2016-07-17,,,,,,,21.094583333333333,54.32333333333333,,20.416666666666668,0.0,23,N1 - Boa
2016-07-18,,,,,,,19.871666666666666,56.15291666666667,,17.25,0.0,23,N1 - Boa
2016-07-19,,,,,,,18.4775,34.93125,,43.458333333333336,0.0,38,N1 - Boa
2016-07-20,,,,,,,19.631666666666664,40.62083333333333,,39.416666666666664,0.0,35,N1 - Boa
2016-07-21,,,,,,,19.372916666666665,37.09916666666667,,25.041666666666668,0.4,22,N1 - Boa
2016-07-22,,,,,,,19.429166666666667,32.85541666666666,,17.25,9.4,21,N1 - Boa
2016-07-23,,,,,,,21.160416666666666,24.284583333333334,,44.916666666666664,0.0,40,N1 - Boa
2016-07-24,,,,,,,23.973333333333333,51.42666666666667,,30.333333333333332,0.0,28,N1 - Boa
2016-07-25,,,,,,,21.49208333333333,69.02416666666666,,44.791666666666664,0.0,40,N1 - Boa
2016-07-26,,,,,,,23.6125,45.20249999999999,,86.0625,0.0,70,N2 - Moderada
2016-07-27,,,,,,,27.574791666666666,60.07749999999999,,49.458333333333336,0.0,43,N2 - Moderada
2016-07-28,,,,,,,22.420416666666668,53.25208333333333,,24.041666666666668,0.0,23,N1 - Boa
2016-07-29,,,,,,,21.145416666666666,34.143750000000004,,33.416666666666664,0.0,29,N1 - Boa
2016-07-30,,,,,,,22.23875,34.07791666666667,,46.583333333333336,0.0,42,N2 - Moderada
2016-07-31,,,,,,,22.5975,34.3025,,37.208333333333336,0.0,33,N1 - Boa
2016-08-01,,,,,,,25.204583333333332,38.5,,75.79166666666667,0.0,63,N2 - Moderada
2016-08-02,,,,,,,23.875,46.49333333333333,,49.291666666666664,0.0,43,N2 - Moderada
2016-08-03,,,,,,,22.43041666666667,51.26541666666666,,30.458333333333332,0.0,27,N1 - Boa
2016-08-04,,,,,,,22.497083333333332,32.38583333333333,,37.291666666666664,0.0,33,N1 - Boa
2016-08-05,,,,,,,23.45,35.899166666666666,,55.666666666666664,0.0,48,N2 - Moderada
2016-08-06,,,,,,,27.967916666666667,50.90375,,66.20833333333333,0.0,55,N2 - Moderada
2016-08-07,,,,,,,26.02,70.71791666666667,,40.291666666666664,0.0,36,N1 - Boa
2016-08-08,,,,,,,23.31958333333333,63.85458333333333,,25.333333333333332,0.0,29,N1 - Boa
2016-08-09,,,,,,,23.357083333333335,55.01541666666666,,34.458333333333336,0.0,36,N1 - Boa
2016-08-10,,,,,,,21.200833333333332,56.90166666666667,,16.583333333333332,0.2,30,N1 - Boa
2016-08-11,,,,,,,21.11777777777778,58.312083333333334,,16.520833333333332,0.0,26,N1 - Boa
2016-08-12,,,,,,,20.999565217391304,51.33041666666667,,18.375,0.0,24,N1 - Boa
2016-08-13,,,,,,,21.00375,34.77166666666667,,32.791666666666664,0.0,29,N1 - Boa
2016-08-14,,,,,,,23.72,41.55229166666667,,45.375,0.0,40,N1 - Boa
2016-08-15,,,,,,,24.313958333333332,52.943684210526314,,52.875,0.4,46,N2 - Moderada
2016-08-16,,,,,,,24.42375,56.88375,,34.041666666666664,0.0,38,N1 - Boa
2016-08-17,,,,,,,25.221578947368425,45.961052631578944,,47.958333333333336,0.0,42,N2 - Moderada
2016-08-18,,,,,,,24.72375,75.37416666666667,,27.375,0.0,35,N1 - Boa
2016-08-19,,,,,,,25.035833333333333,54.350833333333334,,32.270833333333336,0.0,32,N1 - Boa
2016-08-20,,,,,,,27.189166666666665,45.725833333333334,,27.458333333333332,1.4,24,N1 - Boa
2016-08-21,,,,,,,22.37875,54.73291666666666,,10.791666666666666,15.400000000000002,25,N1 - Boa
2016-08-22,,,,,,,18.18625,47.259166666666665,,10.458333333333334,7.0,24,N1 - Boa
2016-08-23,,,,,,,19.1275,28.6675,,18.625,0.0,22,N1 - Boa
2016-08-24,,,,,,,20.75916666666667,32.27791666666667,,24.791666666666668,0.0,26,N1 - Boa
2016-08-25,,,,,,,21.308333333333334,34.49791666666667,,34.145833333333336,0.0,30,N1 - Boa
2016-08-26,,,,,,,22.412499999999998,37.09166666666667,,38.875,0.0,35,N1 - Boa
2016-08-27,,,,,,,23.57875,35.10666666666667,,57.25,0.0,49,N2 - Moderada
2016-08-28,,,,,,,26.653750000000002,46.33541666666667,,67.08333333333333,0.0,56,N2 - Moderada
2016-08-29,,,,,,,28.910833333333333,60.56,,57.708333333333336,0.0,50,N2 - Moderada
2016-08-30,,,,,,,24.419583333333335,53.465,,38.666666666666664,0.0,35,N1 - Boa
2016-08-31,,,,,,,23.340833333333332,42.18083333333333,,32.604166666666664,8.2,29,N1 - Boa
2016-09-01,,,,,,,24.024583333333336,55.25958333333333,,16.291666666666668,0.4,29,N1 - Boa
2016-09-02,,,,,,,24.112916666666667,54.14875,,18.458333333333332,0.6,29,N1 - Boa
2016-09-03,,,,,,,25.644166666666667,43.11166666666667,,27.833333333333332,0.0,29,N1 - Boa
2016-09-04,,,,,,,25.915833333333335,38.35208333333333,,26.541666666666668,0.0,26,N1 - Boa
2016-09-05,,,,,,,24.465416666666666,41.10583333333333,,27.541666666666668,0.0,25,N1 - Boa
2016-09-06,,,,,,,25.71875,39.75833333333333,,37.958333333333336,0.0,34,N1 - Boa
2016-09-07,,,,,,,24.03333333333333,43.477916666666665,,18.916666666666668,3.8000000000000003,21,N1 - Boa
2016-09-08,,,,,,,22.56458333333333,39.38,,15.375,0.0,21,N1 - Boa
2016-09-09,,,,,,,22.650833333333335,34.814166666666665,,14.791666666666666,0.0,19,N1 - Boa
2016-09-10,,,,,,,23.580833333333334,31.801666666666666,,14.833333333333334,0.0,18,N1 - Boa
2016-09-11,,,,,,,25.86583333333333,39.14666666666667,,21.833333333333332,0.0,28,N1 - Boa
2016-09-12,,,,,,,27.471666666666668,41.47416666666667,,42.125,0.0,37,N1 - Boa
2016-09-13,,,,,,,31.997083333333336,53.82125,,52.375,0.0,45,N2 - Moderada
2016-09-14,,,,,,,26.35375,63.42083333333333,,35.041666666666664,0.0,31,N1 - Boa
2016-09-15,,,,,,,24.168333333333333,50.39541666666667,,33.833333333333336,0.0,30,N1 - Boa
2016-09-16,,,,,,,21.84583333333333,40.22416666666667,,53.5,0.0,47,N2 - Moderada
2016-09-17,,,,,,,24.125416666666666,41.58083333333333,,33.583333333333336,0.0,30,N1 - Boa
2016-09-18,,,,,,,24.359166666666667,47.695,,47.666666666666664,3.2,42,N2 - Moderada
2016-09-19,,,,,,,25.595416666666665,64.940625,,22.291666666666668,1.2,30,N1 - Boa
2016-09-20,,,,,,,21.859166666666667,57.8225,,23.583333333333332,3.0000000000000004,26,N1 - Boa
2016-09-21,,,,,,,22.09375,56.51458333333333,,17.041666666666668,0.8,24,N1 - Boa
2016-09-22,,,,,,,22.44125,37.75125,,23.458333333333332,0.2,22,N1 - Boa
2016-09-23,,,,,,,24.254166666666666,46.111250000000005,,36.020833333333336,0.0,32,N1 - Boa
2016-09-24,,,,,,,23.50125,56.4275,,26.375,0.0,25,N1 - Boa
2016-09-25,,,,,,,20.996666666666666,49.68208333333333,,16.25,6.6,24,N1 - Boa
2016-09-26,,,,,,,21.09875,48.562083333333334,,14.5,1.0,22,N1 - Boa
2016-09-27,,,,,,,21.86791666666667,39.143750000000004,,15.791666666666666,0.0,20,N1 - Boa
2016-09-28,,,,,,,23.189999999999998,40.98916666666667,,33.083333333333336,0.0,29,N1 - Boa
2016-09-29,,,,,,,22.891666666666666,43.04791666666667,,29.708333333333332,0.0,27,N1 - Boa
2016-09-30,,,,,,,20.74125,44.46333333333333,,14.583333333333334,6.6,24,N1 - Boa
2016-10-01,,,,,,,20.37333333333333,35.58583333333333,,11.541666666666666,0.8,18,N1 - Boa
2016-10-02,,,,,,,21.203333333333333,29.042916666666667,,12.333333333333334,0.6000000000000001,18,N1 - Boa
2016-10-03,,,,,,,22.655416666666667,31.56833333333333,,16.541666666666668,7.0,22,N1 - Boa
2016-10-04,,,,,,,21.682083333333335,36.47541666666667,,7.208333333333333,10.600000000000001,24,N1 - Boa
2016-10-05,,,,,,,22.72791666666667,55.111250000000005,,10.5625,0.0,25,N1 - Boa
2016-10-06,,,,,,,22.797083333333333,24.184166666666666,,23.875,0.0,21,N1 - Boa
2016-10-07,,,,,,,22.600416666666664,39.99125,,21.666666666666668,0.0,26,N1 - Boa
2016-10-08,,,,,,,23.257499999999997,44.084583333333335,,36.916666666666664,0.0,35,N1 - Boa
2016-10-09,,,,,,,24.056250000000002,40.19583333333333,,30.875,0.0,28,N1 - Boa
2016-10-10,,,,,,,22.897916666666664,51.817499999999995,,25.291666666666668,0.0,22,N1 - Boa
2016-10-11,,,,,,,24.16,44.91916666666666,,31.125,1.6,28,N1 - Boa
2016-10-12,,,,,,,25.084166666666665,42.675000000000004,,27.958333333333332,0.0,30,N1 - Boa
2016-10-13,,,,,,,28.695652173913043,47.83173913043479,,50.76086956521739,0.0,45,N2 - Moderada
2016-10-14,,,,,,,32.6915,61.078947368421055,,28.0,0.0,30,N1 - Boa
2016-10-15,,,,,,,29.902916666666666,50.07375,,21.354166666666668,0.0,26,N1 - Boa
2016-10-16,,,,,,,32.32791666666667,44.45416666666667,,38.583333333333336,0.0,35,N1 - Boa
2016-10-17,,,,,,,33.635416666666664,44.915416666666665,,43.041666666666664,5.6000000000000005,38,N1 - Boa
2016-10-18,,,,,,,28.19125,48.46458333333334,,31.416666666666668,0.2,28,N1 - Boa
2016-10-19,,,,,,,26.953333333333333,48.574999999999996,,33.916666666666664,0.0,30,N1 - Boa
2016-10-20,,,,,,,29.749583333333334,65.2675,,40.0,0.0,36,N1 - Boa
2016-10-21,,,,,,,26.5275,53.151250000000005,,24.125,0.0,26,N1 - Boa
2016-10-22,,,,,,,24.306250000000002,34.85791666666667,,18.625,1.0,17,N1 - Boa
2016-10-23,,,,,,,25.207083333333333,28.256249999999998,,18.583333333333332,0.0,17,N1 - Boa
2016-10-24,,,,,,,26.95625,34.72875,,23.041666666666668,2.2,21,N1 - Boa
2016-10-25,,,,,,,26.024583333333336,32.683749999999996,,22.041666666666668,0.8,20,N1 - Boa
2016-10-26,,,,,,,28.33791666666667,34.543749999999996,,37.375,0.4,33,N1 - Boa
2016-10-27,,,,,,,29.4675,45.20083333333333,,42.166666666666664,0.4,37,N1 - Boa
2016-10-28,,,,,,,23.895909090909093,44.74,,31.90909090909091,0.2,28,N1 - Boa
2016-10-29,,,,,,,,,,,0.0,,
2016-10-30,,,,,,,23.52846153846154,41.76692307692308,,39.035714285714285,1.0,35,N1 - Boa
2016-10-31,,,,,,,25.200833333333335,40.22833333333333,,46.958333333333336,0.0,42,N2 - Moderada
2016-11-01,,,,,,,28.087083333333336,45.97083333333333,,57.791666666666664,0.0,50,N2 - Moderada
2016-11-02,,,,,,,32.435,55.22541666666667,,56.541666666666664,0.6000000000000001,49,N2 - Moderada
2016-11-03,,,,,,,28.18875,51.49791666666667,,33.708333333333336,0.0,30,N1 - Boa
2016-11-04,,,,,,,22.491666666666664,51.5375,,18.458333333333332,0.0,24,N1 - Boa
2016-11-05,,,,,,,22.172083333333333,48.01333333333333,,20.291666666666668,0.2,21,N1 - Boa
2016-11-06,,,,,,,25.20958333333333,27.54125,,38.083333333333336,0.2,34,N1 - Boa
2016-11-07,,,,,,,26.5475,30.13416666666667,,48.375,0.0,42,N2 - Moderada
2016-11-08,,,,,,,26.93958333333333,32.46875,,41.375,0.0,36,N1 - Boa
2016-11-09,,,,,,,29.183333333333334,37.074999999999996,,45.791666666666664,0.2,41,N2 - Moderada
2016-11-10,,,,,,,29.082916666666666,65.6425,,26.208333333333332,0.4,36,N1 - Boa
2016-11-11,,,,,,,28.508750000000003,58.62,,37.833333333333336,0.0,34,N1 - Boa
2016-11-12,,,,,,,26.493750000000002,48.19291666666667,,36.833333333333336,0.0,33,N1 - Boa
2016-11-13,,,,,,,23.605833333333333,38.26541666666667,,22.833333333333332,0.0,20,N1 - Boa
2016-11-14,,,,,,,23.540000000000003,22.962083333333336,,15.916666666666666,0.0,14,N1 - Boa
2016-11-15,,,,,,,25.934583333333332,34.48291666666667,,14.416666666666666,0.0,19,N1 - Boa
2016-11-16,,,,,,,26.265,30.453333333333333,,20.041666666666668,0.0,18,N1 - Boa
2016-11-17,,,,,,,26.382500000000004,34.12625,,22.208333333333332,0.0,20,N1 - Boa
2016-11-18,,,,,,,24.475416666666664,42.470416666666665,,31.041666666666668,0.0,28,N1 - Boa
2016-11-19,,,,,,,23.699166666666667,51.76083333333333,,40.958333333333336,0.0,36,N1 - Boa
2016-11-20,,,,,,,23.1125,29.602083333333336,,54.083333333333336,0.0,47,N2 - Moderada
2016-11-21,,,,,,,19.658333333333335,2.575,,71.58333333333333,0.0,60,N2 - Moderada
2016-11-22,,,,,,,,,,,,,
2016-11-23,,,,,,,,,,,,,
2016-11-24,,,,,,,,,,,,,
2016-11-25,,,,,,,29.0875,51.62625,,39.1875,0.0,35,N1 - Boa
2016-11-26,,,,,,,28.14833333333333,38.87583333333333,,55.854166666666664,0.0,48,N2 - Moderada
2016-11-27,,,,,,,28.75125,33.251666666666665,,57.958333333333336,0.0,50,N2 - Moderada
2016-11-28,,,,,,,30.436666666666667,44.263749999999995,,55.666666666666664,2.2,48,N2 - Moderada
2016-11-29,,,,,,,28.638333333333335,43.92979166666667,,42.0,0.4,37,N1 - Boa
2016-11-30,,,,,,,25.07375,42.37583333333333,,40.416666666666664,0.2,36,N1 - Boa
2016-12-01,,,,,,,25.265416666666667,31.374583333333334,,48.291666666666664,0.0,42,N2 - Moderada
2016-12-02,,,,,,,26.331666666666667,31.634583333333335,,52.541666666666664,0.0,46,N2 - Moderada
2016-12-03,,,,,,,28.93875,37.626666666666665,,50.833333333333336,0.0,45,N2 - Moderada
2016-12-04,,,,,,,27.25791666666667,42.496249999999996,,21.708333333333332,0.0,22,N1 - Boa
2016-12-05,,,,,,,25.569166666666664,59.34894736842106,,30.0,0.0,27,N1 - Boa
2016-12-06,,,,,,,27.81125,36.303333333333335,,43.333333333333336,0.0,38,N1 - Boa
2016-12-07,,,,,,,26.990416666666665,38.57208333333333,,47.8125,0.0,42,N2 - Moderada
2016-12-08,,,,,,,30.01875,48.52333333333333,,59.875,0.0,51,N2 - Moderada
2016-12-09,,,,,,,29.901666666666667,56.99916666666667,,31.625,0.0,28,N1 - Boa
2016-12-10,,,,,,,28.955833333333334,37.39083333333333,,33.583333333333336,0.0,30,N1 - Boa
2016-12-11,,,,,,,34.08708333333333,36.655833333333334,,34.291666666666664,0.0,30,N1 - Boa
2016-12-12,,,,,,,28.89708333333333,43.46875,,22.5,0.0,28,N1 - Boa
2016-12-13,,,,,,,28.35375,41.29458333333333,,18.041666666666668,0.0,19,N1 - Boa
2016-12-14,,,,,,,27.792083333333334,33.997499999999995,,29.416666666666668,0.0,26,N1 - Boa
2016-12-15,,,,,,,24.082083333333333,36.617916666666666,,61.291666666666664,0.0,52,N2 - Moderada
2016-12-16,,,,,,,23.18875,22.344166666666666,,40.583333333333336,0.0,36,N1 - Boa
2016-12-17,,,,,,,24.262916666666666,17.415,,31.833333333333332,0.0,28,N1 - Boa
2016-12-18,,,,,,,26.874583333333334,24.8475,,31.583333333333332,0.0,28,N1 - Boa
2016-12-19,,,,,,,29.846249999999998,27.809583333333336,,37.833333333333336,0.0,34,N1 - Boa
2016-12-20,,,,,,,31.08375,43.29541666666666,,31.0,0.0,30,N1 - Boa
2016-12-21,,,,,,,30.292083333333334,59.2225,,31.833333333333332,0.0,35,N1 - Boa
2016-12-22,,,,,,,29.060000000000002,54.97625,,26.875,0.0,34,N1 - Boa
2016-12-23,,,,,,,30.496666666666666,58.793749999999996,,40.666666666666664,0.0,36,N1 - Boa
2016-12-24,,,,,,,30.250833333333333,70.12708333333333,,33.3125,0.0,52,N2 - Moderada
2016-12-25,,,,,,,29.305833333333336,64.19666666666667,,29.458333333333332,0.0,34,N1 - Boa
2016-12-26,,,,,,,30.819999999999997,53.67958333333333,,47.0,0.0,42,N2 - Moderada
2016-12-27,,,,,,,33.65770833333333,62.78857142857142,,42.208333333333336,0.0,41,N2 - Moderada
2016-12-28,,,,,,,31.882941176470588,73.49199999999999,,41.8,0.0,37,N1 - Boa
2016-12-29,,,,,,,30.964166666666667,48.52,,35.958333333333336,0.0,32,N1 - Boa
2016-12-30,,,,,,,31.324583333333333,50.71083333333333,,58.791666666666664,0.0,50,N2 - Moderada
2016-12-31,,,,,,,31.928749999999997,65.81875000000001,,48.75,0.0,60,N2 - Moderada
2017-01-01,,,,,,,32.40958333333333,75.64375,,37.416666666666664,0.0,50,N2 - Moderada
2017-01-02,,,,,,,31.067083333333333,55.865833333333335,,33.708333333333336,0.0,34,N1 - Boa
2017-01-03,,,,,,,29.288750000000004,44.555,,19.0,0.0,22,N1 - Boa
2017-01-04,,,,,,,31.23125,59.99333333333333,,23.375,0.0,39,N1 - Boa
2017-01-05,,,,,,,31.280833333333334,61.91958333333333,,34.125,0.0,50,N2 - Moderada
2017-01-06,,,,,,,30.08125,54.87375,,16.041666666666668,0.0,31,N1 - Boa
2017-01-07,,,,,,,29.569791666666664,13.549999999999999,,25.729166666666668,0.0,23,N1 - Boa
2017-01-08,,,,,,,30.162916666666664,65.58041666666666,,18.791666666666668,0.0,37,N1 - Boa
2017-01-09,,,,,,,31.786666666666665,58.2615625,,28.458333333333332,0.0,40,N1 - Boa
2017-01-10,,,,,,,32.4645,57.037875,,18.475,0.0,31,N1 - Boa
2017-01-11,,,,,,,30.474761904761905,58.351,,36.578947368421055,0.0,38,N1 - Boa
2017-01-12,,,,,,,28.059166666666666,41.52333333333333,,24.166666666666668,0.0,27,N1 - Boa
2017-01-13,,,,,,,26.796666666666667,34.74,,18.625,0.0,22,N1 - Boa
2017-01-14,,,,,,,28.748333333333335,43.903333333333336,,25.916666666666668,0.0,29,N1 - Boa
2017-01-15,,,,,,,28.99208333333333,38.62791666666667,,34.791666666666664,0.0,31,N1 - Boa
2017-01-16,,,,,,,30.15041666666667,36.490833333333335,,26.583333333333332,0.0,29,N1 - Boa
2017-01-17,,,,,,,31.402916666666666,42.655,,37.125,0.0,33,N1 - Boa
2017-01-18,,,,,,,31.64375,53.192499999999995,,31.416666666666668,0.0,31,N1 - Boa
2017-01-19,,,,,,,27.607083333333335,52.07750000000001,,20.833333333333332,0.0,27,N1 - Boa
2017-01-20,,,,,,,26.51875,35.81041666666667,,21.375,0.0,25,N1 - Boa
2017-01-21,,,,,,,27.283749999999998,32.0575,,29.6875,0.0,27,N1 - Boa
2017-01-22,,,,,,,28.079166666666666,44.365,,28.666666666666668,0.0,28,N1 - Boa
2017-01-23,,,,,,,28.70625,47.81791666666667,,24.791666666666668,0.0,32,N1 - Boa
2017-01-24,,,,,,,29.325,45.0625,,31.0,0.0,32,N1 - Boa
2017-01-25,,,,,,,30.857083333333335,43.4025,,27.166666666666668,0.0,29,N1 - Boa
2017-01-26,,,,,,,30.607083333333335,48.37833333333333,,23.666666666666668,0.0,30,N1 - Boa
2017-01-27,,,,,,,29.97,51.28125,,27.666666666666668,0.0,34,N1 - Boa
2017-01-28,,,,,,,30.315833333333334,53.52166666666667,,30.375,0.0,34,N1 - Boa
2017-01-29,,,,,,,29.95,26.360833333333332,,34.041666666666664,0.0,30,N1 - Boa
2017-01-30,,,,,,,28.967083333333335,20.328333333333333,,35.208333333333336,0.0,31,N1 - Boa
2017-01-31,,,,,,,28.58125,25.2925,,44.541666666666664,0.0,40,N1 - Boa
2017-02-01,,,,,,,28.807916666666667,26.544736842105266,,41.63157894736842,7.0,37,N1 - Boa
2017-02-02,,,,,,,29.330833333333334,43.35,,35.0,9.4,31,N1 - Boa
2017-02-03,,,,,,,29.937291666666667,56.65020833333333,,19.083333333333332,0.2,31,N1 - Boa
2017-02-04,,,,,,,30.7775,68.47541666666667,,18.625,0.0,44,N2 - Moderada
2017-02-05,,,,,,,30.828333333333333,59.524166666666666,,17.166666666666668,0.0,36,N1 - Boa
2017-02-06,,,,,,,30.79125,63.423750000000005,,20.75,0.0,34,N1 - Boa
2017-02-07,,,,,,,29.11,51.58041666666667,,23.75,0.4,26,N1 - Boa
2017-02-08,,,,,,,28.50375,47.838750000000005,,30.666666666666668,0.0,28,N1 - Boa
2017-02-09,,,,,,,27.875833333333333,28.64125,,28.166666666666668,0.0,25,N1 - Boa
2017-02-10,,,,,,,29.017083333333332,31.00916666666667,,27.833333333333332,0.0,25,N1 - Boa
2017-02-11,,,,,,,29.906666666666666,38.93208333333333,,41.083333333333336,0.0,36,N1 - Boa
2017-02-12,,,,,,,31.535,34.379583333333336,,31.583333333333332,0.0,28,N1 - Boa
2017-02-13,,,,,,,32.3425,34.722500000000004,,36.25,0.0,32,N1 - Boa
2017-02-14,,,,,,,30.424583333333334,36.85791666666667,,42.875,0.0,38,N1 - Boa
2017-02-15,,,,,,,30.98166666666667,35.848333333333336,,39.375,0.0,35,N1 - Boa
2017-02-16,,,,,,,30.677083333333332,38.05083333333334,,46.208333333333336,0.0,41,N2 - Moderada
2017-02-17,,,,,,,32.12791666666667,40.23166666666666,,47.583333333333336,0.0,42,N2 - Moderada
2017-02-18,,,,,,,31.523749999999996,47.76791666666667,,41.25,0.0,36,N1 - Boa
2017-02-19,,,,,,,31.36583333333333,51.425000000000004,,42.541666666666664,0.0,38,N1 - Boa
2017-02-20,,,,,,,30.02,42.03416666666667,,47.791666666666664,0.0,42,N2 - Moderada
2017-02-21,,,,,,,29.242500000000003,29.706666666666667,,34.416666666666664,0.0,30,N1 - Boa
2017-02-22,,,,,,,31.305000000000003,38.33416666666667,,42.416666666666664,0.0,37,N1 - Boa
2017-02-23,,,,,,,34.20166666666667,50.41416666666667,,44.083333333333336,0.0,39,N1 - Boa
2017-02-24,,,,,,,29.72583333333333,50.020833333333336,,,0.0,26,N1 - Boa
2017-02-25,,,,,,,26.758333333333336,43.66916666666666,,,0.0,26,N1 - Boa
2017-02-26,,,,,,,28.017916666666665,35.6925,,,0.0,27,N1 - Boa
2017-02-27,,,,,,,28.575,54.65208333333334,,,0.0,34,N1 - Boa
2017-02-28,,,,,,,30.508750000000003,68.6975,,,0.0,54,N2 - Moderada
2017-03-01,,,,,,,32.865,71.1825,,41.92857142857143,0.0,52,N2 - Moderada
2017-03-02,,,,,,,30.350416666666664,53.58833333333334,,52.427083333333336,0.0,45,N2 - Moderada
2017-03-03,,,,,,,31.394090909090906,59.613,,40.43181818181818,0.0,45,N2 - Moderada
2017-03-04,,,,,,,32.80525,67.702,,17.653846153846153,0.0,40,N1 - Boa
2017-03-05,,,,,,,31.909583333333334,51.43958333333333,,20.235294117647058,0.0,32,N1 - Boa
2017-03-06,,,,,,,28.406666666666666,37.9425,,7.0,0.0,23,N1 - Boa
2017-03-07,,,,,,,28.423333333333332,31.777083333333334,,18.666666666666668,0.0,21,N1 - Boa
2017-03-08,,,,,,,27.822916666666668,23.397333333333332,,20.041666666666668,0.0,18,N1 - Boa
2017-03-09,,,,,,,28.94458333333333,36.49041666666667,,41.0,0.0,36,N1 - Boa
2017-03-10,,,,,,,32.38625,47.236250000000005,,39.625,0.0,36,N1 - Boa
2017-03-11,,,,,,,29.765833333333333,49.3175,,44.791666666666664,0.0,40,N1 - Boa
2017-03-12,,,,,,,33.15416666666667,58.4575,,46.083333333333336,0.0,41,N2 - Moderada
2017-03-13,,,,,,,29.701666666666668,62.45136363636364,,32.0,0.0,30,N1 - Boa
2017-03-14,,,,,,,27.789130434782606,,,25.608695652173914,0.0,23,N1 - Boa
2017-03-15,,,,,,,28.475454545454546,40.662,,30.09090909090909,0.0,27,N1 - Boa
2017-03-16,,,,,,,29.625416666666666,36.87125,,38.75,0.0,35,N1 - Boa
2017-03-17,,,,,,,30.080833333333334,43.05285714285714,,46.833333333333336,0.0,42,N2 - Moderada
2017-03-18,,,,,,,26.455714285714286,34.086,,18.083333333333332,0.0,16,N1 - Boa
2017-03-19,,,,,,,24.08458333333333,32.68,,19.791666666666668,0.0,18,N1 - Boa
2017-03-20,,,,,,,25.500833333333333,37.56142857142857,,12.166666666666666,0.0,16,N1 - Boa
2017-03-21,,,,,,,25.526666666666667,,,29.208333333333332,0.0,26,N1 - Boa
2017-03-22,,,,,,,24.97375,,,25.208333333333332,0.0,22,N1 - Boa
2017-03-23,,,,,,,25.457916666666666,0.13,,35.708333333333336,0.0,32,N1 - Boa
2017-03-24,,,,,,,26.489166666666666,,,41.25,0.0,36,N1 - Boa
2017-03-25,,,,,,,26.22458333333333,,,44.291666666666664,0.0,39,N1 - Boa
2017-03-26,,,,,,,26.46666666666667,,,21.0,0.0,19,N1 - Boa
2017-03-27,,,,,,,26.729583333333334,,,24.625,0.0,22,N1 - Boa
2017-03-28,,,,,,,25.41333333333333,,,15.0625,0.0,13,N1 - Boa
2017-03-29,,,,,,,25.024583333333336,22.54,,27.145833333333332,0.0,24,N1 - Boa
2017-03-30,,,,,,,24.595416666666665,30.452083333333334,,13.75,0.0,17,N1 - Boa
2017-03-31,,,,,,,24.435833333333335,36.808125,,9.791666666666666,0.0,20,N1 - Boa
2017-04-01,,,,,,,25.28916666666667,48.90375,,11.541666666666666,20.0,21,N1 - Boa
2017-04-02,,,,,,,24.26,39.3425,,14.5,0.4,22,N1 - Boa
2017-04-03,,,,,,,25.213333333333335,36.951249999999995,,20.5,0.0,26,N1 - Boa
2017-04-04,,,,,,,26.437916666666666,39.66916666666667,,32.833333333333336,0.0,32,N1 - Boa
2017-04-05,,,,,,,29.680833333333336,47.74875,,50.416666666666664,0.0,44,N2 - Moderada
2017-04-06,,,,,,,30.493333333333336,,,36.375,0.0,32,N1 - Boa
2017-04-07,,,,,,,27.46083333333333,73.87545454545455,,25.75,58.8,35,N1 - Boa
2017-04-08,,,,,,,27.304583333333337,71.27826086956522,,13.5,25.199999999999996,38,N1 - Boa
2017-04-09,,,,,,,27.672916666666666,49.85916666666666,,22.041666666666668,0.0,32,N1 - Boa
2017-04-10,,,,,,,28.211249999999996,51.24791666666667,,26.125,0.0,45,N2 - Moderada
2017-04-11,,,,,,,28.66416666666667,51.1,,30.708333333333332,0.0,39,N1 - Boa
2017-04-12,,,,,,,27.02625,55.43333333333334,,27.458333333333332,4.6,29,N1 - Boa
2017-04-13,,,,,,,23.99416666666667,57.74400000000001,,8.083333333333334,21.4,26,N1 - Boa
2017-04-14,,,,,,,27.28333333333333,35.68625,,26.916666666666668,0.0,26,N1 - Boa
2017-04-15,,,,,,,28.900833333333335,42.80625,,26.75,0.0,30,N1 - Boa
2017-04-16,,,,,,,30.940208333333334,51.94541666666667,,32.708333333333336,0.0,31,N1 - Boa
2017-04-17,,,,,,,28.390833333333333,69.61041666666667,,22.541666666666668,4.2,34,N1 - Boa
2017-04-18,,,,,,,26.628333333333334,50.2275,,18.625,19.200000000000003,26,N1 - Boa
2017-04-19,,,,,,,26.95,45.1275,,25.125,0.0,29,N1 - Boa
2017-04-20,,,,,,,29.065416666666664,40.17958333333333,,34.25,0.0,30,N1 - Boa
2017-04-21,,,,,,,29.324166666666667,55.43541666666667,,33.541666666666664,0.0,31,N1 - Boa
2017-04-22,,,,,,,25.15125,68.33624999999999,,15.166666666666666,5.4,28,N1 - Boa
2017-04-23,,,,,,,22.85875,52.049791666666664,,8.208333333333334,33.2,27,N1 - Boa
2017-04-24,,,,,,,24.735833333333332,45.56395833333334,,19.854166666666668,0.2,29,N1 - Boa
2017-04-25,,,,,,,26.44541666666667,47.32666666666666,,31.041666666666668,0.0,33,N1 - Boa
2017-04-26,,,,,,,28.807083333333335,45.01333333333333,,27.416666666666668,3.4,26,N1 - Boa
2017-04-27,,,,,,,26.1075,52.19,,13.125,10.600000000000001,26,N1 - Boa
2017-04-28,,,,,,,21.357083333333335,63.5725,,18.0,17.0,28,N1 - Boa
2017-04-29,,,,,,,21.890833333333333,55.31458333333333,,19.25,2.2,30,N1 - Boa
2017-04-30,,,,,,,23.325416666666666,41.59291666666667,,32.333333333333336,0.0,30,N1 - Boa
2017-05-01,,,,,,,24.459166666666665,41.610416666666666,,30.625,0.0,30,N1 - Boa
2017-05-02,,,,,,,23.088333333333335,26.642083333333332,,46.375,0.0,41,N2 - Moderada
2017-05-03,,,,,,,23.907083333333333,40.88583333333333,,44.458333333333336,0.0,39,N1 - Boa
2017-05-04,,,,,,,26.470416666666665,41.73458333333333,,69.75,0.0,58,N2 - Moderada
2017-05-05,,,,,,,27.075416666666666,27.783749999999998,,45.291666666666664,1.2000000000000002,40,N1 - Boa
2017-05-06,,,,,,,24.944166666666664,40.75,,31.958333333333332,0.4,32,N1 - Boa
2017-05-07,,,,,,,24.8075,50.81791666666667,,24.375,0.0,28,N1 - Boa
2017-05-08,,,,,,,24.81833333333333,46.44166666666666,,26.958333333333332,0.0,28,N1 - Boa
2017-05-09,,,,,,,25.210416666666664,41.04208333333333,,50.125,0.0,44,N2 - Moderada
2017-05-10,,,,,,,24.768333333333334,52.28458333333333,,40.833333333333336,0.0,36,N1 - Boa
2017-05-11,,,,,,,24.177083333333332,40.720416666666665,,19.708333333333332,7.2,24,N1 - Boa
2017-05-12,,,,,,,22.712500000000002,34.031666666666666,,33.25,0.8,29,N1 - Boa
2017-05-13,,,,,,,26.20625,43.06666666666666,,44.916666666666664,0.0,40,N1 - Boa
2017-05-14,,,,,,,26.944166666666664,63.48,,33.083333333333336,0.0,29,N1 - Boa
2017-05-15,,,,,,,25.180833333333336,56.599583333333335,,20.875,0.0,24,N1 - Boa
2017-05-16,,,,,,,23.687916666666666,46.03041666666667,,32.791666666666664,0.0,29,N1 - Boa
2017-05-17,,,,,,,22.49625,30.20625,,33.583333333333336,0.0,30,N1 - Boa
2017-05-18,,,,,,,23.3,39.84708333333334,,35.875,0.0,32,N1 - Boa
2017-05-19,,,,,,,20.572083333333335,18.243750000000002,,10.541666666666666,24.799999999999997,17,N1 - Boa
2017-05-20,,,,,,,22.2975,22.449166666666667,,17.75,0.0,17,N1 - Boa
2017-05-21,,,,,,,23.448333333333334,23.04375,,22.833333333333332,0.0,20,N1 - Boa
2017-05-22,,,,,,,22.390416666666667,36.6925,,19.416666666666668,7.0,22,N1 - Boa
2017-05-23,,,,,,,23.5175,41.62833333333334,,36.083333333333336,0.0,32,N1 - Boa
2017-05-24,,,,,,,22.787499999999998,27.55416666666667,,50.333333333333336,0.0,44,N2 - Moderada
2017-05-25,,,,,,,26.312916666666666,24.25,,46.083333333333336,0.0,41,N2 - Moderada
2017-05-26,,,,,,,28.007916666666663,33.25958333333333,,35.291666666666664,0.0,31,N1 - Boa
2017-05-27,,,,,,,27.58,58.11041666666667,,21.708333333333332,0.0,32,N1 - Boa
2017-05-28,,,,,,,24.157916666666665,58.423750000000005,,40.833333333333336,0.0,39,N1 - Boa
2017-05-29,,,,,,,23.554583333333337,44.88645833333334,,58.083333333333336,0.4,50,N2 - Moderada
2017-05-30,,,,,,,23.900000000000002,42.057916666666664,,52.875,0.0,46,N2 - Moderada
2017-05-31,,,,,,,24.5125,34.033750000000005,,53.125,0.0,46,N2 - Moderada
2017-06-01,,,,,,,26.4225,47.88041666666667,,61.083333333333336,0.0,52,N2 - Moderada
2017-06-02,,,,,,,23.905,36.473333333333336,,41.083333333333336,0.0,36,N1 - Boa
2017-06-03,,,,,,,23.962500000000002,40.23916666666667,,44.625,0.0,40,N1 - Boa
2017-06-04,,,,,,,24.837500000000002,37.637499999999996,,65.875,0.0,55,N2 - Moderada
2017-06-05,,,,,,,26.28125,46.65166666666667,,43.791666666666664,0.0,39,N1 - Boa
2017-06-06,,,,,,,25.857083333333335,34.745,,46.208333333333336,0.0,41,N2 - Moderada
2017-06-07,,,,,,,26.52,70.61583333333333,,62.291666666666664,0.0,100,N3 - Ruim
2017-06-08,,,,,,,30.298333333333332,55.904583333333335,,69.33333333333333,0.0,79,N2 - Moderada
2017-06-09,,,,,,,27.215416666666666,59.86375,,29.5,1.8,28,N1 - Boa
2017-06-10,,,,,,,21.08458333333333,50.190416666666664,,40.791666666666664,0.0,36,N1 - Boa
2017-06-11,,,,,,,20.340416666666666,39.96041666666667,,47.625,0.0,42,N2 - Moderada
2017-06-12,,,,,,,22.38208333333333,61.34791666666666,,44.470588235294116,0.0,45,N2 - Moderada
2017-06-13,,,,,,,22.95875,54.26791666666667,,38.125,25.6,36,N1 - Boa
2017-06-14,,,,,,,22.79041666666667,69.02722222222222,,20.458333333333332,12.000000000000002,35,N1 - Boa
2017-06-15,,,,,,,23.798333333333332,65.39770833333334,,16.5,7.6,32,N1 - Boa
2017-06-16,,,,,,,22.31375,26.040000000000003,,29.875,0.0,27,N1 - Boa
2017-06-17,,,,,,,23.750833333333333,28.6525,,40.666666666666664,0.0,36,N1 - Boa
2017-06-18,,,,,,,25.623333333333335,33.9075,,52.625,0.0,46,N2 - Moderada
2017-06-19,,,,,,,26.318749999999998,57.02333333333333,,36.666666666666664,0.0,36,N1 - Boa
2017-06-20,,,,,,,22.623333333333335,57.6175,,22.041666666666668,16.8,30,N1 - Boa
2017-06-21,,,,,,,20.603333333333335,63.31875,,6.833333333333333,19.2,30,N1 - Boa
2017-06-22,,,,,,,22.18375,37.29478260869565,,15.041666666666666,0.0,25,N1 - Boa
2017-06-23,,,,,,,20.427647058823528,16.459999999999997,,21.625,28.8,20,N1 - Boa
2017-06-24,,,,,,,21.572916666666668,35.95875,,29.458333333333332,0.1,26,N1 - Boa
2017-06-25,,,,,,,21.38416666666667,49.64875,,29.583333333333332,0.0,33,N1 - Boa
2017-06-26,,,,,,,21.617500000000003,34.36,,35.125,0.0,31,N1 - Boa
2017-06-27,,,,,,,21.690833333333334,40.600833333333334,,37.583333333333336,0.0,34,N1 - Boa
2017-06-28,,,,,,,23.33458333333333,46.27777777777778,,31.791666666666668,0.0,36,N1 - Boa
2017-06-29,,,,,,,23.77333333333333,48.38958333333333,,59.0,0.0,53,N2 - Moderada
2017-06-30,,,,,,,25.02333333333333,48.93958333333333,,65.83333333333333,0.0,55,N2 - Moderada
2017-07-01,,,,,,,22.802916666666665,71.49416666666666,,39.958333333333336,1.2000000000000002,54,N2 - Moderada
2017-07-02,,,,,,,20.405,91.6725,,15.875,5.500000000000001,46,N2 - Moderada
2017-07-03,,,,,,,18.989166666666666,47.51416666666666,,22.125,0.7,31,N1 - Boa
2017-07-04,,,,,,,19.335,33.34777777777778,,22.958333333333332,0.0,20,N1 - Boa
2017-07-05,,,,,,,20.080000000000002,33.459583333333335,,26.875,0.0,24,N1 - Boa
2017-07-06,,,,,,,20.763749999999998,35.385,,25.0,0.0,26,N1 - Boa
2017-07-07,,,,,,,21.939166666666665,31.4175,,25.6875,0.0,24,N1 - Boa
2017-07-08,,,,,,,21.545833333333334,33.61416666666667,,36.8125,0.0,33,N1 - Boa
2017-07-09,,,,,,,22.529583333333335,35.660000000000004,,39.5,0.0,36,N1 - Boa
2017-07-10,,,,,,,23.229166666666668,30.313333333333333,,44.0,0.0,39,N1 - Boa
2017-07-11,,,,,,,24.685833333333335,40.50125,,42.666666666666664,0.0,38,N1 - Boa
2017-07-12,,,,,,,24.49875,48.02291666666667,,39.458333333333336,0.0,35,N1 - Boa
2017-07-13,,,,,,,24.092916666666667,37.680416666666666,,41.416666666666664,0.0,36,N1 - Boa
2017-07-14,,,,,,,24.510833333333334,31.87,,37.125,0.0,33,N1 - Boa
2017-07-15,,,,,,,26.58125,35.57625,,42.5,0.0,37,N1 - Boa
2017-07-16,,,,,,,26.03833333333333,46.109166666666674,,26.166666666666668,0.0,27,N1 - Boa
2017-07-17,,,,,,,26.77333333333333,53.346666666666664,,65.46153846153847,0.0,55,N2 - Moderada
2017-07-18,,,,,,,21.052083333333332,61.95375000000001,,19.541666666666668,0.0,29,N1 - Boa
2017-07-19,,,,,,,18.07375,60.965714285714284,,11.041666666666666,4.6,25,N1 - Boa
2017-07-20,,,,,,,20.949583333333333,,,33.5,0.0,30,N1 - Boa
2017-07-21,,,,,,,24.14625,,,30.75,0.0,28,N1 - Boa
2017-07-22,,,,,,,21.685000000000002,,,46.708333333333336,0.0,42,N2 - Moderada
2017-07-23,,,,,,,22.495416666666667,,,61.625,0.0,53,N2 - Moderada
2017-07-24,,,,,,,22.65125,22.58111111111111,,54.875,0.0,48,N2 - Moderada
2017-07-25,,,,,,,24.883333333333336,20.263333333333332,,51.541666666666664,0.0,45,N2 - Moderada
2017-07-26,,,,,,,24.664583333333336,22.760416666666668,,45.291666666666664,0.0,40,N1 - Boa
2017-07-27,,,,,,,22.45875,19.91375,,41.666666666666664,0.0,37,N1 - Boa
2017-07-28,,,,,,,21.92,11.793076923076923,,38.375,0.0,34,N1 - Boa
2017-07-29,,,,,,,22.728333333333335,,,51.0,0.0,45,N2 - Moderada
2017-07-30,,,,,,,22.806250000000002,,,49.125,0.0,43,N2 - Moderada
2017-07-31,,,,,,,23.97875,21.985,,41.9375,0.0,37,N1 - Boa
2017-08-01,,,,,,,23.158749999999998,38.15875,,74.45833333333333,0.0,61,N2 - Moderada
2017-08-02,,,,,,,24.818749999999998,39.16291666666667,,84.75,0.0,69,N2 - Moderada
2017-08-03,,,,,,,26.12291666666667,65.34166666666667,,61.229166666666664,1.2,52,N2 - Moderada
2017-08-04,,,,,,,21.545,79.49625,,23.041666666666668,0.0,33,N1 - Boa
2017-08-05,,,,,,,21.115,65.71708333333333,,28.625,0.6,32,N1 - Boa
2017-08-06,,,,,,,19.014166666666664,40.974583333333335,,31.458333333333332,0.0,30,N1 - Boa
2017-08-07,,,,,,,20.705833333333334,38.169583333333335,,52.125,0.0,45,N2 - Moderada
2017-08-08,,,,,,,27.61375,65.39166666666667,,61.791666666666664,0.0,53,N2 - Moderada
2017-08-09,,,,,,,29.140833333333333,99.55708333333332,,55.291666666666664,0.0,77,N2 - Moderada
2017-08-10,,,,,,,22.71375,76.94041666666666,,31.791666666666668,0.0,57,N2 - Moderada
2017-08-11,,,,,,,21.68541666666667,58.713750000000005,,26.708333333333332,0.0,28,N1 - Boa
2017-08-12,,,,,,,21.955,42.5875,,43.125,0.0,38,N1 - Boa
2017-08-13,,,,,,,23.257916666666663,60.763749999999995,,44.208333333333336,0.0,39,N1 - Boa
2017-08-14,,,,,,,24.556250000000002,67.905,,55.666666666666664,0.0,48,N2 - Moderada
2017-08-15,,,,,,,22.153333333333336,63.382083333333334,,32.875,0.0,30,N1 - Boa
2017-08-16,,,,,,,21.143333333333334,35.5375,,38.416666666666664,1.4,34,N1 - Boa
2017-08-17,,,,,,,20.98125,38.67729166666667,,15.25,3.7,26,N1 - Boa
2017-08-18,,,,,,,20.780416666666667,53.05166666666667,,8.541666666666666,2.9,26,N1 - Boa
2017-08-19,,,,,,,22.6875,24.713333333333335,,35.0,0.0,31,N1 - Boa
2017-08-20,,,,,,,24.449166666666667,56.99208333333333,,28.166666666666668,6.0,30,N1 - Boa
2017-08-21,,,,,,,18.724999999999998,68.71583333333334,,9.458333333333334,4.3,29,N1 - Boa
2017-08-22,,,,,,,19.840833333333332,46.07,,20.125,0.30000000000000004,25,N1 - Boa
2017-08-23,,,,,,,21.792083333333334,42.19625,,29.75,0.0,27,N1 - Boa
2017-08-24,,,,,,,22.510416666666668,37.1475,,40.666666666666664,0.0,36,N1 - Boa
2017-08-25,,,,,,,20.771666666666665,42.594166666666666,,34.791666666666664,0.0,32,N1 - Boa
2017-08-26,,,,,,,21.374583333333334,40.079166666666666,,50.166666666666664,0.0,44,N2 - Moderada
2017-08-27,,,,,,,22.282083333333333,44.63708333333333,,42.75,0.0,38,N1 - Boa
2017-08-28,,,,,,,20.84875,61.92729166666666,,40.666666666666664,0.0,39,N1 - Boa
2017-08-29,,,,,,,23.876666666666665,68.86541666666666,,51.083333333333336,0.0,67,N2 - Moderada
2017-08-30,,,,,,,25.690526315789473,64.96083333333333,,64.58333333333333,0.0,69,N2 - Moderada
2017-08-31,,,,,,,21.4825,86.24583333333334,,41.958333333333336,0.0,67,N2 - Moderada
2017-09-01,,,,,,,21.080000000000002,79.50666666666667,,24.666666666666668,1.6,37,N1 - Boa
2017-09-02,,,,,,,25.095,62.390833333333326,,36.5,0.0,39,N1 - Boa
2017-09-03,,,,,,,25.912916666666664,65.98458333333333,,28.958333333333332,0.0,41,N2 - Moderada
2017-09-04,,,,,,,27.333333333333332,58.569583333333334,,52.5,0.0,45,N2 - Moderada
2017-09-05,,,,,,,28.46666666666667,75.42,,61.583333333333336,0.4,64,N2 - Moderada
2017-09-06,,,,,,,24.08875,73.3175,,53.375,0.0,76,N2 - Moderada
2017-09-07,,,,,,,23.343333333333334,65.51166666666667,,60.458333333333336,0.0,71,N2 - Moderada
2017-09-08,,,,,,,25.38416666666667,61.647083333333335,,54.875,0.0,57,N2 - Moderada
2017-09-09,,,,,,,28.19458333333333,58.319583333333334,,54.208333333333336,0.0,54,N2 - Moderada
2017-09-10,,,,,,,29.690833333333334,58.92875,,47.291666666666664,0.0,42,N2 - Moderada
2017-09-11,,,,,,,29.684166666666666,67.88791666666667,,50.375,0.0,60,N2 - Moderada
2017-09-12,,,,,,,30.564166666666665,88.12291666666665,,57.125,0.0,73,N2 - Moderada
2017-09-13,,,,,,,29.234583333333333,93.31791666666668,,35.416666666666664,0.0,65,N2 - Moderada
2017-09-14,,,,,,,29.29,45.5735294117647,,60.2,0.0,51,N2 - Moderada
2017-09-15,,,,,,,30.4675,96.78666666666668,,66.5,0.0,123,N4 - Muito Ruim
2017-09-16,,,,,,,28.241249999999997,91.61833333333334,,50.8,0.0,65,N2 - Moderada
2017-09-17,,,,,,,32.95583333333334,69.15916666666666,,57.0,0.0,60,N2 - Moderada
2017-09-18,,,,,,,27.455416666666665,100.68416666666667,,51.666666666666664,0.0,64,N2 - Moderada
2017-09-19,,,,,,,28.7775,70.64,,58.25,0.0,50,N2 - Moderada
2017-09-20,,,,,,,28.9725,60.5875,,64.0,0.0,54,N2 - Moderada
2017-09-21,,,,,,,26.486666666666668,57.635,,75.91666666666667,0.0,63,N2 - Moderada
2017-09-22,,,,,,,29.544583333333332,73.325,,77.125,0.0,76,N2 - Moderada
2017-09-23,,,,,,,31.7675,94.95708333333333,,63.416666666666664,0.0,94,N3 - Ruim
2017-09-24,,,,,,,26.86708333333333,91.06166666666667,,53.541666666666664,0.0,53,N2 - Moderada
2017-09-25,,,,,,,25.86,53.190555555555555,,65.45833333333333,0.0,55,N2 - Moderada
2017-09-26,,,,,,,25.747083333333332,40.99375,,57.25,0.0,49,N2 - Moderada
2017-09-27,,,,,,,28.03,58.69166666666666,,49.375,0.0,43,N2 - Moderada
2017-09-28,,,,,,,25.32375,68.87666666666667,,44.583333333333336,0.0,40,N1 - Boa
2017-09-29,,,,,,,25.179166666666664,60.83291666666667,,39.125,0.0,35,N1 - Boa
2017-09-30,,,,,,,25.090416666666666,46.53729166666667,,29.958333333333332,10.8,27,N1 - Boa
2017-10-01,,,,,,,31.170833333333334,79.35375,,22.5,0.5,60,N2 - Moderada
2017-10-02,,,,,,,28.08875,62.98333333333333,,39.0,11.1,38,N1 - Boa
2017-10-03,,,,,,,22.5825,65.63250000000001,,10.166666666666666,15.3,30,N1 - Boa
2017-10-04,,,,,,,22.02416666666667,45.12125,,19.875,0.0,25,N1 - Boa
2017-10-05,,,,,,,28.182083333333335,49.15,,39.291666666666664,0.0,38,N1 - Boa
2017-10-06,,,,,,,31.144583333333333,51.32750000000001,,42.666666666666664,0.0,38,N1 - Boa
2017-10-07,,,,,,,24.727083333333336,45.27125,,34.041666666666664,0.0,30,N1 - Boa
2017-10-08,,,,,,,26.847083333333334,49.81166666666667,,39.666666666666664,0.0,36,N1 - Boa
2017-10-09,,,,,,,27.572916666666668,54.19958333333333,,41.333333333333336,0.0,36,N1 - Boa
2017-10-10,,,,,,,28.08458333333333,70.91,,60.708333333333336,0.0,57,N2 - Moderada
2017-10-11,,,,,,,28.88416666666667,86.28041666666667,,55.458333333333336,0.0,90,N3 - Ruim
2017-10-12,,,,,,,26.27208333333333,74.68124999999999,,45.375,0.0,40,N1 - Boa
2017-10-13,,,,,,,26.012083333333333,78.41291666666667,,49.375,0.0,43,N2 - Moderada
2017-10-14,,,,,,,26.99291666666667,63.564166666666665,,37.166666666666664,0.0,33,N1 - Boa
2017-10-15,,,,,,,23.66875,53.10208333333333,,17.125,4.799999999999999,26,N1 - Boa
2017-10-16,,,,,,,22.54875,48.10333333333333,,21.291666666666668,0.0,24,N1 - Boa
2017-10-17,,,,,,,25.195833333333336,41.96041666666667,,28.458333333333332,0.0,25,N1 - Boa
2017-10-18,,,,,,,29.649375000000003,47.50833333333333,,35.708333333333336,0.0,34,N1 - Boa
2017-10-19,,,,,,,32.05458333333333,63.36833333333333,,65.25,0.0,55,N2 - Moderada
2017-10-20,,,,,,,23.991249999999997,79.26166666666667,,44.458333333333336,0.0,39,N1 - Boa
2017-10-21,,,,,,,24.77208333333333,66.57583333333334,,37.583333333333336,0.0,37,N1 - Boa
2017-10-22,,,,,,,26.78333333333333,76.5775,,35.3125,4.7,45,N2 - Moderada
2017-10-23,,,,,,,20.79375,51.845,,13.791666666666666,28.5,30,N1 - Boa
2017-10-24,,,,,,,21.524583333333336,42.969166666666666,,18.208333333333332,0.4,22,N1 - Boa
2017-10-25,,,,,,,25.45625,46.035,,30.458333333333332,0.0,31,N1 - Boa
2017-10-26,,,,,,73.94888888888889,25.055555555555557,57.39083333333334,,30.083333333333332,40.6,34,N1 - Boa
2017-10-27,,,,,,82.56750000000001,24.622083333333332,55.628750000000004,,35.791666666666664,7.2,32,N1 - Boa
2017-10-28,,,,,,62.59166666666667,27.955,88.24958333333332,,14.5,1.2,46,N2 - Moderada
2017-10-29,,,,,,80.41041666666666,24.547083333333333,77.18833333333333,,22.791666666666668,0.0,44,N2 - Moderada
2017-10-30,,,,,,79.26208333333334,25.22458333333333,63.61208333333334,,37.875,11.0,34,N1 - Boa
2017-10-31,,,,,,89.60416666666667,23.459999999999997,60.95083333333333,,21.083333333333332,0.4,28,N1 - Boa
2017-11-01,,,,,,75.35375,22.635416666666668,49.64125000000001,,34.791666666666664,0.0,31,N1 - Boa
2017-11-02,,,,,,67.35916666666667,22.25583333333333,33.877916666666664,,35.541666666666664,0.0,32,N1 - Boa
2017-11-03,,,,,,64.80375,25.286666666666665,35.956250000000004,,46.041666666666664,0.0,41,N2 - Moderada
2017-11-04,,,,,,50.33375,30.365416666666665,50.35541666666666,,35.333333333333336,0.0,31,N1 - Boa
2017-11-05,,,,,,83.14291666666666,24.45125,65.4225,,23.166666666666668,0.0,30,N1 - Boa
2017-11-06,,,,,,82.17625,22.853333333333335,51.39291666666667,,21.625,1.6,24,N1 - Boa
2017-11-07,,,,,,73.50083333333333,22.392916666666665,40.8175,,31.541666666666668,0.0,28,N1 - Boa
2017-11-08,,,,,,68.64625,23.24625,42.33041666666667,,37.041666666666664,0.0,33,N1 - Boa
2017-11-09,,,,,,69.33708333333333,24.845416666666665,44.06666666666666,,34.333333333333336,0.0,30,N1 - Boa
2017-11-10,,,,,,60.703333333333326,28.96166666666667,40.14416666666667,,42.583333333333336,0.0,38,N1 - Boa
2017-11-11,,,,,,90.48583333333333,22.85166666666667,59.314166666666665,,17.083333333333332,17.4,26,N1 - Boa
2017-11-12,,,,,,70.12333333333333,24.379583333333333,54.337500000000006,,26.125,0.0,35,N1 - Boa
2017-11-13,,,,,,74.05916666666667,23.024583333333336,55.437916666666666,,31.375,0.0,28,N1 - Boa
2017-11-14,,,,,,75.65625,22.732916666666668,42.09041666666667,,41.875,0.0,37,N1 - Boa
2017-11-15,,,,,,71.16291666666667,25.46875,50.17958333333333,,50.833333333333336,0.0,45,N2 - Moderada
2017-11-16,,,,,,51.85041666666667,30.783749999999998,68.16291666666667,,62.833333333333336,0.0,53,N2 - Moderada
2017-11-17,,,,,,61.02583333333334,28.305833333333336,71.56625,,38.083333333333336,1.2,34,N1 - Boa
2017-11-18,,,,,,72.98375,27.735416666666666,66.34333333333333,,29.416666666666668,17.0,33,N1 - Boa
2017-11-19,,,,,,88.35333333333334,25.106666666666666,64.15416666666667,,21.541666666666668,23.6,36,N1 - Boa
2017-11-20,,,,,,98.22882352941177,23.324166666666667,57.826249999999995,,5.958333333333333,109.6,27,N1 - Boa
2017-11-21,,,,,,90.25125000000001,24.69666666666667,44.89124999999999,,15.75,0.2,26,N1 - Boa
2017-11-22,,,,,,95.20875000000001,23.824583333333333,48.64875,,10.75,25.799999999999997,22,N1 - Boa
2017-11-23,,,,,,86.14541666666666,22.164583333333336,44.1525,,20.083333333333332,6.0,22,N1 - Boa
2017-11-24,,,,,,75.63666666666667,24.428749999999997,44.401250000000005,,30.666666666666668,0.0,30,N1 - Boa
2017-11-25,,,,,,76.47416666666668,27.127499999999998,55.55583333333333,,41.041666666666664,0.0,38,N1 - Boa
2017-11-26,,,,,,57.61333333333334,29.86791666666667,46.934583333333336,,26.083333333333332,0.0,23,N1 - Boa
2017-11-27,,,,,,78.65916666666666,26.829166666666666,49.45708333333334,,15.958333333333334,7.6,23,N1 - Boa
2017-11-28,,,,,,92.98583333333333,24.23375,53.5075,,13.666666666666666,9.6,23,N1 - Boa
2017-11-29,,,,,,77.13666666666667,24.098333333333333,37.17791666666667,,22.708333333333332,0.0,21,N1 - Boa
2017-11-30,,,,,,83.44937499999999,23.04875,34.424166666666665,,29.708333333333332,14.600000000000001,27,N1 - Boa
2017-12-01,,,,,,92.06708333333334,22.9475,27.9325,,21.916666666666668,0.0,20,N1 - Boa
2017-12-02,,,,,,91.91812499999999,23.621666666666666,38.86375,,17.708333333333332,2.6,21,N1 - Boa
2017-12-03,,,,,,86.77708333333334,24.53916666666667,41.85375,,12.375,0.0,24,N1 - Boa
2017-12-04,,,,,,86.02916666666665,25.616666666666664,40.375,,23.25,0.0,24,N1 - Boa
2017-12-05,,,,,,83.65791666666667,25.648333333333337,32.88291666666667,,21.041666666666668,0.4,19,N1 - Boa
2017-12-06,,,,,,75.355,24.8275,28.26375,,36.833333333333336,0.0,33,N1 - Boa
2017-12-07,,,,,,71.38666666666667,26.05125,35.058749999999996,,55.458333333333336,0.0,48,N2 - Moderada
2017-12-08,,,,,,91.2675,24.765,32.65125,,33.041666666666664,10.799999999999999,29,N1 - Boa
2017-12-09,,,,,,90.695,25.14708333333333,45.01208333333333,,25.458333333333332,0.4,22,N1 - Boa
2017-12-10,,,,,,87.43416666666667,24.89708333333333,31.140833333333333,,23.875,0.0,21,N1 - Boa
2017-12-11,,,,,,78.50958333333334,26.898750000000003,52.25083333333333,,39.041666666666664,0.0,36,N1 - Boa
2017-12-12,,,,,,89.17541666666666,22.978333333333335,37.66708333333333,,24.75,2.6,22,N1 - Boa
2017-12-13,,,,,,73.74791666666667,24.222916666666666,30.925,,101.91666666666667,0.0,82,N3 - Ruim
2017-12-14,,,,,,73.66958333333334,25.256249999999998,24.91166666666667,,121.64583333333333,0.0,98,N3 - Ruim
2017-12-15,,,,,,78.62166666666667,26.02625,48.352916666666665,,65.25,0.0,55,N2 - Moderada
2017-12-16,,,,,,88.01041666666667,24.952083333333334,62.576249999999995,,48.041666666666664,0.0,42,N2 - Moderada
2017-12-17,,,,,,67.44958333333334,30.218333333333334,43.83583333333333,,54.125,0.0,47,N2 - Moderada
2017-12-18,,,,,,70.41458333333334,28.99416666666667,59.642500000000005,,31.0,0.0,32,N1 - Boa
2017-12-19,,,,,,85.39291666666666,27.07875,50.91708333333333,,38.0,0.0,34,N1 - Boa
2017-12-20,,,,,,73.08416666666666,28.53916666666667,51.0525,,59.166666666666664,0.0,50,N2 - Moderada
2017-12-21,,,,,,89.28791666666666,25.89833333333333,43.71333333333333,,42.0,29.6,37,N1 - Boa
2017-12-22,,,,,,85.19083333333333,26.33,31.630416666666665,,26.2,0.8,23,N1 - Boa
2017-12-23,,,,,,69.81604166666666,29.36583333333333,48.105,,28.958333333333332,40.6,33,N1 - Boa
2017-12-24,,,,,,67.80416666666666,30.3875,61.24625,,21.458333333333332,0.0,39,N1 - Boa
2017-12-25,,,,,,82.76604166666667,28.219166666666666,59.42083333333333,,24.708333333333332,15.4,33,N1 - Boa
2017-12-26,,,,,,86.30125,26.843333333333334,53.1925,,14.958333333333334,0.4,28,N1 - Boa
2017-12-27,,,,,,87.28791666666666,27.150000000000002,36.49875,,24.291666666666668,0.0,21,N1 - Boa
2017-12-28,,,,,,94.11604166666666,26.121666666666666,33.10125,,14.041666666666666,15.000000000000002,16,N1 - Boa
2017-12-29,,,,,,91.41789473684211,26.114166666666666,28.220416666666665,,21.875,5.0,20,N1 - Boa
2017-12-30,,,,,,82.23041666666667,26.549166666666665,46.26125,,13.166666666666666,29.4,24,N1 - Boa
2017-12-31,,,,,,74.05499999999999,28.24791666666667,47.129999999999995,,16.125,0.8,23,N1 - Boa
2018-01-01,,,,,,74.49291666666666,28.535833333333333,52.99666666666667,,31.875,0.0,31,N1 - Boa
2018-01-02,,,,,,68.93583333333333,30.546666666666667,53.12833333333333,,22.041666666666668,2.6,33,N1 - Boa
2018-01-03,,,,,,74.57444444444444,28.29375,44.95583333333334,,14.166666666666666,93.6,27,N1 - Boa
2018-01-04,,,,,,85.38652173913044,25.98625,43.27291666666667,,14.5,4.0,19,N1 - Boa
2018-01-05,,,,,,88.61041666666667,25.05333333333333,42.89166666666667,,16.208333333333332,37.4,27,N1 - Boa
2018-01-06,,,,,,80.73416666666667,27.409583333333334,52.54,,15.041666666666666,0.0,28,N1 - Boa
2018-01-07,,,,,,91.00333333333333,24.22875,57.305416666666666,,13.6875,172.6,26,N1 - Boa
2018-01-08,,,,,,90.284,24.186666666666667,47.15041666666667,,6.2727272727272725,32.400000000000006,27,N1 - Boa
2018-01-09,,,,,,80.08764705882353,26.885,37.31875,,19.0,0.0,24,N1 - Boa
2018-01-10,,,,,,81.62583333333333,27.62875,33.012499999999996,,18.833333333333332,2.4000000000000004,21,N1 - Boa
2018-01-11,,,,,,75.4475,28.043333333333333,37.4125,,27.208333333333332,0.0,28,N1 - Boa
2018-01-12,,,,,,81.05624999999999,27.11375,45.086666666666666,,28.708333333333332,0.8,26,N1 - Boa
2018-01-13,,,,,,75.56666666666666,27.483333333333334,52.76708333333334,,22.125,2.8,31,N1 - Boa
2018-01-14,,,,,,64.87166666666667,28.9425,48.897083333333335,,12.25,0.0,26,N1 - Boa
2018-01-15,,,,,,59.348749999999995,29.948333333333334,55.64958333333333,,19.541666666666668,0.0,33,N1 - Boa
2018-01-16,,,,,,59.39416666666667,29.804999999999996,63.413333333333334,,21.708333333333332,0.0,36,N1 - Boa
2018-01-17,,,,,,69.83541666666666,29.745,55.58083333333334,,43.875,0.0,39,N1 - Boa
2018-01-18,,,,,,59.657916666666665,32.08375,62.109583333333326,,42.041666666666664,0.0,37,N1 - Boa
2018-01-19,,,,,,76.91833333333334,30.38791666666667,85.83895833333334,,32.541666666666664,0.0,41,N2 - Moderada
2018-01-20,,,,,,85.30833333333334,27.431250000000002,64.605,,15.416666666666666,6.199999999999999,30,N1 - Boa
2018-01-21,,,,,,82.46249999999999,28.05875,49.72291666666666,,27.208333333333332,0.0,32,N1 - Boa
2018-01-22,,,,,,75.33749999999999,29.22083333333333,40.828,,33.541666666666664,9.4,30,N1 - Boa
2018-01-23,,,,,,63.751666666666665,30.667916666666667,,,33.375,0.0,29,N1 - Boa
2018-01-24,,,,,,63.245,31.379166666666666,,,34.166666666666664,0.0,30,N1 - Boa
2018-01-25,,,,,,80.835,29.180833333333336,,,30.833333333333332,0.0,28,N1 - Boa
2018-01-26,,,,,,85.27541666666666,27.631249999999998,,,20.333333333333332,3.0,18,N1 - Boa
2018-01-27,,,,,,89.4525,25.3325,,,21.375,40.0,19,N1 - Boa
2018-01-28,,,,,,80.55458333333333,27.16416666666667,,,24.708333333333332,0.0,22,N1 - Boa
2018-01-29,,,,,,82.47291666666666,27.68875,,,27.125,0.0,24,N1 - Boa
2018-01-30,,,,,,95.60916666666667,23.84958333333333,,,11.5,21.4,11,N1 - Boa
2018-01-31,,,,,,82.08541666666666,25.594166666666666,,,12.916666666666666,0.0,12,N1 - Boa
2018-02-01,,,,,,83.01333333333334,26.014583333333334,,,10.583333333333334,0.0,10,N1 - Boa
2018-02-02,,,,,,83.07000000000001,26.1925,30.977777777777778,,18.333333333333332,0.0,16,N1 - Boa
2018-02-03,,,,,,80.96916666666667,26.35625,25.38208333333333,,18.083333333333332,0.0,16,N1 - Boa
2018-02-04,,,,,,76.29291666666667,25.67125,27.11375,,19.458333333333332,0.0,17,N1 - Boa
2018-02-05,,,,,,88.47291666666666,23.329166666666666,21.671666666666667,,21.958333333333332,0.2,20,N1 - Boa
2018-02-06,,,,,,86.02208333333334,24.797083333333333,29.036666666666665,,17.416666666666668,0.0,20,N1 - Boa
2018-02-07,,,,,,86.825,26.133333333333336,27.585416666666664,,11.833333333333334,0.0,16,N1 - Boa
2018-02-08,,,,,,81.75166666666667,26.853333333333335,30.9325,,32.708333333333336,0.0,29,N1 - Boa
2018-02-09,,,,,,75.42458333333333,28.865416666666665,48.836666666666666,,41.166666666666664,0.0,36,N1 - Boa
2018-02-10,,,,,,69.27416666666666,30.950833333333335,44.349583333333335,,40.791666666666664,0.0,36,N1 - Boa
2018-02-11,,,,,,66.22708333333334,30.943749999999998,60.34833333333333,,31.0,0.0,35,N1 - Boa
2018-02-12,,,,,,67.39958333333333,31.124166666666667,59.987500000000004,,33.0,0.0,36,N1 - Boa
2018-02-13,,,,,,84.773,27.38291666666667,44.44583333333333,,21.333333333333332,8.8,30,N1 - Boa
2018-02-14,,,,,,88.55461538461539,25.107083333333335,47.60136363636364,,7.857142857142857,37.8,23,N1 - Boa
2018-02-15,,,,,,91.1,22.65,,,,0.4,,
2018-02-16,,,,,,87.04380952380953,26.635238095238098,,,16.825,0.0,15,N1 - Boa
2018-02-17,,,,,,86.21166666666666,26.56833333333333,29.24388888888889,,24.704166666666666,0.0,22,N1 - Boa
2018-02-18,,,,,,82.3925,26.965833333333332,29.310000000000002,,24.541666666666668,0.0,22,N1 - Boa
2018-02-19,,,,,,79.78416666666666,27.485,39.52833333333333,,30.25,0.2,27,N1 - Boa
2018-02-20,,,,,,68.68791666666667,30.324583333333333,38.44041666666667,,31.041666666666668,0.0,28,N1 - Boa
2018-02-21,,,,,,69.291,29.658749999999998,43.23416666666666,,20.583333333333332,58.4,23,N1 - Boa
2018-02-22,,,,,,86.01523809523809,27.3125,39.35791666666667,,11.125,1.5999999999999999,20,N1 - Boa
2018-02-23,,,,,,89.856875,25.7975,34.72625,,12.708333333333334,6.4,18,N1 - Boa
2018-02-24,,,,,,86.72333333333334,25.424166666666665,34.67541666666667,,16.125,0.0,18,N1 - Boa
2018-02-25,,,,,,81.45083333333334,26.122083333333332,25.3175,,21.5,0.0,20,N1 - Boa
2018-02-26,,,,,,86.24916666666667,26.6375,20.715416666666666,,29.854166666666668,2.6,27,N1 - Boa
2018-02-27,,,,,,85.29125,26.782083333333333,30.098333333333333,,21.208333333333332,0.0,20,N1 - Boa
2018-02-28,,,,,,83.67083333333333,27.4475,37.0675,,25.875,0.0,27,N1 - Boa
2018-03-01,,,,,,82.9525,27.76125,29.008750000000003,,35.75,0.0,32,N1 - Boa
2018-03-02,,,,,,83.60875,28.465416666666666,35.92333333333333,,49.416666666666664,0.0,43,N2 - Moderada
2018-03-03,,,,,,83.63416666666667,28.61375,39.19166666666667,,35.958333333333336,2.6,32,N1 - Boa
2018-03-04,,,,,,86.56916666666666,28.033749999999998,29.514583333333334,,25.75,0.0,23,N1 - Boa
2018-03-05,,,,,,83.30166666666666,28.51875,30.59166666666667,,32.083333333333336,0.0,28,N1 - Boa
2018-03-06,,,,,,82.58875,28.370416666666667,25.892916666666665,,36.208333333333336,0.0,32,N1 - Boa
2018-03-07,,,,,,82.47291666666666,28.004583333333333,27.544583333333332,,35.625,4.6000000000000005,32,N1 - Boa
2018-03-08,,,,,,97.16675000000001,24.596249999999998,38.81041666666667,,8.75,6.8,18,N1 - Boa
2018-03-09,,,,,,89.24272727272727,24.859166666666667,26.218333333333334,,17.125,3.2,17,N1 - Boa
2018-03-10,,,,,,84.04458333333334,26.507499999999997,23.52916666666667,,24.666666666666668,4.8,22,N1 - Boa
2018-03-11,,,,,,87.29333333333334,26.847916666666666,19.845000000000002,,20.708333333333332,0.2,19,N1 - Boa
2018-03-12,,,,,,73.15666666666667,28.99208333333333,27.054583333333337,,36.625,0.0,33,N1 - Boa
2018-03-13,,,,,,86.75125000000001,27.502916666666668,19.488333333333333,,35.791666666666664,0.2,32,N1 - Boa
2018-03-14,,,,,,79.44416666666666,29.279583333333335,27.16541666666667,,42.208333333333336,0.0,37,N1 - Boa
2018-03-15,,,,,,72.34,30.86125,35.45041666666666,,38.895833333333336,0.0,35,N1 - Boa
2018-03-16,,,,,,77.32666666666667,29.905416666666667,43.02541666666667,,28.958333333333332,0.6,26,N1 - Boa
2018-03-17,,,,,,78.0175,27.77,42.92333333333334,,37.541666666666664,0.0,34,N1 - Boa
2018-03-18,,,,,,82.12291666666667,27.419583333333335,23.184166666666666,,46.5,0.0,41,N2 - Moderada
2018-03-19,,,,,,74.185,29.887083333333333,27.704736842105262,,50.166666666666664,0.0,44,N2 - Moderada
2018-03-20,,,,,,81.2275,29.3625,36.079166666666666,,46.333333333333336,0.0,41,N2 - Moderada
2018-03-21,,,,,,86.63458333333334,27.079583333333332,47.365833333333335,,16.125,0.0,23,N1 - Boa
2018-03-22,,,,,,93.60208333333333,25.28125,30.189166666666665,,9.375,0.0,17,N1 - Boa
2018-03-23,,,,,,84.30499999999999,27.7375,35.240833333333335,,30.541666666666668,0.0,29,N1 - Boa
2018-03-24,,,,,,74.2375,28.82166666666667,29.15125,,39.541666666666664,0.0,36,N1 - Boa
2018-03-25,,,,,,63.84791666666666,29.677083333333332,27.799583333333334,,35.0,0.0,31,N1 - Boa
2018-03-26,,,,,,64.3775,29.95375,43.715,,34.125,0.0,30,N1 - Boa
2018-03-27,,,,,,77.03083333333333,28.170416666666668,38.99458333333333,,48.375,0.0,42,N2 - Moderada
2018-03-28,,,,,,78.36958333333334,27.650000000000002,37.00541666666667,,45.583333333333336,0.0,41,N2 - Moderada
2018-03-29,,,,,,77.89166666666667,27.16541666666667,29.936666666666667,,34.714285714285715,0.0,31,N1 - Boa
2018-03-30,,,,,,75.75791666666667,26.79375,30.761666666666667,,32.208333333333336,0.0,28,N1 - Boa
2018-03-31,,,,,,70.81916666666667,28.021666666666665,33.879583333333336,,38.38095238095238,0.0,34,N1 - Boa
2018-04-01,,,,,,67.22458333333333,29.1975,38.795833333333334,,50.8,0.0,45,N2 - Moderada
2018-04-02,,,,,,68.05791666666667,29.423333333333332,45.74541666666667,,32.166666666666664,0.0,28,N1 - Boa
2018-04-03,,,,,,83.875,27.22791666666667,42.12291666666667,,16.166666666666668,0.0,22,N1 - Boa
2018-04-04,,,,,,86.83333333333333,26.087083333333336,28.784166666666668,,11.541666666666666,0.0,17,N1 - Boa
2018-04-05,,,,,,87.30520833333333,26.314999999999998,30.565,,13.708333333333334,0.0,19,N1 - Boa
2018-04-06,,,,,,84.98125,26.655833333333334,27.389583333333334,,16.833333333333332,0.0,15,N1 - Boa
2018-04-07,,,,,,84.50375,26.409583333333334,26.84875,,25.791666666666668,0.0,23,N1 - Boa
2018-04-08,,,,,,81.54583333333333,26.49875,29.644166666666667,,24.541666666666668,0.0,22,N1 - Boa
2018-04-09,,,,,,79.33583333333333,26.1875,33.44166666666667,,23.041666666666668,0.0,21,N1 - Boa
2018-04-10,,,,,,77.68583333333333,25.809583333333332,31.615416666666665,,25.583333333333332,0.0,23,N1 - Boa
2018-04-11,,,,,,78.81666666666668,25.466250000000002,27.68375,,32.791666666666664,0.0,29,N1 - Boa
2018-04-12,,,,,,78.33583333333333,26.35083333333333,29.167916666666667,,49.916666666666664,0.0,44,N2 - Moderada
2018-04-13,,,,,,74.06458333333333,28.1925,23.70888888888889,,43.458333333333336,0.0,38,N1 - Boa
2018-04-14,,,,,,91.70416666666667,26.649583333333336,46.62291666666667,,27.541666666666668,0.0,26,N1 - Boa
2018-04-15,,,,,,94.255,23.82375,27.007916666666663,,15.041666666666666,25.8,14,N1 - Boa
2018-04-16,,,,,,88.79416666666667,23.346666666666668,22.865416666666665,,15.75,1.9999999999999998,14,N1 - Boa
2018-04-17,,,,,,76.31166666666667,23.775833333333335,21.417083333333334,,21.041666666666668,0.0,19,N1 - Boa
2018-04-18,,,,,,80.815,22.99291666666667,18.837083333333332,,29.833333333333332,0.0,27,N1 - Boa
2018-04-19,,,,,,75.06833333333333,24.137500000000003,26.76,,37.416666666666664,0.0,33,N1 - Boa
2018-04-20,,,,,,81.70416666666667,24.0475,29.16,,39.208333333333336,0.0,35,N1 - Boa
2018-04-21,,,,,,88.29625,23.910833333333333,36.9125,,31.541666666666668,1.0,28,N1 - Boa
2018-04-22,,,,,,82.48625,23.954166666666666,22.278333333333332,,33.708333333333336,0.0,30,N1 - Boa
2018-04-23,,,,,,78.81416666666667,24.2625,22.187083333333334,,32.25,0.0,28,N1 - Boa
2018-04-24,,,,,,79.00541666666668,25.648333333333337,24.17125,,38.958333333333336,0.0,35,N1 - Boa
2018-04-25,,,,,,81.99833333333333,25.397916666666664,24.717916666666667,,39.125,0.0,35,N1 - Boa
2018-04-26,,,,,,86.175,24.937916666666666,27.825416666666666,,62.541666666666664,0.0,53,N2 - Moderada
2018-04-27,,,,,,85.97916666666667,25.368750000000002,22.144583333333333,,52.416666666666664,0.0,45,N2 - Moderada
2018-04-28,,,,,,82.92666666666666,25.506666666666664,20.329166666666666,,44.541666666666664,0.0,40,N1 - Boa
2018-04-29,,,,,,80.42833333333333,24.5475,21.491874999999997,,38.25,0.0,34,N1 - Boa
2018-04-30,,,,,,73.49791666666667,25.211250000000003,25.967916666666667,,60.875,0.0,52,N2 - Moderada
2018-05-01,,,,,,80.73375,25.34875,37.73416666666667,,34.25,0.0,30,N1 - Boa
2018-05-02,,,,,,89.64375,24.83375,29.385,,38.708333333333336,0.0,35,N1 - Boa
2018-05-03,,,,,,83.85000000000001,25.3025,20.222083333333334,,54.916666666666664,0.0,48,N2 - Moderada
2018-05-04,,,,,,76.62666666666667,26.2225,28.380416666666665,,44.166666666666664,0.0,39,N1 - Boa
2018-05-05,,,,,,76.99416666666666,26.335416666666664,39.69083333333334,,44.0,0.0,39,N1 - Boa
2018-05-06,,,,,,90.35916666666667,24.623333333333335,46.35166666666667,,35.666666666666664,0.0,32,N1 - Boa
2018-05-07,,,,,,87.28208333333333,24.972916666666666,40.405833333333334,,21.916666666666668,0.0,23,N1 - Boa
2018-05-08,,,,,,87.19,23.43541666666667,26.520625,,16.125,3.8000000000000003,16,N1 - Boa
2018-05-09,,,,,,81.88041666666666,23.373333333333335,35.23166666666666,,22.208333333333332,0.6000000000000001,23,N1 - Boa
2018-05-10,,,,,,77.03708333333333,23.689166666666665,37.86083333333333,,30.333333333333332,0.0,28,N1 - Boa
2018-05-11,,,,,,68.85291666666667,25.65375,41.222500000000004,,43.625,0.0,39,N1 - Boa
2018-05-12,,,,,,71.5525,26.705416666666665,60.8775,,33.25,0.0,34,N1 - Boa
2018-05-13,,,,,,86.12583333333333,24.321250000000003,58.67666666666667,,20.083333333333332,0.0,25,N1 - Boa
2018-05-14,,,,,,87.24708333333332,23.727500000000003,43.100833333333334,,30.166666666666668,0.0,27,N1 - Boa
2018-05-15,,,,,,70.2475,26.006666666666664,40.795833333333334,,33.083333333333336,0.0,29,N1 - Boa
2018-05-16,,,,,,75.76625,26.413750000000004,51.85631578947368,,29.625,0.0,27,N1 - Boa
2018-05-17,,,,,,91.92916666666667,23.37125,34.22625,,14.916666666666666,5.2,21,N1 - Boa
2018-05-18,,,,,,79.98541666666667,25.25125,25.28916666666667,,37.833333333333336,0.0,34,N1 - Boa
2018-05-19,,,,,,77.82625,25.079166666666666,26.71083333333333,,23.041666666666668,31.6,20,N1 - Boa
2018-05-20,,,,,,78.40958333333333,21.452083333333334,34.06375,,22.541666666666668,12.0,21,N1 - Boa
2018-05-21,,,,,,75.9425,19.722083333333334,29.19875,,31.208333333333332,0.0,28,N1 - Boa
2018-05-22,,,,,,77.405,20.134583333333335,32.91875,,42.958333333333336,0.0,38,N1 - Boa
2018-05-23,,,,,,88.97916666666667,20.91541666666667,36.99708333333333,,42.833333333333336,0.0,38,N1 - Boa
2018-05-24,,,,,,87.5,21.632499999999997,32.91833333333333,,42.041666666666664,0.0,37,N1 - Boa
2018-05-25,,,,,,86.79916666666666,21.535416666666666,32.3625,,30.666666666666668,0.0,28,N1 - Boa
2018-05-26,,,,,,81.41708333333334,22.480416666666667,33.83625,,29.0,0.0,26,N1 - Boa
2018-05-27,,,,,,81.34708333333333,22.040000000000003,27.988333333333333,,29.958333333333332,0.0,27,N1 - Boa
2018-05-28,,,,,,85.43916666666667,21.560833333333335,26.070833333333336,,35.291666666666664,0.0,31,N1 - Boa
2018-05-29,,,,,,80.01416666666667,22.885416666666668,28.191666666666666,,27.041666666666668,0.0,24,N1 - Boa
2018-05-30,,,,,,83.78416666666666,21.377499999999998,25.555000000000003,,32.541666666666664,0.0,29,N1 - Boa
2018-05-31,,,,,,84.04375,22.535,24.817083333333333,,59.875,0.0,51,N2 - Moderada
2018-06-01,,,,,,62.393750000000004,24.9475,25.898749999999996,,64.08333333333333,0.0,54,N2 - Moderada
2018-06-02,,,,,,59.064166666666665,26.1925,30.485,,83.125,0.0,68,N2 - Moderada
2018-06-03,,,,,,91.43769230769232,23.73153846153846,43.49076923076923,,24.153846153846153,0.0,21,N1 - Boa
2018-06-04,,,,,,93.6676923076923,20.103846153846156,34.17153846153846,,6.461538461538462,0.8,15,N1 - Boa
2018-06-05,,,,,,91.84833333333334,20.59625,15.387916666666667,,26.666666666666668,0.8,24,N1 - Boa
2018-06-06,,,,,,83.28958333333334,23.10625,30.666666666666668,,18.5,0.0,16,N1 - Boa
2018-06-07,,,,,,91.49363636363637,22.388333333333335,19.595,,26.125,11.8,23,N1 - Boa
2018-06-08,,,,,,88.08166666666666,21.563333333333333,33.30625,,17.25,0.0,17,N1 - Boa
2018-06-09,,,,,,81.69125,21.404583333333335,22.058333333333334,,35.208333333333336,0.0,31,N1 - Boa
2018-06-10,,,,,,76.98958333333333,24.581666666666667,27.314166666666665,,27.541666666666668,0.0,25,N1 - Boa
2018-06-11,,,,,,70.99499999999999,26.118750000000002,27.877499999999998,,35.0,0.0,31,N1 - Boa
2018-06-12,,,,,,65.85000000000001,27.543333333333333,37.260416666666664,,52.875,0.0,46,N2 - Moderada
2018-06-13,,,,,,79.15916666666666,26.351666666666663,47.999583333333334,,41.333333333333336,0.0,36,N1 - Boa
2018-06-14,,,,,,98.53666666666668,20.885,31.302916666666665,,10.583333333333334,10.0,19,N1 - Boa
2018-06-15,,,,,,96.36,19.746666666666666,21.504166666666666,,8.0,9.8,12,N1 - Boa
2018-06-16,,,,,,97.57666666666667,20.529166666666665,24.6225,,8.0,1.0,14,N1 - Boa
2018-06-17,,,,,,92.59444444444445,21.142500000000002,22.465833333333332,,12.208333333333334,0.0,14,N1 - Boa
2018-06-18,,,,,,90.25625,21.452916666666667,27.218333333333334,,10.791666666666666,0.2,13,N1 - Boa
2018-06-19,,,,,,85.09666666666666,20.874166666666667,13.996250000000002,,28.75,0.2,26,N1 - Boa
2018-06-20,,,,,,73.07416666666667,21.588333333333335,14.922916666666667,,40.208333333333336,0.0,36,N1 - Boa
2018-06-21,,,,,,75.09823529411766,23.242500000000003,19.812083333333334,,45.75,0.0,41,N2 - Moderada
2018-06-22,,,,,,75.89272727272727,24.122083333333332,25.854583333333334,,46.958333333333336,0.0,42,N2 - Moderada
2018-06-23,,,,,,74.981875,24.4675,42.16833333333333,,76.125,0.0,63,N2 - Moderada
2018-06-24,,,,,,63.182272727272725,27.150833333333335,40.39541666666667,,60.416666666666664,0.0,51,N2 - Moderada
2018-06-25,,,,,,86.412,23.174166666666665,28.256666666666664,,62.666666666666664,0.0,53,N2 - Moderada
2018-06-26,,,,,,61.95708333333334,26.588333333333335,35.85875,,54.166666666666664,0.0,47,N2 - Moderada
2018-06-27,,,,,,91.95964285714285,22.043333333333333,26.936666666666667,,49.083333333333336,0.0,43,N2 - Moderada
2018-06-28,,,,,,73.738125,23.51291666666667,21.7,,83.41666666666667,0.0,68,N2 - Moderada
2018-06-29,,,,,,73.52333333333333,23.625,17.76875,,64.95833333333333,0.0,55,N2 - Moderada
2018-06-30,,,,,,75.84333333333333,24.675,25.386666666666667,,59.125,0.0,50,N2 - Moderada
2018-07-01,,,,,,92.07708333333333,22.91333333333333,42.32791666666667,,51.375,0.0,45,N2 - Moderada
2018-07-02,,,,,,69.11375,24.906666666666666,25.15125,,72.41666666666667,0.0,60,N2 - Moderada
2018-07-03,,,,,,73.63421052631578,24.887916666666666,40.50208333333333,,46.166666666666664,2.8,41,N2 - Moderada
2018-07-04,,,,,,90.82142857142857,22.409166666666668,21.80875,,17.941176470588236,2.0,17,N1 - Boa
2018-07-05,,,,,,76.21,23.768333333333334,31.514166666666668,,43.625,0.0,39,N1 - Boa
2018-07-06,,,,,,88.11166666666666,22.84958333333333,33.003750000000004,,53.0,0.0,46,N2 - Moderada
2018-07-07,,,,,,85.777625,23.565833333333334,33.785000000000004,,74.42857142857143,0.0,61,N2 - Moderada
2018-07-08,,,,,,57.09283333333334,25.389166666666668,31.165000000000003,,72.16666666666667,0.0,60,N2 - Moderada
2018-07-09,,,,,,79.37166666666667,23.974999999999998,40.81166666666667,,38.714285714285715,0.0,35,N1 - Boa
2018-07-10,,,,,,89.67291666666667,20.019166666666667,35.709583333333335,,13.041666666666666,6.800000000000001,17,N1 - Boa
2018-07-11,,,,,,70.19041666666666,20.089166666666667,39.40416666666667,,15.416666666666666,0.0,18,N1 - Boa
2018-07-12,,,,,,75.20583333333333,19.93625,28.3475,,41.458333333333336,0.0,36,N1 - Boa
2018-07-13,,,,,,83.81791666666668,20.010833333333334,17.655,,58.25,0.0,50,N2 - Moderada
2018-07-14,,,,,,81.65066666666667,21.227083333333333,24.227500000000003,,58.458333333333336,0.0,50,N2 - Moderada
2018-07-15,,,,,,67.01333333333334,24.279583333333335,23.417083333333334,,69.16666666666667,0.0,58,N2 - Moderada
2018-07-16,,,,,,57.68208333333333,25.934166666666666,34.057916666666664,,72.45833333333333,0.0,60,N2 - Moderada
2018-07-17,,,,,,87.87458333333335,21.40041666666667,26.55470588235294,,59.458333333333336,0.2,50,N2 - Moderada
2018-07-18,,,,,,79.01545454545455,24.13083333333333,41.725,,62.583333333333336,0.0,53,N2 - Moderada
2018-07-19,,,,,,66.73380952380953,24.973333333333333,39.237500000000004,,62.083333333333336,0.0,53,N2 - Moderada
2018-07-20,,,,,,69.33541666666666,24.74291666666667,32.49458333333333,,82.45833333333333,0.0,67,N2 - Moderada
2018-07-21,,,,,,69.54541666666667,25.412499999999998,52.715,,54.583333333333336,0.0,48,N2 - Moderada
2018-07-22,,,,,,93.57895833333333,23.234583333333333,48.97666666666667,,40.291666666666664,0.0,36,N1 - Boa
2018-07-23,,,,,,84.12921052631579,23.214166666666667,28.903333333333336,,57.833333333333336,0.0,50,N2 - Moderada
2018-07-24,,,,,,89.81823529411766,21.96083333333333,35.04416666666666,,42.375,0.0,37,N1 - Boa
2018-07-25,,,,,,92.00458333333334,22.782083333333333,44.35541666666666,,26.833333333333332,3.2,24,N1 - Boa
2018-07-26,,,,,,79.97333333333333,22.51875,28.344166666666666,,44.375,0.0,39,N1 - Boa
2018-07-27,,,,,,73.9770588235294,23.040000000000003,29.719166666666666,,64.08333333333333,0.0,54,N2 - Moderada
2018-07-28,,,,,,74.16708333333334,24.412499999999998,35.01375,,60.416666666666664,0.0,51,N2 - Moderada
2018-07-29,,,,,,54.22291666666666,26.792083333333334,45.715,,65.41666666666667,0.0,55,N2 - Moderada
2018-07-30,,,,,,77.56916666666667,23.8425,61.78916666666667,,36.333333333333336,0.0,32,N1 - Boa
2018-07-31,,,,,,92.81222222222222,21.457083333333333,47.138125,,23.208333333333332,4.6,25,N1 - Boa
2018-08-01,,,,,,91.57764705882353,20.519166666666667,50.168749999999996,,8.666666666666666,17.0,21,N1 - Boa
2018-08-02,,,,,,94.528,19.690833333333334,33.49708333333333,,9.875,4.0,19,N1 - Boa
2018-08-03,,,,,,88.22375,20.288333333333334,16.557916666666667,,16.75,5.199999999999999,15,N1 - Boa
2018-08-04,,,,,,90.07631578947368,21.57875,43.040416666666665,,16.916666666666668,1.8,26,N1 - Boa
2018-08-05,,,,,,80.71,22.286666666666665,45.83916666666667,,26.25,0.0,28,N1 - Boa
2018-08-06,,,,,,93.288,19.505,45.831250000000004,,18.041666666666668,15.6,22,N1 - Boa
2018-08-07,,,,,,94.51857142857143,19.144166666666667,36.44166666666667,,12.75,2.6,22,N1 - Boa
2018-08-08,,,,,,82.79615384615384,21.588333333333335,17.654583333333335,,31.625,0.0,28,N1 - Boa
2018-08-09,,,,,,71.75380952380952,25.055000000000003,35.117916666666666,,42.208333333333336,0.0,37,N1 - Boa
2018-08-10,,,,,,81.58375,21.050416666666667,61.86416666666667,,31.958333333333332,0.0,28,N1 - Boa
2018-08-11,,,,,,75.99416666666666,20.26,61.995416666666664,,23.791666666666668,0.0,33,N1 - Boa
2018-08-12,,,,,,79.27208333333333,20.332083333333333,60.7425,,20.916666666666668,0.0,30,N1 - Boa
2018-08-13,,,,,,87.34541666666667,20.445833333333333,56.61708333333333,,22.416666666666668,0.0,28,N1 - Boa
2018-08-14,,,,,,83.40770833333333,21.002916666666668,43.10791666666666,,31.0,0.0,30,N1 - Boa
2018-08-15,,,,,,87.14,20.433333333333334,39.22315789473684,,32.791666666666664,0.0,30,N1 - Boa
2018-08-16,,,,,,88.855,21.220833333333335,67.70208333333333,,22.5,0.0,30,N1 - Boa
2018-08-17,,,,,,91.87565217391304,21.099999999999998,55.509166666666665,,23.083333333333332,2.4000000000000004,31,N1 - Boa
2018-08-18,,,,,,80.223125,20.964166666666667,49.69833333333333,,13.458333333333334,0.0,28,N1 - Boa
2018-08-19,,,,,,78.54875,22.35625,43.81583333333333,,30.083333333333332,0.0,35,N1 - Boa
2018-08-20,,,,,,75.57333333333334,23.99875,45.504999999999995,,47.541666666666664,0.0,42,N2 - Moderada
2018-08-21,,,,,,85.71249999999999,22.830416666666665,62.2275,,44.958333333333336,0.0,40,N1 - Boa
2018-08-22,,,,,,88.87083333333334,22.675833333333333,79.21583333333334,,43.5,0.0,44,N2 - Moderada
2018-08-23,,,,,,74.06791666666668,25.525000000000002,64.60000000000001,,56.875,0.0,49,N2 - Moderada
2018-08-24,,,,,,66.46791666666667,26.99416666666667,47.13166666666667,,85.25,0.0,69,N2 - Moderada
2018-08-25,,,,,,72.99041666666666,24.99791666666667,67.72833333333334,,37.791666666666664,0.2,34,N1 - Boa
2018-08-26,,,,,,92.91333333333334,19.863333333333333,69.47583333333334,,12.833333333333334,6.200000000000001,30,N1 - Boa
2018-08-27,,,,,,97.34833333333334,19.029166666666665,60.33291666666667,,5.916666666666667,4.6,27,N1 - Boa
2018-08-28,,,,,,82.43166666666667,21.37375,39.831250000000004,,25.416666666666668,0.0,28,N1 - Boa
2018-08-29,,,,,,79.92541666666666,22.226250000000004,41.82875,,31.916666666666668,0.0,33,N1 - Boa
2018-08-30,,,,,,67.61833333333333,25.171666666666667,45.28,,55.041666666666664,0.0,48,N2 - Moderada
2018-08-31,,,,,,53.997083333333336,27.74083333333333,55.345,,55.916666666666664,0.0,48,N2 - Moderada
2018-09-01,,,,,,75.58583333333333,24.461250000000003,75.05791666666667,,39.75,0.0,37,N1 - Boa
2018-09-02,,,,,,78.11125,25.389166666666668,90.57666666666667,,50.75,0.0,54,N2 - Moderada
2018-09-03,,,,,,88.74166666666667,23.27625,95.085,,37.208333333333336,15.000000000000002,49,N2 - Moderada
2018-09-04,,,,,,78.95,22.140416666666667,69.01708333333333,,13.958333333333334,1.7999999999999998,34,N1 - Boa
2018-09-05,,,,,,78.01291666666667,20.822916666666668,71.49374999999999,,16.333333333333332,0.8,30,N1 - Boa
2018-09-06,,,,,,77.66625,21.260833333333334,63.72,,18.125,0.0,28,N1 - Boa
2018-09-07,,,,,,71.65708333333333,21.795833333333334,50.80375,,30.125,0.0,35,N1 - Boa
2018-09-08,,,,,,76.12375,21.164583333333333,49.84,,36.875,0.0,37,N1 - Boa
2018-09-09,,,,,,76.70833333333333,21.529583333333335,52.26583333333334,,31.0,0.0,34,N1 - Boa
2018-09-10,,,,,,71.81666666666666,22.83875,57.09458333333333,,20.958333333333332,0.0,28,N1 - Boa
2018-09-11,,,,,,73.38291666666667,22.56041666666667,53.036249999999995,,23.666666666666668,0.0,26,N1 - Boa
2018-09-12,,,,,,74.85291666666667,22.22875,55.94291666666667,,25.458333333333332,0.0,29,N1 - Boa
2018-09-13,,,,,,73.34708333333333,23.07875,49.47625,,30.291666666666668,0.0,30,N1 - Boa
2018-09-14,,,,,,82.45125,22.56458333333333,48.779583333333335,,35.541666666666664,14.199999999999998,32,N1 - Boa
2018-09-15,,,,,,90.20166666666667,22.965,61.5225,,22.041666666666668,0.2,33,N1 - Boa
2018-09-16,,,,,,83.1775,22.92958333333333,68.33125,,15.625,0.0,30,N1 - Boa
2018-09-17,,,,,,88.53750000000001,22.148750000000003,34.29625,,27.125,1.0,27,N1 - Boa
2018-09-18,,,,,,77.25125,26.43958333333333,51.47020833333334,,28.166666666666668,5.2,37,N1 - Boa
2018-09-19,,,,,,61.57,28.605,76.5625,,30.375,0.0,63,N2 - Moderada
2018-09-20,,,,,,81.11083333333333,26.306250000000002,56.548750000000005,,54.25,0.0,47,N2 - Moderada
2018-09-21,,,,,,92.22083333333335,24.547083333333333,66.05416666666666,,24.208333333333332,0.8,39,N1 - Boa
2018-09-22,,,,,,83.80541666666666,24.37625,67.595,,28.75,0.0,39,N1 - Boa
2018-09-23,,,,,,74.92333333333333,26.41208333333333,71.49208333333333,,30.25,0.0,40,N1 - Boa
2018-09-24,,,,,,85.17291666666667,25.8475,83.0125,,41.666666666666664,0.0,67,N2 - Moderada
2018-09-25,,,,,,85.7475,25.50583333333333,84.03875000000001,,33.25,0.0,38,N1 - Boa
2018-09-26,,,,,,76.21916666666667,27.7175,73.78166666666667,,52.5,0.0,67,N2 - Moderada
2018-09-27,,,,,,84.71958333333333,26.298333333333332,71.48583333333333,,41.833333333333336,12.799999999999999,37,N1 - Boa
2018-09-28,,,,,,95.66916666666667,24.525000000000002,66.985,,23.333333333333332,0.6000000000000001,36,N1 - Boa
2018-09-29,,,,,,89.04291666666667,25.15416666666667,47.205000000000005,,18.958333333333332,1.0,26,N1 - Boa
2018-09-30,,,,,,79.99541666666667,26.877916666666668,53.606249999999996,,28.916666666666668,0.0,31,N1 - Boa
2018-10-01,,,,,,83.545,26.854583333333334,37.70125,,40.333333333333336,0.0,36,N1 - Boa
2018-10-02,,,,,,70.08791666666666,29.165833333333335,76.12333333333333,,31.5,0.0,49,N2 - Moderada
2018-10-03,,,,,,81.58708333333333,27.72083333333333,80.2725,,48.916666666666664,0.2,84,N3 - Ruim
2018-10-04,,,,,,91.83166666666666,25.97083333333333,77.24916666666667,,25.0,0.8,36,N1 - Boa
2018-10-05,,,,,,84.14166666666667,22.802916666666665,54.96083333333333,,17.125,5.0,28,N1 - Boa
2018-10-06,,,,,,90.42916666666667,21.113333333333333,33.413333333333334,,22.875,16.6,21,N1 - Boa
2018-10-07,,,,,,86.88166666666666,22.775000000000002,40.22375,,17.041666666666668,0.0,24,N1 - Boa
2018-10-08,,,,,,88.22500000000001,24.44458333333333,22.575833333333335,,23.0,1.2,20,N1 - Boa
2018-10-09,,,,,,87.43,25.294583333333335,21.069583333333334,,28.416666666666668,8.0,25,N1 - Boa
2018-10-10,,,,,,81.66250000000001,27.253333333333334,58.705000000000005,,33.5,1.2000000000000002,38,N1 - Boa
2018-10-11,,,,,,97.22916666666667,24.664583333333336,63.596666666666664,,21.666666666666668,1.6,30,N1 - Boa
2018-10-12,,,,,,91.80958333333335,25.221666666666664,52.68541666666667,,22.0,0.0,25,N1 - Boa
2018-10-13,,,,,,71.52541666666667,29.930000000000003,69.26125,,36.208333333333336,12.6,52,N2 - Moderada
2018-10-14,,,,,,94.3625,23.812916666666666,50.717083333333335,,21.041666666666668,2.2,36,N1 - Boa
2018-10-15,,,,,,94.96541666666667,22.260833333333334,35.29708333333333,,17.916666666666668,1.2000000000000002,21,N1 - Boa
2018-10-16,,,,,,88.20708333333333,23.612083333333334,24.927692307692308,,20.166666666666668,0.2,18,N1 - Boa
2018-10-17,,,,,,81.70333333333333,26.204166666666666,,,27.875,0.0,25,N1 - Boa
2018-10-18,,,,,,90.21541666666667,25.89125,,,37.666666666666664,0.0,34,N1 - Boa
2018-10-19,,,,,,96.06166666666667,24.434166666666666,,,29.041666666666668,6.199999999999999,26,N1 - Boa
2018-10-20,,,,,,67.89583333333333,23.006249999999998,,,31.625,0.0,28,N1 - Boa
2018-10-21,,,,,,73.73958333333333,21.255,,,30.625,0.0,28,N1 - Boa
2018-10-22,,,,,,67.96124999999999,24.221666666666668,,,38.25,0.0,34,N1 - Boa
2018-10-23,,,,,,66.79,26.220625000000002,,,50.6875,0.0,45,N2 - Moderada
2018-10-24,,,,,,,,34.833000000000006,,24.916666666666668,,22,N1 - Boa
2018-10-25,,,,,,,,23.052105263157895,,17.291666666666668,,15,N1 - Boa
2018-10-26,,,,,,,,28.192916666666665,,21.875,,20,N1 - Boa
2018-10-27,,,,,,,,40.89458333333334,,18.041666666666668,,24,N1 - Boa
2018-10-28,,,,,,,,51.23791666666667,,25.958333333333332,,23,N1 - Boa
2018-10-29,,,,,,76.21454545454546,22.422727272727272,38.93333333333333,,20.375,0.0,21,N1 - Boa
2018-10-30,,,,,,78.26375,24.122500000000002,42.17541666666667,,33.0,0.0,29,N1 - Boa
2018-10-31,,,,,,74.61666666666666,27.5275,41.245,,47.791666666666664,0.0,42,N2 - Moderada
2018-11-01,,,,,,82.7975,26.45958333333333,49.306666666666665,,34.375,0.0,30,N1 - Boa
2018-11-02,,,,,,87.19791666666667,25.110833333333332,49.5,,19.5,0.6000000000000001,23,N1 - Boa
2018-11-03,,,,,,68.73708333333333,29.521666666666665,51.17333333333334,,38.208333333333336,1.6,34,N1 - Boa
2018-11-04,,,,,,87.70166666666667,25.023750000000003,50.9275,,20.333333333333332,15.6,24,N1 - Boa
2018-11-05,,,,,,76.25291666666666,23.301666666666666,45.36375,,23.166666666666668,0.2,20,N1 - Boa
2018-11-06,,,,,,81.77666666666667,23.832916666666666,42.41708333333333,,22.333333333333332,1.6,21,N1 - Boa
2018-11-07,,,,,,85.89041666666667,24.715416666666666,30.876666666666665,,19.083333333333332,22.2,19,N1 - Boa
2018-11-08,,,,,,98.89958333333334,21.957083333333333,33.22375,,8.208333333333334,26.2,16,N1 - Boa
2018-11-09,,,,,,89.19500000000001,22.43625,33.15083333333333,,13.541666666666666,0.0,18,N1 - Boa
2018-11-10,,,,,,79.62291666666667,25.224999999999998,37.69125,,23.916666666666668,0.0,22,N1 - Boa
2018-11-11,,,,,,76.60875,25.90416666666667,42.591249999999995,,24.5,0.0,26,N1 - Boa
2018-11-12,,,,,,79.32625,26.269166666666667,42.9625,,32.958333333333336,0.0,29,N1 - Boa
2018-11-13,,,,,,69.62958333333333,28.3475,31.321250000000003,,39.833333333333336,0.0,36,N1 - Boa
2018-11-14,,,,,,57.58166666666667,31.397916666666664,41.89083333333333,,45.458333333333336,0.0,40,N1 - Boa
2018-11-15,,,,,,69.78791666666666,28.325416666666666,62.21333333333333,,20.208333333333332,0.0,30,N1 - Boa
2018-11-16,,,,,,90.9975,24.376666666666665,45.71958333333333,,21.625,0.0,28,N1 - Boa
2018-11-17,,,,,,74.68791666666667,25.15833333333333,40.34791666666667,,33.125,0.0,29,N1 - Boa
2018-11-18,,,,,,56.03916666666667,30.72083333333333,35.48833333333334,,37.916666666666664,0.0,34,N1 - Boa
2018-11-19,,,,,,95.99666666666667,22.487916666666667,53.07458333333333,,15.041666666666666,40.8,23,N1 - Boa
2018-11-20,,,,,,92.47166666666668,20.155416666666667,47.21875,,10.958333333333334,9.2,23,N1 - Boa
2018-11-21,,,,,,89.76166666666667,22.06625,30.89708333333333,,29.708333333333332,0.4,27,N1 - Boa
2018-11-22,,,,,,68.62458333333333,27.74625,44.892500000000005,,36.666666666666664,0.0,33,N1 - Boa
2018-11-23,,,,,,51.65958333333333,30.122083333333332,56.812083333333334,,33.166666666666664,0.0,29,N1 - Boa
2018-11-24,,,,,,53.57083333333333,29.189999999999998,54.595,,29.25,0.0,26,N1 - Boa
2018-11-25,,,,,,67.20208333333333,27.993333333333336,63.416666666666664,,18.375,0.0,30,N1 - Boa
2018-11-26,,,,,,92.97500000000001,23.21666666666667,48.629999999999995,,12.708333333333334,5.4,24,N1 - Boa
2018-11-27,,,,,,86.10625,23.284166666666668,44.184583333333336,,19.166666666666668,0.0,21,N1 - Boa
2018-11-28,,,,,,85.11416666666666,24.974999999999998,41.17958333333333,,21.416666666666668,0.0,20,N1 - Boa
2018-11-29,,,,,,71.20083333333334,27.27916666666667,45.711666666666666,,37.458333333333336,0.0,33,N1 - Boa
2018-11-30,,,,,,72.61041666666667,28.1775,57.855,,42.958333333333336,0.0,38,N1 - Boa
2018-12-01,,,,,,75.06333333333333,26.765833333333333,50.50208333333333,,16.583333333333332,0.0,27,N1 - Boa
2018-12-02,,,,,,83.71625,25.87625,54.75875,,18.958333333333332,0.0,30,N1 - Boa
2018-12-03,,,,,,75.32666666666667,25.740416666666665,38.399166666666666,,23.208333333333332,0.0,20,N1 - Boa
2018-12-04,,,,,,70.35666666666667,27.25791666666667,38.939166666666665,,42.458333333333336,0.0,37,N1 - Boa
2018-12-05,,,,,,72.10458333333334,28.07041666666667,53.754583333333336,,32.958333333333336,0.0,30,N1 - Boa
2018-12-06,,,,,,74.51958333333333,26.006249999999998,48.18333333333334,,29.625,0.0,29,N1 - Boa
2018-12-07,,,,,,88.00125000000001,23.204583333333332,41.69083333333333,,19.916666666666668,0.4,21,N1 - Boa
2018-12-08,,,,,,86.04041666666666,21.29125,37.522083333333335,,14.875,3.0,18,N1 - Boa
2018-12-09,,,,,,71.04958333333333,23.092916666666667,32.34041666666666,,29.583333333333332,0.6000000000000001,27,N1 - Boa
2018-12-10,,,,,,63.21958333333333,26.70625,42.34916666666667,,32.791666666666664,0.0,29,N1 - Boa
2018-12-11,,,,,,57.85916666666666,29.298333333333332,58.81041666666667,,36.833333333333336,0.0,36,N1 - Boa
2018-12-12,,,,,,58.185833333333335,30.592083333333335,68.97916666666667,,40.416666666666664,0.0,67,N2 - Moderada
2018-12-13,,,,,,55.759166666666665,30.99416666666667,91.33291666666666,,48.958333333333336,0.0,93,N3 - Ruim
2018-12-14,,,,,,57.86375,30.53333333333333,53.94833333333333,,60.708333333333336,5.6,52,N2 - Moderada
2018-12-15,,,,,,62.17666666666667,31.574583333333333,82.39458333333333,,51.583333333333336,0.0,105,N3 - Ruim
2018-12-16,,,,,,79.45208333333333,28.986666666666665,61.240833333333335,,46.166666666666664,0.0,41,N2 - Moderada
2018-12-17,,,,,,66.675,31.152916666666666,52.40416666666667,,57.708333333333336,0.0,50,N2 - Moderada
2018-12-18,,,,,,66.1425,30.88875,56.43125,,48.083333333333336,0.0,42,N2 - Moderada
2018-12-19,,,,,,77.31875000000001,29.117500000000003,48.059583333333336,,38.916666666666664,0.0,35,N1 - Boa
2018-12-20,,,,,,70.39333333333333,30.1875,38.85333333333333,,67.875,0.0,57,N2 - Moderada
2018-12-21,,,,,,70.20458333333333,30.239583333333332,48.392500000000005,,60.166666666666664,0.0,51,N2 - Moderada
2018-12-22,,,,,,65.71583333333334,31.030833333333334,62.54708333333334,,58.333333333333336,0.0,50,N2 - Moderada
2018-12-23,,,,,,76.79541666666667,29.761666666666667,39.90916666666667,,42.291666666666664,0.6000000000000001,37,N1 - Boa
2018-12-24,,,,,,92.5775,26.646666666666665,34.702083333333334,,23.458333333333332,8.2,20,N1 - Boa
2018-12-25,,,,,,83.69333333333334,25.793333333333333,19.240416666666665,,20.083333333333332,0.2,18,N1 - Boa
2018-12-26,,,,,,80.18958333333333,25.39333333333333,14.72875,,21.416666666666668,0.0,19,N1 - Boa
2018-12-27,,,,,,82.08624999999999,25.633333333333336,20.625416666666666,,18.083333333333332,4.0,16,N1 - Boa
2018-12-28,,,,,,78.60083333333334,27.327916666666667,28.751666666666665,,22.875,0.0,20,N1 - Boa
2018-12-29,,,,,,76.72333333333334,27.923333333333332,32.13916666666667,,26.041666666666668,0.0,23,N1 - Boa
2018-12-30,,,,,,75.90916666666666,28.42125,31.495833333333334,,32.708333333333336,0.0,29,N1 - Boa
2018-12-31,,,,,,76.67208333333333,28.80875,36.26875,,37.333333333333336,0.0,33,N1 - Boa
