data,no,no2,so2,pm2_5,nox,ur,temp,o3,co,pm10,chuva
2012-01-01,,,6.166666666666667,,,98.10833333333333,28.402916666666666,14.083333333333334,0.35541666666666666,19.291666666666668,23.0
2012-01-02,,,4.550416666666666,,,99.81041666666665,24.51875,7.682916666666666,0.26833333333333337,10.666666666666666,52.2
2012-01-03,,,6.644583333333333,,,79.1375,27.532083333333333,17.04125,0.16874999999999998,21.729166666666668,0.0
2012-01-04,,,2.858333333333333,,,77.98666666666666,28.378333333333334,19.58125,0.16,25.666666666666668,0.0
2012-01-05,,,6.82375,,,83.215,28.946250000000003,33.692083333333336,0.14375000000000002,25.208333333333332,0.0
2012-01-06,,,8.536666666666667,,,84.88958333333333,30.073333333333334,23.742500000000003,0.39125000000000004,21.666666666666668,15.2
2012-01-07,,,15.127083333333333,,,78.92208333333333,30.885833333333334,28.071250000000003,0.35000000000000003,20.125,0.0
2012-01-08,,,15.715833333333334,,,86.82375,29.205833333333334,25.50375,0.30416666666666664,23.583333333333332,2.8
2012-01-09,,,11.040416666666667,,,89.58583333333333,28.094583333333333,6.47625,0.18333333333333335,9.916666666666666,0.2
2012-01-10,,,16.639583333333334,,,86.69791666666667,29.21166666666667,4.898750000000001,0.28458333333333335,23.541666666666668,1.2000000000000002
2012-01-11,,,13.284166666666666,,,85.77291666666667,29.584166666666665,12.422083333333333,0.19041666666666668,21.458333333333332,0.2
2012-01-12,,,18.141041666666666,,,75.93458333333334,31.425,11.391666666666666,0.19125,23.416666666666668,0.0
2012-01-13,,,26.230416666666667,,,69.70666666666666,33.849583333333335,19.535833333333333,0.31625,29.375,0.0
2012-01-14,,,13.117083333333333,,,57.75,37.045,20.903333333333332,0.42625,26.166666666666668,2.0
2012-01-15,,,3.092708333333333,,,70.48041666666667,34.6025,24.37291666666667,0.43375,14.604166666666666,9.4
2012-01-16,,,10.289583333333333,,,85.875,30.72083333333333,22.2075,0.27875,23.375,0.6000000000000001
2012-01-17,,,9.689166666666667,,,81.20208333333333,31.46875,26.86833333333333,0.3529166666666667,43.5,0.0
2012-01-18,,,11.224583333333333,,,78.3975,31.779583333333335,31.644583333333333,0.26875,37.625,0.0
2012-01-19,,,11.452916666666667,,,78.34166666666667,31.64625,40.08208333333334,0.23291666666666666,41.416666666666664,27.4
2012-01-20,,,15.39,,,76.78541666666666,32.29125,34.941250000000004,0.25333333333333335,33.083333333333336,0.0
2012-01-21,,,19.632708333333333,,,71.75083333333333,32.92583333333334,40.9125,0.22291666666666665,32.0,0.0
2012-01-22,,,11.26625,,,70.14833333333333,33.170833333333334,27.53708333333333,0.19416666666666668,23.625,0.0
2012-01-23,,,18.32,,,67.90708333333333,34.003750000000004,29.816666666666666,0.15895833333333334,26.729166666666668,0.0
2012-01-24,,,22.545416666666668,,,63.28125,35.000416666666666,23.215833333333336,0.18916666666666668,31.729166666666668,0.0
2012-01-25,,,24.921875,,,57.793749999999996,36.567083333333336,21.033958333333334,0.18770833333333334,30.75,0.0
2012-01-26,,,29.821250000000003,,,74.58833333333332,32.447916666666664,34.24125,0.27666666666666667,42.5,5.2
2012-01-27,,,10.942083333333334,,,97.56583333333333,25.229166666666668,14.441250000000002,0.34625,18.0,22.4
2012-01-28,,,5.21625,,,96.37916666666666,24.16333333333333,15.2175,0.26333333333333336,13.833333333333334,17.0
2012-01-29,,,11.852916666666665,,,99.02416666666666,24.322916666666668,4.487916666666666,0.32083333333333336,20.541666666666668,20.6
2012-01-30,,,12.282083333333333,,,87.93583333333333,26.83458333333333,12.107916666666666,0.27166666666666667,27.5,0.0
2012-01-31,,,10.941249999999998,,,92.21791666666667,27.232916666666668,8.360000000000001,0.30125,24.333333333333332,2.4
2012-02-01,,,17.535833333333333,,,75.82875,31.695833333333336,18.29375,0.21666666666666667,28.958333333333332,0.0
2012-02-02,,,22.525208333333335,,,69.84958333333333,33.3275,23.88875,0.1875,32.416666666666664,0.0
2012-02-03,,,12.922708333333333,,,67.25750000000001,33.498333333333335,18.184791666666666,0.18812500000000001,29.583333333333332,0.0
2012-02-04,,,17.578541666666666,,,66.09791666666666,33.27583333333333,21.81125,0.19999999999999998,27.833333333333332,0.0
2012-02-05,,,13.100416666666668,,,67.28625,34.10041666666667,35.319583333333334,0.205,29.75,0.0
2012-02-06,,,28.687291666666667,,,64.94291666666668,35.5625,35.90416666666667,0.18958333333333333,40.666666666666664,0.0
2012-02-07,,,32.27104166666667,,,66.925,35.31541666666667,59.54208333333333,0.3566666666666667,69.83333333333333,0.0
2012-02-08,,,18.11520833333333,,,65.58916666666667,34.69104166666667,60.67916666666667,0.5583333333333333,80.625,0.0
2012-02-09,,,19.063958333333336,,,69.13125000000001,34.07125,48.94083333333333,0.41583333333333333,75.33333333333333,0.0
2012-02-10,,,25.593958333333333,,,78.33437500000001,32.89833333333333,39.61875,0.47750000000000004,71.625,3.4
2012-02-11,,,22.1975,,,82.18333333333332,32.21,36.487500000000004,0.45416666666666666,60.25,0.4
2012-02-12,,,7.495,,,88.09125,30.622500000000002,47.4625,0.31124999999999997,26.041666666666668,12.4
2012-02-13,,,14.340000000000002,,,81.90125,31.707916666666666,24.322916666666668,0.20458333333333334,30.041666666666668,0.0
2012-02-14,,,11.577708333333334,,,74.98,32.03958333333333,15.449583333333335,0.14583333333333334,28.208333333333332,4.4
2012-02-15,,,8.249375,,,73.85916666666667,31.640416666666667,16.537916666666668,0.11041666666666666,25.208333333333332,0.0
2012-02-16,,,9.514583333333333,,,77.32541666666667,30.719166666666666,14.392916666666666,0.09291666666666666,28.479166666666668,0.0
2012-02-17,,,7.989375,,,75.08749999999999,31.491249999999997,18.1825,0.12291666666666667,31.083333333333332,0.0
2012-02-18,,,13.91125,,,70.56666666666666,32.437916666666666,21.539583333333336,0.14041666666666666,25.125,0.0
2012-02-19,,,11.155625,,,66.58749999999999,33.718333333333334,23.586250000000003,0.10291666666666667,20.0,0.0
2012-02-20,,,13.940833333333332,,,66.73,33.47208333333334,26.62708333333333,0.07791666666666668,24.958333333333332,0.0
2012-02-21,,,10.59125,,,62.6475,33.395,18.728333333333335,0.08583333333333333,17.916666666666668,0.0
2012-02-22,,,11.941041666666665,,,65.28791666666667,34.528749999999995,26.93041666666667,0.16,22.583333333333332,4.4
2012-02-23,,,16.039166666666667,,,68.90958333333333,34.473333333333336,41.33708333333333,0.3875,36.666666666666664,0.0
2012-02-24,,,21.399583333333336,,,69.38666666666667,33.76541666666667,30.50708333333333,0.3629166666666667,47.416666666666664,0.0
2012-02-25,,,18.22597222222222,,,71.77416666666666,33.67916666666667,40.4325,0.22375,51.75,0.0
2012-02-26,,,23.530694444444446,,,58.145833333333336,36.70583333333334,34.348333333333336,0.2304166666666667,36.416666666666664,0.0
2012-02-27,,,16.326875,,,66.605,35.32625,38.365,0.27125,46.791666666666664,0.0
2012-02-28,,,17.529374999999998,,,72.60395833333332,34.01208333333333,40.660000000000004,0.23166666666666666,55.583333333333336,0.0
2012-02-29,,,26.102083333333336,,,62.500416666666666,34.79708333333333,27.626666666666665,0.19083333333333333,44.041666666666664,0.0
2012-03-01,,,19.388947368421054,,,59.940625000000004,35.08416666666667,46.202708333333334,0.4295833333333334,51.166666666666664,0.0
2012-03-02,,,29.814999999999998,,,63.086666666666666,35.39458333333334,57.489583333333336,0.44687499999999997,87.9375,0.0
2012-03-03,,,9.163958333333333,,,71.28166666666667,33.556666666666665,45.99541666666667,0.18875,34.833333333333336,0.0
2012-03-04,,,3.8472916666666666,,,84.52333333333333,30.97791666666667,26.14125,0.16333333333333333,22.666666666666668,
2012-03-05,,,16.93,,,79.43416666666667,31.3575,29.038750000000004,0.13958333333333334,31.291666666666668,
2012-03-06,,,12.611666666666666,,,76.52166666666666,31.418333333333333,19.62375,0.10458333333333335,24.458333333333332,0.0
2012-03-07,,,7.629166666666666,,,79.375,30.507916666666663,25.316666666666666,0.11166666666666668,22.875,0.0
2012-03-08,,,7.775625000000001,,,76.25083333333333,30.789583333333336,24.967083333333335,0.16041666666666668,29.791666666666668,0.0
2012-03-09,,,7.490416666666666,,,72.645,31.28,24.965833333333336,0.1275,32.875,0.0
2012-03-10,,,9.672083333333333,,,70.11125,31.3625,27.765,0.215,33.75,0.0
2012-03-11,,,17.243125,,,67.16,32.23416666666667,32.57666666666667,0.27375,39.708333333333336,0.0
2012-03-12,,,22.67833333333333,,,80.98375,31.462500000000002,33.654583333333335,0.28,43.916666666666664,1.0
2012-03-13,,,15.101458333333333,,,76.19500000000001,32.369166666666665,24.059791666666666,0.2941666666666667,33.208333333333336,0.2
2012-03-14,,,19.201249999999998,,,76.99625,33.19583333333333,24.142916666666665,0.37916666666666665,37.125,7.2
2012-03-15,,,3.1062499999999997,,,79.68416666666667,32.69916666666666,31.229583333333334,0.4116666666666667,36.958333333333336,0.6000000000000001
2012-03-16,,,3.1485416666666666,,,94.4525,28.262083333333333,20.451666666666664,0.37083333333333335,21.25,6.0
2012-03-17,,,7.414583333333333,,,84.71916666666667,28.69125,13.1,0.32,26.0,0.6
2012-03-18,,,5.489791666666666,,,79.51541666666667,28.30125,19.412499999999998,0.20166666666666666,18.958333333333332,0.6000000000000001
2012-03-19,,,7.1375,,,76.17,29.16916666666667,16.82916666666667,0.10208333333333335,22.166666666666668,0.0
2012-03-20,,,10.749583333333334,,,75.49083333333333,30.359583333333333,15.752916666666666,0.12791666666666665,27.958333333333332,0.0
2012-03-21,,,12.188958333333332,,,75.00208333333333,32.35583333333333,17.930833333333332,0.21958333333333335,35.0,0.0
2012-03-22,,,20.958541666666665,,,72.89333333333333,34.08291666666667,42.86041666666667,0.3133333333333333,49.291666666666664,5.4
2012-03-23,,,10.780208333333333,,,87.76208333333334,30.452083333333334,36.95666666666667,0.28541666666666665,26.0,17.4
2012-03-24,,,6.838125000000001,,,91.59791666666666,29.894166666666667,30.224166666666665,0.38916666666666666,27.416666666666668,33.4
2012-03-25,,,5.1606250000000005,,,87.55791666666666,30.55333333333333,43.16583333333333,0.3625,26.333333333333332,0.0
2012-03-26,,,7.7058333333333335,,,83.00166666666667,32.916666666666664,22.783333333333335,0.40291666666666665,35.041666666666664,0.0
2012-03-27,,,13.122916666666667,,,77.77958333333333,33.85208333333333,22.61375,0.4716666666666667,51.625,0.0
2012-03-28,,,4.737291666666667,,,90.10791666666667,28.587083333333336,22.0525,0.22166666666666668,27.5,5.4
2012-03-29,,,4.607708333333334,,,92.125,25.677083333333332,8.706249999999999,0.17458333333333334,18.291666666666668,6.000000000000001
2012-03-30,,,8.3025,,,82.98541666666667,29.349166666666665,13.837916666666667,0.42770833333333336,33.0,0.0
2012-03-31,,,4.209791666666667,,,81.85625,29.65833333333333,14.313333333333333,0.31083333333333335,19.458333333333332,0.0
2012-04-01,,,6.953125,,,81.46208333333333,28.881249999999998,25.169583333333335,0.39125000000000004,25.333333333333332,0.0
2012-04-02,,,4.478541666666667,,,83.47,29.645416666666666,26.50791666666667,0.11750000000000001,22.916666666666668,0.0
2012-04-03,,,14.883958333333334,,,83.37958333333333,31.087083333333336,28.146666666666665,0.21958333333333332,43.583333333333336,0.0
2012-04-04,,,10.837708333333333,,,79.3425,32.193333333333335,24.330416666666665,0.2041666666666667,40.416666666666664,0.0
2012-04-05,,,9.915625,,,80.22291666666666,31.787499999999998,30.472083333333334,0.36999999999999994,31.5,2.0
2012-04-06,,,8.274375000000001,,,79.66458333333334,31.862916666666667,32.22208333333334,0.3120833333333333,36.0,0.0
2012-04-07,,,5.605833333333333,,,85.38166666666666,30.23708333333333,30.611666666666665,0.2575,32.291666666666664,0.0
2012-04-08,,,7.80125,,,83.52583333333334,31.17125,33.17666666666667,0.3225,31.958333333333332,0.0
2012-04-09,,,12.167916666666668,,,89.32958333333333,29.990416666666665,15.220833333333333,0.3745833333333333,41.0625,9.6
2012-04-10,,,9.890625,,,87.94749999999999,29.545416666666668,14.540416666666665,0.16541666666666668,23.583333333333332,0.0
2012-04-11,,,7.241666666666667,,,84.02583333333334,30.7375,21.105833333333333,0.12,22.625,0.0
2012-04-12,,,7.7425,,,78.31875000000001,31.925416666666667,15.964166666666666,0.21125000000000002,22.041666666666668,0.0
2012-04-13,,,17.29125,,,78.57375,32.365,26.958333333333332,0.2891666666666667,39.166666666666664,0.0
2012-04-14,,,14.508684210526317,,,80.45041666666667,32.47625,16.663333333333334,0.3863157894736842,63.75,0.0
2012-04-15,,,8.278541666666667,,,78.94916666666667,33.52708333333333,38.07333333333333,0.32125,53.75,5.4
2012-04-16,,,5.933333333333334,,,96.06166666666667,27.045416666666668,10.688333333333333,0.3229166666666667,28.166666666666668,6.200000000000001
2012-04-17,,,12.99,,,84.85708333333334,27.874166666666667,11.7125,0.11615384615384615,24.473684210526315,0.0
2012-04-18,,,2.9729166666666664,,,81.035,27.985,16.137916666666666,0.1125,27.041666666666668,0.0
2012-04-19,,,5.939583333333334,,,77.05958333333334,28.418333333333333,20.845833333333335,0.13958333333333334,26.958333333333332,0.0
2012-04-20,,,19.412291666666665,,,72.96833333333333,29.69125,16.732083333333332,0.4383333333333333,39.458333333333336,0.0
2012-04-21,,,18.231458333333332,,,88.45,28.674166666666665,9.9375,0.96125,67.625,4.4
2012-04-22,,,7.2749999999999995,,,98.39,26.376666666666665,12.167499999999999,0.5912499999999999,26.666666666666668,3.4000000000000004
2012-04-23,,,5.695625,,,89.96041666666667,26.34375,15.262500000000001,0.26,22.875,1.4
2012-04-24,,,8.922916666666667,,,85.87124999999999,27.440416666666668,16.365,0.23666666666666666,29.208333333333332,0.0
2012-04-25,,,10.445,,,85.22708333333334,28.834166666666665,17.335416666666667,0.2604166666666667,32.125,0.0
2012-04-26,,,25.407291666666666,,,78.68458333333334,31.660833333333333,9.031041666666667,0.6334782608695653,52.145833333333336,0.0
2012-04-27,,,8.895,,,81.40791666666667,30.3925,17.584166666666665,0.173,21.145833333333332,0.4
2012-04-28,,,7.6085416666666665,,,82.82083333333334,28.441666666666666,17.1725,0.1875,32.625,0.0
2012-04-29,,,7.340416666666667,,,84.34666666666666,27.638333333333335,11.750416666666666,0.34625,23.166666666666668,3.0
2012-04-30,,,4.132291666666666,,,99.04916666666666,24.53625,3.5258333333333334,0.29875,16.583333333333332,31.0
2012-05-01,,,3.908125,,,95.66041666666666,21.515416666666667,15.502083333333333,0.22916666666666666,16.375,15.0
2012-05-02,,,4.2247916666666665,,,81.85541666666667,23.862083333333334,15.393333333333333,0.24291666666666667,28.875,0.0
2012-05-03,,,4.142291666666667,,,87.12291666666665,25.5625,17.8825,0.17708333333333334,19.541666666666668,1.0
2012-05-04,,,3.51375,,,87.97583333333334,26.157916666666665,14.800416666666665,0.20083333333333334,21.583333333333332,1.0
2012-05-05,,,8.460416666666667,,,85.42208333333333,26.60166666666667,15.691666666666668,0.3383333333333334,30.0,0.0
2012-05-06,,,3.2516666666666665,,,81.08541666666666,27.272499999999997,20.96875,0.20958333333333334,22.541666666666668,0.0
2012-05-07,,,8.617291666666667,,,83.98833333333333,26.014166666666668,10.48625,0.14666666666666667,25.291666666666668,0.0
2012-05-08,,,5.095,,,87.94541666666667,25.24875,9.152916666666668,0.15916666666666668,23.458333333333332,4.6
2012-05-09,,,7.471875,,,81.00166666666667,26.315833333333334,15.92375,0.14,31.0,0.0
2012-05-10,,,9.408823529411764,,,81.26791666666666,27.296666666666667,16.69333333333333,0.2325,41.25,0.0
2012-05-11,,,29.009583333333335,,,79.86625,29.809583333333332,25.73375,0.81625,68.5,0.0
2012-05-12,,,16.873124999999998,,,72.97583333333334,30.469166666666666,22.403750000000002,0.3858333333333333,55.5,0.0
2012-05-13,,,5.47625,,,93.05708333333332,25.615,15.54625,0.36000000000000004,27.0,20.200000000000003
2012-05-14,,,6.996041666666667,,,96.98375,22.052916666666665,6.192083333333334,0.17500000000000002,18.75,18.2
2012-05-15,,,6.013750000000001,,,96.35291666666666,21.160833333333333,2.9737499999999994,0.14458333333333334,16.708333333333332,5.4
2012-05-16,,,5.747083333333333,,,89.38041666666668,23.27208333333333,6.28875,0.2920833333333333,24.125,5.2
2012-05-17,,,3.4175,,,88.12333333333333,24.008750000000003,10.227083333333333,0.13958333333333334,17.833333333333332,4.6000000000000005
2012-05-18,,,6.464583333333334,,,86.64333333333333,23.675416666666667,8.251666666666667,0.3695833333333334,33.875,0.0
2012-05-19,,,8.1625,,,80.68249999999999,23.815416666666668,12.07125,0.26208333333333333,32.583333333333336,0.0
2012-05-20,,,7.912083333333334,,,74.85583333333334,24.710416666666664,18.6775,0.20125,26.833333333333332,0.0
2012-05-21,,,10.124583333333334,,,76.52416666666666,24.97583333333333,13.600416666666666,0.10291666666666667,31.375,0.0
2012-05-22,,,8.3825,,,79.03708333333334,24.806250000000002,12.276666666666666,0.08958333333333333,28.916666666666668,0.0
2012-05-23,,,12.520416666666668,,,85.00125,25.525000000000002,11.879166666666668,0.12666666666666668,32.416666666666664,0.0
2012-05-24,,,13.340208333333335,,,86.25083333333333,25.141666666666666,4.195416666666667,0.22958333333333333,40.583333333333336,0.0
2012-05-25,,,31.037499999999998,,,83.12875,26.614166666666666,2.0991666666666666,1.2670833333333333,79.125,0.0
2012-05-26,,,9.522083333333333,,,71.78750000000001,29.459999999999997,25.43041666666667,0.40125000000000005,41.625,1.2
2012-05-27,,,16.502916666666668,,,87.63666666666667,26.485416666666666,25.778333333333332,0.4375,54.916666666666664,0.0
2012-05-28,,,29.479375,,,85.32895833333333,26.9825,14.609375,0.986875,79.08333333333333,0.0
2012-05-29,,,18.7225,,,79.96,29.381249999999998,18.597083333333334,0.7866666666666666,71.4375,0.0
2012-05-30,,,23.730833333333333,,,81.09416666666667,30.379583333333333,12.693333333333333,1.0216666666666667,95.58333333333333,0.0
2012-05-31,,,10.651666666666666,,,88.54791666666667,27.875833333333333,13.102916666666665,0.43,58.208333333333336,0.0
2012-06-01,,,6.028333333333333,,,89.32666666666667,27.27541666666667,18.718333333333334,0.19708333333333336,42.291666666666664,0.0
2012-06-02,,,10.215,,,89.64416666666666,28.00208333333333,19.077916666666667,0.1346153846153846,30.833333333333332,0.8
2012-06-03,,,9.504166666666668,,,76.62041666666666,31.073333333333334,19.505,1.19,61.041666666666664,0.0
2012-06-04,,,30.670833333333334,,,74.23458333333333,31.75,9.61,1.1579166666666667,66.0,0.0
2012-06-05,,,13.726666666666667,,,77.17416666666666,31.08458333333333,9.057083333333333,0.6358333333333334,53.875,1.0
2012-06-06,,,12.168333333333335,,,98.64125,26.69541666666667,4.1375,0.3754166666666667,36.166666666666664,6.2
2012-06-07,,,5.937916666666666,,,96.79625,25.08458333333333,14.020000000000001,0.1375,21.958333333333332,6.000000000000001
2012-06-08,,,6.713958333333333,,,96.52333333333333,22.5975,10.095833333333333,0.31375000000000003,21.666666666666668,4.0
2012-06-09,,,3.2583333333333333,,,99.81583333333333,22.020833333333332,12.404583333333333,0.22916666666666666,20.541666666666668,7.6000000000000005
2012-06-10,,,4.50125,,,89.89833333333333,23.966250000000002,8.59375,0.26208333333333333,24.458333333333332,0.2
2012-06-11,,,8.980833333333333,,,91.20833333333333,23.5425,4.975833333333333,0.6308333333333334,28.625,5.000000000000001
2012-06-12,,,12.465625000000001,,,90.42,24.046666666666667,5.783333333333334,0.7983333333333333,41.541666666666664,0.0
2012-06-13,,,9.186458333333333,,,89.70229166666667,26.041666666666668,12.091458333333334,0.288125,40.56944444444444,0.0
2012-06-14,,,15.651874999999999,,,85.75125000000001,26.965,15.449166666666665,0.36041666666666666,32.22222222222222,0.0
2012-06-15,,,19.617708333333333,,,90.63708333333334,26.447083333333335,10.499166666666666,0.36833333333333335,52.625,0.0
2012-06-16,,,24.5725,,,81.32541666666667,27.370833333333334,9.44125,0.9516666666666667,66.125,0.0
2012-06-17,,,13.209791666666668,,,82.38083333333334,26.203333333333333,14.67875,0.7854166666666668,51.833333333333336,0.0
2012-06-18,,,16.175833333333333,,,79.06916666666667,27.29875,16.747916666666665,0.53,52.541666666666664,0.0
2012-06-19,,,19.299791666666668,,,71.52,29.957916666666666,6.6000000000000005,0.748125,77.25,0.0
2012-06-20,,,12.134583333333333,,,93.3875,26.66416666666667,4.476249999999999,0.9079166666666666,65.45833333333333,1.0
2012-06-21,,,6.610625,,,94.30125,26.618333333333336,6.72125,0.44999999999999996,42.166666666666664,12.2
2012-06-22,,,3.2089583333333334,,,86.8525,26.620833333333334,11.433750000000002,0.28291666666666665,17.291666666666668,18.6
2012-06-23,,,4.477291666666667,,,76.8175,25.402083333333334,28.993333333333336,0.285,22.125,0.0
2012-06-24,,,7.344791666666667,,,87.73708333333333,24.178749999999997,17.77375,0.4370833333333333,36.708333333333336,0.0
2012-06-25,,,14.433124999999999,,,85.91833333333334,24.737916666666667,19.7925,0.14375000000000002,34.458333333333336,0.0
2012-06-26,,,7.6035416666666675,,,87.05916666666667,25.117500000000003,18.13083333333333,0.19333333333333333,37.208333333333336,0.4
2012-06-27,,,12.023541666666667,,,82.58958333333334,24.740416666666665,13.065833333333332,0.20375000000000001,34.791666666666664,0.0
2012-06-28,,,19.39,,,86.09666666666668,25.510833333333334,6.724166666666666,0.5554166666666667,41.416666666666664,0.0
2012-06-29,,,17.613958333333333,,,83.51625,26.96625,7.082083333333333,0.6816666666666666,72.79166666666667,0.0
2012-06-30,,,22.35020833333333,,,80.52416666666666,27.392916666666665,14.839583333333332,0.93,70.0,0.0
2012-07-01,,,19.154791666666664,,,78.99333333333333,27.679166666666664,25.192916666666665,1.1570833333333332,64.95833333333333,0.0
2012-07-02,,,21.111041666666665,,,80.11375,28.322083333333335,10.786666666666667,0.7599999999999999,60.75,0.0
2012-07-03,,,19.8825,,,78.64625,28.402916666666666,16.93583333333333,0.5812499999999999,74.95833333333333,0.0
2012-07-04,,,21.49083333333333,,,73.8025,27.506666666666664,12.403333333333334,0.295,53.75,0.0
2012-07-05,,,14.715625000000001,,,72.64916666666666,27.50583333333333,10.519166666666665,0.30541666666666667,42.5,0.0
2012-07-06,,,15.65625,,,74.00750000000001,27.879166666666666,10.617083333333333,0.8058333333333333,55.9375,0.0
2012-07-07,,,8.427916666666667,,,75.89916666666666,27.480833333333333,22.62,0.8366666666666666,54.833333333333336,0.0
2012-07-08,,,3.1650000000000005,,,94.34625,22.80541666666667,21.24625,0.27291666666666664,24.208333333333332,4.8
2012-07-09,,,6.3585416666666665,,,84.48916666666666,21.762083333333333,13.43625,0.20416666666666664,22.791666666666668,0.8
2012-07-10,,,8.342291666666666,,,74.64458333333333,21.41541666666667,13.501666666666667,0.3445833333333333,31.375,0.0
2012-07-11,,,21.951875,,,76.80583333333334,24.595416666666665,16.7525,0.853125,67.79166666666667,0.0
2012-07-12,,,19.062291666666667,,,88.85833333333333,24.222916666666666,9.5625,0.6352083333333333,54.25,8.8
2012-07-13,,,4.008541666666667,,,81.20791666666666,23.640833333333333,20.415833333333335,0.16291666666666668,26.125,0.0
2012-07-14,,,7.245833333333334,,,84.05083333333333,23.455416666666668,27.62708333333333,0.22708333333333333,44.666666666666664,0.0
2012-07-15,,,5.216666666666667,,,83.14208333333333,22.7975,30.596666666666668,0.2304166666666667,31.708333333333332,0.0
2012-07-16,,,5.320625000000001,,,95.79583333333333,20.7,7.7195833333333335,0.16166666666666665,31.958333333333332,0.4
2012-07-17,,,4.437291666666667,,,82.54125,24.409583333333334,14.359166666666667,0.21625000000000003,25.208333333333332,0.0
2012-07-18,,,5.2335416666666665,,,89.5425,22.92,14.310833333333333,0.3066666666666667,25.23076923076923,2.8
2012-07-19,,,4.206458333333333,,,86.81041666666665,20.77125,17.929583333333333,0.21083333333333332,24.041666666666668,1.0
2012-07-20,,,9.346041666666666,,,87.39291666666666,21.514166666666668,14.024166666666666,0.5754166666666667,35.270833333333336,0.0
2012-07-21,,,12.569375,,,84.82416666666667,23.264791666666667,11.601666666666667,1.2666666666666666,63.125,0.0
2012-07-22,,,18.916666666666668,,,75.23041666666667,25.905833333333334,27.483333333333334,2.06625,96.16666666666667,0.0
2012-07-23,,,12.008333333333333,,,81.07833333333333,25.97791666666667,9.5925,1.1994736842105262,65.83333333333333,0.0
2012-07-24,,,31.341458333333335,,,84.14625,27.263333333333335,22.45875,0.9170833333333333,100.08333333333333,0.0
2012-07-25,,,11.862499999999999,,,75.65583333333333,27.785,34.26583333333333,1.1512499999999999,75.54166666666667,0.0
2012-07-26,,,22.442708333333332,,,79.29541666666667,27.77541666666667,21.444166666666664,0.8816666666666667,61.208333333333336,0.0
2012-07-27,,,5.514583333333333,,,78.44,27.048333333333332,27.06958333333333,0.5812499999999999,59.583333333333336,0.0
2012-07-28,,,9.106458333333334,,,85.70541666666666,26.607083333333335,34.8175,0.38125000000000003,57.0,0.0
2012-07-29,,,12.365416666666667,,,77.39791666666666,28.206666666666667,31.724166666666665,0.7164583333333333,54.375,0.0
2012-07-30,,,5.6120833333333335,,,84.09208333333333,26.242500000000003,28.084999999999997,0.40875,60.291666666666664,0.0
2012-07-31,,,6.225416666666667,,,86.72416666666668,26.391666666666666,26.305833333333336,0.19083333333333333,53.416666666666664,0.0
2012-08-01,,,8.983958333333334,,,84.74583333333334,26.230416666666667,15.41375,0.09749999999999999,26.791666666666668,0.0
2012-08-02,,,9.846666666666666,,,80.58333333333333,27.57083333333333,10.645416666666668,0.14708333333333334,31.041666666666668,0.0
2012-08-03,,,11.737291666666666,,,78.81916666666667,27.796666666666667,15.292916666666668,0.29041666666666666,40.270833333333336,0.0
2012-08-04,,,10.046875,,,70.61333333333333,29.21166666666667,23.832083333333333,0.5733333333333334,45.375,0.0
2012-08-05,,,13.297916666666666,,,83.17958333333333,25.47375,26.491249999999997,0.73875,60.458333333333336,5.2
2012-08-06,,,2.5147916666666665,,,76.88666666666667,23.5125,30.76875,0.14583333333333334,23.583333333333332,0.0
2012-08-07,,,5.319375,,,78.36520833333333,22.586250000000003,19.963124999999998,0.149375,28.708333333333332,0.0
2012-08-08,,,10.006041666666667,,,80.51125,24.474999999999998,20.713333333333335,0.13958333333333334,29.0,0.0
2012-08-09,,,6.2941666666666665,,,75.8425,25.495416666666667,18.07875,0.09500000000000001,25.208333333333332,0.0
2012-08-10,,,14.353541666666667,,,73.86916666666666,26.205833333333334,14.108333333333334,0.24625,30.0,0.0
2012-08-11,,,12.414791666666666,,,72.53041666666667,26.964583333333334,19.392500000000002,0.15666666666666668,32.125,0.0
2012-08-12,,,10.859375,,,74.99166666666666,27.1075,17.684583333333332,0.17958333333333334,30.833333333333332,0.0
2012-08-13,,,10.77125,,,74.3175,28.0625,13.400833333333333,0.07791666666666668,27.458333333333332,0.0
2012-08-14,,,8.455208333333333,,,82.37708333333333,26.590416666666666,9.724166666666667,0.22041666666666668,26.541666666666668,0.6
2012-08-15,,,7.7804166666666665,,,83.8625,25.565625,14.692083333333334,0.10625000000000001,25.958333333333332,0.0
2012-08-16,,,5.799791666666667,,,78.74249999999999,26.804166666666664,18.700833333333332,0.050416666666666665,29.541666666666668,0.0
2012-08-17,,,6.402291666666667,,,78.83624999999999,26.105833333333333,16.24,0.1825,37.291666666666664,0.0
2012-08-18,,,6.7664583333333335,,,79.20875,25.900833333333335,20.7275,0.16166666666666665,37.416666666666664,0.0
2012-08-19,,,5.935208333333333,,,73.77499999999999,26.335416666666664,28.75375,0.1475,33.833333333333336,0.0
2012-08-20,,,12.777083333333332,,,75.02666666666666,25.77208333333333,16.450833333333332,0.08916666666666667,32.958333333333336,0.0
2012-08-21,,,7.619166666666666,,,75.12791666666666,26.495,15.163333333333334,0.1125,29.125,0.0
2012-08-22,,,10.918750000000001,,,67.98958333333333,26.377499999999998,19.06375,0.05375,30.833333333333332,0.0
2012-08-23,,,8.893749999999999,,,75.00375,26.325416666666666,17.01625,0.08875,34.208333333333336,0.0
2012-08-24,,,5.584583333333334,,,73.53166666666667,26.613333333333333,17.419583333333332,0.12291666666666667,35.083333333333336,0.0
2012-08-25,,,7.735833333333333,,,72.80499999999999,26.803749999999997,22.818749999999998,0.18916666666666668,36.916666666666664,0.0
2012-08-26,,,16.458333333333332,,,82.21666666666667,25.35291666666667,20.2225,0.3441666666666667,48.916666666666664,0.0
2012-08-27,,,15.111666666666666,,,80.92291666666667,26.006249999999998,23.879583333333333,0.14083333333333334,54.541666666666664,0.0
2012-08-28,,,7.410208333333333,,,83.82375,24.52479166666667,15.287083333333333,0.13479166666666667,45.25,5.2
2012-08-29,,,6.05,,,84.11083333333333,23.95625,19.141666666666666,0.22666666666666668,27.145833333333332,0.2
2012-08-30,,,2.41125,,,81.21083333333333,23.467916666666667,26.352083333333336,0.09625,20.854166666666668,0.0
2012-08-31,,,6.188541666666667,,,72.14416666666666,23.31041666666667,26.50770833333333,0.14604166666666665,26.458333333333332,0.0
2012-09-01,,,6.790416666666666,,,75.10083333333334,23.73125,27.476249999999997,0.20375,37.791666666666664,0.0
2012-09-02,,,13.223333333333334,,,80.655,25.375,32.697916666666664,0.5179166666666667,57.791666666666664,0.0
2012-09-03,,,7.327916666666667,,,81.71374999999999,25.72458333333333,33.04833333333333,0.20083333333333334,53.583333333333336,0.0
2012-09-04,,,3.5429166666666667,,,76.02166666666666,23.049583333333334,36.3525,0.050416666666666665,33.916666666666664,5.800000000000001
2012-09-05,,,8.774166666666666,,,70.41125,24.638333333333335,19.377916666666668,0.18499999999999997,38.166666666666664,0.0
2012-09-06,,,12.329583333333332,,,73.70958333333333,26.417916666666667,17.79,0.35916666666666663,60.729166666666664,0.0
2012-09-07,,,15.815833333333332,,,81.42916666666666,27.126666666666665,31.287499999999998,0.49333333333333335,85.625,0.0
2012-09-08,,,14.542916666666665,,,70.13208333333334,31.03625,13.680416666666666,0.6854166666666667,53.125,0.0
2012-09-09,,,23.864166666666666,,,64.39083333333333,32.931666666666665,45.46666666666667,0.8083333333333332,67.70833333333333,0.0
2012-09-10,,,5.409583333333334,,,77.42999999999999,28.785833333333333,50.40125,0.21541666666666667,54.875,0.0
2012-09-11,,,16.03291666666667,,,79.75041666666667,28.67,18.2925,0.2708333333333333,64.45833333333333,0.0
2012-09-12,,,9.813333333333334,,,81.69541666666667,28.0525,13.0475,0.26625,56.354166666666664,0.0
2012-09-13,,,10.873750000000001,,,91.48166666666667,25.818749999999998,,0.25458333333333333,38.458333333333336,1.2000000000000002
2012-09-14,,,2.2841666666666667,,,80.42666666666666,25.982083333333335,28.30933333333333,0.12291666666666667,19.583333333333332,0.0
2012-09-15,,,2.9333333333333336,,,77.51583333333333,27.54125,25.642916666666668,0.25,21.272727272727273,0.0
2012-09-16,,,11.359166666666667,,,70.455,30.575416666666666,23.780833333333334,0.48291666666666666,45.18181818181818,0.0
2012-09-17,,,25.26888888888889,,,70.04166666666667,32.21944444444445,19.819444444444443,0.61,59.68421052631579,0.0
2012-09-18,,,15.772941176470587,,,53.47764705882353,36.31,35.49647058823529,0.6441176470588235,67.94444444444444,0.0
2012-09-19,,,21.709999999999997,,,49.73374999999999,38.093333333333334,25.95625,0.9095833333333334,82.66666666666667,0.0
2012-09-20,,,7.259583333333333,,,78.72416666666666,29.734166666666667,19.587083333333332,0.7704166666666666,68.0,1.0
2012-09-21,,,12.794583333333334,,,85.87833333333333,28.215833333333332,23.111666666666665,0.5991666666666666,52.083333333333336,17.6
2012-09-22,,,5.165,,,81.55958333333334,24.170833333333334,27.102500000000003,0.20791666666666667,22.125,1.6
2012-09-23,,,7.109583333333333,,,71.61125,24.47375,23.68958333333333,0.2004166666666667,32.083333333333336,0.0
2012-09-24,,,6.022916666666667,,,69.34458333333333,27.184583333333332,22.20375,0.21375,27.75,0.0
2012-09-25,,,13.808749999999998,,,73.23208333333334,30.109166666666667,20.92083333333333,0.39375,37.708333333333336,7.199999999999999
2012-09-26,,,1.665,,,88.66916666666667,20.24,30.472083333333334,0.09666666666666666,14.666666666666666,42.6
2012-09-27,,,1.1125,,,72.48666666666666,20.195,23.173333333333332,0.12125000000000001,18.5,0.6000000000000001
2012-09-28,,,3.7900000000000005,,,70.47083333333333,21.690416666666668,17.522916666666667,0.19708333333333336,30.25,0.0
2012-09-29,,,5.767083333333333,,,71.39625,22.054583333333337,23.265,0.20750000000000002,28.625,0.0
2012-09-30,,,6.564166666666666,,,64.05708333333332,23.53625,34.348333333333336,0.17125,26.875,0.0
2012-10-01,,,10.86125,,,69.70375,25.717083333333335,27.109583333333333,0.11750000000000001,26.958333333333332,0.0
2012-10-02,,,11.972916666666668,,,74.21708333333333,28.422083333333333,9.335263157894737,0.17958333333333334,34.125,0.0
2012-10-03,,,13.869444444444445,,,70.65666666666667,30.420416666666668,5.727777777777778,0.17,32.625,0.0
2012-10-04,,,10.676315789473684,,,69.89375,30.359791666666666,3.1233333333333335,0.24333333333333332,38.916666666666664,0.0
2012-10-05,,,6.757272727272727,,,72.39625,30.075,21.11,0.19333333333333336,40.1875,0.0
2012-10-06,,,8.1825,,,67.56541666666666,29.999583333333334,19.898333333333333,0.20333333333333334,32.875,0.0
2012-10-07,,,,,,61.58375,31.11916666666667,24.182916666666667,0.20875,25.958333333333332,0.0
2012-10-08,,,,,,68.24,30.058333333333334,19.600416666666668,0.16208333333333333,28.625,0.0
2012-10-09,,,,,,59.70291666666666,31.81041666666667,16.255416666666665,0.15458333333333332,33.291666666666664,0.0
2012-10-10,,,19.98818181818182,,,52.185833333333335,34.81375,20.462500000000002,0.3904166666666667,46.791666666666664,0.0
2012-10-11,,,9.517083333333334,,,75.86749999999999,29.942916666666665,31.124166666666667,0.26625000000000004,48.875,4.4
2012-10-12,,,3.920833333333333,,,92.61583333333334,24.46291666666667,39.0875,0.15208333333333332,11.708333333333334,10.4
2012-10-13,,,2.2829166666666665,,,93.46875,23.684583333333332,25.357083333333335,0.17416666666666666,12.1875,3.6000000000000005
2012-10-14,,,1.6566666666666665,,,78.4525,24.252499999999998,33.92,0.1225,16.416666666666668,0.8
2012-10-15,,,6.2375,,,76.58,24.457916666666666,24.47458333333333,0.10291666666666667,12.208333333333334,0.0
2012-10-16,,,8.371666666666666,,,74.18208333333332,26.901666666666667,20.034166666666668,0.155,20.25,0.0
2012-10-17,,,16.28291666666667,,,67.65666666666667,29.327916666666667,20.555,0.49833333333333335,33.916666666666664,0.0
2012-10-18,,,9.3,,,67.86,31.385416666666668,40.74041666666667,0.4679166666666667,53.958333333333336,0.0
2012-10-19,,,1.98375,,,82.09958333333334,26.740416666666665,32.04,0.16916666666666666,32.25,0.0
2012-10-20,,,4.559166666666667,,,75.44458333333334,29.65375,25.333333333333332,0.3283333333333333,40.583333333333336,0.4
2012-10-21,,,8.021666666666667,,,73.63166666666667,31.909583333333334,35.16916666666666,0.31375000000000003,39.625,18.4
2012-10-22,,,1.9100000000000001,,,79.00208333333333,31.020416666666666,20.032916666666665,0.64,38.583333333333336,0.0
2012-10-23,,,3.203333333333333,,,80.6075,31.467083333333335,6.275714285714286,0.8675,44.666666666666664,2.8
2012-10-24,,,0.40875,,,74.16416666666667,30.491666666666664,,0.24083333333333334,21.541666666666668,3.4000000000000004
2012-10-25,,,1.6893333333333334,,,82.69444444444444,27.016111111111112,,0.1142857142857143,26.285714285714285,0.0
2012-10-26,,,4.080416666666666,,,83.81333333333333,30.105,19.96153846153846,0.3133333333333333,43.25,0.2
2012-10-27,,,2.11375,,,76.88541666666667,32.5075,31.76,0.385,59.958333333333336,0.0
2012-10-28,,,1.5129166666666667,,,76.10083333333334,32.99791666666667,29.955,0.5820833333333334,62.625,0.0
2012-10-29,,,6.222916666666666,,,76.67458333333333,31.820416666666663,22.185833333333335,0.29291666666666666,39.458333333333336,0.0
2012-10-30,,,32.58708333333333,,,74.64,34.25125,24.676666666666666,0.7208333333333333,87.02083333333333,0.0
2012-10-31,,,24.456041666666668,,,73.91333333333334,34.86416666666667,43.376666666666665,0.815,105.04166666666667,0.0
2012-11-01,,,2.296666666666667,,,79.37791666666666,29.88208333333333,34.475,0.17791666666666664,28.041666666666668,0.0
2012-11-02,,,5.289583333333334,,,94.22291666666666,25.008333333333336,10.144166666666667,0.16333333333333333,21.666666666666668,0.2
2012-11-03,,,2.1350000000000002,,,86.02291666666667,26.14125,20.3625,0.14375000000000002,21.041666666666668,0.0
2012-11-04,,,2.1491666666666664,,,82.81833333333334,27.721249999999998,23.17125,0.18166666666666667,20.291666666666668,0.0
2012-11-05,,,5.79625,,,83.35625,28.77625,30.719166666666666,0.14458333333333334,20.375,0.0
2012-11-06,,,8.9275,,,82.53750000000001,28.997083333333332,41.415,0.11166666666666668,22.25,0.0
2012-11-07,,,6.8066666666666675,,,79.18708333333333,29.715,23.341250000000002,0.11041666666666666,26.791666666666668,0.0
2012-11-08,,,7.634166666666666,,,80.56458333333333,29.989583333333332,14.750833333333333,0.19375,27.375,0.0
2012-11-09,,,11.382916666666667,,,82.58208333333333,30.16208333333333,5.194583333333333,0.30083333333333334,29.0,0.0
2012-11-10,,,8.651666666666666,,,95.33375000000001,27.300416666666667,2.1220833333333333,0.37166666666666665,21.583333333333332,0.0
2012-11-11,,,12.941666666666668,,,71.00041666666667,33.69833333333333,15.400416666666667,0.48875,22.666666666666668,0.0
2012-11-12,,,7.8879166666666665,,,71.25625000000001,32.55458333333333,19.987916666666667,0.21291666666666667,28.375,0.0
2012-11-13,,,17.373749999999998,,,97.88291666666667,25.685208333333335,5.941041666666667,0.250625,22.625,28.6
2012-11-14,,,8.897083333333333,,,89.96333333333332,23.95958333333333,10.253333333333334,0.165,21.25,9.200000000000001
2012-11-15,,,4.9750000000000005,,,91.18708333333332,23.204583333333332,16.36583333333333,0.14916666666666667,14.166666666666666,8.0
2012-11-16,,,7.002916666666667,,,93.3075,23.719583333333333,6.8125,0.26958333333333334,32.333333333333336,1.7999999999999998
2012-11-17,,,11.772708333333334,,,92.10875,23.943749999999998,8.03875,0.3645833333333333,22.166666666666668,2.8000000000000003
2012-11-18,,,9.553333333333333,,,82.68708333333333,25.883333333333336,17.21375,0.23625,17.416666666666668,0.0
2012-11-19,,,5.50875,,,75.36291666666666,28.2975,20.9025,0.13375,24.666666666666668,0.0
2012-11-20,,,18.22,,,84.84708333333333,27.754166666666666,11.8275,0.45333333333333337,33.041666666666664,0.8
2012-11-21,,,7.60125,,,81.11333333333333,28.440833333333334,32.11666666666667,0.26458333333333334,36.21052631578947,0.0
2012-11-22,,,7.234583333333333,,,78.76458333333333,28.446250000000003,19.005,0.14833333333333334,25.857142857142858,0.0
2012-11-23,,,3.7358333333333333,,,77.64708333333333,29.077083333333334,30.74791666666667,0.1691666666666667,33.875,0.0
2012-11-24,,,30.420833333333334,,,81.84333333333333,31.02541666666667,50.916666666666664,0.25125000000000003,59.791666666666664,4.4
2012-11-25,,,11.417499999999999,,,97.21875,27.030833333333334,17.049166666666668,0.34791666666666665,42.833333333333336,2.0
2012-11-26,,,1.88,,,96.45708333333333,26.196250000000003,18.079583333333336,0.12083333333333333,22.770833333333332,9.0
2012-11-27,,,6.675,,,97.90375,26.157083333333333,5.72125,0.3710416666666667,26.541666666666668,13.399999999999999
2012-11-28,,,11.43875,,,87.32249999999999,27.800833333333333,25.50708333333333,0.23750000000000002,31.083333333333332,1.4
2012-11-29,,,5.815,,,84.77374999999999,28.807083333333335,25.375,0.18500000000000003,26.583333333333332,0.0
2012-11-30,,,2.482083333333333,,,77.86666666666666,28.86125,26.56125,0.16541666666666668,27.0,0.0
2012-12-01,,,12.989166666666668,,,76.57708333333333,30.03,23.795833333333334,0.21041666666666667,38.458333333333336,0.0
2012-12-02,,,26.067083333333333,,,79.21,32.362500000000004,31.868333333333336,0.41,45.666666666666664,1.8
2012-12-03,,,12.06875,,,82.70833333333333,31.14625,28.001666666666665,0.2525,36.625,0.0
2012-12-04,,,12.1725,,,80.25,32.20041666666666,22.969166666666666,0.16958333333333334,42.041666666666664,0.0
2012-12-05,,,7.594166666666666,,,74.01083333333334,33.6175,25.4575,0.21083333333333334,35.833333333333336,0.0
2012-12-06,,,18.20958333333333,,,68.04708333333333,35.204166666666666,28.590833333333332,0.22666666666666668,41.958333333333336,0.0
2012-12-07,,,24.645833333333332,,,63.15041666666667,37.985416666666666,38.39875,0.6254166666666666,57.208333333333336,0.0
2012-12-08,,,13.192916666666667,,,63.80625,37.927083333333336,67.82583333333334,0.4875,51.166666666666664,0.0
2012-12-09,,,1.1141666666666667,,,83.55958333333334,31.162499999999998,43.62625,0.145,23.833333333333332,0.0
2012-12-10,,,8.971666666666666,,,79.64458333333333,31.351250000000004,24.849166666666665,0.14208333333333334,33.645833333333336,0.0
2012-12-11,,,21.473333333333333,,,68.27916666666667,36.354166666666664,19.3675,0.48208333333333336,48.5,0.0
2012-12-12,,,11.167083333333332,,,75.74374999999999,33.692083333333336,39.32625,0.28541666666666665,44.333333333333336,0.6
2012-12-13,,,10.674999999999999,,,84.69625,32.654583333333335,25.239166666666666,0.38458333333333333,39.520833333333336,8.4
2012-12-14,,,15.539166666666667,,,92.14291666666666,30.605833333333333,13.40125,0.6529166666666667,40.958333333333336,14.8
2012-12-15,,,17.677083333333332,,,88.55250000000001,31.80541666666667,21.16125,0.5358333333333333,37.083333333333336,6.0
2012-12-16,,,26.526666666666667,,,88.08458333333333,32.29708333333333,29.527916666666666,0.5116666666666666,45.708333333333336,2.4
2012-12-17,,,19.169999999999998,,,77.97375,33.98458333333333,22.358333333333334,0.3975,30.708333333333332,0.0
2012-12-18,,,13.004583333333334,,,75.35041666666667,34.4675,29.352083333333336,0.30625,34.416666666666664,0.0
2012-12-19,,,13.15125,,,84.07666666666667,32.410833333333336,24.519583333333333,0.38375,37.458333333333336,0.0
2012-12-20,,,14.054166666666667,,,74.86583333333333,35.23708333333334,24.38625,0.2833333333333333,39.208333333333336,0.0
2012-12-21,,,20.525833333333335,,,71.30833333333334,35.407916666666665,35.63916666666667,0.225,38.6875,0.0
2012-12-22,,,20.896666666666665,,,75.85166666666667,34.10458333333333,31.34583333333333,0.2383333333333333,43.416666666666664,0.0
2012-12-23,,,8.505833333333333,,,79.68583333333333,33.11083333333333,35.59875,0.165,32.375,0.0
2012-12-24,,,15.108333333333334,,,75.71791666666667,33.666666666666664,30.385,0.11166666666666668,28.875,0.0
2012-12-25,,,20.385416666666668,,,66.26833333333333,37.08416666666667,31.276666666666667,0.14166666666666666,28.416666666666668,0.0
2012-12-26,,,34.31375,,,59.3425,39.91875,42.254583333333336,0.32375,48.708333333333336,0.0
2012-12-27,,,19.565,,,70.37041666666667,36.499583333333334,31.810833333333335,0.2808333333333333,52.541666666666664,0.0
2012-12-28,,,21.99,,,73.35166666666667,35.49166666666667,38.45291666666667,0.31,59.625,0.0
2012-12-29,,,16.4075,,,68.70833333333333,35.3125,37.4575,0.31875000000000003,58.125,0.0
2012-12-30,,,,,,78.90375,33.13791666666666,,,52.958333333333336,0.8
2012-12-31,,,,,,72.25875,35.21541666666666,,,40.166666666666664,0.0
2013-01-01,,,,,,60.12583333333333,37.48,,,34.833333333333336,0.0
2013-01-02,,,,,,76.88416666666667,33.584583333333335,,,31.583333333333332,0.0
2013-01-03,,,,,,99.40833333333335,28.300416666666667,,,20.916666666666668,29.2
2013-01-04,,,,,,94.32583333333334,28.72,,,17.666666666666668,0.2
2013-01-05,,,,,,83.00958333333334,30.917083333333334,,,27.75,0.0
2013-01-06,,,,,,71.72208333333333,34.803333333333335,,,35.25,0.0
2013-01-07,,,,,,61.71333333333333,36.781666666666666,,,42.75,0.0
2013-01-08,,,,,,63.58375,37.336666666666666,,,37.5,0.0
2013-01-09,,,4.468333333333334,,,78.04083333333334,34.07333333333333,,,32.375,0.0
2013-01-10,,,,,,98.87875000000001,28.496666666666666,,,24.625,21.2
2013-01-11,,,,,,95.32625,25.372500000000002,,,23.208333333333332,3.4000000000000004
2013-01-12,,,,,,91.88708333333334,27.077083333333334,,,36.875,0.8
2013-01-13,,,,,,84.2325,30.820416666666663,,,42.0,0.0
2013-01-14,,,2.557,,,89.20583333333333,29.16541666666667,,0.3277777777777778,27.166666666666668,5.6
2013-01-15,,,10.12375,,,88.71916666666668,29.002499999999998,,0.2758333333333333,30.5,41.0
2013-01-16,,,4.573333333333333,,,90.81625000000001,29.58375,,0.6354166666666666,35.166666666666664,3.0
2013-01-17,,,4.137291666666667,,,87.78687500000001,30.776458333333334,,0.35000000000000003,26.916666666666668,43.599999999999994
2013-01-18,,,7.109166666666667,,,89.32625,29.2925,36.795833333333334,0.24145833333333333,24.875,1.5999999999999999
2013-01-19,,,7.55875,,,85.805,30.96291666666667,23.6875,0.315,34.25,8.2
2013-01-20,,,2.6216666666666666,,,90.27541666666667,28.665833333333335,12.178333333333333,0.22624999999999998,13.083333333333334,6.6000000000000005
2013-01-21,,,1.5666666666666667,,,96.92708333333333,26.854166666666668,6.824583333333333,0.17625000000000002,15.0,22.799999999999997
2013-01-22,,,8.992083333333333,,,92.96125,27.13875,3.6820833333333334,0.145,18.125,23.799999999999997
2013-01-23,,,8.921666666666667,,,81.24916666666667,28.976666666666663,12.332500000000001,0.15916666666666665,26.958333333333332,0.2
2013-01-24,,,13.239583333333334,,,75.38916666666667,31.329166666666666,17.440416666666668,0.18947368421052632,33.666666666666664,0.0
2013-01-25,,,9.910833333333334,,,69.58874999999999,36.558749999999996,15.22875,0.46875,41.104166666666664,0.0
2013-01-26,,,2.93375,,,88.25916666666666,31.67125,29.810833333333335,0.19416666666666668,18.729166666666668,33.0
2013-01-27,,,6.02375,,,88.66333333333334,28.22,14.924583333333333,0.19583333333333333,26.041666666666668,1.4
2013-01-28,,,2.20125,,,86.0425,27.240416666666665,12.619583333333333,0.07583333333333334,19.571428571428573,1.4
2013-01-29,,,10.120833333333334,,,98.70458333333333,25.983333333333334,4.472916666666667,0.14416666666666667,18.916666666666668,1.6
2013-01-30,,,7.3325,,,85.40333333333332,28.969166666666666,7.019583333333333,0.12166666666666666,21.75,0.0
2013-01-31,,,6.417291666666666,,,86.90041666666667,30.4175,8.08625,0.11666666666666665,23.875,0.0
2013-02-01,,,3.6879166666666663,,,84.40958333333333,31.905416666666667,12.133333333333333,0.16583333333333333,27.375,0.0
2013-02-02,,,9.628958333333333,,,79.11916666666667,34.34666666666667,17.93166666666667,0.34208333333333335,26.666666666666668,2.2
2013-02-03,,,4.208541666666666,,,80.05333333333333,33.287083333333335,19.303749999999997,0.3641666666666667,26.333333333333332,12.0
2013-02-04,,,3.1612500000000003,,,95.04125,28.677916666666665,9.141666666666667,0.31083333333333335,23.083333333333332,19.0
2013-02-05,,,4.371875,,,94.13125000000001,26.903333333333332,9.66125,0.1775,21.333333333333332,14.000000000000002
2013-02-06,,,5.410833333333333,,,86.505,28.221249999999998,9.694583333333332,0.16270833333333334,23.125,0.4
2013-02-07,,,8.03,,,92.01875,29.142916666666665,9.135833333333332,0.4083333333333334,38.625,2.4000000000000004
2013-02-08,,,12.706249999999999,,,84.29125,31.920416666666668,26.425416666666667,0.3254166666666667,51.291666666666664,0.0
2013-02-09,,,13.457916666666668,,,84.64041666666667,32.897083333333335,24.75916666666667,0.2833333333333333,55.083333333333336,0.0
2013-02-10,,,11.069375,,,81.43625,33.44083333333334,24.38625,0.19708333333333336,50.979166666666664,0.0
2013-02-11,,,14.282083333333333,,,76.86874999999999,34.835,30.609166666666667,0.14291666666666666,44.916666666666664,0.0
2013-02-12,,,20.5475,,,68.86458333333333,35.59625,26.89125,0.15708333333333332,35.291666666666664,0.0
2013-02-13,,,18.659583333333334,,,73.77624999999999,35.32333333333333,44.147083333333335,0.245,47.166666666666664,0.0
2013-02-14,,,12.523333333333333,,,75.04416666666667,35.35708333333333,33.11,0.21833333333333335,52.208333333333336,0.0
2013-02-15,,,17.08625,,,73.30875,35.56875,30.582083333333333,0.2579166666666667,58.208333333333336,0.0
2013-02-16,,,22.62375,,,71.58166666666666,36.38666666666666,37.981249999999996,0.30916666666666665,59.791666666666664,0.0
2013-02-17,,,17.524583333333332,,,72.34791666666666,35.99,34.097500000000004,0.20166666666666666,50.041666666666664,0.0
2013-02-18,,,24.989375,,,69.02499999999999,36.28125,35.481249999999996,0.21625000000000003,51.166666666666664,0.0
2013-02-19,,,19.644583333333333,,,75.95,34.839999999999996,28.217916666666667,0.155,46.625,0.0
2013-02-20,,,14.871250000000002,,,71.34625,34.79958333333333,21.75583333333333,0.14916666666666667,52.291666666666664,0.0
2013-02-21,,,11.347916666666668,,,65.53,35.28916666666667,16.034166666666668,0.1525,36.708333333333336,0.0
2013-02-22,,,12.270208333333334,,,70.13916666666667,35.251666666666665,33.24583333333333,0.16333333333333333,48.875,0.0
2013-02-23,,,1.95,,,75.86291666666666,33.6075,39.13,0.13166666666666668,38.625,0.0
2013-02-24,,,10.410347222222223,,,74.65791666666667,33.37583333333333,21.185,0.19479166666666667,38.583333333333336,0.0
2013-02-25,,,17.081944444444446,,,65.21666666666667,35.75666666666667,17.13375,0.03916666666666667,39.416666666666664,0.0
2013-02-26,,,37.46395833333333,,,75.05125,34.55625,28.974166666666665,0.2708333333333333,55.625,26.8
2013-02-27,,,3.573958333333333,,,83.35625,30.596666666666668,32.6825,0.14166666666666666,15.833333333333334,6.8
2013-02-28,,,4.4470833333333335,,,91.88041666666668,28.887083333333333,13.128750000000002,0.18500000000000003,22.833333333333332,4.199999999999999
2013-03-01,,,2.8364583333333333,,,93.10458333333332,26.983333333333334,10.149583333333334,0.2125,19.958333333333332,3.6
2013-03-02,,,8.00125,,,95.62166666666667,27.302916666666665,7.046666666666667,0.23958333333333334,20.666666666666668,3.2
2013-03-03,,,6.6120833333333335,,,84.52708333333334,31.416666666666668,17.798333333333332,0.26,24.708333333333332,0.0
2013-03-04,,,14.166458333333333,,,72.36291666666666,34.26083333333333,21.115416666666665,0.3,33.666666666666664,0.0
2013-03-05,,,9.94595238095238,,,71.11428571428571,34.89,39.98952380952381,0.3628571428571429,42.0,0.0
2013-03-06,,,,,,,,,,,
2013-03-07,,,,,,,,,,,
2013-03-08,,,2.1766666666666663,,,,35.06666666666667,33.08416666666667,0.2175,40.80769230769231,
2013-03-09,,,9.884166666666667,,,81.56,33.723333333333336,21.661666666666665,0.30791666666666667,49.875,
2013-03-10,,,6.714666666666667,,,81.52285714285713,33.70928571428571,25.79375,0.3188888888888889,28.708333333333332,
2013-03-11,,,2.60625,,,,33.09,21.614375,0.22055555555555553,26.166666666666668,
2013-03-12,,,8.752083333333333,,,90.18652173913043,31.66333333333333,14.227083333333333,0.30583333333333335,41.479166666666664,
2013-03-13,,,9.492916666666668,,,82.76583333333333,34.81166666666667,26.188333333333333,0.3758333333333333,48.083333333333336,2.0
2013-03-14,,,1.125,,,94.03375,29.150000000000002,11.610416666666666,0.20125,26.958333333333332,12.0
2013-03-15,,,5.656000000000001,,,87.70933333333332,29.36466666666667,7.36,0.18933333333333333,28.6875,0.0
2013-03-16,,,,,,,,,,,
2013-03-17,,,,,,,,,,,
2013-03-18,,,4.9174999999999995,,,96.45333333333333,25.224999999999998,1.5975000000000001,,,0.0
2013-03-19,,,4.520208333333334,,,88.36541666666666,26.010416666666668,4.041458333333334,0.1623076923076923,28.181818181818183,0.0
2013-03-20,,,5.462916666666666,,,87.42708333333333,27.905,4.51,0.16291666666666668,34.708333333333336,0.0
2013-03-21,,,12.901666666666666,,,85.28458333333333,30.88291666666667,2.7745833333333336,0.4008333333333334,32.0625,0.0
2013-03-22,,,23.312916666666666,,,86.43291666666666,32.34708333333334,17.972916666666666,0.40291666666666665,64.54166666666667,0.0
2013-03-23,,,6.273125,,,85.77708333333334,31.00375,14.270833333333334,0.26208333333333333,32.958333333333336,0.0
2013-03-24,,,5.056875000000001,,,95.42041666666667,28.969583333333333,6.917083333333333,0.2504166666666667,20.208333333333332,0.0
2013-03-25,,,14.777708333333331,,,86.06791666666668,30.305000000000003,9.470416666666667,0.20770833333333336,26.5,0.0
2013-03-26,,,5.606875,,,88.97291666666666,29.563333333333333,6.427916666666667,0.3458333333333334,36.541666666666664,0.0
2013-03-27,,,8.565,,,97.79916666666666,27.24,3.1995833333333334,0.45125,28.083333333333332,0.0
2013-03-28,,,2.33625,,,82.54208333333334,28.277916666666666,18.878333333333334,0.15291666666666667,25.5,0.2
2013-03-29,,,5.855833333333333,,,87.20083333333334,27.35666666666667,15.002916666666666,0.14708333333333334,15.916666666666666,0.6000000000000001
2013-03-30,,,7.21875,,,89.96125,26.574166666666667,8.095833333333333,0.2733333333333334,28.666666666666668,0.0
2013-03-31,,,10.933958333333335,,,87.00708333333334,28.495,13.869166666666667,0.34041666666666665,21.458333333333332,0.0
2013-04-01,,,13.648958333333333,,,87.20958333333334,30.56125,19.627083333333335,0.24791666666666667,44.041666666666664,0.0
2013-04-02,,,6.935416666666666,,,89.36041666666667,30.182083333333335,13.553333333333335,0.18625,28.708333333333332,12.0
2013-04-03,,,6.610625,,,97.15249999999999,27.9825,1.8266666666666669,0.44875,26.875,20.599999999999998
2013-04-04,,,11.067083333333334,,,86.67625,30.486666666666665,8.622916666666667,0.3104166666666667,28.75,0.0
2013-04-05,,,14.791875,,,93.59916666666668,30.095,1.7825,1.08625,42.291666666666664,0.2
2013-04-06,,,13.071458333333332,,,85.62208333333332,31.26625,16.881249999999998,0.755,42.041666666666664,0.0
2013-04-07,,,5.647708333333333,,,86.68583333333333,30.759583333333335,21.419583333333332,0.3066666666666667,30.958333333333332,0.0
2013-04-08,,,4.775833333333334,,,78.585,29.951666666666668,24.272916666666664,0.13458333333333333,23.75,0.4
2013-04-09,,,3.9475,,,85.14375,28.39708333333333,12.083333333333334,0.14416666666666667,24.75,0.0
2013-04-10,,,6.288125,,,82.51375,28.324583333333333,11.946666666666667,0.15791666666666668,30.208333333333332,0.0
2013-04-11,,,5.175416666666667,,,76.58375,30.38083333333333,14.982916666666666,0.19041666666666668,30.5625,0.0
2013-04-12,,,14.17875,,,74.14208333333333,32.61,11.459583333333333,0.29375,35.041666666666664,0.0
2013-04-13,,,16.2525,,,81.70375,32.1175,13.409166666666666,0.4475,40.75,0.0
2013-04-14,,,1.4091666666666667,,,94.04166666666667,25.440833333333334,17.6625,0.22541666666666668,17.125,0.0
2013-04-15,,,2.8775,,,88.4325,25.24625,6.385416666666667,0.27625,29.291666666666668,0.0
2013-04-16,,,6.959791666666667,,,78.32375,27.47458333333333,21.75583333333333,0.35625,42.958333333333336,0.0
2013-04-17,,,1.6614583333333333,,,71.70458333333333,27.12125,22.06375,0.12458333333333334,33.833333333333336,0.0
2013-04-18,,,5.761875,,,80.91541666666667,25.84166666666667,10.080416666666666,0.22916666666666666,42.583333333333336,0.0
2013-04-19,,,5.9125000000000005,,,81.36375,26.730833333333333,8.159583333333334,0.29916666666666664,32.541666666666664,0.0
2013-04-20,,,2.4570833333333333,,,83.83666666666666,26.110833333333332,13.5725,0.21083333333333334,21.0,1.2
2013-04-21,,,6.976458333333333,,,87.84333333333332,25.56458333333333,10.962916666666667,0.31375000000000003,22.291666666666668,1.7999999999999998
2013-04-22,,,3.560208333333333,,,83.335,25.386666666666667,7.231249999999999,0.47875,28.666666666666668,3.4
2013-04-23,,,5.176458333333334,,,80.1075,26.248333333333335,17.165833333333335,0.16041666666666668,21.666666666666668,0.0
2013-04-24,,,2.9075,,,79.34958333333334,26.234375,12.824791666666668,0.25458333333333333,33.604166666666664,0.0
2013-04-25,,,10.144166666666667,,,80.10416666666667,25.89,12.005,0.18333333333333335,33.375,0.0
2013-04-26,,,12.283541666666666,,,80.99583333333334,26.5125,16.052083333333332,0.3433333333333333,48.166666666666664,0.0
2013-04-27,,,13.747291666666667,,,83.9225,26.69875,20.40458333333333,0.45083333333333336,64.75,0.0
2013-04-28,,,4.791666666666667,,,79.15125,27.06625,34.32958333333333,0.26416666666666666,42.041666666666664,0.0
2013-04-29,,,12.786666666666667,,,80.74083333333333,27.592916666666667,9.620416666666666,0.21645833333333334,45.291666666666664,0.0
2013-04-30,,,12.503333333333332,,,78.48333333333333,29.471666666666668,14.230833333333335,0.5533333333333333,80.66666666666667,0.0
2013-05-01,,,13.135,,,83.55499999999999,28.37375,19.31833333333333,0.55875,74.29166666666667,0.0
2013-05-02,,,5.554583333333333,,,85.555,28.36791666666667,16.667083333333334,0.28583333333333333,51.75,0.0
2013-05-03,,,9.896666666666667,,,80.30583333333333,29.54125,14.5675,0.30833333333333335,44.208333333333336,0.0
2013-05-04,,,18.344583333333333,,,78.22041666666667,30.122083333333332,11.49375,0.91125,70.66666666666667,0.0
2013-05-05,,,14.969583333333333,,,79.48541666666667,30.357083333333332,31.51875,0.46416666666666667,67.08333333333333,0.0
2013-05-06,,,5.433333333333334,,,92.81333333333333,23.9175,9.599583333333333,0.3233333333333333,45.416666666666664,10.0
2013-05-07,,,9.795,,,82.41541666666667,24.572916666666668,9.170416666666666,0.3045833333333334,37.041666666666664,0.0
2013-05-08,,,1.6266666666666667,,,73.96083333333333,24.119583333333335,13.84125,0.15875,36.833333333333336,1.6
2013-05-09,,,10.875833333333333,,,80.41541666666667,23.484166666666667,14.0575,0.30083333333333334,50.708333333333336,0.0
2013-05-10,,,6.4375,,,80.69666666666667,24.97791666666667,10.718333333333334,0.25666666666666665,46.291666666666664,0.0
2013-05-11,,,7.895,,,75.65791666666667,25.75375,13.67125,0.24625,38.083333333333336,0.0
2013-05-12,,,13.950416666666667,,,78.25041666666667,26.602083333333336,8.22125,0.41250000000000003,43.291666666666664,0.0
2013-05-13,,,26.243333333333336,,,82.53833333333333,27.191666666666666,6.935,0.33041666666666664,52.041666666666664,0.0
2013-05-14,,,24.015416666666667,,,79.36416666666666,29.491666666666664,7.075833333333333,0.60375,70.54166666666667,0.0
2013-05-15,,,24.480416666666667,,,78.59041666666667,30.895833333333332,12.650833333333333,0.6466666666666666,83.5,0.0
2013-05-16,,,8.61375,,,78.33645833333334,30.54375,14.912083333333333,0.5775,63.208333333333336,0.6000000000000001
2013-05-17,,,2.5004166666666667,,,98.40499999999999,24.669583333333335,14.290416666666667,0.19833333333333333,17.583333333333332,34.0
2013-05-18,,,4.679583333333333,,,96.72083333333335,23.409583333333334,7.522083333333334,0.21916666666666665,29.208333333333332,3.4000000000000004
2013-05-19,,,4.448333333333333,,,86.20208333333333,24.703333333333333,13.138333333333334,0.15791666666666668,27.083333333333332,0.0
2013-05-20,,,10.53875,,,83.7925,26.31125,8.832083333333333,0.29916666666666664,34.541666666666664,0.0
2013-05-21,,,2.84375,,,82.93625,27.680833333333336,12.948333333333332,0.1925,32.583333333333336,0.0
2013-05-22,,,1.7491666666666665,,,81.00833333333334,26.8,8.700833333333334,0.16416666666666666,28.125,2.0
2013-05-23,,,5.3445833333333335,,,92.0625,24.633750000000003,3.4133333333333336,0.3279166666666667,34.791666666666664,3.8000000000000003
2013-05-24,,,8.1225,,,92.37625000000001,23.61,4.982083333333333,0.22791666666666666,23.208333333333332,1.8
2013-05-25,,,5.845833333333334,,,87.30208333333333,24.14125,10.614166666666668,0.26125,25.125,3.0
2013-05-26,,,4.3533333333333335,,,84.10416666666667,24.347916666666666,12.756666666666666,0.20458333333333334,23.708333333333332,0.0
2013-05-27,,,13.187916666666666,,,78.36416666666666,25.619583333333335,6.381666666666667,0.3333333333333333,32.625,0.0
2013-05-28,,,12.153333333333334,,,81.38875,26.70875,11.775416666666667,0.27291666666666664,47.125,1.8000000000000003
2013-05-29,,,9.975,,,79.3375,28.089166666666667,2.2279166666666668,0.9204166666666667,46.791666666666664,0.4
2013-05-30,,,7.3075,,,78.60833333333333,28.346666666666668,15.467916666666667,0.26958333333333334,32.833333333333336,0.0
2013-05-31,,,3.4320833333333334,,,94.34291666666667,23.698333333333334,9.910416666666668,0.15625,31.166666666666668,5.0
2013-06-01,,,11.774166666666666,,,88.45166666666667,25.096666666666664,8.234166666666667,0.46708333333333335,47.25,0.2
2013-06-02,,,12.49125,,,82.92208333333333,27.64625,11.864166666666668,0.6716666666666667,40.458333333333336,0.0
2013-06-03,,,6.054166666666667,,,98.19708333333334,24.727500000000003,1.5170833333333331,0.3770833333333334,31.416666666666668,14.600000000000001
2013-06-04,,,5.575,,,95.10125,23.4275,5.015416666666667,0.3,27.208333333333332,4.6
2013-06-05,,,14.330833333333333,,,92.45958333333334,24.1575,5.627916666666667,0.3020833333333333,42.041666666666664,0.2
2013-06-06,,,30.807916666666667,,,86.29791666666667,26.155416666666667,2.82625,0.7833333333333333,56.791666666666664,0.0
2013-06-07,,,11.853333333333332,,,88.17208333333333,27.05458333333333,13.702083333333333,0.7066666666666667,39.46153846153846,0.0
2013-06-08,,,8.779583333333333,,,89.74958333333332,27.014583333333334,24.815833333333334,0.22791666666666666,29.208333333333332,0.0
2013-06-09,,,1.926111111111111,,,81.70222222222223,27.287777777777777,24.542777777777776,0.29833333333333334,35.041666666666664,0.0
2013-06-10,,,18.78291666666667,,,83.68958333333333,26.244583333333335,11.422916666666666,0.5445833333333333,44.041666666666664,0.0
2013-06-11,,,19.013333333333332,,,77.22708333333334,26.551666666666666,7.3258333333333345,0.6616666666666667,50.583333333333336,0.0
2013-06-12,,,15.84625,,,81.16791666666667,26.527916666666666,10.1975,0.42625,56.125,0.0
2013-06-13,,,8.231666666666667,,,87.09708333333333,26.7625,13.021666666666667,0.36916666666666664,53.875,0.0
2013-06-14,,,4.3425,,,87.51125,26.97083333333333,22.943749999999998,0.31666666666666665,38.5,1.0
2013-06-15,,,1.7924999999999998,,,93.33583333333333,24.187083333333334,18.82375,0.32875000000000004,24.416666666666668,2.5999999999999996
2013-06-16,,,11.172083333333333,,,88.53208333333333,25.34958333333333,12.315833333333332,0.49416666666666664,31.875,0.0
2013-06-17,,,7.982083333333333,,,83.81208333333333,26.528333333333336,7.14375,0.6408333333333334,34.5,0.6000000000000001
2013-06-18,,,4.157916666666666,,,82.80208333333333,25.960416666666664,14.1925,0.435,19.5,0.0
2013-06-19,,,10.512916666666667,,,88.09166666666665,25.633333333333336,9.344583333333334,0.465,38.75,0.0
2013-06-20,,,15.638333333333334,,,91.90541666666667,26.17625,11.595833333333333,0.39125000000000004,76.54166666666667,0.0
2013-06-21,,,29.659166666666664,,,83.44041666666666,27.186666666666667,5.108333333333333,1.3508333333333333,73.70833333333333,0.0
2013-06-22,,,4.93625,,,72.43958333333333,28.725416666666664,10.60375,0.49416666666666664,43.833333333333336,0.0
2013-06-23,,,4.718333333333333,,,84.93041666666666,24.2925,14.016666666666666,0.205,25.833333333333332,0.0
2013-06-24,,,7.374583333333334,,,85.44208333333334,24.51375,8.908333333333333,0.09083333333333334,32.041666666666664,0.4
2013-06-25,,,10.447083333333333,,,77.29541666666667,26.54125,7.115833333333334,0.3725,37.416666666666664,0.0
2013-06-26,,,22.73,,,83.96541666666667,26.83666666666667,3.71625,0.5716666666666667,52.25,0.0
2013-06-27,,,11.414166666666667,,,88.81666666666666,26.963333333333335,7.5325,0.5154166666666667,67.04166666666667,0.2
2013-06-28,,,8.404166666666667,,,92.58583333333333,26.349166666666665,7.4593750000000005,0.2791666666666667,31.75,0.2
2013-06-29,,,16.311249999999998,,,81.75125,29.150833333333335,10.737083333333333,1.0562500000000001,49.583333333333336,0.0
2013-06-30,,,10.676666666666668,,,88.025,28.135555555555555,8.383333333333333,1.1744444444444444,66.3157894736842,0.0
2013-07-01,,,10.405714285714286,,,90.46571428571428,26.893571428571427,11.137142857142857,0.3007142857142857,37.266666666666666,8.4
2013-07-02,,,5.131666666666667,,,96.1475,22.237083333333334,8.284166666666666,0.14270833333333333,12.875,17.2
2013-07-03,,,7.045833333333333,,,80.33291666666666,23.901666666666667,4.2683333333333335,0.16,34.708333333333336,0.0
2013-07-04,,,13.253333333333332,,,79.55458333333333,23.567083333333333,8.849583333333333,0.14916666666666667,29.208333333333332,0.0
2013-07-05,,,16.2425,,,80.71625,23.46166666666667,6.40375,0.5679166666666667,32.541666666666664,0.0
2013-07-06,,,23.55666666666667,,,84.12583333333333,23.717083333333335,3.9570833333333333,1.0645833333333334,52.333333333333336,0.0
2013-07-07,,,25.706666666666667,,,80.89666666666666,24.50375,8.82,2.12125,89.66666666666667,0.0
2013-07-08,,,17.58791666666667,,,86.90916666666668,23.979583333333334,11.098333333333334,0.77875,53.041666666666664,11.2
2013-07-09,,,4.259166666666666,,,86.69708333333334,23.186666666666667,14.45125,0.09791666666666667,25.708333333333332,3.1999999999999997
2013-07-10,,,8.215,,,82.98291666666667,22.628333333333334,8.10875,0.18666666666666668,28.541666666666668,0.0
2013-07-11,,,8.180416666666668,,,81.25,22.78125,9.069166666666666,0.21916666666666665,21.5,0.0
2013-07-12,,,19.66,,,83.4775,23.40625,6.18,0.54,43.625,0.0
2013-07-13,,,20.40125,,,79.94916666666667,26.31375,5.723333333333334,0.9895833333333334,46.291666666666664,0.0
2013-07-14,,,17.47625,,,78.84,28.6375,12.209166666666667,1.3104166666666666,57.0,28.599999999999998
2013-07-15,,,4.248181818181819,,,83.43727272727273,25.783636363636365,28.591,0.08454545454545455,10.333333333333334,1.6
2013-07-16,,,2.04875,,,88.58333333333333,23.886666666666667,14.966458333333334,0.14041666666666666,27.214285714285715,1.5999999999999999
2013-07-17,,,14.85125,,,83.39458333333333,25.355416666666667,9.76625,0.5641666666666666,42.083333333333336,0.0
2013-07-18,,,28.362083333333334,,,80.78083333333333,27.027916666666666,5.815625,1.23875,74.45833333333333,0.0
2013-07-19,,,18.53375,,,82.49125,28.06833333333333,,1.0283333333333333,76.16666666666667,0.6000000000000001
2013-07-20,,,19.46291666666667,,,84.33833333333334,28.672916666666666,,0.9754166666666667,47.375,0.0
2013-07-21,,,7.113333333333333,,,76.98625,29.58375,,0.4033333333333333,38.75,0.0
2013-07-22,,,15.08875,,,90.62124999999999,27.553749999999997,15.046249999999999,0.375,43.5,0.0
2013-07-23,,,2.920833333333333,,,91.03750000000001,22.34375,12.997083333333334,0.06791666666666667,11.354166666666666,0.0
2013-07-24,,,1.8004166666666668,,,90.39416666666666,16.849999999999998,12.3725,0.19708333333333336,15.333333333333334,11.2
2013-07-25,,,3.18625,,,96.62833333333333,17.295416666666664,8.945416666666667,0.12916666666666668,13.625,11.200000000000001
2013-07-26,,,4.677083333333333,,,84.90958333333333,20.43,20.70958333333333,0.13083333333333333,14.541666666666666,1.0
2013-07-27,,,4.697916666666667,,,91.43333333333334,20.670833333333334,14.660833333333334,0.4375,20.083333333333332,1.6
2013-07-28,,,6.8999999999999995,,,86.9875,20.219166666666666,11.349583333333333,0.8866666666666667,38.875,0.0
2013-07-29,,,7.71,,,86.43,21.232916666666664,10.75625,0.27416666666666667,30.833333333333332,0.0
2013-07-30,,,11.2975,,,85.84083333333332,21.355416666666667,18.19625,0.3516666666666666,42.666666666666664,0.0
2013-07-31,,,8.880625,,,87.97020833333333,22.114791666666665,10.112083333333333,0.3429166666666667,45.083333333333336,0.0
2013-08-01,,,28.397916666666664,,,81.1375,24.011666666666667,3.7552083333333335,1.079375,76.33333333333333,0.0
2013-08-02,,,28.60083333333333,,,78.44208333333333,25.673333333333332,7.338333333333334,1.4783333333333333,107.08333333333333,0.0
2013-08-03,,,30.531458333333333,,,72.85333333333334,26.94083333333333,19.96375,1.8225,107.79166666666667,0.0
2013-08-04,,,29.58791666666667,,,71.81625,28.641666666666666,10.320833333333335,1.4154166666666665,80.08333333333333,0.0
2013-08-05,,,3.9466666666666668,,,88.97916666666667,24.86791666666667,22.852083333333336,0.16333333333333333,50.916666666666664,0.0
2013-08-06,,,19.464583333333334,,,86.75916666666667,25.166666666666668,19.462083333333332,0.26,61.916666666666664,0.0
2013-08-07,,,9.072083333333333,,,87.38791666666667,25.34125,21.972916666666666,0.315,61.541666666666664,0.0
2013-08-08,,,15.728333333333333,,,76.80375,27.659583333333334,7.852916666666666,0.4320833333333334,43.666666666666664,0.0
2013-08-09,,,29.904791666666668,,,66.20416666666667,29.515,6.335416666666667,1.1208333333333333,73.04166666666667,0.0
2013-08-10,,,19.5475,,,78.22541666666667,28.094583333333333,18.36,0.7683333333333334,70.875,0.0
2013-08-11,,,4.64125,,,82.97041666666667,23.00208333333333,19.096666666666668,0.395,49.208333333333336,0.0
2013-08-12,,,9.65375,,,84.11541666666666,23.790833333333335,8.710833333333333,0.5416666666666666,58.208333333333336,0.0
2013-08-13,,,29.012083333333333,,,82.79541666666667,27.75125,14.695416666666667,1.1016666666666668,111.25,0.0
2013-08-14,,,3.999166666666667,,,83.48541666666667,24.6875,26.297916666666666,0.15458333333333332,33.75,0.6000000000000001
2013-08-15,,,0.38083333333333336,,,81.08875,19.884166666666665,27.9875,0.08333333333333333,16.625,0.8
2013-08-16,,,11.994166666666667,,,78.47875,22.391666666666666,16.525833333333335,0.20375,37.666666666666664,0.0
2013-08-17,,,11.092083333333333,,,84.015,23.1675,16.926666666666666,0.12625,32.083333333333336,4.0
2013-08-18,,,2.7266666666666666,,,88.05958333333332,21.794583333333335,18.058333333333334,0.22708333333333333,21.375,7.0
2013-08-19,,,4.7575,,,84.86625,22.64,12.488333333333332,0.16833333333333333,24.375,0.0
2013-08-20,,,7.79375,,,80.3475,24.587500000000002,19.839583333333334,0.115,26.291666666666668,0.0
2013-08-21,,,11.1325,,,81.24125,26.36375,14.966666666666667,0.16333333333333333,34.5,0.0
2013-08-22,,,20.31833333333333,,,73.85041666666667,28.731666666666666,8.485416666666667,0.6483333333333333,52.208333333333336,0.0
2013-08-23,,,27.622083333333332,,,64.85875,31.714583333333334,20.173750000000002,0.48208333333333336,47.333333333333336,0.0
2013-08-24,,,10.130833333333333,,,83.2075,26.655,44.500416666666666,0.18583333333333332,60.791666666666664,0.0
2013-08-25,,,16.28625,,,82.22166666666666,28.544583333333335,29.499583333333334,0.2654166666666667,67.29166666666667,0.0
2013-08-26,,,5.878333333333334,,,86.78166666666668,25.610416666666666,22.617083333333337,0.18291666666666664,54.791666666666664,0.0
2013-08-27,,,5.30375,,,88.06083333333333,22.412499999999998,17.474166666666665,0.08416666666666667,21.5,0.0
2013-08-28,,,1.0704166666666668,,,71.17166666666667,21.565416666666668,27.349166666666665,0.04416666666666667,20.916666666666668,0.0
2013-08-29,,,11.066250000000002,,,78.60625,22.035833333333333,21.256666666666668,0.10208333333333335,38.5,0.0
2013-08-30,,,8.707083333333333,,,79.76125,24.397916666666664,18.470833333333335,0.15666666666666668,38.791666666666664,0.0
2013-08-31,,,13.387083333333335,,,72.2075,25.519166666666667,21.41208333333333,0.15166666666666667,39.041666666666664,0.0
2013-09-01,,,22.592916666666667,,,70.92041666666667,27.920833333333334,18.25375,0.6408333333333333,48.333333333333336,0.0
2013-09-02,,,17.30333333333333,,,68.69208333333333,29.679166666666664,16.03625,0.6929166666666666,61.291666666666664,0.0
2013-09-03,,,8.586041666666667,,,70.98416666666667,29.27208333333333,25.581249999999997,0.4658333333333333,57.958333333333336,9.4
2013-09-04,,,3.0991666666666666,,,100.0,21.932083333333335,14.878333333333332,0.2920833333333333,25.625,39.199999999999996
2013-09-05,,,2.393333333333333,,,87.80416666666667,23.627916666666668,19.772083333333335,0.0625,30.166666666666668,3.0
2013-09-06,,,2.6991666666666667,,,76.38875,24.630416666666665,19.643333333333334,0.11583333333333334,31.0,0.0
2013-09-07,,,2.205,,,80.065,24.467083333333335,23.64333333333333,0.1575,31.625,0.0
2013-09-08,,,3.3858333333333337,,,75.46583333333334,26.750416666666666,19.120833333333334,0.1991666666666667,33.125,0.0
2013-09-09,,,8.077916666666667,,,73.88333333333334,27.909166666666668,11.772083333333333,0.2125,30.125,0.0
2013-09-10,,,4.904166666666667,,,86.20208333333333,27.309166666666666,13.042083333333332,0.26333333333333336,59.125,0.0
2013-09-11,,,3.839166666666667,,,73.25916666666667,28.0625,15.246250000000002,0.08291666666666667,29.75,0.0
2013-09-12,,,3.450416666666667,,,69.62416666666667,28.359583333333333,13.447083333333333,0.10375,33.5,0.0
2013-09-13,,,8.454583333333334,,,70.28625,28.786666666666665,14.747916666666667,0.19208333333333336,48.125,0.0
2013-09-14,,,12.354583333333332,,,67.23625,30.835833333333337,20.954166666666666,0.23291666666666666,48.083333333333336,0.0
2013-09-15,,,13.504583333333334,,,67.35916666666667,31.93541666666667,16.041666666666668,0.18416666666666667,39.416666666666664,0.0
2013-09-16,,,13.948333333333332,,,63.42958333333333,33.58875,13.294166666666667,0.18000000000000002,55.833333333333336,0.0
2013-09-17,,,4.292916666666667,,,77.53,30.434166666666666,29.351249999999997,0.24125,57.458333333333336,1.4
2013-09-18,,,3.3204166666666666,,,87.18666666666667,27.032083333333333,16.480833333333333,0.1425,18.125,0.2
2013-09-19,,,4.461666666666667,,,89.06708333333334,27.262083333333333,15.772083333333335,0.11979166666666667,22.333333333333332,0.0
2013-09-20,,,6.695833333333333,,,83.19708333333334,30.172916666666666,19.040833333333335,0.23375,49.583333333333336,0.0
2013-09-21,,,15.209583333333333,,,63.56625,33.737500000000004,14.077916666666667,0.7549999999999999,59.0,0.0
2013-09-22,,,6.424166666666667,,,75.56625,31.23875,28.717083333333335,0.6270833333333333,58.083333333333336,0.0
2013-09-23,,,5.299166666666666,,,85.16791666666667,28.624583333333334,29.39375,0.12333333333333334,27.0,0.0
2013-09-24,,,3.8000000000000003,,,94.95166666666667,26.047083333333333,16.100833333333334,0.21541666666666667,20.0,2.8000000000000003
2013-09-25,,,0.08416666666666667,,,75.54083333333334,22.670833333333334,36.30416666666667,0.025416666666666667,20.375,0.2
2013-09-26,,,0.13291666666666666,,,69.39041666666667,23.05,33.287083333333335,0.03375,22.041666666666668,0.4
2013-09-27,,,1.9241666666666666,,,70.44416666666667,22.297916666666666,18.221666666666668,0.12458333333333334,26.125,0.0
2013-09-28,,,1.2154166666666668,,,68.68291666666667,24.383750000000003,26.342916666666667,0.1325,24.833333333333332,0.0
2013-09-29,,,6.581666666666667,,,88.58583333333333,24.173333333333332,12.755833333333333,0.3154166666666667,34.416666666666664,2.6000000000000005
2013-09-30,,,2.0908333333333333,,,83.45208333333333,27.295,17.26625,0.11125,27.958333333333332,0.0
2013-10-01,,,3.8475,,,72.65083333333334,30.38083333333333,40.61416666666667,0.245,26.791666666666668,0.0
2013-10-02,,,4.142916666666666,,,92.17541666666666,26.30333333333333,22.77625,0.29083333333333333,22.458333333333332,4.2
2013-10-03,,,0.8566666666666666,,,88.37041666666666,27.547916666666666,18.129166666666666,0.19083333333333333,27.0,0.0
2013-10-04,,,6.5370833333333325,,,97.00625000000001,27.2525,7.21,0.7008333333333333,34.75,10.0
2013-10-05,,,4.158333333333333,,,80.14625,26.030416666666667,28.74791666666667,0.67375,26.666666666666668,0.0
2013-10-06,,,1.4729166666666667,,,72.29625,24.266666666666666,34.23166666666667,0.11583333333333334,13.541666666666666,0.0
2013-10-07,,,4.2675,,,85.0725,22.3275,10.5675,0.19166666666666665,16.520833333333332,1.0
2013-10-08,,,3.17875,,,94.0411111111111,20.84777777777778,4.814444444444444,0.09625,12.333333333333334,0.2
2013-10-09,,,1.3900000000000001,,,69.26444444444445,24.85666666666667,,0.09888888888888889,19.5,0.0
2013-10-10,,,0.10842105263157895,,,69.15729166666667,25.582916666666666,23.955833333333334,0.09708333333333334,20.958333333333332,0.0
2013-10-11,,,3.4589583333333334,,,69.90083333333332,25.957916666666666,18.043333333333333,0.0725,29.041666666666668,0.0
2013-10-12,,,1.6674999999999998,,,68.87125,27.5175,17.951249999999998,,37.708333333333336,0.0
2013-10-13,,,0.43625,,,63.57958333333334,29.76125,17.207916666666666,0.317,34.166666666666664,0.0
2013-10-14,,,4.750416666666667,,,61.24625,32.43958333333333,14.512083333333335,0.26333333333333336,49.875,0.0
2013-10-15,,,3.8212499999999996,,,76.6,29.59166666666667,11.984583333333333,0.24541666666666664,54.583333333333336,0.0
2013-10-16,,,1.265,,,97.87666666666667,25.387083333333333,1.9920833333333334,0.4683333333333333,66.33333333333333,26.2
2013-10-17,,,0.0075,,,93.70125,26.569166666666664,5.679583333333333,0.26833333333333337,28.666666666666668,3.0000000000000004
2013-10-18,,,1.0945833333333332,,,89.28666666666668,26.52333333333333,10.18125,0.3233333333333333,26.166666666666668,5.2
2013-10-19,,,1.08125,,,84.6125,26.937916666666666,21.727500000000003,0.31416666666666665,24.625,0.0
2013-10-20,,,4.120416666666666,,,82.62875,28.98875,28.255416666666665,0.3145833333333333,32.333333333333336,0.0
2013-10-21,,,12.3925,,,74.60000000000001,34.36875,34.90291666666666,0.34791666666666665,54.5,0.0
2013-10-22,,,3.8058333333333336,,,72.98541666666667,32.165,35.812083333333334,0.4429166666666667,42.416666666666664,0.0
2013-10-23,,,10.504166666666666,,,81.85166666666667,30.754166666666666,23.29375,0.36083333333333334,55.833333333333336,0.0
2013-10-24,,,10.887500000000001,,,67.82125,33.95166666666667,33.41375,0.33083333333333337,58.291666666666664,0.0
2013-10-25,,,2.6725,,,82.78291666666667,29.430833333333336,33.077083333333334,0.16833333333333333,39.416666666666664,1.0
2013-10-26,,,4.566041666666667,,,89.1425,28.144583333333333,22.91125,0.1775,23.416666666666668,0.0
2013-10-27,,,5.132083333333333,,,74.39,30.819166666666664,33.75208333333333,0.27458333333333335,32.916666666666664,0.0
2013-10-28,,,1.50125,,,70.59083333333334,26.685000000000002,36.82541666666667,0.0725,28.958333333333332,0.0
2013-10-29,,,4.294375,,,65.535,24.611041666666665,23.254583333333333,0.1375,35.625,0.0
2013-10-30,,,6.25875,,,74.74291666666666,25.306250000000002,23.467916666666667,0.12708333333333335,43.708333333333336,0.0
2013-10-31,,,3.8204166666666666,,,79.17958333333333,24.329583333333332,19.381666666666668,0.165,20.666666666666668,0.6000000000000001
2013-11-01,,,5.7195833333333335,,,62.916666666666664,26.33125,18.798333333333332,0.19875,33.708333333333336,0.0
2013-11-02,,,3.9450000000000003,,,60.69125,27.204583333333332,27.741249999999997,0.11666666666666665,35.125,0.0
2013-11-03,,,6.961041666666667,,,52.18666666666667,29.206666666666667,21.62291666666667,0.2520833333333333,32.0,0.0
2013-11-04,,,8.565833333333334,,,54.45583333333334,29.97875,35.60708333333333,0.19499999999999998,35.708333333333336,0.0
2013-11-05,,,3.9343749999999997,,,83.24958333333333,25.841250000000002,26.684583333333336,0.15208333333333332,18.75,0.0
2013-11-06,,,3.115,,,99.2,23.0925,8.527083333333334,0.24250000000000002,11.25,16.6
2013-11-07,,,8.481875,,,99.2,22.595416666666665,3.637916666666667,0.5820833333333334,18.125,36.2
2013-11-08,,,4.4075,,,83.52854166666667,26.582083333333333,11.454166666666666,0.7658333333333333,24.979166666666668,0.0
2013-11-09,,,3.6620833333333334,,,82.93708333333333,27.864583333333332,18.062083333333334,,13.125,0.0
2013-11-10,,,4.173958333333333,,,83.43958333333333,29.247083333333336,16.765833333333333,,15.833333333333334,0.0
2013-11-11,,,7.297631578947368,,,65.48875,34.61208333333333,23.981666666666666,,31.604166666666668,0.0
2013-11-12,,,2.728125,,,59.1875,37.12208333333333,26.247083333333336,,50.666666666666664,9.4
2013-11-13,,,2.026666666666667,,,85.34833333333334,28.61916666666667,26.84625,,20.916666666666668,3.6
2013-11-14,,,0.21041666666666667,,,83.07041666666667,26.907083333333333,23.552916666666665,,27.083333333333332,0.0
2013-11-15,,,3.7247916666666665,,,84.45875,28.237916666666667,18.830416666666668,,37.0,0.0
2013-11-16,,,4.9504166666666665,,,62.73583333333334,34.352916666666665,22.950416666666666,,30.666666666666668,0.0
2013-11-17,,,1.876875,,,98.20333333333333,25.841250000000002,28.913749999999997,,19.875,18.6
2013-11-18,,,2.6245833333333333,,,84.74541666666667,26.24208333333333,20.89,,22.666666666666668,0.0
2013-11-19,,,4.480208333333334,,,71.825625,31.30520833333333,20.707291666666666,,32.333333333333336,0.0
2013-11-20,,,2.6660416666666666,,,66.92208333333333,33.35458333333333,21.195416666666667,,38.25,0.0
2013-11-21,,,3.5427083333333336,,,53.266041666666666,34.990208333333335,24.276458333333334,,40.5,0.0
2013-11-22,,,1.0552083333333333,,,74.51458333333333,29.16125,29.887916666666666,,14.833333333333334,14.799999999999999
2013-11-23,,,2.15,,,98.27583333333332,25.274583333333336,12.068333333333333,,15.166666666666666,8.2
2013-11-24,,,2.8056521739130433,,,95.49333333333334,26.382499999999997,13.425416666666665,,13.625,3.8000000000000007
2013-11-25,,,3.346458333333333,,,92.46375,24.5425,2.2275,,17.041666666666668,7.2
2013-11-26,,,1.8179166666666668,,,85.39375,23.725416666666664,2.2341666666666664,,13.958333333333334,8.2
2013-11-27,,,1.7922916666666666,,,69.03875000000001,26.957916666666666,9.606250000000001,,22.125,0.2
2013-11-28,,,3.3360416666666666,,,56.77166666666667,30.095416666666665,11.637916666666667,,30.083333333333332,0.0
2013-11-29,,,1.4220833333333334,,,63.85916666666666,29.472916666666666,21.936666666666667,,41.083333333333336,0.0
2013-11-30,,,2.748125,,,80.20833333333333,26.378333333333334,13.910416666666668,,24.583333333333332,9.000000000000002
2013-12-01,,,1.2302083333333333,,,86.70833333333333,25.370416666666667,4.60625,,25.125,6.800000000000001
2013-12-02,,,3.353125,,,79.78458333333333,27.248333333333335,6.522083333333334,,38.833333333333336,0.8
2013-12-03,,,3.9752083333333332,,,61.07875000000001,29.515416666666667,14.628749999999998,0.257,20.5625,0.0
2013-12-04,,,5.032291666666667,,,57.51291666666666,29.52125,22.127916666666668,0.42083333333333334,35.75,0.0
2013-12-05,,,6.0675,,,64.74791666666667,30.551666666666666,40.66041666666667,0.3383333333333333,54.541666666666664,29.0
2013-12-06,,,4.675416666666666,,,71.42708333333333,26.099166666666665,25.402916666666666,0.19583333333333333,17.166666666666668,0.2
2013-12-07,,,4.494583333333334,,,74.12875,26.373333333333335,18.605416666666667,0.26416666666666666,35.166666666666664,0.0
2013-12-08,,,5.7820833333333335,,,71.71166666666666,27.385833333333334,19.4275,0.22666666666666668,32.75,0.0
2013-12-09,,,8.295,,,66.60708333333334,29.647499999999997,19.775,0.22041666666666668,30.416666666666668,0.0
2013-12-10,,,4.548125,,,68.655625,29.894583333333333,17.96,0.31875000000000003,40.083333333333336,31.400000000000002
2013-12-11,,,2.3589583333333333,,,92.9475,24.196250000000003,20.0325,0.29083333333333333,9.458333333333334,92.4
2013-12-12,,,2.8083333333333336,,,80.78625,24.10166666666667,12.08,0.18916666666666668,14.791666666666666,2.0
2013-12-13,,,4.024791666666666,,,73.4975,24.444999999999997,7.899166666666667,0.3620833333333333,22.708333333333332,0.0
2013-12-14,,,5.3429166666666665,,,70.36874999999999,25.257500000000004,11.10125,0.19666666666666666,21.708333333333332,0.0
2013-12-15,,,2.907083333333333,,,71.12208333333334,26.005416666666665,11.577083333333334,0.14833333333333334,17.875,0.0
2013-12-16,,,5.033125,,,71.46458333333334,25.26875,11.952916666666667,0.11708333333333333,15.791666666666666,0.0
2013-12-17,,,6.110625,,,74.23583333333333,24.5975,7.857916666666667,0.14666666666666667,15.770833333333334,0.0
2013-12-18,,,4.635416666666667,,,80.08874999999999,24.290833333333335,8.697916666666666,0.14333333333333334,18.333333333333332,4.6
2013-12-19,,,2.6437500000000003,,,80.52520833333334,25.012083333333333,12.2525,0.18458333333333332,13.833333333333334,0.2
2013-12-20,,,7.751041666666667,,,72.00729166666666,26.57166666666667,10.94625,0.24166666666666667,18.895833333333332,0.0
2013-12-21,,,6.661041666666667,,,74.218125,26.08,7.928541666666667,0.3854166666666667,24.916666666666668,0.0
2013-12-22,,,7.495208333333333,,,80.19458333333334,25.765416666666667,8.1975,0.30083333333333334,21.208333333333332,0.0
2013-12-23,,,7.560833333333334,,,80.68916666666667,25.930833333333336,6.347916666666666,0.32625,23.291666666666668,0.2
2013-12-24,,,6.249375000000001,,,77.47166666666666,26.584166666666665,11.135,0.1875,19.541666666666668,1.2000000000000002
2013-12-25,,,7.771249999999999,,,73.24499999999999,27.5425,14.202916666666667,0.19000000000000003,15.958333333333334,0.0
2013-12-26,,,6.421250000000001,,,72.41541666666667,28.1675,22.77125,0.13125,22.291666666666668,0.0
2013-12-27,,,10.804791666666667,,,65.05208333333333,29.335833333333337,23.708333333333332,0.28291666666666665,38.416666666666664,0.0
2013-12-28,,,8.879166666666666,,,63.990833333333335,31.36708333333333,30.34,0.56625,49.0,0.0
2013-12-29,,,10.585208333333334,,,72.54291666666667,30.34583333333333,20.283333333333335,0.7466666666666666,48.958333333333336,5.0
2013-12-30,,,5.200625,,,62.299285714285716,31.84,22.955416666666665,0.32375,23.833333333333332,12.200000000000001
2013-12-31,,,9.132708333333333,,,64.36800000000001,31.812,21.435000000000002,0.3154166666666667,22.291666666666668,5.3999999999999995
2014-01-01,,,5.646041666666666,,,64.30208333333333,31.42833333333333,33.30958333333333,0.27208333333333334,35.041666666666664,0.0
2014-01-02,,,3.717083333333333,,,63.263749999999995,30.705416666666665,33.225833333333334,0.22833333333333336,22.458333333333332,0.2
2014-01-03,,,3.829166666666667,,,60.42166666666666,33.46041666666667,29.686041666666668,0.5204166666666666,52.416666666666664,0.0
2014-01-04,,,1.6781249999999999,,,64.60458333333334,31.6875,27.037916666666664,0.25583333333333336,34.583333333333336,0.0
2014-01-05,,,3.142916666666667,,,66.06750000000001,29.564999999999998,37.38875,0.21583333333333332,32.375,0.0
2014-01-06,,,2.4825,,,64.89416666666666,29.156666666666666,23.001666666666665,0.12875,35.875,0.0
2014-01-07,,,2.3875,,,60.72291666666667,28.52,16.207916666666666,0.20916666666666664,30.208333333333332,0.0
2014-01-08,,,6.825833333333333,,,54.51958333333334,30.564999999999998,19.425,0.19458333333333333,31.958333333333332,0.0
2014-01-09,,,1.7697916666666667,,,57.10333333333333,30.805833333333336,17.573333333333334,0.25458333333333333,41.0,0.0
2014-01-10,,,3.625833333333333,,,61.60791666666666,30.199166666666667,13.462083333333334,0.15708333333333332,32.5,0.0
2014-01-11,,,4.7908333333333335,,,57.984583333333326,31.86375,17.758333333333333,0.25083333333333335,36.541666666666664,0.0
2014-01-12,,,1.9808333333333332,,,61.089166666666664,31.157916666666665,28.2825,0.23625,43.333333333333336,0.0
2014-01-13,,,3.3375000000000004,,,62.595416666666665,30.535833333333333,22.797916666666666,0.3,51.916666666666664,10.8
2014-01-14,,,0.03888888888888889,,,53.25363636363636,32.364999999999995,,0.2725,43.166666666666664,0.0
2014-01-15,,,0.569375,,,60.01291666666666,31.035,51.946000000000005,0.38625,48.625,0.0
2014-01-16,,,4.60875,,,68.1525,28.951666666666668,28.397499999999997,0.78,56.458333333333336,18.6
2014-01-17,,,5.0975,,,74.45916666666666,26.45875,23.535416666666666,,34.833333333333336,1.4
2014-01-18,,,3.219583333333333,,,70.14458333333333,27.344166666666666,22.502916666666664,,23.541666666666668,0.0
2014-01-19,,,4.010625,,,68.74958333333333,27.825833333333335,21.385416666666668,,32.583333333333336,0.0
2014-01-20,,,3.7614583333333336,,,65.88541666666667,28.499583333333334,21.165416666666665,,29.333333333333332,0.0
2014-01-21,,,3.6972916666666666,,,63.80875,30.140833333333333,24.489166666666666,,38.666666666666664,0.0
2014-01-22,,,12.0475,,,60.48875,31.422916666666666,25.880416666666665,0.2381818181818182,40.333333333333336,0.0
2014-01-23,,,17.889166666666668,,,59.38791666666666,31.68041666666667,28.81625,0.29125,46.875,0.0
2014-01-24,,,12.664791666666666,,,57.045416666666675,31.86583333333333,28.09125,0.23208333333333334,42.916666666666664,0.0
2014-01-25,,,16.149791666666665,,,52.9275,31.600416666666664,42.14666666666667,0.2975,40.666666666666664,0.0
2014-01-26,,,9.491041666666666,,,59.227916666666665,30.99416666666667,35.0775,0.35791666666666666,42.041666666666664,0.0
2014-01-27,,,10.780833333333334,,,59.939166666666665,31.015,26.590833333333332,0.2820833333333333,44.333333333333336,0.0
2014-01-28,,,9.83,,,54.975833333333334,31.1825,26.513333333333332,0.1779166666666667,43.708333333333336,0.0
2014-01-29,,,15.165,,,54.41791666666666,30.6075,22.336250000000003,0.26166666666666666,44.708333333333336,0.0
2014-01-30,,,7.307291666666667,,,55.380833333333335,30.869583333333335,20.554166666666667,0.2816666666666667,42.583333333333336,0.0
2014-01-31,,,11.813749999999999,,,50.303333333333335,31.54416666666667,18.555,0.2889583333333334,44.958333333333336,0.0
2014-02-01,,,13.602291666666666,,,53.36666666666667,31.483541666666667,16.961041666666667,0.32583333333333336,44.666666666666664,0.0
2014-02-02,,,7.594791666666667,,,57.4,31.3925,16.510833333333334,0.38833333333333336,34.083333333333336,0.0
2014-02-03,,,8.781666666666666,,,57.596666666666664,31.41875,13.9,0.2708333333333333,38.625,0.0
2014-02-04,,,9.947083333333333,,,53.817499999999995,31.857083333333335,15.322916666666666,0.3329166666666667,38.875,0.0
2014-02-05,,,5.175416666666667,,,50.70875,31.92958333333333,14.325000000000001,0.25166666666666665,41.291666666666664,0.0
2014-02-06,,,6.484583333333333,,,49.504999999999995,31.62875,12.703333333333333,0.22916666666666666,38.833333333333336,6.4
2014-02-07,,,9.555,,,51.89125000000001,31.73625,17.801666666666666,0.3641666666666667,48.041666666666664,0.0
2014-02-08,,,15.060208333333334,,,45.88666666666666,32.89125,23.750416666666666,0.4808333333333333,71.54166666666667,0.0
2014-02-09,,,10.249583333333334,,,47.22208333333333,32.39333333333334,22.424166666666665,0.4383333333333333,47.5,0.0
2014-02-10,,,20.798125000000002,,,48.78104166666666,31.903541666666666,23.19458333333333,0.3333333333333333,62.125,0.0
2014-02-11,,,9.393333333333333,,,51.007083333333334,30.817083333333333,17.667916666666667,0.5614583333333333,54.9375,0.0
2014-02-12,,,11.901666666666666,,,47.54458333333333,31.040833333333335,24.43958333333333,0.17208333333333334,55.833333333333336,0.0
2014-02-13,,,13.243333333333334,,,46.60958333333334,32.00541666666667,17.040833333333335,0.26875,60.833333333333336,0.0
2014-02-14,,,15.759791666666667,,,54.840833333333336,30.96166666666667,32.4075,0.36791666666666667,66.04166666666667,0.0
2014-02-15,,,7.558958333333333,,,62.553333333333335,28.525833333333335,35.196666666666665,0.3145833333333333,40.041666666666664,0.0
2014-02-16,,,5.968541666666667,,,79.12208333333334,26.469166666666666,24.560833333333335,0.36833333333333335,53.791666666666664,20.400000000000002
2014-02-17,,,2.37,,,80.17208333333333,25.680000000000003,10.39125,0.31,25.791666666666668,2.8
2014-02-18,,,4.894375,,,75.4675,25.83583333333333,7.041250000000001,0.21333333333333335,19.916666666666668,1.5999999999999999
2014-02-19,,,3.964166666666667,,,70.96291666666667,25.915000000000003,7.818333333333334,0.23791666666666667,18.416666666666668,0.4
2014-02-20,,,6.1625000000000005,,,64.16791666666667,26.956666666666667,9.097916666666666,0.2504166666666667,33.875,0.0
2014-02-21,,,7.873541666666667,,,59.949999999999996,29.10666666666667,18.435,0.25416666666666665,45.333333333333336,0.0
2014-02-22,,,7.445625,,,52.42666666666667,30.930833333333336,12.883333333333333,0.35958333333333337,42.208333333333336,0.0
2014-02-23,,,9.1425,,,53.67208333333334,31.36708333333333,15.42875,0.34625,28.875,0.0
2014-02-24,,,9.014166666666666,,,54.23291666666666,30.90625,25.940416666666668,0.18000000000000002,27.863636363636363,0.0
2014-02-25,,,13.368333333333332,,,56.36541666666667,30.520833333333332,24.097916666666666,0.27791666666666665,,0.0
2014-02-26,,,7.529583333333334,,,52.72208333333333,31.21166666666667,17.044583333333332,0.22,42.4,0.0
2014-02-27,,,12.909583333333332,,,48.94291666666666,32.64875,21.28625,0.3766666666666667,49.458333333333336,0.0
2014-02-28,,,2.88875,,,58.63125,30.448333333333334,35.03375,0.4991666666666667,38.625,0.8
2014-03-01,,,8.159583333333334,,,59.281666666666666,29.033749999999998,37.76,0.5404166666666667,28.125,0.0
2014-03-02,,,7.140416666666667,,,68.91791666666667,27.601666666666663,20.485,0.36166666666666664,35.333333333333336,0.2
2014-03-03,,,5.83625,,,71.68666666666667,27.295416666666668,23.499166666666667,0.3454166666666667,40.416666666666664,0.0
2014-03-04,,,7.665833333333333,,,67.21291666666666,27.995416666666667,9.802083333333334,0.3925,23.666666666666668,0.0
2014-03-05,,,7.310833333333334,,,58.094166666666666,29.61375,13.990416666666667,0.25958333333333333,20.041666666666668,0.0
2014-03-06,,,11.996666666666668,,,77.45166666666667,26.898750000000003,3.03125,0.49,39.479166666666664,0.6000000000000001
2014-03-07,,,3.04125,,,72.42083333333333,27.735833333333332,13.31125,0.23875000000000002,30.75,4.0
2014-03-08,,,4.69625,,,91.495,24.031666666666666,4.41875,0.49541666666666667,24.833333333333332,43.6
2014-03-09,,,5.0095833333333335,,,75.48041666666667,26.8925,19.656666666666666,0.47625,26.666666666666668,0.2
2014-03-10,,,11.156666666666666,,,66.77166666666666,29.572916666666668,17.557916666666667,0.5816666666666667,42.375,0.0
2014-03-11,,,9.389166666666666,,,57.5375,30.85666666666667,13.78875,0.5520833333333334,31.233333333333334,0.0
2014-03-12,,,9.426250000000001,,,67.16458333333334,29.34166666666667,22.961250000000003,0.41625,40.09090909090909,2.4000000000000004
2014-03-13,,,9.893846153846154,,,74.36076923076924,28.074615384615388,11.917692307692308,0.2692307692307692,57.0,0.0
2014-03-14,,,,,,,,,,,
2014-03-15,,,,,,,,,,,
2014-03-16,,,,,,,,,,,
2014-03-17,,,,,,,,,,,
2014-03-18,,,,,,,,,,,
2014-03-19,,,,,,,,,,,
2014-03-20,,,,,,,,,,,
2014-03-21,,,,,,,,,,,
2014-03-22,,,,,,,,,,,
2014-03-23,,,,,,,,,,,
2014-03-24,,,,,,,,,,,
2014-03-25,,,0.0,,,74.273,25.161,9.612,0.092,,3.6
2014-03-26,,,2.2379166666666666,,,80.82000000000001,25.258333333333336,6.712916666666666,0.11291666666666667,,2.6
2014-03-27,,,2.535833333333333,,,78.25083333333333,25.96291666666667,6.082916666666667,0.15916666666666668,,0.0
2014-03-28,,,3.6374999999999997,,,73.67625,26.599999999999998,7.896666666666667,0.24083333333333334,,0.0
2014-03-29,,,7.225416666666667,,,72.10208333333334,26.83875,11.077083333333334,0.24583333333333335,,0.0
2014-03-30,,,8.946041666666666,,,68.73,27.965625,14.636041666666666,0.22,,0.0
2014-03-31,,,6.366764705882353,,,71.09529411764706,28.33764705882353,7.7441176470588236,0.22647058823529412,,0.0
2014-04-01,,,12.341176470588236,,,63.010000000000005,29.575882352941175,13.74764705882353,0.23470588235294118,,0.0
2014-04-02,,,5.329166666666667,,,75.13541666666667,27.553749999999997,13.734166666666667,0.26,,0.0
2014-04-03,,,8.270416666666668,,,79.57875,26.72583333333333,7.10125,0.2725,,
2014-04-04,,,2.12625,,,77.16583333333334,26.12125,9.178749999999999,0.19666666666666666,20.46153846153846,0.0
2014-04-05,,,4.105833333333334,,,68.28666666666666,26.396874999999998,13.162708333333335,0.19375,31.916666666666668,0.0
2014-04-06,,,4.2091666666666665,,,66.71,25.79375,15.421666666666667,0.225,27.625,0.0
2014-04-07,,,11.574166666666665,,,69.85458333333334,26.231666666666666,15.882916666666667,0.2704166666666667,39.583333333333336,0.0
2014-04-08,,,4.961666666666667,,,69.41708333333334,26.184583333333336,40.932916666666664,0.28625,40.916666666666664,0.0
2014-04-09,,,17.291666666666668,,,69.10958333333333,27.772499999999997,31.41,0.44416666666666665,58.833333333333336,0.0
2014-04-10,,,11.102083333333333,,,69.75333333333333,28.02,9.741666666666667,0.26791666666666664,55.666666666666664,0.0
2014-04-11,,,5.576250000000001,,,70.51458333333333,27.745,20.21708333333333,0.29875,41.666666666666664,0.0
2014-04-12,,,11.33,,,56.731249999999996,29.89125,12.857083333333334,0.28458333333333335,36.5,0.0
2014-04-13,,,6.1375,,,70.53375,27.670416666666668,22.150833333333335,0.32083333333333336,33.25,4.8
2014-04-14,,,5.999583333333334,,,90.14958333333334,23.85375,8.670833333333333,0.34208333333333335,18.541666666666668,38.0
2014-04-15,,,4.14,,,90.90375,22.24208333333333,1.1624999999999999,0.305,13.529411764705882,9.4
2014-04-16,,,2.9945833333333334,,,85.32083333333334,23.25208333333333,5.370416666666666,0.18500000000000003,13.958333333333334,4.6000000000000005
2014-04-17,,,9.810416666666667,,,77.67375,25.034583333333334,7.37625,0.31,19.208333333333332,0.2
2014-04-18,,,14.066428571428572,,,78.07857142857142,25.252857142857145,10.394285714285713,0.305,30.333333333333332,0.0
2014-04-19,,,5.451818181818182,,,66.56833333333334,29.1925,18.701666666666664,0.4754545454545455,26.727272727272727,0.0
2014-04-20,,,9.912083333333333,,,75.97916666666667,26.664583333333336,22.457083333333333,0.3758333333333333,33.208333333333336,0.0
2014-04-21,,,4.971666666666667,,,70.8325,26.37291666666667,26.02625,0.14166666666666666,11.333333333333334,0.0
2014-04-22,,,10.3725,,,74.3125,26.485416666666666,13.143333333333333,0.20833333333333334,28.541666666666668,0.0
2014-04-23,,,7.211666666666667,,,76.60041666666667,26.35875,18.095833333333335,0.38166666666666665,30.958333333333332,1.4
2014-04-24,,,9.252916666666666,,,81.55791666666667,24.376666666666665,11.995833333333332,0.28458333333333335,14.25,15.8
2014-04-25,,,4.044583333333333,,,63.040416666666665,24.08791666666667,15.549999999999999,0.11458333333333333,18.25,0.0
2014-04-26,,,3.87375,,,68.075,22.870833333333334,13.10125,0.45458333333333334,21.25,3.0
2014-04-27,,,2.9920833333333334,,,72.03666666666668,22.544583333333335,17.066666666666666,0.19416666666666668,10.791666666666666,0.2
2014-04-28,,,6.155,,,67.79166666666667,21.350416666666664,15.140833333333333,0.24875,16.666666666666668,12.399999999999999
2014-04-29,,,3.7716666666666665,,,59.79916666666667,21.870416666666667,10.841666666666667,0.27708333333333335,38.25,0.0
2014-04-30,,,8.761666666666667,,,57.9675,22.86375,10.08375,0.3620833333333333,29.0,0.0
2014-05-01,,,8.086666666666668,,,53.73291666666666,24.8325,14.745416666666666,0.7183333333333333,36.541666666666664,0.0
2014-05-02,,,8.505,,,59.237500000000004,24.99875,12.64875,1.0604166666666666,58.75,0.0
2014-05-03,,,6.814166666666666,,,70.86749999999999,24.762083333333333,19.58375,0.8783333333333334,57.208333333333336,0.0
2014-05-04,,,14.407499999999999,,,69.11083333333333,25.805000000000003,15.916666666666666,0.5979166666666667,37.541666666666664,0.0
2014-05-05,,,12.176666666666668,,,67.38458333333334,26.403333333333332,14.207500000000001,0.6654166666666667,47.375,0.0
2014-05-06,,,9.44,,,67.04083333333334,26.32041666666667,17.367083333333333,0.6133333333333334,71.625,0.0
2014-05-07,,,25.620416666666667,,,72.55833333333334,26.213333333333335,14.330833333333333,1.2166666666666668,109.83333333333333,0.0
2014-05-08,,,17.224999999999998,,,73.09541666666667,26.594166666666666,11.226666666666667,1.38,93.625,0.0
2014-05-09,,,8.51375,,,75.73916666666666,24.765416666666667,13.024166666666666,0.5445833333333333,69.33333333333333,3.0
2014-05-10,,,1.389375,,,77.355625,22.090416666666666,14.493125,0.11375,13.421052631578947,2.2
2014-05-11,,,2.6245833333333333,,,68.29208333333334,21.842916666666667,13.846666666666666,0.14020833333333332,22.458333333333332,1.0
2014-05-12,,,11.079583333333334,,,61.72833333333333,21.756666666666664,10.488333333333333,0.17625000000000002,25.791666666666668,0.0
2014-05-13,,,21.1525,,,65.18916666666667,22.25583333333333,12.0925,0.6004166666666667,44.583333333333336,0.0
2014-05-14,,,15.895416666666668,,,65.71958333333333,23.38291666666667,7.379166666666666,0.4395833333333334,54.166666666666664,0.0
2014-05-15,,,10.16375,,,70.12833333333333,22.995416666666667,10.027083333333334,0.3833333333333333,46.75,0.0
2014-05-16,,,15.56,,,69.77374999999999,24.32625,21.214583333333334,0.3925,68.41666666666667,0.0
2014-05-17,,,7.859583333333333,,,73.85458333333334,24.30541666666667,16.504583333333333,0.7858333333333333,47.333333333333336,0.0
2014-05-18,,,8.460416666666667,,,80.07875,23.8125,6.34375,0.7895833333333333,47.166666666666664,1.2
2014-05-19,,,1.9925,,,78.38708333333334,23.645,10.670416666666666,0.25166666666666665,79.20833333333333,0.2
2014-05-20,,,12.040833333333333,,,74.87125,23.955416666666665,16.474999999999998,0.12583333333333332,58.5,0.0
2014-05-21,,,9.932083333333333,,,73.29,24.687916666666666,11.610833333333334,0.38166666666666665,50.833333333333336,0.0
2014-05-22,,,9.862083333333333,,,51.15541666666667,27.692083333333333,9.788749999999999,0.8312499999999999,90.25,0.0
2014-05-23,,,2.2938888888888886,,,62.73520833333333,27.063333333333333,14.577083333333333,0.3809090909090909,56.25,0.0
2014-05-24,,,0.9592307692307693,,,84.9423076923077,22.064615384615383,19.435384615384613,,14.5,2.2
2014-05-25,,,0.6886666666666666,,,79.61666666666666,22.750666666666667,19.388666666666666,0.23066666666666666,21.125,0.0
2014-05-26,,,10.809166666666668,,,74.75500000000001,24.885,7.088333333333334,0.33041666666666664,40.208333333333336,0.0
2014-05-27,,,2.15375,,,66.375,23.594166666666666,19.378541666666667,0.098125,33.166666666666664,0.8
2014-05-28,,,2.873333333333333,,,89.93916666666667,20.287916666666664,5.677916666666667,0.25708333333333333,14.0,9.0
2014-05-29,,,3.7054166666666664,,,76.29,21.199166666666667,8.49625,0.09708333333333334,26.291666666666668,3.6
2014-05-30,,,3.74625,,,75.69125,21.34875,8.938333333333334,0.31625,26.625,0.0
2014-05-31,,,5.162083333333333,,,75.13166666666667,21.73125,10.23625,0.315,35.583333333333336,0.0
2014-06-01,,,10.742083333333333,,,71.93124999999999,23.3075,8.074583333333333,0.5225,32.333333333333336,1.0
2014-06-02,,,1.88375,,,76.54166666666667,23.43166666666667,14.178749999999999,0.305,23.291666666666668,7.200000000000001
2014-06-03,,,1.1691666666666667,,,64.36354166666666,21.576666666666668,26.537272727272725,0.10708333333333332,20.875,0.0
2014-06-04,,,6.140416666666667,,,70.71916666666667,21.625,15.394583333333335,0.12125000000000001,32.458333333333336,0.0
2014-06-05,,,16.78125,,,71.58666666666666,23.126666666666665,5.820416666666667,0.6845833333333333,63.0,0.0
2014-06-06,,,8.01125,,,65.279375,25.495625,4.5375000000000005,0.8844444444444445,69.85416666666667,0.0
2014-06-07,,,9.590208333333333,,,68.795,26.55,4.9904166666666665,,81.66666666666667,0.0
2014-06-08,,,6.886875,,,55.83291666666667,27.17833333333333,12.4475,,42.083333333333336,0.0
2014-06-09,,,7.033541666666667,,,62.442083333333336,25.663749999999997,15.3575,,46.416666666666664,0.0
2014-06-10,,,0.31687499999999996,,,81.67541666666666,23.346249999999998,20.58125,,19.333333333333332,9.4
2014-06-11,,,8.449791666666666,,,81.39375,23.952916666666667,13.121666666666668,0.4222222222222222,25.25,12.4
2014-06-12,,,2.6677083333333336,,,74.75375,24.235,12.25125,0.08041666666666668,22.416666666666668,0.0
2014-06-13,,,3.0222916666666664,,,72.41666666666667,24.420416666666668,10.40375,0.20166666666666666,28.75,0.0
2014-06-14,,,3.7533333333333334,,,68.82208333333334,24.229166666666668,12.3225,0.43291666666666667,35.541666666666664,0.0
2014-06-15,,,2.7547916666666663,,,76.87541666666667,23.809166666666666,10.94,0.5583333333333333,39.625,0.0
2014-06-16,,,3.8083333333333336,,,74.25875,23.897916666666664,10.360000000000001,0.2775,40.875,0.0
2014-06-17,,,16.356875,,,78.5775,23.510416666666668,14.178333333333333,0.38958333333333334,67.79166666666667,0.0
2014-06-18,,,5.575,,,77.55791666666666,23.379166666666666,20.655416666666667,0.23958333333333334,57.875,2.8
2014-06-19,,,0.7404166666666666,,,88.14,19.9925,19.6975,0.10958333333333332,7.375,10.600000000000001
2014-06-20,,,4.233333333333333,,,77.61375,20.637916666666666,10.889166666666666,0.36000000000000004,21.25,0.2
2014-06-21,,,3.3608333333333333,,,73.44333333333334,21.989166666666666,11.85875,0.18333333333333335,27.958333333333332,0.0
2014-06-22,,,3.2566666666666664,,,71.89458333333333,22.322083333333335,12.606666666666667,0.31083333333333335,19.625,0.0
2014-06-23,,,4.334791666666667,,,73.10291666666667,21.23875,4.572916666666667,0.48583333333333334,32.0,0.0
2014-06-24,,,9.78375,,,70.00791666666667,22.650833333333335,6.395833333333333,0.8004166666666667,53.916666666666664,0.0
2014-06-25,,,6.524583333333333,,,72.25875,22.651666666666667,7.3175,0.6066666666666667,57.583333333333336,0.0
2014-06-26,,,12.696666666666665,,,69.4825,23.584999999999997,5.504166666666666,1.3462500000000002,74.29166666666667,0.0
2014-06-27,,,10.309166666666666,,,69.31416666666667,23.9175,6.907916666666666,0.9629166666666666,77.79166666666667,0.0
2014-06-28,,,9.658333333333333,,,78.00750000000001,23.104166666666668,13.471666666666666,1.0029166666666667,82.91666666666667,0.0
2014-06-29,,,8.458125,,,72.54375,25.365416666666665,7.196249999999999,1.03125,60.458333333333336,0.0
2014-06-30,,,2.7595833333333335,,,77.28666666666668,23.944166666666664,9.214583333333334,0.4141666666666666,40.666666666666664,13.2
2014-07-01,,,2.5395833333333333,,,77.31458333333333,23.362083333333334,12.82875,0.36083333333333334,46.291666666666664,0.0
2014-07-02,,,2.6029166666666668,,,75.46124999999999,23.31458333333333,24.077083333333334,0.2758333333333333,41.666666666666664,0.0
2014-07-03,,,6.320833333333333,,,78.88291666666667,23.3175,14.4825,0.33395833333333336,43.666666666666664,0.0
2014-07-04,,,5.04125,,,79.97083333333333,23.732916666666668,10.509166666666667,0.6145833333333334,49.208333333333336,0.0
2014-07-05,,,4.2299999999999995,,,74.06625,24.131249999999998,11.07,0.4070833333333333,38.833333333333336,0.0
2014-07-06,,,8.49875,,,65.25458333333334,24.811666666666667,6.33625,0.30124999999999996,32.958333333333336,0.0
2014-07-07,,,8.41529411764706,,,63.26458333333333,25.17958333333333,4.076666666666667,0.31875000000000003,43.125,0.0
2014-07-08,,,1.2720833333333335,,,73.05833333333334,23.32625,19.415833333333335,0.12541666666666668,35.708333333333336,1.2000000000000002
2014-07-09,,,1.4887500000000002,,,72.58041666666666,23.167083333333334,12.999583333333334,0.12625,18.958333333333332,0.0
2014-07-10,,,6.24875,,,84.87333333333333,21.276666666666667,10.351666666666667,0.28791666666666665,22.916666666666668,10.0
2014-07-11,,,2.668333333333333,,,84.6525,20.618333333333336,12.887500000000001,0.23124999999999998,16.0,24.0
2014-07-12,,,2.518333333333333,,,78.46916666666667,21.3,11.824583333333335,0.2604166666666667,23.083333333333332,2.0
2014-07-13,,,3.675416666666667,,,66.66541666666667,21.83083333333333,20.08458333333333,0.22,28.583333333333332,0.0
2014-07-14,,,6.614791666666666,,,61.94083333333333,21.908749999999998,15.385833333333332,0.08708333333333333,24.041666666666668,0.0
2014-07-15,,,9.12625,,,64.34083333333334,22.028750000000002,14.034999999999998,0.153125,34.958333333333336,0.0
2014-07-16,,,22.936153846153843,,,67.95791666666666,22.506666666666664,10.536666666666667,0.39625,46.791666666666664,0.0
2014-07-17,,,15.521333333333333,,,66.53375,24.13354166666667,11.507708333333333,0.7672916666666666,37.75,0.0
2014-07-18,,,4.1225,,,62.105,24.90125,17.718333333333334,0.5010416666666667,51.875,0.0
2014-07-19,,,6.858958333333334,,,62.861250000000005,20.925833333333333,31.768749999999997,0.052291666666666674,22.333333333333332,0.6
2014-07-20,,,9.144583333333333,,,59.36541666666667,21.064166666666665,21.516666666666666,0.11062499999999999,29.458333333333332,0.0
2014-07-21,,,12.019166666666665,,,59.89291666666667,21.465833333333332,16.49125,0.25458333333333333,33.958333333333336,0.0
2014-07-22,,,11.190833333333332,,,64.83083333333333,22.086250000000003,11.757083333333334,0.15125,39.3125,0.0
2014-07-23,,,15.47875,,,58.416666666666664,23.237916666666667,9.396666666666667,0.45249999999999996,48.958333333333336,0.0
2014-07-24,,,11.633958333333332,,,51.5025,25.729166666666668,7.351666666666667,0.4839583333333333,49.833333333333336,0.2
2014-07-25,,,2.1225,,,82.54125,21.078333333333333,6.24625,0.31708333333333333,22.166666666666668,3.9999999999999996
2014-07-26,,,2.1825,,,88.62,19.666666666666668,3.5437499999999997,0.24125,18.541666666666668,2.8
2014-07-27,,,2.1645833333333333,,,90.47874999999999,19.782083333333333,10.6825,0.18875,20.083333333333332,9.2
2014-07-28,,,4.654583333333334,,,82.60333333333334,20.20625,11.305,0.27625,22.958333333333332,9.8
2014-07-29,,,2.9516666666666667,,,74.29541666666667,20.15041666666667,9.625416666666666,0.16541666666666668,32.75,0.0
2014-07-30,,,6.3475,,,73.76,20.145833333333332,13.182916666666666,0.1775,28.875,0.0
2014-07-31,,,6.419583333333333,,,72.21,20.95958333333333,8.875833333333333,0.22041666666666668,32.708333333333336,0.0
2014-08-01,,,11.567083333333334,,,69.42666666666666,22.6875,8.453333333333333,0.6870833333333333,52.166666666666664,0.0
2014-08-02,,,5.287083333333333,,,70.02291666666666,23.922083333333333,14.36875,0.9929166666666666,79.25,0.0
2014-08-03,,,9.672083333333333,,,63.65416666666667,24.972916666666666,12.735833333333334,1.0704166666666668,88.58333333333333,0.0
2014-08-04,,,16.69875,,,57.099583333333335,26.442916666666665,9.6625,1.1345833333333333,87.41666666666667,0.0
2014-08-05,,,1.5333333333333332,,,65.54166666666667,21.57375,24.00375,0.24416666666666667,42.625,0.2
2014-08-06,,,8.75375,,,62.26291666666666,20.206666666666667,16.030833333333334,0.165,48.416666666666664,0.0
2014-08-07,,,8.094583333333334,,,55.82375,21.083333333333332,14.915833333333333,0.625625,56.854166666666664,0.0
2014-08-08,,,3.997083333333333,,,67.34083333333334,21.628333333333334,17.423750000000002,0.5145833333333333,68.20833333333333,0.0
2014-08-09,,,2.2110416666666666,,,81.10833333333333,20.8975,7.205416666666667,0.25375,47.0,1.7999999999999998
2014-08-10,,,2.589166666666667,,,67.78041666666667,22.932916666666667,15.235833333333334,0.27666666666666667,39.625,0.0
2014-08-11,,,8.404791666666666,,,58.03583333333333,24.60083333333333,8.912916666666666,0.9025,45.958333333333336,0.0
2014-08-12,,,13.504166666666668,,,51.971666666666664,25.919166666666666,14.22875,0.7541666666666668,71.375,0.0
2014-08-13,,,3.6266666666666665,,,66.52583333333332,22.944999999999997,31.77,0.47125,54.166666666666664,0.4
2014-08-14,,,2.3575,,,86.11166666666666,17.134583333333335,12.277083333333332,0.2020833333333333,21.833333333333332,8.8
2014-08-15,,,1.8975,,,72.8225,20.284583333333334,9.0425,0.07708333333333334,27.833333333333332,0.0
2014-08-16,,,2.9958333333333336,,,68.18208333333332,21.949166666666667,15.363333333333335,0.215,32.583333333333336,0.0
2014-08-17,,,3.28125,,,67.30083333333333,23.51875,16.58791666666667,0.20833333333333334,29.666666666666668,0.0
2014-08-18,,,3.9494736842105267,,,71.66875,23.409166666666668,19.765833333333333,0.16666666666666666,32.354166666666664,0.0
2014-08-19,,,3.4254166666666666,,,71.64208333333333,22.664583333333336,11.268749999999999,0.23375,45.791666666666664,0.0
2014-08-20,,,2.645208333333333,,,66.615,23.372500000000002,16.16541666666667,0.15333333333333335,30.791666666666668,0.0
2014-08-21,,,4.226666666666667,,,72.58166666666666,23.189166666666665,17.777083333333334,0.15541666666666668,33.291666666666664,0.0
2014-08-22,,,13.799375,,,62.4375,25.132500000000004,15.652083333333332,0.5316666666666666,63.25,0.0
2014-08-23,,,11.391458333333333,,,62.010416666666664,25.0825,27.5325,0.6045833333333334,81.875,0.0
2014-08-24,,,8.737916666666667,,,56.435833333333335,26.442083333333333,22.555833333333336,0.35958333333333337,42.583333333333336,0.0
2014-08-25,,,11.516666666666666,,,45.76166666666666,27.545,14.585833333333333,0.65125,62.416666666666664,0.0
2014-08-26,,,7.3620833333333335,,,53.18958333333333,26.7675,18.829166666666666,0.635,88.95833333333333,0.0
2014-08-27,,,1.0325,,,70.89958333333333,22.690416666666668,28.200833333333335,0.16333333333333333,40.875,0.0
2014-08-28,,,2.7762499999999997,,,75.4725,19.592916666666667,15.655000000000001,0.14291666666666666,31.791666666666668,4.2
2014-08-29,,,5.195,,,73.16666666666667,19.83,5.989999999999999,0.15666666666666665,35.625,0.0
2014-08-30,,,4.074166666666667,,,70.47625000000001,21.714583333333334,15.034166666666666,0.19625,38.333333333333336,0.0
2014-08-31,,,7.695,,,66.62625,24.202083333333334,27.18625,0.1475,30.208333333333332,0.0
2014-09-01,,,8.562083333333334,,,57.763749999999995,26.168333333333333,24.97458333333333,0.28291666666666665,32.375,0.6000000000000001
2014-09-02,,,4.110416666666667,,,68.83125,23.840416666666666,24.446250000000003,0.1625,35.333333333333336,0.0
2014-09-03,,,2.855,,,63.100833333333334,24.937083333333334,41.23416666666667,0.143125,21.166666666666668,6.0
2014-09-04,,,0.4527083333333333,,,74.80624999999999,21.28875,33.79708333333333,0.13958333333333334,16.083333333333332,12.6
2014-09-05,,,3.9812499999999997,,,63.004999999999995,21.21291666666667,18.87666666666667,0.12333333333333334,27.833333333333332,0.2
2014-09-06,,,4.307083333333334,,,51.75333333333333,22.6375,20.785416666666666,0.13958333333333334,29.666666666666668,0.0
2014-09-07,,,9.540000000000001,,,51.86708333333333,24.227083333333336,19.424166666666668,0.40625,37.583333333333336,0.0
2014-09-08,,,20.21,,,63.20208333333333,23.515,13.97125,0.21875,64.875,0.0
2014-09-09,,,4.635000000000001,,,59.60166666666667,25.313333333333333,18.46375,0.11416666666666668,43.291666666666664,0.0
2014-09-10,,,9.73,,,49.92541666666667,27.192083333333333,15.759166666666667,0.50375,56.333333333333336,0.0
2014-09-11,,,11.365416666666667,,,46.286249999999995,28.226250000000004,33.284166666666664,0.2925,67.75,0.0
2014-09-12,,,4.492291666666667,,,65.38208333333334,24.99291666666667,29.91541666666667,0.19000000000000003,51.125,0.0
2014-09-13,,,3.6964583333333336,,,63.97458333333333,24.6725,27.525000000000002,0.16770833333333335,58.166666666666664,0.0
2014-09-14,,,3.6952083333333334,,,60.86833333333333,25.607916666666668,25.241666666666664,0.16666666666666666,36.875,0.0
2014-09-15,,,15.953541666666666,,,45.6475,28.354166666666668,15.877083333333333,0.37041666666666667,55.416666666666664,0.0
2014-09-16,,,6.9695833333333335,,,60.680416666666666,26.152083333333334,21.842916666666667,0.2597916666666667,78.75,0.0
2014-09-17,,,2.341458333333333,,,74.8175,22.255416666666665,22.266666666666666,0.13625,30.916666666666668,0.4
2014-09-18,,,3.214166666666667,,,70.84666666666666,24.21875,23.352083333333336,0.10375000000000001,40.666666666666664,0.0
2014-09-19,,,9.854375,,,64.30833333333334,26.15625,15.967500000000001,0.25375,51.208333333333336,0.0
2014-09-20,,,14.112083333333333,,,66.00916666666667,26.430833333333336,19.604583333333334,0.37875,63.791666666666664,2.0
2014-09-21,,,1.2393750000000001,,,85.71791666666667,21.988333333333333,15.1425,0.2941666666666667,31.0,7.0
2014-09-22,,,0.005208333333333333,,,64.2725,22.367500000000003,30.684166666666666,0.09770833333333334,21.916666666666668,0.0
2014-09-23,,,4.739791666666666,,,66.45,22.66875,21.339166666666667,0.14041666666666666,30.708333333333332,0.0
2014-09-24,,,11.956041666666666,,,50.58416666666667,26.686666666666667,30.55666666666667,0.30395833333333333,39.625,0.0
2014-09-25,,,7.526458333333333,,,64.17875,25.478333333333335,23.675416666666667,0.26833333333333337,68.45833333333333,0.0
2014-09-26,,,19.096041666666668,,,65.17291666666667,26.25125,13.454583333333332,0.5410416666666666,85.16666666666667,1.2000000000000002
2014-09-27,,,7.571458333333333,,,68.98041666666667,25.770833333333332,19.5425,0.22666666666666668,40.583333333333336,0.0
2014-09-28,,,8.411458333333334,,,72.72458333333333,25.288749999999997,27.015833333333333,0.40562499999999996,39.958333333333336,0.0
2014-09-29,,,11.453958333333333,,,65.90541666666667,27.685833333333335,19.776666666666667,0.25666666666666665,49.083333333333336,0.0
2014-09-30,,,5.671666666666667,,,64.585,27.742500000000003,20.0475,0.39041666666666663,45.916666666666664,0.2
2014-10-01,,,13.059583333333334,,,60.91916666666666,28.172916666666666,25.573125,0.3027777777777778,51.791666666666664,0.0
2014-10-02,,,0.2785416666666667,,,69.78541666666666,23.24791666666667,44.10583333333333,,18.291666666666668,5.2
2014-10-03,,,1.827708333333333,,,61.82458333333333,21.081666666666667,28.5425,,21.375,2.0
2014-10-04,,,2.6766666666666663,,,55.459583333333335,21.155,27.6875,,23.958333333333332,0.0
2014-10-05,,,3.5745833333333334,,,55.731249999999996,21.030833333333334,29.685833333333335,,25.416666666666668,0.0
2014-10-06,,,3.6435416666666662,,,57.39333333333334,21.944166666666664,28.209166666666665,,26.5,0.0
2014-10-07,,,5.64375,,,52.982499999999995,23.876666666666665,16.232499999999998,,31.625,0.0
2014-10-08,,,6.36,,,54.08541666666667,25.242500000000003,20.48875,,35.083333333333336,0.0
2014-10-09,,,8.719583333333334,,,53.47,26.482916666666668,21.449166666666667,,39.708333333333336,0.0
2014-10-10,,,13.210625,,,49.01625000000001,28.765416666666667,26.642916666666668,,52.5,0.0
2014-10-11,,,13.395000000000001,,,49.35874999999999,29.038749999999997,42.19833333333333,0.6566666666666666,76.16666666666667,0.0
2014-10-12,,,7.4589583333333325,,,67.98375,25.739166666666666,31.06625,0.5604166666666667,69.16666666666667,0.0
2014-10-13,,,20.510625,,,59.75375,28.693749999999998,28.44875,0.7541666666666668,93.95833333333333,0.0
2014-10-14,,,6.392499999999999,,,70.40791666666667,25.61125,32.555416666666666,0.4391666666666667,71.70833333333333,0.0
2014-10-15,,,2.7095833333333332,,,67.23583333333333,26.377916666666668,42.869166666666665,0.36000000000000004,48.416666666666664,0.0
2014-10-16,,,3.6035416666666666,,,66.50125,26.48375,38.60208333333333,0.4585416666666666,46.083333333333336,0.0
2014-10-17,,,11.265416666666667,,,61.84,28.074583333333333,33.157916666666665,0.5314583333333334,65.58333333333333,0.0
2014-10-18,,,8.834791666666666,,,67.42999999999999,26.9275,43.849583333333335,0.5654166666666667,59.791666666666664,0.0
2014-10-19,,,11.564375,,,60.16395833333333,29.96104166666667,43.93604166666666,0.62,77.10416666666667,3.2
2014-10-20,,,0.6495833333333333,,,66.94041666666666,26.429166666666664,53.8825,0.4495833333333333,28.020833333333332,0.6000000000000001
2014-10-21,,,0.023750000000000004,,,69.5275,22.452916666666667,29.879166666666666,0.3558333333333333,22.75,1.0
2014-10-22,,,0.8558333333333333,,,68.10041666666667,21.797916666666666,21.089583333333334,0.2547916666666667,21.333333333333332,1.5999999999999999
2014-10-23,,,2.153125,,,58.752916666666664,24.084999999999997,28.725416666666664,0.16229166666666667,26.25,0.0
2014-10-24,,,7.014583333333333,,,61.8525,25.5625,22.79125,0.07541666666666667,33.583333333333336,0.0
2014-10-25,,,10.1825,,,63.530833333333334,25.4725,16.360416666666666,0.21895833333333334,42.333333333333336,0.0
2014-10-26,,,9.559583333333334,,,71.81791666666668,25.29375,34.51708333333333,0.225,43.125,4.8
2014-10-27,,,3.9170833333333337,,,67.38583333333334,24.765416666666667,30.141666666666666,0.06666666666666667,16.75,0.0
2014-10-28,,,5.511666666666667,,,64.16250000000001,24.226249999999997,23.942916666666665,0.09166666666666667,26.375,0.0
2014-10-29,,,11.20375,,,60.03541666666666,26.75208333333333,25.406666666666666,0.13979166666666668,39.375,0.0
2014-10-30,,,12.024166666666666,,,48.90833333333333,30.714583333333334,25.72875,0.25083333333333335,42.416666666666664,0.0
2014-10-31,,,6.039583333333333,,,53.19708333333333,31.09875,34.04708333333333,0.2214583333333333,40.416666666666664,9.2
2014-11-01,,,10.072083333333333,,,56.65166666666667,30.764583333333334,35.535833333333336,0.1914583333333333,45.958333333333336,0.0
2014-11-02,,,8.442916666666667,,,60.699999999999996,29.204166666666666,34.92583333333334,0.19461538461538463,44.916666666666664,0.0
2014-11-03,,,4.949166666666667,,,59.57208333333333,28.352500000000003,28.494583333333335,0.16520833333333332,42.125,0.0
2014-11-04,,,14.621666666666668,,,48.388749999999995,30.2975,31.620416666666667,0.6354166666666666,47.083333333333336,0.0
2014-11-05,,,19.228125,,,58.154583333333335,29.307916666666667,28.315208333333334,0.20833333333333334,55.416666666666664,1.2
2014-11-06,,,4.0275,,,72.88458333333334,26.209166666666665,17.349166666666665,0.1311111111111111,19.9375,0.2
2014-11-07,,,6.611249999999999,,,58.187916666666666,29.6425,38.87083333333333,0.29125,36.791666666666664,0.0
2014-11-08,,,11.693333333333333,,,63.27041666666667,28.269583333333333,38.041666666666664,0.20666666666666667,40.083333333333336,2.6
2014-11-09,,,0.9274999999999999,,,72.3475,25.278333333333332,42.25875,0.07458333333333333,17.833333333333332,1.4
2014-11-10,,,1.0225,,,65.16291666666667,25.366249999999997,42.12833333333333,0.11833333333333333,16.166666666666668,0.0
2014-11-11,,,1.2714583333333334,,,62.50083333333333,25.300833333333333,37.935,0.07583333333333334,18.958333333333332,0.0
2014-11-12,,,5.374583333333334,,,63.52166666666667,27.34166666666667,29.1575,0.171875,31.208333333333332,2.0
2014-11-13,,,3.669583333333333,,,65.15541666666667,28.709999999999997,43.4475,0.19520833333333334,36.208333333333336,2.8
2014-11-14,,,0.41041666666666665,,,78.99041666666666,23.572083333333335,42.20458333333333,0.09999999999999999,15.291666666666666,9.200000000000001
2014-11-15,,,12.413958333333333,,,79.72583333333334,21.177083333333332,21.101666666666667,0.22666666666666668,20.916666666666668,4.8
2014-11-16,,,8.518333333333333,,,72.26458333333333,22.272499999999997,18.90875,0.14,21.666666666666668,2.4
2014-11-17,,,2.869375,,,58.192499999999995,23.02625,26.473333333333333,0.16458333333333333,17.0,0.0
2014-11-18,,,2.714166666666667,,,51.54291666666666,24.310000000000002,28.89708333333333,0.028125,19.9375,0.0
2014-11-19,,,5.767291666666666,,,55.217083333333335,25.360833333333332,23.828333333333333,0.05666666666666667,35.0,0.0
2014-11-20,,,7.0562499999999995,,,51.717083333333335,26.181250000000002,25.22375,0.09583333333333333,33.083333333333336,0.0
2014-11-21,,,10.633750000000001,,,54.42041666666666,27.729166666666668,29.53333333333333,0.2558333333333333,44.25,0.0
2014-11-22,,,18.590833333333332,,,60.42583333333334,29.706249999999997,29.4475,0.3841666666666667,56.375,0.2
2014-11-23,,,2.2172916666666667,,,79.57833333333333,26.21083333333333,22.061666666666667,0.5341666666666667,35.5,6.4
2014-11-24,,,0.2508333333333333,,,78.34291666666667,26.25,23.924166666666665,0.16770833333333335,37.375,0.0
2014-11-25,,,1.6841666666666668,,,65.5975,29.028750000000002,27.060000000000002,0.186875,30.791666666666668,0.0
2014-11-26,,,3.515833333333333,,,62.07458333333333,29.9525,12.700000000000001,0.18375,23.666666666666668,4.0
2014-11-27,,,2.45375,,,84.20375,25.57875,16.58125,0.20145833333333332,18.583333333333332,3.8
2014-11-28,,,2.905238095238095,,,80.62333333333333,24.61375,12.98375,0.14476190476190476,16.166666666666668,5.6
2014-11-29,,,5.0209090909090905,,,75.57416666666667,24.953333333333333,12.069166666666668,0.2591666666666667,21.791666666666668,0.2
2014-11-30,,,3.5960416666666664,,,72.82583333333334,25.317083333333333,13.215833333333334,0.14958333333333332,27.625,0.0
2014-12-01,,,8.70875,,,63.83083333333334,28.965833333333336,19.554166666666667,0.08979166666666667,24.291666666666668,0.0
2014-12-02,,,7.671666666666667,,,53.215833333333336,30.205,20.06083333333333,0.12770833333333334,28.333333333333332,0.0
2014-12-03,,,12.78375,,,51.958333333333336,30.85875,24.089583333333334,0.15916666666666668,37.041666666666664,0.0
2014-12-04,,,9.705416666666666,,,62.01916666666667,28.983333333333334,28.89916666666667,0.20895833333333333,41.291666666666664,0.0
2014-12-05,,,2.0466666666666664,,,82.14333333333333,22.979166666666668,23.295416666666668,0.1914583333333333,13.875,12.2
2014-12-06,,,2.8541666666666665,,,66.40208333333334,26.08,27.124166666666667,0.17479166666666668,28.0,0.0
2014-12-07,,,5.6883333333333335,,,64.46333333333332,27.589166666666667,20.13458333333333,0.17895833333333333,26.083333333333332,0.0
2014-12-08,,,5.519166666666667,,,59.57875000000001,29.370833333333334,20.148333333333333,0.10541666666666666,22.875,0.0
2014-12-09,,,11.386666666666668,,,55.8025,30.66125,24.615416666666665,0.08604166666666667,33.208333333333336,0.0
2014-12-10,,,8.060208333333334,,,54.50541666666667,30.604166666666668,19.352083333333333,0.13145833333333334,34.458333333333336,0.0
2014-12-11,,,9.388333333333334,,,51.76416666666666,31.182916666666667,23.92125,0.13604166666666667,39.833333333333336,0.0
2014-12-12,,,9.510833333333332,,,53.83291666666667,31.1525,35.10333333333333,0.165,48.833333333333336,0.0
2014-12-13,,,14.847708333333335,,,69.04958333333333,28.297916666666666,29.865,0.2710416666666667,43.25,9.0
2014-12-14,,,5.146458333333333,,,72.35083333333334,27.499583333333334,18.451666666666668,0.13979166666666668,15.0,1.2
2014-12-15,,,0.6422916666666666,,,58.802083333333336,26.172916666666666,,0.044583333333333336,22.083333333333332,0.0
2014-12-16,,,2.7222916666666666,,,59.05416666666667,25.814999999999998,29.177857142857142,0.06416666666666666,23.666666666666668,0.0
2014-12-17,,,4.7716666666666665,,,57.446666666666665,26.4225,25.872916666666665,0.06833333333333334,28.541666666666668,0.0
2014-12-18,,,12.279166666666667,,,53.31166666666667,29.707083333333333,31.770416666666666,0.15041666666666667,42.416666666666664,0.0
2014-12-19,,,9.519375,,,58.51958333333334,29.345,25.56375,0.19791666666666666,41.333333333333336,0.0
2014-12-20,,,16.580833333333334,,,60.05791666666667,30.35083333333333,22.965416666666666,0.5608333333333334,54.791666666666664,0.0
2014-12-21,,,11.355833333333335,,,49.34,33.324999999999996,30.710833333333337,0.42875,37.208333333333336,0.0
2014-12-22,,,5.5975,,,47.82708333333333,33.388333333333335,32.903333333333336,0.18166666666666667,20.375,0.0
2014-12-23,,,2.7570833333333336,,,75.45166666666667,28.152916666666666,17.692083333333333,0.23208333333333334,21.625,11.0
2014-12-24,,,2.6420833333333333,,,74.12916666666666,27.249583333333334,15.175416666666665,0.1991666666666667,16.166666666666668,6.0
2014-12-25,,,8.366458333333332,,,68.93625,28.336250000000003,28.91416666666667,0.13104166666666667,22.25,0.0
2014-12-26,,,13.147291666666668,,,63.79750000000001,29.323333333333334,24.255416666666665,0.13604166666666667,25.375,0.0
2014-12-27,,,13.1425,,,56.15541666666667,30.279166666666665,25.589583333333334,0.16416666666666666,29.833333333333332,0.0
2014-12-28,,,15.30925,,,52.5275,31.675,55.4705,0.1965,36.833333333333336,0.0
2014-12-29,,,10.023,,,52.60166666666667,31.974999999999998,63.32454545454546,0.19347826086956524,58.75,0.0
2014-12-30,,,5.941666666666666,,,52.69125,31.299166666666665,49.54333333333333,0.17770833333333333,31.041666666666668,0.2
2014-12-31,,,9.252916666666666,,,60.28666666666667,30.655416666666667,37.08375,0.21666666666666667,29.541666666666668,1.7999999999999998
2015-01-01,,,13.851666666666667,,,51.945,32.4775,53.232499999999995,0.26687500000000003,34.041666666666664,0.0
2015-01-02,,,9.097916666666666,,,51.856249999999996,34.00416666666667,41.88875,0.2597916666666667,38.208333333333336,0.0
2015-01-03,,,4.7525,,,61.517500000000005,30.515833333333333,49.405833333333334,0.1325,25.458333333333332,0.0
2015-01-04,,,7.04,,,70.19791666666667,29.021666666666665,27.905416666666667,0.176875,24.708333333333332,3.0
2015-01-05,,,8.243333333333334,,,74.86041666666667,27.459166666666665,28.420416666666668,0.19958333333333333,21.875,4.4
2015-01-06,,,10.539583333333335,,,70.52958333333333,28.14625,18.40125,0.10666666666666667,29.791666666666668,0.0
2015-01-07,,,13.417368421052632,,,54.88291666666667,31.117083333333337,27.756249999999998,0.15208333333333332,34.875,0.0
2015-01-08,,,11.235,,,49.25625,31.654583333333335,29.852500000000003,0.023749999999999997,38.416666666666664,0.0
2015-01-09,,,12.74375,,,44.99916666666667,33.02791666666666,30.792083333333334,0.14729166666666668,42.333333333333336,0.0
2015-01-10,,,13.061250000000001,,,41.0175,33.419583333333335,40.964166666666664,0.193125,43.916666666666664,0.0
2015-01-11,,,10.289166666666667,,,51.23916666666667,32.24,55.4925,0.3572916666666666,55.25,0.0
2015-01-12,,,12.046666666666667,,,49.53791666666667,33.60458333333333,64.07333333333334,0.453125,76.16666666666667,0.0
2015-01-13,,,8.865,,,48.775416666666665,33.51083333333333,55.328333333333326,0.32395833333333335,55.541666666666664,0.0
2015-01-14,,,8.964375,,,53.875,32.208333333333336,33.09708333333334,0.25270833333333337,60.958333333333336,0.0
2015-01-15,,,11.668333333333335,,,52.5,32.50416666666667,49.35875000000001,0.27770833333333333,56.208333333333336,0.0
2015-01-16,,,5.45,,,58.907916666666665,31.072083333333335,45.32916666666667,0.279375,54.333333333333336,0.0
2015-01-17,,,12.425416666666665,,,51.57458333333333,31.792083333333334,42.441250000000004,0.23020833333333335,50.833333333333336,0.0
2015-01-18,,,9.849583333333333,,,51.39458333333334,32.17375,51.468333333333334,0.32937500000000003,53.5,0.0
2015-01-19,,,12.949583333333335,,,50.80416666666667,32.364583333333336,42.14458333333334,0.31645833333333334,62.5,0.0
2015-01-20,,,11.339166666666666,,,52.93208333333333,31.86708333333333,55.666666666666664,0.29229166666666667,58.833333333333336,0.0
2015-01-21,,,5.264583333333333,,,60.156666666666666,31.33875,45.877916666666664,0.270625,51.583333333333336,0.4
2015-01-22,,,4.068333333333333,,,69.30125,28.344583333333333,30.257499999999997,0.16416666666666666,27.25,15.4
2015-01-23,,,13.242291666666667,,,71.39541666666666,27.991874999999997,26.747083333333332,0.14770833333333333,27.875,0.4
2015-01-24,,,6.9695833333333335,,,66.27208333333333,28.8275,22.81833333333333,0.26145833333333335,42.083333333333336,0.0
2015-01-25,,,11.054166666666667,,,53.60333333333333,31.20625,34.239583333333336,0.17437499999999997,32.625,0.0
2015-01-26,,,11.221041666666666,,,55.77375,31.332916666666666,28.265416666666667,0.325,36.895833333333336,0.0
2015-01-27,,,15.353958333333333,,,61.04958333333334,30.569166666666664,33.8325,0.2325,43.791666666666664,0.0
2015-01-28,,,12.537708333333333,,,64.70333333333333,30.203333333333333,32.93333333333333,0.099375,39.208333333333336,0.0
2015-01-29,,,7.531041666666667,,,54.52583333333333,32.5475,48.540416666666665,0.13520833333333335,36.041666666666664,0.0
2015-01-30,,,7.022083333333334,,,56.87166666666667,31.964166666666667,41.14833333333333,0.26875,40.25,0.0
2015-01-31,,,1.875,,,77.36458333333333,27.734583333333333,28.947083333333335,0.19291666666666665,22.083333333333332,30.0
2015-02-01,,,2.8466666666666662,,,75.39416666666666,28.47666666666667,31.460416666666664,0.10895833333333334,28.666666666666668,30.400000000000002
2015-02-02,,,9.429166666666667,,,79.68041666666666,25.837083333333336,9.832083333333333,0.10846153846153847,28.583333333333332,3.1999999999999997
2015-02-03,,,5.093333333333334,,,73.27541666666667,27.1725,34.901666666666664,0.28875,33.708333333333336,24.8
2015-02-04,,,6.244375000000001,,,72.16083333333334,27.4375,26.11916666666667,0.15895833333333334,37.5,0.8
2015-02-05,,,8.88875,,,70.02791666666667,27.505416666666665,15.487083333333333,0.24520833333333333,28.25,3.0
2015-02-06,,,3.4275,,,76.83958333333334,26.553749999999997,16.120416666666667,0.3825,24.0,3.0
2015-02-07,,,4.264375,,,79.12791666666666,26.059583333333332,18.107916666666664,0.2927083333333333,19.5,8.6
2015-02-08,,,5.55875,,,77.35458333333334,26.72791666666667,23.365416666666665,0.30354166666666665,24.166666666666668,0.2
2015-02-09,,,10.386458333333334,,,67.51708333333333,28.5,21.02875,0.15395833333333334,21.916666666666668,0.0
2015-02-10,,,10.282291666666667,,,61.5525,31.084999999999997,27.476666666666663,0.2525,33.791666666666664,0.0
2015-02-11,,,8.870416666666666,,,55.8025,32.18833333333333,28.37125,0.148125,43.583333333333336,0.0
2015-02-12,,,9.876458333333334,,,50.84916666666666,33.1625,33.85583333333333,0.15791666666666668,42.875,0.0
2015-02-13,,,13.4325,,,54.592083333333335,32.98666666666667,57.85666666666666,0.2354166666666667,53.708333333333336,0.0
2015-02-14,,,4.728958333333334,,,61.342083333333335,31.66125,49.26833333333334,0.18416666666666667,33.916666666666664,0.0
2015-02-15,,,8.129375,,,65.57625,29.642916666666668,50.724583333333335,0.15958333333333333,28.833333333333332,18.4
2015-02-16,,,5.863333333333333,,,77.31625,26.800416666666667,33.12166666666666,0.12145833333333333,19.541666666666668,0.6000000000000001
2015-02-17,,,8.922916666666667,,,68.1775,29.065416666666668,35.95375,0.16166666666666665,28.5,1.2
2015-02-18,,,9.214583333333334,,,62.66208333333333,29.632500000000004,21.68541666666667,0.12625,24.666666666666668,0.0
2015-02-19,,,9.611666666666666,,,47.24875,32.35125,27.005,0.13166666666666668,30.125,0.0
2015-02-20,,,10.845416666666665,,,51.624583333333334,32.132083333333334,23.171666666666667,0.14770833333333333,46.041666666666664,0.0
2015-02-21,,,2.1607692307692306,,,52.02214285714285,32.06357142857143,38.80785714285714,0.13,41.06666666666667,0.0
2015-02-22,,,2.8181249999999998,,,62.854166666666664,29.597083333333334,20.891041666666666,0.10875,22.958333333333332,0.0
2015-02-23,,,6.234166666666667,,,62.376666666666665,30.126666666666665,14.515,0.08583333333333333,21.166666666666668,0.0
2015-02-24,,,4.620416666666666,,,56.682500000000005,30.502916666666668,16.71375,0.08375,27.208333333333332,0.0
2015-02-25,,,10.9425,,,56.33375,30.743750000000002,22.545416666666668,0.2525,48.958333333333336,0.0
2015-02-26,,,7.274166666666667,,,59.50541666666666,30.500416666666666,28.1925,0.24187499999999998,50.541666666666664,0.0
2015-02-27,,,9.157916666666667,,,60.19333333333333,30.434583333333332,57.97333333333333,0.27999999999999997,51.708333333333336,0.0
2015-02-28,,,3.88875,,,65.35541666666667,29.110416666666666,25.19875,0.27687500000000004,37.25,6.0
2015-03-01,,,1.0172916666666667,,,61.244166666666665,27.767916666666665,22.527916666666666,0.09916666666666667,32.9375,0.0
2015-03-02,,,4.582916666666667,,,58.57833333333334,27.922916666666666,18.77208333333333,0.057,34.958333333333336,0.0
2015-03-03,,,5.1658333333333335,,,62.67583333333334,28.122083333333332,16.335833333333333,0.09166666666666667,31.666666666666668,0.0
2015-03-04,,,4.692291666666667,,,63.28541666666666,28.96666666666667,17.419583333333332,0.12479166666666668,30.333333333333332,0.0
2015-03-05,,,6.382916666666667,,,59.79750000000001,29.885,16.493333333333336,0.098125,31.333333333333332,0.0
2015-03-06,,,13.683333333333332,,,54.434583333333336,30.89375,27.092083333333335,0.111875,39.666666666666664,0.6
2015-03-07,,,14.27125,,,73.27916666666667,27.322916666666668,20.253333333333334,0.17937499999999998,35.708333333333336,15.4
2015-03-08,,,5.4660416666666665,,,73.57791666666667,27.46666666666667,17.700416666666666,0.2502083333333333,27.541666666666668,2.2
2015-03-09,,,10.191458333333333,,,80.5325,27.222083333333334,12.85125,0.3723529411764706,30.875,3.4
2015-03-10,,,5.670000000000001,,,75.5175,27.512916666666666,4.754166666666667,,34.125,0.6000000000000001
2015-03-11,,,12.054166666666667,,,68.23416666666667,28.794166666666666,4.532916666666666,,33.666666666666664,4.6000000000000005
2015-03-12,,,9.034583333333332,,,68.61375,29.012083333333333,12.1725,,33.083333333333336,0.0
2015-03-13,,,14.189375,,,76.28916666666667,28.435,16.576666666666664,,45.833333333333336,2.8
2015-03-14,,,5.673958333333334,,,75.53666666666668,27.972083333333334,31.605416666666667,,41.708333333333336,0.0
2015-03-15,,,9.070416666666667,,,67.82416666666667,29.59375,27.552916666666665,,44.916666666666664,0.0
2015-03-16,,,14.036666666666667,,,71.15041666666666,28.93958333333333,34.37708333333334,,42.166666666666664,19.200000000000003
2015-03-17,,,6.06375,,,79.00833333333334,25.743333333333336,6.412916666666667,,42.041666666666664,0.6000000000000001
2015-03-18,,,1.6595833333333332,,,75.855,27.486666666666665,28.03333333333333,,37.333333333333336,0.4
2015-03-19,,,3.5243749999999996,,,73.05791666666667,28.132499999999997,23.349166666666665,,26.625,0.0
2015-03-20,,,8.092083333333333,,,72.63208333333334,27.875416666666666,15.844166666666666,,22.583333333333332,0.4
2015-03-21,,,9.192083333333333,,,79.82458333333334,26.430000000000003,9.18375,,29.875,0.8
2015-03-22,,,5.286041666666667,,,75.83958333333334,26.57625,22.074583333333333,,22.541666666666668,35.0
2015-03-23,,,3.5081249999999997,,,85.78875,23.797083333333333,9.232916666666666,,26.125,18.6
2015-03-24,,,4.423749999999999,,,72.67625,26.0825,15.307083333333333,,19.708333333333332,2.0
2015-03-25,,,9.653958333333334,,,66.77958333333333,26.666666666666668,19.748749999999998,,26.166666666666668,0.0
2015-03-26,,,11.445625,,,65.93083333333333,27.373333333333335,20.196250000000003,,33.333333333333336,0.0
2015-03-27,,,11.395208333333334,,,68.965,27.895416666666666,19.610833333333332,,44.791666666666664,0.0
2015-03-28,,,3.4958333333333336,,,69.735,27.509583333333335,21.493750000000002,0.07923076923076923,30.0,0.0
2015-03-29,,,8.242291666666667,,,78.48125,26.75916666666667,27.645,0.27895833333333336,27.5,14.0
2015-03-30,,,7.872083333333333,,,77.80958333333334,27.625416666666666,22.579583333333332,0.27395833333333336,21.958333333333332,0.4
2015-03-31,,,7.631041666666667,,,69.94333333333334,29.151666666666667,19.628333333333334,0.2997916666666667,37.875,0.0
2015-04-01,,,3.609583333333333,,,68.00125,27.366666666666664,17.289166666666667,0.14083333333333334,22.833333333333332,0.0
2015-04-02,,,6.03125,,,70.13875,26.010833333333334,19.221666666666668,0.105,18.75,2.0
2015-04-03,,,1.5908333333333333,,,64.09916666666668,25.7325,24.98625,0.08833333333333333,19.958333333333332,0.0
2015-04-04,,,6.226041666666667,,,61.51458333333333,26.765833333333333,28.137083333333333,0.17520833333333333,24.875,0.0
2015-04-05,,,6.27375,,,64.90791666666667,28.241249999999997,28.203333333333333,0.2520833333333333,25.458333333333332,2.4
2015-04-06,,,2.919705882352941,,,67.79458333333334,27.853333333333335,24.270208333333333,0.17458333333333334,17.604166666666668,5.800000000000001
2015-04-07,,,2.214375,,,79.2675,23.16208333333333,17.63416666666667,0.123125,22.125,12.8
2015-04-08,,,4.85625,,,65.76791666666666,24.639166666666668,18.45875,0.19708333333333336,34.5,0.0
2015-04-09,,,4.219375,,,64.045,25.31458333333333,16.083333333333332,0.08125,24.833333333333332,0.0
2015-04-10,,,2.347916666666667,,,61.370416666666664,25.709166666666665,20.752083333333335,0.08229166666666667,17.333333333333332,0.0
2015-04-11,,,4.840208333333333,,,63.28208333333333,25.755416666666665,27.437083333333334,0.15833333333333335,22.125,0.0
2015-04-12,,,6.687083333333334,,,62.25416666666666,26.15625,37.34708333333334,0.13999999999999999,26.083333333333332,0.0
2015-04-13,,,4.977083333333334,,,62.90208333333334,26.0425,33.15416666666667,0.07208333333333333,20.25,0.0
2015-04-14,,,3.906458333333333,,,61.10708333333333,26.433333333333334,37.24708333333333,0.09479166666666666,23.541666666666668,0.0
2015-04-15,,,6.841458333333333,,,57.42208333333334,27.93958333333333,24.595833333333335,0.15666666666666665,37.75,0.0
2015-04-16,,,11.388958333333333,,,67.56166666666667,27.584999999999997,27.149583333333336,0.21395833333333333,54.625,0.0
2015-04-17,,,4.24125,,,71.3425,26.985416666666666,23.484166666666667,0.16,24.791666666666668,0.0
2015-04-18,,,13.086875,,,66.34166666666667,28.31833333333333,23.87291666666667,0.24791666666666667,37.708333333333336,0.0
2015-04-19,,,6.126666666666666,,,71.68124999999999,28.20125,23.276666666666667,0.394375,45.666666666666664,0.0
2015-04-20,,,7.686041666666667,,,67.355,28.901666666666667,31.559583333333332,0.17041666666666666,37.916666666666664,0.0
2015-04-21,,,5.765625,,,70.4775,28.572083333333335,27.196250000000003,0.12812500000000002,29.083333333333332,0.2
2015-04-22,,,3.673958333333333,,,86.44666666666666,24.32875,11.675833333333335,0.18000000000000002,13.333333333333334,10.0
2015-04-23,,,3.2906521739130437,,,77.27347826086957,25.269565217391307,9.978260869565217,0.1926086956521739,24.434782608695652,0.2
2015-04-24,,,11.825384615384614,,,65.62142857142857,28.315714285714286,18.13230769230769,0.25181818181818183,31.071428571428573,0.6
2015-04-25,,,0.7766666666666667,,,67.59083333333334,26.019583333333333,28.819583333333338,0.15260869565217391,20.0,2.6
2015-04-26,,,2.6822916666666665,,,79.12291666666667,23.447916666666668,12.181666666666667,,14.666666666666666,3.8000000000000003
2015-04-27,,,2.7889583333333334,,,73.23416666666667,24.407083333333333,10.676666666666668,,17.0,0.2
2015-04-28,,,4.394166666666666,,,67.04083333333334,25.604583333333334,15.8725,0.20979166666666668,21.583333333333332,0.0
2015-04-29,,,4.529583333333333,,,67.92666666666666,24.942916666666665,14.928333333333333,0.083125,22.083333333333332,0.0
2015-04-30,,,1.8947916666666667,,,83.64083333333333,21.452083333333334,13.412083333333333,0.11583333333333333,18.291666666666668,29.200000000000003
2015-05-01,,,3.1320833333333336,,,69.50875,23.17625,22.155,0.10583333333333333,25.333333333333332,0.0
2015-05-02,,,8.550833333333333,,,70.57625,24.52,19.827083333333334,0.208125,29.666666666666668,0.0
2015-05-03,,,7.659166666666667,,,64.01,27.05541666666667,17.984166666666667,0.170625,26.625,0.2
2015-05-04,,,6.59,,,59.72958333333333,27.75791666666667,11.765208333333334,0.19770833333333335,31.541666666666668,1.8
2015-05-05,,,1.4785416666666666,,,75.72375,24.228333333333335,20.973333333333333,0.11645833333333333,21.166666666666668,8.2
2015-05-06,,,7.3843749999999995,,,78.16333333333334,22.593333333333334,5.635416666666667,0.135,27.458333333333332,0.0
2015-05-07,,,5.293958333333333,,,70.44833333333334,23.502916666666668,13.034583333333332,0.146875,27.416666666666668,0.0
2015-05-08,,,4.354791666666666,,,72.94833333333334,21.550833333333333,16.062083333333334,0.161875,25.916666666666668,6.4
2015-05-09,,,3.8645833333333335,,,68.21166666666666,23.042083333333334,17.170833333333334,0.136875,33.208333333333336,0.0
2015-05-10,,,10.130208333333334,,,68.76333333333334,24.16125,17.542083333333334,0.2866666666666667,33.458333333333336,0.0
2015-05-11,,,6.786874999999999,,,71.05166666666666,24.997083333333332,17.25583333333333,0.17916666666666667,21.458333333333332,5.2
2015-05-12,,,3.635,,,72.44291666666668,24.232916666666668,20.42125,0.16208333333333333,21.291666666666668,1.0
2015-05-13,,,5.1085416666666665,,,72.3025,23.685000000000002,15.073333333333332,0.06208333333333333,19.541666666666668,0.6000000000000001
2015-05-14,,,2.02625,,,72.13250000000001,22.745416666666667,13.962083333333332,0.07916666666666668,21.0,1.0
2015-05-15,,,4.352291666666667,,,66.96208333333333,22.895833333333332,12.611666666666666,0.12979166666666667,28.375,0.0
2015-05-16,,,4.656666666666667,,,68.085,23.36,13.871666666666668,0.14729166666666668,26.708333333333332,0.0
2015-05-17,,,3.9929166666666664,,,65.59083333333334,24.62625,20.05666666666667,0.16833333333333333,29.875,0.0
2015-05-18,,,4.619375,,,65.99083333333333,24.459999999999997,10.296666666666667,0.12458333333333334,34.375,0.0
2015-05-19,,,2.8056249999999996,,,68.78750000000001,24.887083333333333,13.8075,0.16416666666666666,25.875,0.0
2015-05-20,,,4.938958333333333,,,69.36333333333333,24.02875,10.66,0.21291666666666667,25.791666666666668,0.0
2015-05-21,,,4.026458333333333,,,66.9175,24.660833333333333,11.654166666666667,0.19666666666666666,28.666666666666668,0.0
2015-05-22,,,9.799375,,,65.415,24.730416666666667,9.762916666666667,0.16708333333333333,34.833333333333336,0.0
2015-05-23,,,10.325625,,,62.418749999999996,23.86708333333333,8.105416666666667,0.7566666666666667,35.958333333333336,0.0
2015-05-24,,,9.005416666666667,,,62.35874999999999,25.4225,19.807083333333335,1.2114583333333333,57.0,0.0
2015-05-25,,,6.183333333333334,,,63.51666666666667,26.082916666666666,11.018749999999999,0.6739583333333333,64.66666666666667,0.0
2015-05-26,,,6.822500000000001,,,69.58291666666666,25.500416666666666,14.348333333333334,0.46166666666666667,62.75,0.0
2015-05-27,,,7.472708333333333,,,67.00375,25.471666666666668,13.884166666666665,0.5960416666666667,60.583333333333336,0.0
2015-05-28,,,6.531666666666666,,,61.96416666666667,26.71375,15.1325,0.7541666666666668,71.20833333333333,10.8
2015-05-29,,,6.216666666666666,,,72.58624999999999,23.818749999999998,11.311250000000001,0.6454166666666666,33.94444444444444,2.6
2015-05-30,,,4.794583333333333,,,74.95,22.96291666666667,11.670833333333334,0.5252083333333334,49.791666666666664,0.0
2015-05-31,,,6.656874999999999,,,88.04791666666667,21.97083333333333,0.9841666666666667,0.8470833333333333,48.666666666666664,2.2
2015-06-01,,,2.718958333333333,,,81.5325,22.748333333333335,7.588333333333334,0.3677083333333333,32.541666666666664,1.6
2015-06-02,,,4.7143749999999995,,,81.41250000000001,21.78625,1.8320833333333333,0.22687500000000002,27.833333333333332,0.6000000000000001
2015-06-03,,,2.9263636363636363,,,69.86818181818181,22.268181818181816,6.783636363636364,0.09454545454545454,23.25,0.0
2015-06-04,,,14.823571428571428,,,60.62928571428571,24.749285714285715,24.85928571428571,0.8328571428571429,38.46666666666667,0.0
2015-06-05,,,7.970833333333334,,,75.90916666666666,23.417083333333334,17.4375,0.625625,56.166666666666664,0.0
2015-06-06,,,12.799999999999999,,,72.71416666666667,24.906666666666666,12.714583333333332,0.77625,44.958333333333336,0.0
2015-06-07,,,20.46291666666667,,,65.20041666666667,25.614166666666666,6.715,1.7047916666666667,54.916666666666664,0.0
2015-06-08,,,8.706666666666667,,,63.057500000000005,25.72666666666667,8.20875,0.598125,50.5,0.0
2015-06-09,,,13.670416666666668,,,60.36666666666667,25.372083333333332,12.1925,0.3890972222222222,58.541666666666664,0.0
2015-06-10,,,2.4091666666666667,,,60.989999999999995,25.378947368421052,13.996842105263157,0.49805555555555553,71.75,0.0
2015-06-11,,,25.005,,,46.25833333333333,27.881666666666664,19.408333333333335,1.6863636363636365,77.5,0.0
2015-06-12,,,0.9316666666666666,,,71.87291666666667,24.243750000000002,17.442916666666665,0.27875,44.291666666666664,1.0
2015-06-13,,,4.679166666666666,,,67.55208333333333,25.994583333333335,16.128333333333334,0.6483333333333333,32.791666666666664,0.0
2015-06-14,,,17.086666666666666,,,53.552083333333336,27.41208333333333,16.333402777777778,1.4155555555555557,49.1578947368421,0.0
2015-06-15,,,10.6,,,53.275000000000006,27.17,10.763333333333334,1.95,52.5,0.0
2015-06-16,,,,,,,,,,,
2015-06-17,,,7.365555555555556,,,75.44500000000001,24.647,1.5788888888888888,0.5877777777777777,50.1,0.0
2015-06-18,,,20.493750000000002,,,70.18625,26.217083333333335,6.837083333333333,1.2304166666666667,89.5,0.0
2015-06-19,,,0.1825,,,85.78833333333334,20.933333333333334,27.347083333333334,0.075,3.7291666666666665,21.0
2015-06-20,,,4.47875,,,74.02291666666666,20.489583333333332,14.507083333333334,0.16458333333333333,23.666666666666668,2.0
2015-06-21,,,11.184583333333334,,,67.19875,21.35166666666667,11.436666666666667,0.30875,32.0,0.0
2015-06-22,,,12.13375,,,70.36541666666666,22.754583333333333,4.173333333333333,0.44416666666666665,41.416666666666664,0.0
2015-06-23,,,6.727083333333333,,,68.14916666666666,24.510833333333334,15.446250000000001,0.1675,35.041666666666664,0.0
2015-06-24,,,6.109999999999999,,,80.90416666666667,20.804583333333333,22.79375,0.10166666666666667,20.041666666666668,30.0
2015-06-25,,,8.952916666666667,,,74.94083333333333,19.9575,10.130833333333333,0.16041666666666668,16.833333333333332,4.2
2015-06-26,,,8.504166666666666,,,72.81125,20.347916666666666,12.93,0.14166666666666666,19.0,0.0
2015-06-27,,,6.136666666666667,,,72.11166666666666,21.29125,16.97375,0.2316666666666667,23.666666666666668,0.2
2015-06-28,,,9.403333333333334,,,72.97916666666667,21.766666666666666,20.842916666666667,0.19125,25.833333333333332,0.0
2015-06-29,,,11.77875,,,69.48666666666666,22.429583333333337,7.450833333333333,0.4075,29.541666666666668,0.0
2015-06-30,,,7.105833333333333,,,64.78083333333333,23.699583333333333,7.21625,0.5391666666666667,47.375,0.0
2015-07-01,,,2.7295833333333337,,,58.72541666666667,25.295416666666668,16.890416666666667,0.23083333333333333,24.708333333333332,0.0
2015-07-02,,,6.2441666666666675,,,72.09291666666667,23.632916666666663,13.635,0.15625,32.208333333333336,0.0
2015-07-03,,,20.357083333333332,,,69.6075,23.838333333333335,3.484166666666667,0.9216666666666667,51.5,0.0
2015-07-04,,,5.136666666666667,,,63.53916666666667,24.30125,20.195416666666667,0.6958333333333333,36.583333333333336,0.0
2015-07-05,,,5.4075,,,73.72125,19.15458333333333,18.115,0.14,24.416666666666668,1.0
2015-07-06,,,5.510416666666667,,,72.92458333333333,20.65875,5.628333333333334,0.11625,32.875,0.0
2015-07-07,,,5.979583333333333,,,67.73666666666666,22.903750000000002,11.00625,0.09916666666666667,30.291666666666668,0.0
2015-07-08,,,17.743750000000002,,,65.11375,23.93958333333333,5.434166666666666,0.4908333333333333,45.958333333333336,0.0
2015-07-09,,,3.7270833333333333,,,57.14666666666667,24.655833333333334,7.385000000000001,0.33,38.125,0.0
2015-07-10,,,11.722083333333332,,,67.83083333333333,23.180833333333336,14.85125,0.22375,36.333333333333336,0.0
2015-07-11,,,7.556666666666666,,,68.05499999999999,24.32875,16.397916666666667,0.24083333333333334,37.416666666666664,0.0
2015-07-12,,,15.467083333333333,,,63.75833333333333,25.639166666666668,10.885,1.0604166666666666,56.958333333333336,0.0
2015-07-13,,,16.125,,,62.661249999999995,26.2,6.2225,1.1320833333333333,60.791666666666664,0.0
2015-07-14,,,13.79125,,,57.55416666666667,26.1675,6.857500000000001,1.06,73.83333333333333,0.0
2015-07-15,,,8.0425,,,70.21541666666667,24.631249999999998,15.960416666666667,0.3491666666666667,75.79166666666667,0.0
2015-07-16,,,9.452083333333333,,,66.40208333333334,25.534583333333334,15.157916666666667,0.26375,63.833333333333336,0.0
2015-07-17,,,15.136666666666665,,,72.25291666666666,24.735833333333332,9.220833333333333,0.3383333333333333,63.25,0.0
2015-07-18,,,7.416666666666667,,,68.63291666666667,24.64375,6.440416666666667,0.4504166666666667,76.83333333333333,0.0
2015-07-19,,,6.477291666666667,,,63.75833333333333,25.13291666666667,15.15875,0.44625000000000004,58.041666666666664,0.0
2015-07-20,,,9.051250000000001,,,53.62166666666667,26.304999999999996,9.450000000000001,0.22666666666666668,44.416666666666664,0.0
2015-07-21,,,2.4183333333333334,,,57.49125,24.702916666666667,21.287499999999998,0.14375,48.0,1.6
2015-07-22,,,8.018749999999999,,,79.27541666666666,20.802916666666665,9.171249999999999,0.06625,21.916666666666668,3.4
2015-07-23,,,2.51375,,,68.72916666666667,22.66625,11.582916666666668,0.050833333333333335,28.166666666666668,0.0
2015-07-24,,,11.888333333333334,,,67.76041666666667,24.07875,10.192083333333333,0.18541666666666667,29.333333333333332,0.0
2015-07-25,,,5.745,,,80.46708333333333,22.77333333333333,8.81,0.3104166666666667,29.416666666666668,3.4
2015-07-26,,,0.8754166666666666,,,75.35000000000001,22.39625,18.15791666666667,0.09666666666666666,15.666666666666666,0.0
2015-07-27,,,7.158333333333334,,,74.66250000000001,22.899583333333336,9.789473684210526,0.17708333333333334,30.708333333333332,0.0
2015-07-28,,,5.71375,,,73.44375000000001,23.889583333333334,18.632083333333334,0.09500000000000001,23.666666666666668,0.0
2015-07-29,,,7.149166666666666,,,75.98,23.66625,16.97458333333333,0.09458333333333334,26.333333333333332,0.8
2015-07-30,,,4.835416666666666,,,71.6025,24.779583333333335,19.41,0.12125000000000001,21.791666666666668,0.0
2015-07-31,,,8.384166666666667,,,69.79625,25.140833333333333,16.062083333333334,0.5166666666666667,57.25,0.0
2015-08-01,,,7.935833333333334,,,63.3425,25.67125,18.003333333333334,0.4383333333333333,80.20833333333333,0.0
2015-08-02,,,12.149583333333332,,,56.98375000000001,25.600416666666664,14.969583333333333,0.5529166666666666,42.0,0.0
2015-08-03,,,8.32,,,53.5325,26.090416666666666,14.270833333333334,0.3529166666666667,46.916666666666664,0.0
2015-08-04,,,11.551875,,,56.899166666666666,25.391875,22.80333333333333,0.775,79.375,0.0
2015-08-05,,,5.104166666666667,,,63.16833333333333,24.77,22.254583333333333,0.29125,76.125,0.0
2015-08-06,,,10.525833333333333,,,63.35666666666666,25.31958333333333,23.023750000000003,0.14833333333333334,56.166666666666664,0.0
2015-08-07,,,6.672499999999999,,,63.17208333333334,25.664583333333336,17.577083333333334,0.14916666666666667,41.895833333333336,0.0
2015-08-08,,,4.291666666666667,,,64.05041666666666,25.155833333333334,21.082916666666666,0.13708333333333333,36.083333333333336,0.0
2015-08-09,,,0.7000000000000001,,,64.55375,24.15833333333333,32.23916666666667,0.10125,23.666666666666668,0.0
2015-08-10,,,3.1020833333333333,,,59.593333333333334,24.190833333333334,26.005,0.03333333333333333,26.291666666666668,0.0
2015-08-11,,,2.5208333333333335,,,58.060833333333335,23.67,21.842083333333335,0.035416666666666666,26.416666666666668,0.0
2015-08-12,,,4.99625,,,61.05166666666667,23.181250000000002,22.46666666666667,0.03625,29.541666666666668,0.0
2015-08-13,,,4.430833333333333,,,61.32541666666666,23.861666666666665,18.688333333333333,0.135,32.208333333333336,0.0
2015-08-14,,,5.894166666666667,,,61.51208333333333,24.556250000000002,15.299166666666666,0.13,29.041666666666668,0.0
2015-08-15,,,6.115833333333334,,,54.28041666666667,25.517083333333332,23.355833333333333,0.28250000000000003,27.875,0.0
2015-08-16,,,11.675416666666665,,,56.89791666666667,25.839583333333334,23.514166666666668,0.3408333333333333,34.23809523809524,0.0
2015-08-17,,,5.910416666666666,,,60.00375,25.285833333333333,23.120833333333334,0.15791666666666668,39.1,0.0
2015-08-18,,,7.7175,,,54.56708333333333,26.162499999999998,13.885,0.16833333333333333,35.125,0.0
2015-08-19,,,15.439166666666667,,,49.40208333333334,27.759583333333335,18.609166666666667,0.29083333333333333,51.416666666666664,0.0
2015-08-20,,,1.0314285714285714,,,54.84312499999999,23.717083333333335,46.95882352941176,0.06615384615384615,19.176470588235293,0.4
2015-08-21,,,1.284,,,69.62270833333334,22.54875,31.168,0.048,17.833333333333332,0.4
2015-08-22,,,18.30071428571429,,,77.81875,21.27875,15.427857142857144,0.13999999999999999,25.8,0.0
2015-08-23,,,,,,,,,,,0.0
2015-08-24,,,4.596,,,67.91090909090909,22.996363636363636,33.056,0.015714285714285715,27.5,0.0
2015-08-25,,,4.9790624999999995,,,79.29625,21.680625,12.281875,0.0759375,36.0,2.6
2015-08-26,,,0.35874999999999996,,,76.45875,22.235,18.2775,0.028749999999999998,11.0,0.0
2015-08-27,,,3.34375,,,66.92,23.75,20.558333333333334,0.07333333333333333,25.166666666666668,0.0
2015-08-28,,,2.564583333333333,,,61.5375,23.7075,29.71166666666667,0.05458333333333334,22.208333333333332,0.0
2015-08-29,,,5.8183333333333325,,,62.61708333333333,23.62375,28.30541666666667,0.13999999999999999,35.416666666666664,0.0
2015-08-30,,,21.87125,,,58.95791666666667,25.586250000000003,22.055833333333336,0.45249999999999996,35.125,0.0
2015-08-31,,,22.883750000000003,,,53.35520833333334,27.231458333333332,23.499375,0.926875,69.25,0.0
2015-09-01,,,11.782916666666667,,,61.42916666666667,26.6075,55.94125,0.3175,85.58333333333333,1.2000000000000002
2015-09-02,,,2.498125,,,68.30083333333333,21.305833333333332,31.154791666666668,0.012307692307692308,28.041666666666668,0.0
2015-09-03,,,18.554583333333333,,,63.451249999999995,23.008750000000003,17.637083333333333,0.12333333333333334,34.3125,0.0
2015-09-04,,,16.308541666666667,,,70.6725,23.12875,9.375,0.35125,65.27083333333333,4.6
2015-09-05,,,6.189583333333334,,,79.56541666666666,20.370833333333334,22.646666666666665,0.08833333333333333,15.333333333333334,4.4
2015-09-06,,,7.988333333333333,,,77.14166666666667,21.7375,15.347083333333332,0.18375,16.875,0.6000000000000001
2015-09-07,,,12.058333333333332,,,78.68625,23.201666666666668,5.864583333333333,0.6820833333333334,31.291666666666668,0.2
2015-09-08,,,12.59125,,,70.9175,24.655833333333334,12.600416666666666,0.5675,40.25,2.2
2015-09-09,,,8.923333333333334,,,74.99083333333333,23.60875,19.446666666666665,0.1792857142857143,20.166666666666668,5.6000000000000005
2015-09-10,,,12.640416666666667,,,71.63541666666667,24.067916666666665,9.016666666666667,0.3233333333333333,35.291666666666664,0.4
2015-09-11,,,5.210833333333333,,,79.21083333333333,23.56625,10.901666666666666,0.33666666666666667,25.979166666666668,20.4
2015-09-12,,,4.269583333333333,,,86.455,20.609583333333333,23.07166666666667,0.10125,10.833333333333334,6.800000000000001
2015-09-13,,,1.21125,,,89.9425,18.54041666666667,28.042916666666667,0.12291666666666667,9.125,14.8
2015-09-14,,,5.1779166666666665,,,79.56416666666667,20.30125,12.555416666666666,0.09500000000000001,18.791666666666668,0.0
2015-09-15,,,6.144583333333333,,,75.79125,24.082916666666666,19.654166666666665,0.18833333333333335,22.5,0.0
2015-09-16,,,17.631176470588237,,,64.47941176470589,28.680588235294117,17.236470588235292,0.39375,39.05,0.0
2015-09-17,,,22.96611111111111,,,55.52041666666667,32.67307692307692,18.68857142857143,0.8943749999999999,78.85714285714286,0.0
2015-09-18,,,17.469166666666666,,,48.75083333333333,31.057083333333335,16.95375,0.32875000000000004,71.625,0.0
2015-09-19,,,10.5,,,60.31791666666667,29.566666666666666,45.819583333333334,0.3625,75.66666666666667,0.0
2015-09-20,,,7.629583333333334,,,66.89,26.772916666666664,43.63583333333333,0.2675,47.208333333333336,0.0
2015-09-21,,,11.010416666666666,,,67.82708333333333,26.035,25.669166666666666,0.115,45.5,0.0
2015-09-22,,,11.235,,,68.88541666666667,26.313333333333333,18.759583333333335,0.26916666666666667,77.5,0.0
2015-09-23,,,7.68875,,,69.75541666666668,26.492083333333337,30.116249999999997,0.30875,81.41666666666667,0.0
2015-09-24,,,15.321666666666667,,,55.768750000000004,31.124166666666667,32.45541666666667,0.7585416666666666,110.54166666666667,0.0
2015-09-25,,,6.485416666666667,,,58.32541666666666,29.959166666666665,44.63958333333333,0.42291666666666666,106.33333333333333,0.0
2015-09-26,,,9.18125,,,65.74083333333333,26.92125,42.967083333333335,0.27875,52.416666666666664,0.0
2015-09-27,,,13.779166666666667,,,64.42166666666667,28.349999999999998,49.90833333333333,0.30624999999999997,49.5,16.2
2015-09-28,,,8.805,,,71.37333333333333,26.306250000000002,47.47833333333333,0.21791666666666668,34.208333333333336,0.2
2015-09-29,,,4.730833333333333,,,73.53208333333333,25.494583333333335,34.356249999999996,0.1675,22.375,0.0
2015-09-30,,,15.367916666666666,,,73.3,26.38416666666667,7.7625,0.6820833333333334,68.79166666666667,0.0
2015-10-01,,,4.904583333333333,,,71.82458333333334,26.52916666666667,39.211666666666666,0.13999999999999999,40.958333333333336,0.0
2015-10-02,,,9.3725,,,62.190625,29.439999999999998,32.23875,0.33,55.1764705882353,0.0
2015-10-03,,,6.345833333333334,,,67.53375,27.497083333333336,44.102916666666665,0.24125,39.875,0.2
2015-10-04,,,3.1245833333333333,,,81.90041666666667,23.644583333333333,28.324583333333333,0.2504166666666667,17.791666666666668,0.8
2015-10-05,,,0.7670833333333333,,,72.43083333333333,22.106666666666666,29.282083333333333,0.06666666666666667,10.375,0.0
2015-10-06,,,3.9095833333333334,,,65.14833333333333,23.131666666666664,22.763333333333335,0.06916666666666667,24.25,0.0
2015-10-07,,,6.697500000000001,,,59.3825,25.177083333333332,22.525833333333335,0.05333333333333334,30.416666666666668,0.0
2015-10-08,,,9.571666666666667,,,53.68125,27.612916666666667,24.29375,0.19999999999999998,33.416666666666664,0.0
2015-10-09,,,7.683333333333334,,,58.165,27.295833333333334,26.964166666666667,0.19708333333333336,54.75,0.0
2015-10-10,,,3.438333333333333,,,53.11000000000001,28.800833333333333,45.95250000000001,0.20375000000000001,34.583333333333336,0.0
2015-10-11,,,9.317916666666667,,,58.025416666666665,29.037916666666664,46.69291666666667,0.2804166666666667,58.125,0.0
2015-10-12,,,6.026666666666666,,,64.80749999999999,27.534166666666668,53.56041666666667,0.16708333333333333,44.833333333333336,0.0
2015-10-13,,,4.75375,,,62.33583333333333,27.411666666666665,33.67791666666667,0.11916666666666666,30.708333333333332,0.0
2015-10-14,,,11.244166666666667,,,69.57125,27.057083333333335,34.973333333333336,0.14833333333333334,56.0,0.0
2015-10-15,,,13.771666666666667,,,54.95041666666666,31.309583333333332,48.26125,0.41,79.875,0.0
2015-10-16,,,9.470833333333333,,,48.2075,32.44541666666667,64.84208333333333,0.5141666666666667,91.95833333333333,0.0
2015-10-17,,,1.3520833333333335,,,64.40916666666666,27.508333333333336,56.419999999999995,0.08208333333333333,35.083333333333336,0.0
2015-10-18,,,1.8712499999999999,,,72.32916666666667,22.58791666666667,33.33583333333333,0.09125,14.583333333333334,0.0
2015-10-19,,,1.4683333333333335,,,74.40833333333333,21.949166666666667,21.379166666666666,0.050416666666666665,21.166666666666668,1.5999999999999999
2015-10-20,,,5.069999999999999,,,60.251666666666665,26.579166666666666,25.530416666666667,0.13125,36.416666666666664,0.0
2015-10-21,,,8.820833333333333,,,61.906666666666666,28.000416666666666,25.881249999999998,0.27666666666666667,50.416666666666664,0.0
2015-10-22,,,5.6866666666666665,,,69.75416666666666,26.810833333333335,31.275000000000002,0.32458333333333333,46.333333333333336,1.7999999999999998
2015-10-23,,,4.95375,,,64.97041666666667,27.1425,38.3025,0.2808333333333333,33.083333333333336,0.0
2015-10-24,,,3.174583333333333,,,64.8725,25.369583333333335,46.88833333333333,0.09708333333333334,13.875,0.0
2015-10-25,,,0.4070833333333333,,,67.89666666666666,23.6525,29.620416666666667,0.11666666666666668,16.041666666666668,0.0
2015-10-26,,,3.9741666666666666,,,65.24208333333333,25.034166666666668,21.152916666666666,0.0575,30.5,0.0
2015-10-27,,,7.294583333333333,,,64.03625,27.677083333333332,23.13875,0.13958333333333334,44.666666666666664,0.0
2015-10-28,,,1.2529166666666667,,,75.29458333333334,26.014166666666668,25.689999999999998,0.12416666666666666,32.166666666666664,0.4
2015-10-29,,,1.165,,,72.37458333333333,25.244583333333335,35.878125000000004,0.06645833333333333,16.416666666666668,0.8
2015-10-30,,,3.3837499999999996,,,73.92833333333333,25.16541666666667,15.795,0.12125000000000001,17.0,2.0
2015-10-31,,,5.6883333333333335,,,58.74875,29.40833333333333,26.74,0.20958333333333334,19.041666666666668,0.0
2015-11-01,,,2.1566666666666667,,,63.73666666666667,28.3125,31.434583333333336,0.14958333333333332,24.833333333333332,0.0
2015-11-02,,,1.52375,,,79.3525,25.831666666666667,23.11916666666667,0.20458333333333334,14.75,14.6
2015-11-03,,,1.9383333333333335,,,79.82708333333333,27.13,9.7325,0.5275,26.583333333333332,4.0
2015-11-04,,,3.0829166666666663,,,77.405,26.572083333333335,16.143333333333334,0.23583333333333334,22.291666666666668,18.2
2015-11-05,,,2.6,,,78.605,26.650833333333335,10.09375,0.22166666666666668,19.666666666666668,0.8
2015-11-06,,,1.5525,,,80.78916666666667,26.1825,11.80625,0.20958333333333334,17.166666666666668,6.0
2015-11-07,,,0.8872916666666667,,,90.16125,23.735416666666666,18.605833333333333,0.13979166666666668,6.604166666666667,28.400000000000006
2015-11-08,,,1.3066666666666666,,,82.23916666666666,25.441666666666666,15.76,0.0,17.0,8.600000000000001
2015-11-09,,,2.8825,,,81.43125,26.190833333333334,7.604166666666667,0.2791666666666667,38.083333333333336,0.2
2015-11-10,,,0.5941666666666666,,,72.19791666666667,28.790000000000003,22.752291666666665,0.27666666666666667,50.625,0.8
2015-11-11,,,1.5825000000000002,,,69.07458333333334,29.568749999999998,27.605,0.19666666666666666,55.875,0.0
2015-11-12,,,0.00875,,,66.58666666666666,28.245,32.51916666666667,0.15333333333333335,26.458333333333332,0.0
2015-11-13,,,4.475416666666667,,,66.76291666666667,27.74083333333333,26.77416666666667,0.2275,28.0,0.0
2015-11-14,,,7.881458333333334,,,51.072916666666664,32.195,41.48166666666667,0.40958333333333335,33.666666666666664,0.0
2015-11-15,,,1.3204166666666668,,,65.70208333333333,28.021666666666665,45.098749999999995,0.16291666666666668,15.666666666666666,0.2
2015-11-16,,,0.64875,,,79.29041666666667,24.93625,22.72083333333333,0.09791666666666667,15.0,0.6000000000000001
2015-11-17,,,2.6824999999999997,,,76.85208333333334,26.11791666666667,21.52208333333333,0.07458333333333333,14.833333333333334,0.2
2015-11-18,,,7.237916666666667,,,67.04041666666667,29.82375,30.929166666666664,0.22666666666666666,20.375,0.4
2015-11-19,,,13.267083333333334,,,63.745,30.879166666666666,45.96541666666667,0.32416666666666666,45.208333333333336,0.0
2015-11-20,,,4.766666666666667,,,59.80166666666667,30.55666666666667,50.95375000000001,0.2520833333333333,21.291666666666668,1.0
2015-11-21,,,0.25708333333333333,,,79.94541666666667,23.824166666666667,37.20583333333333,0.19458333333333333,11.416666666666666,7.000000000000001
2015-11-22,,,1.7029166666666666,,,69.24416666666666,25.555833333333336,26.727500000000003,0.10708333333333335,17.125,0.2
2015-11-23,,,1.1275000000000002,,,83.47875,24.250416666666666,24.871666666666666,0.09999999999999999,17.125,26.199999999999996
2015-11-24,,,6.694166666666667,,,75.91458333333334,26.2675,16.136666666666667,0.20875,21.666666666666668,0.8
2015-11-25,,,6.014583333333333,,,75.19458333333334,26.09375,18.826666666666668,0.29333333333333333,30.958333333333332,0.2
2015-11-26,,,0.2758333333333333,,,71.47833333333334,25.80333333333333,29.082916666666666,0.05291666666666667,7.5,0.2
2015-11-27,,,1.5666666666666667,,,65.11208333333333,25.780833333333334,21.4525,0.07958333333333334,19.208333333333332,0.0
2015-11-28,,,6.227916666666666,,,60.33916666666667,28.696250000000003,36.74375,0.15,22.375,5.6
2015-11-29,,,11.599583333333333,,,79.91333333333334,27.736666666666665,29.56833333333333,0.3066666666666667,24.083333333333332,55.60000000000001
2015-11-30,,,0.69,,,87.61833333333334,24.6125,20.277083333333334,0.1825,12.291666666666666,5.0
2015-12-01,,,6.2250000000000005,,,79.86458333333333,24.139166666666668,15.303333333333335,0.085,18.541666666666668,0.2
2015-12-02,,,2.67375,,,80.41875,25.28916666666667,14.2725,0.06625,14.916666666666666,1.8
2015-12-03,,,0.896875,,,88.96208333333334,22.982916666666668,12.05375,0.15375,9.041666666666666,3.2
2015-12-04,,,2.9104166666666664,,,84.90666666666667,23.555833333333336,12.102083333333333,0.13416666666666668,15.458333333333334,0.6000000000000001
2015-12-05,,,10.622916666666667,,,74.68958333333333,27.520833333333332,28.545833333333334,0.18166666666666667,28.583333333333332,0.4
2015-12-06,,,6.087083333333333,,,75.55083333333333,27.546666666666667,29.5775,0.4075,37.083333333333336,7.2
2015-12-07,,,5.718636363636364,,,85.85318181818182,23.879545454545454,16.327727272727273,0.18727272727272729,13.090909090909092,14.0
2015-12-08,,,0.6546666666666667,,,76.63933333333333,24.956666666666667,16.926,0.07600000000000001,15.666666666666666,0.4
2015-12-09,,,9.276666666666666,,,70.51291666666667,28.18375,24.38,0.15375000000000003,22.833333333333332,0.0
2015-12-10,,,4.174166666666666,,,58.35833333333333,31.454166666666666,35.40125,0.4254166666666667,32.416666666666664,0.0
2015-12-11,,,7.361250000000001,,,63.531666666666666,28.53833333333333,24.645416666666666,0.20750000000000002,25.458333333333332,0.0
2015-12-12,,,10.21625,,,74.86583333333333,28.002916666666664,29.77208333333333,0.22958333333333333,32.166666666666664,18.400000000000002
2015-12-13,,,7.0879166666666675,,,67.12583333333333,29.345,47.07583333333333,0.22,17.875,11.0
2015-12-14,,,13.124166666666667,,,62.82041666666667,30.78125,38.5425,0.23750000000000002,21.5,2.4000000000000004
2015-12-15,,,7.66875,,,54.72541666666667,33.3275,37.99375,0.2625,42.416666666666664,0.0
2015-12-16,,,1.7725,,,65.72875,29.1125,48.45375000000001,0.20333333333333334,21.708333333333332,3.2
2015-12-17,,,5.4695833333333335,,,66.59833333333333,28.92,34.66916666666666,0.145,26.333333333333332,0.2
2015-12-18,,,10.185833333333333,,,57.92875,31.63208333333333,44.0875,0.36791666666666667,51.791666666666664,0.0
2015-12-19,,,8.110833333333334,,,55.28958333333333,32.089166666666664,60.287083333333335,0.33083333333333337,43.166666666666664,0.0
2015-12-20,,,1.5441666666666667,,,62.68833333333333,29.83875,59.89541666666667,0.15416666666666667,16.833333333333332,0.0
2015-12-21,,,6.942083333333334,,,63.89833333333333,29.862916666666667,34.8625,0.17875,31.0,0.0
2015-12-22,,,11.558333333333332,,,57.747083333333336,31.09875,33.878750000000004,0.12083333333333333,37.875,0.0
2015-12-23,,,7.6125,,,51.82,31.90416666666667,25.188333333333333,0.10708333333333332,23.333333333333332,0.0
2015-12-24,,,13.575416666666667,,,50.336666666666666,32.03916666666667,40.24166666666667,0.09958333333333334,24.5,0.0
2015-12-25,,,16.027083333333334,,,52.54666666666666,32.38583333333333,59.04666666666666,0.12083333333333333,37.166666666666664,0.0
2015-12-26,,,11.282916666666667,,,53.435833333333335,32.071666666666665,42.195,0.1679166666666667,33.416666666666664,0.0
2015-12-27,,,7.48,,,51.19583333333333,32.07333333333333,37.51,0.2604166666666667,28.208333333333332,0.0
2015-12-28,,,6.199166666666667,,,51.17250000000001,32.27291666666667,38.49875,0.115,19.041666666666668,0.4
2015-12-29,,,14.790416666666667,,,53.88708333333333,31.822083333333335,33.74,0.26375,25.416666666666668,0.0
2015-12-30,,,6.166666666666667,,,54.9125,31.454166666666666,32.78416666666667,0.27125,41.75,12.0
2015-12-31,,,8.082083333333333,,,54.50208333333333,31.690833333333334,27.01875,0.26875,17.041666666666668,1.2
2016-01-01,,,0.0775,,,59.15416666666667,31.645833333333332,28.299166666666668,0.3183333333333333,32.75,0.6000000000000001
2016-01-02,,,1.9037499999999998,,,79.09958333333334,27.592083333333335,13.296666666666667,0.24708333333333332,9.375,2.8
2016-01-03,,,0.83625,,,76.47125,26.397916666666664,11.503333333333332,0.10083333333333333,15.541666666666666,1.8
2016-01-04,,,0.8191666666666667,,,62.85583333333333,27.200833333333335,16.866666666666667,0.09041666666666666,23.166666666666668,0.0
2016-01-05,,,8.212916666666667,,,61.70666666666667,26.802083333333332,21.388333333333335,0.07916666666666666,18.125,0.0
2016-01-06,,,5.459791666666667,,,57.22375,27.5925,23.644166666666667,0.21666666666666667,22.895833333333332,0.0
2016-01-07,,,5.630416666666666,,,59.40958333333333,28.58375,29.7925,0.06833333333333333,24.416666666666668,0.0
2016-01-08,,,3.5541666666666667,,,58.9775,30.756249999999998,29.397916666666664,0.13875,37.916666666666664,0.0
2016-01-09,,,2.3945833333333333,,,60.634166666666665,31.24625,36.8125,0.19333333333333333,47.5,0.0
2016-01-10,,,3.327083333333333,,,59.16416666666667,31.790000000000003,29.594583333333333,0.23791666666666667,39.5,0.0
2016-01-11,,,0.345,,,65.91166666666668,29.712500000000002,27.345,0.18416666666666667,44.833333333333336,0.2
2016-01-12,,,0.38604166666666667,,,76.38583333333334,28.519166666666667,17.493333333333332,0.22708333333333333,17.166666666666668,6.200000000000001
2016-01-13,,,0.324375,,,73.68916666666667,28.955,23.9425,0.40958333333333335,16.5,19.8
2016-01-14,,,1.63875,,,84.28708333333333,27.5925,17.325833333333332,0.38916666666666666,16.083333333333332,6.2
2016-01-15,,,1.3704166666666666,,,85.11833333333334,27.242500000000003,8.377083333333333,0.38625,20.789473684210527,36.4
2016-01-16,,,1.2741666666666667,,,80.72333333333334,25.436666666666667,10.22625,0.105,19.533333333333335,42.199999999999996
2016-01-17,,,0.7141666666666667,,,67.95291666666667,25.339583333333334,15.85875,0.08541666666666665,21.583333333333332,0.2
2016-01-18,,,4.400416666666667,,,72.86666666666666,24.403750000000002,12.882083333333334,0.04125,15.208333333333334,1.7999999999999998
2016-01-19,,,3.8683333333333336,,,89.1025,22.704583333333332,4.85875,0.2141666666666667,13.583333333333334,15.8
2016-01-20,,,0.07291666666666667,,,86.955,23.571250000000003,10.037083333333333,0.08375,12.916666666666666,3.4000000000000004
2016-01-21,,,0.24916666666666668,,,82.10916666666667,24.74791666666667,8.74375,0.08458333333333334,14.958333333333334,3.0
2016-01-22,,,0.8375,,,86.08041666666666,24.455416666666665,7.77375,0.14958333333333332,16.958333333333332,9.4
2016-01-23,,,0.8416666666666667,,,75.43333333333334,26.239166666666666,12.504583333333334,0.20125,20.375,10.0
2016-01-24,,,0.5283333333333333,,,72.43625,26.911666666666665,17.561666666666667,0.17375,24.416666666666668,0.0
2016-01-25,,,2.8020833333333335,,,72.00125,28.22666666666667,13.46,0.12541666666666668,23.416666666666668,0.0
2016-01-26,,,3.0854166666666667,,,65.20375,30.59,24.585833333333337,0.14791666666666667,35.458333333333336,0.0
2016-01-27,,,4.604583333333333,,,67.13291666666667,30.63291666666667,34.39041666666667,0.25333333333333335,46.083333333333336,0.0
2016-01-28,,,2.2258333333333336,,,79.79625,28.08125,16.432083333333335,0.16708333333333333,29.166666666666668,5.6
2016-01-29,,,3.7854166666666664,,,75.22625000000001,28.693749999999998,14.775416666666667,0.30583333333333335,30.875,0.4
2016-01-30,,,4.145833333333333,,,60.260416666666664,31.45625,20.936249999999998,0.36125,35.125,0.0
2016-01-31,,,9.669166666666667,,,54.32208333333333,32.69416666666667,33.95916666666667,0.30270833333333336,33.666666666666664,0.0
2016-02-01,,,7.76125,,,54.91708333333333,32.26958333333334,56.45375000000001,0.19354166666666664,40.541666666666664,0.0
2016-02-02,,,7.734166666666667,,,62.81333333333333,30.421666666666667,39.59458333333333,0.2608333333333333,50.0,0.0
2016-02-03,,,4.469166666666667,,,65.7525,29.625,46.685833333333335,0.25875,42.166666666666664,0.0
2016-02-04,,,2.5970833333333334,,,62.91291666666667,29.91333333333333,27.965833333333336,0.3472222222222222,41.791666666666664,0.0
2016-02-05,,,4.91875,,,57.48875,31.41125,36.964166666666664,0.08615384615384616,40.125,0.0
2016-02-06,,,5.853333333333333,,,61.8725,30.528333333333336,37.26166666666666,0.1475,37.333333333333336,0.0
2016-02-07,,,9.608749999999999,,,67.57166666666667,29.127499999999998,23.277916666666666,0.050833333333333335,29.0,0.0
2016-02-08,,,17.713333333333335,,,63.25833333333333,30.202083333333334,32.06041666666667,0.16333333333333333,33.625,0.0
2016-02-09,,,15.099583333333333,,,52.47291666666666,32.45875,37.20333333333333,0.15208333333333332,30.166666666666668,0.0
2016-02-10,,,16.013333333333332,,,53.11958333333333,33.15,51.93208333333333,0.23166666666666666,36.333333333333336,0.0
2016-02-11,,,1.23,,,73.4525,28.202916666666667,37.538333333333334,0.111875,17.291666666666668,7.4
2016-02-12,,,1.06125,,,58.49666666666667,27.75916666666667,26.777083333333334,0.12708333333333333,21.041666666666668,0.0
2016-02-13,,,2.080416666666667,,,64.16625,27.910416666666666,16.689583333333335,0.06875,29.083333333333332,0.0
2016-02-14,,,0.8304166666666667,,,58.85208333333333,31.170416666666668,27.379166666666666,0.21041666666666667,28.208333333333332,0.0
2016-02-15,,,11.478333333333333,,,67.23916666666666,31.047916666666666,24.93958333333333,0.45166666666666666,40.208333333333336,29.799999999999997
2016-02-16,,,5.730833333333333,,,78.19333333333334,28.099999999999998,22.252083333333335,0.36812500000000004,29.291666666666668,3.6
2016-02-17,,,1.8462500000000002,,,78.42041666666667,27.67833333333333,23.337083333333336,0.6595833333333333,29.458333333333332,11.0
2016-02-18,,,0.5625,,,67.64333333333333,29.70625,30.575833333333332,0.6678947368421052,22.208333333333332,2.0000000000000004
2016-02-19,,,4.4799999999999995,,,68.94333333333334,29.710416666666664,31.699166666666667,0.4041666666666666,32.333333333333336,13.399999999999999
2016-02-20,,,2.6770833333333335,,,74.52541666666666,28.7,26.262916666666666,0.5325,24.958333333333332,31.000000000000004
2016-02-21,,,3.8214583333333336,,,75.955625,27.89708333333333,31.93958333333333,0.4535,27.166666666666668,9.6
2016-02-22,,,14.954166666666666,,,76.06916666666667,28.313333333333333,27.609166666666667,0.3347826086956522,26.916666666666668,38.6
2016-02-23,,,7.599166666666666,,,74.37375,29.108333333333334,33.236666666666665,0.6175,36.375,23.6
2016-02-24,,,6.009166666666666,,,65.56958333333334,30.517916666666665,21.131666666666664,0.48374999999999996,35.5,0.0
2016-02-25,,,8.2325,,,66.18791666666667,29.827083333333334,29.137083333333333,0.46291666666666664,38.041666666666664,0.0
2016-02-26,,,19.59958333333333,,,59.4125,31.35375,35.236666666666665,0.8216666666666667,37.833333333333336,0.0
2016-02-27,,,13.452916666666667,,,54.56583333333333,32.15333333333333,37.23291666666667,0.6408333333333334,30.291666666666668,0.0
2016-02-28,,,22.62,,,63.54416666666666,31.305833333333336,47.24875,0.5745833333333333,30.041666666666668,0.0
2016-02-29,,,7.805416666666666,,,82.67458333333333,26.10375,14.217916666666667,0.395,15.791666666666666,49.0
2016-03-01,,,12.502083333333333,,,82.51333333333334,23.8175,6.4125000000000005,0.06291666666666666,22.916666666666668,0.6000000000000001
2016-03-02,,,12.009166666666667,,,74.965,26.947916666666668,17.609583333333333,0.26458333333333334,16.041666666666668,0.0
2016-03-03,,,14.600416666666668,,,65.33,29.587500000000002,13.705416666666666,0.248421052631579,35.0,0.0
2016-03-04,,,6.9558333333333335,,,51.9575,31.022916666666664,20.247083333333332,0.19083333333333333,28.791666666666668,0.0
2016-03-05,,,8.46875,,,57.93541666666667,29.62291666666667,37.205416666666665,0.3225,35.541666666666664,0.0
2016-03-06,,,18.745833333333334,,,67.92999999999999,30.15041666666667,41.52125,0.4652631578947368,48.416666666666664,0.4
2016-03-07,,,5.110833333333333,,,69.43041666666666,29.9425,29.858958333333334,0.20083333333333334,38.583333333333336,0.2
2016-03-08,,,0.97625,,,69.51375,29.77625,20.149166666666666,0.10083333333333333,45.166666666666664,0.0
2016-03-09,,,2.0054166666666666,,,65.70666666666666,30.1075,22.83375,0.05125,42.291666666666664,0.0
2016-03-10,,,16.567083333333333,,,53.83041666666667,31.85083333333333,18.861875,0.23,41.375,0.0
2016-03-11,,,4.4775,,,69.89416666666666,29.23875,5.905,0.5466666666666666,40.916666666666664,2.0
2016-03-12,,,3.2708333333333335,,,75.02458333333333,27.950416666666666,15.684166666666668,0.7512500000000001,34.291666666666664,85.0
2016-03-13,,,2.9741666666666666,,,82.04625,25.590833333333332,7.543333333333333,0.10333333333333333,29.041666666666668,0.2
2016-03-14,,,4.742105263157895,,,69.08041666666666,27.082916666666666,18.857499999999998,0.17470588235294116,31.125,0.0
2016-03-15,,,2.175625,,,72.24875,27.998333333333335,19.386666666666667,0.07291666666666667,23.708333333333332,0.4
2016-03-16,,,5.3879166666666665,,,83.04708333333333,26.31125,6.909583333333334,0.0,26.25,11.4
2016-03-17,,,2.7268749999999997,,,79.59666666666666,26.857083333333332,9.829583333333334,,25.458333333333332,0.8
2016-03-18,,,4.547291666666667,,,72.72041666666667,27.778750000000002,12.516666666666666,0.2173076923076923,21.375,0.0
2016-03-19,,,4.772083333333334,,,72.31166666666667,27.900833333333335,21.867083333333337,0.1025,19.458333333333332,0.0
2016-03-20,,,6.777666666666667,,,67.42666666666666,29.03666666666667,25.432000000000002,0.27133333333333337,16.8,0.0
2016-03-21,,,7.067857142857143,,,54.385,30.38,26.946428571428573,0.18142857142857144,23.933333333333334,0.0
2016-03-22,,,14.204583333333334,,,58.31,30.53708333333333,24.739166666666666,0.5779166666666667,44.375,0.0
2016-03-23,,,4.8064583333333335,,,71.0,29.308333333333334,27.544166666666666,0.4925,54.5,23.8
2016-03-24,,,11.610833333333334,,,74.5975,26.77541666666667,24.655,0.3104166666666667,15.083333333333334,1.6
2016-03-25,,,4.078125,,,73.55041666666666,28.400833333333335,28.712500000000002,0.32625,21.583333333333332,0.2
2016-03-26,,,12.054166666666667,,,76.02166666666666,28.63791666666667,12.292083333333332,0.64125,39.916666666666664,0.6000000000000001
2016-03-27,,,6.445208333333333,,,59.25583333333333,30.62,37.687916666666666,0.6366666666666666,31.333333333333332,0.0
2016-03-28,,,11.677083333333334,,,64.93833333333333,30.690416666666664,20.8875,0.3120833333333333,40.083333333333336,0.0
2016-03-29,,,8.570625,,,72.95916666666666,29.577916666666667,32.763333333333335,0.25375,49.041666666666664,0.2
2016-03-30,,,10.4325,,,72.62791666666666,29.0525,29.35166666666667,0.2225,41.541666666666664,0.0
2016-03-31,,,18.699583333333333,,,73.58291666666666,29.347916666666666,29.648750000000003,0.3520833333333333,56.875,0.6
2016-04-01,,,10.393958333333334,,,74.97166666666666,28.229583333333334,31.920833333333334,0.3333333333333333,48.916666666666664,4.0
2016-04-02,,,11.801041666666668,,,72.35000000000001,28.01875,35.51916666666667,0.25375,33.666666666666664,0.0
2016-04-03,,,13.044583333333334,,,69.17125,28.940833333333334,27.93541666666667,0.3408333333333333,24.541666666666668,0.0
2016-04-04,,,6.6414583333333335,,,68.41083333333333,28.811666666666667,24.015833333333333,0.2020833333333333,30.416666666666668,0.0
2016-04-05,,,7.564374999999999,,,68.44333333333333,28.528750000000002,25.433333333333334,0.16666666666666666,24.083333333333332,0.0
2016-04-06,,,13.342291666666666,,,67.82458333333334,28.044583333333332,16.026666666666667,0.12875,33.833333333333336,0.0
2016-04-07,,,20.06125,,,63.31708333333333,29.362916666666667,24.175,0.515625,44.916666666666664,0.0
2016-04-08,,,12.228541666666667,,,65.41916666666667,28.72,27.405,0.38083333333333336,53.395833333333336,0.0
2016-04-09,,,7.8566666666666665,,,70.29125,28.587083333333336,38.09583333333333,0.2333333333333333,38.416666666666664,0.0
2016-04-10,,,10.176041666666666,,,65.3575,29.334999999999997,40.91791666666666,0.28833333333333333,37.958333333333336,0.0
2016-04-11,,,10.106250000000001,,,65.3625,29.299166666666665,27.13416666666667,0.2354166666666667,35.666666666666664,0.0
2016-04-12,,,11.273125,,,66.49125,29.199583333333333,33.69041666666667,0.20458333333333334,37.166666666666664,0.0
2016-04-13,,,6.171666666666667,,,70.06666666666666,28.699166666666667,21.958333333333332,0.19125,39.583333333333336,0.0
2016-04-14,,,17.21,,,61.69708333333333,30.341250000000002,20.830833333333334,0.19958333333333333,41.333333333333336,0.0
2016-04-15,,,11.18125,,,64.48708333333333,30.190416666666668,24.109166666666667,0.54,55.083333333333336,0.0
2016-04-16,,,3.200833333333333,,,58.77791666666667,29.81458333333333,26.11375,0.27166666666666667,43.416666666666664,0.0
2016-04-17,,,4.726666666666667,,,59.15875,29.897499999999997,19.385,0.19541666666666668,25.5,0.0
2016-04-18,,,13.138541666666667,,,62.8775,30.22,21.139166666666668,0.14,29.458333333333332,0.0
2016-04-19,,,7.543958333333333,,,56.4375,30.159166666666668,11.984166666666667,0.10208333333333335,24.833333333333332,0.0
2016-04-20,,,13.003749999999998,,,56.23041666666666,29.95375,21.375416666666666,0.2041666666666667,35.833333333333336,0.0
2016-04-21,,,9.645208333333334,,,59.076249999999995,30.414166666666663,29.92833333333333,0.23208333333333334,42.083333333333336,0.0
2016-04-22,,,8.960208333333332,,,55.913333333333334,30.631666666666664,25.156666666666666,0.395,40.875,0.0
2016-04-23,,,13.911875,,,59.671666666666674,29.574583333333333,41.160000000000004,0.4791666666666667,61.083333333333336,0.0
2016-04-24,,,16.124166666666667,,,52.47708333333333,29.826666666666668,24.776666666666667,0.2916666666666667,43.5,0.0
2016-04-25,,,12.504375000000001,,,42.965833333333336,30.825416666666666,22.889166666666668,0.2354166666666667,50.833333333333336,0.0
2016-04-26,,,5.900208333333333,,,50.89458333333334,30.923333333333332,19.987916666666667,0.2891666666666667,46.041666666666664,0.0
2016-04-27,,,5.793333333333333,,,64.06083333333333,27.025833333333335,15.365416666666667,0.22916666666666666,60.958333333333336,0.0
2016-04-28,,,4.326666666666667,,,68.79791666666667,22.258750000000003,23.177916666666665,0.047499999999999994,15.25,0.0
2016-04-29,,,4.2525,,,73.64625,21.38625,10.12625,0.349375,30.541666666666668,10.4
2016-04-30,,,0.22645833333333332,,,78.76458333333333,21.38625,9.084999999999999,0.33375,14.416666666666666,0.2
2016-05-01,,,0.0,,,59.64166666666667,22.107916666666668,26.55,0.18583333333333332,17.583333333333332,0.4
2016-05-02,,,0.23854166666666665,,,62.99791666666667,22.548333333333332,14.514166666666668,0.3758333333333333,24.666666666666668,0.0
2016-05-03,,,8.845416666666667,,,71.15708333333333,23.13416666666667,15.61125,0.12875,36.0,0.0
2016-05-04,,,8.011249999999999,,,71.90083333333332,23.660833333333333,22.572916666666668,0.19166666666666668,32.958333333333336,0.0
2016-05-05,,,4.925714285714285,,,70.08095238095238,24.138095238095236,10.081428571428571,0.42625,27.90909090909091,0.0
2016-05-06,,,9.985333333333333,,,59.75666666666667,26.552,23.44066666666667,0.2853333333333333,26.266666666666666,0.0
2016-05-07,,,12.075416666666667,,,67.74541666666667,25.780833333333334,19.68916666666667,0.14583333333333334,35.625,0.0
2016-05-08,,,8.249583333333334,,,73.06583333333333,25.801666666666666,20.514583333333334,0.4370833333333333,40.208333333333336,0.0
2016-05-09,,,4.405833333333333,,,71.12541666666667,25.805000000000003,15.812083333333334,0.2575,30.875,0.0
2016-05-10,,,15.008333333333333,,,74.30875,26.176666666666666,10.741666666666667,0.37375,57.25,0.8
2016-05-11,,,5.229166666666667,,,75.18791666666667,25.883333333333336,16.614583333333332,0.3354166666666667,34.916666666666664,0.0
2016-05-12,,,4.062083333333333,,,78.20666666666666,24.145,11.334583333333333,0.15791666666666668,8.083333333333334,9.2
2016-05-13,,,4.070416666666667,,,89.06833333333333,21.408749999999998,4.229166666666667,0.28250000000000003,5.208333333333333,10.2
2016-05-14,,,2.3741666666666665,,,72.8175,22.495416666666667,16.03875,0.4879166666666667,10.458333333333334,3.8000000000000003
2016-05-15,,,5.952083333333333,,,62.86083333333334,24.149583333333336,14.692916666666667,0.3383333333333333,16.916666666666668,0.0
2016-05-16,,,11.54125,,,58.61000000000001,27.61916666666667,11.407916666666667,0.5145833333333333,42.5,0.0
2016-05-17,,,0.7083333333333334,,,74.735,24.598333333333333,18.329583333333336,0.12291666666666667,8.75,0.0
2016-05-18,,,2.685,,,90.4475,21.642916666666668,4.5424999999999995,0.22208333333333333,8.625,19.4
2016-05-19,,,0.52125,,,93.44791666666667,21.300416666666667,4.140833333333333,0.18416666666666667,5.083333333333333,5.2
2016-05-20,,,7.726875,,,81.093125,24.133125,10.86875,0.1075,13.5625,0.0
2016-05-21,,,,,,,,,,,
2016-05-22,,,,,,,,,,,
2016-05-23,,,,,,,,,,,
2016-05-24,,,,,,,,,,,
2016-05-25,,,,,,,,,,,
2016-05-26,,,,,,,,,,,
2016-05-27,,,,,,,,,,,
2016-05-28,,,,,,,,,,,
2016-05-29,,,,,,,,,,,
2016-05-30,,,,,,,,,,,
2016-05-31,,,,,,,,,,,
2016-06-01,,,,,,,,,,,
2016-06-02,,,,,,62.317499999999995,26.332083333333333,,,,0.0
2016-06-03,,,0.0,,,76.77,23.207083333333333,17.829285714285714,,7.5625,2.6
2016-06-04,,,0.5004166666666666,,,80.16166666666668,23.335416666666664,6.934166666666667,0.4841666666666667,11.5,0.6
2016-06-05,,,1.0093750000000001,,,83.97208333333333,23.729583333333334,8.773333333333333,0.5358333333333333,5.791666666666667,18.200000000000003
2016-06-06,,,2.4410000000000003,,,85.47458333333333,24.377916666666668,3.7158333333333338,0.43529411764705883,20.125,1.0
2016-06-07,,,0.6890909090909091,,,91.759375,21.068125,15.50125,0.1375,1.5625,29.4
2016-06-08,,,,,,,,,,,
2016-06-09,,,2.448,,,60.20454545454545,19.87818181818182,20.272,0.0561111111111111,8.5,0.0
2016-06-10,,,1.7143750000000002,,,69.45166666666667,18.940833333333334,7.179166666666666,0.11416666666666668,31.75,0.0
2016-06-11,,,0.8825,,,55.67541666666667,19.091666666666665,28.340416666666666,0.10375000000000001,17.666666666666668,0.0
2016-06-12,,,0.17710526315789477,,,56.706250000000004,18.395,23.499583333333334,0.4183333333333333,43.333333333333336,0.0
2016-06-13,,,1.32625,,,55.26708333333334,18.536666666666665,13.646666666666667,0.3989583333333333,24.958333333333332,0.0
2016-06-14,,,15.695833333333333,,,67.09666666666666,19.315,13.50875,0.30624999999999997,51.583333333333336,0.0
2016-06-15,,,3.6529166666666666,,,65.045,19.629583333333333,10.698749999999999,0.6041666666666666,24.625,0.0
2016-06-16,,,3.3841666666666668,,,70.00875,20.479166666666668,11.747916666666667,0.3829166666666666,43.0,0.0
2016-06-17,,,8.398333333333333,,,63.78708333333333,21.698958333333334,9.702499999999999,0.8558333333333333,37.833333333333336,0.0
2016-06-18,,,1.8658333333333335,,,77.68625,20.8975,26.738333333333333,1.2520833333333334,58.625,0.0
2016-06-19,,,10.539791666666666,,,70.97583333333334,22.14125,20.48375,0.365,42.104166666666664,0.0
2016-06-20,,,1.9539583333333335,,,74.58083333333333,20.693749999999998,18.840416666666666,0.09875,21.354166666666668,0.0
2016-06-21,,,4.588958333333333,,,78.09166666666667,19.797083333333333,17.44125,0.18333333333333335,5.578947368421052,1.9999999999999998
2016-06-22,,,7.994375000000001,,,72.36916666666667,21.66333333333333,14.365833333333333,0.06541666666666666,16.458333333333332,0.0
2016-06-23,,,10.015625,,,76.82333333333334,20.95875,12.902916666666668,0.12291666666666667,21.875,0.0
2016-06-24,,,7.981041666666667,,,73.36208333333333,20.1975,10.78875,0.2995833333333333,21.291666666666668,0.0
2016-06-25,,,11.917708333333332,,,69.93666666666667,21.251666666666665,18.582083333333333,0.4116666666666667,27.791666666666668,0.0
2016-06-26,,,9.241666666666667,,,67.58583333333333,21.71166666666667,18.467916666666667,0.24125,16.208333333333332,0.0
2016-06-27,,,16.246666666666666,,,71.72500000000001,21.97875,15.493333333333332,0.09583333333333334,17.333333333333332,0.0
2016-06-28,,,15.451041666666667,,,72.03875000000001,22.678749999999997,10.872083333333334,0.22375,30.0,0.0
2016-06-29,,,17.109583333333333,,,71.91250000000001,23.14770833333333,8.189583333333333,0.54125,47.375,0.0
2016-06-30,,,22.827708333333334,,,80.22458333333334,22.282916666666665,7.430833333333333,0.3475,74.70833333333333,0.0
2016-07-01,,,11.034583333333332,,,77.94,23.223333333333333,10.422083333333333,0.1975,35.416666666666664,0.0
2016-07-02,,,16.852291666666666,,,70.9375,24.377499999999998,13.770000000000001,0.5845833333333333,40.166666666666664,0.0
2016-07-03,,,11.94,,,74.76625,23.45583333333333,19.990833333333335,0.4070833333333333,67.95833333333333,0.0
2016-07-04,,,17.31145833333333,,,68.25791666666667,23.07041666666667,9.531666666666666,0.29,33.375,0.0
2016-07-05,,,19.81354166666667,,,68.34458333333333,23.9025,8.21875,0.6208333333333332,43.958333333333336,0.0
2016-07-06,,,11.02125,,,58.2875,25.643541666666668,7.547083333333333,0.4942105263157895,44.10526315789474,2.0
2016-07-07,,,1.325,,,55.8225,22.867499999999996,23.999166666666667,0.1225,25.020833333333332,0.0
2016-07-08,,,0.5997916666666666,,,59.605625,20.24020833333333,20.538333333333334,0.21083333333333334,22.1875,0.0
2016-07-09,,,8.747708333333334,,,64.67833333333333,20.7475,18.843333333333334,0.43,40.28260869565217,0.0
2016-07-10,,,22.390416666666667,,,66.39291666666666,23.324583333333333,20.937916666666666,1.515,81.9,0.0
2016-07-11,,,18.02479166666667,,,62.763749999999995,24.955416666666668,13.430833333333332,1.1502083333333333,81.0909090909091,0.0
2016-07-12,,,25.701875,,,58.065625000000004,26.333541666666665,11.621666666666668,1.066875,,0.0
2016-07-13,,,2.345,,,64.93375,25.082083333333333,27.854166666666668,0.2504166666666667,,0.4
2016-07-14,,,27.89,,,66.81833333333334,25.465833333333336,18.31875,0.5191666666666667,,0.0
2016-07-15,,,25.593333333333334,,,59.842083333333335,26.454583333333332,12.390416666666667,1.1308333333333334,,0.0
2016-07-16,,,10.374375,,,59.28375,25.57604166666667,27.018333333333334,0.9027083333333333,,0.0
2016-07-17,,,5.409166666666667,,,62.71333333333333,20.786666666666665,35.61708333333333,0.0375,,0.0
2016-07-18,,,4.268541666666667,,,51.31666666666666,19.732916666666668,31.012083333333333,0.047499999999999994,,0.0
2016-07-19,,,10.77375,,,59.68833333333333,19.357083333333332,13.771666666666667,0.13416666666666668,,0.0
2016-07-20,,,8.590833333333334,,,69.12708333333333,19.746666666666666,11.493333333333334,0.17666666666666667,,0.0
2016-07-21,,,6.1570833333333335,,,75.99666666666667,19.52375,9.535833333333334,0.16083333333333333,,0.0
2016-07-22,,,5.800416666666667,,,73.51125,20.132916666666667,11.269166666666665,0.15541666666666668,,0.0
2016-07-23,,,7.2124999999999995,,,69.66250000000001,21.891666666666666,20.138333333333332,0.24750000000000003,,0.0
2016-07-24,,,17.55375,,,65.6825,23.734583333333333,15.758750000000001,0.6908333333333334,,0.0
2016-07-25,,,4.8575,,,74.98458333333333,22.60291666666667,20.990416666666665,0.12541666666666665,,0.0
2016-07-26,,,16.444166666666668,,,64.08708333333333,24.48166666666667,22.67625,0.40166666666666667,,0.0
2016-07-27,,,7.971666666666667,,,57.68625,24.472708333333333,27.427916666666665,0.5116666666666667,,0.0
2016-07-28,,,1.4629166666666666,,,63.33041666666667,21.082916666666666,24.349999999999998,0.0625,,0.0
2016-07-29,,,8.549166666666666,,,68.0625,21.701666666666668,16.0,0.135,,0.0
2016-07-30,,,8.520833333333334,,,71.07208333333334,22.296666666666667,23.272499999999997,0.18166666666666667,,0.0
2016-07-31,,,6.7508333333333335,,,67.55166666666666,22.9475,23.677916666666665,0.16083333333333333,,0.0
2016-08-01,,,18.6975,,,54.435833333333335,24.19458333333333,9.779583333333333,0.41937500000000005,,0.0
2016-08-02,,,6.129166666666666,,,63.36541666666667,23.679166666666664,24.947083333333335,0.30416666666666664,,0.2
2016-08-03,,,1.0970833333333334,,,68.98,22.19333333333333,26.97,0.06583333333333334,,0.2
2016-08-04,,,5.684166666666667,,,62.19916666666666,22.70958333333333,24.00708333333333,0.11458333333333333,,0.0
2016-08-05,,,21.105,,,60.835,23.408125,17.35625,0.18875,32.916666666666664,0.0
2016-08-06,,,14.502083333333333,,,56.71125,25.612916666666667,13.768749999999999,0.5025,42.4375,0.0
2016-08-07,,,2.0454166666666667,,,57.49541666666667,25.092083333333335,32.18333333333333,0.32916666666666666,50.0,0.0
2016-08-08,,,6.385000000000001,,,67.12041666666667,23.986666666666665,47.56458333333333,0.06979166666666667,16.875,5.0
2016-08-09,,,13.690416666666666,,,65.67333333333333,24.888333333333335,29.197083333333335,0.151875,23.708333333333332,0.0
2016-08-10,,,0.8275,,,70.67041666666667,20.99833333333333,34.62166666666666,0.045000000000000005,11.333333333333334,1.2
2016-08-11,,,3.29125,,,54.97833333333333,20.52625,37.252916666666664,0.044583333333333336,16.0,0.0
2016-08-12,,,2.73875,,,73.20833333333333,19.62875,21.994583333333335,0.18458333333333332,11.375,1.4
2016-08-13,,,5.664166666666667,,,71.05083333333333,20.679166666666667,19.985833333333332,0.24625,18.791666666666668,0.0
2016-08-14,,,19.8525,,,61.779583333333335,23.41625,16.945,0.718125,38.666666666666664,0.0
2016-08-15,,,10.622291666666667,,,63.901875,24.430000000000003,26.704583333333332,0.7947368421052632,58.1875,1.2
2016-08-16,,,17.43875,,,58.10458333333333,24.620833333333334,20.01,0.18979166666666666,34.208333333333336,0.0
2016-08-17,,,13.889583333333333,,,55.309583333333336,26.845416666666665,8.699583333333333,0.39083333333333337,41.63157894736842,0.0
2016-08-18,,,0.7979166666666666,,,62.275416666666665,25.367500000000003,59.52125,0.07799999999999999,21.125,0.6
2016-08-19,,,13.830625,,,73.16666666666667,24.727500000000003,30.95958333333333,0.385,21.520833333333332,1.0
2016-08-20,,,10.053749999999999,,,67.23,25.424583333333334,13.870416666666666,0.6825,35.479166666666664,0.6000000000000001
2016-08-21,,,3.6958333333333333,,,80.59625,21.765,24.92833333333333,0.3954166666666667,16.75,10.200000000000001
2016-08-22,,,3.2745833333333336,,,76.57541666666667,17.93,28.290000000000003,0.3104166666666667,11.083333333333334,7.200000000000001
2016-08-23,,,4.941666666666666,,,67.59333333333333,19.572916666666668,10.899166666666666,0.30291666666666667,25.541666666666668,0.0
2016-08-24,,,3.807916666666667,,,60.4025,21.562916666666666,26.170416666666668,0.025833333333333333,25.458333333333332,0.0
2016-08-25,,,7.451250000000001,,,58.156666666666666,21.868333333333336,23.120416666666667,0.225,26.5,0.0
2016-08-26,,,11.73375,,,57.154583333333335,22.889166666666668,20.612916666666667,0.37916666666666665,28.041666666666668,0.0
2016-08-27,,,12.115,,,55.776666666666664,23.91208333333333,24.412916666666664,0.5779166666666666,32.666666666666664,0.0
2016-08-28,,,7.779166666666668,,,50.380833333333335,26.322083333333335,13.292499999999999,0.8239583333333332,41.791666666666664,0.0
2016-08-29,,,8.552083333333334,,,44.0825,27.9225,17.430416666666666,0.6725,60.5,0.0
2016-08-30,,,7.759583333333333,,,55.21791666666667,27.661666666666665,6.3500000000000005,0.5054166666666667,76.58333333333333,0.0
2016-08-31,,,0.7046666666666667,,,63.21666666666667,25.802666666666667,3.6060000000000003,0.466,61.13333333333333,0.0
2016-09-01,,,1.4921428571428572,,,70.06714285714285,25.245714285714286,16.170714285714286,0.5307142857142858,32.666666666666664,0.0
2016-09-02,,,2.0225,,,78.06291666666667,24.669166666666666,7.670833333333333,0.4266666666666667,37.833333333333336,0.2
2016-09-03,,,5.200833333333333,,,67.44083333333333,25.607916666666668,8.897083333333333,0.5145833333333333,38.84615384615385,0.0
2016-09-04,,,4.9504166666666665,,,60.82041666666667,26.66,7.132916666666667,0.35874999999999996,24.083333333333332,0.0
2016-09-05,,,7.057916666666666,,,71.51375,25.695000000000004,8.403333333333334,0.30624999999999997,36.333333333333336,0.0
2016-09-06,,,2.5408333333333335,,,64.13125000000001,26.652083333333334,6.4437500000000005,0.17916666666666667,43.0,0.0
2016-09-07,,,4.402083333333334,,,69.38708333333334,25.586249999999996,11.058333333333332,0.15166666666666667,46.583333333333336,2.8000000000000003
2016-09-08,,,0.4575,,,65.01,23.347916666666666,20.02208333333333,0.02625,16.875,0.0
2016-09-09,,,2.243333333333333,,,69.94791666666667,22.82166666666667,17.010416666666668,0.10291666666666667,17.083333333333332,0.0
2016-09-10,,,3.9058333333333333,,,73.35083333333334,24.27541666666667,10.60875,0.08583333333333333,23.833333333333332,0.0
2016-09-11,,,7.970833333333334,,,69.13791666666667,25.828333333333333,13.455833333333333,0.15041666666666667,25.708333333333332,0.0
2016-09-12,,,8.547916666666667,,,65.09416666666667,27.129166666666666,10.449583333333333,0.13749999999999998,33.625,0.0
2016-09-13,,,18.007083333333334,,,45.39208333333334,30.223333333333333,10.840416666666668,0.29854166666666665,45.5,0.0
2016-09-14,,,1.4966666666666668,,,46.000416666666666,28.125416666666666,21.609583333333333,0.09125,32.333333333333336,0.0
2016-09-15,,,2.10125,,,49.1275,24.952083333333334,21.728333333333335,0.09916666666666667,31.416666666666668,0.0
2016-09-16,,,1.1575,,,65.47958333333334,22.69333333333333,22.739583333333332,0.12625,29.541666666666668,0.0
2016-09-17,,,3.3004166666666666,,,67.09666666666666,24.657916666666665,22.663749999999997,0.13791666666666666,34.083333333333336,0.0
2016-09-18,,,13.108333333333334,,,69.60458333333334,26.719583333333333,27.55,0.29041666666666666,55.166666666666664,5.6
2016-09-19,,,7.316666666666666,,,71.82333333333334,25.305833333333336,28.855416666666667,0.14208333333333334,23.541666666666668,3.8000000000000003
2016-09-20,,,1.7125000000000001,,,84.22458333333333,21.034166666666668,13.289583333333333,0.07916666666666666,24.666666666666668,51.20000000000001
2016-09-21,,,0.10333333333333333,,,65.17958333333333,21.355416666666667,15.118333333333332,0.043125,20.708333333333332,0.0
2016-09-22,,,0.04979166666666667,,,67.04458333333334,21.947916666666668,9.315833333333334,0.057916666666666665,27.958333333333332,1.0
2016-09-23,,,2.2670833333333333,,,58.155833333333334,23.660416666666666,17.998749999999998,0.06625,30.916666666666668,0.0
2016-09-24,,,2.4116666666666666,,,67.63083333333334,23.433333333333334,17.289583333333333,0.135,38.291666666666664,0.0
2016-09-25,,,0.14666666666666667,,,85.00958333333334,20.518333333333334,17.710833333333333,0.14833333333333334,16.75,7.199999999999999
2016-09-26,,,0.0,,,80.46875,20.262916666666666,2.5245833333333336,0.06583333333333334,22.291666666666668,1.4
2016-09-27,,,0.21625000000000003,,,74.36208333333333,21.434166666666666,2.8829166666666666,0.10153846153846155,20.083333333333332,0.0
2016-09-28,,,0.004583333333333333,,,66.49125,22.889583333333334,4.921666666666667,0.06333333333333334,22.291666666666668,0.0
2016-09-29,,,0.08,,,67.39647058823529,24.13705882352941,0.7566666666666667,0.0775,27.0,0.0
2016-09-30,,,0.0025,,,87.28153846153847,19.99923076923077,,0.017727272727272727,11.916666666666666,1.0
2016-10-01,,,0.11875000000000001,,,81.78583333333334,20.254583333333333,,0.011250000000000001,19.708333333333332,1.0
2016-10-02,,,1.0145833333333332,,,78.92666666666666,20.84875,,0.0275,12.958333333333334,1.2000000000000002
2016-10-03,,,2.75625,,,70.99458333333334,22.25375,,0.007083333333333334,14.25,5.0
2016-10-04,,,4.40375,,,89.89166666666667,20.607083333333332,,0.08583333333333333,11.166666666666666,22.0
2016-10-05,,,2.3766666666666665,,,83.64999999999999,21.304166666666667,,0.022500000000000003,7.416666666666667,9.600000000000001
2016-10-06,,,0.6272727272727273,,,78.66,22.026363636363637,,0.022,7.75,0.0
2016-10-07,,,2.1558333333333333,,,68.20125,22.212083333333336,4.75,0.04,8.15625,1.8
2016-10-08,,,4.920833333333333,,,71.75666666666667,23.079166666666666,12.07125,0.08166666666666667,22.636363636363637,0.0
2016-10-09,,,2.983333333333333,,,74.34375,23.925,33.153333333333336,0.09250000000000001,31.375,4.4
2016-10-10,,,0.641578947368421,,,70.93875,22.241249999999997,34.85208333333333,0.0425,17.625,0.0
2016-10-11,,,4.573333333333333,,,64.42833333333333,23.92895833333333,33.949999999999996,0.024583333333333332,21.708333333333332,0.2
2016-10-12,,,6.5008333333333335,,,66.62416666666667,25.72854166666667,30.42125,0.06166666666666667,18.541666666666668,0.0
2016-10-13,,,9.738333333333333,,,56.6625,28.20375,28.776666666666667,0.0575,21.5,0.0
2016-10-14,,,15.024375,,,57.51770833333333,28.629791666666666,30.945833333333336,0.15208333333333332,24.041666666666668,0.0
2016-10-15,,,9.739583333333334,,,63.27875,27.386666666666667,45.47208333333333,0.14625,16.125,0.0
2016-10-16,,,19.164166666666667,,,65.80083333333333,29.29625,28.594166666666666,0.19499999999999998,29.75,0.0
2016-10-17,,,10.51375,,,63.52458333333333,29.619583333333335,29.887083333333333,0.10708333333333335,31.416666666666668,0.0
2016-10-18,,,8.287083333333333,,,66.66541666666667,29.21166666666667,31.20375,0.14041666666666666,38.5,0.0
2016-10-19,,,17.174583333333334,,,72.27666666666667,28.251666666666665,25.255,0.20291666666666666,47.666666666666664,0.0
2016-10-20,,,5.915416666666666,,,64.895,29.87291666666667,48.78208333333333,0.14375000000000002,39.75,0.0
2016-10-21,,,2.2329166666666667,,,73.41875,27.28375,45.51666666666667,0.08291666666666667,23.833333333333332,0.2
2016-10-22,,,0.7304166666666666,,,79.52041666666666,23.641666666666666,27.790833333333335,0.09708333333333334,14.125,0.6000000000000001
2016-10-23,,,1.8033333333333335,,,75.265,24.530833333333334,27.473333333333333,0.06083333333333333,14.916666666666666,0.2
2016-10-24,,,5.250416666666667,,,69.41708333333334,26.1975,33.78125,0.0441304347826087,16.5,0.0
2016-10-25,,,4.467083333333333,,,76.46875,25.40875,24.125833333333333,0.078,14.375,0.0
2016-10-26,,,8.22,,,67.845,27.687083333333334,23.468333333333334,0.05666666666666667,12.833333333333334,0.0
2016-10-27,,,12.894166666666665,,,62.91375,29.877916666666668,31.743750000000002,0.1525,21.9375,4.0
2016-10-28,,,1.1470833333333335,,,66.23333333333333,23.63,35.59583333333333,0.02791666666666667,15.416666666666666,0.4
2016-10-29,,,0.8850000000000001,,,63.30083333333334,22.52625,29.250416666666666,0.05125,13.833333333333334,0.0
2016-10-30,,,4.175,,,65.93958333333333,22.615,25.241249999999997,0.05434782608695652,22.25,0.0
2016-10-31,,,3.64625,,,60.19416666666667,24.66333333333333,30.0125,0.0215,21.75,0.0
2016-11-01,,,8.12375,,,53.562083333333334,27.685833333333335,25.597916666666666,0.07583333333333334,21.541666666666668,0.0
2016-11-02,,,10.019166666666667,,,43.44291666666667,31.173333333333332,27.937916666666666,0.08875,22.333333333333332,0.0
2016-11-03,,,6.750416666666666,,,59.24125,28.430833333333336,37.99208333333333,0.09708333333333334,16.0,10.200000000000001
2016-11-04,,,3.63625,,,93.67708333333333,22.28916666666667,15.229999999999999,0.145,7.416666666666667,33.2
2016-11-05,,,1.8516666666666666,,,94.09500000000001,22.334166666666665,16.151666666666667,0.18625,3.5294117647058822,25.8
2016-11-06,,,5.3566666666666665,,,79.98666666666666,24.372083333333332,11.057916666666666,0.11208333333333333,23.0,0.6000000000000001
2016-11-07,,,4.72,,,69.57666666666667,26.071250000000003,18.561249999999998,0.04833333333333333,19.5,0.0
2016-11-08,,,6.085833333333333,,,71.07208333333334,26.33791666666667,18.81083333333333,0.07416666666666667,14.75,2.0
2016-11-09,,,10.767083333333332,,,62.120000000000005,28.150000000000002,19.826666666666664,0.07166666666666667,15.375,0.0
2016-11-10,,,4.627083333333333,,,56.272083333333335,29.827083333333334,49.415,0.09416666666666666,10.541666666666666,1.7999999999999998
2016-11-11,,,12.843333333333334,,,60.30375,28.465,38.675000000000004,0.1708333333333333,24.958333333333332,0.2
2016-11-12,,,6.073333333333333,,,76.215,25.477083333333336,33.8275,0.14583333333333334,14.875,5.199999999999999
2016-11-13,,,0.5322916666666667,,,93.43833333333333,22.818749999999998,26.188333333333333,0.052083333333333336,6.375,28.6
2016-11-14,,,1.20375,,,91.28791666666666,22.56125,4.173333333333333,0.0,4.375,19.4
2016-11-15,,,3.8974999999999995,,,77.10000000000001,25.62875,20.66541666666667,0.0,5.666666666666667,6.4
2016-11-16,,,3.7420833333333334,,,73.55916666666667,26.246666666666666,12.897916666666667,0.03770833333333334,16.125,0.0
2016-11-17,,,11.155416666666667,,,77.90791666666667,26.41625,25.854583333333334,0.12791666666666665,17.375,17.0
2016-11-18,,,4.545833333333333,,,80.71833333333333,23.424583333333334,28.114166666666666,0.07458333333333333,10.958333333333334,5.4
2016-11-19,,,0.16416666666666666,,,58.458333333333336,21.85166666666667,37.17333333333333,0.022500000000000003,19.583333333333332,2.6
2016-11-20,,,13.55181818181818,,,56.66291666666667,22.241249999999997,23.195000000000004,0.08458333333333333,25.291666666666668,0.0
2016-11-21,,,,,,56.78958333333333,24.570416666666663,32.310833333333335,0.09999999999999999,35.458333333333336,0.0
2016-11-22,,,,,,64.15708333333333,26.06625,29.08875,0.13875,45.625,0.0
2016-11-23,,,,,,72.49458333333334,25.164583333333336,23.75583333333333,0.125,26.5,0.0
2016-11-24,,,,,,70.7075,25.721249999999998,32.757083333333334,0.09083333333333334,21.25,0.0
2016-11-25,,,,,,66.19666666666667,25.810833333333335,31.335416666666664,0.08791666666666666,19.6875,0.0
2016-11-26,,,,,,65.60291666666667,26.08458333333333,21.672083333333333,0.12958333333333333,24.416666666666668,0.0
2016-11-27,,,,,,64.58166666666666,27.625,23.722916666666666,0.10166666666666667,24.458333333333332,0.0
2016-11-28,,,,,,57.95916666666667,28.958333333333332,38.110416666666666,0.12,28.791666666666668,0.0
2016-11-29,,,,,,63.319583333333334,28.714166666666667,41.66583333333333,0.11625,21.458333333333332,0.0
2016-11-30,,,,,,68.89375,24.030833333333334,24.542291666666667,0.044583333333333336,18.541666666666668,0.8
2016-12-01,,,4.9750000000000005,,,62.13958333333333,24.1575,15.985,0.04416666666666667,25.208333333333332,0.0
2016-12-02,,,7.61375,,,60.754999999999995,25.42125,18.25,0.07375,25.166666666666668,0.0
2016-12-03,,,7.926666666666667,,,64.24708333333334,27.430833333333336,24.02208333333333,0.14479166666666668,17.25,19.0
2016-12-04,,,7.192083333333333,,,82.015,25.962083333333336,21.465,0.16375,10.875,8.4
2016-12-05,,,3.0295833333333335,,,77.5325,23.870416666666667,19.487083333333334,0.09333333333333334,20.083333333333332,0.0
2016-12-06,,,2.4904166666666665,,,59.84041666666667,25.819999999999997,24.802083333333332,0.12395833333333334,18.375,0.0
2016-12-07,,,11.789583333333333,,,64.77833333333334,26.39375,20.607916666666664,0.09666666666666668,22.666666666666668,0.0
2016-12-08,,,22.121875,,,70.66708333333334,28.052083333333332,28.383750000000003,0.12958333333333336,25.75,6.2
2016-12-09,,,8.944166666666666,,,70.59291666666667,28.555000000000003,32.89958333333333,0.20291666666666666,17.375,0.4
2016-12-10,,,10.920833333333334,,,75.27958333333333,28.59583333333333,29.052916666666665,0.205,24.375,0.0
2016-12-11,,,18.930833333333336,,,71.925,30.37,34.685833333333335,0.23083333333333333,26.541666666666668,1.2000000000000002
2016-12-12,,,12.616666666666667,,,79.04875,28.697083333333335,22.11583333333333,0.26875,14.583333333333334,45.2
2016-12-13,,,10.580416666666666,,,82.54833333333333,28.898750000000003,21.375416666666666,0.22041666666666668,26.583333333333332,0.0
2016-12-14,,,2.0441176470588234,,,89.13708333333334,26.767083333333332,21.337500000000002,0.14208333333333334,16.208333333333332,30.4
2016-12-15,,,0.12318181818181818,,,82.2325,22.121666666666666,14.837916666666667,0.10583333333333333,22.458333333333332,7.800000000000001
2016-12-16,,,4.3220833333333335,,,78.92875,22.907916666666665,7.1525,0.10041666666666667,20.291666666666668,0.6000000000000001
2016-12-17,,,5.023333333333333,,,90.02333333333333,23.634583333333335,8.730416666666667,0.18166666666666667,13.541666666666666,9.8
2016-12-18,,,7.6066666666666665,,,80.72875,25.925833333333333,14.282916666666667,0.14791666666666667,16.25,0.0
2016-12-19,,,13.382083333333334,,,66.26625,28.640416666666667,16.794999999999998,0.10291666666666667,21.0,0.0
2016-12-20,,,14.745,,,58.63666666666666,30.380416666666665,24.61125,0.076875,20.25,0.0
2016-12-21,,,16.170833333333334,,,55.375416666666666,30.260416666666668,35.03375,0.08708333333333333,19.5,0.0
2016-12-22,,,20.8325,,,58.01499999999999,29.892083333333332,42.003750000000004,0.1175,22.458333333333332,0.0
2016-12-23,,,35.20916666666667,,,58.87833333333333,30.446250000000003,39.108333333333334,0.13875,30.708333333333332,0.0
2016-12-24,,,13.606666666666667,,,53.69416666666667,30.411666666666665,42.94583333333333,0.13791666666666666,21.541666666666668,0.0
2016-12-25,,,9.201666666666666,,,54.76208333333333,30.268947368421053,61.49166666666667,0.134375,20.416666666666668,0.0
2016-12-26,,,16.850416666666664,,,57.74916666666667,31.291363636363634,47.00333333333333,0.12125000000000001,24.416666666666668,0.0
2016-12-27,,,8.090526315789473,,,62.34631578947368,32.10842105263158,24.84,0.1394736842105263,40.63636363636363,0.0
2016-12-28,,,3.7695833333333333,,,52.22,33.40708333333333,59.54583333333334,0.18083333333333332,32.22222222222222,0.0
2016-12-29,,,5.732500000000001,,,64.84166666666667,31.21083333333333,36.057916666666664,0.11958333333333333,39.583333333333336,0.0
2016-12-30,,,6.552499999999999,,,69.96916666666667,30.583333333333332,44.84166666666667,0.30624999999999997,38.833333333333336,12.799999999999999
2016-12-31,,,8.516666666666667,,,62.47833333333333,31.879583333333333,41.51416666666667,0.15375,38.25,0.0
2017-01-01,,,8.732083333333334,,,54.29833333333334,33.04125,64.82416666666667,0.15916666666666665,41.125,0.0
2017-01-02,,,7.9558333333333335,,,60.831250000000004,31.814999999999998,41.91708333333333,0.09291666666666666,23.416666666666668,0.0
2017-01-03,,,6.096666666666667,,,69.10625,29.62875,30.62291666666667,0.06875,18.75,6.2
2017-01-04,,,5.519583333333333,,,55.55416666666667,31.776666666666667,29.760833333333334,0.08166666666666667,18.875,0.0
2017-01-05,,,10.118333333333334,,,66.5625,30.898750000000003,40.7525,0.11541666666666667,34.333333333333336,3.8
2017-01-06,,,5.480416666666667,,,66.37166666666667,30.43541666666667,47.68083333333333,0.06125,16.0,0.0
2017-01-07,,,2.8939583333333334,,,65.05875,30.777083333333334,52.77458333333333,0.10125,20.458333333333332,0.0
2017-01-08,,,7.137083333333333,,,62.217083333333335,30.374583333333334,49.729166666666664,0.10583333333333333,18.958333333333332,0.0
2017-01-09,,,8.01,,,55.069583333333334,32.67791666666667,47.51166666666666,0.0675,24.208333333333332,0.0
2017-01-10,,,4.885416666666667,,,57.740833333333335,32.899166666666666,49.294999999999995,0.19083333333333333,31.541666666666668,0.0
2017-01-11,,,4.41875,,,69.41125,29.611666666666665,32.35333333333333,0.16833333333333333,24.208333333333332,17.8
2017-01-12,,,3.859583333333333,,,77.83458333333333,27.675416666666667,20.299583333333334,0.09250000000000001,17.416666666666668,2.2
2017-01-13,,,3.4299999999999997,,,85.26583333333333,26.358333333333334,15.532916666666667,0.11958333333333333,15.333333333333334,10.0
2017-01-14,,,6.575,,,75.07375,28.266666666666666,42.11708333333333,0.09375,18.708333333333332,0.0
2017-01-15,,,11.14875,,,72.28791666666667,29.662916666666664,41.21666666666667,0.06833333333333334,19.041666666666668,0.0
2017-01-16,,,20.242916666666666,,,69.84541666666667,30.3475,39.324999999999996,0.034583333333333334,19.416666666666668,9.2
2017-01-17,,,5.111818181818182,,,61.152857142857144,30.303571428571427,25.709285714285716,0.017142857142857144,18.857142857142858,0.0
2017-01-18,,,,,,52.185,32.1025,34.9975,0.0825,11.571428571428571,0.0
2017-01-19,,,3.0782608695652174,,,74.60166666666667,28.79625,35.224583333333335,0.13416666666666668,17.666666666666668,11.0
2017-01-20,,,3.4625,,,80.17416666666666,27.435000000000002,34.82416666666666,0.10791666666666666,11.25,0.6
2017-01-21,,,15.389166666666668,,,74.91041666666666,28.204166666666666,40.987500000000004,0.21708333333333332,22.083333333333332,0.2
2017-01-22,,,12.236666666666666,,,75.905,28.493750000000002,31.820000000000004,0.14,14.708333333333334,2.2
2017-01-23,,,19.985208333333333,,,69.60000000000001,29.435833333333335,34.12916666666667,0.13791666666666666,16.291666666666668,0.0
2017-01-24,,,8.6875,,,66.42416666666666,30.667083333333334,40.62916666666667,0.10375000000000001,20.25,0.8
2017-01-25,,,19.84875,,,62.79583333333333,31.51375,36.802083333333336,0.20083333333333334,23.625,0.2
2017-01-26,,,11.11875,,,64.4525,31.410833333333333,44.21625,0.16874999999999998,21.166666666666668,1.0
2017-01-27,,,8.957708333333333,,,65.585,31.072916666666668,59.69229166666667,0.17500000000000002,24.208333333333332,7.2
2017-01-28,,,6.575833333333333,,,63.03187499999999,31.110416666666666,45.38375,0.125,25.958333333333332,0.0
2017-01-29,,,8.665416666666667,,,63.19541666666667,29.993750000000002,16.415,0.10291666666666667,17.916666666666668,0.0
2017-01-30,,,8.771666666666667,,,66.17333333333333,29.26875,16.505833333333335,0.06625,15.083333333333334,0.0
2017-01-31,,,6.869583333333334,,,69.14208333333333,28.64,19.60625,0.07208333333333333,11.625,1.6
2017-02-01,,,7.460416666666667,,,66.00666666666667,29.032916666666665,22.319166666666664,0.07458333333333333,17.875,0.0
2017-02-02,,,5.758333333333333,,,65.66791666666667,29.631249999999998,27.02416666666667,0.09625,17.083333333333332,6.2
2017-02-03,,,6.510000000000001,,,68.19791666666667,29.27416666666667,29.234583333333333,0.18208333333333335,15.5,0.0
2017-02-04,,,10.504722222222222,,,61.672083333333326,30.411666666666665,37.017916666666665,0.18708333333333335,14.791666666666666,0.0
2017-02-05,,,14.955694444444445,,,65.45833333333333,30.203333333333333,45.10875000000001,0.18333333333333335,18.041666666666668,0.0
2017-02-06,,,12.830526315789474,,,56.08833333333333,31.56833333333333,46.74916666666667,0.1575,13.291666666666666,0.0
2017-02-07,,,,,,59.67041666666666,30.646666666666665,36.753750000000004,0.13458333333333333,17.333333333333332,0.0
2017-02-08,,,4.466153846153846,,,76.38208333333334,27.980833333333333,35.89833333333333,0.12041666666666667,13.166666666666666,8.200000000000001
2017-02-09,,,9.70125,,,67.24333333333333,27.66625,20.685,0.08916666666666667,12.75,0.4
2017-02-10,,,8.213333333333333,,,71.69458333333334,28.370416666666667,23.870833333333334,0.09833333333333333,16.5,0.0
2017-02-11,,,11.6225,,,64.72208333333333,29.946250000000003,30.319999999999997,0.12708333333333333,22.208333333333332,0.0
2017-02-12,,,15.969166666666666,,,54.6225,31.06458333333333,19.088333333333335,0.11291666666666667,19.958333333333332,0.0
2017-02-13,,,12.844999999999999,,,49.893750000000004,31.023750000000003,19.117083333333333,0.08083333333333333,15.5,0.0
2017-02-14,,,8.4675,,,54.0325,30.562916666666666,20.541666666666668,0.085,20.25,0.0
2017-02-15,,,5.079375,,,58.52125,30.230416666666667,18.251250000000002,0.11333333333333334,21.875,3.8
2017-02-16,,,6.4347916666666665,,,59.43812500000001,29.787291666666665,18.948333333333334,0.09583333333333333,25.791666666666668,0.0
2017-02-17,,,9.967916666666666,,,60.85583333333333,30.316666666666666,26.52416666666667,0.14291666666666666,25.5,0.0
2017-02-18,,,11.07,,,58.742916666666666,30.745416666666667,26.019166666666667,0.15333333333333335,27.583333333333332,0.0
2017-02-19,,,10.128333333333332,,,56.01,31.22083333333333,32.48833333333334,0.16416666666666666,31.791666666666668,0.0
2017-02-20,,,10.482083333333334,,,60.104166666666664,30.079583333333332,23.2625,0.10666666666666667,28.416666666666668,0.0
2017-02-21,,,7.6937500000000005,,,62.79916666666667,29.106666666666666,16.805,0.08333333333333333,20.916666666666668,0.0
2017-02-22,,,8.77375,,,58.134166666666665,30.01,18.04625,0.11208333333333333,20.583333333333332,0.0
2017-02-23,,,13.253333333333332,,,51.48541666666667,31.37708333333333,31.530416666666667,0.12520833333333334,28.583333333333332,0.0
2017-02-24,,,12.329583333333334,,,53.89083333333334,31.050416666666667,50.572916666666664,0.1525,34.869565217391305,0.0
2017-02-25,,,20.397499999999997,,,59.552083333333336,28.334166666666665,28.727500000000003,0.29083333333333333,46.8,0.0
2017-02-26,,,18.105384615384615,,,74.37458333333333,27.22458333333333,18.863333333333333,0.2975,43.583333333333336,2.0
2017-02-27,,,13.762500000000001,,,71.20125,28.386666666666667,31.676666666666666,0.18708333333333335,22.5,0.2
2017-02-28,,,12.263636363636364,,,68.88714285714285,28.821428571428573,49.76499999999999,0.17958333333333334,27.833333333333332,0.0
2017-03-01,,,,,,49.57421052631579,32.955789473684206,28.337500000000002,0.22,23.083333333333332,0.0
2017-03-02,,,1.4288888888888889,,,61.91916666666666,30.64125,28.047916666666666,0.14416666666666667,23.166666666666668,0.8
2017-03-03,,,0.33615384615384614,,,72.85958333333333,29.332083333333333,33.16416666666667,0.14291666666666666,23.583333333333332,0.0
2017-03-04,,,,,,64.13833333333334,30.672083333333333,34.23416666666667,0.22166666666666668,35.625,0.0
2017-03-05,,,,,,62.26208333333333,31.162916666666664,30.918333333333333,0.16041666666666668,32.375,0.0
2017-03-06,,,,,,77.3775,28.51125,10.095,0.18458333333333332,22.125,0.0
2017-03-07,,,,,,81.15625,28.345416666666665,12.119583333333333,0.16541666666666668,15.333333333333334,0.2
2017-03-08,,,,,,79.72208333333333,27.980416666666667,12.803333333333333,0.08416666666666667,17.375,1.2
2017-03-09,,,,,,71.34583333333333,29.128333333333334,17.097916666666666,0.08416666666666667,20.791666666666668,0.0
2017-03-10,,,2.8714285714285714,,,60.32041666666667,31.112916666666667,23.532916666666665,0.22125000000000003,27.708333333333332,0.0
2017-03-11,,,8.185833333333333,,,62.48833333333334,31.277916666666666,34.03041666666667,0.23791666666666667,38.166666666666664,0.0
2017-03-12,,,9.917083333333332,,,60.395833333333336,30.850416666666664,33.81916666666667,0.27375,39.25,0.0
2017-03-13,,,6.2525,,,64.31833333333334,29.53,31.209999999999997,0.09666666666666666,22.458333333333332,0.0
2017-03-14,,,8.0925,,,85.06583333333333,26.78708333333333,16.190833333333334,0.12020833333333332,17.625,13.0
2017-03-15,,,6.639583333333333,,,78.24041666666666,27.745416666666667,13.550833333333332,0.105,27.75,0.0
2017-03-16,,,3.8850000000000002,,,61.374583333333334,29.485416666666666,14.674999999999999,0.21083333333333334,21.541666666666668,4.0
2017-03-17,,,,,,64.33291666666666,29.77875,32.81,0.18666666666666668,32.458333333333336,0.0
2017-03-18,,,,,,86.25875,25.54041666666667,29.773333333333337,0.13458333333333333,14.75,3.0
2017-03-19,,,,,,85.94875,23.295,20.86916666666667,0.11583333333333334,13.75,9.0
2017-03-20,,,,,,73.56,24.27625,22.254166666666666,0.07916666666666666,9.958333333333334,0.2
2017-03-21,,,,,,73.20333333333333,24.687083333333334,10.969999999999999,0.14458333333333334,23.291666666666668,0.0
2017-03-22,,,,,,75.41958333333334,25.527916666666666,14.5475,0.06999999999999999,16.666666666666668,0.4
2017-03-23,,,,,,68.245,25.480833333333333,18.618750000000002,0.06375,20.208333333333332,0.0
2017-03-24,,,,,,61.0725,26.54625,19.065,0.12583333333333332,20.0,0.0
2017-03-25,,,,,,69.32875,27.175,30.905833333333334,0.12541666666666668,29.458333333333332,0.0
2017-03-26,,,,,,69.84916666666666,26.523750000000003,26.98875,0.13625,17.875,0.0
2017-03-27,,,,,,68.58833333333332,26.594583333333333,17.323333333333334,0.06625,15.208333333333334,0.0
2017-03-28,,,,,,77.52416666666666,25.594166666666666,11.197916666666666,0.1366666666666667,15.833333333333334,3.2
2017-03-29,,,,,,78.23375,24.346666666666668,13.270833333333334,0.17458333333333334,20.625,3.0
2017-03-30,,,,,,78.31125,24.11916666666667,15.265416666666667,0.10291666666666667,16.291666666666668,21.4
2017-03-31,,,,,,72.42166666666667,24.134583333333335,19.355,0.05875,12.041666666666666,0.4
2017-04-01,,,,,,78.01,24.075,25.392083333333332,0.07708333333333334,11.0,2.6
2017-04-02,,,,,,79.535,23.888333333333335,19.495,0.135,10.458333333333334,0.0
2017-04-03,,,0.0,,,74.17791666666666,25.185000000000002,18.85291666666667,0.15083333333333335,20.25,0.0
2017-04-04,,,1.5095833333333333,,,69.7975,26.38208333333333,20.111250000000002,0.08541666666666668,20.083333333333332,0.0
2017-04-05,,,3.1216666666666666,,,64.37541666666667,28.347083333333334,22.53458333333333,0.19708333333333336,29.375,0.0
2017-04-06,,,6.52875,,,61.41958333333333,29.39916666666667,26.39916666666667,0.23333333333333336,35.833333333333336,0.0
2017-04-07,,,10.092916666666666,,,78.18625,27.795,16.264166666666668,0.25833333333333336,38.375,6.199999999999999
2017-04-08,,,4.497916666666667,,,85.94875,27.162916666666664,12.428333333333335,0.22041666666666668,16.833333333333332,8.399999999999999
2017-04-09,,,4.0,,,79.12916666666666,27.919583333333335,18.63,0.31916666666666665,25.375,0.0
2017-04-10,,,7.184583333333333,,,78.32791666666667,27.597083333333334,18.028333333333332,0.12583333333333332,23.833333333333332,0.0
2017-04-11,,,5.462916666666666,,,72.00500000000001,28.181458333333335,17.013541666666665,0.09520833333333334,25.833333333333332,0.0
2017-04-12,,,3.885,,,82.5525,26.027916666666666,18.87875,0.11583333333333334,22.458333333333332,5.4
2017-04-13,,,3.4545833333333333,,,90.83749999999999,22.977500000000003,8.514166666666666,0.13708333333333333,15.208333333333334,1.0
2017-04-14,,,4.600833333333333,,,78.03833333333334,25.09,16.729583333333334,0.09000000000000001,21.458333333333332,0.2
2017-04-15,,,2.3441666666666667,,,70.71083333333333,26.14708333333333,22.121666666666666,0.10541666666666666,23.125,0.0
2017-04-16,,,10.62,,,68.20916666666666,27.10083333333333,21.35083333333333,0.2125,28.041666666666668,0.0
2017-04-17,,,1.086875,,,75.56458333333333,26.263333333333332,33.774375,0.07541666666666667,19.333333333333332,6.4
2017-04-18,,,0.8925000000000001,,,75.97041666666667,24.23125,18.8825,0.06416666666666666,15.375,6.6
2017-04-19,,,1.3420833333333333,,,70.56208333333333,24.429166666666664,22.883750000000003,0.049999999999999996,15.625,0.0
2017-04-20,,,4.131666666666667,,,63.677083333333336,25.325,18.400833333333335,0.06416666666666666,21.875,0.0
2017-04-21,,,4.399375,,,58.20083333333333,26.730833333333333,15.515416666666667,0.3458333333333334,24.125,0.0
2017-04-22,,,0.9275000000000001,,,84.60375,24.24416666666667,17.994583333333335,0.08333333333333333,21.166666666666668,2.8
2017-04-23,,,3.6504166666666666,,,95.46166666666666,22.440416666666664,13.118333333333332,0.14166666666666666,11.875,26.799999999999997
2017-04-24,,,1.1258333333333332,,,77.00416666666666,23.754583333333333,19.42875,0.04750000000000001,20.416666666666668,0.0
2017-04-25,,,4.337916666666667,,,72.50375,24.965,15.502916666666666,0.12875,25.958333333333332,0.0
2017-04-26,,,9.186666666666666,,,73.50291666666666,27.005,11.313749999999999,0.19791666666666666,30.0,1.5999999999999999
2017-04-27,,,1.3620833333333335,,,81.58666666666666,24.994583333333335,12.956249999999999,0.10916666666666668,13.166666666666666,5.800000000000001
2017-04-28,,,0.6895833333333333,,,88.46833333333332,21.36583333333333,18.381249999999998,0.11416666666666668,24.333333333333332,2.9999999999999996
2017-04-29,,,2.9370833333333333,,,87.07916666666667,21.335416666666664,12.10875,0.08541666666666665,20.958333333333332,0.2
2017-04-30,,,4.949583333333334,,,82.64416666666666,22.535,13.740833333333333,0.09416666666666668,16.125,0.4
2017-05-01,,,0.88125,,,72.60833333333333,23.483333333333334,18.514166666666664,0.06916666666666667,14.666666666666666,0.0
2017-05-02,,,1.6233333333333333,,,74.80666666666666,22.58125,8.602916666666667,0.08833333333333333,19.75,0.0
2017-05-03,,,6.150833333333334,,,74.09125,23.477083333333336,9.007916666666667,0.12458333333333334,24.875,0.0
2017-05-04,,,7.93,,,76.11833333333333,24.790833333333335,15.482916666666666,0.165625,43.0,0.0
2017-05-05,,,11.594583333333333,,,87.11375,24.25208333333333,2.685416666666667,0.5700000000000001,48.458333333333336,0.0
2017-05-06,,,6.779583333333334,,,81.63000000000001,23.89,13.049166666666666,0.4058333333333333,33.916666666666664,0.8
2017-05-07,,,0.5816666666666667,,,74.89791666666666,24.36520833333333,22.682083333333335,0.12791666666666668,14.291666666666666,0.0
2017-05-08,,,3.455833333333333,,,74.69125,24.746666666666666,16.404166666666665,0.09916666666666667,17.666666666666668,0.0
2017-05-09,,,7.702916666666667,,,78.98583333333333,24.9425,14.072083333333333,0.24083333333333334,33.416666666666664,0.0
2017-05-10,,,3.88875,,,71.37229166666667,25.265416666666667,26.336666666666662,0.18583333333333332,35.375,0.0
2017-05-11,,,2.44375,,,96.39,22.305714285714284,15.875833333333333,0.11750000000000001,20.291666666666668,4.6
2017-05-12,,,6.257916666666667,,,58.71375,22.84,18.360833333333332,0.17375,23.166666666666668,0.0
2017-05-13,,,10.222916666666666,,,65.75416666666666,23.784166666666664,25.020416666666666,0.5904166666666667,34.291666666666664,0.0
2017-05-14,,,3.31125,,,65.69458333333334,26.610833333333332,25.564999999999998,0.4170833333333333,33.083333333333336,0.0
2017-05-15,,,0.06291666666666666,,,61.99583333333334,24.99791666666667,33.89666666666667,0.03625,16.458333333333332,0.0
2017-05-16,,,0.5475,,,69.40666666666667,23.464583333333334,19.56125,0.07125,19.291666666666668,0.0
2017-05-17,,,2.574375,,,72.60583333333334,22.650000000000002,14.445833333333333,0.06,25.708333333333332,0.0
2017-05-18,,,2.8033333333333332,,,65.18916666666667,23.04125,20.37,0.043750000000000004,20.083333333333332,0.0
2017-05-19,,,,,,91.84958333333333,20.29375,9.422916666666667,0.1075,12.366666666666667,18.0
2017-05-20,,,2.337142857142857,,,87.97791666666666,22.47791666666667,7.4070833333333335,0.15333333333333335,25.083333333333332,0.0
2017-05-21,,,5.278333333333333,,,86.76333333333334,23.55875,6.7441666666666675,0.17333333333333334,13.458333333333334,0.0
2017-05-22,,,5.3175,,,90.18624999999999,22.665000000000003,10.00375,0.205,15.916666666666666,3.1999999999999997
2017-05-23,,,4.25,,,75.55749999999999,22.556250000000002,16.625833333333333,0.14291666666666666,33.791666666666664,0.2
2017-05-24,,,4.193684210526316,,,80.70375,23.025000000000002,7.415833333333333,0.16541666666666668,32.583333333333336,0.0
2017-05-25,,,2.1933333333333334,,,79.16708333333334,24.63291666666667,10.550833333333333,0.14208333333333334,23.791666666666668,0.0
2017-05-26,,,14.725833333333334,,,73.2525,25.155416666666667,9.1425,0.42416666666666664,36.416666666666664,0.0
2017-05-27,,,11.980833333333335,,,76.94833333333334,24.752499999999998,13.885416666666666,0.38208333333333333,43.583333333333336,0.0
2017-05-28,,,5.58125,,,87.48541666666667,23.299166666666665,17.239583333333332,0.31666666666666665,56.666666666666664,0.0
2017-05-29,,,15.160833333333334,,,83.62125,23.834999999999997,13.245,0.3695833333333333,68.25,0.0
2017-05-30,,,11.88375,,,86.22333333333334,23.0575,8.674583333333333,0.3720833333333333,85.08333333333333,0.0
2017-05-31,,,5.945833333333333,,,84.965,22.94666666666667,12.565,0.19625,44.416666666666664,0.0
2017-06-01,,,8.2425,,,70.0475,25.146666666666665,14.606250000000001,0.51375,49.791666666666664,0.0
2017-06-02,,,4.24625,,,65.91333333333334,23.4275,16.818749999999998,0.11166666666666668,34.125,0.0
2017-06-03,,,0.8312499999999999,,,76.85000000000001,22.43375,22.131249999999998,0.19083333333333333,28.083333333333332,0.0
2017-06-04,,,12.092916666666667,,,76.97625000000001,23.790000000000003,13.507916666666667,0.69875,39.666666666666664,0.0
2017-06-05,,,3.4195833333333336,,,76.12124999999999,25.161666666666665,10.354999999999999,0.45708333333333334,46.5,0.0
2017-06-06,,,14.045,,,81.10625,24.743333333333336,3.525,0.7637499999999999,66.75,0.0
2017-06-07,,,16.662916666666664,,,80.33083333333333,25.66625,26.61,0.8125,97.625,0.0
2017-06-08,,,15.127083333333333,,,65.52625,27.496666666666666,14.47625,0.5408333333333334,69.66666666666667,0.0
2017-06-09,,,0.5708333333333333,,,64.595,26.392083333333332,17.8325,0.22916666666666666,33.0,2.6
2017-06-10,,,0.65125,,,63.498333333333335,20.30666666666667,31.947083333333335,0.09958333333333332,22.125,0.0
2017-06-11,,,3.2737499999999997,,,77.17083333333333,19.795416666666664,22.972083333333334,0.315,36.833333333333336,0.0
2017-06-12,,,8.72375,,,81.98291666666667,21.928749999999997,7.854583333333333,0.3854166666666667,67.375,0.0
2017-06-13,,,4.95875,,,84.57000000000001,22.811666666666667,16.991666666666667,0.24625,49.375,13.4
2017-06-14,,,3.6566666666666667,,,87.29208333333332,21.860416666666666,12.611666666666666,0.22375,22.833333333333332,7.0
2017-06-15,,,4.707916666666667,,,80.80875,22.226249999999997,18.704583333333336,0.14958333333333332,23.125,4.8
2017-06-16,,,3.5904166666666666,,,80.68458333333334,22.49416666666667,11.390416666666667,0.1779166666666667,23.416666666666668,0.0
2017-06-17,,,9.741458333333332,,,78.55,22.62708333333333,8.568333333333333,0.5912499999999999,39.875,0.0
2017-06-18,,,15.119166666666667,,,70.48875,23.846666666666664,7.127916666666667,0.7704166666666666,48.416666666666664,0.0
2017-06-19,,,15.6475,,,60.622083333333336,25.06833333333333,19.072083333333335,0.08750000000000001,32.708333333333336,0.4
2017-06-20,,,1.9841666666666666,,,84.465,22.502499999999998,24.67833333333333,0.13291666666666666,19.25,56.2
2017-06-21,,,1.9400000000000002,,,88.90416666666665,21.243333333333332,13.659999999999998,0.16333333333333333,16.416666666666668,23.8
2017-06-22,,,7.803333333333334,,,84.03333333333333,22.21291666666667,11.601666666666667,0.10833333333333334,27.625,0.4
2017-06-23,,,1.703125,,,88.71875,21.742083333333337,8.921666666666667,0.11875000000000001,23.541666666666668,3.8
2017-06-24,,,1.2308333333333332,,,84.62458333333333,21.8275,11.1925,0.22583333333333333,25.833333333333332,0.0
2017-06-25,,,1.8187499999999999,,,74.4475,21.6675,20.545833333333334,0.24291666666666667,24.958333333333332,0.0
2017-06-26,,,4.693333333333333,,,79.32375,20.932083333333335,9.729166666666666,0.11958333333333333,27.875,0.0
2017-06-27,,,4.457291666666667,,,75.92333333333333,21.590833333333332,13.260833333333332,0.08541666666666665,31.875,0.0
2017-06-28,,,11.711875,,,73.01791666666666,23.08875,13.975833333333334,0.43041666666666667,49.208333333333336,0.0
2017-06-29,,,25.202708333333334,,,68.69291666666668,22.42375,7.215,0.38375000000000004,68.375,0.0
2017-06-30,,,5.886764705882353,,,70.095,22.588333333333335,10.161666666666667,0.94875,71.95833333333333,0.0
2017-07-01,,,5.55125,,,77.58541666666666,22.275833333333335,19.674166666666668,0.3879166666666667,62.041666666666664,1.8
2017-07-02,,,1.4185416666666668,,,86.06958333333334,19.57166666666667,30.30333333333333,0.09041666666666666,17.875,4.2
2017-07-03,,,2.9441666666666673,,,88.29124999999999,17.755,12.718333333333334,0.12083333333333333,18.708333333333332,4.6000000000000005
2017-07-04,,,2.5952083333333333,,,79.72875,18.729583333333334,8.304583333333333,0.14541666666666667,26.125,0.0
2017-07-05,,,1.80375,,,78.83958333333334,20.46375,18.830416666666668,0.057708333333333334,20.416666666666668,0.0
2017-07-06,,,3.6908333333333334,,,80.26083333333334,20.77875,17.691666666666666,0.84375,24.958333333333332,0.0
2017-07-07,,,2.529375,,,77.56625,21.800833333333333,20.840833333333332,0.08571428571428572,18.0,0.0
2017-07-08,,,2.5635416666666666,,,77.38708333333334,21.654583333333335,17.195416666666667,0.2070833333333333,27.5,0.0
2017-07-09,,,3.1566666666666667,,,83.80538461538461,22.060000000000002,17.795416666666664,0.11125,29.583333333333332,0.0
2017-07-10,,,4.083125,,,76.54086956521739,22.575416666666666,12.89875,0.09208333333333334,26.958333333333332,0.0
2017-07-11,,,11.221041666666666,,,77.80541666666666,22.36,10.757916666666667,0.20166666666666666,40.375,0.0
2017-07-12,,,5.13,,,90.69545454545454,21.903750000000002,9.871157894736843,0.23166666666666666,57.166666666666664,0.0
2017-07-13,,,1.3455555555555554,,,93.89125,23.046666666666667,21.89616666666667,0.02666666666666667,29.583333333333332,0.0
2017-07-14,,,4.665,,,93.47000000000001,22.708541666666665,14.32,0.11333333333333333,28.958333333333332,0.0
2017-07-15,,,5.095833333333333,,,76.28645833333333,23.18166666666667,11.340416666666668,0.1525,26.833333333333332,0.0
2017-07-16,,,9.147916666666667,,,68.48277777777777,23.766041666666666,11.494583333333333,0.2754166666666667,28.0,0.0
2017-07-17,,,11.818541666666667,,,64.96222222222222,24.104791666666667,11.330833333333333,0.29583333333333334,41.0,0.0
2017-07-18,,,1.6329166666666666,,,89.91416666666667,20.125416666666666,21.868750000000002,0.09749999999999999,27.166666666666668,0.2
2017-07-19,,,1.2045833333333333,,,99.04166666666667,17.745416666666667,13.896666666666667,0.18291666666666664,14.791666666666666,2.4000000000000004
2017-07-20,,,5.615833333333334,,,87.23,20.398333333333333,7.358333333333333,0.12,31.333333333333332,0.2
2017-07-21,,,11.04125,,,81.10411764705883,22.45125,9.26375,0.43166666666666664,29.5,0.0
2017-07-22,,,3.6079166666666667,,,83.02541666666666,21.6725,21.118750000000002,0.3116666666666667,54.375,0.0
2017-07-23,,,3.9914583333333336,,,79.91708333333334,22.49208333333333,22.865,0.24750000000000003,51.541666666666664,0.0
2017-07-24,,,3.523125,,,72.73208333333334,22.709999999999997,9.702499999999999,0.0625,24.916666666666668,0.0
2017-07-25,,,21.181041666666665,,,70.99291666666666,23.375833333333333,8.62375,0.15333333333333335,34.166666666666664,0.0
2017-07-26,,,14.001666666666667,,,66.09416666666667,22.834166666666665,12.850833333333334,0.049999999999999996,35.5,0.0
2017-07-27,,,2.785625,,,58.124583333333334,22.2975,17.121666666666666,0.05666666666666667,25.625,0.0
2017-07-28,,,3.7533333333333334,,,70.73958333333333,21.81833333333333,16.84208333333333,0.11958333333333333,28.083333333333332,0.0
2017-07-29,,,2.2014583333333335,,,67.93083333333333,23.358333333333334,17.145833333333332,0.11541666666666667,36.458333333333336,0.0
2017-07-30,,,4.5893749999999995,,,66.91041666666666,22.385416666666668,19.84958333333333,0.14583333333333334,31.166666666666668,0.0
2017-07-31,,,10.5775,,,65.45041666666667,22.502916666666664,17.467916666666667,0.08541666666666665,25.916666666666668,0.0
2017-08-01,,,10.191666666666666,,,63.21625,22.375833333333333,9.664583333333333,0.2454166666666667,36.666666666666664,0.0
2017-08-02,,,10.611666666666666,,,56.11291666666667,23.373333333333335,11.317083333333334,0.12833333333333333,53.708333333333336,0.0
2017-08-03,,,9.087083333333334,,,56.50666666666667,24.893333333333334,21.77,0.17875,45.64705882352941,5.800000000000001
2017-08-04,,,2.084375,,,86.33916666666666,21.564999999999998,44.91416666666667,0.15416666666666667,23.363636363636363,2.4000000000000004
2017-08-05,,,0.8820833333333334,,,89.93041666666666,20.71708333333333,29.28125,0.36083333333333334,20.541666666666668,5.8
2017-08-06,,,3.3425,,,91.67999999999999,19.873749999999998,23.25375,0.4495833333333333,35.0,0.0
2017-08-07,,,4.421458333333333,,,,20.7625,19.710833333333333,0.31124999999999997,29.583333333333332,0.0
2017-08-08,,,17.535,,,45.78,23.304999999999996,12.209583333333335,0.5733333333333334,44.75,0.0
2017-08-09,,,10.908125,,,59.95583333333334,25.625,26.59625,0.7644444444444445,74.04166666666667,0.0
2017-08-10,,,0.20854166666666665,,,74.81958333333334,22.497083333333332,37.66166666666667,,31.75,0.0
2017-08-11,,,4.5062500000000005,,,83.16916666666667,20.546666666666667,17.168541666666666,0.08368421052631579,23.041666666666668,2.2
2017-08-12,,,2.6935416666666665,,,81.63833333333334,21.433333333333334,19.33875,0.03375,29.666666666666668,0.0
2017-08-13,,,4.331875,,,83.92958333333333,22.375,20.994583333333335,0.1275,38.083333333333336,0.0
2017-08-14,,,5.623333333333334,,,80.35625,23.686666666666667,20.325833333333332,0.08541666666666665,39.791666666666664,0.0
2017-08-15,,,2.938125,,,93.45083333333334,22.07875,19.234166666666667,0.10958333333333332,39.625,0.0
2017-08-16,,,8.744583333333333,,,92.9588888888889,20.717916666666667,4.147222222222222,0.3233333333333333,43.958333333333336,6.8
2017-08-17,,,1.1835416666666667,,,,20.677291666666665,,0.2654166666666667,34.895833333333336,0.0
2017-08-18,,,8.015208333333334,,,,20.54625,,0.30541666666666667,35.375,0.0
2017-08-19,,,10.55625,,,,22.378333333333334,,0.67875,45.875,0.2
2017-08-20,,,18.117708333333333,,,,23.062083333333334,,0.4495833333333333,32.958333333333336,6.0
2017-08-21,,,2.642916666666667,,,,18.642916666666668,,0.10375000000000001,13.916666666666666,3.2
2017-08-22,,,1.3195833333333333,,,,19.374166666666667,,0.044583333333333336,22.375,1.0
2017-08-23,,,3.8229166666666665,,,,20.949583333333333,,0.049999999999999996,27.333333333333332,0.0
2017-08-24,,,1.9227083333333335,,,,21.44125,,0.05833333333333333,27.041666666666668,0.0
2017-08-25,,,2.189791666666667,,,79.5595652173913,20.576666666666664,20.723333333333333,0.09083333333333334,26.916666666666668,0.0
2017-08-26,,,7.536666666666666,,,92.667,21.319583333333334,15.731250000000001,0.14583333333333334,27.416666666666668,0.0
2017-08-27,,,4.41375,,,79.6504761904762,22.0575,18.26125,0.13,29.625,0.0
2017-08-28,,,4.271458333333333,,,76.855,22.312916666666666,16.472916666666666,0.19111111111111112,37.875,0.0
2017-08-29,,,15.76625,,,93.01571428571428,22.717916666666667,14.08,0.15666666666666668,63.291666666666664,0.0
2017-08-30,,,18.648541666666667,,,,24.76625,23.762083333333333,0.20291666666666666,70.45833333333333,0.0
2017-08-31,,,3.171538461538461,,,85.14533333333334,22.339166666666667,23.057083333333335,0.28291666666666665,57.375,0.2
2017-09-01,,,,,,89.30666666666667,21.41,26.80125,0.05708333333333334,25.25,2.2
2017-09-02,,,,,,87.28333333333335,22.415000000000003,26.90625,0.0725,29.125,0.0
2017-09-03,,,,,,73.70416666666667,22.33125,18.154999999999998,0.06583333333333334,25.333333333333332,0.0
2017-09-04,,,,,,68.5,23.205416666666665,14.094791666666666,0.11833333333333333,26.125,0.0
2017-09-05,,,,,,61.42458333333334,24.949791666666666,15.942083333333334,0.23208333333333334,40.0,0.0
2017-09-06,,,,,,76.86791666666666,23.652916666666666,19.942916666666665,0.125,68.0,0.0
2017-09-07,,,,,,89.33166666666666,22.297083333333333,24.588333333333335,0.10208333333333335,61.541666666666664,0.0
2017-09-08,,,,,,77.00458333333333,23.888333333333335,17.455416666666668,0.08208333333333333,34.458333333333336,0.0
2017-09-09,,,,,,69.74791666666667,24.99145833333333,20.674583333333334,0.18375,42.333333333333336,0.0
2017-09-10,,,,,,71.24,25.756874999999997,15.292499999999999,0.12291666666666667,33.041666666666664,0.0
2017-09-11,,,,,,68.53708333333333,26.969375,15.632916666666667,0.12041666666666667,30.166666666666668,0.0
2017-09-12,,,,,,57.85458333333333,26.670833333333334,20.387083333333333,0.11166666666666668,41.625,0.0
2017-09-13,,,,,,69.48875,25.78333333333333,18.319166666666668,0.10708333333333335,42.583333333333336,0.0
2017-09-14,,,,,,63.643125,27.519375,12.135,0.2783333333333334,44.166666666666664,0.0
2017-09-15,,,,,,58.56458333333333,28.237083333333334,6.5874999999999995,0.28958333333333336,59.375,0.0
2017-09-16,,,,,,71.52916666666667,25.670833333333334,23.19666666666667,0.165,62.291666666666664,0.0
2017-09-17,,,,,,66.90979166666666,26.465,20.575,0.13625,40.875,0.0
2017-09-18,,,,,,79.26833333333333,24.713541666666668,29.114166666666666,0.10625,52.125,0.0
2017-09-19,,,,,,86.30684210526316,23.512631578947367,25.140416666666667,0.1275,67.78947368421052,0.0
2017-09-20,,,,,,70.365,25.437083333333334,18.95,0.07416666666666667,51.75,0.0
2017-09-21,,,10.735,,,63.61333333333334,25.4075,22.214583333333334,0.09708333333333334,38.75,0.0
2017-09-22,,,14.625,,,61.030833333333334,26.4675,26.06125,0.1625,49.833333333333336,0.0
2017-09-23,,,16.678541666666664,,,53.49208333333333,27.090416666666666,31.486666666666668,0.14541666666666667,49.916666666666664,0.0
2017-09-24,,,10.3425,,,78.60833333333333,24.17979166666667,31.495416666666667,0.15041666666666667,58.25,0.0
2017-09-25,,,10.150208333333333,,,77.49249999999999,23.876666666666665,20.024166666666666,0.08916666666666667,42.916666666666664,0.0
2017-09-26,,,10.921041666666667,,,68.14604166666668,24.8225,21.777916666666666,0.06625,31.75,0.0
2017-09-27,,,15.388125,,,61.67124999999999,26.938333333333333,21.151666666666667,0.13875,42.0,0.0
2017-09-28,,,7.773958333333333,,,71.60000000000001,25.75791666666667,36.35125,0.135,58.75,0.0
2017-09-29,,,7.752083333333334,,,78.21875,24.32625,33.358333333333334,0.1025,40.791666666666664,0.0
2017-09-30,,,9.599583333333333,,,98.96666666666665,22.804166666666664,9.151666666666666,0.3625,38.166666666666664,5.3999999999999995
2017-10-01,,,4.358333333333333,,,61.35333333333333,27.499583333333334,43.98375000000001,0.10666666666666667,16.5,0.0
2017-10-02,,,14.563333333333333,,,60.79291666666666,28.39375,23.461249999999996,0.26333333333333336,31.416666666666668,0.0
2017-10-03,,,5.034583333333333,,,92.76916666666666,23.4475,18.14375,0.24,20.333333333333332,9.600000000000001
2017-10-04,,,9.3575,,,83.60333333333334,22.327916666666667,12.42,0.09291666666666666,26.166666666666668,0.0
2017-10-05,,,10.506666666666666,,,72.13312499999999,25.364166666666666,20.724999999999998,0.19125,32.083333333333336,0.0
2017-10-06,,,15.921666666666667,,,69.68416666666667,27.68166666666667,18.150833333333335,0.2020833333333333,43.041666666666664,0.0
2017-10-07,,,4.95,,,76.88291666666667,26.170416666666668,23.70625,0.1075,32.208333333333336,0.0
2017-10-08,,,12.273333333333333,,,74.96416666666666,26.419166666666666,14.36,0.1875,46.75,0.0
2017-10-09,,,14.799166666666666,,,61.88666666666666,27.843125,24.405833333333334,0.11375,35.208333333333336,0.0
2017-10-10,,,18.224999999999998,,,68.07875,28.43041666666667,21.436666666666667,0.14875,55.625,0.0
2017-10-11,,,15.044166666666667,,,65.54333333333334,28.9575,34.34166666666667,0.20791666666666667,62.625,0.0
2017-10-12,,,9.767916666666666,,,69.43791666666667,27.96166666666667,39.149166666666666,0.1758333333333333,60.0,0.0
2017-10-13,,,15.420833333333334,,,85.24,25.919375,33.64541666666667,0.19833333333333333,62.541666666666664,0.0
2017-10-14,,,18.01875,,,81.82333333333334,27.060833333333335,38.71875,0.15875,60.375,0.0
2017-10-15,,,4.985,,,97.0325,23.200416666666666,35.82,0.08166666666666667,17.583333333333332,3.2
2017-10-16,,,6.532916666666666,,,95.61636363636363,22.468333333333334,24.97375,0.06708333333333334,22.041666666666668,0.0
2017-10-17,,,10.215,,,97.4,25.069999999999997,24.01,0.075,22.916666666666668,0.0
2017-10-18,,,11.421458333333334,,,69.39,27.607916666666668,12.869583333333333,0.131875,28.5,3.8
2017-10-19,,,14.582916666666668,,,77.02125,29.5175,16.824166666666667,0.30875,42.875,0.0
2017-10-20,,,7.187083333333334,,,61.440416666666664,27.69125,33.51333333333333,0.145,56.458333333333336,0.0
2017-10-21,,,15.95375,,,81.90125,26.572916666666668,20.6525,0.21416666666666664,52.125,0.0
2017-10-22,,,8.54125,,,66.0025,28.209999999999997,43.43333333333334,0.23105263157894734,34.791666666666664,2.0
2017-10-23,,,4.63875,,,98.47,21.544166666666666,21.934166666666666,0.08833333333333333,11.0,10.0
2017-10-24,,,5.695,,,,21.88875,18.722916666666666,0.05458333333333334,17.791666666666668,0.0
2017-10-25,,,5.2924999999999995,,,,25.199583333333333,18.351666666666667,0.0775,24.583333333333332,0.0
2017-10-26,,,10.680416666666666,,,,25.948333333333334,21.022916666666667,0.3720833333333333,37.375,0.0
2017-10-27,,,9.015,,,86.82300000000001,26.11375,8.807083333333333,0.26,44.125,0.0
2017-10-28,,,7.805,,,97.935,29.347916666666666,30.755,0.26958333333333334,17.958333333333332,0.0
2017-10-29,,,9.01125,,,81.566,26.738333333333333,38.2025,0.23291666666666666,24.625,0.0
2017-10-30,,,9.296249999999999,,,92.49895833333333,26.455,30.716250000000002,0.11791666666666667,30.208333333333332,0.0
2017-10-31,,,7.904166666666666,,,93.99791666666665,25.633750000000003,29.520833333333332,0.10541666666666667,23.75,0.0
2017-11-01,,,5.9870833333333335,,,88.351875,23.550416666666667,34.40916666666667,0.06583333333333334,26.25,0.0
2017-11-02,,,5.352083333333333,,,89.38527777777777,23.605833333333333,21.076666666666668,0.043750000000000004,28.083333333333332,0.0
2017-11-03,,,10.797083333333333,,,73.43833333333333,26.33875,23.187083333333334,0.06999999999999999,28.25,0.0
2017-11-04,,,17.62375,,,57.99125,29.61125,17.567083333333333,0.23958333333333334,29.25,0.0
2017-11-05,,,8.920833333333333,,,75.32000000000001,26.492500000000003,35.51125,0.08833333333333333,17.791666666666668,0.0
2017-11-06,,,4.805833333333333,,,98.22,22.94333333333333,29.700833333333335,0.05666666666666667,18.5,3.6
2017-11-07,,,9.640416666666667,,,79.75857142857141,22.66,15.397083333333333,0.05375,24.458333333333332,0.0
2017-11-08,,,9.632916666666667,,,96.40249999999999,23.812083333333334,22.87875,0.04708333333333333,29.458333333333332,0.0
2017-11-09,,,11.747916666666667,,,79.88764705882352,24.360588235294117,15.417916666666668,0.11604166666666667,29.785714285714285,0.0
2017-11-10,,,11.498333333333333,,,70.97333333333333,29.00708333333333,14.387916666666667,0.08375,22.416666666666668,0.0
2017-11-11,,,2.98875,,,88.029375,24.307083333333335,21.538750000000004,0.105,11.041666666666666,0.2
2017-11-12,,,8.102083333333333,,,,25.76125,33.55083333333334,0.1025,27.208333333333332,0.0
2017-11-13,,,6.822916666666667,,,84.10000000000001,24.33,31.312916666666666,0.06125,29.75,0.0
2017-11-14,,,7.434166666666667,,,75.09958333333334,24.077083333333334,27.351249999999997,0.07791666666666668,35.791666666666664,0.0
2017-11-15,,,7.262083333333333,,,89.71499999999999,26.074166666666667,26.622500000000002,0.049999999999999996,42.125,0.0
2017-11-16,,,12.366666666666667,,,65.085,30.909166666666668,28.93375,0.205,38.958333333333336,0.2
2017-11-17,,,5.10875,,,52.26416666666666,30.386666666666667,38.529583333333335,0.07291666666666667,28.958333333333332,1.2
2017-11-18,,,17.365,,,55.481249999999996,29.524583333333336,41.297916666666666,0.11750000000000001,30.916666666666668,0.0
2017-11-19,,,11.752083333333333,,,74.44333333333334,27.090833333333332,24.150000000000002,0.23791666666666667,25.791666666666668,8.600000000000001
2017-11-20,,,4.9174999999999995,,,86.66583333333334,24.284583333333334,38.44583333333333,0.0725,11.833333333333334,15.8
2017-11-21,,,11.548333333333332,,,75.28083333333333,25.949791666666666,18.60833333333333,0.1625,25.458333333333332,0.0
2017-11-22,,,9.21875,,,79.69791666666667,25.559166666666666,14.77125,0.35083333333333333,26.5,8.8
2017-11-23,,,5.785416666666666,,,68.70041666666667,22.954166666666666,22.01,0.07666666666666667,22.0,0.0
2017-11-24,,,10.276666666666666,,,61.655833333333334,25.125416666666666,19.04,0.14333333333333334,24.0,0.0
2017-11-25,,,15.962916666666667,,,63.1475,28.729166666666668,23.988333333333333,0.14583333333333334,42.25,0.0
2017-11-26,,,8.340833333333334,,,51.91583333333333,30.3475,16.3875,0.13625,21.833333333333332,0.0
2017-11-27,,,8.883333333333333,,,62.530833333333334,28.282083333333333,19.882083333333334,0.13375,21.708333333333332,0.2
2017-11-28,,,9.109583333333333,,,78.03375,25.045,23.465,0.10041666666666667,19.875,10.399999999999999
2017-11-29,,,4.712916666666667,,,63.85791666666666,25.06375,28.398333333333337,0.04125,22.666666666666668,0.0
2017-11-30,,,9.918750000000001,,,69.07125,24.14979166666667,18.421666666666667,0.05708333333333334,27.583333333333332,5.6
2017-12-01,,,8.955833333333333,,,78.2725,23.701666666666668,8.000416666666668,0.1366666666666667,16.041666666666668,0.0
2017-12-02,,,6.465,,,72.47500000000001,25.49208333333333,21.290833333333335,0.10375000000000001,23.416666666666668,0.0
2017-12-03,,,7.9750000000000005,,,71.89375,25.824583333333333,28.013333333333332,0.07416666666666667,14.166666666666666,0.0
2017-12-04,,,7.433333333333334,,,71.74083333333333,26.28375,27.00125,0.057499999999999996,13.333333333333334,0.0
2017-12-05,,,5.7250000000000005,,,71.37583333333333,26.05125,17.544999999999998,0.043333333333333335,15.75,0.0
2017-12-06,,,5.7629166666666665,,,59.86541666666667,26.006249999999998,14.883333333333333,0.03666666666666667,28.416666666666668,0.0
2017-12-07,,,15.501666666666667,,,55.708333333333336,27.24625,11.37625,0.07666666666666667,30.25,0.0
2017-12-08,,,8.7775,,,73.52208333333333,25.705416666666665,6.254166666666666,0.2758333333333333,18.041666666666668,4.800000000000001
2017-12-09,,,8.589166666666666,,,69.49541666666667,26.482916666666668,18.035833333333333,0.15083333333333335,24.333333333333332,0.0
2017-12-10,,,9.759166666666667,,,64.0925,26.883333333333336,15.29,0.18333333333333335,24.166666666666668,0.0
2017-12-11,,,10.995416666666666,,,61.467083333333335,27.582916666666666,33.07125,0.08458333333333334,21.541666666666668,0.0
2017-12-12,,,4.017916666666667,,,64.9575,24.31125,21.039583333333333,0.06625,17.041666666666668,0.2
2017-12-13,,,5.5325,,,56.337916666666665,25.235833333333332,18.377916666666668,0.0425,30.208333333333332,0.0
2017-12-14,,,7.72,,,55.65625,26.50791666666667,21.6925,0.06083333333333333,27.958333333333332,0.0
2017-12-15,,,14.69,,,56.490833333333335,28.82041666666667,21.694999999999997,0.17625000000000002,33.375,0.0
2017-12-16,,,11.720833333333333,,,57.58833333333334,29.080416666666665,26.866666666666664,0.23958333333333334,42.875,0.0
2017-12-17,,,10.843333333333334,,,54.185,31.50375,20.136666666666667,0.17833333333333334,33.916666666666664,0.0
2017-12-18,,,8.608749999999999,,,53.915,31.19666666666667,32.60375,0.10416666666666667,33.041666666666664,0.0
2017-12-19,,,9.77875,,,61.96458333333334,29.210416666666664,22.372500000000002,0.11916666666666666,37.375,0.0
2017-12-20,,,10.499166666666666,,,60.25125,29.608333333333334,26.659166666666664,0.12708333333333333,38.416666666666664,0.0
2017-12-21,,,10.881666666666668,,,65.655,28.18541666666667,21.409166666666668,0.15833333333333333,28.833333333333332,26.199999999999996
2017-12-22,,,15.082500000000001,,,70.87875,27.23375,10.304166666666667,0.24416666666666667,30.625,0.0
2017-12-23,,,10.838333333333333,,,61.05083333333334,30.04125,28.08875,0.10958333333333332,22.666666666666668,3.8000000000000003
2017-12-24,,,16.384583333333335,,,63.96875,29.71666666666667,43.26333333333333,0.13749999999999998,22.541666666666668,0.6000000000000001
2017-12-25,,,16.022499999999997,,,65.19625,29.938333333333333,41.71458333333333,0.13583333333333333,23.0,3.6
2017-12-26,,,7.78375,,,72.11291666666666,27.22583333333333,24.844166666666666,0.139375,10.375,5.2
2017-12-27,,,9.195833333333333,,,69.20416666666667,28.586250000000003,18.51625,0.07,19.666666666666668,0.0
2017-12-28,,,6.048333333333333,,,75.00583333333333,27.53916666666667,14.120416666666666,0.08833333333333333,14.291666666666666,0.0
2017-12-29,,,9.777916666666666,,,79.30791666666666,27.01375,10.41,0.2754166666666667,22.541666666666668,16.0
2017-12-30,,,8.993333333333334,,,77.55125,26.435833333333335,13.3725,0.2525,17.875,0.0
2017-12-31,,,8.154166666666667,,,59.06041666666667,29.127916666666668,20.834166666666665,0.34208333333333335,10.75,0.2
2018-01-01,,,12.594166666666666,,,61.12125,29.714166666666667,32.83583333333333,0.7341666666666667,58.375,0.0
2018-01-02,,,19.794999999999998,,,67.59708333333333,29.64,36.04625,0.21541666666666667,32.083333333333336,4.0
2018-01-03,,,9.37875,,,66.93166666666666,29.620416666666667,20.86375,0.17416666666666666,16.791666666666668,10.2
2018-01-04,,,5.149583333333333,,,79.8775,25.447083333333335,16.61625,0.08958333333333333,13.666666666666666,17.0
2018-01-05,,,10.549583333333333,,,80.44958333333334,25.199166666666667,12.03875,0.24250000000000002,21.375,5.0
2018-01-06,,,6.673749999999999,,,69.92541666666666,28.42,27.10166666666667,0.24333333333333332,21.083333333333332,0.2
2018-01-07,,,4.760416666666667,,,81.90125,26.09958333333333,21.572916666666668,0.2175,18.958333333333332,14.4
2018-01-08,,,10.069583333333332,,,84.02916666666667,25.325833333333335,11.32875,0.2025,13.916666666666666,17.6
2018-01-09,,,6.382916666666667,,,72.96375,27.49416666666667,13.934583333333334,0.07791666666666668,24.291666666666668,0.0
2018-01-10,,,7.757083333333333,,,65.04083333333334,28.462083333333336,15.6025,0.06833333333333334,17.625,0.0
2018-01-11,,,6.82125,,,64.11791666666666,28.499583333333334,5.996666666666667,0.07791666666666668,23.625,0.0
2018-01-12,,,7.7811111111111115,,,67.45533333333334,28.18133333333333,26.204,0.09066666666666667,29.4,12.0
2018-01-13,,,14.023823529411764,,,63.55588235294118,29.23294117647059,42.120588235294115,0.1864705882352941,36.8235294117647,3.2
2018-01-14,,,19.627083333333335,,,63.55083333333334,29.123333333333335,26.05875,0.2754166666666667,33.541666666666664,0.0
2018-01-15,,,14.070833333333333,,,60.47708333333333,29.655,28.40416666666667,0.1725,26.708333333333332,6.6
2018-01-16,,,14.470833333333333,,,57.15083333333333,29.732916666666668,31.562916666666666,0.14166666666666666,21.416666666666668,0.0
2018-01-17,,,13.072916666666666,,,56.53791666666667,30.396666666666665,27.587083333333336,0.18666666666666668,32.75,0.0
2018-01-18,,,14.942083333333334,,,50.196666666666665,32.67333333333333,27.549166666666665,0.15666666666666665,47.541666666666664,0.0
2018-01-19,,,9.460833333333333,,,55.27583333333333,31.560833333333335,46.9675,0.11583333333333334,40.958333333333336,0.0
2018-01-20,,,15.055416666666666,,,63.95208333333333,29.420833333333334,35.06125,0.11958333333333333,32.916666666666664,0.0
2018-01-21,,,9.53375,,,64.74374999999999,29.427916666666665,33.72,0.13541666666666666,36.958333333333336,0.0
2018-01-22,,,22.938333333333333,,,64.95071428571428,30.451428571428572,39.4475,0.13583333333333333,45.458333333333336,0.2
2018-01-23,,,13.8775,,,,,44.20250000000001,0.10666666666666667,32.208333333333336,0.0
2018-01-24,,,14.670833333333334,,,,,45.69291666666666,0.10458333333333335,35.333333333333336,0.0
2018-01-25,,,13.004166666666668,,,,,32.45458333333333,0.09499999999999999,42.583333333333336,0.0
2018-01-26,,,9.277916666666668,,,74.93545454545455,27.725454545454546,24.230416666666667,0.10958333333333332,33.791666666666664,36.0
2018-01-27,,,6.351666666666667,,,90.02791666666667,24.410416666666666,10.591666666666667,0.14458333333333334,21.333333333333332,65.6
2018-01-28,,,6.139166666666667,,,73.02333333333333,27.08125,20.764583333333334,0.11125,29.041666666666668,0.0
2018-01-29,,,15.211875,,,69.76479166666667,28.22458333333333,22.749583333333334,0.14291666666666666,35.791666666666664,0.0
2018-01-30,,,6.82375,,,85.19166666666666,24.484583333333333,11.22875,0.15791666666666668,14.875,0.0
2018-01-31,,,5.243888888888889,,,86.86,22.656666666666666,16.185,0.16555555555555557,15.777777777777779,0.0
2018-02-01,,,5.646666666666667,,,,,14.159583333333332,0.09625,14.791666666666666,0.0
2018-02-02,,,8.203333333333333,,,,,16.225,0.11333333333333334,16.583333333333332,0.0
2018-02-03,,,5.2316666666666665,,,,,23.109166666666667,0.08791666666666666,13.083333333333334,0.0
2018-02-04,,,6.081666666666667,,,,,22.642083333333332,0.07583333333333334,15.458333333333334,0.0
2018-02-05,,,7.373333333333334,,,,,9.668750000000001,0.10916666666666668,15.916666666666666,0.0
2018-02-06,,,7.575,,,,,15.74875,0.19541666666666668,19.416666666666668,0.0
2018-02-07,,,7.00375,,,,,13.26375,0.13958333333333334,17.5,0.0
2018-02-08,,,8.383750000000001,,,,,20.843333333333334,0.10375000000000001,21.916666666666668,0.0
2018-02-09,,,8.388333333333334,,,,,25.714166666666667,0.11041666666666666,25.458333333333332,0.0
2018-02-10,,,14.876666666666667,,,,,35.47875,0.10833333333333334,29.0,0.0
2018-02-11,,,14.354583333333332,,,,,44.93166666666667,0.12458333333333334,22.166666666666668,0.0
2018-02-12,,,10.852916666666667,,,,,60.30458333333333,0.08958333333333333,23.791666666666668,0.0
2018-02-13,,,11.385833333333332,,,,,39.3375,0.07833333333333334,23.104166666666668,0.0
2018-02-14,,,6.854583333333333,,,,,31.154583333333335,0.06625,19.6,0.0
2018-02-15,,,9.37375,,,,,18.847916666666666,0.06125,28.375,0.0
2018-02-16,,,9.369166666666667,,,,,17.760833333333334,0.10041666666666667,34.041666666666664,0.0
2018-02-17,,,12.581249999999999,,,,,21.952083333333334,0.11541666666666667,28.125,0.0
2018-02-18,,,11.585833333333333,,,,,23.499583333333334,0.08208333333333333,26.875,0.0
2018-02-19,,,16.659583333333334,,,,,20.758333333333333,0.11645833333333333,26.083333333333332,0.0
2018-02-20,,,22.024583333333336,,,,,8.85875,0.2275,31.208333333333332,4.0
2018-02-21,,,10.187083333333334,,,,,26.999166666666667,0.145,25.333333333333332,21.6
2018-02-22,,,10.065416666666666,,,,,24.933333333333334,0.11958333333333333,14.583333333333334,20.599999999999998
2018-02-23,,,9.02625,,,,,9.532083333333334,0.22875,17.916666666666668,53.400000000000006
2018-02-24,,,6.976666666666667,,,,,17.645416666666666,0.15041666666666667,22.375,0.0
2018-02-25,,,4.385416666666667,,,,,21.506666666666664,0.09500000000000001,19.125,0.0
2018-02-26,,,9.501666666666667,,,,,13.577916666666667,0.09083333333333334,22.208333333333332,0.0
2018-02-27,,,10.00625,,,,,8.971666666666668,0.1775,24.833333333333332,3.4000000000000004
2018-02-28,,,7.445833333333333,,,,,30.5425,0.12333333333333334,23.333333333333332,0.0
2018-03-01,,,8.348333333333334,,,,,23.7675,0.09000000000000001,17.666666666666668,0.0
2018-03-02,,,8.224583333333333,,,,,29.453333333333333,0.11,26.416666666666668,0.0
2018-03-03,,,13.355416666666668,,,,,31.730833333333333,0.18999999999999997,32.333333333333336,10.799999999999999
2018-03-04,,,7.41125,,,,,29.660416666666666,0.21958333333333335,30.708333333333332,0.0
2018-03-05,,,6.93625,,,,,26.78375,0.15208333333333332,27.666666666666668,0.0
2018-03-06,,,10.202916666666667,,,,,17.504166666666666,0.1225,24.541666666666668,0.0
2018-03-07,,,11.060833333333333,,,,,22.787916666666664,0.07916666666666668,18.041666666666668,0.4
2018-03-08,,,7.552499999999999,,,,,14.452916666666667,0.10875,10.583333333333334,10.8
2018-03-09,,,8.901666666666666,,,,,11.203333333333333,0.12458333333333334,18.541666666666668,1.4
2018-03-10,,,8.17375,,,,,17.639166666666664,0.11083333333333334,23.041666666666668,1.4
2018-03-11,,,10.633125,,,,,17.2575,0.12166666666666666,15.25,0.2
2018-03-12,,,17.87125,,,,,40.28375,0.1325,27.916666666666668,0.0
2018-03-13,,,13.588958333333332,,,,,20.024583333333332,0.13458333333333333,27.75,1.4
2018-03-14,,,16.496458333333333,,,,,27.42375,0.24458333333333335,34.083333333333336,0.2
2018-03-15,,,13.341666666666667,,,,,41.01291666666667,0.22916666666666666,26.125,8.4
2018-03-16,,,6.413541666666667,,,,,33.160833333333336,0.15833333333333333,34.416666666666664,0.0
2018-03-17,,,5.700208333333333,,,,,33.94625,0.08083333333333333,36.1875,0.0
2018-03-18,,,10.272916666666667,,,,,27.120416666666667,0.020416666666666666,33.541666666666664,0.0
2018-03-19,,,25.032083333333333,,,,,35.124583333333334,0.06208333333333333,33.083333333333336,0.0
2018-03-20,,,16.188958333333336,,,61.093333333333334,32.29066666666667,23.255,0.11,48.166666666666664,0.0
2018-03-21,,,7.795416666666667,,,66.99708333333334,28.550416666666667,36.32041666666667,0.015,26.208333333333332,0.0
2018-03-22,,,,,,83.98555555555555,25.630000000000003,28.624444444444446,0.007777777777777778,8.11111111111111,8.8
2018-03-23,,,11.8375,,,70.34125,28.8775,16.93375,0.065,31.625,0.0
2018-03-24,,,10.934791666666667,,,61.16791666666666,29.291666666666668,25.83125,0.07083333333333333,24.375,0.0
2018-03-25,,,11.645625,,,55.52916666666667,30.02916666666667,18.744166666666665,0.105,23.541666666666668,0.0
2018-03-26,,,21.800833333333333,,,58.25958333333333,30.142916666666668,33.30583333333333,0.06666666666666667,32.625,0.0
2018-03-27,,,8.711666666666668,,,62.54958333333334,29.294583333333335,27.6075,0.06541666666666666,33.541666666666664,0.0
2018-03-28,,,10.301875,,,63.71416666666667,28.610833333333332,26.443749999999998,0.05604166666666666,32.416666666666664,0.0
2018-03-29,,,9.250625,,,63.10833333333333,28.1875,19.537916666666668,0.0525,24.0,0.0
2018-03-30,,,11.600625,,,63.26499999999999,28.07875,26.497083333333332,0.05125,24.791666666666668,0.0
2018-03-31,,,13.993541666666667,,,61.87083333333334,28.81833333333333,25.74791666666667,0.11125,29.083333333333332,0.0
2018-04-01,,,19.582916666666666,,,56.56166666666667,30.34958333333333,30.838333333333335,0.08833333333333333,28.208333333333332,0.0
2018-04-02,,,20.574791666666666,,,62.82875000000001,29.84583333333333,35.92625,0.12625,38.041666666666664,0.8
2018-04-03,,,10.302083333333334,,,71.89333333333333,28.390833333333333,33.53666666666667,0.11416666666666665,23.833333333333332,0.8
2018-04-04,,,6.03625,,,74.75333333333333,26.48375,14.081249999999999,0.1275,19.625,0.0
2018-04-05,,,8.746458333333333,,,73.05499999999999,27.28125,19.004166666666666,0.08416666666666667,20.708333333333332,0.0
2018-04-06,,,5.927291666666666,,,77.47416666666666,26.883333333333336,11.939166666666667,0.085,18.583333333333332,0.0
2018-04-07,,,15.148958333333333,,,71.65708333333333,27.482916666666668,13.5475,0.13375,19.125,0.0
2018-04-08,,,9.253541666666667,,,69.59958333333333,27.195000000000004,20.54375,0.07541666666666667,18.625,0.0
2018-04-09,,,12.395208333333334,,,66.09291666666667,27.128333333333334,27.64625,0.04583333333333334,15.125,0.0
2018-04-10,,,11.102708333333332,,,62.58208333333334,26.8175,28.824166666666667,0.050833333333333335,14.333333333333334,0.0
2018-04-11,,,9.706249999999999,,,65.53166666666667,26.780833333333334,23.758333333333336,0.052083333333333336,21.625,0.0
2018-04-12,,,16.541875,,,66.53791666666667,27.504166666666666,15.392291666666667,0.23770833333333333,29.541666666666668,0.0
2018-04-13,,,23.518124999999998,,,63.73833333333334,29.26833333333333,35.47208333333334,0.16666666666666666,43.208333333333336,0.0
2018-04-14,,,1.9747916666666665,,,67.69125,27.55541666666667,34.907916666666665,0.05458333333333334,21.083333333333332,1.4
2018-04-15,,,6.209166666666667,,,83.58083333333333,24.219583333333333,13.694166666666668,0.12,19.666666666666668,14.8
2018-04-16,,,2.8643750000000003,,,75.89416666666666,24.133750000000003,16.890416666666667,0.04958333333333333,19.583333333333332,0.4
2018-04-17,,,10.200833333333334,,,65.77333333333333,24.235416666666666,14.871250000000002,0.0575,21.083333333333332,0.0
2018-04-18,,,10.413333333333334,,,65.79458333333334,24.09583333333333,18.240416666666665,0.048749999999999995,25.958333333333332,0.0
2018-04-19,,,14.700624999999999,,,62.970625,25.00625,25.0825,0.081875,29.333333333333332,0.0
2018-04-20,,,9.2025,,,46.92916666666667,27.349999999999998,24.482083333333335,0.1425,27.979166666666668,0.0
2018-04-21,,,12.83375,,,66.40291666666667,25.4875,37.68,0.09541666666666666,40.25,0.0
2018-04-22,,,8.496875000000001,,,63.21666666666667,25.532083333333333,22.299166666666665,0.0625,22.541666666666668,0.0
2018-04-23,,,10.812083333333334,,,67.37458333333333,25.18875,17.552083333333332,0.04125,22.125,0.0
2018-04-24,,,15.494166666666667,,,65.57958333333333,26.78833333333333,14.517083333333332,0.04708333333333333,26.625,0.0
2018-04-25,,,13.209166666666667,,,70.81416666666667,26.438333333333333,18.552083333333332,0.08,42.583333333333336,0.0
2018-04-26,,,15.065,,,70.75833333333334,26.92458333333333,22.280416666666667,0.07041666666666667,41.666666666666664,0.0
2018-04-27,,,11.096874999999999,,,70.62958333333333,27.068749999999998,25.282083333333333,0.07916666666666668,26.958333333333332,0.0
2018-04-28,,,12.761249999999999,,,65.21,27.064166666666665,19.488333333333333,0.09458333333333334,26.125,0.0
2018-04-29,,,12.730833333333335,,,63.93958333333333,26.0825,22.823333333333334,0.13,24.833333333333332,0.0
2018-04-30,,,26.743333333333336,,,63.36041666666667,25.771666666666665,20.75166666666667,0.29041666666666666,39.0,0.0
2018-05-01,,,11.982291666666667,,,63.54125,26.471666666666668,42.52791666666666,0.115,47.125,0.0
2018-05-02,,,19.408333333333335,,,75.65916666666666,25.162916666666664,14.879583333333334,0.17125,40.625,0.0
2018-05-03,,,9.206666666666667,,,70.46124999999999,25.782916666666665,12.610833333333334,0.06625,29.291666666666668,0.0
2018-05-04,,,13.008333333333333,,,69.02478260869566,26.429565217391303,17.155833333333334,0.12833333333333333,28.0,0.0
2018-05-05,,,15.2825,,,,,30.15875,0.20541666666666666,35.583333333333336,0.0
2018-05-06,,,8.678125,,,70.66111111111111,25.413333333333334,33.06375,0.2333333333333333,45.25,0.0
2018-05-07,,,9.276363636363635,,,71.36083333333333,25.469166666666666,15.8825,0.09666666666666666,35.916666666666664,0.0
2018-05-08,,,4.31,,,76.62583333333333,23.896666666666665,11.823749999999999,0.06,23.5,0.0
2018-05-09,,,,,,70.67875,23.855416666666667,12.553333333333333,0.09625,25.041666666666668,0.0
2018-05-10,,,3.901,,,62.79125,24.268333333333334,16.67833333333333,0.07791666666666668,26.625,0.0
2018-05-11,,,13.005,,,64.28875000000001,24.815416666666668,24.7325,0.2791666666666667,32.958333333333336,0.0
2018-05-12,,,8.178749999999999,,,61.89625,26.717916666666667,33.507083333333334,0.3433333333333333,40.333333333333336,0.0
2018-05-13,,,4.866666666666666,,,68.06375,24.93541666666667,28.880416666666665,0.10958333333333332,21.8,0.0
2018-05-14,,,6.879230769230769,,,68.59833333333334,24.953333333333333,18.417916666666667,0.06357142857142857,,0.0
2018-05-15,,,8.582857142857142,,,64.79083333333334,25.546666666666667,17.888333333333332,0.23625,,0.0
2018-05-16,,,2.064,,,61.305,27.3225,37.82791666666667,0.17916666666666667,,0.0
2018-05-17,,,3.5829999999999997,,,74.385,24.422916666666666,21.454166666666666,0.10541666666666667,,1.0
2018-05-18,,,,,,66.09166666666667,26.08583333333333,16.774166666666666,0.14416666666666667,,0.0
2018-05-19,,,,,,71.77916666666667,25.505,14.067083333333334,0.19333333333333333,,11.799999999999999
2018-05-20,,,,,,64.0775,22.53125,31.085416666666664,0.25,,2.6
2018-05-21,,,,,,57.559583333333336,21.017916666666668,21.638333333333335,0.1725,,0.0
2018-05-22,,,,,,66.34229166666667,20.94729166666667,26.795416666666668,0.4795833333333333,,0.0
2018-05-23,,,,,,73.10416666666667,21.8875,26.239583333333332,0.16375,28.0,0.0
2018-05-24,,,,,,67.88541666666667,23.133333333333336,34.802083333333336,0.16666666666666666,29.833333333333332,0.0
2018-05-25,,,,,,73.345,22.77541666666667,31.27916666666667,0.10541666666666667,26.625,0.0
2018-05-26,,,,,,64.63833333333334,23.53125,38.72833333333333,0.06541666666666666,19.875,0.0
2018-05-27,,,,,,68.74,22.895416666666666,36.482499999999995,0.07916666666666668,15.791666666666666,0.0
2018-05-28,,,,,,73.43166666666666,22.527916666666666,21.40416666666667,0.09625,25.125,0.0
2018-05-29,,,,,,66.26791666666666,23.395416666666666,26.131666666666664,0.08666666666666667,20.285714285714285,0.0
2018-05-30,,,10.648888888888889,,,71.3625,22.48375,13.385833333333332,0.1729166666666667,41.54545454545455,0.0
2018-05-31,,,15.54875,,,72.60166666666667,23.304583333333337,16.531666666666666,0.10833333333333334,27.416666666666668,0.0
2018-06-01,,,12.705555555555556,,,60.30291666666667,24.796041666666667,12.529166666666667,0.29270833333333335,32.458333333333336,0.0
2018-06-02,,,4.4109375,,,55.92666666666667,25.6675,20.9375,0.9241666666666667,52.083333333333336,0.0
2018-06-03,,,7.295,,,71.65124999999999,23.27416666666667,27.183333333333334,0.44916666666666666,36.041666666666664,0.2
2018-06-04,,,5.736875,,,80.80458333333333,20.724375,17.563125,0.11125,14.916666666666666,1.9999999999999998
2018-06-05,,,14.634166666666667,,,76.79041666666667,21.25875,12.948749999999999,0.12666666666666668,20.875,1.0
2018-06-06,,,10.411666666666667,,,64.90833333333333,24.228333333333335,20.76625,0.18166666666666667,20.875,0.0
2018-06-07,,,24.550416666666667,,,81.95708333333333,23.129166666666666,2.6079166666666667,0.3566666666666667,39.5,5.800000000000001
2018-06-08,,,3.45,,,74.14083333333333,22.512083333333333,14.377083333333333,0.14625000000000002,19.458333333333332,0.0
2018-06-09,,,10.394166666666667,,,69.55,22.389583333333334,16.86,0.17625,34.041666666666664,0.0
2018-06-10,,,9.691666666666666,,,69.28750000000001,23.924166666666665,17.94,0.4870833333333333,29.416666666666668,0.0
2018-06-11,,,18.658333333333335,,,74.20125,23.906666666666666,10.559583333333334,0.7200000000000001,48.333333333333336,0.0
2018-06-12,,,5.894583333333333,,,70.10375,25.758333333333336,3.1445833333333333,1.1141666666666665,75.79166666666667,0.0
2018-06-13,,,2.682142857142857,,,69.75833333333334,26.057916666666667,1.9516666666666669,0.5654166666666667,62.291666666666664,0.0
2018-06-14,,,3.3995833333333336,,,77.65708333333333,22.559166666666666,,0.10833333333333334,13.708333333333334,1.8
2018-06-15,,,2.28125,,,86.07958333333333,20.2625,,0.1729166666666667,15.666666666666666,5.6
2018-06-16,,,0.0,,,82.28916666666667,21.23375,,0.13041666666666665,16.0,0.0
2018-06-17,,,2.3882608695652174,,,77.50625000000001,22.364166666666666,,0.25375,19.5,0.0
2018-06-18,,,0.0,,,75.29666666666667,22.22,2.11,0.10125,13.208333333333334,1.0
2018-06-19,,,3.18,,,70.58875,22.0575,11.3475,0.09875,15.75,0.0
2018-06-20,,,19.279166666666665,,,71.88625,22.150833333333335,13.27875,0.42250000000000004,31.083333333333332,0.0
2018-06-21,,,12.500416666666666,,,70.23416666666667,23.108333333333334,10.03,0.5620833333333334,49.875,0.0
2018-06-22,,,15.766874999999999,,,66.59,24.29125,34.48291666666667,0.28583333333333333,60.833333333333336,0.0
2018-06-23,,,19.239166666666666,,,66.94708333333334,24.90833333333333,33.34666666666667,0.6649999999999999,64.0,0.0
2018-06-24,,,22.366666666666664,,,60.375416666666666,26.6425,12.098333333333334,0.8295833333333333,58.541666666666664,0.0
2018-06-25,,,18.362222222222222,,,74.8175,24.229166666666668,19.055,0.1075,62.458333333333336,0.0
2018-06-26,,,21.629583333333333,,,61.50833333333333,26.296666666666667,18.8625,0.5516666666666666,56.416666666666664,0.0
2018-06-27,,,19.182000000000002,,,69.4775,24.08375,21.63083333333333,0.26791666666666664,66.25,0.0
2018-06-28,,,18.832608695652173,,,71.33624999999999,24.490416666666665,12.867916666666666,0.18125,61.708333333333336,0.0
2018-06-29,,,6.547083333333333,,,60.96458333333334,24.288749999999997,16.63625,0.19125,25.5,0.0
2018-06-30,,,20.51625,,,66.67999999999999,24.365416666666665,11.953333333333333,0.5579166666666667,33.875,0.0
2018-07-01,,,9.616470588235293,,,74.0775,23.734166666666667,23.0,0.5625,56.958333333333336,0.0
2018-07-02,,,30.516666666666666,,,69.62458333333333,24.657083333333333,25.491249999999997,0.44458333333333333,60.083333333333336,0.0
2018-07-03,,,10.373333333333333,,,69.46625,25.11,37.565000000000005,0.36083333333333334,66.54166666666667,0.6000000000000001
2018-07-04,,,5.204705882352941,,,75.95333333333333,23.814166666666665,26.741666666666664,0.11333333333333334,25.291666666666668,0.4
2018-07-05,,,10.733333333333333,,,71.79895833333333,24.483958333333334,21.680833333333336,0.5664583333333334,60.916666666666664,0.0
2018-07-06,,,18.209583333333335,,,71.715,24.972083333333334,41.18125,0.47125,81.29166666666667,0.0
2018-07-07,,,13.78125,,,72.34333333333333,24.042083333333334,35.55625,0.50375,54.833333333333336,0.0
2018-07-08,,,15.612916666666665,,,59.45041666666666,25.243333333333336,24.89,0.9241666666666667,76.79166666666667,0.0
2018-07-09,,,8.723749999999999,,,68.15833333333333,24.109166666666667,37.25208333333333,0.36041666666666666,52.0,0.0
2018-07-10,,,5.555416666666666,,,76.925,20.506666666666668,33.58541666666667,0.06833333333333334,13.75,8.8
2018-07-11,,,13.518333333333333,,,65.79333333333334,19.677916666666665,17.721111111111114,0.10520833333333333,21.0,0.2
2018-07-12,,,6.604375,,,65.64125,19.844166666666666,19.84958333333333,0.10166666666666667,24.916666666666668,0.0
2018-07-13,,,2.7504166666666667,,,66.24458333333332,21.252916666666668,17.289166666666667,0.28541666666666665,28.083333333333332,0.0
2018-07-14,,,9.53,,,74.00208333333333,22.153750000000002,26.613333333333333,0.6516666666666667,61.958333333333336,0.0
2018-07-15,,,21.9225,,,70.85833333333333,23.561666666666667,18.53125,0.7158333333333333,54.0,0.0
2018-07-16,,,29.234166666666667,,,59.54458333333333,24.78375,26.180416666666662,0.9729166666666665,68.375,0.0
2018-07-17,,,6.0495833333333335,,,67.80666666666666,23.4875,17.4925,0.365,72.75,0.0
2018-07-18,,,12.003749999999998,,,65.84375,25.075833333333335,27.35083333333333,0.16125,61.875,0.0
2018-07-19,,,16.01625,,,60.932500000000005,25.217083333333335,25.387916666666666,0.3879166666666667,41.5,0.0
2018-07-20,,,16.91875,,,65.87,25.015833333333333,17.459166666666665,0.25333333333333335,46.875,0.0
2018-07-21,,,18.631666666666668,,,62.604166666666664,25.589583333333334,44.55375,0.3175,55.5,0.0
2018-07-22,,,3.3533333333333335,,,73.72291666666666,24.243333333333336,46.275,0.11208333333333333,38.75,4.4
2018-07-23,,,8.40125,,,75.92625,23.824166666666667,20.291666666666668,0.10791666666666667,37.0,0.0
2018-07-24,,,9.9825,,,74.42875,23.729166666666668,20.614166666666666,0.12041666666666667,40.666666666666664,0.0
2018-07-25,,,8.514583333333333,,,70.29583333333333,24.21875,30.662499999999998,0.10208333333333335,41.625,0.0
2018-07-26,,,8.905,,,70.08,23.756666666666664,28.41208333333333,0.10625,30.916666666666668,0.0
2018-07-27,,,11.2675,,,66.54708333333333,24.03916666666667,25.967916666666667,0.16541666666666668,29.166666666666668,0.0
2018-07-28,,,12.656666666666666,,,61.6875,24.87375,25.000416666666666,0.20375,30.791666666666668,0.0
2018-07-29,,,20.247083333333332,,,55.9275,25.930833333333336,15.480416666666665,0.8562500000000001,43.916666666666664,0.0
2018-07-30,,,4.766666666666667,,,60.459583333333335,25.131666666666664,36.696666666666665,0.22708333333333333,45.416666666666664,0.0
2018-07-31,,,6.380833333333334,,,74.82541666666667,22.49791666666667,24.554166666666664,0.15083333333333335,34.0,1.8
2018-08-01,,,7.65375,,,76.5025,21.2825,29.09041666666667,0.09000000000000001,14.583333333333334,8.399999999999999
2018-08-02,,,7.167916666666667,,,82.94875,20.35875,28.104166666666668,0.08833333333333333,8.958333333333334,6.0
2018-08-03,,,8.820434782608697,,,76.05604166666667,21.103333333333335,10.140416666666667,0.3104166666666667,18.25,6.6
2018-08-04,,,8.161538461538461,,,76.45791666666666,22.971249999999998,23.20958333333333,0.16125,20.25,4.800000000000001
2018-08-05,,,9.80625,,,68.92208333333333,23.14125,44.26833333333334,0.30333333333333334,34.458333333333336,0.0
2018-08-06,,,4.532916666666667,,,82.10166666666667,20.554166666666667,17.13,0.14708333333333334,17.458333333333332,14.4
2018-08-07,,,8.953333333333333,,,89.2575,19.539583333333333,3.767916666666667,0.23625,21.083333333333332,0.0
2018-08-08,,,4.83,,,79.8625,22.042916666666667,18.311666666666667,0.1425,24.916666666666668,0.0
2018-08-09,,,12.365,,,73.09541666666667,24.13416666666667,8.292916666666667,0.5554166666666667,46.75,0.0
2018-08-10,,,1.9372727272727273,,,67.47666666666667,22.02916666666667,29.110833333333332,0.12666666666666668,40.541666666666664,0.0
2018-08-11,,,5.389565217391304,,,59.62166666666667,21.291666666666668,42.405833333333334,0.10416666666666667,27.875,0.0
2018-08-12,,,5.708749999999999,,,62.364583333333336,21.13416666666667,44.98541666666667,0.07916666666666668,17.75,0.0
2018-08-13,,,3.98625,,,65.27875,21.302083333333332,38.30958333333333,0.09000000000000001,19.583333333333332,0.0
2018-08-14,,,7.724166666666666,,,67.50416666666666,22.114166666666666,35.330416666666665,0.11375,32.791666666666664,0.0
2018-08-15,,,8.428749999999999,,,66.21666666666667,22.28916666666667,22.090833333333332,0.14625,27.666666666666668,0.0
2018-08-16,,,5.88625,,,71.21708333333333,22.13875,14.947916666666666,0.18291666666666664,37.041666666666664,0.0
2018-08-17,,,7.745,,,81.22250000000001,21.276666666666667,10.0575,0.18916666666666668,34.125,4.4
2018-08-18,,,4.3012500000000005,,,70.88208333333334,21.635833333333334,28.584999999999997,0.07083333333333333,13.041666666666666,0.0
2018-08-19,,,9.369166666666667,,,65.55208333333333,22.477083333333336,19.525833333333335,0.26291666666666663,18.083333333333332,0.0
2018-08-20,,,21.332916666666666,,,68.77499999999999,23.989583333333332,22.917083333333334,0.12333333333333334,29.666666666666668,0.0
2018-08-21,,,19.101041666666667,,,69.28875000000001,24.242500000000003,19.549166666666668,0.1425,40.083333333333336,0.0
2018-08-22,,,6.845,,,68.94583333333334,24.34958333333333,27.2775,0.14208333333333334,52.541666666666664,0.0
2018-08-23,,,19.665625,,,61.95458333333334,25.98,22.446250000000003,0.25125000000000003,55.625,0.0
2018-08-24,,,16.91541666666667,,,57.92916666666667,27.260833333333334,19.85625,0.24791666666666667,37.458333333333336,0.0
2018-08-25,,,8.860000000000001,,,61.57208333333333,25.14916666666667,23.563333333333333,0.5383333333333333,45.125,0.0
2018-08-26,,,3.026875,,,74.46666666666667,20.893333333333334,38.15875,0.08458333333333334,13.5,1.2000000000000002
2018-08-27,,,4.408541666666667,,,84.89041666666667,19.187916666666666,19.462500000000002,0.08750000000000001,12.833333333333334,2.6
2018-08-28,,,8.063125,,,66.80583333333333,21.809583333333332,22.879583333333333,0.06541666666666666,20.958333333333332,0.0
2018-08-29,,,9.464642857142858,,,66.20625,22.868333333333336,24.299583333333334,0.06666666666666667,23.083333333333332,0.0
2018-08-30,,,,,,63.43625,24.879166666666666,17.080833333333334,0.18583333333333332,23.416666666666668,0.0
2018-08-31,,,12.71,,,53.513749999999995,27.3275,22.522916666666664,0.24458333333333335,30.375,0.0
2018-09-01,,,9.35,,,54.606249999999996,26.8225,24.5425,0.34791666666666665,44.666666666666664,0.0
2018-09-02,,,6.204999999999999,,,61.94333333333333,26.60666666666667,41.674166666666665,0.18791666666666665,53.26315789473684,0.0
2018-09-03,,,6.67625,,,69.21375,25.209166666666665,50.635416666666664,0.13541666666666666,49.875,2.2
2018-09-04,,,3.8804166666666666,,,67.24541666666667,22.91333333333333,40.757083333333334,0.10875,12.666666666666666,4.2
2018-09-05,,,3.794166666666667,,,61.43833333333333,21.637916666666666,43.775,0.11458333333333333,6.8,0.0
2018-09-06,,,3.8175000000000003,,,69.39625,21.208333333333332,25.24,0.07833333333333334,13.0,2.0
2018-09-07,,,4.9225,,,56.80583333333333,22.457916666666666,34.202083333333334,0.11958333333333333,15.166666666666666,0.0
2018-09-08,,,4.275833333333334,,,57.09708333333333,22.55875,36.07375,0.12125000000000001,18.25,0.0
2018-09-09,,,4.580416666666667,,,60.623333333333335,22.725416666666664,40.98583333333333,0.12,17.5,0.0
2018-09-10,,,4.065416666666667,,,62.080000000000005,23.066666666666666,35.91458333333333,0.06666666666666667,12.333333333333334,0.0
2018-09-11,,,3.669583333333333,,,62.712916666666665,22.8075,30.905,0.075,14.416666666666666,0.0
2018-09-12,,,4.764375,,,62.232499999999995,22.79958333333333,32.05229166666667,0.12708333333333335,17.708333333333332,0.2
2018-09-13,,,6.8879166666666665,,,60.614583333333336,23.688541666666666,25.478333333333335,0.0625,19.25,0.0
2018-09-14,,,9.343333333333334,,,66.93458333333334,24.147499999999997,22.334999999999997,0.18875,25.208333333333332,11.0
2018-09-15,,,9.59,,,99.146,24.39708333333333,33.51625,0.22791666666666666,20.0,0.0
2018-09-16,,,2.9779166666666668,,,,23.319999999999997,40.65125,0.1275,9.541666666666666,2.0
2018-09-17,,,12.100416666666666,,,,21.840833333333332,15.1425,0.19208333333333336,18.833333333333332,1.0
2018-09-18,,,25.5325,,,,25.49625,23.287499999999998,0.7608333333333334,37.291666666666664,12.2
2018-09-19,,,10.077083333333333,,,,28.33791666666667,21.858958333333334,0.47125,30.25,0.0
2018-09-20,,,14.524166666666666,,,,27.219166666666666,13.647916666666667,0.4354166666666666,52.208333333333336,0.0
2018-09-21,,,8.288,,,,25.892777777777777,29.220625,0.1761111111111111,32.916666666666664,0.8
2018-09-22,,,5.008333333333334,,,,24.857083333333335,41.46541666666666,0.20083333333333334,15.875,0.0
2018-09-23,,,7.846666666666667,,,,26.494583333333335,36.195,0.22416666666666665,19.083333333333332,0.0
2018-09-24,,,20.294999999999998,,,,27.21291666666667,39.46333333333333,0.20791666666666667,46.75,0.0
2018-09-25,,,9.035416666666666,,,,26.73375,47.74916666666667,0.12875,31.166666666666668,0.0
2018-09-26,,,13.702083333333334,,,,28.76625,36.907916666666665,0.16291666666666668,46.041666666666664,0.0
2018-09-27,,,20.074583333333333,,,,27.84,47.25083333333333,0.17208333333333334,44.541666666666664,3.6
2018-09-28,,,6.987916666666667,,,,25.1775,27.637083333333333,0.25916666666666666,26.416666666666668,2.4000000000000004
2018-09-29,,,5.196666666666666,,,,25.5975,24.61375,0.1825,20.208333333333332,0.0
2018-09-30,,,7.27,,,,27.485,28.239583333333332,0.20375,24.041666666666668,0.0
2018-10-01,,,17.363333333333333,,,60.986875,27.57166666666667,9.97,0.42083333333333334,37.166666666666664,0.0
2018-10-02,,,9.763333333333334,,,64.57666666666667,29.907083333333333,34.177083333333336,0.5720833333333334,52.833333333333336,0.0
2018-10-03,,,20.765416666666667,,,64.57041666666667,29.761666666666667,46.9975,0.21791666666666668,49.708333333333336,0.0
2018-10-04,,,7.01125,,,79.04222222222222,27.336249999999996,44.50541666666666,0.15583333333333332,29.083333333333332,0.0
2018-10-05,,,3.5675000000000003,,,,23.04625,35.9,0.11625,13.375,4.0
2018-10-06,,,3.26125,,,,21.67,15.772083333333335,0.17041666666666666,19.416666666666668,9.4
2018-10-07,,,4.46625,,,,23.375,28.060833333333335,0.09500000000000001,12.125,0.2
2018-10-08,,,12.509583333333333,,,,25.16875,8.628333333333334,0.265625,16.270833333333332,4.0
2018-10-09,,,15.445789473684211,,,,25.04958333333333,5.9437500000000005,0.5466666666666667,25.625,1.0
2018-10-10,,,10.9275,,,,27.228333333333335,27.610833333333332,0.5816666666666667,42.916666666666664,27.8
2018-10-11,,,2.2045833333333333,,,,24.665833333333335,19.82125,0.16291666666666668,23.041666666666668,2.0
2018-10-12,,,3.9270833333333335,,,,25.43375,25.392083333333332,0.17541666666666667,22.208333333333332,1.4000000000000001
2018-10-13,,,19.930833333333336,,,,29.555833333333336,41.468333333333334,0.29291666666666666,33.958333333333336,6.8
2018-10-14,,,2.11125,,,,24.767083333333332,31.74416666666667,0.09875,16.375,0.2
2018-10-15,,,4.305000000000001,,,,22.62708333333333,19.263333333333332,0.09583333333333333,11.541666666666666,1.2
2018-10-16,,,6.34625,,,,23.812083333333334,16.188333333333333,0.10958333333333332,9.125,0.0
2018-10-17,,,11.214166666666666,,,,26.069166666666664,13.095833333333333,0.131875,13.166666666666666,0.0
2018-10-18,,,15.842941176470587,,,,27.366666666666664,10.920416666666666,0.12352941176470589,20.916666666666668,0.0
2018-10-19,,,11.6,,,,26.238,40.2585,0.04,20.35,0.0
2018-10-20,,,3.435,,,,23.36,40.181666666666665,0.0725,19.2,0.0
2018-10-21,,,4.358333333333333,,,,22.008333333333336,28.90625,0.06041666666666667,17.041666666666668,0.0
2018-10-22,,,5.317916666666666,,,,24.15041666666667,33.259166666666665,0.024583333333333332,17.791666666666668,0.0
2018-10-23,,,22.738823529411764,,,,26.696250000000003,34.20916666666667,0.12208333333333334,30.875,0.0
2018-10-24,,,12.76909090909091,,,,25.28916666666667,36.5025,0.08416666666666667,24.5,2.2
2018-10-25,,,6.111249999999999,,,,23.450416666666666,13.918333333333335,0.1125,7.583333333333333,0.8
2018-10-26,,,7.887083333333333,,,,24.312916666666666,11.123333333333333,0.12166666666666666,8.875,0.0
2018-10-27,,,9.131666666666666,,,,27.713333333333335,30.713333333333335,0.11750000000000001,8.083333333333334,0.2
2018-10-28,,,2.8004166666666666,,,,24.3625,47.83416666666667,0.04041666666666666,15.125,0.0
2018-10-29,,,5.40125,,,,22.15041666666667,22.56833333333333,0.04541666666666667,19.333333333333332,0.2
2018-10-30,,,5.1379166666666665,,,,24.719583333333333,27.894166666666667,0.05541666666666667,25.791666666666668,0.0
2018-10-31,,,6.854583333333333,,,,28.1575,27.108333333333334,0.0825,22.25,0.0
2018-11-01,,,15.388181818181819,,,,,30.800416666666667,0.14416666666666667,33.416666666666664,0.0
2018-11-02,,,16.85909090909091,,,,,36.36958333333333,0.08791666666666666,12.208333333333334,1.2
2018-11-03,,,17.473333333333333,,,,,34.39791666666667,0.17833333333333334,23.875,0.0
2018-11-04,,,2.4441666666666664,,,,,46.54416666666666,0.03333333333333333,7.5,8.8
2018-11-05,,,6.978333333333333,,,,,21.819999999999997,0.0425,14.875,4.6000000000000005
2018-11-06,,,5.102083333333334,,,,,25.699583333333333,0.048749999999999995,14.833333333333334,0.0
2018-11-07,,,5.472222222222222,,,,,21.24416666666667,0.06333333333333334,10.833333333333334,28.799999999999997
2018-11-08,,,,,,,,9.344166666666666,0.11041666666666666,2.4583333333333335,37.6
2018-11-09,,,7.895,,,,,12.71125,0.15666666666666665,3.8541666666666665,4.199999999999999
2018-11-10,,,,,,,,13.96625,0.11125,10.916666666666666,0.0
2018-11-11,,,,,,,,19.330000000000002,0.11333333333333334,14.75,0.0
2018-11-12,,,,,,,,19.98125,0.12333333333333334,16.0,0.0
2018-11-13,,,,,,0.0,0.0,19.4925,0.13458333333333333,15.583333333333334,0.0
2018-11-14,,,,,,,,17.902916666666666,0.15208333333333332,24.708333333333332,0.0
2018-11-15,,,,,,,,42.9925,0.12791666666666668,23.166666666666668,0.0
2018-11-16,,,,,,,,25.760416666666668,0.14208333333333334,15.958333333333334,0.0
2018-11-17,,,,,,,,27.096666666666668,0.10291666666666667,22.0,0.0
2018-11-18,,,,,,,,17.616666666666667,0.15125,19.791666666666668,0.0
2018-11-19,,,,,,,,18.155833333333334,0.18958333333333333,12.125,23.0
2018-11-20,,,,,,,,16.75583333333333,0.13125,11.541666666666666,8.200000000000001
2018-11-21,,,,,,,,8.926666666666668,0.18999999999999997,23.5,0.2
2018-11-22,,,,,,,,15.43875,0.16541666666666666,34.458333333333336,0.0
2018-11-23,,,,,,,,19.890833333333333,0.2125,27.083333333333332,0.0
2018-11-24,,,,,,,,16.484166666666667,0.11625,25.083333333333332,0.0
2018-11-25,,,4.425,,,,,34.37833333333334,0.11458333333333333,13.208333333333334,0.0
2018-11-26,,,5.4816666666666665,,,,,16.905,0.11875000000000001,12.0,7.6
2018-11-27,,,4.230833333333334,,,,,16.95875,0.12,15.208333333333334,1.0
2018-11-28,,,3.25375,,,,,20.46125,0.07041666666666667,17.75,0.0
2018-11-29,,,4.74125,,,,,19.524166666666666,0.13166666666666668,20.333333333333332,0.0
2018-11-30,,,8.94125,,,,,23.77479166666667,0.41125000000000006,,0.0
2018-12-01,,,2.5733333333333333,,,,,36.7125,0.13625,16.833333333333332,0.2
2018-12-02,,,3.43625,,,,,33.82625,0.15208333333333332,20.666666666666668,0.0
2018-12-03,,,1.0933333333333333,,,,,26.550416666666667,0.09041666666666666,17.791666666666668,0.0
2018-12-04,,,5.09625,,,,,21.46083333333333,0.09250000000000001,27.166666666666668,0.0
2018-12-05,,,9.460833333333333,,,,,34.80166666666667,0.15958333333333333,35.708333333333336,0.6
2018-12-06,,,2.248125,,,,,34.91416666666667,0.11041666666666666,28.875,0.0
2018-12-07,,,3.862083333333333,,,,,15.14625,0.18625,19.583333333333332,10.200000000000001
2018-12-08,,,3.2575000000000003,,,,,17.94666666666667,0.12541666666666665,13.833333333333334,7.6
2018-12-09,,,1.90125,,,,,17.283333333333335,0.11875000000000001,27.125,0.0
2018-12-10,,,5.1049999999999995,,,,,25.07166666666667,0.09625,25.166666666666668,0.0
2018-12-11,,,11.52875,,,,,32.19625,0.13625,32.958333333333336,0.0
2018-12-12,,,7.7441666666666675,,,,,34.28208333333333,0.16625,51.25,0.0
2018-12-13,,,9.710833333333333,,,,,50.38333333333333,0.23583333333333334,47.833333333333336,0.0
2018-12-14,,,8.249583333333334,,,,,33.43875,0.14833333333333334,41.583333333333336,0.0
2018-12-15,,,15.540000000000001,,,,,40.115833333333335,0.25375,48.458333333333336,0.0
2018-12-16,,,3.516666666666667,,,,,30.837083333333336,0.14791666666666667,32.958333333333336,0.0
2018-12-17,,,6.7250000000000005,,,,,30.709999999999997,0.09375,37.083333333333336,0.0
2018-12-18,,,9.484166666666667,,,,,53.06666666666666,0.13791666666666666,38.416666666666664,0.0
2018-12-19,,,5.005833333333333,,,,,40.19041666666667,0.16,35.25,0.0
2018-12-20,,,6.018888888888889,,,,,24.847291666666667,0.19666666666666668,43.083333333333336,0.0
2018-12-21,,,,,,,,23.744583333333335,0.375,71.83333333333333,0.0
2018-12-22,,,,,,,,62.854791666666664,0.201875,51.5,0.0
2018-12-23,,,,,,,,51.962916666666665,0.19000000000000003,35.375,0.0
2018-12-24,,,,,,,,28.103333333333335,0.15416666666666667,22.916666666666668,74.39999999999999
2018-12-25,,,,,,,27.17,27.692916666666665,0.058750000000000004,19.083333333333332,0.2
2018-12-26,,,,,,,25.660833333333333,10.314583333333333,0.06833333333333334,17.791666666666668,0.0
2018-12-27,,,,,,,26.142083333333332,14.832083333333335,0.06791666666666667,16.708333333333332,0.0
2018-12-28,,,,,,,27.710833333333337,20.375416666666666,0.09500000000000001,16.25,0.0
2018-12-29,,,,,,,28.675416666666667,35.03541666666667,0.09749999999999999,19.75,0.0
2018-12-30,,,,,,,28.92833333333333,37.66583333333333,0.09625,16.083333333333332,0.0
2018-12-31,,,,,,,29.184583333333332,44.807500000000005,0.13333333333333333,20.583333333333332,0.0
