data,Nome,chuva,temp,ur,so2,no2,co,no,nox,o3,pm10,pm2_5,lat,lon
2016-12-01 00:30:00,UNIDADE MOVEL BANGU,0.0,21.18,70.68,0.32,,0.05,,,24.08,,6.0,-22.87140046,-43.45942235
2016-12-01 01:30:00,UNIDADE MOVEL BANGU,0.0,21.08,69.97,0.38,,0.04,,,25.19,,11.0,-22.87140046,-43.45942235
2016-12-01 02:30:00,UNIDADE MOVEL BANGU,0.0,20.48,74.07,0.24,,0.03,,,19.59,,10.0,-22.87140046,-43.45942235
2016-12-01 03:30:00,UNIDADE MOVEL BANGU,0.0,20.12,78.17,0.31,,0.04,,,14.02,,5.0,-22.87140046,-43.45942235
2016-12-01 04:30:00,UNIDADE MOVEL BANGU,0.0,20.07,78.18,0.09,,0.04,,,8.09,,2.0,-22.87140046,-43.45942235
2016-12-01 05:30:00,UNIDADE MOVEL BANGU,0.0,20.23,76.08,0.59,,0.08,,,1.23,,1.0,-22.87140046,-43.45942235
2016-12-01 06:30:00,UNIDADE MOVEL BANGU,0.0,20.93,76.57,1.1,,0.23,,,2.35,,8.0,-22.87140046,-43.45942235
2016-12-01 07:30:00,UNIDADE MOVEL BANGU,0.0,22.58,64.83,0.94,,0.17,,,9.21,,18.0,-22.87140046,-43.45942235
2016-12-01 08:30:00,UNIDADE MOVEL BANGU,0.0,23.73,55.9,1.24,,0.11,,,15.59,,6.0,-22.87140046,-43.45942235
2016-12-01 09:30:00,UNIDADE MOVEL BANGU,0.0,24.9,50.53,1.05,,0.18,,,26.06,,9.0,-22.87140046,-43.45942235
2016-12-01 10:30:00,UNIDADE MOVEL BANGU,0.0,25.4,49.25,0.87,,0.26,,,34.27,,15.0,-22.87140046,-43.45942235
2016-12-01 11:30:00,UNIDADE MOVEL BANGU,0.0,26.22,48.42,1.54,,0.3,,,33.51,,13.0,-22.87140046,-43.45942235
2016-12-01 12:30:00,UNIDADE MOVEL BANGU,0.0,27.42,43.08,0.79,,0.19,,,47.01,,14.0,-22.87140046,-43.45942235
2016-12-01 13:30:00,UNIDADE MOVEL BANGU,0.0,25.97,49.22,1.67,,0.19,,,40.52,,10.0,-22.87140046,-43.45942235
2016-12-01 14:30:00,UNIDADE MOVEL BANGU,0.0,25.15,52.32,1.81,,0.21,,,40.5,,4.0,-22.87140046,-43.45942235
2016-12-01 15:30:00,UNIDADE MOVEL BANGU,0.0,24.55,53.78,1.98,,0.2,,,35.29,,0.0,-22.87140046,-43.45942235
2016-12-01 16:30:00,UNIDADE MOVEL BANGU,0.0,24.32,51.57,2.0,,0.26,,,31.59,,1.0,-22.87140046,-43.45942235
2016-12-01 17:30:00,UNIDADE MOVEL BANGU,0.0,23.9,51.2,2.15,,0.27,,,24.9,,12.0,-22.87140046,-43.45942235
2016-12-01 18:30:00,UNIDADE MOVEL BANGU,0.0,23.27,51.93,2.04,,0.29,,,20.93,,7.0,-22.87140046,-43.45942235
2016-12-01 19:30:00,UNIDADE MOVEL BANGU,0.0,23.03,53.5,1.94,,0.28,,,17.41,,0.0,-22.87140046,-43.45942235
2016-12-01 20:30:00,UNIDADE MOVEL BANGU,0.0,22.93,52.33,1.87,,0.24,,,17.46,,4.0,-22.87140046,-43.45942235
2016-12-01 21:30:00,UNIDADE MOVEL BANGU,0.0,22.88,55.53,1.78,,0.27,,,9.69,,5.0,-22.87140046,-43.45942235
2016-12-01 22:30:00,UNIDADE MOVEL BANGU,0.0,22.6,56.82,1.58,,0.2,,,14.02,,5.0,-22.87140046,-43.45942235
2016-12-01 23:30:00,UNIDADE MOVEL BANGU,0.0,22.35,55.97,1.04,,0.13,,,19.83,,8.0,-22.87140046,-43.45942235
2016-12-02 00:30:00,UNIDADE MOVEL BANGU,0.0,22.15,57.35,0.5,,0.03,,,20.23,,3.0,-22.87140046,-43.45942235
2016-12-02 01:30:00,UNIDADE MOVEL BANGU,0.0,21.97,58.85,0.11,,0.02,,,23.02,,3.0,-22.87140046,-43.45942235
2016-12-02 02:30:00,UNIDADE MOVEL BANGU,0.0,21.82,60.85,0.0,,0.01,,,23.06,,8.0,-22.87140046,-43.45942235
2016-12-02 03:30:00,UNIDADE MOVEL BANGU,0.0,21.65,62.83,0.2,,0.01,,,17.75,,6.0,-22.87140046,-43.45942235
2016-12-02 04:30:00,UNIDADE MOVEL BANGU,0.0,21.57,66.1,0.08,,0.02,,,16.25,,7.0,-22.87140046,-43.45942235
2016-12-02 05:30:00,UNIDADE MOVEL BANGU,0.0,21.67,67.72,0.01,,0.24,,,12.17,,4.0,-22.87140046,-43.45942235
2016-12-02 06:30:00,UNIDADE MOVEL BANGU,0.0,22.12,66.37,0.0,,0.15,,,9.55,,5.0,-22.87140046,-43.45942235
2016-12-02 07:30:00,UNIDADE MOVEL BANGU,0.0,22.45,64.68,0.1,,0.14,,,7.79,,3.0,-22.87140046,-43.45942235
2016-12-02 08:30:00,UNIDADE MOVEL BANGU,0.0,23.92,59.63,0.0,,0.12,,,12.69,,12.0,-22.87140046,-43.45942235
2016-12-02 09:30:00,UNIDADE MOVEL BANGU,0.0,25.75,53.32,0.0,,0.17,,,22.3,,8.0,-22.87140046,-43.45942235
2016-12-02 10:30:00,UNIDADE MOVEL BANGU,0.0,27.02,49.65,0.47,,0.16,,,31.21,,8.0,-22.87140046,-43.45942235
2016-12-02 11:30:00,UNIDADE MOVEL BANGU,0.0,27.7,47.35,1.06,,0.13,,,42.62,,13.0,-22.87140046,-43.45942235
2016-12-02 12:30:00,UNIDADE MOVEL BANGU,0.0,28.4,44.82,1.79,,0.11,,,54.3,,9.0,-22.87140046,-43.45942235
2016-12-02 13:30:00,UNIDADE MOVEL BANGU,0.0,28.28,48.7,2.31,,0.1,,,43.59,,6.0,-22.87140046,-43.45942235
2016-12-02 14:30:00,UNIDADE MOVEL BANGU,0.0,28.05,49.02,2.06,,0.08,,,53.4,,6.0,-22.87140046,-43.45942235
2016-12-02 15:30:00,UNIDADE MOVEL BANGU,0.0,27.85,49.98,1.99,,0.09,,,56.14,,4.0,-22.87140046,-43.45942235
2016-12-02 16:30:00,UNIDADE MOVEL BANGU,0.0,27.0,53.53,1.91,,0.12,,,48.75,,8.0,-22.87140046,-43.45942235
2016-12-02 17:30:00,UNIDADE MOVEL BANGU,0.0,25.83,57.48,2.06,,0.2,,,30.91,,7.0,-22.87140046,-43.45942235
2016-12-02 18:30:00,UNIDADE MOVEL BANGU,0.0,24.68,60.82,2.43,,0.2,,,18.91,,2.0,-22.87140046,-43.45942235
2016-12-02 19:30:00,UNIDADE MOVEL BANGU,0.0,24.08,63.6,2.69,,0.22,,,8.77,,8.0,-22.87140046,-43.45942235
2016-12-02 20:30:00,UNIDADE MOVEL BANGU,0.0,23.97,64.07,2.97,,0.26,,,2.85,,6.0,-22.87140046,-43.45942235
2016-12-02 21:30:00,UNIDADE MOVEL BANGU,0.0,23.63,64.3,2.28,,0.27,,,8.96,,6.0,-22.87140046,-43.45942235
2016-12-02 22:30:00,UNIDADE MOVEL BANGU,0.0,23.27,67.15,2.4,,0.21,,,10.64,,8.0,-22.87140046,-43.45942235
2016-12-02 23:30:00,UNIDADE MOVEL BANGU,0.0,23.05,67.9,1.31,,0.19,,,12.77,,7.0,-22.87140046,-43.45942235
2016-12-03 00:30:00,UNIDADE MOVEL BANGU,0.0,22.85,69.62,0.22,,0.09,,,10.99,,4.0,-22.87140046,-43.45942235
2016-12-03 01:30:00,UNIDADE MOVEL BANGU,0.0,22.5,71.83,0.0,,0.14,,,14.88,,1.0,-22.87140046,-43.45942235
2016-12-03 02:30:00,UNIDADE MOVEL BANGU,0.0,22.07,73.92,0.0,,0.07,,,13.39,,3.0,-22.87140046,-43.45942235
2016-12-03 03:30:00,UNIDADE MOVEL BANGU,0.0,21.73,75.6,0.0,,0.05,,,11.77,,5.0,-22.87140046,-43.45942235
2016-12-03 04:30:00,UNIDADE MOVEL BANGU,0.0,21.52,76.63,0.1,,0.07,,,5.02,,3.0,-22.87140046,-43.45942235
2016-12-03 05:30:00,UNIDADE MOVEL BANGU,0.0,21.53,76.73,0.41,,0.1,,,1.1,,5.0,-22.87140046,-43.45942235
2016-12-03 06:30:00,UNIDADE MOVEL BANGU,0.0,22.15,74.5,0.26,,0.13,,,7.29,,6.0,-22.87140046,-43.45942235
2016-12-03 07:30:00,UNIDADE MOVEL BANGU,0.0,23.53,69.23,0.36,,0.13,,,10.04,,4.0,-22.87140046,-43.45942235
2016-12-03 08:30:00,UNIDADE MOVEL BANGU,0.0,25.2,63.83,0.56,,0.23,,,15.51,,4.0,-22.87140046,-43.45942235
2016-12-03 09:30:00,UNIDADE MOVEL BANGU,0.0,27.73,55.4,2.44,,0.27,,,23.88,,8.0,-22.87140046,-43.45942235
2016-12-03 10:30:00,UNIDADE MOVEL BANGU,0.0,29.43,49.95,2.5,,0.2,,,47.74,,9.0,-22.87140046,-43.45942235
2016-12-03 11:30:00,UNIDADE MOVEL BANGU,0.0,30.45,47.47,4.29,,0.2,,,81.89,,8.0,-22.87140046,-43.45942235
2016-12-03 12:30:00,UNIDADE MOVEL BANGU,0.0,31.83,44.33,4.96,,0.19,,,99.44,,6.0,-22.87140046,-43.45942235
2016-12-03 13:30:00,UNIDADE MOVEL BANGU,0.0,33.7,39.45,7.15,,0.11,,,76.84,,6.0,-22.87140046,-43.45942235
2016-12-03 14:30:00,UNIDADE MOVEL BANGU,0.0,34.72,37.37,8.51,,0.06,,,73.47,,4.0,-22.87140046,-43.45942235
2016-12-03 15:30:00,UNIDADE MOVEL BANGU,0.0,34.22,38.27,9.21,,0.11,,,95.74,,2.0,-22.87140046,-43.45942235
2016-12-03 16:30:00,UNIDADE MOVEL BANGU,0.0,33.72,39.6,6.71,,0.19,,,94.13,,3.0,-22.87140046,-43.45942235
2016-12-03 17:30:00,UNIDADE MOVEL BANGU,0.0,32.25,43.3,3.17,,0.23,,,70.72,,4.0,-22.87140046,-43.45942235
2016-12-03 18:30:00,UNIDADE MOVEL BANGU,0.0,30.83,49.22,2.21,,0.33,,,46.98,,4.0,-22.87140046,-43.45942235
2016-12-03 19:30:00,UNIDADE MOVEL BANGU,0.0,28.95,58.32,5.34,,0.45,,,26.62,,8.0,-22.87140046,-43.45942235
2016-12-03 20:30:00,UNIDADE MOVEL BANGU,0.0,26.93,67.98,3.92,,0.47,,,25.09,,22.0,-22.87140046,-43.45942235
2016-12-03 21:30:00,UNIDADE MOVEL BANGU,0.0,24.78,77.53,1.85,,0.26,,,39.83,,22.0,-22.87140046,-43.45942235
2016-12-03 22:30:00,UNIDADE MOVEL BANGU,0.0,22.13,92.15,1.36,,0.18,,,51.0,,17.0,-22.87140046,-43.45942235
2016-12-03 23:30:00,UNIDADE MOVEL BANGU,0.0,22.4,91.53,0.68,,0.15,,,42.21,,10.0,-22.87140046,-43.45942235
2016-12-04 00:30:00,UNIDADE MOVEL BANGU,0.0,22.2,92.37,0.0,,0.14,,,34.48,,8.0,-22.87140046,-43.45942235
2016-12-04 01:30:00,UNIDADE MOVEL BANGU,0.0,22.38,92.65,0.0,,0.13,,,26.15,,1.0,-22.87140046,-43.45942235
2016-12-04 02:30:00,UNIDADE MOVEL BANGU,0.0,22.47,92.53,0.0,,0.12,,,22.58,,0.0,-22.87140046,-43.45942235
2016-12-04 03:30:00,UNIDADE MOVEL BANGU,0.0,22.58,92.17,0.0,,0.12,,,21.95,,0.0,-22.87140046,-43.45942235
2016-12-04 04:30:00,UNIDADE MOVEL BANGU,0.0,22.65,91.0,0.0,,0.13,,,22.98,,0.0,-22.87140046,-43.45942235
2016-12-04 05:30:00,UNIDADE MOVEL BANGU,0.0,22.92,89.13,0.0,,0.19,,,19.23,,0.0,-22.87140046,-43.45942235
2016-12-04 06:30:00,UNIDADE MOVEL BANGU,0.0,23.47,87.25,0.0,,0.51,,,10.92,,0.0,-22.87140046,-43.45942235
2016-12-04 07:30:00,UNIDADE MOVEL BANGU,0.0,24.47,82.72,0.0,,0.31,,,9.11,,1.0,-22.87140046,-43.45942235
2016-12-04 08:30:00,UNIDADE MOVEL BANGU,0.0,24.52,78.3,0.0,,0.31,,,16.87,,0.0,-22.87140046,-43.45942235
2016-12-04 09:30:00,UNIDADE MOVEL BANGU,0.0,25.7,73.7,0.0,,0.4,,,23.01,,1.0,-22.87140046,-43.45942235
2016-12-04 10:30:00,UNIDADE MOVEL BANGU,0.0,28.63,59.12,0.0,,0.41,,,37.37,,4.0,-22.87140046,-43.45942235
2016-12-04 11:30:00,UNIDADE MOVEL BANGU,0.0,30.17,50.7,0.0,,0.34,,,46.53,,6.0,-22.87140046,-43.45942235
2016-12-04 12:30:00,UNIDADE MOVEL BANGU,0.0,31.52,47.15,0.0,,0.24,,,51.71,,4.0,-22.87140046,-43.45942235
2016-12-04 13:30:00,UNIDADE MOVEL BANGU,0.0,32.22,45.9,0.0,,0.23,,,55.49,,2.0,-22.87140046,-43.45942235
2016-12-04 14:30:00,UNIDADE MOVEL BANGU,0.0,28.37,66.95,0.0,,0.24,,,50.12,,3.0,-22.87140046,-43.45942235
2016-12-04 15:30:00,UNIDADE MOVEL BANGU,0.0,27.77,64.3,0.0,,0.14,,,47.33,,0.0,-22.87140046,-43.45942235
2016-12-04 16:30:00,UNIDADE MOVEL BANGU,0.0,24.87,58.85,0.0,,0.15,,,44.47,,0.0,-22.87140046,-43.45942235
2016-12-04 17:30:00,UNIDADE MOVEL BANGU,0.0,23.75,67.23,0.0,,0.29,,,42.73,,2.0,-22.87140046,-43.45942235
2016-12-04 18:30:00,UNIDADE MOVEL BANGU,0.0,21.5,85.48,0.0,,0.23,,,36.17,,0.0,-22.87140046,-43.45942235
2016-12-04 19:30:00,UNIDADE MOVEL BANGU,0.0,21.18,88.15,0.0,,0.22,,,26.67,,21.0,-22.87140046,-43.45942235
2016-12-04 20:30:00,UNIDADE MOVEL BANGU,0.0,21.4,87.25,0.0,,0.25,,,17.92,,0.0,-22.87140046,-43.45942235
2016-12-04 21:30:00,UNIDADE MOVEL BANGU,0.0,21.73,83.1,0.0,,0.24,,,14.52,,9.0,-22.87140046,-43.45942235
2016-12-04 22:30:00,UNIDADE MOVEL BANGU,0.0,22.12,81.72,0.0,,0.21,,,11.0,,6.0,-22.87140046,-43.45942235
2016-12-04 23:30:00,UNIDADE MOVEL BANGU,0.0,22.32,80.77,0.085,,0.24,,,8.81,,7.0,-22.87140046,-43.45942235
2016-12-05 00:30:00,UNIDADE MOVEL BANGU,0.0,21.47,82.92,0.17,,0.09,,,22.77,,6.0,-22.87140046,-43.45942235
2016-12-05 01:30:00,UNIDADE MOVEL BANGU,0.0,20.77,87.98,0.11,,0.05,,,37.44,,1.0,-22.87140046,-43.45942235
2016-12-05 02:30:00,UNIDADE MOVEL BANGU,0.0,21.05,83.87,0.0,,0.04,,,41.27,,0.0,-22.87140046,-43.45942235
2016-12-05 03:30:00,UNIDADE MOVEL BANGU,0.0,20.8,83.13,0.0,,0.02,,,42.64,,0.0,-22.87140046,-43.45942235
2016-12-05 04:30:00,UNIDADE MOVEL BANGU,0.0,21.18,79.93,0.0,,0.02,,,37.78,,0.0,-22.87140046,-43.45942235
2016-12-05 05:30:00,UNIDADE MOVEL BANGU,0.0,21.38,78.32,0.0,,0.03,,,29.73,,0.0,-22.87140046,-43.45942235
2016-12-05 06:30:00,UNIDADE MOVEL BANGU,0.0,21.62,78.52,0.0,,0.08,,,23.6,,0.0,-22.87140046,-43.45942235
2016-12-05 07:30:00,UNIDADE MOVEL BANGU,0.0,22.02,78.1,0.0,,0.14,,,19.94,,0.0,-22.87140046,-43.45942235
2016-12-05 08:30:00,UNIDADE MOVEL BANGU,0.0,22.53,74.95,0.02,,0.12,,,23.6,,5.0,-22.87140046,-43.45942235
2016-12-05 09:30:00,UNIDADE MOVEL BANGU,0.0,23.28,70.07,0.0,,0.11,,,34.11,,4.0,-22.87140046,-43.45942235
2016-12-05 10:30:00,UNIDADE MOVEL BANGU,0.0,23.47,69.08,0.0,,0.13,,,35.88,,2.0,-22.87140046,-43.45942235
2016-12-05 11:30:00,UNIDADE MOVEL BANGU,0.0,23.5,69.28,0.0,,0.12,,,36.35,,2.0,-22.87140046,-43.45942235
2016-12-05 12:30:00,UNIDADE MOVEL BANGU,0.0,23.67,68.45,0.0,,0.13,,,38.81,,6.0,-22.87140046,-43.45942235
2016-12-05 13:30:00,UNIDADE MOVEL BANGU,0.0,23.77,69.17,0.0,,0.14,,,37.17,,1.0,-22.87140046,-43.45942235
2016-12-05 14:30:00,UNIDADE MOVEL BANGU,0.0,23.42,70.1,0.09,,,,,30.42,,0.0,-22.87140046,-43.45942235
2016-12-05 15:30:00,UNIDADE MOVEL BANGU,0.0,22.75,71.15,0.62,,,,,35.4,,15.0,-22.87140046,-43.45942235
2016-12-05 16:30:00,UNIDADE MOVEL BANGU,0.0,22.03,76.25,0.22,,,,,36.92,,0.0,-22.87140046,-43.45942235
2016-12-05 17:30:00,UNIDADE MOVEL BANGU,0.0,21.55,79.98,0.45,,,,,28.46,,0.0,-22.87140046,-43.45942235
2016-12-05 18:30:00,UNIDADE MOVEL BANGU,0.0,21.63,74.65,0.38,,,,,32.77,,0.0,-22.87140046,-43.45942235
2016-12-05 19:30:00,UNIDADE MOVEL BANGU,0.0,21.87,73.65,0.39,,,,,32.8,,0.0,-22.87140046,-43.45942235
2016-12-05 20:30:00,UNIDADE MOVEL BANGU,0.0,21.83,74.88,0.15,,,,,20.98,,0.0,-22.87140046,-43.45942235
2016-12-05 21:30:00,UNIDADE MOVEL BANGU,0.0,22.02,73.53,0.22,,,,,23.45,,16.0,-22.87140046,-43.45942235
2016-12-05 22:30:00,UNIDADE MOVEL BANGU,0.0,21.8,75.42,0.27,,,,,19.5,,0.0,-22.87140046,-43.45942235
2016-12-05 23:30:00,UNIDADE MOVEL BANGU,0.0,21.28,78.12,0.25,,,,,13.45,,2.0,-22.87140046,-43.45942235
2016-12-06 00:30:00,UNIDADE MOVEL BANGU,0.0,20.58,83.45,0.23,,,,,0.96,,2.0,-22.87140046,-43.45942235
2016-12-06 01:30:00,UNIDADE MOVEL BANGU,0.0,20.72,82.73,0.02,,,,,1.53,,8.0,-22.87140046,-43.45942235
2016-12-06 02:30:00,UNIDADE MOVEL BANGU,0.0,20.27,83.48,0.03,,,,,9.51,,5.0,-22.87140046,-43.45942235
2016-12-06 03:30:00,UNIDADE MOVEL BANGU,0.0,19.85,86.08,0.0,,,,,4.08,,0.0,-22.87140046,-43.45942235
2016-12-06 04:30:00,UNIDADE MOVEL BANGU,0.0,19.97,84.9,0.0,,,,,0.23,,4.0,-22.87140046,-43.45942235
2016-12-06 05:30:00,UNIDADE MOVEL BANGU,0.0,20.52,80.47,0.15,,,,,1.9,,0.0,-22.87140046,-43.45942235
2016-12-06 06:30:00,UNIDADE MOVEL BANGU,0.0,21.77,75.93,0.62,,,,,5.33,,3.0,-22.87140046,-43.45942235
2016-12-06 07:30:00,UNIDADE MOVEL BANGU,0.0,23.88,62.82,1.03,,,,,30.38,,4.0,-22.87140046,-43.45942235
2016-12-06 08:30:00,UNIDADE MOVEL BANGU,0.0,25.75,54.53,0.29,,,,,39.38,,0.0,-22.87140046,-43.45942235
2016-12-06 09:30:00,UNIDADE MOVEL BANGU,0.0,27.07,47.37,0.0,,,,,46.88,,0.0,-22.87140046,-43.45942235
2016-12-06 10:30:00,UNIDADE MOVEL BANGU,0.0,28.5,44.78,0.52,,,,,53.76,,0.0,-22.87140046,-43.45942235
2016-12-06 11:30:00,UNIDADE MOVEL BANGU,0.0,29.57,38.68,2.73,,,,,57.31,,0.0,-22.87140046,-43.45942235
2016-12-06 12:30:00,UNIDADE MOVEL BANGU,0.0,30.15,38.7,4.0,,,,,55.68,,1.0,-22.87140046,-43.45942235
2016-12-06 13:30:00,UNIDADE MOVEL BANGU,0.0,29.57,39.52,4.8,,,,,51.91,,0.0,-22.87140046,-43.45942235
2016-12-06 14:30:00,UNIDADE MOVEL BANGU,0.0,29.13,39.8,3.93,,,,,50.89,,1.0,-22.87140046,-43.45942235
2016-12-06 15:30:00,UNIDADE MOVEL BANGU,0.0,28.45,39.52,2.33,,,,,48.84,,0.0,-22.87140046,-43.45942235
2016-12-06 16:30:00,UNIDADE MOVEL BANGU,0.0,27.6,38.82,1.57,,,,,44.38,,0.0,-22.87140046,-43.45942235
2016-12-06 17:30:00,UNIDADE MOVEL BANGU,0.0,26.43,40.85,2.9,,,,,41.82,,0.0,-22.87140046,-43.45942235
2016-12-06 18:30:00,UNIDADE MOVEL BANGU,0.0,25.07,47.77,3.44,,,,,39.53,,0.0,-22.87140046,-43.45942235
2016-12-06 19:30:00,UNIDADE MOVEL BANGU,0.0,23.77,61.62,3.15,,,,,27.49,,2.0,-22.87140046,-43.45942235
2016-12-06 20:30:00,UNIDADE MOVEL BANGU,0.0,22.88,69.52,2.92,,,,,19.97,,10.0,-22.87140046,-43.45942235
2016-12-06 21:30:00,UNIDADE MOVEL BANGU,0.0,22.42,72.6,2.66,,,,,13.38,,10.0,-22.87140046,-43.45942235
2016-12-06 22:30:00,UNIDADE MOVEL BANGU,0.0,22.12,72.22,1.96,,,,,7.2,,24.0,-22.87140046,-43.45942235
2016-12-06 23:30:00,UNIDADE MOVEL BANGU,0.0,21.93,68.27,0.9999999999999999,,,,,1.1,,7.0,-22.87140046,-43.45942235
2016-12-07 00:30:00,UNIDADE MOVEL BANGU,0.0,21.13,73.82,0.04,,,,,1.98,,9.0,-22.87140046,-43.45942235
2016-12-07 01:30:00,UNIDADE MOVEL BANGU,0.0,20.77,73.95,0.0,,,,,7.75,,5.0,-22.87140046,-43.45942235
2016-12-07 02:30:00,UNIDADE MOVEL BANGU,0.0,20.08,72.1,0.0,,,,,5.34,,0.0,-22.87140046,-43.45942235
2016-12-07 03:30:00,UNIDADE MOVEL BANGU,0.0,20.28,75.42,0.0,,,,,3.7,,0.0,-22.87140046,-43.45942235
2016-12-07 04:30:00,UNIDADE MOVEL BANGU,0.0,20.1,75.02,0.1,,,,,0.7,,6.0,-22.87140046,-43.45942235
2016-12-07 05:30:00,UNIDADE MOVEL BANGU,0.0,19.93,77.25,0.38,,,,,0.22,,17.0,-22.87140046,-43.45942235
2016-12-07 06:30:00,UNIDADE MOVEL BANGU,0.0,21.1,76.22,0.85,,,,,1.06,,16.0,-22.87140046,-43.45942235
2016-12-07 07:30:00,UNIDADE MOVEL BANGU,0.0,23.78,68.42,1.63,,,,,7.76,,19.0,-22.87140046,-43.45942235
2016-12-07 08:30:00,UNIDADE MOVEL BANGU,0.0,26.18,56.87,7.29,,,,,18.52,,16.0,-22.87140046,-43.45942235
2016-12-07 09:30:00,UNIDADE MOVEL BANGU,0.0,27.67,49.78,1.31,,,,,35.84,,24.0,-22.87140046,-43.45942235
2016-12-07 10:30:00,UNIDADE MOVEL BANGU,0.0,30.03,43.77,2.9,,,,,58.53,,18.0,-22.87140046,-43.45942235
2016-12-07 11:30:00,UNIDADE MOVEL BANGU,0.0,31.13,41.93,5.26,,,,,82.57,,15.0,-22.87140046,-43.45942235
2016-12-07 12:30:00,UNIDADE MOVEL BANGU,0.0,32.7,39.2,9.02,,,,,147.12,,25.0,-22.87140046,-43.45942235
2016-12-07 13:30:00,UNIDADE MOVEL BANGU,0.0,33.7,38.53,7.97,,,,,124.16,,23.0,-22.87140046,-43.45942235
2016-12-07 14:30:00,UNIDADE MOVEL BANGU,0.0,33.43,37.97,7.82,,,,,142.21,,8.0,-22.87140046,-43.45942235
2016-12-07 15:30:00,UNIDADE MOVEL BANGU,0.0,33.58,38.2,7.02,,,,,172.01,,16.0,-22.87140046,-43.45942235
2016-12-07 16:30:00,UNIDADE MOVEL BANGU,0.0,31.08,46.4,4.14,,,,,114.38,,13.0,-22.87140046,-43.45942235
2016-12-07 17:30:00,UNIDADE MOVEL BANGU,0.0,29.13,51.8,2.56,,,,,64.61,,8.0,-22.87140046,-43.45942235
2016-12-07 18:30:00,UNIDADE MOVEL BANGU,0.0,27.87,53.27,3.19,,,,,48.22,,4.0,-22.87140046,-43.45942235
2016-12-07 19:30:00,UNIDADE MOVEL BANGU,0.0,26.8,49.8,2.99,,,,,37.8,,3.0,-22.87140046,-43.45942235
2016-12-07 20:30:00,UNIDADE MOVEL BANGU,0.0,25.55,53.7,3.06,,,,,35.85,,15.0,-22.87140046,-43.45942235
2016-12-07 21:30:00,UNIDADE MOVEL BANGU,0.0,24.8,60.92,2.63,,,,,26.43,,3.0,-22.87140046,-43.45942235
2016-12-07 22:30:00,UNIDADE MOVEL BANGU,0.0,24.55,63.53,2.8,,,,,9.25,,16.0,-22.87140046,-43.45942235
2016-12-07 23:30:00,UNIDADE MOVEL BANGU,0.0,24.05,66.05,2.11,,,,,4.49,,11.0,-22.87140046,-43.45942235
2016-12-08 00:30:00,UNIDADE MOVEL BANGU,0.0,23.87,63.85,1.42,,,,,4.81,,5.0,-22.87140046,-43.45942235
2016-12-08 01:30:00,UNIDADE MOVEL BANGU,0.0,23.45,65.88,0.84,,,,,8.12,,0.0,-22.87140046,-43.45942235
2016-12-08 02:30:00,UNIDADE MOVEL BANGU,0.0,22.97,69.0,0.33,,,,,2.27,,9.0,-22.87140046,-43.45942235
2016-12-08 03:30:00,UNIDADE MOVEL BANGU,0.0,22.6,72.3,0.52,,,,,0.67,,8.0,-22.87140046,-43.45942235
2016-12-08 04:30:00,UNIDADE MOVEL BANGU,0.0,23.18,69.67,0.62,,,,,0.35,,4.0,-22.87140046,-43.45942235
2016-12-08 05:30:00,UNIDADE MOVEL BANGU,0.0,23.42,70.5,1.32,,,,,0.02,,6.0,-22.87140046,-43.45942235
2016-12-08 06:30:00,UNIDADE MOVEL BANGU,0.0,24.05,70.98,1.67,,,,,0.5,,24.0,-22.87140046,-43.45942235
2016-12-08 07:30:00,UNIDADE MOVEL BANGU,0.0,24.88,70.63,1.82,,,,,3.04,,15.0,-22.87140046,-43.45942235
2016-12-08 08:30:00,UNIDADE MOVEL BANGU,0.0,27.43,61.73,2.71,,,,,13.88,,18.0,-22.87140046,-43.45942235
2016-12-08 09:30:00,UNIDADE MOVEL BANGU,0.0,29.65,54.35,5.46,,,,,25.67,,14.0,-22.87140046,-43.45942235
2016-12-08 10:30:00,UNIDADE MOVEL BANGU,0.0,31.53,46.78,3.88,,,,,47.01,,14.0,-22.87140046,-43.45942235
2016-12-08 11:30:00,UNIDADE MOVEL BANGU,0.0,32.78,42.73,4.64,,,,,94.01,,15.0,-22.87140046,-43.45942235
2016-12-08 12:30:00,UNIDADE MOVEL BANGU,0.0,34.42,39.25,5.95,,,,,121.89,,14.0,-22.87140046,-43.45942235
2016-12-08 13:30:00,UNIDADE MOVEL BANGU,0.0,35.55,38.1,8.25,,,,,160.88,,16.0,-22.87140046,-43.45942235
2016-12-08 14:30:00,UNIDADE MOVEL BANGU,0.0,35.52,38.7,8.77,,,,,170.5,,18.0,-22.87140046,-43.45942235
2016-12-08 15:30:00,UNIDADE MOVEL BANGU,0.0,36.22,35.28,7.37,,,,,171.28,,13.0,-22.87140046,-43.45942235
2016-12-08 16:30:00,UNIDADE MOVEL BANGU,0.0,35.03,38.33,5.37,,,,,146.42,,10.0,-22.87140046,-43.45942235
2016-12-08 17:30:00,UNIDADE MOVEL BANGU,0.0,32.6,45.93,3.01,,,,,113.33,,7.0,-22.87140046,-43.45942235
2016-12-08 18:30:00,UNIDADE MOVEL BANGU,0.0,29.88,56.05,2.07,,,,,76.67,,8.0,-22.87140046,-43.45942235
2016-12-08 19:30:00,UNIDADE MOVEL BANGU,0.0,26.0,77.67,4.21,,,,,52.71,,7.0,-22.87140046,-43.45942235
2016-12-08 20:30:00,UNIDADE MOVEL BANGU,0.0,26.48,73.77,4.59,,,,,41.95,,21.0,-22.87140046,-43.45942235
2016-12-08 21:30:00,UNIDADE MOVEL BANGU,0.0,25.97,74.58,3.43,,,,,41.89,,4.0,-22.87140046,-43.45942235
2016-12-08 22:30:00,UNIDADE MOVEL BANGU,0.0,24.67,79.13,1.93,,,,,56.22,,8.0,-22.87140046,-43.45942235
2016-12-08 23:30:00,UNIDADE MOVEL BANGU,0.0,23.28,91.98,1.405,,,,,47.05,,18.0,-22.87140046,-43.45942235
2016-12-09 00:30:00,UNIDADE MOVEL BANGU,0.0,24.4,80.52,0.88,,,,,52.68,,11.0,-22.87140046,-43.45942235
2016-12-09 01:30:00,UNIDADE MOVEL BANGU,0.0,24.9,74.85,0.87,,,,,52.46,,6.0,-22.87140046,-43.45942235
2016-12-09 02:30:00,UNIDADE MOVEL BANGU,0.0,24.62,76.23,0.24,,,,,52.29,,0.0,-22.87140046,-43.45942235
2016-12-09 03:30:00,UNIDADE MOVEL BANGU,0.0,24.53,75.53,0.0,,,,,50.89,,1.0,-22.87140046,-43.45942235
2016-12-09 04:30:00,UNIDADE MOVEL BANGU,0.0,24.92,72.52,0.0,,,,,48.37,,0.0,-22.87140046,-43.45942235
2016-12-09 05:30:00,UNIDADE MOVEL BANGU,0.0,25.27,69.87,0.0,,,,,46.22,,0.0,-22.87140046,-43.45942235
2016-12-09 06:30:00,UNIDADE MOVEL BANGU,0.0,25.3,69.27,0.13,,,,,44.0,,0.0,-22.87140046,-43.45942235
2016-12-09 07:30:00,UNIDADE MOVEL BANGU,0.0,26.0,66.75,0.03,,,,,42.36,,0.0,-22.87140046,-43.45942235
2016-12-09 08:30:00,UNIDADE MOVEL BANGU,0.0,27.83,61.03,0.0,,,,,49.78,,1.0,-22.87140046,-43.45942235
2016-12-09 09:30:00,UNIDADE MOVEL BANGU,0.0,30.08,54.74,0.515,,,,,44.62,,1.0,-22.87140046,-43.45942235
2016-12-09 10:30:00,UNIDADE MOVEL BANGU,0.0,31.42,50.57,1.03,,,,,58.79,,4.0,-22.87140046,-43.45942235
2016-12-09 11:30:00,UNIDADE MOVEL BANGU,0.0,31.97,49.05,0.0,,,,,72.66,,6.0,-22.87140046,-43.45942235
2016-12-09 12:30:00,UNIDADE MOVEL BANGU,0.0,30.48,56.92,0.0,,,,,69.44,,1.0,-22.87140046,-43.45942235
2016-12-09 13:30:00,UNIDADE MOVEL BANGU,0.0,29.62,59.15,0.0,,,,,67.4,,0.0,-22.87140046,-43.45942235
2016-12-09 14:30:00,UNIDADE MOVEL BANGU,0.0,29.43,56.48,0.0,,,,,65.41,,6.0,-22.87140046,-43.45942235
2016-12-09 15:30:00,UNIDADE MOVEL BANGU,0.0,28.88,54.63,0.0,,,,,68.09,,3.0,-22.87140046,-43.45942235
2016-12-09 16:30:00,UNIDADE MOVEL BANGU,0.0,28.67,57.95,0.0,,,,,69.04,,0.0,-22.87140046,-43.45942235
2016-12-09 17:30:00,UNIDADE MOVEL BANGU,0.0,27.67,63.42,0.0,,,,,56.05,,0.0,-22.87140046,-43.45942235
2016-12-09 18:30:00,UNIDADE MOVEL BANGU,0.0,26.77,66.42,0.0,,,,,44.36,,6.0,-22.87140046,-43.45942235
2016-12-09 19:30:00,UNIDADE MOVEL BANGU,0.0,25.6,72.88,0.0,,,,,46.27,,10.0,-22.87140046,-43.45942235
2016-12-09 20:30:00,UNIDADE MOVEL BANGU,0.0,25.22,75.78,0.0,,,,,40.11,,3.0,-22.87140046,-43.45942235
2016-12-09 21:30:00,UNIDADE MOVEL BANGU,0.0,24.55,83.42,0.0,,,,,35.82,,0.0,-22.87140046,-43.45942235
2016-12-09 22:30:00,UNIDADE MOVEL BANGU,0.0,24.08,86.75,0.0,,,,,31.45,,5.0,-22.87140046,-43.45942235
2016-12-09 23:30:00,UNIDADE MOVEL BANGU,0.0,23.7,89.18,0.585,,,,,28.6,,0.0,-22.87140046,-43.45942235
2016-12-10 00:30:00,UNIDADE MOVEL BANGU,0.0,23.62,88.9,1.17,,,,,25.13,,17.0,-22.87140046,-43.45942235
2016-12-10 01:30:00,UNIDADE MOVEL BANGU,0.0,23.68,87.5,1.18,,,,,25.9,,5.0,-22.87140046,-43.45942235
2016-12-10 02:30:00,UNIDADE MOVEL BANGU,0.0,23.62,87.13,1.09,,,,,20.55,,7.0,-22.87140046,-43.45942235
2016-12-10 03:30:00,UNIDADE MOVEL BANGU,0.0,23.67,86.63,0.46,,,,,20.83,,19.0,-22.87140046,-43.45942235
2016-12-10 04:30:00,UNIDADE MOVEL BANGU,0.0,23.55,87.02,0.55,,,,,12.21,,13.0,-22.87140046,-43.45942235
2016-12-10 05:30:00,UNIDADE MOVEL BANGU,0.0,23.62,86.7,0.91,,,,,4.29,,11.0,-22.87140046,-43.45942235
2016-12-10 06:30:00,UNIDADE MOVEL BANGU,0.0,24.62,81.57,1.44,,,,,12.87,,20.0,-22.87140046,-43.45942235
2016-12-10 07:30:00,UNIDADE MOVEL BANGU,0.0,25.7,75.13,1.73,,,,,23.79,,13.0,-22.87140046,-43.45942235
2016-12-10 08:30:00,UNIDADE MOVEL BANGU,0.0,26.67,71.58,1.77,,,,,28.89,,8.0,-22.87140046,-43.45942235
2016-12-10 09:30:00,UNIDADE MOVEL BANGU,0.0,28.82,62.25,1.6,,,,,46.44,,10.0,-22.87140046,-43.45942235
2016-12-10 10:30:00,UNIDADE MOVEL BANGU,0.0,30.45,56.07,0.9,,,,,78.58,,8.0,-22.87140046,-43.45942235
2016-12-10 11:30:00,UNIDADE MOVEL BANGU,0.0,31.1,55.52,1.33,,,,,96.29,,11.0,-22.87140046,-43.45942235
2016-12-10 12:30:00,UNIDADE MOVEL BANGU,0.0,31.95,53.97,2.05,,,,,112.18,,16.0,-22.87140046,-43.45942235
2016-12-10 13:30:00,UNIDADE MOVEL BANGU,0.0,33.05,50.12,3.04,,,,,118.47,,21.0,-22.87140046,-43.45942235
2016-12-10 14:30:00,UNIDADE MOVEL BANGU,0.0,33.08,49.47,4.49,,,,,119.35,,8.0,-22.87140046,-43.45942235
2016-12-10 15:30:00,UNIDADE MOVEL BANGU,0.0,31.23,56.05,3.09,,,,,95.84,,13.0,-22.87140046,-43.45942235
2016-12-10 16:30:00,UNIDADE MOVEL BANGU,0.0,31.48,54.88,2.28,,,,,97.08,,7.0,-22.87140046,-43.45942235
2016-12-10 17:30:00,UNIDADE MOVEL BANGU,0.0,29.4,62.87,3.57,,,,,67.47,,4.0,-22.87140046,-43.45942235
2016-12-10 18:30:00,UNIDADE MOVEL BANGU,0.0,28.17,67.28,3.81,,,,,50.32,,6.0,-22.87140046,-43.45942235
2016-12-10 19:30:00,UNIDADE MOVEL BANGU,0.0,27.72,69.2,3.58,,,,,44.08,,11.0,-22.87140046,-43.45942235
2016-12-10 20:30:00,UNIDADE MOVEL BANGU,0.0,27.15,70.2,3.48,,,,,52.66,,18.0,-22.87140046,-43.45942235
2016-12-10 21:30:00,UNIDADE MOVEL BANGU,0.0,26.93,70.85,3.18,,,,,49.88,,22.0,-22.87140046,-43.45942235
2016-12-10 22:30:00,UNIDADE MOVEL BANGU,0.0,26.55,73.5,2.7,,,,,36.42,,18.0,-22.87140046,-43.45942235
2016-12-10 23:30:00,UNIDADE MOVEL BANGU,0.0,26.05,77.22,1.5150000000000001,,,,,21.38,,16.0,-22.87140046,-43.45942235
2016-12-11 00:30:00,UNIDADE MOVEL BANGU,0.0,26.0,77.88,0.33,,,,,13.47,,19.0,-22.87140046,-43.45942235
2016-12-11 01:30:00,UNIDADE MOVEL BANGU,0.0,25.82,78.87,0.65,,,,,12.33,,25.0,-22.87140046,-43.45942235
2016-12-11 02:30:00,UNIDADE MOVEL BANGU,0.0,25.62,79.53,1.13,,,,,6.35,,25.0,-22.87140046,-43.45942235
2016-12-11 03:30:00,UNIDADE MOVEL BANGU,0.0,25.52,79.72,1.16,,,,,3.91,,26.0,-22.87140046,-43.45942235
2016-12-11 04:30:00,UNIDADE MOVEL BANGU,0.0,25.35,80.33,0.59,,,,,5.15,,32.0,-22.87140046,-43.45942235
2016-12-11 05:30:00,UNIDADE MOVEL BANGU,0.0,25.62,78.82,0.35,,,,,2.69,,21.0,-22.87140046,-43.45942235
2016-12-11 06:30:00,UNIDADE MOVEL BANGU,0.0,26.28,75.3,0.73,,,,,8.41,,17.0,-22.87140046,-43.45942235
2016-12-11 07:30:00,UNIDADE MOVEL BANGU,0.0,27.57,67.22,0.54,,,,,21.18,,10.0,-22.87140046,-43.45942235
2016-12-11 08:30:00,UNIDADE MOVEL BANGU,0.0,29.65,58.22,0.19,,,,,31.09,,5.0,-22.87140046,-43.45942235
2016-12-11 09:30:00,UNIDADE MOVEL BANGU,0.0,31.13,53.75,0.0,,,,,40.83,,0.0,-22.87140046,-43.45942235
2016-12-11 10:30:00,UNIDADE MOVEL BANGU,0.0,32.4,50.3,0.03,,,,,50.86,,0.0,-22.87140046,-43.45942235
2016-12-11 11:30:00,UNIDADE MOVEL BANGU,0.0,33.78,45.62,0.05,,,,,53.99,,4.0,-22.87140046,-43.45942235
2016-12-11 12:30:00,UNIDADE MOVEL BANGU,0.0,35.32,41.32,2.8,,,,,63.6,,1.0,-22.87140046,-43.45942235
2016-12-11 13:30:00,UNIDADE MOVEL BANGU,0.0,36.45,35.83,7.02,,,,,73.41,,0.0,-22.87140046,-43.45942235
2016-12-11 14:30:00,UNIDADE MOVEL BANGU,0.0,35.05,38.98,7.67,,,,,69.61,,5.0,-22.87140046,-43.45942235
2016-12-11 15:30:00,UNIDADE MOVEL BANGU,0.0,34.45,44.55,4.71,,,,,73.49,,3.0,-22.87140046,-43.45942235
2016-12-11 16:30:00,UNIDADE MOVEL BANGU,0.0,32.95,49.3,5.48,,,,,68.52,,4.0,-22.87140046,-43.45942235
2016-12-11 17:30:00,UNIDADE MOVEL BANGU,0.0,30.4,59.83,3.39,,,,,35.92,,4.0,-22.87140046,-43.45942235
2016-12-11 18:30:00,UNIDADE MOVEL BANGU,0.0,28.87,67.53,4.03,,,,,41.42,,7.0,-22.87140046,-43.45942235
2016-12-11 19:30:00,UNIDADE MOVEL BANGU,0.0,25.75,87.12,4.13,,,,,22.29,,13.0,-22.87140046,-43.45942235
2016-12-11 20:30:00,UNIDADE MOVEL BANGU,0.0,25.53,89.75,3.04,,,,,18.51,,33.0,-22.87140046,-43.45942235
2016-12-11 21:30:00,UNIDADE MOVEL BANGU,0.0,25.17,89.75,2.96,,,,,18.99,,9.0,-22.87140046,-43.45942235
2016-12-11 22:30:00,UNIDADE MOVEL BANGU,0.0,25.55,90.25,2.96,,,,,6.88,,17.0,-22.87140046,-43.45942235
2016-12-11 23:30:00,UNIDADE MOVEL BANGU,0.0,24.98,91.62,1.82,,,,,17.87,,10.0,-22.87140046,-43.45942235
2016-12-12 00:30:00,UNIDADE MOVEL BANGU,0.0,25.07,90.93,0.68,,,,,11.38,,6.0,-22.87140046,-43.45942235
2016-12-12 01:30:00,UNIDADE MOVEL BANGU,0.0,24.95,88.85,0.17,,,,,14.37,,10.0,-22.87140046,-43.45942235
2016-12-12 02:30:00,UNIDADE MOVEL BANGU,0.0,25.13,82.42,0.06,,,,,20.92,,6.0,-22.87140046,-43.45942235
2016-12-12 03:30:00,UNIDADE MOVEL BANGU,0.0,25.3,80.12,0.0,,,,,18.63,,0.0,-22.87140046,-43.45942235
2016-12-12 04:30:00,UNIDADE MOVEL BANGU,0.0,25.3,78.73,0.0,,,,,12.65,,8.0,-22.87140046,-43.45942235
2016-12-12 05:30:00,UNIDADE MOVEL BANGU,0.0,25.0,85.33,0.0,,,,,0.77,,6.0,-22.87140046,-43.45942235
2016-12-12 06:30:00,UNIDADE MOVEL BANGU,0.0,25.68,83.38,0.0,,,,,0.83,,6.0,-22.87140046,-43.45942235
2016-12-12 07:30:00,UNIDADE MOVEL BANGU,0.0,26.88,75.42,0.0,,,,,9.95,,11.0,-22.87140046,-43.45942235
2016-12-12 08:30:00,UNIDADE MOVEL BANGU,0.0,29.63,62.78,0.0,,,,,24.87,,5.0,-22.87140046,-43.45942235
2016-12-12 09:30:00,UNIDADE MOVEL BANGU,0.0,31.22,54.4,0.0,,,,,45.22,,8.0,-22.87140046,-43.45942235
2016-12-12 10:30:00,UNIDADE MOVEL BANGU,0.0,32.53,50.4,9.18,,,,,51.95,,3.0,-22.87140046,-43.45942235
2016-12-12 11:30:00,UNIDADE MOVEL BANGU,0.0,32.62,51.85,15.34,,0.1,,,78.35,,19.0,-22.87140046,-43.45942235
2016-12-12 12:30:00,UNIDADE MOVEL BANGU,0.0,33.28,51.33,3.42,,0.36,,,129.46,,18.0,-22.87140046,-43.45942235
2016-12-12 13:30:00,UNIDADE MOVEL BANGU,0.0,34.2,48.4,0.84,,0.32,,,140.94,,8.0,-22.87140046,-43.45942235
2016-12-12 14:30:00,UNIDADE MOVEL BANGU,0.0,32.45,57.13,1.64,,0.4,,,139.43,,13.0,-22.87140046,-43.45942235
2016-12-12 15:30:00,UNIDADE MOVEL BANGU,0.0,28.15,79.23,0.04,,0.62,,,89.29,,20.0,-22.87140046,-43.45942235
2016-12-12 16:30:00,UNIDADE MOVEL BANGU,0.0,28.33,69.02,0.0,,0.42,,,61.13,,2.0,-22.87140046,-43.45942235
2016-12-12 17:30:00,UNIDADE MOVEL BANGU,0.0,26.38,78.0,0.0,,0.39,,,52.79,,3.0,-22.87140046,-43.45942235
2016-12-12 18:30:00,UNIDADE MOVEL BANGU,0.0,24.48,90.2,0.0,,0.5,,,42.49,,11.0,-22.87140046,-43.45942235
2016-12-12 19:30:00,UNIDADE MOVEL BANGU,0.0,23.8,95.0,0.0,,0.62,,,28.57,,6.0,-22.87140046,-43.45942235
2016-12-12 20:30:00,UNIDADE MOVEL BANGU,0.0,23.48,95.68,0.0,,0.68,,,19.45,,2.0,-22.87140046,-43.45942235
2016-12-12 21:30:00,UNIDADE MOVEL BANGU,0.0,23.78,95.55,0.0,,0.54,,,16.82,,7.0,-22.87140046,-43.45942235
2016-12-12 22:30:00,UNIDADE MOVEL BANGU,0.0,23.97,93.75,0.0,,0.39,,,19.19,,4.0,-22.87140046,-43.45942235
2016-12-12 23:30:00,UNIDADE MOVEL BANGU,0.0,24.15,91.88,0.32,,0.3,,,19.84,,4.0,-22.87140046,-43.45942235
2016-12-13 00:30:00,UNIDADE MOVEL BANGU,0.0,24.17,91.58,0.64,,0.13,,,27.49,,14.0,-22.87140046,-43.45942235
2016-12-13 01:30:00,UNIDADE MOVEL BANGU,0.0,24.28,90.88,0.62,,0.13,,,34.7,,9.0,-22.87140046,-43.45942235
2016-12-13 02:30:00,UNIDADE MOVEL BANGU,0.0,24.3,91.18,0.98,,0.17,,,37.53,,4.0,-22.87140046,-43.45942235
2016-12-13 03:30:00,UNIDADE MOVEL BANGU,0.0,24.45,87.18,1.02,,0.18,,,34.68,,5.0,-22.87140046,-43.45942235
2016-12-13 04:30:00,UNIDADE MOVEL BANGU,0.0,24.55,85.83,1.2,,0.21,,,24.2,,3.0,-22.87140046,-43.45942235
2016-12-13 05:30:00,UNIDADE MOVEL BANGU,0.0,24.82,83.83,1.06,,0.36,,,15.84,,0.0,-22.87140046,-43.45942235
2016-12-13 06:30:00,UNIDADE MOVEL BANGU,0.0,24.95,86.2,1.81,,0.76,,,4.35,,0.0,-22.87140046,-43.45942235
2016-12-13 07:30:00,UNIDADE MOVEL BANGU,0.0,26.43,78.08,1.66,,0.4,,,21.46,,12.0,-22.87140046,-43.45942235
2016-12-13 08:30:00,UNIDADE MOVEL BANGU,0.0,27.02,74.08,1.1,,0.22,,,26.4,,7.0,-22.87140046,-43.45942235
2016-12-13 09:30:00,UNIDADE MOVEL BANGU,0.0,28.63,67.7,1.45,,0.18,,,29.25,,4.0,-22.87140046,-43.45942235
2016-12-13 10:30:00,UNIDADE MOVEL BANGU,0.0,30.23,62.57,0.87,,0.22,,,45.81,,4.0,-22.87140046,-43.45942235
2016-12-13 11:30:00,UNIDADE MOVEL BANGU,0.0,31.47,59.07,1.62,,0.24,,,62.8,,3.0,-22.87140046,-43.45942235
2016-12-13 12:30:00,UNIDADE MOVEL BANGU,0.0,33.08,54.65,3.85,,0.19,,,74.77,,3.0,-22.87140046,-43.45942235
2016-12-13 13:30:00,UNIDADE MOVEL BANGU,0.0,33.6,54.75,7.34,,0.12,,,88.86,,1.0,-22.87140046,-43.45942235
2016-12-13 14:30:00,UNIDADE MOVEL BANGU,0.0,33.6,56.33,8.55,,0.13,,,91.09,,7.0,-22.87140046,-43.45942235
2016-12-13 15:30:00,UNIDADE MOVEL BANGU,0.0,32.35,60.33,7.0,,0.16,,,69.48,,8.0,-22.87140046,-43.45942235
2016-12-13 16:30:00,UNIDADE MOVEL BANGU,0.0,30.33,66.25,4.76,,0.44,,,53.34,,4.0,-22.87140046,-43.45942235
2016-12-13 17:30:00,UNIDADE MOVEL BANGU,0.0,28.38,72.63,4.78,,0.52,,,43.82,,0.0,-22.87140046,-43.45942235
2016-12-13 18:30:00,UNIDADE MOVEL BANGU,0.0,27.33,76.38,4.45,,0.39,,,34.77,,0.0,-22.87140046,-43.45942235
2016-12-13 19:30:00,UNIDADE MOVEL BANGU,0.0,26.78,78.8,4.45,,0.36,,,30.86,,0.0,-22.87140046,-43.45942235
2016-12-13 20:30:00,UNIDADE MOVEL BANGU,0.0,26.52,80.12,3.69,,0.34,,,29.09,,2.0,-22.87140046,-43.45942235
2016-12-13 21:30:00,UNIDADE MOVEL BANGU,0.0,26.13,81.13,2.94,,0.3,,,27.32,,13.0,-22.87140046,-43.45942235
2016-12-13 22:30:00,UNIDADE MOVEL BANGU,0.0,26.23,79.32,2.23,,0.22,,,30.15,,18.0,-22.87140046,-43.45942235
2016-12-13 23:30:00,UNIDADE MOVEL BANGU,0.0,26.28,81.62,2.0549999999999997,,,,,17.2,,14.0,-22.87140046,-43.45942235
2016-12-14 00:30:00,UNIDADE MOVEL BANGU,0.0,26.12,82.72,1.88,,,,,10.07,,10.0,-22.87140046,-43.45942235
2016-12-14 01:30:00,UNIDADE MOVEL BANGU,0.0,26.18,81.05,2.24,,,,,12.41,,24.0,-22.87140046,-43.45942235
2016-12-14 02:30:00,UNIDADE MOVEL BANGU,1.0,26.28,79.82,2.58,,,,,15.55,,25.0,-22.87140046,-43.45942235
2016-12-14 03:30:00,UNIDADE MOVEL BANGU,2.0,25.17,89.38,3.07,,,,,5.08,,48.0,-22.87140046,-43.45942235
2016-12-14 04:30:00,UNIDADE MOVEL BANGU,2.0,24.48,91.5,2.92,,,,,14.22,,25.0,-22.87140046,-43.45942235
2016-12-14 05:30:00,UNIDADE MOVEL BANGU,1.0,23.1,91.68,2.22,,,,,39.91,,10.0,-22.87140046,-43.45942235
2016-12-14 06:30:00,UNIDADE MOVEL BANGU,1.0,23.32,92.5,2.63,,,,,25.35,,3.0,-22.87140046,-43.45942235
2016-12-14 07:30:00,UNIDADE MOVEL BANGU,1.0,23.27,92.75,2.68,,,,,20.21,,5.0,-22.87140046,-43.45942235
2016-12-14 08:30:00,UNIDADE MOVEL BANGU,0.0,23.58,90.82,2.56,,,,,13.14,,6.0,-22.87140046,-43.45942235
2016-12-14 09:30:00,UNIDADE MOVEL BANGU,0.0,24.75,86.42,2.53,,,,,13.96,,0.0,-22.87140046,-43.45942235
2016-12-14 10:30:00,UNIDADE MOVEL BANGU,0.0,26.58,75.4,2.4,,,,,25.93,,0.0,-22.87140046,-43.45942235
2016-12-14 11:30:00,UNIDADE MOVEL BANGU,0.0,27.48,72.22,0.57,,0.08,,,27.11,,11.0,-22.87140046,-43.45942235
2016-12-14 12:30:00,UNIDADE MOVEL BANGU,0.0,29.17,67.15,0.0,,0.02,,,43.22,,4.0,-22.87140046,-43.45942235
2016-12-14 13:30:00,UNIDADE MOVEL BANGU,16.0,25.92,83.68,0.0,,0.01,,,43.55,,0.0,-22.87140046,-43.45942235
2016-12-14 14:30:00,UNIDADE MOVEL BANGU,1.0,24.6,93.7,1.09,,0.09,,,31.58,,4.0,-22.87140046,-43.45942235
2016-12-14 15:30:00,UNIDADE MOVEL BANGU,0.0,25.55,82.73,1.07,,0.05,,,29.71,,6.0,-22.87140046,-43.45942235
2016-12-14 16:30:00,UNIDADE MOVEL BANGU,0.0,25.57,79.57,0.88,,0.1,,,30.0,,6.0,-22.87140046,-43.45942235
2016-12-14 17:30:00,UNIDADE MOVEL BANGU,0.0,25.45,77.35,0.2,,0.04,,,27.0,,5.0,-22.87140046,-43.45942235
2016-12-14 18:30:00,UNIDADE MOVEL BANGU,1.0,25.02,79.47,0.1,,0.24,,,22.49,,4.0,-22.87140046,-43.45942235
2016-12-14 19:30:00,UNIDADE MOVEL BANGU,0.0,24.52,79.93,0.26,,0.34,,,23.23,,18.0,-22.87140046,-43.45942235
2016-12-14 20:30:00,UNIDADE MOVEL BANGU,1.0,23.67,87.02,0.66,,0.25,,,15.36,,26.0,-22.87140046,-43.45942235
2016-12-14 21:30:00,UNIDADE MOVEL BANGU,1.0,23.45,90.33,0.64,,0.23,,,4.62,,8.0,-22.87140046,-43.45942235
2016-12-14 22:30:00,UNIDADE MOVEL BANGU,1.0,23.02,90.4,0.08,,0.1,,,21.57,,10.0,-22.87140046,-43.45942235
2016-12-14 23:30:00,UNIDADE MOVEL BANGU,0.0,23.05,83.93,0.34500000000000003,,0.02,,,35.6,,9.0,-22.87140046,-43.45942235
2016-12-15 00:30:00,UNIDADE MOVEL BANGU,0.0,23.03,80.02,0.61,,0.02,,,39.05,,6.0,-22.87140046,-43.45942235
2016-12-15 01:30:00,UNIDADE MOVEL BANGU,0.0,22.5,77.38,0.37,,0.01,,,38.6,,6.0,-22.87140046,-43.45942235
2016-12-15 02:30:00,UNIDADE MOVEL BANGU,0.0,22.43,73.67,0.12,,0.01,,,40.16,,9.0,-22.87140046,-43.45942235
2016-12-15 03:30:00,UNIDADE MOVEL BANGU,1.0,20.93,84.95,0.0,,0.01,,,38.51,,6.0,-22.87140046,-43.45942235
2016-12-15 04:30:00,UNIDADE MOVEL BANGU,0.0,20.28,87.72,0.0,,0.01,,,35.77,,2.0,-22.87140046,-43.45942235
2016-12-15 05:30:00,UNIDADE MOVEL BANGU,0.0,20.38,83.25,0.0,,0.06,,,30.09,,0.0,-22.87140046,-43.45942235
2016-12-15 06:30:00,UNIDADE MOVEL BANGU,0.0,20.97,76.57,0.26,,0.26,,,26.2,,1.0,-22.87140046,-43.45942235
2016-12-15 07:30:00,UNIDADE MOVEL BANGU,0.0,19.68,82.6,0.27,,0.15,,,20.19,,10.0,-22.87140046,-43.45942235
2016-12-15 08:30:00,UNIDADE MOVEL BANGU,0.0,20.02,82.13,0.96,,0.27,,,3.99,,8.0,-22.87140046,-43.45942235
2016-12-15 09:30:00,UNIDADE MOVEL BANGU,0.0,20.8,73.55,0.68,,0.16,,,17.55,,13.0,-22.87140046,-43.45942235
2016-12-15 10:30:00,UNIDADE MOVEL BANGU,0.0,21.27,69.93,0.27,,0.07,,,31.74,,12.0,-22.87140046,-43.45942235
2016-12-15 11:30:00,UNIDADE MOVEL BANGU,0.0,21.06,70.28,0.39,,0.125,,,28.24,,8.0,-22.87140046,-43.45942235
2016-12-15 12:30:00,UNIDADE MOVEL BANGU,0.0,21.82,66.05,0.51,,0.18,,,21.58,,4.0,-22.87140046,-43.45942235
2016-12-15 13:30:00,UNIDADE MOVEL BANGU,0.0,21.73,70.83,1.05,,0.19,,,13.68,,10.0,-22.87140046,-43.45942235
2016-12-15 14:30:00,UNIDADE MOVEL BANGU,0.0,20.57,78.87,1.55,,0.28,,,11.59,,16.0,-22.87140046,-43.45942235
2016-12-15 15:30:00,UNIDADE MOVEL BANGU,0.0,20.08,80.1,1.34,,0.26,,,9.27,,1.0,-22.87140046,-43.45942235
2016-12-15 16:30:00,UNIDADE MOVEL BANGU,0.0,19.08,87.42,1.6,,0.36,,,8.05,,15.0,-22.87140046,-43.45942235
2016-12-15 17:30:00,UNIDADE MOVEL BANGU,0.0,18.9,88.28,1.83,,0.2,,,9.0,,19.0,-22.87140046,-43.45942235
2016-12-15 18:30:00,UNIDADE MOVEL BANGU,0.0,18.73,89.33,1.2,,0.54,,,3.71,,12.0,-22.87140046,-43.45942235
2016-12-15 19:30:00,UNIDADE MOVEL BANGU,0.0,18.92,87.62,2.07,,0.53,,,0.92,,10.0,-22.87140046,-43.45942235
2016-12-15 20:30:00,UNIDADE MOVEL BANGU,0.0,18.95,86.17,1.35,,0.25,,,0.77,,18.0,-22.87140046,-43.45942235
2016-12-15 21:30:00,UNIDADE MOVEL BANGU,0.0,18.95,84.57,1.22,,0.2,,,0.73,,8.0,-22.87140046,-43.45942235
2016-12-15 22:30:00,UNIDADE MOVEL BANGU,0.0,18.73,83.77,1.77,,0.17,,,1.8,,14.0,-22.87140046,-43.45942235
2016-12-15 23:30:00,UNIDADE MOVEL BANGU,0.0,18.87,82.47,1.33,,0.12,,,2.91,,13.0,-22.87140046,-43.45942235
2016-12-16 00:30:00,UNIDADE MOVEL BANGU,0.0,18.98,82.28,0.89,,0.13,,,1.78,,11.0,-22.87140046,-43.45942235
2016-12-16 01:30:00,UNIDADE MOVEL BANGU,0.0,18.97,83.18,0.95,,0.12,,,0.5,,13.0,-22.87140046,-43.45942235
2016-12-16 02:30:00,UNIDADE MOVEL BANGU,0.0,18.87,84.57,0.78,,0.13,,,0.0,,15.0,-22.87140046,-43.45942235
2016-12-16 03:30:00,UNIDADE MOVEL BANGU,0.0,18.93,86.28,0.43,,0.13,,,0.0,,21.0,-22.87140046,-43.45942235
2016-12-16 04:30:00,UNIDADE MOVEL BANGU,0.0,18.63,88.3,0.19,,0.12,,,0.0,,11.0,-22.87140046,-43.45942235
2016-12-16 05:30:00,UNIDADE MOVEL BANGU,0.0,18.9,86.03,1.07,,0.28,,,2.16,,11.0,-22.87140046,-43.45942235
2016-12-16 06:30:00,UNIDADE MOVEL BANGU,1.0,18.67,86.27,0.82,,0.19,,,10.53,,12.0,-22.87140046,-43.45942235
2016-12-16 07:30:00,UNIDADE MOVEL BANGU,1.0,18.43,89.88,0.27,,0.37,,,3.26,,13.0,-22.87140046,-43.45942235
2016-12-16 08:30:00,UNIDADE MOVEL BANGU,0.0,18.77,90.97,1.07,,0.24,,,7.55,,10.0,-22.87140046,-43.45942235
2016-12-16 09:30:00,UNIDADE MOVEL BANGU,0.0,21.08,80.18,1.52,,0.18,,,14.89,,13.0,-22.87140046,-43.45942235
2016-12-16 10:30:00,UNIDADE MOVEL BANGU,0.0,22.2,70.7,0.59,,0.09,,,17.68,,10.0,-22.87140046,-43.45942235
2016-12-16 11:30:00,UNIDADE MOVEL BANGU,0.0,24.12,62.12,1.12,,0.06,,,28.3,,8.0,-22.87140046,-43.45942235
2016-12-16 12:30:00,UNIDADE MOVEL BANGU,0.0,24.52,58.63,1.63,,0.03,,,39.17,,12.0,-22.87140046,-43.45942235
2016-12-16 13:30:00,UNIDADE MOVEL BANGU,0.0,24.42,59.27,2.41,,0.03,,,35.52,,9.0,-22.87140046,-43.45942235
2016-12-16 14:30:00,UNIDADE MOVEL BANGU,0.0,24.55,59.07,1.96,,0.03,,,29.7,,11.0,-22.87140046,-43.45942235
2016-12-16 15:30:00,UNIDADE MOVEL BANGU,0.0,25.08,58.1,2.34,,0.01,,,28.06,,7.0,-22.87140046,-43.45942235
2016-12-16 16:30:00,UNIDADE MOVEL BANGU,0.0,24.17,61.78,2.21,,0.04,,,23.84,,5.0,-22.87140046,-43.45942235
2016-12-16 17:30:00,UNIDADE MOVEL BANGU,0.0,23.8,61.45,2.35,,0.21,,,20.41,,3.0,-22.87140046,-43.45942235
2016-12-16 18:30:00,UNIDADE MOVEL BANGU,0.0,22.7,67.58,2.07,,0.03,,,15.57,,0.0,-22.87140046,-43.45942235
2016-12-16 19:30:00,UNIDADE MOVEL BANGU,0.0,22.33,68.65,1.71,,0.04,,,9.85,,0.0,-22.87140046,-43.45942235
2016-12-16 20:30:00,UNIDADE MOVEL BANGU,0.0,22.08,70.9,1.58,,0.12,,,4.59,,0.0,-22.87140046,-43.45942235
2016-12-16 21:30:00,UNIDADE MOVEL BANGU,0.0,21.85,73.72,1.59,,0.12,,,0.29,,5.0,-22.87140046,-43.45942235
2016-12-16 22:30:00,UNIDADE MOVEL BANGU,0.0,21.68,75.92,1.84,,0.09,,,0.08,,7.0,-22.87140046,-43.45942235
2016-12-16 23:30:00,UNIDADE MOVEL BANGU,0.0,21.52,76.72,1.21,,,,,0.94,,13.0,-22.87140046,-43.45942235
2016-12-17 00:30:00,UNIDADE MOVEL BANGU,0.0,21.08,78.78,0.58,,,,,0.03,,12.0,-22.87140046,-43.45942235
2016-12-17 01:30:00,UNIDADE MOVEL BANGU,0.0,21.0,79.02,1.02,,,,,0.34,,12.0,-22.87140046,-43.45942235
2016-12-17 02:30:00,UNIDADE MOVEL BANGU,0.0,20.73,80.6,0.93,,,,,0.1,,5.0,-22.87140046,-43.45942235
2016-12-17 03:30:00,UNIDADE MOVEL BANGU,0.0,20.5,82.47,1.08,,,,,0.0,,4.0,-22.87140046,-43.45942235
2016-12-17 04:30:00,UNIDADE MOVEL BANGU,0.0,20.6,81.97,0.78,,,,,0.0,,5.0,-22.87140046,-43.45942235
2016-12-17 05:30:00,UNIDADE MOVEL BANGU,0.0,20.83,81.27,0.8,,,,,0.71,,7.0,-22.87140046,-43.45942235
2016-12-17 06:30:00,UNIDADE MOVEL BANGU,0.0,21.62,79.08,0.78,,,,,6.75,,11.0,-22.87140046,-43.45942235
2016-12-17 07:30:00,UNIDADE MOVEL BANGU,0.0,23.02,73.3,0.94,,,,,12.55,,9.0,-22.87140046,-43.45942235
2016-12-17 08:30:00,UNIDADE MOVEL BANGU,0.0,24.05,67.78,1.46,,,,,16.18,,11.0,-22.87140046,-43.45942235
2016-12-17 09:30:00,UNIDADE MOVEL BANGU,0.0,24.58,65.27,2.0,,,,,19.42,,11.0,-22.87140046,-43.45942235
2016-12-17 10:30:00,UNIDADE MOVEL BANGU,0.0,24.18,68.68,2.34,,,,,18.03,,7.0,-22.87140046,-43.45942235
2016-12-17 11:30:00,UNIDADE MOVEL BANGU,0.0,24.43,71.52,2.27,,,,,24.82,,4.0,-22.87140046,-43.45942235
2016-12-17 12:30:00,UNIDADE MOVEL BANGU,0.0,23.95,79.02,2.15,,,,,34.75,,3.0,-22.87140046,-43.45942235
2016-12-17 13:30:00,UNIDADE MOVEL BANGU,4.0,23.55,82.57,2.26,,,,,37.96,,2.0,-22.87140046,-43.45942235
2016-12-17 14:30:00,UNIDADE MOVEL BANGU,1.0,22.77,88.63,1.79,,,,,27.27,,5.0,-22.87140046,-43.45942235
2016-12-17 15:30:00,UNIDADE MOVEL BANGU,0.0,23.1,84.25,1.62,,,,,24.58,,0.0,-22.87140046,-43.45942235
2016-12-17 16:30:00,UNIDADE MOVEL BANGU,0.0,23.6,83.6,1.66,,,,,21.75,,0.0,-22.87140046,-43.45942235
2016-12-17 17:30:00,UNIDADE MOVEL BANGU,0.0,23.25,86.02,1.63,,,,,17.05,,0.0,-22.87140046,-43.45942235
2016-12-17 18:30:00,UNIDADE MOVEL BANGU,0.0,22.38,89.02,1.8,,,,,13.91,,0.0,-22.87140046,-43.45942235
2016-12-17 19:30:00,UNIDADE MOVEL BANGU,0.0,22.25,88.65,1.85,,,,,5.34,,0.0,-22.87140046,-43.45942235
2016-12-17 20:30:00,UNIDADE MOVEL BANGU,0.0,22.22,89.18,2.2,,,,,1.21,,0.0,-22.87140046,-43.45942235
2016-12-17 21:30:00,UNIDADE MOVEL BANGU,0.0,22.2,89.73,1.62,,,,,1.27,,2.0,-22.87140046,-43.45942235
2016-12-17 22:30:00,UNIDADE MOVEL BANGU,0.0,22.08,89.65,2.19,,,,,0.0,,7.0,-22.87140046,-43.45942235
2016-12-17 23:30:00,UNIDADE MOVEL BANGU,0.0,21.7,90.43,1.76,,,,,0.0,,21.0,-22.87140046,-43.45942235
2016-12-18 00:30:00,UNIDADE MOVEL BANGU,0.0,21.43,90.7,1.33,,0.43,,,0.0,,9.0,-22.87140046,-43.45942235
2016-12-18 01:30:00,UNIDADE MOVEL BANGU,0.0,21.38,91.4,1.49,,0.54,,,0.0,,7.0,-22.87140046,-43.45942235
2016-12-18 02:30:00,UNIDADE MOVEL BANGU,0.0,21.38,90.1,1.15,,0.17,,,2.36,,6.0,-22.87140046,-43.45942235
2016-12-18 03:30:00,UNIDADE MOVEL BANGU,0.0,21.47,88.82,1.27,,0.26,,,1.1,,5.0,-22.87140046,-43.45942235
2016-12-18 04:30:00,UNIDADE MOVEL BANGU,0.0,21.07,90.5,0.86,,0.29,,,0.0,,3.0,-22.87140046,-43.45942235
2016-12-18 05:30:00,UNIDADE MOVEL BANGU,0.0,20.85,91.53,0.96,,0.29333333333333333,,,0.0,,5.0,-22.87140046,-43.45942235
2016-12-18 06:30:00,UNIDADE MOVEL BANGU,0.0,22.22,87.35,1.29,,0.29666666666666663,,,2.54,,7.0,-22.87140046,-43.45942235
2016-12-18 07:30:00,UNIDADE MOVEL BANGU,0.0,23.5,79.73,1.18,,0.3,,,7.51,,7.0,-22.87140046,-43.45942235
2016-12-18 08:30:00,UNIDADE MOVEL BANGU,0.0,25.17,71.72,0.67,,0.13,,,16.26,,11.0,-22.87140046,-43.45942235
2016-12-18 09:30:00,UNIDADE MOVEL BANGU,0.0,27.45,62.55,0.91,,0.15,,,30.07,,15.0,-22.87140046,-43.45942235
2016-12-18 10:30:00,UNIDADE MOVEL BANGU,0.0,28.95,54.75,1.39,,0.12,,,50.45,,11.0,-22.87140046,-43.45942235
2016-12-18 11:30:00,UNIDADE MOVEL BANGU,0.0,30.33,48.32,2.97,,0.14,,,75.02,,7.0,-22.87140046,-43.45942235
2016-12-18 12:30:00,UNIDADE MOVEL BANGU,0.0,31.45,46.08,7.87,,0.2,,,82.17,,4.0,-22.87140046,-43.45942235
2016-12-18 13:30:00,UNIDADE MOVEL BANGU,0.0,31.98,45.6,11.29,,0.14,,,86.79,,3.0,-22.87140046,-43.45942235
2016-12-18 14:30:00,UNIDADE MOVEL BANGU,0.0,32.07,46.52,11.6,,0.11,,,74.55,,8.0,-22.87140046,-43.45942235
2016-12-18 15:30:00,UNIDADE MOVEL BANGU,4.0,26.28,71.35,8.19,,0.11,,,50.89,,5.0,-22.87140046,-43.45942235
2016-12-18 16:30:00,UNIDADE MOVEL BANGU,1.0,22.02,86.53,5.04,,0.14,,,29.9,,0.0,-22.87140046,-43.45942235
2016-12-18 17:30:00,UNIDADE MOVEL BANGU,0.0,22.67,86.9,4.17,,0.39,,,15.65,,0.0,-22.87140046,-43.45942235
2016-12-18 18:30:00,UNIDADE MOVEL BANGU,0.0,24.13,79.45,3.98,,0.24,,,11.76,,16.0,-22.87140046,-43.45942235
2016-12-18 19:30:00,UNIDADE MOVEL BANGU,0.0,24.15,80.23,3.76,,0.55,,,5.47,,8.0,-22.87140046,-43.45942235
2016-12-18 20:30:00,UNIDADE MOVEL BANGU,0.0,24.02,80.12,3.84,,0.44,,,2.14,,10.0,-22.87140046,-43.45942235
2016-12-18 21:30:00,UNIDADE MOVEL BANGU,0.0,23.95,79.13,3.35,,0.36,,,3.49,,8.0,-22.87140046,-43.45942235
2016-12-18 22:30:00,UNIDADE MOVEL BANGU,0.0,23.4,81.98,3.18,,0.24,,,3.64,,11.0,-22.87140046,-43.45942235
2016-12-18 23:30:00,UNIDADE MOVEL BANGU,0.0,22.75,84.2,2.035,,0.36,,,1.15,,7.0,-22.87140046,-43.45942235
2016-12-19 00:30:00,UNIDADE MOVEL BANGU,0.0,22.42,85.77,0.89,,0.26,,,0.0,,5.0,-22.87140046,-43.45942235
2016-12-19 01:30:00,UNIDADE MOVEL BANGU,0.0,22.03,88.18,0.74,,0.25,,,0.0,,3.0,-22.87140046,-43.45942235
2016-12-19 02:30:00,UNIDADE MOVEL BANGU,0.0,22.13,86.92,0.92,,0.14,,,0.1,,7.0,-22.87140046,-43.45942235
2016-12-19 03:30:00,UNIDADE MOVEL BANGU,0.0,21.83,87.78,0.62,,0.15,,,0.0,,4.0,-22.87140046,-43.45942235
2016-12-19 04:30:00,UNIDADE MOVEL BANGU,0.0,21.67,87.87,0.66,,0.21,,,0.0,,3.0,-22.87140046,-43.45942235
2016-12-19 05:30:00,UNIDADE MOVEL BANGU,0.0,21.35,89.62,1.5,,0.43,,,0.0,,6.0,-22.87140046,-43.45942235
2016-12-19 06:30:00,UNIDADE MOVEL BANGU,0.0,22.58,83.7,1.32,,0.6,,,2.86,,5.0,-22.87140046,-43.45942235
2016-12-19 07:30:00,UNIDADE MOVEL BANGU,0.0,25.13,70.8,1.27,,0.47,,,7.95,,4.0,-22.87140046,-43.45942235
2016-12-19 08:30:00,UNIDADE MOVEL BANGU,0.0,27.53,61.33,1.19,,0.29,,,10.27,,10.0,-22.87140046,-43.45942235
2016-12-19 09:30:00,UNIDADE MOVEL BANGU,0.0,29.72,50.42,2.34,,0.13,,,19.84,,7.0,-22.87140046,-43.45942235
2016-12-19 10:30:00,UNIDADE MOVEL BANGU,0.0,30.68,46.35,7.89,,0.01,,,39.41,,20.0,-22.87140046,-43.45942235
2016-12-19 11:30:00,UNIDADE MOVEL BANGU,0.0,32.03,42.53,9.74,,0.06,,,58.62,,11.0,-22.87140046,-43.45942235
2016-12-19 12:30:00,UNIDADE MOVEL BANGU,0.0,32.85,39.75,19.89,,0.08,,,65.92,,6.0,-22.87140046,-43.45942235
2016-12-19 13:30:00,UNIDADE MOVEL BANGU,0.0,34.12,36.3,21.07,,0.02,,,64.34,,2.0,-22.87140046,-43.45942235
2016-12-19 14:30:00,UNIDADE MOVEL BANGU,0.0,34.6,34.4,22.88,,0.06,,,72.11,,4.0,-22.87140046,-43.45942235
2016-12-19 15:30:00,UNIDADE MOVEL BANGU,0.0,34.7,32.7,23.75,,0.03,,,67.23,,10.0,-22.87140046,-43.45942235
2016-12-19 16:30:00,UNIDADE MOVEL BANGU,0.0,34.08,34.58,19.09,,0.05,,,67.4,,8.0,-22.87140046,-43.45942235
2016-12-19 17:30:00,UNIDADE MOVEL BANGU,0.0,32.6,42.78,13.27,,0.12,,,59.18,,1.0,-22.87140046,-43.45942235
2016-12-19 18:30:00,UNIDADE MOVEL BANGU,0.0,30.63,54.68,11.68,,0.17,,,28.47,,0.0,-22.87140046,-43.45942235
2016-12-19 19:30:00,UNIDADE MOVEL BANGU,0.0,28.9,59.85,10.57,,0.08,,,15.19,,2.0,-22.87140046,-43.45942235
2016-12-19 20:30:00,UNIDADE MOVEL BANGU,0.0,27.97,62.68,9.87,,0.11,,,8.76,,3.0,-22.87140046,-43.45942235
2016-12-19 21:30:00,UNIDADE MOVEL BANGU,0.0,27.32,64.02,9.72,,0.16,,,3.01,,12.0,-22.87140046,-43.45942235
2016-12-19 22:30:00,UNIDADE MOVEL BANGU,0.0,26.65,65.27,8.76,,0.1,,,0.57,,7.0,-22.87140046,-43.45942235
2016-12-19 23:30:00,UNIDADE MOVEL BANGU,0.0,26.13,66.85,4.755,,0.12,,,0.0,,10.0,-22.87140046,-43.45942235
2016-12-20 00:30:00,UNIDADE MOVEL BANGU,0.0,25.45,70.17,0.75,,0.13,,,0.0,,6.0,-22.87140046,-43.45942235
2016-12-20 01:30:00,UNIDADE MOVEL BANGU,0.0,24.93,71.93,0.41,,0.09,,,3.03,,6.0,-22.87140046,-43.45942235
2016-12-20 02:30:00,UNIDADE MOVEL BANGU,0.0,24.17,75.13,0.0,,0.09,,,3.67,,8.0,-22.87140046,-43.45942235
2016-12-20 03:30:00,UNIDADE MOVEL BANGU,0.0,24.12,75.7,0.0,,0.09,,,1.71,,5.0,-22.87140046,-43.45942235
2016-12-20 04:30:00,UNIDADE MOVEL BANGU,0.0,24.35,70.75,0.1,,0.09,,,3.61,,4.0,-22.87140046,-43.45942235
2016-12-20 05:30:00,UNIDADE MOVEL BANGU,0.0,24.9,63.82,0.12,,0.1,,,14.11,,6.0,-22.87140046,-43.45942235
2016-12-20 06:30:00,UNIDADE MOVEL BANGU,0.0,25.28,65.85,0.44,,0.33,,,4.3,,5.0,-22.87140046,-43.45942235
2016-12-20 07:30:00,UNIDADE MOVEL BANGU,0.0,27.62,57.45,1.01,,0.47,,,5.84,,10.0,-22.87140046,-43.45942235
2016-12-20 08:30:00,UNIDADE MOVEL BANGU,0.0,29.42,50.12,1.14,,0.22,,,20.01,,11.0,-22.87140046,-43.45942235
2016-12-20 09:30:00,UNIDADE MOVEL BANGU,0.0,30.85,43.22,1.17,,0.09,,,55.02,,6.0,-22.87140046,-43.45942235
2016-12-20 10:30:00,UNIDADE MOVEL BANGU,0.0,31.37,40.6,1.68,,0.08,,,68.4,,9.0,-22.87140046,-43.45942235
2016-12-20 11:30:00,UNIDADE MOVEL BANGU,0.0,33.08,38.38,6.47,,0.09,,,95.82,,2.0,-22.87140046,-43.45942235
2016-12-20 12:30:00,UNIDADE MOVEL BANGU,0.0,34.13,34.3,13.53,,0.12,,,102.23,,3.0,-22.87140046,-43.45942235
2016-12-20 13:30:00,UNIDADE MOVEL BANGU,0.0,35.08,30.97,15.58,,0.09,,,80.85,,13.0,-22.87140046,-43.45942235
2016-12-20 14:30:00,UNIDADE MOVEL BANGU,0.0,36.1,28.6,20.07,,0.06,,,79.43,,8.0,-22.87140046,-43.45942235
2016-12-20 15:30:00,UNIDADE MOVEL BANGU,0.0,36.25,29.87,19.63,,0.15,,,106.75,,1.0,-22.87140046,-43.45942235
2016-12-20 16:30:00,UNIDADE MOVEL BANGU,0.0,35.55,30.9,19.41,,0.31,,,94.03,,15.0,-22.87140046,-43.45942235
2016-12-20 17:30:00,UNIDADE MOVEL BANGU,0.0,34.2,32.68,8.58,,0.36,,,68.61,,6.0,-22.87140046,-43.45942235
2016-12-20 18:30:00,UNIDADE MOVEL BANGU,0.0,32.87,42.65,3.59,,0.28,,,49.87,,0.0,-22.87140046,-43.45942235
2016-12-20 19:30:00,UNIDADE MOVEL BANGU,0.0,31.0,51.77,2.57,,0.27,,,17.73,,4.0,-22.87140046,-43.45942235
2016-12-20 20:30:00,UNIDADE MOVEL BANGU,0.0,29.48,57.32,1.76,,0.21,,,10.31,,4.0,-22.87140046,-43.45942235
2016-12-20 21:30:00,UNIDADE MOVEL BANGU,0.0,28.68,60.12,1.56,,0.21,,,4.0,,3.0,-22.87140046,-43.45942235
2016-12-20 22:30:00,UNIDADE MOVEL BANGU,0.0,28.02,61.27,1.43,,0.22,,,4.13,,7.0,-22.87140046,-43.45942235
2016-12-20 23:30:00,UNIDADE MOVEL BANGU,0.0,27.02,65.22,1.1099999999999999,,0.22,,,0.06,,8.0,-22.87140046,-43.45942235
2016-12-21 00:30:00,UNIDADE MOVEL BANGU,0.0,26.45,66.37,0.79,,0.25,,,0.0,,9.0,-22.87140046,-43.45942235
2016-12-21 01:30:00,UNIDADE MOVEL BANGU,0.0,25.85,67.78,0.1,,0.17,,,0.0,,10.0,-22.87140046,-43.45942235
2016-12-21 02:30:00,UNIDADE MOVEL BANGU,0.0,25.63,69.25,0.51,,0.18,,,0.0,,10.0,-22.87140046,-43.45942235
2016-12-21 03:30:00,UNIDADE MOVEL BANGU,0.0,25.58,61.82,0.42,,0.08,,,9.03,,8.0,-22.87140046,-43.45942235
2016-12-21 04:30:00,UNIDADE MOVEL BANGU,0.0,25.33,60.65,0.16,,0.1,,,5.94,,7.0,-22.87140046,-43.45942235
2016-12-21 05:30:00,UNIDADE MOVEL BANGU,0.0,24.9,61.37,0.27,,0.19,,,1.15,,3.0,-22.87140046,-43.45942235
2016-12-21 06:30:00,UNIDADE MOVEL BANGU,0.0,26.1,57.2,0.36,,0.22,,,8.87,,7.0,-22.87140046,-43.45942235
2016-12-21 07:30:00,UNIDADE MOVEL BANGU,0.0,27.67,52.02,0.07,,0.1,,,27.58,,7.0,-22.87140046,-43.45942235
2016-12-21 08:30:00,UNIDADE MOVEL BANGU,0.0,30.15,44.52,0.0,,0.07,,,39.92,,4.0,-22.87140046,-43.45942235
2016-12-21 09:30:00,UNIDADE MOVEL BANGU,0.0,32.07,38.62,0.97,,0.1,,,52.49,,2.0,-22.87140046,-43.45942235
2016-12-21 10:30:00,UNIDADE MOVEL BANGU,0.0,32.85,37.48,7.87,,0.1,,,76.6,,12.0,-22.87140046,-43.45942235
2016-12-21 11:30:00,UNIDADE MOVEL BANGU,0.0,33.43,33.35,12.77,,0.15,,,66.93,,8.0,-22.87140046,-43.45942235
2016-12-21 12:30:00,UNIDADE MOVEL BANGU,0.0,34.72,30.13,18.83,,0.06,,,56.25,,5.0,-22.87140046,-43.45942235
2016-12-21 13:30:00,UNIDADE MOVEL BANGU,0.0,35.25,30.13,,,,,,,,2.0,-22.87140046,-43.45942235
2016-12-21 14:30:00,UNIDADE MOVEL BANGU,0.0,35.78,29.42,,,,,,,,11.0,-22.87140046,-43.45942235
2016-12-21 15:30:00,UNIDADE MOVEL BANGU,0.0,34.98,34.17,,,,,,,,11.0,-22.87140046,-43.45942235
2016-12-21 16:30:00,UNIDADE MOVEL BANGU,0.0,34.62,35.9,,,,,,,,32.0,-22.87140046,-43.45942235
2016-12-21 17:30:00,UNIDADE MOVEL BANGU,0.0,33.0,38.97,,,,,,,,33.0,-22.87140046,-43.45942235
2016-12-21 18:30:00,UNIDADE MOVEL BANGU,0.0,31.38,43.5,,,,,,,,10.0,-22.87140046,-43.45942235
2016-12-21 19:30:00,UNIDADE MOVEL BANGU,0.0,30.03,50.98,,,,,,,,8.0,-22.87140046,-43.45942235
2016-12-21 20:30:00,UNIDADE MOVEL BANGU,0.0,25.05,70.05,,,,,,,,17.0,-22.87140046,-43.45942235
2016-12-21 21:30:00,UNIDADE MOVEL BANGU,1.0,23.814999999999998,74.715,,,,,,,,8.5,-22.87140046,-43.45942235
2016-12-21 22:30:00,UNIDADE MOVEL BANGU,9.0,22.58,79.38,,,,,,,,0.0,-22.87140046,-43.45942235
2016-12-21 23:30:00,UNIDADE MOVEL BANGU,0.0,23.18,74.23,,,,,,,,0.0,-22.87140046,-43.45942235
2016-12-22 00:30:00,UNIDADE MOVEL BANGU,0.0,22.87,75.82,,,,,,,,0.0,-22.87140046,-43.45942235
2016-12-22 01:30:00,UNIDADE MOVEL BANGU,0.0,22.93,79.88,,,,,,,,2.0,-22.87140046,-43.45942235
2016-12-22 02:30:00,UNIDADE MOVEL BANGU,0.0,22.93,80.62,,,,,,,,7.0,-22.87140046,-43.45942235
2016-12-22 03:30:00,UNIDADE MOVEL BANGU,0.0,22.82,80.73,,,,,,,,4.0,-22.87140046,-43.45942235
2016-12-22 04:30:00,UNIDADE MOVEL BANGU,0.0,22.82,81.4,,,,,,,,0.0,-22.87140046,-43.45942235
2016-12-22 05:30:00,UNIDADE MOVEL BANGU,0.0,22.9,81.33,,,,,,,,10.0,-22.87140046,-43.45942235
2016-12-22 06:30:00,UNIDADE MOVEL BANGU,0.0,24.0,76.3,,,,,,,,10.0,-22.87140046,-43.45942235
2016-12-22 07:30:00,UNIDADE MOVEL BANGU,0.0,26.05,67.77,,,,,,,,8.0,-22.87140046,-43.45942235
2016-12-22 08:30:00,UNIDADE MOVEL BANGU,0.0,28.75,57.18,,,,,,,,23.0,-22.87140046,-43.45942235
2016-12-22 09:30:00,UNIDADE MOVEL BANGU,0.0,30.55,51.33,,,,,,,,43.0,-22.87140046,-43.45942235
2016-12-22 10:30:00,UNIDADE MOVEL BANGU,0.0,32.7,45.1,,,,,,,,32.0,-22.87140046,-43.45942235
2016-12-22 11:30:00,UNIDADE MOVEL BANGU,0.0,33.83,41.85,,,,,,,,34.0,-22.87140046,-43.45942235
2016-12-22 12:30:00,UNIDADE MOVEL BANGU,0.0,35.0,38.72,,,,,,,,41.0,-22.87140046,-43.45942235
2016-12-22 13:30:00,UNIDADE MOVEL BANGU,0.0,35.92,36.28,,,,,,,,48.0,-22.87140046,-43.45942235
2016-12-22 14:30:00,UNIDADE MOVEL BANGU,0.0,35.87,36.7,,,,,,,,40.0,-22.87140046,-43.45942235
2016-12-22 15:30:00,UNIDADE MOVEL BANGU,0.0,36.03,39.2,,,,,,,,26.666666666666668,-22.87140046,-43.45942235
2016-12-22 16:30:00,UNIDADE MOVEL BANGU,0.0,34.03,41.48,,,,,,,,13.333333333333336,-22.87140046,-43.45942235
2016-12-22 17:30:00,UNIDADE MOVEL BANGU,0.0,31.97,45.92,,,,,,,,0.0,-22.87140046,-43.45942235
2016-12-22 18:30:00,UNIDADE MOVEL BANGU,0.0,28.18,55.77,,,,,,,,5.0,-22.87140046,-43.45942235
2016-12-22 19:30:00,UNIDADE MOVEL BANGU,0.0,27.47,60.17,,,,,,,,2.0,-22.87140046,-43.45942235
2016-12-22 20:30:00,UNIDADE MOVEL BANGU,0.0,27.23,62.45,,,,,,,,0.0,-22.87140046,-43.45942235
2016-12-22 21:30:00,UNIDADE MOVEL BANGU,0.0,26.48,72.43,,,,,,,,26.0,-22.87140046,-43.45942235
2016-12-22 22:30:00,UNIDADE MOVEL BANGU,0.0,25.88,69.22,,,,,,,,37.0,-22.87140046,-43.45942235
2016-12-22 23:30:00,UNIDADE MOVEL BANGU,0.0,25.27,70.58,,,,,,,,27.0,-22.87140046,-43.45942235
2016-12-23 00:30:00,UNIDADE MOVEL BANGU,0.0,24.82,72.28,,,,,,,,22.0,-22.87140046,-43.45942235
2016-12-23 01:30:00,UNIDADE MOVEL BANGU,0.0,24.57,73.5,,,,,,,,20.0,-22.87140046,-43.45942235
2016-12-23 02:30:00,UNIDADE MOVEL BANGU,0.0,24.48,73.42,,,,,,,,18.0,-22.87140046,-43.45942235
2016-12-23 03:30:00,UNIDADE MOVEL BANGU,0.0,24.35,73.38,,,,,,,,19.0,-22.87140046,-43.45942235
2016-12-23 04:30:00,UNIDADE MOVEL BANGU,0.0,24.33,71.75,,,,,,,,16.0,-22.87140046,-43.45942235
2016-12-23 05:30:00,UNIDADE MOVEL BANGU,0.0,24.15,73.3,,,,,,,,17.0,-22.87140046,-43.45942235
2016-12-23 06:30:00,UNIDADE MOVEL BANGU,0.0,24.8,74.88,,,,,,,,17.0,-22.87140046,-43.45942235
2016-12-23 07:30:00,UNIDADE MOVEL BANGU,0.0,25.52,74.68,,,,,,,,17.0,-22.87140046,-43.45942235
2016-12-23 08:30:00,UNIDADE MOVEL BANGU,0.0,28.23,61.5,,,,,,,,27.0,-22.87140046,-43.45942235
2016-12-23 09:30:00,UNIDADE MOVEL BANGU,0.0,29.77,54.02,,,,,,,,30.0,-22.87140046,-43.45942235
2016-12-23 10:30:00,UNIDADE MOVEL BANGU,0.0,32.55,45.22,,,,,,,,37.0,-22.87140046,-43.45942235
2016-12-23 11:30:00,UNIDADE MOVEL BANGU,0.0,34.28,41.35,,,,,,,,47.0,-22.87140046,-43.45942235
2016-12-23 12:30:00,UNIDADE MOVEL BANGU,0.0,35.3,39.6,,,,,,,,31.0,-22.87140046,-43.45942235
2016-12-23 13:30:00,UNIDADE MOVEL BANGU,0.0,36.22,37.72,,,,,,,,20.666666666666668,-22.87140046,-43.45942235
2016-12-23 14:30:00,UNIDADE MOVEL BANGU,0.0,35.68,40.53,,,,,,165.16,,10.333333333333336,-22.87140046,-43.45942235
2016-12-23 15:30:00,UNIDADE MOVEL BANGU,0.0,35.35,41.97,,,,,,188.17,,0.0,-22.87140046,-43.45942235
2016-12-23 16:30:00,UNIDADE MOVEL BANGU,0.0,35.58,41.15,,,,,,193.0,,7.0,-22.87140046,-43.45942235
2016-12-23 17:30:00,UNIDADE MOVEL BANGU,0.0,34.13,44.43,,,,,,200.28,,11.0,-22.87140046,-43.45942235
2016-12-23 18:30:00,UNIDADE MOVEL BANGU,0.0,31.57,49.27,,,,,,126.0,,15.0,-22.87140046,-43.45942235
2016-12-23 19:30:00,UNIDADE MOVEL BANGU,0.0,27.45,53.85,,,,,,75.85,,28.0,-22.87140046,-43.45942235
2016-12-23 20:30:00,UNIDADE MOVEL BANGU,0.0,26.92,55.35,,,,,,58.62,,0.0,-22.87140046,-43.45942235
2016-12-23 21:30:00,UNIDADE MOVEL BANGU,0.0,27.43,48.03,,,,,,58.99,,15.0,-22.87140046,-43.45942235
2016-12-23 22:30:00,UNIDADE MOVEL BANGU,0.0,27.77,45.17,,,,,,38.15,,12.0,-22.87140046,-43.45942235
2016-12-23 23:30:00,UNIDADE MOVEL BANGU,0.0,27.08,48.48,,,,,,45.57,,23.0,-22.87140046,-43.45942235
2016-12-24 00:30:00,UNIDADE MOVEL BANGU,0.0,26.35,53.13,,,,,,50.22,,8.0,-22.87140046,-43.45942235
2016-12-24 01:30:00,UNIDADE MOVEL BANGU,0.0,27.03,49.33,,,,,,52.72,,11.0,-22.87140046,-43.45942235
2016-12-24 02:30:00,UNIDADE MOVEL BANGU,0.0,26.42,53.4,,,,,,51.93,,7.0,-22.87140046,-43.45942235
2016-12-24 03:30:00,UNIDADE MOVEL BANGU,0.0,25.8,57.93,,,,,,39.22,,7.0,-22.87140046,-43.45942235
2016-12-24 04:30:00,UNIDADE MOVEL BANGU,0.0,25.87,59.12,,,,,,29.9,,5.0,-22.87140046,-43.45942235
2016-12-24 05:30:00,UNIDADE MOVEL BANGU,0.0,25.87,59.47,,,,,,24.27,,0.0,-22.87140046,-43.45942235
2016-12-24 06:30:00,UNIDADE MOVEL BANGU,0.0,26.48,57.93,,,,,,23.76,,1.0,-22.87140046,-43.45942235
2016-12-24 07:30:00,UNIDADE MOVEL BANGU,0.0,27.6,54.43,,,,,,36.34,,2.0,-22.87140046,-43.45942235
2016-12-24 08:30:00,UNIDADE MOVEL BANGU,0.0,29.17,50.12,,,,,,41.43,,6.0,-22.87140046,-43.45942235
2016-12-24 09:30:00,UNIDADE MOVEL BANGU,0.0,30.55,43.33,,,,,,68.946,,11.0,-22.87140046,-43.45942235
2016-12-24 10:30:00,UNIDADE MOVEL BANGU,0.0,31.92,40.77,,,,,,96.46199999999999,,19.0,-22.87140046,-43.45942235
2016-12-24 11:30:00,UNIDADE MOVEL BANGU,0.0,33.47,38.52,,,,,,123.97799999999998,,20.0,-22.87140046,-43.45942235
2016-12-24 12:30:00,UNIDADE MOVEL BANGU,0.0,34.9,35.85,,,,,,151.49399999999997,,11.0,-22.87140046,-43.45942235
2016-12-24 13:30:00,UNIDADE MOVEL BANGU,0.0,34.65,37.65,0.0,,,,,179.01,,0.0,-22.87140046,-43.45942235
2016-12-24 14:30:00,UNIDADE MOVEL BANGU,0.0,36.13,34.52,0.0,,,,,200.78,,0.0,-22.87140046,-43.45942235
2016-12-24 15:30:00,UNIDADE MOVEL BANGU,0.0,35.53,36.42,0.0,,,,,160.98,,0.0,-22.87140046,-43.45942235
2016-12-24 16:30:00,UNIDADE MOVEL BANGU,0.0,34.3,37.72,0.0,,,,,127.02,,4.0,-22.87140046,-43.45942235
2016-12-24 17:30:00,UNIDADE MOVEL BANGU,0.0,32.2,38.3,0.0,,,,,99.07,,2.0,-22.87140046,-43.45942235
2016-12-24 18:30:00,UNIDADE MOVEL BANGU,0.0,30.37,42.95,0.0,,,,,82.38,,2.0,-22.87140046,-43.45942235
2016-12-24 19:30:00,UNIDADE MOVEL BANGU,0.0,28.37,56.67,0.0,,,,,56.15,,1.0,-22.87140046,-43.45942235
2016-12-24 20:30:00,UNIDADE MOVEL BANGU,0.0,28.15,56.2,0.0,,,,,50.95,,0.0,-22.87140046,-43.45942235
2016-12-24 21:30:00,UNIDADE MOVEL BANGU,0.0,28.08,57.13,0.0,,,,,31.63,,10.0,-22.87140046,-43.45942235
2016-12-24 22:30:00,UNIDADE MOVEL BANGU,0.0,27.43,61.83,0.0,,,,,23.34,,32.0,-22.87140046,-43.45942235
2016-12-24 23:30:00,UNIDADE MOVEL BANGU,0.0,27.12,63.93,1.87,,,,,28.04,,43.0,-22.87140046,-43.45942235
2016-12-25 00:30:00,UNIDADE MOVEL BANGU,0.0,27.18,57.93,3.74,,,,,57.53,,57.0,-22.87140046,-43.45942235
2016-12-25 01:30:00,UNIDADE MOVEL BANGU,0.0,26.53,58.92,3.59,,,,,49.32,,17.0,-22.87140046,-43.45942235
2016-12-25 02:30:00,UNIDADE MOVEL BANGU,0.0,25.87,60.02,2.13,,,,,44.87,,6.0,-22.87140046,-43.45942235
2016-12-25 03:30:00,UNIDADE MOVEL BANGU,0.0,25.73,58.2,1.3,,,,,50.95,,3.0,-22.87140046,-43.45942235
2016-12-25 04:30:00,UNIDADE MOVEL BANGU,0.0,25.57,58.32,0.86,,,,,47.38,,8.0,-22.87140046,-43.45942235
2016-12-25 05:30:00,UNIDADE MOVEL BANGU,0.0,25.62,58.22,0.96,,,,,41.24,,6.0,-22.87140046,-43.45942235
2016-12-25 06:30:00,UNIDADE MOVEL BANGU,0.0,26.27,56.6,0.58,,,,,42.81,,3.0,-22.87140046,-43.45942235
2016-12-25 07:30:00,UNIDADE MOVEL BANGU,0.0,28.07,52.43,0.32,,,,,52.78,,1.0,-22.87140046,-43.45942235
2016-12-25 08:30:00,UNIDADE MOVEL BANGU,0.0,29.75,51.8,0.56,,,,,75.17,,10.0,-22.87140046,-43.45942235
2016-12-25 09:30:00,UNIDADE MOVEL BANGU,0.0,31.57,48.65,1.75,,,,,100.95,,22.0,-22.87140046,-43.45942235
2016-12-25 10:30:00,UNIDADE MOVEL BANGU,0.0,32.87,49.07,4.23,,,,,105.84,,24.0,-22.87140046,-43.45942235
2016-12-25 11:30:00,UNIDADE MOVEL BANGU,0.0,32.27,50.18,0.69,,,,,96.79,,4.0,-22.87140046,-43.45942235
2016-12-25 12:30:00,UNIDADE MOVEL BANGU,0.0,32.93,47.68,1.9,,,,,100.01,,3.0,-22.87140046,-43.45942235
2016-12-25 13:30:00,UNIDADE MOVEL BANGU,0.0,32.83,46.55,2.21,,,,,104.7,,5.0,-22.87140046,-43.45942235
2016-12-25 14:30:00,UNIDADE MOVEL BANGU,0.0,33.37,42.62,2.78,,,,,99.9,,10.0,-22.87140046,-43.45942235
2016-12-25 15:30:00,UNIDADE MOVEL BANGU,0.0,32.85,43.75,3.83,,,,,90.91,,5.0,-22.87140046,-43.45942235
2016-12-25 16:30:00,UNIDADE MOVEL BANGU,0.0,32.38,43.27,4.47,,,,,78.67,,2.0,-22.87140046,-43.45942235
2016-12-25 17:30:00,UNIDADE MOVEL BANGU,0.0,30.83,45.38,4.44,,,,,76.65,,1.0,-22.87140046,-43.45942235
2016-12-25 18:30:00,UNIDADE MOVEL BANGU,0.0,29.28,49.9,4.11,,,,,74.45,,0.0,-22.87140046,-43.45942235
2016-12-25 19:30:00,UNIDADE MOVEL BANGU,0.0,28.08,50.27,3.02,,,,,71.49,,3.0,-22.87140046,-43.45942235
2016-12-25 20:30:00,UNIDADE MOVEL BANGU,0.0,27.52,51.77,2.94,,,,,58.75,,2.0,-22.87140046,-43.45942235
2016-12-25 21:30:00,UNIDADE MOVEL BANGU,0.0,26.97,56.1,2.9,,,,,42.48,,2.0,-22.87140046,-43.45942235
2016-12-25 22:30:00,UNIDADE MOVEL BANGU,0.0,26.3,57.97,2.42,,,,,43.33,,4.0,-22.87140046,-43.45942235
2016-12-25 23:30:00,UNIDADE MOVEL BANGU,0.0,26.13,58.97,1.48,,,,,41.49,,7.0,-22.87140046,-43.45942235
2016-12-26 00:30:00,UNIDADE MOVEL BANGU,0.0,25.92,60.83,0.54,,,,,34.14,,9.0,-22.87140046,-43.45942235
2016-12-26 01:30:00,UNIDADE MOVEL BANGU,0.0,25.63,62.33,0.39,,,,,28.91,,15.0,-22.87140046,-43.45942235
2016-12-26 02:30:00,UNIDADE MOVEL BANGU,0.0,25.53,64.08,0.48,,,,,31.35,,16.0,-22.87140046,-43.45942235
2016-12-26 03:30:00,UNIDADE MOVEL BANGU,0.0,25.2,68.77,0.58,,,,,26.37,,23.0,-22.87140046,-43.45942235
2016-12-26 04:30:00,UNIDADE MOVEL BANGU,0.0,25.0,71.02,0.62,,,,,23.0,,34.0,-22.87140046,-43.45942235
2016-12-26 05:30:00,UNIDADE MOVEL BANGU,0.0,24.88,69.5,0.85,,,,,7.76,,30.0,-22.87140046,-43.45942235
2016-12-26 06:30:00,UNIDADE MOVEL BANGU,0.0,25.47,68.25,0.68,,,,,16.57,,24.0,-22.87140046,-43.45942235
2016-12-26 07:30:00,UNIDADE MOVEL BANGU,0.0,27.18,63.58,0.5,,,,,35.61,,26.0,-22.87140046,-43.45942235
2016-12-26 08:30:00,UNIDADE MOVEL BANGU,0.0,30.4,52.95,1.77,,,,,42.46,,34.0,-22.87140046,-43.45942235
2016-12-26 09:30:00,UNIDADE MOVEL BANGU,0.0,32.27,47.33,4.38,,,,,81.59,,27.0,-22.87140046,-43.45942235
2016-12-26 10:30:00,UNIDADE MOVEL BANGU,0.0,33.45,43.5,4.3,,,,,115.14,,31.0,-22.87140046,-43.45942235
2016-12-26 11:30:00,UNIDADE MOVEL BANGU,0.0,34.88,39.2,3.35,,,,,130.95,,13.0,-22.87140046,-43.45942235
2016-12-26 12:30:00,UNIDADE MOVEL BANGU,0.0,36.17,36.3,2.89,,,,,148.23,,9.0,-22.87140046,-43.45942235
2016-12-26 13:30:00,UNIDADE MOVEL BANGU,0.0,37.38,32.62,3.9,,,,,142.67,,8.0,-22.87140046,-43.45942235
2016-12-26 14:30:00,UNIDADE MOVEL BANGU,0.0,38.35,32.15,4.35,,0.0,,,157.19,,7.0,-22.87140046,-43.45942235
2016-12-26 15:30:00,UNIDADE MOVEL BANGU,0.0,37.53,33.97,4.71,,0.0,,,179.53,,8.0,-22.87140046,-43.45942235
2016-12-26 16:30:00,UNIDADE MOVEL BANGU,0.0,36.68,36.75,12.66,,0.09,,,164.01,,11.0,-22.87140046,-43.45942235
2016-12-26 17:30:00,UNIDADE MOVEL BANGU,0.0,35.07,39.32,7.06,,0.18,,,161.97,,24.0,-22.87140046,-43.45942235
2016-12-26 18:30:00,UNIDADE MOVEL BANGU,0.0,33.52,42.62,1.78,,0.13,,,130.69,,10.0,-22.87140046,-43.45942235
2016-12-26 19:30:00,UNIDADE MOVEL BANGU,0.0,31.93,47.32,1.01,,0.23,,,67.91,,6.0,-22.87140046,-43.45942235
2016-12-26 20:30:00,UNIDADE MOVEL BANGU,0.0,31.42,49.78,0.8,,0.26,,,46.2,,7.0,-22.87140046,-43.45942235
2016-12-26 21:30:00,UNIDADE MOVEL BANGU,0.0,30.98,56.3,0.66,,0.33,,,23.71,,12.0,-22.87140046,-43.45942235
2016-12-26 22:30:00,UNIDADE MOVEL BANGU,0.0,29.08,66.75,0.48,,0.41,,,15.39,,26.0,-22.87140046,-43.45942235
2016-12-26 23:30:00,UNIDADE MOVEL BANGU,0.0,28.73,69.1,0.595,,0.41,,,17.75,,40.0,-22.87140046,-43.45942235
2016-12-27 00:30:00,UNIDADE MOVEL BANGU,0.0,28.35,71.07,0.71,,0.52,,,16.41,,37.0,-22.87140046,-43.45942235
2016-12-27 01:30:00,UNIDADE MOVEL BANGU,0.0,28.61,63.32,1.36,,0.26,,,46.14,,40.0,-22.87140046,-43.45942235
2016-12-27 02:30:00,UNIDADE MOVEL BANGU,0.0,28.41,58.56,1.58,,0.1,,,53.36,,19.0,-22.87140046,-43.45942235
2016-12-27 03:30:00,UNIDADE MOVEL BANGU,0.0,27.8,60.13,1.24,,0.07,,,42.88,,16.0,-22.87140046,-43.45942235
2016-12-27 04:30:00,UNIDADE MOVEL BANGU,0.0,27.59,61.43,0.86,,0.07,,,29.62,,9.0,-22.87140046,-43.45942235
2016-12-27 05:30:00,UNIDADE MOVEL BANGU,0.0,27.54,62.19,0.45,,0.1,,,14.94,,14.0,-22.87140046,-43.45942235
2016-12-27 06:30:00,UNIDADE MOVEL BANGU,0.0,28.5,60.37,1.32,,0.45,,,6.05,,9.0,-22.87140046,-43.45942235
2016-12-27 07:30:00,UNIDADE MOVEL BANGU,0.0,30.92,52.77,1.54,,0.36,,,21.19,,11.0,-22.87140046,-43.45942235
2016-12-27 08:30:00,UNIDADE MOVEL BANGU,0.0,33.71,42.98,1.31,,0.23,,,52.01,,12.0,-22.87140046,-43.45942235
2016-12-27 09:30:00,UNIDADE MOVEL BANGU,0.0,35.82,36.01,2.85,,0.1,,,85.41,,24.0,-22.87140046,-43.45942235
2016-12-27 10:30:00,UNIDADE MOVEL BANGU,0.0,37.33,32.68,3.33,,0.07,,,101.06,,13.0,-22.87140046,-43.45942235
2016-12-27 11:30:00,UNIDADE MOVEL BANGU,0.0,37.85,31.21,6.05,,0.04,,,89.74,,10.0,-22.87140046,-43.45942235
2016-12-27 12:30:00,UNIDADE MOVEL BANGU,0.0,38.95,28.91,14.68,,0.03,,,98.5,,12.0,-22.87140046,-43.45942235
2016-12-27 13:30:00,UNIDADE MOVEL BANGU,0.0,39.73,25.4,12.61,,0.01,,,91.12,,14.0,-22.87140046,-43.45942235
2016-12-27 14:30:00,UNIDADE MOVEL BANGU,0.0,40.07,24.18,11.36,,0.01,,,91.95,,7.0,-22.87140046,-43.45942235
2016-12-27 15:30:00,UNIDADE MOVEL BANGU,0.0,40.37,24.56,11.82,,0.08,,,99.81,,0.0,-22.87140046,-43.45942235
2016-12-27 16:30:00,UNIDADE MOVEL BANGU,0.0,38.82,29.59,10.22,,0.03,,,116.02,,4.0,-22.87140046,-43.45942235
2016-12-27 17:30:00,UNIDADE MOVEL BANGU,0.0,36.26,33.91,8.81,,0.08,,,119.33,,2.0,-22.87140046,-43.45942235
2016-12-27 18:30:00,UNIDADE MOVEL BANGU,0.0,35.32,33.0,7.88,,0.05,,,119.06,,0.0,-22.87140046,-43.45942235
2016-12-27 19:30:00,UNIDADE MOVEL BANGU,0.0,34.26,35.14,6.3,,0.08,,,102.55,,0.0,-22.87140046,-43.45942235
2016-12-27 20:30:00,UNIDADE MOVEL BANGU,0.0,33.23,39.1,5.22,,0.18,,,70.83,,2.0,-22.87140046,-43.45942235
2016-12-27 21:30:00,UNIDADE MOVEL BANGU,0.0,31.69,45.42,4.13,,0.25,,,42.44,,3.0,-22.87140046,-43.45942235
2016-12-27 22:30:00,UNIDADE MOVEL BANGU,0.0,31.0,50.84,4.08,,0.48,,,29.44,,12.0,-22.87140046,-43.45942235
2016-12-27 23:30:00,UNIDADE MOVEL BANGU,0.0,30.26,58.45,3.31,,0.38,,,17.27,,25.0,-22.87140046,-43.45942235
2016-12-28 00:30:00,UNIDADE MOVEL BANGU,0.0,29.57,65.37,0.56,,0.26,,,22.32,,31.0,-22.87140046,-43.45942235
2016-12-28 01:30:00,UNIDADE MOVEL BANGU,0.0,28.95,67.47,0.38,,0.22,,,33.21,,28.0,-22.87140046,-43.45942235
2016-12-28 02:30:00,UNIDADE MOVEL BANGU,0.0,29.02,60.54,0.04,,0.14,,,54.1,,15.0,-22.87140046,-43.45942235
2016-12-28 03:30:00,UNIDADE MOVEL BANGU,0.0,29.39,52.87,0.3,,0.09,,,78.06,,27.0,-22.87140046,-43.45942235
2016-12-28 04:30:00,UNIDADE MOVEL BANGU,0.0,29.02,53.67,0.38,,0.15,,,62.66,,10.0,-22.87140046,-43.45942235
2016-12-28 05:30:00,UNIDADE MOVEL BANGU,0.0,28.93,52.94,0.21,,0.35,,,32.59,,13.0,-22.87140046,-43.45942235
2016-12-28 06:30:00,UNIDADE MOVEL BANGU,0.0,29.13,49.83,0.07,,0.2,,,52.01,,13.0,-22.87140046,-43.45942235
2016-12-28 07:30:00,UNIDADE MOVEL BANGU,0.0,30.04,48.2,0.01,,0.13,,,52.72,,18.0,-22.87140046,-43.45942235
2016-12-28 08:30:00,UNIDADE MOVEL BANGU,0.0,32.09,43.18,0.0,,0.12,,,62.41,,17.0,-22.87140046,-43.45942235
2016-12-28 09:30:00,UNIDADE MOVEL BANGU,0.0,34.83,36.86,0.26,,0.09,,,77.15,,20.0,-22.87140046,-43.45942235
2016-12-28 10:30:00,UNIDADE MOVEL BANGU,0.0,36.52,33.24,1.96,,0.08,,,88.31,,13.0,-22.87140046,-43.45942235
2016-12-28 11:30:00,UNIDADE MOVEL BANGU,0.0,37.15,31.85,5.97,,0.08,,,90.83,,7.0,-22.87140046,-43.45942235
2016-12-28 12:30:00,UNIDADE MOVEL BANGU,0.0,37.5,32.47,9.47,,0.09,,,101.84,,12.0,-22.87140046,-43.45942235
2016-12-28 13:30:00,UNIDADE MOVEL BANGU,0.0,36.93,39.57,12.22,,0.11,,,135.72,,10.0,-22.87140046,-43.45942235
2016-12-28 14:30:00,UNIDADE MOVEL BANGU,0.0,36.13,39.02,18.99,,0.1,,,126.72666666666666,,23.0,-22.87140046,-43.45942235
2016-12-28 15:30:00,UNIDADE MOVEL BANGU,0.0,35.82,38.6,20.84,,0.14,,,117.73333333333333,,17.0,-22.87140046,-43.45942235
2016-12-28 16:30:00,UNIDADE MOVEL BANGU,0.0,34.68,42.13,13.19,,0.23,,,108.74,,16.0,-22.87140046,-43.45942235
2016-12-28 17:30:00,UNIDADE MOVEL BANGU,0.0,33.53,45.35,0.55,,0.22,,,102.96,,3.0,-22.87140046,-43.45942235
2016-12-28 18:30:00,UNIDADE MOVEL BANGU,0.0,31.47,54.37,0.0,,0.24,,,97.73,,0.0,-22.87140046,-43.45942235
2016-12-28 19:30:00,UNIDADE MOVEL BANGU,0.0,29.65,63.8,0.0,,0.31,,,88.09,,18.0,-22.87140046,-43.45942235
2016-12-28 20:30:00,UNIDADE MOVEL BANGU,0.0,29.02,67.28,0.0,,0.31,,,75.29,,28.0,-22.87140046,-43.45942235
2016-12-28 21:30:00,UNIDADE MOVEL BANGU,0.0,28.58,68.87,0.0,,0.3,,,70.39,,21.0,-22.87140046,-43.45942235
2016-12-28 22:30:00,UNIDADE MOVEL BANGU,0.0,28.17,71.53,0.0,,0.22,,,76.5,,30.0,-22.87140046,-43.45942235
2016-12-28 23:30:00,UNIDADE MOVEL BANGU,0.0,27.73,75.23,0.09,,0.15,,,69.91,,26.0,-22.87140046,-43.45942235
2016-12-29 00:30:00,UNIDADE MOVEL BANGU,0.0,27.42,77.92,0.18,,0.07,,,71.17,,3.0,-22.87140046,-43.45942235
2016-12-29 01:30:00,UNIDADE MOVEL BANGU,0.0,27.27,78.22,0.04,,0.06,,,75.84,,31.0,-22.87140046,-43.45942235
2016-12-29 02:30:00,UNIDADE MOVEL BANGU,0.0,27.2,77.93,0.0,,0.05,,,78.12,,24.0,-22.87140046,-43.45942235
2016-12-29 03:30:00,UNIDADE MOVEL BANGU,0.0,26.93,79.38,0.0,,0.07,,,70.26,,18.0,-22.87140046,-43.45942235
2016-12-29 04:30:00,UNIDADE MOVEL BANGU,0.0,26.82,76.78,0.0,,0.07,,,66.07,,16.0,-22.87140046,-43.45942235
2016-12-29 05:30:00,UNIDADE MOVEL BANGU,0.0,26.6,76.1,0.0,,0.14,,,53.1,,26.0,-22.87140046,-43.45942235
2016-12-29 06:30:00,UNIDADE MOVEL BANGU,0.0,27.98,71.63,0.0,,0.21,,,46.42,,20.0,-22.87140046,-43.45942235
2016-12-29 07:30:00,UNIDADE MOVEL BANGU,0.0,29.37,67.6,0.0,,0.14,,,57.22,,12.0,-22.87140046,-43.45942235
2016-12-29 08:30:00,UNIDADE MOVEL BANGU,0.0,29.98,65.48,0.0,,0.18,,,50.71,,27.0,-22.87140046,-43.45942235
2016-12-29 09:30:00,UNIDADE MOVEL BANGU,0.0,31.65,57.35,0.0,,0.16,,,76.04,,18.0,-22.87140046,-43.45942235
2016-12-29 10:30:00,UNIDADE MOVEL BANGU,0.0,32.83,52.05,0.0,,0.15,,,100.37,,22.0,-22.87140046,-43.45942235
2016-12-29 11:30:00,UNIDADE MOVEL BANGU,0.0,33.43,50.68,,,0.16,,,117.93,,20.0,-22.87140046,-43.45942235
2016-12-29 12:30:00,UNIDADE MOVEL BANGU,0.0,34.7,48.17,,,0.13,,,115.52,,22.0,-22.87140046,-43.45942235
2016-12-29 13:30:00,UNIDADE MOVEL BANGU,0.0,34.28,50.73,,,0.11,,,100.64,,6.0,-22.87140046,-43.45942235
2016-12-29 14:30:00,UNIDADE MOVEL BANGU,0.0,35.87,45.88,,,0.15,,,114.97,,4.0,-22.87140046,-43.45942235
2016-12-29 15:30:00,UNIDADE MOVEL BANGU,0.0,34.87,49.18,,,0.1,,,94.48,,19.0,-22.87140046,-43.45942235
2016-12-29 16:30:00,UNIDADE MOVEL BANGU,0.0,32.68,55.2,,,0.22,,,73.23,,12.0,-22.87140046,-43.45942235
2016-12-29 17:30:00,UNIDADE MOVEL BANGU,0.0,32.38,54.88,,,0.2,,,86.07,,6.0,-22.87140046,-43.45942235
2016-12-29 18:30:00,UNIDADE MOVEL BANGU,0.0,31.4,56.67,,,0.31,,,80.48,,15.0,-22.87140046,-43.45942235
2016-12-29 19:30:00,UNIDADE MOVEL BANGU,0.0,30.6,59.03,,,0.31,,,64.88,,19.0,-22.87140046,-43.45942235
2016-12-29 20:30:00,UNIDADE MOVEL BANGU,0.0,30.08,59.38,,,0.28,,,55.3,,22.0,-22.87140046,-43.45942235
2016-12-29 21:30:00,UNIDADE MOVEL BANGU,0.0,29.63,61.45,,,0.32,,,33.73,,8.0,-22.87140046,-43.45942235
2016-12-29 22:30:00,UNIDADE MOVEL BANGU,0.0,29.22,63.22,,,0.28,,,31.71,,18.0,-22.87140046,-43.45942235
2016-12-29 23:30:00,UNIDADE MOVEL BANGU,0.0,28.75,64.82,,,0.22,,,37.52,,18.0,-22.87140046,-43.45942235
2016-12-30 00:30:00,UNIDADE MOVEL BANGU,0.0,28.3,66.8,,,0.2,,,35.2,,15.0,-22.87140046,-43.45942235
2016-12-30 01:30:00,UNIDADE MOVEL BANGU,0.0,27.52,73.02,,,0.18,,,24.14,,33.0,-22.87140046,-43.45942235
2016-12-30 02:30:00,UNIDADE MOVEL BANGU,0.0,27.32,74.68,,,0.16,,,20.59,,20.0,-22.87140046,-43.45942235
2016-12-30 03:30:00,UNIDADE MOVEL BANGU,0.0,27.05,76.85,,,0.15,,,22.2,,29.0,-22.87140046,-43.45942235
2016-12-30 04:30:00,UNIDADE MOVEL BANGU,0.0,26.8,78.2,,,0.2,,,8.75,,20.0,-22.87140046,-43.45942235
2016-12-30 05:30:00,UNIDADE MOVEL BANGU,0.0,26.85,76.97,,,0.48,,,2.44,,15.0,-22.87140046,-43.45942235
2016-12-30 06:30:00,UNIDADE MOVEL BANGU,0.0,27.77,71.28,,,0.47,,,17.8,,19.0,-22.87140046,-43.45942235
2016-12-30 07:30:00,UNIDADE MOVEL BANGU,0.0,29.53,61.75,,,0.26,,,36.08,,18.0,-22.87140046,-43.45942235
2016-12-30 08:30:00,UNIDADE MOVEL BANGU,0.0,32.05,51.27,,,0.23,,,61.0,,3.0,-22.87140046,-43.45942235
2016-12-30 09:30:00,UNIDADE MOVEL BANGU,0.0,34.33,44.17,,,0.24,,,83.27,,17.0,-22.87140046,-43.45942235
2016-12-30 10:30:00,UNIDADE MOVEL BANGU,0.0,35.55,39.17,,,0.17,,,128.37,,13.0,-22.87140046,-43.45942235
2016-12-30 11:30:00,UNIDADE MOVEL BANGU,0.0,36.75,35.12,,,0.14,,,142.81,,17.0,-22.87140046,-43.45942235
2016-12-30 12:30:00,UNIDADE MOVEL BANGU,0.0,38.03,30.3,,,0.06,,,94.59,,15.0,-22.87140046,-43.45942235
2016-12-30 13:30:00,UNIDADE MOVEL BANGU,0.0,39.43,26.07,,,0.01,,,82.38,,18.0,-22.87140046,-43.45942235
2016-12-30 14:30:00,UNIDADE MOVEL BANGU,0.0,39.6,29.9,,,0.02,,,108.2,,11.0,-22.87140046,-43.45942235
2016-12-30 15:30:00,UNIDADE MOVEL BANGU,0.0,35.37,48.6,,,0.07,,,153.66,,11.0,-22.87140046,-43.45942235
2016-12-30 16:30:00,UNIDADE MOVEL BANGU,1.0,31.98,57.53,,,0.2,,,129.34,,6.0,-22.87140046,-43.45942235
2016-12-30 17:30:00,UNIDADE MOVEL BANGU,30.0,22.62,90.95,,,0.16,,,104.69,,2.0,-22.87140046,-43.45942235
2016-12-30 18:30:00,UNIDADE MOVEL BANGU,0.0,22.77,94.18,,,0.36,,,57.5,,1.0,-22.87140046,-43.45942235
2016-12-30 19:30:00,UNIDADE MOVEL BANGU,0.0,23.25,90.6,,,0.6,,,25.55,,13.0,-22.87140046,-43.45942235
2016-12-30 20:30:00,UNIDADE MOVEL BANGU,0.0,25.32,78.57,,,0.96,,,5.26,,18.0,-22.87140046,-43.45942235
2016-12-30 21:30:00,UNIDADE MOVEL BANGU,0.0,25.23,76.23,,,0.68,,,7.38,,22.0,-22.87140046,-43.45942235
2016-12-30 22:30:00,UNIDADE MOVEL BANGU,0.0,24.88,79.47,,,0.73,,,0.12,,14.0,-22.87140046,-43.45942235
2016-12-30 23:30:00,UNIDADE MOVEL BANGU,0.0,24.72,80.43,,,0.99,,,0.0,,14.0,-22.87140046,-43.45942235
2016-12-31 00:30:00,UNIDADE MOVEL BANGU,0.0,24.67,80.02,,,0.79,,,0.0,,14.0,-22.87140046,-43.45942235
2016-12-31 01:30:00,UNIDADE MOVEL BANGU,0.0,24.83,80.18,,,0.71,,,0.15,,23.0,-22.87140046,-43.45942235
2016-12-31 02:30:00,UNIDADE MOVEL BANGU,0.0,24.75,79.85,,,0.52,,,0.21,,19.0,-22.87140046,-43.45942235
2016-12-31 03:30:00,UNIDADE MOVEL BANGU,0.0,24.53,81.83,,,0.55,,,0.0,,19.0,-22.87140046,-43.45942235
2016-12-31 04:30:00,UNIDADE MOVEL BANGU,0.0,24.1,82.77,,,0.54,,,0.0,,21.0,-22.87140046,-43.45942235
2016-12-31 05:30:00,UNIDADE MOVEL BANGU,0.0,24.32,83.47,,,0.8,,,0.0,,26.0,-22.87140046,-43.45942235
2016-12-31 06:30:00,UNIDADE MOVEL BANGU,0.0,25.43,79.1,,,0.86,,,2.79,,27.0,-22.87140046,-43.45942235
2016-12-31 07:30:00,UNIDADE MOVEL BANGU,0.0,27.0,73.98,,,0.69,,,20.65,,34.0,-22.87140046,-43.45942235
2016-12-31 08:30:00,UNIDADE MOVEL BANGU,0.0,30.23,61.33,,,0.47,,,49.04,,48.0,-22.87140046,-43.45942235
2016-12-31 09:30:00,UNIDADE MOVEL BANGU,0.0,32.97,51.45,,,0.32,,,95.87,,39.0,-22.87140046,-43.45942235
2016-12-31 10:30:00,UNIDADE MOVEL BANGU,0.0,34.98,41.95,,,0.13,,,119.16,,26.0,-22.87140046,-43.45942235
2016-12-31 11:30:00,UNIDADE MOVEL BANGU,0.0,36.17,38.37,,,0.09,,,149.7,,17.0,-22.87140046,-43.45942235
2016-12-31 12:30:00,UNIDADE MOVEL BANGU,0.0,37.25,36.02,,,0.07,,,150.65,,16.0,-22.87140046,-43.45942235
2016-12-31 13:30:00,UNIDADE MOVEL BANGU,0.0,38.33,34.15,,,0.04,,,167.58,,13.0,-22.87140046,-43.45942235
2016-12-31 14:30:00,UNIDADE MOVEL BANGU,0.0,38.68,32.15,,,0.03,,,161.67,,23.0,-22.87140046,-43.45942235
2016-12-31 15:30:00,UNIDADE MOVEL BANGU,0.0,39.3,28.67,,,0.02,,,149.03,,14.0,-22.87140046,-43.45942235
2016-12-31 16:30:00,UNIDADE MOVEL BANGU,0.0,37.15,33.37,,,0.04,,,147.71,,9.0,-22.87140046,-43.45942235
2016-12-31 17:30:00,UNIDADE MOVEL BANGU,0.0,34.2,43.52,,,0.17,,,126.14,,7.0,-22.87140046,-43.45942235
2016-12-31 18:30:00,UNIDADE MOVEL BANGU,0.0,31.47,53.6,,,0.21,,,100.81,,3.0,-22.87140046,-43.45942235
2016-12-31 19:30:00,UNIDADE MOVEL BANGU,0.0,30.6,58.02,,,0.23,,,82.08,,21.0,-22.87140046,-43.45942235
2016-12-31 20:30:00,UNIDADE MOVEL BANGU,0.0,29.6,67.02,,,0.34,,,56.04,,24.0,-22.87140046,-43.45942235
2016-12-31 21:30:00,UNIDADE MOVEL BANGU,2.0,27.83,69.62,,,0.16,,,76.65,,18.0,-22.87140046,-43.45942235
2016-12-31 22:30:00,UNIDADE MOVEL BANGU,5.0,24.18,88.98,,,0.29,,,85.88,,17.0,-22.87140046,-43.45942235
2016-12-31 23:30:00,UNIDADE MOVEL BANGU,0.0,24.9,81.85,,,0.31,,,73.97,,37.0,-22.87140046,-43.45942235
2017-01-01 00:30:00,UNIDADE MOVEL BANGU,0.0,25.73,71.45,,,0.12,,,82.8,,60.0,-22.87140046,-43.45942235
2017-01-01 01:30:00,UNIDADE MOVEL BANGU,0.0,26.18,67.2,,,0.11,,,83.46,,45.0,-22.87140046,-43.45942235
2017-01-01 02:30:00,UNIDADE MOVEL BANGU,0.0,26.35,65.97,,,0.21,,,74.83,,19.0,-22.87140046,-43.45942235
2017-01-01 03:30:00,UNIDADE MOVEL BANGU,0.0,26.43,65.6,,,0.16,,,67.78,,16.0,-22.87140046,-43.45942235
2017-01-01 04:30:00,UNIDADE MOVEL BANGU,0.0,26.22,66.8,,,0.17,,,56.88,,19.0,-22.87140046,-43.45942235
2017-01-01 05:30:00,UNIDADE MOVEL BANGU,0.0,26.05,68.02,,,0.17,,,51.21,,17.0,-22.87140046,-43.45942235
2017-01-01 06:30:00,UNIDADE MOVEL BANGU,0.0,26.53,67.33,,,0.3,,,40.17,,7.0,-22.87140046,-43.45942235
2017-01-01 07:30:00,UNIDADE MOVEL BANGU,0.0,28.27,61.07,,,0.16,,,49.47,,19.0,-22.87140046,-43.45942235
2017-01-01 08:30:00,UNIDADE MOVEL BANGU,0.0,31.28,51.0,,,0.09,,,63.63,,12.0,-22.87140046,-43.45942235
2017-01-01 09:30:00,UNIDADE MOVEL BANGU,0.0,33.88,41.57,,,0.06,,,87.64,,15.0,-22.87140046,-43.45942235
2017-01-01 10:30:00,UNIDADE MOVEL BANGU,0.0,35.38,37.7,,,0.04,,,104.44,,15.0,-22.87140046,-43.45942235
2017-01-01 11:30:00,UNIDADE MOVEL BANGU,0.0,36.65,34.6,,,0.01,,,97.81,,17.0,-22.87140046,-43.45942235
2017-01-01 12:30:00,UNIDADE MOVEL BANGU,0.0,37.35,32.25,,,0.06,,,98.93,,7.0,-22.87140046,-43.45942235
2017-01-01 13:30:00,UNIDADE MOVEL BANGU,0.0,38.23,29.48,,,0.09,,,102.82,,19.0,-22.87140046,-43.45942235
2017-01-01 14:30:00,UNIDADE MOVEL BANGU,0.0,38.55,28.55,,,0.08,,,103.75,,6.0,-22.87140046,-43.45942235
2017-01-01 15:30:00,UNIDADE MOVEL BANGU,0.0,38.28,33.77,,,0.15,,,129.07,,16.0,-22.87140046,-43.45942235
2017-01-01 16:30:00,UNIDADE MOVEL BANGU,0.0,37.6,36.1,,,0.21,,,137.91,,19.0,-22.87140046,-43.45942235
2017-01-01 17:30:00,UNIDADE MOVEL BANGU,0.0,35.28,37.5,,,0.25,,,111.78,,0.0,-22.87140046,-43.45942235
2017-01-01 18:30:00,UNIDADE MOVEL BANGU,0.0,33.95,36.0,,,0.16,,,104.73,,0.0,-22.87140046,-43.45942235
2017-01-01 19:30:00,UNIDADE MOVEL BANGU,0.0,32.93,41.0,,,0.44,,,77.84,,0.0,-22.87140046,-43.45942235
2017-01-01 20:30:00,UNIDADE MOVEL BANGU,0.0,31.9,44.83,,,0.42,,,62.86,,15.0,-22.87140046,-43.45942235
2017-01-01 21:30:00,UNIDADE MOVEL BANGU,0.0,30.95,56.9,,,0.35,,,51.94,,19.0,-22.87140046,-43.45942235
2017-01-01 22:30:00,UNIDADE MOVEL BANGU,0.0,29.93,67.48,,,0.31,,,58.19,,33.0,-22.87140046,-43.45942235
2017-01-01 23:30:00,UNIDADE MOVEL BANGU,0.0,29.42,69.37,,,0.21,,,72.13,,12.0,-22.87140046,-43.45942235
2017-01-02 00:30:00,UNIDADE MOVEL BANGU,0.0,29.02,71.57,,,0.16,,,69.25,,21.0,-22.87140046,-43.45942235
2017-01-02 01:30:00,UNIDADE MOVEL BANGU,0.0,28.5,73.25,,,0.15,,,61.99,,17.0,-22.87140046,-43.45942235
2017-01-02 02:30:00,UNIDADE MOVEL BANGU,0.0,28.23,72.18,,,0.12,,,59.61,,21.0,-22.87140046,-43.45942235
2017-01-02 03:30:00,UNIDADE MOVEL BANGU,0.0,28.15,70.47,,,0.12,,,57.33,,17.0,-22.87140046,-43.45942235
2017-01-02 04:30:00,UNIDADE MOVEL BANGU,0.0,28.22,57.7,,,0.12,,,53.94,,10.0,-22.87140046,-43.45942235
2017-01-02 05:30:00,UNIDADE MOVEL BANGU,0.0,28.23,55.9,,,0.21,,,29.77,,6.0,-22.87140046,-43.45942235
2017-01-02 06:30:00,UNIDADE MOVEL BANGU,0.0,28.67,53.72,,,0.29,,,32.52,,4.0,-22.87140046,-43.45942235
2017-01-02 07:30:00,UNIDADE MOVEL BANGU,0.0,29.77,52.65,,,0.28,,,43.65,,5.0,-22.87140046,-43.45942235
2017-01-02 08:30:00,UNIDADE MOVEL BANGU,0.0,31.02,50.97,,,0.19,,,59.23,,10.0,-22.87140046,-43.45942235
2017-01-02 09:30:00,UNIDADE MOVEL BANGU,0.0,31.83,49.58,,,0.17,,,63.9,,8.0,-22.87140046,-43.45942235
2017-01-02 10:30:00,UNIDADE MOVEL BANGU,0.0,33.47,44.5,,,0.16,,,83.36,,10.0,-22.87140046,-43.45942235
2017-01-02 11:30:00,UNIDADE MOVEL BANGU,0.0,34.9,40.37,,,0.18,,,106.83,,8.0,-22.87140046,-43.45942235
2017-01-02 12:30:00,UNIDADE MOVEL BANGU,0.0,34.37,47.22,,,0.11,,,124.23,,16.0,-22.87140046,-43.45942235
2017-01-02 13:30:00,UNIDADE MOVEL BANGU,0.0,34.58,40.82,,,0.04,,,121.94,,2.0,-22.87140046,-43.45942235
2017-01-02 14:30:00,UNIDADE MOVEL BANGU,0.0,33.66,43.11,,,0.05,,,105.34,,12.0,-22.87140046,-43.45942235
2017-01-02 15:30:00,UNIDADE MOVEL BANGU,0.0,32.84,42.95,,,0.07,,,95.47,,14.0,-22.87140046,-43.45942235
2017-01-02 16:30:00,UNIDADE MOVEL BANGU,0.0,32.45,42.89,,,0.1,,,88.27,,4.0,-22.87140046,-43.45942235
2017-01-02 17:30:00,UNIDADE MOVEL BANGU,0.0,31.38,50.25,,,0.17,,,77.71,,0.0,-22.87140046,-43.45942235
2017-01-02 18:30:00,UNIDADE MOVEL BANGU,0.0,30.43,53.47,,,0.18,,,71.65,,1.0,-22.87140046,-43.45942235
2017-01-02 19:30:00,UNIDADE MOVEL BANGU,0.0,29.28,55.73,,,0.23,,,69.9,,0.0,-22.87140046,-43.45942235
2017-01-02 20:30:00,UNIDADE MOVEL BANGU,0.0,29.37,55.98,,,0.24,,,59.72,,10.0,-22.87140046,-43.45942235
2017-01-02 21:30:00,UNIDADE MOVEL BANGU,0.0,29.22,57.17,,,0.17,,,59.8,,11.0,-22.87140046,-43.45942235
2017-01-02 22:30:00,UNIDADE MOVEL BANGU,0.0,28.87,58.15,,,0.22,,,43.85,,7.0,-22.87140046,-43.45942235
2017-01-02 23:30:00,UNIDADE MOVEL BANGU,0.0,28.38,58.95,,,0.11,,,48.35,,23.0,-22.87140046,-43.45942235
2017-01-03 00:30:00,UNIDADE MOVEL BANGU,0.0,27.98,62.67,,,0.09,,,51.17,,12.0,-22.87140046,-43.45942235
2017-01-03 01:30:00,UNIDADE MOVEL BANGU,0.0,27.55,73.4,,,0.06,,,72.97,,7.0,-22.87140046,-43.45942235
2017-01-03 02:30:00,UNIDADE MOVEL BANGU,0.0,26.92,74.22,,,0.06,,,69.81,,2.0,-22.87140046,-43.45942235
2017-01-03 03:30:00,UNIDADE MOVEL BANGU,0.0,26.57,75.1,,,0.05,,,64.65,,10.0,-22.87140046,-43.45942235
2017-01-03 04:30:00,UNIDADE MOVEL BANGU,0.0,26.35,75.6,,,0.07,,,51.84,,10.0,-22.87140046,-43.45942235
2017-01-03 05:30:00,UNIDADE MOVEL BANGU,0.0,26.42,75.92,,,0.24,,,18.55,,3.0,-22.87140046,-43.45942235
2017-01-03 06:30:00,UNIDADE MOVEL BANGU,0.0,27.43,74.8,,,0.28,,,15.41,,3.0,-22.87140046,-43.45942235
2017-01-03 07:30:00,UNIDADE MOVEL BANGU,0.0,28.43,70.2,,,0.21,,,35.09,,5.0,-22.87140046,-43.45942235
2017-01-03 08:30:00,UNIDADE MOVEL BANGU,0.0,29.42,64.2,,,0.17,,,49.38,,25.0,-22.87140046,-43.45942235
2017-01-03 09:30:00,UNIDADE MOVEL BANGU,0.0,32.53,51.65,,,0.15,,,80.3,,10.0,-22.87140046,-43.45942235
2017-01-03 10:30:00,UNIDADE MOVEL BANGU,0.0,32.28,50.52,,,0.09,,,107.44,,17.0,-22.87140046,-43.45942235
2017-01-03 11:30:00,UNIDADE MOVEL BANGU,0.0,32.22,53.98,,,0.13,,,106.69,,14.0,-22.87140046,-43.45942235
2017-01-03 12:30:00,UNIDADE MOVEL BANGU,0.0,32.33,56.62,,,0.09,,,92.19,,8.0,-22.87140046,-43.45942235
2017-01-03 13:30:00,UNIDADE MOVEL BANGU,0.0,31.7,59.07,,,0.07,,,68.83,,4.0,-22.87140046,-43.45942235
2017-01-03 14:30:00,UNIDADE MOVEL BANGU,0.0,31.57,56.78,,,0.07,,,71.33,,1.0,-22.87140046,-43.45942235
2017-01-03 15:30:00,UNIDADE MOVEL BANGU,0.0,31.98,53.27,,,0.06,,,64.97,,4.0,-22.87140046,-43.45942235
2017-01-03 16:30:00,UNIDADE MOVEL BANGU,0.0,31.03,54.17,,,0.07,,,53.91,,2.0,-22.87140046,-43.45942235
2017-01-03 17:30:00,UNIDADE MOVEL BANGU,0.0,26.98,72.23,,,0.15,,,60.88,,0.0,-22.87140046,-43.45942235
2017-01-03 18:30:00,UNIDADE MOVEL BANGU,0.0,24.5,80.15,,,0.11,,,67.68,,0.0,-22.87140046,-43.45942235
2017-01-03 19:30:00,UNIDADE MOVEL BANGU,0.0,24.92,70.53,,,0.1,,,67.71,,0.0,-22.87140046,-43.45942235
2017-01-03 20:30:00,UNIDADE MOVEL BANGU,0.0,25.07,68.1,,,0.11,,,61.1,,0.0,-22.87140046,-43.45942235
2017-01-03 21:30:00,UNIDADE MOVEL BANGU,0.0,25.43,66.33,,,0.2,,,41.77,,6.0,-22.87140046,-43.45942235
2017-01-03 22:30:00,UNIDADE MOVEL BANGU,0.0,25.48,63.68,,,0.06,,,60.04,,5.0,-22.87140046,-43.45942235
2017-01-03 23:30:00,UNIDADE MOVEL BANGU,0.0,24.77,67.52,,,0.05,,,62.99,,7.0,-22.87140046,-43.45942235
2017-01-04 00:30:00,UNIDADE MOVEL BANGU,0.0,24.83,66.82,,,0.04,,,63.22,,2.0,-22.87140046,-43.45942235
2017-01-04 01:30:00,UNIDADE MOVEL BANGU,0.0,24.37,69.92,0.0,,0.04,,,54.01,,4.0,-22.87140046,-43.45942235
2017-01-04 02:30:00,UNIDADE MOVEL BANGU,0.0,23.83,74.77,0.0,,0.07,,,30.76,,10.0,-22.87140046,-43.45942235
2017-01-04 03:30:00,UNIDADE MOVEL BANGU,0.0,23.72,76.78,0.02,,0.1,,,16.13,,26.0,-22.87140046,-43.45942235
2017-01-04 04:30:00,UNIDADE MOVEL BANGU,0.0,23.6,76.87,0.07,,0.11,,,7.64,,38.0,-22.87140046,-43.45942235
2017-01-04 05:30:00,UNIDADE MOVEL BANGU,0.0,23.7,74.8,0.0,,0.21,,,8.37,,18.0,-22.87140046,-43.45942235
2017-01-04 06:30:00,UNIDADE MOVEL BANGU,0.0,24.78,74.82,0.0,,0.34,,,6.79,,21.0,-22.87140046,-43.45942235
2017-01-04 07:30:00,UNIDADE MOVEL BANGU,0.0,26.55,70.25,0.02,,0.33,,,17.14,,16.0,-22.87140046,-43.45942235
2017-01-04 08:30:00,UNIDADE MOVEL BANGU,0.0,29.47,57.23,0.05,,0.28,,,36.17,,18.0,-22.87140046,-43.45942235
2017-01-04 09:30:00,UNIDADE MOVEL BANGU,0.0,31.87,49.72,,,0.28,,,57.12,,18.0,-22.87140046,-43.45942235
2017-01-04 10:30:00,UNIDADE MOVEL BANGU,0.0,33.67,39.02,,,0.1,,,108.98,,17.0,-22.87140046,-43.45942235
2017-01-04 11:30:00,UNIDADE MOVEL BANGU,0.0,35.1,36.73,,,0.05,,,122.06,,19.0,-22.87140046,-43.45942235
2017-01-04 12:30:00,UNIDADE MOVEL BANGU,0.0,35.48,37.47,,,0.1,,,112.2,,11.0,-22.87140046,-43.45942235
2017-01-04 13:30:00,UNIDADE MOVEL BANGU,0.0,37.73,30.05,,,0.1,,,97.05,,7.0,-22.87140046,-43.45942235
2017-01-04 14:30:00,UNIDADE MOVEL BANGU,0.0,37.68,30.13,,,0.06,,,90.19,,4.0,-22.87140046,-43.45942235
2017-01-04 15:30:00,UNIDADE MOVEL BANGU,0.0,38.0,30.55,,,0.09,,,89.45,,8.0,-22.87140046,-43.45942235
2017-01-04 16:30:00,UNIDADE MOVEL BANGU,0.0,37.3,33.3,,,0.12,,,88.53,,4.0,-22.87140046,-43.45942235
2017-01-04 17:30:00,UNIDADE MOVEL BANGU,0.0,29.87,54.25,,,0.28,,,86.92,,0.0,-22.87140046,-43.45942235
2017-01-04 18:30:00,UNIDADE MOVEL BANGU,0.0,29.65,55.3,,,0.2,,,68.34,,0.0,-22.87140046,-43.45942235
2017-01-04 19:30:00,UNIDADE MOVEL BANGU,0.0,29.2,61.5,,,0.32,,,50.26,,0.0,-22.87140046,-43.45942235
2017-01-04 20:30:00,UNIDADE MOVEL BANGU,0.0,29.15,64.73,,,0.46,,,30.98,,3.0,-22.87140046,-43.45942235
2017-01-04 21:30:00,UNIDADE MOVEL BANGU,0.0,29.23,66.45,,,0.4,,,44.38,,20.0,-22.87140046,-43.45942235
2017-01-04 22:30:00,UNIDADE MOVEL BANGU,0.0,28.82,69.32,,,0.28,,,56.64,,12.0,-22.87140046,-43.45942235
2017-01-04 23:30:00,UNIDADE MOVEL BANGU,0.0,28.43,70.95,,,0.22,,,49.63,,18.0,-22.87140046,-43.45942235
2017-01-05 00:30:00,UNIDADE MOVEL BANGU,0.0,28.13,72.5,,,0.28,,,36.49,,15.0,-22.87140046,-43.45942235
2017-01-05 01:30:00,UNIDADE MOVEL BANGU,0.0,28.13,70.13,,,0.18,,,40.95,,17.0,-22.87140046,-43.45942235
2017-01-05 02:30:00,UNIDADE MOVEL BANGU,0.0,28.25,65.05,,,0.11,,,51.32,,13.0,-22.87140046,-43.45942235
2017-01-05 03:30:00,UNIDADE MOVEL BANGU,0.0,27.82,64.25,,,0.1,,,37.07,,11.0,-22.87140046,-43.45942235
2017-01-05 04:30:00,UNIDADE MOVEL BANGU,0.0,27.18,66.1,,,0.1,,,25.19,,7.0,-22.87140046,-43.45942235
2017-01-05 05:30:00,UNIDADE MOVEL BANGU,0.0,27.25,63.27,,,0.19,,,12.34,,3.0,-22.87140046,-43.45942235
2017-01-05 06:30:00,UNIDADE MOVEL BANGU,0.0,27.83,61.72,,,0.44,,,18.98,,13.0,-22.87140046,-43.45942235
2017-01-05 07:30:00,UNIDADE MOVEL BANGU,0.0,29.55,57.75,,,0.29,,,29.53,,9.0,-22.87140046,-43.45942235
2017-01-05 08:30:00,UNIDADE MOVEL BANGU,0.0,32.47,46.27,,,0.17,,,50.91,,16.0,-22.87140046,-43.45942235
2017-01-05 09:30:00,UNIDADE MOVEL BANGU,0.0,34.6,39.73,,,0.11,,,75.21,,8.0,-22.87140046,-43.45942235
2017-01-05 10:30:00,UNIDADE MOVEL BANGU,0.0,35.68,36.55,,,0.05,,,106.66,,20.0,-22.87140046,-43.45942235
2017-01-05 11:30:00,UNIDADE MOVEL BANGU,0.0,36.8,33.48,,,0.03,,,96.94,,15.0,-22.87140046,-43.45942235
2017-01-05 12:30:00,UNIDADE MOVEL BANGU,0.0,37.13,32.73,,,0.07,,,98.51,,21.0,-22.87140046,-43.45942235
2017-01-05 13:30:00,UNIDADE MOVEL BANGU,0.0,38.37,31.13,,,0.12,,,111.15,,6.0,-22.87140046,-43.45942235
2017-01-05 14:30:00,UNIDADE MOVEL BANGU,0.0,35.23,46.1,,,0.15,,,190.72,,9.0,-22.87140046,-43.45942235
2017-01-05 15:30:00,UNIDADE MOVEL BANGU,0.0,34.52,47.25,,,0.26,,,177.34,,6.0,-22.87140046,-43.45942235
2017-01-05 16:30:00,UNIDADE MOVEL BANGU,8.0,30.22,58.35,,,0.22,,,147.16,,4.0,-22.87140046,-43.45942235
2017-01-05 17:30:00,UNIDADE MOVEL BANGU,1.0,25.52,84.78,,,0.18,,,105.28,,3.0,-22.87140046,-43.45942235
2017-01-05 18:30:00,UNIDADE MOVEL BANGU,0.0,26.0,81.38,,,0.14,,,68.19,,8.0,-22.87140046,-43.45942235
2017-01-05 19:30:00,UNIDADE MOVEL BANGU,2.0,23.93,80.43,,,0.1,,,82.08,,0.0,-22.87140046,-43.45942235
2017-01-05 20:30:00,UNIDADE MOVEL BANGU,3.0,22.02,87.78,,,0.14,,,64.65,,0.0,-22.87140046,-43.45942235
2017-01-05 21:30:00,UNIDADE MOVEL BANGU,0.0,22.33,88.6,,,0.16,,,43.51,,10.0,-22.87140046,-43.45942235
2017-01-05 22:30:00,UNIDADE MOVEL BANGU,0.0,22.55,88.13,,,0.23,,,30.46,,20.0,-22.87140046,-43.45942235
2017-01-05 23:30:00,UNIDADE MOVEL BANGU,0.0,23.15,85.07,,,0.19,,,20.49,,14.0,-22.87140046,-43.45942235
2017-01-06 00:30:00,UNIDADE MOVEL BANGU,0.0,23.52,83.58,,,0.14,,,21.25,,8.0,-22.87140046,-43.45942235
2017-01-06 01:30:00,UNIDADE MOVEL BANGU,0.0,23.6,83.53,,,0.11,,,27.18,,11.0,-22.87140046,-43.45942235
2017-01-06 02:30:00,UNIDADE MOVEL BANGU,0.0,23.8,81.93,,,0.13,,,16.46,,16.0,-22.87140046,-43.45942235
2017-01-06 03:30:00,UNIDADE MOVEL BANGU,0.0,24.52,71.12,,,0.08,,,34.81,,3.0,-22.87140046,-43.45942235
2017-01-06 04:30:00,UNIDADE MOVEL BANGU,0.0,24.47,71.53,,,0.13,,,20.41,,2.0,-22.87140046,-43.45942235
2017-01-06 05:30:00,UNIDADE MOVEL BANGU,0.0,25.0,67.17,,,0.19,,,22.93,,4.0,-22.87140046,-43.45942235
2017-01-06 06:30:00,UNIDADE MOVEL BANGU,0.0,25.9,65.63,,,0.32,,,19.55,,11.0,-22.87140046,-43.45942235
2017-01-06 07:30:00,UNIDADE MOVEL BANGU,0.0,27.68,59.55,,,0.28,,,29.45,,17.0,-22.87140046,-43.45942235
2017-01-06 08:30:00,UNIDADE MOVEL BANGU,0.0,29.88,54.48,,,0.29,,,33.86,,4.0,-22.87140046,-43.45942235
2017-01-06 09:30:00,UNIDADE MOVEL BANGU,0.0,31.75,46.42,,,0.27,,,61.39,,7.0,-22.87140046,-43.45942235
2017-01-06 10:30:00,UNIDADE MOVEL BANGU,0.0,33.27,40.08,,,0.09,,,84.0,,13.0,-22.87140046,-43.45942235
2017-01-06 11:30:00,UNIDADE MOVEL BANGU,0.0,34.48,39.7,,,0.04,,,,,16.0,-22.87140046,-43.45942235
2017-01-06 12:30:00,UNIDADE MOVEL BANGU,0.0,34.63,43.33,,,0.06,,,,,18.0,-22.87140046,-43.45942235
2017-01-06 13:30:00,UNIDADE MOVEL BANGU,0.0,34.9,43.58,,,0.06,,,,,8.0,-22.87140046,-43.45942235
2017-01-06 14:30:00,UNIDADE MOVEL BANGU,0.0,35.1,43.87,,,0.09,,,,,8.0,-22.87140046,-43.45942235
2017-01-06 15:30:00,UNIDADE MOVEL BANGU,0.0,34.88,42.48,,,0.07,,,,,4.0,-22.87140046,-43.45942235
2017-01-06 16:30:00,UNIDADE MOVEL BANGU,0.0,33.58,45.27,,,0.06,,,,,7.0,-22.87140046,-43.45942235
2017-01-06 17:30:00,UNIDADE MOVEL BANGU,0.0,31.15,54.35,,,0.2,,,,,10.0,-22.87140046,-43.45942235
2017-01-06 18:30:00,UNIDADE MOVEL BANGU,0.0,29.6,59.67,,,0.2,,,,,2.0,-22.87140046,-43.45942235
2017-01-06 19:30:00,UNIDADE MOVEL BANGU,0.0,29.22,59.98,,,0.23,,,,,0.0,-22.87140046,-43.45942235
2017-01-06 20:30:00,UNIDADE MOVEL BANGU,0.0,28.85,59.1,,,0.21,,,,,1.0,-22.87140046,-43.45942235
2017-01-06 21:30:00,UNIDADE MOVEL BANGU,0.0,28.38,61.25,,,0.19,,,,,2.0,-22.87140046,-43.45942235
2017-01-06 22:30:00,UNIDADE MOVEL BANGU,0.0,28.03,63.72,,,0.19,,,,,9.0,-22.87140046,-43.45942235
2017-01-06 23:30:00,UNIDADE MOVEL BANGU,0.0,27.67,68.58,,,0.23,,,,,16.0,-22.87140046,-43.45942235
2017-01-07 00:30:00,UNIDADE MOVEL BANGU,0.0,27.2,72.5,,,0.2,,,,,10.0,-22.87140046,-43.45942235
2017-01-07 01:30:00,UNIDADE MOVEL BANGU,0.0,26.8,71.77,,,0.17,,,,,20.0,-22.87140046,-43.45942235
2017-01-07 02:30:00,UNIDADE MOVEL BANGU,0.0,26.53,74.2,,,0.14,,,,,11.0,-22.87140046,-43.45942235
2017-01-07 03:30:00,UNIDADE MOVEL BANGU,0.0,26.23,75.08,,,0.1,,,,,14.0,-22.87140046,-43.45942235
2017-01-07 04:30:00,UNIDADE MOVEL BANGU,0.0,26.17,77.32,,,0.06,,,,,6.0,-22.87140046,-43.45942235
2017-01-07 05:30:00,UNIDADE MOVEL BANGU,0.0,26.18,75.62,,,0.1,,,,,4.0,-22.87140046,-43.45942235
2017-01-07 06:30:00,UNIDADE MOVEL BANGU,0.0,27.02,72.07,,,0.16,,,,,25.0,-22.87140046,-43.45942235
2017-01-07 07:30:00,UNIDADE MOVEL BANGU,0.0,28.38,65.78,,,0.22,,,,,13.0,-22.87140046,-43.45942235
2017-01-07 08:30:00,UNIDADE MOVEL BANGU,0.0,30.8,56.17,,,0.23,,,,,12.0,-22.87140046,-43.45942235
2017-01-07 09:30:00,UNIDADE MOVEL BANGU,0.0,32.7,49.28,,,0.2,,,,,12.0,-22.87140046,-43.45942235
2017-01-07 10:30:00,UNIDADE MOVEL BANGU,0.0,33.32,46.07,,,0.12,,,,,15.0,-22.87140046,-43.45942235
2017-01-07 11:30:00,UNIDADE MOVEL BANGU,0.0,34.38,45.22,,,0.19,,,,,16.0,-22.87140046,-43.45942235
2017-01-07 12:30:00,UNIDADE MOVEL BANGU,0.0,35.02,46.6,,,0.19,,,,,38.0,-22.87140046,-43.45942235
2017-01-07 13:30:00,UNIDADE MOVEL BANGU,0.0,35.55,45.2,,,0.13,,,,,15.0,-22.87140046,-43.45942235
2017-01-07 14:30:00,UNIDADE MOVEL BANGU,0.0,34.8,49.85,,,0.11,,,,,6.0,-22.87140046,-43.45942235
2017-01-07 15:30:00,UNIDADE MOVEL BANGU,0.0,34.07,49.73,,,0.15,,,,,4.0,-22.87140046,-43.45942235
2017-01-07 16:30:00,UNIDADE MOVEL BANGU,0.0,32.07,52.85,,,0.12,,,,,3.0,-22.87140046,-43.45942235
2017-01-07 17:30:00,UNIDADE MOVEL BANGU,0.0,28.27,66.17,,,,,,,,6.0,-22.87140046,-43.45942235
2017-01-07 18:30:00,UNIDADE MOVEL BANGU,11.0,25.22,85.85,,,,,,,,0.0,-22.87140046,-43.45942235
2017-01-07 19:30:00,UNIDADE MOVEL BANGU,0.0,25.3,85.78,,,,,,,,0.0,-22.87140046,-43.45942235
2017-01-07 20:30:00,UNIDADE MOVEL BANGU,0.0,25.08,85.68,,,,,,,,0.0,-22.87140046,-43.45942235
2017-01-07 21:30:00,UNIDADE MOVEL BANGU,0.0,25.32,82.63,,,,,,,,17.0,-22.87140046,-43.45942235
2017-01-07 22:30:00,UNIDADE MOVEL BANGU,1.0,24.88,86.08,,,,,,,,23.0,-22.87140046,-43.45942235
2017-01-07 23:30:00,UNIDADE MOVEL BANGU,0.0,24.6,87.75,,,,,,,,23.0,-22.87140046,-43.45942235
2017-01-08 00:30:00,UNIDADE MOVEL BANGU,0.0,24.67,85.08,,,,,,,,1.0,-22.87140046,-43.45942235
2017-01-08 01:30:00,UNIDADE MOVEL BANGU,0.0,24.97,77.7,,,,,,,,8.0,-22.87140046,-43.45942235
2017-01-08 02:30:00,UNIDADE MOVEL BANGU,0.0,24.82,79.25,,,,,,,,7.0,-22.87140046,-43.45942235
2017-01-08 03:30:00,UNIDADE MOVEL BANGU,0.0,24.82,82.0,,,,,,,,3.0,-22.87140046,-43.45942235
2017-01-08 04:30:00,UNIDADE MOVEL BANGU,0.0,24.5,76.32,,,,,,,,1.0,-22.87140046,-43.45942235
2017-01-08 05:30:00,UNIDADE MOVEL BANGU,0.0,24.23,74.47,,,,,,,,6.0,-22.87140046,-43.45942235
2017-01-08 06:30:00,UNIDADE MOVEL BANGU,0.0,24.63,75.05,,,,,,,,6.0,-22.87140046,-43.45942235
2017-01-08 07:30:00,UNIDADE MOVEL BANGU,0.0,25.85,69.93,,,,,,,,3.0,-22.87140046,-43.45942235
2017-01-08 08:30:00,UNIDADE MOVEL BANGU,0.0,28.05,61.5,,,,,,,,2.0,-22.87140046,-43.45942235
2017-01-08 09:30:00,UNIDADE MOVEL BANGU,0.0,29.77,56.05,,,,,,,,10.0,-22.87140046,-43.45942235
2017-01-08 10:30:00,UNIDADE MOVEL BANGU,0.0,31.4,49.77,,,,,,,,29.0,-22.87140046,-43.45942235
2017-01-08 11:30:00,UNIDADE MOVEL BANGU,0.0,32.07,46.18,,,,,,,,10.0,-22.87140046,-43.45942235
2017-01-08 12:30:00,UNIDADE MOVEL BANGU,0.0,33.18,41.03,,,,,,,,16.0,-22.87140046,-43.45942235
2017-01-08 13:30:00,UNIDADE MOVEL BANGU,0.0,34.12,37.6,,,,,,,,5.0,-22.87140046,-43.45942235
2017-01-08 14:30:00,UNIDADE MOVEL BANGU,0.0,34.75,37.02,,,,,,,,3.0,-22.87140046,-43.45942235
2017-01-08 15:30:00,UNIDADE MOVEL BANGU,0.0,33.83,45.75,,,,,,,,5.0,-22.87140046,-43.45942235
2017-01-08 16:30:00,UNIDADE MOVEL BANGU,0.0,34.43,46.42,,,,,,,,9.0,-22.87140046,-43.45942235
2017-01-08 17:30:00,UNIDADE MOVEL BANGU,0.0,32.6,51.05,,,,,,,,9.0,-22.87140046,-43.45942235
2017-01-08 18:30:00,UNIDADE MOVEL BANGU,0.0,31.33,54.07,,,,,,,,6.0,-22.87140046,-43.45942235
2017-01-08 19:30:00,UNIDADE MOVEL BANGU,0.0,29.73,62.85,,,,,,,,7.0,-22.87140046,-43.45942235
2017-01-08 20:30:00,UNIDADE MOVEL BANGU,0.0,28.83,58.4,,,,,,,,6.0,-22.87140046,-43.45942235
2017-01-08 21:30:00,UNIDADE MOVEL BANGU,0.0,28.17,59.6,,,,,,,,2.0,-22.87140046,-43.45942235
2017-01-08 22:30:00,UNIDADE MOVEL BANGU,0.0,27.48,61.67,,,,,,,,5.0,-22.87140046,-43.45942235
2017-01-08 23:30:00,UNIDADE MOVEL BANGU,0.0,27.2,62.2,,,,,,,,1.0,-22.87140046,-43.45942235
2017-01-09 00:30:00,UNIDADE MOVEL BANGU,0.0,26.98,62.47,,,,,,,,10.0,-22.87140046,-43.45942235
2017-01-09 01:30:00,UNIDADE MOVEL BANGU,0.0,26.5,65.05,,,,,,,,8.0,-22.87140046,-43.45942235
2017-01-09 02:30:00,UNIDADE MOVEL BANGU,0.0,26.32,64.6,,,,,,,,4.0,-22.87140046,-43.45942235
2017-01-09 03:30:00,UNIDADE MOVEL BANGU,0.0,26.03,65.87,,,,,,,,0.0,-22.87140046,-43.45942235
2017-01-09 04:30:00,UNIDADE MOVEL BANGU,0.0,25.55,68.72,,,,,,,,0.0,-22.87140046,-43.45942235
2017-01-09 05:30:00,UNIDADE MOVEL BANGU,0.0,25.35,70.65,,,,,,,,11.0,-22.87140046,-43.45942235
2017-01-09 06:30:00,UNIDADE MOVEL BANGU,0.0,26.53,68.25,,,,,,,,7.0,-22.87140046,-43.45942235
2017-01-09 07:30:00,UNIDADE MOVEL BANGU,0.0,28.53,63.23,,,,,,,,10.0,-22.87140046,-43.45942235
2017-01-09 08:30:00,UNIDADE MOVEL BANGU,0.0,31.4,50.13,,,,,,,,16.0,-22.87140046,-43.45942235
2017-01-09 09:30:00,UNIDADE MOVEL BANGU,0.0,33.13,40.88,,,,,,,,15.0,-22.87140046,-43.45942235
2017-01-09 10:30:00,UNIDADE MOVEL BANGU,0.0,35.07,34.95,,,,,,,,16.0,-22.87140046,-43.45942235
2017-01-09 11:30:00,UNIDADE MOVEL BANGU,0.0,36.07,33.28,,,,,,,,10.0,-22.87140046,-43.45942235
2017-01-09 12:30:00,UNIDADE MOVEL BANGU,0.0,36.5,33.72,,,,,,,,16.0,-22.87140046,-43.45942235
2017-01-09 13:30:00,UNIDADE MOVEL BANGU,0.0,37.12,33.5,,,,,,,,10.0,-22.87140046,-43.45942235
2017-01-09 14:30:00,UNIDADE MOVEL BANGU,0.0,37.32,32.93,,,,,,,,2.0,-22.87140046,-43.45942235
2017-01-09 15:30:00,UNIDADE MOVEL BANGU,0.0,38.5,33.05,,,,,,,,0.0,-22.87140046,-43.45942235
2017-01-09 16:30:00,UNIDADE MOVEL BANGU,0.0,35.55,40.33,,,,,,,,2.0,-22.87140046,-43.45942235
2017-01-09 17:30:00,UNIDADE MOVEL BANGU,0.0,31.45,49.67,,,,,,,,0.0,-22.87140046,-43.45942235
2017-01-09 18:30:00,UNIDADE MOVEL BANGU,0.0,29.55,56.87,,,,,,,,0.0,-22.87140046,-43.45942235
2017-01-09 19:30:00,UNIDADE MOVEL BANGU,0.0,29.05,59.28,,,,,,,,0.0,-22.87140046,-43.45942235
2017-01-09 20:30:00,UNIDADE MOVEL BANGU,0.0,29.17,58.6,,,,,,,,0.0,-22.87140046,-43.45942235
2017-01-09 21:30:00,UNIDADE MOVEL BANGU,0.0,28.62,63.07,,,,,,,,3.0,-22.87140046,-43.45942235
2017-01-09 22:30:00,UNIDADE MOVEL BANGU,0.0,28.65,59.18,,,,,,,,15.0,-22.87140046,-43.45942235
2017-01-09 23:30:00,UNIDADE MOVEL BANGU,0.0,28.27,59.72,,,,,,,,1.0,-22.87140046,-43.45942235
2017-01-10 00:30:00,UNIDADE MOVEL BANGU,0.0,28.1,59.4,,,,,,,,4.0,-22.87140046,-43.45942235
2017-01-10 01:30:00,UNIDADE MOVEL BANGU,0.0,27.75,61.1,,,,,,,,4.0,-22.87140046,-43.45942235
2017-01-10 02:30:00,UNIDADE MOVEL BANGU,0.0,27.8,60.28,,,,,,,,0.0,-22.87140046,-43.45942235
2017-01-10 03:30:00,UNIDADE MOVEL BANGU,0.0,28.35,57.9,,,,,,,,0.0,-22.87140046,-43.45942235
2017-01-10 04:30:00,UNIDADE MOVEL BANGU,0.0,28.37,57.52,,,,,,,,0.0,-22.87140046,-43.45942235
2017-01-10 05:30:00,UNIDADE MOVEL BANGU,0.0,27.92,59.47,,,,,,,,0.0,-22.87140046,-43.45942235
2017-01-10 06:30:00,UNIDADE MOVEL BANGU,0.0,27.63,62.12,,,,,,,,0.0,-22.87140046,-43.45942235
2017-01-10 07:30:00,UNIDADE MOVEL BANGU,0.0,28.92,58.33,,,,,,,,0.0,-22.87140046,-43.45942235
2017-01-10 08:30:00,UNIDADE MOVEL BANGU,0.0,31.1,52.48,,,,,,,,1.0,-22.87140046,-43.45942235
2017-01-10 09:30:00,UNIDADE MOVEL BANGU,0.0,33.0,47.27,,,,,,,,6.0,-22.87140046,-43.45942235
2017-01-10 10:30:00,UNIDADE MOVEL BANGU,0.0,34.42,43.58,,,,,,,,9.0,-22.87140046,-43.45942235
2017-01-10 11:30:00,UNIDADE MOVEL BANGU,0.0,35.475,41.065,,,,,,,,21.0,-22.87140046,-43.45942235
2017-01-10 12:30:00,UNIDADE MOVEL BANGU,0.0,36.53,38.55,,,0.03,,,,,17.0,-22.87140046,-43.45942235
2017-01-10 13:30:00,UNIDADE MOVEL BANGU,0.0,37.5,37.23,,,0.04,,,,,14.0,-22.87140046,-43.45942235
2017-01-10 14:30:00,UNIDADE MOVEL BANGU,0.0,36.93,39.75,,,0.1,,,,,8.0,-22.87140046,-43.45942235
2017-01-10 15:30:00,UNIDADE MOVEL BANGU,0.0,36.42,44.97,,,0.07,,,,,7.0,-22.87140046,-43.45942235
2017-01-10 16:30:00,UNIDADE MOVEL BANGU,4.0,31.43,67.17,,,0.28,,,,,6.0,-22.87140046,-43.45942235
2017-01-10 17:30:00,UNIDADE MOVEL BANGU,0.0,28.68,68.62,,,0.36,,,,,0.0,-22.87140046,-43.45942235
2017-01-10 18:30:00,UNIDADE MOVEL BANGU,0.0,29.73,64.08,,,0.36,,,,,0.0,-22.87140046,-43.45942235
2017-01-10 19:30:00,UNIDADE MOVEL BANGU,0.0,29.32,68.88,,,0.47,,,,,2.0,-22.87140046,-43.45942235
2017-01-10 20:30:00,UNIDADE MOVEL BANGU,0.0,28.38,71.7,,,0.37,,,,,2.0,-22.87140046,-43.45942235
2017-01-10 21:30:00,UNIDADE MOVEL BANGU,0.0,28.48,68.47,,,0.29,,,,,0.0,-22.87140046,-43.45942235
2017-01-10 22:30:00,UNIDADE MOVEL BANGU,0.0,27.83,68.62,,,0.2,,,,,9.0,-22.87140046,-43.45942235
2017-01-10 23:30:00,UNIDADE MOVEL BANGU,0.0,27.62,64.65,,,0.15,,,,,0.0,-22.87140046,-43.45942235
2017-01-11 00:30:00,UNIDADE MOVEL BANGU,0.0,27.4,63.35,,,,,,,,0.0,-22.87140046,-43.45942235
2017-01-11 01:30:00,UNIDADE MOVEL BANGU,0.0,26.73,65.67,,,,,,,,0.0,-22.87140046,-43.45942235
2017-01-11 02:30:00,UNIDADE MOVEL BANGU,0.0,26.88,63.23,,,,,,,,0.0,-22.87140046,-43.45942235
2017-01-11 03:30:00,UNIDADE MOVEL BANGU,0.0,26.88,63.02,,,,,,,,0.0,-22.87140046,-43.45942235
2017-01-11 04:30:00,UNIDADE MOVEL BANGU,0.0,26.62,64.15,,,,,,,,6.0,-22.87140046,-43.45942235
2017-01-11 05:30:00,UNIDADE MOVEL BANGU,0.0,26.38,65.38,,,,,,,,3.0,-22.87140046,-43.45942235
2017-01-11 06:30:00,UNIDADE MOVEL BANGU,0.0,27.1,64.98,,,,,,,,0.0,-22.87140046,-43.45942235
2017-01-11 07:30:00,UNIDADE MOVEL BANGU,0.0,28.63,59.13,,,,,,,,2.0,-22.87140046,-43.45942235
2017-01-11 08:30:00,UNIDADE MOVEL BANGU,0.0,30.5,52.9,,,,,,,,0.0,-22.87140046,-43.45942235
2017-01-11 09:30:00,UNIDADE MOVEL BANGU,0.0,32.32,48.38,,,,,,,,0.0,-22.87140046,-43.45942235
2017-01-11 10:30:00,UNIDADE MOVEL BANGU,0.0,33.75,44.77,,,,,,,,11.0,-22.87140046,-43.45942235
2017-01-11 11:30:00,UNIDADE MOVEL BANGU,0.0,34.58,42.07,,,,,,,,9.0,-22.87140046,-43.45942235
2017-01-11 12:30:00,UNIDADE MOVEL BANGU,0.0,35.3,42.1,,,,,,,,13.0,-22.87140046,-43.45942235
2017-01-11 13:30:00,UNIDADE MOVEL BANGU,0.0,34.48,50.8,,,,,,,,14.0,-22.87140046,-43.45942235
2017-01-11 14:30:00,UNIDADE MOVEL BANGU,0.0,34.57,49.03,,,,,,,,32.0,-22.87140046,-43.45942235
2017-01-11 15:30:00,UNIDADE MOVEL BANGU,0.0,33.87,50.38,,,,,,,,31.0,-22.87140046,-43.45942235
2017-01-11 16:30:00,UNIDADE MOVEL BANGU,6.0,27.36,68.26,,,,,,,,30.30952380952381,-22.87140046,-43.45942235
2017-01-13 09:30:00,UNIDADE MOVEL BANGU,,26.37,74.0,,,0.03,,,,,2.0,-22.87140046,-43.45942235
2017-01-13 10:30:00,UNIDADE MOVEL BANGU,,26.65,74.88,,,0.18500000000000003,,,,,13.0,-22.87140046,-43.45942235
2017-01-13 11:30:00,UNIDADE MOVEL BANGU,0.0,24.98,86.9,0.0,,0.34,,,,,0.0,-22.87140046,-43.45942235
2017-01-13 12:30:00,UNIDADE MOVEL BANGU,0.0,25.27,86.57,0.0,,0.45,,,,,0.0,-22.87140046,-43.45942235
2017-01-13 13:30:00,UNIDADE MOVEL BANGU,0.0,26.03,81.87,0.0,,0.46,,,,,0.0,-22.87140046,-43.45942235
2017-01-13 14:30:00,UNIDADE MOVEL BANGU,0.0,26.67,77.65,0.0,,0.35,,,,,0.0,-22.87140046,-43.45942235
2017-01-13 15:30:00,UNIDADE MOVEL BANGU,0.0,26.63,75.25,0.0,,0.4,,,,,0.0,-22.87140046,-43.45942235
2017-01-13 16:30:00,UNIDADE MOVEL BANGU,0.0,26.28,75.98,0.0,,0.45,,,,,28.0,-22.87140046,-43.45942235
2017-01-13 17:30:00,UNIDADE MOVEL BANGU,0.0,26.15,74.75,0.0,,0.53,,,,,20.0,-22.87140046,-43.45942235
2017-01-13 18:30:00,UNIDADE MOVEL BANGU,0.0,25.78,77.95,0.0,,0.59,,,,,21.0,-22.87140046,-43.45942235
2017-01-13 19:30:00,UNIDADE MOVEL BANGU,0.0,25.55,78.72,0.0,,0.74,,,,,34.0,-22.87140046,-43.45942235
2017-01-13 20:30:00,UNIDADE MOVEL BANGU,0.0,25.28,80.65,0.0,,0.66,,,,,25.0,-22.87140046,-43.45942235
2017-01-13 21:30:00,UNIDADE MOVEL BANGU,0.0,24.8,80.6,0.0,,0.52,,,,,9.0,-22.87140046,-43.45942235
2017-01-13 22:30:00,UNIDADE MOVEL BANGU,0.0,24.83,78.32,0.0,,0.34,,,,,15.0,-22.87140046,-43.45942235
2017-01-13 23:30:00,UNIDADE MOVEL BANGU,0.0,24.77,77.53,0.20999999999999996,,0.3,,,,,7.0,-22.87140046,-43.45942235
2017-01-14 00:30:00,UNIDADE MOVEL BANGU,0.0,24.73,77.85,0.42,,0.27,,,,,16.0,-22.87140046,-43.45942235
2017-01-14 01:30:00,UNIDADE MOVEL BANGU,0.0,24.45,80.18,0.54,,0.35,,,,,13.0,-22.87140046,-43.45942235
2017-01-14 02:30:00,UNIDADE MOVEL BANGU,0.0,24.27,81.7,0.55,,0.33,,,,,10.0,-22.87140046,-43.45942235
2017-01-14 03:30:00,UNIDADE MOVEL BANGU,0.0,24.3,81.28,0.18,,0.29,,,,,9.0,-22.87140046,-43.45942235
2017-01-14 04:30:00,UNIDADE MOVEL BANGU,0.0,24.23,83.43,0.31,,0.28,,,,,11.0,-22.87140046,-43.45942235
2017-01-14 05:30:00,UNIDADE MOVEL BANGU,0.0,23.88,85.77,0.27,,0.35,,,,,9.0,-22.87140046,-43.45942235
2017-01-14 06:30:00,UNIDADE MOVEL BANGU,0.0,24.13,86.72,0.54,,0.58,,,,,18.0,-22.87140046,-43.45942235
2017-01-14 07:30:00,UNIDADE MOVEL BANGU,0.0,25.28,80.83,0.2,,0.42,,,,,28.0,-22.87140046,-43.45942235
2017-01-14 08:30:00,UNIDADE MOVEL BANGU,0.0,28.0,66.25,0.21,,0.22,,,,,15.0,-22.87140046,-43.45942235
2017-01-14 09:30:00,UNIDADE MOVEL BANGU,0.0,29.6,57.13,0.0,,0.1,,,,,13.0,-22.87140046,-43.45942235
2017-01-14 10:30:00,UNIDADE MOVEL BANGU,0.0,30.42,53.75,0.27,,0.09,,,,,9.0,-22.87140046,-43.45942235
2017-01-14 11:30:00,UNIDADE MOVEL BANGU,0.0,30.62,53.33,1.16,,0.12,,,,,17.0,-22.87140046,-43.45942235
2017-01-14 12:30:00,UNIDADE MOVEL BANGU,0.0,31.42,50.5,1.86,,0.3,,,,,11.0,-22.87140046,-43.45942235
2017-01-14 13:30:00,UNIDADE MOVEL BANGU,0.0,31.73,51.0,6.7,,0.5,,,,,18.0,-22.87140046,-43.45942235
2017-01-14 14:30:00,UNIDADE MOVEL BANGU,0.0,32.98,46.93,3.56,,0.12,,,,,30.0,-22.87140046,-43.45942235
2017-01-14 15:30:00,UNIDADE MOVEL BANGU,0.0,32.67,45.4,5.03,,0.29,,,,,0.0,-22.87140046,-43.45942235
2017-01-14 16:30:00,UNIDADE MOVEL BANGU,0.0,31.85,49.17,4.65,,0.09,,,,,0.0,-22.87140046,-43.45942235
2017-01-14 17:30:00,UNIDADE MOVEL BANGU,0.0,30.6,51.73,1.75,,0.18,,,,,0.0,-22.87140046,-43.45942235
2017-01-14 18:30:00,UNIDADE MOVEL BANGU,0.0,29.35,54.73,1.04,,0.18,,,,,0.0,-22.87140046,-43.45942235
2017-01-14 19:30:00,UNIDADE MOVEL BANGU,0.0,28.12,60.23,1.29,,0.28,,,,,0.0,-22.87140046,-43.45942235
2017-01-14 20:30:00,UNIDADE MOVEL BANGU,0.0,27.58,63.53,0.96,,0.36,,,,,3.0,-22.87140046,-43.45942235
2017-01-14 21:30:00,UNIDADE MOVEL BANGU,0.0,27.0,68.53,0.89,,0.42,,,,,21.0,-22.87140046,-43.45942235
2017-01-14 22:30:00,UNIDADE MOVEL BANGU,0.0,26.3,72.37,0.67,,0.26,,,,,10.0,-22.87140046,-43.45942235
2017-01-14 23:30:00,UNIDADE MOVEL BANGU,0.0,26.03,75.1,0.79,,0.41,,,,,21.0,-22.87140046,-43.45942235
2017-01-15 00:30:00,UNIDADE MOVEL BANGU,0.0,25.73,75.85,1.35,,0.27,,,,,0.0,-22.87140046,-43.45942235
2017-01-15 01:30:00,UNIDADE MOVEL BANGU,0.0,25.6,76.93,1.53,,0.26,,,,,20.0,-22.87140046,-43.45942235
2017-01-15 02:30:00,UNIDADE MOVEL BANGU,0.0,25.27,78.42,1.11,,0.32,,,,,10.0,-22.87140046,-43.45942235
2017-01-15 03:30:00,UNIDADE MOVEL BANGU,0.0,25.17,79.48,0.38,,0.15,,,,,14.0,-22.87140046,-43.45942235
2017-01-15 04:30:00,UNIDADE MOVEL BANGU,0.0,25.13,78.6,0.01,,0.17,,,,,23.0,-22.87140046,-43.45942235
2017-01-15 05:30:00,UNIDADE MOVEL BANGU,0.0,24.73,78.45,0.0,,0.34,,,,,0.0,-22.87140046,-43.45942235
2017-01-15 06:30:00,UNIDADE MOVEL BANGU,0.0,25.1,76.83,0.0,,0.55,,,,,0.0,-22.87140046,-43.45942235
2017-01-15 07:30:00,UNIDADE MOVEL BANGU,0.0,27.2,69.77,0.13,,0.5,,,,,14.0,-22.87140046,-43.45942235
2017-01-15 08:30:00,UNIDADE MOVEL BANGU,0.0,29.43,60.95,,,0.31,,,,,14.0,-22.87140046,-43.45942235
2017-01-15 09:30:00,UNIDADE MOVEL BANGU,0.0,31.23,52.95,,,0.24,,,,,15.0,-22.87140046,-43.45942235
2017-01-15 10:30:00,UNIDADE MOVEL BANGU,0.0,33.4,47.13,,,0.15,,,,,9.0,-22.87140046,-43.45942235
2017-01-15 11:30:00,UNIDADE MOVEL BANGU,0.0,32.27,51.18,,,0.25,,,,,30.0,-22.87140046,-43.45942235
2017-01-15 12:30:00,UNIDADE MOVEL BANGU,0.0,32.72,50.47,,,0.18,,,,,10.0,-22.87140046,-43.45942235
2017-01-15 13:30:00,UNIDADE MOVEL BANGU,0.0,33.88,49.3,,,0.19,,,,,6.0,-22.87140046,-43.45942235
2017-01-15 14:30:00,UNIDADE MOVEL BANGU,1.0,31.1,62.43,,,0.15,,,,,5.0,-22.87140046,-43.45942235
2017-01-15 15:30:00,UNIDADE MOVEL BANGU,0.0,30.43,66.62,,,0.18,,,,,7.0,-22.87140046,-43.45942235
2017-01-15 16:30:00,UNIDADE MOVEL BANGU,0.0,29.68,61.17,,,0.24,,,,,6.0,-22.87140046,-43.45942235
2017-01-15 17:30:00,UNIDADE MOVEL BANGU,0.0,26.18,64.48,,,0.17,,,,,1.0,-22.87140046,-43.45942235
2017-01-15 18:30:00,UNIDADE MOVEL BANGU,0.0,26.4,63.58,,,0.24,,,,,0.0,-22.87140046,-43.45942235
2017-01-15 19:30:00,UNIDADE MOVEL BANGU,0.0,25.8,69.2,,,0.37,,,,,0.0,-22.87140046,-43.45942235
2017-01-15 20:30:00,UNIDADE MOVEL BANGU,0.0,25.42,73.27,,,0.56,,,,,10.0,-22.87140046,-43.45942235
2017-01-15 21:30:00,UNIDADE MOVEL BANGU,0.0,25.87,71.42,,,0.71,,,,,20.0,-22.87140046,-43.45942235
2017-01-15 22:30:00,UNIDADE MOVEL BANGU,0.0,26.13,70.13,,,0.49,,,,,16.0,-22.87140046,-43.45942235
2017-01-15 23:30:00,UNIDADE MOVEL BANGU,0.0,25.95,71.03,,,0.46,,,,,18.0,-22.87140046,-43.45942235
2017-01-16 00:30:00,UNIDADE MOVEL BANGU,0.0,25.48,74.52,,,0.34,,,,,13.0,-22.87140046,-43.45942235
2017-01-16 01:30:00,UNIDADE MOVEL BANGU,0.0,25.17,76.28,,,0.27,,,,,12.0,-22.87140046,-43.45942235
2017-01-16 02:30:00,UNIDADE MOVEL BANGU,0.0,25.1,75.78,,,0.18,,,,,8.0,-22.87140046,-43.45942235
2017-01-16 03:30:00,UNIDADE MOVEL BANGU,0.0,24.98,76.8,,,0.17,,,,,5.0,-22.87140046,-43.45942235
2017-01-16 04:30:00,UNIDADE MOVEL BANGU,0.0,24.77,78.28,,,0.2,,,,,17.0,-22.87140046,-43.45942235
2017-01-16 05:30:00,UNIDADE MOVEL BANGU,0.0,24.78,79.15,,,0.5,,,,,14.0,-22.87140046,-43.45942235
2017-01-16 06:30:00,UNIDADE MOVEL BANGU,0.0,25.53,76.25,,,0.6,,,,,7.0,-22.87140046,-43.45942235
2017-01-16 07:30:00,UNIDADE MOVEL BANGU,0.0,27.82,66.05,,,0.39,,,,,19.0,-22.87140046,-43.45942235
2017-01-16 08:30:00,UNIDADE MOVEL BANGU,0.0,31.25,50.92,,,0.22,,,,,15.0,-22.87140046,-43.45942235
2017-01-16 09:30:00,UNIDADE MOVEL BANGU,0.0,32.4,45.83,,,0.16,,,,,7.0,-22.87140046,-43.45942235
2017-01-16 10:30:00,UNIDADE MOVEL BANGU,0.0,33.92,42.72,,,0.1,,,,,6.0,-22.87140046,-43.45942235
2017-01-16 11:30:00,UNIDADE MOVEL BANGU,0.0,34.3,41.12,,,0.09,,,,,37.0,-22.87140046,-43.45942235
2017-01-16 12:30:00,UNIDADE MOVEL BANGU,0.0,34.07,41.48,4.55,,0.14,,,,,10.0,-22.87140046,-43.45942235
2017-01-16 13:30:00,UNIDADE MOVEL BANGU,0.0,34.98,38.43,5.29,,0.09,,,,,5.0,-22.87140046,-43.45942235
2017-01-16 14:30:00,UNIDADE MOVEL BANGU,0.0,36.22,35.47,6.06,,0.09,,,,,0.0,-22.87140046,-43.45942235
2017-01-16 15:30:00,UNIDADE MOVEL BANGU,0.0,36.23,34.38,6.44,,0.04,,,,,0.0,-22.87140046,-43.45942235
2017-01-16 16:30:00,UNIDADE MOVEL BANGU,0.0,35.87,34.98,6.1,,0.03,,,,,0.0,-22.87140046,-43.45942235
2017-01-16 17:30:00,UNIDADE MOVEL BANGU,2.0,30.5,53.2,4.62,,0.08,,,,,0.0,-22.87140046,-43.45942235
2017-01-16 18:30:00,UNIDADE MOVEL BANGU,3.0,24.4,85.02,2.15,,0.1,,,,,0.0,-22.87140046,-43.45942235
2017-01-16 19:30:00,UNIDADE MOVEL BANGU,0.0,24.47,83.92,1.48,,0.21,,,,,3.0,-22.87140046,-43.45942235
2017-01-16 20:30:00,UNIDADE MOVEL BANGU,0.0,25.12,79.42,1.31,,0.24,,,,,6.0,-22.87140046,-43.45942235
2017-01-16 21:30:00,UNIDADE MOVEL BANGU,0.0,26.02,76.53,1.08,,0.38,,,,,5.0,-22.87140046,-43.45942235
2017-01-16 22:30:00,UNIDADE MOVEL BANGU,0.0,26.08,77.82,1.0,,0.5,,,,,7.0,-22.87140046,-43.45942235
2017-01-16 23:30:00,UNIDADE MOVEL BANGU,0.0,25.67,78.25,0.55,,0.36,,,,,10.0,-22.87140046,-43.45942235
2017-01-17 00:30:00,UNIDADE MOVEL BANGU,0.0,25.98,78.07,1.1,,0.59,,,,,7.0,-22.87140046,-43.45942235
2017-01-17 01:30:00,UNIDADE MOVEL BANGU,0.0,26.05,77.25,0.96,,0.34,,,,,11.0,-22.87140046,-43.45942235
2017-01-17 02:30:00,UNIDADE MOVEL BANGU,0.0,26.25,74.05,0.79,,0.28,,,,,8.0,-22.87140046,-43.45942235
2017-01-17 03:30:00,UNIDADE MOVEL BANGU,0.0,26.45,73.28,0.34,,0.27,,,,,7.0,-22.87140046,-43.45942235
2017-01-17 04:30:00,UNIDADE MOVEL BANGU,0.0,26.38,70.63,0.24,,0.21,,,,,12.0,-22.87140046,-43.45942235
2017-01-17 05:30:00,UNIDADE MOVEL BANGU,0.0,26.12,72.27,0.23,,0.39,,,,,7.0,-22.87140046,-43.45942235
2017-01-17 06:30:00,UNIDADE MOVEL BANGU,0.0,26.45,72.6,0.77,,0.66,,,,,10.0,-22.87140046,-43.45942235
2017-01-17 07:30:00,UNIDADE MOVEL BANGU,0.0,29.03,57.08,0.3,,0.41,,,,,7.0,-22.87140046,-43.45942235
2017-01-17 08:30:00,UNIDADE MOVEL BANGU,0.0,30.37,47.27,0.0,,0.14,,,,,3.0,-22.87140046,-43.45942235
2017-01-17 09:30:00,UNIDADE MOVEL BANGU,0.0,31.38,43.1,0.0,,0.1,,,,,0.0,-22.87140046,-43.45942235
2017-01-17 10:30:00,UNIDADE MOVEL BANGU,0.0,31.73,40.73,0.0,,0.08,,,,,5.0,-22.87140046,-43.45942235
2017-01-17 11:30:00,UNIDADE MOVEL BANGU,0.0,32.7,36.1,0.81,,0.05,,,,,9.0,-22.87140046,-43.45942235
2017-01-17 12:30:00,UNIDADE MOVEL BANGU,0.0,32.73,35.42,1.78,,0.05,,,,,13.0,-22.87140046,-43.45942235
2017-01-17 13:30:00,UNIDADE MOVEL BANGU,0.0,34.75,31.78,3.11,,0.03,,,,,7.0,-22.87140046,-43.45942235
2017-01-17 14:30:00,UNIDADE MOVEL BANGU,0.0,34.93,31.2,5.3,,0.09,,,,,15.0,-22.87140046,-43.45942235
2017-01-17 15:30:00,UNIDADE MOVEL BANGU,0.0,34.83,32.03,5.88,,0.03,,,,,6.0,-22.87140046,-43.45942235
2017-01-17 16:30:00,UNIDADE MOVEL BANGU,0.0,34.82,32.58,5.55,,0.04,,,,,0.0,-22.87140046,-43.45942235
2017-01-17 17:30:00,UNIDADE MOVEL BANGU,0.0,33.0,37.1,3.41,,0.28,,,,,0.0,-22.87140046,-43.45942235
2017-01-17 18:30:00,UNIDADE MOVEL BANGU,0.0,31.77,38.7,1.84,,0.22,,,,,0.0,-22.87140046,-43.45942235
2017-01-17 19:30:00,UNIDADE MOVEL BANGU,0.0,31.0,37.58,1.89,,0.24,,,,,0.0,-22.87140046,-43.45942235
2017-01-17 20:30:00,UNIDADE MOVEL BANGU,0.0,30.65,38.65,2.85,,0.34,,,,,10.0,-22.87140046,-43.45942235
2017-01-17 21:30:00,UNIDADE MOVEL BANGU,0.0,30.2,46.88,2.53,,0.21,,,,,8.0,-22.87140046,-43.45942235
2017-01-17 22:30:00,UNIDADE MOVEL BANGU,0.0,29.32,51.1,2.23,,0.12,,,,,19.0,-22.87140046,-43.45942235
2017-01-17 23:30:00,UNIDADE MOVEL BANGU,0.0,28.78,54.28,1.27,,0.13,,,,,8.0,-22.87140046,-43.45942235
2017-01-18 00:30:00,UNIDADE MOVEL BANGU,0.0,28.05,58.07,1.03,,0.11,,,,,10.0,-22.87140046,-43.45942235
2017-01-18 01:30:00,UNIDADE MOVEL BANGU,0.0,27.53,60.07,0.85,,0.08,,,,,9.0,-22.87140046,-43.45942235
2017-01-18 02:30:00,UNIDADE MOVEL BANGU,0.0,27.03,61.92,0.89,,0.09,,,,,5.0,-22.87140046,-43.45942235
2017-01-18 03:30:00,UNIDADE MOVEL BANGU,0.0,27.3,55.45,0.37,,0.06,,,,,5.0,-22.87140046,-43.45942235
2017-01-18 04:30:00,UNIDADE MOVEL BANGU,0.0,28.13,46.7,0.51,,0.04,,,,,7.0,-22.87140046,-43.45942235
2017-01-18 05:30:00,UNIDADE MOVEL BANGU,0.0,27.78,48.13,0.53,,0.27,,,,,4.0,-22.87140046,-43.45942235
2017-01-18 06:30:00,UNIDADE MOVEL BANGU,0.0,28.35,46.9,1.3,,0.25,,,,,2.0,-22.87140046,-43.45942235
2017-01-18 07:30:00,UNIDADE MOVEL BANGU,0.0,29.93,43.85,0.82,,0.19,,,,,4.0,-22.87140046,-43.45942235
2017-01-18 08:30:00,UNIDADE MOVEL BANGU,0.0,32.22,37.65,0.47,,0.2,,,,,8.0,-22.87140046,-43.45942235
2017-01-18 09:30:00,UNIDADE MOVEL BANGU,0.0,33.55,33.62,0.28,,0.12,,,,,6.0,-22.87140046,-43.45942235
2017-01-18 10:30:00,UNIDADE MOVEL BANGU,0.0,33.08,35.87,2.19,,0.19,,,,,11.0,-22.87140046,-43.45942235
2017-01-18 11:30:00,UNIDADE MOVEL BANGU,0.0,35.28,30.8,2.09,,0.1,,,,,19.0,-22.87140046,-43.45942235
2017-01-18 12:30:00,UNIDADE MOVEL BANGU,0.0,36.03,29.08,4.58,,0.09,,,,,17.0,-22.87140046,-43.45942235
2017-01-18 13:30:00,UNIDADE MOVEL BANGU,0.0,36.92,28.27,5.76,,0.12,,,,,9.0,-22.87140046,-43.45942235
2017-01-18 14:30:00,UNIDADE MOVEL BANGU,0.0,37.33,27.42,6.6,,0.1,,,,,8.0,-22.87140046,-43.45942235
2017-01-18 15:30:00,UNIDADE MOVEL BANGU,0.0,35.88,30.95,7.27,,0.14,,,,,9.0,-22.87140046,-43.45942235
2017-01-18 16:30:00,UNIDADE MOVEL BANGU,0.0,34.48,37.4,5.82,,0.14,,,,,5.0,-22.87140046,-43.45942235
2017-01-18 17:30:00,UNIDADE MOVEL BANGU,0.0,33.45,40.0,3.25,,0.26,,,,,1.0,-22.87140046,-43.45942235
2017-01-18 18:30:00,UNIDADE MOVEL BANGU,0.0,32.18,39.83,1.69,,0.27,,,,,0.0,-22.87140046,-43.45942235
2017-01-18 19:30:00,UNIDADE MOVEL BANGU,0.0,31.08,44.83,2.1,,0.39,,,,,0.0,-22.87140046,-43.45942235
2017-01-18 20:30:00,UNIDADE MOVEL BANGU,0.0,29.4,65.18,1.58,,0.32,,,,,0.0,-22.87140046,-43.45942235
2017-01-18 21:30:00,UNIDADE MOVEL BANGU,0.0,28.35,73.77,1.23,,0.19,,,,,29.0,-22.87140046,-43.45942235
2017-01-18 22:30:00,UNIDADE MOVEL BANGU,0.0,27.93,75.13,0.69,,0.16,,,,,12.0,-22.87140046,-43.45942235
2017-01-18 23:30:00,UNIDADE MOVEL BANGU,0.0,27.63,74.72,0.4,,0.1,,,,,7.0,-22.87140046,-43.45942235
2017-01-19 00:30:00,UNIDADE MOVEL BANGU,0.0,27.38,73.73,1.26,,0.09,,,,,3.0,-22.87140046,-43.45942235
2017-01-19 01:30:00,UNIDADE MOVEL BANGU,0.0,26.92,70.13,1.65,,0.1,,,,,6.0,-22.87140046,-43.45942235
2017-01-19 02:30:00,UNIDADE MOVEL BANGU,0.0,26.67,68.98,0.97,,0.1,,,,,5.0,-22.87140046,-43.45942235
2017-01-19 03:30:00,UNIDADE MOVEL BANGU,0.0,26.18,71.97,1.02,,0.08,,,,,14.0,-22.87140046,-43.45942235
2017-01-19 04:30:00,UNIDADE MOVEL BANGU,0.0,25.85,72.82,0.76,,0.1,,,,,8.0,-22.87140046,-43.45942235
2017-01-19 05:30:00,UNIDADE MOVEL BANGU,0.0,25.7,72.25,0.74,,0.26,,,,,20.0,-22.87140046,-43.45942235
2017-01-19 06:30:00,UNIDADE MOVEL BANGU,0.0,26.52,70.78,0.84,,0.42,,,,,18.0,-22.87140046,-43.45942235
2017-01-19 07:30:00,UNIDADE MOVEL BANGU,0.0,27.48,66.78,0.73,,0.32,,,,,2.0,-22.87140046,-43.45942235
2017-01-19 08:30:00,UNIDADE MOVEL BANGU,0.0,29.18,58.2,0.23,,0.28,,,,,6.0,-22.87140046,-43.45942235
2017-01-19 09:30:00,UNIDADE MOVEL BANGU,0.0,30.28,50.32,0.0,,0.23,,,,,6.0,-22.87140046,-43.45942235
2017-01-19 10:30:00,UNIDADE MOVEL BANGU,0.0,32.1,47.08,1.44,,0.5,,,,,10.0,-22.87140046,-43.45942235
2017-01-19 11:30:00,UNIDADE MOVEL BANGU,0.0,31.25,52.78,5.12,,0.05,,,,,29.0,-22.87140046,-43.45942235
2017-01-19 12:30:00,UNIDADE MOVEL BANGU,0.0,30.77,56.43,7.84,,0.16,,,,,20.0,-22.87140046,-43.45942235
2017-01-19 13:30:00,UNIDADE MOVEL BANGU,0.0,30.22,59.65,4.54,,0.08,,,,,16.0,-22.87140046,-43.45942235
2017-01-19 14:30:00,UNIDADE MOVEL BANGU,0.0,30.25,59.73,5.165,,0.17,,,,,12.0,-22.87140046,-43.45942235
2017-01-19 15:30:00,UNIDADE MOVEL BANGU,0.0,29.78,61.95,5.79,,0.14,,,,,8.0,-22.87140046,-43.45942235
2017-01-19 16:30:00,UNIDADE MOVEL BANGU,0.0,28.18,64.2,6.415,,0.05,,,,,13.0,-22.87140046,-43.45942235
2017-01-19 17:30:00,UNIDADE MOVEL BANGU,0.0,27.47,67.33,7.04,,0.14,,,,,15.0,-22.87140046,-43.45942235
2017-01-19 18:30:00,UNIDADE MOVEL BANGU,0.0,27.2,66.45,2.97,,0.13,,,,,8.0,-22.87140046,-43.45942235
2017-01-19 19:30:00,UNIDADE MOVEL BANGU,11.0,24.58,82.02,0.0,,0.22,,,,,4.0,-22.87140046,-43.45942235
2017-01-19 20:30:00,UNIDADE MOVEL BANGU,19.0,22.97,93.1,0.0,,0.08,,,,,0.0,-22.87140046,-43.45942235
2017-01-19 21:30:00,UNIDADE MOVEL BANGU,0.0,23.0,93.33,0.0,,0.18,,,,,25.0,-22.87140046,-43.45942235
2017-01-19 22:30:00,UNIDADE MOVEL BANGU,0.0,23.1,90.52,0.0,,0.16,,,,,7.0,-22.87140046,-43.45942235
2017-01-19 23:30:00,UNIDADE MOVEL BANGU,0.0,23.33,86.12,0.635,,0.11,,,,,9.0,-22.87140046,-43.45942235
2017-01-20 00:30:00,UNIDADE MOVEL BANGU,0.0,23.58,84.92,1.27,,0.04,,,,,17.0,-22.87140046,-43.45942235
2017-01-20 01:30:00,UNIDADE MOVEL BANGU,0.0,23.43,85.12,2.23,,0.12,,,,,10.0,-22.87140046,-43.45942235
2017-01-20 02:30:00,UNIDADE MOVEL BANGU,0.0,23.37,86.3,2.27,,0.05,,,,,26.0,-22.87140046,-43.45942235
2017-01-20 03:30:00,UNIDADE MOVEL BANGU,0.0,23.5,86.0,2.25,,0.07,,,,,12.0,-22.87140046,-43.45942235
2017-01-20 04:30:00,UNIDADE MOVEL BANGU,0.0,23.68,85.5,4.84,,0.08,,,,,9.0,-22.87140046,-43.45942235
2017-01-20 05:30:00,UNIDADE MOVEL BANGU,0.0,23.78,85.68,3.24,,0.12,,,,,6.0,-22.87140046,-43.45942235
2017-01-20 06:30:00,UNIDADE MOVEL BANGU,0.0,23.98,83.25,3.51,,0.28,,,,,10.0,-22.87140046,-43.45942235
2017-01-20 07:30:00,UNIDADE MOVEL BANGU,0.0,25.1,78.8,3.24,,0.19,,,,,6.0,-22.87140046,-43.45942235
2017-01-20 08:30:00,UNIDADE MOVEL BANGU,0.0,26.83,70.83,2.91,,0.22,,,,,3.0,-22.87140046,-43.45942235
2017-01-20 09:30:00,UNIDADE MOVEL BANGU,0.0,28.13,64.33,1.85,,0.14,,,,,5.0,-22.87140046,-43.45942235
2017-01-20 10:30:00,UNIDADE MOVEL BANGU,0.0,29.78,58.37,1.35,,0.09,,,,,5.0,-22.87140046,-43.45942235
2017-01-20 11:30:00,UNIDADE MOVEL BANGU,0.0,29.47,59.85,1.18,,0.18,,,,,18.0,-22.87140046,-43.45942235
2017-01-20 12:30:00,UNIDADE MOVEL BANGU,0.0,28.42,65.42,1.73,,0.18,,,,,21.0,-22.87140046,-43.45942235
2017-01-20 13:30:00,UNIDADE MOVEL BANGU,0.0,29.38,62.48,2.58,,0.18,,,,,21.0,-22.87140046,-43.45942235
2017-01-20 14:30:00,UNIDADE MOVEL BANGU,0.0,30.02,61.48,1.49,,0.31,,,,,18.0,-22.87140046,-43.45942235
2017-01-20 15:30:00,UNIDADE MOVEL BANGU,1.0,27.37,73.0,2.92,,0.17,,,,,12.0,-22.87140046,-43.45942235
2017-01-20 16:30:00,UNIDADE MOVEL BANGU,0.0,26.43,73.62,3.6,,0.16,,,,,18.0,-22.87140046,-43.45942235
2017-01-20 17:30:00,UNIDADE MOVEL BANGU,0.0,25.35,76.22,2.87,,0.14,,,,,9.0,-22.87140046,-43.45942235
2017-01-20 18:30:00,UNIDADE MOVEL BANGU,0.0,25.1,77.68,3.02,,0.32,,,,,11.0,-22.87140046,-43.45942235
2017-01-20 19:30:00,UNIDADE MOVEL BANGU,0.0,25.03,75.28,3.38,,0.29,,,,,15.0,-22.87140046,-43.45942235
2017-01-20 20:30:00,UNIDADE MOVEL BANGU,0.0,24.8,77.33,3.33,,0.25,,,,,8.0,-22.87140046,-43.45942235
2017-01-20 21:30:00,UNIDADE MOVEL BANGU,0.0,24.82,77.28,3.13,,0.27,,,,,15.0,-22.87140046,-43.45942235
2017-01-20 22:30:00,UNIDADE MOVEL BANGU,0.0,24.5,80.52,3.37,,0.57,,,,,12.0,-22.87140046,-43.45942235
2017-01-20 23:30:00,UNIDADE MOVEL BANGU,0.0,24.33,82.42,2.92,,0.42,,,,,16.0,-22.87140046,-43.45942235
2017-01-21 00:30:00,UNIDADE MOVEL BANGU,0.0,24.17,80.8,0.74,,0.47,,,,,10.0,-22.87140046,-43.45942235
2017-01-21 01:30:00,UNIDADE MOVEL BANGU,0.0,23.95,81.22,0.21,,0.39,,,,,25.0,-22.87140046,-43.45942235
2017-01-21 02:30:00,UNIDADE MOVEL BANGU,0.0,23.85,81.88,0.28,,0.41,,,,,14.0,-22.87140046,-43.45942235
2017-01-21 03:30:00,UNIDADE MOVEL BANGU,0.0,23.8,81.8,0.26,,0.41,,,,,24.0,-22.87140046,-43.45942235
2017-01-21 04:30:00,UNIDADE MOVEL BANGU,0.0,23.63,82.17,0.51,,0.44,,,,,21.0,-22.87140046,-43.45942235
2017-01-21 05:30:00,UNIDADE MOVEL BANGU,0.0,23.75,82.37,0.99,,0.51,,,,,13.0,-22.87140046,-43.45942235
2017-01-21 06:30:00,UNIDADE MOVEL BANGU,0.0,24.48,80.42,0.93,,0.35,,,,,15.0,-22.87140046,-43.45942235
2017-01-21 07:30:00,UNIDADE MOVEL BANGU,0.0,25.8,75.17,0.6,,0.25,,,,,7.0,-22.87140046,-43.45942235
2017-01-21 08:30:00,UNIDADE MOVEL BANGU,0.0,27.7,64.97,0.21,,0.18,,,,,3.0,-22.87140046,-43.45942235
2017-01-21 09:30:00,UNIDADE MOVEL BANGU,0.0,28.32,62.02,0.0,,0.34,,,,,18.0,-22.87140046,-43.45942235
2017-01-21 10:30:00,UNIDADE MOVEL BANGU,0.0,30.35,53.72,0.0,,0.35,,,,,16.0,-22.87140046,-43.45942235
2017-01-21 11:30:00,UNIDADE MOVEL BANGU,0.0,30.6,52.32,0.0,,0.38,,,,,14.0,-22.87140046,-43.45942235
2017-01-21 12:30:00,UNIDADE MOVEL BANGU,0.0,31.67,52.32,0.0,,0.34,,,,,13.0,-22.87140046,-43.45942235
2017-01-21 13:30:00,UNIDADE MOVEL BANGU,0.0,32.28,52.83,0.0,,0.28,,,,,9.0,-22.87140046,-43.45942235
2017-01-21 14:30:00,UNIDADE MOVEL BANGU,0.0,30.05,58.67,0.0,,0.26,,,,,7.0,-22.87140046,-43.45942235
2017-01-21 15:30:00,UNIDADE MOVEL BANGU,0.0,29.92,58.2,0.0,,0.28,,,,,10.0,-22.87140046,-43.45942235
2017-01-21 16:30:00,UNIDADE MOVEL BANGU,0.0,27.72,67.98,0.77,,0.53,,,,,6.0,-22.87140046,-43.45942235
2017-01-21 17:30:00,UNIDADE MOVEL BANGU,0.0,26.8,73.17,1.46,,0.55,,,,,23.0,-22.87140046,-43.45942235
2017-01-21 18:30:00,UNIDADE MOVEL BANGU,0.0,26.38,73.07,1.7,,0.55,,,,,23.0,-22.87140046,-43.45942235
2017-01-21 19:30:00,UNIDADE MOVEL BANGU,0.0,26.08,70.52,1.38,,0.53,,,,,25.0,-22.87140046,-43.45942235
2017-01-21 20:30:00,UNIDADE MOVEL BANGU,0.0,25.63,72.57,1.04,,0.64,,,,,12.0,-22.87140046,-43.45942235
2017-01-21 21:30:00,UNIDADE MOVEL BANGU,0.0,25.05,78.77,0.77,,0.56,,,,,18.0,-22.87140046,-43.45942235
2017-01-21 22:30:00,UNIDADE MOVEL BANGU,0.0,25.02,77.42,0.62,,0.48,,,,,24.0,-22.87140046,-43.45942235
2017-01-21 23:30:00,UNIDADE MOVEL BANGU,0.0,24.87,78.77,0.63,,0.37,,,,,16.0,-22.87140046,-43.45942235
2017-01-22 00:30:00,UNIDADE MOVEL BANGU,0.0,24.72,80.53,0.69,,0.1,,,,,16.0,-22.87140046,-43.45942235
2017-01-22 01:30:00,UNIDADE MOVEL BANGU,0.0,24.68,81.83,0.26,,0.07,,,,,26.0,-22.87140046,-43.45942235
2017-01-22 02:30:00,UNIDADE MOVEL BANGU,0.0,24.68,81.63,0.51,,0.07,,,,,12.0,-22.87140046,-43.45942235
2017-01-22 03:30:00,UNIDADE MOVEL BANGU,0.0,24.45,81.73,0.51,,0.03,,,,,7.0,-22.87140046,-43.45942235
2017-01-22 04:30:00,UNIDADE MOVEL BANGU,0.0,24.1,80.37,0.73,,0.03,,,,,6.0,-22.87140046,-43.45942235
2017-01-22 05:30:00,UNIDADE MOVEL BANGU,0.0,24.0,80.0,1.13,,0.1,,,,,15.0,-22.87140046,-43.45942235
2017-01-22 06:30:00,UNIDADE MOVEL BANGU,0.0,23.98,82.95,1.83,,0.13,,,,,10.0,-22.87140046,-43.45942235
2017-01-22 07:30:00,UNIDADE MOVEL BANGU,0.0,25.4,77.8,1.49,,0.07,,,,,5.0,-22.87140046,-43.45942235
2017-01-22 08:30:00,UNIDADE MOVEL BANGU,0.0,28.53,62.9,1.12,,0.15,,,,,14.0,-22.87140046,-43.45942235
2017-01-22 09:30:00,UNIDADE MOVEL BANGU,0.0,28.62,60.98,0.0,,0.07,,,,,15.0,-22.87140046,-43.45942235
2017-01-22 10:30:00,UNIDADE MOVEL BANGU,0.0,30.38,53.18,0.0,,0.07,,,,,12.0,-22.87140046,-43.45942235
2017-01-22 11:30:00,UNIDADE MOVEL BANGU,0.0,32.07,48.3,0.0,,0.06,,,,,18.0,-22.87140046,-43.45942235
2017-01-22 12:30:00,UNIDADE MOVEL BANGU,0.0,32.93,45.38,0.24,,0.05,,,,,11.0,-22.87140046,-43.45942235
2017-01-22 13:30:00,UNIDADE MOVEL BANGU,0.0,33.45,45.13,0.98,,0.05,,,,,27.0,-22.87140046,-43.45942235
2017-01-22 14:30:00,UNIDADE MOVEL BANGU,0.0,32.32,50.8,0.91,,0.02,,,,,21.0,-22.87140046,-43.45942235
2017-01-22 15:30:00,UNIDADE MOVEL BANGU,1.0,31.47,53.7,0.16,,0.04,,,,,0.0,-22.87140046,-43.45942235
2017-01-22 16:30:00,UNIDADE MOVEL BANGU,0.0,30.07,56.02,0.22,,0.3,,,,,1.0,-22.87140046,-43.45942235
2017-01-22 17:30:00,UNIDADE MOVEL BANGU,0.0,28.67,62.32,1.11,,0.13,,,,,3.0,-22.87140046,-43.45942235
2017-01-22 18:30:00,UNIDADE MOVEL BANGU,0.0,28.12,64.65,1.83,,0.31,,,,,16.0,-22.87140046,-43.45942235
2017-01-22 19:30:00,UNIDADE MOVEL BANGU,0.0,27.67,67.87,1.75,,0.12,,,,,11.0,-22.87140046,-43.45942235
2017-01-22 20:30:00,UNIDADE MOVEL BANGU,0.0,25.88,75.4,1.73,,0.04,,,,,8.0,-22.87140046,-43.45942235
2017-01-22 21:30:00,UNIDADE MOVEL BANGU,22.0,22.3,91.28,1.54,,0.04,,,,,4.0,-22.87140046,-43.45942235
2017-01-22 22:30:00,UNIDADE MOVEL BANGU,0.0,22.48,89.07,1.83,,0.04,,,,,9.0,-22.87140046,-43.45942235
2017-01-22 23:30:00,UNIDADE MOVEL BANGU,0.0,23.22,87.4,1.74,,0.05,,,,,5.0,-22.87140046,-43.45942235
2017-01-23 00:30:00,UNIDADE MOVEL BANGU,0.0,23.52,87.27,0.67,,0.06,,,,,9.0,-22.87140046,-43.45942235
2017-01-23 01:30:00,UNIDADE MOVEL BANGU,0.0,23.58,86.75,0.14,,0.03,,,,,8.0,-22.87140046,-43.45942235
2017-01-23 02:30:00,UNIDADE MOVEL BANGU,0.0,23.62,85.58,0.01,,0.01,,,,,4.0,-22.87140046,-43.45942235
2017-01-23 03:30:00,UNIDADE MOVEL BANGU,0.0,23.62,83.8,0.0,,0.07,,,,,19.0,-22.87140046,-43.45942235
2017-01-23 04:30:00,UNIDADE MOVEL BANGU,0.0,23.67,81.17,0.0,,0.04,,,,,33.0,-22.87140046,-43.45942235
2017-01-23 05:30:00,UNIDADE MOVEL BANGU,0.0,22.97,84.73,0.34,,0.2,,,,,6.0,-22.87140046,-43.45942235
2017-01-23 06:30:00,UNIDADE MOVEL BANGU,0.0,23.12,86.33,0.68,,0.68,,,,,8.0,-22.87140046,-43.45942235
2017-01-23 07:30:00,UNIDADE MOVEL BANGU,0.0,24.82,79.57,0.85,,0.18,,,,,15.0,-22.87140046,-43.45942235
2017-01-23 08:30:00,UNIDADE MOVEL BANGU,0.0,26.88,72.93,0.27,,0.31,,,,,12.0,-22.87140046,-43.45942235
2017-01-23 09:30:00,UNIDADE MOVEL BANGU,0.0,27.6,70.05,0.0,,0.31,,,,,16.0,-22.87140046,-43.45942235
2017-01-23 10:30:00,UNIDADE MOVEL BANGU,0.0,29.57,59.48,0.0,,0.32,,,,,20.0,-22.87140046,-43.45942235
2017-01-23 11:30:00,UNIDADE MOVEL BANGU,0.0,31.73,51.67,0.0,,0.17,,,,,10.0,-22.87140046,-43.45942235
2017-01-23 12:30:00,UNIDADE MOVEL BANGU,0.0,32.62,48.67,0.0,,0.26,,,,,11.0,-22.87140046,-43.45942235
2017-01-23 13:30:00,UNIDADE MOVEL BANGU,0.0,34.28,42.42,0.16,,0.12,,,,,20.0,-22.87140046,-43.45942235
2017-01-23 14:30:00,UNIDADE MOVEL BANGU,0.0,34.77,43.1,0.64,,0.09,,,,,32.0,-22.87140046,-43.45942235
2017-01-23 15:30:00,UNIDADE MOVEL BANGU,0.0,34.8,45.53,0.48,,0.11,,,,,12.0,-22.87140046,-43.45942235
2017-01-23 16:30:00,UNIDADE MOVEL BANGU,0.0,32.82,51.3,0.03,,0.1,,,,,12.0,-22.87140046,-43.45942235
2017-01-23 17:30:00,UNIDADE MOVEL BANGU,0.0,29.98,64.05,0.34,,0.21,,,,,4.0,-22.87140046,-43.45942235
2017-01-23 18:30:00,UNIDADE MOVEL BANGU,0.0,28.25,65.6,1.68,,0.23,,,,,19.0,-22.87140046,-43.45942235
2017-01-23 19:30:00,UNIDADE MOVEL BANGU,0.0,28.22,64.6,1.62,,0.26,,,,,21.0,-22.87140046,-43.45942235
2017-01-23 20:30:00,UNIDADE MOVEL BANGU,0.0,27.78,72.0,1.25,,0.15,,,,,6.0,-22.87140046,-43.45942235
2017-01-23 21:30:00,UNIDADE MOVEL BANGU,0.0,27.23,75.75,1.02,,0.13,,,,,19.0,-22.87140046,-43.45942235
2017-01-23 22:30:00,UNIDADE MOVEL BANGU,0.0,26.3,79.48,0.76,,0.13,,,,,24.0,-22.87140046,-43.45942235
2017-01-23 23:30:00,UNIDADE MOVEL BANGU,0.0,25.78,79.37,0.66,,0.08,,,,,16.0,-22.87140046,-43.45942235
2017-01-24 00:30:00,UNIDADE MOVEL BANGU,0.0,25.37,77.43,0.63,,0.08,,,,,9.0,-22.87140046,-43.45942235
2017-01-24 01:30:00,UNIDADE MOVEL BANGU,0.0,25.02,72.5,0.27,,0.15,,,,,7.0,-22.87140046,-43.45942235
2017-01-24 02:30:00,UNIDADE MOVEL BANGU,0.0,24.98,70.3,0.14,,0.12,,,,,5.0,-22.87140046,-43.45942235
2017-01-24 03:30:00,UNIDADE MOVEL BANGU,0.0,24.88,71.27,0.43,,0.15,,,,,12.0,-22.87140046,-43.45942235
2017-01-24 04:30:00,UNIDADE MOVEL BANGU,0.0,24.68,76.27,0.58,,0.14,,,,,15.0,-22.87140046,-43.45942235
2017-01-24 05:30:00,UNIDADE MOVEL BANGU,0.0,24.5,79.77,0.46,,0.27,,,,,15.0,-22.87140046,-43.45942235
2017-01-24 06:30:00,UNIDADE MOVEL BANGU,0.0,24.95,78.0,0.73,,0.49,,,,,18.0,-22.87140046,-43.45942235
2017-01-24 07:30:00,UNIDADE MOVEL BANGU,0.0,25.32,77.67,0.62,,0.35,,,,,14.0,-22.87140046,-43.45942235
2017-01-24 08:30:00,UNIDADE MOVEL BANGU,0.0,27.2,71.3,0.44,,0.34,,,,,16.0,-22.87140046,-43.45942235
2017-01-24 09:30:00,UNIDADE MOVEL BANGU,0.0,29.9,60.92,0.0,,0.58,,,,,13.0,-22.87140046,-43.45942235
2017-01-24 10:30:00,UNIDADE MOVEL BANGU,0.0,31.72,51.45,0.0,,0.47,,,,,51.0,-22.87140046,-43.45942235
2017-01-24 11:30:00,UNIDADE MOVEL BANGU,0.0,33.63,44.3,0.24,,0.41,,,,,23.0,-22.87140046,-43.45942235
2017-01-24 12:30:00,UNIDADE MOVEL BANGU,0.0,34.8,39.38,1.56,,0.29,,,,,33.0,-22.87140046,-43.45942235
2017-01-24 13:30:00,UNIDADE MOVEL BANGU,0.0,35.82,36.43,3.47,,0.24,,,,,15.0,-22.87140046,-43.45942235
2017-01-24 14:30:00,UNIDADE MOVEL BANGU,0.0,36.55,34.3,4.43,,0.21,,,,,13.0,-22.87140046,-43.45942235
2017-01-24 15:30:00,UNIDADE MOVEL BANGU,0.0,36.22,36.4,4.39,,0.27,,,,,10.0,-22.87140046,-43.45942235
2017-01-24 16:30:00,UNIDADE MOVEL BANGU,0.0,33.18,47.53,1.3,,0.51,,,,,11.0,-22.87140046,-43.45942235
2017-01-24 17:30:00,UNIDADE MOVEL BANGU,1.0,29.35,60.85,0.82,,0.46,,,,,6.0,-22.87140046,-43.45942235
2017-01-24 18:30:00,UNIDADE MOVEL BANGU,1.0,27.17,70.47,1.91,,0.44,,,,,16.0,-22.87140046,-43.45942235
2017-01-24 19:30:00,UNIDADE MOVEL BANGU,4.0,25.47,79.78,2.13,,0.35,,,,,3.0,-22.87140046,-43.45942235
2017-01-24 20:30:00,UNIDADE MOVEL BANGU,0.0,24.92,83.37,1.55,,0.43,,,,,44.0,-22.87140046,-43.45942235
2017-01-24 21:30:00,UNIDADE MOVEL BANGU,0.0,26.08,72.08,1.04,,0.42,,,,,0.0,-22.87140046,-43.45942235
2017-01-24 22:30:00,UNIDADE MOVEL BANGU,0.0,26.27,67.93,1.08,,0.32,,,,,15.0,-22.87140046,-43.45942235
2017-01-24 23:30:00,UNIDADE MOVEL BANGU,0.0,26.57,64.37,0.88,,0.24,,,,,0.0,-22.87140046,-43.45942235
2017-01-25 00:30:00,UNIDADE MOVEL BANGU,0.0,26.73,62.65,0.73,,0.06,,,,,5.0,-22.87140046,-43.45942235
2017-01-25 01:30:00,UNIDADE MOVEL BANGU,0.0,26.22,67.82,1.19,,0.12,,,,,11.0,-22.87140046,-43.45942235
2017-01-25 02:30:00,UNIDADE MOVEL BANGU,0.0,25.12,77.57,1.16,,0.13,,,,,7.0,-22.87140046,-43.45942235
2017-01-25 03:30:00,UNIDADE MOVEL BANGU,0.0,25.1,77.07,1.01,,0.12,,,,,18.0,-22.87140046,-43.45942235
2017-01-25 04:30:00,UNIDADE MOVEL BANGU,0.0,24.87,79.05,0.49,,0.17,,,,,5.0,-22.87140046,-43.45942235
2017-01-25 05:30:00,UNIDADE MOVEL BANGU,0.0,24.63,80.77,1.25,,0.3,,,,,9.0,-22.87140046,-43.45942235
2017-01-25 06:30:00,UNIDADE MOVEL BANGU,0.0,25.55,76.2,1.58,,0.44,,,,,16.0,-22.87140046,-43.45942235
2017-01-25 07:30:00,UNIDADE MOVEL BANGU,0.0,26.73,71.8,1.03,,0.4,,,,,22.0,-22.87140046,-43.45942235
2017-01-25 08:30:00,UNIDADE MOVEL BANGU,0.0,30.75,57.43,0.89,,0.33,,,,,23.0,-22.87140046,-43.45942235
2017-01-25 09:30:00,UNIDADE MOVEL BANGU,0.0,32.4,45.82,0.0,,0.17,,,,,11.0,-22.87140046,-43.45942235
2017-01-25 10:30:00,UNIDADE MOVEL BANGU,0.0,33.48,41.4,0.0,,0.11,,,,,13.0,-22.87140046,-43.45942235
2017-01-25 11:30:00,UNIDADE MOVEL BANGU,0.0,34.22,37.93,0.0,,0.08,,,,,7.0,-22.87140046,-43.45942235
2017-01-25 12:30:00,UNIDADE MOVEL BANGU,0.0,34.17,38.73,0.0,,0.03,,,,,6.0,-22.87140046,-43.45942235
2017-01-25 13:30:00,UNIDADE MOVEL BANGU,0.0,34.1,39.18,0.0,,0.07,,,,,10.0,-22.87140046,-43.45942235
2017-01-25 14:30:00,UNIDADE MOVEL BANGU,0.0,35.8,36.3,0.0,,0.01,,,,,9.0,-22.87140046,-43.45942235
2017-01-25 15:30:00,UNIDADE MOVEL BANGU,0.0,37.07,34.17,0.59,,0.02,,,,,8.0,-22.87140046,-43.45942235
2017-01-25 16:30:00,UNIDADE MOVEL BANGU,3.0,33.38,44.88,1.16,,0.02,,,,,7.0,-22.87140046,-43.45942235
2017-01-25 17:30:00,UNIDADE MOVEL BANGU,0.0,25.95,82.62,1.15,,0.24,,,,,0.0,-22.87140046,-43.45942235
2017-01-25 18:30:00,UNIDADE MOVEL BANGU,0.0,26.95,80.3,1.39,,0.35,,,,,0.0,-22.87140046,-43.45942235
2017-01-25 19:30:00,UNIDADE MOVEL BANGU,0.0,26.83,77.25,1.21,,0.39,,,,,7.0,-22.87140046,-43.45942235
2017-01-25 20:30:00,UNIDADE MOVEL BANGU,0.0,27.57,65.53,1.32,,0.09,,,,,11.0,-22.87140046,-43.45942235
2017-01-25 21:30:00,UNIDADE MOVEL BANGU,0.0,27.58,66.13,1.11,,0.05,,,,,12.0,-22.87140046,-43.45942235
2017-01-25 22:30:00,UNIDADE MOVEL BANGU,0.0,27.4,67.22,0.89,,0.05,,,,,13.0,-22.87140046,-43.45942235
2017-01-25 23:30:00,UNIDADE MOVEL BANGU,0.0,26.95,68.93,0.32,,,,,,,14.0,-22.87140046,-43.45942235
2017-01-26 00:30:00,UNIDADE MOVEL BANGU,0.0,26.7,69.72,0.51,,,,,,,8.0,-22.87140046,-43.45942235
2017-01-26 01:30:00,UNIDADE MOVEL BANGU,0.0,26.58,69.23,0.78,,,,,,,8.0,-22.87140046,-43.45942235
2017-01-26 02:30:00,UNIDADE MOVEL BANGU,0.0,26.97,65.53,0.39,,,,,,,2.0,-22.87140046,-43.45942235
2017-01-26 03:30:00,UNIDADE MOVEL BANGU,0.0,27.5,62.48,0.02,,,,,,,2.0,-22.87140046,-43.45942235
2017-01-26 04:30:00,UNIDADE MOVEL BANGU,0.0,27.68,61.45,0.04,,,,,,,5.0,-22.87140046,-43.45942235
2017-01-26 05:30:00,UNIDADE MOVEL BANGU,0.0,27.68,60.8,0.0,,,,,,,15.0,-22.87140046,-43.45942235
2017-01-26 06:30:00,UNIDADE MOVEL BANGU,0.0,28.08,59.9,0.33,,,,,,,8.0,-22.87140046,-43.45942235
2017-01-26 07:30:00,UNIDADE MOVEL BANGU,0.0,29.53,55.32,0.92,,,,,,,5.0,-22.87140046,-43.45942235
2017-01-26 08:30:00,UNIDADE MOVEL BANGU,0.0,32.3,46.0,0.86,,,,,,,4.0,-22.87140046,-43.45942235
2017-01-26 09:30:00,UNIDADE MOVEL BANGU,0.0,34.1,40.42,,,,,,,,24.0,-22.87140046,-43.45942235
2017-01-26 10:30:00,UNIDADE MOVEL BANGU,0.0,35.67,36.8,,,,,,,,20.0,-22.87140046,-43.45942235
2017-01-26 11:30:00,UNIDADE MOVEL BANGU,0.0,36.4,34.9,,,0.12,,,,,19.0,-22.87140046,-43.45942235
2017-01-26 12:30:00,UNIDADE MOVEL BANGU,0.0,36.1,35.55,,,0.07,,,,,4.0,-22.87140046,-43.45942235
2017-01-26 13:30:00,UNIDADE MOVEL BANGU,0.0,36.65,35.08,,,0.07,,,,,4.0,-22.87140046,-43.45942235
2017-01-26 14:30:00,UNIDADE MOVEL BANGU,0.0,36.48,39.18,2.63,,0.19,,,,,10.0,-22.87140046,-43.45942235
2017-01-26 15:30:00,UNIDADE MOVEL BANGU,5.0,32.57,52.97,0.21,,0.27,,,,,12.0,-22.87140046,-43.45942235
2017-01-26 16:30:00,UNIDADE MOVEL BANGU,0.0,28.57,64.4,,,0.2,,,,,12.0,-22.87140046,-43.45942235
2017-01-26 17:30:00,UNIDADE MOVEL BANGU,0.0,27.43,70.35,,,0.1,,,,,0.0,-22.87140046,-43.45942235
2017-01-26 18:30:00,UNIDADE MOVEL BANGU,0.0,27.13,73.17,,,0.19,,,,,0.0,-22.87140046,-43.45942235
2017-01-26 19:30:00,UNIDADE MOVEL BANGU,0.0,27.0,73.97,,,0.22,,,,,0.0,-22.87140046,-43.45942235
2017-01-26 20:30:00,UNIDADE MOVEL BANGU,0.0,26.85,72.98,,,0.2,,,,,12.0,-22.87140046,-43.45942235
2017-01-26 21:30:00,UNIDADE MOVEL BANGU,0.0,26.8,74.45,,,0.17,,,,,2.0,-22.87140046,-43.45942235
2017-01-26 22:30:00,UNIDADE MOVEL BANGU,0.0,26.73,73.65,,,0.11,,,,,12.0,-22.87140046,-43.45942235
2017-01-26 23:30:00,UNIDADE MOVEL BANGU,0.0,26.25,78.12,,,0.13,,,,,2.0,-22.87140046,-43.45942235
2017-01-27 00:30:00,UNIDADE MOVEL BANGU,0.0,26.03,78.33,0.34,,0.15,,,,,16.0,-22.87140046,-43.45942235
2017-01-27 01:30:00,UNIDADE MOVEL BANGU,0.0,25.9,79.93,0.27,,0.11,,,,,0.0,-22.87140046,-43.45942235
2017-01-27 02:30:00,UNIDADE MOVEL BANGU,0.0,25.62,81.6,0.43,,0.12,,,,,0.0,-22.87140046,-43.45942235
2017-01-27 03:30:00,UNIDADE MOVEL BANGU,0.0,25.28,82.48,0.35,,0.1,,,,,11.0,-22.87140046,-43.45942235
2017-01-27 04:30:00,UNIDADE MOVEL BANGU,0.0,25.12,83.27,0.43,,0.11,,,,,8.0,-22.87140046,-43.45942235
2017-01-27 05:30:00,UNIDADE MOVEL BANGU,0.0,25.22,82.4,0.63,,0.18,,,,,8.0,-22.87140046,-43.45942235
2017-01-27 06:30:00,UNIDADE MOVEL BANGU,0.0,25.48,80.65,0.79,,0.58,,,,,8.0,-22.87140046,-43.45942235
2017-01-27 07:30:00,UNIDADE MOVEL BANGU,0.0,26.73,75.8,0.78,,0.89,,,,,4.0,-22.87140046,-43.45942235
2017-01-27 08:30:00,UNIDADE MOVEL BANGU,0.0,29.9,62.37,0.59,,0.41,,,,,6.0,-22.87140046,-43.45942235
2017-01-27 09:30:00,UNIDADE MOVEL BANGU,0.0,31.78,54.73,0.72,,0.46,,,,,22.0,-22.87140046,-43.45942235
2017-01-27 10:30:00,UNIDADE MOVEL BANGU,0.0,33.27,48.17,2.47,,0.32,,,,,12.0,-22.87140046,-43.45942235
2017-01-27 11:30:00,UNIDADE MOVEL BANGU,0.0,35.22,39.9,4.12,,0.23,,,,,26.0,-22.87140046,-43.45942235
2017-01-27 12:30:00,UNIDADE MOVEL BANGU,0.0,35.95,34.57,4.74,,0.11,,,,,24.0,-22.87140046,-43.45942235
2017-01-27 13:30:00,UNIDADE MOVEL BANGU,0.0,37.18,30.75,5.02,,0.13,,,,,0.0,-22.87140046,-43.45942235
2017-01-27 14:30:00,UNIDADE MOVEL BANGU,0.0,37.73,35.23,6.66,,0.09,,,,,0.0,-22.87140046,-43.45942235
2017-01-27 15:30:00,UNIDADE MOVEL BANGU,0.0,34.43,48.67,6.95,,0.15,,,,,18.0,-22.87140046,-43.45942235
2017-01-27 16:30:00,UNIDADE MOVEL BANGU,0.0,32.27,56.1,4.28,,0.14,,,,,1.0,-22.87140046,-43.45942235
2017-01-27 17:30:00,UNIDADE MOVEL BANGU,0.0,31.13,59.73,2.4,,0.14,,,,,4.0,-22.87140046,-43.45942235
2017-01-27 18:30:00,UNIDADE MOVEL BANGU,0.0,29.57,65.5,1.91,,0.15,,,,,0.0,-22.87140046,-43.45942235
2017-01-27 19:30:00,UNIDADE MOVEL BANGU,0.0,28.57,68.0,1.84,,0.17,,,,,0.0,-22.87140046,-43.45942235
2017-01-27 20:30:00,UNIDADE MOVEL BANGU,0.0,28.3,66.77,1.78,,0.13,,,,,1.0,-22.87140046,-43.45942235
2017-01-27 21:30:00,UNIDADE MOVEL BANGU,0.0,28.23,64.95,1.54,,0.15,,,,,7.0,-22.87140046,-43.45942235
2017-01-27 22:30:00,UNIDADE MOVEL BANGU,0.0,27.77,68.25,1.47,,0.15,,,,,5.0,-22.87140046,-43.45942235
2017-01-27 23:30:00,UNIDADE MOVEL BANGU,0.0,27.35,72.2,1.23,,0.12,,,,,10.0,-22.87140046,-43.45942235
2017-01-28 00:30:00,UNIDADE MOVEL BANGU,0.0,26.73,77.8,0.47,,0.15,,,,,7.0,-22.87140046,-43.45942235
2017-01-28 01:30:00,UNIDADE MOVEL BANGU,0.0,26.5,76.82,0.32,,0.06,,,,,7.0,-22.87140046,-43.45942235
2017-01-28 02:30:00,UNIDADE MOVEL BANGU,0.0,26.18,77.55,0.36,,0.05,,,,,4.0,-22.87140046,-43.45942235
2017-01-28 03:30:00,UNIDADE MOVEL BANGU,0.0,26.02,78.37,0.38,,0.04,,,,,10.0,-22.87140046,-43.45942235
2017-01-28 04:30:00,UNIDADE MOVEL BANGU,0.0,25.82,79.08,0.2,,0.05,,,,,7.0,-22.87140046,-43.45942235
2017-01-28 05:30:00,UNIDADE MOVEL BANGU,0.0,25.62,79.72,0.21,,0.04,,,,,2.0,-22.87140046,-43.45942235
2017-01-28 06:30:00,UNIDADE MOVEL BANGU,0.0,25.97,77.5,0.19,,0.12,,,,,0.0,-22.87140046,-43.45942235
2017-01-28 07:30:00,UNIDADE MOVEL BANGU,0.0,27.42,71.43,0.24,,0.07,,,,,0.0,-22.87140046,-43.45942235
2017-01-28 08:30:00,UNIDADE MOVEL BANGU,0.0,29.35,63.75,0.29,,0.11,,,,,0.0,-22.87140046,-43.45942235
2017-01-28 09:30:00,UNIDADE MOVEL BANGU,0.0,29.85,61.58,0.13,,0.14,,,,,9.0,-22.87140046,-43.45942235
2017-01-28 10:30:00,UNIDADE MOVEL BANGU,0.0,31.67,53.75,0.59,,0.13,,,,,16.0,-22.87140046,-43.45942235
2017-01-28 11:30:00,UNIDADE MOVEL BANGU,0.0,32.77,49.58,2.33,,0.07,,,,,19.0,-22.87140046,-43.45942235
2017-01-28 12:30:00,UNIDADE MOVEL BANGU,0.0,34.33,44.23,4.85,,0.02,,,,,42.0,-22.87140046,-43.45942235
2017-01-28 13:30:00,UNIDADE MOVEL BANGU,0.0,35.7,38.67,6.65,,0.01,,,,,21.0,-22.87140046,-43.45942235
2017-01-28 14:30:00,UNIDADE MOVEL BANGU,0.0,36.13,41.78,6.17,,0.03,,,,,18.0,-22.87140046,-43.45942235
2017-01-28 15:30:00,UNIDADE MOVEL BANGU,0.0,35.93,43.12,5.42,,0.21,,,,,7.0,-22.87140046,-43.45942235
2017-01-28 16:30:00,UNIDADE MOVEL BANGU,0.0,33.35,47.38,3.07,,0.15,,,,,5.0,-22.87140046,-43.45942235
2017-01-28 17:30:00,UNIDADE MOVEL BANGU,0.0,32.72,46.63,1.1,,0.14,,,,,2.0,-22.87140046,-43.45942235
2017-01-28 18:30:00,UNIDADE MOVEL BANGU,0.0,31.55,45.22,0.86,,0.1,,,,,0.0,-22.87140046,-43.45942235
2017-01-28 19:30:00,UNIDADE MOVEL BANGU,0.0,31.1,46.42,0.79,,0.08,,,,,0.0,-22.87140046,-43.45942235
2017-01-28 20:30:00,UNIDADE MOVEL BANGU,0.0,29.97,54.13,1.08,,0.18,,,,,0.0,-22.87140046,-43.45942235
2017-01-28 21:30:00,UNIDADE MOVEL BANGU,0.0,29.1,58.42,1.02,,0.2,,,,,7.0,-22.87140046,-43.45942235
2017-01-28 22:30:00,UNIDADE MOVEL BANGU,0.0,28.33,63.02,1.05,,0.2,,,,,24.0,-22.87140046,-43.45942235
2017-01-28 23:30:00,UNIDADE MOVEL BANGU,0.0,27.55,67.0,0.87,,0.2,,,,,12.0,-22.87140046,-43.45942235
2017-01-29 00:30:00,UNIDADE MOVEL BANGU,0.0,27.05,69.38,0.61,,0.13,,,,,7.0,-22.87140046,-43.45942235
2017-01-29 01:30:00,UNIDADE MOVEL BANGU,0.0,26.55,71.9,0.51,,0.11,,,,,15.0,-22.87140046,-43.45942235
2017-01-29 02:30:00,UNIDADE MOVEL BANGU,0.0,26.43,72.52,0.45,,0.09,,,,,16.0,-22.87140046,-43.45942235
2017-01-29 03:30:00,UNIDADE MOVEL BANGU,0.0,26.38,71.82,0.36,,0.07,,,,,1.0,-22.87140046,-43.45942235
2017-01-29 04:30:00,UNIDADE MOVEL BANGU,0.0,26.28,69.9,0.36,,0.07,,,,,0.0,-22.87140046,-43.45942235
2017-01-29 05:30:00,UNIDADE MOVEL BANGU,0.0,25.92,70.62,0.42,,0.06,,,,,4.0,-22.87140046,-43.45942235
2017-01-29 06:30:00,UNIDADE MOVEL BANGU,0.0,25.98,70.38,0.53,,0.2,,,,,9.0,-22.87140046,-43.45942235
2017-01-29 07:30:00,UNIDADE MOVEL BANGU,0.0,27.38,66.23,0.38,,0.14,,,,,4.0,-22.87140046,-43.45942235
2017-01-29 08:30:00,UNIDADE MOVEL BANGU,0.0,28.95,60.67,0.21,,0.09,,,,,4.0,-22.87140046,-43.45942235
2017-01-29 09:30:00,UNIDADE MOVEL BANGU,0.0,30.18,57.08,0.33,,0.09,,,,,6.0,-22.87140046,-43.45942235
2017-01-29 10:30:00,UNIDADE MOVEL BANGU,0.0,31.27,53.5,0.52,,0.11,,,,,6.0,-22.87140046,-43.45942235
2017-01-29 11:30:00,UNIDADE MOVEL BANGU,0.0,32.78,45.6,1.96,,0.05,,,,,9.0,-22.87140046,-43.45942235
2017-01-29 12:30:00,UNIDADE MOVEL BANGU,0.0,32.9,47.08,2.88,,0.04,,,,,19.0,-22.87140046,-43.45942235
2017-01-29 13:30:00,UNIDADE MOVEL BANGU,0.0,33.87,43.22,3.88,,0.02,,,,,25.0,-22.87140046,-43.45942235
2017-01-29 14:30:00,UNIDADE MOVEL BANGU,0.0,34.6,41.52,3.9,,0.01,,,,,15.0,-22.87140046,-43.45942235
2017-01-29 15:30:00,UNIDADE MOVEL BANGU,0.0,34.6,43.6,4.4,,0.0,,,,,4.0,-22.87140046,-43.45942235
2017-01-29 16:30:00,UNIDADE MOVEL BANGU,0.0,32.33,51.07,3.23,,0.0,,,,,8.0,-22.87140046,-43.45942235
2017-01-29 17:30:00,UNIDADE MOVEL BANGU,0.0,30.93,53.92,1.34,,0.02,,,,,2.0,-22.87140046,-43.45942235
2017-01-29 18:30:00,UNIDADE MOVEL BANGU,0.0,28.95,60.08,0.9,,0.07,,,,,0.0,-22.87140046,-43.45942235
2017-01-29 19:30:00,UNIDADE MOVEL BANGU,0.0,28.48,63.3,0.86,,0.08,,,,,0.0,-22.87140046,-43.45942235
2017-01-29 20:30:00,UNIDADE MOVEL BANGU,0.0,27.95,65.58,0.75,,0.08,,,,,0.0,-22.87140046,-43.45942235
2017-01-29 21:30:00,UNIDADE MOVEL BANGU,0.0,27.45,64.68,0.88,,0.05,,,,,0.0,-22.87140046,-43.45942235
2017-01-29 22:30:00,UNIDADE MOVEL BANGU,0.0,27.08,67.3,0.79,,0.05,,,,,8.0,-22.87140046,-43.45942235
2017-01-29 23:30:00,UNIDADE MOVEL BANGU,0.0,26.67,69.92,0.82,,0.05,,,,,4.0,-22.87140046,-43.45942235
2017-01-30 00:30:00,UNIDADE MOVEL BANGU,0.0,26.42,70.67,0.45,,0.06,,,,,16.0,-22.87140046,-43.45942235
2017-01-30 01:30:00,UNIDADE MOVEL BANGU,0.0,25.95,72.85,0.43,,0.05,,,,,1.0,-22.87140046,-43.45942235
2017-01-30 02:30:00,UNIDADE MOVEL BANGU,0.0,25.55,74.67,0.43,,0.05,,,,,5.0,-22.87140046,-43.45942235
2017-01-30 03:30:00,UNIDADE MOVEL BANGU,0.0,25.27,75.72,0.44,,0.05,,,,,6.0,-22.87140046,-43.45942235
2017-01-30 04:30:00,UNIDADE MOVEL BANGU,0.0,25.0,76.98,0.51,,0.07,,,,,7.0,-22.87140046,-43.45942235
2017-01-30 05:30:00,UNIDADE MOVEL BANGU,0.0,24.73,78.3,0.43,,0.13,,,,,13.0,-22.87140046,-43.45942235
2017-01-30 06:30:00,UNIDADE MOVEL BANGU,0.0,25.4,75.82,0.74,,0.46,,,,,7.0,-22.87140046,-43.45942235
2017-01-30 07:30:00,UNIDADE MOVEL BANGU,0.0,26.42,72.47,0.48,,0.25,,,,,0.0,-22.87140046,-43.45942235
2017-01-30 08:30:00,UNIDADE MOVEL BANGU,0.0,28.87,63.32,0.25,,0.2,,,,,0.0,-22.87140046,-43.45942235
2017-01-30 09:30:00,UNIDADE MOVEL BANGU,0.0,30.18,56.32,0.38,,0.21,,,,,8.0,-22.87140046,-43.45942235
2017-01-30 10:30:00,UNIDADE MOVEL BANGU,0.0,31.77,47.22,1.34,,0.16,,,,,9.0,-22.87140046,-43.45942235
2017-01-30 11:30:00,UNIDADE MOVEL BANGU,0.0,32.88,40.23,2.81,,0.07,,,,,17.0,-22.87140046,-43.45942235
2017-01-30 12:30:00,UNIDADE MOVEL BANGU,0.0,34.27,33.45,4.12,,0.01,,,,,19.0,-22.87140046,-43.45942235
2017-01-30 13:30:00,UNIDADE MOVEL BANGU,0.0,34.23,37.95,5.4,,0.03,,,,,14.0,-22.87140046,-43.45942235
2017-01-30 14:30:00,UNIDADE MOVEL BANGU,0.0,34.53,41.78,4.87,,0.04,,,,,12.0,-22.87140046,-43.45942235
2017-01-30 15:30:00,UNIDADE MOVEL BANGU,0.0,34.47,41.5,4.81,,0.03,,,,,7.0,-22.87140046,-43.45942235
2017-01-30 16:30:00,UNIDADE MOVEL BANGU,0.0,31.92,50.3,3.09,,0.09,,,,,2.0,-22.87140046,-43.45942235
2017-01-30 17:30:00,UNIDADE MOVEL BANGU,13.0,27.73,66.27,1.27,,0.09,,,,,0.0,-22.87140046,-43.45942235
2017-01-30 18:30:00,UNIDADE MOVEL BANGU,6.0,23.0,90.95,1.12,,0.3,,,,,0.0,-22.87140046,-43.45942235
2017-01-30 19:30:00,UNIDADE MOVEL BANGU,0.0,23.22,88.17,0.87,,0.5,,,,,11.0,-22.87140046,-43.45942235
2017-01-30 20:30:00,UNIDADE MOVEL BANGU,0.0,24.1,78.52,0.96,,0.42,,,,,8.0,-22.87140046,-43.45942235
2017-01-30 21:30:00,UNIDADE MOVEL BANGU,0.0,24.92,72.92,1.07,,0.4,,,,,6.0,-22.87140046,-43.45942235
2017-01-30 22:30:00,UNIDADE MOVEL BANGU,0.0,25.72,71.78,0.72,,0.23,,,,,15.0,-22.87140046,-43.45942235
2017-01-30 23:30:00,UNIDADE MOVEL BANGU,0.0,25.58,73.32,0.54,,0.16,,,,,3.0,-22.87140046,-43.45942235
2017-01-31 00:30:00,UNIDADE MOVEL BANGU,0.0,25.27,74.9,0.39,,0.1,,,,,10.0,-22.87140046,-43.45942235
2017-01-31 01:30:00,UNIDADE MOVEL BANGU,0.0,24.88,77.35,0.41,,0.1,,,,,11.0,-22.87140046,-43.45942235
2017-01-31 02:30:00,UNIDADE MOVEL BANGU,0.0,24.77,77.62,0.28,,0.07,,,,,6.0,-22.87140046,-43.45942235
2017-01-31 03:30:00,UNIDADE MOVEL BANGU,0.0,24.65,78.15,0.2,,0.06,,,,,0.0,-22.87140046,-43.45942235
2017-01-31 04:30:00,UNIDADE MOVEL BANGU,0.0,24.52,78.1,0.33,,0.08,,,,,6.0,-22.87140046,-43.45942235
2017-01-31 05:30:00,UNIDADE MOVEL BANGU,0.0,24.4,78.53,0.41,,0.14,,,,,3.0,-22.87140046,-43.45942235
2017-01-31 06:30:00,UNIDADE MOVEL BANGU,0.0,24.63,79.33,0.45,,0.68,,,,,18.0,-22.87140046,-43.45942235
2017-01-31 07:30:00,UNIDADE MOVEL BANGU,0.0,25.5,76.22,0.5,,0.33,,,,,4.0,-22.87140046,-43.45942235
2017-01-31 08:30:00,UNIDADE MOVEL BANGU,0.0,26.27,72.72,0.35,,0.21,,,,,13.0,-22.87140046,-43.45942235
2017-01-31 09:30:00,UNIDADE MOVEL BANGU,0.0,27.87,64.87,0.05,,0.17,,,,,8.0,-22.87140046,-43.45942235
2017-01-31 10:30:00,UNIDADE MOVEL BANGU,0.0,30.33,55.05,0.43,,0.18,,,,,10.0,-22.87140046,-43.45942235
2017-01-31 11:30:00,UNIDADE MOVEL BANGU,0.0,32.33,41.42,2.7,,0.08,,,,,13.0,-22.87140046,-43.45942235
2017-01-31 12:30:00,UNIDADE MOVEL BANGU,0.0,32.68,44.78,5.14,,0.11,,,,,29.0,-22.87140046,-43.45942235
2017-01-31 13:30:00,UNIDADE MOVEL BANGU,0.0,33.13,42.18,4.28,,0.09,,,,,8.0,-22.87140046,-43.45942235
2017-01-31 14:30:00,UNIDADE MOVEL BANGU,0.0,33.55,41.38,4.67,,0.17,,,,,6.0,-22.87140046,-43.45942235
2017-01-31 15:30:00,UNIDADE MOVEL BANGU,0.0,33.5,41.23,4.41,,0.15,,,,,2.0,-22.87140046,-43.45942235
2017-01-31 16:30:00,UNIDADE MOVEL BANGU,0.0,31.5,48.57,2.7,,0.12,,,,,4.0,-22.87140046,-43.45942235
2017-01-31 17:30:00,UNIDADE MOVEL BANGU,0.0,29.6,53.02,1.1,,0.28,,,,,0.0,-22.87140046,-43.45942235
2017-01-31 18:30:00,UNIDADE MOVEL BANGU,0.0,28.37,54.42,0.47,,0.29,,,,,0.0,-22.87140046,-43.45942235
2017-01-31 19:30:00,UNIDADE MOVEL BANGU,0.0,26.1,71.35,0.69,,0.42,,,,,0.0,-22.87140046,-43.45942235
2017-01-31 20:30:00,UNIDADE MOVEL BANGU,0.0,26.22,69.85,0.75,,0.47,,,,,8.0,-22.87140046,-43.45942235
2017-01-31 21:30:00,UNIDADE MOVEL BANGU,0.0,26.38,69.48,0.69,,0.45,,,,,7.0,-22.87140046,-43.45942235
2017-01-31 22:30:00,UNIDADE MOVEL BANGU,0.0,26.13,66.27,0.65,,0.37,,,,,10.0,-22.87140046,-43.45942235
2017-01-31 23:30:00,UNIDADE MOVEL BANGU,0.0,25.82,67.82,0.37,,0.21,,,,,8.0,-22.87140046,-43.45942235
2017-02-01 00:30:00,UNIDADE MOVEL BANGU,0.0,25.37,70.4,0.29,,0.05,,,,,4.0,-22.87140046,-43.45942235
2017-02-01 01:30:00,UNIDADE MOVEL BANGU,0.0,25.13,71.42,0.31,,0.05,,,,,5.0,-22.87140046,-43.45942235
2017-02-01 02:30:00,UNIDADE MOVEL BANGU,0.0,25.05,71.7,0.49,,0.01,,,,,13.0,-22.87140046,-43.45942235
2017-02-01 03:30:00,UNIDADE MOVEL BANGU,0.0,24.8,73.98,0.5,,0.03,,,,,13.0,-22.87140046,-43.45942235
2017-02-01 04:30:00,UNIDADE MOVEL BANGU,0.0,24.62,76.0,0.52,,0.09,,,,,16.0,-22.87140046,-43.45942235
2017-02-01 05:30:00,UNIDADE MOVEL BANGU,0.0,24.2,78.4,0.41,,0.21,,,,,10.0,-22.87140046,-43.45942235
2017-02-01 06:30:00,UNIDADE MOVEL BANGU,0.0,24.82,76.18,0.62,,0.31,,,,,8.0,-22.87140046,-43.45942235
2017-02-01 07:30:00,UNIDADE MOVEL BANGU,0.0,26.13,71.25,0.49,,0.15,,,,,5.0,-22.87140046,-43.45942235
2017-02-01 08:30:00,UNIDADE MOVEL BANGU,0.0,28.67,62.22,0.56,,0.22,,,,,3.0,-22.87140046,-43.45942235
2017-02-01 09:30:00,UNIDADE MOVEL BANGU,0.0,30.03,54.53,0.84,,0.19,,,,,15.0,-22.87140046,-43.45942235
2017-02-01 10:30:00,UNIDADE MOVEL BANGU,0.0,30.13,49.98,1.47,,0.14,,,,,17.0,-22.87140046,-43.45942235
2017-02-01 11:30:00,UNIDADE MOVEL BANGU,0.0,31.42,43.43,1.7,,0.13,,,,,15.0,-22.87140046,-43.45942235
2017-02-01 12:30:00,UNIDADE MOVEL BANGU,0.0,32.75,40.22,3.53,,0.06,,,,,24.0,-22.87140046,-43.45942235
2017-02-01 13:30:00,UNIDADE MOVEL BANGU,0.0,33.42,39.27,5.53,,0.06,,,,,11.0,-22.87140046,-43.45942235
2017-02-01 14:30:00,UNIDADE MOVEL BANGU,0.0,33.52,41.45,5.24,,0.03,,,,,15.0,-22.87140046,-43.45942235
2017-02-01 15:30:00,UNIDADE MOVEL BANGU,0.0,32.98,44.88,4.73,,0.07,,,,,4.0,-22.87140046,-43.45942235
2017-02-01 16:30:00,UNIDADE MOVEL BANGU,0.0,31.33,49.7,3.43,,0.12,,,,,7.0,-22.87140046,-43.45942235
2017-02-01 17:30:00,UNIDADE MOVEL BANGU,0.0,30.52,49.9,1.78,,0.36,,,,,8.0,-22.87140046,-43.45942235
2017-02-01 18:30:00,UNIDADE MOVEL BANGU,0.0,29.9,53.18,1.49,,0.43,,,,,3.0,-22.87140046,-43.45942235
2017-02-01 19:30:00,UNIDADE MOVEL BANGU,0.0,28.48,55.78,1.6,,0.2,,,,,5.0,-22.87140046,-43.45942235
2017-02-01 20:30:00,UNIDADE MOVEL BANGU,0.0,27.98,58.63,1.74,,0.16,,,,,7.0,-22.87140046,-43.45942235
2017-02-01 21:30:00,UNIDADE MOVEL BANGU,0.0,27.28,61.33,1.44,,0.18,,,,,5.0,-22.87140046,-43.45942235
2017-02-01 22:30:00,UNIDADE MOVEL BANGU,0.0,26.55,61.62,1.34,,0.17,,,,,20.0,-22.87140046,-43.45942235
2017-02-01 23:30:00,UNIDADE MOVEL BANGU,0.0,26.27,63.02,1.22,,0.16,,,,,10.0,-22.87140046,-43.45942235
2017-02-02 00:30:00,UNIDADE MOVEL BANGU,0.0,26.32,63.28,0.47,,0.14,,,,,15.0,-22.87140046,-43.45942235
2017-02-02 01:30:00,UNIDADE MOVEL BANGU,0.0,26.27,64.93,0.32,,0.14,,,,,19.0,-22.87140046,-43.45942235
2017-02-02 02:30:00,UNIDADE MOVEL BANGU,0.0,25.8,65.15,0.44,,0.15,,,,,16.0,-22.87140046,-43.45942235
2017-02-02 03:30:00,UNIDADE MOVEL BANGU,0.0,25.43,68.98,0.37,,0.14,,,,,19.0,-22.87140046,-43.45942235
2017-02-02 04:30:00,UNIDADE MOVEL BANGU,0.0,25.33,75.5,0.1,,0.14,,,,,14.0,-22.87140046,-43.45942235
2017-02-02 05:30:00,UNIDADE MOVEL BANGU,0.0,24.87,78.6,0.29,,0.17,,,,,19.0,-22.87140046,-43.45942235
2017-02-02 06:30:00,UNIDADE MOVEL BANGU,0.0,24.93,79.18,0.4,,0.42,,,,,11.0,-22.87140046,-43.45942235
2017-02-02 07:30:00,UNIDADE MOVEL BANGU,0.0,26.28,74.52,0.23,,0.32,,,,,9.0,-22.87140046,-43.45942235
2017-02-02 08:30:00,UNIDADE MOVEL BANGU,0.0,28.95,62.73,0.21,,0.34,,,,,9.0,-22.87140046,-43.45942235
2017-02-02 09:30:00,UNIDADE MOVEL BANGU,0.0,31.6,49.63,0.67,,0.23,,,,,17.0,-22.87140046,-43.45942235
2017-02-02 10:30:00,UNIDADE MOVEL BANGU,0.0,32.48,43.98,3.47,,0.09,,,,,17.0,-22.87140046,-43.45942235
2017-02-02 11:30:00,UNIDADE MOVEL BANGU,0.0,32.8,42.55,5.1,,0.07,,,,,31.0,-22.87140046,-43.45942235
2017-02-02 12:30:00,UNIDADE MOVEL BANGU,0.0,33.43,39.22,5.05,,0.06,,,,,6.0,-22.87140046,-43.45942235
2017-02-02 13:30:00,UNIDADE MOVEL BANGU,0.0,34.43,35.03,5.42,,0.04,,,,,12.0,-22.87140046,-43.45942235
2017-02-02 14:30:00,UNIDADE MOVEL BANGU,0.0,34.73,34.63,5.95,,0.28,,,,,26.0,-22.87140046,-43.45942235
2017-02-02 15:30:00,UNIDADE MOVEL BANGU,0.0,35.08,33.58,5.68,,0.42,,,,,17.0,-22.87140046,-43.45942235
2017-02-02 16:30:00,UNIDADE MOVEL BANGU,0.0,33.53,37.97,3.91,,0.14,,,,,13.0,-22.87140046,-43.45942235
2017-02-02 17:30:00,UNIDADE MOVEL BANGU,2.0,27.93,57.22,1.51,,0.25,,,,,1.0,-22.87140046,-43.45942235
2017-02-02 18:30:00,UNIDADE MOVEL BANGU,4.0,24.03,86.68,0.27,,0.6,,,,,0.0,-22.87140046,-43.45942235
2017-02-02 19:30:00,UNIDADE MOVEL BANGU,2.0,24.68,81.95,0.2,,0.27,,,,,0.0,-22.87140046,-43.45942235
2017-02-02 20:30:00,UNIDADE MOVEL BANGU,4.0,23.32,89.33,0.1,,0.27,,,,,2.0,-22.87140046,-43.45942235
2017-02-02 21:30:00,UNIDADE MOVEL BANGU,3.0,22.92,92.68,0.05,,0.15,,,,,2.0,-22.87140046,-43.45942235
2017-02-02 22:30:00,UNIDADE MOVEL BANGU,1.0,22.9,93.53,0.0,,0.17,,,,,2.0,-22.87140046,-43.45942235
2017-02-02 23:30:00,UNIDADE MOVEL BANGU,0.0,22.63,92.7,0.09,,0.13,,,,,0.0,-22.87140046,-43.45942235
2017-02-03 00:30:00,UNIDADE MOVEL BANGU,0.0,22.73,90.57,0.55,,0.19,,,,,10.0,-22.87140046,-43.45942235
2017-02-03 01:30:00,UNIDADE MOVEL BANGU,0.0,23.3,85.23,0.6,,0.15,,,,,8.0,-22.87140046,-43.45942235
2017-02-03 02:30:00,UNIDADE MOVEL BANGU,0.0,23.78,79.72,0.47,,0.11,,,,,0.0,-22.87140046,-43.45942235
2017-02-03 03:30:00,UNIDADE MOVEL BANGU,0.0,23.25,85.57,0.51,,0.17,,,,,6.0,-22.87140046,-43.45942235
2017-02-03 04:30:00,UNIDADE MOVEL BANGU,0.0,23.33,84.17,0.7,,0.19,,,,,8.0,-22.87140046,-43.45942235
2017-02-03 05:30:00,UNIDADE MOVEL BANGU,0.0,23.17,84.32,0.76,,0.41,,,,,5.0,-22.87140046,-43.45942235
2017-02-03 06:30:00,UNIDADE MOVEL BANGU,0.0,23.82,81.62,0.91,,1.38,,,,,4.0,-22.87140046,-43.45942235
2017-02-03 07:30:00,UNIDADE MOVEL BANGU,0.0,25.38,75.15,0.94,,0.65,,,,,13.0,-22.87140046,-43.45942235
2017-02-03 08:30:00,UNIDADE MOVEL BANGU,0.0,27.83,66.3,0.89,,0.87,,,,,10.0,-22.87140046,-43.45942235
2017-02-03 09:30:00,UNIDADE MOVEL BANGU,0.0,30.57,52.45,0.66,,0.4,,,,,16.0,-22.87140046,-43.45942235
2017-02-03 10:30:00,UNIDADE MOVEL BANGU,0.0,31.0,46.27,0.79,,0.27,,,,,4.0,-22.87140046,-43.45942235
2017-02-03 11:30:00,UNIDADE MOVEL BANGU,0.0,31.43,44.75,1.04,,0.27,,,,,10.0,-22.87140046,-43.45942235
2017-02-03 12:30:00,UNIDADE MOVEL BANGU,0.0,32.52,42.88,1.5,,0.25,,,,,6.0,-22.87140046,-43.45942235
2017-02-03 13:30:00,UNIDADE MOVEL BANGU,0.0,32.43,43.38,2.1,,0.23,,,,,3.0,-22.87140046,-43.45942235
2017-02-03 14:30:00,UNIDADE MOVEL BANGU,0.0,32.52,43.43,2.22,,0.14,,,,,0.0,-22.87140046,-43.45942235
2017-02-03 15:30:00,UNIDADE MOVEL BANGU,0.0,33.85,40.45,2.79,,0.18,,,,,0.0,-22.87140046,-43.45942235
2017-02-03 16:30:00,UNIDADE MOVEL BANGU,0.0,34.27,38.88,3.74,,0.11,,,,,0.0,-22.87140046,-43.45942235
2017-02-03 17:30:00,UNIDADE MOVEL BANGU,0.0,33.65,40.78,2.94,,0.23,,,,,0.0,-22.87140046,-43.45942235
2017-02-03 18:30:00,UNIDADE MOVEL BANGU,0.0,31.32,49.13,1.64,,0.51,,,,,0.0,-22.87140046,-43.45942235
2017-02-03 19:30:00,UNIDADE MOVEL BANGU,0.0,30.0,54.67,0.96,,0.65,,,,,0.0,-22.87140046,-43.45942235
2017-02-03 20:30:00,UNIDADE MOVEL BANGU,0.0,29.37,57.52,0.71,,0.78,,,,,0.0,-22.87140046,-43.45942235
2017-02-03 21:30:00,UNIDADE MOVEL BANGU,0.0,28.57,61.7,0.5,,0.36,,,,,0.0,-22.87140046,-43.45942235
2017-02-03 22:30:00,UNIDADE MOVEL BANGU,0.0,27.78,62.65,0.29,,0.34,,,,,6.0,-22.87140046,-43.45942235
2017-02-03 23:30:00,UNIDADE MOVEL BANGU,0.0,27.43,65.08,0.44,,0.33,,,,,6.0,-22.87140046,-43.45942235
2017-02-04 00:30:00,UNIDADE MOVEL BANGU,0.0,26.95,64.07,0.37,,0.13,,,,,5.0,-22.87140046,-43.45942235
2017-02-04 01:30:00,UNIDADE MOVEL BANGU,0.0,26.62,64.17,0.34,,0.11,,,,,1.0,-22.87140046,-43.45942235
2017-02-04 02:30:00,UNIDADE MOVEL BANGU,0.0,26.42,65.27,0.4,,0.1,,,,,0.0,-22.87140046,-43.45942235
2017-02-04 03:30:00,UNIDADE MOVEL BANGU,0.0,26.37,64.1,0.47,,0.1,,,,,0.0,-22.87140046,-43.45942235
2017-02-04 04:30:00,UNIDADE MOVEL BANGU,0.0,26.05,65.37,0.45,,0.12,,,,,0.0,-22.87140046,-43.45942235
2017-02-04 05:30:00,UNIDADE MOVEL BANGU,0.0,26.0,64.98,0.33,,0.09,,,,,0.0,-22.87140046,-43.45942235
2017-02-04 06:30:00,UNIDADE MOVEL BANGU,0.0,26.35,63.83,0.19,,0.14,,,,,0.0,-22.87140046,-43.45942235
2017-02-04 07:30:00,UNIDADE MOVEL BANGU,0.0,27.38,60.17,0.2,,0.1,,,,,0.0,-22.87140046,-43.45942235
2017-02-04 08:30:00,UNIDADE MOVEL BANGU,0.0,28.33,57.1,0.17,,0.12,,,,,0.0,-22.87140046,-43.45942235
2017-02-04 09:30:00,UNIDADE MOVEL BANGU,0.0,29.43,55.25,0.65,,0.18,,,,,0.0,-22.87140046,-43.45942235
2017-02-04 10:30:00,UNIDADE MOVEL BANGU,0.0,30.8,51.37,1.1,,0.21,,,,,8.0,-22.87140046,-43.45942235
2017-02-04 11:30:00,UNIDADE MOVEL BANGU,0.0,32.4,47.38,3.09,,0.1,,,,,22.0,-22.87140046,-43.45942235
2017-02-04 12:30:00,UNIDADE MOVEL BANGU,0.0,33.5,45.25,4.22,,0.07,,,,,15.0,-22.87140046,-43.45942235
2017-02-04 13:30:00,UNIDADE MOVEL BANGU,0.0,33.58,44.97,5.99,,0.08,,,,,8.0,-22.87140046,-43.45942235
2017-02-04 14:30:00,UNIDADE MOVEL BANGU,0.0,35.05,41.1,7.2,,0.1,,,,,3.0,-22.87140046,-43.45942235
2017-02-04 15:30:00,UNIDADE MOVEL BANGU,0.0,34.97,42.73,8.2,,0.12,,,,,6.0,-22.87140046,-43.45942235
2017-02-04 16:30:00,UNIDADE MOVEL BANGU,0.0,32.6,46.4,5.86,,0.2,,,,,10.0,-22.87140046,-43.45942235
2017-02-04 17:30:00,UNIDADE MOVEL BANGU,0.0,30.73,52.92,3.13,,0.58,,,,,1.0,-22.87140046,-43.45942235
2017-02-04 18:30:00,UNIDADE MOVEL BANGU,0.0,29.1,58.53,1.94,,0.69,,,,,0.0,-22.87140046,-43.45942235
2017-02-04 19:30:00,UNIDADE MOVEL BANGU,0.0,28.65,60.27,0.85,,0.35,,,,,0.0,-22.87140046,-43.45942235
2017-02-04 20:30:00,UNIDADE MOVEL BANGU,0.0,27.8,64.05,0.57,,0.37,,,,,0.0,-22.87140046,-43.45942235
2017-02-04 21:30:00,UNIDADE MOVEL BANGU,0.0,26.62,64.98,0.51,,0.14,,,,,5.0,-22.87140046,-43.45942235
2017-02-04 22:30:00,UNIDADE MOVEL BANGU,0.0,26.03,67.07,0.42,,0.11,,,,,4.0,-22.87140046,-43.45942235
2017-02-04 23:30:00,UNIDADE MOVEL BANGU,0.0,25.62,68.5,0.2,,0.1,,,,,0.0,-22.87140046,-43.45942235
2017-02-05 00:30:00,UNIDADE MOVEL BANGU,0.0,25.35,68.8,0.15,,0.11,,,,,0.0,-22.87140046,-43.45942235
2017-02-05 01:30:00,UNIDADE MOVEL BANGU,0.0,25.33,67.97,0.3,,0.12,,,,,0.0,-22.87140046,-43.45942235
2017-02-05 02:30:00,UNIDADE MOVEL BANGU,0.0,25.32,67.32,0.12,,0.13,,,,,0.0,-22.87140046,-43.45942235
2017-02-05 03:30:00,UNIDADE MOVEL BANGU,0.0,25.22,68.45,0.41,,0.13,,,,,0.0,-22.87140046,-43.45942235
2017-02-05 04:30:00,UNIDADE MOVEL BANGU,0.0,25.05,69.47,0.36,,0.09,,,,,0.0,-22.87140046,-43.45942235
2017-02-05 05:30:00,UNIDADE MOVEL BANGU,0.0,25.03,70.83,0.36,,0.08,,,,,0.0,-22.87140046,-43.45942235
2017-02-05 06:30:00,UNIDADE MOVEL BANGU,0.0,24.87,73.08,0.39,,0.19,,,,,1.0,-22.87140046,-43.45942235
2017-02-05 07:30:00,UNIDADE MOVEL BANGU,0.0,26.48,67.02,1.03,,1.15,,,,,4.0,-22.87140046,-43.45942235
2017-02-05 08:30:00,UNIDADE MOVEL BANGU,0.0,28.17,59.57,0.89,,0.26,,,,,3.0,-22.87140046,-43.45942235
2017-02-05 09:30:00,UNIDADE MOVEL BANGU,0.0,30.65,51.23,1.11,,0.15,,,,,4.0,-22.87140046,-43.45942235
2017-02-05 10:30:00,UNIDADE MOVEL BANGU,0.0,32.2,47.62,2.78,,0.07,,,,,7.0,-22.87140046,-43.45942235
2017-02-05 11:30:00,UNIDADE MOVEL BANGU,0.0,31.78,50.08,4.11,,0.07,,,,,10.0,-22.87140046,-43.45942235
2017-02-05 12:30:00,UNIDADE MOVEL BANGU,0.0,32.52,48.67,4.45,,0.11,,,,,11.0,-22.87140046,-43.45942235
2017-02-05 13:30:00,UNIDADE MOVEL BANGU,0.0,34.15,43.32,6.93,,0.06,,,,,5.0,-22.87140046,-43.45942235
2017-02-05 14:30:00,UNIDADE MOVEL BANGU,0.0,35.08,38.17,7.87,,0.02,,,,,3.0,-22.87140046,-43.45942235
2017-02-05 15:30:00,UNIDADE MOVEL BANGU,0.0,35.32,38.33,9.77,,0.01,,,,,4.0,-22.87140046,-43.45942235
2017-02-05 16:30:00,UNIDADE MOVEL BANGU,0.0,34.45,40.5,9.99,,0.05,,,,,2.0,-22.87140046,-43.45942235
2017-02-05 17:30:00,UNIDADE MOVEL BANGU,0.0,31.05,55.1,7.58,,0.2,,,,,0.0,-22.87140046,-43.45942235
2017-02-05 18:30:00,UNIDADE MOVEL BANGU,0.0,28.35,64.18,3.48,,0.1,,,,,0.0,-22.87140046,-43.45942235
2017-02-05 19:30:00,UNIDADE MOVEL BANGU,0.0,27.35,68.68,1.4,,0.29,,,,,0.0,-22.87140046,-43.45942235
2017-02-05 20:30:00,UNIDADE MOVEL BANGU,0.0,27.62,65.77,0.89,,0.99,,,,,0.0,-22.87140046,-43.45942235
2017-02-05 21:30:00,UNIDADE MOVEL BANGU,0.0,26.78,71.25,0.5,,0.64,,,,,8.0,-22.87140046,-43.45942235
2017-02-05 22:30:00,UNIDADE MOVEL BANGU,0.0,26.5,74.63,0.29,,0.63,,,,,8.0,-22.87140046,-43.45942235
2017-02-05 23:30:00,UNIDADE MOVEL BANGU,0.0,26.6,67.3,0.23,,0.23,,,,,16.0,-22.87140046,-43.45942235
2017-02-06 00:30:00,UNIDADE MOVEL BANGU,0.0,26.43,65.52,0.0,,0.06,,,,,0.0,-22.87140046,-43.45942235
2017-02-06 01:30:00,UNIDADE MOVEL BANGU,0.0,26.13,66.12,0.0,,0.01,,,,,0.0,-22.87140046,-43.45942235
2017-02-06 02:30:00,UNIDADE MOVEL BANGU,0.0,26.0,65.87,0.0,,0.02,,,,,0.0,-22.87140046,-43.45942235
2017-02-06 03:30:00,UNIDADE MOVEL BANGU,0.0,25.68,65.78,0.0,,0.02,,,,,0.0,-22.87140046,-43.45942235
2017-02-06 04:30:00,UNIDADE MOVEL BANGU,0.0,25.42,65.43,0.0,,0.04,,,,,2.0,-22.87140046,-43.45942235
2017-02-06 05:30:00,UNIDADE MOVEL BANGU,0.0,25.42,64.57,0.0,,0.04,,,,,0.0,-22.87140046,-43.45942235
2017-02-06 06:30:00,UNIDADE MOVEL BANGU,0.0,25.85,64.02,0.0,,0.08,,,,,0.0,-22.87140046,-43.45942235
2017-02-06 07:30:00,UNIDADE MOVEL BANGU,0.0,27.82,57.15,0.0,,0.11,,,,,0.0,-22.87140046,-43.45942235
2017-02-06 08:30:00,UNIDADE MOVEL BANGU,0.0,30.75,48.28,0.0,,0.09,,,,,0.0,-22.87140046,-43.45942235
2017-02-06 09:30:00,UNIDADE MOVEL BANGU,0.0,32.3,43.58,1.38,,0.02,,,,,0.0,-22.87140046,-43.45942235
2017-02-06 10:30:00,UNIDADE MOVEL BANGU,0.0,33.53,40.5,4.51,,0.06,,,,,17.0,-22.87140046,-43.45942235
2017-02-06 11:30:00,UNIDADE MOVEL BANGU,0.0,34.12,38.7,8.02,,0.05,,,,,6.0,-22.87140046,-43.45942235
2017-02-06 12:30:00,UNIDADE MOVEL BANGU,0.0,34.45,37.85,9.63,,0.06,,,,,3.0,-22.87140046,-43.45942235
2017-02-06 13:30:00,UNIDADE MOVEL BANGU,0.0,35.48,36.27,13.4,,0.06,,,,,0.0,-22.87140046,-43.45942235
2017-02-06 14:30:00,UNIDADE MOVEL BANGU,0.0,36.0,37.07,16.02,,0.1,,,,,4.0,-22.87140046,-43.45942235
2017-02-06 15:30:00,UNIDADE MOVEL BANGU,0.0,35.37,40.0,14.38,,0.06,,,,,3.0,-22.87140046,-43.45942235
2017-02-06 16:30:00,UNIDADE MOVEL BANGU,0.0,34.334999999999994,40.6,11.3,,0.065,,,,,1.5,-22.87140046,-43.45942235
2017-02-06 17:30:00,UNIDADE MOVEL BANGU,0.0,33.3,41.2,8.22,,0.07,,,71.05,,0.0,-22.87140046,-43.45942235
2017-02-06 18:30:00,UNIDADE MOVEL BANGU,0.0,31.73,46.9,4.61,,0.19,,,55.34,,0.0,-22.87140046,-43.45942235
2017-02-06 19:30:00,UNIDADE MOVEL BANGU,0.0,30.42,49.87,2.02,,0.2,,,45.72,,0.0,-22.87140046,-43.45942235
2017-02-06 20:30:00,UNIDADE MOVEL BANGU,0.0,29.93,51.02,0.64,,0.32,,,36.12,,0.0,-22.87140046,-43.45942235
2017-02-06 21:30:00,UNIDADE MOVEL BANGU,0.0,29.43,53.78,0.19,,0.22,,,23.1,,0.0,-22.87140046,-43.45942235
2017-02-06 22:30:00,UNIDADE MOVEL BANGU,0.0,28.35,59.83,0.2,,0.25,,,21.08,,2.0,-22.87140046,-43.45942235
2017-02-06 23:30:00,UNIDADE MOVEL BANGU,0.0,27.8,63.02,0.25,,0.24,,,23.77,,23.0,-22.87140046,-43.45942235
2017-02-07 00:30:00,UNIDADE MOVEL BANGU,0.0,27.47,64.4,0.92,,0.12,,,34.65,,18.0,-22.87140046,-43.45942235
2017-02-07 01:30:00,UNIDADE MOVEL BANGU,0.0,27.15,67.2,0.89,,0.08,,,31.5,,21.0,-22.87140046,-43.45942235
2017-02-07 02:30:00,UNIDADE MOVEL BANGU,0.0,26.97,66.95,0.66,,0.04,,,30.16,,0.0,-22.87140046,-43.45942235
2017-02-07 03:30:00,UNIDADE MOVEL BANGU,0.0,26.65,66.53,0.34,,0.03,,,29.04,,0.0,-22.87140046,-43.45942235
2017-02-07 04:30:00,UNIDADE MOVEL BANGU,0.0,26.5,65.3,0.06,,0.01,,,26.41,,0.0,-22.87140046,-43.45942235
2017-02-07 05:30:00,UNIDADE MOVEL BANGU,0.0,26.28,66.23,0.01,,0.03,,,21.33,,0.0,-22.87140046,-43.45942235
2017-02-07 06:30:00,UNIDADE MOVEL BANGU,0.0,26.42,66.15,0.44,,0.2,,,18.82,,0.0,-22.87140046,-43.45942235
2017-02-07 07:30:00,UNIDADE MOVEL BANGU,0.0,27.82,60.75,2.88,,0.38,,,23.65,,0.0,-22.87140046,-43.45942235
2017-02-07 08:30:00,UNIDADE MOVEL BANGU,0.0,29.23,56.2,0.94,,0.2,,,29.71,,2.0,-22.87140046,-43.45942235
2017-02-07 09:30:00,UNIDADE MOVEL BANGU,0.0,30.52,52.58,2.0,,0.06,,,37.29,,4.0,-22.87140046,-43.45942235
2017-02-07 10:30:00,UNIDADE MOVEL BANGU,0.0,30.22,53.55,4.16,,0.8,,,37.46,,3.0,-22.87140046,-43.45942235
2017-02-07 11:30:00,UNIDADE MOVEL BANGU,1.0,27.53,71.82,2.86,,0.11,,,32.71,,4.0,-22.87140046,-43.45942235
2017-02-07 12:30:00,UNIDADE MOVEL BANGU,0.0,26.93,77.8,1.18,,0.2,,,29.93,,2.0,-22.87140046,-43.45942235
2017-02-07 13:30:00,UNIDADE MOVEL BANGU,0.0,30.28,61.13,1.47,,0.07,,,45.16,,0.0,-22.87140046,-43.45942235
2017-02-07 14:30:00,UNIDADE MOVEL BANGU,0.0,30.88,58.05,3.93,,0.02,,,45.18,,0.0,-22.87140046,-43.45942235
2017-02-07 15:30:00,UNIDADE MOVEL BANGU,0.0,31.08,56.63,4.13,,0.04,,,47.76,,0.0,-22.87140046,-43.45942235
2017-02-07 16:30:00,UNIDADE MOVEL BANGU,0.0,30.77,56.2,,,0.04,,,37.55,,1.0,-22.87140046,-43.45942235
2017-02-07 17:30:00,UNIDADE MOVEL BANGU,0.0,30.2,54.88,,,0.04,,,24.43,,2.0,-22.87140046,-43.45942235
2017-02-07 18:30:00,UNIDADE MOVEL BANGU,0.0,28.78,58.78,,,0.05,,,,,12.0,-22.87140046,-43.45942235
2017-02-07 19:30:00,UNIDADE MOVEL BANGU,0.0,28.12,63.57,,,0.09,,,,,15.0,-22.87140046,-43.45942235
2017-02-07 20:30:00,UNIDADE MOVEL BANGU,0.0,27.77,67.4,,,0.06,,,,,10.0,-22.87140046,-43.45942235
2017-02-07 21:30:00,UNIDADE MOVEL BANGU,0.0,27.47,68.88,,,0.07,,,,,7.0,-22.87140046,-43.45942235
2017-02-07 22:30:00,UNIDADE MOVEL BANGU,0.0,27.15,69.67,,,0.06,,,,,2.0,-22.87140046,-43.45942235
2017-02-07 23:30:00,UNIDADE MOVEL BANGU,1.0,25.98,80.07,,,0.04,,,,,0.0,-22.87140046,-43.45942235
2017-02-08 00:30:00,UNIDADE MOVEL BANGU,3.0,24.35,91.22,,,0.1,,,,,0.0,-22.87140046,-43.45942235
2017-02-08 01:30:00,UNIDADE MOVEL BANGU,0.0,24.1,91.82,,,0.07,,,,,0.0,-22.87140046,-43.45942235
2017-02-08 02:30:00,UNIDADE MOVEL BANGU,0.0,24.22,90.68,,,0.06,,,,,0.0,-22.87140046,-43.45942235
2017-02-08 03:30:00,UNIDADE MOVEL BANGU,0.0,24.43,90.03,,,0.08,,,,,1.0,-22.87140046,-43.45942235
2017-02-08 04:30:00,UNIDADE MOVEL BANGU,0.0,24.43,87.75,,,0.1,,,,,0.0,-22.87140046,-43.45942235
2017-02-08 05:30:00,UNIDADE MOVEL BANGU,0.0,24.8,84.12,,,0.15,,,,,0.0,-22.87140046,-43.45942235
2017-02-08 06:30:00,UNIDADE MOVEL BANGU,0.0,25.07,81.97,,,0.46,,,,,0.0,-22.87140046,-43.45942235
2017-02-08 07:30:00,UNIDADE MOVEL BANGU,0.0,25.82,78.13,,,0.34,,,,,0.0,-22.87140046,-43.45942235
2017-02-08 08:30:00,UNIDADE MOVEL BANGU,0.0,28.53,65.6,,,0.16,,,,,1.0,-22.87140046,-43.45942235
2017-02-08 09:30:00,UNIDADE MOVEL BANGU,0.0,29.37,60.6,,,,,,,,8.0,-22.87140046,-43.45942235
2017-02-08 10:30:00,UNIDADE MOVEL BANGU,0.0,28.88,59.9,,,,,,,,15.0,-22.87140046,-43.45942235
2017-02-08 11:30:00,UNIDADE MOVEL BANGU,0.0,30.1,54.33,,,,,,,,5.0,-22.87140046,-43.45942235
2017-02-08 12:30:00,UNIDADE MOVEL BANGU,0.0,31.97,49.7,,,,,,,,7.0,-22.87140046,-43.45942235
2017-02-08 13:30:00,UNIDADE MOVEL BANGU,0.0,31.72,49.75,,,,,,,,11.0,-22.87140046,-43.45942235
2017-02-08 14:30:00,UNIDADE MOVEL BANGU,0.0,30.7,52.5,,,,,,,,7.333333333333334,-22.87140046,-43.45942235
2017-02-08 15:30:00,UNIDADE MOVEL BANGU,0.0,29.42,56.05,,,,,,,,3.666666666666667,-22.87140046,-43.45942235
2017-02-08 16:30:00,UNIDADE MOVEL BANGU,0.0,28.85,56.5,0.16,,0.16,,,,,0.0,-22.87140046,-43.45942235
2017-02-08 17:30:00,UNIDADE MOVEL BANGU,0.0,28.72,54.33,,,0.05,,,34.4,,0.0,-22.87140046,-43.45942235
2017-02-08 18:30:00,UNIDADE MOVEL BANGU,0.0,27.6,56.0,,,0.05,,,32.31,,0.0,-22.87140046,-43.45942235
2017-02-08 19:30:00,UNIDADE MOVEL BANGU,0.0,26.67,62.17,,,0.07,,,35.3,,0.0,-22.87140046,-43.45942235
2017-02-08 20:30:00,UNIDADE MOVEL BANGU,0.0,26.23,66.23,,,0.04,,,35.63,,0.0,-22.87140046,-43.45942235
2017-02-08 21:30:00,UNIDADE MOVEL BANGU,0.0,25.98,68.23,,,0.06,,,35.14,,0.0,-22.87140046,-43.45942235
2017-02-08 22:30:00,UNIDADE MOVEL BANGU,0.0,25.6,69.0,,,0.08,,,33.32,,0.0,-22.87140046,-43.45942235
2017-02-08 23:30:00,UNIDADE MOVEL BANGU,0.0,25.37,70.78,,,0.04,,,31.36,,0.0,-22.87140046,-43.45942235
2017-02-09 00:30:00,UNIDADE MOVEL BANGU,0.0,24.93,73.38,0.91,,0.02,,,25.56,,0.0,-22.87140046,-43.45942235
2017-02-09 01:30:00,UNIDADE MOVEL BANGU,0.0,24.0,80.6,1.14,,0.03,,,20.64,,0.0,-22.87140046,-43.45942235
2017-02-09 02:30:00,UNIDADE MOVEL BANGU,0.0,24.55,70.15,1.04,,0.01,,,21.7,,0.0,-22.87140046,-43.45942235
2017-02-09 03:30:00,UNIDADE MOVEL BANGU,0.0,23.8,75.77,0.85,,0.02,,,15.23,,0.0,-22.87140046,-43.45942235
2017-02-09 04:30:00,UNIDADE MOVEL BANGU,0.0,23.4,73.6,0.82,,0.03,,,10.16,,3.0,-22.87140046,-43.45942235
2017-02-09 05:30:00,UNIDADE MOVEL BANGU,0.0,23.13,73.32,1.69,,0.19,,,0.35,,5.0,-22.87140046,-43.45942235
2017-02-09 06:30:00,UNIDADE MOVEL BANGU,0.0,23.5,76.55,2.19,,0.23,,,0.71,,5.0,-22.87140046,-43.45942235
2017-02-09 07:30:00,UNIDADE MOVEL BANGU,0.0,24.95,70.82,2.0,,0.12,,,8.95,,3.0,-22.87140046,-43.45942235
2017-02-09 08:30:00,UNIDADE MOVEL BANGU,0.0,27.33,57.93,2.8,,0.15,,,13.68,,0.0,-22.87140046,-43.45942235
2017-02-09 09:30:00,UNIDADE MOVEL BANGU,0.0,28.1,51.82,5.1,,0.1,,,18.66,,1.0,-22.87140046,-43.45942235
2017-02-09 10:30:00,UNIDADE MOVEL BANGU,0.0,30.13,45.23,,,0.06,,,28.71,,10.0,-22.87140046,-43.45942235
2017-02-09 11:30:00,UNIDADE MOVEL BANGU,0.0,30.4,46.07,,,0.07,,,41.02,,27.0,-22.87140046,-43.45942235
2017-02-09 12:30:00,UNIDADE MOVEL BANGU,0.0,30.87,44.22,,,0.05,,,50.21,,14.0,-22.87140046,-43.45942235
2017-02-09 13:30:00,UNIDADE MOVEL BANGU,0.0,31.98,40.47,,,0.04,,,52.66,,12.25,-22.87140046,-43.45942235
2017-02-09 14:30:00,UNIDADE MOVEL BANGU,0.0,30.3,46.18,,,0.02,,,38.68,,10.5,-22.87140046,-43.45942235
2017-02-09 15:30:00,UNIDADE MOVEL BANGU,0.0,28.55,52.9,,,0.09,,,33.6,,8.75,-22.87140046,-43.45942235
2017-02-09 16:30:00,UNIDADE MOVEL BANGU,0.0,28.62,54.13,,,0.03,,,28.69,,7.0,-22.87140046,-43.45942235
2017-02-09 17:30:00,UNIDADE MOVEL BANGU,0.0,27.22,57.23,,,0.04,,,25.59,,0.0,-22.87140046,-43.45942235
2017-02-09 18:30:00,UNIDADE MOVEL BANGU,0.0,26.43,61.13,,,0.12,,,20.8,,0.0,-22.87140046,-43.45942235
2017-02-09 19:30:00,UNIDADE MOVEL BANGU,0.0,25.87,64.28,,,0.03,,,20.74,,0.0,-22.87140046,-43.45942235
2017-02-09 20:30:00,UNIDADE MOVEL BANGU,0.0,25.77,65.57,,,0.01,,,18.59,,0.0,-22.87140046,-43.45942235
2017-02-09 21:30:00,UNIDADE MOVEL BANGU,0.0,25.07,70.98,,,0.04,,,13.46,,6.0,-22.87140046,-43.45942235
2017-02-09 22:30:00,UNIDADE MOVEL BANGU,0.0,24.55,72.63,,,0.03,,,13.67,,10.0,-22.87140046,-43.45942235
2017-02-09 23:30:00,UNIDADE MOVEL BANGU,0.0,23.48,82.77,,,0.03,,,9.5,,10.0,-22.87140046,-43.45942235
2017-02-10 00:30:00,UNIDADE MOVEL BANGU,0.0,22.98,87.48,6.4,,0.03,,,10.62,,4.0,-22.87140046,-43.45942235
2017-02-10 01:30:00,UNIDADE MOVEL BANGU,0.0,23.02,84.22,13.24,,0.02,,,13.93,,0.0,-22.87140046,-43.45942235
2017-02-10 02:30:00,UNIDADE MOVEL BANGU,0.0,22.9,83.18,16.36,,0.02,,,14.74,,0.0,-22.87140046,-43.45942235
2017-02-10 03:30:00,UNIDADE MOVEL BANGU,0.0,23.13,80.65,11.9,,0.02,,,16.07,,0.0,-22.87140046,-43.45942235
2017-02-10 04:30:00,UNIDADE MOVEL BANGU,0.0,23.45,78.5,9.46,,0.02,,,10.45,,0.0,-22.87140046,-43.45942235
2017-02-10 05:30:00,UNIDADE MOVEL BANGU,0.0,23.4,78.65,9.51,,0.03,,,5.35,,0.0,-22.87140046,-43.45942235
2017-02-10 06:30:00,UNIDADE MOVEL BANGU,0.0,23.78,78.15,9.6,,0.28,,,2.0,,0.0,-22.87140046,-43.45942235
2017-02-10 07:30:00,UNIDADE MOVEL BANGU,0.0,24.62,75.75,10.05,,0.33,,,3.77,,0.0,-22.87140046,-43.45942235
2017-02-10 08:30:00,UNIDADE MOVEL BANGU,0.0,26.3,69.57,13.09,,0.15,,,22.185,,6.0,-22.87140046,-43.45942235
2017-02-10 09:30:00,UNIDADE MOVEL BANGU,0.0,28.6,58.77,,,0.1,,,40.6,,6.0,-22.87140046,-43.45942235
2017-02-10 10:30:00,UNIDADE MOVEL BANGU,0.0,30.13,51.57,,,0.04,,,36.08,,4.0,-22.87140046,-43.45942235
2017-02-10 11:30:00,UNIDADE MOVEL BANGU,0.0,31.48,44.48,,,0.04,,,44.79,,0.0,-22.87140046,-43.45942235
2017-02-10 12:30:00,UNIDADE MOVEL BANGU,0.0,32.77,40.42,,,0.03,,,57.33,,4.0,-22.87140046,-43.45942235
2017-02-10 13:30:00,UNIDADE MOVEL BANGU,0.0,34.13,38.63,,,0.01,,,63.05,,21.0,-22.87140046,-43.45942235
2017-02-10 14:30:00,UNIDADE MOVEL BANGU,0.0,33.37,46.38,,,0.02,,,52.13,,6.0,-22.87140046,-43.45942235
2017-02-10 15:30:00,UNIDADE MOVEL BANGU,0.0,32.67,48.12,,,0.2,,,54.37,,1.0,-22.87140046,-43.45942235
2017-02-10 16:30:00,UNIDADE MOVEL BANGU,0.0,31.07,52.38,,,0.15,,,49.31,,0.0,-22.87140046,-43.45942235
2017-02-10 17:30:00,UNIDADE MOVEL BANGU,0.0,28.95,58.58,,,0.29,,,33.33,,0.0,-22.87140046,-43.45942235
2017-02-10 18:30:00,UNIDADE MOVEL BANGU,0.0,28.12,61.1,,,0.1,,,22.2,,0.0,-22.87140046,-43.45942235
2017-02-10 19:30:00,UNIDADE MOVEL BANGU,0.0,27.55,64.28,,,0.07,,,17.13,,0.0,-22.87140046,-43.45942235
2017-02-10 20:30:00,UNIDADE MOVEL BANGU,0.0,27.5,64.73,,,0.12,,,10.39,,0.0,-22.87140046,-43.45942235
2017-02-10 21:30:00,UNIDADE MOVEL BANGU,0.0,27.07,66.02,,,0.37,,,16.95,,16.0,-22.87140046,-43.45942235
2017-02-10 22:30:00,UNIDADE MOVEL BANGU,0.0,26.73,68.12,,,0.22,,,13.0,,10.0,-22.87140046,-43.45942235
2017-02-10 23:30:00,UNIDADE MOVEL BANGU,0.0,26.32,70.95,,,0.08,,,15.16,,16.0,-22.87140046,-43.45942235
2017-02-11 00:30:00,UNIDADE MOVEL BANGU,0.0,26.03,72.55,,,0.05,,,19.33,,14.0,-22.87140046,-43.45942235
2017-02-11 01:30:00,UNIDADE MOVEL BANGU,0.0,25.63,74.47,,,0.03,,,24.38,,8.0,-22.87140046,-43.45942235
2017-02-11 02:30:00,UNIDADE MOVEL BANGU,0.0,25.43,75.97,,,0.01,,,26.46,,1.0,-22.87140046,-43.45942235
2017-02-11 03:30:00,UNIDADE MOVEL BANGU,0.0,25.05,78.9,,,0.02,,,19.7,,,-22.87140046,-43.45942235
2017-02-11 04:30:00,UNIDADE MOVEL BANGU,0.0,24.77,80.97,0.0,,0.06,,,16.16,,,-22.87140046,-43.45942235
2017-02-11 05:30:00,UNIDADE MOVEL BANGU,0.0,24.62,81.7,0.0,,0.13,,,8.37,,,-22.87140046,-43.45942235
2017-02-11 06:30:00,UNIDADE MOVEL BANGU,0.0,24.83,81.25,0.0,,0.28,,,3.69,,,-22.87140046,-43.45942235
2017-02-11 07:30:00,UNIDADE MOVEL BANGU,0.0,25.88,76.37,,,0.16,,,16.77,,,-22.87140046,-43.45942235
2017-02-11 08:30:00,UNIDADE MOVEL BANGU,0.0,27.47,68.53,,,0.11,,,22.57,,,-22.87140046,-43.45942235
2017-02-11 09:30:00,UNIDADE MOVEL BANGU,0.0,29.47,59.38,,,0.06,,,41.36,,,-22.87140046,-43.45942235
2017-02-11 10:30:00,UNIDADE MOVEL BANGU,0.0,31.06,51.115,,,0.07,,,55.11,,,-22.87140046,-43.45942235
2017-02-11 11:30:00,UNIDADE MOVEL BANGU,0.0,32.65,42.85,,,0.08,,,68.86,,,-22.87140046,-43.45942235
2017-02-11 12:30:00,UNIDADE MOVEL BANGU,0.0,33.97,39.38,,,0.08,,,83.42999999999999,,,-22.87140046,-43.45942235
2017-02-11 13:30:00,UNIDADE MOVEL BANGU,0.0,34.48,38.83,,,0.13,,,98.0,,,-22.87140046,-43.45942235
2017-02-11 14:30:00,UNIDADE MOVEL BANGU,0.0,35.7,35.37,0.0,,0.14,,,112.57,,1.0,-22.87140046,-43.45942235
2017-02-11 15:30:00,UNIDADE MOVEL BANGU,0.0,36.17,34.38,0.0,,0.11,,,98.95,,0.0,-22.87140046,-43.45942235
2017-02-11 16:30:00,UNIDADE MOVEL BANGU,0.0,34.83,37.3,0.0,,0.12,,,82.86,,0.0,-22.87140046,-43.45942235
2017-02-11 17:30:00,UNIDADE MOVEL BANGU,0.0,33.62,40.92,0.0,,0.15,,,67.05,,0.0,-22.87140046,-43.45942235
2017-02-11 18:30:00,UNIDADE MOVEL BANGU,0.0,31.47,47.68,0.0,,0.21,,,38.62,,0.0,-22.87140046,-43.45942235
2017-02-11 19:30:00,UNIDADE MOVEL BANGU,0.0,30.67,51.92,0.0,,0.18,,,13.88,,0.0,-22.87140046,-43.45942235
2017-02-11 20:30:00,UNIDADE MOVEL BANGU,0.0,29.6,55.17,0.0,,0.13,,,12.23,,0.0,-22.87140046,-43.45942235
2017-02-11 21:30:00,UNIDADE MOVEL BANGU,0.0,28.52,59.83,0.0,,0.14,,,8.79,,0.0,-22.87140046,-43.45942235
2017-02-11 22:30:00,UNIDADE MOVEL BANGU,0.0,27.7,63.67,0.0,,0.11,,,5.92,,0.0,-22.87140046,-43.45942235
2017-02-11 23:30:00,UNIDADE MOVEL BANGU,0.0,27.07,66.75,0.615,,0.09,,,5.52,,0.0,-22.87140046,-43.45942235
2017-02-12 00:30:00,UNIDADE MOVEL BANGU,0.0,26.47,69.08,1.23,,0.07,,,6.61,,1.0,-22.87140046,-43.45942235
2017-02-12 01:30:00,UNIDADE MOVEL BANGU,0.0,26.1,71.03,1.36,,0.06,,,7.62,,1.0,-22.87140046,-43.45942235
2017-02-12 02:30:00,UNIDADE MOVEL BANGU,0.0,25.57,73.35,1.83,,0.03,,,6.62,,1.0,-22.87140046,-43.45942235
2017-02-12 03:30:00,UNIDADE MOVEL BANGU,0.0,25.52,73.17,1.81,,0.07,,,5.8,,1.0,-22.87140046,-43.45942235
2017-02-12 04:30:00,UNIDADE MOVEL BANGU,0.0,25.28,73.58,1.36,,0.03,,,3.47,,1.0,-22.87140046,-43.45942235
2017-02-12 05:30:00,UNIDADE MOVEL BANGU,0.0,25.02,74.77,1.41,,0.02,,,2.44,,1.0,-22.87140046,-43.45942235
2017-02-12 06:30:00,UNIDADE MOVEL BANGU,0.0,25.28,73.55,1.98,,0.5,,,2.11,,1.0,-22.87140046,-43.45942235
2017-02-12 07:30:00,UNIDADE MOVEL BANGU,0.0,26.77,67.0,2.13,,0.06,,,8.86,,1.0,-22.87140046,-43.45942235
2017-02-12 08:30:00,UNIDADE MOVEL BANGU,0.0,29.97,54.43,2.36,,0.07,,,15.94,,1.0,-22.87140046,-43.45942235
2017-02-12 09:30:00,UNIDADE MOVEL BANGU,0.0,31.8,47.63,3.58,,0.06,,,37.85,,1.0,-22.87140046,-43.45942235
2017-02-12 10:30:00,UNIDADE MOVEL BANGU,0.0,33.03,41.7,6.39,,0.04,,,51.83,,1.0,-22.87140046,-43.45942235
2017-02-12 11:30:00,UNIDADE MOVEL BANGU,0.0,34.67,35.9,8.37,,0.03,,,47.23,,0.0,-22.87140046,-43.45942235
2017-02-12 12:30:00,UNIDADE MOVEL BANGU,0.0,35.15,34.32,10.38,,0.04,,,64.69,,1.0,-22.87140046,-43.45942235
2017-02-12 13:30:00,UNIDADE MOVEL BANGU,0.0,35.57,32.18,15.26,,0.03,,,64.91,,18.0,-22.87140046,-43.45942235
2017-02-12 14:30:00,UNIDADE MOVEL BANGU,0.0,36.25,30.58,16.28,,0.01,,,51.69,,12.0,-22.87140046,-43.45942235
2017-02-12 15:30:00,UNIDADE MOVEL BANGU,0.0,36.25,31.53,16.82,,0.03,,,49.75,,6.0,-22.87140046,-43.45942235
2017-02-12 16:30:00,UNIDADE MOVEL BANGU,0.0,35.32,32.58,14.42,,0.02,,,39.2,,2.0,-22.87140046,-43.45942235
2017-02-12 17:30:00,UNIDADE MOVEL BANGU,0.0,34.48,36.28,11.58,,0.04,,,35.57,,6.0,-22.87140046,-43.45942235
2017-02-12 18:30:00,UNIDADE MOVEL BANGU,0.0,32.15,44.77,8.62,,0.08,,,25.93,,8.0,-22.87140046,-43.45942235
2017-02-12 19:30:00,UNIDADE MOVEL BANGU,0.0,30.33,51.02,6.26,,0.1,,,18.07,,14.0,-22.87140046,-43.45942235
2017-02-12 20:30:00,UNIDADE MOVEL BANGU,0.0,28.97,56.5,6.02,,0.08,,,11.39,,14.0,-22.87140046,-43.45942235
2017-02-12 21:30:00,UNIDADE MOVEL BANGU,0.0,28.2,59.62,5.4,,0.06,,,11.05,,17.0,-22.87140046,-43.45942235
2017-02-12 22:30:00,UNIDADE MOVEL BANGU,0.0,27.7,61.35,5.88,,0.11,,,7.69,,14.0,-22.87140046,-43.45942235
2017-02-12 23:30:00,UNIDADE MOVEL BANGU,0.0,27.3,62.55,4.67,,0.07,,,7.25,,15.0,-22.87140046,-43.45942235
2017-02-13 00:30:00,UNIDADE MOVEL BANGU,0.0,26.67,64.85,0.01,,0.11,,,6.54,,8.0,-22.87140046,-43.45942235
2017-02-13 01:30:00,UNIDADE MOVEL BANGU,0.0,26.2,65.13,0.0,,0.04,,,7.83,,14.0,-22.87140046,-43.45942235
2017-02-13 02:30:00,UNIDADE MOVEL BANGU,0.0,25.88,65.7,0.0,,0.02,,,5.96,,6.0,-22.87140046,-43.45942235
2017-02-13 03:30:00,UNIDADE MOVEL BANGU,0.0,25.78,64.38,0.0,,0.03,,,3.45,,5.0,-22.87140046,-43.45942235
2017-02-13 04:30:00,UNIDADE MOVEL BANGU,0.0,25.2,65.45,0.0,,0.08,,,1.97,,5.0,-22.87140046,-43.45942235
2017-02-13 05:30:00,UNIDADE MOVEL BANGU,0.0,25.17,64.82,0.0,,0.37,,,1.35,,5.0,-22.87140046,-43.45942235
2017-02-13 06:30:00,UNIDADE MOVEL BANGU,0.0,25.38,65.43,0.0,,0.29,,,0.78,,12.0,-22.87140046,-43.45942235
2017-02-13 07:30:00,UNIDADE MOVEL BANGU,0.0,27.32,56.6,0.0,,0.14,,,5.28,,11.0,-22.87140046,-43.45942235
2017-02-13 08:30:00,UNIDADE MOVEL BANGU,0.0,30.53,46.38,0.0,,0.11,,,13.07,,11.0,-22.87140046,-43.45942235
2017-02-13 09:30:00,UNIDADE MOVEL BANGU,0.0,31.65,40.35,0.0,,0.04,,,26.36,,16.0,-22.87140046,-43.45942235
2017-02-13 10:30:00,UNIDADE MOVEL BANGU,0.0,32.78,36.55,1.16,,0.05,,,34.73,,1.0,-22.87140046,-43.45942235
2017-02-13 11:30:00,UNIDADE MOVEL BANGU,0.0,33.8,34.47,4.43,,0.02,,,42.72,,,-22.87140046,-43.45942235
2017-02-13 12:30:00,UNIDADE MOVEL BANGU,0.0,34.05,33.47,5.44,,0.03,,,36.64,,,-22.87140046,-43.45942235
2017-02-13 13:30:00,UNIDADE MOVEL BANGU,0.0,35.42,30.22,6.08,,0.02,,,35.54,,,-22.87140046,-43.45942235
2017-02-13 14:30:00,UNIDADE MOVEL BANGU,0.0,34.68,32.5,6.99,,0.03,,,45.86,,,-22.87140046,-43.45942235
2017-02-13 15:30:00,UNIDADE MOVEL BANGU,0.0,35.52,30.38,6.54,,0.06,,,36.73,,,-22.87140046,-43.45942235
2017-02-13 16:30:00,UNIDADE MOVEL BANGU,0.0,35.48,30.7,5.7,,0.02,,,35.75,,,-22.87140046,-43.45942235
2017-02-13 17:30:00,UNIDADE MOVEL BANGU,0.0,34.5,32.67,4.42,,0.07,,,35.98,,,-22.87140046,-43.45942235
2017-02-13 18:30:00,UNIDADE MOVEL BANGU,0.0,32.88,36.07,2.89,,0.08,,,22.48,,,-22.87140046,-43.45942235
2017-02-13 19:30:00,UNIDADE MOVEL BANGU,0.0,30.6,45.27,2.52,,0.12,,,20.43,,,-22.87140046,-43.45942235
2017-02-13 20:30:00,UNIDADE MOVEL BANGU,0.0,28.97,52.3,1.72,,0.11,,,16.71,,,-22.87140046,-43.45942235
2017-02-13 21:30:00,UNIDADE MOVEL BANGU,0.0,28.0,57.9,0.92,,0.1,,,17.56,,,-22.87140046,-43.45942235
2017-02-13 22:30:00,UNIDADE MOVEL BANGU,0.0,27.33,60.88,0.89,,0.07,,,16.66,,,-22.87140046,-43.45942235
2017-02-13 23:30:00,UNIDADE MOVEL BANGU,0.0,26.82,62.52,0.8,,0.04,,,17.26,,,-22.87140046,-43.45942235
2017-02-14 00:30:00,UNIDADE MOVEL BANGU,0.0,26.38,62.88,0.75,,0.04,,,19.16,,,-22.87140046,-43.45942235
2017-02-14 01:30:00,UNIDADE MOVEL BANGU,0.0,26.15,62.1,0.73,,0.03,,,20.34,,,-22.87140046,-43.45942235
2017-02-14 02:30:00,UNIDADE MOVEL BANGU,0.0,25.73,64.45,0.72,,0.03,,,19.36,,,-22.87140046,-43.45942235
2017-02-14 03:30:00,UNIDADE MOVEL BANGU,0.0,25.42,66.25,0.41,,0.03,,,15.68,,,-22.87140046,-43.45942235
2017-02-14 04:30:00,UNIDADE MOVEL BANGU,0.0,24.93,68.63,0.03,,0.18,,,9.73,,,-22.87140046,-43.45942235
2017-02-14 05:30:00,UNIDADE MOVEL BANGU,0.0,24.78,68.55,0.03,,0.17,,,3.75,,,-22.87140046,-43.45942235
2017-02-14 06:30:00,UNIDADE MOVEL BANGU,0.0,25.27,66.85,0.38,,0.43,,,2.42,,,-22.87140046,-43.45942235
2017-02-14 07:30:00,UNIDADE MOVEL BANGU,0.0,26.63,60.8,0.31,,0.31,,,8.95,,,-22.87140046,-43.45942235
2017-02-14 08:30:00,UNIDADE MOVEL BANGU,0.0,29.6,48.87,0.23,,0.18,,,16.1,,,-22.87140046,-43.45942235
2017-02-14 09:30:00,UNIDADE MOVEL BANGU,0.0,30.98,41.72,0.0,,0.16,,,28.1,,,-22.87140046,-43.45942235
2017-02-14 10:30:00,UNIDADE MOVEL BANGU,0.0,32.63,37.92,2.17,,0.14,,,48.14,,,-22.87140046,-43.45942235
2017-02-14 11:30:00,UNIDADE MOVEL BANGU,0.0,33.4,36.37,7.4,,0.09,,,66.1,,13.0,-22.87140046,-43.45942235
2017-02-14 12:30:00,UNIDADE MOVEL BANGU,0.0,34.33,34.6,9.37,,0.06,,,70.23,,10.0,-22.87140046,-43.45942235
2017-02-14 13:30:00,UNIDADE MOVEL BANGU,0.0,35.25,32.58,10.55,,0.07,,,67.99,,9.0,-22.87140046,-43.45942235
2017-02-14 14:30:00,UNIDADE MOVEL BANGU,0.0,36.28,30.12,11.62,,0.05,,,61.49,,6.0,-22.87140046,-43.45942235
2017-02-14 15:30:00,UNIDADE MOVEL BANGU,0.0,35.93,31.78,11.22,,0.08,,,53.91,,6.0,-22.87140046,-43.45942235
2017-02-14 16:30:00,UNIDADE MOVEL BANGU,0.0,34.45,36.83,9.58,,0.15,,,48.67,,8.0,-22.87140046,-43.45942235
2017-02-14 17:30:00,UNIDADE MOVEL BANGU,0.0,34.05,37.33,7.04,,0.19,,,46.76,,13.0,-22.87140046,-43.45942235
2017-02-14 18:30:00,UNIDADE MOVEL BANGU,0.0,31.77,45.7,3.64,,0.24,,,27.71,,16.0,-22.87140046,-43.45942235
2017-02-14 19:30:00,UNIDADE MOVEL BANGU,0.0,29.87,52.73,2.48,,0.17,,,15.79,,15.0,-22.87140046,-43.45942235
2017-02-14 20:30:00,UNIDADE MOVEL BANGU,0.0,28.95,58.12,1.95,,0.17,,,14.8,,17.0,-22.87140046,-43.45942235
2017-02-14 21:30:00,UNIDADE MOVEL BANGU,0.0,28.18,61.03,1.88,,0.17,,,14.78,,15.0,-22.87140046,-43.45942235
2017-02-14 22:30:00,UNIDADE MOVEL BANGU,0.0,27.58,63.35,1.79,,0.12,,,13.46,,8.0,-22.87140046,-43.45942235
2017-02-14 23:30:00,UNIDADE MOVEL BANGU,0.0,27.07,65.18,1.68,,0.07,,,15.56,,10.0,-22.87140046,-43.45942235
2017-02-15 00:30:00,UNIDADE MOVEL BANGU,0.0,26.53,67.03,1.0,,0.04,,,13.28,,11.0,-22.87140046,-43.45942235
2017-02-15 01:30:00,UNIDADE MOVEL BANGU,0.0,26.02,68.77,1.4,,0.03,,,14.87,,10.0,-22.87140046,-43.45942235
2017-02-15 02:30:00,UNIDADE MOVEL BANGU,0.0,25.63,70.05,0.82,,0.04,,,13.25,,9.0,-22.87140046,-43.45942235
2017-02-15 03:30:00,UNIDADE MOVEL BANGU,0.0,25.45,70.22,0.66,,0.03,,,11.52,,7.0,-22.87140046,-43.45942235
2017-02-15 04:30:00,UNIDADE MOVEL BANGU,0.0,25.3,70.4,0.5,,0.04,,,5.82,,10.0,-22.87140046,-43.45942235
2017-02-15 05:30:00,UNIDADE MOVEL BANGU,0.0,25.05,71.63,0.71,,0.19,,,1.83,,11.0,-22.87140046,-43.45942235
2017-02-15 06:30:00,UNIDADE MOVEL BANGU,0.0,25.28,72.17,0.9,,0.19,,,1.82,,8.0,-22.87140046,-43.45942235
2017-02-15 07:30:00,UNIDADE MOVEL BANGU,0.0,26.33,68.62,0.59,,0.15,,,7.31,,22.0,-22.87140046,-43.45942235
2017-02-15 08:30:00,UNIDADE MOVEL BANGU,0.0,29.07,57.23,0.17,,0.14,,,11.88,,10.0,-22.87140046,-43.45942235
2017-02-15 09:30:00,UNIDADE MOVEL BANGU,0.0,31.0,46.38,1.98,,0.08,,,24.27,,8.0,-22.87140046,-43.45942235
2017-02-15 10:30:00,UNIDADE MOVEL BANGU,0.0,33.13,39.12,3.71,,0.12,,,37.44,,11.0,-22.87140046,-43.45942235
2017-02-15 11:30:00,UNIDADE MOVEL BANGU,0.0,34.1,35.02,7.01,,0.1,,,58.4,,14.0,-22.87140046,-43.45942235
2017-02-15 12:30:00,UNIDADE MOVEL BANGU,0.0,34.7,32.4,8.88,,0.06,,,53.58,,10.0,-22.87140046,-43.45942235
2017-02-15 13:30:00,UNIDADE MOVEL BANGU,0.0,35.47,30.8,9.83,,0.04,,,52.18,,6.0,-22.87140046,-43.45942235
2017-02-15 14:30:00,UNIDADE MOVEL BANGU,0.0,36.28,29.65,10.78,,0.04,,,72.61,,6.0,-22.87140046,-43.45942235
2017-02-15 15:30:00,UNIDADE MOVEL BANGU,0.0,36.75,29.73,12.09,,0.13,,,91.01,,12.0,-22.87140046,-43.45942235
2017-02-15 16:30:00,UNIDADE MOVEL BANGU,0.0,36.05,32.3,11.14,,0.06,,,77.94,,12.0,-22.87140046,-43.45942235
2017-02-15 17:30:00,UNIDADE MOVEL BANGU,0.0,34.73,34.97,8.34,,0.19,,,62.71,,17.0,-22.87140046,-43.45942235
2017-02-15 18:30:00,UNIDADE MOVEL BANGU,0.0,32.28,42.02,4.63,,0.21,,,41.85,,16.0,-22.87140046,-43.45942235
2017-02-15 19:30:00,UNIDADE MOVEL BANGU,0.0,30.73,49.27,3.68,,0.18,,,20.46,,13.0,-22.87140046,-43.45942235
2017-02-15 20:30:00,UNIDADE MOVEL BANGU,0.0,29.57,52.9,3.38,,0.18,,,6.18,,24.0,-22.87140046,-43.45942235
2017-02-15 21:30:00,UNIDADE MOVEL BANGU,0.0,28.72,54.83,3.17,,0.15,,,6.07,,18.0,-22.87140046,-43.45942235
2017-02-15 22:30:00,UNIDADE MOVEL BANGU,0.0,27.95,58.5,3.0,,0.07,,,10.37,,20.0,-22.87140046,-43.45942235
2017-02-15 23:30:00,UNIDADE MOVEL BANGU,0.0,27.37,62.97,3.27,,0.06,,,14.58,,15.0,-22.87140046,-43.45942235
2017-02-16 00:30:00,UNIDADE MOVEL BANGU,0.0,26.92,66.2,1.08,,0.05,,,14.15,,12.0,-22.87140046,-43.45942235
2017-02-16 01:30:00,UNIDADE MOVEL BANGU,0.0,26.58,67.85,0.27,,0.04,,,12.72,,8.0,-22.87140046,-43.45942235
2017-02-16 02:30:00,UNIDADE MOVEL BANGU,0.0,26.28,68.97,0.0,,0.06,,,13.61,,9.0,-22.87140046,-43.45942235
2017-02-16 03:30:00,UNIDADE MOVEL BANGU,0.0,25.83,71.1,0.0,,0.07,,,8.92,,10.0,-22.87140046,-43.45942235
2017-02-16 04:30:00,UNIDADE MOVEL BANGU,0.0,25.52,69.98,0.0,,0.06,,,7.8,,8.0,-22.87140046,-43.45942235
2017-02-16 05:30:00,UNIDADE MOVEL BANGU,0.0,25.13,70.57,0.16,,0.26,,,3.94,,9.0,-22.87140046,-43.45942235
2017-02-16 06:30:00,UNIDADE MOVEL BANGU,0.0,25.18,70.9,0.03,,0.41,,,1.49,,9.0,-22.87140046,-43.45942235
2017-02-16 07:30:00,UNIDADE MOVEL BANGU,0.0,26.33,67.75,0.04,,0.21,,,6.03,,8.0,-22.87140046,-43.45942235
2017-02-16 08:30:00,UNIDADE MOVEL BANGU,0.0,28.82,59.35,0.0,,0.21,,,10.59,,11.0,-22.87140046,-43.45942235
2017-02-16 09:30:00,UNIDADE MOVEL BANGU,0.0,29.22,55.3,0.0,,0.26,,,20.73,,13.0,-22.87140046,-43.45942235
2017-02-16 10:30:00,UNIDADE MOVEL BANGU,0.0,30.77,48.28,0.0,,0.17,,,36.63,,13.0,-22.87140046,-43.45942235
2017-02-16 11:30:00,UNIDADE MOVEL BANGU,0.0,32.6,44.92,0.56,,0.14,,,63.44,,18.0,-22.87140046,-43.45942235
2017-02-16 12:30:00,UNIDADE MOVEL BANGU,0.0,34.25,37.55,5.16,,0.09,,,100.73,,12.0,-22.87140046,-43.45942235
2017-02-16 13:30:00,UNIDADE MOVEL BANGU,0.0,35.05,33.4,7.93,,0.17,,,106.73,,17.0,-22.87140046,-43.45942235
2017-02-16 14:30:00,UNIDADE MOVEL BANGU,0.0,35.93,32.63,9.87,,0.08,,,125.64,,16.0,-22.87140046,-43.45942235
2017-02-16 15:30:00,UNIDADE MOVEL BANGU,0.0,34.65,34.9,11.03,,0.08,,,118.74,,22.0,-22.87140046,-43.45942235
2017-02-16 16:30:00,UNIDADE MOVEL BANGU,0.0,34.93,32.65,12.45,,0.07,,,100.07,,24.0,-22.87140046,-43.45942235
2017-02-16 17:30:00,UNIDADE MOVEL BANGU,0.0,33.15,34.52,6.81,,0.2,,,65.64,,22.0,-22.87140046,-43.45942235
2017-02-16 18:30:00,UNIDADE MOVEL BANGU,0.0,31.8,41.3,3.37,,0.15,,,64.11,,15.0,-22.87140046,-43.45942235
2017-02-16 19:30:00,UNIDADE MOVEL BANGU,0.0,30.02,48.48,2.75,,0.26,,,36.63,,23.0,-22.87140046,-43.45942235
2017-02-16 20:30:00,UNIDADE MOVEL BANGU,0.0,28.4,58.63,3.99,,0.43,,,9.81,,37.0,-22.87140046,-43.45942235
2017-02-16 21:30:00,UNIDADE MOVEL BANGU,0.0,27.87,60.03,7.88,,0.45,,,3.98,,41.0,-22.87140046,-43.45942235
2017-02-16 22:30:00,UNIDADE MOVEL BANGU,0.0,27.75,60.92,6.56,,0.18,,,3.28,,35.0,-22.87140046,-43.45942235
2017-02-16 23:30:00,UNIDADE MOVEL BANGU,0.0,27.27,63.75,2.57,,0.13,,,4.95,,14.0,-22.87140046,-43.45942235
2017-02-17 00:30:00,UNIDADE MOVEL BANGU,0.0,26.73,67.87,2.79,,0.11,,,5.61,,16.0,-22.87140046,-43.45942235
2017-02-17 01:30:00,UNIDADE MOVEL BANGU,0.0,26.22,71.93,2.15,,0.08,,,7.92,,11.0,-22.87140046,-43.45942235
2017-02-17 02:30:00,UNIDADE MOVEL BANGU,0.0,25.67,74.75,1.58,,0.1,,,5.93,,8.0,-22.87140046,-43.45942235
2017-02-17 03:30:00,UNIDADE MOVEL BANGU,0.0,25.22,76.93,1.07,,0.09,,,3.95,,13.0,-22.87140046,-43.45942235
2017-02-17 04:30:00,UNIDADE MOVEL BANGU,0.0,25.0,77.5,0.64,,0.11,,,2.43,,17.0,-22.87140046,-43.45942235
2017-02-17 05:30:00,UNIDADE MOVEL BANGU,0.0,24.8,78.3,1.41,,0.14,,,0.85,,8.0,-22.87140046,-43.45942235
2017-02-17 06:30:00,UNIDADE MOVEL BANGU,0.0,25.1,77.55,1.4,,0.51,,,1.52,,7.0,-22.87140046,-43.45942235
2017-02-17 07:30:00,UNIDADE MOVEL BANGU,0.0,26.15,73.73,1.16,,0.3,,,4.27,,15.0,-22.87140046,-43.45942235
2017-02-17 08:30:00,UNIDADE MOVEL BANGU,0.0,28.8,62.68,0.5,,0.31,,,11.86,,19.0,-22.87140046,-43.45942235
2017-02-17 09:30:00,UNIDADE MOVEL BANGU,0.0,30.37,55.42,0.0,,0.34,,,28.93,,17.0,-22.87140046,-43.45942235
2017-02-17 10:30:00,UNIDADE MOVEL BANGU,0.0,32.9,45.08,3.79,,0.24,,,58.35,,21.0,-22.87140046,-43.45942235
2017-02-17 11:30:00,UNIDADE MOVEL BANGU,0.0,34.47,37.7,9.42,,0.16,,,85.75,,17.0,-22.87140046,-43.45942235
2017-02-17 12:30:00,UNIDADE MOVEL BANGU,0.0,35.12,34.57,9.02,,0.1,,,87.96,,15.0,-22.87140046,-43.45942235
2017-02-17 13:30:00,UNIDADE MOVEL BANGU,0.0,36.42,30.98,9.84,,0.09,,,79.57,,11.0,-22.87140046,-43.45942235
2017-02-17 14:30:00,UNIDADE MOVEL BANGU,0.0,37.3,28.58,13.05,,0.04,,,77.24,,17.0,-22.87140046,-43.45942235
2017-02-17 15:30:00,UNIDADE MOVEL BANGU,0.0,37.4,30.48,12.71,,0.13,,,119.28,,9.0,-22.87140046,-43.45942235
2017-02-17 16:30:00,UNIDADE MOVEL BANGU,0.0,36.6,32.52,13.59,,0.13,,,124.62,,21.0,-22.87140046,-43.45942235
2017-02-17 17:30:00,UNIDADE MOVEL BANGU,0.0,35.13,35.27,11.25,,0.35,,,100.37,,26.0,-22.87140046,-43.45942235
2017-02-17 18:30:00,UNIDADE MOVEL BANGU,0.0,32.72,41.6,6.87,,0.29,,,77.27,,23.0,-22.87140046,-43.45942235
2017-02-17 19:30:00,UNIDADE MOVEL BANGU,0.0,31.25,45.85,5.12,,0.24,,,31.89,,15.0,-22.87140046,-43.45942235
2017-02-17 20:30:00,UNIDADE MOVEL BANGU,0.0,29.7,52.58,4.39,,0.25,,,7.14,,14.0,-22.87140046,-43.45942235
2017-02-17 21:30:00,UNIDADE MOVEL BANGU,0.0,28.87,56.47,3.5,,0.33,,,7.23,,21.0,-22.87140046,-43.45942235
2017-02-17 22:30:00,UNIDADE MOVEL BANGU,0.0,28.12,59.42,3.88,,0.17,,,7.66,,17.0,-22.87140046,-43.45942235
2017-02-17 23:30:00,UNIDADE MOVEL BANGU,0.0,27.65,61.62,2.91,,0.13,,,7.7,,12.0,-22.87140046,-43.45942235
2017-02-18 00:30:00,UNIDADE MOVEL BANGU,0.0,27.12,64.43,2.93,,0.11,,,5.83,,10.0,-22.87140046,-43.45942235
2017-02-18 01:30:00,UNIDADE MOVEL BANGU,0.0,26.9,66.07,2.85,,0.12,,,3.3,,19.0,-22.87140046,-43.45942235
2017-02-18 02:30:00,UNIDADE MOVEL BANGU,0.0,26.33,69.22,3.09,,0.1,,,2.29,,11.0,-22.87140046,-43.45942235
2017-02-18 03:30:00,UNIDADE MOVEL BANGU,0.0,25.95,72.95,3.03,,0.12,,,1.05,,12.0,-22.87140046,-43.45942235
2017-02-18 04:30:00,UNIDADE MOVEL BANGU,0.0,25.53,76.17,2.8,,0.07,,,4.78,,11.0,-22.87140046,-43.45942235
2017-02-18 05:30:00,UNIDADE MOVEL BANGU,0.0,25.23,78.27,2.35,,0.21,,,0.73,,12.0,-22.87140046,-43.45942235
2017-02-18 06:30:00,UNIDADE MOVEL BANGU,0.0,25.3,78.58,2.45,,0.17,,,1.99,,8.0,-22.87140046,-43.45942235
2017-02-18 07:30:00,UNIDADE MOVEL BANGU,0.0,26.62,72.98,2.0,,0.17,,,7.21,,6.0,-22.87140046,-43.45942235
2017-02-18 08:30:00,UNIDADE MOVEL BANGU,0.0,29.25,62.13,1.67,,0.2,,,13.8,,10.0,-22.87140046,-43.45942235
2017-02-18 09:30:00,UNIDADE MOVEL BANGU,0.0,31.85,51.45,0.99,,0.16,,,32.09,,17.0,-22.87140046,-43.45942235
2017-02-18 10:30:00,UNIDADE MOVEL BANGU,0.0,34.02,42.83,4.31,,0.19,,,69.47,,19.0,-22.87140046,-43.45942235
2017-02-18 11:30:00,UNIDADE MOVEL BANGU,0.0,35.23,38.7,7.99,,0.15,,,100.66,,18.0,-22.87140046,-43.45942235
2017-02-18 12:30:00,UNIDADE MOVEL BANGU,0.0,36.25,34.1,9.01,,0.17,,,116.61,,8.0,-22.87140046,-43.45942235
2017-02-18 13:30:00,UNIDADE MOVEL BANGU,0.0,36.43,34.73,13.39,,0.12,,,130.8,,18.0,-22.87140046,-43.45942235
2017-02-18 14:30:00,UNIDADE MOVEL BANGU,0.0,37.6,30.35,20.75,,0.1,,,134.46,,32.0,-22.87140046,-43.45942235
2017-02-18 15:30:00,UNIDADE MOVEL BANGU,0.0,37.97,28.93,18.5,,0.06,,,126.25,,24.0,-22.87140046,-43.45942235
2017-02-18 16:30:00,UNIDADE MOVEL BANGU,0.0,36.13,32.75,13.79,,0.04,,,104.76,,18.0,-22.87140046,-43.45942235
2017-02-18 17:30:00,UNIDADE MOVEL BANGU,0.0,34.88,33.98,9.5,,0.06,,,93.56,,17.0,-22.87140046,-43.45942235
2017-02-18 18:30:00,UNIDADE MOVEL BANGU,0.0,32.7,37.47,5.56,,0.16,,,69.96,,19.0,-22.87140046,-43.45942235
2017-02-18 19:30:00,UNIDADE MOVEL BANGU,0.0,29.4,54.32,3.67,,0.23,,,32.41,,22.0,-22.87140046,-43.45942235
2017-02-18 20:30:00,UNIDADE MOVEL BANGU,0.0,27.95,60.89,3.93,,0.27,,,9.06,,36.0,-22.87140046,-43.45942235
2017-02-18 21:30:00,UNIDADE MOVEL BANGU,0.0,27.29,63.26,3.7,,0.27,,,12.27,,31.0,-22.87140046,-43.45942235
2017-02-18 22:30:00,UNIDADE MOVEL BANGU,,27.14,62.85,3.44,,0.3,,,13.49,,30.0,-22.87140046,-43.45942235
2017-02-18 23:30:00,UNIDADE MOVEL BANGU,0.0,26.82,63.09,3.33,,0.29,,,15.9,,30.0,-22.87140046,-43.45942235
2017-02-19 00:30:00,UNIDADE MOVEL BANGU,0.0,26.07,66.74,2.3,,0.16,,,26.12,,24.0,-22.87140046,-43.45942235
2017-02-19 01:30:00,UNIDADE MOVEL BANGU,0.0,25.6,68.45,1.99,,0.15,,,15.62,,9.0,-22.87140046,-43.45942235
2017-02-19 02:30:00,UNIDADE MOVEL BANGU,0.0,25.52,69.35,1.94,,0.17,,,18.23,,23.0,-22.87140046,-43.45942235
2017-02-19 03:30:00,UNIDADE MOVEL BANGU,0.0,25.35,70.43,2.04,,0.14,,,20.79,,27.0,-22.87140046,-43.45942235
2017-02-19 04:30:00,UNIDADE MOVEL BANGU,0.0,25.32,70.8,2.32,,0.25,,,11.12,,22.0,-22.87140046,-43.45942235
2017-02-19 05:30:00,UNIDADE MOVEL BANGU,0.0,25.28,71.17,3.1,,0.3,,,1.82,,20.0,-22.87140046,-43.45942235
2017-02-19 06:30:00,UNIDADE MOVEL BANGU,0.0,25.67,71.32,3.64,,0.44,,,5.36,,27.0,-22.87140046,-43.45942235
2017-02-19 07:30:00,UNIDADE MOVEL BANGU,0.0,26.98,70.63,3.18,,0.49,,,10.18,,26.0,-22.87140046,-43.45942235
2017-02-19 08:30:00,UNIDADE MOVEL BANGU,0.0,29.83,58.82,2.4,,0.24,,,20.18,,20.0,-22.87140046,-43.45942235
2017-02-19 09:30:00,UNIDADE MOVEL BANGU,0.0,32.38,47.82,2.41,,0.26,,,39.7,,18.0,-22.87140046,-43.45942235
2017-02-19 10:30:00,UNIDADE MOVEL BANGU,0.0,34.03,40.87,11.07,,0.15,,,68.94,,20.0,-22.87140046,-43.45942235
2017-02-19 11:30:00,UNIDADE MOVEL BANGU,0.0,35.33,36.7,15.96,,0.15,,,95.84,,19.0,-22.87140046,-43.45942235
2017-02-19 12:30:00,UNIDADE MOVEL BANGU,0.0,36.15,32.83,15.75,,0.18,,,95.03,,15.0,-22.87140046,-43.45942235
2017-02-19 13:30:00,UNIDADE MOVEL BANGU,0.0,37.67,29.02,18.86,,0.14,,,107.18,,19.0,-22.87140046,-43.45942235
2017-02-19 14:30:00,UNIDADE MOVEL BANGU,0.0,38.62,25.43,22.69,,0.09,,,111.04,,22.0,-22.87140046,-43.45942235
2017-02-19 15:30:00,UNIDADE MOVEL BANGU,0.0,37.67,28.47,18.68,,0.04,,,110.34,,22.0,-22.87140046,-43.45942235
2017-02-19 16:30:00,UNIDADE MOVEL BANGU,0.0,34.38,40.42,15.21,,0.11,,,78.35,,24.0,-22.87140046,-43.45942235
2017-02-19 17:30:00,UNIDADE MOVEL BANGU,0.0,30.37,52.88,9.69,,0.1,,,42.01,,37.0,-22.87140046,-43.45942235
2017-02-19 18:30:00,UNIDADE MOVEL BANGU,0.0,27.88,60.8,5.72,,0.11,,,31.7,,19.0,-22.87140046,-43.45942235
2017-02-19 19:30:00,UNIDADE MOVEL BANGU,0.0,26.65,64.68,5.03,,0.07,,,26.78,,11.0,-22.87140046,-43.45942235
2017-02-19 20:30:00,UNIDADE MOVEL BANGU,0.0,26.28,65.77,4.26,,0.13,,,29.58,,15.0,-22.87140046,-43.45942235
2017-02-19 21:30:00,UNIDADE MOVEL BANGU,0.0,26.17,66.38,3.18,,0.11,,,30.1,,15.0,-22.87140046,-43.45942235
2017-02-19 22:30:00,UNIDADE MOVEL BANGU,0.0,25.98,67.25,3.24,,0.1,,,25.91,,17.0,-22.87140046,-43.45942235
2017-02-19 23:30:00,UNIDADE MOVEL BANGU,0.0,25.67,68.55,2.09,,0.04,,,27.2,,11.0,-22.87140046,-43.45942235
2017-02-20 00:30:00,UNIDADE MOVEL BANGU,0.0,25.58,69.73,1.72,,0.03,,,33.82,,14.0,-22.87140046,-43.45942235
2017-02-20 01:30:00,UNIDADE MOVEL BANGU,0.0,25.6,70.3,0.95,,0.05,,,35.36,,13.0,-22.87140046,-43.45942235
2017-02-20 02:30:00,UNIDADE MOVEL BANGU,0.0,25.53,70.78,0.95,,0.04,,,37.9,,15.0,-22.87140046,-43.45942235
2017-02-20 03:30:00,UNIDADE MOVEL BANGU,0.0,25.42,71.37,0.75,,0.03,,,38.39,,18.0,-22.87140046,-43.45942235
2017-02-20 04:30:00,UNIDADE MOVEL BANGU,0.0,25.15,73.28,1.15,,0.02,,,27.51,,16.0,-22.87140046,-43.45942235
2017-02-20 05:30:00,UNIDADE MOVEL BANGU,0.0,25.15,73.87,1.32,,0.07,,,6.0,,17.0,-22.87140046,-43.45942235
2017-02-20 06:30:00,UNIDADE MOVEL BANGU,0.0,25.57,73.15,1.57,,0.12,,,3.4,,17.0,-22.87140046,-43.45942235
2017-02-20 07:30:00,UNIDADE MOVEL BANGU,0.0,27.03,68.97,1.94,,0.18,,,10.97,,24.0,-22.87140046,-43.45942235
2017-02-20 08:30:00,UNIDADE MOVEL BANGU,0.0,29.62,59.98,1.99,,0.17,,,19.71,,28.0,-22.87140046,-43.45942235
2017-02-20 09:30:00,UNIDADE MOVEL BANGU,0.0,31.85,52.02,0.9,,0.11,,,41.78,,32.0,-22.87140046,-43.45942235
2017-02-20 10:30:00,UNIDADE MOVEL BANGU,0.0,33.22,44.5,6.16,,0.07,,,79.45,,31.0,-22.87140046,-43.45942235
2017-02-20 11:30:00,UNIDADE MOVEL BANGU,0.0,34.42,37.48,11.72,,0.03,,,90.61,,35.0,-22.87140046,-43.45942235
2017-02-20 12:30:00,UNIDADE MOVEL BANGU,0.0,35.57,34.93,11.43,,0.06,,,108.58,,18.0,-22.87140046,-43.45942235
2017-02-20 13:30:00,UNIDADE MOVEL BANGU,0.0,36.22,33.22,12.01,,0.09,,,122.42,,29.0,-22.87140046,-43.45942235
2017-02-20 14:30:00,UNIDADE MOVEL BANGU,0.0,37.37,29.17,11.76,,0.02,,,109.58,,29.0,-22.87140046,-43.45942235
2017-02-20 15:30:00,UNIDADE MOVEL BANGU,0.0,36.13,32.32,11.52,,0.01,,,97.17,,14.0,-22.87140046,-43.45942235
2017-02-20 16:30:00,UNIDADE MOVEL BANGU,0.0,34.32,36.63,7.9,,0.01,,,68.98,,17.0,-22.87140046,-43.45942235
2017-02-20 17:30:00,UNIDADE MOVEL BANGU,0.0,33.28,38.57,3.96,,0.04,,,49.2,,17.0,-22.87140046,-43.45942235
2017-02-20 18:30:00,UNIDADE MOVEL BANGU,0.0,31.48,45.17,1.61,,0.04,,,32.68,,14.0,-22.87140046,-43.45942235
2017-02-20 19:30:00,UNIDADE MOVEL BANGU,0.0,30.2,50.23,1.67,,0.1,,,17.76,,15.0,-22.87140046,-43.45942235
2017-02-20 20:30:00,UNIDADE MOVEL BANGU,0.0,29.17,53.98,2.11,,0.14,,,8.02,,27.0,-22.87140046,-43.45942235
2017-02-20 21:30:00,UNIDADE MOVEL BANGU,0.0,28.35,55.27,2.54,,0.2,,,3.79,,24.0,-22.87140046,-43.45942235
2017-02-20 22:30:00,UNIDADE MOVEL BANGU,0.0,27.65,58.88,2.89,,0.13,,,2.59,,22.0,-22.87140046,-43.45942235
2017-02-20 23:30:00,UNIDADE MOVEL BANGU,0.0,27.22,63.42,1.63,,0.05,,,3.1,,12.0,-22.87140046,-43.45942235
2017-02-21 00:30:00,UNIDADE MOVEL BANGU,0.0,26.6,66.12,1.53,,0.05,,,3.27,,12.0,-22.87140046,-43.45942235
2017-02-21 01:30:00,UNIDADE MOVEL BANGU,0.0,26.1,67.28,2.28,,0.04,,,7.5,,8.0,-22.87140046,-43.45942235
2017-02-21 02:30:00,UNIDADE MOVEL BANGU,0.0,25.93,66.8,1.48,,0.02,,,6.72,,8.0,-22.87140046,-43.45942235
2017-02-21 03:30:00,UNIDADE MOVEL BANGU,0.0,25.7,68.27,1.44,,0.01,,,5.35,,11.0,-22.87140046,-43.45942235
2017-02-21 04:30:00,UNIDADE MOVEL BANGU,0.0,25.33,69.83,1.04,,0.01,,,3.4,,7.0,-22.87140046,-43.45942235
2017-02-21 05:30:00,UNIDADE MOVEL BANGU,0.0,25.28,70.42,0.72,,0.01,,,0.14,,5.0,-22.87140046,-43.45942235
2017-02-21 06:30:00,UNIDADE MOVEL BANGU,0.0,25.35,70.9,1.28,,0.06,,,0.62,,5.0,-22.87140046,-43.45942235
2017-02-21 07:30:00,UNIDADE MOVEL BANGU,0.0,26.7,66.0,1.3,,0.05,,,3.88,,8.0,-22.87140046,-43.45942235
2017-02-21 08:30:00,UNIDADE MOVEL BANGU,0.0,29.0,57.57,0.81,,0.07,,,9.59,,6.0,-22.87140046,-43.45942235
2017-02-21 09:30:00,UNIDADE MOVEL BANGU,0.0,30.87,47.02,0.52,,0.07,,,22.65,,12.0,-22.87140046,-43.45942235
2017-02-21 10:30:00,UNIDADE MOVEL BANGU,0.0,32.0,43.03,2.71,,0.08,,,33.34,,13.0,-22.87140046,-43.45942235
2017-02-21 11:30:00,UNIDADE MOVEL BANGU,0.0,32.78,40.62,6.52,,0.07,,,46.8,,16.0,-22.87140046,-43.45942235
2017-02-21 12:30:00,UNIDADE MOVEL BANGU,0.0,33.63,37.32,7.24,,0.03,,,67.26,,18.0,-22.87140046,-43.45942235
2017-02-21 13:30:00,UNIDADE MOVEL BANGU,0.0,34.47,35.37,8.68,,0.02,,,66.44,,13.0,-22.87140046,-43.45942235
2017-02-21 14:30:00,UNIDADE MOVEL BANGU,0.0,34.72,36.65,7.94,,0.03,,,66.99,,13.0,-22.87140046,-43.45942235
2017-02-21 15:30:00,UNIDADE MOVEL BANGU,0.0,34.0,38.42,7.21,,0.03,,,49.08,,9.0,-22.87140046,-43.45942235
2017-02-21 16:30:00,UNIDADE MOVEL BANGU,0.0,32.87,42.4,6.23,,0.06,,,32.29,,13.0,-22.87140046,-43.45942235
2017-02-21 17:30:00,UNIDADE MOVEL BANGU,0.0,31.1,47.05,4.39,,0.12,,,24.4,,14.0,-22.87140046,-43.45942235
2017-02-21 18:30:00,UNIDADE MOVEL BANGU,0.0,29.52,52.32,3.24,,0.15,,,17.43,,14.0,-22.87140046,-43.45942235
2017-02-21 19:30:00,UNIDADE MOVEL BANGU,0.0,28.73,57.02,3.21,,0.27,,,10.27,,16.0,-22.87140046,-43.45942235
2017-02-21 20:30:00,UNIDADE MOVEL BANGU,0.0,27.92,59.92,3.47,,0.12,,,8.86,,16.0,-22.87140046,-43.45942235
2017-02-21 21:30:00,UNIDADE MOVEL BANGU,0.0,27.27,61.38,2.23,,0.15,,,13.62,,13.0,-22.87140046,-43.45942235
2017-02-21 22:30:00,UNIDADE MOVEL BANGU,0.0,26.77,62.82,2.33,,0.26,,,15.44,,14.0,-22.87140046,-43.45942235
2017-02-21 23:30:00,UNIDADE MOVEL BANGU,0.0,26.35,66.2,1.87,,0.05,,,17.48,,8.0,-22.87140046,-43.45942235
2017-02-22 00:30:00,UNIDADE MOVEL BANGU,0.0,25.98,69.3,0.31,,0.03,,,18.25,,8.0,-22.87140046,-43.45942235
2017-02-22 01:30:00,UNIDADE MOVEL BANGU,0.0,25.57,71.8,0.06,,0.03,,,16.57,,10.0,-22.87140046,-43.45942235
2017-02-22 02:30:00,UNIDADE MOVEL BANGU,0.0,25.38,72.7,0.26,,0.07,,,14.7,,8.0,-22.87140046,-43.45942235
2017-02-22 03:30:00,UNIDADE MOVEL BANGU,0.0,25.15,73.1,0.5,,0.18,,,13.35,,11.0,-22.87140046,-43.45942235
2017-02-22 04:30:00,UNIDADE MOVEL BANGU,0.0,24.72,74.7,0.0,,0.14,,,13.23,,7.0,-22.87140046,-43.45942235
2017-02-22 05:30:00,UNIDADE MOVEL BANGU,0.0,24.42,75.33,0.06,,0.06,,,6.79,,11.0,-22.87140046,-43.45942235
2017-02-22 06:30:00,UNIDADE MOVEL BANGU,0.0,24.58,75.95,0.02,,0.03,,,1.72,,7.0,-22.87140046,-43.45942235
2017-02-22 07:30:00,UNIDADE MOVEL BANGU,0.0,26.33,67.25,0.03,,0.23,,,8.23,,15.0,-22.87140046,-43.45942235
2017-02-22 08:30:00,UNIDADE MOVEL BANGU,0.0,29.22,55.53,0.0,,0.21,,,17.68,,2.0,-22.87140046,-43.45942235
2017-02-22 09:30:00,UNIDADE MOVEL BANGU,0.0,30.35,48.9,0.0,,0.28,,,22.79,,8.0,-22.87140046,-43.45942235
2017-02-22 10:30:00,UNIDADE MOVEL BANGU,0.0,31.78,42.15,1.48,,0.1,,,44.17,,11.0,-22.87140046,-43.45942235
2017-02-22 11:30:00,UNIDADE MOVEL BANGU,0.0,33.27,37.8,4.13,,0.09,,,66.03,,9.0,-22.87140046,-43.45942235
2017-02-22 12:30:00,UNIDADE MOVEL BANGU,0.0,34.1,34.82,5.89,,0.11,,,59.59,,11.0,-22.87140046,-43.45942235
2017-02-22 13:30:00,UNIDADE MOVEL BANGU,0.0,34.83,33.13,7.59,,0.08,,,69.78,,10.0,-22.87140046,-43.45942235
2017-02-22 14:30:00,UNIDADE MOVEL BANGU,0.0,35.27,31.98,12.81,,0.04,,,76.04,,13.0,-22.87140046,-43.45942235
2017-02-22 15:30:00,UNIDADE MOVEL BANGU,0.0,35.73,31.52,18.3,,0.06,,,84.43,,14.0,-22.87140046,-43.45942235
2017-02-22 16:30:00,UNIDADE MOVEL BANGU,0.0,35.67,31.42,14.26,,0.06,,,71.46333333333334,,21.0,-22.87140046,-43.45942235
2017-02-22 17:30:00,UNIDADE MOVEL BANGU,0.0,35.32,31.9,9.95,,0.25,,,58.49666666666667,,10.0,-22.87140046,-43.45942235
2017-02-22 18:30:00,UNIDADE MOVEL BANGU,0.0,33.47,37.18,13.59,,0.44,,,45.53,,14.0,-22.87140046,-43.45942235
2017-02-22 19:30:00,UNIDADE MOVEL BANGU,0.0,32.07,40.35,4.89,,0.63,,,27.79,,21.0,-22.87140046,-43.45942235
2017-02-22 20:30:00,UNIDADE MOVEL BANGU,0.0,30.68,48.87,0.08,,0.42,,,2.83,,19.0,-22.87140046,-43.45942235
2017-02-22 21:30:00,UNIDADE MOVEL BANGU,0.0,29.12,57.42,0.0,,0.2,,,2.0,,16.0,-22.87140046,-43.45942235
2017-02-22 22:30:00,UNIDADE MOVEL BANGU,0.0,28.37,60.0,0.0,,0.17,,,3.04,,13.0,-22.87140046,-43.45942235
2017-02-22 23:30:00,UNIDADE MOVEL BANGU,0.0,27.88,62.42,0.39,,0.18,,,5.01,,8.0,-22.87140046,-43.45942235
2017-02-23 00:30:00,UNIDADE MOVEL BANGU,0.0,27.3,64.62,0.78,,0.05,,,3.14,,13.0,-22.87140046,-43.45942235
2017-02-23 01:30:00,UNIDADE MOVEL BANGU,0.0,26.9,65.58,0.53,,0.03,,,4.72,,10.0,-22.87140046,-43.45942235
2017-02-23 02:30:00,UNIDADE MOVEL BANGU,0.0,26.4,66.32,1.05,,0.03,,,6.36,,8.0,-22.87140046,-43.45942235
2017-02-23 03:30:00,UNIDADE MOVEL BANGU,0.0,26.0,67.05,0.62,,0.03,,,5.65,,11.0,-22.87140046,-43.45942235
2017-02-23 04:30:00,UNIDADE MOVEL BANGU,0.0,25.7,68.03,0.67,,0.07,,,4.79,,12.0,-22.87140046,-43.45942235
2017-02-23 05:30:00,UNIDADE MOVEL BANGU,0.0,25.47,69.38,0.6,,0.05,,,1.3,,15.0,-22.87140046,-43.45942235
2017-02-23 06:30:00,UNIDADE MOVEL BANGU,0.0,25.47,69.4,0.15,,0.06,,,0.98,,17.0,-22.87140046,-43.45942235
2017-02-23 07:30:00,UNIDADE MOVEL BANGU,0.0,27.25,61.47,0.89,,0.2,,,5.69,,11.0,-22.87140046,-43.45942235
2017-02-23 08:30:00,UNIDADE MOVEL BANGU,0.0,29.83,51.63,0.1,,0.07,,,21.74,,10.0,-22.87140046,-43.45942235
2017-02-23 09:30:00,UNIDADE MOVEL BANGU,0.0,32.03,43.63,0.1,,0.08,,,41.02,,12.0,-22.87140046,-43.45942235
2017-02-23 10:30:00,UNIDADE MOVEL BANGU,0.0,33.65,40.32,0.07500000000000001,,0.05,,,68.18,,7.0,-22.87140046,-43.45942235
2017-02-23 11:30:00,UNIDADE MOVEL BANGU,4.0,35.12,36.37,0.05,,0.035,,,85.67,,19.0,-22.87140046,-43.45942235
2017-02-23 12:30:00,UNIDADE MOVEL BANGU,0.0,35.63,34.22,0.024999999999999994,,0.02,,,68.15,,11.0,-22.87140046,-43.45942235
2017-02-23 13:30:00,UNIDADE MOVEL BANGU,0.0,36.08,32.22,0.0,,0.12,,,70.05,,18.0,-22.87140046,-43.45942235
2017-02-23 14:30:00,UNIDADE MOVEL BANGU,0.0,36.02,31.32,0.0,,0.13,,,68.35,,28.0,-22.87140046,-43.45942235
2017-02-23 15:30:00,UNIDADE MOVEL BANGU,0.0,36.33,29.85,0.0,,0.14,,,70.67,,32.0,-22.87140046,-43.45942235
2017-02-23 16:30:00,UNIDADE MOVEL BANGU,0.0,35.85,32.72,0.0,,0.16,,,103.16,,28.0,-22.87140046,-43.45942235
2017-02-23 17:30:00,UNIDADE MOVEL BANGU,0.0,34.83,34.73,0.0,,0.19,,,112.38,,11.0,-22.87140046,-43.45942235
2017-02-23 18:30:00,UNIDADE MOVEL BANGU,0.0,32.83,39.92,0.0,,0.28,,,89.31,,21.0,-22.87140046,-43.45942235
2017-02-23 19:30:00,UNIDADE MOVEL BANGU,0.0,31.58,42.38,0.0,,0.66,,,36.11,,25.0,-22.87140046,-43.45942235
2017-02-23 20:30:00,UNIDADE MOVEL BANGU,0.0,30.73,44.62,0.0,,0.6,,,11.31,,25.0,-22.87140046,-43.45942235
2017-02-23 21:30:00,UNIDADE MOVEL BANGU,0.0,30.37,48.02,0.0,,0.45,,,4.42,,31.0,-22.87140046,-43.45942235
2017-02-23 22:30:00,UNIDADE MOVEL BANGU,0.0,29.73,51.88,0.0,,0.5,,,2.52,,25.0,-22.87140046,-43.45942235
2017-02-23 23:30:00,UNIDADE MOVEL BANGU,0.0,29.07,54.02,1.1,,0.65,,,2.17,,27.0,-22.87140046,-43.45942235
2017-02-24 00:30:00,UNIDADE MOVEL BANGU,0.0,28.7,56.47,2.2,,0.81,,,1.28,,50.0,-22.87140046,-43.45942235
2017-02-24 01:30:00,UNIDADE MOVEL BANGU,0.0,27.83,59.55,2.5,,0.77,,,0.77,,61.0,-22.87140046,-43.45942235
2017-02-24 02:30:00,UNIDADE MOVEL BANGU,0.0,27.17,61.28,2.15,,0.44,,,1.74,,42.0,-22.87140046,-43.45942235
2017-02-24 03:30:00,UNIDADE MOVEL BANGU,0.0,27.03,62.78,1.77,,0.36,,,1.62,,29.0,-22.87140046,-43.45942235
2017-02-24 04:30:00,UNIDADE MOVEL BANGU,0.0,26.4,66.45,1.33,,0.26,,,2.23,,42.0,-22.87140046,-43.45942235
2017-02-24 05:30:00,UNIDADE MOVEL BANGU,0.0,26.38,66.97,0.36,,0.3,,,0.82,,34.0,-22.87140046,-43.45942235
2017-02-24 06:30:00,UNIDADE MOVEL BANGU,0.0,27.08,56.68,0.41,,0.22,,,5.41,,35.0,-22.87140046,-43.45942235
2017-02-24 07:30:00,UNIDADE MOVEL BANGU,0.0,28.75,49.33,0.04,,0.12,,,17.0,,19.0,-22.87140046,-43.45942235
2017-02-24 08:30:00,UNIDADE MOVEL BANGU,0.0,30.38,46.15,0.0,,0.12,,,29.36,,5.0,-22.87140046,-43.45942235
2017-02-24 09:30:00,UNIDADE MOVEL BANGU,0.0,32.1,43.32,0.0,,0.1,,,48.14,,12.0,-22.87140046,-43.45942235
2017-02-24 10:30:00,UNIDADE MOVEL BANGU,0.0,34.23,37.67,1.12,,0.07,,,64.0,,9.0,-22.87140046,-43.45942235
2017-02-24 11:30:00,UNIDADE MOVEL BANGU,0.0,35.15,34.57,2.7,,0.1,,,79.65,,4.0,-22.87140046,-43.45942235
2017-02-24 12:30:00,UNIDADE MOVEL BANGU,0.0,36.27,32.8,5.26,,0.07,,,93.43,,13.0,-22.87140046,-43.45942235
2017-02-24 13:30:00,UNIDADE MOVEL BANGU,0.0,37.53,32.13,5.17,,0.09,,,100.58,,21.0,-22.87140046,-43.45942235
2017-02-24 14:30:00,UNIDADE MOVEL BANGU,0.0,35.6,36.28,5.52,,0.09,,,84.98,,16.0,-22.87140046,-43.45942235
2017-02-24 15:30:00,UNIDADE MOVEL BANGU,0.0,35.6,36.57,3.46,,0.1,,,76.03,,16.0,-22.87140046,-43.45942235
2017-02-24 16:30:00,UNIDADE MOVEL BANGU,0.0,34.98,38.5,2.89,,0.12,,,73.58,,1.0,-22.87140046,-43.45942235
2017-02-24 17:30:00,UNIDADE MOVEL BANGU,0.0,31.32,50.72,0.82,,0.23,,,54.1,,16.0,-22.87140046,-43.45942235
2017-02-24 18:30:00,UNIDADE MOVEL BANGU,0.0,27.42,63.2,1.56,,0.2,,,38.23,,29.0,-22.87140046,-43.45942235
2017-02-24 19:30:00,UNIDADE MOVEL BANGU,0.0,26.83,65.83,1.65,,0.17,,,39.97,,25.0,-22.87140046,-43.45942235
2017-02-24 20:30:00,UNIDADE MOVEL BANGU,0.0,26.4,68.02,1.08,,0.17,,,43.99,,34.0,-22.87140046,-43.45942235
2017-02-24 21:30:00,UNIDADE MOVEL BANGU,0.0,23.73,69.85,0.32,,0.08,,,61.27,,9.0,-22.87140046,-43.45942235
2017-02-24 22:30:00,UNIDADE MOVEL BANGU,0.0,23.9,68.55,0.01,,0.08,,,60.13,,7.0,-22.87140046,-43.45942235
2017-02-24 23:30:00,UNIDADE MOVEL BANGU,0.0,23.63,70.25,0.26,,0.06,,,57.67,,11.0,-22.87140046,-43.45942235
2017-02-25 00:30:00,UNIDADE MOVEL BANGU,0.0,24.23,64.72,0.51,,0.06,,,52.02,,7.0,-22.87140046,-43.45942235
2017-02-25 01:30:00,UNIDADE MOVEL BANGU,0.0,23.63,67.73,0.23,,0.04,,,48.94,,8.0,-22.87140046,-43.45942235
2017-02-25 02:30:00,UNIDADE MOVEL BANGU,0.0,23.93,66.0,0.54,,0.08,,,46.5,,5.0,-22.87140046,-43.45942235
2017-02-25 03:30:00,UNIDADE MOVEL BANGU,0.0,24.25,64.85,0.44,,0.12,,,37.61,,13.0,-22.87140046,-43.45942235
2017-02-25 04:30:00,UNIDADE MOVEL BANGU,0.0,24.53,62.65,0.94,,0.23,,,30.49,,7.0,-22.87140046,-43.45942235
2017-02-25 05:30:00,UNIDADE MOVEL BANGU,0.0,23.88,67.7,1.53,,0.16,,,18.92,,7.0,-22.87140046,-43.45942235
2017-02-25 06:30:00,UNIDADE MOVEL BANGU,0.0,23.95,69.47,1.08,,0.15,,,13.93,,6.0,-22.87140046,-43.45942235
2017-02-25 07:30:00,UNIDADE MOVEL BANGU,0.0,24.67,67.22,0.92,,0.35,,,10.74,,15.0,-22.87140046,-43.45942235
2017-02-25 08:30:00,UNIDADE MOVEL BANGU,0.0,25.57,65.17,1.69,,0.33,,,12.17,,15.0,-22.87140046,-43.45942235
2017-02-25 09:30:00,UNIDADE MOVEL BANGU,0.0,27.08,58.58,1.12,,0.28,,,23.64,,9.0,-22.87140046,-43.45942235
2017-02-25 10:30:00,UNIDADE MOVEL BANGU,0.0,28.72,52.77,2.0,,0.21,,,35.68,,15.0,-22.87140046,-43.45942235
2017-02-25 11:30:00,UNIDADE MOVEL BANGU,0.0,29.47,50.15,1.71,,0.19,,,52.01,,21.0,-22.87140046,-43.45942235
2017-02-25 12:30:00,UNIDADE MOVEL BANGU,0.0,30.37,46.38,1.3,,0.09,,,50.52,,15.0,-22.87140046,-43.45942235
2017-02-25 13:30:00,UNIDADE MOVEL BANGU,0.0,30.1,46.93,1.51,,0.07,,,51.44,,10.0,-22.87140046,-43.45942235
2017-02-25 14:30:00,UNIDADE MOVEL BANGU,0.0,28.82,55.23,1.66,,0.13,,,44.48,,14.0,-22.87140046,-43.45942235
2017-02-25 15:30:00,UNIDADE MOVEL BANGU,0.0,27.35,63.38,1.78,,0.27,,,38.69,,8.0,-22.87140046,-43.45942235
2017-02-25 16:30:00,UNIDADE MOVEL BANGU,0.0,27.98,62.32,1.72,,0.34,,,39.27,,24.0,-22.87140046,-43.45942235
2017-02-25 17:30:00,UNIDADE MOVEL BANGU,0.0,28.07,57.43,2.06,,0.23,,,46.53,,18.0,-22.87140046,-43.45942235
2017-02-25 18:30:00,UNIDADE MOVEL BANGU,0.0,27.65,57.27,2.11,,0.23,,,44.25,,14.0,-22.87140046,-43.45942235
2017-02-25 19:30:00,UNIDADE MOVEL BANGU,0.0,27.25,57.08,2.25,,0.35,,,27.24,,21.0,-22.87140046,-43.45942235
2017-02-25 20:30:00,UNIDADE MOVEL BANGU,0.0,27.1,57.3,2.15,,0.43,,,14.81,,18.0,-22.87140046,-43.45942235
2017-02-25 21:30:00,UNIDADE MOVEL BANGU,0.0,27.03,59.07,2.52,,0.59,,,5.71,,19.0,-22.87140046,-43.45942235
2017-02-25 22:30:00,UNIDADE MOVEL BANGU,0.0,27.02,65.15,3.1,,0.63,,,11.03,,47.0,-22.87140046,-43.45942235
2017-02-25 23:30:00,UNIDADE MOVEL BANGU,0.0,26.82,64.63,3.65,,0.38,,,28.51,,50.0,-22.87140046,-43.45942235
2017-02-26 00:30:00,UNIDADE MOVEL BANGU,0.0,26.55,64.98,2.55,,0.33,,,18.6,,34.0,-22.87140046,-43.45942235
2017-02-26 01:30:00,UNIDADE MOVEL BANGU,0.0,26.18,67.12,1.75,,0.35,,,11.54,,38.0,-22.87140046,-43.45942235
2017-02-26 02:30:00,UNIDADE MOVEL BANGU,0.0,26.08,66.27,1.78,,0.34,,,14.43,,43.0,-22.87140046,-43.45942235
2017-02-26 03:30:00,UNIDADE MOVEL BANGU,0.0,25.53,69.63,1.2,,0.28,,,14.69,,32.0,-22.87140046,-43.45942235
2017-02-26 04:30:00,UNIDADE MOVEL BANGU,0.0,25.27,71.87,1.7,,0.24,,,11.38,,36.0,-22.87140046,-43.45942235
2017-02-26 05:30:00,UNIDADE MOVEL BANGU,0.0,25.18,72.47,1.21,,0.23,,,10.04,,28.0,-22.87140046,-43.45942235
2017-02-26 06:30:00,UNIDADE MOVEL BANGU,0.0,25.02,75.52,1.11,,0.37,,,6.49,,19.0,-22.87140046,-43.45942235
2017-02-26 07:30:00,UNIDADE MOVEL BANGU,0.0,25.97,70.03,0.75,,0.5,,,10.52,,24.0,-22.87140046,-43.45942235
2017-02-26 08:30:00,UNIDADE MOVEL BANGU,0.0,26.77,66.1,0.29,,0.24,,,20.57,,16.0,-22.87140046,-43.45942235
2017-02-26 09:30:00,UNIDADE MOVEL BANGU,0.0,26.77,66.92,0.56,,0.18,,,26.45,,25.0,-22.87140046,-43.45942235
2017-02-26 10:30:00,UNIDADE MOVEL BANGU,0.0,26.98,68.85,0.11,,0.19,,,38.08,,9.0,-22.87140046,-43.45942235
2017-02-26 11:30:00,UNIDADE MOVEL BANGU,0.0,27.28,68.1,0.05,,0.29,,,36.53,,21.0,-22.87140046,-43.45942235
2017-02-26 12:30:00,UNIDADE MOVEL BANGU,0.0,27.78,62.78,0.07,,0.17,,,42.17,,27.0,-22.87140046,-43.45942235
2017-02-26 13:30:00,UNIDADE MOVEL BANGU,0.0,28.2,58.6,0.0,,0.13,,,53.11,,17.0,-22.87140046,-43.45942235
2017-02-26 14:30:00,UNIDADE MOVEL BANGU,0.0,28.72,58.15,0.0,,0.12,,,62.78,,11.0,-22.87140046,-43.45942235
2017-02-26 15:30:00,UNIDADE MOVEL BANGU,0.0,29.08,60.28,0.0,,0.19,,,76.75,,18.0,-22.87140046,-43.45942235
2017-02-26 16:30:00,UNIDADE MOVEL BANGU,0.0,28.1,60.18,0.02,,0.16,,,61.81,,26.0,-22.87140046,-43.45942235
2017-02-26 17:30:00,UNIDADE MOVEL BANGU,0.0,27.63,62.23,0.34,,0.19,,,67.13,,26.0,-22.87140046,-43.45942235
2017-02-26 18:30:00,UNIDADE MOVEL BANGU,0.0,27.12,61.75,0.82,,0.28,,,57.52,,26.0,-22.87140046,-43.45942235
2017-02-26 19:30:00,UNIDADE MOVEL BANGU,0.0,26.73,64.6,1.08,,0.31,,,45.75,,20.0,-22.87140046,-43.45942235
2017-02-26 20:30:00,UNIDADE MOVEL BANGU,0.0,26.22,69.32,1.49,,0.27,,,37.13,,36.0,-22.87140046,-43.45942235
2017-02-26 21:30:00,UNIDADE MOVEL BANGU,0.0,25.95,69.47,0.62,,0.18,,,38.64,,27.0,-22.87140046,-43.45942235
2017-02-26 22:30:00,UNIDADE MOVEL BANGU,0.0,25.9,68.48,0.49,,0.19,,,38.85,,18.0,-22.87140046,-43.45942235
2017-02-26 23:30:00,UNIDADE MOVEL BANGU,1.0,24.2,83.68,0.33,,0.32,,,20.46,,26.0,-22.87140046,-43.45942235
2017-02-27 00:30:00,UNIDADE MOVEL BANGU,0.0,23.9,85.37,1.46,,0.38,,,13.2,,21.0,-22.87140046,-43.45942235
2017-02-27 01:30:00,UNIDADE MOVEL BANGU,0.0,23.8,84.4,1.59,,0.42,,,7.46,,19.0,-22.87140046,-43.45942235
2017-02-27 02:30:00,UNIDADE MOVEL BANGU,0.0,24.22,82.23,1.22,,0.48,,,6.81,,24.0,-22.87140046,-43.45942235
2017-02-27 03:30:00,UNIDADE MOVEL BANGU,0.0,24.1,82.32,1.43,,0.37,,,4.31,,32.0,-22.87140046,-43.45942235
2017-02-27 04:30:00,UNIDADE MOVEL BANGU,0.0,24.08,82.02,1.71,,0.38,,,5.7,,27.0,-22.87140046,-43.45942235
2017-02-27 05:30:00,UNIDADE MOVEL BANGU,0.0,24.58,79.35,1.83,,0.4,,,3.94,,29.0,-22.87140046,-43.45942235
2017-02-27 06:30:00,UNIDADE MOVEL BANGU,0.0,24.97,67.6,1.82,,0.16,,,18.69,,27.0,-22.87140046,-43.45942235
2017-02-27 07:30:00,UNIDADE MOVEL BANGU,0.0,26.2,59.33,0.86,,0.14,,,24.95,,3.0,-22.87140046,-43.45942235
2017-02-27 08:30:00,UNIDADE MOVEL BANGU,0.0,29.17,50.45,1.02,,0.12,,,30.93,,5.0,-22.87140046,-43.45942235
2017-02-27 09:30:00,UNIDADE MOVEL BANGU,0.0,29.98,48.98,0.71,,0.12,,,43.14,,6.0,-22.87140046,-43.45942235
2017-02-27 10:30:00,UNIDADE MOVEL BANGU,0.0,30.78,45.88,0.2,,0.1,,,52.59,,3.0,-22.87140046,-43.45942235
2017-02-27 11:30:00,UNIDADE MOVEL BANGU,0.0,31.62,42.23,0.82,,0.07,,,56.27,,2.0,-22.87140046,-43.45942235
2017-02-27 12:30:00,UNIDADE MOVEL BANGU,0.0,32.67,38.73,1.51,,0.05,,,56.65,,4.0,-22.87140046,-43.45942235
2017-02-27 13:30:00,UNIDADE MOVEL BANGU,0.0,32.48,41.42,2.58,,0.11,,,72.26,,5.0,-22.87140046,-43.45942235
2017-02-27 14:30:00,UNIDADE MOVEL BANGU,0.0,33.15,42.27,4.07,,0.11,,,91.47,,9.0,-22.87140046,-43.45942235
2017-02-27 15:30:00,UNIDADE MOVEL BANGU,0.0,30.0,52.55,3.83,,0.15,,,70.59,,12.0,-22.87140046,-43.45942235
2017-02-27 16:30:00,UNIDADE MOVEL BANGU,0.0,29.28,51.45,4.04,,0.15,,,61.18,,15.0,-22.87140046,-43.45942235
2017-02-27 17:30:00,UNIDADE MOVEL BANGU,0.0,29.4,53.95,3.84,,0.24,,,59.92,,14.0,-22.87140046,-43.45942235
2017-02-27 18:30:00,UNIDADE MOVEL BANGU,0.0,28.05,57.37,2.91,,0.34,,,49.34,,13.0,-22.87140046,-43.45942235
2017-02-27 19:30:00,UNIDADE MOVEL BANGU,0.0,27.48,60.27,2.71,,0.36,,,44.44,,21.0,-22.87140046,-43.45942235
2017-02-27 20:30:00,UNIDADE MOVEL BANGU,0.0,26.82,62.15,2.24,,0.24,,,41.52,,19.0,-22.87140046,-43.45942235
2017-02-27 21:30:00,UNIDADE MOVEL BANGU,0.0,26.52,62.57,2.04,,0.29,,,38.65,,11.0,-22.87140046,-43.45942235
2017-02-27 22:30:00,UNIDADE MOVEL BANGU,0.0,26.57,61.95,1.89,,0.29,,,33.41,,20.0,-22.87140046,-43.45942235
2017-02-27 23:30:00,UNIDADE MOVEL BANGU,0.0,26.35,63.93,1.89,,0.32,,,21.16,,15.0,-22.87140046,-43.45942235
2017-02-28 00:30:00,UNIDADE MOVEL BANGU,0.0,26.17,65.43,1.96,,0.17,,,34.58,,23.0,-22.87140046,-43.45942235
2017-02-28 01:30:00,UNIDADE MOVEL BANGU,0.0,26.02,67.77,2.61,,0.1,,,30.64,,14.0,-22.87140046,-43.45942235
2017-02-28 02:30:00,UNIDADE MOVEL BANGU,0.0,25.95,68.87,1.9,,0.11,,,23.64,,9.0,-22.87140046,-43.45942235
2017-02-28 03:30:00,UNIDADE MOVEL BANGU,0.0,25.9,67.13,0.85,,0.06,,,25.08,,9.0,-22.87140046,-43.45942235
2017-02-28 04:30:00,UNIDADE MOVEL BANGU,0.0,25.83,66.22,0.38,,0.05,,,24.2,,7.0,-22.87140046,-43.45942235
2017-02-28 05:30:00,UNIDADE MOVEL BANGU,0.0,25.42,68.88,0.42,,0.07,,,20.93,,7.0,-22.87140046,-43.45942235
2017-02-28 06:30:00,UNIDADE MOVEL BANGU,0.0,25.05,73.27,0.56,,0.2,,,8.27,,6.0,-22.87140046,-43.45942235
2017-02-28 07:30:00,UNIDADE MOVEL BANGU,0.0,26.27,70.03,0.99,,0.57,,,10.38,,23.0,-22.87140046,-43.45942235
2017-02-28 08:30:00,UNIDADE MOVEL BANGU,0.0,29.97,55.27,0.52,,0.31,,,33.21,,21.0,-22.87140046,-43.45942235
2017-02-28 09:30:00,UNIDADE MOVEL BANGU,0.0,32.27,44.33,0.1,,0.14,,,60.26,,26.0,-22.87140046,-43.45942235
2017-02-28 10:30:00,UNIDADE MOVEL BANGU,0.0,33.43,38.72,4.16,,0.09,,,70.22,,8.0,-22.87140046,-43.45942235
2017-02-28 11:30:00,UNIDADE MOVEL BANGU,0.0,34.48,35.13,6.94,,0.04,,,52.2,,6.0,-22.87140046,-43.45942235
2017-02-28 12:30:00,UNIDADE MOVEL BANGU,0.0,34.95,35.03,9.32,,0.06,,,54.65,,5.0,-22.87140046,-43.45942235
2017-02-28 13:30:00,UNIDADE MOVEL BANGU,0.0,33.77,40.13,8.94,,0.07,,,75.66,,3.0,-22.87140046,-43.45942235
2017-02-28 14:30:00,UNIDADE MOVEL BANGU,0.0,31.73,46.52,6.14,,0.13,,,84.07,,9.0,-22.87140046,-43.45942235
2017-02-28 15:30:00,UNIDADE MOVEL BANGU,0.0,32.2,44.33,3.91,,0.11,,,79.08,,22.0,-22.87140046,-43.45942235
2017-02-28 16:30:00,UNIDADE MOVEL BANGU,0.0,33.4,44.33,3.88,,0.07,,,85.31,,14.0,-22.87140046,-43.45942235
2017-02-28 17:30:00,UNIDADE MOVEL BANGU,0.0,30.35,55.48,3.92,,0.09,,,74.3,,11.0,-22.87140046,-43.45942235
2017-02-28 18:30:00,UNIDADE MOVEL BANGU,0.0,28.97,59.85,4.94,,0.13,,,67.06,,12.0,-22.87140046,-43.45942235
2017-02-28 19:30:00,UNIDADE MOVEL BANGU,0.0,27.6,62.7,4.16,,0.18,,,58.57,,16.0,-22.87140046,-43.45942235
2017-02-28 20:30:00,UNIDADE MOVEL BANGU,0.0,27.55,63.88,4.17,,0.28,,,37.09,,15.0,-22.87140046,-43.45942235
2017-02-28 21:30:00,UNIDADE MOVEL BANGU,0.0,27.6,62.38,4.58,,0.33,,,28.93,,25.0,-22.87140046,-43.45942235
2017-02-28 22:30:00,UNIDADE MOVEL BANGU,0.0,26.97,67.33,3.7,,0.16,,,38.04,,25.0,-22.87140046,-43.45942235
2017-02-28 23:30:00,UNIDADE MOVEL BANGU,0.0,26.43,67.18,3.21,,0.16,,,37.75,,9.0,-22.87140046,-43.45942235
2017-03-01 00:30:00,UNIDADE MOVEL BANGU,0.0,26.12,68.83,0.02,,0.32,,,27.65,,15.0,-22.87140046,-43.45942235
2017-03-01 01:30:00,UNIDADE MOVEL BANGU,0.0,25.97,69.32,0.01,,0.22,,,27.46,,12.0,-22.87140046,-43.45942235
2017-03-01 02:30:00,UNIDADE MOVEL BANGU,0.0,26.37,65.22,0.06,,0.1,,,33.93,,13.0,-22.87140046,-43.45942235
2017-03-01 03:30:00,UNIDADE MOVEL BANGU,0.0,26.97,61.03,0.11,,0.09,,,33.89,,7.0,-22.87140046,-43.45942235
2017-03-01 04:30:00,UNIDADE MOVEL BANGU,0.0,26.58,62.5,0.0,,0.08,,,25.92,,6.0,-22.87140046,-43.45942235
2017-03-01 05:30:00,UNIDADE MOVEL BANGU,0.0,25.62,68.15,0.0,,0.09,,,11.01,,5.0,-22.87140046,-43.45942235
2017-03-01 06:30:00,UNIDADE MOVEL BANGU,0.0,25.8,70.67,0.0,,0.44,,,2.0,,11.0,-22.87140046,-43.45942235
2017-03-01 07:30:00,UNIDADE MOVEL BANGU,0.0,26.55,70.07,0.0,,0.43,,,5.65,,19.0,-22.87140046,-43.45942235
2017-03-01 08:30:00,UNIDADE MOVEL BANGU,0.0,28.37,61.13,0.0,,0.19,,,21.55,,24.0,-22.87140046,-43.45942235
2017-03-01 09:30:00,UNIDADE MOVEL BANGU,0.0,31.9,46.9,0.0,,0.13,,,43.92,,11.0,-22.87140046,-43.45942235
2017-03-01 10:30:00,UNIDADE MOVEL BANGU,0.0,33.78,41.07,1.53,,0.07,,,70.55,,7.0,-22.87140046,-43.45942235
2017-03-01 11:30:00,UNIDADE MOVEL BANGU,0.0,35.33,35.43,5.23,,0.03,,,55.02,,7.0,-22.87140046,-43.45942235
2017-03-01 12:30:00,UNIDADE MOVEL BANGU,0.0,35.62,35.28,5.54,,0.03,,,50.7,,6.0,-22.87140046,-43.45942235
2017-03-01 13:30:00,UNIDADE MOVEL BANGU,0.0,36.15,34.72,6.32,,0.04,,,52.62,,8.0,-22.87140046,-43.45942235
2017-03-01 14:30:00,UNIDADE MOVEL BANGU,0.0,36.98,33.12,7.89,,0.05,,,52.97,,11.0,-22.87140046,-43.45942235
2017-03-01 15:30:00,UNIDADE MOVEL BANGU,0.0,37.42,31.43,7.23,,0.06,,,52.91,,7.0,-22.87140046,-43.45942235
2017-03-01 16:30:00,UNIDADE MOVEL BANGU,0.0,37.03,31.35,8.57,,0.04,,,52.16,,8.0,-22.87140046,-43.45942235
2017-03-01 17:30:00,UNIDADE MOVEL BANGU,0.0,35.98,33.73,5.15,,0.05,,,53.05,,5.0,-22.87140046,-43.45942235
2017-03-01 18:30:00,UNIDADE MOVEL BANGU,0.0,32.65,42.52,1.99,,0.13,,,74.75,,8.0,-22.87140046,-43.45942235
2017-03-01 19:30:00,UNIDADE MOVEL BANGU,0.0,32.03,44.22,2.15,,0.3,,,45.27,,12.0,-22.87140046,-43.45942235
2017-03-01 20:30:00,UNIDADE MOVEL BANGU,0.0,31.08,47.2,2.23,,0.52,,,24.56,,18.0,-22.87140046,-43.45942235
2017-03-01 21:30:00,UNIDADE MOVEL BANGU,0.0,30.82,49.53,2.39,,0.78,,,12.0,,19.0,-22.87140046,-43.45942235
2017-03-01 22:30:00,UNIDADE MOVEL BANGU,0.0,30.48,52.23,4.72,,1.02,,,6.43,,52.0,-22.87140046,-43.45942235
2017-03-01 23:30:00,UNIDADE MOVEL BANGU,0.0,30.05,54.25,6.27,,1.06,,,1.36,,54.0,-22.87140046,-43.45942235
2017-03-02 00:30:00,UNIDADE MOVEL BANGU,0.0,29.98,51.18,5.05,,0.36,,,16.73,,49.0,-22.87140046,-43.45942235
2017-03-02 01:30:00,UNIDADE MOVEL BANGU,0.0,29.45,52.63,2.93,,0.34,,,11.81,,14.0,-22.87140046,-43.45942235
2017-03-02 02:30:00,UNIDADE MOVEL BANGU,0.0,29.18,52.82,1.36,,0.24,,,19.19,,20.0,-22.87140046,-43.45942235
2017-03-02 03:30:00,UNIDADE MOVEL BANGU,0.0,29.1,52.3,0.49,,0.14,,,20.53,,24.0,-22.87140046,-43.45942235
2017-03-02 04:30:00,UNIDADE MOVEL BANGU,0.0,28.78,53.53,0.11,,0.1,,,26.57,,16.0,-22.87140046,-43.45942235
2017-03-02 05:30:00,UNIDADE MOVEL BANGU,0.0,28.6,54.13,0.0,,0.08,,,24.39,,17.0,-22.87140046,-43.45942235
2017-03-02 06:30:00,UNIDADE MOVEL BANGU,0.0,28.48,53.92,0.0,,0.08,,,18.47,,10.0,-22.87140046,-43.45942235
2017-03-02 07:30:00,UNIDADE MOVEL BANGU,0.0,28.23,62.1,0.0,,0.06,,,34.6,,8.0,-22.87140046,-43.45942235
2017-03-02 08:30:00,UNIDADE MOVEL BANGU,0.0,28.73,65.38,0.0,,0.06,,,55.88,,4.0,-22.87140046,-43.45942235
2017-03-02 09:30:00,UNIDADE MOVEL BANGU,0.0,29.98,58.75,0.0,,0.04,,,58.38,,13.0,-22.87140046,-43.45942235
2017-03-02 10:30:00,UNIDADE MOVEL BANGU,0.0,31.02,53.68,0.0,,0.06,,,59.95,,8.0,-22.87140046,-43.45942235
2017-03-02 11:30:00,UNIDADE MOVEL BANGU,0.0,33.02,45.47,0.43,,0.06,,,65.06,,5.0,-22.87140046,-43.45942235
2017-03-02 12:30:00,UNIDADE MOVEL BANGU,0.0,34.57,40.65,3.33,,0.03,,,74.02,,6.0,-22.87140046,-43.45942235
2017-03-02 13:30:00,UNIDADE MOVEL BANGU,0.0,34.85,41.98,4.81,,0.04,,,75.67,,10.0,-22.87140046,-43.45942235
2017-03-02 14:30:00,UNIDADE MOVEL BANGU,0.0,34.4,47.4,5.33,,0.04,,,65.44,,10.0,-22.87140046,-43.45942235
2017-03-02 15:30:00,UNIDADE MOVEL BANGU,0.0,32.27,51.08,1.94,,0.08,,,57.1,,12.0,-22.87140046,-43.45942235
2017-03-02 16:30:00,UNIDADE MOVEL BANGU,0.0,31.0,53.1,0.02,,0.08,,,49.84,,14.0,-22.87140046,-43.45942235
2017-03-02 17:30:00,UNIDADE MOVEL BANGU,1.0,27.18,70.13,0.06,,0.12,,,49.39,,10.0,-22.87140046,-43.45942235
2017-03-02 18:30:00,UNIDADE MOVEL BANGU,1.0,24.43,86.23,0.83,,0.23,,,31.46,,8.0,-22.87140046,-43.45942235
2017-03-02 19:30:00,UNIDADE MOVEL BANGU,0.0,24.3,87.87,0.58,,0.49,,,12.02,,8.0,-22.87140046,-43.45942235
2017-03-02 20:30:00,UNIDADE MOVEL BANGU,0.0,24.55,85.78,0.16,,0.36,,,8.62,,8.0,-22.87140046,-43.45942235
2017-03-02 21:30:00,UNIDADE MOVEL BANGU,0.0,24.73,83.25,3.33,,0.29,,,12.93,,16.0,-22.87140046,-43.45942235
2017-03-02 22:30:00,UNIDADE MOVEL BANGU,0.0,24.98,81.83,5.62,,0.31,,,8.08,,8.0,-22.87140046,-43.45942235
2017-03-02 23:30:00,UNIDADE MOVEL BANGU,0.0,24.93,79.88,3.23,,0.21,,,16.67,,11.0,-22.87140046,-43.45942235
2017-03-03 00:30:00,UNIDADE MOVEL BANGU,0.0,25.2,79.28,2.81,,0.23,,,10.58,,8.0,-22.87140046,-43.45942235
2017-03-03 01:30:00,UNIDADE MOVEL BANGU,0.0,24.97,81.53,3.29,,0.27,,,2.88,,12.0,-22.87140046,-43.45942235
2017-03-03 02:30:00,UNIDADE MOVEL BANGU,0.0,24.9,81.68,3.66,,0.24,,,3.07,,13.0,-22.87140046,-43.45942235
2017-03-03 03:30:00,UNIDADE MOVEL BANGU,0.0,25.37,79.82,3.9,,0.26,,,1.38,,17.0,-22.87140046,-43.45942235
2017-03-03 04:30:00,UNIDADE MOVEL BANGU,0.0,24.97,82.78,3.67,,0.31,,,0.07,,13.0,-22.87140046,-43.45942235
2017-03-03 05:30:00,UNIDADE MOVEL BANGU,0.0,24.72,83.93,3.32,,0.34,,,0.01,,25.0,-22.87140046,-43.45942235
2017-03-03 06:30:00,UNIDADE MOVEL BANGU,0.0,25.62,74.52,3.0,,0.56,,,3.51,,17.0,-22.87140046,-43.45942235
2017-03-03 07:30:00,UNIDADE MOVEL BANGU,0.0,27.05,65.6,2.63,,0.51,,,11.5,,13.0,-22.87140046,-43.45942235
2017-03-03 08:30:00,UNIDADE MOVEL BANGU,0.0,28.42,61.13,2.42,,0.4,,,17.66,,12.0,-22.87140046,-43.45942235
2017-03-03 09:30:00,UNIDADE MOVEL BANGU,0.0,30.38,55.73,1.42,,0.4,,,27.11,,7.0,-22.87140046,-43.45942235
2017-03-03 10:30:00,UNIDADE MOVEL BANGU,0.0,32.35,51.0,1.06,,0.29,,,41.93,,15.0,-22.87140046,-43.45942235
2017-03-03 11:30:00,UNIDADE MOVEL BANGU,0.0,34.22,44.0,5.16,,0.19,,,67.15,,13.0,-22.87140046,-43.45942235
2017-03-03 12:30:00,UNIDADE MOVEL BANGU,0.0,34.58,42.2,6.88,,0.17,,,70.76,,14.0,-22.87140046,-43.45942235
2017-03-03 13:30:00,UNIDADE MOVEL BANGU,0.0,36.03,38.73,7.58,,0.17,,,84.32,,7.0,-22.87140046,-43.45942235
2017-03-03 14:30:00,UNIDADE MOVEL BANGU,0.0,37.33,35.22,11.61,,0.16,,,110.74,,8.0,-22.87140046,-43.45942235
2017-03-03 15:30:00,UNIDADE MOVEL BANGU,0.0,35.3,38.08,14.79,,0.13,,,90.53,,17.0,-22.87140046,-43.45942235
2017-03-03 16:30:00,UNIDADE MOVEL BANGU,0.0,29.939999999999998,60.04,7.395,,0.125,,,67.225,,17.0,-22.87140046,-43.45942235
2017-03-03 17:30:00,UNIDADE MOVEL BANGU,0.0,24.58,82.0,0.0,,0.12,,,43.92,,17.0,-22.87140046,-43.45942235
2017-03-03 18:30:00,UNIDADE MOVEL BANGU,0.0,24.85,79.85,0.48000000000000004,,0.32,,,46.48,,17.0,-22.87140046,-43.45942235
2017-03-03 19:30:00,UNIDADE MOVEL BANGU,0.0,24.93,78.45,0.96,,0.68,,,28.01,,9.0,-22.87140046,-43.45942235
2017-03-03 20:30:00,UNIDADE MOVEL BANGU,0.0,24.77,78.97,2.75,,0.65,,,21.26,,12.0,-22.87140046,-43.45942235
2017-03-03 21:30:00,UNIDADE MOVEL BANGU,0.0,24.35,77.1,0.86,,0.12,,,29.71,,20.0,-22.87140046,-43.45942235
2017-03-03 22:30:00,UNIDADE MOVEL BANGU,0.0,24.8,74.08,0.06,,0.23,,,23.47,,9.0,-22.87140046,-43.45942235
2017-03-03 23:30:00,UNIDADE MOVEL BANGU,0.0,24.93,71.83,0.039999999999999994,,0.53,,,21.96,,9.0,-22.87140046,-43.45942235
2017-03-04 00:30:00,UNIDADE MOVEL BANGU,0.0,24.76,75.58,0.019999999999999997,,0.385,,,5.68,,17.0,-22.87140046,-43.45942235
2017-03-04 01:30:00,UNIDADE MOVEL BANGU,0.0,24.72,75.8,0.0,,0.24,,,7.81,,15.0,-22.87140046,-43.45942235
2017-03-04 02:30:00,UNIDADE MOVEL BANGU,0.0,24.85,74.85,0.0,,0.19,,,5.98,,6.0,-22.87140046,-43.45942235
2017-03-04 03:30:00,UNIDADE MOVEL BANGU,0.0,24.67,75.98,0.0,,0.11,,,4.74,,10.0,-22.87140046,-43.45942235
2017-03-04 04:30:00,UNIDADE MOVEL BANGU,0.0,24.32,76.78,0.0,,0.11,,,7.21,,17.0,-22.87140046,-43.45942235
2017-03-04 05:30:00,UNIDADE MOVEL BANGU,0.0,23.93,78.8,0.0,,0.12,,,3.57,,14.0,-22.87140046,-43.45942235
2017-03-04 06:30:00,UNIDADE MOVEL BANGU,0.0,24.43,77.82,0.0,,0.24,,,5.28,,11.0,-22.87140046,-43.45942235
2017-03-04 07:30:00,UNIDADE MOVEL BANGU,0.0,25.93,72.53,0.0,,0.23,,,12.65,,18.0,-22.87140046,-43.45942235
2017-03-04 08:30:00,UNIDADE MOVEL BANGU,0.0,28.33,64.98,0.0,,0.32,,,23.94,,19.0,-22.87140046,-43.45942235
2017-03-04 09:30:00,UNIDADE MOVEL BANGU,0.0,30.12,57.47,0.0,,0.3,,,44.45,,20.0,-22.87140046,-43.45942235
2017-03-04 10:30:00,UNIDADE MOVEL BANGU,0.0,32.82,46.92,1.02,,0.18,,,74.69,,17.0,-22.87140046,-43.45942235
2017-03-04 11:30:00,UNIDADE MOVEL BANGU,0.0,35.0,38.32,5.11,,0.06,,,74.43,,16.0,-22.87140046,-43.45942235
2017-03-04 12:30:00,UNIDADE MOVEL BANGU,0.0,35.13,36.53,4.79,,0.07,,,69.25,,11.0,-22.87140046,-43.45942235
2017-03-04 13:30:00,UNIDADE MOVEL BANGU,0.0,36.72,32.63,8.8,,0.09,,,68.34,,7.0,-22.87140046,-43.45942235
2017-03-04 14:30:00,UNIDADE MOVEL BANGU,0.0,36.9,32.63,10.79,,0.05,,,64.52,,3.0,-22.87140046,-43.45942235
2017-03-04 15:30:00,UNIDADE MOVEL BANGU,0.0,36.9,33.72,11.67,,0.07,,,61.31,,5.0,-22.87140046,-43.45942235
2017-03-04 16:30:00,UNIDADE MOVEL BANGU,0.0,36.05,36.52,7.01,,0.17,,,60.76,,8.0,-22.87140046,-43.45942235
2017-03-04 17:30:00,UNIDADE MOVEL BANGU,0.0,35.67,38.2,2.9,,0.27,,,61.57,,9.0,-22.87140046,-43.45942235
2017-03-04 18:30:00,UNIDADE MOVEL BANGU,0.0,33.17,45.0,0.46,,0.19,,,80.86,,15.0,-22.87140046,-43.45942235
2017-03-04 19:30:00,UNIDADE MOVEL BANGU,0.0,31.95,49.08,0.0,,0.44,,,51.69,,16.0,-22.87140046,-43.45942235
2017-03-04 20:30:00,UNIDADE MOVEL BANGU,0.0,31.05,53.43,0.0,,0.52,,,32.49,,19.0,-22.87140046,-43.45942235
2017-03-04 21:30:00,UNIDADE MOVEL BANGU,0.0,30.35,58.27,0.05,,0.77,,,23.1,,25.0,-22.87140046,-43.45942235
2017-03-04 22:30:00,UNIDADE MOVEL BANGU,0.0,29.75,61.57,0.7,,1.06,,,11.44,,30.0,-22.87140046,-43.45942235
2017-03-04 23:30:00,UNIDADE MOVEL BANGU,0.0,27.92,68.08,1.15,,0.31,,,51.57,,38.0,-22.87140046,-43.45942235
2017-03-05 00:30:00,UNIDADE MOVEL BANGU,0.0,27.37,66.85,2.39,,0.23,,,49.94,,8.0,-22.87140046,-43.45942235
2017-03-05 01:30:00,UNIDADE MOVEL BANGU,0.0,27.12,69.03,1.87,,0.2,,,39.08,,5.0,-22.87140046,-43.45942235
2017-03-05 02:30:00,UNIDADE MOVEL BANGU,0.0,27.23,68.57,0.79,,0.23,,,33.41,,7.0,-22.87140046,-43.45942235
2017-03-05 03:30:00,UNIDADE MOVEL BANGU,0.0,27.4,66.58,0.49,,0.23,,,31.97,,10.0,-22.87140046,-43.45942235
2017-03-05 04:30:00,UNIDADE MOVEL BANGU,0.0,27.28,67.07,0.35,,0.31,,,23.17,,10.0,-22.87140046,-43.45942235
2017-03-05 05:30:00,UNIDADE MOVEL BANGU,0.0,27.3,66.63,0.93,,0.29,,,16.32,,18.0,-22.87140046,-43.45942235
2017-03-05 06:30:00,UNIDADE MOVEL BANGU,0.0,28.42,55.47,0.64,,0.16,,,24.3,,12.0,-22.87140046,-43.45942235
2017-03-05 07:30:00,UNIDADE MOVEL BANGU,0.0,28.7,56.98,0.0,,0.18,,,24.98,,7.0,-22.87140046,-43.45942235
2017-03-05 08:30:00,UNIDADE MOVEL BANGU,0.0,29.85,54.57,0.0,,0.17,,,28.25,,2.0,-22.87140046,-43.45942235
2017-03-05 09:30:00,UNIDADE MOVEL BANGU,0.0,32.5,46.63,0.69,,0.13,,,41.81,,5.0,-22.87140046,-43.45942235
2017-03-05 10:30:00,UNIDADE MOVEL BANGU,0.0,33.95,41.87,5.93,,0.07,,,50.18,,6.0,-22.87140046,-43.45942235
2017-03-05 11:30:00,UNIDADE MOVEL BANGU,0.0,34.75,37.87,7.38,,0.08,,,54.09,,3.0,-22.87140046,-43.45942235
2017-03-05 12:30:00,UNIDADE MOVEL BANGU,0.0,35.62,35.85,8.55,,0.07,,,58.83,,13.0,-22.87140046,-43.45942235
2017-03-05 13:30:00,UNIDADE MOVEL BANGU,0.0,36.07,34.97,10.92,,0.23,,,57.75,,11.0,-22.87140046,-43.45942235
2017-03-05 14:30:00,UNIDADE MOVEL BANGU,0.0,36.05,35.03,12.77,,0.28,,,62.3,,5.0,-22.87140046,-43.45942235
2017-03-05 15:30:00,UNIDADE MOVEL BANGU,0.0,35.35,35.17,11.86,,0.19,,,47.32,,5.0,-22.87140046,-43.45942235
2017-03-05 16:30:00,UNIDADE MOVEL BANGU,0.0,33.73,38.9,8.23,,0.1,,,43.87,,4.0,-22.87140046,-43.45942235
2017-03-05 17:30:00,UNIDADE MOVEL BANGU,0.0,31.48,46.92,5.5,,0.21,,,39.59,,1.0,-22.87140046,-43.45942235
2017-03-05 18:30:00,UNIDADE MOVEL BANGU,0.0,29.22,54.6,1.51,,0.29,,,32.6,,13.0,-22.87140046,-43.45942235
2017-03-05 19:30:00,UNIDADE MOVEL BANGU,0.0,28.78,59.12,1.13,,0.34,,,31.78,,14.0,-22.87140046,-43.45942235
2017-03-05 20:30:00,UNIDADE MOVEL BANGU,0.0,27.35,68.65,0.19,,0.45,,,31.68,,10.0,-22.87140046,-43.45942235
2017-03-05 21:30:00,UNIDADE MOVEL BANGU,0.0,25.27,78.18,0.56,,0.37,,,25.64,,17.0,-22.87140046,-43.45942235
2017-03-05 22:30:00,UNIDADE MOVEL BANGU,0.0,25.0,81.48,0.97,,0.52,,,17.55,,8.0,-22.87140046,-43.45942235
2017-03-05 23:30:00,UNIDADE MOVEL BANGU,0.0,25.2,78.52,0.8,,0.32,,,20.33,,5.0,-22.87140046,-43.45942235
2017-03-06 00:30:00,UNIDADE MOVEL BANGU,0.0,25.38,75.25,0.27,,0.13,,,24.59,,5.0,-22.87140046,-43.45942235
2017-03-06 01:30:00,UNIDADE MOVEL BANGU,0.0,25.47,74.12,0.0,,0.19,,,19.99,,5.0,-22.87140046,-43.45942235
2017-03-06 02:30:00,UNIDADE MOVEL BANGU,0.0,25.42,72.45,0.0,,0.15,,,18.5,,6.0,-22.87140046,-43.45942235
2017-03-06 03:30:00,UNIDADE MOVEL BANGU,0.0,25.28,72.95,0.0,,0.12,,,16.14,,4.0,-22.87140046,-43.45942235
2017-03-06 04:30:00,UNIDADE MOVEL BANGU,0.0,25.47,71.23,0.0,,0.09,,,17.72,,3.0,-22.87140046,-43.45942235
2017-03-06 05:30:00,UNIDADE MOVEL BANGU,0.0,25.28,72.82,0.0,,0.1,,,9.42,,7.0,-22.87140046,-43.45942235
2017-03-06 06:30:00,UNIDADE MOVEL BANGU,0.0,25.47,72.62,0.0,,0.13,,,6.14,,10.0,-22.87140046,-43.45942235
2017-03-06 07:30:00,UNIDADE MOVEL BANGU,0.0,26.03,71.68,0.0,,0.39,,,3.64,,5.0,-22.87140046,-43.45942235
2017-03-06 08:30:00,UNIDADE MOVEL BANGU,0.0,27.05,69.48,0.0,,0.17,,,11.96,,0.0,-22.87140046,-43.45942235
2017-03-06 09:30:00,UNIDADE MOVEL BANGU,0.0,28.5,67.33,0.0,,0.21,,,19.85,,4.0,-22.87140046,-43.45942235
2017-03-06 10:30:00,UNIDADE MOVEL BANGU,0.0,29.23,64.9,0.0,,0.17,,,32.37,,9.0,-22.87140046,-43.45942235
2017-03-06 11:30:00,UNIDADE MOVEL BANGU,0.0,29.93,61.6,0.0,,0.15,,,38.52,,13.0,-22.87140046,-43.45942235
2017-03-06 12:30:00,UNIDADE MOVEL BANGU,0.0,31.2,57.32,3.885,,0.07,,,47.76,,14.0,-22.87140046,-43.45942235
2017-03-06 13:30:00,UNIDADE MOVEL BANGU,0.0,32.03,54.08,7.77,,0.06,,,51.63,,7.0,-22.87140046,-43.45942235
2017-03-06 14:30:00,UNIDADE MOVEL BANGU,0.0,31.7,55.4,7.4,,0.08,,,51.48,,5.0,-22.87140046,-43.45942235
2017-03-06 15:30:00,UNIDADE MOVEL BANGU,0.0,30.33,61.4,5.6,,0.1,,,42.76,,7.0,-22.87140046,-43.45942235
2017-03-06 16:30:00,UNIDADE MOVEL BANGU,0.0,29.05,67.0,2.36,,0.15,,,37.94,,8.0,-22.87140046,-43.45942235
2017-03-06 17:30:00,UNIDADE MOVEL BANGU,0.0,28.5,68.72,1.18,,0.19,,,30.81,,9.0,-22.87140046,-43.45942235
2017-03-06 18:30:00,UNIDADE MOVEL BANGU,0.0,27.95,70.05,0.0,,0.21,,,23.94,,7.0,-22.87140046,-43.45942235
2017-03-06 19:30:00,UNIDADE MOVEL BANGU,0.0,27.47,72.65,0.0,,0.29,,,20.84,,10.0,-22.87140046,-43.45942235
2017-03-06 20:30:00,UNIDADE MOVEL BANGU,0.0,27.03,76.95,0.0,,0.28,,,19.35,,16.0,-22.87140046,-43.45942235
2017-03-06 21:30:00,UNIDADE MOVEL BANGU,0.0,26.12,80.13,0.0,,0.27,,,7.34,,11.0,-22.87140046,-43.45942235
2017-03-06 22:30:00,UNIDADE MOVEL BANGU,0.0,24.83,84.67,0.0,,0.29,,,12.23,,13.0,-22.87140046,-43.45942235
2017-03-06 23:30:00,UNIDADE MOVEL BANGU,0.0,24.22,87.62,0.17,,0.25,,,12.99,,15.0,-22.87140046,-43.45942235
2017-03-07 00:30:00,UNIDADE MOVEL BANGU,0.0,24.35,87.52,0.34,,0.38,,,5.1,,12.0,-22.87140046,-43.45942235
2017-03-07 01:30:00,UNIDADE MOVEL BANGU,0.0,24.48,86.22,2.53,,0.33,,,6.95,,11.0,-22.87140046,-43.45942235
2017-03-07 02:30:00,UNIDADE MOVEL BANGU,0.0,24.78,84.9,3.98,,0.33,,,7.54,,9.0,-22.87140046,-43.45942235
2017-03-07 03:30:00,UNIDADE MOVEL BANGU,0.0,25.07,83.15,3.23,,0.29,,,6.92,,5.0,-22.87140046,-43.45942235
2017-03-07 04:30:00,UNIDADE MOVEL BANGU,0.0,25.18,83.5,2.35,,0.45,,,3.42,,10.0,-22.87140046,-43.45942235
2017-03-07 05:30:00,UNIDADE MOVEL BANGU,3.0,24.75,87.85,2.26,,0.32,,,0.34,,16.0,-22.87140046,-43.45942235
2017-03-07 06:30:00,UNIDADE MOVEL BANGU,0.0,24.45,90.68,1.94,,0.35,,,1.1,,13.0,-22.87140046,-43.45942235
2017-03-07 07:30:00,UNIDADE MOVEL BANGU,0.0,25.23,84.18,1.64,,0.41,,,6.21,,19.0,-22.87140046,-43.45942235
2017-03-07 08:30:00,UNIDADE MOVEL BANGU,0.0,26.37,78.58,1.18,,0.54,,,8.6,,9.0,-22.87140046,-43.45942235
2017-03-07 09:30:00,UNIDADE MOVEL BANGU,0.0,28.18,68.93,0.16,,0.59,,,16.74,,13.0,-22.87140046,-43.45942235
2017-03-07 10:30:00,UNIDADE MOVEL BANGU,0.0,30.88,57.88,1.0,,0.49,,,29.89,,15.0,-22.87140046,-43.45942235
2017-03-07 11:30:00,UNIDADE MOVEL BANGU,0.0,32.38,51.52,7.56,,0.36,,,49.06,,2.0,-22.87140046,-43.45942235
2017-03-07 12:30:00,UNIDADE MOVEL BANGU,0.0,33.08,49.57,8.87,,1.02,,,65.97,,13.0,-22.87140046,-43.45942235
2017-03-07 13:30:00,UNIDADE MOVEL BANGU,0.0,31.65,57.72,9.7,,0.31,,,64.4,,16.0,-22.87140046,-43.45942235
2017-03-07 14:30:00,UNIDADE MOVEL BANGU,0.0,29.3,65.5,3.89,,0.39,,,40.04,,13.5,-22.87140046,-43.45942235
2017-03-07 15:30:00,UNIDADE MOVEL BANGU,0.0,30.43,60.17,2.0,,0.41,,,33.45,,11.0,-22.87140046,-43.45942235
2017-03-07 16:30:00,UNIDADE MOVEL BANGU,0.0,29.82,59.17,1.48,,0.23,,,31.49,,7.0,-22.87140046,-43.45942235
2017-03-07 17:30:00,UNIDADE MOVEL BANGU,0.0,29.03,61.98,2.03,,0.27,,,25.98,,8.0,-22.87140046,-43.45942235
2017-03-07 18:30:00,UNIDADE MOVEL BANGU,0.0,28.05,65.68,2.52,,0.41,,,18.38,,4.0,-22.87140046,-43.45942235
2017-03-07 19:30:00,UNIDADE MOVEL BANGU,0.0,27.42,67.43,2.19,,0.4,,,18.86,,2.0,-22.87140046,-43.45942235
2017-03-07 20:30:00,UNIDADE MOVEL BANGU,0.0,27.07,69.7,1.76,,0.16,,,31.41,,2.0,-22.87140046,-43.45942235
2017-03-07 21:30:00,UNIDADE MOVEL BANGU,2.0,26.97,71.65,1.8,,0.24,,,24.16,,3.0,-22.87140046,-43.45942235
2017-03-07 22:30:00,UNIDADE MOVEL BANGU,2.0,26.57,75.92,1.6,,0.26,,,11.24,,12.0,-22.87140046,-43.45942235
2017-03-07 23:30:00,UNIDADE MOVEL BANGU,8.0,25.35,85.78,1.29,,0.28,,,11.03,,7.0,-22.87140046,-43.45942235
2017-03-08 00:30:00,UNIDADE MOVEL BANGU,0.0,24.95,91.43,0.78,,0.23,,,3.81,,5.0,-22.87140046,-43.45942235
2017-03-08 01:30:00,UNIDADE MOVEL BANGU,0.0,24.33,90.98,0.19,,0.12,,,14.69,,12.0,-22.87140046,-43.45942235
2017-03-08 02:30:00,UNIDADE MOVEL BANGU,0.0,24.23,90.53,0.15,,0.11,,,15.48,,10.0,-22.87140046,-43.45942235
2017-03-08 03:30:00,UNIDADE MOVEL BANGU,0.0,24.23,89.02,0.26,,0.1,,,16.74,,8.0,-22.87140046,-43.45942235
2017-03-08 04:30:00,UNIDADE MOVEL BANGU,0.0,24.3,87.02,0.0,,0.1,,,17.16,,11.0,-22.87140046,-43.45942235
2017-03-08 05:30:00,UNIDADE MOVEL BANGU,0.0,24.28,86.83,0.1,,0.11,,,15.63,,6.0,-22.87140046,-43.45942235
2017-03-08 06:30:00,UNIDADE MOVEL BANGU,10.0,24.83,86.03,0.23,,0.33,,,4.27,,3.0,-22.87140046,-43.45942235
2017-03-08 07:30:00,UNIDADE MOVEL BANGU,0.0,25.37,83.97,0.46,,0.51,,,2.66,,7.0,-22.87140046,-43.45942235
2017-03-08 08:30:00,UNIDADE MOVEL BANGU,0.0,26.32,80.12,0.18,,0.59,,,5.07,,5.0,-22.87140046,-43.45942235
2017-03-08 09:30:00,UNIDADE MOVEL BANGU,0.0,27.85,73.93,0.14,,0.47,,,9.01,,12.0,-22.87140046,-43.45942235
2017-03-08 10:30:00,UNIDADE MOVEL BANGU,0.0,28.03,69.53,0.62,,0.24,,,18.03,,13.0,-22.87140046,-43.45942235
2017-03-08 11:30:00,UNIDADE MOVEL BANGU,0.0,28.62,66.62,0.07,,0.32,,,24.97,,9.0,-22.87140046,-43.45942235
2017-03-08 12:30:00,UNIDADE MOVEL BANGU,0.0,28.23,73.3,0.0,,0.34,,,21.22,,4.0,-22.87140046,-43.45942235
2017-03-08 13:30:00,UNIDADE MOVEL BANGU,0.0,27.23,73.07,0.69,,0.2,,,22.11,,6.0,-22.87140046,-43.45942235
2017-03-08 14:30:00,UNIDADE MOVEL BANGU,0.0,29.75,60.67,0.57,,0.23,,,28.42,,4.0,-22.87140046,-43.45942235
2017-03-08 15:30:00,UNIDADE MOVEL BANGU,1.0,27.88,70.17,0.21,,0.21,,,25.83,,3.0,-22.87140046,-43.45942235
2017-03-08 16:30:00,UNIDADE MOVEL BANGU,0.0,27.68,69.6,0.36,,0.2,,,21.8,,5.0,-22.87140046,-43.45942235
2017-03-08 17:30:00,UNIDADE MOVEL BANGU,0.0,27.15,69.13,0.27,,0.17,,,20.68,,6.0,-22.87140046,-43.45942235
2017-03-08 18:30:00,UNIDADE MOVEL BANGU,0.0,26.47,70.97,0.39,,0.57,,,13.54,,7.0,-22.87140046,-43.45942235
2017-03-08 19:30:00,UNIDADE MOVEL BANGU,0.0,26.42,71.22,0.94,,0.28,,,10.24,,8.0,-22.87140046,-43.45942235
2017-03-08 20:30:00,UNIDADE MOVEL BANGU,0.0,26.33,71.68,0.29,,0.42,,,7.0,,8.0,-22.87140046,-43.45942235
2017-03-08 21:30:00,UNIDADE MOVEL BANGU,0.0,26.05,73.05,0.06,,0.3,,,8.04,,5.0,-22.87140046,-43.45942235
2017-03-08 22:30:00,UNIDADE MOVEL BANGU,0.0,25.57,75.18,0.4,,0.28,,,4.84,,6.0,-22.87140046,-43.45942235
2017-03-08 23:30:00,UNIDADE MOVEL BANGU,0.0,25.52,75.07,0.26,,0.22,,,5.44,,8.0,-22.87140046,-43.45942235
2017-03-09 00:30:00,UNIDADE MOVEL BANGU,0.0,25.52,75.8,0.75,,0.14,,,6.43,,10.0,-22.87140046,-43.45942235
2017-03-09 01:30:00,UNIDADE MOVEL BANGU,0.0,25.28,77.42,0.69,,0.13,,,8.36,,6.0,-22.87140046,-43.45942235
2017-03-09 02:30:00,UNIDADE MOVEL BANGU,0.0,25.1,78.08,0.3,,0.13,,,16.62,,10.0,-22.87140046,-43.45942235
2017-03-09 03:30:00,UNIDADE MOVEL BANGU,0.0,24.95,80.13,0.16,,0.17,,,16.16,,11.0,-22.87140046,-43.45942235
2017-03-09 04:30:00,UNIDADE MOVEL BANGU,0.0,24.82,81.45,0.23,,0.16,,,14.01,,9.0,-22.87140046,-43.45942235
2017-03-09 05:30:00,UNIDADE MOVEL BANGU,0.0,24.68,81.77,0.25,,0.11,,,7.04,,5.0,-22.87140046,-43.45942235
2017-03-09 06:30:00,UNIDADE MOVEL BANGU,0.0,24.65,82.03,0.09,,0.13,,,6.35,,13.0,-22.87140046,-43.45942235
2017-03-09 07:30:00,UNIDADE MOVEL BANGU,0.0,25.85,76.3,0.8,,0.71,,,9.43,,10.0,-22.87140046,-43.45942235
2017-03-09 08:30:00,UNIDADE MOVEL BANGU,0.0,27.12,70.37,0.21,,0.34,,,14.79,,5.0,-22.87140046,-43.45942235
2017-03-09 09:30:00,UNIDADE MOVEL BANGU,0.0,29.58,58.38,0.91,,0.21,,,26.83,,3.0,-22.87140046,-43.45942235
2017-03-09 10:30:00,UNIDADE MOVEL BANGU,0.0,30.22,55.38,6.23,,0.11,,,38.87,,12.0,-22.87140046,-43.45942235
2017-03-09 11:30:00,UNIDADE MOVEL BANGU,0.0,31.62,49.28,5.73,,0.1,,,50.91,,8.0,-22.87140046,-43.45942235
2017-03-09 12:30:00,UNIDADE MOVEL BANGU,0.0,32.55,46.37,8.16,,0.09,,,62.53,,7.0,-22.87140046,-43.45942235
2017-03-09 13:30:00,UNIDADE MOVEL BANGU,0.0,33.13,44.17,11.93,,0.05,,,75.0,,7.0,-22.87140046,-43.45942235
2017-03-09 14:30:00,UNIDADE MOVEL BANGU,0.0,34.12,40.53,14.84,,0.04,,,75.26,,12.0,-22.87140046,-43.45942235
2017-03-09 15:30:00,UNIDADE MOVEL BANGU,0.0,34.82,39.28,22.26,,0.11,,,88.04,,13.0,-22.87140046,-43.45942235
2017-03-09 16:30:00,UNIDADE MOVEL BANGU,0.0,34.45,43.05,12.62,,0.15,,,77.0,,17.0,-22.87140046,-43.45942235
2017-03-09 17:30:00,UNIDADE MOVEL BANGU,0.0,32.63,48.13,6.09,,0.21,,,60.95,,11.0,-22.87140046,-43.45942235
2017-03-09 18:30:00,UNIDADE MOVEL BANGU,0.0,30.73,54.3,3.02,,0.57,,,44.23,,10.0,-22.87140046,-43.45942235
2017-03-09 19:30:00,UNIDADE MOVEL BANGU,0.0,29.2,61.95,2.33,,0.49,,,17.34,,7.0,-22.87140046,-43.45942235
2017-03-09 20:30:00,UNIDADE MOVEL BANGU,0.0,28.35,64.23,3.52,,0.39,,,12.78,,14.0,-22.87140046,-43.45942235
2017-03-09 21:30:00,UNIDADE MOVEL BANGU,0.0,27.82,66.48,3.51,,0.32,,,13.01,,8.0,-22.87140046,-43.45942235
2017-03-09 22:30:00,UNIDADE MOVEL BANGU,0.0,27.37,68.52,2.58,,0.4,,,9.85,,9.0,-22.87140046,-43.45942235
2017-03-09 23:30:00,UNIDADE MOVEL BANGU,0.0,26.75,71.85,1.85,,0.24,,,10.69,,9.0,-22.87140046,-43.45942235
2017-03-10 00:30:00,UNIDADE MOVEL BANGU,0.0,26.2,74.03,1.4,,0.05,,,8.0,,8.0,-22.87140046,-43.45942235
2017-03-10 01:30:00,UNIDADE MOVEL BANGU,0.0,25.92,74.95,0.89,,0.03,,,8.19,,16.0,-22.87140046,-43.45942235
2017-03-10 02:30:00,UNIDADE MOVEL BANGU,0.0,25.53,76.8,0.67,,0.01,,,9.9,,5.0,-22.87140046,-43.45942235
2017-03-10 03:30:00,UNIDADE MOVEL BANGU,0.0,25.28,77.42,1.2,,0.01,,,11.93,,6.0,-22.87140046,-43.45942235
2017-03-10 04:30:00,UNIDADE MOVEL BANGU,0.0,25.02,77.83,1.56,,0.01,,,12.38,,5.0,-22.87140046,-43.45942235
2017-03-10 05:30:00,UNIDADE MOVEL BANGU,0.0,24.75,79.37,1.4,,0.01,,,7.21,,4.0,-22.87140046,-43.45942235
2017-03-10 06:30:00,UNIDADE MOVEL BANGU,0.0,25.15,77.52,1.46,,0.05,,,6.79,,9.0,-22.87140046,-43.45942235
2017-03-10 07:30:00,UNIDADE MOVEL BANGU,0.0,27.05,64.57,0.89,,0.08,,,14.53,,7.0,-22.87140046,-43.45942235
2017-03-10 08:30:00,UNIDADE MOVEL BANGU,0.0,29.83,53.67,0.1,,0.02,,,27.89,,4.0,-22.87140046,-43.45942235
2017-03-10 09:30:00,UNIDADE MOVEL BANGU,0.0,32.33,46.82,1.42,,0.06,,,37.35,,7.0,-22.87140046,-43.45942235
2017-03-10 10:30:00,UNIDADE MOVEL BANGU,0.0,33.9,42.18,9.85,,0.06,,,51.34,,10.0,-22.87140046,-43.45942235
2017-03-10 11:30:00,UNIDADE MOVEL BANGU,0.0,34.83,39.08,10.54,,0.01,,,49.9,,16.0,-22.87140046,-43.45942235
2017-03-10 12:30:00,UNIDADE MOVEL BANGU,0.0,35.92,35.98,14.41,,0.05,,,50.05,,4.0,-22.87140046,-43.45942235
2017-03-10 13:30:00,UNIDADE MOVEL BANGU,0.0,36.43,32.9,20.93,,0.09,,,46.5,,7.0,-22.87140046,-43.45942235
2017-03-10 14:30:00,UNIDADE MOVEL BANGU,0.0,37.02,31.9,23.07,,0.34,,,46.08,,4.0,-22.87140046,-43.45942235
2017-03-10 15:30:00,UNIDADE MOVEL BANGU,0.0,36.92,32.62,20.43,,0.66,,,49.54,,0.0,-22.87140046,-43.45942235
2017-03-10 16:30:00,UNIDADE MOVEL BANGU,0.0,36.2,33.33,14.86,,0.84,,,51.22,,1.0,-22.87140046,-43.45942235
2017-03-10 17:30:00,UNIDADE MOVEL BANGU,0.0,35.7,36.42,9.81,,1.04,,,54.28,,8.0,-22.87140046,-43.45942235
2017-03-10 18:30:00,UNIDADE MOVEL BANGU,0.0,32.98,45.53,7.6,,0.99,,,58.13,,8.0,-22.87140046,-43.45942235
2017-03-10 19:30:00,UNIDADE MOVEL BANGU,0.0,32.25,46.42,4.29,,0.44,,,44.91,,7.0,-22.87140046,-43.45942235
2017-03-10 20:30:00,UNIDADE MOVEL BANGU,0.0,31.58,49.55,3.0,,0.67,,,19.25,,18.0,-22.87140046,-43.45942235
2017-03-10 21:30:00,UNIDADE MOVEL BANGU,0.0,30.03,60.23,2.73,,0.36,,,8.28,,25.0,-22.87140046,-43.45942235
2017-03-10 22:30:00,UNIDADE MOVEL BANGU,0.0,29.02,64.82,3.2,,0.24,,,8.06,,33.0,-22.87140046,-43.45942235
2017-03-10 23:30:00,UNIDADE MOVEL BANGU,0.0,28.52,64.98,2.81,,0.32,,,11.03,,27.0,-22.87140046,-43.45942235
2017-03-11 00:30:00,UNIDADE MOVEL BANGU,0.0,28.28,64.82,4.45,,0.37,,,14.29,,25.0,-22.87140046,-43.45942235
2017-03-11 01:30:00,UNIDADE MOVEL BANGU,0.0,28.62,60.35,5.19,,0.25,,,31.98,,25.0,-22.87140046,-43.45942235
2017-03-11 02:30:00,UNIDADE MOVEL BANGU,0.0,28.25,63.3,3.75,,0.28,,,21.38,,18.0,-22.87140046,-43.45942235
2017-03-11 03:30:00,UNIDADE MOVEL BANGU,0.0,28.05,61.72,2.8,,0.14,,,22.65,,19.0,-22.87140046,-43.45942235
2017-03-11 04:30:00,UNIDADE MOVEL BANGU,0.0,27.45,63.9,0.57,,0.1,,,19.89,,12.0,-22.87140046,-43.45942235
2017-03-11 05:30:00,UNIDADE MOVEL BANGU,0.0,27.22,62.37,0.0,,0.12,,,16.71,,17.0,-22.87140046,-43.45942235
2017-03-11 06:30:00,UNIDADE MOVEL BANGU,0.0,27.15,62.13,0.0,,0.14,,,13.66,,16.0,-22.87140046,-43.45942235
2017-03-11 07:30:00,UNIDADE MOVEL BANGU,0.0,28.2,56.77,0.0,,0.18,,,21.29,,3.0,-22.87140046,-43.45942235
2017-03-11 08:30:00,UNIDADE MOVEL BANGU,0.0,30.62,47.63,0.0,,0.1,,,30.2,,15.0,-22.87140046,-43.45942235
2017-03-11 09:30:00,UNIDADE MOVEL BANGU,0.0,32.22,43.15,0.5,,0.04,,,41.43,,9.0,-22.87140046,-43.45942235
2017-03-11 10:30:00,UNIDADE MOVEL BANGU,0.0,33.6,40.87,7.15,,0.04,,,55.54,,8.0,-22.87140046,-43.45942235
2017-03-11 11:30:00,UNIDADE MOVEL BANGU,0.0,34.52,42.18,11.01,,0.09,,,68.38,,11.0,-22.87140046,-43.45942235
2017-03-11 12:30:00,UNIDADE MOVEL BANGU,0.0,34.58,43.23,16.28,,0.15,,,75.91,,12.0,-22.87140046,-43.45942235
2017-03-11 13:30:00,UNIDADE MOVEL BANGU,0.0,33.62,48.22,18.56,,0.12,,,69.46,,7.0,-22.87140046,-43.45942235
2017-03-11 14:30:00,UNIDADE MOVEL BANGU,0.0,33.5,47.5,17.12,,0.07,,,64.7,,13.0,-22.87140046,-43.45942235
2017-03-11 15:30:00,UNIDADE MOVEL BANGU,0.0,32.52,47.57,14.53,,0.08,,,61.68,,7.0,-22.87140046,-43.45942235
2017-03-11 16:30:00,UNIDADE MOVEL BANGU,0.0,32.05,45.88,9.92,,0.11,,,56.94,,7.0,-22.87140046,-43.45942235
2017-03-11 17:30:00,UNIDADE MOVEL BANGU,0.0,31.43,48.58,4.65,,0.23,,,56.62,,9.0,-22.87140046,-43.45942235
2017-03-11 18:30:00,UNIDADE MOVEL BANGU,0.0,29.38,58.35,0.95,,0.23,,,50.82,,9.0,-22.87140046,-43.45942235
2017-03-11 19:30:00,UNIDADE MOVEL BANGU,0.0,28.3,66.05,0.09,,0.3,,,38.66,,18.0,-22.87140046,-43.45942235
2017-03-11 20:30:00,UNIDADE MOVEL BANGU,0.0,27.52,70.42,0.0,,0.31,,,30.52,,20.0,-22.87140046,-43.45942235
2017-03-11 21:30:00,UNIDADE MOVEL BANGU,0.0,26.95,74.1,0.27,,0.34,,,24.19,,19.0,-22.87140046,-43.45942235
2017-03-11 22:30:00,UNIDADE MOVEL BANGU,0.0,26.4,77.9,0.01,,0.39,,,22.52,,22.0,-22.87140046,-43.45942235
2017-03-11 23:30:00,UNIDADE MOVEL BANGU,0.0,25.92,80.48,0.18,,0.34,,,20.82,,20.0,-22.87140046,-43.45942235
2017-03-12 00:30:00,UNIDADE MOVEL BANGU,0.0,25.63,80.77,0.92,,0.29,,,20.99,,21.0,-22.87140046,-43.45942235
2017-03-12 01:30:00,UNIDADE MOVEL BANGU,0.0,25.55,80.45,0.28,,0.3,,,17.69,,25.0,-22.87140046,-43.45942235
2017-03-12 02:30:00,UNIDADE MOVEL BANGU,0.0,25.27,81.73,0.59,,0.37,,,14.15,,20.0,-22.87140046,-43.45942235
2017-03-12 03:30:00,UNIDADE MOVEL BANGU,0.0,25.08,82.75,0.85,,0.47,,,16.36,,13.0,-22.87140046,-43.45942235
2017-03-12 04:30:00,UNIDADE MOVEL BANGU,0.0,25.05,82.28,3.87,,0.46,,,18.21,,22.0,-22.87140046,-43.45942235
2017-03-12 05:30:00,UNIDADE MOVEL BANGU,0.0,24.98,82.3,6.47,,0.37,,,17.55,,39.0,-22.87140046,-43.45942235
2017-03-12 06:30:00,UNIDADE MOVEL BANGU,0.0,25.12,80.72,5.76,,0.425,,,20.6,,28.0,-22.87140046,-43.45942235
2017-03-12 07:30:00,UNIDADE MOVEL BANGU,0.0,26.42,74.13,5.53,,0.48,,,23.6,,35.0,-22.87140046,-43.45942235
2017-03-12 08:30:00,UNIDADE MOVEL BANGU,0.0,28.78,63.72,5.15,,0.42,,,36.78,,24.0,-22.87140046,-43.45942235
2017-03-12 09:30:00,UNIDADE MOVEL BANGU,0.0,30.75,55.77,5.52,,0.32,,,54.87,,18.0,-22.87140046,-43.45942235
2017-03-12 10:30:00,UNIDADE MOVEL BANGU,0.0,32.72,46.13,11.22,,0.23,,,77.21,,23.0,-22.87140046,-43.45942235
2017-03-12 11:30:00,UNIDADE MOVEL BANGU,0.0,34.18,37.1,15.98,,0.15,,,79.72,,23.0,-22.87140046,-43.45942235
2017-03-12 12:30:00,UNIDADE MOVEL BANGU,0.0,35.4,29.82,15.65,,0.08,,,62.12,,10.0,-22.87140046,-43.45942235
2017-03-12 13:30:00,UNIDADE MOVEL BANGU,0.0,35.97,28.48,24.73,,0.13,,,59.33,,8.0,-22.87140046,-43.45942235
2017-03-12 14:30:00,UNIDADE MOVEL BANGU,0.0,36.72,25.0,22.41,,0.14,,,54.33,,6.0,-22.87140046,-43.45942235
2017-03-12 15:30:00,UNIDADE MOVEL BANGU,0.0,36.83,25.72,18.01,,0.13,,,55.06,,2.0,-22.87140046,-43.45942235
2017-03-12 16:30:00,UNIDADE MOVEL BANGU,0.0,36.77,27.35,14.38,,0.19,,,55.46,,5.0,-22.87140046,-43.45942235
2017-03-12 17:30:00,UNIDADE MOVEL BANGU,0.0,35.02,33.13,15.71,,0.24,,,69.82,,7.0,-22.87140046,-43.45942235
2017-03-12 18:30:00,UNIDADE MOVEL BANGU,0.0,32.58,39.0,8.77,,0.33,,,89.78,,10.0,-22.87140046,-43.45942235
2017-03-12 19:30:00,UNIDADE MOVEL BANGU,0.0,31.57,41.6,5.78,,0.48,,,62.63,,13.0,-22.87140046,-43.45942235
2017-03-12 20:30:00,UNIDADE MOVEL BANGU,0.0,30.85,44.75,5.22,,0.96,,,19.39,,30.0,-22.87140046,-43.45942235
2017-03-12 21:30:00,UNIDADE MOVEL BANGU,0.0,30.08,47.05,5.83,,0.96,,,15.25,,23.0,-22.87140046,-43.45942235
2017-03-12 22:30:00,UNIDADE MOVEL BANGU,0.0,29.67,49.67,5.17,,0.77,,,9.32,,31.0,-22.87140046,-43.45942235
2017-03-12 23:30:00,UNIDADE MOVEL BANGU,0.0,28.73,59.35,4.79,,0.77,,,14.97,,22.0,-22.87140046,-43.45942235
2017-03-13 00:30:00,UNIDADE MOVEL BANGU,0.0,28.38,59.57,5.21,,0.56,,,14.54,,36.0,-22.87140046,-43.45942235
2017-03-13 01:30:00,UNIDADE MOVEL BANGU,0.0,28.25,57.13,5.74,,0.44,,,11.02,,34.0,-22.87140046,-43.45942235
2017-03-13 02:30:00,UNIDADE MOVEL BANGU,0.0,28.25,50.58,5.35,,0.09,,,23.54,,33.0,-22.87140046,-43.45942235
2017-03-13 03:30:00,UNIDADE MOVEL BANGU,0.0,27.4,62.98,2.71,,0.04,,,43.74,,9.0,-22.87140046,-43.45942235
2017-03-13 04:30:00,UNIDADE MOVEL BANGU,0.0,26.52,67.85,1.14,,0.02,,,59.09,,7.0,-22.87140046,-43.45942235
2017-03-13 05:30:00,UNIDADE MOVEL BANGU,0.0,26.42,66.57,0.08,,0.05,,,47.3,,6.0,-22.87140046,-43.45942235
2017-03-13 06:30:00,UNIDADE MOVEL BANGU,0.0,26.9,61.12,0.43,,0.16,,,33.55,,5.0,-22.87140046,-43.45942235
2017-03-13 07:30:00,UNIDADE MOVEL BANGU,0.0,29.07,54.37,1.7,,0.2,,,22.43,,14.0,-22.87140046,-43.45942235
2017-03-13 08:30:00,UNIDADE MOVEL BANGU,0.0,30.85,44.15,1.26,,0.05,,,35.55,,14.0,-22.87140046,-43.45942235
2017-03-13 09:30:00,UNIDADE MOVEL BANGU,0.0,31.65,42.58,2.93,,0.02,,,38.09,,7.0,-22.87140046,-43.45942235
2017-03-13 10:30:00,UNIDADE MOVEL BANGU,0.0,31.9,42.42,9.12,,0.01,,,57.8,,6.0,-22.87140046,-43.45942235
2017-03-13 11:30:00,UNIDADE MOVEL BANGU,0.0,31.45,47.8,12.55,,0.03,,,61.56,,4.0,-22.87140046,-43.45942235
2017-03-13 12:30:00,UNIDADE MOVEL BANGU,0.0,30.43,53.4,11.85,,0.1,,,59.23,,1.0,-22.87140046,-43.45942235
2017-03-13 13:30:00,UNIDADE MOVEL BANGU,0.0,29.97,55.63,9.08,,0.08,,,55.42,,2.0,-22.87140046,-43.45942235
2017-03-13 14:30:00,UNIDADE MOVEL BANGU,0.0,30.03,54.32,7.03,,0.05,,,52.5,,1.0,-22.87140046,-43.45942235
2017-03-13 15:30:00,UNIDADE MOVEL BANGU,0.0,29.07,57.35,4.74,,0.07,,,49.7,,0.0,-22.87140046,-43.45942235
2017-03-13 16:30:00,UNIDADE MOVEL BANGU,0.0,28.78,59.87,0.9,,0.13,,,47.39,,2.0,-22.87140046,-43.45942235
2017-03-13 17:30:00,UNIDADE MOVEL BANGU,0.0,27.93,63.97,0.0,,0.13,,,42.4,,5.0,-22.87140046,-43.45942235
2017-03-13 18:30:00,UNIDADE MOVEL BANGU,0.0,26.6,71.17,0.0,,0.17,,,41.21,,10.0,-22.87140046,-43.45942235
2017-03-13 19:30:00,UNIDADE MOVEL BANGU,0.0,25.08,81.18,0.0,,0.2,,,32.98,,9.0,-22.87140046,-43.45942235
2017-03-13 20:30:00,UNIDADE MOVEL BANGU,0.0,25.72,73.92,0.0,,0.17,,,31.4,,6.0,-22.87140046,-43.45942235
2017-03-13 21:30:00,UNIDADE MOVEL BANGU,0.0,26.07,70.38,0.0,,0.09,,,31.97,,4.0,-22.87140046,-43.45942235
2017-03-13 22:30:00,UNIDADE MOVEL BANGU,0.0,25.85,72.77,0.0,,0.16,,,27.23,,9.0,-22.87140046,-43.45942235
2017-03-13 23:30:00,UNIDADE MOVEL BANGU,0.0,25.72,74.15,0.265,,0.14,,,21.46,,8.0,-22.87140046,-43.45942235
2017-03-14 00:30:00,UNIDADE MOVEL BANGU,0.0,25.75,74.15,0.53,,0.17,,,21.01,,11.0,-22.87140046,-43.45942235
2017-03-14 01:30:00,UNIDADE MOVEL BANGU,2.0,25.52,75.85,0.48,,0.17,,,24.87,,10.0,-22.87140046,-43.45942235
2017-03-14 02:30:00,UNIDADE MOVEL BANGU,20.0,23.7,89.57,0.29,,0.14,,,23.98,,7.0,-22.87140046,-43.45942235
2017-03-14 03:30:00,UNIDADE MOVEL BANGU,1.0,22.65,91.88,0.09,,0.14,,,35.98,,3.0,-22.87140046,-43.45942235
2017-03-14 04:30:00,UNIDADE MOVEL BANGU,0.0,22.35,91.2,0.0,,0.11,,,40.11,,6.0,-22.87140046,-43.45942235
2017-03-14 05:30:00,UNIDADE MOVEL BANGU,1.0,22.47,91.78,0.0,,0.18,,,32.98,,4.0,-22.87140046,-43.45942235
2017-03-14 06:30:00,UNIDADE MOVEL BANGU,0.0,23.0,91.78,0.14,,0.3,,,16.19,,5.0,-22.87140046,-43.45942235
2017-03-14 07:30:00,UNIDADE MOVEL BANGU,0.0,23.63,89.17,0.03,,0.72,,,13.79,,5.0,-22.87140046,-43.45942235
2017-03-14 08:30:00,UNIDADE MOVEL BANGU,0.0,26.87,74.08,0.0,,0.34,,,21.86,,2.0,-22.87140046,-43.45942235
2017-03-14 09:30:00,UNIDADE MOVEL BANGU,0.0,28.08,68.15,1.965,,0.29,,,28.89,,4.0,-22.87140046,-43.45942235
2017-03-14 10:30:00,UNIDADE MOVEL BANGU,0.0,29.68,61.37,3.93,,0.31,,,34.08,,6.0,-22.87140046,-43.45942235
2017-03-14 11:30:00,UNIDADE MOVEL BANGU,0.0,30.22,58.48,5.59,,0.17,,,40.3,,6.0,-22.87140046,-43.45942235
2017-03-14 12:30:00,UNIDADE MOVEL BANGU,0.0,29.37,61.68,7.34,,0.1,,,43.39,,7.0,-22.87140046,-43.45942235
2017-03-14 13:30:00,UNIDADE MOVEL BANGU,0.0,29.33,62.5,6.22,,0.13,,,37.38,,7.0,-22.87140046,-43.45942235
2017-03-14 14:30:00,UNIDADE MOVEL BANGU,0.0,29.5,58.97,7.93,,0.1,,,36.57,,8.0,-22.87140046,-43.45942235
2017-03-14 15:30:00,UNIDADE MOVEL BANGU,0.0,28.48,62.97,7.06,,0.09,,,37.18,,6.0,-22.87140046,-43.45942235
2017-03-14 16:30:00,UNIDADE MOVEL BANGU,0.0,27.82,66.73,4.32,,0.08,,,35.91,,5.0,-22.87140046,-43.45942235
2017-03-14 17:30:00,UNIDADE MOVEL BANGU,0.0,26.8,72.78,3.02,,0.14,,,32.59,,6.0,-22.87140046,-43.45942235
2017-03-14 18:30:00,UNIDADE MOVEL BANGU,0.0,26.55,73.6,3.46,,0.25,,,24.78,,9.0,-22.87140046,-43.45942235
2017-03-14 19:30:00,UNIDADE MOVEL BANGU,0.0,26.53,73.53,3.33,,0.5,,,20.73,,9.0,-22.87140046,-43.45942235
2017-03-14 20:30:00,UNIDADE MOVEL BANGU,0.0,25.8,79.28,3.51,,0.24,,,17.49,,11.0,-22.87140046,-43.45942235
2017-03-14 21:30:00,UNIDADE MOVEL BANGU,0.0,25.37,78.38,3.9,,0.32,,,15.83,,8.0,-22.87140046,-43.45942235
2017-03-14 22:30:00,UNIDADE MOVEL BANGU,0.0,24.63,83.33,3.78,,0.36,,,16.84,,9.0,-22.87140046,-43.45942235
2017-03-14 23:30:00,UNIDADE MOVEL BANGU,0.0,25.0,81.88,3.22,,0.33,,,11.94,,17.0,-22.87140046,-43.45942235
2017-03-15 00:30:00,UNIDADE MOVEL BANGU,0.0,25.25,79.73,1.05,,0.24,,,15.06,,9.0,-22.87140046,-43.45942235
2017-03-15 01:30:00,UNIDADE MOVEL BANGU,0.0,25.2,79.9,0.84,,0.27,,,17.02,,8.0,-22.87140046,-43.45942235
2017-03-15 02:30:00,UNIDADE MOVEL BANGU,0.0,24.98,82.2,0.98,,0.27,,,16.94,,11.0,-22.87140046,-43.45942235
2017-03-15 03:30:00,UNIDADE MOVEL BANGU,0.0,24.72,83.68,0.67,,0.23,,,12.96,,10.0,-22.87140046,-43.45942235
2017-03-15 04:30:00,UNIDADE MOVEL BANGU,0.0,24.85,82.58,0.87,,0.19,,,16.19,,18.0,-22.87140046,-43.45942235
2017-03-15 05:30:00,UNIDADE MOVEL BANGU,0.0,24.77,82.0,1.61,,0.17,,,15.67,,18.0,-22.87140046,-43.45942235
2017-03-15 06:30:00,UNIDADE MOVEL BANGU,0.0,24.88,82.12,1.52,,0.26,,,11.36,,14.0,-22.87140046,-43.45942235
2017-03-15 07:30:00,UNIDADE MOVEL BANGU,0.0,25.65,73.63,1.65,,0.41,,,16.91,,20.0,-22.87140046,-43.45942235
2017-03-15 08:30:00,UNIDADE MOVEL BANGU,0.0,27.07,64.65,1.01,,0.3,,,23.64,,10.0,-22.87140046,-43.45942235
2017-03-15 09:30:00,UNIDADE MOVEL BANGU,0.0,29.1,57.63,1.25,,0.24,,,31.22,,6.0,-22.87140046,-43.45942235
2017-03-15 10:30:00,UNIDADE MOVEL BANGU,0.0,29.67,55.58,3.27,,0.3,,,36.22,,8.0,-22.87140046,-43.45942235
2017-03-15 11:30:00,UNIDADE MOVEL BANGU,0.0,31.17,49.6,5.97,,0.18,,,51.62,,10.0,-22.87140046,-43.45942235
2017-03-15 12:30:00,UNIDADE MOVEL BANGU,0.0,31.62,48.1,8.48,,0.29,,,79.2,,20.0,-22.87140046,-43.45942235
2017-03-15 13:30:00,UNIDADE MOVEL BANGU,0.0,32.17,44.25,14.42,,0.23,,,96.31,,15.0,-22.87140046,-43.45942235
2017-03-15 14:30:00,UNIDADE MOVEL BANGU,0.0,33.33,40.35,15.16,,0.14,,,90.11,,25.0,-22.87140046,-43.45942235
2017-03-15 15:30:00,UNIDADE MOVEL BANGU,0.0,32.47,43.12,16.09,,0.19,,,81.78,,13.0,-22.87140046,-43.45942235
2017-03-15 16:30:00,UNIDADE MOVEL BANGU,0.0,30.35,53.4,9.14,,0.06,,,63.26,,10.0,-22.87140046,-43.45942235
2017-03-15 17:30:00,UNIDADE MOVEL BANGU,0.0,29.0,57.58,4.67,,0.16,,,44.41,,11.0,-22.87140046,-43.45942235
2017-03-15 18:30:00,UNIDADE MOVEL BANGU,0.0,27.62,63.33,1.98,,0.25,,,35.79,,8.0,-22.87140046,-43.45942235
2017-03-15 19:30:00,UNIDADE MOVEL BANGU,0.0,27.37,65.02,2.31,,0.4,,,22.78,,11.0,-22.87140046,-43.45942235
2017-03-15 20:30:00,UNIDADE MOVEL BANGU,0.0,26.82,66.23,2.48,,0.28,,,18.76,,9.0,-22.87140046,-43.45942235
2017-03-15 21:30:00,UNIDADE MOVEL BANGU,0.0,26.4,68.0,2.13,,0.36,,,15.87,,9.0,-22.87140046,-43.45942235
2017-03-15 22:30:00,UNIDADE MOVEL BANGU,0.0,26.23,69.12,1.88,,0.28,,,18.09,,13.0,-22.87140046,-43.45942235
2017-03-15 23:30:00,UNIDADE MOVEL BANGU,0.0,26.1,70.8,1.68,,0.25,,,21.45,,16.0,-22.87140046,-43.45942235
2017-03-16 00:30:00,UNIDADE MOVEL BANGU,0.0,25.67,73.2,0.48,,0.11,,,19.64,,1.0,-22.87140046,-43.45942235
2017-03-16 01:30:00,UNIDADE MOVEL BANGU,0.0,25.3,74.55,0.12,,0.09,,,21.38,,10.0,-22.87140046,-43.45942235
2017-03-16 02:30:00,UNIDADE MOVEL BANGU,0.0,24.95,76.25,0.05,,0.08,,,19.4,,8.0,-22.87140046,-43.45942235
2017-03-16 03:30:00,UNIDADE MOVEL BANGU,0.0,24.63,77.95,0.03,,0.07,,,16.69,,8.0,-22.87140046,-43.45942235
2017-03-16 04:30:00,UNIDADE MOVEL BANGU,0.0,24.22,79.65,0.14,,0.08,,,13.72,,6.0,-22.87140046,-43.45942235
2017-03-16 05:30:00,UNIDADE MOVEL BANGU,0.0,23.82,79.93,0.0,,0.08,,,9.45,,4.0,-22.87140046,-43.45942235
2017-03-16 06:30:00,UNIDADE MOVEL BANGU,0.0,23.8,79.13,0.17,,0.3,,,10.48,,7.0,-22.87140046,-43.45942235
2017-03-16 07:30:00,UNIDADE MOVEL BANGU,0.0,25.6,72.8,0.52,,0.5,,,13.25,,7.0,-22.87140046,-43.45942235
2017-03-16 08:30:00,UNIDADE MOVEL BANGU,0.0,28.05,60.0,0.04,,0.21,,,20.95,,11.0,-22.87140046,-43.45942235
2017-03-16 09:30:00,UNIDADE MOVEL BANGU,0.0,30.23,50.02,3.73,,0.17,,,29.06,,7.0,-22.87140046,-43.45942235
2017-03-16 10:30:00,UNIDADE MOVEL BANGU,0.0,31.65,39.27,11.18,,0.03,,,44.52,,7.0,-22.87140046,-43.45942235
2017-03-16 11:30:00,UNIDADE MOVEL BANGU,0.0,33.17,34.67,14.98,,0.06,,,58.92,,9.0,-22.87140046,-43.45942235
2017-03-16 12:30:00,UNIDADE MOVEL BANGU,0.0,34.08,32.23,22.93,,0.1,,,73.57,,10.0,-22.87140046,-43.45942235
2017-03-16 13:30:00,UNIDADE MOVEL BANGU,0.0,34.63,32.53,24.69,,0.13,,,85.67,,5.0,-22.87140046,-43.45942235
2017-03-16 14:30:00,UNIDADE MOVEL BANGU,0.0,33.82,34.05,19.81,,0.11,,,92.78,,4.0,-22.87140046,-43.45942235
2017-03-16 15:30:00,UNIDADE MOVEL BANGU,0.0,35.2,33.13,16.35,,0.16,,,98.21,,15.0,-22.87140046,-43.45942235
2017-03-16 16:30:00,UNIDADE MOVEL BANGU,0.0,34.27,34.78,15.38,,0.13,,,93.43,,15.0,-22.87140046,-43.45942235
2017-03-16 17:30:00,UNIDADE MOVEL BANGU,0.0,33.03,37.63,10.09,,0.3,,,92.66,,10.0,-22.87140046,-43.45942235
2017-03-16 18:30:00,UNIDADE MOVEL BANGU,0.0,31.03,43.0,5.53,,0.14,,,69.2,,10.0,-22.87140046,-43.45942235
2017-03-16 19:30:00,UNIDADE MOVEL BANGU,0.0,29.78,48.4,2.48,,0.53,,,26.35,,16.0,-22.87140046,-43.45942235
2017-03-16 20:30:00,UNIDADE MOVEL BANGU,0.0,29.13,54.17,1.78,,0.35,,,10.57,,12.0,-22.87140046,-43.45942235
2017-03-16 21:30:00,UNIDADE MOVEL BANGU,0.0,28.35,60.3,1.25,,0.2,,,8.93,,30.0,-22.87140046,-43.45942235
2017-03-16 22:30:00,UNIDADE MOVEL BANGU,0.0,27.95,61.58,1.65,,0.18,,,9.03,,15.0,-22.87140046,-43.45942235
2017-03-16 23:30:00,UNIDADE MOVEL BANGU,0.0,27.3,63.85,1.39,,0.19,,,13.66,,17.0,-22.87140046,-43.45942235
2017-03-17 00:30:00,UNIDADE MOVEL BANGU,0.0,26.77,66.22,1.21,,0.31,,,10.19,,14.0,-22.87140046,-43.45942235
2017-03-17 01:30:00,UNIDADE MOVEL BANGU,0.0,26.28,68.45,1.06,,0.22,,,8.9,,23.0,-22.87140046,-43.45942235
2017-03-17 02:30:00,UNIDADE MOVEL BANGU,0.0,25.88,70.17,0.92,,0.24,,,7.69,,10.0,-22.87140046,-43.45942235
2017-03-17 03:30:00,UNIDADE MOVEL BANGU,0.0,25.53,71.07,0.28,,0.24,,,10.7,,16.0,-22.87140046,-43.45942235
2017-03-17 04:30:00,UNIDADE MOVEL BANGU,0.0,25.35,71.65,0.25,,0.26,,,9.81,,13.0,-22.87140046,-43.45942235
2017-03-17 05:30:00,UNIDADE MOVEL BANGU,0.0,25.22,71.67,0.7,,0.29,,,8.49,,16.0,-22.87140046,-43.45942235
2017-03-17 06:30:00,UNIDADE MOVEL BANGU,0.0,25.32,70.55,1.18,,0.34,,,7.79,,27.0,-22.87140046,-43.45942235
2017-03-17 07:30:00,UNIDADE MOVEL BANGU,0.0,27.4,58.33,2.18,,0.37,,,15.67,,20.0,-22.87140046,-43.45942235
2017-03-17 08:30:00,UNIDADE MOVEL BANGU,0.0,29.58,49.47,1.01,,0.11,,,31.13,,8.0,-22.87140046,-43.45942235
2017-03-17 09:30:00,UNIDADE MOVEL BANGU,0.0,31.97,43.07,2.73,,0.18,,,41.6,,8.0,-22.87140046,-43.45942235
2017-03-17 10:30:00,UNIDADE MOVEL BANGU,0.0,34.07,35.9,11.04,,0.1,,,48.45,,5.0,-22.87140046,-43.45942235
2017-03-17 11:30:00,UNIDADE MOVEL BANGU,0.0,35.08,33.77,16.92,,0.06,,,50.85,,6.0,-22.87140046,-43.45942235
2017-03-17 12:30:00,UNIDADE MOVEL BANGU,0.0,34.57,37.55,23.61,,0.2,,,58.58,,6.0,-22.87140046,-43.45942235
2017-03-17 13:30:00,UNIDADE MOVEL BANGU,0.0,33.05,44.55,27.36,,0.16,,,64.36,,12.0,-22.87140046,-43.45942235
2017-03-17 14:30:00,UNIDADE MOVEL BANGU,0.0,31.83,47.27,28.89,,0.14,,,73.0,,7.0,-22.87140046,-43.45942235
2017-03-17 15:30:00,UNIDADE MOVEL BANGU,0.0,30.28,54.75,17.11,,0.22,,,63.7,,16.0,-22.87140046,-43.45942235
2017-03-17 16:30:00,UNIDADE MOVEL BANGU,0.0,29.17,57.68,10.71,,0.27,,,54.7,,8.0,-22.87140046,-43.45942235
2017-03-17 17:30:00,UNIDADE MOVEL BANGU,0.0,27.8,63.48,4.39,,0.24,,,50.3,,14.0,-22.87140046,-43.45942235
2017-03-17 18:30:00,UNIDADE MOVEL BANGU,0.0,27.12,66.37,0.64,,0.35,,,41.67,,16.0,-22.87140046,-43.45942235
2017-03-17 19:30:00,UNIDADE MOVEL BANGU,0.0,26.58,72.78,0.02,,0.24,,,35.8,,13.0,-22.87140046,-43.45942235
2017-03-17 20:30:00,UNIDADE MOVEL BANGU,0.0,26.53,72.68,0.0,,0.2,,,31.6,,13.0,-22.87140046,-43.45942235
2017-03-17 21:30:00,UNIDADE MOVEL BANGU,0.0,26.45,74.1,0.0,,0.52,,,30.98,,20.0,-22.87140046,-43.45942235
2017-03-17 22:30:00,UNIDADE MOVEL BANGU,0.0,26.4,76.1,0.0,,0.43,,,26.25,,15.0,-22.87140046,-43.45942235
2017-03-17 23:30:00,UNIDADE MOVEL BANGU,0.0,26.38,75.98,0.475,,0.34,,,27.21,,22.0,-22.87140046,-43.45942235
2017-03-18 00:30:00,UNIDADE MOVEL BANGU,2.0,25.9,77.4,0.95,,0.27,,,30.87,,11.0,-22.87140046,-43.45942235
2017-03-18 01:30:00,UNIDADE MOVEL BANGU,0.0,23.53,88.5,0.25,,0.21,,,45.69,,13.0,-22.87140046,-43.45942235
2017-03-18 02:30:00,UNIDADE MOVEL BANGU,1.0,23.17,87.68,0.24,,0.15,,,46.8,,6.0,-22.87140046,-43.45942235
2017-03-18 03:30:00,UNIDADE MOVEL BANGU,5.0,22.37,90.12,0.38,,0.09,,,53.57,,2.0,-22.87140046,-43.45942235
2017-03-18 04:30:00,UNIDADE MOVEL BANGU,3.0,22.2,91.8,0.13,,0.08,,,49.41,,2.0,-22.87140046,-43.45942235
2017-03-18 05:30:00,UNIDADE MOVEL BANGU,0.0,22.03,90.95,0.03,,0.11,,,48.03,,6.0,-22.87140046,-43.45942235
2017-03-18 06:30:00,UNIDADE MOVEL BANGU,0.0,22.33,90.48,0.01,,0.09,,,43.09,,7.0,-22.87140046,-43.45942235
2017-03-18 07:30:00,UNIDADE MOVEL BANGU,0.0,22.95,88.55,0.1,,0.27,,,35.8,,9.0,-22.87140046,-43.45942235
2017-03-18 08:30:00,UNIDADE MOVEL BANGU,0.0,24.48,81.32,0.0,,0.21,,,34.47,,13.0,-22.87140046,-43.45942235
2017-03-18 09:30:00,UNIDADE MOVEL BANGU,0.0,25.47,74.82,0.0,,0.21,,,40.68,,8.0,-22.87140046,-43.45942235
2017-03-18 10:30:00,UNIDADE MOVEL BANGU,0.0,27.18,67.67,0.29,,0.2,,,48.16,,3.0,-22.87140046,-43.45942235
2017-03-18 11:30:00,UNIDADE MOVEL BANGU,0.0,28.82,57.53,4.33,,0.07,,,53.56,,3.0,-22.87140046,-43.45942235
2017-03-18 12:30:00,UNIDADE MOVEL BANGU,2.0,26.23,73.12,6.87,,0.21,,,46.86,,7.0,-22.87140046,-43.45942235
2017-03-18 13:30:00,UNIDADE MOVEL BANGU,1.0,23.82,88.13,3.13,,0.3,,,32.66,,7.0,-22.87140046,-43.45942235
2017-03-18 14:30:00,UNIDADE MOVEL BANGU,0.0,24.03,87.73,1.5,,0.28,,,29.66,,5.0,-22.87140046,-43.45942235
2017-03-18 15:30:00,UNIDADE MOVEL BANGU,0.0,24.77,80.92,1.09,,0.26,,,31.54,,6.0,-22.87140046,-43.45942235
2017-03-18 16:30:00,UNIDADE MOVEL BANGU,0.0,24.23,79.35,0.15,,0.11,,,29.67,,3.0,-22.87140046,-43.45942235
2017-03-18 17:30:00,UNIDADE MOVEL BANGU,0.0,23.35,81.77,0.22,,0.11,,,28.43,,1.0,-22.87140046,-43.45942235
2017-03-18 18:30:00,UNIDADE MOVEL BANGU,0.0,22.73,83.13,0.48,,0.13,,,29.93,,3.0,-22.87140046,-43.45942235
2017-03-18 19:30:00,UNIDADE MOVEL BANGU,0.0,23.48,78.72,0.56,,0.15,,,25.5,,4.0,-22.87140046,-43.45942235
2017-03-18 20:30:00,UNIDADE MOVEL BANGU,0.0,23.6,76.6,0.5,,0.08,,,27.38,,5.0,-22.87140046,-43.45942235
2017-03-18 21:30:00,UNIDADE MOVEL BANGU,0.0,23.8,73.75,0.13,,0.09,,,27.28,,6.0,-22.87140046,-43.45942235
2017-03-18 22:30:00,UNIDADE MOVEL BANGU,0.0,24.15,69.83,0.44,,0.12,,,24.55,,8.0,-22.87140046,-43.45942235
2017-03-18 23:30:00,UNIDADE MOVEL BANGU,1.0,23.77,74.15,0.4,,0.1,,,28.25,,11.0,-22.87140046,-43.45942235
2017-03-19 00:30:00,UNIDADE MOVEL BANGU,2.0,21.8,89.12,0.49,,0.13,,,18.23,,7.0,-22.87140046,-43.45942235
2017-03-19 01:30:00,UNIDADE MOVEL BANGU,1.0,21.77,91.8,0.69,,0.2,,,13.94,,3.0,-22.87140046,-43.45942235
2017-03-19 02:30:00,UNIDADE MOVEL BANGU,3.0,21.72,91.73,1.02,,0.14,,,17.15,,3.0,-22.87140046,-43.45942235
2017-03-19 03:30:00,UNIDADE MOVEL BANGU,3.0,21.42,92.48,1.53,,0.11,,,22.51,,6.0,-22.87140046,-43.45942235
2017-03-19 04:30:00,UNIDADE MOVEL BANGU,1.0,20.5,92.2,1.99,,0.1,,,29.26,,0.0,-22.87140046,-43.45942235
2017-03-19 05:30:00,UNIDADE MOVEL BANGU,0.0,20.63,91.95,1.51,,0.1,,,28.23,,4.0,-22.87140046,-43.45942235
2017-03-19 06:30:00,UNIDADE MOVEL BANGU,1.0,20.63,92.13,1.75,,0.08,,,22.89,,4.0,-22.87140046,-43.45942235
2017-03-19 07:30:00,UNIDADE MOVEL BANGU,1.0,20.7,92.6,2.15,,0.38,,,15.84,,4.0,-22.87140046,-43.45942235
2017-03-19 08:30:00,UNIDADE MOVEL BANGU,0.0,20.9,92.47,1.25,,0.31,,,17.84,,2.0,-22.87140046,-43.45942235
2017-03-19 09:30:00,UNIDADE MOVEL BANGU,0.0,21.47,90.37,1.39,,0.21,,,20.77,,0.0,-22.87140046,-43.45942235
2017-03-19 10:30:00,UNIDADE MOVEL BANGU,0.0,20.65,87.58,1.3,,0.19,,,26.42,,11.0,-22.87140046,-43.45942235
2017-03-19 11:30:00,UNIDADE MOVEL BANGU,0.0,21.4,78.78,0.85,,0.27,,,27.05,,6.0,-22.87140046,-43.45942235
2017-03-19 12:30:00,UNIDADE MOVEL BANGU,0.0,22.3,71.72,1.14,,0.51,,,28.33,,1.0,-22.87140046,-43.45942235
2017-03-19 13:30:00,UNIDADE MOVEL BANGU,0.0,22.97,68.88,0.77,,0.23,,,33.8,,5.0,-22.87140046,-43.45942235
2017-03-19 14:30:00,UNIDADE MOVEL BANGU,0.0,23.12,67.28,1.98,,0.23,,,36.07,,5.0,-22.87140046,-43.45942235
2017-03-19 15:30:00,UNIDADE MOVEL BANGU,0.0,23.32,67.53,1.74,,0.36,,,34.29,,17.0,-22.87140046,-43.45942235
2017-03-19 16:30:00,UNIDADE MOVEL BANGU,0.0,23.0,71.17,1.67,,0.25,,,30.43,,7.0,-22.87140046,-43.45942235
2017-03-19 17:30:00,UNIDADE MOVEL BANGU,0.0,22.33,75.88,1.83,,0.37,,,24.76,,8.0,-22.87140046,-43.45942235
2017-03-19 18:30:00,UNIDADE MOVEL BANGU,0.0,21.93,77.6,1.84,,0.38,,,21.98,,8.0,-22.87140046,-43.45942235
2017-03-19 19:30:00,UNIDADE MOVEL BANGU,0.0,21.9,78.27,1.66,,0.4,,,17.22,,8.0,-22.87140046,-43.45942235
2017-03-19 20:30:00,UNIDADE MOVEL BANGU,0.0,21.73,81.32,2.38,,0.46,,,13.66,,7.0,-22.87140046,-43.45942235
2017-03-19 21:30:00,UNIDADE MOVEL BANGU,0.0,20.95,87.63,2.1,,0.44,,,9.92,,9.0,-22.87140046,-43.45942235
2017-03-19 22:30:00,UNIDADE MOVEL BANGU,1.0,20.82,88.75,2.52,,0.42,,,9.92,,8.0,-22.87140046,-43.45942235
2017-03-19 23:30:00,UNIDADE MOVEL BANGU,7.0,20.58,91.77,1.59,,0.29,,,9.99,,6.0,-22.87140046,-43.45942235
2017-03-20 00:30:00,UNIDADE MOVEL BANGU,10.0,20.4,93.42,0.35,,0.1,,,18.83,,1.0,-22.87140046,-43.45942235
2017-03-20 01:30:00,UNIDADE MOVEL BANGU,4.0,19.65,93.93,0.55,,0.05,,,31.61,,1.5,-22.87140046,-43.45942235
2017-03-20 02:30:00,UNIDADE MOVEL BANGU,0.0,19.78,92.35,0.75,,0.04,,,39.56,,2.0,-22.87140046,-43.45942235
2017-03-20 03:30:00,UNIDADE MOVEL BANGU,6.0,19.48,91.42,1.04,,0.04,,,41.18,,5.0,-22.87140046,-43.45942235
2017-03-20 04:30:00,UNIDADE MOVEL BANGU,2.0,19.45,92.33,0.37,,0.04,,,36.58,,4.0,-22.87140046,-43.45942235
2017-03-20 05:30:00,UNIDADE MOVEL BANGU,0.0,19.47,93.05,0.01,,0.1,,,25.86,,1.0,-22.87140046,-43.45942235
2017-03-20 06:30:00,UNIDADE MOVEL BANGU,0.0,19.55,93.42,0.55,,0.51,,,18.29,,2.0,-22.87140046,-43.45942235
2017-03-20 07:30:00,UNIDADE MOVEL BANGU,0.0,19.97,93.17,1.24,,0.84,,,17.32,,6.0,-22.87140046,-43.45942235
2017-03-20 08:30:00,UNIDADE MOVEL BANGU,0.0,21.22,86.85,0.89,,0.2,,,21.06,,2.0,-22.87140046,-43.45942235
2017-03-20 09:30:00,UNIDADE MOVEL BANGU,0.0,23.5,72.75,1.12,,0.24,,,23.94,,7.0,-22.87140046,-43.45942235
2017-03-20 10:30:00,UNIDADE MOVEL BANGU,0.0,24.4,68.37,0.48,,0.17,,,32.81,,5.0,-22.87140046,-43.45942235
2017-03-20 11:30:00,UNIDADE MOVEL BANGU,0.0,24.58,68.22,1.68,,0.12,,,32.88,,3.0,-22.87140046,-43.45942235
2017-03-20 12:30:00,UNIDADE MOVEL BANGU,0.0,26.43,59.63,2.76,,0.09,,,41.45,,3.0,-22.87140046,-43.45942235
2017-03-20 13:30:00,UNIDADE MOVEL BANGU,0.0,27.2,51.47,6.67,,0.02,,,45.95,,6.0,-22.87140046,-43.45942235
2017-03-20 14:30:00,UNIDADE MOVEL BANGU,0.0,28.35,44.42,6.2,,0.01,,,43.74,,4.0,-22.87140046,-43.45942235
2017-03-20 15:30:00,UNIDADE MOVEL BANGU,0.0,28.12,41.15,7.78,,0.01,,,42.04,,0.0,-22.87140046,-43.45942235
2017-03-20 16:30:00,UNIDADE MOVEL BANGU,0.0,27.23,42.53,6.83,,0.01,,,37.98,,2.0,-22.87140046,-43.45942235
2017-03-20 17:30:00,UNIDADE MOVEL BANGU,0.0,26.5,44.88,2.76,,0.05,,,34.83,,0.0,-22.87140046,-43.45942235
2017-03-20 18:30:00,UNIDADE MOVEL BANGU,0.0,24.07,55.0,1.12,,0.12,,,25.94,,1.0,-22.87140046,-43.45942235
2017-03-20 19:30:00,UNIDADE MOVEL BANGU,0.0,23.07,62.85,1.01,,0.31,,,19.4,,6.0,-22.87140046,-43.45942235
2017-03-20 20:30:00,UNIDADE MOVEL BANGU,0.0,22.43,69.18,0.92,,0.1,,,14.95,,18.0,-22.87140046,-43.45942235
2017-03-20 21:30:00,UNIDADE MOVEL BANGU,0.0,22.28,73.17,0.65,,0.12,,,17.05,,5.0,-22.87140046,-43.45942235
2017-03-20 22:30:00,UNIDADE MOVEL BANGU,0.0,22.1,75.87,1.04,,0.1,,,18.8,,13.0,-22.87140046,-43.45942235
2017-03-20 23:30:00,UNIDADE MOVEL BANGU,0.0,21.82,77.92,0.95,,0.1,,,13.38,,9.0,-22.87140046,-43.45942235
2017-03-21 00:30:00,UNIDADE MOVEL BANGU,0.0,21.47,79.62,0.81,,0.26,,,7.98,,5.0,-22.87140046,-43.45942235
2017-03-21 01:30:00,UNIDADE MOVEL BANGU,0.0,21.2,81.35,1.81,,0.22,,,8.14,,13.0,-22.87140046,-43.45942235
2017-03-21 02:30:00,UNIDADE MOVEL BANGU,0.0,21.0,81.68,1.5,,0.17,,,7.51,,24.0,-22.87140046,-43.45942235
2017-03-21 03:30:00,UNIDADE MOVEL BANGU,0.0,20.9,82.42,1.38,,0.28,,,6.74,,16.0,-22.87140046,-43.45942235
2017-03-21 04:30:00,UNIDADE MOVEL BANGU,0.0,20.5,82.87,2.05,,0.26,,,6.81,,12.0,-22.87140046,-43.45942235
2017-03-21 05:30:00,UNIDADE MOVEL BANGU,0.0,19.68,85.3,2.95,,0.27,,,7.03,,6.0,-22.87140046,-43.45942235
2017-03-21 06:30:00,UNIDADE MOVEL BANGU,0.0,20.12,85.32,3.08,,0.5,,,7.14,,8.0,-22.87140046,-43.45942235
2017-03-21 07:30:00,UNIDADE MOVEL BANGU,0.0,21.65,79.33,3.51,,0.45,,,7.98,,13.0,-22.87140046,-43.45942235
2017-03-21 08:30:00,UNIDADE MOVEL BANGU,0.0,23.58,68.42,2.62,,0.33,,,17.56,,13.0,-22.87140046,-43.45942235
2017-03-21 09:30:00,UNIDADE MOVEL BANGU,0.0,24.5,64.28,0.9,,0.19,,,22.05,,8.0,-22.87140046,-43.45942235
2017-03-21 10:30:00,UNIDADE MOVEL BANGU,0.0,25.53,59.32,1.09,,0.22,,,29.23,,2.0,-22.87140046,-43.45942235
2017-03-21 11:30:00,UNIDADE MOVEL BANGU,0.0,26.4,56.23,2.37,,0.06,,,34.06,,2.0,-22.87140046,-43.45942235
2017-03-21 12:30:00,UNIDADE MOVEL BANGU,0.0,25.93,56.0,3.07,,0.1,,,33.52,,5.0,-22.87140046,-43.45942235
2017-03-21 13:30:00,UNIDADE MOVEL BANGU,0.0,26.77,53.82,3.17,,0.14,,,34.22,,9.0,-22.87140046,-43.45942235
2017-03-21 14:30:00,UNIDADE MOVEL BANGU,0.0,24.8,63.8,2.27,,0.12,,,29.48,,6.0,-22.87140046,-43.45942235
2017-03-21 15:30:00,UNIDADE MOVEL BANGU,0.0,25.55,61.9,1.45,,0.2,,,28.57,,3.0,-22.87140046,-43.45942235
2017-03-21 16:30:00,UNIDADE MOVEL BANGU,0.0,26.1,58.78,0.74,,0.1,,,30.01,,1.0,-22.87140046,-43.45942235
2017-03-21 17:30:00,UNIDADE MOVEL BANGU,0.0,25.63,60.43,1.07,,0.18,,,28.19,,10.0,-22.87140046,-43.45942235
2017-03-21 18:30:00,UNIDADE MOVEL BANGU,0.0,23.95,67.52,2.09,,0.61,,,17.63,,13.0,-22.87140046,-43.45942235
2017-03-21 19:30:00,UNIDADE MOVEL BANGU,0.0,23.12,71.42,2.37,,0.63,,,11.44,,8.0,-22.87140046,-43.45942235
2017-03-21 20:30:00,UNIDADE MOVEL BANGU,0.0,22.83,73.7,2.5,,0.65,,,9.11,,3.0,-22.87140046,-43.45942235
2017-03-21 21:30:00,UNIDADE MOVEL BANGU,0.0,22.33,76.07,2.87,,0.66,,,9.92,,13.0,-22.87140046,-43.45942235
2017-03-21 22:30:00,UNIDADE MOVEL BANGU,0.0,22.0,78.92,2.79,,0.83,,,9.56,,19.0,-22.87140046,-43.45942235
2017-03-21 23:30:00,UNIDADE MOVEL BANGU,0.0,21.62,80.43,2.21,,0.48,,,9.53,,11.0,-22.87140046,-43.45942235
2017-03-22 00:30:00,UNIDADE MOVEL BANGU,0.0,21.3,81.8,0.97,,0.26,,,8.67,,17.0,-22.87140046,-43.45942235
2017-03-22 01:30:00,UNIDADE MOVEL BANGU,0.0,20.85,83.42,1.11,,0.26,,,7.05,,10.0,-22.87140046,-43.45942235
2017-03-22 02:30:00,UNIDADE MOVEL BANGU,1.0,20.97,83.93,0.77,,0.15,,,7.26,,8.0,-22.87140046,-43.45942235
2017-03-22 03:30:00,UNIDADE MOVEL BANGU,1.0,20.18,91.3,0.31,,0.1,,,10.24,,5.0,-22.87140046,-43.45942235
2017-03-22 04:30:00,UNIDADE MOVEL BANGU,0.0,20.18,92.63,0.45,,0.13,,,6.08,,6.0,-22.87140046,-43.45942235
2017-03-22 05:30:00,UNIDADE MOVEL BANGU,0.0,20.2,93.1,0.41,,0.13,,,10.32,,8.0,-22.87140046,-43.45942235
2017-03-22 06:30:00,UNIDADE MOVEL BANGU,0.0,20.37,92.23,0.83,,0.17,,,8.83,,4.0,-22.87140046,-43.45942235
2017-03-22 07:30:00,UNIDADE MOVEL BANGU,0.0,21.18,87.95,0.82,,0.28,,,11.28,,10.0,-22.87140046,-43.45942235
2017-03-22 08:30:00,UNIDADE MOVEL BANGU,0.0,22.77,78.28,0.83,,0.27,,,14.36,,8.0,-22.87140046,-43.45942235
2017-03-22 09:30:00,UNIDADE MOVEL BANGU,2.0,26.15,61.68,1.06,,0.14,,,23.49,,4.0,-22.87140046,-43.45942235
2017-03-22 10:30:00,UNIDADE MOVEL BANGU,0.0,27.75,55.83,,,0.08499999999999999,,,26.786666666666665,,8.0,-22.87140046,-43.45942235
2017-03-22 11:30:00,UNIDADE MOVEL BANGU,0.0,28.75,52.4,,,0.03,,,30.083333333333336,,5.0,-22.87140046,-43.45942235
2017-03-22 12:30:00,UNIDADE MOVEL BANGU,0.0,28.88,49.17,,,0.02333333333333333,,,33.38,,10.0,-22.87140046,-43.45942235
2017-03-22 13:30:00,UNIDADE MOVEL BANGU,0.0,29.42,47.58,,,0.016666666666666666,,,41.88,,9.0,-22.87140046,-43.45942235
2017-03-22 14:30:00,UNIDADE MOVEL BANGU,0.0,29.32,44.67,,,0.01,,,41.49,,8.0,-22.87140046,-43.45942235
2017-03-22 15:30:00,UNIDADE MOVEL BANGU,0.0,29.38,37.88,,,0.02,,,38.52,,6.0,-22.87140046,-43.45942235
2017-03-22 16:30:00,UNIDADE MOVEL BANGU,0.0,27.42,45.3,,,0.07,,,33.07,,3.0,-22.87140046,-43.45942235
2017-03-22 17:30:00,UNIDADE MOVEL BANGU,0.0,26.33,50.27,,,0.1,,,29.89,,6.0,-22.87140046,-43.45942235
2017-03-22 18:30:00,UNIDADE MOVEL BANGU,0.0,24.88,56.27,,,0.07,,,29.84,,9.0,-22.87140046,-43.45942235
2017-03-22 19:30:00,UNIDADE MOVEL BANGU,0.0,24.02,64.95,0.52,,0.08,,,21.02,,6.0,-22.87140046,-43.45942235
2017-03-22 20:30:00,UNIDADE MOVEL BANGU,0.0,23.82,68.58,0.75,,0.04,,,19.55,,15.0,-22.87140046,-43.45942235
2017-03-22 21:30:00,UNIDADE MOVEL BANGU,0.0,23.52,70.53,0.22,,0.04,,,15.96,,7.0,-22.87140046,-43.45942235
2017-03-22 22:30:00,UNIDADE MOVEL BANGU,0.0,22.98,73.13,0.78,,0.1,,,9.58,,7.0,-22.87140046,-43.45942235
2017-03-22 23:30:00,UNIDADE MOVEL BANGU,0.0,22.53,76.47,1.29,,0.14,,,8.28,,9.0,-22.87140046,-43.45942235
2017-03-23 00:30:00,UNIDADE MOVEL BANGU,0.0,22.22,78.4,1.7,,0.13,,,7.44,,6.0,-22.87140046,-43.45942235
2017-03-23 01:30:00,UNIDADE MOVEL BANGU,0.0,21.87,79.83,1.61,,0.1,,,7.12,,4.0,-22.87140046,-43.45942235
2017-03-23 02:30:00,UNIDADE MOVEL BANGU,0.0,21.62,79.07,1.17,,0.05,,,10.35,,16.0,-22.87140046,-43.45942235
2017-03-23 03:30:00,UNIDADE MOVEL BANGU,0.0,21.32,80.95,0.48,,0.1,,,8.0,,4.0,-22.87140046,-43.45942235
2017-03-23 04:30:00,UNIDADE MOVEL BANGU,0.0,21.03,82.77,1.52,,0.13,,,7.98,,15.0,-22.87140046,-43.45942235
2017-03-23 05:30:00,UNIDADE MOVEL BANGU,0.0,20.57,84.2,2.1,,0.22,,,7.6,,11.0,-22.87140046,-43.45942235
2017-03-23 06:30:00,UNIDADE MOVEL BANGU,0.0,20.55,84.4,2.99,,0.345,,,7.38,,10.0,-22.87140046,-43.45942235
2017-03-23 07:30:00,UNIDADE MOVEL BANGU,0.0,23.15,73.52,3.23,,0.47,,,8.57,,21.0,-22.87140046,-43.45942235
2017-03-23 08:30:00,UNIDADE MOVEL BANGU,0.0,25.68,63.25,3.92,,0.5,,,13.7,,9.0,-22.87140046,-43.45942235
2017-03-23 09:30:00,UNIDADE MOVEL BANGU,0.0,26.87,56.02,4.57,,0.25,,,22.42,,15.0,-22.87140046,-43.45942235
2017-03-23 10:30:00,UNIDADE MOVEL BANGU,0.0,27.58,50.48,5.54,,0.18,,,26.23,,12.0,-22.87140046,-43.45942235
2017-03-23 11:30:00,UNIDADE MOVEL BANGU,0.0,28.95,44.82,6.48,,0.15,,,32.42,,12.0,-22.87140046,-43.45942235
2017-03-23 12:30:00,UNIDADE MOVEL BANGU,0.0,28.87,47.2,7.47,,0.15,,,36.12,,7.0,-22.87140046,-43.45942235
2017-03-23 13:30:00,UNIDADE MOVEL BANGU,0.0,29.23,46.13,6.47,,0.12,,,44.69,,21.0,-22.87140046,-43.45942235
2017-03-23 14:30:00,UNIDADE MOVEL BANGU,0.0,29.33,45.72,6.54,,0.09,,,43.14,,13.0,-22.87140046,-43.45942235
2017-03-23 15:30:00,UNIDADE MOVEL BANGU,0.0,28.5,48.88,6.85,,0.07,,,37.98,,8.0,-22.87140046,-43.45942235
2017-03-23 16:30:00,UNIDADE MOVEL BANGU,0.0,26.92,53.93,6.16,,0.08,,,37.62,,11.0,-22.87140046,-43.45942235
2017-03-23 17:30:00,UNIDADE MOVEL BANGU,0.0,25.6,56.82,4.88,,0.1,,,32.5,,11.0,-22.87140046,-43.45942235
2017-03-23 18:30:00,UNIDADE MOVEL BANGU,0.0,24.5,57.83,3.65,,0.25,,,31.46,,6.0,-22.87140046,-43.45942235
2017-03-23 19:30:00,UNIDADE MOVEL BANGU,0.0,24.22,59.27,3.46,,0.25,,,26.18,,1.0,-22.87140046,-43.45942235
2017-03-23 20:30:00,UNIDADE MOVEL BANGU,0.0,23.67,61.07,3.66,,0.14,,,22.25,,8.0,-22.87140046,-43.45942235
2017-03-23 21:30:00,UNIDADE MOVEL BANGU,0.0,23.5,60.47,3.17,,0.13,,,21.97,,10.0,-22.87140046,-43.45942235
2017-03-23 22:30:00,UNIDADE MOVEL BANGU,0.0,22.9,66.9,2.58,,0.2,,,10.99,,6.0,-22.87140046,-43.45942235
2017-03-23 23:30:00,UNIDADE MOVEL BANGU,0.0,23.23,62.97,2.51,,0.2,,,10.43,,8.0,-22.87140046,-43.45942235
2017-03-24 00:30:00,UNIDADE MOVEL BANGU,0.0,22.57,64.82,1.16,,0.06,,,12.72,,8.0,-22.87140046,-43.45942235
2017-03-24 01:30:00,UNIDADE MOVEL BANGU,0.0,21.78,68.62,0.97,,0.05,,,12.11,,9.0,-22.87140046,-43.45942235
2017-03-24 02:30:00,UNIDADE MOVEL BANGU,0.0,21.53,70.42,0.75,,0.05,,,11.56,,10.0,-22.87140046,-43.45942235
2017-03-24 03:30:00,UNIDADE MOVEL BANGU,0.0,21.08,72.13,0.38,,0.04,,,9.04,,5.0,-22.87140046,-43.45942235
2017-03-24 04:30:00,UNIDADE MOVEL BANGU,0.0,21.08,70.93,0.66,,0.04,,,10.23,,6.0,-22.87140046,-43.45942235
2017-03-24 05:30:00,UNIDADE MOVEL BANGU,0.0,20.98,72.0,0.24,,0.09,,,7.4,,4.0,-22.87140046,-43.45942235
2017-03-24 06:30:00,UNIDADE MOVEL BANGU,0.0,20.82,73.82,0.4,,0.59,,,7.49,,4.0,-22.87140046,-43.45942235
2017-03-24 07:30:00,UNIDADE MOVEL BANGU,0.0,23.37,65.58,1.23,,0.59,,,11.14,,12.0,-22.87140046,-43.45942235
2017-03-24 08:30:00,UNIDADE MOVEL BANGU,0.0,25.62,58.87,1.87,,0.3,,,17.24,,15.0,-22.87140046,-43.45942235
2017-03-24 09:30:00,UNIDADE MOVEL BANGU,0.0,27.47,52.28,5.82,,0.17,,,23.84,,9.0,-22.87140046,-43.45942235
2017-03-24 10:30:00,UNIDADE MOVEL BANGU,0.0,28.52,46.97,5.12,,0.09,,,35.84,,13.0,-22.87140046,-43.45942235
2017-03-24 11:30:00,UNIDADE MOVEL BANGU,0.0,29.55,44.1,5.99,,0.09,,,50.32,,9.0,-22.87140046,-43.45942235
2017-03-24 12:30:00,UNIDADE MOVEL BANGU,0.0,30.6,41.4,7.29,,0.05,,,60.94,,16.0,-22.87140046,-43.45942235
2017-03-24 13:30:00,UNIDADE MOVEL BANGU,0.0,31.5,38.83,8.16,,0.05,,,67.42,,12.0,-22.87140046,-43.45942235
2017-03-24 14:30:00,UNIDADE MOVEL BANGU,0.0,32.42,36.95,8.58,,0.05,,,68.78,,16.0,-22.87140046,-43.45942235
2017-03-24 15:30:00,UNIDADE MOVEL BANGU,0.0,32.65,37.75,8.25,,0.04,,,79.47,,7.0,-22.87140046,-43.45942235
2017-03-24 16:30:00,UNIDADE MOVEL BANGU,0.0,31.43,41.25,6.39,,0.05,,,72.26,,10.0,-22.87140046,-43.45942235
2017-03-24 17:30:00,UNIDADE MOVEL BANGU,0.0,29.88,46.97,6.0,,0.08,,,55.88,,13.0,-22.87140046,-43.45942235
2017-03-24 18:30:00,UNIDADE MOVEL BANGU,0.0,27.85,53.27,4.81,,0.18,,,44.78,,16.0,-22.87140046,-43.45942235
2017-03-24 19:30:00,UNIDADE MOVEL BANGU,0.0,26.8,56.62,2.69,,0.26,,,24.15,,12.0,-22.87140046,-43.45942235
2017-03-24 20:30:00,UNIDADE MOVEL BANGU,0.0,25.93,57.38,3.28,,0.49,,,8.44,,17.0,-22.87140046,-43.45942235
2017-03-24 21:30:00,UNIDADE MOVEL BANGU,0.0,25.77,58.45,2.99,,0.41,,,7.99,,17.0,-22.87140046,-43.45942235
2017-03-24 22:30:00,UNIDADE MOVEL BANGU,0.0,24.8,65.28,3.08,,0.27,,,9.97,,15.0,-22.87140046,-43.45942235
2017-03-24 23:30:00,UNIDADE MOVEL BANGU,0.0,24.02,71.07,2.71,,0.23,,,12.98,,20.0,-22.87140046,-43.45942235
2017-03-25 00:30:00,UNIDADE MOVEL BANGU,0.0,23.53,74.42,1.31,,0.16,,,15.77,,25.0,-22.87140046,-43.45942235
2017-03-25 01:30:00,UNIDADE MOVEL BANGU,0.0,23.17,77.08,0.78,,0.1,,,19.61,,16.0,-22.87140046,-43.45942235
2017-03-25 02:30:00,UNIDADE MOVEL BANGU,0.0,23.02,77.35,0.78,,0.2,,,8.65,,19.0,-22.87140046,-43.45942235
2017-03-25 03:30:00,UNIDADE MOVEL BANGU,0.0,22.48,78.87,0.93,,0.24,,,7.68,,13.0,-22.87140046,-43.45942235
2017-03-25 04:30:00,UNIDADE MOVEL BANGU,0.0,22.25,78.42,0.89,,0.21,,,9.06,,15.0,-22.87140046,-43.45942235
2017-03-25 05:30:00,UNIDADE MOVEL BANGU,0.0,22.07,77.88,0.77,,0.25,,,7.31,,17.0,-22.87140046,-43.45942235
2017-03-25 06:30:00,UNIDADE MOVEL BANGU,0.0,21.93,78.45,0.57,,0.23,,,9.15,,14.0,-22.87140046,-43.45942235
2017-03-25 07:30:00,UNIDADE MOVEL BANGU,0.0,24.13,71.38,1.21,,0.41,,,11.37,,16.0,-22.87140046,-43.45942235
2017-03-25 08:30:00,UNIDADE MOVEL BANGU,0.0,26.37,59.83,2.02,,0.34,,,23.15,,24.0,-22.87140046,-43.45942235
2017-03-25 09:30:00,UNIDADE MOVEL BANGU,0.0,28.55,50.15,2.36,,0.16,,,29.54,,15.0,-22.87140046,-43.45942235
2017-03-25 10:30:00,UNIDADE MOVEL BANGU,0.0,29.98,46.45,2.21,,0.07,,,35.66,,2.0,-22.87140046,-43.45942235
2017-03-25 11:30:00,UNIDADE MOVEL BANGU,0.0,29.88,52.8,4.43,,0.06,,,47.73,,5.0,-22.87140046,-43.45942235
2017-03-25 12:30:00,UNIDADE MOVEL BANGU,0.0,29.9,53.97,5.24,,0.06,,,47.3,,12.0,-22.87140046,-43.45942235
2017-03-25 13:30:00,UNIDADE MOVEL BANGU,0.0,29.72,52.97,4.46,,0.06,,,46.09,,19.0,-22.87140046,-43.45942235
2017-03-25 14:30:00,UNIDADE MOVEL BANGU,0.0,28.42,55.87,3.36,,0.05,,,50.65,,4.0,-22.87140046,-43.45942235
2017-03-25 15:30:00,UNIDADE MOVEL BANGU,0.0,27.82,57.22,2.23,,0.07,,,48.86,,14.0,-22.87140046,-43.45942235
2017-03-25 16:30:00,UNIDADE MOVEL BANGU,0.0,26.75,61.95,2.2,,0.07,,,51.19,,11.0,-22.87140046,-43.45942235
2017-03-25 17:30:00,UNIDADE MOVEL BANGU,0.0,25.82,63.77,1.66,,0.09,,,47.38,,17.0,-22.87140046,-43.45942235
2017-03-25 18:30:00,UNIDADE MOVEL BANGU,0.0,25.18,65.37,1.02,,0.12,,,49.87,,13.0,-22.87140046,-43.45942235
2017-03-25 19:30:00,UNIDADE MOVEL BANGU,0.0,24.9,66.47,0.34,,0.13,,,46.35,,8.0,-22.87140046,-43.45942235
2017-03-25 20:30:00,UNIDADE MOVEL BANGU,0.0,24.63,68.25,0.01,,0.14,,,41.22,,17.0,-22.87140046,-43.45942235
2017-03-25 21:30:00,UNIDADE MOVEL BANGU,0.0,24.27,72.12,0.17,,0.17,,,43.18,,20.0,-22.87140046,-43.45942235
2017-03-25 22:30:00,UNIDADE MOVEL BANGU,0.0,23.85,73.22,0.0,,0.16,,,38.62,,27.0,-22.87140046,-43.45942235
2017-03-25 23:30:00,UNIDADE MOVEL BANGU,0.0,23.65,76.42,0.32,,0.23,,,30.88,,12.0,-22.87140046,-43.45942235
2017-03-26 00:30:00,UNIDADE MOVEL BANGU,0.0,23.27,78.5,0.64,,0.07,,,30.68,,20.0,-22.87140046,-43.45942235
2017-03-26 01:30:00,UNIDADE MOVEL BANGU,0.0,23.08,80.93,0.12,,0.07,,,27.62,,14.0,-22.87140046,-43.45942235
2017-03-26 02:30:00,UNIDADE MOVEL BANGU,0.0,22.73,82.27,0.0,,0.1,,,21.88,,13.0,-22.87140046,-43.45942235
2017-03-26 03:30:00,UNIDADE MOVEL BANGU,0.0,22.92,81.0,0.77,,0.08,,,25.65,,19.0,-22.87140046,-43.45942235
2017-03-26 04:30:00,UNIDADE MOVEL BANGU,0.0,23.0,80.8,1.84,,0.08,,,24.55,,12.0,-22.87140046,-43.45942235
2017-03-26 05:30:00,UNIDADE MOVEL BANGU,0.0,22.65,82.57,1.79,,0.1,,,22.36,,21.0,-22.87140046,-43.45942235
2017-03-26 06:30:00,UNIDADE MOVEL BANGU,0.0,22.65,81.75,0.38,,0.12,,,17.17,,16.0,-22.87140046,-43.45942235
2017-03-26 07:30:00,UNIDADE MOVEL BANGU,0.0,23.88,74.67,0.0,,0.08,,,27.79,,17.0,-22.87140046,-43.45942235
2017-03-26 08:30:00,UNIDADE MOVEL BANGU,0.0,25.8,66.55,0.01,,0.05,,,36.26,,17.0,-22.87140046,-43.45942235
2017-03-26 09:30:00,UNIDADE MOVEL BANGU,0.0,26.43,61.83,1.13,,0.05,,,36.37,,14.0,-22.87140046,-43.45942235
2017-03-26 10:30:00,UNIDADE MOVEL BANGU,0.0,28.1,52.57,1.61,,0.03,,,39.32,,14.0,-22.87140046,-43.45942235
2017-03-26 11:30:00,UNIDADE MOVEL BANGU,0.0,28.88,47.53,1.28,,0.02,,,37.06,,9.0,-22.87140046,-43.45942235
2017-03-26 12:30:00,UNIDADE MOVEL BANGU,0.0,29.27,46.23,2.73,,0.01,,,36.63,,8.0,-22.87140046,-43.45942235
2017-03-26 13:30:00,UNIDADE MOVEL BANGU,0.0,29.3,45.88,3.33,,0.01,,,35.04,,6.0,-22.87140046,-43.45942235
2017-03-26 14:30:00,UNIDADE MOVEL BANGU,0.0,29.27,44.93,4.56,,0.01,,,33.33,,1.0,-22.87140046,-43.45942235
2017-03-26 15:30:00,UNIDADE MOVEL BANGU,0.0,28.25,49.05,3.87,,0.02,,,32.64,,4.0,-22.87140046,-43.45942235
2017-03-26 16:30:00,UNIDADE MOVEL BANGU,0.0,27.03,57.18,3.98,,0.03,,,31.58,,6.0,-22.87140046,-43.45942235
2017-03-26 17:30:00,UNIDADE MOVEL BANGU,0.0,25.72,62.85,2.74,,0.02,,,30.98,,9.0,-22.87140046,-43.45942235
2017-03-26 18:30:00,UNIDADE MOVEL BANGU,0.0,24.68,68.0,1.87,,0.06,,,30.52,,6.0,-22.87140046,-43.45942235
2017-03-26 19:30:00,UNIDADE MOVEL BANGU,0.0,24.28,70.72,1.37,,0.05,,,27.82,,5.0,-22.87140046,-43.45942235
2017-03-26 20:30:00,UNIDADE MOVEL BANGU,0.0,24.07,72.08,0.87,,0.05,,,24.37,,6.0,-22.87140046,-43.45942235
2017-03-26 21:30:00,UNIDADE MOVEL BANGU,0.0,23.82,74.42,0.96,,0.07,,,21.7,,5.0,-22.87140046,-43.45942235
2017-03-26 22:30:00,UNIDADE MOVEL BANGU,0.0,23.62,75.68,0.32,,0.07,,,23.16,,2.0,-22.87140046,-43.45942235
2017-03-26 23:30:00,UNIDADE MOVEL BANGU,0.0,23.32,77.57,0.15,,0.06,,,23.49,,1.0,-22.87140046,-43.45942235
2017-03-27 00:30:00,UNIDADE MOVEL BANGU,0.0,23.28,78.05,0.0,,0.1,,,22.12,,2.0,-22.87140046,-43.45942235
2017-03-27 01:30:00,UNIDADE MOVEL BANGU,0.0,23.18,79.43,0.29,,0.1,,,18.32,,3.0,-22.87140046,-43.45942235
2017-03-27 02:30:00,UNIDADE MOVEL BANGU,0.0,23.12,79.67,0.0,,0.06,,,22.05,,4.0,-22.87140046,-43.45942235
2017-03-27 03:30:00,UNIDADE MOVEL BANGU,0.0,22.77,80.07,1.18,,0.06,,,20.11,,13.0,-22.87140046,-43.45942235
2017-03-27 04:30:00,UNIDADE MOVEL BANGU,0.0,22.47,80.78,0.06,,0.05,,,15.21,,7.0,-22.87140046,-43.45942235
2017-03-27 05:30:00,UNIDADE MOVEL BANGU,0.0,22.5,79.67,0.24,,0.06,,,11.45,,8.0,-22.87140046,-43.45942235
2017-03-27 06:30:00,UNIDADE MOVEL BANGU,0.0,22.53,78.72,0.71,,0.08,,,10.37,,8.0,-22.87140046,-43.45942235
2017-03-27 07:30:00,UNIDADE MOVEL BANGU,0.0,23.6,72.83,0.41,,0.16,,,14.2,,6.0,-22.87140046,-43.45942235
2017-03-27 08:30:00,UNIDADE MOVEL BANGU,0.0,25.68,63.45,0.52,,0.22,,,22.2,,13.0,-22.87140046,-43.45942235
2017-03-27 09:30:00,UNIDADE MOVEL BANGU,0.0,26.15,62.6,1.48,,0.12,,,22.91,,7.0,-22.87140046,-43.45942235
2017-03-27 10:30:00,UNIDADE MOVEL BANGU,0.0,27.28,58.55,2.12,,0.08,,,28.15,,5.0,-22.87140046,-43.45942235
2017-03-27 11:30:00,UNIDADE MOVEL BANGU,0.0,27.88,55.73,1.27,,0.08,,,32.66,,5.0,-22.87140046,-43.45942235
2017-03-27 12:30:00,UNIDADE MOVEL BANGU,0.0,28.15,55.98,0.74,,0.25,,,33.33,,5.0,-22.87140046,-43.45942235
2017-03-27 13:30:00,UNIDADE MOVEL BANGU,0.0,28.67,53.62,0.97,,0.11,,,34.29,,6.0,-22.87140046,-43.45942235
2017-03-27 14:30:00,UNIDADE MOVEL BANGU,7.0,29.55,48.87,0.49,,0.07,,,31.36,,5.0,-22.87140046,-43.45942235
2017-03-27 15:30:00,UNIDADE MOVEL BANGU,0.0,28.15,51.48,1.36,,0.08,,,28.34,,1.0,-22.87140046,-43.45942235
2017-03-27 16:30:00,UNIDADE MOVEL BANGU,0.0,27.1,55.43,2.26,,0.07,,,26.16,,5.0,-22.87140046,-43.45942235
2017-03-27 17:30:00,UNIDADE MOVEL BANGU,0.0,26.0,60.42,1.41,,0.08,,,23.51,,6.0,-22.87140046,-43.45942235
2017-03-27 18:30:00,UNIDADE MOVEL BANGU,0.0,25.1,62.67,1.16,,0.1,,,22.0,,8.0,-22.87140046,-43.45942235
2017-03-27 19:30:00,UNIDADE MOVEL BANGU,0.0,24.95,64.8,0.63,,0.17,,,17.59,,14.0,-22.87140046,-43.45942235
2017-03-27 20:30:00,UNIDADE MOVEL BANGU,0.0,24.82,67.73,0.85,,0.14,,,19.24,,10.0,-22.87140046,-43.45942235
2017-03-27 21:30:00,UNIDADE MOVEL BANGU,0.0,24.57,71.6,0.25,,0.2,,,15.25,,12.0,-22.87140046,-43.45942235
2017-03-27 22:30:00,UNIDADE MOVEL BANGU,0.0,24.4,74.5,0.19,,0.14,,,16.52,,27.0,-22.87140046,-43.45942235
2017-03-27 23:30:00,UNIDADE MOVEL BANGU,0.0,24.1,77.43,0.87,,0.11,,,16.61,,5.0,-22.87140046,-43.45942235
2017-03-28 00:30:00,UNIDADE MOVEL BANGU,0.0,23.8,78.35,0.0,,0.1,,,11.65,,9.0,-22.87140046,-43.45942235
2017-03-28 01:30:00,UNIDADE MOVEL BANGU,0.0,23.72,77.82,0.0,,0.07,,,14.34,,5.0,-22.87140046,-43.45942235
2017-03-28 02:30:00,UNIDADE MOVEL BANGU,0.0,23.63,78.98,0.0,,0.05,,,16.77,,5.0,-22.87140046,-43.45942235
2017-03-28 03:30:00,UNIDADE MOVEL BANGU,0.0,23.4,81.07,0.0,,0.05,,,18.32,,3.0,-22.87140046,-43.45942235
2017-03-28 04:30:00,UNIDADE MOVEL BANGU,0.0,23.17,80.92,0.0,,0.06,,,15.04,,6.0,-22.87140046,-43.45942235
2017-03-28 05:30:00,UNIDADE MOVEL BANGU,0.0,22.92,81.27,0.0,,0.07,,,13.87,,8.0,-22.87140046,-43.45942235
2017-03-28 06:30:00,UNIDADE MOVEL BANGU,0.0,22.98,81.77,0.0,,0.10500000000000001,,,11.39,,9.0,-22.87140046,-43.45942235
2017-03-28 07:30:00,UNIDADE MOVEL BANGU,0.0,23.07,82.88,0.0,,0.14,,,12.26,,8.0,-22.87140046,-43.45942235
2017-03-28 08:30:00,UNIDADE MOVEL BANGU,0.0,24.48,75.5,0.0,,0.12,,,17.11,,7.0,-22.87140046,-43.45942235
2017-03-28 09:30:00,UNIDADE MOVEL BANGU,0.0,23.75,80.73,0.0,,0.1,,,17.88,,12.0,-22.87140046,-43.45942235
2017-03-28 10:30:00,UNIDADE MOVEL BANGU,0.0,23.4,84.63,0.0,,0.16,,,23.02,,12.0,-22.87140046,-43.45942235
2017-03-28 11:30:00,UNIDADE MOVEL BANGU,0.0,25.1,73.68,0.01,,0.25,,,26.98,,11.0,-22.87140046,-43.45942235
2017-03-28 12:30:00,UNIDADE MOVEL BANGU,0.0,25.1,73.47,0.0,,0.32,,,31.77,,8.0,-22.87140046,-43.45942235
2017-03-28 13:30:00,UNIDADE MOVEL BANGU,0.0,25.77,71.33,0.0,,0.45,,,29.59,,8.0,-22.87140046,-43.45942235
2017-03-28 14:30:00,UNIDADE MOVEL BANGU,0.0,26.48,62.85,0.52,,0.15,,,29.16,,3.0,-22.87140046,-43.45942235
2017-03-28 15:30:00,UNIDADE MOVEL BANGU,0.0,25.02,66.67,0.05,,0.09,,,25.5,,9.0,-22.87140046,-43.45942235
2017-03-28 16:30:00,UNIDADE MOVEL BANGU,0.0,23.98,73.85,0.0,,0.14,,,19.97,,6.0,-22.87140046,-43.45942235
2017-03-28 17:30:00,UNIDADE MOVEL BANGU,0.0,24.02,71.98,0.0,,0.25,,,15.0,,5.0,-22.87140046,-43.45942235
2017-03-28 18:30:00,UNIDADE MOVEL BANGU,0.0,23.88,73.18,0.0,,0.45,,,9.43,,5.0,-22.87140046,-43.45942235
2017-03-28 19:30:00,UNIDADE MOVEL BANGU,0.0,22.7,79.22,0.0,,0.74,,,9.99,,6.0,-22.87140046,-43.45942235
2017-03-28 20:30:00,UNIDADE MOVEL BANGU,4.0,21.38,85.67,0.0,,0.45,,,12.21,,11.0,-22.87140046,-43.45942235
2017-03-28 21:30:00,UNIDADE MOVEL BANGU,0.0,20.82,87.88,0.0,,0.51,,,11.97,,11.0,-22.87140046,-43.45942235
2017-03-28 22:30:00,UNIDADE MOVEL BANGU,0.0,21.18,88.83,0.0,,0.61,,,7.51,,8.0,-22.87140046,-43.45942235
2017-03-28 23:30:00,UNIDADE MOVEL BANGU,0.0,21.33,88.3,0.165,,0.31,,,7.38,,6.0,-22.87140046,-43.45942235
2017-03-29 00:30:00,UNIDADE MOVEL BANGU,0.0,20.97,88.77,0.33,,0.24,,,6.65,,16.0,-22.87140046,-43.45942235
2017-03-29 01:30:00,UNIDADE MOVEL BANGU,0.0,20.6,89.12,0.47,,0.15,,,6.07,,16.0,-22.87140046,-43.45942235
2017-03-29 02:30:00,UNIDADE MOVEL BANGU,0.0,20.42,89.2,0.71,,0.09,,,7.65,,4.0,-22.87140046,-43.45942235
2017-03-29 03:30:00,UNIDADE MOVEL BANGU,0.0,20.47,89.15,0.67,,0.08,,,7.44,,6.0,-22.87140046,-43.45942235
2017-03-29 04:30:00,UNIDADE MOVEL BANGU,0.0,20.73,86.92,0.29,,0.08,,,7.72,,7.0,-22.87140046,-43.45942235
2017-03-29 05:30:00,UNIDADE MOVEL BANGU,0.0,20.63,84.13,0.24,,0.06,,,11.25,,11.0,-22.87140046,-43.45942235
2017-03-29 06:30:00,UNIDADE MOVEL BANGU,0.0,19.95,86.42,0.83,,0.33,,,8.53,,6.0,-22.87140046,-43.45942235
2017-03-29 07:30:00,UNIDADE MOVEL BANGU,0.0,22.22,78.12,0.34,,0.52,,,9.42,,2.0,-22.87140046,-43.45942235
2017-03-29 08:30:00,UNIDADE MOVEL BANGU,0.0,24.17,69.18,0.13,,0.24,,,14.7,,3.0,-22.87140046,-43.45942235
2017-03-29 09:30:00,UNIDADE MOVEL BANGU,0.0,25.17,63.12,0.99,,0.16,,,22.79,,3.0,-22.87140046,-43.45942235
2017-03-29 10:30:00,UNIDADE MOVEL BANGU,0.0,25.03,61.23,1.46,,0.09,,,28.32,,1.0,-22.87140046,-43.45942235
2017-03-29 11:30:00,UNIDADE MOVEL BANGU,0.0,25.13,61.77,1.25,,0.14,,,27.82,,5.0,-22.87140046,-43.45942235
2017-03-29 12:30:00,UNIDADE MOVEL BANGU,0.0,25.08,58.8,0.76,,0.09,,,29.35,,10.0,-22.87140046,-43.45942235
2017-03-29 13:30:00,UNIDADE MOVEL BANGU,0.0,25.92,54.87,1.44,,0.11,,,29.39,,6.0,-22.87140046,-43.45942235
2017-03-29 14:30:00,UNIDADE MOVEL BANGU,0.0,24.55,63.68,1.08,,0.26,,,26.36,,12.0,-22.87140046,-43.45942235
2017-03-29 15:30:00,UNIDADE MOVEL BANGU,0.0,26.18,53.58,0.49,,0.18,,,29.15,,6.0,-22.87140046,-43.45942235
2017-03-29 16:30:00,UNIDADE MOVEL BANGU,0.0,25.53,53.38,0.63,,0.11,,,30.49,,1.0,-22.87140046,-43.45942235
2017-03-29 17:30:00,UNIDADE MOVEL BANGU,0.0,24.93,54.87,0.02,,0.14,,,30.6,,7.0,-22.87140046,-43.45942235
2017-03-29 18:30:00,UNIDADE MOVEL BANGU,0.0,23.45,62.95,0.0,,0.26,,,25.98,,6.0,-22.87140046,-43.45942235
2017-03-29 19:30:00,UNIDADE MOVEL BANGU,0.0,22.82,71.1,0.0,,0.23,,,17.68,,7.0,-22.87140046,-43.45942235
2017-03-29 20:30:00,UNIDADE MOVEL BANGU,0.0,22.32,72.67,0.2,,0.36,,,12.03,,6.0,-22.87140046,-43.45942235
2017-03-29 21:30:00,UNIDADE MOVEL BANGU,0.0,22.08,74.38,0.72,,0.68,,,7.93,,10.0,-22.87140046,-43.45942235
2017-03-29 22:30:00,UNIDADE MOVEL BANGU,0.0,21.67,75.87,0.25,,0.55,,,7.71,,16.0,-22.87140046,-43.45942235
2017-03-29 23:30:00,UNIDADE MOVEL BANGU,0.0,21.8,75.62,0.125,,0.38,,,7.22,,14.0,-22.87140046,-43.45942235
2017-03-30 00:30:00,UNIDADE MOVEL BANGU,0.0,21.23,77.57,0.0,,0.15,,,6.85,,12.0,-22.87140046,-43.45942235
2017-03-30 01:30:00,UNIDADE MOVEL BANGU,0.0,20.57,80.92,0.0,,0.12,,,7.17,,14.0,-22.87140046,-43.45942235
2017-03-30 02:30:00,UNIDADE MOVEL BANGU,0.0,20.77,82.12,0.0,,0.1,,,9.53,,10.0,-22.87140046,-43.45942235
2017-03-30 03:30:00,UNIDADE MOVEL BANGU,0.0,19.88,85.17,0.0,,0.04,,,21.7,,6.0,-22.87140046,-43.45942235
2017-03-30 04:30:00,UNIDADE MOVEL BANGU,0.0,19.32,86.37,0.0,,0.02,,,26.04,,7.0,-22.87140046,-43.45942235
2017-03-30 05:30:00,UNIDADE MOVEL BANGU,0.0,19.25,86.4,0.0,,0.02,,,18.97,,4.0,-22.87140046,-43.45942235
2017-03-30 06:30:00,UNIDADE MOVEL BANGU,0.0,19.63,86.3,0.0,,0.1,,,12.39,,3.0,-22.87140046,-43.45942235
2017-03-30 07:30:00,UNIDADE MOVEL BANGU,0.0,21.83,74.07,0.0,,0.12,,,18.18,,4.0,-22.87140046,-43.45942235
2017-03-30 08:30:00,UNIDADE MOVEL BANGU,0.0,23.93,65.02,0.0,,0.09,,,21.09,,3.0,-22.87140046,-43.45942235
2017-03-30 09:30:00,UNIDADE MOVEL BANGU,0.0,25.57,57.07,0.0,,0.02,,,28.85,,11.0,-22.87140046,-43.45942235
2017-03-30 10:30:00,UNIDADE MOVEL BANGU,0.0,26.73,51.72,0.44,,0.02,,,29.92,,7.0,-22.87140046,-43.45942235
2017-03-30 11:30:00,UNIDADE MOVEL BANGU,0.0,27.9,47.95,0.93,,0.03,,,34.05,,6.0,-22.87140046,-43.45942235
2017-03-30 12:30:00,UNIDADE MOVEL BANGU,0.0,26.82,51.43,1.39,,0.02,,,37.94,,9.0,-22.87140046,-43.45942235
2017-03-30 13:30:00,UNIDADE MOVEL BANGU,0.0,27.57,48.43,0.0,,0.02,,,37.13,,5.0,-22.87140046,-43.45942235
2017-03-30 14:30:00,UNIDADE MOVEL BANGU,0.0,28.0,44.73,0.19,,0.02,,,33.51,,6.0,-22.87140046,-43.45942235
2017-03-30 15:30:00,UNIDADE MOVEL BANGU,0.0,27.78,46.43,0.81,,0.02,,,31.57,,6.0,-22.87140046,-43.45942235
2017-03-30 16:30:00,UNIDADE MOVEL BANGU,0.0,26.62,53.52,0.96,,0.02,,,32.08,,11.0,-22.87140046,-43.45942235
2017-03-30 17:30:00,UNIDADE MOVEL BANGU,0.0,25.07,60.1,0.59,,0.03,,,30.46,,7.0,-22.87140046,-43.45942235
2017-03-30 18:30:00,UNIDADE MOVEL BANGU,0.0,23.6,65.07,0.81,,0.11,,,26.83,,4.0,-22.87140046,-43.45942235
2017-03-30 19:30:00,UNIDADE MOVEL BANGU,0.0,23.33,64.43,0.47,,0.12,,,25.51,,6.0,-22.87140046,-43.45942235
2017-03-30 20:30:00,UNIDADE MOVEL BANGU,0.0,23.22,66.23,0.04,,0.15,,,17.6,,7.0,-22.87140046,-43.45942235
2017-03-30 21:30:00,UNIDADE MOVEL BANGU,0.0,22.28,74.93,0.0,,0.07,,,22.37,,11.0,-22.87140046,-43.45942235
2017-03-30 22:30:00,UNIDADE MOVEL BANGU,1.0,20.88,84.77,0.0,,0.07,,,22.44,,10.0,-22.87140046,-43.45942235
2017-03-30 23:30:00,UNIDADE MOVEL BANGU,0.0,20.45,87.97,0.10499999999999998,,0.07,,,18.95,,1.0,-22.87140046,-43.45942235
2017-03-31 00:30:00,UNIDADE MOVEL BANGU,0.0,20.5,87.33,0.21,,0.08,,,15.04,,2.0,-22.87140046,-43.45942235
2017-03-31 01:30:00,UNIDADE MOVEL BANGU,0.0,20.57,85.38,0.44,,0.05,,,18.01,,8.0,-22.87140046,-43.45942235
2017-03-31 02:30:00,UNIDADE MOVEL BANGU,0.0,20.6,85.35,0.78,,0.04,,,16.86,,5.0,-22.87140046,-43.45942235
2017-03-31 03:30:00,UNIDADE MOVEL BANGU,0.0,20.77,85.02,1.46,,0.06,,,15.37,,5.0,-22.87140046,-43.45942235
2017-03-31 04:30:00,UNIDADE MOVEL BANGU,1.0,20.2,88.78,1.22,,0.06,,,14.22,,8.0,-22.87140046,-43.45942235
2017-03-31 05:30:00,UNIDADE MOVEL BANGU,0.0,19.05,87.35,0.82,,0.04,,,21.82,,3.0,-22.87140046,-43.45942235
2017-03-31 06:30:00,UNIDADE MOVEL BANGU,0.0,19.33,87.13,0.61,,0.12,,,13.64,,6.0,-22.87140046,-43.45942235
2017-03-31 07:30:00,UNIDADE MOVEL BANGU,0.0,20.27,84.77,0.61,,0.18,,,12.02,,6.0,-22.87140046,-43.45942235
2017-03-31 08:30:00,UNIDADE MOVEL BANGU,0.0,21.48,77.47,1.05,,0.15,,,15.78,,6.0,-22.87140046,-43.45942235
2017-03-31 09:30:00,UNIDADE MOVEL BANGU,0.0,22.67,67.95,0.94,,0.08,,,22.19,,10.0,-22.87140046,-43.45942235
2017-03-31 10:30:00,UNIDADE MOVEL BANGU,0.0,25.22,58.53,1.44,,0.09,,,29.27,,8.0,-22.87140046,-43.45942235
2017-03-31 11:30:00,UNIDADE MOVEL BANGU,0.0,25.48,56.03,2.19,,0.07,,,31.75,,7.0,-22.87140046,-43.45942235
2017-03-31 12:30:00,UNIDADE MOVEL BANGU,0.0,25.48,57.22,3.14,,0.05,,,31.89,,7.0,-22.87140046,-43.45942235
2017-03-31 13:30:00,UNIDADE MOVEL BANGU,0.0,25.97,51.15,3.12,,0.18,,,31.38,,6.0,-22.87140046,-43.45942235
2017-03-31 14:30:00,UNIDADE MOVEL BANGU,0.0,26.13,47.32,2.08,,0.05,,,29.38,,4.0,-22.87140046,-43.45942235
2017-03-31 15:30:00,UNIDADE MOVEL BANGU,0.0,25.75,49.72,2.83,,0.07,,,29.17,,3.0,-22.87140046,-43.45942235
2017-03-31 16:30:00,UNIDADE MOVEL BANGU,0.0,24.92,55.3,3.1,,0.06,,,30.65,,3.0,-22.87140046,-43.45942235
2017-03-31 17:30:00,UNIDADE MOVEL BANGU,0.0,23.93,61.03,2.92,,0.04,,,27.89,,5.0,-22.87140046,-43.45942235
2017-03-31 18:30:00,UNIDADE MOVEL BANGU,0.0,23.58,59.53,1.5,,0.09,,,25.05,,5.0,-22.87140046,-43.45942235
2017-03-31 19:30:00,UNIDADE MOVEL BANGU,0.0,23.22,61.15,1.95,,0.11,,,24.07,,5.0,-22.87140046,-43.45942235
2017-03-31 20:30:00,UNIDADE MOVEL BANGU,0.0,22.93,61.87,1.19,,0.14,,,23.09,,8.0,-22.87140046,-43.45942235
2017-03-31 21:30:00,UNIDADE MOVEL BANGU,0.0,22.77,62.15,0.62,,0.25,,,23.9,,11.0,-22.87140046,-43.45942235
2017-03-31 22:30:00,UNIDADE MOVEL BANGU,0.0,22.58,64.5,0.6,,0.2,,,24.57,,6.0,-22.87140046,-43.45942235
2017-03-31 23:30:00,UNIDADE MOVEL BANGU,0.0,22.58,65.65,0.45999999999999996,,0.17,,,29.46,,5.0,-22.87140046,-43.45942235
2017-04-01 00:30:00,UNIDADE MOVEL BANGU,0.0,22.57,65.37,0.32,,0.05,,,30.66,,5.0,-22.87140046,-43.45942235
2017-04-01 01:30:00,UNIDADE MOVEL BANGU,0.0,22.05,69.22,0.69,,0.04,,,28.91,,5.0,-22.87140046,-43.45942235
2017-04-01 02:30:00,UNIDADE MOVEL BANGU,3.0,20.43,82.3,0.43,,0.03,,,20.88,,4.0,-22.87140046,-43.45942235
2017-04-01 03:30:00,UNIDADE MOVEL BANGU,0.0,19.97,85.62,0.97,,0.09,,,19.44,,6.0,-22.87140046,-43.45942235
2017-04-01 04:30:00,UNIDADE MOVEL BANGU,0.0,20.02,83.37,1.03,,0.05,,,22.43,,2.0,-22.87140046,-43.45942235
2017-04-01 05:30:00,UNIDADE MOVEL BANGU,1.0,19.78,85.93,0.91,,0.02,,,20.11,,0.0,-22.87140046,-43.45942235
2017-04-01 06:30:00,UNIDADE MOVEL BANGU,0.0,19.4,87.48,0.72,,0.12,,,20.54,,0.0,-22.87140046,-43.45942235
2017-04-01 07:30:00,UNIDADE MOVEL BANGU,0.0,20.67,82.45,0.05,,0.15,,,20.88,,15.0,-22.87140046,-43.45942235
2017-04-01 08:30:00,UNIDADE MOVEL BANGU,0.0,22.48,74.27,0.66,,0.08,,,25.34,,8.0,-22.87140046,-43.45942235
2017-04-01 09:30:00,UNIDADE MOVEL BANGU,0.0,23.75,69.33,0.45,,0.06,,,27.52,,6.0,-22.87140046,-43.45942235
2017-04-01 10:30:00,UNIDADE MOVEL BANGU,0.0,24.85,64.53,1.92,,0.05,,,29.32,,6.0,-22.87140046,-43.45942235
2017-04-01 11:30:00,UNIDADE MOVEL BANGU,0.0,25.28,64.72,2.32,,0.03,,,36.9,,18.0,-22.87140046,-43.45942235
2017-04-01 12:30:00,UNIDADE MOVEL BANGU,0.0,26.98,53.58,3.06,,0.04,,,35.99,,5.0,-22.87140046,-43.45942235
2017-04-01 13:30:00,UNIDADE MOVEL BANGU,0.0,27.52,49.98,3.49,,0.09,,,33.31,,3.0,-22.87140046,-43.45942235
2017-04-01 14:30:00,UNIDADE MOVEL BANGU,0.0,27.22,50.75,3.48,,0.1,,,31.39,,4.0,-22.87140046,-43.45942235
2017-04-01 15:30:00,UNIDADE MOVEL BANGU,0.0,27.0,50.77,3.38,,0.12,,,32.37,,4.0,-22.87140046,-43.45942235
2017-04-01 16:30:00,UNIDADE MOVEL BANGU,0.0,26.02,55.35,3.07,,0.12,,,31.31,,10.0,-22.87140046,-43.45942235
2017-04-01 17:30:00,UNIDADE MOVEL BANGU,0.0,24.52,62.62,3.09,,0.12,,,29.07,,10.0,-22.87140046,-43.45942235
2017-04-01 18:30:00,UNIDADE MOVEL BANGU,0.0,23.43,68.02,1.89,,0.19,,,24.69,,9.0,-22.87140046,-43.45942235
2017-04-01 19:30:00,UNIDADE MOVEL BANGU,1.0,22.57,76.48,1.72,,0.24,,,22.01,,9.0,-22.87140046,-43.45942235
2017-04-01 20:30:00,UNIDADE MOVEL BANGU,5.0,20.57,88.1,1.31,,0.26,,,21.24,,14.0,-22.87140046,-43.45942235
2017-04-01 21:30:00,UNIDADE MOVEL BANGU,1.0,19.83,87.53,1.3,,0.19,,,23.7,,9.0,-22.87140046,-43.45942235
2017-04-01 22:30:00,UNIDADE MOVEL BANGU,0.0,19.85,88.68,1.25,,0.26,,,23.01,,9.0,-22.87140046,-43.45942235
2017-04-01 23:30:00,UNIDADE MOVEL BANGU,0.0,20.08,87.83,1.335,,0.12,,,24.34,,12.0,-22.87140046,-43.45942235
2017-04-02 00:30:00,UNIDADE MOVEL BANGU,1.0,19.6,90.53,1.42,,0.05,,,21.93,,7.0,-22.87140046,-43.45942235
2017-04-02 01:30:00,UNIDADE MOVEL BANGU,0.0,19.5,88.25,1.67,,0.03,,,28.24,,7.0,-22.87140046,-43.45942235
2017-04-02 02:30:00,UNIDADE MOVEL BANGU,0.0,19.45,87.52,1.47,,0.02,,,28.29,,5.0,-22.87140046,-43.45942235
2017-04-02 03:30:00,UNIDADE MOVEL BANGU,0.0,19.38,89.23,2.08,,0.03,,,26.68,,3.0,-22.87140046,-43.45942235
2017-04-02 04:30:00,UNIDADE MOVEL BANGU,0.0,19.27,89.0,3.02,,0.07,,,21.55,,1.0,-22.87140046,-43.45942235
2017-04-02 05:30:00,UNIDADE MOVEL BANGU,0.0,19.4,86.92,4.19,,0.06,,,14.78,,6.0,-22.87140046,-43.45942235
2017-04-02 06:30:00,UNIDADE MOVEL BANGU,0.0,19.65,84.97,3.55,,0.06,,,9.8,,5.0,-22.87140046,-43.45942235
2017-04-02 07:30:00,UNIDADE MOVEL BANGU,0.0,19.73,85.77,2.68,,0.23,,,20.15,,3.0,-22.87140046,-43.45942235
2017-04-02 08:30:00,UNIDADE MOVEL BANGU,0.0,20.97,80.97,2.25,,0.06,,,25.16,,5.0,-22.87140046,-43.45942235
2017-04-02 09:30:00,UNIDADE MOVEL BANGU,0.0,22.67,72.55,2.24,,0.08,,,30.0,,6.0,-22.87140046,-43.45942235
2017-04-02 10:30:00,UNIDADE MOVEL BANGU,0.0,23.72,69.35,3.7,,0.07,,,31.45,,20.0,-22.87140046,-43.45942235
2017-04-02 11:30:00,UNIDADE MOVEL BANGU,0.0,25.85,61.8,4.71,,0.01,,,34.4,,15.0,-22.87140046,-43.45942235
2017-04-02 12:30:00,UNIDADE MOVEL BANGU,0.0,26.58,57.13,5.01,,0.02,,,37.31,,10.0,-22.87140046,-43.45942235
2017-04-02 13:30:00,UNIDADE MOVEL BANGU,0.0,27.25,53.22,3.39,,0.03,,,36.25,,6.0,-22.87140046,-43.45942235
2017-04-02 14:30:00,UNIDADE MOVEL BANGU,0.0,27.83,50.8,2.53,,0.04,,,38.32,,9.0,-22.87140046,-43.45942235
2017-04-02 15:30:00,UNIDADE MOVEL BANGU,0.0,28.03,51.33,2.6,,0.03,,,34.5,,7.0,-22.87140046,-43.45942235
2017-04-02 16:30:00,UNIDADE MOVEL BANGU,0.0,27.35,54.08,2.54,,0.03,,,32.27,,4.0,-22.87140046,-43.45942235
2017-04-02 17:30:00,UNIDADE MOVEL BANGU,0.0,25.53,58.28,2.37,,0.06,,,31.01,,2.0,-22.87140046,-43.45942235
2017-04-02 18:30:00,UNIDADE MOVEL BANGU,0.0,23.88,66.97,1.97,,0.14,,,26.82,,8.0,-22.87140046,-43.45942235
2017-04-02 19:30:00,UNIDADE MOVEL BANGU,0.0,23.12,71.57,1.77,,0.17,,,17.73,,7.0,-22.87140046,-43.45942235
2017-04-02 20:30:00,UNIDADE MOVEL BANGU,0.0,22.43,74.77,0.99,,0.17,,,11.96,,14.0,-22.87140046,-43.45942235
2017-04-02 21:30:00,UNIDADE MOVEL BANGU,0.0,22.07,75.82,1.05,,0.19,,,12.65,,8.0,-22.87140046,-43.45942235
2017-04-02 22:30:00,UNIDADE MOVEL BANGU,0.0,21.2,78.62,1.47,,0.35,,,7.83,,11.0,-22.87140046,-43.45942235
2017-04-02 23:30:00,UNIDADE MOVEL BANGU,0.0,21.0,79.55,1.0150000000000001,,0.29,,,6.89,,12.0,-22.87140046,-43.45942235
2017-04-03 00:30:00,UNIDADE MOVEL BANGU,0.0,21.1,79.57,0.56,,0.38,,,6.85,,7.0,-22.87140046,-43.45942235
2017-04-03 01:30:00,UNIDADE MOVEL BANGU,0.0,21.22,79.03,0.64,,0.31,,,7.45,,14.0,-22.87140046,-43.45942235
2017-04-03 02:30:00,UNIDADE MOVEL BANGU,0.0,21.27,77.1,0.37,,0.2,,,7.41,,16.0,-22.87140046,-43.45942235
2017-04-03 03:30:00,UNIDADE MOVEL BANGU,0.0,20.75,81.68,0.14,,0.11,,,7.83,,4.0,-22.87140046,-43.45942235
2017-04-03 04:30:00,UNIDADE MOVEL BANGU,0.0,20.53,85.45,0.54,,0.03,,,7.46,,6.0,-22.87140046,-43.45942235
2017-04-03 05:30:00,UNIDADE MOVEL BANGU,0.0,20.53,84.92,0.07,,0.04,,,9.14,,5.0,-22.87140046,-43.45942235
2017-04-03 06:30:00,UNIDADE MOVEL BANGU,0.0,20.1,86.55,0.17,,0.04,,,6.7,,8.0,-22.87140046,-43.45942235
2017-04-03 07:30:00,UNIDADE MOVEL BANGU,0.0,22.05,76.05,0.44,,0.09,,,11.68,,7.0,-22.87140046,-43.45942235
2017-04-03 08:30:00,UNIDADE MOVEL BANGU,0.0,24.55,63.57,0.04,,0.01,,,20.32,,9.0,-22.87140046,-43.45942235
2017-04-03 09:30:00,UNIDADE MOVEL BANGU,0.0,26.37,55.52,0.86,,0.03,,,28.73,,6.0,-22.87140046,-43.45942235
2017-04-03 10:30:00,UNIDADE MOVEL BANGU,0.0,27.55,51.07,1.1733333333333333,,0.21,,,36.42,,6.0,-22.87140046,-43.45942235
2017-04-03 11:30:00,UNIDADE MOVEL BANGU,0.0,28.87,47.6,1.4866666666666668,,0.39,,,36.19,,8.0,-22.87140046,-43.45942235
2017-04-03 12:30:00,UNIDADE MOVEL BANGU,0.0,28.13,49.67,1.8,,0.04,,,51.35,,10.0,-22.87140046,-43.45942235
2017-04-03 13:30:00,UNIDADE MOVEL BANGU,0.0,29.67,47.18,0.93,,0.06,,,63.68,,7.0,-22.87140046,-43.45942235
2017-04-03 14:30:00,UNIDADE MOVEL BANGU,0.0,28.88,49.87,1.97,,0.09,,,68.45,,1.0,-22.87140046,-43.45942235
2017-04-03 15:30:00,UNIDADE MOVEL BANGU,0.0,29.55,48.68,1.73,,0.05,,,62.01,,8.0,-22.87140046,-43.45942235
2017-04-03 16:30:00,UNIDADE MOVEL BANGU,0.0,28.17,49.87,1.43,,0.07,,,46.64,,7.0,-22.87140046,-43.45942235
2017-04-03 17:30:00,UNIDADE MOVEL BANGU,0.0,25.92,53.02,0.31,,0.01,,,35.12,,3.0,-22.87140046,-43.45942235
2017-04-03 18:30:00,UNIDADE MOVEL BANGU,0.0,24.98,50.4,0.0,,0.06,,,22.4,,3.0,-22.87140046,-43.45942235
2017-04-03 19:30:00,UNIDADE MOVEL BANGU,0.0,24.28,52.15,0.32,,0.04,,,17.89,,11.0,-22.87140046,-43.45942235
2017-04-03 20:30:00,UNIDADE MOVEL BANGU,0.0,23.95,55.75,0.65,,0.02,,,22.0,,9.0,-22.87140046,-43.45942235
2017-04-03 21:30:00,UNIDADE MOVEL BANGU,0.0,23.37,64.33,0.88,,0.07,,,25.0,,6.0,-22.87140046,-43.45942235
2017-04-03 22:30:00,UNIDADE MOVEL BANGU,0.0,22.68,70.33,0.73,,0.03,,,16.32,,5.0,-22.87140046,-43.45942235
2017-04-03 23:30:00,UNIDADE MOVEL BANGU,0.0,22.13,73.25,0.86,,0.04,,,10.37,,9.0,-22.87140046,-43.45942235
2017-04-04 00:30:00,UNIDADE MOVEL BANGU,0.0,22.0,75.17,0.99,,0.12,,,8.54,,10.0,-22.87140046,-43.45942235
2017-04-04 01:30:00,UNIDADE MOVEL BANGU,0.0,22.33,73.5,1.15,,0.05,,,10.77,,10.0,-22.87140046,-43.45942235
2017-04-04 02:30:00,UNIDADE MOVEL BANGU,0.0,22.48,74.65,0.74,,0.04,,,14.21,,6.0,-22.87140046,-43.45942235
2017-04-04 03:30:00,UNIDADE MOVEL BANGU,0.0,22.27,76.35,1.22,,0.01,,,10.62,,2.0,-22.87140046,-43.45942235
2017-04-04 04:30:00,UNIDADE MOVEL BANGU,0.0,21.77,78.68,1.08,,0.04,,,9.84,,11.0,-22.87140046,-43.45942235
2017-04-04 05:30:00,UNIDADE MOVEL BANGU,0.0,21.47,79.9,1.87,,0.21,,,7.01,,11.0,-22.87140046,-43.45942235
2017-04-04 06:30:00,UNIDADE MOVEL BANGU,0.0,21.28,81.43,2.3,,0.16,,,7.05,,6.0,-22.87140046,-43.45942235
2017-04-04 07:30:00,UNIDADE MOVEL BANGU,0.0,24.0,70.22,2.67,,0.27,,,8.44,,11.0,-22.87140046,-43.45942235
2017-04-04 08:30:00,UNIDADE MOVEL BANGU,0.0,26.1,61.28,1.74,,0.11,,,19.95,,11.0,-22.87140046,-43.45942235
2017-04-04 09:30:00,UNIDADE MOVEL BANGU,0.0,27.25,56.57,2.02,,0.03,,,29.26,,7.0,-22.87140046,-43.45942235
2017-04-04 10:30:00,UNIDADE MOVEL BANGU,0.0,28.77,50.23,3.96,,0.05,,,36.58,,6.0,-22.87140046,-43.45942235
2017-04-04 11:30:00,UNIDADE MOVEL BANGU,0.0,30.13,45.95,5.37,,0.02,,,47.99,,14.0,-22.87140046,-43.45942235
2017-04-04 12:30:00,UNIDADE MOVEL BANGU,0.0,30.77,43.78,8.77,,0.01,,,66.55,,11.0,-22.87140046,-43.45942235
2017-04-04 13:30:00,UNIDADE MOVEL BANGU,0.0,31.62,41.95,11.73,,0.01,,,102.49,,10.0,-22.87140046,-43.45942235
2017-04-04 14:30:00,UNIDADE MOVEL BANGU,0.0,32.03,40.22,14.86,,0.01,,,119.19,,12.0,-22.87140046,-43.45942235
2017-04-04 15:30:00,UNIDADE MOVEL BANGU,0.0,31.27,41.55,9.38,,0.02,,,93.11,,21.0,-22.87140046,-43.45942235
2017-04-04 16:30:00,UNIDADE MOVEL BANGU,0.0,30.52,46.3,6.95,,0.03,,,78.62,,14.0,-22.87140046,-43.45942235
2017-04-04 17:30:00,UNIDADE MOVEL BANGU,0.0,29.43,50.52,5.6,,0.05,,,54.55,,15.0,-22.87140046,-43.45942235
2017-04-04 18:30:00,UNIDADE MOVEL BANGU,0.0,27.67,55.72,5.14,,0.04,,,36.38,,10.0,-22.87140046,-43.45942235
2017-04-04 19:30:00,UNIDADE MOVEL BANGU,0.0,26.67,58.78,4.61,,0.09,,,24.81,,6.0,-22.87140046,-43.45942235
2017-04-04 20:30:00,UNIDADE MOVEL BANGU,0.0,25.65,62.12,3.96,,0.04,,,13.83,,12.0,-22.87140046,-43.45942235
2017-04-04 21:30:00,UNIDADE MOVEL BANGU,0.0,25.12,59.23,2.8,,0.03,,,16.02,,12.0,-22.87140046,-43.45942235
2017-04-04 22:30:00,UNIDADE MOVEL BANGU,0.0,24.78,60.48,2.27,,0.04,,,15.1,,12.0,-22.87140046,-43.45942235
2017-04-04 23:30:00,UNIDADE MOVEL BANGU,0.0,24.3,64.1,1.605,,0.07999999999999999,,,12.76,,7.0,-22.87140046,-43.45942235
2017-04-05 00:30:00,UNIDADE MOVEL BANGU,0.0,23.62,67.85,0.94,,0.12,,,10.43,,10.0,-22.87140046,-43.45942235
2017-04-05 01:30:00,UNIDADE MOVEL BANGU,0.0,23.18,70.8,0.64,,0.11,,,9.08,,8.0,-22.87140046,-43.45942235
2017-04-05 02:30:00,UNIDADE MOVEL BANGU,0.0,22.37,75.15,1.37,,0.08,,,10.59,,17.0,-22.87140046,-43.45942235
2017-04-05 03:30:00,UNIDADE MOVEL BANGU,0.0,22.13,76.8,0.58,,0.08,,,9.25,,28.0,-22.87140046,-43.45942235
2017-04-05 04:30:00,UNIDADE MOVEL BANGU,0.0,21.88,78.37,0.21,,0.11,,,7.09,,9.0,-22.87140046,-43.45942235
2017-04-05 05:30:00,UNIDADE MOVEL BANGU,0.0,21.85,78.87,0.34,,0.24,,,6.81,,9.0,-22.87140046,-43.45942235
2017-04-05 06:30:00,UNIDADE MOVEL BANGU,0.0,21.88,79.08,1.27,,0.31,,,7.64,,9.0,-22.87140046,-43.45942235
2017-04-05 07:30:00,UNIDADE MOVEL BANGU,0.0,24.32,70.08,1.3,,0.36,,,8.33,,12.0,-22.87140046,-43.45942235
2017-04-05 08:30:00,UNIDADE MOVEL BANGU,0.0,27.08,59.95,2.17,,0.42,,,14.59,,17.0,-22.87140046,-43.45942235
2017-04-05 09:30:00,UNIDADE MOVEL BANGU,0.0,28.63,53.52,3.46,,0.38,,,26.8,,16.0,-22.87140046,-43.45942235
2017-04-05 10:30:00,UNIDADE MOVEL BANGU,0.0,31.17,43.82,3.65,,0.1,,,47.81,,12.0,-22.87140046,-43.45942235
2017-04-05 11:30:00,UNIDADE MOVEL BANGU,0.0,32.62,40.1,9.09,,0.08,,,59.37,,7.0,-22.87140046,-43.45942235
2017-04-05 12:30:00,UNIDADE MOVEL BANGU,0.0,33.62,36.92,13.79,,0.0825,,,52.23,,17.0,-22.87140046,-43.45942235
2017-04-05 13:30:00,UNIDADE MOVEL BANGU,0.0,34.12,33.32,14.52,,0.08499999999999999,,,43.95,,16.0,-22.87140046,-43.45942235
2017-04-05 14:30:00,UNIDADE MOVEL BANGU,0.0,34.67,30.42,9.98,,0.0875,,,46.05,,10.0,-22.87140046,-43.45942235
2017-04-05 15:30:00,UNIDADE MOVEL BANGU,0.0,34.52,29.13,1.2,,0.09,,,41.84,,7.0,-22.87140046,-43.45942235
2017-04-05 16:30:00,UNIDADE MOVEL BANGU,0.0,34.03,29.52,1.06,,0.14,,,34.9,,5.0,-22.87140046,-43.45942235
2017-04-05 17:30:00,UNIDADE MOVEL BANGU,0.0,32.57,32.98,0.79,,0.25,,,26.01,,5.0,-22.87140046,-43.45942235
2017-04-05 18:30:00,UNIDADE MOVEL BANGU,0.0,30.37,40.63,2.2,,0.5,,,9.7,,14.0,-22.87140046,-43.45942235
2017-04-05 19:30:00,UNIDADE MOVEL BANGU,0.0,29.17,44.9,1.52,,0.87,,,1.29,,21.0,-22.87140046,-43.45942235
2017-04-05 20:30:00,UNIDADE MOVEL BANGU,0.0,28.6,48.73,1.98,,1.38,,,0.19,,13.0,-22.87140046,-43.45942235
2017-04-05 21:30:00,UNIDADE MOVEL BANGU,0.0,28.03,52.22,3.15,,1.59,,,0.05,,24.0,-22.87140046,-43.45942235
2017-04-05 22:30:00,UNIDADE MOVEL BANGU,0.0,27.4,56.13,2.89,,1.78,,,0.22,,35.0,-22.87140046,-43.45942235
2017-04-05 23:30:00,UNIDADE MOVEL BANGU,0.0,26.58,57.92,1.98,,1.41,,,0.23,,36.0,-22.87140046,-43.45942235
2017-04-06 00:30:00,UNIDADE MOVEL BANGU,0.0,26.2,60.92,2.67,,1.24,,,0.32,,26.0,-22.87140046,-43.45942235
2017-04-06 01:30:00,UNIDADE MOVEL BANGU,0.0,25.42,65.07,3.36,,1.33,,,1.8,,67.0,-22.87140046,-43.45942235
2017-04-06 02:30:00,UNIDADE MOVEL BANGU,0.0,25.0,66.97,3.86,,0.94,,,0.39,,59.0,-22.87140046,-43.45942235
2017-04-06 03:30:00,UNIDADE MOVEL BANGU,0.0,24.45,70.08,2.45,,0.44,,,0.24,,33.0,-22.87140046,-43.45942235
2017-04-06 04:30:00,UNIDADE MOVEL BANGU,0.0,24.08,72.17,2.8,,0.51,,,0.22,,15.0,-22.87140046,-43.45942235
2017-04-06 05:30:00,UNIDADE MOVEL BANGU,0.0,23.9,72.63,3.43,,0.74,,,0.24,,23.0,-22.87140046,-43.45942235
2017-04-06 06:30:00,UNIDADE MOVEL BANGU,0.0,23.98,71.45,3.96,,0.9,,,0.28,,25.0,-22.87140046,-43.45942235
2017-04-06 07:30:00,UNIDADE MOVEL BANGU,0.0,26.8,59.22,3.4,,0.91,,,0.35,,27.0,-22.87140046,-43.45942235
2017-04-06 08:30:00,UNIDADE MOVEL BANGU,0.0,30.97,42.88,2.56,,0.31,,,12.4,,24.0,-22.87140046,-43.45942235
2017-04-06 09:30:00,UNIDADE MOVEL BANGU,0.0,32.78,37.47,2.37,,0.11,,,33.35,,7.0,-22.87140046,-43.45942235
2017-04-06 10:30:00,UNIDADE MOVEL BANGU,0.0,34.55,32.93,3.1,,0.1,,,48.58,,11.0,-22.87140046,-43.45942235
2017-04-06 11:30:00,UNIDADE MOVEL BANGU,0.0,35.17,31.28,4.69,,0.09,,,52.36,,7.0,-22.87140046,-43.45942235
2017-04-06 12:30:00,UNIDADE MOVEL BANGU,0.0,34.78,34.07,5.8,,0.04,,,54.32,,8.0,-22.87140046,-43.45942235
2017-04-06 13:30:00,UNIDADE MOVEL BANGU,0.0,33.1,41.23,6.58,,0.07,,,62.14,,13.0,-22.87140046,-43.45942235
2017-04-06 14:30:00,UNIDADE MOVEL BANGU,0.0,31.8,45.42,4.75,,0.15,,,61.51,,13.0,-22.87140046,-43.45942235
2017-04-06 15:30:00,UNIDADE MOVEL BANGU,0.0,30.4,52.48,4.38,,0.31,,,51.81,,13.0,-22.87140046,-43.45942235
2017-04-06 16:30:00,UNIDADE MOVEL BANGU,0.0,30.3,56.05,3.85,,0.17,,,46.65,,21.0,-22.87140046,-43.45942235
2017-04-06 17:30:00,UNIDADE MOVEL BANGU,0.0,29.03,61.05,3.7,,0.23,,,38.15,,19.0,-22.87140046,-43.45942235
2017-04-06 18:30:00,UNIDADE MOVEL BANGU,0.0,28.45,60.3,3.12,,0.52,,,23.2,,13.0,-22.87140046,-43.45942235
2017-04-06 19:30:00,UNIDADE MOVEL BANGU,0.0,27.68,64.67,2.85,,0.52,,,9.0,,18.0,-22.87140046,-43.45942235
2017-04-06 20:30:00,UNIDADE MOVEL BANGU,0.0,27.48,64.12,2.7,,0.5,,,7.24,,14.0,-22.87140046,-43.45942235
2017-04-06 21:30:00,UNIDADE MOVEL BANGU,0.0,27.22,63.58,2.57,,0.43,,,6.43,,20.0,-22.87140046,-43.45942235
2017-04-06 22:30:00,UNIDADE MOVEL BANGU,0.0,27.17,62.27,2.77,,0.32,,,2.88,,23.0,-22.87140046,-43.45942235
2017-04-06 23:30:00,UNIDADE MOVEL BANGU,0.0,26.57,65.82,2.7,,0.4,,,0.46,,16.0,-22.87140046,-43.45942235
2017-04-07 00:30:00,UNIDADE MOVEL BANGU,0.0,26.22,68.62,1.395,,0.25,,,2.21,,20.0,-22.87140046,-43.45942235
2017-04-07 01:30:00,UNIDADE MOVEL BANGU,0.0,24.47,82.97,0.09,,0.3,,,1.81,,23.0,-22.87140046,-43.45942235
2017-04-07 02:30:00,UNIDADE MOVEL BANGU,0.0,24.7,80.3,0.16,,0.17,,,4.86,,21.0,-22.87140046,-43.45942235
2017-04-07 03:30:00,UNIDADE MOVEL BANGU,0.0,24.35,79.42,0.11,,0.11,,,14.49,,13.0,-22.87140046,-43.45942235
2017-04-07 04:30:00,UNIDADE MOVEL BANGU,0.0,24.47,78.73,0.0,,0.14,,,12.14,,17.0,-22.87140046,-43.45942235
2017-04-07 05:30:00,UNIDADE MOVEL BANGU,0.0,24.68,77.5,0.0,,0.19,,,8.32,,19.0,-22.87140046,-43.45942235
2017-04-07 06:30:00,UNIDADE MOVEL BANGU,0.0,24.72,79.87,0.02,,0.22,,,1.98,,19.0,-22.87140046,-43.45942235
2017-04-07 07:30:00,UNIDADE MOVEL BANGU,0.0,24.97,80.92,0.03,,0.26,,,2.84,,16.0,-22.87140046,-43.45942235
2017-04-07 08:30:00,UNIDADE MOVEL BANGU,0.0,25.87,79.35,0.24,,0.32,,,7.22,,19.0,-22.87140046,-43.45942235
2017-04-07 09:30:00,UNIDADE MOVEL BANGU,2.0,25.78,79.95,0.51,,0.23,,,19.03,,25.0,-22.87140046,-43.45942235
2017-04-07 10:30:00,UNIDADE MOVEL BANGU,1.0,24.92,86.68,0.08,,0.26,,,23.43,,13.0,-22.87140046,-43.45942235
2017-04-07 11:30:00,UNIDADE MOVEL BANGU,0.0,25.7,80.18,0.15,,0.23,,,31.52,,19.0,-22.87140046,-43.45942235
2017-04-07 12:30:00,UNIDADE MOVEL BANGU,0.0,28.43,65.0,0.83,,0.23,,,45.8,,18.0,-22.87140046,-43.45942235
2017-04-07 13:30:00,UNIDADE MOVEL BANGU,0.0,29.28,64.33,0.43,,0.27,,,56.79,,9.0,-22.87140046,-43.45942235
2017-04-07 14:30:00,UNIDADE MOVEL BANGU,0.0,29.87,62.8,0.0,,0.23,,,59.88,,18.0,-22.87140046,-43.45942235
2017-04-07 15:30:00,UNIDADE MOVEL BANGU,0.0,28.8,66.75,0.22,,0.15,,,42.02,,19.0,-22.87140046,-43.45942235
2017-04-07 16:30:00,UNIDADE MOVEL BANGU,0.0,27.15,71.45,0.26,,0.13,,,38.67,,8.0,-22.87140046,-43.45942235
2017-04-07 17:30:00,UNIDADE MOVEL BANGU,0.0,26.47,73.28,0.24,,0.13,,,35.79,,5.0,-22.87140046,-43.45942235
2017-04-07 18:30:00,UNIDADE MOVEL BANGU,0.0,26.35,74.13,0.21,,0.3,,,35.47,,13.0,-22.87140046,-43.45942235
2017-04-07 19:30:00,UNIDADE MOVEL BANGU,0.0,26.22,75.58,0.08,,0.17,,,35.84,,14.0,-22.87140046,-43.45942235
2017-04-07 20:30:00,UNIDADE MOVEL BANGU,0.0,26.22,76.08,0.12,,0.25,,,20.23,,13.0,-22.87140046,-43.45942235
2017-04-07 21:30:00,UNIDADE MOVEL BANGU,0.0,25.92,79.13,0.0,,0.28,,,19.56,,14.0,-22.87140046,-43.45942235
2017-04-07 22:30:00,UNIDADE MOVEL BANGU,1.0,25.3,84.38,0.0,,0.28,,,21.07,,11.0,-22.87140046,-43.45942235
2017-04-07 23:30:00,UNIDADE MOVEL BANGU,0.0,24.57,90.55,0.0,,0.36,,,6.63,,15.0,-22.87140046,-43.45942235
2017-04-08 00:30:00,UNIDADE MOVEL BANGU,25.0,23.92,91.63,0.135,,0.2,,,9.96,,13.0,-22.87140046,-43.45942235
2017-04-08 01:30:00,UNIDADE MOVEL BANGU,14.0,22.85,94.42,0.27,,0.175,,,21.64,,22.0,-22.87140046,-43.45942235
2017-04-08 02:30:00,UNIDADE MOVEL BANGU,3.0,22.42,95.23,0.07,,0.15,,,19.93,,,-22.87140046,-43.45942235
2017-04-08 03:30:00,UNIDADE MOVEL BANGU,0.0,22.55,95.13,0.14,,0.07,,,17.29,,,-22.87140046,-43.45942235
2017-04-08 04:30:00,UNIDADE MOVEL BANGU,0.0,22.73,94.63,0.0,,0.03,,,13.4,,,-22.87140046,-43.45942235
2017-04-08 05:30:00,UNIDADE MOVEL BANGU,0.0,22.85,94.28,0.0,,0.06,,,12.2,,,-22.87140046,-43.45942235
2017-04-08 06:30:00,UNIDADE MOVEL BANGU,0.0,23.08,93.85,0.0,,0.08,,,6.94,,,-22.87140046,-43.45942235
2017-04-08 07:30:00,UNIDADE MOVEL BANGU,0.0,23.45,93.03,0.0,,0.18,,,3.18,,3.0,-22.87140046,-43.45942235
2017-04-08 08:30:00,UNIDADE MOVEL BANGU,0.0,24.47,89.65,0.0,,0.17,,,5.24,,8.0,-22.87140046,-43.45942235
2017-04-08 09:30:00,UNIDADE MOVEL BANGU,0.0,25.18,85.38,0.0,,0.13,,,11.6,,12.0,-22.87140046,-43.45942235
2017-04-08 10:30:00,UNIDADE MOVEL BANGU,0.0,26.3,80.63,0.0,,0.1,,,17.65,,7.0,-22.87140046,-43.45942235
2017-04-08 11:30:00,UNIDADE MOVEL BANGU,0.0,26.22,81.28,0.0,,0.23,,,13.8,,9.0,-22.87140046,-43.45942235
2017-04-08 12:30:00,UNIDADE MOVEL BANGU,1.0,25.93,83.75,0.07,,0.45,,,19.68,,8.0,-22.87140046,-43.45942235
2017-04-08 13:30:00,UNIDADE MOVEL BANGU,0.0,26.83,79.47,0.32,,0.39,,,27.02,,21.0,-22.87140046,-43.45942235
2017-04-08 14:30:00,UNIDADE MOVEL BANGU,0.0,27.95,71.83,0.63,,0.29,,,33.94,,8.0,-22.87140046,-43.45942235
2017-04-08 15:30:00,UNIDADE MOVEL BANGU,0.0,27.55,70.73,0.18,,0.26,,,34.74,,6.0,-22.87140046,-43.45942235
2017-04-08 16:30:00,UNIDADE MOVEL BANGU,0.0,26.63,75.73,0.27,,0.29,,,28.44,,14.0,-22.87140046,-43.45942235
2017-04-08 17:30:00,UNIDADE MOVEL BANGU,0.0,25.87,78.33,0.38,,0.34,,,26.07,,12.0,-22.87140046,-43.45942235
2017-04-08 18:30:00,UNIDADE MOVEL BANGU,0.0,25.53,79.57,0.01,,0.47,,,18.97,,6.0,-22.87140046,-43.45942235
2017-04-08 19:30:00,UNIDADE MOVEL BANGU,0.0,25.18,82.4,0.0,,0.69,,,10.49,,19.0,-22.87140046,-43.45942235
2017-04-08 20:30:00,UNIDADE MOVEL BANGU,0.0,25.07,81.47,0.35,,0.73,,,9.96,,14.0,-22.87140046,-43.45942235
2017-04-08 21:30:00,UNIDADE MOVEL BANGU,0.0,24.93,81.67,0.89,,0.58,,,7.6,,10.0,-22.87140046,-43.45942235
2017-04-08 22:30:00,UNIDADE MOVEL BANGU,0.0,24.82,82.87,1.48,,0.54,,,7.84,,19.0,-22.87140046,-43.45942235
2017-04-08 23:30:00,UNIDADE MOVEL BANGU,0.0,24.55,84.53,0.31,,0.73,,,6.23,,11.0,-22.87140046,-43.45942235
2017-04-09 00:30:00,UNIDADE MOVEL BANGU,0.0,24.15,86.5,1.015,,0.61,,,0.63,,14.0,-22.87140046,-43.45942235
2017-04-09 01:30:00,UNIDADE MOVEL BANGU,0.0,24.02,86.88,1.72,,0.5,,,0.15,,21.0,-22.87140046,-43.45942235
2017-04-09 02:30:00,UNIDADE MOVEL BANGU,0.0,23.83,87.15,1.37,,0.49,,,0.26,,12.0,-22.87140046,-43.45942235
2017-04-09 03:30:00,UNIDADE MOVEL BANGU,0.0,23.68,87.75,1.29,,0.47,,,0.0,,11.0,-22.87140046,-43.45942235
2017-04-09 04:30:00,UNIDADE MOVEL BANGU,0.0,23.68,87.92,1.06,,0.38,,,0.0,,12.0,-22.87140046,-43.45942235
2017-04-09 05:30:00,UNIDADE MOVEL BANGU,0.0,23.78,87.03,1.78,,0.22,,,5.94,,11.0,-22.87140046,-43.45942235
2017-04-09 06:30:00,UNIDADE MOVEL BANGU,0.0,23.48,88.22,1.64,,0.22,,,0.72,,16.0,-22.87140046,-43.45942235
2017-04-09 07:30:00,UNIDADE MOVEL BANGU,0.0,25.27,81.5,2.34,,0.24,,,11.06,,4.0,-22.87140046,-43.45942235
2017-04-09 08:30:00,UNIDADE MOVEL BANGU,0.0,26.93,75.08,2.27,,0.11,,,26.75,,9.0,-22.87140046,-43.45942235
2017-04-09 09:30:00,UNIDADE MOVEL BANGU,0.0,28.32,68.05,1.69,,0.09,,,32.8,,6.0,-22.87140046,-43.45942235
2017-04-09 10:30:00,UNIDADE MOVEL BANGU,0.0,29.53,62.07,2.9,,0.13,,,40.87,,4.0,-22.87140046,-43.45942235
2017-04-09 11:30:00,UNIDADE MOVEL BANGU,0.0,29.85,61.57,3.42,,0.1,,,45.37,,10.0,-22.87140046,-43.45942235
2017-04-09 12:30:00,UNIDADE MOVEL BANGU,0.0,29.02,63.23,3.7,,0.08,,,40.54,,8.0,-22.87140046,-43.45942235
2017-04-09 13:30:00,UNIDADE MOVEL BANGU,0.0,28.88,64.63,3.63,,0.15,,,32.18,,11.0,-22.87140046,-43.45942235
2017-04-09 14:30:00,UNIDADE MOVEL BANGU,0.0,28.43,67.25,3.5,,0.15,,,31.09,,9.0,-22.87140046,-43.45942235
2017-04-09 15:30:00,UNIDADE MOVEL BANGU,0.0,28.95,64.83,2.95,,0.25,,,34.83,,9.0,-22.87140046,-43.45942235
2017-04-09 16:30:00,UNIDADE MOVEL BANGU,0.0,29.17,65.97,3.5,,0.11,,,29.62,,17.0,-22.87140046,-43.45942235
2017-04-09 17:30:00,UNIDADE MOVEL BANGU,0.0,28.07,68.88,3.03,,0.17,,,26.95,,12.0,-22.87140046,-43.45942235
2017-04-09 18:30:00,UNIDADE MOVEL BANGU,0.0,26.35,75.5,3.08,,0.23,,,20.79,,7.0,-22.87140046,-43.45942235
2017-04-09 19:30:00,UNIDADE MOVEL BANGU,0.0,25.58,80.35,2.14,,0.36,,,11.89,,13.0,-22.87140046,-43.45942235
2017-04-09 20:30:00,UNIDADE MOVEL BANGU,0.0,25.2,82.95,2.03,,0.37,,,9.0,,10.0,-22.87140046,-43.45942235
2017-04-09 21:30:00,UNIDADE MOVEL BANGU,0.0,24.95,83.33,1.76,,0.46,,,4.71,,6.0,-22.87140046,-43.45942235
2017-04-09 22:30:00,UNIDADE MOVEL BANGU,0.0,24.65,82.38,1.48,,0.35,,,2.41,,11.0,-22.87140046,-43.45942235
2017-04-09 23:30:00,UNIDADE MOVEL BANGU,0.0,24.4,83.5,2.17,,0.32,,,0.9,,10.0,-22.87140046,-43.45942235
2017-04-10 00:30:00,UNIDADE MOVEL BANGU,0.0,23.85,86.15,1.47,,0.4,,,0.17,,8.0,-22.87140046,-43.45942235
2017-04-10 01:30:00,UNIDADE MOVEL BANGU,0.0,23.85,86.7,0.77,,0.54,,,0.0,,14.0,-22.87140046,-43.45942235
2017-04-10 02:30:00,UNIDADE MOVEL BANGU,0.0,23.75,84.63,1.08,,0.44,,,0.0,,10.0,-22.87140046,-43.45942235
2017-04-10 03:30:00,UNIDADE MOVEL BANGU,0.0,23.27,86.47,0.83,,0.34,,,0.01,,15.0,-22.87140046,-43.45942235
2017-04-10 04:30:00,UNIDADE MOVEL BANGU,0.0,23.25,86.43,0.59,,0.32,,,0.0,,7.0,-22.87140046,-43.45942235
2017-04-10 05:30:00,UNIDADE MOVEL BANGU,0.0,23.12,86.73,0.78,,0.32,,,0.14,,6.0,-22.87140046,-43.45942235
2017-04-10 06:30:00,UNIDADE MOVEL BANGU,0.0,23.15,87.65,1.08,,0.68,,,0.3,,4.0,-22.87140046,-43.45942235
2017-04-10 07:30:00,UNIDADE MOVEL BANGU,0.0,24.9,80.13,1.98,,0.66,,,0.0,,23.0,-22.87140046,-43.45942235
2017-04-10 08:30:00,UNIDADE MOVEL BANGU,0.0,26.85,71.87,1.6,,0.48,,,8.39,,11.0,-22.87140046,-43.45942235
2017-04-10 09:30:00,UNIDADE MOVEL BANGU,0.0,28.4,64.63,4.62,,0.35,,,21.88,,16.0,-22.87140046,-43.45942235
2017-04-10 10:30:00,UNIDADE MOVEL BANGU,0.0,30.37,54.8,26.07,,0.18,,,56.37,,25.0,-22.87140046,-43.45942235
2017-04-10 11:30:00,UNIDADE MOVEL BANGU,0.0,30.58,52.63,18.54,,0.2,,,68.22,,39.0,-22.87140046,-43.45942235
2017-04-10 12:30:00,UNIDADE MOVEL BANGU,0.0,31.0,53.95,11.11,,0.23,,,65.01,,22.0,-22.87140046,-43.45942235
2017-04-10 13:30:00,UNIDADE MOVEL BANGU,0.0,31.85,52.0,7.75,,0.23,,,64.48,,23.0,-22.87140046,-43.45942235
2017-04-10 14:30:00,UNIDADE MOVEL BANGU,0.0,32.33,48.5,8.4,,0.14,,,71.01,,24.0,-22.87140046,-43.45942235
2017-04-10 15:30:00,UNIDADE MOVEL BANGU,0.0,31.58,51.67,5.96,,0.14,,,71.25,,18.0,-22.87140046,-43.45942235
2017-04-10 16:30:00,UNIDADE MOVEL BANGU,0.0,30.42,54.82,4.95,,0.12,,,57.33,,16.0,-22.87140046,-43.45942235
2017-04-10 17:30:00,UNIDADE MOVEL BANGU,0.0,28.45,60.68,4.43,,0.18,,,34.82,,12.0,-22.87140046,-43.45942235
2017-04-10 18:30:00,UNIDADE MOVEL BANGU,0.0,27.15,65.57,4.1,,0.36,,,15.54,,14.0,-22.87140046,-43.45942235
2017-04-10 19:30:00,UNIDADE MOVEL BANGU,0.0,26.38,70.13,4.16,,0.54,,,4.44,,13.0,-22.87140046,-43.45942235
2017-04-10 20:30:00,UNIDADE MOVEL BANGU,0.0,26.13,70.63,4.58,,0.39,,,0.7,,20.0,-22.87140046,-43.45942235
2017-04-10 21:30:00,UNIDADE MOVEL BANGU,0.0,25.88,70.93,4.0,,0.29,,,0.06,,13.0,-22.87140046,-43.45942235
2017-04-10 22:30:00,UNIDADE MOVEL BANGU,0.0,25.42,70.73,3.53,,0.23,,,1.17,,11.0,-22.87140046,-43.45942235
2017-04-10 23:30:00,UNIDADE MOVEL BANGU,0.0,25.02,71.62,3.6,,0.13,,,3.71,,7.0,-22.87140046,-43.45942235
2017-04-11 00:30:00,UNIDADE MOVEL BANGU,0.0,24.5,74.78,2.265,,0.08,,,2.83,,5.0,-22.87140046,-43.45942235
2017-04-11 01:30:00,UNIDADE MOVEL BANGU,0.0,24.27,76.7,0.93,,0.04,,,4.82,,4.0,-22.87140046,-43.45942235
2017-04-11 02:30:00,UNIDADE MOVEL BANGU,0.0,24.05,79.25,0.69,,0.01,,,10.84,,2.0,-22.87140046,-43.45942235
2017-04-11 03:30:00,UNIDADE MOVEL BANGU,0.0,24.0,79.77,0.59,,0.01,,,10.15,,4.0,-22.87140046,-43.45942235
2017-04-11 04:30:00,UNIDADE MOVEL BANGU,0.0,24.0,79.52,0.34,,0.01,,,10.4,,9.0,-22.87140046,-43.45942235
2017-04-11 05:30:00,UNIDADE MOVEL BANGU,0.0,23.63,81.52,0.42,,0.07,,,6.31,,4.0,-22.87140046,-43.45942235
2017-04-11 06:30:00,UNIDADE MOVEL BANGU,0.0,23.67,81.42,0.89,,0.23,,,3.72,,2.0,-22.87140046,-43.45942235
2017-04-11 07:30:00,UNIDADE MOVEL BANGU,0.0,24.48,77.78,0.81,,0.18,,,1.6,,2.0,-22.87140046,-43.45942235
2017-04-11 08:30:00,UNIDADE MOVEL BANGU,0.0,25.32,73.5,0.99,,0.18,,,3.17,,0.0,-22.87140046,-43.45942235
2017-04-11 09:30:00,UNIDADE MOVEL BANGU,0.0,27.3,65.28,2.36,,0.12,,,9.45,,6.0,-22.87140046,-43.45942235
2017-04-11 10:30:00,UNIDADE MOVEL BANGU,0.0,29.62,56.65,3.88,,0.08,,,19.01,,11.0,-22.87140046,-43.45942235
2017-04-11 11:30:00,UNIDADE MOVEL BANGU,0.0,30.88,51.47,9.33,,0.07,,,30.77,,11.0,-22.87140046,-43.45942235
2017-04-11 12:30:00,UNIDADE MOVEL BANGU,0.0,31.37,50.02,9.02,,0.14,,,42.62,,6.0,-22.87140046,-43.45942235
2017-04-11 13:30:00,UNIDADE MOVEL BANGU,0.0,32.28,46.92,8.19,,0.07,,,62.38,,5.0,-22.87140046,-43.45942235
2017-04-11 14:30:00,UNIDADE MOVEL BANGU,0.0,33.22,43.78,8.82,,0.08,,,65.24,,6.0,-22.87140046,-43.45942235
2017-04-11 15:30:00,UNIDADE MOVEL BANGU,0.0,33.5,42.85,8.54,,0.09,,,68.64,,13.0,-22.87140046,-43.45942235
2017-04-11 16:30:00,UNIDADE MOVEL BANGU,0.0,32.62,46.87,8.03,,0.09,,,67.41,,8.0,-22.87140046,-43.45942235
2017-04-11 17:30:00,UNIDADE MOVEL BANGU,0.0,30.3,55.53,5.61,,0.1,,,42.95,,15.0,-22.87140046,-43.45942235
2017-04-11 18:30:00,UNIDADE MOVEL BANGU,0.0,28.97,60.25,3.97,,0.39,,,26.51,,13.0,-22.87140046,-43.45942235
2017-04-11 19:30:00,UNIDADE MOVEL BANGU,0.0,28.03,65.4,3.56,,0.42,,,4.02,,16.0,-22.87140046,-43.45942235
2017-04-11 20:30:00,UNIDADE MOVEL BANGU,0.0,27.62,66.72,3.45,,0.43,,,3.24,,21.0,-22.87140046,-43.45942235
2017-04-11 21:30:00,UNIDADE MOVEL BANGU,0.0,26.9,69.22,3.08,,0.25,,,3.61,,22.0,-22.87140046,-43.45942235
2017-04-11 22:30:00,UNIDADE MOVEL BANGU,0.0,26.48,71.38,2.72,,0.33,,,2.58,,16.0,-22.87140046,-43.45942235
2017-04-11 23:30:00,UNIDADE MOVEL BANGU,0.0,25.95,74.08,1.56,,0.25,,,5.48,,16.0,-22.87140046,-43.45942235
2017-04-12 00:30:00,UNIDADE MOVEL BANGU,0.0,25.48,75.37,1.655,,0.21,,,3.73,,19.0,-22.87140046,-43.45942235
2017-04-12 01:30:00,UNIDADE MOVEL BANGU,0.0,25.35,76.78,1.75,,0.2,,,5.36,,17.0,-22.87140046,-43.45942235
2017-04-12 02:30:00,UNIDADE MOVEL BANGU,0.0,25.03,78.72,2.23,,0.18,,,4.96,,24.0,-22.87140046,-43.45942235
2017-04-12 03:30:00,UNIDADE MOVEL BANGU,0.0,24.73,80.27,1.67,,0.17,,,5.17,,16.0,-22.87140046,-43.45942235
2017-04-12 04:30:00,UNIDADE MOVEL BANGU,0.0,24.47,82.73,1.43,,0.14,,,12.16,,11.0,-22.87140046,-43.45942235
2017-04-12 05:30:00,UNIDADE MOVEL BANGU,0.0,24.35,84.23,0.52,,0.15,,,9.84,,15.0,-22.87140046,-43.45942235
2017-04-12 06:30:00,UNIDADE MOVEL BANGU,0.0,24.68,83.22,0.82,,0.13,,,11.58,,11.0,-22.87140046,-43.45942235
2017-04-12 07:30:00,UNIDADE MOVEL BANGU,0.0,25.47,80.25,2.28,,0.18,,,13.41,,13.0,-22.87140046,-43.45942235
2017-04-12 08:30:00,UNIDADE MOVEL BANGU,0.0,26.35,77.82,2.95,,0.24,,,16.28,,16.0,-22.87140046,-43.45942235
2017-04-12 09:30:00,UNIDADE MOVEL BANGU,0.0,27.5,70.17,1.65,,0.12,,,30.33,,17.0,-22.87140046,-43.45942235
2017-04-12 10:30:00,UNIDADE MOVEL BANGU,0.0,29.05,61.58,1.42,,0.09,,,40.39,,16.0,-22.87140046,-43.45942235
2017-04-12 11:30:00,UNIDADE MOVEL BANGU,0.0,28.3,64.47,1.86,,0.1,,,39.18,,12.0,-22.87140046,-43.45942235
2017-04-12 12:30:00,UNIDADE MOVEL BANGU,0.0,28.62,62.45,2.33,,0.12,,,40.79,,7.0,-22.87140046,-43.45942235
2017-04-12 13:30:00,UNIDADE MOVEL BANGU,0.0,28.27,62.92,2.12,,0.1,,,38.61,,8.0,-22.87140046,-43.45942235
2017-04-12 14:30:00,UNIDADE MOVEL BANGU,0.0,26.53,69.73,1.45,,0.11,,,32.92,,6.0,-22.87140046,-43.45942235
2017-04-12 15:30:00,UNIDADE MOVEL BANGU,0.0,25.48,74.9,1.56,,0.09,,,27.11,,18.0,-22.87140046,-43.45942235
2017-04-12 16:30:00,UNIDADE MOVEL BANGU,1.0,23.95,81.73,0.49,,0.07,,,24.04,,1.0,-22.87140046,-43.45942235
2017-04-12 17:30:00,UNIDADE MOVEL BANGU,1.0,21.32,86.53,0.45,,0.08,,,26.93,,3.0,-22.87140046,-43.45942235
2017-04-12 18:30:00,UNIDADE MOVEL BANGU,0.0,21.25,85.9,0.47,,0.12,,,24.8,,8.0,-22.87140046,-43.45942235
2017-04-12 19:30:00,UNIDADE MOVEL BANGU,0.0,21.48,78.33,0.0,,0.1,,,25.3,,9.0,-22.87140046,-43.45942235
2017-04-12 20:30:00,UNIDADE MOVEL BANGU,0.0,22.05,75.52,0.05,,0.16,,,20.02,,7.0,-22.87140046,-43.45942235
2017-04-12 21:30:00,UNIDADE MOVEL BANGU,0.0,22.22,75.83,0.0,,0.32,,,12.55,,10.0,-22.87140046,-43.45942235
2017-04-12 22:30:00,UNIDADE MOVEL BANGU,0.0,22.02,78.87,0.28,,0.2,,,3.4,,6.0,-22.87140046,-43.45942235
2017-04-12 23:30:00,UNIDADE MOVEL BANGU,0.0,21.52,83.8,0.0,,0.17,,,3.29,,8.0,-22.87140046,-43.45942235
2017-04-13 00:30:00,UNIDADE MOVEL BANGU,0.0,21.25,87.42,0.41999999999999993,,0.11,,,2.08,,10.0,-22.87140046,-43.45942235
2017-04-13 01:30:00,UNIDADE MOVEL BANGU,1.0,20.85,89.58,0.84,,0.12,,,2.38,,8.0,-22.87140046,-43.45942235
2017-04-13 02:30:00,UNIDADE MOVEL BANGU,0.0,20.83,90.32,0.61,,0.06,,,17.76,,6.0,-22.87140046,-43.45942235
2017-04-13 03:30:00,UNIDADE MOVEL BANGU,2.0,20.65,89.9,0.26,,0.03,,,25.76,,3.0,-22.87140046,-43.45942235
2017-04-13 04:30:00,UNIDADE MOVEL BANGU,0.0,20.67,92.1,0.23,,0.04,,,21.41,,2.6666666666666665,-22.87140046,-43.45942235
2017-04-13 05:30:00,UNIDADE MOVEL BANGU,1.0,20.72,92.07,0.1,,0.06,,,16.65,,2.3333333333333335,-22.87140046,-43.45942235
2017-04-13 06:30:00,UNIDADE MOVEL BANGU,1.0,20.23,92.52,0.0,,0.34,,,15.75,,2.0,-22.87140046,-43.45942235
2017-04-13 07:30:00,UNIDADE MOVEL BANGU,0.0,20.47,91.85,0.0,,0.19,,,8.64,,0.0,-22.87140046,-43.45942235
2017-04-13 08:30:00,UNIDADE MOVEL BANGU,0.0,21.05,89.98,0.18,,0.13,,,10.91,,0.0,-22.87140046,-43.45942235
2017-04-13 09:30:00,UNIDADE MOVEL BANGU,0.0,22.82,81.4,0.08,,0.08,,,15.5,,1.0,-22.87140046,-43.45942235
2017-04-13 10:30:00,UNIDADE MOVEL BANGU,1.0,22.5,84.58,0.1,,0.09,,,17.68,,0.0,-22.87140046,-43.45942235
2017-04-13 11:30:00,UNIDADE MOVEL BANGU,0.0,22.37,84.1,0.0,,0.04,,,22.95,,6.0,-22.87140046,-43.45942235
2017-04-13 12:30:00,UNIDADE MOVEL BANGU,0.0,22.93,79.1,0.11,,0.08,,,22.51,,3.0,-22.87140046,-43.45942235
2017-04-13 13:30:00,UNIDADE MOVEL BANGU,0.0,24.35,72.35,0.76,,0.06,,,23.83,,1.0,-22.87140046,-43.45942235
2017-04-13 14:30:00,UNIDADE MOVEL BANGU,0.0,23.38,75.43,1.17,,0.04,,,28.02,,5.0,-22.87140046,-43.45942235
2017-04-13 15:30:00,UNIDADE MOVEL BANGU,0.0,22.17,81.25,0.59,,0.08,,,23.17,,3.0,-22.87140046,-43.45942235
2017-04-13 16:30:00,UNIDADE MOVEL BANGU,0.0,21.77,81.67,0.31,,0.14,,,14.45,,3.0,-22.87140046,-43.45942235
2017-04-13 17:30:00,UNIDADE MOVEL BANGU,0.0,22.22,76.17,0.7,,0.12,,,11.29,,10.0,-22.87140046,-43.45942235
2017-04-13 18:30:00,UNIDADE MOVEL BANGU,0.0,21.97,77.85,0.36,,0.18,,,5.02,,6.0,-22.87140046,-43.45942235
2017-04-13 19:30:00,UNIDADE MOVEL BANGU,0.0,21.78,82.45,0.97,,0.27,,,0.2,,12.0,-22.87140046,-43.45942235
2017-04-13 20:30:00,UNIDADE MOVEL BANGU,0.0,21.57,83.9,1.42,,0.24,,,0.05,,15.0,-22.87140046,-43.45942235
2017-04-13 21:30:00,UNIDADE MOVEL BANGU,0.0,20.98,87.28,1.28,,0.19,,,0.37,,14.0,-22.87140046,-43.45942235
2017-04-13 22:30:00,UNIDADE MOVEL BANGU,0.0,20.87,85.38,1.18,,0.15,,,0.56,,20.0,-22.87140046,-43.45942235
2017-04-13 23:30:00,UNIDADE MOVEL BANGU,0.0,21.07,83.58,1.0,,0.15,,,1.03,,14.0,-22.87140046,-43.45942235
2017-04-14 00:30:00,UNIDADE MOVEL BANGU,0.0,21.12,84.75,2.145,,0.26,,,0.0,,16.0,-22.87140046,-43.45942235
2017-04-14 01:30:00,UNIDADE MOVEL BANGU,0.0,21.03,84.13,3.29,,0.21,,,0.0,,13.0,-22.87140046,-43.45942235
2017-04-14 02:30:00,UNIDADE MOVEL BANGU,0.0,20.98,82.68,3.82,,0.1,,,0.05,,8.0,-22.87140046,-43.45942235
2017-04-14 03:30:00,UNIDADE MOVEL BANGU,0.0,20.83,85.8,2.69,,0.12,,,0.0,,14.0,-22.87140046,-43.45942235
2017-04-14 04:30:00,UNIDADE MOVEL BANGU,0.0,20.25,87.43,1.99,,0.1,,,0.0,,11.0,-22.87140046,-43.45942235
2017-04-14 05:30:00,UNIDADE MOVEL BANGU,0.0,20.17,88.58,2.46,,0.12,,,0.0,,6.0,-22.87140046,-43.45942235
2017-04-14 06:30:00,UNIDADE MOVEL BANGU,0.0,20.52,87.95,2.64,,0.12,,,0.0,,9.0,-22.87140046,-43.45942235
2017-04-14 07:30:00,UNIDADE MOVEL BANGU,0.0,21.77,82.23,3.15,,0.17,,,1.53,,8.0,-22.87140046,-43.45942235
2017-04-14 08:30:00,UNIDADE MOVEL BANGU,0.0,25.02,65.87,3.95,,0.11,,,13.01,,9.0,-22.87140046,-43.45942235
2017-04-14 09:30:00,UNIDADE MOVEL BANGU,0.0,25.95,62.35,4.58,,0.03,,,26.55,,10.0,-22.87140046,-43.45942235
2017-04-14 10:30:00,UNIDADE MOVEL BANGU,0.0,26.75,59.97,4.01,,0.03,,,32.35,,6.0,-22.87140046,-43.45942235
2017-04-14 11:30:00,UNIDADE MOVEL BANGU,0.0,27.2,57.03,4.45,,0.04,,,38.44,,6.0,-22.87140046,-43.45942235
2017-04-14 12:30:00,UNIDADE MOVEL BANGU,0.0,27.58,53.93,4.62,,0.02,,,37.29,,4.0,-22.87140046,-43.45942235
2017-04-14 13:30:00,UNIDADE MOVEL BANGU,0.0,28.63,52.3,4.49,,0.05,,,38.92,,8.0,-22.87140046,-43.45942235
2017-04-14 14:30:00,UNIDADE MOVEL BANGU,0.0,27.12,59.35,4.28,,0.02,,,40.9,,7.0,-22.87140046,-43.45942235
2017-04-14 15:30:00,UNIDADE MOVEL BANGU,0.0,26.83,61.65,3.77,,0.06,,,32.55,,5.0,-22.87140046,-43.45942235
2017-04-14 16:30:00,UNIDADE MOVEL BANGU,0.0,26.32,61.95,3.53,,0.05,,,35.08,,8.0,-22.87140046,-43.45942235
2017-04-14 17:30:00,UNIDADE MOVEL BANGU,0.0,25.13,65.27,3.48,,0.07,,,25.4,,9.0,-22.87140046,-43.45942235
2017-04-14 18:30:00,UNIDADE MOVEL BANGU,0.0,24.5,65.43,3.49,,0.13,,,16.72,,10.0,-22.87140046,-43.45942235
2017-04-14 19:30:00,UNIDADE MOVEL BANGU,0.0,24.05,66.0,2.27,,0.09,,,12.38,,6.0,-22.87140046,-43.45942235
2017-04-14 20:30:00,UNIDADE MOVEL BANGU,0.0,23.77,70.8,2.3,,0.1,,,6.22,,2.0,-22.87140046,-43.45942235
2017-04-14 21:30:00,UNIDADE MOVEL BANGU,0.0,23.73,70.67,1.7,,0.08,,,8.98,,9.0,-22.87140046,-43.45942235
2017-04-14 22:30:00,UNIDADE MOVEL BANGU,0.0,23.5,69.88,2.41,,0.07,,,8.46,,7.0,-22.87140046,-43.45942235
2017-04-14 23:30:00,UNIDADE MOVEL BANGU,0.0,23.28,71.25,2.52,,0.05,,,10.21,,6.0,-22.87140046,-43.45942235
2017-04-15 00:30:00,UNIDADE MOVEL BANGU,0.0,23.18,72.43,1.945,,0.16,,,8.26,,4.0,-22.87140046,-43.45942235
2017-04-15 01:30:00,UNIDADE MOVEL BANGU,0.0,22.8,75.13,1.37,,0.16,,,7.15,,11.0,-22.87140046,-43.45942235
2017-04-15 02:30:00,UNIDADE MOVEL BANGU,0.0,22.67,75.97,0.81,,0.15,,,8.98,,7.0,-22.87140046,-43.45942235
2017-04-15 03:30:00,UNIDADE MOVEL BANGU,0.0,22.53,76.6,0.7,,0.18,,,10.13,,5.0,-22.87140046,-43.45942235
2017-04-15 04:30:00,UNIDADE MOVEL BANGU,0.0,22.3,77.47,1.17,,0.15,,,7.27,,6.0,-22.87140046,-43.45942235
2017-04-15 05:30:00,UNIDADE MOVEL BANGU,0.0,21.7,77.78,1.83,,0.2,,,1.12,,5.0,-22.87140046,-43.45942235
2017-04-15 06:30:00,UNIDADE MOVEL BANGU,0.0,21.52,79.63,1.93,,0.39,,,0.06,,6.0,-22.87140046,-43.45942235
2017-04-15 07:30:00,UNIDADE MOVEL BANGU,0.0,24.07,68.12,2.51,,0.41,,,4.56,,15.0,-22.87140046,-43.45942235
2017-04-15 08:30:00,UNIDADE MOVEL BANGU,0.0,26.02,59.92,2.47,,0.23,,,12.97,,7.0,-22.87140046,-43.45942235
2017-04-15 09:30:00,UNIDADE MOVEL BANGU,0.0,27.15,56.93,3.19,,0.29,,,15.68,,8.0,-22.87140046,-43.45942235
2017-04-15 10:30:00,UNIDADE MOVEL BANGU,0.0,28.72,52.45,3.18,,0.22,,,24.11,,5.0,-22.87140046,-43.45942235
2017-04-15 11:30:00,UNIDADE MOVEL BANGU,0.0,29.38,50.37,3.86,,0.24,,,40.61,,5.0,-22.87140046,-43.45942235
2017-04-15 12:30:00,UNIDADE MOVEL BANGU,0.0,29.97,48.4,3.94,,0.28,,,56.92,,8.0,-22.87140046,-43.45942235
2017-04-15 13:30:00,UNIDADE MOVEL BANGU,0.0,30.07,48.6,4.97,,0.26,,,61.66,,9.0,-22.87140046,-43.45942235
2017-04-15 14:30:00,UNIDADE MOVEL BANGU,0.0,31.48,45.27,5.45,,0.24,,,69.15,,6.0,-22.87140046,-43.45942235
2017-04-15 15:30:00,UNIDADE MOVEL BANGU,0.0,30.58,49.35,5.33,,0.21,,,68.71,,7.0,-22.87140046,-43.45942235
2017-04-15 16:30:00,UNIDADE MOVEL BANGU,0.0,29.85,51.8,5.09,,0.16,,,61.59,,15.0,-22.87140046,-43.45942235
2017-04-15 17:30:00,UNIDADE MOVEL BANGU,0.0,27.7,58.85,4.65,,0.24,,,46.2,,5.0,-22.87140046,-43.45942235
2017-04-15 18:30:00,UNIDADE MOVEL BANGU,0.0,26.63,62.2,3.48,,0.33,,,28.17,,17.0,-22.87140046,-43.45942235
2017-04-15 19:30:00,UNIDADE MOVEL BANGU,0.0,25.77,66.3,3.38,,0.39,,,13.37,,5.0,-22.87140046,-43.45942235
2017-04-15 20:30:00,UNIDADE MOVEL BANGU,0.0,25.23,67.77,2.7,,0.35,,,11.57,,11.0,-22.87140046,-43.45942235
2017-04-15 21:30:00,UNIDADE MOVEL BANGU,0.0,24.82,65.05,2.04,,0.32,,,13.81,,9.0,-22.87140046,-43.45942235
2017-04-15 22:30:00,UNIDADE MOVEL BANGU,0.0,24.4,65.42,1.59,,0.24,,,15.55,,2.0,-22.87140046,-43.45942235
2017-04-15 23:30:00,UNIDADE MOVEL BANGU,0.0,23.9,67.92,2.21,,0.21,,,15.4,,10.0,-22.87140046,-43.45942235
2017-04-16 00:30:00,UNIDADE MOVEL BANGU,0.0,23.48,70.08,2.115,,0.11,,,9.39,,8.0,-22.87140046,-43.45942235
2017-04-16 01:30:00,UNIDADE MOVEL BANGU,0.0,23.22,71.02,2.02,,0.13,,,5.11,,7.0,-22.87140046,-43.45942235
2017-04-16 02:30:00,UNIDADE MOVEL BANGU,0.0,22.92,72.08,1.56,,0.11,,,4.34,,6.0,-22.87140046,-43.45942235
2017-04-16 03:30:00,UNIDADE MOVEL BANGU,0.0,22.62,73.03,0.64,,0.06,,,8.03,,4.0,-22.87140046,-43.45942235
2017-04-16 04:30:00,UNIDADE MOVEL BANGU,0.0,22.25,75.12,0.89,,0.08,,,4.05,,9.0,-22.87140046,-43.45942235
2017-04-16 05:30:00,UNIDADE MOVEL BANGU,0.0,21.83,77.95,0.81,,0.1,,,0.35,,5.0,-22.87140046,-43.45942235
2017-04-16 06:30:00,UNIDADE MOVEL BANGU,0.0,21.97,77.73,1.06,,0.16,,,0.1,,11.0,-22.87140046,-43.45942235
2017-04-16 07:30:00,UNIDADE MOVEL BANGU,0.0,23.8,70.78,2.1,,0.18,,,3.95,,8.0,-22.87140046,-43.45942235
2017-04-16 08:30:00,UNIDADE MOVEL BANGU,0.0,25.52,64.95,3.29,,0.14,,,9.6,,11.0,-22.87140046,-43.45942235
2017-04-16 09:30:00,UNIDADE MOVEL BANGU,0.0,27.85,56.13,3.75,,0.1,,,24.11,,17.0,-22.87140046,-43.45942235
2017-04-16 10:30:00,UNIDADE MOVEL BANGU,0.0,29.05,50.7,6.56,,0.05,,,37.87,,6.0,-22.87140046,-43.45942235
2017-04-16 11:30:00,UNIDADE MOVEL BANGU,0.0,30.48,43.65,5.35,,0.02,,,33.76,,4.0,-22.87140046,-43.45942235
2017-04-16 12:30:00,UNIDADE MOVEL BANGU,0.0,31.33,42.03,4.66,,0.04,,,40.97,,2.0,-22.87140046,-43.45942235
2017-04-16 13:30:00,UNIDADE MOVEL BANGU,0.0,31.57,41.35,4.5,,0.06,,,45.5,,2.0,-22.87140046,-43.45942235
2017-04-16 14:30:00,UNIDADE MOVEL BANGU,0.0,32.55,38.9,5.33,,0.05,,,42.97,,5.0,-22.87140046,-43.45942235
2017-04-16 15:30:00,UNIDADE MOVEL BANGU,0.0,32.48,39.55,4.86,,0.05,,,41.8,,15.0,-22.87140046,-43.45942235
2017-04-16 16:30:00,UNIDADE MOVEL BANGU,0.0,31.73,42.62,5.5,,0.07,,,41.66,,14.0,-22.87140046,-43.45942235
2017-04-16 17:30:00,UNIDADE MOVEL BANGU,0.0,29.88,52.08,5.81,,0.15,,,47.22,,13.0,-22.87140046,-43.45942235
2017-04-16 18:30:00,UNIDADE MOVEL BANGU,0.0,27.72,61.33,5.95,,0.3,,,31.56,,20.0,-22.87140046,-43.45942235
2017-04-16 19:30:00,UNIDADE MOVEL BANGU,0.0,26.73,63.45,5.96,,0.25,,,33.01,,15.0,-22.87140046,-43.45942235
2017-04-16 20:30:00,UNIDADE MOVEL BANGU,0.0,26.08,65.52,5.5,,0.33,,,26.35,,22.0,-22.87140046,-43.45942235
2017-04-16 21:30:00,UNIDADE MOVEL BANGU,0.0,25.45,67.83,4.97,,0.31,,,19.77,,22.0,-22.87140046,-43.45942235
2017-04-16 22:30:00,UNIDADE MOVEL BANGU,0.0,24.77,72.03,4.08,,0.36,,,17.41,,31.0,-22.87140046,-43.45942235
2017-04-16 23:30:00,UNIDADE MOVEL BANGU,0.0,24.28,77.2,3.83,,0.23,,,22.16,,22.0,-22.87140046,-43.45942235
2017-04-17 00:30:00,UNIDADE MOVEL BANGU,0.0,24.47,75.7,2.18,,0.15,,,33.66,,16.0,-22.87140046,-43.45942235
2017-04-17 01:30:00,UNIDADE MOVEL BANGU,0.0,24.45,78.38,0.53,,0.09,,,37.17,,13.0,-22.87140046,-43.45942235
2017-04-17 02:30:00,UNIDADE MOVEL BANGU,0.0,24.18,78.37,0.0,,0.07,,,46.94,,13.0,-22.87140046,-43.45942235
2017-04-17 03:30:00,UNIDADE MOVEL BANGU,0.0,24.18,76.68,0.01,,0.04,,,52.94,,9.0,-22.87140046,-43.45942235
2017-04-17 04:30:00,UNIDADE MOVEL BANGU,0.0,24.08,77.62,0.04,,0.05,,,49.87,,11.0,-22.87140046,-43.45942235
2017-04-17 05:30:00,UNIDADE MOVEL BANGU,0.0,24.05,77.42,0.1,,0.09,,,45.41,,13.0,-22.87140046,-43.45942235
2017-04-17 06:30:00,UNIDADE MOVEL BANGU,0.0,23.98,79.07,0.0,,0.17,,,35.78,,11.0,-22.87140046,-43.45942235
2017-04-17 07:30:00,UNIDADE MOVEL BANGU,0.0,24.6,75.9,0.18,,0.14,,,36.24,,15.0,-22.87140046,-43.45942235
2017-04-17 08:30:00,UNIDADE MOVEL BANGU,0.0,25.3,71.43,0.52,,0.08,,,41.07,,12.0,-22.87140046,-43.45942235
2017-04-17 09:30:00,UNIDADE MOVEL BANGU,0.0,26.47,66.5,0.44,,0.06,,,40.65,,12.0,-22.87140046,-43.45942235
2017-04-17 10:30:00,UNIDADE MOVEL BANGU,0.0,28.33,57.32,0.91,,0.05,,,42.58,,12.0,-22.87140046,-43.45942235
2017-04-17 11:30:00,UNIDADE MOVEL BANGU,0.0,28.93,53.75,2.81,,0.05,,,42.7,,11.0,-22.87140046,-43.45942235
2017-04-17 12:30:00,UNIDADE MOVEL BANGU,0.0,29.17,53.47,4.98,,0.02,,,39.32,,8.0,-22.87140046,-43.45942235
2017-04-17 13:30:00,UNIDADE MOVEL BANGU,0.0,28.03,56.18,6.03,,0.01,,,36.97,,4.0,-22.87140046,-43.45942235
2017-04-17 14:30:00,UNIDADE MOVEL BANGU,0.0,28.07,56.1,3.92,,0.02,,,34.49,,6.0,-22.87140046,-43.45942235
2017-04-17 15:30:00,UNIDADE MOVEL BANGU,0.0,26.63,62.58,2.65,,0.03,,,29.59,,7.0,-22.87140046,-43.45942235
2017-04-17 16:30:00,UNIDADE MOVEL BANGU,1.0,24.23,77.1,0.92,,0.1,,,21.03,,4.0,-22.87140046,-43.45942235
2017-04-17 17:30:00,UNIDADE MOVEL BANGU,2.0,22.55,85.07,0.36,,0.15,,,11.79,,8.0,-22.87140046,-43.45942235
2017-04-17 18:30:00,UNIDADE MOVEL BANGU,0.0,22.33,83.1,0.0,,0.14,,,7.79,,7.0,-22.87140046,-43.45942235
2017-04-17 19:30:00,UNIDADE MOVEL BANGU,0.0,21.85,87.37,0.04,,0.16,,,6.03,,5.0,-22.87140046,-43.45942235
2017-04-17 20:30:00,UNIDADE MOVEL BANGU,2.0,21.6,89.12,0.5,,0.11,,,7.78,,7.0,-22.87140046,-43.45942235
2017-04-17 21:30:00,UNIDADE MOVEL BANGU,2.0,21.63,90.48,0.14,,0.16,,,4.74,,6.0,-22.87140046,-43.45942235
2017-04-17 22:30:00,UNIDADE MOVEL BANGU,0.0,21.75,90.15,0.0,,0.21,,,1.48,,3.0,-22.87140046,-43.45942235
2017-04-17 23:30:00,UNIDADE MOVEL BANGU,0.0,21.57,88.22,0.0,,0.1,,,9.01,,5.0,-22.87140046,-43.45942235
2017-04-18 00:30:00,UNIDADE MOVEL BANGU,0.0,21.43,87.72,0.175,,0.05,,,7.83,,0.0,-22.87140046,-43.45942235
2017-04-18 01:30:00,UNIDADE MOVEL BANGU,1.0,20.42,89.73,0.35,,0.03,,,23.52,,3.0,-22.87140046,-43.45942235
2017-04-18 02:30:00,UNIDADE MOVEL BANGU,0.0,20.45,89.03,0.2,,0.04,,,24.51,,3.0,-22.87140046,-43.45942235
2017-04-18 03:30:00,UNIDADE MOVEL BANGU,0.0,20.52,89.72,0.0,,0.04,,,19.61,,2.0,-22.87140046,-43.45942235
2017-04-18 04:30:00,UNIDADE MOVEL BANGU,0.0,20.82,89.1,0.0,,0.09,,,13.13,,4.0,-22.87140046,-43.45942235
2017-04-18 05:30:00,UNIDADE MOVEL BANGU,0.0,20.53,90.2,0.1,,0.04,,,15.22,,3.0,-22.87140046,-43.45942235
2017-04-18 06:30:00,UNIDADE MOVEL BANGU,0.0,20.32,90.15,0.18,,0.05,,,12.91,,2.0,-22.87140046,-43.45942235
2017-04-18 07:30:00,UNIDADE MOVEL BANGU,0.0,20.82,87.35,0.0,,0.2,,,7.9,,11.0,-22.87140046,-43.45942235
2017-04-18 08:30:00,UNIDADE MOVEL BANGU,0.0,22.23,81.38,0.04,,0.1,,,8.74,,16.0,-22.87140046,-43.45942235
2017-04-18 09:30:00,UNIDADE MOVEL BANGU,0.0,23.0,78.23,0.56,,0.1,,,11.82,,5.0,-22.87140046,-43.45942235
2017-04-18 10:30:00,UNIDADE MOVEL BANGU,0.0,23.95,73.02,0.29,,0.1,,,18.22,,10.0,-22.87140046,-43.45942235
2017-04-18 11:30:00,UNIDADE MOVEL BANGU,0.0,25.95,58.52,0.24,,0.08,,,28.52,,8.0,-22.87140046,-43.45942235
2017-04-18 12:30:00,UNIDADE MOVEL BANGU,0.0,25.15,59.42,0.0,,0.07,,,26.39,,2.0,-22.87140046,-43.45942235
2017-04-18 13:30:00,UNIDADE MOVEL BANGU,0.0,25.3,54.47,0.0,,0.04,,,30.3,,5.0,-22.87140046,-43.45942235
2017-04-18 14:30:00,UNIDADE MOVEL BANGU,0.0,26.0,50.08,0.13,,0.04,,,34.93,,6.0,-22.87140046,-43.45942235
2017-04-18 15:30:00,UNIDADE MOVEL BANGU,0.0,26.05,48.8,0.0,,0.07,,,34.88,,4.0,-22.87140046,-43.45942235
2017-04-18 16:30:00,UNIDADE MOVEL BANGU,0.0,24.87,50.77,0.0,,0.04,,,31.78,,0.0,-22.87140046,-43.45942235
2017-04-18 17:30:00,UNIDADE MOVEL BANGU,0.0,23.8,55.82,0.98,,0.04,,,30.47,,1.6666666666666665,-22.87140046,-43.45942235
2017-04-18 18:30:00,UNIDADE MOVEL BANGU,0.0,23.32,59.57,1.26,,0.28,,,27.4,,3.333333333333333,-22.87140046,-43.45942235
2017-04-18 19:30:00,UNIDADE MOVEL BANGU,0.0,23.1,61.47,0.77,,0.15,,,20.54,,5.0,-22.87140046,-43.45942235
2017-04-18 20:30:00,UNIDADE MOVEL BANGU,0.0,22.9,62.58,0.26,,0.1,,,15.68,,13.0,-22.87140046,-43.45942235
2017-04-18 21:30:00,UNIDADE MOVEL BANGU,0.0,22.37,66.5,1.26,,0.09,,,13.04,,8.0,-22.87140046,-43.45942235
2017-04-18 22:30:00,UNIDADE MOVEL BANGU,0.0,22.13,68.88,0.06,,0.27,,,0.18,,6.0,-22.87140046,-43.45942235
2017-04-18 23:30:00,UNIDADE MOVEL BANGU,0.0,21.35,71.9,0.46,,0.28,,,0.21,,7.0,-22.87140046,-43.45942235
2017-04-19 00:30:00,UNIDADE MOVEL BANGU,0.0,21.07,72.42,0.52,,0.11,,,2.74,,8.0,-22.87140046,-43.45942235
2017-04-19 01:30:00,UNIDADE MOVEL BANGU,0.0,21.42,71.7,0.58,,0.06,,,7.44,,5.0,-22.87140046,-43.45942235
2017-04-19 02:30:00,UNIDADE MOVEL BANGU,0.0,20.9,75.62,0.0,,0.03,,,3.92,,3.0,-22.87140046,-43.45942235
2017-04-19 03:30:00,UNIDADE MOVEL BANGU,0.0,20.27,82.22,0.0,,0.01,,,18.41,,7.0,-22.87140046,-43.45942235
2017-04-19 04:30:00,UNIDADE MOVEL BANGU,1.0,19.53,87.6,0.65,,0.01,,,17.95,,8.0,-22.87140046,-43.45942235
2017-04-19 05:30:00,UNIDADE MOVEL BANGU,0.0,19.33,88.07,0.68,,0.01,,,16.61,,6.0,-22.87140046,-43.45942235
2017-04-19 06:30:00,UNIDADE MOVEL BANGU,0.0,19.55,86.65,0.87,,0.01,,,4.41,,5.0,-22.87140046,-43.45942235
2017-04-19 07:30:00,UNIDADE MOVEL BANGU,0.0,20.72,83.02,1.58,,0.24,,,1.98,,4.0,-22.87140046,-43.45942235
2017-04-19 08:30:00,UNIDADE MOVEL BANGU,0.0,22.08,75.47,1.09,,0.09,,,6.37,,8.0,-22.87140046,-43.45942235
2017-04-19 09:30:00,UNIDADE MOVEL BANGU,0.0,23.73,67.72,0.73,,0.07,,,13.78,,13.0,-22.87140046,-43.45942235
2017-04-19 10:30:00,UNIDADE MOVEL BANGU,0.0,24.57,60.58,2.64,,0.04,,,29.91,,14.0,-22.87140046,-43.45942235
2017-04-19 11:30:00,UNIDADE MOVEL BANGU,0.0,26.03,52.62,7.24,,0.01,,,47.73,,10.0,-22.87140046,-43.45942235
2017-04-19 12:30:00,UNIDADE MOVEL BANGU,0.0,27.12,46.4,13.34,,0.02,,,50.44,,13.0,-22.87140046,-43.45942235
2017-04-19 13:30:00,UNIDADE MOVEL BANGU,0.0,26.65,47.05,9.57,,0.02,,,47.52,,8.0,-22.87140046,-43.45942235
2017-04-19 14:30:00,UNIDADE MOVEL BANGU,0.0,27.15,44.82,5.8,,0.02,,,43.62,,8.0,-22.87140046,-43.45942235
2017-04-19 15:30:00,UNIDADE MOVEL BANGU,0.0,25.82,49.48,3.69,,0.02,,,40.83,,6.0,-22.87140046,-43.45942235
2017-04-19 16:30:00,UNIDADE MOVEL BANGU,0.0,25.52,51.65,1.97,,0.03,,,36.54,,4.0,-22.87140046,-43.45942235
2017-04-19 17:30:00,UNIDADE MOVEL BANGU,0.0,23.9,56.62,1.57,,0.01,,,35.27,,3.0,-22.87140046,-43.45942235
2017-04-19 18:30:00,UNIDADE MOVEL BANGU,0.0,22.97,61.67,1.5,,0.16,,,26.65,,15.0,-22.87140046,-43.45942235
2017-04-19 19:30:00,UNIDADE MOVEL BANGU,0.0,22.77,63.87,1.96,,0.04,,,15.54,,3.0,-22.87140046,-43.45942235
2017-04-19 20:30:00,UNIDADE MOVEL BANGU,0.0,22.82,64.62,1.74,,0.09,,,10.44,,1.0,-22.87140046,-43.45942235
2017-04-19 21:30:00,UNIDADE MOVEL BANGU,0.0,22.55,66.63,2.63,,0.13,,,1.2,,8.0,-22.87140046,-43.45942235
2017-04-19 22:30:00,UNIDADE MOVEL BANGU,0.0,22.92,63.58,2.14,,0.04,,,8.46,,10.0,-22.87140046,-43.45942235
2017-04-19 23:30:00,UNIDADE MOVEL BANGU,0.0,22.85,64.12,2.05,,0.01,,,16.98,,5.0,-22.87140046,-43.45942235
2017-04-20 00:30:00,UNIDADE MOVEL BANGU,0.0,22.53,66.23,1.8699999999999999,,0.02,,,19.45,,0.0,-22.87140046,-43.45942235
2017-04-20 01:30:00,UNIDADE MOVEL BANGU,0.0,22.18,70.03,1.69,,0.01,,,20.41,,2.0,-22.87140046,-43.45942235
2017-04-20 02:30:00,UNIDADE MOVEL BANGU,0.0,21.95,71.43,0.95,,0.01,,,17.23,,6.0,-22.87140046,-43.45942235
2017-04-20 03:30:00,UNIDADE MOVEL BANGU,0.0,21.47,74.8,0.33,,0.01,,,19.18,,5.0,-22.87140046,-43.45942235
2017-04-20 04:30:00,UNIDADE MOVEL BANGU,0.0,20.87,78.28,0.77,,0.01,,,14.0,,2.0,-22.87140046,-43.45942235
2017-04-20 05:30:00,UNIDADE MOVEL BANGU,0.0,20.42,80.4,0.79,,0.06,,,3.22,,10.0,-22.87140046,-43.45942235
2017-04-20 06:30:00,UNIDADE MOVEL BANGU,0.0,20.15,80.92,1.12,,0.21,,,0.3,,18.0,-22.87140046,-43.45942235
2017-04-20 07:30:00,UNIDADE MOVEL BANGU,0.0,22.35,72.02,0.87,,0.14,,,2.14,,9.0,-22.87140046,-43.45942235
2017-04-20 08:30:00,UNIDADE MOVEL BANGU,0.0,23.93,64.72,,,0.1,,,6.66,,8.0,-22.87140046,-43.45942235
2017-04-20 09:30:00,UNIDADE MOVEL BANGU,0.0,25.72,57.8,,,0.16,,,14.47,,13.0,-22.87140046,-43.45942235
2017-04-20 10:30:00,UNIDADE MOVEL BANGU,4.0,26.0,54.28,,,0.06,,,24.295,,9.0,-22.87140046,-43.45942235
2017-04-20 11:30:00,UNIDADE MOVEL BANGU,0.0,27.68,47.88,,,0.05,,,34.120000000000005,,12.0,-22.87140046,-43.45942235
2017-04-20 12:30:00,UNIDADE MOVEL BANGU,0.0,28.2,43.95,,,0.07250000000000001,,,43.94500000000001,,8.0,-22.87140046,-43.45942235
2017-04-20 13:30:00,UNIDADE MOVEL BANGU,0.0,29.2,39.22,,,0.095,,,53.77,,16.0,-22.87140046,-43.45942235
2017-04-20 14:30:00,UNIDADE MOVEL BANGU,0.0,28.3,41.37,,,0.11750000000000001,,,60.39,,16.0,-22.87140046,-43.45942235
2017-04-20 15:30:00,UNIDADE MOVEL BANGU,0.0,28.72,41.58,,,0.14,,,54.41,,18.0,-22.87140046,-43.45942235
2017-04-20 16:30:00,UNIDADE MOVEL BANGU,0.0,28.3,44.33,,,0.12,,,52.41,,20.0,-22.87140046,-43.45942235
2017-04-20 17:30:00,UNIDADE MOVEL BANGU,0.0,26.78,51.35,,,0.14,,,30.13,,23.0,-22.87140046,-43.45942235
2017-04-20 18:30:00,UNIDADE MOVEL BANGU,0.0,25.18,57.48,,,0.27,,,12.82,,9.0,-22.87140046,-43.45942235
2017-04-20 19:30:00,UNIDADE MOVEL BANGU,0.0,24.1,58.88,,,0.4,,,8.05,,11.0,-22.87140046,-43.45942235
2017-04-20 20:30:00,UNIDADE MOVEL BANGU,0.0,23.43,59.02,,,0.28,,,5.36,,16.0,-22.87140046,-43.45942235
2017-04-20 21:30:00,UNIDADE MOVEL BANGU,0.0,22.98,59.57,,,0.31,,,8.26,,15.0,-22.87140046,-43.45942235
2017-04-20 22:30:00,UNIDADE MOVEL BANGU,0.0,22.48,61.2,,,0.25,,,6.74,,8.0,-22.87140046,-43.45942235
2017-04-20 23:30:00,UNIDADE MOVEL BANGU,0.0,21.92,64.37,,,0.36,,,3.29,,5.0,-22.87140046,-43.45942235
2017-04-21 00:30:00,UNIDADE MOVEL BANGU,0.0,21.33,67.43,,,0.46,,,1.13,,8.0,-22.87140046,-43.45942235
2017-04-21 01:30:00,UNIDADE MOVEL BANGU,0.0,21.0,68.97,,,0.59,,,0.86,,15.0,-22.87140046,-43.45942235
2017-04-21 02:30:00,UNIDADE MOVEL BANGU,0.0,20.7,69.73,,,0.33,,,6.78,,13.0,-22.87140046,-43.45942235
2017-04-21 03:30:00,UNIDADE MOVEL BANGU,0.0,20.38,71.08,,,0.28,,,10.72,,6.0,-22.87140046,-43.45942235
2017-04-21 04:30:00,UNIDADE MOVEL BANGU,0.0,20.13,72.42,,,0.2,,,12.92,,1.0,-22.87140046,-43.45942235
2017-04-21 05:30:00,UNIDADE MOVEL BANGU,0.0,20.12,74.2,,,0.4,,,3.03,,7.0,-22.87140046,-43.45942235
2017-04-21 06:30:00,UNIDADE MOVEL BANGU,0.0,19.7,76.25,,,0.63,,,0.35,,9.0,-22.87140046,-43.45942235
2017-04-21 07:30:00,UNIDADE MOVEL BANGU,0.0,22.63,64.48,,,0.47,,,4.59,,8.0,-22.87140046,-43.45942235
2017-04-21 08:30:00,UNIDADE MOVEL BANGU,0.0,25.02,55.17,,,0.22,,,21.1,,6.0,-22.87140046,-43.45942235
2017-04-21 09:30:00,UNIDADE MOVEL BANGU,0.0,28.15,45.88,,,0.24,,,26.57,,6.0,-22.87140046,-43.45942235
2017-04-21 10:30:00,UNIDADE MOVEL BANGU,0.0,28.87,43.87,,,0.26,,,38.81,,15.0,-22.87140046,-43.45942235
2017-04-21 11:30:00,UNIDADE MOVEL BANGU,0.0,30.55,39.17,,,0.13,,,53.58,,9.0,-22.87140046,-43.45942235
2017-04-21 12:30:00,UNIDADE MOVEL BANGU,0.0,31.2,36.7,,,0.26,,,50.01,,14.0,-22.87140046,-43.45942235
2017-04-21 13:30:00,UNIDADE MOVEL BANGU,0.0,32.05,35.32,,,0.54,,,47.38,,8.0,-22.87140046,-43.45942235
2017-04-21 14:30:00,UNIDADE MOVEL BANGU,0.0,32.27,35.48,,,0.22,,,47.98,,5.0,-22.87140046,-43.45942235
2017-04-21 15:30:00,UNIDADE MOVEL BANGU,0.0,32.73,34.83,,,0.31,,,48.21,,10.0,-22.87140046,-43.45942235
2017-04-21 16:30:00,UNIDADE MOVEL BANGU,0.0,32.15,36.87,,,0.25,,,49.38,,7.0,-22.87140046,-43.45942235
2017-04-21 17:30:00,UNIDADE MOVEL BANGU,0.0,29.8,43.42,,,0.47,,,38.53,,7.0,-22.87140046,-43.45942235
2017-04-21 18:30:00,UNIDADE MOVEL BANGU,0.0,28.1,49.67,,,0.43,,,13.1,,10.0,-22.87140046,-43.45942235
2017-04-21 19:30:00,UNIDADE MOVEL BANGU,0.0,27.35,53.32,,,0.86,,,2.59,,13.0,-22.87140046,-43.45942235
2017-04-21 20:30:00,UNIDADE MOVEL BANGU,0.0,26.87,54.7,,,0.74,,,2.03,,45.0,-22.87140046,-43.45942235
2017-04-21 21:30:00,UNIDADE MOVEL BANGU,0.0,26.43,56.58,,,1.33,,,0.45,,30.0,-22.87140046,-43.45942235
2017-04-21 22:30:00,UNIDADE MOVEL BANGU,0.0,25.48,63.23,,,1.32,,,0.93,,36.0,-22.87140046,-43.45942235
2017-04-21 23:30:00,UNIDADE MOVEL BANGU,0.0,25.55,62.27,,,1.23,,,0.81,,43.0,-22.87140046,-43.45942235
2017-04-22 00:30:00,UNIDADE MOVEL BANGU,0.0,25.12,63.82,,,1.06,,,0.01,,37.0,-22.87140046,-43.45942235
2017-04-22 01:30:00,UNIDADE MOVEL BANGU,0.0,24.9,64.47,,,0.71,,,3.4,,34.0,-22.87140046,-43.45942235
2017-04-22 02:30:00,UNIDADE MOVEL BANGU,0.0,23.15,76.48,,,0.07,,,34.77,,27.0,-22.87140046,-43.45942235
2017-04-22 03:30:00,UNIDADE MOVEL BANGU,0.0,22.92,72.02,,,0.02,,,40.94,,7.0,-22.87140046,-43.45942235
2017-04-22 04:30:00,UNIDADE MOVEL BANGU,0.0,22.6,73.9,,,0.03,,,36.99,,5.0,-22.87140046,-43.45942235
2017-04-22 05:30:00,UNIDADE MOVEL BANGU,0.0,21.95,80.32,,,0.04,,,31.15,,4.0,-22.87140046,-43.45942235
2017-04-22 06:30:00,UNIDADE MOVEL BANGU,0.0,21.95,80.18,,,0.05,,,26.86,,6.0,-22.87140046,-43.45942235
2017-04-22 07:30:00,UNIDADE MOVEL BANGU,0.0,22.13,80.05,,,0.08,,,21.05,,4.0,-22.87140046,-43.45942235
2017-04-22 08:30:00,UNIDADE MOVEL BANGU,0.0,22.13,81.9,,,0.06,,,10.58,,6.0,-22.87140046,-43.45942235
2017-04-22 09:30:00,UNIDADE MOVEL BANGU,0.0,22.52,80.32,,,0.09,,,11.62,,8.0,-22.87140046,-43.45942235
2017-04-22 10:30:00,UNIDADE MOVEL BANGU,0.0,22.45,81.88,,,0.26,,,13.96,,4.0,-22.87140046,-43.45942235
2017-04-22 11:30:00,UNIDADE MOVEL BANGU,0.0,22.45,84.03,,,0.24,,,20.28,,7.0,-22.87140046,-43.45942235
2017-04-22 12:30:00,UNIDADE MOVEL BANGU,0.0,23.27,79.28,,,0.14,,,23.43,,10.0,-22.87140046,-43.45942235
2017-04-22 13:30:00,UNIDADE MOVEL BANGU,0.0,23.33,77.65,,,0.15,,,24.6,,8.0,-22.87140046,-43.45942235
2017-04-22 14:30:00,UNIDADE MOVEL BANGU,0.0,24.42,74.18,,,0.19,,,24.9,,10.0,-22.87140046,-43.45942235
2017-04-22 15:30:00,UNIDADE MOVEL BANGU,0.0,24.42,73.4,,,0.14,,,32.19,,10.0,-22.87140046,-43.45942235
2017-04-22 16:30:00,UNIDADE MOVEL BANGU,0.0,24.77,68.73,,,0.12,,,33.59,,9.0,-22.87140046,-43.45942235
2017-04-22 17:30:00,UNIDADE MOVEL BANGU,0.0,23.87,68.98,,,0.15,,,31.08,,16.0,-22.87140046,-43.45942235
2017-04-22 18:30:00,UNIDADE MOVEL BANGU,0.0,23.17,68.33,,,0.1,,,31.24,,6.0,-22.87140046,-43.45942235
2017-04-22 19:30:00,UNIDADE MOVEL BANGU,0.0,22.77,72.78,,,0.14,,,25.76,,5.0,-22.87140046,-43.45942235
2017-04-22 20:30:00,UNIDADE MOVEL BANGU,0.0,22.6,74.23,,,0.18,,,21.79,,14.0,-22.87140046,-43.45942235
2017-04-22 21:30:00,UNIDADE MOVEL BANGU,0.0,22.5,75.43,,,0.13,,,25.52,,15.0,-22.87140046,-43.45942235
2017-04-22 22:30:00,UNIDADE MOVEL BANGU,0.0,22.58,76.85,,,0.12,,,19.91,,13.0,-22.87140046,-43.45942235
2017-04-22 23:30:00,UNIDADE MOVEL BANGU,0.0,22.43,75.87,,,0.05,,,23.32,,7.0,-22.87140046,-43.45942235
2017-04-23 00:30:00,UNIDADE MOVEL BANGU,0.0,22.4,76.93,,,0.09,,,24.5,,8.0,-22.87140046,-43.45942235
2017-04-23 01:30:00,UNIDADE MOVEL BANGU,0.0,21.17,82.88,,,0.06,,,29.71,,14.0,-22.87140046,-43.45942235
2017-04-23 02:30:00,UNIDADE MOVEL BANGU,0.0,21.08,84.58,,,0.08,,,25.85,,6.0,-22.87140046,-43.45942235
2017-04-23 03:30:00,UNIDADE MOVEL BANGU,2.0,20.9,87.77,,,0.11,,,18.48,,1.0,-22.87140046,-43.45942235
2017-04-23 04:30:00,UNIDADE MOVEL BANGU,2.0,20.5,91.18,,,0.13,,,17.26,,6.0,-22.87140046,-43.45942235
2017-04-23 05:30:00,UNIDADE MOVEL BANGU,3.0,20.47,91.78,,,0.09,,,19.04,,11.0,-22.87140046,-43.45942235
2017-04-23 06:30:00,UNIDADE MOVEL BANGU,0.0,20.45,92.8,,,0.14,,,15.09,,17.0,-22.87140046,-43.45942235
2017-04-23 07:30:00,UNIDADE MOVEL BANGU,0.0,20.73,92.37,,,0.29,,,12.59,,9.0,-22.87140046,-43.45942235
2017-04-23 08:30:00,UNIDADE MOVEL BANGU,0.0,21.03,91.47,,,0.2,,,16.47,,6.0,-22.87140046,-43.45942235
2017-04-23 09:30:00,UNIDADE MOVEL BANGU,0.0,22.47,85.35,,,0.22,,,17.86,,3.0,-22.87140046,-43.45942235
2017-04-23 10:30:00,UNIDADE MOVEL BANGU,3.0,22.43,85.03,,,0.22,,,20.03,,6.0,-22.87140046,-43.45942235
2017-04-23 11:30:00,UNIDADE MOVEL BANGU,2.0,21.37,91.12,,,0.19,,,25.71,,7.0,-22.87140046,-43.45942235
2017-04-23 12:30:00,UNIDADE MOVEL BANGU,0.0,22.15,87.93,,,0.17,,,27.13,,13.0,-22.87140046,-43.45942235
2017-04-23 13:30:00,UNIDADE MOVEL BANGU,2.0,21.6,87.35,,,0.17,,,27.26,,13.0,-22.87140046,-43.45942235
2017-04-23 14:30:00,UNIDADE MOVEL BANGU,0.0,21.22,88.12,,,0.21,,,25.31,,9.0,-22.87140046,-43.45942235
2017-04-23 15:30:00,UNIDADE MOVEL BANGU,0.0,20.6,89.4,,,0.28,,,25.67,,8.0,-22.87140046,-43.45942235
2017-04-23 16:30:00,UNIDADE MOVEL BANGU,0.0,20.2,89.22,,,0.21,,,21.62,,9.0,-22.87140046,-43.45942235
2017-04-23 17:30:00,UNIDADE MOVEL BANGU,1.0,19.83,90.78,,,0.21,,,21.27,,10.0,-22.87140046,-43.45942235
2017-04-23 18:30:00,UNIDADE MOVEL BANGU,0.0,19.73,90.85,,,0.3,,,16.31,,6.0,-22.87140046,-43.45942235
2017-04-23 19:30:00,UNIDADE MOVEL BANGU,0.0,20.1,86.98,,,0.28,,,18.68,,,-22.87140046,-43.45942235
2017-04-23 20:30:00,UNIDADE MOVEL BANGU,0.0,20.02,89.28,,,0.29,,,6.43,,,-22.87140046,-43.45942235
2017-04-23 21:30:00,UNIDADE MOVEL BANGU,0.0,19.7,91.05,,,0.32,,,5.74,,,-22.87140046,-43.45942235
2017-04-23 22:30:00,UNIDADE MOVEL BANGU,0.0,19.52,91.35,,,0.23,,,5.39,,,-22.87140046,-43.45942235
2017-04-23 23:30:00,UNIDADE MOVEL BANGU,0.0,19.45,90.78,,,0.23,,,6.08,,,-22.87140046,-43.45942235
2017-04-24 00:30:00,UNIDADE MOVEL BANGU,0.0,19.57,89.27,,,0.16,,,2.07,,,-22.87140046,-43.45942235
2017-04-24 01:30:00,UNIDADE MOVEL BANGU,0.0,19.07,90.37,,,0.16,,,7.11,,,-22.87140046,-43.45942235
2017-04-24 02:30:00,UNIDADE MOVEL BANGU,0.0,18.98,91.5,,,0.17,,,13.84,,,-22.87140046,-43.45942235
2017-04-24 03:30:00,UNIDADE MOVEL BANGU,0.0,19.05,91.68,,,0.2,,,11.7,,,-22.87140046,-43.45942235
2017-04-24 04:30:00,UNIDADE MOVEL BANGU,0.0,19.1,91.93,,,0.18,,,9.14,,,-22.87140046,-43.45942235
2017-04-24 05:30:00,UNIDADE MOVEL BANGU,0.0,19.2,92.15,,,0.11,,,3.19,,,-22.87140046,-43.45942235
2017-04-24 06:30:00,UNIDADE MOVEL BANGU,0.0,19.25,92.13,,,0.4,,,0.26,,,-22.87140046,-43.45942235
2017-04-24 07:30:00,UNIDADE MOVEL BANGU,0.0,20.57,88.12,,,0.5,,,1.33,,,-22.87140046,-43.45942235
2017-04-24 08:30:00,UNIDADE MOVEL BANGU,0.0,21.62,79.08,,,0.26,,,7.35,,,-22.87140046,-43.45942235
2017-04-24 09:30:00,UNIDADE MOVEL BANGU,0.0,22.87,73.27,,,0.26,,,13.11,,,-22.87140046,-43.45942235
2017-04-24 10:30:00,UNIDADE MOVEL BANGU,0.0,24.67,63.6,,,0.13,,,21.54,,,-22.87140046,-43.45942235
2017-04-24 11:30:00,UNIDADE MOVEL BANGU,0.0,25.88,54.65,,,0.1,,,28.49,,,-22.87140046,-43.45942235
2017-04-24 12:30:00,UNIDADE MOVEL BANGU,0.0,26.72,50.95,,,0.08,,,32.72,,,-22.87140046,-43.45942235
2017-04-24 13:30:00,UNIDADE MOVEL BANGU,0.0,26.95,51.63,,,0.09,,,36.13,,,-22.87140046,-43.45942235
2017-04-24 14:30:00,UNIDADE MOVEL BANGU,0.0,26.65,53.08,,,0.07,,,37.87,,,-22.87140046,-43.45942235
2017-04-24 15:30:00,UNIDADE MOVEL BANGU,0.0,26.62,53.63,,,0.09,,,39.34,,,-22.87140046,-43.45942235
2017-04-24 16:30:00,UNIDADE MOVEL BANGU,0.0,26.72,54.35,,,0.08,,,34.03,,,-22.87140046,-43.45942235
2017-04-24 17:30:00,UNIDADE MOVEL BANGU,0.0,24.5,61.45,,,0.2,,,14.66,,,-22.87140046,-43.45942235
2017-04-24 18:30:00,UNIDADE MOVEL BANGU,0.0,23.68,64.45,,,0.22,,,7.73,,,-22.87140046,-43.45942235
2017-04-24 19:30:00,UNIDADE MOVEL BANGU,0.0,23.48,64.27,,,0.32,,,8.56,,,-22.87140046,-43.45942235
2017-04-24 20:30:00,UNIDADE MOVEL BANGU,0.0,23.2,63.3,,,0.19,,,11.74,,,-22.87140046,-43.45942235
2017-04-24 21:30:00,UNIDADE MOVEL BANGU,0.0,22.85,64.45,,,0.22,,,4.67,,,-22.87140046,-43.45942235
2017-04-24 22:30:00,UNIDADE MOVEL BANGU,0.0,22.23,67.35,,,0.25,,,0.41,,,-22.87140046,-43.45942235
2017-04-24 23:30:00,UNIDADE MOVEL BANGU,0.0,21.85,70.13,,,0.12,,,11.75,,,-22.87140046,-43.45942235
2017-04-25 00:30:00,UNIDADE MOVEL BANGU,0.0,21.33,73.75,,,0.1,,,12.65,,,-22.87140046,-43.45942235
2017-04-25 01:30:00,UNIDADE MOVEL BANGU,0.0,20.77,76.97,,,0.07,,,12.43,,,-22.87140046,-43.45942235
2017-04-25 02:30:00,UNIDADE MOVEL BANGU,0.0,20.38,78.63,,,0.04,,,15.27,,,-22.87140046,-43.45942235
2017-04-25 03:30:00,UNIDADE MOVEL BANGU,0.0,19.97,79.27,,,0.01,,,16.77,,,-22.87140046,-43.45942235
2017-04-25 04:30:00,UNIDADE MOVEL BANGU,0.0,19.85,80.38,,,0.04,,,4.92,,,-22.87140046,-43.45942235
2017-04-25 05:30:00,UNIDADE MOVEL BANGU,0.0,19.35,82.87,,,0.14,,,0.01,,,-22.87140046,-43.45942235
2017-04-25 06:30:00,UNIDADE MOVEL BANGU,0.0,19.45,82.38,,,1.02,,,0.0,,,-22.87140046,-43.45942235
2017-04-25 07:30:00,UNIDADE MOVEL BANGU,0.0,22.3,70.07,,,0.7,,,0.9,,,-22.87140046,-43.45942235
2017-04-25 08:30:00,UNIDADE MOVEL BANGU,0.0,24.23,60.83,,,0.2,,,11.82,,,-22.87140046,-43.45942235
2017-04-25 09:30:00,UNIDADE MOVEL BANGU,0.0,26.02,54.85,,,0.21,,,11.14,,,-22.87140046,-43.45942235
2017-04-25 10:30:00,UNIDADE MOVEL BANGU,0.0,27.78,49.93,,,0.12,,,20.88,,,-22.87140046,-43.45942235
2017-04-25 11:30:00,UNIDADE MOVEL BANGU,0.0,28.63,47.72,12.57,,0.13,,,29.8,,,-22.87140046,-43.45942235
2017-04-25 12:30:00,UNIDADE MOVEL BANGU,0.0,29.3,45.63,15.23,,0.12,,,31.52,,,-22.87140046,-43.45942235
2017-04-25 13:30:00,UNIDADE MOVEL BANGU,0.0,29.98,44.17,16.95,,0.09,,,60.92,,9.0,-22.87140046,-43.45942235
2017-04-25 14:30:00,UNIDADE MOVEL BANGU,0.0,30.33,43.27,19.3,,0.11,,,74.65,,11.0,-22.87140046,-43.45942235
2017-04-25 15:30:00,UNIDADE MOVEL BANGU,0.0,30.27,43.03,17.1,,0.15,,,65.97,,12.0,-22.87140046,-43.45942235
2017-04-25 16:30:00,UNIDADE MOVEL BANGU,0.0,28.87,46.37,13.07,,0.19,,,45.38,,17.0,-22.87140046,-43.45942235
2017-04-25 17:30:00,UNIDADE MOVEL BANGU,0.0,27.62,51.73,7.31,,0.39,,,23.26,,6.0,-22.87140046,-43.45942235
2017-04-25 18:30:00,UNIDADE MOVEL BANGU,0.0,26.5,57.02,5.97,,0.59,,,8.08,,11.0,-22.87140046,-43.45942235
2017-04-25 19:30:00,UNIDADE MOVEL BANGU,0.0,25.83,61.72,6.23,,0.82,,,0.12,,17.0,-22.87140046,-43.45942235
2017-04-25 20:30:00,UNIDADE MOVEL BANGU,0.0,25.08,68.0,5.37,,0.51,,,0.31,,18.0,-22.87140046,-43.45942235
2017-04-25 21:30:00,UNIDADE MOVEL BANGU,0.0,24.33,71.7,4.6,,0.39,,,0.24,,12.0,-22.87140046,-43.45942235
2017-04-25 22:30:00,UNIDADE MOVEL BANGU,0.0,23.8,73.07,4.41,,0.36,,,0.0,,17.0,-22.87140046,-43.45942235
2017-04-25 23:30:00,UNIDADE MOVEL BANGU,0.0,22.95,77.27,4.92,,0.29,,,0.0,,15.0,-22.87140046,-43.45942235
2017-04-26 00:30:00,UNIDADE MOVEL BANGU,0.0,22.55,79.18,2.6,,0.17,,,0.03,,8.0,-22.87140046,-43.45942235
2017-04-26 01:30:00,UNIDADE MOVEL BANGU,0.0,22.28,80.53,0.28,,0.13,,,1.32,,13.0,-22.87140046,-43.45942235
2017-04-26 02:30:00,UNIDADE MOVEL BANGU,0.0,21.88,82.42,0.0,,0.09,,,1.26,,10.0,-22.87140046,-43.45942235
2017-04-26 03:30:00,UNIDADE MOVEL BANGU,0.0,21.55,84.27,0.0,,0.07,,,2.06,,16.0,-22.87140046,-43.45942235
2017-04-26 04:30:00,UNIDADE MOVEL BANGU,0.0,21.32,85.48,0.0,,0.08,,,0.0,,4.0,-22.87140046,-43.45942235
2017-04-26 05:30:00,UNIDADE MOVEL BANGU,0.0,21.2,86.0,0.0,,0.2,,,0.0,,14.0,-22.87140046,-43.45942235
2017-04-26 06:30:00,UNIDADE MOVEL BANGU,0.0,21.47,84.0,0.03,,0.43,,,0.0,,11.0,-22.87140046,-43.45942235
2017-04-26 07:30:00,UNIDADE MOVEL BANGU,0.0,24.05,72.97,0.73,,1.04,,,1.29,,9.0,-22.87140046,-43.45942235
2017-04-26 08:30:00,UNIDADE MOVEL BANGU,0.0,25.85,66.65,1.3,,0.88,,,7.45,,14.0,-22.87140046,-43.45942235
2017-04-26 09:30:00,UNIDADE MOVEL BANGU,0.0,29.08,52.32,3.89,,0.44,,,10.18,,12.0,-22.87140046,-43.45942235
2017-04-26 10:30:00,UNIDADE MOVEL BANGU,0.0,31.28,44.05,7.94,,0.21,,,23.03,,20.0,-22.87140046,-43.45942235
2017-04-26 11:30:00,UNIDADE MOVEL BANGU,0.0,32.28,40.65,10.98,,0.09,,,35.51,,6.0,-22.87140046,-43.45942235
2017-04-26 12:30:00,UNIDADE MOVEL BANGU,0.0,32.32,41.02,10.32,,0.13,,,30.26,,9.0,-22.87140046,-43.45942235
2017-04-26 13:30:00,UNIDADE MOVEL BANGU,0.0,33.37,39.12,9.25,,0.16,,,32.1,,10.0,-22.87140046,-43.45942235
2017-04-26 14:30:00,UNIDADE MOVEL BANGU,0.0,34.18,36.17,11.13,,0.11,,,37.76,,7.0,-22.87140046,-43.45942235
2017-04-26 15:30:00,UNIDADE MOVEL BANGU,0.0,32.83,41.0,9.62,,0.14,,,29.48,,7.0,-22.87140046,-43.45942235
2017-04-26 16:30:00,UNIDADE MOVEL BANGU,0.0,28.52,56.35,4.77,,0.2,,,26.87,,9.0,-22.87140046,-43.45942235
2017-04-26 17:30:00,UNIDADE MOVEL BANGU,0.0,25.13,68.23,2.98,,0.42,,,25.79,,12.0,-22.87140046,-43.45942235
2017-04-26 18:30:00,UNIDADE MOVEL BANGU,0.0,24.33,67.95,0.56,,0.29,,,26.97,,18.0,-22.87140046,-43.45942235
2017-04-26 19:30:00,UNIDADE MOVEL BANGU,0.0,24.2,71.68,0.06,,0.42,,,18.54,,10.0,-22.87140046,-43.45942235
2017-04-26 20:30:00,UNIDADE MOVEL BANGU,0.0,23.62,80.77,0.01,,0.39,,,11.85,,13.0,-22.87140046,-43.45942235
2017-04-26 21:30:00,UNIDADE MOVEL BANGU,1.0,23.68,83.52,0.0,,0.8,,,5.9,,11.0,-22.87140046,-43.45942235
2017-04-26 22:30:00,UNIDADE MOVEL BANGU,0.0,23.17,86.4,0.0,,0.88,,,0.16,,18.0,-22.87140046,-43.45942235
2017-04-26 23:30:00,UNIDADE MOVEL BANGU,0.0,24.3,79.3,0.0,,0.67,,,6.42,,9.0,-22.87140046,-43.45942235
2017-04-27 00:30:00,UNIDADE MOVEL BANGU,0.0,25.0,72.4,0.5,,0.05,,,22.5,,6.0,-22.87140046,-43.45942235
2017-04-27 01:30:00,UNIDADE MOVEL BANGU,0.0,24.97,71.4,1.0,,0.03,,,23.2,,16.0,-22.87140046,-43.45942235
2017-04-27 02:30:00,UNIDADE MOVEL BANGU,0.0,24.9,70.95,0.95,,0.07,,,20.44,,4.0,-22.87140046,-43.45942235
2017-04-27 03:30:00,UNIDADE MOVEL BANGU,0.0,24.9,70.33,0.7,,0.06,,,18.31,,5.0,-22.87140046,-43.45942235
2017-04-27 04:30:00,UNIDADE MOVEL BANGU,0.0,25.15,68.32,0.41,,0.04,,,17.47,,3.0,-22.87140046,-43.45942235
2017-04-27 05:30:00,UNIDADE MOVEL BANGU,0.0,24.88,69.95,0.72,,0.05,,,13.74,,3.5,-22.87140046,-43.45942235
2017-04-27 06:30:00,UNIDADE MOVEL BANGU,0.0,24.27,73.05,1.04,,0.1,,,5.3,,4.0,-22.87140046,-43.45942235
2017-04-27 07:30:00,UNIDADE MOVEL BANGU,0.0,24.17,76.02,1.35,,0.18,,,2.66,,9.0,-22.87140046,-43.45942235
2017-04-27 08:30:00,UNIDADE MOVEL BANGU,0.0,24.78,73.43,1.69,,0.13,,,8.5,,6.0,-22.87140046,-43.45942235
2017-04-27 09:30:00,UNIDADE MOVEL BANGU,0.0,25.25,65.45,1.2,,0.07,,,14.07,,11.0,-22.87140046,-43.45942235
2017-04-27 10:30:00,UNIDADE MOVEL BANGU,0.0,24.97,67.23,0.69,,0.12,,,12.78,,9.0,-22.87140046,-43.45942235
2017-04-27 11:30:00,UNIDADE MOVEL BANGU,0.0,24.72,67.5,1.12,,0.09,,,14.13,,10.0,-22.87140046,-43.45942235
2017-04-27 12:30:00,UNIDADE MOVEL BANGU,0.0,25.13,62.62,1.09,,0.08,,,17.98,,9.0,-22.87140046,-43.45942235
2017-04-27 13:30:00,UNIDADE MOVEL BANGU,0.0,25.17,62.55,1.46,,0.07,,,21.13,,9.0,-22.87140046,-43.45942235
2017-04-27 14:30:00,UNIDADE MOVEL BANGU,0.0,24.72,66.62,1.23,,0.07,,,23.01,,4.0,-22.87140046,-43.45942235
2017-04-27 15:30:00,UNIDADE MOVEL BANGU,0.0,23.9,69.23,0.6,,0.08,,,20.51,,2.0,-22.87140046,-43.45942235
2017-04-27 16:30:00,UNIDADE MOVEL BANGU,1.0,21.93,85.43,1.08,,0.06,,,17.93,,1.0,-22.87140046,-43.45942235
2017-04-27 17:30:00,UNIDADE MOVEL BANGU,0.0,21.27,87.72,0.34,,0.09,,,21.37,,15.0,-22.87140046,-43.45942235
2017-04-27 18:30:00,UNIDADE MOVEL BANGU,0.0,20.77,87.57,0.03,,0.12,,,23.36,,3.0,-22.87140046,-43.45942235
2017-04-27 19:30:00,UNIDADE MOVEL BANGU,1.0,20.3,89.85,0.0,,0.07,,,22.48,,15.0,-22.87140046,-43.45942235
2017-04-27 20:30:00,UNIDADE MOVEL BANGU,1.0,20.0,91.13,0.0,,0.08,,,24.47,,11.0,-22.87140046,-43.45942235
2017-04-27 21:30:00,UNIDADE MOVEL BANGU,0.0,19.88,90.3,0.02,,0.06,,,26.51,,10.0,-22.87140046,-43.45942235
2017-04-27 22:30:00,UNIDADE MOVEL BANGU,0.0,19.58,90.45,0.3,,0.04,,,26.89,,5.0,-22.87140046,-43.45942235
2017-04-27 23:30:00,UNIDADE MOVEL BANGU,1.0,19.33,91.2,0.24,,0.03,,,28.91,,6.0,-22.87140046,-43.45942235
2017-04-28 00:30:00,UNIDADE MOVEL BANGU,1.0,19.55,92.45,0.41,,0.02,,,23.84,,5.0,-22.87140046,-43.45942235
2017-04-28 01:30:00,UNIDADE MOVEL BANGU,2.0,19.68,93.02,0.58,,0.0,,,23.47,,14.0,-22.87140046,-43.45942235
2017-04-28 02:30:00,UNIDADE MOVEL BANGU,0.0,19.37,93.15,0.17,,0.01,,,27.44,,4.0,-22.87140046,-43.45942235
2017-04-28 03:30:00,UNIDADE MOVEL BANGU,0.0,19.32,92.78,0.7,,0.01,,,27.16,,1.0,-22.87140046,-43.45942235
2017-04-28 04:30:00,UNIDADE MOVEL BANGU,0.0,19.17,92.65,0.09,,0.01,,,25.7,,6.0,-22.87140046,-43.45942235
2017-04-28 05:30:00,UNIDADE MOVEL BANGU,0.0,18.93,92.93,0.44,,0.04,,,20.97,,,-22.87140046,-43.45942235
2017-04-28 06:30:00,UNIDADE MOVEL BANGU,0.0,19.02,92.25,0.59,,0.04,,,12.95,,,-22.87140046,-43.45942235
2017-04-28 07:30:00,UNIDADE MOVEL BANGU,0.0,19.08,91.87,0.86,,0.19,,,4.59,,,-22.87140046,-43.45942235
2017-04-28 08:30:00,UNIDADE MOVEL BANGU,0.0,19.17,91.78,1.36,,0.18,,,5.74,,,-22.87140046,-43.45942235
2017-04-28 09:30:00,UNIDADE MOVEL BANGU,0.0,19.67,91.27,0.56,,0.07,,,12.98,,,-22.87140046,-43.45942235
2017-04-28 10:30:00,UNIDADE MOVEL BANGU,0.0,19.7,89.35,0.0,,0.07,,,11.95,,,-22.87140046,-43.45942235
2017-04-28 11:30:00,UNIDADE MOVEL BANGU,0.0,20.43,82.48,0.34,,0.08,,,21.02,,,-22.87140046,-43.45942235
2017-04-28 12:30:00,UNIDADE MOVEL BANGU,0.0,19.8,82.78,0.42,,0.08,,,19.41,,,-22.87140046,-43.45942235
2017-04-28 13:30:00,UNIDADE MOVEL BANGU,0.0,20.13,77.57,0.8,,0.07,,,23.11,,,-22.87140046,-43.45942235
2017-04-28 14:30:00,UNIDADE MOVEL BANGU,0.0,20.57,74.4,0.89,,0.11,,,21.66,,,-22.87140046,-43.45942235
2017-04-28 15:30:00,UNIDADE MOVEL BANGU,0.0,20.87,70.52,0.51,,0.13,,,25.19,,,-22.87140046,-43.45942235
2017-04-28 16:30:00,UNIDADE MOVEL BANGU,0.0,20.73,69.98,0.45,,0.21,,,17.72,,,-22.87140046,-43.45942235
2017-04-28 17:30:00,UNIDADE MOVEL BANGU,0.0,20.6,69.95,1.6,,0.51,,,8.45,,7.0,-22.87140046,-43.45942235
2017-04-28 18:30:00,UNIDADE MOVEL BANGU,0.0,19.68,79.65,1.48,,0.32,,,2.82,,17.0,-22.87140046,-43.45942235
2017-04-28 19:30:00,UNIDADE MOVEL BANGU,0.0,19.17,84.08,2.02,,0.4,,,1.7,,14.0,-22.87140046,-43.45942235
2017-04-28 20:30:00,UNIDADE MOVEL BANGU,0.0,19.2,83.45,1.15,,0.34,,,0.0,,30.0,-22.87140046,-43.45942235
2017-04-28 21:30:00,UNIDADE MOVEL BANGU,0.0,18.92,84.38,1.02,,0.19,,,1.29,,9.0,-22.87140046,-43.45942235
2017-04-28 22:30:00,UNIDADE MOVEL BANGU,0.0,18.62,86.75,0.5,,0.2,,,2.12,,24.0,-22.87140046,-43.45942235
2017-04-28 23:30:00,UNIDADE MOVEL BANGU,0.0,18.62,85.87,1.13,,0.11,,,1.79,,16.5,-22.87140046,-43.45942235
2017-04-29 00:30:00,UNIDADE MOVEL BANGU,0.0,18.72,84.48,1.005,,0.23,,,0.95,,9.0,-22.87140046,-43.45942235
2017-04-29 01:30:00,UNIDADE MOVEL BANGU,0.0,18.37,86.53,0.88,,0.08,,,13.04,,6.0,-22.87140046,-43.45942235
2017-04-29 02:30:00,UNIDADE MOVEL BANGU,0.0,17.85,90.57,0.12,,0.06,,,20.02,,,-22.87140046,-43.45942235
2017-04-29 03:30:00,UNIDADE MOVEL BANGU,0.0,17.8,91.45,0.0,,0.08,,,17.38,,,-22.87140046,-43.45942235
2017-04-29 04:30:00,UNIDADE MOVEL BANGU,0.0,17.82,91.7,0.0,,0.07,,,11.93,,,-22.87140046,-43.45942235
2017-04-29 05:30:00,UNIDADE MOVEL BANGU,0.0,17.98,91.1,0.0,,0.09,,,9.33,,,-22.87140046,-43.45942235
2017-04-29 06:30:00,UNIDADE MOVEL BANGU,0.0,18.13,90.07,0.0,,0.15,,,10.52,,,-22.87140046,-43.45942235
2017-04-29 07:30:00,UNIDADE MOVEL BANGU,0.0,18.57,88.67,0.0,,0.21000000000000002,,,8.64,,,-22.87140046,-43.45942235
2017-04-29 08:30:00,UNIDADE MOVEL BANGU,0.0,19.2,86.22,0.0,,0.27,,,6.77,,,-22.87140046,-43.45942235
2017-04-29 09:30:00,UNIDADE MOVEL BANGU,0.0,20.12,79.72,0.17,,0.25,,,9.75,,,-22.87140046,-43.45942235
2017-04-29 10:30:00,UNIDADE MOVEL BANGU,0.0,20.3,79.18,0.52,,0.32,,,12.18,,,-22.87140046,-43.45942235
2017-04-29 11:30:00,UNIDADE MOVEL BANGU,0.0,21.03,75.52,0.15,,0.3,,,16.67,,,-22.87140046,-43.45942235
2017-04-29 12:30:00,UNIDADE MOVEL BANGU,0.0,22.03,70.03,0.57,,0.27,,,22.57,,,-22.87140046,-43.45942235
2017-04-29 13:30:00,UNIDADE MOVEL BANGU,0.0,22.42,67.73,1.17,,0.29,,,21.41,,,-22.87140046,-43.45942235
2017-04-29 14:30:00,UNIDADE MOVEL BANGU,0.0,22.95,64.52,0.9,,0.31,,,23.27,,,-22.87140046,-43.45942235
2017-04-29 15:30:00,UNIDADE MOVEL BANGU,0.0,23.0,62.32,0.9,,0.27,,,22.43,,,-22.87140046,-43.45942235
2017-04-29 16:30:00,UNIDADE MOVEL BANGU,0.0,22.5,63.6,1.46,,0.27,,,13.16,,,-22.87140046,-43.45942235
2017-04-29 17:30:00,UNIDADE MOVEL BANGU,0.0,21.82,72.42,1.15,,0.37,,,12.21,,,-22.87140046,-43.45942235
2017-04-29 18:30:00,UNIDADE MOVEL BANGU,0.0,21.33,71.95,1.79,,0.56,,,16.36,,,-22.87140046,-43.45942235
2017-04-29 19:30:00,UNIDADE MOVEL BANGU,0.0,21.25,72.33,1.61,,0.39,,,11.16,,,-22.87140046,-43.45942235
2017-04-29 20:30:00,UNIDADE MOVEL BANGU,0.0,21.03,75.15,1.19,,0.45,,,1.3,,,-22.87140046,-43.45942235
2017-04-29 21:30:00,UNIDADE MOVEL BANGU,0.0,20.6,77.78,1.43,,0.44,,,4.27,,,-22.87140046,-43.45942235
2017-04-29 22:30:00,UNIDADE MOVEL BANGU,0.0,19.73,86.02,2.19,,0.36,,,2.45,,,-22.87140046,-43.45942235
2017-04-29 23:30:00,UNIDADE MOVEL BANGU,0.0,19.73,84.73,3.38,,0.38,,,3.78,,,-22.87140046,-43.45942235
2017-04-30 00:30:00,UNIDADE MOVEL BANGU,0.0,19.63,85.02,3.86,,0.51,,,0.68,,,-22.87140046,-43.45942235
2017-04-30 01:30:00,UNIDADE MOVEL BANGU,0.0,19.77,82.8,9.96,,0.34,,,0.42,,,-22.87140046,-43.45942235
2017-04-30 02:30:00,UNIDADE MOVEL BANGU,0.0,19.77,82.78,9.18,,0.32,,,0.13,,,-22.87140046,-43.45942235
2017-04-30 03:30:00,UNIDADE MOVEL BANGU,0.0,19.6,84.33,6.21,,0.19,,,0.73,,,-22.87140046,-43.45942235
2017-04-30 04:30:00,UNIDADE MOVEL BANGU,0.0,19.07,86.32,3.39,,0.1,,,7.54,,,-22.87140046,-43.45942235
2017-04-30 05:30:00,UNIDADE MOVEL BANGU,0.0,18.95,86.65,5.62,,0.12,,,6.36,,,-22.87140046,-43.45942235
2017-04-30 06:30:00,UNIDADE MOVEL BANGU,0.0,19.15,85.97,3.29,,0.14,,,4.14,,,-22.87140046,-43.45942235
2017-04-30 07:30:00,UNIDADE MOVEL BANGU,0.0,19.58,83.17,3.33,,0.4,,,3.0,,,-22.87140046,-43.45942235
2017-04-30 08:30:00,UNIDADE MOVEL BANGU,0.0,20.63,76.6,4.48,,0.18,,,8.92,,,-22.87140046,-43.45942235
2017-04-30 09:30:00,UNIDADE MOVEL BANGU,0.0,21.18,74.7,7.04,,0.12,,,11.52,,,-22.87140046,-43.45942235
2017-04-30 10:30:00,UNIDADE MOVEL BANGU,0.0,22.47,69.2,4.2,,0.16,,,18.55,,,-22.87140046,-43.45942235
2017-04-30 11:30:00,UNIDADE MOVEL BANGU,0.0,24.5,60.88,2.96,,0.2,,,26.41,,,-22.87140046,-43.45942235
2017-04-30 12:30:00,UNIDADE MOVEL BANGU,0.0,24.58,60.6,2.43,,0.07,,,27.43,,,-22.87140046,-43.45942235
2017-04-30 13:30:00,UNIDADE MOVEL BANGU,0.0,24.37,60.82,2.19,,0.07,,,32.85,,,-22.87140046,-43.45942235
2017-04-30 14:30:00,UNIDADE MOVEL BANGU,0.0,24.72,56.78,0.83,,0.1,,,32.11,,,-22.87140046,-43.45942235
2017-04-30 15:30:00,UNIDADE MOVEL BANGU,0.0,23.68,60.63,0.29,,0.06,,,30.65,,,-22.87140046,-43.45942235
2017-04-30 16:30:00,UNIDADE MOVEL BANGU,0.0,23.32,62.73,0.0,,0.04,,,29.7,,,-22.87140046,-43.45942235
2017-04-30 17:30:00,UNIDADE MOVEL BANGU,0.0,22.17,67.05,0.28,,0.05,,,24.17,,,-22.87140046,-43.45942235
2017-04-30 18:30:00,UNIDADE MOVEL BANGU,0.0,22.17,66.05,0.04,,0.28,,,17.51,,,-22.87140046,-43.45942235
2017-04-30 19:30:00,UNIDADE MOVEL BANGU,0.0,21.78,69.22,0.06,,0.36,,,4.45,,,-22.87140046,-43.45942235
2017-04-30 20:30:00,UNIDADE MOVEL BANGU,0.0,21.52,69.28,0.05,,0.47,,,1.72,,,-22.87140046,-43.45942235
2017-04-30 21:30:00,UNIDADE MOVEL BANGU,0.0,20.57,75.2,0.83,,0.49,,,0.05,,,-22.87140046,-43.45942235
2017-04-30 22:30:00,UNIDADE MOVEL BANGU,0.0,19.88,76.85,1.26,,1.04,,,3.25,,,-22.87140046,-43.45942235
2017-04-30 23:30:00,UNIDADE MOVEL BANGU,0.0,19.44,78.42,1.13,,0.69,,,0.46,,,-22.87140046,-43.45942235
2017-05-01 00:30:00,UNIDADE MOVEL BANGU,0.0,19.12,81.17,1.18,,1.07,,,0.01,,,-22.87140046,-43.45942235
2017-05-01 01:30:00,UNIDADE MOVEL BANGU,0.0,18.97,83.35,1.23,,0.89,,,0.12,,,-22.87140046,-43.45942235
2017-05-01 02:30:00,UNIDADE MOVEL BANGU,0.0,19.02,84.35,1.22,,0.76,,,0.05,,,-22.87140046,-43.45942235
2017-05-01 03:30:00,UNIDADE MOVEL BANGU,0.0,19.22,83.4,0.51,,0.53,,,0.0,,,-22.87140046,-43.45942235
2017-05-01 04:30:00,UNIDADE MOVEL BANGU,0.0,18.72,86.02,0.69,,0.53,,,0.0,,,-22.87140046,-43.45942235
2017-05-01 05:30:00,UNIDADE MOVEL BANGU,0.0,18.62,86.48,0.89,,0.32,,,0.0,,,-22.87140046,-43.45942235
2017-05-01 06:30:00,UNIDADE MOVEL BANGU,0.0,18.17,88.52,0.11,,0.4,,,0.08,,,-22.87140046,-43.45942235
2017-05-01 07:30:00,UNIDADE MOVEL BANGU,0.0,20.53,79.83,0.04,,0.86,,,0.56,,,-22.87140046,-43.45942235
2017-05-01 08:30:00,UNIDADE MOVEL BANGU,0.0,23.25,66.63,0.42,,0.19,,,10.72,,,-22.87140046,-43.45942235
2017-05-01 09:30:00,UNIDADE MOVEL BANGU,0.0,24.55,60.07,1.44,,0.11,,,25.32,,,-22.87140046,-43.45942235
2017-05-01 10:30:00,UNIDADE MOVEL BANGU,0.0,26.1,52.12,1.01,,0.17,,,29.1,,,-22.87140046,-43.45942235
2017-05-01 11:30:00,UNIDADE MOVEL BANGU,0.0,26.95,45.35,1.59,,0.07,,,46.46,,,-22.87140046,-43.45942235
2017-05-01 12:30:00,UNIDADE MOVEL BANGU,0.0,27.42,39.3,1.12,,0.08,,,43.33,,,-22.87140046,-43.45942235
2017-05-01 13:30:00,UNIDADE MOVEL BANGU,0.0,27.83,35.67,1.96,,0.04,,,41.61,,,-22.87140046,-43.45942235
2017-05-01 14:30:00,UNIDADE MOVEL BANGU,0.0,27.78,39.55,2.96,,0.08,,,45.86,,,-22.87140046,-43.45942235
2017-05-01 15:30:00,UNIDADE MOVEL BANGU,0.0,27.0,44.75,3.5,,0.06,,,42.41,,,-22.87140046,-43.45942235
2017-05-01 16:30:00,UNIDADE MOVEL BANGU,0.0,26.82,46.57,3.72,,0.04,,,38.49,,,-22.87140046,-43.45942235
2017-05-01 17:30:00,UNIDADE MOVEL BANGU,0.0,24.15,50.05,2.54,,0.03,,,31.48,,,-22.87140046,-43.45942235
2017-05-01 18:30:00,UNIDADE MOVEL BANGU,0.0,23.28,47.5,1.39,,0.07,,,23.48,,,-22.87140046,-43.45942235
2017-05-01 19:30:00,UNIDADE MOVEL BANGU,0.0,22.82,48.88,1.01,,0.21,,,11.49,,,-22.87140046,-43.45942235
2017-05-01 20:30:00,UNIDADE MOVEL BANGU,0.0,22.48,51.03,1.34,,0.18,,,2.9,,,-22.87140046,-43.45942235
2017-05-01 21:30:00,UNIDADE MOVEL BANGU,0.0,22.0,57.38,0.99,,0.14,,,3.69,,,-22.87140046,-43.45942235
2017-05-01 22:30:00,UNIDADE MOVEL BANGU,0.0,21.23,62.03,1.13,,0.26,,,1.26,,,-22.87140046,-43.45942235
2017-05-01 23:30:00,UNIDADE MOVEL BANGU,0.0,20.63,64.87,1.18,,0.27,,,0.0,,,-22.87140046,-43.45942235
2017-05-02 00:30:00,UNIDADE MOVEL BANGU,0.0,20.23,68.63,0.54,,0.25,,,0.52,,,-22.87140046,-43.45942235
2017-05-02 01:30:00,UNIDADE MOVEL BANGU,0.0,19.8,71.88,0.24,,0.13,,,0.36,,,-22.87140046,-43.45942235
2017-05-02 02:30:00,UNIDADE MOVEL BANGU,0.0,19.43,74.22,0.07,,0.07,,,1.94,,,-22.87140046,-43.45942235
2017-05-02 03:30:00,UNIDADE MOVEL BANGU,0.0,19.37,75.3,0.0,,0.06,,,3.75,,,-22.87140046,-43.45942235
2017-05-02 04:30:00,UNIDADE MOVEL BANGU,0.0,19.15,77.57,0.0,,0.08,,,1.23,,,-22.87140046,-43.45942235
2017-05-02 05:30:00,UNIDADE MOVEL BANGU,0.0,19.22,78.62,0.04,,0.1,,,0.32,,,-22.87140046,-43.45942235
2017-05-02 06:30:00,UNIDADE MOVEL BANGU,0.0,19.37,78.55,0.87,,0.48,,,0.0,,,-22.87140046,-43.45942235
2017-05-02 07:30:00,UNIDADE MOVEL BANGU,0.0,20.03,75.45,1.28,,0.82,,,0.24,,,-22.87140046,-43.45942235
2017-05-02 08:30:00,UNIDADE MOVEL BANGU,0.0,20.75,73.05,0.19,,0.34,,,0.74,,,-22.87140046,-43.45942235
2017-05-02 09:30:00,UNIDADE MOVEL BANGU,0.0,21.13,72.12,1.07,,0.31,,,3.46,,,-22.87140046,-43.45942235
2017-05-02 10:30:00,UNIDADE MOVEL BANGU,0.0,22.25,68.45,1.69,,0.3,,,3.64,,,-22.87140046,-43.45942235
2017-05-02 11:30:00,UNIDADE MOVEL BANGU,0.0,24.22,57.57,1.4,,0.12,,,17.3,,,-22.87140046,-43.45942235
2017-05-02 12:30:00,UNIDADE MOVEL BANGU,0.0,25.92,49.13,2.37,,0.05,,,30.44,,,-22.87140046,-43.45942235
2017-05-02 13:30:00,UNIDADE MOVEL BANGU,0.0,25.37,48.3,1.23,,0.02,,,28.74,,,-22.87140046,-43.45942235
2017-05-02 14:30:00,UNIDADE MOVEL BANGU,0.0,25.08,50.12,0.1,,0.06,,,31.57,,,-22.87140046,-43.45942235
2017-05-02 15:30:00,UNIDADE MOVEL BANGU,0.0,25.85,49.68,0.14,,0.04,,,35.48,,,-22.87140046,-43.45942235
2017-05-02 16:30:00,UNIDADE MOVEL BANGU,0.0,24.53,56.65,0.47,,0.04,,,23.83,,,-22.87140046,-43.45942235
2017-05-02 17:30:00,UNIDADE MOVEL BANGU,0.0,23.5,61.77,0.0,,0.47,,,15.74,,,-22.87140046,-43.45942235
2017-05-02 18:30:00,UNIDADE MOVEL BANGU,0.0,22.72,64.33,0.1,,0.25,,,3.74,,,-22.87140046,-43.45942235
2017-05-02 19:30:00,UNIDADE MOVEL BANGU,0.0,22.17,66.63,0.0,,0.4,,,0.84,,,-22.87140046,-43.45942235
2017-05-02 20:30:00,UNIDADE MOVEL BANGU,0.0,21.72,68.18,0.0,,0.21,,,0.0,,,-22.87140046,-43.45942235
2017-05-02 21:30:00,UNIDADE MOVEL BANGU,0.0,21.35,69.6,0.0,,0.26,,,0.03,,,-22.87140046,-43.45942235
2017-05-02 22:30:00,UNIDADE MOVEL BANGU,0.0,20.85,70.65,0.0,,0.28,,,0.01,,,-22.87140046,-43.45942235
2017-05-02 23:30:00,UNIDADE MOVEL BANGU,0.0,20.38,72.35,0.0,,0.17,,,0.0,,,-22.87140046,-43.45942235
2017-05-03 00:30:00,UNIDADE MOVEL BANGU,0.0,19.77,74.22,0.19,,0.18,,,0.0,,,-22.87140046,-43.45942235
2017-05-03 01:30:00,UNIDADE MOVEL BANGU,0.0,19.38,76.27,0.38,,0.25,,,0.0,,,-22.87140046,-43.45942235
2017-05-03 02:30:00,UNIDADE MOVEL BANGU,0.0,19.05,77.15,0.32,,0.17,,,0.39,,,-22.87140046,-43.45942235
2017-05-03 03:30:00,UNIDADE MOVEL BANGU,0.0,18.72,79.17,0.1,,0.09,,,0.0,,,-22.87140046,-43.45942235
2017-05-03 04:30:00,UNIDADE MOVEL BANGU,0.0,18.53,80.53,0.17,,0.1,,,0.22,,,-22.87140046,-43.45942235
2017-05-03 05:30:00,UNIDADE MOVEL BANGU,0.0,18.1,82.97,0.45,,0.18,,,0.0,,,-22.87140046,-43.45942235
2017-05-03 06:30:00,UNIDADE MOVEL BANGU,0.0,18.13,84.28,0.45,,0.55,,,0.0,,,-22.87140046,-43.45942235
2017-05-03 07:30:00,UNIDADE MOVEL BANGU,0.0,20.15,78.95,1.27,,0.92,,,0.42,,,-22.87140046,-43.45942235
2017-05-03 08:30:00,UNIDADE MOVEL BANGU,0.0,22.85,66.88,1.01,,0.29,,,10.17,,,-22.87140046,-43.45942235
2017-05-03 09:30:00,UNIDADE MOVEL BANGU,0.0,24.75,58.78,18.69,,0.23,,,20.04,,,-22.87140046,-43.45942235
2017-05-03 10:30:00,UNIDADE MOVEL BANGU,0.0,26.53,51.28,27.0,,0.2,,,30.8,,,-22.87140046,-43.45942235
2017-05-03 11:30:00,UNIDADE MOVEL BANGU,0.0,28.07,46.0,16.34,,0.19,,,43.24,,,-22.87140046,-43.45942235
2017-05-03 12:30:00,UNIDADE MOVEL BANGU,0.0,28.35,44.82,9.45,,0.14,,,53.32,,,-22.87140046,-43.45942235
2017-05-03 13:30:00,UNIDADE MOVEL BANGU,0.0,29.37,42.87,9.47,,0.11,,,58.4,,,-22.87140046,-43.45942235
2017-05-03 14:30:00,UNIDADE MOVEL BANGU,0.0,28.88,45.6,8.34,,0.1,,,57.89,,,-22.87140046,-43.45942235
2017-05-03 15:30:00,UNIDADE MOVEL BANGU,0.0,28.1,47.38,8.44,,0.07,,,58.98,,,-22.87140046,-43.45942235
2017-05-03 16:30:00,UNIDADE MOVEL BANGU,0.0,25.95,51.72,7.51,,0.07,,,46.95,,,-22.87140046,-43.45942235
2017-05-03 17:30:00,UNIDADE MOVEL BANGU,0.0,24.37,52.67,8.3,,0.3,,,21.28,,,-22.87140046,-43.45942235
2017-05-03 18:30:00,UNIDADE MOVEL BANGU,0.0,23.63,57.0,16.0,,0.35,,,3.4,,,-22.87140046,-43.45942235
2017-05-03 19:30:00,UNIDADE MOVEL BANGU,0.0,23.25,59.47,7.65,,0.45,,,4.1,,21.0,-22.87140046,-43.45942235
2017-05-03 20:30:00,UNIDADE MOVEL BANGU,0.0,22.28,66.27,5.42,,0.32,,,2.11,,23.0,-22.87140046,-43.45942235
2017-05-03 21:30:00,UNIDADE MOVEL BANGU,0.0,21.67,67.95,4.8,,0.26,,,0.51,,45.0,-22.87140046,-43.45942235
2017-05-03 22:30:00,UNIDADE MOVEL BANGU,0.0,21.27,72.07,3.73,,0.32,,,1.51,,36.0,-22.87140046,-43.45942235
2017-05-03 23:30:00,UNIDADE MOVEL BANGU,0.0,20.92,74.62,2.6,,0.25,,,1.69,,41.0,-22.87140046,-43.45942235
2017-05-04 00:30:00,UNIDADE MOVEL BANGU,0.0,20.57,75.98,2.5250000000000004,,0.19,,,0.6,,29.0,-22.87140046,-43.45942235
2017-05-04 01:30:00,UNIDADE MOVEL BANGU,0.0,20.07,78.4,2.45,,0.23,,,0.0,,32.0,-22.87140046,-43.45942235
2017-05-04 02:30:00,UNIDADE MOVEL BANGU,0.0,19.57,80.85,1.49,,0.3,,,0.0,,27.0,-22.87140046,-43.45942235
2017-05-04 03:30:00,UNIDADE MOVEL BANGU,0.0,19.25,81.38,0.73,,0.21,,,0.0,,35.0,-22.87140046,-43.45942235
2017-05-04 04:30:00,UNIDADE MOVEL BANGU,0.0,18.7,84.33,0.79,,0.24,,,0.0,,25.0,-22.87140046,-43.45942235
2017-05-04 05:30:00,UNIDADE MOVEL BANGU,0.0,18.53,85.65,0.97,,0.27,,,0.01,,28.0,-22.87140046,-43.45942235
2017-05-04 06:30:00,UNIDADE MOVEL BANGU,0.0,18.47,86.42,1.59,,1.01,,,0.25,,26.0,-22.87140046,-43.45942235
2017-05-04 07:30:00,UNIDADE MOVEL BANGU,0.0,20.87,77.37,2.61,,1.13,,,0.63,,29.0,-22.87140046,-43.45942235
2017-05-04 08:30:00,UNIDADE MOVEL BANGU,0.0,23.02,68.63,2.19,,0.39,,,7.61,,36.0,-22.87140046,-43.45942235
2017-05-04 09:30:00,UNIDADE MOVEL BANGU,0.0,24.77,57.57,2.18,,0.21,,,16.52,,26.0,-22.87140046,-43.45942235
2017-05-04 10:30:00,UNIDADE MOVEL BANGU,0.0,26.98,50.53,2.42,,0.16,,,29.22,,16.0,-22.87140046,-43.45942235
2017-05-04 11:30:00,UNIDADE MOVEL BANGU,0.0,28.15,47.52,3.08,,0.23,,,39.54,,15.0,-22.87140046,-43.45942235
2017-05-04 12:30:00,UNIDADE MOVEL BANGU,0.0,29.33,44.07,4.17,,0.13,,,49.77,,8.0,-22.87140046,-43.45942235
2017-05-04 13:30:00,UNIDADE MOVEL BANGU,0.0,29.72,42.55,4.45,,0.12,,,59.07,,9.0,-22.87140046,-43.45942235
2017-05-04 14:30:00,UNIDADE MOVEL BANGU,0.0,30.2,41.43,4.24,,0.1,,,59.17,,11.0,-22.87140046,-43.45942235
2017-05-04 15:30:00,UNIDADE MOVEL BANGU,0.0,29.62,44.68,4.59,,0.17,,,63.61,,11.0,-22.87140046,-43.45942235
2017-05-04 16:30:00,UNIDADE MOVEL BANGU,0.0,28.63,47.47,6.02,,0.25,,,67.88,,23.0,-22.87140046,-43.45942235
2017-05-04 17:30:00,UNIDADE MOVEL BANGU,0.0,26.78,52.63,5.74,,0.28,,,55.05,,24.0,-22.87140046,-43.45942235
2017-05-04 18:30:00,UNIDADE MOVEL BANGU,0.0,25.5,57.2,4.43,,0.64,,,19.46,,29.0,-22.87140046,-43.45942235
2017-05-04 19:30:00,UNIDADE MOVEL BANGU,0.0,24.4,63.22,3.88,,1.14,,,0.19,,31.0,-22.87140046,-43.45942235
2017-05-04 20:30:00,UNIDADE MOVEL BANGU,0.0,24.1,64.47,4.37,,1.38,,,0.1,,36.0,-22.87140046,-43.45942235
2017-05-04 21:30:00,UNIDADE MOVEL BANGU,0.0,24.13,66.9,4.47,,1.15,,,0.05,,31.0,-22.87140046,-43.45942235
2017-05-04 22:30:00,UNIDADE MOVEL BANGU,0.0,23.8,73.37,3.71,,0.62,,,0.0,,33.0,-22.87140046,-43.45942235
2017-05-04 23:30:00,UNIDADE MOVEL BANGU,0.0,23.45,75.53,3.7,,0.38,,,0.19,,23.0,-22.87140046,-43.45942235
2017-05-05 00:30:00,UNIDADE MOVEL BANGU,0.0,22.63,79.22,2.05,,0.3,,,0.01,,14.0,-22.87140046,-43.45942235
2017-05-05 01:30:00,UNIDADE MOVEL BANGU,0.0,21.85,82.15,1.3,,0.19,,,0.54,,14.0,-22.87140046,-43.45942235
2017-05-05 02:30:00,UNIDADE MOVEL BANGU,0.0,21.35,84.67,0.92,,0.17,,,0.0,,15.0,-22.87140046,-43.45942235
2017-05-05 03:30:00,UNIDADE MOVEL BANGU,0.0,21.17,84.05,0.4,,0.14,,,0.08,,18.0,-22.87140046,-43.45942235
2017-05-05 04:30:00,UNIDADE MOVEL BANGU,0.0,21.15,83.13,0.27,,0.17,,,0.0,,10.0,-22.87140046,-43.45942235
2017-05-05 05:30:00,UNIDADE MOVEL BANGU,0.0,20.98,84.15,0.5,,0.14,,,0.0,,20.0,-22.87140046,-43.45942235
2017-05-05 06:30:00,UNIDADE MOVEL BANGU,0.0,20.98,83.23,1.2,,0.43,,,0.0,,24.0,-22.87140046,-43.45942235
2017-05-05 07:30:00,UNIDADE MOVEL BANGU,0.0,22.47,71.58,0.45,,0.27,,,1.88,,21.0,-22.87140046,-43.45942235
2017-05-05 08:30:00,UNIDADE MOVEL BANGU,0.0,23.68,64.98,0.38,,0.17,,,6.68,,18.0,-22.87140046,-43.45942235
2017-05-05 09:30:00,UNIDADE MOVEL BANGU,0.0,25.47,59.5,0.48,,0.11,,,14.52,,19.0,-22.87140046,-43.45942235
2017-05-05 10:30:00,UNIDADE MOVEL BANGU,0.0,25.72,58.8,0.38,,0.1,,,16.36,,10.0,-22.87140046,-43.45942235
2017-05-05 11:30:00,UNIDADE MOVEL BANGU,0.0,25.62,59.77,0.15,,0.1,,,16.42,,15.0,-22.87140046,-43.45942235
2017-05-05 12:30:00,UNIDADE MOVEL BANGU,0.0,25.78,60.62,0.69,,0.1,,,17.67,,12.0,-22.87140046,-43.45942235
2017-05-05 13:30:00,UNIDADE MOVEL BANGU,0.0,25.9,61.77,0.9,,0.09,,,22.63,,15.0,-22.87140046,-43.45942235
2017-05-05 14:30:00,UNIDADE MOVEL BANGU,0.0,25.55,63.9,0.48,,0.14,,,18.46,,13.0,-22.87140046,-43.45942235
2017-05-05 15:30:00,UNIDADE MOVEL BANGU,0.0,23.8,71.48,0.58,,0.1,,,14.29,,12.0,-22.87140046,-43.45942235
2017-05-05 16:30:00,UNIDADE MOVEL BANGU,0.0,23.18,70.77,,,0.17,,,10.12,,18.0,-22.87140046,-43.45942235
2017-05-05 17:30:00,UNIDADE MOVEL BANGU,0.0,22.67,72.23,,,0.39,,,5.95,,17.0,-22.87140046,-43.45942235
2017-05-05 18:30:00,UNIDADE MOVEL BANGU,0.0,22.15,71.53,,,0.3,,,2.68,,14.0,-22.87140046,-43.45942235
2017-05-05 19:30:00,UNIDADE MOVEL BANGU,0.0,22.27,68.85,,,0.58,,,0.59,,12.0,-22.87140046,-43.45942235
2017-05-05 20:30:00,UNIDADE MOVEL BANGU,0.0,22.12,70.55,,,0.98,,,0.06,,21.0,-22.87140046,-43.45942235
2017-05-05 21:30:00,UNIDADE MOVEL BANGU,0.0,22.02,70.95,,,0.97,,,0.67,,35.0,-22.87140046,-43.45942235
2017-05-05 22:30:00,UNIDADE MOVEL BANGU,0.0,21.95,73.53,,,0.89,,,0.14,,25.0,-22.87140046,-43.45942235
2017-05-05 23:30:00,UNIDADE MOVEL BANGU,0.0,21.97,79.37,,,0.84,,,0.47,,41.0,-22.87140046,-43.45942235
2017-05-06 00:30:00,UNIDADE MOVEL BANGU,0.0,21.67,77.57,,,0.47,,,0.85,,38.0,-22.87140046,-43.45942235
2017-05-06 01:30:00,UNIDADE MOVEL BANGU,0.0,22.47,66.62,,,0.16,,,6.25,,25.0,-22.87140046,-43.45942235
2017-05-06 02:30:00,UNIDADE MOVEL BANGU,0.0,21.57,69.13,,,0.22,,,5.41,,8.0,-22.87140046,-43.45942235
2017-05-06 03:30:00,UNIDADE MOVEL BANGU,0.0,20.9,78.87,,,0.14,,,5.33,,13.0,-22.87140046,-43.45942235
2017-05-06 04:30:00,UNIDADE MOVEL BANGU,0.0,20.95,79.77,,,0.08,,,10.18,,10.0,-22.87140046,-43.45942235
2017-05-06 05:30:00,UNIDADE MOVEL BANGU,0.0,20.83,80.58,,,0.09,,,4.02,,8.0,-22.87140046,-43.45942235
2017-05-06 06:30:00,UNIDADE MOVEL BANGU,0.0,20.87,81.08,,,0.23,,,0.42,,6.0,-22.87140046,-43.45942235
2017-05-06 07:30:00,UNIDADE MOVEL BANGU,0.0,20.62,83.85,,,0.33,,,0.0,,17.0,-22.87140046,-43.45942235
2017-05-06 08:30:00,UNIDADE MOVEL BANGU,1.0,20.58,84.08,,,0.33,,,0.24,,15.0,-22.87140046,-43.45942235
2017-05-06 09:30:00,UNIDADE MOVEL BANGU,0.0,21.55,76.32,,,0.28,,,3.12,,5.0,-22.87140046,-43.45942235
2017-05-06 10:30:00,UNIDADE MOVEL BANGU,0.0,23.33,67.4,,,0.25,,,7.93,,5.0,-22.87140046,-43.45942235
2017-05-06 11:30:00,UNIDADE MOVEL BANGU,0.0,25.75,59.28,,,0.23,,,14.36,,12.0,-22.87140046,-43.45942235
2017-05-06 12:30:00,UNIDADE MOVEL BANGU,0.0,26.52,52.2,,,0.12,,,28.59,,12.0,-22.87140046,-43.45942235
2017-05-06 13:30:00,UNIDADE MOVEL BANGU,0.0,26.98,47.5,,,0.08,,,43.38,,9.0,-22.87140046,-43.45942235
2017-05-06 14:30:00,UNIDADE MOVEL BANGU,0.0,25.5,57.35,,,0.05,,,46.64,,8.0,-22.87140046,-43.45942235
2017-05-06 15:30:00,UNIDADE MOVEL BANGU,0.0,25.52,56.1,,,0.07,,,47.05,,7.0,-22.87140046,-43.45942235
2017-05-06 16:30:00,UNIDADE MOVEL BANGU,0.0,24.48,56.3,,,0.05,,,46.78,,10.0,-22.87140046,-43.45942235
2017-05-06 17:30:00,UNIDADE MOVEL BANGU,0.0,23.3,61.35,,,0.11,,,45.28,,6.0,-22.87140046,-43.45942235
2017-05-06 18:30:00,UNIDADE MOVEL BANGU,0.0,22.57,67.12,,,0.18,,,31.5,,20.0,-22.87140046,-43.45942235
2017-05-06 19:30:00,UNIDADE MOVEL BANGU,0.0,22.13,70.33,,,0.33,,,23.79,,18.0,-22.87140046,-43.45942235
2017-05-06 20:30:00,UNIDADE MOVEL BANGU,0.0,21.9,72.07,,,0.17,,,30.44,,13.0,-22.87140046,-43.45942235
2017-05-06 21:30:00,UNIDADE MOVEL BANGU,0.0,21.97,71.55,,,0.24,,,21.22,,9.0,-22.87140046,-43.45942235
2017-05-06 22:30:00,UNIDADE MOVEL BANGU,0.0,21.67,73.98,,,0.17,,,26.14,,12.0,-22.87140046,-43.45942235
2017-05-06 23:30:00,UNIDADE MOVEL BANGU,0.0,21.02,77.25,,,0.26,,,8.46,,16.0,-22.87140046,-43.45942235
2017-05-07 00:30:00,UNIDADE MOVEL BANGU,0.0,20.98,78.08,,,0.33,,,10.29,,14.0,-22.87140046,-43.45942235
2017-05-07 01:30:00,UNIDADE MOVEL BANGU,0.0,21.22,77.05,,,0.33,,,8.05,,23.0,-22.87140046,-43.45942235
2017-05-07 02:30:00,UNIDADE MOVEL BANGU,0.0,20.93,78.83,,,0.45,,,2.09,,14.0,-22.87140046,-43.45942235
2017-05-07 03:30:00,UNIDADE MOVEL BANGU,0.0,20.42,81.22,,,0.35,,,2.44,,23.0,-22.87140046,-43.45942235
2017-05-07 04:30:00,UNIDADE MOVEL BANGU,0.0,20.37,81.35,,,0.32,,,5.46,,24.0,-22.87140046,-43.45942235
2017-05-07 05:30:00,UNIDADE MOVEL BANGU,0.0,20.15,82.2,,,0.29,,,3.64,,15.0,-22.87140046,-43.45942235
2017-05-07 06:30:00,UNIDADE MOVEL BANGU,0.0,20.68,78.38,,,0.35,,,6.67,,21.0,-22.87140046,-43.45942235
2017-05-07 07:30:00,UNIDADE MOVEL BANGU,0.0,21.12,75.8,,,0.15,,,14.25,,8.0,-22.87140046,-43.45942235
2017-05-07 08:30:00,UNIDADE MOVEL BANGU,0.0,22.1,73.08,,,0.12,,,21.3,,8.0,-22.87140046,-43.45942235
2017-05-07 09:30:00,UNIDADE MOVEL BANGU,0.0,23.37,69.42,,,0.12,,,24.85,,15.0,-22.87140046,-43.45942235
2017-05-07 10:30:00,UNIDADE MOVEL BANGU,0.0,23.9,66.57,,,0.09,,,33.1,,9.0,-22.87140046,-43.45942235
2017-05-07 11:30:00,UNIDADE MOVEL BANGU,0.0,24.8,63.95,,,0.06,,,36.57,,19.0,-22.87140046,-43.45942235
2017-05-07 12:30:00,UNIDADE MOVEL BANGU,0.0,25.95,60.12,,,0.05,,,41.71,,7.0,-22.87140046,-43.45942235
2017-05-07 13:30:00,UNIDADE MOVEL BANGU,0.0,24.93,63.98,,,0.04,,,41.79,,8.0,-22.87140046,-43.45942235
2017-05-07 14:30:00,UNIDADE MOVEL BANGU,0.0,25.93,58.23,,,0.02,,,49.62,,3.0,-22.87140046,-43.45942235
2017-05-07 15:30:00,UNIDADE MOVEL BANGU,0.0,25.45,57.37,,,0.02,,,41.89,,5.0,-22.87140046,-43.45942235
2017-05-07 16:30:00,UNIDADE MOVEL BANGU,0.0,24.4,59.78,,,0.02,,,35.68,,7.0,-22.87140046,-43.45942235
2017-05-07 17:30:00,UNIDADE MOVEL BANGU,0.0,23.03,68.8,,,0.03,,,32.74,,6.0,-22.87140046,-43.45942235
2017-05-07 18:30:00,UNIDADE MOVEL BANGU,0.0,22.32,73.22,,,0.04,,,29.74,,6.0,-22.87140046,-43.45942235
2017-05-07 19:30:00,UNIDADE MOVEL BANGU,0.0,22.1,75.95,,,0.15,,,19.0,,9.0,-22.87140046,-43.45942235
2017-05-07 20:30:00,UNIDADE MOVEL BANGU,0.0,21.87,78.83,,,0.11,,,18.38,,13.0,-22.87140046,-43.45942235
2017-05-07 21:30:00,UNIDADE MOVEL BANGU,0.0,21.62,81.3,,,0.09,,,18.37,,13.0,-22.87140046,-43.45942235
2017-05-07 22:30:00,UNIDADE MOVEL BANGU,0.0,21.58,81.85,,,0.17,,,11.7,,7.0,-22.87140046,-43.45942235
2017-05-07 23:30:00,UNIDADE MOVEL BANGU,0.0,21.38,83.55,,,0.1,,,14.14,,6.0,-22.87140046,-43.45942235
2017-05-08 00:30:00,UNIDADE MOVEL BANGU,1.0,20.93,86.18,,,0.09,,,15.49,,7.0,-22.87140046,-43.45942235
2017-05-08 01:30:00,UNIDADE MOVEL BANGU,0.0,20.5,90.32,,,0.12,,,6.36,,5.0,-22.87140046,-43.45942235
2017-05-08 02:30:00,UNIDADE MOVEL BANGU,0.0,20.17,89.97,,,0.1,,,4.36,,6.0,-22.87140046,-43.45942235
2017-05-08 03:30:00,UNIDADE MOVEL BANGU,0.0,19.92,90.37,,,0.1,,,0.25,,9.0,-22.87140046,-43.45942235
2017-05-08 04:30:00,UNIDADE MOVEL BANGU,0.0,20.07,88.53,,,0.09,,,1.49,,7.0,-22.87140046,-43.45942235
2017-05-08 05:30:00,UNIDADE MOVEL BANGU,0.0,20.08,87.05,,,0.11,,,0.67,,9.0,-22.87140046,-43.45942235
2017-05-08 06:30:00,UNIDADE MOVEL BANGU,0.0,19.58,89.03,,,0.34,,,0.01,,11.0,-22.87140046,-43.45942235
2017-05-08 07:30:00,UNIDADE MOVEL BANGU,0.0,20.62,83.78,,,0.35,,,1.09,,10.0,-22.87140046,-43.45942235
2017-05-08 08:30:00,UNIDADE MOVEL BANGU,0.0,22.75,73.83,,,0.14,,,12.63,,12.0,-22.87140046,-43.45942235
2017-05-08 09:30:00,UNIDADE MOVEL BANGU,0.0,24.53,65.28,,,0.17,,,18.72,,7.0,-22.87140046,-43.45942235
2017-05-08 10:30:00,UNIDADE MOVEL BANGU,0.0,26.37,56.43,,,0.14,,,25.1,,5.0,-22.87140046,-43.45942235
2017-05-08 11:30:00,UNIDADE MOVEL BANGU,0.0,25.9,55.08,,,0.1,,,31.71,,4.0,-22.87140046,-43.45942235
2017-05-08 12:30:00,UNIDADE MOVEL BANGU,0.0,26.85,51.48,,,0.13,,,36.55,,4.0,-22.87140046,-43.45942235
2017-05-08 13:30:00,UNIDADE MOVEL BANGU,0.0,27.4,50.68,,,0.11,,,44.88,,7.0,-22.87140046,-43.45942235
2017-05-08 14:30:00,UNIDADE MOVEL BANGU,0.0,27.67,52.67,,,0.09,,,52.41,,9.0,-22.87140046,-43.45942235
2017-05-08 15:30:00,UNIDADE MOVEL BANGU,0.0,27.6,53.37,,,0.0925,,,52.7,,9.0,-22.87140046,-43.45942235
2017-05-08 16:30:00,UNIDADE MOVEL BANGU,0.0,25.85,58.97,,,0.095,,,44.64,,10.0,-22.87140046,-43.45942235
2017-05-08 17:30:00,UNIDADE MOVEL BANGU,0.0,23.95,61.83,,,0.0975,,,37.82,,17.0,-22.87140046,-43.45942235
2017-05-08 18:30:00,UNIDADE MOVEL BANGU,0.0,22.97,64.72,,,0.1,,,16.68,,14.0,-22.87140046,-43.45942235
2017-05-08 19:30:00,UNIDADE MOVEL BANGU,0.0,22.4,68.0,,,0.22,,,2.5,,10.0,-22.87140046,-43.45942235
2017-05-08 20:30:00,UNIDADE MOVEL BANGU,0.0,22.43,67.68,,,0.29,,,1.98,,16.0,-22.87140046,-43.45942235
2017-05-08 21:30:00,UNIDADE MOVEL BANGU,0.0,22.1,67.47,,,0.42,,,4.55,,10.0,-22.87140046,-43.45942235
2017-05-08 22:30:00,UNIDADE MOVEL BANGU,0.0,22.1,68.15,,,0.37,,,2.53,,7.0,-22.87140046,-43.45942235
2017-05-08 23:30:00,UNIDADE MOVEL BANGU,0.0,21.87,70.57,,,0.31,,,0.0,,8.0,-22.87140046,-43.45942235
2017-05-09 00:30:00,UNIDADE MOVEL BANGU,0.0,21.25,74.52,,,0.29,,,0.03,,15.0,-22.87140046,-43.45942235
2017-05-09 01:30:00,UNIDADE MOVEL BANGU,0.0,20.75,78.4,,,0.27,,,0.0,,16.0,-22.87140046,-43.45942235
2017-05-09 02:30:00,UNIDADE MOVEL BANGU,0.0,20.28,81.38,,,0.24,,,0.71,,9.0,-22.87140046,-43.45942235
2017-05-09 03:30:00,UNIDADE MOVEL BANGU,0.0,20.32,80.97,,,0.23,,,0.03,,14.0,-22.87140046,-43.45942235
2017-05-09 04:30:00,UNIDADE MOVEL BANGU,0.0,20.12,82.47,,,0.21,,,0.34,,11.0,-22.87140046,-43.45942235
2017-05-09 05:30:00,UNIDADE MOVEL BANGU,0.0,20.42,81.93,,,0.19,,,0.1,,20.0,-22.87140046,-43.45942235
2017-05-09 06:30:00,UNIDADE MOVEL BANGU,0.0,20.28,83.37,,,0.17,,,0.0,,21.0,-22.87140046,-43.45942235
2017-05-09 07:30:00,UNIDADE MOVEL BANGU,0.0,21.88,75.83,,,0.23,,,1.84,,17.0,-22.87140046,-43.45942235
2017-05-09 08:30:00,UNIDADE MOVEL BANGU,0.0,24.32,63.32,,,0.21,,,11.88,,18.0,-22.87140046,-43.45942235
2017-05-09 09:30:00,UNIDADE MOVEL BANGU,0.0,25.78,59.97,,,0.19,,,15.22,,14.0,-22.87140046,-43.45942235
2017-05-09 10:30:00,UNIDADE MOVEL BANGU,0.0,26.98,55.5,,,0.17,,,28.53,,8.0,-22.87140046,-43.45942235
2017-05-09 11:30:00,UNIDADE MOVEL BANGU,0.0,28.37,51.28,,,0.15,,,40.75,,18.0,-22.87140046,-43.45942235
2017-05-09 12:30:00,UNIDADE MOVEL BANGU,0.0,29.17,47.45,,,0.13,,,58.61,,16.0,-22.87140046,-43.45942235
2017-05-09 13:30:00,UNIDADE MOVEL BANGU,0.0,29.95,45.1,,,0.11,,,71.06,,7.0,-22.87140046,-43.45942235
2017-05-09 14:30:00,UNIDADE MOVEL BANGU,0.0,30.77,41.17,,,0.09,,,56.62,,17.0,-22.87140046,-43.45942235
2017-05-09 15:30:00,UNIDADE MOVEL BANGU,0.0,30.23,42.97,,,0.08,,,49.79,,8.0,-22.87140046,-43.45942235
2017-05-09 16:30:00,UNIDADE MOVEL BANGU,0.0,27.78,55.02,,,0.07,,,52.07,,18.0,-22.87140046,-43.45942235
2017-05-09 17:30:00,UNIDADE MOVEL BANGU,0.0,25.48,61.9,,,0.09,,,48.57,,20.0,-22.87140046,-43.45942235
2017-05-09 18:30:00,UNIDADE MOVEL BANGU,0.0,24.25,66.88,,,0.13,,,41.9,,21.0,-22.87140046,-43.45942235
2017-05-09 19:30:00,UNIDADE MOVEL BANGU,0.0,23.7,68.3,,,0.16,,,36.8,,34.0,-22.87140046,-43.45942235
2017-05-09 20:30:00,UNIDADE MOVEL BANGU,0.0,22.92,73.2,,,0.2,,,11.92,,26.0,-22.87140046,-43.45942235
2017-05-09 21:30:00,UNIDADE MOVEL BANGU,0.0,22.58,75.37,,,0.35,,,2.9,,31.0,-22.87140046,-43.45942235
2017-05-09 22:30:00,UNIDADE MOVEL BANGU,0.0,21.72,81.75,,,0.42,,,1.29,,39.0,-22.87140046,-43.45942235
2017-05-09 23:30:00,UNIDADE MOVEL BANGU,0.0,21.35,84.58,,,0.4,,,0.56,,43.0,-22.87140046,-43.45942235
2017-05-10 00:30:00,UNIDADE MOVEL BANGU,0.0,21.05,83.18,,,0.4,,,0.32,,40.0,-22.87140046,-43.45942235
2017-05-10 01:30:00,UNIDADE MOVEL BANGU,0.0,20.8,81.43,,,0.36,,,1.41,,21.0,-22.87140046,-43.45942235
2017-05-10 02:30:00,UNIDADE MOVEL BANGU,0.0,20.98,85.38,,,0.31,,,3.0,,28.0,-22.87140046,-43.45942235
2017-05-10 03:30:00,UNIDADE MOVEL BANGU,0.0,21.17,83.88,,,0.22,,,7.04,,32.0,-22.87140046,-43.45942235
2017-05-10 04:30:00,UNIDADE MOVEL BANGU,0.0,20.98,83.07,,,0.18,,,8.4,,30.0,-22.87140046,-43.45942235
2017-05-10 05:30:00,UNIDADE MOVEL BANGU,0.0,20.82,83.17,,,0.15,,,4.96,,31.0,-22.87140046,-43.45942235
2017-05-10 06:30:00,UNIDADE MOVEL BANGU,0.0,20.37,84.38,,,0.15,,,0.2,,30.0,-22.87140046,-43.45942235
2017-05-10 07:30:00,UNIDADE MOVEL BANGU,0.0,21.4,78.68,,,0.21,,,4.28,,26.0,-22.87140046,-43.45942235
2017-05-10 08:30:00,UNIDADE MOVEL BANGU,0.0,23.27,70.98,,,0.22,,,11.58,,29.0,-22.87140046,-43.45942235
2017-05-10 09:30:00,UNIDADE MOVEL BANGU,0.0,24.85,64.6,,,0.18,,,29.14,,19.0,-22.87140046,-43.45942235
2017-05-10 10:30:00,UNIDADE MOVEL BANGU,0.0,26.13,58.27,,,0.1,,,44.09,,12.0,-22.87140046,-43.45942235
2017-05-10 11:30:00,UNIDADE MOVEL BANGU,0.0,27.3,51.87,,,0.07,,,55.79,,10.0,-22.87140046,-43.45942235
2017-05-10 12:30:00,UNIDADE MOVEL BANGU,0.0,27.8,47.47,,,0.05,,,53.65,,11.0,-22.87140046,-43.45942235
2017-05-10 13:30:00,UNIDADE MOVEL BANGU,0.0,27.5,50.48,,,0.04,,,49.7,,13.0,-22.87140046,-43.45942235
2017-05-10 14:30:00,UNIDADE MOVEL BANGU,0.0,27.58,50.68,,,0.04,,,50.35,,13.0,-22.87140046,-43.45942235
2017-05-10 15:30:00,UNIDADE MOVEL BANGU,0.0,26.58,52.12,,,0.02,,,51.94,,16.0,-22.87140046,-43.45942235
2017-05-10 16:30:00,UNIDADE MOVEL BANGU,0.0,25.22,58.42,,,0.02,,,46.29,,17.0,-22.87140046,-43.45942235
2017-05-10 17:30:00,UNIDADE MOVEL BANGU,0.0,23.58,65.7,,,0.03,,,41.34,,12.0,-22.87140046,-43.45942235
2017-05-10 18:30:00,UNIDADE MOVEL BANGU,0.0,22.83,69.0,,,0.04,,,36.64,,14.0,-22.87140046,-43.45942235
2017-05-10 19:30:00,UNIDADE MOVEL BANGU,0.0,22.48,73.42,,,0.06,,,27.58,,16.0,-22.87140046,-43.45942235
2017-05-10 20:30:00,UNIDADE MOVEL BANGU,0.0,22.3,75.6,,,0.08,,,32.64,,11.0,-22.87140046,-43.45942235
2017-05-10 21:30:00,UNIDADE MOVEL BANGU,0.0,22.18,78.67,,,0.09,,,24.9,,16.0,-22.87140046,-43.45942235
2017-05-10 22:30:00,UNIDADE MOVEL BANGU,0.0,22.08,80.73,,,0.12,,,18.9,,18.0,-22.87140046,-43.45942235
2017-05-10 23:30:00,UNIDADE MOVEL BANGU,0.0,22.05,82.18,,,0.11,,,13.12,,15.0,-22.87140046,-43.45942235
2017-05-11 00:30:00,UNIDADE MOVEL BANGU,0.0,22.15,81.23,,,0.13,,,10.39,,13.0,-22.87140046,-43.45942235
2017-05-11 01:30:00,UNIDADE MOVEL BANGU,0.0,22.1,79.25,,,0.1,,,18.75,,15.0,-22.87140046,-43.45942235
2017-05-11 02:30:00,UNIDADE MOVEL BANGU,0.0,21.73,82.23,,,0.08,,,18.31,,8.0,-22.87140046,-43.45942235
2017-05-11 03:30:00,UNIDADE MOVEL BANGU,2.0,20.17,89.07,,,0.06,,,27.31,,7.0,-22.87140046,-43.45942235
2017-05-11 04:30:00,UNIDADE MOVEL BANGU,0.0,19.85,88.68,,,0.04,,,27.26,,2.0,-22.87140046,-43.45942235
2017-05-11 06:30:00,UNIDADE MOVEL BANGU,0.0,20.13,89.0,,,0.04,,,5.99,,7.0,-22.87140046,-43.45942235
2017-05-11 07:30:00,UNIDADE MOVEL BANGU,1.0,20.63,87.32,,,0.17,,,1.68,,2.0,-22.87140046,-43.45942235
2017-05-11 08:30:00,UNIDADE MOVEL BANGU,0.0,21.47,85.1,,,0.23,,,3.66,,9.0,-22.87140046,-43.45942235
2017-05-11 09:30:00,UNIDADE MOVEL BANGU,0.0,23.12,72.03,,,0.21,,,15.77,,13.0,-22.87140046,-43.45942235
2017-05-11 10:30:00,UNIDADE MOVEL BANGU,0.0,23.12,68.17,,,0.14,,,24.86,,7.0,-22.87140046,-43.45942235
2017-05-11 11:30:00,UNIDADE MOVEL BANGU,0.0,24.25,58.05,,,0.11,,,28.78,,3.0,-22.87140046,-43.45942235
2017-05-11 12:30:00,UNIDADE MOVEL BANGU,0.0,25.42,47.4,,,0.07,,,33.24,,3.0,-22.87140046,-43.45942235
2017-05-11 13:30:00,UNIDADE MOVEL BANGU,0.0,24.6,49.82,,,0.06,,,31.37,,4.0,-22.87140046,-43.45942235
2017-05-11 14:30:00,UNIDADE MOVEL BANGU,0.0,24.87,51.03,,,0.04,,,29.0,,0.0,-22.87140046,-43.45942235
2017-05-11 15:30:00,UNIDADE MOVEL BANGU,0.0,24.35,54.45,,,0.04,,,28.38,,3.0,-22.87140046,-43.45942235
2017-05-11 16:30:00,UNIDADE MOVEL BANGU,0.0,23.7,56.5,,,0.05,,,27.15,,6.0,-22.87140046,-43.45942235
2017-05-11 17:30:00,UNIDADE MOVEL BANGU,0.0,20.85,72.0,,,,,,,,7.0,-22.87140046,-43.45942235
2017-05-11 18:30:00,UNIDADE MOVEL BANGU,0.0,18.98,85.0,,,,,,,,6.0,-22.87140046,-43.45942235
2017-05-11 19:30:00,UNIDADE MOVEL BANGU,0.0,19.11,83.98,,,,,,,,14.0,-22.87140046,-43.45942235
2017-05-11 20:30:00,UNIDADE MOVEL BANGU,0.0,19.16,81.69,,,,,,,,14.0,-22.87140046,-43.45942235
2017-05-11 21:30:00,UNIDADE MOVEL BANGU,0.0,18.93,80.64,,,,,,,,13.0,-22.87140046,-43.45942235
2017-05-11 22:30:00,UNIDADE MOVEL BANGU,0.0,18.61,82.35,,,,,,,,12.0,-22.87140046,-43.45942235
2017-05-11 23:30:00,UNIDADE MOVEL BANGU,0.0,18.56,83.64,,,,,,0.0,,12.0,-22.87140046,-43.45942235
2017-05-12 00:30:00,UNIDADE MOVEL BANGU,0.0,18.44,84.16,,,,,,0.01,,6.0,-22.87140046,-43.45942235
2017-05-12 01:30:00,UNIDADE MOVEL BANGU,0.0,18.54,84.2,,,,,,0.07,,6.0,-22.87140046,-43.45942235
2017-05-12 02:30:00,UNIDADE MOVEL BANGU,0.0,18.64,84.83,,,,,,0.0,,11.0,-22.87140046,-43.45942235
2017-05-12 03:30:00,UNIDADE MOVEL BANGU,0.0,18.46,86.38,,,,,,0.0,,15.0,-22.87140046,-43.45942235
2017-05-12 04:30:00,UNIDADE MOVEL BANGU,0.0,18.36,86.68,,,,,,2.89,,9.0,-22.87140046,-43.45942235
2017-05-12 05:30:00,UNIDADE MOVEL BANGU,0.0,18.2,87.8,,,,,,3.69,,6.0,-22.87140046,-43.45942235
2017-05-12 06:30:00,UNIDADE MOVEL BANGU,0.0,18.13,88.27,,,,,,0.46,,10.0,-22.87140046,-43.45942235
2017-05-12 07:30:00,UNIDADE MOVEL BANGU,0.0,19.44,83.2,,,,,,2.26,,6.0,-22.87140046,-43.45942235
2017-05-12 08:30:00,UNIDADE MOVEL BANGU,0.0,22.05,69.89,,,,,,7.34,,9.0,-22.87140046,-43.45942235
2017-05-12 09:30:00,UNIDADE MOVEL BANGU,0.0,23.8,59.53,,,,,,16.92,,16.0,-22.87140046,-43.45942235
2017-05-12 10:30:00,UNIDADE MOVEL BANGU,0.0,23.58,55.36,,,,,,28.68,,7.0,-22.87140046,-43.45942235
2017-05-12 11:30:00,UNIDADE MOVEL BANGU,0.0,26.02,45.54,,,,,,37.79,,7.0,-22.87140046,-43.45942235
2017-05-12 12:30:00,UNIDADE MOVEL BANGU,0.0,25.07,44.4,,,0.15,,,41.02,,13.0,-22.87140046,-43.45942235
2017-05-12 13:30:00,UNIDADE MOVEL BANGU,0.0,26.43,42.5,,,0.12,,,43.55,,7.0,-22.87140046,-43.45942235
2017-05-12 14:30:00,UNIDADE MOVEL BANGU,0.0,25.45,45.72,,,0.1,,,51.21,,14.0,-22.87140046,-43.45942235
2017-05-12 15:30:00,UNIDADE MOVEL BANGU,0.0,25.3,45.05,,,0.12,,,51.59,,14.0,-22.87140046,-43.45942235
2017-05-12 16:30:00,UNIDADE MOVEL BANGU,0.0,23.9,46.67,,,0.12,,,46.9,,11.0,-22.87140046,-43.45942235
2017-05-12 17:30:00,UNIDADE MOVEL BANGU,0.0,22.05,46.85,0.32,,0.05,,,39.19,,14.0,-22.87140046,-43.45942235
2017-05-12 18:30:00,UNIDADE MOVEL BANGU,0.0,21.07,53.48,0.0,,0.2,,,5.04,,13.0,-22.87140046,-43.45942235
2017-05-12 19:30:00,UNIDADE MOVEL BANGU,0.0,19.88,59.75,0.0,,0.34,,,0.64,,19.0,-22.87140046,-43.45942235
2017-05-12 20:30:00,UNIDADE MOVEL BANGU,0.0,19.47,62.1,0.0,,0.46,,,0.51,,18.0,-22.87140046,-43.45942235
2017-05-12 21:30:00,UNIDADE MOVEL BANGU,0.0,19.23,63.6,0.0,,0.68,,,0.96,,22.0,-22.87140046,-43.45942235
2017-05-12 22:30:00,UNIDADE MOVEL BANGU,0.0,19.18,66.78,0.0,,0.93,,,0.37,,24.0,-22.87140046,-43.45942235
2017-05-12 23:30:00,UNIDADE MOVEL BANGU,0.0,18.88,71.5,0.0,,0.99,,,0.07,,23.0,-22.87140046,-43.45942235
2017-05-13 00:30:00,UNIDADE MOVEL BANGU,0.0,18.4,75.07,0.45,,0.87,,,0.04,,21.0,-22.87140046,-43.45942235
2017-05-13 01:30:00,UNIDADE MOVEL BANGU,0.0,18.22,76.55,0.57,,0.77,,,0.01,,19.0,-22.87140046,-43.45942235
2017-05-13 02:30:00,UNIDADE MOVEL BANGU,0.0,17.73,79.23,0.32,,0.56,,,1.69,,18.0,-22.87140046,-43.45942235
2017-05-13 03:30:00,UNIDADE MOVEL BANGU,0.0,17.33,81.0,0.11,,0.36,,,0.78,,14.0,-22.87140046,-43.45942235
2017-05-13 04:30:00,UNIDADE MOVEL BANGU,0.0,17.18,79.78,0.0,,0.28,,,0.23,,8.0,-22.87140046,-43.45942235
2017-05-13 05:30:00,UNIDADE MOVEL BANGU,0.0,17.22,80.3,0.1,,0.22,,,0.0,,6.0,-22.87140046,-43.45942235
2017-05-13 06:30:00,UNIDADE MOVEL BANGU,0.0,16.92,82.6,0.45,,0.29,,,0.75,,10.0,-22.87140046,-43.45942235
2017-05-13 07:30:00,UNIDADE MOVEL BANGU,0.0,19.77,71.38,0.46,,0.45,,,0.91,,19.0,-22.87140046,-43.45942235
2017-05-13 08:30:00,UNIDADE MOVEL BANGU,0.0,22.9,57.97,0.8,,0.34,,,8.6,,16.0,-22.87140046,-43.45942235
2017-05-13 09:30:00,UNIDADE MOVEL BANGU,0.0,23.85,51.75,4.05,,0.28,,,16.61,,9.0,-22.87140046,-43.45942235
2017-05-13 10:30:00,UNIDADE MOVEL BANGU,0.0,25.15,47.55,8.75,,0.18,,,26.34,,12.0,-22.87140046,-43.45942235
2017-05-13 11:30:00,UNIDADE MOVEL BANGU,0.0,26.92,43.65,11.38,,0.23,,,36.37,,15.0,-22.87140046,-43.45942235
2017-05-13 12:30:00,UNIDADE MOVEL BANGU,0.0,28.02,41.38,14.35,,0.21,,,48.5,,16.0,-22.87140046,-43.45942235
2017-05-13 13:30:00,UNIDADE MOVEL BANGU,0.0,29.35,37.97,16.08,,0.21,,,60.29,,14.0,-22.87140046,-43.45942235
2017-05-13 14:30:00,UNIDADE MOVEL BANGU,0.0,30.78,35.15,15.82,,0.17,,,69.92,,18.0,-22.87140046,-43.45942235
2017-05-13 15:30:00,UNIDADE MOVEL BANGU,0.0,30.22,37.17,13.67,,0.3075,,,58.57,,13.0,-22.87140046,-43.45942235
2017-05-13 16:30:00,UNIDADE MOVEL BANGU,0.0,28.9,40.27,22.81,,0.44499999999999995,,,88.7,,17.0,-22.87140046,-43.45942235
2017-05-13 17:30:00,UNIDADE MOVEL BANGU,0.0,26.68,43.42,20.7,,0.5824999999999999,,,36.75,,34.0,-22.87140046,-43.45942235
2017-05-13 18:30:00,UNIDADE MOVEL BANGU,0.0,25.12,49.87,11.87,,0.72,,,4.99,,29.0,-22.87140046,-43.45942235
2017-05-13 19:30:00,UNIDADE MOVEL BANGU,0.0,24.32,55.05,9.94,,1.69,,,2.36,,27.0,-22.87140046,-43.45942235
2017-05-13 20:30:00,UNIDADE MOVEL BANGU,0.0,23.4,60.15,8.69,,2.76,,,3.96,,26.0,-22.87140046,-43.45942235
2017-05-13 21:30:00,UNIDADE MOVEL BANGU,0.0,22.63,64.77,5.4,,3.36,,,4.23,,48.0,-22.87140046,-43.45942235
2017-05-13 22:30:00,UNIDADE MOVEL BANGU,0.0,22.4,65.88,3.62,,2.89,,,2.81,,58.0,-22.87140046,-43.45942235
2017-05-13 23:30:00,UNIDADE MOVEL BANGU,0.0,21.65,70.25,3.03,,2.9450000000000003,,,1.96,,58.0,-22.87140046,-43.45942235
2017-05-14 00:30:00,UNIDADE MOVEL BANGU,0.0,21.2,73.6,2.07,,3.0,,,1.73,,67.0,-22.87140046,-43.45942235
2017-05-14 01:30:00,UNIDADE MOVEL BANGU,0.0,21.15,74.32,2.39,,3.27,,,2.1,,48.0,-22.87140046,-43.45942235
2017-05-14 02:30:00,UNIDADE MOVEL BANGU,0.0,21.47,70.13,1.21,,1.79,,,0.83,,66.0,-22.87140046,-43.45942235
2017-05-14 03:30:00,UNIDADE MOVEL BANGU,0.0,22.82,59.68,0.0,,0.3,,,12.66,,27.0,-22.87140046,-43.45942235
2017-05-14 04:30:00,UNIDADE MOVEL BANGU,0.0,20.33,71.83,0.0,,0.47,,,1.51,,18.0,-22.87140046,-43.45942235
2017-05-14 05:30:00,UNIDADE MOVEL BANGU,0.0,19.73,75.95,0.0,,0.92,,,0.33,,17.0,-22.87140046,-43.45942235
2017-05-14 06:30:00,UNIDADE MOVEL BANGU,0.0,19.95,75.1,0.0,,0.83,,,0.31,,25.0,-22.87140046,-43.45942235
2017-05-14 07:30:00,UNIDADE MOVEL BANGU,0.0,23.82,55.67,0.0,,0.17,,,15.62,,31.0,-22.87140046,-43.45942235
2017-05-14 08:30:00,UNIDADE MOVEL BANGU,0.0,26.85,46.67,0.0,,0.1,,,24.54,,9.0,-22.87140046,-43.45942235
2017-05-14 09:30:00,UNIDADE MOVEL BANGU,0.0,29.2,39.47,0.43,,0.02,,,32.29,,13.0,-22.87140046,-43.45942235
2017-05-14 10:30:00,UNIDADE MOVEL BANGU,0.0,29.73,37.0,3.02,,0.03,,,36.1,,15.0,-22.87140046,-43.45942235
2017-05-14 11:30:00,UNIDADE MOVEL BANGU,0.0,30.13,37.27,3.32,,0.74,,,35.7,,15.0,-22.87140046,-43.45942235
2017-05-14 12:30:00,UNIDADE MOVEL BANGU,0.0,31.6,35.85,4.54,,0.64,,,39.73,,18.0,-22.87140046,-43.45942235
2017-05-14 13:30:00,UNIDADE MOVEL BANGU,0.0,30.95,39.07,6.29,,0.33,,,38.13,,17.0,-22.87140046,-43.45942235
2017-05-14 14:30:00,UNIDADE MOVEL BANGU,0.0,30.97,40.75,4.97,,0.57,,,42.27,,36.0,-22.87140046,-43.45942235
2017-05-14 15:30:00,UNIDADE MOVEL BANGU,0.0,29.28,46.85,3.81,,0.43,,,39.5,,38.0,-22.87140046,-43.45942235
2017-05-14 16:30:00,UNIDADE MOVEL BANGU,0.0,27.73,50.88,2.69,,0.48,,,32.73,,15.0,-22.87140046,-43.45942235
2017-05-14 17:30:00,UNIDADE MOVEL BANGU,0.0,26.48,56.88,0.45,,0.35,,,30.16,,23.0,-22.87140046,-43.45942235
2017-05-14 18:30:00,UNIDADE MOVEL BANGU,0.0,25.35,63.25,0.0,,0.24,,,35.06,,12.0,-22.87140046,-43.45942235
2017-05-14 19:30:00,UNIDADE MOVEL BANGU,0.0,23.82,65.77,0.0,,0.15,,,39.04,,11.0,-22.87140046,-43.45942235
2017-05-14 20:30:00,UNIDADE MOVEL BANGU,0.0,22.92,72.78,0.0,,0.13,,,34.27,,12.0,-22.87140046,-43.45942235
2017-05-14 21:30:00,UNIDADE MOVEL BANGU,0.0,22.42,76.22,0.0,,0.13,,,29.77,,13.0,-22.87140046,-43.45942235
2017-05-14 22:30:00,UNIDADE MOVEL BANGU,0.0,22.23,77.65,0.0,,0.15,,,25.66,,12.0,-22.87140046,-43.45942235
2017-05-14 23:30:00,UNIDADE MOVEL BANGU,0.0,22.12,79.27,0.0,,0.15,,,22.41,,10.0,-22.87140046,-43.45942235
2017-05-15 00:30:00,UNIDADE MOVEL BANGU,0.0,22.03,79.1,0.35,,0.12,,,23.16,,9.0,-22.87140046,-43.45942235
2017-05-15 01:30:00,UNIDADE MOVEL BANGU,0.0,21.7,79.02,0.74,,0.09,,,24.57,,14.0,-22.87140046,-43.45942235
2017-05-15 02:30:00,UNIDADE MOVEL BANGU,0.0,21.42,79.42,0.7,,0.07,,,26.63,,8.0,-22.87140046,-43.45942235
2017-05-15 03:30:00,UNIDADE MOVEL BANGU,0.0,21.62,78.02,0.52,,0.05,,,28.44,,5.0,-22.87140046,-43.45942235
2017-05-15 04:30:00,UNIDADE MOVEL BANGU,0.0,21.62,75.12,0.43,,0.06,,,26.42,,1.0,-22.87140046,-43.45942235
2017-05-15 05:30:00,UNIDADE MOVEL BANGU,0.0,21.38,74.5,0.57,,0.08,,,20.49,,14.0,-22.87140046,-43.45942235
2017-05-15 06:30:00,UNIDADE MOVEL BANGU,0.0,21.25,75.62,0.55,,0.15,,,7.51,,9.0,-22.87140046,-43.45942235
2017-05-15 07:30:00,UNIDADE MOVEL BANGU,0.0,22.68,69.77,0.77,,0.36,,,3.17,,9.0,-22.87140046,-43.45942235
2017-05-15 08:30:00,UNIDADE MOVEL BANGU,0.0,23.55,62.27,0.95,,0.12,,,18.75,,6.0,-22.87140046,-43.45942235
2017-05-15 09:30:00,UNIDADE MOVEL BANGU,0.0,24.0,59.0,1.22,,0.08,,,21.9,,7.0,-22.87140046,-43.45942235
2017-05-15 10:30:00,UNIDADE MOVEL BANGU,0.0,25.18,52.32,1.52,,0.04,,,31.57,,9.0,-22.87140046,-43.45942235
2017-05-15 11:30:00,UNIDADE MOVEL BANGU,0.0,26.35,48.02,4.01,,0.03,,,34.12,,6.0,-22.87140046,-43.45942235
2017-05-15 12:30:00,UNIDADE MOVEL BANGU,0.0,25.77,49.82,5.57,,0.04,,,35.23,,5.0,-22.87140046,-43.45942235
2017-05-15 13:30:00,UNIDADE MOVEL BANGU,0.0,26.12,49.02,6.8,,0.04,,,34.58,,7.0,-22.87140046,-43.45942235
2017-05-15 14:30:00,UNIDADE MOVEL BANGU,0.0,26.03,43.68,7.77,,0.04,,,34.81,,11.0,-22.87140046,-43.45942235
2017-05-15 15:30:00,UNIDADE MOVEL BANGU,0.0,25.55,41.77,7.65,,0.04,,,33.05,,7.0,-22.87140046,-43.45942235
2017-05-15 16:30:00,UNIDADE MOVEL BANGU,0.0,24.47,46.03,5.87,,0.09,,,31.24,,7.0,-22.87140046,-43.45942235
2017-05-15 17:30:00,UNIDADE MOVEL BANGU,0.0,22.82,54.98,2.69,,0.09,,,27.84,,5.0,-22.87140046,-43.45942235
2017-05-15 18:30:00,UNIDADE MOVEL BANGU,0.0,21.88,65.08,1.22,,0.08,,,27.46,,4.0,-22.87140046,-43.45942235
2017-05-15 19:30:00,UNIDADE MOVEL BANGU,0.0,21.73,68.73,0.99,,0.08,,,28.42,,12.0,-22.87140046,-43.45942235
2017-05-15 20:30:00,UNIDADE MOVEL BANGU,0.0,21.77,69.3,0.87,,0.06,,,25.89,,7.0,-22.87140046,-43.45942235
2017-05-15 21:30:00,UNIDADE MOVEL BANGU,0.0,21.88,68.7,0.75,,0.05,,,25.63,,5.0,-22.87140046,-43.45942235
2017-05-15 22:30:00,UNIDADE MOVEL BANGU,0.0,21.77,70.6,0.66,,0.06,,,27.09,,10.0,-22.87140046,-43.45942235
2017-05-15 23:30:00,UNIDADE MOVEL BANGU,0.0,21.33,71.53,0.48,,0.04,,,29.93,,9.0,-22.87140046,-43.45942235
2017-05-16 00:30:00,UNIDADE MOVEL BANGU,0.0,21.15,74.23,0.47,,0.04,,,26.61,,10.0,-22.87140046,-43.45942235
2017-05-16 01:30:00,UNIDADE MOVEL BANGU,0.0,21.17,75.47,0.46,,0.04,,,26.83,,8.0,-22.87140046,-43.45942235
2017-05-16 02:30:00,UNIDADE MOVEL BANGU,0.0,21.2,74.13,0.38,,0.03,,,29.58,,6.0,-22.87140046,-43.45942235
2017-05-16 03:30:00,UNIDADE MOVEL BANGU,0.0,20.88,71.43,0.3,,0.02,,,32.83,,1.0,-22.87140046,-43.45942235
2017-05-16 04:30:00,UNIDADE MOVEL BANGU,0.0,20.15,76.0,0.39,,0.02,,,26.98,,5.0,-22.87140046,-43.45942235
2017-05-16 05:30:00,UNIDADE MOVEL BANGU,0.0,19.5,78.73,0.3,,0.04,,,10.57,,4.0,-22.87140046,-43.45942235
2017-05-16 06:30:00,UNIDADE MOVEL BANGU,0.0,19.7,78.23,0.49,,0.23,,,0.03,,6.0,-22.87140046,-43.45942235
2017-05-16 07:30:00,UNIDADE MOVEL BANGU,0.0,20.95,75.93,0.65,,0.22,,,1.95,,4.0,-22.87140046,-43.45942235
2017-05-16 08:30:00,UNIDADE MOVEL BANGU,0.0,23.18,65.28,0.61,,0.09,,,21.93,,6.0,-22.87140046,-43.45942235
2017-05-16 09:30:00,UNIDADE MOVEL BANGU,0.0,23.47,61.87,1.61,,0.04,,,25.73,,8.0,-22.87140046,-43.45942235
2017-05-16 10:30:00,UNIDADE MOVEL BANGU,0.0,24.3,56.6,2.25,,0.02,,,31.08,,5.0,-22.87140046,-43.45942235
2017-05-16 11:30:00,UNIDADE MOVEL BANGU,0.0,24.77,55.12,2.17,,0.02,,,32.91,,11.0,-22.87140046,-43.45942235
2017-05-16 12:30:00,UNIDADE MOVEL BANGU,0.0,24.55,57.73,2.37,,0.03,,,29.91,,8.0,-22.87140046,-43.45942235
2017-05-16 13:30:00,UNIDADE MOVEL BANGU,0.0,24.47,56.58,2.23,,0.06,,,26.91,,9.0,-22.87140046,-43.45942235
2017-05-16 14:30:00,UNIDADE MOVEL BANGU,0.0,25.15,53.75,1.9,,0.03,,,30.19,,6.0,-22.87140046,-43.45942235
2017-05-16 15:30:00,UNIDADE MOVEL BANGU,0.0,25.25,52.68,2.91,,0.03,,,28.5,,12.0,-22.87140046,-43.45942235
2017-05-16 16:30:00,UNIDADE MOVEL BANGU,0.0,24.55,53.28,3.03,,0.02,,,25.79,,10.0,-22.87140046,-43.45942235
2017-05-16 17:30:00,UNIDADE MOVEL BANGU,0.0,22.7,58.57,1.99,,0.06,,,18.92,,6.0,-22.87140046,-43.45942235
2017-05-16 18:30:00,UNIDADE MOVEL BANGU,0.0,21.85,60.42,1.1,,0.15,,,13.23,,8.0,-22.87140046,-43.45942235
2017-05-16 19:30:00,UNIDADE MOVEL BANGU,0.0,21.18,70.68,1.24,,0.24,,,4.84,,12.0,-22.87140046,-43.45942235
2017-05-16 20:30:00,UNIDADE MOVEL BANGU,0.0,20.87,72.53,1.18,,0.36,,,0.3,,22.0,-22.87140046,-43.45942235
2017-05-16 21:30:00,UNIDADE MOVEL BANGU,0.0,20.62,72.93,1.1,,0.3,,,0.53,,21.0,-22.87140046,-43.45942235
2017-05-16 22:30:00,UNIDADE MOVEL BANGU,0.0,19.77,75.25,1.31,,0.45,,,0.0,,21.0,-22.87140046,-43.45942235
2017-05-16 23:30:00,UNIDADE MOVEL BANGU,0.0,19.07,77.88,1.52,,0.47,,,0.0,,23.0,-22.87140046,-43.45942235
2017-05-17 00:30:00,UNIDADE MOVEL BANGU,0.0,19.03,77.65,0.88,,0.42,,,0.01,,22.0,-22.87140046,-43.45942235
2017-05-17 01:30:00,UNIDADE MOVEL BANGU,0.0,18.9,78.27,0.64,,0.38,,,0.07,,29.0,-22.87140046,-43.45942235
2017-05-17 02:30:00,UNIDADE MOVEL BANGU,0.0,18.62,79.15,0.87,,0.18,,,0.0,,21.0,-22.87140046,-43.45942235
2017-05-17 03:30:00,UNIDADE MOVEL BANGU,0.0,18.15,80.9,0.55,,0.11,,,0.98,,12.0,-22.87140046,-43.45942235
2017-05-17 04:30:00,UNIDADE MOVEL BANGU,0.0,18.13,81.72,0.71,,0.19,,,0.12,,15.0,-22.87140046,-43.45942235
2017-05-17 05:30:00,UNIDADE MOVEL BANGU,0.0,17.75,83.42,0.83,,0.18,,,0.0,,20.0,-22.87140046,-43.45942235
2017-05-17 06:30:00,UNIDADE MOVEL BANGU,0.0,18.12,81.92,1.02,,0.36,,,0.0,,18.0,-22.87140046,-43.45942235
2017-05-17 07:30:00,UNIDADE MOVEL BANGU,0.0,19.45,76.95,1.74,,0.97,,,0.1,,13.0,-22.87140046,-43.45942235
2017-05-17 08:30:00,UNIDADE MOVEL BANGU,0.0,21.55,69.35,1.49,,0.39,,,8.38,,22.0,-22.87140046,-43.45942235
2017-05-17 09:30:00,UNIDADE MOVEL BANGU,0.0,23.08,64.93,2.05,,0.42,,,10.18,,23.0,-22.87140046,-43.45942235
2017-05-17 10:30:00,UNIDADE MOVEL BANGU,0.0,23.57,59.18,3.45,,0.25,,,13.33,,31.0,-22.87140046,-43.45942235
2017-05-17 11:30:00,UNIDADE MOVEL BANGU,0.0,24.55,52.65,3.85,,0.08,,,23.4,,21.0,-22.87140046,-43.45942235
2017-05-17 12:30:00,UNIDADE MOVEL BANGU,0.0,24.98,50.12,4.52,,0.05,,,27.49,,10.0,-22.87140046,-43.45942235
2017-05-17 13:30:00,UNIDADE MOVEL BANGU,0.0,25.12,51.17,5.02,,0.11,,,28.57,,9.0,-22.87140046,-43.45942235
2017-05-17 14:30:00,UNIDADE MOVEL BANGU,0.0,24.6,54.12,4.7,,0.1,,,27.03,,13.0,-22.87140046,-43.45942235
2017-05-17 15:30:00,UNIDADE MOVEL BANGU,0.0,24.02,53.72,2.26,,0.03,,,33.25,,10.0,-22.87140046,-43.45942235
2017-05-17 16:30:00,UNIDADE MOVEL BANGU,0.0,22.98,55.64,0.47,,0.04,,,28.77,,10.0,-22.87140046,-43.45942235
2017-05-17 18:30:00,UNIDADE MOVEL BANGU,0.0,22.14,60.664,1.23,,0.068,,,22.762,,8.4,-22.87140046,-43.45942235
2017-05-17 19:30:00,UNIDADE MOVEL BANGU,0.0,21.72,63.176,1.61,,0.082,,,19.758,,7.6,-22.87140046,-43.45942235
2017-05-17 20:30:00,UNIDADE MOVEL BANGU,0.0,21.3,65.688,1.99,,0.096,,,16.753999999999998,,6.800000000000001,-22.87140046,-43.45942235
2017-05-17 21:30:00,UNIDADE MOVEL BANGU,0.0,20.88,68.2,2.37,,0.11,,,13.75,,6.0,-22.87140046,-43.45942235
2017-05-17 22:30:00,UNIDADE MOVEL BANGU,0.0,20.88,66.88,2.64,,0.12,,,17.49,,14.0,-22.87140046,-43.45942235
2017-05-17 23:30:00,UNIDADE MOVEL BANGU,0.0,20.52,67.32,2.76,,0.08,,,24.34,,17.0,-22.87140046,-43.45942235
2017-05-18 00:30:00,UNIDADE MOVEL BANGU,0.0,20.72,63.55,1.03,,0.03,,,27.27,,9.0,-22.87140046,-43.45942235
2017-05-18 01:30:00,UNIDADE MOVEL BANGU,0.0,20.67,64.08,0.94,,0.03,,,21.72,,5.0,-22.87140046,-43.45942235
2017-05-18 02:30:00,UNIDADE MOVEL BANGU,0.0,19.8,75.73,1.22,,0.03,,,19.06,,1.0,-22.87140046,-43.45942235
2017-05-18 03:30:00,UNIDADE MOVEL BANGU,0.0,19.52,76.6,1.52,,0.03,,,19.75,,13.0,-22.87140046,-43.45942235
2017-05-18 04:30:00,UNIDADE MOVEL BANGU,0.0,19.5,77.6,1.44,,0.03,,,19.33,,10.0,-22.87140046,-43.45942235
2017-05-18 05:30:00,UNIDADE MOVEL BANGU,0.0,19.45,73.18,1.47,,0.02,,,24.13,,8.0,-22.87140046,-43.45942235
2017-05-18 06:30:00,UNIDADE MOVEL BANGU,0.0,19.65,69.52,1.57,,0.09,,,14.28,,10.0,-22.87140046,-43.45942235
2017-05-18 07:30:00,UNIDADE MOVEL BANGU,0.0,20.27,68.6,1.98,,0.32,,,6.69,,6.0,-22.87140046,-43.45942235
2017-05-18 08:30:00,UNIDADE MOVEL BANGU,0.0,20.72,68.78,1.92,,0.28,,,4.16,,10.0,-22.87140046,-43.45942235
2017-05-18 09:30:00,UNIDADE MOVEL BANGU,0.0,22.27,62.82,2.15,,0.17,,,9.22,,9.0,-22.87140046,-43.45942235
2017-05-18 10:30:00,UNIDADE MOVEL BANGU,0.0,24.03,53.23,2.62,,0.05,,,23.95,,6.0,-22.87140046,-43.45942235
2017-05-18 11:30:00,UNIDADE MOVEL BANGU,0.0,23.43,54.52,3.42,,0.06,,,25.98,,7.0,-22.87140046,-43.45942235
2017-05-18 12:30:00,UNIDADE MOVEL BANGU,0.0,23.58,55.0,4.19,,0.08,,,27.43,,5.0,-22.87140046,-43.45942235
2017-05-18 13:30:00,UNIDADE MOVEL BANGU,0.0,24.18,53.38,4.77,,0.07,,,27.67,,4.0,-22.87140046,-43.45942235
2017-05-18 14:30:00,UNIDADE MOVEL BANGU,0.0,24.05,52.48,5.35,,0.05,,,34.3,,10.0,-22.87140046,-43.45942235
2017-05-18 15:30:00,UNIDADE MOVEL BANGU,0.0,23.5,56.7,4.88,,0.07,,,25.59,,9.0,-22.87140046,-43.45942235
2017-05-18 16:30:00,UNIDADE MOVEL BANGU,0.0,22.4,61.38,3.74,,0.1,,,27.61,,10.0,-22.87140046,-43.45942235
2017-05-18 17:30:00,UNIDADE MOVEL BANGU,0.0,22.07,62.88,3.09,,0.28,,,22.63,,6.0,-22.87140046,-43.45942235
2017-05-18 18:30:00,UNIDADE MOVEL BANGU,0.0,21.83,62.87,2.81,,0.28,,,19.15,,8.0,-22.87140046,-43.45942235
2017-05-18 19:30:00,UNIDADE MOVEL BANGU,0.0,21.47,65.25,3.12,,0.32,,,9.34,,8.0,-22.87140046,-43.45942235
2017-05-18 20:30:00,UNIDADE MOVEL BANGU,0.0,21.78,59.73,2.76,,0.2,,,10.45,,20.0,-22.87140046,-43.45942235
2017-05-18 21:30:00,UNIDADE MOVEL BANGU,0.0,21.47,59.5,2.3,,0.17,,,16.67,,11.0,-22.87140046,-43.45942235
2017-05-18 22:30:00,UNIDADE MOVEL BANGU,0.0,21.17,62.5,2.92,,0.16,,,19.52,,,-22.87140046,-43.45942235
2017-05-18 23:30:00,UNIDADE MOVEL BANGU,0.0,21.02,64.65,2.91,,0.12,,,24.02,,,-22.87140046,-43.45942235
2017-05-19 00:30:00,UNIDADE MOVEL BANGU,0.0,20.9,65.35,1.46,,0.03,,,28.4,,,-22.87140046,-43.45942235
2017-05-19 01:30:00,UNIDADE MOVEL BANGU,0.0,20.77,64.75,1.05,,0.02,,,27.8,,,-22.87140046,-43.45942235
2017-05-19 02:30:00,UNIDADE MOVEL BANGU,0.0,20.45,66.63,1.06,,0.02,,,28.36,,,-22.87140046,-43.45942235
2017-05-19 03:30:00,UNIDADE MOVEL BANGU,0.0,20.17,68.73,1.32,,0.01,,,27.55,,,-22.87140046,-43.45942235
2017-05-19 04:30:00,UNIDADE MOVEL BANGU,1.0,18.82,81.52,1.2,,0.02,,,22.47,,,-22.87140046,-43.45942235
2017-05-19 05:30:00,UNIDADE MOVEL BANGU,1.0,17.95,89.05,1.15,,0.02,,,11.76,,,-22.87140046,-43.45942235
2017-05-19 06:30:00,UNIDADE MOVEL BANGU,0.0,17.87,90.62,1.5,,0.06,,,6.32,,,-22.87140046,-43.45942235
2017-05-19 07:30:00,UNIDADE MOVEL BANGU,3.0,17.95,91.45,2.11,,0.185,,,0.89,,,-22.87140046,-43.45942235
2017-05-19 08:30:00,UNIDADE MOVEL BANGU,2.0,17.95,92.43,2.26,,0.31,,,1.08,,,-22.87140046,-43.45942235
2017-05-19 09:30:00,UNIDADE MOVEL BANGU,4.0,17.93,92.83,1.88,,0.23,,,1.48,,,-22.87140046,-43.45942235
2017-05-19 10:30:00,UNIDADE MOVEL BANGU,1.0,17.9,93.17,1.92,,0.24,,,4.2,,,-22.87140046,-43.45942235
2017-05-19 11:30:00,UNIDADE MOVEL BANGU,6.0,17.83,93.0,0.95,,0.23,,,4.68,,,-22.87140046,-43.45942235
2017-05-19 12:30:00,UNIDADE MOVEL BANGU,0.0,18.12,93.38,1.47,,0.4,,,5.16,,,-22.87140046,-43.45942235
2017-05-19 13:30:00,UNIDADE MOVEL BANGU,0.0,18.18,92.97,1.88,,0.24,,,5.64,,12.0,-22.87140046,-43.45942235
2017-05-19 14:30:00,UNIDADE MOVEL BANGU,2.0,18.35,92.37,2.41,,0.2825,,,6.29,,11.0,-22.87140046,-43.45942235
2017-05-19 15:30:00,UNIDADE MOVEL BANGU,1.0,18.4,93.07,2.91,,0.32499999999999996,,,4.56,,13.0,-22.87140046,-43.45942235
2017-05-19 16:30:00,UNIDADE MOVEL BANGU,1.0,18.22,92.73,2.484,,0.36749999999999994,,,1.62,,7.0,-22.87140046,-43.45942235
2017-05-19 17:30:00,UNIDADE MOVEL BANGU,1.0,18.17,92.88,2.058,,0.41,,,0.0,,2.0,-22.87140046,-43.45942235
2017-05-19 18:30:00,UNIDADE MOVEL BANGU,0.0,18.13,93.13,1.6320000000000001,,0.15,,,2.41,,5.0,-22.87140046,-43.45942235
2017-05-19 19:30:00,UNIDADE MOVEL BANGU,0.0,18.1,92.42,1.206,,0.06,,,3.67,,7.0,-22.87140046,-43.45942235
2017-05-19 20:30:00,UNIDADE MOVEL BANGU,0.0,18.1,90.65,0.78,,0.21,,,0.46,,6.0,-22.87140046,-43.45942235
2017-05-19 21:30:00,UNIDADE MOVEL BANGU,0.0,18.12,90.47,0.47,,0.2,,,2.43,,9.0,-22.87140046,-43.45942235
2017-05-19 22:30:00,UNIDADE MOVEL BANGU,0.0,18.5,88.98,0.24,,0.19,,,1.9,,14.0,-22.87140046,-43.45942235
2017-05-19 23:30:00,UNIDADE MOVEL BANGU,0.0,18.78,85.08,0.06,,0.16,,,3.6,,8.0,-22.87140046,-43.45942235
2017-05-20 00:30:00,UNIDADE MOVEL BANGU,0.0,18.42,88.17,0.03,,0.16,,,0.0,,12.0,-22.87140046,-43.45942235
2017-05-20 01:30:00,UNIDADE MOVEL BANGU,0.0,18.33,88.22,0.3,,0.18,,,0.0,,11.0,-22.87140046,-43.45942235
2017-05-20 02:30:00,UNIDADE MOVEL BANGU,0.0,18.15,88.42,0.89,,0.17,,,0.0,,9.0,-22.87140046,-43.45942235
2017-05-20 03:30:00,UNIDADE MOVEL BANGU,0.0,18.2,87.97,0.76,,0.13,,,0.29,,10.0,-22.87140046,-43.45942235
2017-05-20 04:30:00,UNIDADE MOVEL BANGU,0.0,18.27,88.42,0.53,,0.1,,,1.45,,8.0,-22.87140046,-43.45942235
2017-05-20 05:30:00,UNIDADE MOVEL BANGU,0.0,18.08,89.12,0.34,,0.07,,,0.29,,7.0,-22.87140046,-43.45942235
2017-05-20 06:30:00,UNIDADE MOVEL BANGU,0.0,18.38,89.57,0.58,,0.08,,,0.79,,7.0,-22.87140046,-43.45942235
2017-05-20 07:30:00,UNIDADE MOVEL BANGU,0.0,19.18,86.47,1.9,,0.2,,,2.63,,8.0,-22.87140046,-43.45942235
2017-05-20 08:30:00,UNIDADE MOVEL BANGU,0.0,20.38,80.78,2.54,,0.17,,,5.43,,10.0,-22.87140046,-43.45942235
2017-05-20 09:30:00,UNIDADE MOVEL BANGU,0.0,21.52,75.35,2.82,,0.13,,,7.02,,7.0,-22.87140046,-43.45942235
2017-05-20 10:30:00,UNIDADE MOVEL BANGU,0.0,22.73,70.37,4.56,,0.09,,,11.79,,5.0,-22.87140046,-43.45942235
2017-05-20 11:30:00,UNIDADE MOVEL BANGU,0.0,22.77,71.1,6.64,,0.22,,,9.94,,5.0,-22.87140046,-43.45942235
2017-05-20 12:30:00,UNIDADE MOVEL BANGU,0.0,23.2,69.78,7.45,,0.2,,,9.19,,6.0,-22.87140046,-43.45942235
2017-05-20 13:30:00,UNIDADE MOVEL BANGU,0.0,23.58,68.32,7.8,,0.2,,,11.88,,7.0,-22.87140046,-43.45942235
2017-05-20 14:30:00,UNIDADE MOVEL BANGU,0.0,23.98,67.15,9.33,,0.18,,,15.52,,17.0,-22.87140046,-43.45942235
2017-05-20 15:30:00,UNIDADE MOVEL BANGU,0.0,23.5,70.28,10.17,,0.18,,,11.7,,11.0,-22.87140046,-43.45942235
2017-05-20 16:30:00,UNIDADE MOVEL BANGU,0.0,23.33,72.7,9.65,,0.23,,,7.43,,18.0,-22.87140046,-43.45942235
2017-05-20 17:30:00,UNIDADE MOVEL BANGU,0.0,22.63,75.83,9.07,,0.25,,,5.74,,12.0,-22.87140046,-43.45942235
2017-05-20 18:30:00,UNIDADE MOVEL BANGU,0.0,22.32,77.92,8.02,,0.32,,,1.15,,14.0,-22.87140046,-43.45942235
2017-05-20 19:30:00,UNIDADE MOVEL BANGU,0.0,22.12,79.35,7.27,,0.33,,,6.46,,20.0,-22.87140046,-43.45942235
2017-05-20 20:30:00,UNIDADE MOVEL BANGU,0.0,21.88,80.32,6.64,,0.24,,,9.82,,9.0,-22.87140046,-43.45942235
2017-05-20 21:30:00,UNIDADE MOVEL BANGU,0.0,21.67,80.58,6.12,,0.18,,,9.42,,9.0,-22.87140046,-43.45942235
2017-05-20 22:30:00,UNIDADE MOVEL BANGU,0.0,21.48,80.37,6.06,,0.16,,,11.4,,6.0,-22.87140046,-43.45942235
2017-05-20 23:30:00,UNIDADE MOVEL BANGU,0.0,21.35,80.42,5.72,,0.15,,,11.72,,4.0,-22.87140046,-43.45942235
2017-05-21 00:30:00,UNIDADE MOVEL BANGU,0.0,21.03,81.45,1.34,,0.09,,,14.33,,3.0,-22.87140046,-43.45942235
2017-05-21 01:30:00,UNIDADE MOVEL BANGU,0.0,20.9,82.65,0.45,,0.08,,,11.52,,3.0,-22.87140046,-43.45942235
2017-05-21 02:30:00,UNIDADE MOVEL BANGU,0.0,20.92,83.02,0.15,,0.07,,,12.8,,4.0,-22.87140046,-43.45942235
2017-05-21 03:30:00,UNIDADE MOVEL BANGU,0.0,21.0,82.7,0.49,,0.07,,,13.14,,5.0,-22.87140046,-43.45942235
2017-05-21 04:30:00,UNIDADE MOVEL BANGU,0.0,21.0,82.52,0.8,,0.06,,,17.75,,4.0,-22.87140046,-43.45942235
2017-05-21 05:30:00,UNIDADE MOVEL BANGU,0.0,20.95,83.1,0.63,,0.03,,,18.06,,0.0,-22.87140046,-43.45942235
2017-05-21 06:30:00,UNIDADE MOVEL BANGU,0.0,20.98,83.62,0.45,,0.03,,,11.61,,2.0,-22.87140046,-43.45942235
2017-05-21 07:30:00,UNIDADE MOVEL BANGU,0.0,21.27,83.1,0.44,,0.12,,,6.8,,4.0,-22.87140046,-43.45942235
2017-05-21 08:30:00,UNIDADE MOVEL BANGU,0.0,21.68,81.37,0.84,,0.16,,,10.3,,5.0,-22.87140046,-43.45942235
2017-05-21 09:30:00,UNIDADE MOVEL BANGU,0.0,21.98,79.63,1.85,,0.12,,,11.26,,6.0,-22.87140046,-43.45942235
2017-05-21 10:30:00,UNIDADE MOVEL BANGU,0.0,22.25,78.67,2.66,,0.1,,,11.46,,4.0,-22.87140046,-43.45942235
2017-05-21 11:30:00,UNIDADE MOVEL BANGU,0.0,22.27,78.88,3.04,,0.1,,,15.53,,6.0,-22.87140046,-43.45942235
2017-05-21 12:30:00,UNIDADE MOVEL BANGU,0.0,22.62,77.95,3.28,,0.1,,,17.64,,5.0,-22.87140046,-43.45942235
2017-05-21 13:30:00,UNIDADE MOVEL BANGU,0.0,23.02,77.17,3.77,,0.08,,,17.51,,7.0,-22.87140046,-43.45942235
2017-05-21 14:30:00,UNIDADE MOVEL BANGU,0.0,23.43,75.33,4.28,,0.08,,,17.09,,5.0,-22.87140046,-43.45942235
2017-05-21 15:30:00,UNIDADE MOVEL BANGU,0.0,23.48,74.37,4.13,,0.1,,,16.72,,4.0,-22.87140046,-43.45942235
2017-05-21 16:30:00,UNIDADE MOVEL BANGU,0.0,23.1,75.22,4.58,,0.1,,,12.27,,9.0,-22.87140046,-43.45942235
2017-05-21 17:30:00,UNIDADE MOVEL BANGU,0.0,22.72,76.37,4.84,,0.17,,,9.4,,7.0,-22.87140046,-43.45942235
2017-05-21 18:30:00,UNIDADE MOVEL BANGU,0.0,22.35,78.25,4.46,,0.22,,,3.63,,5.0,-22.87140046,-43.45942235
2017-05-21 19:30:00,UNIDADE MOVEL BANGU,0.0,21.95,80.0,3.73,,0.23,,,7.6,,6.0,-22.87140046,-43.45942235
2017-05-21 20:30:00,UNIDADE MOVEL BANGU,0.0,21.6,81.13,3.21,,0.21,,,9.91,,4.0,-22.87140046,-43.45942235
2017-05-21 21:30:00,UNIDADE MOVEL BANGU,0.0,21.45,81.2,2.35,,0.2,,,6.8,,10.0,-22.87140046,-43.45942235
2017-05-21 22:30:00,UNIDADE MOVEL BANGU,0.0,21.42,80.5,1.98,,0.19,,,1.83,,5.0,-22.87140046,-43.45942235
2017-05-21 23:30:00,UNIDADE MOVEL BANGU,0.0,21.28,80.72,2.08,,0.18,,,4.74,,4.0,-22.87140046,-43.45942235
2017-05-22 00:30:00,UNIDADE MOVEL BANGU,0.0,21.35,80.32,0.44,,0.13,,,7.92,,5.0,-22.87140046,-43.45942235
2017-05-22 01:30:00,UNIDADE MOVEL BANGU,1.0,21.08,83.57,0.13,,0.13,,,1.81,,2.0,-22.87140046,-43.45942235
2017-05-22 02:30:00,UNIDADE MOVEL BANGU,3.0,20.37,90.17,0.02,,0.12,,,1.1,,10.0,-22.87140046,-43.45942235
2017-05-22 03:30:00,UNIDADE MOVEL BANGU,0.0,20.03,92.52,0.0,,0.11,,,5.49,,6.0,-22.87140046,-43.45942235
2017-05-22 04:30:00,UNIDADE MOVEL BANGU,0.0,19.98,92.9,0.0,,0.08,,,10.91,,2.0,-22.87140046,-43.45942235
2017-05-22 05:30:00,UNIDADE MOVEL BANGU,0.0,20.0,92.87,0.0,,0.07,,,6.46,,4.0,-22.87140046,-43.45942235
2017-05-22 06:30:00,UNIDADE MOVEL BANGU,0.0,20.07,92.78,0.0,,0.05,,,3.28,,2.0,-22.87140046,-43.45942235
2017-05-22 07:30:00,UNIDADE MOVEL BANGU,0.0,20.5,92.5,0.49,,0.14,,,1.66,,2.0,-22.87140046,-43.45942235
2017-05-22 08:30:00,UNIDADE MOVEL BANGU,0.0,21.65,87.5,0.91,,0.22,,,3.71,,24.0,-22.87140046,-43.45942235
2017-05-22 09:30:00,UNIDADE MOVEL BANGU,0.0,22.93,79.48,1.35,,0.14,,,7.67,,13.0,-22.87140046,-43.45942235
2017-05-22 10:30:00,UNIDADE MOVEL BANGU,5.0,22.67,79.73,0.91,,0.09,,,13.6,,9.0,-22.87140046,-43.45942235
2017-05-22 11:30:00,UNIDADE MOVEL BANGU,1.0,21.48,86.17,0.485,,0.09333333333333334,,,15.09,,13.0,-22.87140046,-43.45942235
2017-05-22 12:30:00,UNIDADE MOVEL BANGU,1.0,21.1,87.93,0.06,,0.09666666666666666,,,21.03,,8.0,-22.87140046,-43.45942235
2017-05-22 13:30:00,UNIDADE MOVEL BANGU,0.0,21.66,83.62,1.33,,0.1,,,23.37,,7.0,-22.87140046,-43.45942235
2017-05-22 14:30:00,UNIDADE MOVEL BANGU,,21.47,82.83500000000001,0.81,,0.09,,,23.39,,8.5,-22.87140046,-43.45942235
2017-05-22 15:30:00,UNIDADE MOVEL BANGU,0.0,21.28,82.05,0.29,,0.08,,,23.41,,10.0,-22.87140046,-43.45942235
2017-05-22 16:30:00,UNIDADE MOVEL BANGU,0.0,21.37,79.87,0.42,,0.05,,,21.93,,7.0,-22.87140046,-43.45942235
2017-05-22 17:30:00,UNIDADE MOVEL BANGU,0.0,21.43,76.32,0.73,,0.06,,,17.36,,7.0,-22.87140046,-43.45942235
2017-05-22 18:30:00,UNIDADE MOVEL BANGU,0.0,21.25,75.17,1.27,,0.05,,,16.32,,13.0,-22.87140046,-43.45942235
2017-05-22 19:30:00,UNIDADE MOVEL BANGU,0.0,20.77,77.53,1.5,,0.06,,,18.14,,6.0,-22.87140046,-43.45942235
2017-05-22 20:30:00,UNIDADE MOVEL BANGU,0.0,20.37,74.97,1.27,,0.1,,,23.98,,3.0,-22.87140046,-43.45942235
2017-05-22 21:30:00,UNIDADE MOVEL BANGU,0.0,20.0,79.8,1.52,,0.09,,,19.37,,6.0,-22.87140046,-43.45942235
2017-05-22 22:30:00,UNIDADE MOVEL BANGU,0.0,19.83,81.33,1.39,,0.06,,,20.0,,4.0,-22.87140046,-43.45942235
2017-05-22 23:30:00,UNIDADE MOVEL BANGU,0.0,19.72,81.45,1.61,,0.06,,,23.42,,9.0,-22.87140046,-43.45942235
2017-05-23 00:30:00,UNIDADE MOVEL BANGU,0.0,19.72,80.37,0.61,,0.07,,,30.1,,6.0,-22.87140046,-43.45942235
2017-05-23 01:30:00,UNIDADE MOVEL BANGU,0.0,19.68,80.12,0.5,,0.04,,,32.67,,5.0,-22.87140046,-43.45942235
2017-05-23 02:30:00,UNIDADE MOVEL BANGU,0.0,19.72,78.87,0.63,,0.03,,,33.83,,15.0,-22.87140046,-43.45942235
2017-05-23 03:30:00,UNIDADE MOVEL BANGU,0.0,19.38,81.63,0.63,,0.03,,,29.7,,5.0,-22.87140046,-43.45942235
2017-05-23 04:30:00,UNIDADE MOVEL BANGU,0.0,19.02,82.73,0.7,,0.03,,,22.31,,6.0,-22.87140046,-43.45942235
2017-05-23 05:30:00,UNIDADE MOVEL BANGU,0.0,17.9,87.13,0.86,,0.03,,,8.61,,8.0,-22.87140046,-43.45942235
2017-05-23 06:30:00,UNIDADE MOVEL BANGU,0.0,17.78,88.78,1.32,,0.08,,,0.96,,10.0,-22.87140046,-43.45942235
2017-05-23 07:30:00,UNIDADE MOVEL BANGU,0.0,18.95,86.47,2.32,,0.23,,,0.19,,11.0,-22.87140046,-43.45942235
2017-05-23 08:30:00,UNIDADE MOVEL BANGU,0.0,21.72,72.82,2.45,,0.35,,,5.06,,13.0,-22.87140046,-43.45942235
2017-05-23 09:30:00,UNIDADE MOVEL BANGU,0.0,22.85,68.6,1.51,,0.34,,,11.18,,10.0,-22.87140046,-43.45942235
2017-05-23 10:30:00,UNIDADE MOVEL BANGU,0.0,23.8,62.92,1.28,,0.29,,,21.83,,9.0,-22.87140046,-43.45942235
2017-05-23 11:30:00,UNIDADE MOVEL BANGU,0.0,25.37,54.6,1.91,,0.1,,,28.1,,14.0,-22.87140046,-43.45942235
2017-05-23 12:30:00,UNIDADE MOVEL BANGU,0.0,25.93,51.6,1.94,,0.05,,,30.4,,12.0,-22.87140046,-43.45942235
2017-05-23 13:30:00,UNIDADE MOVEL BANGU,0.0,26.2,49.58,3.73,,0.05,,,25.15,,11.0,-22.87140046,-43.45942235
2017-05-23 14:30:00,UNIDADE MOVEL BANGU,0.0,26.95,50.15,0.85,,0.03,,,33.25,,12.0,-22.87140046,-43.45942235
2017-05-23 15:30:00,UNIDADE MOVEL BANGU,0.0,26.38,52.32,0.0,,0.07,,,34.8,,12.0,-22.87140046,-43.45942235
2017-05-23 16:30:00,UNIDADE MOVEL BANGU,0.0,24.0,59.1,0.0,,0.08,,,29.07,,15.0,-22.87140046,-43.45942235
2017-05-23 17:30:00,UNIDADE MOVEL BANGU,0.0,22.48,63.12,0.0,,0.06,,,19.82,,10.0,-22.87140046,-43.45942235
2017-05-23 18:30:00,UNIDADE MOVEL BANGU,0.0,21.45,65.1,0.09,,0.06,,,18.33,,14.0,-22.87140046,-43.45942235
2017-05-23 19:30:00,UNIDADE MOVEL BANGU,0.0,21.6,62.98,0.11,,0.06,,,15.24,,9.0,-22.87140046,-43.45942235
2017-05-23 20:30:00,UNIDADE MOVEL BANGU,0.0,20.6,67.72,0.91,,0.08,,,4.42,,9.0,-22.87140046,-43.45942235
2017-05-23 21:30:00,UNIDADE MOVEL BANGU,0.0,20.02,70.67,0.59,,0.14,,,0.52,,13.0,-22.87140046,-43.45942235
2017-05-23 22:30:00,UNIDADE MOVEL BANGU,0.0,19.38,75.47,1.08,,0.18,,,0.17,,15.0,-22.87140046,-43.45942235
2017-05-23 23:30:00,UNIDADE MOVEL BANGU,0.0,18.92,78.95,0.87,,0.19,,,0.14,,18.0,-22.87140046,-43.45942235
2017-05-24 00:30:00,UNIDADE MOVEL BANGU,0.0,18.6,82.05,1.33,,0.33,,,0.71,,18.0,-22.87140046,-43.45942235
2017-05-24 01:30:00,UNIDADE MOVEL BANGU,0.0,18.28,85.07,1.95,,0.38,,,0.22,,20.0,-22.87140046,-43.45942235
2017-05-24 02:30:00,UNIDADE MOVEL BANGU,0.0,17.87,86.87,2.07,,0.39,,,0.21,,22.0,-22.87140046,-43.45942235
2017-05-24 03:30:00,UNIDADE MOVEL BANGU,0.0,17.58,86.8,2.25,,0.34,,,0.02,,22.0,-22.87140046,-43.45942235
2017-05-24 04:30:00,UNIDADE MOVEL BANGU,0.0,17.12,88.58,2.07,,0.29,,,0.35,,20.0,-22.87140046,-43.45942235
2017-05-24 05:30:00,UNIDADE MOVEL BANGU,0.0,16.8,90.12,2.38,,0.3,,,0.49,,21.0,-22.87140046,-43.45942235
2017-05-24 06:30:00,UNIDADE MOVEL BANGU,0.0,17.1,90.05,3.43,,0.48,,,4.61,,20.0,-22.87140046,-43.45942235
2017-05-24 07:30:00,UNIDADE MOVEL BANGU,0.0,18.73,84.67,4.69,,0.88,,,9.13,,28.0,-22.87140046,-43.45942235
2017-05-24 08:30:00,UNIDADE MOVEL BANGU,0.0,21.23,73.15,3.67,,1.06,,,8.08,,43.0,-22.87140046,-43.45942235
2017-05-24 09:30:00,UNIDADE MOVEL BANGU,0.0,23.62,63.33,6.23,,0.98,,,10.31,,33.0,-22.87140046,-43.45942235
2017-05-24 10:30:00,UNIDADE MOVEL BANGU,0.0,23.82,63.0,9.79,,0.61,,,16.04,,16.0,-22.87140046,-43.45942235
2017-05-24 11:30:00,UNIDADE MOVEL BANGU,0.0,26.37,53.85,12.07,,0.475,,,23.68,,16.8,-22.87140046,-43.45942235
2017-05-24 12:30:00,UNIDADE MOVEL BANGU,0.0,27.28,51.63,10.05,,0.34,,,32.14,,17.6,-22.87140046,-43.45942235
2017-05-24 13:30:00,UNIDADE MOVEL BANGU,0.0,28.37,47.15,6.77,,0.17,,,43.12,,18.4,-22.87140046,-43.45942235
2017-05-24 14:30:00,UNIDADE MOVEL BANGU,0.0,27.4,52.83,4.08,,0.09,,,32.89,,19.2,-22.87140046,-43.45942235
2017-05-24 15:30:00,UNIDADE MOVEL BANGU,0.0,27.13,53.03,2.82,,0.14,,,32.92,,20.0,-22.87140046,-43.45942235
2017-05-24 16:30:00,UNIDADE MOVEL BANGU,0.0,25.88,56.0,4.39,,0.15,,,31.68,,16.0,-22.87140046,-43.45942235
2017-05-24 17:30:00,UNIDADE MOVEL BANGU,0.0,23.82,65.52,5.39,,0.23,,,7.7,,19.0,-22.87140046,-43.45942235
2017-05-24 18:30:00,UNIDADE MOVEL BANGU,0.0,22.53,71.48,4.44,,0.41,,,0.16,,28.0,-22.87140046,-43.45942235
2017-05-24 19:30:00,UNIDADE MOVEL BANGU,0.0,21.9,74.48,5.11,,0.55,,,0.33,,32.0,-22.87140046,-43.45942235
2017-05-24 20:30:00,UNIDADE MOVEL BANGU,0.0,21.52,77.55,5.25,,0.98,,,0.53,,41.0,-22.87140046,-43.45942235
2017-05-24 21:30:00,UNIDADE MOVEL BANGU,0.0,21.75,79.8,5.08,,1.16,,,0.05,,37.0,-22.87140046,-43.45942235
2017-05-24 22:30:00,UNIDADE MOVEL BANGU,0.0,21.2,82.3,4.76,,1.11,,,0.18,,35.0,-22.87140046,-43.45942235
2017-05-24 23:30:00,UNIDADE MOVEL BANGU,0.0,20.65,86.73,3.75,,0.89,,,0.0,,20.0,-22.87140046,-43.45942235
2017-05-25 00:30:00,UNIDADE MOVEL BANGU,0.0,20.42,88.43,2.83,,0.68,,,0.0,,7.0,-22.87140046,-43.45942235
2017-05-25 01:30:00,UNIDADE MOVEL BANGU,0.0,20.15,88.95,2.01,,0.6,,,0.0,,11.0,-22.87140046,-43.45942235
2017-05-25 02:30:00,UNIDADE MOVEL BANGU,0.0,19.8,89.83,1.96,,0.52,,,0.17,,16.0,-22.87140046,-43.45942235
2017-05-25 03:30:00,UNIDADE MOVEL BANGU,0.0,19.65,89.7,1.68,,0.42,,,0.16,,16.0,-22.87140046,-43.45942235
2017-05-25 04:30:00,UNIDADE MOVEL BANGU,0.0,19.32,90.7,1.53,,0.34,,,0.02,,15.0,-22.87140046,-43.45942235
2017-05-25 05:30:00,UNIDADE MOVEL BANGU,0.0,19.05,91.68,1.72,,0.31,,,0.0,,16.0,-22.87140046,-43.45942235
2017-05-25 06:30:00,UNIDADE MOVEL BANGU,0.0,19.13,92.22,1.65,,0.3,,,2.44,,10.0,-22.87140046,-43.45942235
2017-05-25 07:30:00,UNIDADE MOVEL BANGU,0.0,20.25,89.78,2.72,,0.48,,,2.45,,16.0,-22.87140046,-43.45942235
2017-05-25 08:30:00,UNIDADE MOVEL BANGU,0.0,22.95,75.35,2.55,,0.64,,,1.65,,28.0,-22.87140046,-43.45942235
2017-05-25 09:30:00,UNIDADE MOVEL BANGU,0.0,25.05,67.8,3.96,,0.54,,,7.37,,17.0,-22.87140046,-43.45942235
2017-05-25 10:30:00,UNIDADE MOVEL BANGU,0.0,26.78,60.3,7.39,,0.45,,,13.88,,14.0,-22.87140046,-43.45942235
2017-05-25 11:30:00,UNIDADE MOVEL BANGU,0.0,28.5,51.72,10.52,,0.4,,,18.8,,19.0,-22.87140046,-43.45942235
2017-05-25 12:30:00,UNIDADE MOVEL BANGU,0.0,29.08,48.98,11.44,,0.3,,,40.27,,18.0,-22.87140046,-43.45942235
2017-05-25 13:30:00,UNIDADE MOVEL BANGU,0.0,29.7,45.98,12.95,,0.21,,,59.92,,20.0,-22.87140046,-43.45942235
2017-05-25 14:30:00,UNIDADE MOVEL BANGU,0.0,30.03,45.2,16.33,,0.17,,,69.4,,17.0,-22.87140046,-43.45942235
2017-05-25 15:30:00,UNIDADE MOVEL BANGU,0.0,30.07,44.97,19.8,,0.17,,,73.45,,22.0,-22.87140046,-43.45942235
2017-05-25 16:30:00,UNIDADE MOVEL BANGU,0.0,29.08,47.27,18.06,,0.17,,,43.59,,11.0,-22.87140046,-43.45942235
2017-05-25 17:30:00,UNIDADE MOVEL BANGU,0.0,27.12,52.45,25.58,,0.21,,,10.76,,11.0,-22.87140046,-43.45942235
2017-05-25 18:30:00,UNIDADE MOVEL BANGU,0.0,25.52,59.4,16.9,,0.44,,,0.33,,16.0,-22.87140046,-43.45942235
2017-05-25 19:30:00,UNIDADE MOVEL BANGU,0.0,24.6,65.8,10.93,,0.65,,,0.33,,20.0,-22.87140046,-43.45942235
2017-05-25 20:30:00,UNIDADE MOVEL BANGU,0.0,23.83,73.17,6.68,,0.62,,,0.0,,22.0,-22.87140046,-43.45942235
2017-05-25 21:30:00,UNIDADE MOVEL BANGU,0.0,23.18,75.77,5.02,,0.5,,,0.87,,20.0,-22.87140046,-43.45942235
2017-05-25 22:30:00,UNIDADE MOVEL BANGU,0.0,22.38,77.75,4.11,,0.41,,,3.35,,19.0,-22.87140046,-43.45942235
2017-05-25 23:30:00,UNIDADE MOVEL BANGU,0.0,21.78,79.92,3.65,,0.35,,,0.75,,12.0,-22.87140046,-43.45942235
2017-05-26 00:30:00,UNIDADE MOVEL BANGU,0.0,21.28,81.88,1.85,,0.29,,,0.0,,10.0,-22.87140046,-43.45942235
2017-05-26 01:30:00,UNIDADE MOVEL BANGU,0.0,21.07,82.75,1.85,,0.28,,,0.15,,19.0,-22.87140046,-43.45942235
2017-05-26 02:30:00,UNIDADE MOVEL BANGU,0.0,20.75,83.2,1.91,,0.23,,,0.98,,10.0,-22.87140046,-43.45942235
2017-05-26 03:30:00,UNIDADE MOVEL BANGU,0.0,20.27,84.92,1.73,,0.21,,,1.6,,14.0,-22.87140046,-43.45942235
2017-05-26 04:30:00,UNIDADE MOVEL BANGU,0.0,20.08,86.08,1.71,,0.19,,,0.77,,17.0,-22.87140046,-43.45942235
2017-05-26 05:30:00,UNIDADE MOVEL BANGU,0.0,19.83,86.2,2.12,,0.21,,,1.87,,11.0,-22.87140046,-43.45942235
2017-05-26 06:30:00,UNIDADE MOVEL BANGU,0.0,19.67,87.18,2.85,,0.34,,,1.43,,15.0,-22.87140046,-43.45942235
2017-05-26 07:30:00,UNIDADE MOVEL BANGU,0.0,21.05,82.52,2.96,,0.83,,,0.92,,28.0,-22.87140046,-43.45942235
2017-05-26 08:30:00,UNIDADE MOVEL BANGU,0.0,24.78,64.62,2.39,,0.74,,,3.4,,13.0,-22.87140046,-43.45942235
2017-05-26 09:30:00,UNIDADE MOVEL BANGU,0.0,26.7,57.05,3.63,,0.58,,,6.96,,19.0,-22.87140046,-43.45942235
2017-05-26 10:30:00,UNIDADE MOVEL BANGU,0.0,28.52,49.88,5.55,,0.35,,,22.94,,13.0,-22.87140046,-43.45942235
2017-05-26 11:30:00,UNIDADE MOVEL BANGU,0.0,29.82,45.25,7.3,,0.19,,,33.53,,15.0,-22.87140046,-43.45942235
2017-05-26 12:30:00,UNIDADE MOVEL BANGU,0.0,30.28,44.2,8.4,,0.11,,,36.56,,6.0,-22.87140046,-43.45942235
2017-05-26 13:30:00,UNIDADE MOVEL BANGU,0.0,30.23,42.32,8.71,,0.07,,,29.63,,5.0,-22.87140046,-43.45942235
2017-05-26 14:30:00,UNIDADE MOVEL BANGU,0.0,30.93,40.22,8.82,,0.06,,,32.34,,3.0,-22.87140046,-43.45942235
2017-05-26 15:30:00,UNIDADE MOVEL BANGU,0.0,31.0,40.43,8.56,,0.05,,,33.51,,3.0,-22.87140046,-43.45942235
2017-05-26 16:30:00,UNIDADE MOVEL BANGU,0.0,29.57,43.75,6.44,,0.07,,,28.18,,11.0,-22.87140046,-43.45942235
2017-05-26 17:30:00,UNIDADE MOVEL BANGU,0.0,27.5,51.82,3.92,,0.12,,,9.03,,12.0,-22.87140046,-43.45942235
2017-05-26 18:30:00,UNIDADE MOVEL BANGU,0.0,25.73,58.77,4.43,,0.28,,,0.22,,10.0,-22.87140046,-43.45942235
2017-05-26 19:30:00,UNIDADE MOVEL BANGU,0.0,25.48,58.33,4.12,,0.42,,,0.2,,16.0,-22.87140046,-43.45942235
2017-05-26 20:30:00,UNIDADE MOVEL BANGU,0.0,24.77,60.45,3.99,,0.45,,,0.02,,23.0,-22.87140046,-43.45942235
2017-05-26 21:30:00,UNIDADE MOVEL BANGU,0.0,24.0,62.97,4.48,,0.58,,,0.12,,24.0,-22.87140046,-43.45942235
2017-05-26 22:30:00,UNIDADE MOVEL BANGU,0.0,23.22,65.17,4.04,,0.76,,,1.39,,27.0,-22.87140046,-43.45942235
2017-05-26 23:30:00,UNIDADE MOVEL BANGU,0.0,22.73,68.32,4.41,,0.95,,,1.82,,24.0,-22.87140046,-43.45942235
2017-05-27 00:30:00,UNIDADE MOVEL BANGU,0.0,22.13,70.95,2.08,,1.12,,,0.91,,41.0,-22.87140046,-43.45942235
2017-05-27 01:30:00,UNIDADE MOVEL BANGU,0.0,22.27,68.03,1.23,,0.95,,,0.25,,22.0,-22.87140046,-43.45942235
2017-05-27 02:30:00,UNIDADE MOVEL BANGU,0.0,21.95,67.58,0.23,,0.61,,,0.65,,18.0,-22.87140046,-43.45942235
2017-05-27 03:30:00,UNIDADE MOVEL BANGU,0.0,21.75,67.5,0.08,,0.38,,,3.5,,13.0,-22.87140046,-43.45942235
2017-05-27 04:30:00,UNIDADE MOVEL BANGU,0.0,21.48,68.1,0.0,,0.23,,,3.65,,15.0,-22.87140046,-43.45942235
2017-05-27 05:30:00,UNIDADE MOVEL BANGU,0.0,21.62,66.6,0.0,,0.13,,,3.2,,11.0,-22.87140046,-43.45942235
2017-05-27 06:30:00,UNIDADE MOVEL BANGU,0.0,21.12,70.2,0.03,,0.64,,,1.09,,7.0,-22.87140046,-43.45942235
2017-05-27 07:30:00,UNIDADE MOVEL BANGU,0.0,21.73,69.47,0.45,,0.67,,,0.33,,9.0,-22.87140046,-43.45942235
2017-05-27 08:30:00,UNIDADE MOVEL BANGU,0.0,23.35,61.13,0.0,,0.64,,,2.87,,14.0,-22.87140046,-43.45942235
2017-05-27 09:30:00,UNIDADE MOVEL BANGU,0.0,26.05,51.58,0.0,,0.41,,,14.45,,13.0,-22.87140046,-43.45942235
2017-05-27 10:30:00,UNIDADE MOVEL BANGU,0.0,27.88,46.32,0.82,,0.23,,,21.08,,7.0,-22.87140046,-43.45942235
2017-05-27 11:30:00,UNIDADE MOVEL BANGU,0.0,29.58,42.82,3.9,,0.11,,,30.25,,5.0,-22.87140046,-43.45942235
2017-05-27 12:30:00,UNIDADE MOVEL BANGU,0.0,30.02,42.25,6.57,,0.05,,,38.08,,8.0,-22.87140046,-43.45942235
2017-05-27 13:30:00,UNIDADE MOVEL BANGU,0.0,29.8,45.33,7.81,,0.03,,,41.18,,10.0,-22.87140046,-43.45942235
2017-05-27 14:30:00,UNIDADE MOVEL BANGU,0.0,27.05,58.72,6.66,,0.02,,,41.15,,8.0,-22.87140046,-43.45942235
2017-05-27 15:30:00,UNIDADE MOVEL BANGU,0.0,25.88,62.08,2.94,,0.05,,,35.02,,10.0,-22.87140046,-43.45942235
2017-05-27 16:30:00,UNIDADE MOVEL BANGU,0.0,25.3,63.98,1.77,,0.11,,,40.66,,12.0,-22.87140046,-43.45942235
2017-05-27 17:30:00,UNIDADE MOVEL BANGU,0.0,23.82,71.57,1.79,,0.13,,,37.73,,22.0,-22.87140046,-43.45942235
2017-05-27 18:30:00,UNIDADE MOVEL BANGU,0.0,23.05,73.82,1.68,,0.16,,,35.37,,28.0,-22.87140046,-43.45942235
2017-05-27 19:30:00,UNIDADE MOVEL BANGU,0.0,22.18,77.75,1.58,,0.12,,,35.37,,22.0,-22.87140046,-43.45942235
2017-05-27 20:30:00,UNIDADE MOVEL BANGU,0.0,21.45,82.67,0.97,,0.1,,,39.67,,20.0,-22.87140046,-43.45942235
2017-05-27 21:30:00,UNIDADE MOVEL BANGU,0.0,21.05,84.48,0.16,,0.08,,,40.64,,24.0,-22.87140046,-43.45942235
2017-05-27 22:30:00,UNIDADE MOVEL BANGU,0.0,21.15,84.57,0.23,,0.07,,,31.47,,19.0,-22.87140046,-43.45942235
2017-05-27 23:30:00,UNIDADE MOVEL BANGU,0.0,21.28,83.47,0.04,,0.07,,,30.52,,38.0,-22.87140046,-43.45942235
2017-05-28 00:30:00,UNIDADE MOVEL BANGU,0.0,21.35,82.72,0.64,,0.08,,,32.46,,22.0,-22.87140046,-43.45942235
2017-05-28 01:30:00,UNIDADE MOVEL BANGU,0.0,21.25,83.13,0.91,,0.08,,,31.43,,23.0,-22.87140046,-43.45942235
2017-05-28 02:30:00,UNIDADE MOVEL BANGU,0.0,21.35,82.68,0.79,,0.07,,,21.25,,16.0,-22.87140046,-43.45942235
2017-05-28 03:30:00,UNIDADE MOVEL BANGU,0.0,20.72,83.73,0.71,,0.07,,,19.37,,16.0,-22.87140046,-43.45942235
2017-05-28 04:30:00,UNIDADE MOVEL BANGU,0.0,20.5,85.67,0.72,,0.06,,,14.36,,22.0,-22.87140046,-43.45942235
2017-05-28 05:30:00,UNIDADE MOVEL BANGU,0.0,20.47,85.07,0.81,,0.07,,,6.73,,18.0,-22.87140046,-43.45942235
2017-05-28 06:30:00,UNIDADE MOVEL BANGU,0.0,20.13,86.48,0.6,,0.1,,,7.54,,19.0,-22.87140046,-43.45942235
2017-05-28 07:30:00,UNIDADE MOVEL BANGU,0.0,20.87,86.1,0.89,,0.13,,,4.08,,19.0,-22.87140046,-43.45942235
2017-05-28 08:30:00,UNIDADE MOVEL BANGU,0.0,22.05,81.4,1.08,,0.16,,,10.32,,30.0,-22.87140046,-43.45942235
2017-05-28 09:30:00,UNIDADE MOVEL BANGU,0.0,24.07,71.48,1.06,,0.17,,,24.48,,32.0,-22.87140046,-43.45942235
2017-05-28 10:30:00,UNIDADE MOVEL BANGU,0.0,25.73,63.92,4.65,,0.16,,,41.78,,29.0,-22.87140046,-43.45942235
2017-05-28 11:30:00,UNIDADE MOVEL BANGU,0.0,26.9,57.78,8.83,,0.16,,,48.24,,31.0,-22.87140046,-43.45942235
2017-05-28 12:30:00,UNIDADE MOVEL BANGU,0.0,24.95,66.65,5.75,,0.14,,,37.96,,19.0,-22.87140046,-43.45942235
2017-05-28 13:30:00,UNIDADE MOVEL BANGU,0.0,25.03,66.9,3.74,,0.14,,,39.81,,37.0,-22.87140046,-43.45942235
2017-05-28 14:30:00,UNIDADE MOVEL BANGU,0.0,25.17,65.78,3.58,,0.18,,,48.45,,32.0,-22.87140046,-43.45942235
2017-05-28 15:30:00,UNIDADE MOVEL BANGU,0.0,25.27,65.08,4.85,,0.15,,,59.86,,25.0,-22.87140046,-43.45942235
2017-05-28 16:30:00,UNIDADE MOVEL BANGU,0.0,24.32,68.63,5.12,,0.16,,,55.58,,33.0,-22.87140046,-43.45942235
2017-05-28 17:30:00,UNIDADE MOVEL BANGU,0.0,22.88,73.6,5.62,,0.15,,,54.64,,38.0,-22.87140046,-43.45942235
2017-05-28 18:30:00,UNIDADE MOVEL BANGU,0.0,22.4,75.58,5.27,,0.21,,,38.56,,33.0,-22.87140046,-43.45942235
2017-05-28 19:30:00,UNIDADE MOVEL BANGU,0.0,22.25,75.83,5.6,,0.25,,,39.17,,47.0,-22.87140046,-43.45942235
2017-05-28 20:30:00,UNIDADE MOVEL BANGU,0.0,22.08,76.55,4.99,,0.29,,,29.51,,56.0,-22.87140046,-43.45942235
2017-05-28 21:30:00,UNIDADE MOVEL BANGU,0.0,21.35,80.47,4.28,,0.42,,,8.88,,55.0,-22.87140046,-43.45942235
2017-05-28 22:30:00,UNIDADE MOVEL BANGU,0.0,21.23,81.1,3.37,,0.63,,,6.95,,49.0,-22.87140046,-43.45942235
2017-05-28 23:30:00,UNIDADE MOVEL BANGU,0.0,20.8,82.98,3.25,,0.7,,,7.75,,41.0,-22.87140046,-43.45942235
2017-05-29 00:30:00,UNIDADE MOVEL BANGU,0.0,20.53,83.95,2.55,,0.61,,,20.29,,57.0,-22.87140046,-43.45942235
2017-05-29 01:30:00,UNIDADE MOVEL BANGU,0.0,20.35,84.73,2.31,,0.64,,,8.27,,60.0,-22.87140046,-43.45942235
2017-05-29 02:30:00,UNIDADE MOVEL BANGU,0.0,20.12,86.15,4.64,,0.57,,,5.87,,56.0,-22.87140046,-43.45942235
2017-05-29 03:30:00,UNIDADE MOVEL BANGU,0.0,19.77,87.88,3.59,,0.43,,,7.08,,46.0,-22.87140046,-43.45942235
2017-05-29 04:30:00,UNIDADE MOVEL BANGU,0.0,19.8,88.33,2.89,,0.34,,,12.99,,42.0,-22.87140046,-43.45942235
2017-05-29 05:30:00,UNIDADE MOVEL BANGU,0.0,19.25,90.13,2.82,,0.25,,,11.35,,55.0,-22.87140046,-43.45942235
2017-05-29 06:30:00,UNIDADE MOVEL BANGU,0.0,19.33,90.82,3.63,,0.23,,,7.99,,54.0,-22.87140046,-43.45942235
2017-05-29 07:30:00,UNIDADE MOVEL BANGU,0.0,19.7,89.08,4.51,,0.3,,,4.0,,59.0,-22.87140046,-43.45942235
2017-05-29 08:30:00,UNIDADE MOVEL BANGU,0.0,21.58,79.28,4.54,,0.33,,,8.37,,52.0,-22.87140046,-43.45942235
2017-05-29 09:30:00,UNIDADE MOVEL BANGU,0.0,24.05,67.52,3.94,,0.33,,,15.83,,43.0,-22.87140046,-43.45942235
2017-05-29 10:30:00,UNIDADE MOVEL BANGU,0.0,26.0,59.63,4.82,,0.27,,,25.95,,49.0,-22.87140046,-43.45942235
2017-05-29 11:30:00,UNIDADE MOVEL BANGU,0.0,27.83,51.13,5.37,,0.17,,,37.37,,37.0,-22.87140046,-43.45942235
2017-05-29 12:30:00,UNIDADE MOVEL BANGU,0.0,28.6,48.05,6.64,,0.06,,,50.78,,10.0,-22.87140046,-43.45942235
2017-05-29 13:30:00,UNIDADE MOVEL BANGU,0.0,29.27,43.48,7.28,,0.02,,,58.96,,23.0,-22.87140046,-43.45942235
2017-05-29 14:30:00,UNIDADE MOVEL BANGU,0.0,29.63,39.97,7.58,,0.02,,,56.0,,17.0,-22.87140046,-43.45942235
2017-05-29 15:30:00,UNIDADE MOVEL BANGU,0.0,29.4,41.25,5.76,,0.01,,,48.91,,13.0,-22.87140046,-43.45942235
2017-05-29 16:30:00,UNIDADE MOVEL BANGU,0.0,27.67,53.93,4.97,,0.01,,,52.91,,21.0,-22.87140046,-43.45942235
2017-05-29 17:30:00,UNIDADE MOVEL BANGU,0.0,24.18,71.24,2.485,,0.14,,,41.32,,36.0,-22.87140046,-43.45942235
2017-05-29 18:30:00,UNIDADE MOVEL BANGU,0.0,21.8,80.45,0.0,,0.27,,,35.5,,52.0,-22.87140046,-43.45942235
2017-05-29 19:30:00,UNIDADE MOVEL BANGU,0.0,20.87,84.58,0.0,,0.26,,,28.82,,58.0,-22.87140046,-43.45942235
2017-05-29 20:30:00,UNIDADE MOVEL BANGU,0.0,20.3,87.25,0.0,,0.27,,,20.07,,53.0,-22.87140046,-43.45942235
2017-05-29 21:30:00,UNIDADE MOVEL BANGU,0.0,20.17,87.7,0.0,,0.3,,,13.46,,63.0,-22.87140046,-43.45942235
2017-05-29 22:30:00,UNIDADE MOVEL BANGU,0.0,20.03,87.88,0.0,,0.34,,,10.08,,69.0,-22.87140046,-43.45942235
2017-05-29 23:30:00,UNIDADE MOVEL BANGU,0.0,19.63,89.33,0.0,,0.36,,,14.77,,68.0,-22.87140046,-43.45942235
2017-05-30 00:30:00,UNIDADE MOVEL BANGU,0.0,19.43,90.22,0.49,,0.24,,,15.92,,73.0,-22.87140046,-43.45942235
2017-05-30 01:30:00,UNIDADE MOVEL BANGU,0.0,19.17,90.32,1.05,,0.24,,,8.14,,63.0,-22.87140046,-43.45942235
2017-05-30 02:30:00,UNIDADE MOVEL BANGU,0.0,19.03,90.9,1.26,,0.26,,,2.67,,68.0,-22.87140046,-43.45942235
2017-05-30 03:30:00,UNIDADE MOVEL BANGU,0.0,18.9,90.52,1.17,,0.28,,,0.71,,67.0,-22.87140046,-43.45942235
2017-05-30 04:30:00,UNIDADE MOVEL BANGU,0.0,18.58,90.85,1.15,,0.3,,,2.28,,64.0,-22.87140046,-43.45942235
2017-05-30 05:30:00,UNIDADE MOVEL BANGU,0.0,18.57,90.6,1.2,,0.31,,,0.07,,54.0,-22.87140046,-43.45942235
2017-05-30 06:30:00,UNIDADE MOVEL BANGU,0.0,19.1,82.82,1.51,,0.53,,,0.0,,47.0,-22.87140046,-43.45942235
2017-05-30 07:30:00,UNIDADE MOVEL BANGU,0.0,20.37,76.22,1.76,,0.55,,,0.16,,41.0,-22.87140046,-43.45942235
2017-05-30 08:30:00,UNIDADE MOVEL BANGU,0.0,20.88,81.85,1.91,,0.47,,,9.33,,21.0,-22.87140046,-43.45942235
2017-05-30 09:30:00,UNIDADE MOVEL BANGU,0.0,21.07,80.7,1.81,,0.3,,,22.17,,23.0,-22.87140046,-43.45942235
2017-05-30 10:30:00,UNIDADE MOVEL BANGU,0.0,21.4,77.96,1.53,,0.22,,,29.02,,14.0,-22.87140046,-43.45942235
2017-05-30 11:30:00,UNIDADE MOVEL BANGU,0.0,23.52,68.28,1.38,,0.18,,,34.6,,15.0,-22.87140046,-43.45942235
2017-05-30 12:30:00,UNIDADE MOVEL BANGU,0.0,25.05,60.78,1.71,,0.16,,,43.98,,14.0,-22.87140046,-43.45942235
2017-05-30 13:30:00,UNIDADE MOVEL BANGU,0.0,25.65,58.95,2.18,,0.17,,,45.01,,10.0,-22.87140046,-43.45942235
2017-05-30 14:30:00,UNIDADE MOVEL BANGU,0.0,25.43,59.35,2.5,,0.08,,,52.99,,15.0,-22.87140046,-43.45942235
2017-05-30 15:30:00,UNIDADE MOVEL BANGU,0.0,26.08,58.32,6.01,,0.08,,,47.1,,20.0,-22.87140046,-43.45942235
2017-05-30 16:30:00,UNIDADE MOVEL BANGU,0.0,24.67,64.58,3.72,,0.11,,,31.47,,31.0,-22.87140046,-43.45942235
2017-05-30 17:30:00,UNIDADE MOVEL BANGU,0.0,23.33,71.6,1.05,,0.21,,,35.39,,27.0,-22.87140046,-43.45942235
2017-05-30 18:30:00,UNIDADE MOVEL BANGU,0.0,22.38,75.9,0.81,,0.19,,,30.29,,27.0,-22.87140046,-43.45942235
2017-05-30 19:30:00,UNIDADE MOVEL BANGU,0.0,21.95,77.65,1.15,,0.16,,,24.18,,31.0,-22.87140046,-43.45942235
2017-05-30 20:30:00,UNIDADE MOVEL BANGU,0.0,21.4,79.65,1.56,,0.22,,,21.42,,41.0,-22.87140046,-43.45942235
2017-05-30 21:30:00,UNIDADE MOVEL BANGU,0.0,21.02,81.18,1.47,,0.24,,,17.39,,42.0,-22.87140046,-43.45942235
2017-05-30 22:30:00,UNIDADE MOVEL BANGU,0.0,20.6,83.22,1.77,,0.26,,,6.81,,42.0,-22.87140046,-43.45942235
2017-05-30 23:30:00,UNIDADE MOVEL BANGU,0.0,20.23,84.78,1.88,,0.26,,,12.17,,51.0,-22.87140046,-43.45942235
2017-05-31 00:30:00,UNIDADE MOVEL BANGU,0.0,19.97,85.13,1.05,,0.23,,,10.6,,31.0,-22.87140046,-43.45942235
2017-05-31 01:30:00,UNIDADE MOVEL BANGU,0.0,19.78,85.3,1.07,,0.2,,,11.36,,29.0,-22.87140046,-43.45942235
2017-05-31 02:30:00,UNIDADE MOVEL BANGU,0.0,20.2,85.25,1.35,,0.17,,,15.03,,27.0,-22.87140046,-43.45942235
2017-05-31 03:30:00,UNIDADE MOVEL BANGU,0.0,19.43,86.52,1.34,,0.16,,,4.55,,23.0,-22.87140046,-43.45942235
2017-05-31 04:30:00,UNIDADE MOVEL BANGU,0.0,19.03,88.05,1.78,,0.18,,,0.23,,31.0,-22.87140046,-43.45942235
2017-05-31 05:30:00,UNIDADE MOVEL BANGU,0.0,18.85,88.5,2.05,,0.2,,,0.28,,31.0,-22.87140046,-43.45942235
2017-05-31 06:30:00,UNIDADE MOVEL BANGU,0.0,18.93,87.93,2.27,,0.27,,,0.0,,22.0,-22.87140046,-43.45942235
2017-05-31 07:30:00,UNIDADE MOVEL BANGU,0.0,19.65,84.68,4.2,,0.91,,,0.38,,32.0,-22.87140046,-43.45942235
2017-05-31 08:30:00,UNIDADE MOVEL BANGU,0.0,22.35,71.15,4.11,,0.92,,,6.97,,26.0,-22.87140046,-43.45942235
2017-05-31 09:30:00,UNIDADE MOVEL BANGU,0.0,23.63,63.15,4.75,,0.54,,,26.55,,27.0,-22.87140046,-43.45942235
2017-05-31 10:30:00,UNIDADE MOVEL BANGU,0.0,25.22,57.28,8.45,,0.25,,,34.62,,17.0,-22.87140046,-43.45942235
2017-05-31 11:30:00,UNIDADE MOVEL BANGU,0.0,26.4,53.82,7.65,,0.2,,,40.75,,12.0,-22.87140046,-43.45942235
2017-05-31 12:30:00,UNIDADE MOVEL BANGU,0.0,27.55,50.37,8.89,,0.1,,,49.43,,28.0,-22.87140046,-43.45942235
2017-05-31 13:30:00,UNIDADE MOVEL BANGU,0.0,27.88,48.37,7.42,,0.13,,,51.59,,19.0,-22.87140046,-43.45942235
2017-05-31 14:30:00,UNIDADE MOVEL BANGU,0.0,28.62,48.27,7.2,,0.13,,,55.54,,17.0,-22.87140046,-43.45942235
2017-05-31 15:30:00,UNIDADE MOVEL BANGU,0.0,27.13,54.2,0.53,,0.12,,,57.79,,28.0,-22.87140046,-43.45942235
2017-05-31 16:30:00,UNIDADE MOVEL BANGU,0.0,24.32,65.62,1.89,,0.12,,,35.94,,23.0,-22.87140046,-43.45942235
2017-05-31 17:30:00,UNIDADE MOVEL BANGU,0.0,22.77,71.23,2.18,,0.22,,,16.93,,24.0,-22.87140046,-43.45942235
2017-05-31 18:30:00,UNIDADE MOVEL BANGU,0.0,21.83,74.88,1.97,,0.36,,,1.55,,26.0,-22.87140046,-43.45942235
2017-05-31 19:30:00,UNIDADE MOVEL BANGU,0.0,21.58,77.15,2.35,,0.49,,,0.26,,23.0,-22.87140046,-43.45942235
2017-05-31 20:30:00,UNIDADE MOVEL BANGU,0.0,21.5,77.23,2.88,,0.65,,,0.12,,25.0,-22.87140046,-43.45942235
2017-05-31 21:30:00,UNIDADE MOVEL BANGU,0.0,21.08,78.45,3.03,,0.72,,,0.0,,38.0,-22.87140046,-43.45942235
2017-05-31 22:30:00,UNIDADE MOVEL BANGU,0.0,20.85,79.87,2.95,,0.81,,,0.21,,26.0,-22.87140046,-43.45942235
2017-05-31 23:30:00,UNIDADE MOVEL BANGU,0.0,20.83,79.52,3.24,,0.97,,,0.0,,31.0,-22.87140046,-43.45942235
2017-06-01 00:30:00,UNIDADE MOVEL BANGU,0.0,20.52,81.23,3.03,,0.65,,,2.49,,31.0,-22.87140046,-43.45942235
2017-06-01 01:30:00,UNIDADE MOVEL BANGU,0.0,20.12,84.1,2.84,,0.58,,,2.87,,40.0,-22.87140046,-43.45942235
2017-06-01 02:30:00,UNIDADE MOVEL BANGU,0.0,19.57,86.93,2.3,,0.43,,,1.79,,33.0,-22.87140046,-43.45942235
2017-06-01 03:30:00,UNIDADE MOVEL BANGU,0.0,19.4,89.27,1.51,,0.34,,,3.03,,28.0,-22.87140046,-43.45942235
2017-06-01 04:30:00,UNIDADE MOVEL BANGU,0.0,19.23,90.72,0.84,,0.22,,,9.29,,44.0,-22.87140046,-43.45942235
2017-06-01 05:30:00,UNIDADE MOVEL BANGU,0.0,19.48,89.8,0.95,,0.17,,,15.28,,40.0,-22.87140046,-43.45942235
2017-06-01 06:30:00,UNIDADE MOVEL BANGU,0.0,19.38,89.05,1.05,,0.16,,,8.44,,40.0,-22.87140046,-43.45942235
2017-06-01 07:30:00,UNIDADE MOVEL BANGU,0.0,19.62,87.7,1.19,,0.21,,,4.35,,44.0,-22.87140046,-43.45942235
2017-06-01 08:30:00,UNIDADE MOVEL BANGU,0.0,21.37,79.45,2.06,,0.23,,,3.63,,54.0,-22.87140046,-43.45942235
2017-06-01 09:30:00,UNIDADE MOVEL BANGU,0.0,23.7,69.08,5.62,,0.23,,,10.65,,50.0,-22.87140046,-43.45942235
2017-06-01 10:30:00,UNIDADE MOVEL BANGU,0.0,25.58,62.83,11.49,,0.23,,,16.56,,48.0,-22.87140046,-43.45942235
2017-06-01 11:30:00,UNIDADE MOVEL BANGU,0.0,28.12,51.22,13.19,,0.21,,,29.46,,46.0,-22.87140046,-43.45942235
2017-06-01 12:30:00,UNIDADE MOVEL BANGU,0.0,29.67,43.92,16.79,,0.17,,,43.44,,32.0,-22.87140046,-43.45942235
2017-06-01 13:30:00,UNIDADE MOVEL BANGU,0.0,31.23,38.52,17.99,,0.21,,,72.21,,25.0,-22.87140046,-43.45942235
2017-06-01 14:30:00,UNIDADE MOVEL BANGU,0.0,32.7,33.95,15.82,,0.28,,,86.64,,31.0,-22.87140046,-43.45942235
2017-06-01 15:30:00,UNIDADE MOVEL BANGU,0.0,32.15,35.62,14.91,,0.26,,,76.93,,16.0,-22.87140046,-43.45942235
2017-06-01 16:30:00,UNIDADE MOVEL BANGU,0.0,30.6,40.08,17.05,,0.31,,,69.78,,16.0,-22.87140046,-43.45942235
2017-06-01 17:30:00,UNIDADE MOVEL BANGU,0.0,28.2,47.48,15.46,,0.56,,,39.27,,34.0,-22.87140046,-43.45942235
2017-06-01 18:30:00,UNIDADE MOVEL BANGU,0.0,26.75,53.52,11.76,,1.17,,,2.62,,48.0,-22.87140046,-43.45942235
2017-06-01 19:30:00,UNIDADE MOVEL BANGU,0.0,26.0,59.23,10.48,,1.72,,,4.92,,52.0,-22.87140046,-43.45942235
2017-06-01 20:30:00,UNIDADE MOVEL BANGU,0.0,23.65,70.32,6.5,,1.33,,,22.1,,72.0,-22.87140046,-43.45942235
2017-06-01 21:30:00,UNIDADE MOVEL BANGU,0.0,22.87,70.9,5.03,,0.78,,,34.23,,35.0,-22.87140046,-43.45942235
2017-06-01 22:30:00,UNIDADE MOVEL BANGU,0.0,22.6,66.9,4.17,,0.49,,,37.22,,20.0,-22.87140046,-43.45942235
2017-06-01 23:30:00,UNIDADE MOVEL BANGU,0.0,22.6,64.7,3.29,,0.35,,,36.79,,26.0,-22.87140046,-43.45942235
2017-06-02 00:30:00,UNIDADE MOVEL BANGU,0.0,22.73,63.27,1.2,,0.16,,,40.08,,12.0,-22.87140046,-43.45942235
2017-06-02 01:30:00,UNIDADE MOVEL BANGU,0.0,22.33,65.45,0.89,,0.13,,,35.76,,15.0,-22.87140046,-43.45942235
2017-06-02 02:30:00,UNIDADE MOVEL BANGU,0.0,22.13,66.3,0.96,,0.1,,,41.28,,23.0,-22.87140046,-43.45942235
2017-06-02 03:30:00,UNIDADE MOVEL BANGU,0.0,20.65,72.9,0.42,,0.1,,,24.3,,31.0,-22.87140046,-43.45942235
2017-06-02 04:30:00,UNIDADE MOVEL BANGU,0.0,19.93,75.62,0.57,,0.09,,,14.18,,13.0,-22.87140046,-43.45942235
2017-06-02 05:30:00,UNIDADE MOVEL BANGU,0.0,20.1,76.15,0.52,,0.1,,,4.8,,20.0,-22.87140046,-43.45942235
2017-06-02 06:30:00,UNIDADE MOVEL BANGU,0.0,19.72,77.93,1.01,,0.13,,,0.5,,23.0,-22.87140046,-43.45942235
2017-06-02 07:30:00,UNIDADE MOVEL BANGU,0.0,20.55,75.27,1.42,,0.29,,,1.09,,26.0,-22.87140046,-43.45942235
2017-06-02 08:30:00,UNIDADE MOVEL BANGU,0.0,21.8,66.95,0.76,,0.34,,,7.98,,22.0,-22.87140046,-43.45942235
2017-06-02 09:30:00,UNIDADE MOVEL BANGU,0.0,22.73,60.07,0.85,,0.21,,,16.95,,20.0,-22.87140046,-43.45942235
2017-06-02 10:30:00,UNIDADE MOVEL BANGU,0.0,23.85,54.45,2.02,,0.11,,,23.62,,11.0,-22.87140046,-43.45942235
2017-06-02 11:30:00,UNIDADE MOVEL BANGU,0.0,24.23,50.53,3.18,,0.06,,,29.11,,9.0,-22.87140046,-43.45942235
2017-06-02 12:30:00,UNIDADE MOVEL BANGU,0.0,24.28,48.95,4.59,,0.04,,,33.44,,20.0,-22.87140046,-43.45942235
2017-06-02 13:30:00,UNIDADE MOVEL BANGU,0.0,23.7,47.88,4.19,,0.04,,,38.05,,8.0,-22.87140046,-43.45942235
2017-06-02 14:30:00,UNIDADE MOVEL BANGU,0.0,23.92,43.55,3.38,,0.03,,,38.64,,10.0,-22.87140046,-43.45942235
2017-06-02 15:30:00,UNIDADE MOVEL BANGU,0.0,23.23,47.32,2.96,,0.02,,,37.55,,10.0,-22.87140046,-43.45942235
2017-06-02 16:30:00,UNIDADE MOVEL BANGU,0.0,22.48,47.83,1.87,,0.03,,,31.89,,11.0,-22.87140046,-43.45942235
2017-06-02 17:30:00,UNIDADE MOVEL BANGU,0.0,21.33,54.28,0.44,,0.04,,,28.51,,6.0,-22.87140046,-43.45942235
2017-06-02 18:30:00,UNIDADE MOVEL BANGU,0.0,20.52,64.5,0.0,,0.06,,,22.47,,4.0,-22.87140046,-43.45942235
2017-06-02 19:30:00,UNIDADE MOVEL BANGU,0.0,20.08,69.38,0.0,,0.07,,,15.38,,3.0,-22.87140046,-43.45942235
2017-06-02 20:30:00,UNIDADE MOVEL BANGU,0.0,19.85,72.62,0.0,,0.1,,,8.16,,7.0,-22.87140046,-43.45942235
2017-06-02 21:30:00,UNIDADE MOVEL BANGU,0.0,20.08,72.73,0.0,,0.12,,,14.46,,10.0,-22.87140046,-43.45942235
2017-06-02 22:30:00,UNIDADE MOVEL BANGU,0.0,20.3,72.92,0.0,,0.1,,,19.63,,14.0,-22.87140046,-43.45942235
2017-06-02 23:30:00,UNIDADE MOVEL BANGU,0.0,20.12,77.25,0.0,,0.1,,,16.17,,8.0,-22.87140046,-43.45942235
2017-06-03 00:30:00,UNIDADE MOVEL BANGU,0.0,20.05,78.02,0.07,,0.1,,,18.94,,6.0,-22.87140046,-43.45942235
2017-06-03 01:30:00,UNIDADE MOVEL BANGU,0.0,20.02,77.05,0.14,,0.07,,,23.77,,8.0,-22.87140046,-43.45942235
2017-06-03 02:30:00,UNIDADE MOVEL BANGU,0.0,19.67,80.1,0.2,,0.06,,,19.2,,7.0,-22.87140046,-43.45942235
2017-06-03 03:30:00,UNIDADE MOVEL BANGU,0.0,19.35,81.58,0.25,,0.05,,,19.37,,6.0,-22.87140046,-43.45942235
2017-06-03 04:30:00,UNIDADE MOVEL BANGU,0.0,18.98,83.2,0.1,,0.04,,,13.96,,8.0,-22.87140046,-43.45942235
2017-06-03 05:30:00,UNIDADE MOVEL BANGU,0.0,18.53,84.92,0.17,,0.05,,,3.48,,9.0,-22.87140046,-43.45942235
2017-06-03 06:30:00,UNIDADE MOVEL BANGU,0.0,18.05,86.48,0.38,,0.07,,,0.0,,10.0,-22.87140046,-43.45942235
2017-06-03 07:30:00,UNIDADE MOVEL BANGU,0.0,18.93,83.05,0.76,,0.12,,,1.0,,20.0,-22.87140046,-43.45942235
2017-06-03 08:30:00,UNIDADE MOVEL BANGU,0.0,21.92,68.6,1.25,,0.11,,,15.67,,22.0,-22.87140046,-43.45942235
2017-06-03 09:30:00,UNIDADE MOVEL BANGU,0.0,23.42,59.7,2.8,,0.07,,,25.7,,8.0,-22.87140046,-43.45942235
2017-06-03 10:30:00,UNIDADE MOVEL BANGU,0.0,24.87,53.37,4.89,,0.04,,,28.25,,5.0,-22.87140046,-43.45942235
2017-06-03 11:30:00,UNIDADE MOVEL BANGU,0.0,25.35,50.43,6.61,,0.03,,,32.94,,8.0,-22.87140046,-43.45942235
2017-06-03 12:30:00,UNIDADE MOVEL BANGU,0.0,25.12,50.25,7.55,,0.04,,,37.02,,5.0,-22.87140046,-43.45942235
2017-06-03 13:30:00,UNIDADE MOVEL BANGU,0.0,26.08,46.03,20.1,,0.04,,,54.37,,16.0,-22.87140046,-43.45942235
2017-06-03 14:30:00,UNIDADE MOVEL BANGU,0.0,26.43,45.1,24.05,,0.04,,,57.6,,23.0,-22.87140046,-43.45942235
2017-06-03 15:30:00,UNIDADE MOVEL BANGU,0.0,26.07,50.03,10.35,,0.05,,,54.89,,21.0,-22.87140046,-43.45942235
2017-06-03 16:30:00,UNIDADE MOVEL BANGU,0.0,24.7,55.58,7.29,,0.07,,,47.85,,13.0,-22.87140046,-43.45942235
2017-06-03 17:30:00,UNIDADE MOVEL BANGU,0.0,22.93,62.32,4.66,,0.1,,,34.08,,19.0,-22.87140046,-43.45942235
2017-06-03 18:30:00,UNIDADE MOVEL BANGU,0.0,22.13,65.87,3.52,,0.18,,,18.3,,17.0,-22.87140046,-43.45942235
2017-06-03 19:30:00,UNIDADE MOVEL BANGU,0.0,21.3,69.53,3.04,,0.27,,,4.27,,30.0,-22.87140046,-43.45942235
2017-06-03 20:30:00,UNIDADE MOVEL BANGU,0.0,21.02,70.52,2.65,,0.78,,,2.01,,20.0,-22.87140046,-43.45942235
2017-06-03 21:30:00,UNIDADE MOVEL BANGU,0.0,20.82,71.73,2.46,,0.63,,,0.62,,21.0,-22.87140046,-43.45942235
2017-06-03 22:30:00,UNIDADE MOVEL BANGU,0.0,20.43,72.9,2.23,,0.64,,,0.84,,27.0,-22.87140046,-43.45942235
2017-06-03 23:30:00,UNIDADE MOVEL BANGU,0.0,20.17,73.53,1.72,,0.57,,,2.47,,20.0,-22.87140046,-43.45942235
2017-06-04 00:30:00,UNIDADE MOVEL BANGU,0.0,19.78,76.18,1.36,,0.32,,,1.89,,13.0,-22.87140046,-43.45942235
2017-06-04 01:30:00,UNIDADE MOVEL BANGU,0.0,19.37,79.9,1.06,,0.23,,,3.96,,20.0,-22.87140046,-43.45942235
2017-06-04 02:30:00,UNIDADE MOVEL BANGU,0.0,18.87,82.22,1.25,,0.19,,,3.0,,9.0,-22.87140046,-43.45942235
2017-06-04 03:30:00,UNIDADE MOVEL BANGU,0.0,18.42,84.0,1.57,,0.24,,,0.03,,16.0,-22.87140046,-43.45942235
2017-06-04 04:30:00,UNIDADE MOVEL BANGU,0.0,18.32,83.88,1.31,,0.22,,,0.0,,16.0,-22.87140046,-43.45942235
2017-06-04 05:30:00,UNIDADE MOVEL BANGU,0.0,18.08,85.18,1.26,,0.19,,,0.27,,14.0,-22.87140046,-43.45942235
2017-06-04 06:30:00,UNIDADE MOVEL BANGU,0.0,17.58,87.28,1.05,,0.2,,,0.11,,12.0,-22.87140046,-43.45942235
2017-06-04 07:30:00,UNIDADE MOVEL BANGU,0.0,18.8,84.32,2.57,,0.25,,,0.92,,18.0,-22.87140046,-43.45942235
2017-06-04 08:30:00,UNIDADE MOVEL BANGU,0.0,21.25,74.07,2.74,,0.25,,,7.76,,27.0,-22.87140046,-43.45942235
2017-06-04 09:30:00,UNIDADE MOVEL BANGU,0.0,23.73,64.52,4.53,,0.2,,,15.55,,27.0,-22.87140046,-43.45942235
2017-06-04 10:30:00,UNIDADE MOVEL BANGU,0.0,25.63,58.27,7.24,,0.18,,,27.81,,31.0,-22.87140046,-43.45942235
2017-06-04 11:30:00,UNIDADE MOVEL BANGU,0.0,27.3,52.3,19.3,,0.12,,,69.41,,12.0,-22.87140046,-43.45942235
2017-06-04 12:30:00,UNIDADE MOVEL BANGU,0.0,28.47,48.43,29.44,,0.1,,,99.56,,22.0,-22.87140046,-43.45942235
2017-06-04 13:30:00,UNIDADE MOVEL BANGU,0.0,29.88,44.57,25.34,,0.11,,,108.37,,27.0,-22.87140046,-43.45942235
2017-06-04 14:30:00,UNIDADE MOVEL BANGU,0.0,30.48,43.03,23.54,,0.23,,,109.66,,22.0,-22.87140046,-43.45942235
2017-06-04 15:30:00,UNIDADE MOVEL BANGU,0.0,29.8,45.48,23.65,,0.27,,,107.91,,31.0,-22.87140046,-43.45942235
2017-06-04 16:30:00,UNIDADE MOVEL BANGU,0.0,28.83,48.1,27.26,,0.32,,,96.45,,27.0,-22.87140046,-43.45942235
2017-06-04 17:30:00,UNIDADE MOVEL BANGU,0.0,26.67,55.57,29.17,,0.45,,,54.95,,37.0,-22.87140046,-43.45942235
2017-06-04 18:30:00,UNIDADE MOVEL BANGU,0.0,25.3,59.77,42.87,,0.72,,,16.67,,44.0,-22.87140046,-43.45942235
2017-06-04 19:30:00,UNIDADE MOVEL BANGU,0.0,24.7,62.38,22.97,,1.28,,,1.98,,52.0,-22.87140046,-43.45942235
2017-06-04 20:30:00,UNIDADE MOVEL BANGU,0.0,24.55,63.27,13.15,,1.51,,,1.25,,49.0,-22.87140046,-43.45942235
2017-06-04 21:30:00,UNIDADE MOVEL BANGU,0.0,23.93,66.03,10.28,,1.47,,,0.59,,34.0,-22.87140046,-43.45942235
2017-06-04 22:30:00,UNIDADE MOVEL BANGU,0.0,23.1,70.48,9.1,,1.85,,,1.74,,43.0,-22.87140046,-43.45942235
2017-06-04 23:30:00,UNIDADE MOVEL BANGU,0.0,22.63,74.12,7.94,,2.14,,,4.31,,41.0,-22.87140046,-43.45942235
2017-06-05 00:30:00,UNIDADE MOVEL BANGU,0.0,21.72,78.4,4.28,,1.88,,,5.62,,47.0,-22.87140046,-43.45942235
2017-06-05 01:30:00,UNIDADE MOVEL BANGU,0.0,21.4,80.27,3.84,,2.05,,,5.28,,53.0,-22.87140046,-43.45942235
2017-06-05 02:30:00,UNIDADE MOVEL BANGU,0.0,21.3,79.93,3.5,,2.07,,,2.8,,49.0,-22.87140046,-43.45942235
2017-06-05 03:30:00,UNIDADE MOVEL BANGU,0.0,20.93,81.63,2.84,,1.91,,,1.25,,47.0,-22.87140046,-43.45942235
2017-06-05 04:30:00,UNIDADE MOVEL BANGU,0.0,20.78,82.18,2.29,,1.59,,,0.73,,37.0,-22.87140046,-43.45942235
2017-06-05 05:30:00,UNIDADE MOVEL BANGU,0.0,21.27,79.57,1.66,,1.11,,,1.78,,35.0,-22.87140046,-43.45942235
2017-06-05 06:30:00,UNIDADE MOVEL BANGU,0.0,22.08,72.85,0.89,,0.66,,,1.13,,28.0,-22.87140046,-43.45942235
2017-06-05 07:30:00,UNIDADE MOVEL BANGU,0.0,23.1,68.62,0.79,,0.47,,,2.99,,14.0,-22.87140046,-43.45942235
2017-06-05 08:30:00,UNIDADE MOVEL BANGU,0.0,24.9,61.67,0.79,,0.35,,,10.04,,9.0,-22.87140046,-43.45942235
2017-06-05 09:30:00,UNIDADE MOVEL BANGU,0.0,25.85,58.32,1.22,,0.2,,,15.81,,21.0,-22.87140046,-43.45942235
2017-06-05 10:30:00,UNIDADE MOVEL BANGU,0.0,27.83,52.67,1.7,,0.12,,,21.02,,13.0,-22.87140046,-43.45942235
2017-06-05 11:30:00,UNIDADE MOVEL BANGU,0.0,27.68,53.72,3.92,,0.06,,,27.5,,12.0,-22.87140046,-43.45942235
2017-06-05 12:30:00,UNIDADE MOVEL BANGU,0.0,26.78,58.97,3.92,,0.05,,,41.57,,10.0,-22.87140046,-43.45942235
2017-06-05 13:30:00,UNIDADE MOVEL BANGU,0.0,26.52,60.52,4.58,,0.04,,,47.15,,15.0,-22.87140046,-43.45942235
2017-06-05 14:30:00,UNIDADE MOVEL BANGU,0.0,25.2,64.15,3.73,,0.04,,,44.94,,13.0,-22.87140046,-43.45942235
2017-06-05 15:30:00,UNIDADE MOVEL BANGU,0.0,24.9,63.35,2.09,,0.06,,,40.67,,12.0,-22.87140046,-43.45942235
2017-06-05 16:30:00,UNIDADE MOVEL BANGU,0.0,24.87,63.45,1.2,,0.26,,,33.47,,14.0,-22.87140046,-43.45942235
2017-06-05 17:30:00,UNIDADE MOVEL BANGU,0.0,24.25,65.45,0.79,,0.47,,,22.41,,22.0,-22.87140046,-43.45942235
2017-06-05 18:30:00,UNIDADE MOVEL BANGU,0.0,24.18,65.5,1.0,,0.75,,,3.49,,18.0,-22.87140046,-43.45942235
2017-06-05 19:30:00,UNIDADE MOVEL BANGU,0.0,24.1,65.85,0.83,,0.86,,,0.58,,30.0,-22.87140046,-43.45942235
2017-06-05 20:30:00,UNIDADE MOVEL BANGU,0.0,23.87,66.78,0.72,,0.8079999999999999,,,3.31,,37.0,-22.87140046,-43.45942235
2017-06-05 21:30:00,UNIDADE MOVEL BANGU,0.0,23.55,69.35,1.29,,0.756,,,0.85,,26.0,-22.87140046,-43.45942235
2017-06-05 22:30:00,UNIDADE MOVEL BANGU,0.0,23.18,70.68,1.12,,0.704,,,0.81,,45.0,-22.87140046,-43.45942235
2017-06-05 23:30:00,UNIDADE MOVEL BANGU,0.0,22.65,72.85,0.54,,0.6519999999999999,,,0.01,,37.0,-22.87140046,-43.45942235
2017-06-06 00:30:00,UNIDADE MOVEL BANGU,0.0,22.27,75.3,1.37,,0.6,,,0.75,,25.0,-22.87140046,-43.45942235
2017-06-06 01:30:00,UNIDADE MOVEL BANGU,0.0,21.95,77.88,2.46,,0.83,,,1.05,,46.0,-22.87140046,-43.45942235
2017-06-06 02:30:00,UNIDADE MOVEL BANGU,0.0,21.37,82.32,1.85,,0.82,,,0.0,,51.0,-22.87140046,-43.45942235
2017-06-06 03:30:00,UNIDADE MOVEL BANGU,0.0,20.98,85.63,1.48,,0.71,,,0.0,,50.0,-22.87140046,-43.45942235
2017-06-06 04:30:00,UNIDADE MOVEL BANGU,0.0,21.15,86.12,1.58,,0.61,,,0.0,,58.0,-22.87140046,-43.45942235
2017-06-06 05:30:00,UNIDADE MOVEL BANGU,0.0,21.38,84.17,2.06,,0.5,,,0.0,,50.0,-22.87140046,-43.45942235
2017-06-06 06:30:00,UNIDADE MOVEL BANGU,0.0,21.73,82.27,2.63,,0.55,,,0.0,,56.0,-22.87140046,-43.45942235
2017-06-06 07:30:00,UNIDADE MOVEL BANGU,0.0,23.2,73.07,3.18,,0.76,,,1.14,,51.0,-22.87140046,-43.45942235
2017-06-06 08:30:00,UNIDADE MOVEL BANGU,0.0,25.32,61.82,2.42,,0.48,,,9.93,,27.0,-22.87140046,-43.45942235
2017-06-06 09:30:00,UNIDADE MOVEL BANGU,0.0,26.12,60.42,2.96,,0.41,,,9.29,,18.0,-22.87140046,-43.45942235
2017-06-06 10:30:00,UNIDADE MOVEL BANGU,0.0,27.12,55.13,4.39,,0.34,,,18.23,,17.0,-22.87140046,-43.45942235
2017-06-06 11:30:00,UNIDADE MOVEL BANGU,0.0,26.95,57.5,5.75,,0.38,,,20.97,,19.0,-22.87140046,-43.45942235
2017-06-06 12:30:00,UNIDADE MOVEL BANGU,0.0,24.23,71.78,3.79,,0.3,,,21.69,,17.0,-22.87140046,-43.45942235
2017-06-06 13:30:00,UNIDADE MOVEL BANGU,0.0,24.0,72.5,10.23,,0.2,,,8.93,,16.0,-22.87140046,-43.45942235
2017-06-06 14:30:00,UNIDADE MOVEL BANGU,0.0,24.55,70.72,7.63,,0.29,,,19.18,,19.0,-22.87140046,-43.45942235
2017-06-06 15:30:00,UNIDADE MOVEL BANGU,0.0,25.35,65.95,3.47,,0.27,,,24.41,,11.0,-22.87140046,-43.45942235
2017-06-06 16:30:00,UNIDADE MOVEL BANGU,0.0,25.53,64.83,3.6,,0.31,,,17.66,,13.0,-22.87140046,-43.45942235
2017-06-06 17:30:00,UNIDADE MOVEL BANGU,0.0,25.02,66.63,3.98,,0.49,,,9.36,,24.0,-22.87140046,-43.45942235
2017-06-06 18:30:00,UNIDADE MOVEL BANGU,0.0,25.17,65.98,4.19,,0.99,,,1.28,,37.0,-22.87140046,-43.45942235
2017-06-06 19:30:00,UNIDADE MOVEL BANGU,0.0,25.25,65.83,3.59,,1.27,,,0.14,,39.0,-22.87140046,-43.45942235
2017-06-06 20:30:00,UNIDADE MOVEL BANGU,0.0,24.22,69.22,3.68,,1.55,,,0.97,,36.0,-22.87140046,-43.45942235
2017-06-06 21:30:00,UNIDADE MOVEL BANGU,0.0,24.47,68.17,3.52,,1.72,,,0.26,,41.0,-22.87140046,-43.45942235
2017-06-06 22:30:00,UNIDADE MOVEL BANGU,0.0,23.88,69.93,3.11,,1.68,,,1.35,,36.0,-22.87140046,-43.45942235
2017-06-06 23:30:00,UNIDADE MOVEL BANGU,0.0,22.68,74.83,2.35,,1.6,,,0.03,,39.0,-22.87140046,-43.45942235
2017-06-07 00:30:00,UNIDADE MOVEL BANGU,0.0,22.12,78.48,1.89,,1.06,,,0.49,,41.0,-22.87140046,-43.45942235
2017-06-07 01:30:00,UNIDADE MOVEL BANGU,0.0,21.73,81.42,1.55,,1.04,,,0.21,,45.0,-22.87140046,-43.45942235
2017-06-07 02:30:00,UNIDADE MOVEL BANGU,0.0,21.68,83.1,2.31,,1.23,,,0.26,,43.0,-22.87140046,-43.45942235
2017-06-07 03:30:00,UNIDADE MOVEL BANGU,0.0,21.83,81.77,2.23,,1.25,,,0.04,,59.0,-22.87140046,-43.45942235
2017-06-07 04:30:00,UNIDADE MOVEL BANGU,0.0,21.68,82.22,1.84,,1.23,,,0.52,,44.0,-22.87140046,-43.45942235
2017-06-07 05:30:00,UNIDADE MOVEL BANGU,0.0,21.33,82.33,1.02,,0.93,,,0.02,,49.0,-22.87140046,-43.45942235
2017-06-07 06:30:00,UNIDADE MOVEL BANGU,0.0,20.63,85.93,1.33,,0.93,,,0.74,,35.0,-22.87140046,-43.45942235
2017-06-07 07:30:00,UNIDADE MOVEL BANGU,0.0,21.63,83.88,1.65,,1.35,,,0.74,,46.0,-22.87140046,-43.45942235
2017-06-07 08:30:00,UNIDADE MOVEL BANGU,0.0,24.1,72.93,2.09,,1.59,,,2.38,,53.0,-22.87140046,-43.45942235
2017-06-07 09:30:00,UNIDADE MOVEL BANGU,0.0,26.78,62.68,3.83,,1.33,,,5.77,,54.0,-22.87140046,-43.45942235
2017-06-07 10:30:00,UNIDADE MOVEL BANGU,0.0,28.57,55.68,7.84,,0.98,,,16.51,,45.0,-22.87140046,-43.45942235
2017-06-07 11:30:00,UNIDADE MOVEL BANGU,0.0,29.9,52.15,10.17,,0.65,,,30.18,,31.0,-22.87140046,-43.45942235
2017-06-07 12:30:00,UNIDADE MOVEL BANGU,0.0,31.45,44.93,10.46,,0.5,,,43.7,,42.0,-22.87140046,-43.45942235
2017-06-07 13:30:00,UNIDADE MOVEL BANGU,0.0,31.1,45.97,8.58,,0.27,,,42.93,,22.0,-22.87140046,-43.45942235
2017-06-07 14:30:00,UNIDADE MOVEL BANGU,0.0,32.58,39.87,8.36,,0.18,,,47.94,,9.0,-22.87140046,-43.45942235
2017-06-07 15:30:00,UNIDADE MOVEL BANGU,0.0,32.27,41.68,8.94,,0.11,,,49.04,,10.0,-22.87140046,-43.45942235
2017-06-07 16:30:00,UNIDADE MOVEL BANGU,0.0,31.15,46.78,9.17,,0.17,,,60.65,,18.0,-22.87140046,-43.45942235
2017-06-07 17:30:00,UNIDADE MOVEL BANGU,0.0,28.63,55.97,8.66,,0.42,,,40.84,,24.0,-22.87140046,-43.45942235
2017-06-07 18:30:00,UNIDADE MOVEL BANGU,0.0,26.83,61.13,7.81,,0.62,,,25.98,,67.0,-22.87140046,-43.45942235
2017-06-07 19:30:00,UNIDADE MOVEL BANGU,0.0,25.75,65.78,4.78,,0.74,,,19.35,,50.0,-22.87140046,-43.45942235
2017-06-07 20:30:00,UNIDADE MOVEL BANGU,0.0,25.18,68.85,3.48,,0.78,,,5.0,,57.0,-22.87140046,-43.45942235
2017-06-07 21:30:00,UNIDADE MOVEL BANGU,0.0,24.43,70.37,3.41,,0.85,,,1.89,,66.0,-22.87140046,-43.45942235
2017-06-07 22:30:00,UNIDADE MOVEL BANGU,0.0,23.63,75.57,3.36,,1.07,,,1.34,,65.0,-22.87140046,-43.45942235
2017-06-07 23:30:00,UNIDADE MOVEL BANGU,0.0,22.82,81.43,2.01,,1.17,,,7.41,,104.0,-22.87140046,-43.45942235
2017-06-08 00:30:00,UNIDADE MOVEL BANGU,0.0,22.28,84.67,2.16,,0.88,,,17.3,,123.0,-22.87140046,-43.45942235
2017-06-08 01:30:00,UNIDADE MOVEL BANGU,0.0,22.07,84.45,2.56,,0.67,,,21.52,,116.0,-22.87140046,-43.45942235
2017-06-08 02:30:00,UNIDADE MOVEL BANGU,0.0,22.07,84.27,2.52,,0.57,,,11.48,,109.0,-22.87140046,-43.45942235
2017-06-08 03:30:00,UNIDADE MOVEL BANGU,0.0,21.55,85.4,3.17,,0.58,,,10.63,,103.0,-22.87140046,-43.45942235
2017-06-08 04:30:00,UNIDADE MOVEL BANGU,0.0,21.15,86.37,4.08,,0.6,,,2.49,,93.0,-22.87140046,-43.45942235
2017-06-08 05:30:00,UNIDADE MOVEL BANGU,0.0,21.02,87.48,3.07,,0.57,,,1.07,,98.0,-22.87140046,-43.45942235
2017-06-08 06:30:00,UNIDADE MOVEL BANGU,0.0,21.18,87.13,3.16,,0.96,,,9.55,,103.0,-22.87140046,-43.45942235
2017-06-08 07:30:00,UNIDADE MOVEL BANGU,0.0,22.1,82.92,3.56,,1.88,,,8.97,,98.0,-22.87140046,-43.45942235
2017-06-08 08:30:00,UNIDADE MOVEL BANGU,0.0,25.3,68.47,8.38,,1.6,,,13.6,,65.0,-22.87140046,-43.45942235
2017-06-08 09:30:00,UNIDADE MOVEL BANGU,0.0,28.62,54.1,26.86,,1.26,,,28.42,,61.0,-22.87140046,-43.45942235
2017-06-08 10:30:00,UNIDADE MOVEL BANGU,0.0,31.73,42.55,21.93,,0.84,,,44.04,,51.0,-22.87140046,-43.45942235
2017-06-08 11:30:00,UNIDADE MOVEL BANGU,0.0,33.0,32.95,12.04,,0.42,,,42.78,,40.0,-22.87140046,-43.45942235
2017-06-08 12:30:00,UNIDADE MOVEL BANGU,0.0,33.58,29.68,11.01,,0.15,,,42.53,,5.0,-22.87140046,-43.45942235
2017-06-08 13:30:00,UNIDADE MOVEL BANGU,0.0,34.43,25.92,12.21,,0.05,,,43.32,,5.0,-22.87140046,-43.45942235
2017-06-08 14:30:00,UNIDADE MOVEL BANGU,0.0,33.78,26.05,11.79,,0.03,,,40.92,,8.0,-22.87140046,-43.45942235
2017-06-08 15:30:00,UNIDADE MOVEL BANGU,0.0,33.83,27.78,11.25,,0.01,,,42.84,,16.0,-22.87140046,-43.45942235
2017-06-08 16:30:00,UNIDADE MOVEL BANGU,0.0,33.08,29.5,12.41,,0.04,,,36.44,,14.0,-22.87140046,-43.45942235
2017-06-08 17:30:00,UNIDADE MOVEL BANGU,0.0,31.42,32.63,16.88,,0.27,,,33.06,,69.0,-22.87140046,-43.45942235
2017-06-08 18:30:00,UNIDADE MOVEL BANGU,0.0,30.75,34.38,9.91,,0.39,,,22.45,,60.0,-22.87140046,-43.45942235
2017-06-08 19:30:00,UNIDADE MOVEL BANGU,0.0,30.6,34.2,8.91,,0.38,,,23.11,,51.0,-22.87140046,-43.45942235
2017-06-08 20:30:00,UNIDADE MOVEL BANGU,0.0,30.7,31.95,6.33,,0.31,,,23.28,,39.0,-22.87140046,-43.45942235
2017-06-08 21:30:00,UNIDADE MOVEL BANGU,0.0,29.15,36.25,3.75,,0.48,,,6.88,,25.0,-22.87140046,-43.45942235
2017-06-08 22:30:00,UNIDADE MOVEL BANGU,0.0,28.77,37.98,4.11,,0.59,,,8.14,,32.0,-22.87140046,-43.45942235
2017-06-08 23:30:00,UNIDADE MOVEL BANGU,0.0,27.78,41.77,4.01,,0.83,,,4.65,,27.0,-22.87140046,-43.45942235
2017-06-09 00:30:00,UNIDADE MOVEL BANGU,0.0,27.04,47.045,2.31,,0.515,,,13.475,,22.0,-22.87140046,-43.45942235
2017-06-09 01:30:00,UNIDADE MOVEL BANGU,0.0,26.3,52.32,0.61,,0.2,,,22.3,,17.0,-22.87140046,-43.45942235
2017-06-09 02:30:00,UNIDADE MOVEL BANGU,0.0,25.98,52.93,0.5,,0.11,,,25.9,,16.0,-22.87140046,-43.45942235
2017-06-09 03:30:00,UNIDADE MOVEL BANGU,0.0,26.03,51.12,0.18,,0.07,,,26.13,,15.0,-22.87140046,-43.45942235
2017-06-09 04:30:00,UNIDADE MOVEL BANGU,0.0,26.07,50.37,0.29,,0.05,,,24.38,,11.0,-22.87140046,-43.45942235
2017-06-09 05:30:00,UNIDADE MOVEL BANGU,0.0,26.0,50.33,0.16,,0.03,,,19.6,,12.0,-22.87140046,-43.45942235
2017-06-09 06:30:00,UNIDADE MOVEL BANGU,0.0,25.72,51.25,0.19,,0.04,,,13.12,,11.0,-22.87140046,-43.45942235
2017-06-09 07:30:00,UNIDADE MOVEL BANGU,0.0,25.63,52.83,0.12,,0.06,,,11.24,,13.0,-22.87140046,-43.45942235
2017-06-09 08:30:00,UNIDADE MOVEL BANGU,0.0,24.52,67.53,0.58,,0.06,,,36.71,,12.0,-22.87140046,-43.45942235
2017-06-09 09:30:00,UNIDADE MOVEL BANGU,0.0,25.22,66.67,1.19,,0.05,,,46.56,,22.0,-22.87140046,-43.45942235
2017-06-09 10:30:00,UNIDADE MOVEL BANGU,0.0,26.95,58.12,2.68,,0.05,,,44.68,,20.0,-22.87140046,-43.45942235
2017-06-09 11:30:00,UNIDADE MOVEL BANGU,0.0,27.82,53.47,3.79,,0.07,,,44.51,,8.0,-22.87140046,-43.45942235
2017-06-09 12:30:00,UNIDADE MOVEL BANGU,0.0,27.65,53.45,4.47,,0.12,,,41.58,,19.0,-22.87140046,-43.45942235
2017-06-09 13:30:00,UNIDADE MOVEL BANGU,0.0,27.18,55.22,1.99,,0.12,,,34.53,,16.0,-22.87140046,-43.45942235
2017-06-09 14:30:00,UNIDADE MOVEL BANGU,0.0,28.37,49.15,1.66,,0.09,,,39.06,,13.0,-22.87140046,-43.45942235
2017-06-09 15:30:00,UNIDADE MOVEL BANGU,0.0,29.15,47.67,2.41,,0.1,,,41.22,,10.0,-22.87140046,-43.45942235
2017-06-09 16:30:00,UNIDADE MOVEL BANGU,0.0,27.78,52.95,2.33,,0.2,,,35.66,,18.0,-22.87140046,-43.45942235
2017-06-09 17:30:00,UNIDADE MOVEL BANGU,0.0,25.33,60.93,1.83,,0.23,,,29.54,,18.0,-22.87140046,-43.45942235
2017-06-09 18:30:00,UNIDADE MOVEL BANGU,1.0,22.42,77.75,1.79,,0.21,,,18.65,,13.0,-22.87140046,-43.45942235
2017-06-09 19:30:00,UNIDADE MOVEL BANGU,0.0,21.85,79.98,1.3,,0.21,,,12.28,,12.0,-22.87140046,-43.45942235
2017-06-09 20:30:00,UNIDADE MOVEL BANGU,0.0,21.87,80.77,0.98,,0.2,,,12.37,,18.0,-22.87140046,-43.45942235
2017-06-09 21:30:00,UNIDADE MOVEL BANGU,0.0,21.75,81.4,0.65,,0.19,,,8.81,,13.0,-22.87140046,-43.45942235
2017-06-09 22:30:00,UNIDADE MOVEL BANGU,0.0,21.53,78.6,0.61,,0.2,,,14.75,,10.0,-22.87140046,-43.45942235
2017-06-09 23:30:00,UNIDADE MOVEL BANGU,0.0,21.58,77.32,0.53,,0.17,,,21.99,,5.0,-22.87140046,-43.45942235
2017-06-10 00:30:00,UNIDADE MOVEL BANGU,0.0,21.35,76.27,0.81,,0.09,,,25.3,,3.0,-22.87140046,-43.45942235
2017-06-10 01:30:00,UNIDADE MOVEL BANGU,0.0,21.23,76.23,1.06,,0.05,,,26.77,,7.0,-22.87140046,-43.45942235
2017-06-10 02:30:00,UNIDADE MOVEL BANGU,0.0,20.5,73.43,0.39,,0.03,,,25.72,,6.0,-22.87140046,-43.45942235
2017-06-10 03:30:00,UNIDADE MOVEL BANGU,0.0,19.39,66.41,1.25,,0.01,,,34.19,,9.0,-22.87140046,-43.45942235
2017-06-10 04:30:00,UNIDADE MOVEL BANGU,0.0,19.16,62.51,0.0,,0.05,,,37.06,,14.0,-22.87140046,-43.45942235
2017-06-10 05:30:00,UNIDADE MOVEL BANGU,0.0,18.63,59.23,0.0,,0.02,,,37.94,,10.0,-22.87140046,-43.45942235
2017-06-10 06:30:00,UNIDADE MOVEL BANGU,0.0,18.43,57.78,0.0,,0.01,,,35.91,,10.0,-22.87140046,-43.45942235
2017-06-10 07:30:00,UNIDADE MOVEL BANGU,0.0,18.5,57.28,0.0,,0.01,,,30.82,,8.0,-22.87140046,-43.45942235
2017-06-10 08:30:00,UNIDADE MOVEL BANGU,0.0,18.92,56.14,0.0,,0.02,,,30.71,,7.0,-22.87140046,-43.45942235
2017-06-10 09:30:00,UNIDADE MOVEL BANGU,0.0,19.38,54.42,0.0,,0.02,,,30.61,,8.0,-22.87140046,-43.45942235
2017-06-10 10:30:00,UNIDADE MOVEL BANGU,0.0,19.69,53.62,0.01,,0.03,,,30.82,,11.0,-22.87140046,-43.45942235
2017-06-10 11:30:00,UNIDADE MOVEL BANGU,0.0,20.12,52.25,0.01,,0.03,,,32.79,,9.0,-22.87140046,-43.45942235
2017-06-10 12:30:00,UNIDADE MOVEL BANGU,0.0,20.11,52.52,0.26,,0.04,,,35.24,,11.0,-22.87140046,-43.45942235
2017-06-10 13:30:00,UNIDADE MOVEL BANGU,0.0,20.37,52.27,0.12,,0.04,,,36.55,,13.0,-22.87140046,-43.45942235
2017-06-10 14:30:00,UNIDADE MOVEL BANGU,0.0,20.02,54.09,0.21,,0.04,,,35.22,,9.0,-22.87140046,-43.45942235
2017-06-10 15:30:00,UNIDADE MOVEL BANGU,0.0,19.72,54.39,0.24,,0.05,,,34.3,,8.0,-22.87140046,-43.45942235
2017-06-10 16:30:00,UNIDADE MOVEL BANGU,0.0,19.08,56.3,0.12,,0.06,,,30.98,,16.0,-22.87140046,-43.45942235
2017-06-10 17:30:00,UNIDADE MOVEL BANGU,0.0,18.38,58.69,0.04,,0.08,,,20.3,,8.0,-22.87140046,-43.45942235
2017-06-10 18:30:00,UNIDADE MOVEL BANGU,0.0,17.59,62.56,0.06,,0.13,,,6.43,,12.0,-22.87140046,-43.45942235
2017-06-10 19:30:00,UNIDADE MOVEL BANGU,0.0,16.44,68.81,0.13,,0.19,,,0.52,,30.0,-22.87140046,-43.45942235
2017-06-10 20:30:00,UNIDADE MOVEL BANGU,0.0,16.18,70.38,0.54,,0.35,,,0.57,,20.0,-22.87140046,-43.45942235
2017-06-10 21:30:00,UNIDADE MOVEL BANGU,0.0,15.68,72.37,1.27,,0.64,,,0.6,,44.0,-22.87140046,-43.45942235
2017-06-10 22:30:00,UNIDADE MOVEL BANGU,0.0,15.93,72.45,1.78,,0.89,,,0.27,,35.0,-22.87140046,-43.45942235
2017-06-10 23:30:00,UNIDADE MOVEL BANGU,0.0,15.49,75.14,2.58,,1.45,,,1.31,,52.0,-22.87140046,-43.45942235
2017-06-11 00:30:00,UNIDADE MOVEL BANGU,0.0,15.25,75.93,1.17,,1.21,,,0.02,,48.0,-22.87140046,-43.45942235
2017-06-11 01:30:00,UNIDADE MOVEL BANGU,0.0,15.43,75.16,1.42,,1.14,,,0.04,,29.0,-22.87140046,-43.45942235
2017-06-11 02:30:00,UNIDADE MOVEL BANGU,0.0,15.37,75.91,1.17,,0.97,,,0.0,,32.0,-22.87140046,-43.45942235
2017-06-11 03:30:00,UNIDADE MOVEL BANGU,0.0,15.15,77.19,0.87,,0.7,,,0.07,,24.0,-22.87140046,-43.45942235
2017-06-11 04:30:00,UNIDADE MOVEL BANGU,0.0,14.85,78.94,1.17,,0.55,,,0.53,,30.0,-22.87140046,-43.45942235
2017-06-11 05:30:00,UNIDADE MOVEL BANGU,0.0,14.16,82.36,1.47,,0.69,,,1.04,,32.0,-22.87140046,-43.45942235
2017-06-11 06:30:00,UNIDADE MOVEL BANGU,0.0,14.04,83.88,1.61,,0.79,,,0.47,,33.0,-22.87140046,-43.45942235
2017-06-11 07:30:00,UNIDADE MOVEL BANGU,0.0,15.22,80.14,2.48,,1.24,,,0.55,,49.0,-22.87140046,-43.45942235
2017-06-11 08:30:00,UNIDADE MOVEL BANGU,0.0,18.08,68.5,2.06,,1.34,,,4.0,,33.0,-22.87140046,-43.45942235
2017-06-11 09:30:00,UNIDADE MOVEL BANGU,0.0,20.91,55.82,4.2,,0.89,,,24.41,,32.0,-22.87140046,-43.45942235
2017-06-11 10:30:00,UNIDADE MOVEL BANGU,0.0,21.77,52.11,9.92,,0.43,,,36.47,,16.0,-22.87140046,-43.45942235
2017-06-11 11:30:00,UNIDADE MOVEL BANGU,0.0,23.17,46.55,9.38,,0.26,,,48.63,,16.0,-22.87140046,-43.45942235
2017-06-11 12:30:00,UNIDADE MOVEL BANGU,0.0,23.89,44.05,7.87,,0.24,,,49.29,,22.0,-22.87140046,-43.45942235
2017-06-11 13:30:00,UNIDADE MOVEL BANGU,0.0,24.91,41.04,7.14,,0.18,,,56.75,,14.0,-22.87140046,-43.45942235
2017-06-11 14:30:00,UNIDADE MOVEL BANGU,0.0,25.46,41.51,6.61,,0.14,,,62.48,,21.0,-22.87140046,-43.45942235
2017-06-11 15:30:00,UNIDADE MOVEL BANGU,0.0,24.51,47.66,6.55,,0.12,,,58.99,,11.0,-22.87140046,-43.45942235
2017-06-11 16:30:00,UNIDADE MOVEL BANGU,0.0,23.02,53.25,5.97,,0.12,,,50.14,,22.0,-22.87140046,-43.45942235
2017-06-11 17:30:00,UNIDADE MOVEL BANGU,0.0,20.94,62.56,4.81,,0.15,,,38.34,,22.0,-22.87140046,-43.45942235
2017-06-11 18:30:00,UNIDADE MOVEL BANGU,0.0,19.88,67.56,4.05,,0.2,,,15.47,,17.0,-22.87140046,-43.45942235
2017-06-11 19:30:00,UNIDADE MOVEL BANGU,0.0,19.02,70.95,3.35,,0.27,,,11.68,,33.0,-22.87140046,-43.45942235
2017-06-11 20:30:00,UNIDADE MOVEL BANGU,0.0,18.58,73.13,2.52,,0.31,,,13.52,,20.0,-22.87140046,-43.45942235
2017-06-11 21:30:00,UNIDADE MOVEL BANGU,0.0,18.91,71.71,2.95,,0.33,,,8.11,,22.0,-22.87140046,-43.45942235
2017-06-11 22:30:00,UNIDADE MOVEL BANGU,0.0,18.07,75.94,3.93,,0.66,,,0.77,,33.0,-22.87140046,-43.45942235
2017-06-11 23:30:00,UNIDADE MOVEL BANGU,0.0,17.64,77.47,3.72,,1.05,,,1.14,,44.0,-22.87140046,-43.45942235
2017-06-12 00:30:00,UNIDADE MOVEL BANGU,0.0,17.33,79.01,1.36,,1.11,,,0.0,,40.0,-22.87140046,-43.45942235
2017-06-12 01:30:00,UNIDADE MOVEL BANGU,0.0,16.93,81.04,1.25,,1.06,,,0.0,,47.0,-22.87140046,-43.45942235
2017-06-12 02:30:00,UNIDADE MOVEL BANGU,0.0,16.8,80.8,1.23,,1.06,,,0.04,,45.0,-22.87140046,-43.45942235
2017-06-12 03:30:00,UNIDADE MOVEL BANGU,0.0,16.5,83.53,1.13,,1.03,,,0.0,,42.0,-22.87140046,-43.45942235
2017-06-12 04:30:00,UNIDADE MOVEL BANGU,0.0,16.41,83.3,0.67,,0.89,,,0.01,,41.0,-22.87140046,-43.45942235
2017-06-12 05:30:00,UNIDADE MOVEL BANGU,0.0,16.3,84.78,0.89,,0.76,,,0.0,,37.0,-22.87140046,-43.45942235
2017-06-12 06:30:00,UNIDADE MOVEL BANGU,0.0,16.49,83.6,1.57,,0.96,,,0.29,,30.0,-22.87140046,-43.45942235
2017-06-12 07:30:00,UNIDADE MOVEL BANGU,0.0,17.24,81.48,2.46,,2.38,,,1.29,,39.0,-22.87140046,-43.45942235
2017-06-12 08:30:00,UNIDADE MOVEL BANGU,0.0,18.66,76.57,2.18,,2.12,,,9.91,,43.0,-22.87140046,-43.45942235
2017-06-12 09:30:00,UNIDADE MOVEL BANGU,0.0,20.91,68.33,2.27,,1.92,,,13.31,,64.0,-22.87140046,-43.45942235
2017-06-12 10:30:00,UNIDADE MOVEL BANGU,0.0,22.25,65.9,3.0,,1.55,,,12.28,,64.0,-22.87140046,-43.45942235
2017-06-12 11:30:00,UNIDADE MOVEL BANGU,0.0,24.78,59.02,4.24,,1.12,,,15.67,,40.0,-22.87140046,-43.45942235
2017-06-12 12:30:00,UNIDADE MOVEL BANGU,0.0,27.2,51.68,5.11,,0.76,,,27.75,,32.0,-22.87140046,-43.45942235
2017-06-12 13:30:00,UNIDADE MOVEL BANGU,0.0,27.68,50.53,5.62,,0.55,,,38.3,,24.0,-22.87140046,-43.45942235
2017-06-12 14:30:00,UNIDADE MOVEL BANGU,0.0,28.85,47.3,6.19,,0.44,,,49.33,,28.0,-22.87140046,-43.45942235
2017-06-12 15:30:00,UNIDADE MOVEL BANGU,0.0,24.75,63.9,5.68,,0.38,,,55.76,,23.0,-22.87140046,-43.45942235
2017-06-12 16:30:00,UNIDADE MOVEL BANGU,0.0,22.03,74.38,4.05,,0.31,,,54.61,,31.0,-22.87140046,-43.45942235
2017-06-12 17:30:00,UNIDADE MOVEL BANGU,0.0,21.38,77.25,3.09,,0.28,,,40.83,,26.0,-22.87140046,-43.45942235
2017-06-12 18:30:00,UNIDADE MOVEL BANGU,0.0,21.05,78.12,2.39,,0.26,,,34.68,,38.0,-22.87140046,-43.45942235
2017-06-12 19:30:00,UNIDADE MOVEL BANGU,0.0,20.83,75.63,1.82,,0.22,,,42.16,,39.0,-22.87140046,-43.45942235
2017-06-12 20:30:00,UNIDADE MOVEL BANGU,0.0,20.7,76.17,1.67,,0.18,,,43.28,,29.0,-22.87140046,-43.45942235
2017-06-12 21:30:00,UNIDADE MOVEL BANGU,0.0,20.67,78.45,1.23,,0.17,,,37.31,,21.0,-22.87140046,-43.45942235
2017-06-12 22:30:00,UNIDADE MOVEL BANGU,0.0,20.75,79.42,1.07,,0.17,,,34.99,,27.0,-22.87140046,-43.45942235
2017-06-12 23:30:00,UNIDADE MOVEL BANGU,0.0,20.45,80.2,0.98,,0.14,,,41.57,,27.0,-22.87140046,-43.45942235
2017-06-13 00:30:00,UNIDADE MOVEL BANGU,0.0,20.1,82.92,1.15,,0.12,,,32.8,,26.0,-22.87140046,-43.45942235
2017-06-13 01:30:00,UNIDADE MOVEL BANGU,0.0,19.82,83.98,1.05,,0.11,,,27.37,,25.0,-22.87140046,-43.45942235
2017-06-13 02:30:00,UNIDADE MOVEL BANGU,0.0,19.53,85.3,1.14,,0.1,,,18.52,,25.0,-22.87140046,-43.45942235
2017-06-13 03:30:00,UNIDADE MOVEL BANGU,0.0,18.92,87.48,0.9,,0.1,,,10.66,,35.0,-22.87140046,-43.45942235
2017-06-13 04:30:00,UNIDADE MOVEL BANGU,0.0,18.45,87.5,0.67,,0.09,,,10.94,,23.0,-22.87140046,-43.45942235
2017-06-13 05:30:00,UNIDADE MOVEL BANGU,0.0,18.28,88.22,1.13,,0.12,,,0.05,,22.0,-22.87140046,-43.45942235
2017-06-13 06:30:00,UNIDADE MOVEL BANGU,0.0,18.13,89.35,1.35,,0.17,,,0.0,,24.0,-22.87140046,-43.45942235
2017-06-13 07:30:00,UNIDADE MOVEL BANGU,0.0,18.97,87.27,2.43,,0.39,,,0.0,,27.0,-22.87140046,-43.45942235
2017-06-13 08:30:00,UNIDADE MOVEL BANGU,0.0,21.87,73.12,2.56,,0.61,,,4.46,,32.0,-22.87140046,-43.45942235
2017-06-13 09:30:00,UNIDADE MOVEL BANGU,0.0,24.08,63.9,2.76,,0.56,,,13.43,,36.0,-22.87140046,-43.45942235
2017-06-13 10:30:00,UNIDADE MOVEL BANGU,0.0,24.83,60.22,3.83,,0.42,,,27.5,,39.0,-22.87140046,-43.45942235
2017-06-13 11:30:00,UNIDADE MOVEL BANGU,0.0,24.63,62.22,4.54,,0.46,,,28.49,,22.0,-22.87140046,-43.45942235
2017-06-13 12:30:00,UNIDADE MOVEL BANGU,0.0,21.9,74.93,4.12,,0.37,,,33.02,,25.0,-22.87140046,-43.45942235
2017-06-13 13:30:00,UNIDADE MOVEL BANGU,0.0,21.74,75.26,2.98,,0.3,,,31.96,,26.0,-22.87140046,-43.45942235
2017-06-13 14:30:00,UNIDADE MOVEL BANGU,0.0,21.95,74.18,2.63,,0.26,,,29.66,,27.0,-22.87140046,-43.45942235
2017-06-13 15:30:00,UNIDADE MOVEL BANGU,0.0,22.18,73.22,2.3,,0.23,,,34.22,,24.0,-22.87140046,-43.45942235
2017-06-13 16:30:00,UNIDADE MOVEL BANGU,0.0,22.22,72.98,2.3,,0.25,,,24.15,,33.0,-22.87140046,-43.45942235
2017-06-13 17:30:00,UNIDADE MOVEL BANGU,0.0,21.8,75.08,2.32,,0.31,,,10.9,,32.0,-22.87140046,-43.45942235
2017-06-13 18:30:00,UNIDADE MOVEL BANGU,0.0,21.73,75.65,2.81,,0.63,,,2.11,,30.0,-22.87140046,-43.45942235
2017-06-13 19:30:00,UNIDADE MOVEL BANGU,0.0,21.63,76.88,3.2,,0.89,,,1.14,,51.0,-22.87140046,-43.45942235
2017-06-13 20:30:00,UNIDADE MOVEL BANGU,0.0,21.42,78.17,2.49,,0.69,,,7.0,,61.0,-22.87140046,-43.45942235
2017-06-13 21:30:00,UNIDADE MOVEL BANGU,4.0,20.68,83.97,2.12,,0.56,,,13.71,,45.0,-22.87140046,-43.45942235
2017-06-13 22:30:00,UNIDADE MOVEL BANGU,7.0,19.78,92.02,2.06,,0.52,,,22.17,,35.0,-22.87140046,-43.45942235
2017-06-13 23:30:00,UNIDADE MOVEL BANGU,4.0,19.2,93.23,1.95,,0.39,,,26.9,,20.0,-22.87140046,-43.45942235
2017-06-14 00:30:00,UNIDADE MOVEL BANGU,2.0,19.13,93.53,0.81,,0.26,,,25.88,,12.0,-22.87140046,-43.45942235
2017-06-14 01:30:00,UNIDADE MOVEL BANGU,1.0,19.07,93.77,0.94,,0.18,,,21.49,,14.0,-22.87140046,-43.45942235
2017-06-14 02:30:00,UNIDADE MOVEL BANGU,0.0,19.1,94.33,0.99,,0.13,,,15.62,,16.0,-22.87140046,-43.45942235
2017-06-14 03:30:00,UNIDADE MOVEL BANGU,0.0,19.2,94.77,1.0,,0.11,,,17.16,,17.0,-22.87140046,-43.45942235
2017-06-14 04:30:00,UNIDADE MOVEL BANGU,0.0,19.22,94.93,1.02,,0.09,,,20.53,,21.0,-22.87140046,-43.45942235
2017-06-14 05:30:00,UNIDADE MOVEL BANGU,0.0,19.23,94.93,1.08,,0.1,,,7.4,,17.0,-22.87140046,-43.45942235
2017-06-14 06:30:00,UNIDADE MOVEL BANGU,0.0,19.38,91.55,1.12,,0.12,,,7.21,,12.0,-22.87140046,-43.45942235
2017-06-14 07:30:00,UNIDADE MOVEL BANGU,0.0,19.77,90.33,1.28,,0.16,,,0.94,,10.0,-22.87140046,-43.45942235
2017-06-14 08:30:00,UNIDADE MOVEL BANGU,0.0,20.42,87.88,1.54,,0.22,,,5.73,,10.0,-22.87140046,-43.45942235
2017-06-14 09:30:00,UNIDADE MOVEL BANGU,0.0,20.72,87.22,1.75,,0.25,,,3.7,,19.0,-22.87140046,-43.45942235
2017-06-14 10:30:00,UNIDADE MOVEL BANGU,0.0,21.55,82.4,1.86,,0.26,,,9.08,,20.0,-22.87140046,-43.45942235
2017-06-14 11:30:00,UNIDADE MOVEL BANGU,0.0,21.7,79.33,2.16,,0.25,,,12.57,,14.0,-22.87140046,-43.45942235
2017-06-14 12:30:00,UNIDADE MOVEL BANGU,0.0,21.4,79.88,2.1,,0.54,,,21.71,,18.0,-22.87140046,-43.45942235
2017-06-14 13:30:00,UNIDADE MOVEL BANGU,0.0,21.77,77.97,1.72,,0.43,,,24.86,,8.0,-22.87140046,-43.45942235
2017-06-14 14:30:00,UNIDADE MOVEL BANGU,0.0,21.63,75.97,1.73,,0.27,,,34.59,,16.0,-22.87140046,-43.45942235
2017-06-14 15:30:00,UNIDADE MOVEL BANGU,0.0,21.83,75.6,1.66,,0.2,,,33.66,,10.0,-22.87140046,-43.45942235
2017-06-14 16:30:00,UNIDADE MOVEL BANGU,0.0,21.63,74.75,1.33,,0.2,,,32.75,,11.0,-22.87140046,-43.45942235
2017-06-14 17:30:00,UNIDADE MOVEL BANGU,0.0,20.92,76.25,1.49,,0.17,,,25.19,,12.0,-22.87140046,-43.45942235
2017-06-14 18:30:00,UNIDADE MOVEL BANGU,0.0,20.47,78.08,1.43,,0.17,,,26.28,,14.0,-22.87140046,-43.45942235
2017-06-14 19:30:00,UNIDADE MOVEL BANGU,0.0,20.37,80.47,0.99,,0.21,,,24.16,,20.0,-22.87140046,-43.45942235
2017-06-14 20:30:00,UNIDADE MOVEL BANGU,0.0,20.1,81.12,1.2,,0.22,,,21.57,,14.0,-22.87140046,-43.45942235
2017-06-14 21:30:00,UNIDADE MOVEL BANGU,0.0,19.98,82.4,1.39,,0.21,,,25.68,,22.0,-22.87140046,-43.45942235
2017-06-14 22:30:00,UNIDADE MOVEL BANGU,0.0,20.0,83.3,1.08,,0.2,,,23.61,,18.0,-22.87140046,-43.45942235
2017-06-14 23:30:00,UNIDADE MOVEL BANGU,0.0,19.97,85.08,0.74,,0.19,,,22.53,,23.0,-22.87140046,-43.45942235
2017-06-15 00:30:00,UNIDADE MOVEL BANGU,0.0,19.98,86.3,0.78,,0.15,,,19.19,,22.0,-22.87140046,-43.45942235
2017-06-15 01:30:00,UNIDADE MOVEL BANGU,0.0,19.82,88.8,1.12,,0.14,,,20.97,,16.0,-22.87140046,-43.45942235
2017-06-15 02:30:00,UNIDADE MOVEL BANGU,0.0,19.77,88.15,1.1,,0.12,,,24.25,,19.0,-22.87140046,-43.45942235
2017-06-15 03:30:00,UNIDADE MOVEL BANGU,0.0,19.78,88.58,0.89,,0.09,,,29.08,,15.0,-22.87140046,-43.45942235
2017-06-15 04:30:00,UNIDADE MOVEL BANGU,0.0,19.77,89.42,0.7,,0.07,,,24.32,,20.0,-22.87140046,-43.45942235
2017-06-15 05:30:00,UNIDADE MOVEL BANGU,0.0,19.52,90.75,0.79,,0.04,,,29.24,,16.0,-22.87140046,-43.45942235
2017-06-15 06:30:00,UNIDADE MOVEL BANGU,0.0,19.52,90.38,0.77,,0.05,,,21.48,,17.0,-22.87140046,-43.45942235
2017-06-15 07:30:00,UNIDADE MOVEL BANGU,3.0,19.48,91.48,0.99,,0.12,,,14.18,,10.0,-22.87140046,-43.45942235
2017-06-15 08:30:00,UNIDADE MOVEL BANGU,0.0,19.87,91.83,1.23,,0.13,,,12.17,,9.0,-22.87140046,-43.45942235
2017-06-15 09:30:00,UNIDADE MOVEL BANGU,0.0,21.47,83.15,1.67,,0.15,,,13.79,,12.0,-22.87140046,-43.45942235
2017-06-15 10:30:00,UNIDADE MOVEL BANGU,0.0,23.42,72.28,2.5,,0.15,,,21.46,,7.0,-22.87140046,-43.45942235
2017-06-15 11:30:00,UNIDADE MOVEL BANGU,0.0,24.32,64.05,3.46,,0.16,,,31.12,,11.0,-22.87140046,-43.45942235
2017-06-15 12:30:00,UNIDADE MOVEL BANGU,0.0,24.88,54.57,4.21,,0.12,,,38.59,,8.0,-22.87140046,-43.45942235
2017-06-15 13:30:00,UNIDADE MOVEL BANGU,0.0,25.47,52.72,4.69,,0.08,,,44.31,,9.0,-22.87140046,-43.45942235
2017-06-15 14:30:00,UNIDADE MOVEL BANGU,0.0,24.88,56.25,4.65,,0.07,,,43.76,,6.0,-22.87140046,-43.45942235
2017-06-15 15:30:00,UNIDADE MOVEL BANGU,0.0,24.23,59.9,4.08,,0.05,,,40.94,,14.0,-22.87140046,-43.45942235
2017-06-15 16:30:00,UNIDADE MOVEL BANGU,0.0,23.33,61.08,3.46,,0.04,,,38.37,,16.0,-22.87140046,-43.45942235
2017-06-15 17:30:00,UNIDADE MOVEL BANGU,0.0,21.8,64.18,3.1,,0.04,,,25.84,,12.0,-22.87140046,-43.45942235
2017-06-15 18:30:00,UNIDADE MOVEL BANGU,0.0,21.03,69.58,2.65,,0.1,,,12.32,,16.0,-22.87140046,-43.45942235
2017-06-15 19:30:00,UNIDADE MOVEL BANGU,0.0,20.52,72.73,2.4,,0.21,,,4.44,,8.0,-22.87140046,-43.45942235
2017-06-15 20:30:00,UNIDADE MOVEL BANGU,0.0,20.62,74.1,2.4,,0.27,,,2.19,,14.0,-22.87140046,-43.45942235
2017-06-15 21:30:00,UNIDADE MOVEL BANGU,0.0,20.2,77.07,2.31,,0.29,,,1.16,,16.0,-22.87140046,-43.45942235
2017-06-15 22:30:00,UNIDADE MOVEL BANGU,0.0,20.13,79.1,2.5,,0.33,,,0.33,,13.0,-22.87140046,-43.45942235
2017-06-15 23:30:00,UNIDADE MOVEL BANGU,0.0,19.57,80.68,2.75,,0.48,,,0.07,,14.0,-22.87140046,-43.45942235
2017-06-16 00:30:00,UNIDADE MOVEL BANGU,0.0,19.13,83.33,0.77,,0.45,,,2.25,,19.0,-22.87140046,-43.45942235
2017-06-16 01:30:00,UNIDADE MOVEL BANGU,0.0,18.68,85.43,0.55,,0.44,,,1.51,,8.0,-22.87140046,-43.45942235
2017-06-16 02:30:00,UNIDADE MOVEL BANGU,0.0,18.3,87.65,0.45,,0.38,,,0.48,,9.0,-22.87140046,-43.45942235
2017-06-16 03:30:00,UNIDADE MOVEL BANGU,0.0,18.87,86.68,0.42,,0.36,,,0.11,,14.0,-22.87140046,-43.45942235
2017-06-16 04:30:00,UNIDADE MOVEL BANGU,0.0,19.2,83.92,0.08,,0.29,,,0.0,,11.0,-22.87140046,-43.45942235
2017-06-16 05:30:00,UNIDADE MOVEL BANGU,0.0,18.75,85.13,0.13,,0.23,,,0.03,,7.0,-22.87140046,-43.45942235
2017-06-16 06:30:00,UNIDADE MOVEL BANGU,0.0,18.05,88.85,0.37,,0.3,,,0.0,,10.0,-22.87140046,-43.45942235
2017-06-16 07:30:00,UNIDADE MOVEL BANGU,0.0,18.62,89.28,1.13,,0.39,,,0.0,,11.0,-22.87140046,-43.45942235
2017-06-16 08:30:00,UNIDADE MOVEL BANGU,0.0,21.75,74.23,1.34,,0.45,,,2.54,,12.0,-22.87140046,-43.45942235
2017-06-16 09:30:00,UNIDADE MOVEL BANGU,0.0,22.65,69.27,1.55,,0.32,,,11.94,,12.0,-22.87140046,-43.45942235
2017-06-16 10:30:00,UNIDADE MOVEL BANGU,0.0,23.12,66.52,2.02,,0.24,,,11.72,,16.0,-22.87140046,-43.45942235
2017-06-16 11:30:00,UNIDADE MOVEL BANGU,0.0,24.63,59.37,2.18,,0.18,,,16.95,,13.0,-22.87140046,-43.45942235
2017-06-16 12:30:00,UNIDADE MOVEL BANGU,0.0,25.83,51.92,3.09,,0.08,,,34.24,,13.0,-22.87140046,-43.45942235
2017-06-16 13:30:00,UNIDADE MOVEL BANGU,0.0,25.8,50.15,4.1,,0.04,,,36.07,,10.0,-22.87140046,-43.45942235
2017-06-16 14:30:00,UNIDADE MOVEL BANGU,0.0,26.42,48.22,4.17,,0.04,,,38.45,,6.0,-22.87140046,-43.45942235
2017-06-16 15:30:00,UNIDADE MOVEL BANGU,0.0,26.15,49.6,5.68,,0.03,,,38.11,,8.0,-22.87140046,-43.45942235
2017-06-16 16:30:00,UNIDADE MOVEL BANGU,0.0,24.63,56.53,6.83,,0.03,,,33.51,,7.0,-22.87140046,-43.45942235
2017-06-16 17:30:00,UNIDADE MOVEL BANGU,0.0,23.48,62.52,6.69,,0.08,,,11.55,,10.0,-22.87140046,-43.45942235
2017-06-16 18:30:00,UNIDADE MOVEL BANGU,0.0,22.38,71.02,5.58,,0.17,,,1.87,,14.0,-22.87140046,-43.45942235
2017-06-16 19:30:00,UNIDADE MOVEL BANGU,0.0,21.85,75.02,4.81,,0.3,,,0.0,,20.0,-22.87140046,-43.45942235
2017-06-16 20:30:00,UNIDADE MOVEL BANGU,0.0,21.37,78.0,3.58,,0.36,,,0.0,,14.0,-22.87140046,-43.45942235
2017-06-16 21:30:00,UNIDADE MOVEL BANGU,0.0,20.53,81.5,3.54,,0.39,,,0.07,,18.0,-22.87140046,-43.45942235
2017-06-16 22:30:00,UNIDADE MOVEL BANGU,0.0,20.08,83.55,3.49,,0.47,,,0.12,,11.0,-22.87140046,-43.45942235
2017-06-16 23:30:00,UNIDADE MOVEL BANGU,0.0,19.67,84.77,3.14,,0.56,,,0.0,,9.0,-22.87140046,-43.45942235
2017-06-17 00:30:00,UNIDADE MOVEL BANGU,0.0,19.37,85.88,2.01,,0.72,,,0.0,,23.0,-22.87140046,-43.45942235
2017-06-17 01:30:00,UNIDADE MOVEL BANGU,0.0,19.17,86.65,0.92,,0.64,,,0.0,,15.0,-22.87140046,-43.45942235
2017-06-17 02:30:00,UNIDADE MOVEL BANGU,0.0,18.98,87.88,0.18,,0.47,,,0.0,,17.0,-22.87140046,-43.45942235
2017-06-17 03:30:00,UNIDADE MOVEL BANGU,0.0,18.57,88.63,0.35,,0.37,,,0.0,,3.0,-22.87140046,-43.45942235
2017-06-17 04:30:00,UNIDADE MOVEL BANGU,0.0,18.05,90.43,0.11,,0.32,,,0.0,,10.0,-22.87140046,-43.45942235
2017-06-17 05:30:00,UNIDADE MOVEL BANGU,0.0,17.8,91.7,0.33,,0.34,,,0.0,,10.0,-22.87140046,-43.45942235
2017-06-17 06:30:00,UNIDADE MOVEL BANGU,0.0,18.3,90.35,0.19,,0.51,,,0.12,,11.0,-22.87140046,-43.45942235
2017-06-17 07:30:00,UNIDADE MOVEL BANGU,0.0,18.6,89.63,0.3,,0.47,,,0.06,,17.0,-22.87140046,-43.45942235
2017-06-17 08:30:00,UNIDADE MOVEL BANGU,0.0,20.87,74.65,0.23,,0.41,,,4.76,,18.0,-22.87140046,-43.45942235
2017-06-17 09:30:00,UNIDADE MOVEL BANGU,0.0,23.18,63.22,0.51,,0.27,,,13.49,,10.0,-22.87140046,-43.45942235
2017-06-17 10:30:00,UNIDADE MOVEL BANGU,0.0,25.3,55.35,1.65,,0.18,,,23.14,,6.0,-22.87140046,-43.45942235
2017-06-17 11:30:00,UNIDADE MOVEL BANGU,0.0,27.25,48.15,3.13,,0.15,,,34.35,,10.0,-22.87140046,-43.45942235
2017-06-17 12:30:00,UNIDADE MOVEL BANGU,0.0,28.07,43.03,4.34,,0.13,,,41.49,,11.0,-22.87140046,-43.45942235
2017-06-17 13:30:00,UNIDADE MOVEL BANGU,0.0,28.88,38.02,4.77,,0.1,,,43.01,,13.0,-22.87140046,-43.45942235
2017-06-17 14:30:00,UNIDADE MOVEL BANGU,0.0,29.12,33.02,4.93,,0.09,,,42.15,,10.0,-22.87140046,-43.45942235
2017-06-17 15:30:00,UNIDADE MOVEL BANGU,0.0,29.22,32.13,4.51,,0.08,,,40.24,,15.0,-22.87140046,-43.45942235
2017-06-17 16:30:00,UNIDADE MOVEL BANGU,0.0,27.85,34.57,3.9,,0.09,,,35.0,,9.0,-22.87140046,-43.45942235
2017-06-17 17:30:00,UNIDADE MOVEL BANGU,0.0,25.12,45.88,3.08,,0.12,,,25.97,,12.0,-22.87140046,-43.45942235
2017-06-17 18:30:00,UNIDADE MOVEL BANGU,0.0,23.03,58.32,3.36,,0.4,,,1.14,,17.0,-22.87140046,-43.45942235
2017-06-17 19:30:00,UNIDADE MOVEL BANGU,0.0,21.92,64.75,2.97,,0.57,,,0.33,,20.0,-22.87140046,-43.45942235
2017-06-17 20:30:00,UNIDADE MOVEL BANGU,0.0,21.93,63.85,3.57,,1.08,,,1.37,,25.0,-22.87140046,-43.45942235
2017-06-17 21:30:00,UNIDADE MOVEL BANGU,0.0,21.87,68.65,3.08,,1.42,,,0.49,,50.0,-22.87140046,-43.45942235
2017-06-17 22:30:00,UNIDADE MOVEL BANGU,0.0,21.27,73.53,3.97,,1.59,,,0.71,,46.0,-22.87140046,-43.45942235
2017-06-17 23:30:00,UNIDADE MOVEL BANGU,0.0,20.53,77.02,6.59,,1.89,,,1.71,,61.0,-22.87140046,-43.45942235
2017-06-18 00:30:00,UNIDADE MOVEL BANGU,0.0,20.17,79.32,4.69,,2.17,,,1.63,,76.0,-22.87140046,-43.45942235
2017-06-18 01:30:00,UNIDADE MOVEL BANGU,0.0,19.48,81.57,3.32,,2.24,,,1.01,,72.0,-22.87140046,-43.45942235
2017-06-18 02:30:00,UNIDADE MOVEL BANGU,0.0,19.08,83.6,2.52,,2.11,,,0.13,,78.0,-22.87140046,-43.45942235
2017-06-18 03:30:00,UNIDADE MOVEL BANGU,0.0,18.48,86.32,2.45,,1.97,,,0.0,,59.0,-22.87140046,-43.45942235
2017-06-18 04:30:00,UNIDADE MOVEL BANGU,0.0,18.38,85.23,1.84,,1.88,,,0.02,,64.0,-22.87140046,-43.45942235
2017-06-18 05:30:00,UNIDADE MOVEL BANGU,0.0,18.45,85.48,1.48,,1.72,,,0.34,,39.0,-22.87140046,-43.45942235
2017-06-18 06:30:00,UNIDADE MOVEL BANGU,0.0,19.13,77.77,0.67,,1.26,,,0.09,,56.0,-22.87140046,-43.45942235
2017-06-18 07:30:00,UNIDADE MOVEL BANGU,0.0,19.58,75.42,0.39,,0.89,,,0.35,,24.0,-22.87140046,-43.45942235
2017-06-18 08:30:00,UNIDADE MOVEL BANGU,0.0,22.63,64.25,0.23,,0.71,,,5.27,,22.0,-22.87140046,-43.45942235
2017-06-18 09:30:00,UNIDADE MOVEL BANGU,0.0,25.38,52.13,0.64,,0.35,,,22.37,,4.0,-22.87140046,-43.45942235
2017-06-18 10:30:00,UNIDADE MOVEL BANGU,0.0,27.28,45.37,1.99,,0.14,,,34.4,,4.0,-22.87140046,-43.45942235
2017-06-18 11:30:00,UNIDADE MOVEL BANGU,0.0,28.72,40.67,3.07,,0.09,,,41.66,,4.0,-22.87140046,-43.45942235
2017-06-18 12:30:00,UNIDADE MOVEL BANGU,0.0,29.53,34.98,3.88,,0.06,,,47.73,,14.0,-22.87140046,-43.45942235
2017-06-18 13:30:00,UNIDADE MOVEL BANGU,0.0,29.88,31.2,4.25,,0.05,,,50.6,,15.0,-22.87140046,-43.45942235
2017-06-18 14:30:00,UNIDADE MOVEL BANGU,0.0,30.32,28.43,4.69,,0.04,,,52.94,,8.0,-22.87140046,-43.45942235
2017-06-18 15:30:00,UNIDADE MOVEL BANGU,0.0,30.08,29.18,4.8,,0.04,,,53.35,,9.0,-22.87140046,-43.45942235
2017-06-18 16:30:00,UNIDADE MOVEL BANGU,0.0,29.22,29.88,4.83,,0.04,,,48.95,,11.0,-22.87140046,-43.45942235
2017-06-18 17:30:00,UNIDADE MOVEL BANGU,0.0,26.08,41.47,4.78,,0.17,,,15.25,,10.0,-22.87140046,-43.45942235
2017-06-18 18:30:00,UNIDADE MOVEL BANGU,0.0,23.83,51.12,4.56,,0.62,,,0.81,,42.0,-22.87140046,-43.45942235
2017-06-18 19:30:00,UNIDADE MOVEL BANGU,0.0,22.6,54.53,3.78,,1.0,,,1.09,,47.0,-22.87140046,-43.45942235
2017-06-18 20:30:00,UNIDADE MOVEL BANGU,0.0,22.52,54.77,2.63,,1.03,,,0.17,,37.0,-22.87140046,-43.45942235
2017-06-18 21:30:00,UNIDADE MOVEL BANGU,0.0,22.72,55.32,2.81,,1.44,,,0.89,,26.0,-22.87140046,-43.45942235
2017-06-18 22:30:00,UNIDADE MOVEL BANGU,0.0,22.55,58.2,3.17,,1.81,,,1.14,,45.0,-22.87140046,-43.45942235
2017-06-18 23:30:00,UNIDADE MOVEL BANGU,0.0,22.08,60.65,2.54,,1.87,,,0.16,,43.0,-22.87140046,-43.45942235
2017-06-19 00:30:00,UNIDADE MOVEL BANGU,0.0,22.03,60.5,1.65,,1.6,,,0.07,,34.0,-22.87140046,-43.45942235
2017-06-19 01:30:00,UNIDADE MOVEL BANGU,0.0,21.62,62.3,1.31,,1.19,,,0.0,,43.0,-22.87140046,-43.45942235
2017-06-19 02:30:00,UNIDADE MOVEL BANGU,0.0,21.3,65.93,1.5,,0.9,,,0.1,,22.0,-22.87140046,-43.45942235
2017-06-19 03:30:00,UNIDADE MOVEL BANGU,0.0,20.65,69.1,1.36,,0.79,,,0.2,,31.0,-22.87140046,-43.45942235
2017-06-19 04:30:00,UNIDADE MOVEL BANGU,0.0,19.58,72.58,0.93,,0.57,,,0.0,,26.0,-22.87140046,-43.45942235
2017-06-19 05:30:00,UNIDADE MOVEL BANGU,0.0,19.27,75.15,1.2,,0.45,,,0.0,,28.0,-22.87140046,-43.45942235
2017-06-19 06:30:00,UNIDADE MOVEL BANGU,0.0,19.05,77.45,1.35,,0.5,,,0.0,,26.0,-22.87140046,-43.45942235
2017-06-19 07:30:00,UNIDADE MOVEL BANGU,0.0,20.03,73.77,2.83,,0.95,,,0.37,,35.0,-22.87140046,-43.45942235
2017-06-19 08:30:00,UNIDADE MOVEL BANGU,0.0,23.33,61.35,1.65,,1.08,,,0.46,,43.0,-22.87140046,-43.45942235
2017-06-19 09:30:00,UNIDADE MOVEL BANGU,0.0,25.22,50.33,2.14,,0.86,,,7.27,,35.0,-22.87140046,-43.45942235
2017-06-19 10:30:00,UNIDADE MOVEL BANGU,0.0,26.9,41.6,2.73,,0.42,,,22.23,,15.0,-22.87140046,-43.45942235
2017-06-19 11:30:00,UNIDADE MOVEL BANGU,0.0,29.67,32.07,3.58,,0.22,,,35.24,,15.0,-22.87140046,-43.45942235
2017-06-19 12:30:00,UNIDADE MOVEL BANGU,0.0,30.08,27.2,4.09,,0.11,,,41.18,,0.0,-22.87140046,-43.45942235
2017-06-19 13:30:00,UNIDADE MOVEL BANGU,0.0,30.75,25.28,4.52,,0.06,,,45.97,,8.0,-22.87140046,-43.45942235
2017-06-19 14:30:00,UNIDADE MOVEL BANGU,0.0,31.08,23.25,4.58,,0.04,,,48.27,,8.0,-22.87140046,-43.45942235
2017-06-19 15:30:00,UNIDADE MOVEL BANGU,0.0,30.75,24.28,4.45,,0.02,,,47.9,,8.0,-22.87140046,-43.45942235
2017-06-19 16:30:00,UNIDADE MOVEL BANGU,0.0,28.85,29.7,4.29,,0.02,,,45.03,,8.0,-22.87140046,-43.45942235
2017-06-19 17:30:00,UNIDADE MOVEL BANGU,0.0,24.77,49.27,3.64,,0.02,,,52.66,,17.0,-22.87140046,-43.45942235
2017-06-19 18:30:00,UNIDADE MOVEL BANGU,0.0,22.93,68.6,2.28,,0.04,,,49.59,,17.0,-22.87140046,-43.45942235
2017-06-19 19:30:00,UNIDADE MOVEL BANGU,0.0,22.33,74.92,1.36,,0.11,,,42.91,,17.0,-22.87140046,-43.45942235
2017-06-19 20:30:00,UNIDADE MOVEL BANGU,0.0,22.53,76.85,0.6,,0.06,,,36.94,,9.0,-22.87140046,-43.45942235
2017-06-19 21:30:00,UNIDADE MOVEL BANGU,0.0,22.55,78.55,0.3,,0.04,,,30.65,,12.0,-22.87140046,-43.45942235
2017-06-19 22:30:00,UNIDADE MOVEL BANGU,0.0,22.48,79.68,0.07,,0.04,,,25.21,,20.0,-22.87140046,-43.45942235
2017-06-19 23:30:00,UNIDADE MOVEL BANGU,0.0,22.42,80.8,0.0,,0.03,,,21.68,,13.0,-22.87140046,-43.45942235
2017-06-20 00:30:00,UNIDADE MOVEL BANGU,0.0,22.1,75.73,1.09,,0.09,,,27.42,,10.0,-22.87140046,-43.45942235
2017-06-20 01:30:00,UNIDADE MOVEL BANGU,0.0,21.47,75.97,1.45,,0.08,,,33.07,,13.0,-22.87140046,-43.45942235
2017-06-20 02:30:00,UNIDADE MOVEL BANGU,0.0,21.28,78.58,1.33,,0.06,,,26.41,,12.0,-22.87140046,-43.45942235
2017-06-20 03:30:00,UNIDADE MOVEL BANGU,0.0,21.32,77.48,1.25,,0.06,,,22.02,,13.0,-22.87140046,-43.45942235
2017-06-20 04:30:00,UNIDADE MOVEL BANGU,0.0,21.43,81.2,1.21,,0.04,,,29.48,,12.0,-22.87140046,-43.45942235
2017-06-20 05:30:00,UNIDADE MOVEL BANGU,0.0,20.97,81.6,1.03,,0.05,,,20.18,,9.0,-22.87140046,-43.45942235
2017-06-20 06:30:00,UNIDADE MOVEL BANGU,0.0,20.8,81.88,1.4,,0.08,,,14.69,,9.0,-22.87140046,-43.45942235
2017-06-20 07:30:00,UNIDADE MOVEL BANGU,0.0,21.13,80.15,1.24,,0.23,,,9.5,,10.0,-22.87140046,-43.45942235
2017-06-20 08:30:00,UNIDADE MOVEL BANGU,0.0,22.3,75.87,1.43,,0.24,,,5.34,,16.0,-22.87140046,-43.45942235
2017-06-20 09:30:00,UNIDADE MOVEL BANGU,0.0,22.93,72.42,1.96,,0.26,,,14.07,,17.0,-22.87140046,-43.45942235
2017-06-20 10:30:00,UNIDADE MOVEL BANGU,0.0,24.58,66.37,2.62,,0.19,,,23.12,,19.0,-22.87140046,-43.45942235
2017-06-20 11:30:00,UNIDADE MOVEL BANGU,0.0,25.9,57.98,3.71,,0.16,,,32.21,,21.0,-22.87140046,-43.45942235
2017-06-20 12:30:00,UNIDADE MOVEL BANGU,0.0,24.57,65.43,4.19,,0.19,,,29.29,,16.0,-22.87140046,-43.45942235
2017-06-20 13:30:00,UNIDADE MOVEL BANGU,0.0,23.27,68.7,3.21,,0.15,,,35.64,,22.0,-22.87140046,-43.45942235
2017-06-20 14:30:00,UNIDADE MOVEL BANGU,0.0,23.13,72.98,2.88,,0.14,,,29.8,,11.0,-22.87140046,-43.45942235
2017-06-20 15:30:00,UNIDADE MOVEL BANGU,0.0,22.95,73.38,2.4,,0.16,,,29.07,,15.0,-22.87140046,-43.45942235
2017-06-20 16:30:00,UNIDADE MOVEL BANGU,0.0,22.25,76.8,2.42,,0.18,,,28.23,,21.0,-22.87140046,-43.45942235
2017-06-20 17:30:00,UNIDADE MOVEL BANGU,0.0,21.7,79.08,2.07,,0.17,,,23.71,,14.0,-22.87140046,-43.45942235
2017-06-20 18:30:00,UNIDADE MOVEL BANGU,0.0,20.95,80.03,1.8,,0.15,,,23.59,,23.0,-22.87140046,-43.45942235
2017-06-20 19:30:00,UNIDADE MOVEL BANGU,0.0,20.8,78.03,1.77,,0.14,,,23.23,,8.0,-22.87140046,-43.45942235
2017-06-20 20:30:00,UNIDADE MOVEL BANGU,5.0,18.58,88.73,1.77,,0.09,,,26.6,,7.0,-22.87140046,-43.45942235
2017-06-20 21:30:00,UNIDADE MOVEL BANGU,0.0,18.6,91.67,1.67,,0.09,,,20.12,,4.0,-22.87140046,-43.45942235
2017-06-20 22:30:00,UNIDADE MOVEL BANGU,3.0,18.77,91.55,1.39,,0.08,,,21.46,,3.0,-22.87140046,-43.45942235
2017-06-20 23:30:00,UNIDADE MOVEL BANGU,3.0,18.28,92.65,1.2,,0.07,,,29.06,,1.0,-22.87140046,-43.45942235
2017-06-21 00:30:00,UNIDADE MOVEL BANGU,4.0,18.08,92.17,0.98,,0.07,,,31.81,,5.0,-22.87140046,-43.45942235
2017-06-21 01:30:00,UNIDADE MOVEL BANGU,5.0,17.87,93.7,1.13,,0.08,,,33.52,,8.0,-22.87140046,-43.45942235
2017-06-21 02:30:00,UNIDADE MOVEL BANGU,1.0,17.55,94.17,0.92,,0.06,,,37.19,,9.0,-22.87140046,-43.45942235
2017-06-21 03:30:00,UNIDADE MOVEL BANGU,0.0,17.73,94.28,0.72,,0.05,,,34.57,,7.0,-22.87140046,-43.45942235
2017-06-21 04:30:00,UNIDADE MOVEL BANGU,8.0,17.8,94.23,0.76,,0.05,,,33.34,,6.0,-22.87140046,-43.45942235
2017-06-21 05:30:00,UNIDADE MOVEL BANGU,9.0,17.68,95.1,0.77,,0.06,,,25.29,,5.0,-22.87140046,-43.45942235
2017-06-21 06:30:00,UNIDADE MOVEL BANGU,1.0,17.75,95.57,0.48,,0.06,,,16.92,,3.0,-22.87140046,-43.45942235
2017-06-21 07:30:00,UNIDADE MOVEL BANGU,1.0,17.97,95.57,0.75,,0.11,,,9.4,,5.0,-22.87140046,-43.45942235
2017-06-21 08:30:00,UNIDADE MOVEL BANGU,0.0,18.37,95.1,0.83,,0.18,,,10.27,,7.0,-22.87140046,-43.45942235
2017-06-21 09:30:00,UNIDADE MOVEL BANGU,1.0,18.55,94.15,1.06,,0.24,,,9.4,,4.0,-22.87140046,-43.45942235
2017-06-21 10:30:00,UNIDADE MOVEL BANGU,0.0,19.0,93.47,1.24,,0.28,,,11.71,,5.0,-22.87140046,-43.45942235
2017-06-21 11:30:00,UNIDADE MOVEL BANGU,0.0,19.65,89.97,1.75,,0.32,,,22.03,,16.0,-22.87140046,-43.45942235
2017-06-21 12:30:00,UNIDADE MOVEL BANGU,0.0,20.78,82.52,1.73,,0.31,,,23.82,,9.0,-22.87140046,-43.45942235
2017-06-21 13:30:00,UNIDADE MOVEL BANGU,0.0,21.72,77.27,1.73,,0.29,,,30.42,,8.0,-22.87140046,-43.45942235
2017-06-21 14:30:00,UNIDADE MOVEL BANGU,0.0,21.43,78.5,1.81,,0.27,,,29.75,,5.0,-22.87140046,-43.45942235
2017-06-21 15:30:00,UNIDADE MOVEL BANGU,0.0,21.43,78.02,1.9,,0.25,,,26.79,,6.0,-22.87140046,-43.45942235
2017-06-21 16:30:00,UNIDADE MOVEL BANGU,0.0,21.08,78.45,1.81,,0.21,,,24.47,,8.0,-22.87140046,-43.45942235
2017-06-21 17:30:00,UNIDADE MOVEL BANGU,0.0,20.32,81.75,1.18,,0.17,,,19.54,,10.0,-22.87140046,-43.45942235
2017-06-21 18:30:00,UNIDADE MOVEL BANGU,0.0,19.73,85.05,1.03,,0.21,,,4.39,,7.0,-22.87140046,-43.45942235
2017-06-21 19:30:00,UNIDADE MOVEL BANGU,0.0,19.22,87.47,1.2,,0.29,,,0.0,,20.0,-22.87140046,-43.45942235
2017-06-21 20:30:00,UNIDADE MOVEL BANGU,0.0,19.27,87.37,1.23,,0.45,,,0.59,,8.0,-22.87140046,-43.45942235
2017-06-21 21:30:00,UNIDADE MOVEL BANGU,0.0,19.08,88.85,1.22,,0.55,,,0.0,,16.0,-22.87140046,-43.45942235
2017-06-21 22:30:00,UNIDADE MOVEL BANGU,0.0,19.0,89.3,1.25,,0.56,,,0.0,,20.0,-22.87140046,-43.45942235
2017-06-21 23:30:00,UNIDADE MOVEL BANGU,1.0,18.83,90.63,1.33,,0.56,,,0.0,,16.0,-22.87140046,-43.45942235
2017-06-22 00:30:00,UNIDADE MOVEL BANGU,4.0,18.6,93.08,1.35,,0.4,,,0.0,,11.0,-22.87140046,-43.45942235
2017-06-22 01:30:00,UNIDADE MOVEL BANGU,0.0,18.52,94.3,1.0,,0.34,,,0.0,,23.0,-22.87140046,-43.45942235
2017-06-22 02:30:00,UNIDADE MOVEL BANGU,0.0,18.7,94.45,0.64,,0.26,,,0.52,,7.0,-22.87140046,-43.45942235
2017-06-22 03:30:00,UNIDADE MOVEL BANGU,0.0,18.72,94.4,0.47,,0.21,,,0.81,,11.0,-22.87140046,-43.45942235
2017-06-22 04:30:00,UNIDADE MOVEL BANGU,0.0,18.65,94.4,0.49,,0.17,,,0.94,,9.0,-22.87140046,-43.45942235
2017-06-22 05:30:00,UNIDADE MOVEL BANGU,0.0,18.53,94.5,0.65,,0.15,,,0.17,,15.0,-22.87140046,-43.45942235
2017-06-22 06:30:00,UNIDADE MOVEL BANGU,0.0,18.53,94.62,0.61,,0.17,,,0.0,,8.0,-22.87140046,-43.45942235
2017-06-22 07:30:00,UNIDADE MOVEL BANGU,0.0,18.93,94.82,1.41,,0.34,,,0.0,,14.0,-22.87140046,-43.45942235
2017-06-22 08:30:00,UNIDADE MOVEL BANGU,0.0,19.97,93.03,1.89,,0.53,,,1.4,,13.0,-22.87140046,-43.45942235
2017-06-22 09:30:00,UNIDADE MOVEL BANGU,0.0,21.33,82.58,1.7,,0.45,,,4.76,,16.0,-22.87140046,-43.45942235
2017-06-22 10:30:00,UNIDADE MOVEL BANGU,0.0,22.43,76.65,1.504,,0.372,,,,,14.0,-22.87140046,-43.45942235
2017-06-22 11:30:00,UNIDADE MOVEL BANGU,0.0,24.32,65.03,1.308,,0.29400000000000004,,,,,16.0,-22.87140046,-43.45942235
2017-06-22 12:30:00,UNIDADE MOVEL BANGU,0.0,24.7,60.83,1.112,,0.21600000000000003,,,,,12.0,-22.87140046,-43.45942235
2017-06-22 13:30:00,UNIDADE MOVEL BANGU,0.0,25.65,56.82,0.916,,0.138,,,,,12.0,-22.87140046,-43.45942235
2017-06-22 14:30:00,UNIDADE MOVEL BANGU,0.0,25.73,57.9,0.72,,0.06,,,,,8.0,-22.87140046,-43.45942235
2017-06-22 15:30:00,UNIDADE MOVEL BANGU,5.0,24.58,63.12,0.07,,0.11333333333333333,,,34.58,,,-22.87140046,-43.45942235
2017-06-22 16:30:00,UNIDADE MOVEL BANGU,0.0,23.83,66.0,0.6575,,0.16666666666666666,,,31.05,,,-22.87140046,-43.45942235
2017-06-22 17:30:00,UNIDADE MOVEL BANGU,0.0,22.62,69.0,1.245,,0.22,,,15.43,,,-22.87140046,-43.45942235
2017-06-22 18:30:00,UNIDADE MOVEL BANGU,0.0,22.15,71.92,1.8325,,0.2,,,16.16,,,-22.87140046,-43.45942235
2017-06-22 19:30:00,UNIDADE MOVEL BANGU,0.0,21.45,75.87,2.42,,0.54,,,5.54,,,-22.87140046,-43.45942235
2017-06-22 20:30:00,UNIDADE MOVEL BANGU,0.0,20.75,78.4,1.71,,0.38,,,2.87,,,-22.87140046,-43.45942235
2017-06-22 21:30:00,UNIDADE MOVEL BANGU,0.0,20.37,80.33,2.04,,0.38,,,2.01,,,-22.87140046,-43.45942235
2017-06-22 22:30:00,UNIDADE MOVEL BANGU,0.0,20.43,79.63,2.46,,0.39,,,2.49,,,-22.87140046,-43.45942235
2017-06-22 23:30:00,UNIDADE MOVEL BANGU,0.0,19.83,80.68,2.3,,0.28,,,3.77,,,-22.87140046,-43.45942235
2017-06-23 00:30:00,UNIDADE MOVEL BANGU,0.0,19.52,80.85,0.7,,0.19,,,6.88,,,-22.87140046,-43.45942235
2017-06-23 01:30:00,UNIDADE MOVEL BANGU,0.0,19.37,82.77,0.45,,0.18,,,3.2,,,-22.87140046,-43.45942235
2017-06-23 02:30:00,UNIDADE MOVEL BANGU,0.0,19.3,84.17,0.42,,0.1,,,7.2,,,-22.87140046,-43.45942235
2017-06-23 03:30:00,UNIDADE MOVEL BANGU,0.0,19.28,84.93,0.66,,0.08,,,5.5,,,-22.87140046,-43.45942235
2017-06-23 04:30:00,UNIDADE MOVEL BANGU,0.0,19.45,85.9,0.9,,0.06,,,6.56,,,-22.87140046,-43.45942235
2017-06-23 05:30:00,UNIDADE MOVEL BANGU,0.0,19.12,87.35,1.01,,0.18,,,3.0,,,-22.87140046,-43.45942235
2017-06-23 06:30:00,UNIDADE MOVEL BANGU,0.0,18.82,89.52,1.41,,0.38,,,2.27,,,-22.87140046,-43.45942235
2017-06-23 07:30:00,UNIDADE MOVEL BANGU,0.0,19.37,88.05,2.43,,0.75,,,2.29,,,-22.87140046,-43.45942235
2017-06-23 08:30:00,UNIDADE MOVEL BANGU,0.0,20.27,82.72,2.8,,0.38,,,4.12,,,-22.87140046,-43.45942235
2017-06-23 09:30:00,UNIDADE MOVEL BANGU,0.0,21.58,75.68,3.09,,0.18,,,10.18,,,-22.87140046,-43.45942235
2017-06-23 10:30:00,UNIDADE MOVEL BANGU,0.0,21.15,79.75,2.53,,0.28,,,13.71,,,-22.87140046,-43.45942235
2017-06-23 11:30:00,UNIDADE MOVEL BANGU,0.0,21.0,80.95,1.69,,0.15,,,17.79,,,-22.87140046,-43.45942235
2017-06-23 12:30:00,UNIDADE MOVEL BANGU,0.0,22.33,75.28,1.21,,0.16,,,17.71,,,-22.87140046,-43.45942235
2017-06-23 13:30:00,UNIDADE MOVEL BANGU,1.0,22.05,75.0,0.0,,0.13,,,22.84,,,-22.87140046,-43.45942235
2017-06-23 14:30:00,UNIDADE MOVEL BANGU,0.0,21.72,84.08,0.68,,0.09,,,24.15,,,-22.87140046,-43.45942235
2017-06-23 15:30:00,UNIDADE MOVEL BANGU,0.0,22.97,74.28,1.36,,0.1,,,21.79,,,-22.87140046,-43.45942235
2017-06-23 16:30:00,UNIDADE MOVEL BANGU,0.0,22.08,77.82,2.22,,0.1,,,20.56,,,-22.87140046,-43.45942235
2017-06-23 17:30:00,UNIDADE MOVEL BANGU,0.0,20.75,83.95,2.47,,0.23,,,14.24,,,-22.87140046,-43.45942235
2017-06-23 18:30:00,UNIDADE MOVEL BANGU,0.0,20.23,85.9,5.0,,0.5,,,2.06,,,-22.87140046,-43.45942235
2017-06-23 19:30:00,UNIDADE MOVEL BANGU,0.0,19.8,86.77,6.77,,0.46,,,3.17,,,-22.87140046,-43.45942235
2017-06-23 20:30:00,UNIDADE MOVEL BANGU,0.0,19.58,87.3,6.1,,0.51,,,2.57,,,-22.87140046,-43.45942235
2017-06-23 21:30:00,UNIDADE MOVEL BANGU,0.0,19.62,87.43,6.16,,0.55,,,3.21,,,-22.87140046,-43.45942235
2017-06-23 22:30:00,UNIDADE MOVEL BANGU,0.0,19.65,87.95,6.47,,0.95,,,3.35,,,-22.87140046,-43.45942235
2017-06-23 23:30:00,UNIDADE MOVEL BANGU,0.0,19.6,87.75,6.7,,0.93,,,2.92,,,-22.87140046,-43.45942235
2017-06-24 00:30:00,UNIDADE MOVEL BANGU,0.0,18.77,90.72,2.73,,1.62,,,3.0,,,-22.87140046,-43.45942235
2017-06-24 01:30:00,UNIDADE MOVEL BANGU,0.0,19.08,92.52,2.58,,1.93,,,3.27,,,-22.87140046,-43.45942235
2017-06-24 02:30:00,UNIDADE MOVEL BANGU,0.0,19.38,91.73,2.75,,1.42,,,3.03,,,-22.87140046,-43.45942235
2017-06-24 03:30:00,UNIDADE MOVEL BANGU,0.0,18.88,91.07,2.1,,0.91,,,2.97,,,-22.87140046,-43.45942235
2017-06-24 04:30:00,UNIDADE MOVEL BANGU,0.0,18.3,92.08,2.0,,1.04,,,3.33,,,-22.87140046,-43.45942235
2017-06-24 05:30:00,UNIDADE MOVEL BANGU,0.0,17.9,92.6,1.42,,0.35,,,2.46,,,-22.87140046,-43.45942235
2017-06-24 06:30:00,UNIDADE MOVEL BANGU,0.0,17.55,92.48,1.11,,0.575,,,2.51,,,-22.87140046,-43.45942235
2017-06-24 07:30:00,UNIDADE MOVEL BANGU,0.0,18.18,92.63,1.51,,0.8,,,2.83,,,-22.87140046,-43.45942235
2017-06-24 08:30:00,UNIDADE MOVEL BANGU,0.0,19.93,87.17,1.74,,0.55,,,5.0,,,-22.87140046,-43.45942235
2017-06-24 09:30:00,UNIDADE MOVEL BANGU,0.0,23.27,69.95,2.13,,0.22,,,14.03,,,-22.87140046,-43.45942235
2017-06-24 10:30:00,UNIDADE MOVEL BANGU,0.0,22.5,72.07,2.26,,0.12,,,16.47,,,-22.87140046,-43.45942235
2017-06-24 11:30:00,UNIDADE MOVEL BANGU,0.0,23.68,67.63,2.0,,0.16,,,15.86,,,-22.87140046,-43.45942235
2017-06-24 12:30:00,UNIDADE MOVEL BANGU,0.0,23.38,68.27,1.75,,0.09,,,18.16,,,-22.87140046,-43.45942235
2017-06-24 13:30:00,UNIDADE MOVEL BANGU,0.0,24.1,64.48,2.15,,0.07,,,23.53,,,-22.87140046,-43.45942235
2017-06-24 14:30:00,UNIDADE MOVEL BANGU,0.0,24.55,62.8,2.49,,0.04,,,29.07,,,-22.87140046,-43.45942235
2017-06-24 15:30:00,UNIDADE MOVEL BANGU,0.0,24.22,65.37,1.98,,0.03,,,27.32,,,-22.87140046,-43.45942235
2017-06-24 16:30:00,UNIDADE MOVEL BANGU,0.0,22.88,68.03,1.79,,0.01,,,31.7,,,-22.87140046,-43.45942235
2017-06-24 17:30:00,UNIDADE MOVEL BANGU,0.0,21.6,73.78,1.17,,0.04,,,25.19,,,-22.87140046,-43.45942235
2017-06-24 18:30:00,UNIDADE MOVEL BANGU,0.0,21.18,76.95,1.04,,0.15,,,11.54,,,-22.87140046,-43.45942235
2017-06-24 19:30:00,UNIDADE MOVEL BANGU,0.0,20.9,78.68,1.38,,0.17,,,7.2,,,-22.87140046,-43.45942235
2017-06-24 20:30:00,UNIDADE MOVEL BANGU,0.0,20.55,80.22,1.91,,0.32,,,4.52,,,-22.87140046,-43.45942235
2017-06-24 21:30:00,UNIDADE MOVEL BANGU,0.0,20.48,79.62,1.48,,0.37,,,5.48,,,-22.87140046,-43.45942235
2017-06-24 22:30:00,UNIDADE MOVEL BANGU,0.0,20.22,79.5,2.0,,0.49,,,5.7,,,-22.87140046,-43.45942235
2017-06-24 23:30:00,UNIDADE MOVEL BANGU,0.0,19.38,82.85,2.23,,1.14,,,7.21,,,-22.87140046,-43.45942235
2017-06-25 00:30:00,UNIDADE MOVEL BANGU,0.0,19.15,82.57,1.04,,0.95,,,6.21,,,-22.87140046,-43.45942235
2017-06-25 01:30:00,UNIDADE MOVEL BANGU,0.0,18.95,82.7,0.29,,0.64,,,6.56,,,-22.87140046,-43.45942235
2017-06-25 02:30:00,UNIDADE MOVEL BANGU,0.0,18.48,85.77,0.02,,0.65,,,7.36,,,-22.87140046,-43.45942235
2017-06-25 03:30:00,UNIDADE MOVEL BANGU,0.0,18.23,86.97,0.0,,1.09,,,4.98,,,-22.87140046,-43.45942235
2017-06-25 04:30:00,UNIDADE MOVEL BANGU,0.0,17.82,88.77,0.0,,0.58,,,2.45,,,-22.87140046,-43.45942235
2017-06-25 05:30:00,UNIDADE MOVEL BANGU,0.0,17.58,89.5,0.0,,0.58,,,3.17,,,-22.87140046,-43.45942235
2017-06-25 06:30:00,UNIDADE MOVEL BANGU,0.0,17.48,91.0,0.0,,0.86,,,3.34,,,-22.87140046,-43.45942235
2017-06-25 07:30:00,UNIDADE MOVEL BANGU,0.0,18.33,90.37,0.0,,0.89,,,3.1,,,-22.87140046,-43.45942235
2017-06-25 08:30:00,UNIDADE MOVEL BANGU,0.0,20.02,81.98,0.0,,0.35,,,9.15,,,-22.87140046,-43.45942235
2017-06-25 09:30:00,UNIDADE MOVEL BANGU,0.0,22.62,65.18,2.15,,0.11,,,31.2,,,-22.87140046,-43.45942235
2017-06-25 10:30:00,UNIDADE MOVEL BANGU,0.0,23.73,58.6,4.06,,0.12,,,36.11,,,-22.87140046,-43.45942235
2017-06-25 11:30:00,UNIDADE MOVEL BANGU,0.0,23.98,54.08,3.38,,0.08,,,43.64,,,-22.87140046,-43.45942235
2017-06-25 12:30:00,UNIDADE MOVEL BANGU,0.0,24.78,45.9,2.94,,0.09,,,44.23,,,-22.87140046,-43.45942235
2017-06-25 13:30:00,UNIDADE MOVEL BANGU,0.0,25.23,43.08,3.48,,0.11,,,43.5,,,-22.87140046,-43.45942235
2017-06-25 14:30:00,UNIDADE MOVEL BANGU,0.0,25.8,43.33,3.87,,0.08,,,46.23,,,-22.87140046,-43.45942235
2017-06-25 15:30:00,UNIDADE MOVEL BANGU,0.0,25.17,47.02,4.27,,0.06,,,44.98,,,-22.87140046,-43.45942235
2017-06-25 16:30:00,UNIDADE MOVEL BANGU,0.0,23.65,54.33,3.68,,0.07,,,40.88,,,-22.87140046,-43.45942235
2017-06-25 17:30:00,UNIDADE MOVEL BANGU,0.0,21.53,56.73,2.26,,0.08,,,34.59,,,-22.87140046,-43.45942235
2017-06-25 18:30:00,UNIDADE MOVEL BANGU,0.0,20.63,59.48,1.88,,0.39,,,15.44,,,-22.87140046,-43.45942235
2017-06-25 19:30:00,UNIDADE MOVEL BANGU,0.0,19.32,69.53,1.62,,0.36,,,4.81,,,-22.87140046,-43.45942235
2017-06-25 20:30:00,UNIDADE MOVEL BANGU,0.0,18.73,71.12,0.99,,0.31,,,4.94,,,-22.87140046,-43.45942235
2017-06-25 21:30:00,UNIDADE MOVEL BANGU,0.0,18.22,73.97,0.75,,0.52,,,3.72,,,-22.87140046,-43.45942235
2017-06-25 22:30:00,UNIDADE MOVEL BANGU,0.0,17.73,77.17,0.95,,1.11,,,4.46,,,-22.87140046,-43.45942235
2017-06-25 23:30:00,UNIDADE MOVEL BANGU,0.0,17.43,78.18,1.15,,1.43,,,5.09,,,-22.87140046,-43.45942235
2017-06-26 00:30:00,UNIDADE MOVEL BANGU,0.0,16.85,82.47,1.6,,1.47,,,4.93,,,-22.87140046,-43.45942235
2017-06-26 01:30:00,UNIDADE MOVEL BANGU,0.0,16.9,82.48,2.05,,1.36,,,4.38,,,-22.87140046,-43.45942235
2017-06-26 02:30:00,UNIDADE MOVEL BANGU,0.0,16.68,82.87,1.47,,0.75,,,4.33,,,-22.87140046,-43.45942235
2017-06-26 03:30:00,UNIDADE MOVEL BANGU,0.0,16.1,86.03,1.46,,0.82,,,4.55,,,-22.87140046,-43.45942235
2017-06-26 04:30:00,UNIDADE MOVEL BANGU,0.0,15.88,87.73,1.44,,0.78,,,3.88,,,-22.87140046,-43.45942235
2017-06-26 05:30:00,UNIDADE MOVEL BANGU,0.0,15.92,86.5,1.11,,0.65,,,3.64,,,-22.87140046,-43.45942235
2017-06-26 06:30:00,UNIDADE MOVEL BANGU,0.0,15.37,88.88,1.11,,0.86,,,2.98,,,-22.87140046,-43.45942235
2017-06-26 07:30:00,UNIDADE MOVEL BANGU,0.0,16.43,86.58,2.52,,1.65,,,4.07,,,-22.87140046,-43.45942235
2017-06-26 08:30:00,UNIDADE MOVEL BANGU,0.0,18.8,75.52,2.59,,1.02,,,4.63,,,-22.87140046,-43.45942235
2017-06-26 09:30:00,UNIDADE MOVEL BANGU,0.0,21.1,66.37,2.38,,0.33,,,9.8,,,-22.87140046,-43.45942235
2017-06-26 10:30:00,UNIDADE MOVEL BANGU,0.0,22.95,59.23,0.02,,0.16,,,13.85,,12.0,-22.87140046,-43.45942235
2017-06-26 11:30:00,UNIDADE MOVEL BANGU,0.0,24.67,52.68,0.0,,0.08,,,22.21,,15.0,-22.87140046,-43.45942235
2017-06-26 12:30:00,UNIDADE MOVEL BANGU,0.0,24.77,53.35,0.67,,0.15,,,32.11,,2.0,-22.87140046,-43.45942235
2017-06-26 13:30:00,UNIDADE MOVEL BANGU,0.0,25.12,53.32,0.66,,0.05,,,29.84,,2.0,-22.87140046,-43.45942235
2017-06-26 14:30:00,UNIDADE MOVEL BANGU,0.0,25.27,53.02,0.34,,0.05,,,34.49,,0.0,-22.87140046,-43.45942235
2017-06-26 15:30:00,UNIDADE MOVEL BANGU,0.0,24.33,59.57,0.65,,0.07,,,27.96,,0.0,-22.87140046,-43.45942235
2017-06-26 16:30:00,UNIDADE MOVEL BANGU,0.0,24.05,62.13,0.74,,0.14,,,23.85,,0.0,-22.87140046,-43.45942235
2017-06-26 17:30:00,UNIDADE MOVEL BANGU,0.0,22.73,68.7,0.85,,0.16,,,15.87,,0.0,-22.87140046,-43.45942235
2017-06-26 18:30:00,UNIDADE MOVEL BANGU,0.0,21.78,73.3,0.29,,0.19,,,8.4,,22.0,-22.87140046,-43.45942235
2017-06-26 19:30:00,UNIDADE MOVEL BANGU,0.0,21.08,75.42,0.0,,0.29,,,3.66,,0.0,-22.87140046,-43.45942235
2017-06-26 20:30:00,UNIDADE MOVEL BANGU,0.0,20.72,75.13,0.0,,0.21,,,3.84,,0.0,-22.87140046,-43.45942235
2017-06-26 21:30:00,UNIDADE MOVEL BANGU,0.0,19.93,78.43,0.28,,0.36,,,2.71,,0.0,-22.87140046,-43.45942235
2017-06-26 22:30:00,UNIDADE MOVEL BANGU,0.0,19.25,80.52,0.32,,0.58,,,3.56,,2.0,-22.87140046,-43.45942235
2017-06-26 23:30:00,UNIDADE MOVEL BANGU,0.0,18.62,81.63,0.39,,0.44,,,3.15,,2.0,-22.87140046,-43.45942235
2017-06-27 00:30:00,UNIDADE MOVEL BANGU,0.0,18.33,82.78,0.69,,0.47,,,3.67,,3.0,-22.87140046,-43.45942235
2017-06-27 01:30:00,UNIDADE MOVEL BANGU,0.0,17.85,84.82,0.54,,0.26,,,3.68,,5.0,-22.87140046,-43.45942235
2017-06-27 02:30:00,UNIDADE MOVEL BANGU,0.0,17.7,85.82,0.13,,0.17,,,2.55,,11.0,-22.87140046,-43.45942235
2017-06-27 03:30:00,UNIDADE MOVEL BANGU,0.0,18.02,85.97,0.0,,0.12,,,2.66,,8.0,-22.87140046,-43.45942235
2017-06-27 04:30:00,UNIDADE MOVEL BANGU,0.0,18.2,85.17,0.0,,0.04,,,13.99,,5.0,-22.87140046,-43.45942235
2017-06-27 05:30:00,UNIDADE MOVEL BANGU,0.0,17.53,88.47,0.0,,0.06,,,7.64,,0.0,-22.87140046,-43.45942235
2017-06-27 06:30:00,UNIDADE MOVEL BANGU,0.0,17.1,89.75,0.19,,0.17,,,2.47,,0.0,-22.87140046,-43.45942235
2017-06-27 07:30:00,UNIDADE MOVEL BANGU,0.0,17.65,89.9,0.83,,0.41,,,3.2,,3.0,-22.87140046,-43.45942235
2017-06-27 08:30:00,UNIDADE MOVEL BANGU,0.0,20.2,77.05,1.04,,0.14,,,9.18,,8.0,-22.87140046,-43.45942235
2017-06-27 09:30:00,UNIDADE MOVEL BANGU,0.0,22.0,67.63,3.69,,0.12,,,16.74,,9.0,-22.87140046,-43.45942235
2017-06-27 10:30:00,UNIDADE MOVEL BANGU,0.0,23.85,58.2,8.45,,0.1,,,24.69,,7.0,-22.87140046,-43.45942235
2017-06-27 11:30:00,UNIDADE MOVEL BANGU,0.0,25.5,45.68,7.12,,0.1,,,26.65,,5.0,-22.87140046,-43.45942235
2017-06-27 12:30:00,UNIDADE MOVEL BANGU,0.0,25.22,45.08,6.49,,0.17,,,25.95,,2.0,-22.87140046,-43.45942235
2017-06-27 13:30:00,UNIDADE MOVEL BANGU,0.0,25.82,42.15,5.48,,0.13,,,23.87,,1.5,-22.87140046,-43.45942235
2017-06-27 14:30:00,UNIDADE MOVEL BANGU,0.0,26.02,45.02,2.16,,0.06,,,33.66,,1.0,-22.87140046,-43.45942235
2017-06-27 15:30:00,UNIDADE MOVEL BANGU,0.0,25.65,47.02,3.59,,0.02,,,33.83,,0.0,-22.87140046,-43.45942235
2017-06-27 16:30:00,UNIDADE MOVEL BANGU,0.0,24.38,52.32,3.09,,0.1,,,32.95,,5.0,-22.87140046,-43.45942235
2017-06-27 17:30:00,UNIDADE MOVEL BANGU,0.0,22.67,61.57,0.99,,0.06,,,23.14,,21.0,-22.87140046,-43.45942235
2017-06-27 18:30:00,UNIDADE MOVEL BANGU,0.0,21.7,66.18,1.59,,0.23,,,7.72,,19.0,-22.87140046,-43.45942235
2017-06-27 19:30:00,UNIDADE MOVEL BANGU,0.0,21.12,68.92,1.88,,0.46,,,4.84,,17.0,-22.87140046,-43.45942235
2017-06-27 20:30:00,UNIDADE MOVEL BANGU,0.0,21.15,69.95,2.7,,0.49,,,3.75,,15.0,-22.87140046,-43.45942235
2017-06-27 21:30:00,UNIDADE MOVEL BANGU,0.0,20.83,70.05,2.77,,0.29,,,3.23,,17.0,-22.87140046,-43.45942235
2017-06-27 22:30:00,UNIDADE MOVEL BANGU,0.0,20.08,73.2,2.16,,0.22,,,3.28,,12.0,-22.87140046,-43.45942235
2017-06-27 23:30:00,UNIDADE MOVEL BANGU,0.0,19.52,77.55,1.58,,0.15,,,3.34,,16.0,-22.87140046,-43.45942235
2017-06-28 00:30:00,UNIDADE MOVEL BANGU,0.0,19.23,80.95,1.21,,0.19,,,6.23,,5.0,-22.87140046,-43.45942235
2017-06-28 01:30:00,UNIDADE MOVEL BANGU,0.0,18.87,83.17,1.75,,0.2,,,2.98,,13.0,-22.87140046,-43.45942235
2017-06-28 02:30:00,UNIDADE MOVEL BANGU,0.0,18.53,84.95,1.55,,0.15,,,5.13,,16.0,-22.87140046,-43.45942235
2017-06-28 03:30:00,UNIDADE MOVEL BANGU,0.0,18.27,87.15,1.43,,0.09,,,7.14,,17.0,-22.87140046,-43.45942235
2017-06-28 04:30:00,UNIDADE MOVEL BANGU,0.0,18.02,88.6,1.23,,0.09,,,4.74,,6.0,-22.87140046,-43.45942235
2017-06-28 05:30:00,UNIDADE MOVEL BANGU,0.0,17.83,89.18,1.44,,0.94,,,3.61,,6.0,-22.87140046,-43.45942235
2017-06-28 06:30:00,UNIDADE MOVEL BANGU,0.0,17.7,88.98,2.43,,0.86,,,2.91,,18.0,-22.87140046,-43.45942235
2017-06-28 07:30:00,UNIDADE MOVEL BANGU,0.0,18.08,86.97,2.68,,0.73,,,3.71,,20.0,-22.87140046,-43.45942235
2017-06-28 08:30:00,UNIDADE MOVEL BANGU,0.0,20.98,75.13,3.72,,0.47,,,8.05,,25.0,-22.87140046,-43.45942235
2017-06-28 09:30:00,UNIDADE MOVEL BANGU,0.0,23.25,64.43,46.28,,0.21,,,20.59,,28.0,-22.87140046,-43.45942235
2017-06-28 10:30:00,UNIDADE MOVEL BANGU,0.0,24.87,57.9,35.35,,0.22,,,24.76,,24.0,-22.87140046,-43.45942235
2017-06-28 11:30:00,UNIDADE MOVEL BANGU,0.0,26.65,50.9,7.41,,0.17,,,28.76,,4.0,-22.87140046,-43.45942235
2017-06-28 12:30:00,UNIDADE MOVEL BANGU,0.0,27.7,47.78,10.84,,0.19,,,37.13,,3.0,-22.87140046,-43.45942235
2017-06-28 13:30:00,UNIDADE MOVEL BANGU,0.0,28.78,42.03,6.74,,0.12,,,39.93,,5.0,-22.87140046,-43.45942235
2017-06-28 14:30:00,UNIDADE MOVEL BANGU,0.0,29.2,38.13,9.49,,0.08,,,47.45,,3.0,-22.87140046,-43.45942235
2017-06-28 15:30:00,UNIDADE MOVEL BANGU,0.0,28.88,38.73,21.47,,0.14,,,47.34,,4.0,-22.87140046,-43.45942235
2017-06-28 16:30:00,UNIDADE MOVEL BANGU,0.0,27.62,42.02,14.92,,0.15,,,34.55,,20.0,-22.87140046,-43.45942235
2017-06-28 17:30:00,UNIDADE MOVEL BANGU,0.0,25.32,52.9,10.58,,0.49,,,20.07,,15.0,-22.87140046,-43.45942235
2017-06-28 18:30:00,UNIDADE MOVEL BANGU,0.0,24.02,62.2,11.75,,1.0,,,5.56,,11.0,-22.87140046,-43.45942235
2017-06-28 19:30:00,UNIDADE MOVEL BANGU,0.0,22.45,71.83,10.24,,0.43,,,3.62,,42.0,-22.87140046,-43.45942235
2017-06-28 20:30:00,UNIDADE MOVEL BANGU,0.0,21.37,78.88,6.0,,0.36,,,3.23,,27.0,-22.87140046,-43.45942235
2017-06-28 21:30:00,UNIDADE MOVEL BANGU,0.0,20.6,83.55,4.77,,0.39,,,3.19,,34.0,-22.87140046,-43.45942235
2017-06-28 22:30:00,UNIDADE MOVEL BANGU,0.0,20.18,86.38,3.8,,0.23,,,4.88,,21.0,-22.87140046,-43.45942235
2017-06-28 23:30:00,UNIDADE MOVEL BANGU,0.0,19.92,87.6,3.28,,0.19,,,9.28,,23.0,-22.87140046,-43.45942235
2017-06-29 00:30:00,UNIDADE MOVEL BANGU,0.0,19.58,88.57,1.08,,0.12,,,15.45,,21.0,-22.87140046,-43.45942235
2017-06-29 01:30:00,UNIDADE MOVEL BANGU,0.0,19.23,89.25,0.98,,0.1,,,10.35,,4.0,-22.87140046,-43.45942235
2017-06-29 02:30:00,UNIDADE MOVEL BANGU,0.0,18.67,88.57,0.7,,0.14,,,4.83,,25.0,-22.87140046,-43.45942235
2017-06-29 03:30:00,UNIDADE MOVEL BANGU,0.0,18.25,89.75,0.44,,0.14,,,2.94,,18.0,-22.87140046,-43.45942235
2017-06-29 04:30:00,UNIDADE MOVEL BANGU,0.0,17.5,90.95,0.38,,0.14,,,3.53,,25.0,-22.87140046,-43.45942235
2017-06-29 05:30:00,UNIDADE MOVEL BANGU,0.0,17.0,91.43,0.28,,0.19,,,2.55,,22.0,-22.87140046,-43.45942235
2017-06-29 06:30:00,UNIDADE MOVEL BANGU,0.0,16.8,92.37,0.38,,0.48,,,3.29,,28.0,-22.87140046,-43.45942235
2017-06-29 07:30:00,UNIDADE MOVEL BANGU,0.0,17.35,90.52,1.31,,0.71,,,3.52,,24.0,-22.87140046,-43.45942235
2017-06-29 08:30:00,UNIDADE MOVEL BANGU,0.0,20.5,77.48,2.38,,0.91,,,5.67,,22.0,-22.87140046,-43.45942235
2017-06-29 09:30:00,UNIDADE MOVEL BANGU,0.0,21.8,73.83,3.49,,0.77,,,8.74,,38.0,-22.87140046,-43.45942235
2017-06-29 10:30:00,UNIDADE MOVEL BANGU,0.0,24.23,60.68,4.19,,0.49,,,13.63,,49.0,-22.87140046,-43.45942235
2017-06-29 11:30:00,UNIDADE MOVEL BANGU,0.0,26.42,49.75,4.53,,0.41,,,19.52,,31.0,-22.87140046,-43.45942235
2017-06-29 12:30:00,UNIDADE MOVEL BANGU,0.0,27.27,44.75,5.18,,0.3,,,32.02,,23.0,-22.87140046,-43.45942235
2017-06-29 13:30:00,UNIDADE MOVEL BANGU,0.0,28.22,36.17,5.62,,0.14,,,40.77,,12.0,-22.87140046,-43.45942235
2017-06-29 14:30:00,UNIDADE MOVEL BANGU,0.0,29.03,30.27,5.28,,0.13,,,50.59,,14.0,-22.87140046,-43.45942235
2017-06-29 18:30:00,UNIDADE MOVEL BANGU,,22.42,46.28,5.12,,0.32199999999999995,,,7.26,,18.8,-22.87140046,-43.45942235
2017-06-29 19:30:00,UNIDADE MOVEL BANGU,0.0,21.2,46.95,5.08,,0.37,,,4.89,,20.0,-22.87140046,-43.45942235
2017-06-29 20:30:00,UNIDADE MOVEL BANGU,0.0,20.08,52.42,9.15,,0.41,,,4.54,,33.0,-22.87140046,-43.45942235
2017-06-29 21:30:00,UNIDADE MOVEL BANGU,0.0,19.02,57.7,6.97,,1.03,,,4.96,,32.0,-22.87140046,-43.45942235
2017-06-29 22:30:00,UNIDADE MOVEL BANGU,0.0,19.1,59.05,6.79,,1.81,,,6.53,,31.0,-22.87140046,-43.45942235
2017-06-29 23:30:00,UNIDADE MOVEL BANGU,0.0,18.37,63.35,5.67,,1.41,,,6.25,,51.0,-22.87140046,-43.45942235
2017-06-30 00:30:00,UNIDADE MOVEL BANGU,0.0,17.87,67.3,4.58,,2.15,,,6.28,,67.0,-22.87140046,-43.45942235
2017-06-30 01:30:00,UNIDADE MOVEL BANGU,0.0,17.37,70.2,3.7,,1.1,,,4.0,,52.0,-22.87140046,-43.45942235
2017-06-30 02:30:00,UNIDADE MOVEL BANGU,0.0,16.97,73.65,2.82,,1.01,,,3.74,,37.0,-22.87140046,-43.45942235
2017-06-30 03:30:00,UNIDADE MOVEL BANGU,0.0,16.57,76.37,2.56,,1.02,,,3.88,,43.0,-22.87140046,-43.45942235
2017-06-30 04:30:00,UNIDADE MOVEL BANGU,0.0,16.82,73.67,1.94,,0.52,,,3.31,,48.0,-22.87140046,-43.45942235
2017-06-30 05:30:00,UNIDADE MOVEL BANGU,0.0,16.25,75.42,1.71,,0.45,,,3.45,,45.0,-22.87140046,-43.45942235
2017-06-30 06:30:00,UNIDADE MOVEL BANGU,0.0,16.0,77.23,1.88,,0.72,,,3.43,,45.0,-22.87140046,-43.45942235
2017-06-30 07:30:00,UNIDADE MOVEL BANGU,0.0,17.85,69.53,2.79,,1.33,,,3.53,,34.0,-22.87140046,-43.45942235
2017-06-30 08:30:00,UNIDADE MOVEL BANGU,0.0,20.82,60.43,2.65,,1.05,,,4.66,,34.0,-22.87140046,-43.45942235
2017-06-30 09:30:00,UNIDADE MOVEL BANGU,0.0,22.88,54.08,2.42,,0.39,,,12.08,,31.0,-22.87140046,-43.45942235
2017-06-30 10:30:00,UNIDADE MOVEL BANGU,0.0,25.67,45.7,3.67,,0.32,,,20.42,,26.0,-22.87140046,-43.45942235
2017-06-30 11:30:00,UNIDADE MOVEL BANGU,0.0,28.48,34.0,3.83,,0.19,,,30.71,,19.0,-22.87140046,-43.45942235
2017-06-30 12:30:00,UNIDADE MOVEL BANGU,0.0,29.08,30.95,4.58,,0.14,,,39.79,,11.0,-22.87140046,-43.45942235
2017-06-30 13:30:00,UNIDADE MOVEL BANGU,0.0,29.87,27.58,5.01,,0.1,,,45.17,,11.0,-22.87140046,-43.45942235
2017-06-30 14:30:00,UNIDADE MOVEL BANGU,0.0,30.27,24.93,5.2,,0.1,,,50.13,,6.0,-22.87140046,-43.45942235
2017-06-30 15:30:00,UNIDADE MOVEL BANGU,0.0,30.32,24.35,5.29,,0.14,,,48.11,,9.0,-22.87140046,-43.45942235
2017-06-30 16:30:00,UNIDADE MOVEL BANGU,0.0,28.88,27.77,4.96,,0.14,,,33.95,,14.0,-22.87140046,-43.45942235
2017-06-30 17:30:00,UNIDADE MOVEL BANGU,0.0,25.73,37.1,5.14,,0.67,,,10.55,,13.0,-22.87140046,-43.45942235
2017-06-30 18:30:00,UNIDADE MOVEL BANGU,0.0,23.4,45.45,6.02,,2.04,,,4.97,,31.0,-22.87140046,-43.45942235
2017-06-30 19:30:00,UNIDADE MOVEL BANGU,0.0,22.2,49.57,5.4,,1.69,,,4.25,,36.0,-22.87140046,-43.45942235
2017-06-30 20:30:00,UNIDADE MOVEL BANGU,0.0,21.58,52.77,5.14,,2.14,,,5.2,,29.0,-22.87140046,-43.45942235
2017-06-30 21:30:00,UNIDADE MOVEL BANGU,0.0,21.97,51.67,5.25,,1.97,,,6.72,,42.0,-22.87140046,-43.45942235
2017-06-30 22:30:00,UNIDADE MOVEL BANGU,0.0,21.58,53.47,3.57,,1.29,,,6.41,,67.0,-22.87140046,-43.45942235
2017-06-30 23:30:00,UNIDADE MOVEL BANGU,0.0,20.93,59.32,2.88,,1.21,,,4.12,,55.0,-22.87140046,-43.45942235
2017-07-01 00:30:00,UNIDADE MOVEL BANGU,0.0,20.25,60.4,2.11,,0.77,,,2.75,,61.0,-22.87140046,-43.45942235
2017-07-01 01:30:00,UNIDADE MOVEL BANGU,0.0,20.27,59.7,1.55,,0.53,,,2.51,,42.0,-22.87140046,-43.45942235
2017-07-01 02:30:00,UNIDADE MOVEL BANGU,0.0,19.82,62.5,0.98,,0.46,,,3.33,,35.0,-22.87140046,-43.45942235
2017-07-01 03:30:00,UNIDADE MOVEL BANGU,0.0,20.12,63.5,1.66,,0.38,,,2.5,,26.0,-22.87140046,-43.45942235
2017-07-01 04:30:00,UNIDADE MOVEL BANGU,0.0,19.42,65.68,1.08,,0.41,,,3.15,,24.0,-22.87140046,-43.45942235
2017-07-01 05:30:00,UNIDADE MOVEL BANGU,0.0,19.12,67.15,1.02,,0.43,,,3.32,,31.0,-22.87140046,-43.45942235
2017-07-01 06:30:00,UNIDADE MOVEL BANGU,0.0,18.57,70.82,1.46,,0.92,,,3.46,,29.0,-22.87140046,-43.45942235
2017-07-01 07:30:00,UNIDADE MOVEL BANGU,0.0,19.85,61.27,1.86,,0.52,,,4.87,,38.0,-22.87140046,-43.45942235
2017-07-01 08:30:00,UNIDADE MOVEL BANGU,,21.55,66.02,1.2650000000000001,,0.32,,,21.425,,27.0,-22.87140046,-43.45942235
2017-07-01 09:30:00,UNIDADE MOVEL BANGU,0.0,23.25,69.33,0.67,,0.12,,,37.98,,16.0,-22.87140046,-43.45942235
2017-07-01 10:30:00,UNIDADE MOVEL BANGU,0.0,23.92,65.33,0.64,,0.1,,,47.92,,22.0,-22.87140046,-43.45942235
2017-07-01 11:30:00,UNIDADE MOVEL BANGU,0.0,24.82,61.52,0.58,,0.1,,,48.08,,16.0,-22.87140046,-43.45942235
2017-07-01 12:30:00,UNIDADE MOVEL BANGU,0.0,24.48,64.52,0.82,,0.08,,,46.26,,12.0,-22.87140046,-43.45942235
2017-07-01 13:30:00,UNIDADE MOVEL BANGU,0.0,24.47,62.13,0.95,,0.07,,,47.5,,13.0,-22.87140046,-43.45942235
2017-07-01 14:30:00,UNIDADE MOVEL BANGU,0.0,24.6,59.95,0.92,,0.07,,,44.74,,12.0,-22.87140046,-43.45942235
2017-07-01 15:30:00,UNIDADE MOVEL BANGU,0.0,23.6,64.53,0.77,,0.07,,,41.2,,13.0,-22.87140046,-43.45942235
2017-07-01 16:30:00,UNIDADE MOVEL BANGU,0.0,22.32,70.7,0.18,,0.06,,,39.35,,9.0,-22.87140046,-43.45942235
2017-07-01 17:30:00,UNIDADE MOVEL BANGU,0.0,21.75,73.63,0.0,,0.06,,,30.76,,6.0,-22.87140046,-43.45942235
2017-07-01 18:30:00,UNIDADE MOVEL BANGU,0.0,21.33,70.3,0.0,,0.05,,,31.11,,6.0,-22.87140046,-43.45942235
2017-07-01 19:30:00,UNIDADE MOVEL BANGU,0.0,21.18,68.52,0.0,,0.07,,,32.53,,6.0,-22.87140046,-43.45942235
2017-07-01 20:30:00,UNIDADE MOVEL BANGU,0.0,21.18,70.42,0.0,,0.06,,,30.74,,5.0,-22.87140046,-43.45942235
2017-07-01 21:30:00,UNIDADE MOVEL BANGU,0.0,20.12,81.02,0.0,,0.1,,,23.73,,3.0,-22.87140046,-43.45942235
2017-07-01 22:30:00,UNIDADE MOVEL BANGU,1.0,19.27,87.07,0.0,,0.09,,,18.3,,21.0,-22.87140046,-43.45942235
2017-07-01 23:30:00,UNIDADE MOVEL BANGU,0.0,18.8,82.93,0.0,,0.07,,,25.19,,10.0,-22.87140046,-43.45942235
2017-07-02 00:30:00,UNIDADE MOVEL BANGU,0.0,19.33,76.77,0.6,,0.08,,,31.92,,8.0,-22.87140046,-43.45942235
2017-07-02 01:30:00,UNIDADE MOVEL BANGU,0.0,18.9,80.62,1.0,,0.04,,,31.22,,5.0,-22.87140046,-43.45942235
2017-07-02 02:30:00,UNIDADE MOVEL BANGU,0.0,18.57,80.35,0.95,,0.02,,,35.48,,12.0,-22.87140046,-43.45942235
2017-07-02 03:30:00,UNIDADE MOVEL BANGU,0.0,17.9,84.63,0.78,,0.06,,,36.14,,7.0,-22.87140046,-43.45942235
2017-07-02 04:30:00,UNIDADE MOVEL BANGU,0.0,17.43,85.1,0.57,,0.02,,,39.37,,4.0,-22.87140046,-43.45942235
2017-07-02 05:30:00,UNIDADE MOVEL BANGU,0.0,17.3,86.5,0.69,,0.03,,,35.32,,0.0,-22.87140046,-43.45942235
2017-07-02 06:30:00,UNIDADE MOVEL BANGU,0.0,17.4,86.13,1.38,,0.11,,,31.38,,1.5,-22.87140046,-43.45942235
2017-07-02 07:30:00,UNIDADE MOVEL BANGU,0.0,17.55,85.5,5.13,,0.11,,,23.67,,3.0,-22.87140046,-43.45942235
2017-07-02 08:30:00,UNIDADE MOVEL BANGU,0.0,17.45,81.55,2.4,,0.06,,,31.92,,6.0,-22.87140046,-43.45942235
2017-07-02 09:30:00,UNIDADE MOVEL BANGU,0.0,18.15,77.87,0.89,,0.07,,,31.15,,11.0,-22.87140046,-43.45942235
2017-07-02 10:30:00,UNIDADE MOVEL BANGU,0.0,18.88,76.97,0.51,,0.08,,,36.5,,6.0,-22.87140046,-43.45942235
2017-07-02 11:30:00,UNIDADE MOVEL BANGU,0.0,18.63,79.22,1.06,,0.12,,,33.47,,7.0,-22.87140046,-43.45942235
2017-07-02 12:30:00,UNIDADE MOVEL BANGU,0.0,18.27,81.8,1.79,,0.16,,,30.84,,18.0,-22.87140046,-43.45942235
2017-07-02 13:30:00,UNIDADE MOVEL BANGU,0.0,20.05,72.22,1.42,,0.16,,,35.29,,11.0,-22.87140046,-43.45942235
2017-07-02 14:30:00,UNIDADE MOVEL BANGU,0.0,20.22,64.27,1.31,,0.1,,,36.91,,14.0,-22.87140046,-43.45942235
2017-07-02 15:30:00,UNIDADE MOVEL BANGU,0.0,19.28,66.2,0.72,,0.11,,,35.68,,10.0,-22.87140046,-43.45942235
2017-07-02 16:30:00,UNIDADE MOVEL BANGU,0.0,19.33,62.28,0.55,,0.11,,,35.61,,7.0,-22.87140046,-43.45942235
2017-07-02 17:30:00,UNIDADE MOVEL BANGU,0.0,17.95,71.1,0.3,,0.1,,,32.82,,7.0,-22.87140046,-43.45942235
2017-07-02 18:30:00,UNIDADE MOVEL BANGU,0.0,16.37,85.1,0.08,,0.17,,,29.1,,4.0,-22.87140046,-43.45942235
2017-07-02 19:30:00,UNIDADE MOVEL BANGU,0.0,16.08,89.38,0.05,,0.24,,,19.1,,9.0,-22.87140046,-43.45942235
2017-07-02 20:30:00,UNIDADE MOVEL BANGU,0.0,16.18,89.8,0.19,,0.21,,,11.28,,6.0,-22.87140046,-43.45942235
2017-07-02 21:30:00,UNIDADE MOVEL BANGU,1.0,16.05,89.23,0.04,,0.21,,,12.68,,9.0,-22.87140046,-43.45942235
2017-07-02 22:30:00,UNIDADE MOVEL BANGU,0.0,15.97,87.12,0.23,,0.2,,,22.15,,12.0,-22.87140046,-43.45942235
2017-07-02 23:30:00,UNIDADE MOVEL BANGU,0.0,15.48,87.62,0.0,,0.18,,,15.66,,7.0,-22.87140046,-43.45942235
2017-07-03 00:30:00,UNIDADE MOVEL BANGU,0.0,15.37,89.28,0.06,,0.18,,,8.91,,6.0,-22.87140046,-43.45942235
2017-07-03 01:30:00,UNIDADE MOVEL BANGU,0.0,15.38,90.52,0.82,,0.07,,,14.67,,5.0,-22.87140046,-43.45942235
2017-07-03 02:30:00,UNIDADE MOVEL BANGU,0.0,15.32,90.33,0.99,,0.05,,,18.59,,4.0,-22.87140046,-43.45942235
2017-07-03 03:30:00,UNIDADE MOVEL BANGU,0.0,15.27,91.22,0.0,,0.04,,,14.78,,3.0,-22.87140046,-43.45942235
2017-07-03 04:30:00,UNIDADE MOVEL BANGU,0.0,15.1,91.73,0.0,,0.05,,,12.03,,6.0,-22.87140046,-43.45942235
2017-07-03 05:30:00,UNIDADE MOVEL BANGU,0.0,14.92,92.07,0.0,,0.06,,,8.52,,5.0,-22.87140046,-43.45942235
2017-07-03 06:30:00,UNIDADE MOVEL BANGU,0.0,14.97,92.17,0.0,,0.17,,,2.41,,9.0,-22.87140046,-43.45942235
2017-07-03 07:30:00,UNIDADE MOVEL BANGU,0.0,15.1,91.12,0.5,,0.88,,,2.69,,8.0,-22.87140046,-43.45942235
2017-07-03 08:30:00,UNIDADE MOVEL BANGU,0.0,15.9,87.88,1.03,,0.72,,,3.34,,11.0,-22.87140046,-43.45942235
2017-07-03 09:30:00,UNIDADE MOVEL BANGU,0.0,16.97,82.6,1.02,,0.3,,,7.16,,14.0,-22.87140046,-43.45942235
2017-07-03 10:30:00,UNIDADE MOVEL BANGU,0.0,18.95,65.73,1.4,,0.09,,,27.14,,15.0,-22.87140046,-43.45942235
2017-07-03 11:30:00,UNIDADE MOVEL BANGU,0.0,18.38,67.47,1.47,,0.13,,,25.09,,9.0,-22.87140046,-43.45942235
2017-07-03 12:30:00,UNIDADE MOVEL BANGU,0.0,18.65,64.62,0.73,,0.1,,,27.16,,7.0,-22.87140046,-43.45942235
2017-07-03 13:30:00,UNIDADE MOVEL BANGU,0.0,20.18,56.03,1.19,,0.09,,,31.23,,10.0,-22.87140046,-43.45942235
2017-07-03 14:30:00,UNIDADE MOVEL BANGU,0.0,20.77,53.4,1.97,,0.11,,,30.73,,7.0,-22.87140046,-43.45942235
2017-07-03 15:30:00,UNIDADE MOVEL BANGU,0.0,20.08,51.77,1.96,,0.09,,,35.61,,3.0,-22.87140046,-43.45942235
2017-07-03 16:30:00,UNIDADE MOVEL BANGU,0.0,19.22,54.53,1.32,,0.06,,,38.04,,3.0,-22.87140046,-43.45942235
2017-07-03 17:30:00,UNIDADE MOVEL BANGU,0.0,17.83,63.62,1.03,,0.09,,,24.36,,7.0,-22.87140046,-43.45942235
2017-07-03 18:30:00,UNIDADE MOVEL BANGU,0.0,17.5,66.3,1.01,,0.28,,,8.31,,8.0,-22.87140046,-43.45942235
2017-07-03 19:30:00,UNIDADE MOVEL BANGU,0.0,16.38,74.68,8.64,,0.27,,,4.31,,7.0,-22.87140046,-43.45942235
2017-07-03 20:30:00,UNIDADE MOVEL BANGU,0.0,15.93,75.95,10.29,,0.32,,,3.21,,8.0,-22.87140046,-43.45942235
2017-07-03 21:30:00,UNIDADE MOVEL BANGU,0.0,15.68,79.12,1.91,,0.36,,,3.59,,19.0,-22.87140046,-43.45942235
2017-07-03 22:30:00,UNIDADE MOVEL BANGU,0.0,15.52,82.55,1.04,,0.25,,,3.08,,17.0,-22.87140046,-43.45942235
2017-07-03 23:30:00,UNIDADE MOVEL BANGU,0.0,14.8,83.75,0.41,,0.12,,,4.92,,14.0,-22.87140046,-43.45942235
2017-07-04 00:30:00,UNIDADE MOVEL BANGU,0.0,14.32,86.13,1.63,,0.23,,,2.82,,8.0,-22.87140046,-43.45942235
2017-07-04 01:30:00,UNIDADE MOVEL BANGU,0.0,14.27,87.02,2.94,,0.26,,,3.58,,11.0,-22.87140046,-43.45942235
2017-07-04 02:30:00,UNIDADE MOVEL BANGU,0.0,14.8,86.6,1.08,,0.17,,,3.52,,19.0,-22.87140046,-43.45942235
2017-07-04 03:30:00,UNIDADE MOVEL BANGU,0.0,14.73,87.77,1.03,,0.12,,,3.48,,14.0,-22.87140046,-43.45942235
2017-07-04 04:30:00,UNIDADE MOVEL BANGU,0.0,14.58,89.58,0.71,,0.08,,,2.31,,13.0,-22.87140046,-43.45942235
2017-07-04 05:30:00,UNIDADE MOVEL BANGU,0.0,14.25,90.33,0.45,,0.09,,,2.62,,15.0,-22.87140046,-43.45942235
2017-07-04 06:30:00,UNIDADE MOVEL BANGU,0.0,14.17,91.08,1.76,,0.13333333333333333,,,3.4,,17.0,-22.87140046,-43.45942235
2017-07-04 07:30:00,UNIDADE MOVEL BANGU,0.0,14.88,88.67,4.38,,0.17666666666666667,,,3.71,,18.0,-22.87140046,-43.45942235
2017-07-04 08:30:00,UNIDADE MOVEL BANGU,0.0,17.72,72.52,3.05,,0.22,,,7.26,,26.0,-22.87140046,-43.45942235
2017-07-04 09:30:00,UNIDADE MOVEL BANGU,0.0,19.22,65.52,2.94,,0.15,,,12.15,,16.0,-22.87140046,-43.45942235
2017-07-04 10:30:00,UNIDADE MOVEL BANGU,0.0,20.85,56.33,3.44,,0.18,,,16.76,,9.0,-22.87140046,-43.45942235
2017-07-04 11:30:00,UNIDADE MOVEL BANGU,0.0,21.4,51.43,3.46,,0.13,,,24.1,,14.0,-22.87140046,-43.45942235
2017-07-04 12:30:00,UNIDADE MOVEL BANGU,0.0,21.9,46.62,3.34,,0.06,,,37.85,,9.0,-22.87140046,-43.45942235
2017-07-04 13:30:00,UNIDADE MOVEL BANGU,0.0,22.08,47.92,3.32,,0.11,,,35.96,,4.0,-22.87140046,-43.45942235
2017-07-04 14:30:00,UNIDADE MOVEL BANGU,0.0,20.95,54.22,3.04,,0.1,,,30.9,,7.0,-22.87140046,-43.45942235
2017-07-04 15:30:00,UNIDADE MOVEL BANGU,0.0,21.02,53.87,2.58,,0.1,,,30.41,,6.0,-22.87140046,-43.45942235
2017-07-04 16:30:00,UNIDADE MOVEL BANGU,0.0,20.27,58.28,2.65,,0.1,,,23.94,,8.0,-22.87140046,-43.45942235
2017-07-04 17:30:00,UNIDADE MOVEL BANGU,0.0,19.25,61.65,2.43,,0.24,,,20.95,,6.0,-22.87140046,-43.45942235
2017-07-04 18:30:00,UNIDADE MOVEL BANGU,0.0,19.1,63.12,2.21,,0.16,,,13.44,,3.0,-22.87140046,-43.45942235
2017-07-04 19:30:00,UNIDADE MOVEL BANGU,0.0,18.93,65.97,1.85,,0.15,,,11.66,,7.0,-22.87140046,-43.45942235
2017-07-04 20:30:00,UNIDADE MOVEL BANGU,0.0,18.3,68.8,2.07,,0.27,,,4.73,,8.0,-22.87140046,-43.45942235
2017-07-04 21:30:00,UNIDADE MOVEL BANGU,0.0,17.42,71.48,2.14,,0.24,,,3.91,,19.0,-22.87140046,-43.45942235
2017-07-04 22:30:00,UNIDADE MOVEL BANGU,0.0,16.57,76.03,2.25,,0.45,,,2.83,,11.0,-22.87140046,-43.45942235
2017-07-04 23:30:00,UNIDADE MOVEL BANGU,0.0,16.1,79.15,2.61,,0.67,,,3.8,,21.0,-22.87140046,-43.45942235
2017-07-05 00:30:00,UNIDADE MOVEL BANGU,0.0,16.23,77.95,1.77,,0.47,,,3.41,,14.0,-22.87140046,-43.45942235
2017-07-05 01:30:00,UNIDADE MOVEL BANGU,0.0,16.03,79.82,1.59,,0.29,,,2.42,,18.0,-22.87140046,-43.45942235
2017-07-05 02:30:00,UNIDADE MOVEL BANGU,0.0,16.18,79.28,1.45,,0.17,,,2.93,,13.0,-22.87140046,-43.45942235
2017-07-05 03:30:00,UNIDADE MOVEL BANGU,0.0,16.03,80.13,0.81,,0.06,,,8.76,,12.0,-22.87140046,-43.45942235
2017-07-05 04:30:00,UNIDADE MOVEL BANGU,0.0,16.45,78.88,0.68,,0.04,,,16.57,,10.0,-22.87140046,-43.45942235
2017-07-05 05:30:00,UNIDADE MOVEL BANGU,0.0,16.32,79.37,0.75,,0.11,,,6.26,,13.0,-22.87140046,-43.45942235
2017-07-05 06:30:00,UNIDADE MOVEL BANGU,0.0,16.12,81.63,1.0,,0.37,,,3.17,,11.0,-22.87140046,-43.45942235
2017-07-05 07:30:00,UNIDADE MOVEL BANGU,0.0,16.17,85.25,1.35,,0.27,,,3.46,,9.0,-22.87140046,-43.45942235
2017-07-05 08:30:00,UNIDADE MOVEL BANGU,0.0,17.88,78.18,1.83,,0.24,,,9.79,,17.0,-22.87140046,-43.45942235
2017-07-05 09:30:00,UNIDADE MOVEL BANGU,0.0,20.0,65.83,1.91,,0.08,,,20.86,,16.0,-22.87140046,-43.45942235
2017-07-05 10:30:00,UNIDADE MOVEL BANGU,0.0,21.58,59.98,2.62,,0.17,,,23.66,,10.0,-22.87140046,-43.45942235
2017-07-05 11:30:00,UNIDADE MOVEL BANGU,0.0,22.02,57.18,3.26,,0.12,,,29.88,,10.0,-22.87140046,-43.45942235
2017-07-05 12:30:00,UNIDADE MOVEL BANGU,0.0,22.7,53.17,3.67,,0.12,,,37.28,,6.0,-22.87140046,-43.45942235
2017-07-05 13:30:00,UNIDADE MOVEL BANGU,0.0,23.13,51.53,4.0,,0.19,,,43.81,,6.0,-22.87140046,-43.45942235
2017-07-05 14:30:00,UNIDADE MOVEL BANGU,0.0,23.75,49.77,4.21,,0.16,,,45.35,,7.0,-22.87140046,-43.45942235
2017-07-05 15:30:00,UNIDADE MOVEL BANGU,0.0,23.38,53.27,4.2,,0.12,,,43.12,,4.0,-22.87140046,-43.45942235
2017-07-05 16:30:00,UNIDADE MOVEL BANGU,0.0,21.72,61.97,3.59,,0.09,,,39.19,,2.0,-22.87140046,-43.45942235
2017-07-05 17:30:00,UNIDADE MOVEL BANGU,0.0,20.57,66.4,2.96,,0.04,,,30.64,,4.0,-22.87140046,-43.45942235
2017-07-05 18:30:00,UNIDADE MOVEL BANGU,0.0,20.47,65.68,2.34,,0.08,,,20.62,,8.0,-22.87140046,-43.45942235
2017-07-05 19:30:00,UNIDADE MOVEL BANGU,0.0,20.18,65.87,1.93,,0.1,,,18.17,,5.0,-22.87140046,-43.45942235
2017-07-05 20:30:00,UNIDADE MOVEL BANGU,0.0,19.48,68.07,1.9,,0.11,,,13.7,,6.0,-22.87140046,-43.45942235
2017-07-05 21:30:00,UNIDADE MOVEL BANGU,0.0,18.92,70.0,1.73,,0.23,,,9.88,,11.0,-22.87140046,-43.45942235
2017-07-05 22:30:00,UNIDADE MOVEL BANGU,0.0,18.47,72.18,1.43,,0.16,,,12.39,,13.0,-22.87140046,-43.45942235
2017-07-05 23:30:00,UNIDADE MOVEL BANGU,0.0,17.92,75.23,1.6,,0.2,,,8.42,,12.0,-22.87140046,-43.45942235
2017-07-06 00:30:00,UNIDADE MOVEL BANGU,0.0,17.0,80.38,1.45,,0.25,,,3.18,,6.0,-22.87140046,-43.45942235
2017-07-06 01:30:00,UNIDADE MOVEL BANGU,0.0,16.68,81.88,1.0,,0.14,,,4.33,,23.0,-22.87140046,-43.45942235
2017-07-06 02:30:00,UNIDADE MOVEL BANGU,0.0,16.13,84.13,1.18,,0.18,,,4.18,,5.0,-22.87140046,-43.45942235
2017-07-06 03:30:00,UNIDADE MOVEL BANGU,0.0,16.03,83.9,0.65,,0.1,,,6.6,,16.0,-22.87140046,-43.45942235
2017-07-06 04:30:00,UNIDADE MOVEL BANGU,0.0,15.58,85.47,1.15,,0.13,,,4.16,,11.0,-22.87140046,-43.45942235
2017-07-06 05:30:00,UNIDADE MOVEL BANGU,0.0,15.03,86.62,2.15,,0.15,,,3.01,,22.0,-22.87140046,-43.45942235
2017-07-06 06:30:00,UNIDADE MOVEL BANGU,0.0,14.62,89.33,2.5,,0.6,,,3.08,,16.0,-22.87140046,-43.45942235
2017-07-06 07:30:00,UNIDADE MOVEL BANGU,0.0,16.03,85.28,3.25,,1.06,,,3.31,,20.0,-22.87140046,-43.45942235
2017-07-06 08:30:00,UNIDADE MOVEL BANGU,0.0,20.25,66.35,3.45,,0.62,,,6.79,,18.0,-22.87140046,-43.45942235
2017-07-06 09:30:00,UNIDADE MOVEL BANGU,0.0,21.67,59.17,3.33,,0.16,,,18.64,,20.0,-22.87140046,-43.45942235
2017-07-06 10:30:00,UNIDADE MOVEL BANGU,0.0,23.25,52.55,4.13,,0.19,,,22.7,,6.0,-22.87140046,-43.45942235
2017-07-06 11:30:00,UNIDADE MOVEL BANGU,0.0,24.0,48.82,5.35,,0.25,,,22.15,,5.0,-22.87140046,-43.45942235
2017-07-06 12:30:00,UNIDADE MOVEL BANGU,0.0,24.28,45.85,5.11,,0.14,,,33.1,,14.0,-22.87140046,-43.45942235
2017-07-06 13:30:00,UNIDADE MOVEL BANGU,0.0,24.93,42.97,5.68,,0.12,,,38.81,,10.0,-22.87140046,-43.45942235
2017-07-06 14:30:00,UNIDADE MOVEL BANGU,0.0,25.15,43.78,6.33,,0.11,,,43.31,,12.0,-22.87140046,-43.45942235
2017-07-06 15:30:00,UNIDADE MOVEL BANGU,0.0,25.02,49.58,5.76,,0.14,,,39.72,,6.0,-22.87140046,-43.45942235
2017-07-06 16:30:00,UNIDADE MOVEL BANGU,0.0,23.27,57.33,4.91,,0.1,,,38.14,,11.0,-22.87140046,-43.45942235
2017-07-06 17:30:00,UNIDADE MOVEL BANGU,0.0,21.25,66.02,3.95,,0.09,,,29.89,,9.0,-22.87140046,-43.45942235
2017-07-06 18:30:00,UNIDADE MOVEL BANGU,0.0,20.42,69.1,2.69,,0.08,,,21.82,,6.0,-22.87140046,-43.45942235
2017-07-06 19:30:00,UNIDADE MOVEL BANGU,0.0,20.48,68.78,1.88,,0.15,,,12.11,,7.0,-22.87140046,-43.45942235
2017-07-06 20:30:00,UNIDADE MOVEL BANGU,0.0,20.65,68.15,2.0,,0.21,,,10.6,,13.0,-22.87140046,-43.45942235
2017-07-06 21:30:00,UNIDADE MOVEL BANGU,0.0,20.63,68.88,2.02,,0.18,,,8.14,,8.0,-22.87140046,-43.45942235
2017-07-06 22:30:00,UNIDADE MOVEL BANGU,0.0,20.43,68.97,1.84,,0.11,,,13.98,,3.0,-22.87140046,-43.45942235
2017-07-06 23:30:00,UNIDADE MOVEL BANGU,0.0,19.78,72.03,1.4,,0.06,,,27.29,,2.0,-22.87140046,-43.45942235
2017-07-07 00:30:00,UNIDADE MOVEL BANGU,0.0,19.53,73.35,0.98,,0.05,,,25.17,,1.0,-22.87140046,-43.45942235
2017-07-07 01:30:00,UNIDADE MOVEL BANGU,0.0,19.15,75.87,1.05,,0.06,,,23.98,,2.0,-22.87140046,-43.45942235
2017-07-07 02:30:00,UNIDADE MOVEL BANGU,0.0,19.02,76.1,0.95,,0.05,,,13.96,,3.0,-22.87140046,-43.45942235
2017-07-07 03:30:00,UNIDADE MOVEL BANGU,0.0,18.3,79.48,1.14,,0.05,,,10.41,,2.0,-22.87140046,-43.45942235
2017-07-07 04:30:00,UNIDADE MOVEL BANGU,0.0,17.95,82.07,0.86,,0.04,,,12.15,,1.0,-22.87140046,-43.45942235
2017-07-07 05:30:00,UNIDADE MOVEL BANGU,0.0,18.35,81.12,1.04,,0.07,,,5.43,,5.0,-22.87140046,-43.45942235
2017-07-07 06:30:00,UNIDADE MOVEL BANGU,0.0,18.53,81.22,1.31,,0.12,,,3.78,,4.0,-22.87140046,-43.45942235
2017-07-07 07:30:00,UNIDADE MOVEL BANGU,0.0,18.42,84.78,1.33,,0.29,,,3.2,,9.0,-22.87140046,-43.45942235
2017-07-07 08:30:00,UNIDADE MOVEL BANGU,0.0,19.87,77.07,1.43,,0.3,,,10.22,,11.0,-22.87140046,-43.45942235
2017-07-07 09:30:00,UNIDADE MOVEL BANGU,0.0,21.98,65.52,1.97,,0.17,,,19.66,,6.0,-22.87140046,-43.45942235
2017-07-07 10:30:00,UNIDADE MOVEL BANGU,0.0,22.72,60.53,2.88,,0.15,,,23.19,,6.0,-22.87140046,-43.45942235
2017-07-07 11:30:00,UNIDADE MOVEL BANGU,0.0,22.92,56.07,2.97,,0.14,,,29.87,,8.0,-22.87140046,-43.45942235
2017-07-07 12:30:00,UNIDADE MOVEL BANGU,0.0,23.62,52.32,2.31,,0.12,,,34.13,,7.0,-22.87140046,-43.45942235
2017-07-07 13:30:00,UNIDADE MOVEL BANGU,0.0,23.92,54.33,2.99,,0.12,,,32.64,,8.0,-22.87140046,-43.45942235
2017-07-07 14:30:00,UNIDADE MOVEL BANGU,0.0,24.18,53.25,3.22,,0.1,,,41.63,,8.0,-22.87140046,-43.45942235
2017-07-07 15:30:00,UNIDADE MOVEL BANGU,0.0,24.43,52.27,3.13,,0.09,,,43.13,,11.0,-22.87140046,-43.45942235
2017-07-07 16:30:00,UNIDADE MOVEL BANGU,0.0,22.23,58.33,3.07,,0.12,,,39.48,,6.0,-22.87140046,-43.45942235
2017-07-07 17:30:00,UNIDADE MOVEL BANGU,0.0,20.92,63.53,2.53,,0.08,,,35.16,,5.0,-22.87140046,-43.45942235
2017-07-07 18:30:00,UNIDADE MOVEL BANGU,0.0,20.25,63.67,2.05,,0.27,,,17.21,,3.0,-22.87140046,-43.45942235
2017-07-07 19:30:00,UNIDADE MOVEL BANGU,0.0,19.88,65.58,2.09,,0.28,,,10.42,,3.0,-22.87140046,-43.45942235
2017-07-07 20:30:00,UNIDADE MOVEL BANGU,0.0,19.58,67.7,1.8,,0.49,,,9.4,,14.0,-22.87140046,-43.45942235
2017-07-07 21:30:00,UNIDADE MOVEL BANGU,0.0,18.8,73.58,2.46,,0.83,,,4.16,,23.0,-22.87140046,-43.45942235
2017-07-07 22:30:00,UNIDADE MOVEL BANGU,0.0,18.58,73.52,2.52,,0.83,,,2.95,,20.0,-22.87140046,-43.45942235
2017-07-07 23:30:00,UNIDADE MOVEL BANGU,0.0,18.5,72.25,2.11,,0.57,,,2.96,,12.0,-22.87140046,-43.45942235
2017-07-08 00:30:00,UNIDADE MOVEL BANGU,0.0,17.9,74.92,1.22,,0.5,,,2.72,,18.0,-22.87140046,-43.45942235
2017-07-08 01:30:00,UNIDADE MOVEL BANGU,0.0,17.15,77.88,1.15,,0.37,,,3.69,,17.0,-22.87140046,-43.45942235
2017-07-08 02:30:00,UNIDADE MOVEL BANGU,0.0,16.58,80.92,0.69,,0.36,,,3.53,,14.0,-22.87140046,-43.45942235
2017-07-08 03:30:00,UNIDADE MOVEL BANGU,0.0,16.17,83.15,0.85,,0.42,,,3.0,,12.0,-22.87140046,-43.45942235
2017-07-08 04:30:00,UNIDADE MOVEL BANGU,0.0,16.18,83.17,0.87,,0.29,,,3.36,,10.0,-22.87140046,-43.45942235
2017-07-08 05:30:00,UNIDADE MOVEL BANGU,0.0,15.75,84.3,0.74,,0.28,,,2.6,,16.0,-22.87140046,-43.45942235
2017-07-08 06:30:00,UNIDADE MOVEL BANGU,0.0,15.53,86.42,2.09,,0.51,,,3.35,,5.0,-22.87140046,-43.45942235
2017-07-08 07:30:00,UNIDADE MOVEL BANGU,0.0,16.27,83.9,6.45,,0.43,,,3.55,,12.0,-22.87140046,-43.45942235
2017-07-08 08:30:00,UNIDADE MOVEL BANGU,0.0,19.87,68.58,4.52,,0.35,,,6.7,,21.0,-22.87140046,-43.45942235
2017-07-08 09:30:00,UNIDADE MOVEL BANGU,0.0,22.08,58.3,4.79,,0.27,,,16.25,,6.0,-22.87140046,-43.45942235
2017-07-08 10:30:00,UNIDADE MOVEL BANGU,0.0,23.22,54.35,3.67,,0.19,,,24.93,,7.0,-22.87140046,-43.45942235
2017-07-08 11:30:00,UNIDADE MOVEL BANGU,0.0,24.32,48.83,3.63,,0.14,,,30.39,,7.0,-22.87140046,-43.45942235
2017-07-08 12:30:00,UNIDADE MOVEL BANGU,0.0,25.12,45.05,4.2,,0.12,,,39.69,,7.0,-22.87140046,-43.45942235
2017-07-08 13:30:00,UNIDADE MOVEL BANGU,0.0,25.23,44.15,4.5,,0.1,,,44.77,,7.0,-22.87140046,-43.45942235
2017-07-08 14:30:00,UNIDADE MOVEL BANGU,0.0,25.82,45.25,4.39,,0.12,,,44.22,,5.0,-22.87140046,-43.45942235
2017-07-08 15:30:00,UNIDADE MOVEL BANGU,0.0,24.97,54.47,4.21,,0.11,,,45.76,,2.0,-22.87140046,-43.45942235
2017-07-08 16:30:00,UNIDADE MOVEL BANGU,0.0,22.98,63.37,3.55,,0.11,,,39.78,,3.0,-22.87140046,-43.45942235
2017-07-08 17:30:00,UNIDADE MOVEL BANGU,0.0,22.35,65.6,2.65,,0.15,,,29.34,,8.0,-22.87140046,-43.45942235
2017-07-08 18:30:00,UNIDADE MOVEL BANGU,0.0,22.17,62.25,2.32,,0.11,,,24.84,,7.0,-22.87140046,-43.45942235
2017-07-08 19:30:00,UNIDADE MOVEL BANGU,0.0,21.58,62.47,1.58,,0.13,,,27.71,,19.0,-22.87140046,-43.45942235
2017-07-08 20:30:00,UNIDADE MOVEL BANGU,0.0,21.17,64.87,1.24,,0.18,,,23.91,,0.0,-22.87140046,-43.45942235
2017-07-08 21:30:00,UNIDADE MOVEL BANGU,0.0,20.72,70.03,1.3,,0.18,,,19.08,,2.0,-22.87140046,-43.45942235
2017-07-08 22:30:00,UNIDADE MOVEL BANGU,0.0,20.15,72.5,1.06,,0.26,,,17.21,,3.0,-22.87140046,-43.45942235
2017-07-08 23:30:00,UNIDADE MOVEL BANGU,0.0,19.55,74.85,1.06,,0.3,,,10.37,,2.0,-22.87140046,-43.45942235
2017-07-09 00:30:00,UNIDADE MOVEL BANGU,0.0,18.65,78.68,0.87,,0.42,,,3.4,,4.0,-22.87140046,-43.45942235
2017-07-09 01:30:00,UNIDADE MOVEL BANGU,0.0,18.42,78.03,1.05,,0.18,,,6.61,,29.0,-22.87140046,-43.45942235
2017-07-09 02:30:00,UNIDADE MOVEL BANGU,0.0,17.73,79.85,1.06,,0.25,,,5.81,,16.0,-22.87140046,-43.45942235
2017-07-09 03:30:00,UNIDADE MOVEL BANGU,0.0,17.63,81.32,1.14,,0.38,,,5.24,,22.0,-22.87140046,-43.45942235
2017-07-09 04:30:00,UNIDADE MOVEL BANGU,0.0,16.8,84.37,0.98,,0.24,,,3.94,,25.0,-22.87140046,-43.45942235
2017-07-09 05:30:00,UNIDADE MOVEL BANGU,0.0,16.03,86.28,0.69,,0.24,,,3.79,,16.0,-22.87140046,-43.45942235
2017-07-09 06:30:00,UNIDADE MOVEL BANGU,0.0,15.82,86.78,0.83,,0.46,,,3.27,,22.0,-22.87140046,-43.45942235
2017-07-09 07:30:00,UNIDADE MOVEL BANGU,0.0,17.15,81.25,1.41,,0.72,,,5.0,,26.0,-22.87140046,-43.45942235
2017-07-09 08:30:00,UNIDADE MOVEL BANGU,0.0,20.18,68.35,1.94,,0.18,,,9.63,,23.0,-22.87140046,-43.45942235
2017-07-09 09:30:00,UNIDADE MOVEL BANGU,0.0,21.5,66.48,21.48,,0.29,,,17.05,,16.0,-22.87140046,-43.45942235
2017-07-09 10:30:00,UNIDADE MOVEL BANGU,0.0,23.15,60.3,110.92,,0.24,,,32.79,,27.0,-22.87140046,-43.45942235
2017-07-09 11:30:00,UNIDADE MOVEL BANGU,0.0,24.38,52.03,101.7,,0.2,,,49.27,,32.0,-22.87140046,-43.45942235
2017-07-09 12:30:00,UNIDADE MOVEL BANGU,0.0,25.3,47.05,50.22,,0.17,,,62.12,,27.0,-22.87140046,-43.45942235
2017-07-09 13:30:00,UNIDADE MOVEL BANGU,0.0,25.17,47.12,14.78,,0.18,,,60.63,,15.0,-22.87140046,-43.45942235
2017-07-09 14:30:00,UNIDADE MOVEL BANGU,0.0,25.78,43.35,9.15,,0.12,,,51.52,,8.0,-22.87140046,-43.45942235
2017-07-09 15:30:00,UNIDADE MOVEL BANGU,0.0,25.65,46.42,5.65,,0.14,,,47.19,,5.0,-22.87140046,-43.45942235
2017-07-09 16:30:00,UNIDADE MOVEL BANGU,0.0,24.1,57.05,4.76,,0.16,,,45.32,,12.0,-22.87140046,-43.45942235
2017-07-09 17:30:00,UNIDADE MOVEL BANGU,0.0,22.87,62.65,4.45,,0.16,,,33.44,,8.0,-22.87140046,-43.45942235
2017-07-09 18:30:00,UNIDADE MOVEL BANGU,0.0,21.83,65.87,3.67,,0.22,,,26.63,,9.0,-22.87140046,-43.45942235
2017-07-09 19:30:00,UNIDADE MOVEL BANGU,0.0,21.27,68.0,3.55,,0.2,,,19.99,,7.0,-22.87140046,-43.45942235
2017-07-09 20:30:00,UNIDADE MOVEL BANGU,0.0,20.87,70.0,3.04,,0.18,,,16.71,,5.0,-22.87140046,-43.45942235
2017-07-09 21:30:00,UNIDADE MOVEL BANGU,0.0,20.58,72.03,3.21,,0.23,,,12.36,,2.0,-22.87140046,-43.45942235
2017-07-09 22:30:00,UNIDADE MOVEL BANGU,0.0,20.05,74.4,2.28,,0.26,,,11.82,,7.0,-22.87140046,-43.45942235
2017-07-09 23:30:00,UNIDADE MOVEL BANGU,0.0,19.3,77.85,1.65,,0.27,,,4.39,,8.0,-22.87140046,-43.45942235
2017-07-10 00:30:00,UNIDADE MOVEL BANGU,0.0,18.72,80.72,1.32,,0.37,,,3.57,,6.0,-22.87140046,-43.45942235
2017-07-10 01:30:00,UNIDADE MOVEL BANGU,0.0,18.82,80.08,1.18,,0.09,,,10.42,,18.0,-22.87140046,-43.45942235
2017-07-10 02:30:00,UNIDADE MOVEL BANGU,0.0,18.35,81.78,1.35,,0.11,,,7.17,,2.0,-22.87140046,-43.45942235
2017-07-10 03:30:00,UNIDADE MOVEL BANGU,0.0,17.72,84.12,1.34,,0.11,,,4.56,,9.0,-22.87140046,-43.45942235
2017-07-10 04:30:00,UNIDADE MOVEL BANGU,0.0,17.4,85.8,1.23,,0.11,,,2.41,,11.0,-22.87140046,-43.45942235
2017-07-10 05:30:00,UNIDADE MOVEL BANGU,0.0,17.15,87.7,1.57,,0.16,,,1.9,,9.0,-22.87140046,-43.45942235
2017-07-10 06:30:00,UNIDADE MOVEL BANGU,0.0,17.37,88.23,2.01,,0.31,,,2.17,,5.0,-22.87140046,-43.45942235
2017-07-10 07:30:00,UNIDADE MOVEL BANGU,0.0,18.17,86.35,2.9,,0.6,,,3.83,,1.0,-22.87140046,-43.45942235
2017-07-10 08:30:00,UNIDADE MOVEL BANGU,0.0,20.73,74.4,2.56,,0.26,,,5.62,,14.0,-22.87140046,-43.45942235
2017-07-10 09:30:00,UNIDADE MOVEL BANGU,0.0,22.98,63.18,2.94,,0.2,,,11.49,,9.0,-22.87140046,-43.45942235
2017-07-10 10:30:00,UNIDADE MOVEL BANGU,0.0,25.03,51.35,14.5,,0.15,,,20.52,,8.0,-22.87140046,-43.45942235
2017-07-10 11:30:00,UNIDADE MOVEL BANGU,0.0,26.03,44.5,18.35,,0.13,,,29.54,,13.0,-22.87140046,-43.45942235
2017-07-10 12:30:00,UNIDADE MOVEL BANGU,0.0,26.92,39.43,13.95,,0.12,,,38.24,,8.0,-22.87140046,-43.45942235
2017-07-10 13:30:00,UNIDADE MOVEL BANGU,0.0,27.15,39.0,10.99,,0.1,,,48.52,,7.0,-22.87140046,-43.45942235
2017-07-10 14:30:00,UNIDADE MOVEL BANGU,0.0,27.53,38.02,9.7,,0.1,,,50.11,,8.0,-22.87140046,-43.45942235
2017-07-10 15:30:00,UNIDADE MOVEL BANGU,0.0,26.27,41.07,13.32,,0.12,,,40.46,,9.0,-22.87140046,-43.45942235
2017-07-10 16:30:00,UNIDADE MOVEL BANGU,0.0,25.68,42.47,7.23,,0.17,,,27.74,,8.0,-22.87140046,-43.45942235
2017-07-10 17:30:00,UNIDADE MOVEL BANGU,0.0,24.33,49.28,5.39,,0.24,,,13.99,,5.0,-22.87140046,-43.45942235
2017-07-10 18:30:00,UNIDADE MOVEL BANGU,0.0,22.82,56.63,5.94,,0.42,,,5.07,,14.0,-22.87140046,-43.45942235
2017-07-10 19:30:00,UNIDADE MOVEL BANGU,0.0,22.07,59.68,5.95,,0.48,,,3.58,,10.0,-22.87140046,-43.45942235
2017-07-10 20:30:00,UNIDADE MOVEL BANGU,0.0,20.95,66.72,6.09,,0.54,,,3.11,,19.0,-22.87140046,-43.45942235
2017-07-10 21:30:00,UNIDADE MOVEL BANGU,0.0,20.47,73.62,6.14,,0.47,,,2.55,,42.0,-22.87140046,-43.45942235
2017-07-10 22:30:00,UNIDADE MOVEL BANGU,0.0,20.05,76.78,5.72,,0.96,,,3.23,,27.0,-22.87140046,-43.45942235
2017-07-10 23:30:00,UNIDADE MOVEL BANGU,0.0,19.75,78.05,5.65,,0.52,,,3.17,,28.0,-22.87140046,-43.45942235
2017-07-11 00:30:00,UNIDADE MOVEL BANGU,0.0,19.05,81.9,3.18,,0.48,,,2.11,,24.0,-22.87140046,-43.45942235
2017-07-11 01:30:00,UNIDADE MOVEL BANGU,0.0,18.77,83.08,2.78,,0.51,,,2.92,,19.0,-22.87140046,-43.45942235
2017-07-11 02:30:00,UNIDADE MOVEL BANGU,0.0,17.98,86.05,2.4,,0.47,,,2.46,,28.0,-22.87140046,-43.45942235
2017-07-11 03:30:00,UNIDADE MOVEL BANGU,0.0,17.67,86.22,1.55,,0.19,,,2.14,,18.0,-22.87140046,-43.45942235
2017-07-11 04:30:00,UNIDADE MOVEL BANGU,0.0,17.48,85.72,1.21,,0.18,,,1.97,,17.0,-22.87140046,-43.45942235
2017-07-11 05:30:00,UNIDADE MOVEL BANGU,0.0,17.1,86.7,1.38,,0.19,,,2.82,,9.0,-22.87140046,-43.45942235
2017-07-11 06:30:00,UNIDADE MOVEL BANGU,0.0,17.17,86.02,1.66,,0.49,,,2.37,,14.0,-22.87140046,-43.45942235
2017-07-11 07:30:00,UNIDADE MOVEL BANGU,0.0,18.4,82.57,2.57,,1.07,,,3.28,,19.0,-22.87140046,-43.45942235
2017-07-11 08:30:00,UNIDADE MOVEL BANGU,0.0,20.08,75.8,2.49,,0.72,,,4.82,,19.0,-22.87140046,-43.45942235
2017-07-11 09:30:00,UNIDADE MOVEL BANGU,0.0,22.03,68.37,2.68,,0.56,,,10.2,,31.0,-22.87140046,-43.45942235
2017-07-11 10:30:00,UNIDADE MOVEL BANGU,0.0,24.37,56.92,4.09,,0.49,,,16.64,,23.0,-22.87140046,-43.45942235
2017-07-11 11:30:00,UNIDADE MOVEL BANGU,0.0,25.8,51.03,5.46,,0.38,,,24.33,,16.0,-22.87140046,-43.45942235
2017-07-11 12:30:00,UNIDADE MOVEL BANGU,0.0,26.8,46.22,6.62,,0.32,,,34.75,,17.0,-22.87140046,-43.45942235
2017-07-11 13:30:00,UNIDADE MOVEL BANGU,0.0,27.83,43.6,6.84,,0.27,,,42.5,,16.0,-22.87140046,-43.45942235
2017-07-11 14:30:00,UNIDADE MOVEL BANGU,0.0,28.6,40.72,6.22,,0.28,,,49.5,,2.0,-22.87140046,-43.45942235
2017-07-11 15:30:00,UNIDADE MOVEL BANGU,0.0,28.47,39.32,5.84,,0.2,,,47.0,,11.0,-22.87140046,-43.45942235
2017-07-11 16:30:00,UNIDADE MOVEL BANGU,0.0,26.47,50.35,6.73,,0.29,,,45.38,,9.0,-22.87140046,-43.45942235
2017-07-11 17:30:00,UNIDADE MOVEL BANGU,0.0,22.9,66.38,5.36,,0.26,,,37.71,,18.0,-22.87140046,-43.45942235
2017-07-11 18:30:00,UNIDADE MOVEL BANGU,0.0,21.33,75.75,4.21,,0.31,,,28.26,,18.0,-22.87140046,-43.45942235
2017-07-11 19:30:00,UNIDADE MOVEL BANGU,0.0,20.65,79.45,3.75,,0.36,,,18.39,,19.0,-22.87140046,-43.45942235
2017-07-11 20:30:00,UNIDADE MOVEL BANGU,0.0,20.2,82.5,3.0,,0.34,,,13.14,,46.0,-22.87140046,-43.45942235
2017-07-11 21:30:00,UNIDADE MOVEL BANGU,0.0,19.67,85.7,2.84,,0.22,,,19.82,,38.0,-22.87140046,-43.45942235
2017-07-11 22:30:00,UNIDADE MOVEL BANGU,0.0,19.45,86.4,2.63,,0.17,,,23.64,,29.0,-22.87140046,-43.45942235
2017-07-11 23:30:00,UNIDADE MOVEL BANGU,0.0,19.18,86.88,2.34,,0.14,,,19.03,,24.0,-22.87140046,-43.45942235
2017-07-12 00:30:00,UNIDADE MOVEL BANGU,0.0,18.87,87.57,2.93,,0.09,,,14.81,,38.0,-22.87140046,-43.45942235
2017-07-12 01:30:00,UNIDADE MOVEL BANGU,0.0,18.5,87.77,2.89,,0.07,,,21.08,,24.0,-22.87140046,-43.45942235
2017-07-12 02:30:00,UNIDADE MOVEL BANGU,0.0,18.23,88.4,2.35,,0.07,,,16.81,,26.0,-22.87140046,-43.45942235
2017-07-12 03:30:00,UNIDADE MOVEL BANGU,0.0,17.93,88.1,2.05,,0.06,,,22.62,,33.0,-22.87140046,-43.45942235
2017-07-12 04:30:00,UNIDADE MOVEL BANGU,0.0,17.78,88.53,1.88,,0.06,,,18.16,,23.0,-22.87140046,-43.45942235
2017-07-12 05:30:00,UNIDADE MOVEL BANGU,0.0,17.5,89.68,2.12,,0.08,,,15.88,,30.0,-22.87140046,-43.45942235
2017-07-12 06:30:00,UNIDADE MOVEL BANGU,0.0,17.5,90.55,2.98,,0.17,,,6.74,,23.0,-22.87140046,-43.45942235
2017-07-12 07:30:00,UNIDADE MOVEL BANGU,0.0,17.58,91.28,3.73,,0.25,,,8.62,,32.0,-22.87140046,-43.45942235
2017-07-12 08:30:00,UNIDADE MOVEL BANGU,0.0,19.85,81.87,4.14,,0.34,,,11.21,,41.0,-22.87140046,-43.45942235
2017-07-12 09:30:00,UNIDADE MOVEL BANGU,0.0,22.68,66.47,5.25,,0.41,,,15.16,,33.0,-22.87140046,-43.45942235
2017-07-12 10:30:00,UNIDADE MOVEL BANGU,0.0,24.15,59.17,6.27,,0.35,,,23.02,,26.0,-22.87140046,-43.45942235
2017-07-12 11:30:00,UNIDADE MOVEL BANGU,0.0,25.48,53.67,6.93,,0.24,,,33.15,,27.0,-22.87140046,-43.45942235
2017-07-12 12:30:00,UNIDADE MOVEL BANGU,0.0,26.22,52.5,7.2,,0.27,,,38.59,,20.0,-22.87140046,-43.45942235
2017-07-12 13:30:00,UNIDADE MOVEL BANGU,0.0,25.17,57.33,7.24,,0.39,,,43.28,,18.0,-22.87140046,-43.45942235
2017-07-12 14:30:00,UNIDADE MOVEL BANGU,0.0,24.62,60.63,6.7,,0.33,,,47.66,,23.0,-22.87140046,-43.45942235
2017-07-12 15:30:00,UNIDADE MOVEL BANGU,0.0,23.38,65.62,5.58,,0.24,,,49.25,,23.0,-22.87140046,-43.45942235
2017-07-12 16:30:00,UNIDADE MOVEL BANGU,0.0,22.75,68.33,4.72,,0.31,,,41.8,,24.0,-22.87140046,-43.45942235
2017-07-12 17:30:00,UNIDADE MOVEL BANGU,0.0,21.45,73.38,4.2,,0.36,,,31.83,,22.0,-22.87140046,-43.45942235
2017-07-12 18:30:00,UNIDADE MOVEL BANGU,0.0,20.97,75.78,4.04,,0.28,,,25.93,,35.0,-22.87140046,-43.45942235
2017-07-12 19:30:00,UNIDADE MOVEL BANGU,0.0,20.87,75.25,3.64,,0.31,,,18.82,,17.0,-22.87140046,-43.45942235
2017-07-12 20:30:00,UNIDADE MOVEL BANGU,0.0,20.63,76.62,3.13,,0.31,,,15.35,,26.0,-22.87140046,-43.45942235
2017-07-12 21:30:00,UNIDADE MOVEL BANGU,0.0,20.68,76.22,2.86,,0.41,,,13.87,,31.0,-22.87140046,-43.45942235
2017-07-12 22:30:00,UNIDADE MOVEL BANGU,0.0,20.48,78.15,2.71,,0.29,,,18.57,,28.0,-22.87140046,-43.45942235
2017-07-12 23:30:00,UNIDADE MOVEL BANGU,0.0,20.32,78.42,2.64,,0.19,,,20.49,,23.0,-22.87140046,-43.45942235
2017-07-13 00:30:00,UNIDADE MOVEL BANGU,0.0,20.37,75.82,1.5,,0.07,,,39.46,,20.0,-22.87140046,-43.45942235
2017-07-13 01:30:00,UNIDADE MOVEL BANGU,0.0,20.03,79.53,1.43,,0.06,,,31.33,,11.0,-22.87140046,-43.45942235
2017-07-13 02:30:00,UNIDADE MOVEL BANGU,0.0,19.7,81.58,1.25,,0.06,,,27.27,,17.0,-22.87140046,-43.45942235
2017-07-13 03:30:00,UNIDADE MOVEL BANGU,0.0,19.72,81.4,1.25,,0.06,,,18.07,,21.0,-22.87140046,-43.45942235
2017-07-13 04:30:00,UNIDADE MOVEL BANGU,0.0,19.55,81.73,1.26,,0.08,,,15.12,,18.0,-22.87140046,-43.45942235
2017-07-13 05:30:00,UNIDADE MOVEL BANGU,0.0,19.45,82.47,1.4,,0.1,,,5.54,,34.0,-22.87140046,-43.45942235
2017-07-13 06:30:00,UNIDADE MOVEL BANGU,0.0,19.07,84.33,1.4,,0.23,,,4.16,,34.0,-22.87140046,-43.45942235
2017-07-13 07:30:00,UNIDADE MOVEL BANGU,0.0,19.28,84.18,2.95,,0.5,,,3.8,,19.0,-22.87140046,-43.45942235
2017-07-13 08:30:00,UNIDADE MOVEL BANGU,0.0,20.2,79.72,2.43,,0.42,,,8.23,,29.0,-22.87140046,-43.45942235
2017-07-13 09:30:00,UNIDADE MOVEL BANGU,0.0,21.97,72.47,2.5,,0.23,,,14.95,,27.0,-22.87140046,-43.45942235
2017-07-13 10:30:00,UNIDADE MOVEL BANGU,0.0,23.27,65.0,3.19,,0.21,,,22.16,,27.0,-22.87140046,-43.45942235
2017-07-13 11:30:00,UNIDADE MOVEL BANGU,0.0,25.02,56.38,4.79,,0.23,,,31.24,,26.0,-22.87140046,-43.45942235
2017-07-13 12:30:00,UNIDADE MOVEL BANGU,0.0,25.52,49.08,5.5,,0.14,,,40.36,,26.0,-22.87140046,-43.45942235
2017-07-13 13:30:00,UNIDADE MOVEL BANGU,0.0,26.32,44.57,6.25,,0.12,,,41.16,,14.0,-22.87140046,-43.45942235
2017-07-13 14:30:00,UNIDADE MOVEL BANGU,0.0,26.57,44.77,10.33,,0.1,,,45.08,,6.0,-22.87140046,-43.45942235
2017-07-13 15:30:00,UNIDADE MOVEL BANGU,0.0,26.17,47.47,8.62,,0.14,,,42.74,,11.0,-22.87140046,-43.45942235
2017-07-13 16:30:00,UNIDADE MOVEL BANGU,0.0,25.42,51.7,8.54,,0.3,,,43.12,,13.0,-22.87140046,-43.45942235
2017-07-13 17:30:00,UNIDADE MOVEL BANGU,0.0,23.48,61.58,4.92,,0.42,,,34.75,,11.0,-22.87140046,-43.45942235
2017-07-13 18:30:00,UNIDADE MOVEL BANGU,0.0,22.53,65.48,3.73,,0.26,,,23.49,,7.0,-22.87140046,-43.45942235
2017-07-13 19:30:00,UNIDADE MOVEL BANGU,0.0,22.25,66.75,3.45,,0.26,,,10.3,,5.0,-22.87140046,-43.45942235
2017-07-13 20:30:00,UNIDADE MOVEL BANGU,0.0,21.87,67.33,2.76,,0.23,,,7.38,,6.0,-22.87140046,-43.45942235
2017-07-13 21:30:00,UNIDADE MOVEL BANGU,0.0,21.08,71.85,2.54,,0.15,,,15.75,,5.0,-22.87140046,-43.45942235
2017-07-13 22:30:00,UNIDADE MOVEL BANGU,0.0,20.48,76.33,2.32,,0.15,,,18.07,,5.0,-22.87140046,-43.45942235
2017-07-13 23:30:00,UNIDADE MOVEL BANGU,0.0,20.27,78.18,2.31,,0.16,,,16.67,,9.0,-22.87140046,-43.45942235
2017-07-14 00:30:00,UNIDADE MOVEL BANGU,0.0,19.9,79.18,0.75,,0.11,,,14.94,,5.0,-22.87140046,-43.45942235
2017-07-14 01:30:00,UNIDADE MOVEL BANGU,0.0,19.15,82.37,0.56,,0.15,,,10.51,,8.0,-22.87140046,-43.45942235
2017-07-14 02:30:00,UNIDADE MOVEL BANGU,0.0,18.85,82.87,0.72,,0.07,,,15.87,,9.0,-22.87140046,-43.45942235
2017-07-14 03:30:00,UNIDADE MOVEL BANGU,0.0,18.28,84.6,0.52,,0.05,,,15.38,,9.0,-22.87140046,-43.45942235
2017-07-14 04:30:00,UNIDADE MOVEL BANGU,0.0,18.0,84.8,0.62,,0.04,,,12.35,,5.0,-22.87140046,-43.45942235
2017-07-14 05:30:00,UNIDADE MOVEL BANGU,0.0,17.57,85.85,0.5,,0.07,,,6.14,,0.0,-22.87140046,-43.45942235
2017-07-14 06:30:00,UNIDADE MOVEL BANGU,0.0,17.43,87.35,1.48,,0.54,,,2.61,,1.5,-22.87140046,-43.45942235
2017-07-14 07:30:00,UNIDADE MOVEL BANGU,0.0,18.25,84.87,2.68,,0.61,,,2.87,,3.0,-22.87140046,-43.45942235
2017-07-14 08:30:00,UNIDADE MOVEL BANGU,0.0,20.72,73.77,3.16,,0.42,,,5.13,,14.0,-22.87140046,-43.45942235
2017-07-14 09:30:00,UNIDADE MOVEL BANGU,0.0,22.28,68.05,7.25,,0.43,,,7.93,,24.0,-22.87140046,-43.45942235
2017-07-14 10:30:00,UNIDADE MOVEL BANGU,0.0,24.15,57.32,19.33,,0.34,,,16.09,,28.0,-22.87140046,-43.45942235
2017-07-14 11:30:00,UNIDADE MOVEL BANGU,0.0,25.63,46.9,28.58,,0.21,,,31.34,,19.0,-22.87140046,-43.45942235
2017-07-14 12:30:00,UNIDADE MOVEL BANGU,0.0,26.02,43.6,52.27,,0.19,,,37.87,,10.0,-22.87140046,-43.45942235
2017-07-14 13:30:00,UNIDADE MOVEL BANGU,0.0,26.38,41.28,13.56,,0.14,,,38.23,,12.0,-22.87140046,-43.45942235
2017-07-14 14:30:00,UNIDADE MOVEL BANGU,0.0,27.15,38.8,9.65,,0.14,,,40.46,,15.0,-22.87140046,-43.45942235
2017-07-14 15:30:00,UNIDADE MOVEL BANGU,0.0,27.02,37.15,7.32,,0.15,,,39.65,,9.0,-22.87140046,-43.45942235
2017-07-14 16:30:00,UNIDADE MOVEL BANGU,0.0,26.15,40.65,6.63,,0.21,,,37.43,,4.0,-22.87140046,-43.45942235
2017-07-14 17:30:00,UNIDADE MOVEL BANGU,0.0,24.23,48.57,5.49,,0.53,,,21.73,,6.0,-22.87140046,-43.45942235
2017-07-14 18:30:00,UNIDADE MOVEL BANGU,0.0,23.32,56.03,4.08,,0.69,,,5.23,,19.0,-22.87140046,-43.45942235
2017-07-14 19:30:00,UNIDADE MOVEL BANGU,0.0,22.08,66.72,3.81,,0.52,,,3.81,,21.0,-22.87140046,-43.45942235
2017-07-14 20:30:00,UNIDADE MOVEL BANGU,0.0,21.05,70.92,2.79,,0.29,,,9.06,,8.0,-22.87140046,-43.45942235
2017-07-14 21:30:00,UNIDADE MOVEL BANGU,0.0,20.67,72.77,2.14,,0.35,,,8.84,,9.0,-22.87140046,-43.45942235
2017-07-14 22:30:00,UNIDADE MOVEL BANGU,0.0,20.13,75.53,2.01,,0.41,,,4.63,,5.0,-22.87140046,-43.45942235
2017-07-14 23:30:00,UNIDADE MOVEL BANGU,0.0,19.58,78.47,1.72,,0.52,,,2.46,,6.0,-22.87140046,-43.45942235
2017-07-15 00:30:00,UNIDADE MOVEL BANGU,0.0,19.2,80.18,1.09,,0.2,,,4.11,,9.0,-22.87140046,-43.45942235
2017-07-15 01:30:00,UNIDADE MOVEL BANGU,0.0,18.98,80.73,0.99,,0.19,,,4.28,,7.0,-22.87140046,-43.45942235
2017-07-15 02:30:00,UNIDADE MOVEL BANGU,0.0,18.63,80.47,0.59,,0.09,,,8.89,,6.0,-22.87140046,-43.45942235
2017-07-15 03:30:00,UNIDADE MOVEL BANGU,0.0,18.17,81.55,0.46,,0.09,,,7.69,,5.0,-22.87140046,-43.45942235
2017-07-15 04:30:00,UNIDADE MOVEL BANGU,0.0,17.77,83.18,0.3,,0.08,,,5.26,,4.0,-22.87140046,-43.45942235
2017-07-15 05:30:00,UNIDADE MOVEL BANGU,0.0,17.42,84.37,0.57,,0.12,,,3.51,,6.0,-22.87140046,-43.45942235
2017-07-15 06:30:00,UNIDADE MOVEL BANGU,0.0,17.02,85.47,0.95,,0.38,,,2.78,,8.0,-22.87140046,-43.45942235
2017-07-15 07:30:00,UNIDADE MOVEL BANGU,0.0,17.92,81.33,1.79,,0.34,,,4.34,,8.0,-22.87140046,-43.45942235
2017-07-15 08:30:00,UNIDADE MOVEL BANGU,0.0,20.72,66.82,6.01,,0.21,,,7.8,,11.0,-22.87140046,-43.45942235
2017-07-15 09:30:00,UNIDADE MOVEL BANGU,0.0,22.97,54.98,16.01,,0.12,,,13.26,,9.0,-22.87140046,-43.45942235
2017-07-15 10:30:00,UNIDADE MOVEL BANGU,0.0,25.12,42.87,22.48,,0.1,,,22.78,,6.0,-22.87140046,-43.45942235
2017-07-15 11:30:00,UNIDADE MOVEL BANGU,0.0,26.68,39.33,13.2,,0.15,,,30.23,,5.0,-22.87140046,-43.45942235
2017-07-15 12:30:00,UNIDADE MOVEL BANGU,0.0,27.22,36.13,10.74,,0.15,,,46.54,,10.0,-22.87140046,-43.45942235
2017-07-15 13:30:00,UNIDADE MOVEL BANGU,0.0,27.63,34.95,6.62,,0.14,,,39.84,,8.0,-22.87140046,-43.45942235
2017-07-15 14:30:00,UNIDADE MOVEL BANGU,0.0,28.2,34.15,9.22,,0.13,,,45.13,,8.0,-22.87140046,-43.45942235
2017-07-15 15:30:00,UNIDADE MOVEL BANGU,0.0,27.63,36.47,21.3,,0.12,,,56.39,,7.0,-22.87140046,-43.45942235
2017-07-15 16:30:00,UNIDADE MOVEL BANGU,0.0,26.87,38.67,23.68,,0.15,,,43.56,,12.0,-22.87140046,-43.45942235
2017-07-15 17:30:00,UNIDADE MOVEL BANGU,0.0,25.35,42.4,14.5,,0.22,,,28.96,,12.0,-22.87140046,-43.45942235
2017-07-15 18:30:00,UNIDADE MOVEL BANGU,0.0,24.33,44.4,6.75,,0.27,,,19.09,,28.0,-22.87140046,-43.45942235
2017-07-15 19:30:00,UNIDADE MOVEL BANGU,0.0,23.15,50.55,8.84,,0.43,,,7.55,,35.0,-22.87140046,-43.45942235
2017-07-15 20:30:00,UNIDADE MOVEL BANGU,0.0,21.83,63.93,7.21,,0.59,,,4.24,,23.0,-22.87140046,-43.45942235
2017-07-15 21:30:00,UNIDADE MOVEL BANGU,0.0,21.27,68.03,3.66,,0.46,,,2.47,,39.0,-22.87140046,-43.45942235
2017-07-15 22:30:00,UNIDADE MOVEL BANGU,0.0,20.73,70.48,3.44,,0.52,,,5.76,,16.0,-22.87140046,-43.45942235
2017-07-15 23:30:00,UNIDADE MOVEL BANGU,0.0,20.37,72.68,3.73,,0.41,,,2.98,,52.0,-22.87140046,-43.45942235
2017-07-16 00:30:00,UNIDADE MOVEL BANGU,0.0,20.32,71.58,4.04,,0.33,,,5.33,,18.0,-22.87140046,-43.45942235
2017-07-16 01:30:00,UNIDADE MOVEL BANGU,0.0,19.93,72.82,6.55,,0.35,,,6.82,,22.0,-22.87140046,-43.45942235
2017-07-16 02:30:00,UNIDADE MOVEL BANGU,0.0,18.92,78.1,4.2,,0.86,,,3.74,,23.0,-22.87140046,-43.45942235
2017-07-16 03:30:00,UNIDADE MOVEL BANGU,0.0,18.8,79.05,2.95,,0.42,,,5.81,,34.0,-22.87140046,-43.45942235
2017-07-16 04:30:00,UNIDADE MOVEL BANGU,0.0,18.57,77.55,2.67,,0.36,,,7.08,,16.0,-22.87140046,-43.45942235
2017-07-16 05:30:00,UNIDADE MOVEL BANGU,0.0,18.02,79.3,2.67,,0.53,,,4.31,,12.0,-22.87140046,-43.45942235
2017-07-16 06:30:00,UNIDADE MOVEL BANGU,0.0,17.62,80.42,2.79,,0.94,,,5.3,,22.0,-22.87140046,-43.45942235
2017-07-16 07:30:00,UNIDADE MOVEL BANGU,0.0,18.67,74.25,13.75,,1.06,,,3.56,,23.0,-22.87140046,-43.45942235
2017-07-16 08:30:00,UNIDADE MOVEL BANGU,0.0,23.05,54.88,25.1,,0.86,,,8.55,,10.0,-22.87140046,-43.45942235
2017-07-16 09:30:00,UNIDADE MOVEL BANGU,0.0,25.45,38.57,7.37,,0.2,,,25.01,,13.0,-22.87140046,-43.45942235
2017-07-16 10:30:00,UNIDADE MOVEL BANGU,0.0,26.25,35.8,3.93,,0.13,,,36.57,,7.0,-22.87140046,-43.45942235
2017-07-16 11:30:00,UNIDADE MOVEL BANGU,0.0,27.35,33.18,4.13,,0.09,,,34.84,,3.0,-22.87140046,-43.45942235
2017-07-16 12:30:00,UNIDADE MOVEL BANGU,0.0,27.83,32.08,4.82,,0.11,,,35.69,,8.0,-22.87140046,-43.45942235
2017-07-16 13:30:00,UNIDADE MOVEL BANGU,0.0,28.32,32.22,5.24,,0.11,,,39.3,,6.0,-22.87140046,-43.45942235
2017-07-16 14:30:00,UNIDADE MOVEL BANGU,0.0,28.18,33.1,5.17,,0.18,,,36.82,,7.0,-22.87140046,-43.45942235
2017-07-16 15:30:00,UNIDADE MOVEL BANGU,0.0,28.17,33.15,4.83,,0.21,,,35.34,,8.0,-22.87140046,-43.45942235
2017-07-16 16:30:00,UNIDADE MOVEL BANGU,0.0,28.18,33.42,4.55,,0.17,,,35.99,,5.0,-22.87140046,-43.45942235
2017-07-16 17:30:00,UNIDADE MOVEL BANGU,0.0,25.43,42.88,3.89,,0.26,,,22.31,,4.0,-22.87140046,-43.45942235
2017-07-16 18:30:00,UNIDADE MOVEL BANGU,0.0,23.6,49.62,4.4,,0.72,,,15.79,,7.0,-22.87140046,-43.45942235
2017-07-16 19:30:00,UNIDADE MOVEL BANGU,0.0,22.47,54.8,5.59,,1.47,,,9.07,,14.0,-22.87140046,-43.45942235
2017-07-16 20:30:00,UNIDADE MOVEL BANGU,0.0,22.1,57.18,5.26,,1.86,,,5.67,,47.0,-22.87140046,-43.45942235
2017-07-16 21:30:00,UNIDADE MOVEL BANGU,0.0,21.47,64.55,5.15,,1.38,,,3.58,,34.0,-22.87140046,-43.45942235
2017-07-16 22:30:00,UNIDADE MOVEL BANGU,0.0,20.88,70.65,4.07,,1.16,,,3.6,,26.0,-22.87140046,-43.45942235
2017-07-16 23:30:00,UNIDADE MOVEL BANGU,0.0,20.5,72.35,4.55,,1.8,,,3.38,,14.0,-22.87140046,-43.45942235
2017-07-17 00:30:00,UNIDADE MOVEL BANGU,0.0,20.0,73.57,2.64,,1.95,,,4.03,,39.0,-22.87140046,-43.45942235
2017-07-17 01:30:00,UNIDADE MOVEL BANGU,0.0,19.72,75.88,2.1,,0.96,,,1.65,,29.0,-22.87140046,-43.45942235
2017-07-17 02:30:00,UNIDADE MOVEL BANGU,0.0,19.0,79.27,1.74,,0.71,,,2.81,,13.0,-22.87140046,-43.45942235
2017-07-17 03:30:00,UNIDADE MOVEL BANGU,0.0,18.97,79.87,1.79,,0.78,,,2.72,,21.0,-22.87140046,-43.45942235
2017-07-17 04:30:00,UNIDADE MOVEL BANGU,0.0,18.53,78.2,1.44,,0.37,,,1.66,,14.0,-22.87140046,-43.45942235
2017-07-17 05:30:00,UNIDADE MOVEL BANGU,0.0,18.75,74.05,1.46,,0.4,,,2.3,,8.0,-22.87140046,-43.45942235
2017-07-17 06:30:00,UNIDADE MOVEL BANGU,0.0,17.42,79.37,1.06,,0.46,,,2.25,,14.0,-22.87140046,-43.45942235
2017-07-17 07:30:00,UNIDADE MOVEL BANGU,0.0,18.52,77.42,1.94,,1.29,,,3.12,,16.0,-22.87140046,-43.45942235
2017-07-17 08:30:00,UNIDADE MOVEL BANGU,0.0,22.43,60.22,1.93,,0.73,,,4.2,,18.0,-22.87140046,-43.45942235
2017-07-17 09:30:00,UNIDADE MOVEL BANGU,0.0,25.0,51.82,2.75,,0.81,,,6.49,,21.0,-22.87140046,-43.45942235
2017-07-17 10:30:00,UNIDADE MOVEL BANGU,,28.23,35.27,0.01,,,,,,,24.0,-22.87140046,-43.45942235
2017-07-17 11:30:00,UNIDADE MOVEL BANGU,0.0,29.5,27.02,0.07,,,,,,,14.5,-22.87140046,-43.45942235
2017-07-17 12:30:00,UNIDADE MOVEL BANGU,0.0,30.03,25.67,0.06,,,,,,,5.0,-22.87140046,-43.45942235
2017-07-17 13:30:00,UNIDADE MOVEL BANGU,0.0,29.92,25.5,0.03,,,,,,,4.0,-22.87140046,-43.45942235
2017-07-17 14:30:00,UNIDADE MOVEL BANGU,0.0,30.55,24.15,0.0,,,,,,,1.0,-22.87140046,-43.45942235
2017-07-17 15:30:00,UNIDADE MOVEL BANGU,0.0,30.52,24.17,0.855,,,,,,,15.0,-22.87140046,-43.45942235
2017-07-17 16:30:00,UNIDADE MOVEL BANGU,0.0,30.02,24.27,1.71,,,,,,,9.0,-22.87140046,-43.45942235
2017-07-17 17:30:00,UNIDADE MOVEL BANGU,0.0,27.0,33.13,3.18,,,,,,,15.0,-22.87140046,-43.45942235
2017-07-17 18:30:00,UNIDADE MOVEL BANGU,0.0,24.67,40.57,4.83,,,,,,,22.0,-22.87140046,-43.45942235
2017-07-17 19:30:00,UNIDADE MOVEL BANGU,0.0,23.58,47.07,5.24,,,,,13.05,,35.0,-22.87140046,-43.45942235
2017-07-17 20:30:00,UNIDADE MOVEL BANGU,0.0,21.95,65.43,2.39,,0.19,,,39.4,,34.0,-22.87140046,-43.45942235
2017-07-17 21:30:00,UNIDADE MOVEL BANGU,0.0,21.7,65.53,1.76,,0.09,,,45.15,,15.0,-22.87140046,-43.45942235
2017-07-17 22:30:00,UNIDADE MOVEL BANGU,0.0,21.02,73.23,1.25,,0.07,,,49.23,,11.0,-22.87140046,-43.45942235
2017-07-17 23:30:00,UNIDADE MOVEL BANGU,0.0,20.7,76.15,0.8,,0.04,,,46.32,,19.0,-22.87140046,-43.45942235
2017-07-18 00:30:00,UNIDADE MOVEL BANGU,0.0,20.47,77.38,0.08,,0.03,,,45.07,,6.0,-22.87140046,-43.45942235
2017-07-18 01:30:00,UNIDADE MOVEL BANGU,0.0,20.38,78.13,0.13,,0.03,,,44.44,,6.0,-22.87140046,-43.45942235
2017-07-18 02:30:00,UNIDADE MOVEL BANGU,0.0,20.2,79.53,0.35,,0.02,,,41.55,,6.0,-22.87140046,-43.45942235
2017-07-18 03:30:00,UNIDADE MOVEL BANGU,0.0,19.67,85.0,0.05,,0.02,,,35.05,,9.0,-22.87140046,-43.45942235
2017-07-18 04:30:00,UNIDADE MOVEL BANGU,0.0,19.6,86.0,0.01,,0.02,,,34.61,,5.0,-22.87140046,-43.45942235
2017-07-18 05:30:00,UNIDADE MOVEL BANGU,0.0,19.85,85.32,0.12,,0.02,,,26.14,,6.0,-22.87140046,-43.45942235
2017-07-18 06:30:00,UNIDADE MOVEL BANGU,0.0,19.95,84.08,0.14,,0.06,,,21.55,,5.0,-22.87140046,-43.45942235
2017-07-18 07:30:00,UNIDADE MOVEL BANGU,0.0,20.0,83.3,0.47,,0.08,,,14.91,,10.0,-22.87140046,-43.45942235
2017-07-18 08:30:00,UNIDADE MOVEL BANGU,0.0,20.28,80.47,,,0.08,,,16.74,,13.0,-22.87140046,-43.45942235
2017-07-18 09:30:00,UNIDADE MOVEL BANGU,0.0,19.0,79.15,,,0.09,,,37.67,,22.0,-22.87140046,-43.45942235
2017-07-18 10:30:00,UNIDADE MOVEL BANGU,0.0,18.92,75.53,,,0.1,,,34.14,,16.666666666666668,-22.87140046,-43.45942235
2017-07-18 11:30:00,UNIDADE MOVEL BANGU,0.0,19.03,73.08,,,0.12,,,36.28,,11.333333333333334,-22.87140046,-43.45942235
2017-07-18 12:30:00,UNIDADE MOVEL BANGU,0.0,18.57,74.95,,,0.0,,,38.54,,6.0,-22.87140046,-43.45942235
2017-07-18 13:30:00,UNIDADE MOVEL BANGU,0.0,17.05,84.73,,,0.0,,,37.03,,8.0,-22.87140046,-43.45942235
2017-07-18 14:30:00,UNIDADE MOVEL BANGU,0.0,16.58,85.57,,,0.03,,,37.06,,8.0,-22.87140046,-43.45942235
2017-07-18 15:30:00,UNIDADE MOVEL BANGU,0.0,16.42,86.33,1.35,,0.03,,,34.99,,18.0,-22.87140046,-43.45942235
2017-07-18 16:30:00,UNIDADE MOVEL BANGU,0.0,16.25,86.05,1.14,,0.03,,,33.99,,17.0,-22.87140046,-43.45942235
2017-07-18 17:30:00,UNIDADE MOVEL BANGU,0.0,16.25,85.57,3.45,,0.02,,,30.53,,13.0,-22.87140046,-43.45942235
2017-07-18 18:30:00,UNIDADE MOVEL BANGU,0.0,16.23,85.23,3.19,,0.08,,,31.28,,10.0,-22.87140046,-43.45942235
2017-07-18 19:30:00,UNIDADE MOVEL BANGU,0.0,16.3,84.82,3.49,,0.1,,,22.1,,6.0,-22.87140046,-43.45942235
2017-07-18 20:30:00,UNIDADE MOVEL BANGU,0.0,16.05,85.13,3.78,,0.07,,,25.25,,10.0,-22.87140046,-43.45942235
2017-07-18 21:30:00,UNIDADE MOVEL BANGU,1.0,16.08,85.1,3.69,,0.07,,,23.67,,8.0,-22.87140046,-43.45942235
2017-07-18 22:30:00,UNIDADE MOVEL BANGU,1.0,15.5,90.3,3.73,,0.06,,,29.55,,7.0,-22.87140046,-43.45942235
2017-07-18 23:30:00,UNIDADE MOVEL BANGU,0.0,15.52,89.1,3.66,,0.05,,,30.84,,4.0,-22.87140046,-43.45942235
2017-07-19 00:30:00,UNIDADE MOVEL BANGU,0.0,15.5,89.93,0.29,,0.02,,,33.09,,1.0,-22.87140046,-43.45942235
2017-07-19 01:30:00,UNIDADE MOVEL BANGU,0.0,15.5,90.1,0.29,,0.01,,,33.49,,0.0,-22.87140046,-43.45942235
2017-07-19 02:30:00,UNIDADE MOVEL BANGU,1.0,15.28,90.12,0.33,,0.01,,,38.41,,1.0,-22.87140046,-43.45942235
2017-07-19 03:30:00,UNIDADE MOVEL BANGU,0.0,15.18,91.83,0.44,,0.02,,,38.26,,2.0,-22.87140046,-43.45942235
2017-07-19 04:30:00,UNIDADE MOVEL BANGU,0.0,15.02,92.33,0.26,,0.02,,,39.42,,3.0,-22.87140046,-43.45942235
2017-07-19 05:30:00,UNIDADE MOVEL BANGU,0.0,15.17,92.5,0.38,,0.04,,,32.78,,4.0,-22.87140046,-43.45942235
2017-07-19 06:30:00,UNIDADE MOVEL BANGU,0.0,15.17,92.92,0.43,,0.05,,,27.88,,10.0,-22.87140046,-43.45942235
2017-07-19 07:30:00,UNIDADE MOVEL BANGU,0.0,15.05,93.47,0.53,,0.11,,,23.71,,5.0,-22.87140046,-43.45942235
2017-07-19 08:30:00,UNIDADE MOVEL BANGU,0.0,15.23,93.82,0.8,,0.12,,,22.73,,1.0,-22.87140046,-43.45942235
2017-07-19 09:30:00,UNIDADE MOVEL BANGU,0.0,15.67,93.28,0.93,,0.12,,,25.27,,3.0,-22.87140046,-43.45942235
2017-07-19 10:30:00,UNIDADE MOVEL BANGU,0.0,16.37,89.18,0.95,,0.12,,,28.08,,2.0,-22.87140046,-43.45942235
2017-07-19 11:30:00,UNIDADE MOVEL BANGU,0.0,16.52,86.72,1.21,,0.15,,,27.81,,9.0,-22.87140046,-43.45942235
2017-07-19 12:30:00,UNIDADE MOVEL BANGU,0.0,16.78,83.95,1.56,,0.2,,,28.7,,8.0,-22.87140046,-43.45942235
2017-07-19 13:30:00,UNIDADE MOVEL BANGU,0.0,17.05,81.5,1.32,,0.13,,,31.86,,10.0,-22.87140046,-43.45942235
2017-07-19 14:30:00,UNIDADE MOVEL BANGU,0.0,16.87,81.75,1.51,,0.18,,,30.43,,9.0,-22.87140046,-43.45942235
2017-07-19 15:30:00,UNIDADE MOVEL BANGU,0.0,17.0,80.72,1.61,,0.25,,,23.97,,5.0,-22.87140046,-43.45942235
2017-07-19 16:30:00,UNIDADE MOVEL BANGU,0.0,17.02,81.22,1.55,,0.21,,,21.63,,3.0,-22.87140046,-43.45942235
2017-07-19 17:30:00,UNIDADE MOVEL BANGU,0.0,17.1,79.72,1.58,,0.32,,,15.77,,11.0,-22.87140046,-43.45942235
2017-07-19 18:30:00,UNIDADE MOVEL BANGU,0.0,17.12,79.88,1.98,,0.43,,,8.17,,9.0,-22.87140046,-43.45942235
2017-07-19 19:30:00,UNIDADE MOVEL BANGU,0.0,16.95,80.47,2.23,,0.52,,,4.62,,21.0,-22.87140046,-43.45942235
2017-07-19 20:30:00,UNIDADE MOVEL BANGU,0.0,16.88,81.58,2.31,,0.46,,,3.06,,8.0,-22.87140046,-43.45942235
2017-07-19 21:30:00,UNIDADE MOVEL BANGU,0.0,16.83,82.78,2.12,,0.54,,,3.29,,17.0,-22.87140046,-43.45942235
2017-07-19 22:30:00,UNIDADE MOVEL BANGU,0.0,16.67,84.52,2.41,,0.54,,,2.43,,9.0,-22.87140046,-43.45942235
2017-07-19 23:30:00,UNIDADE MOVEL BANGU,0.0,16.58,85.43,2.23,,0.55,,,2.87,,24.0,-22.87140046,-43.45942235
2017-07-20 00:30:00,UNIDADE MOVEL BANGU,0.0,16.35,86.73,1.16,,0.3,,,2.33,,25.0,-22.87140046,-43.45942235
2017-07-20 01:30:00,UNIDADE MOVEL BANGU,0.0,16.32,87.8,0.76,,0.21,,,2.76,,31.0,-22.87140046,-43.45942235
2017-07-20 02:30:00,UNIDADE MOVEL BANGU,0.0,16.17,88.03,0.58,,0.23,,,3.01,,30.0,-22.87140046,-43.45942235
2017-07-20 03:30:00,UNIDADE MOVEL BANGU,0.0,16.03,88.67,0.36,,0.18,,,2.68,,18.0,-22.87140046,-43.45942235
2017-07-20 04:30:00,UNIDADE MOVEL BANGU,0.0,16.02,89.05,0.78,,0.18,,,2.85,,20.0,-22.87140046,-43.45942235
2017-07-20 05:30:00,UNIDADE MOVEL BANGU,0.0,15.9,89.67,0.88,,0.17,,,2.91,,20.0,-22.87140046,-43.45942235
2017-07-20 06:30:00,UNIDADE MOVEL BANGU,0.0,15.63,90.65,1.23,,0.54,,,2.29,,19.0,-22.87140046,-43.45942235
2017-07-20 07:30:00,UNIDADE MOVEL BANGU,0.0,15.97,90.48,1.39,,0.5,,,1.97,,28.0,-22.87140046,-43.45942235
2017-07-20 08:30:00,UNIDADE MOVEL BANGU,0.0,17.42,82.88,2.74,,0.32,,,4.37,,21.0,-22.87140046,-43.45942235
2017-07-20 09:30:00,UNIDADE MOVEL BANGU,0.0,18.45,76.53,3.51,,0.17,,,10.05,,25.0,-22.87140046,-43.45942235
2017-07-20 10:30:00,UNIDADE MOVEL BANGU,0.0,20.65,66.33,3.51,,0.14,,,15.9,,23.0,-22.87140046,-43.45942235
2017-07-20 11:30:00,UNIDADE MOVEL BANGU,0.0,22.13,59.52,12.7,,0.1,,,22.69,,25.0,-22.87140046,-43.45942235
2017-07-20 12:30:00,UNIDADE MOVEL BANGU,0.0,23.35,53.07,12.77,,0.1,,,32.2,,17.0,-22.87140046,-43.45942235
2017-07-20 13:30:00,UNIDADE MOVEL BANGU,0.0,24.6,48.2,8.19,,0.07,,,37.04,,10.0,-22.87140046,-43.45942235
2017-07-20 14:30:00,UNIDADE MOVEL BANGU,0.0,24.78,45.13,5.69,,0.06,,,38.2,,7.0,-22.87140046,-43.45942235
2017-07-20 15:30:00,UNIDADE MOVEL BANGU,0.0,25.05,45.0,5.68,,0.06,,,38.08,,10.0,-22.87140046,-43.45942235
2017-07-20 16:30:00,UNIDADE MOVEL BANGU,0.0,24.55,47.38,3.02,,0.09,,,31.96,,12.0,-22.87140046,-43.45942235
2017-07-20 17:30:00,UNIDADE MOVEL BANGU,0.0,22.48,56.88,3.55,,0.23,,,14.27,,12.0,-22.87140046,-43.45942235
2017-07-20 18:30:00,UNIDADE MOVEL BANGU,0.0,21.05,66.53,3.91,,0.72,,,3.56,,15.0,-22.87140046,-43.45942235
2017-07-20 19:30:00,UNIDADE MOVEL BANGU,0.0,20.62,69.38,4.99,,1.49,,,4.62,,19.0,-22.87140046,-43.45942235
2017-07-20 20:30:00,UNIDADE MOVEL BANGU,0.0,20.07,72.52,5.43,,1.11,,,3.43,,30.0,-22.87140046,-43.45942235
2017-07-20 21:30:00,UNIDADE MOVEL BANGU,0.0,19.83,75.83,4.15,,0.82,,,3.63,,23.0,-22.87140046,-43.45942235
2017-07-20 22:30:00,UNIDADE MOVEL BANGU,0.0,19.55,77.43,3.17,,0.48,,,2.98,,17.0,-22.87140046,-43.45942235
2017-07-20 23:30:00,UNIDADE MOVEL BANGU,0.0,19.42,78.33,2.41,,0.28,,,4.6,,12.0,-22.87140046,-43.45942235
2017-07-21 00:30:00,UNIDADE MOVEL BANGU,0.0,19.17,80.22,0.82,,0.16,,,11.61,,11.0,-22.87140046,-43.45942235
2017-07-21 01:30:00,UNIDADE MOVEL BANGU,0.0,18.87,82.55,0.55,,0.15,,,7.4,,16.0,-22.87140046,-43.45942235
2017-07-21 02:30:00,UNIDADE MOVEL BANGU,0.0,18.75,83.73,0.4,,0.14,,,4.4,,13.0,-22.87140046,-43.45942235
2017-07-21 03:30:00,UNIDADE MOVEL BANGU,0.0,18.58,84.48,0.23,,0.09,,,3.33,,12.0,-22.87140046,-43.45942235
2017-07-21 04:30:00,UNIDADE MOVEL BANGU,0.0,18.32,85.07,0.11,,0.09,,,2.9,,15.0,-22.87140046,-43.45942235
2017-07-21 05:30:00,UNIDADE MOVEL BANGU,0.0,17.75,87.27,0.5,,0.21,,,3.01,,13.0,-22.87140046,-43.45942235
2017-07-21 06:30:00,UNIDADE MOVEL BANGU,0.0,17.0,89.45,1.29,,0.59,,,3.04,,18.0,-22.87140046,-43.45942235
2017-07-21 07:30:00,UNIDADE MOVEL BANGU,0.0,17.7,87.6,1.9,,0.91,,,3.38,,19.0,-22.87140046,-43.45942235
2017-07-21 08:30:00,UNIDADE MOVEL BANGU,0.0,20.65,74.53,1.58,,0.49,,,10.92,,16.0,-22.87140046,-43.45942235
2017-07-21 09:30:00,UNIDADE MOVEL BANGU,0.0,22.93,64.78,2.83,,0.38,,,19.46,,30.0,-22.87140046,-43.45942235
2017-07-21 10:30:00,UNIDADE MOVEL BANGU,0.0,24.73,54.93,4.73,,0.23,,,23.81,,21.0,-22.87140046,-43.45942235
2017-07-21 11:30:00,UNIDADE MOVEL BANGU,0.0,26.73,46.42,4.69,,0.09,,,38.62,,11.0,-22.87140046,-43.45942235
2017-07-21 12:30:00,UNIDADE MOVEL BANGU,0.0,27.68,42.18,4.83,,0.12,,,47.25,,5.0,-22.87140046,-43.45942235
2017-07-21 13:30:00,UNIDADE MOVEL BANGU,0.0,28.67,38.6,5.49,,0.1,,,55.17,,5.0,-22.87140046,-43.45942235
2017-07-21 14:30:00,UNIDADE MOVEL BANGU,0.0,29.02,39.52,9.38,,0.21,,,62.06,,5.0,-22.87140046,-43.45942235
2017-07-21 15:30:00,UNIDADE MOVEL BANGU,0.0,28.87,39.95,19.61,,0.31,,,73.85,,21.0,-22.87140046,-43.45942235
2017-07-21 16:30:00,UNIDADE MOVEL BANGU,0.0,27.1,43.0,22.57,,0.26,,,61.17,,29.0,-22.87140046,-43.45942235
2017-07-21 17:30:00,UNIDADE MOVEL BANGU,0.0,24.63,48.08,33.31,,0.71,,,29.81,,29.0,-22.87140046,-43.45942235
2017-07-21 18:30:00,UNIDADE MOVEL BANGU,0.0,23.1,50.93,21.86,,0.69,,,10.77,,32.0,-22.87140046,-43.45942235
2017-07-21 19:30:00,UNIDADE MOVEL BANGU,0.0,22.37,61.37,10.07,,0.89,,,6.41,,31.0,-22.87140046,-43.45942235
2017-07-21 20:30:00,UNIDADE MOVEL BANGU,0.0,21.13,74.03,4.88,,0.52,,,5.44,,49.0,-22.87140046,-43.45942235
2017-07-21 21:30:00,UNIDADE MOVEL BANGU,0.0,20.42,76.5,4.45,,0.55,,,4.21,,46.0,-22.87140046,-43.45942235
2017-07-21 22:30:00,UNIDADE MOVEL BANGU,0.0,19.98,78.48,3.35,,0.68,,,3.51,,42.0,-22.87140046,-43.45942235
2017-07-21 23:30:00,UNIDADE MOVEL BANGU,0.0,19.78,79.98,2.68,,0.31,,,16.06,,51.0,-22.87140046,-43.45942235
2017-07-22 00:30:00,UNIDADE MOVEL BANGU,0.0,19.97,80.68,1.75,,0.16,,,22.46,,29.0,-22.87140046,-43.45942235
2017-07-22 01:30:00,UNIDADE MOVEL BANGU,0.0,19.72,81.12,1.94,,0.21,,,11.98,,23.0,-22.87140046,-43.45942235
2017-07-22 02:30:00,UNIDADE MOVEL BANGU,0.0,19.48,82.37,1.8,,0.19,,,8.87,,26.0,-22.87140046,-43.45942235
2017-07-22 03:30:00,UNIDADE MOVEL BANGU,0.0,18.95,87.37,1.32,,0.06,,,21.29,,25.0,-22.87140046,-43.45942235
2017-07-22 04:30:00,UNIDADE MOVEL BANGU,0.0,18.9,87.95,0.65,,0.02,,,37.64,,31.0,-22.87140046,-43.45942235
2017-07-22 05:30:00,UNIDADE MOVEL BANGU,0.0,18.95,87.1,0.33,,0.01,,,35.84,,16.0,-22.87140046,-43.45942235
2017-07-22 06:30:00,UNIDADE MOVEL BANGU,0.0,19.18,86.05,0.19,,0.03,,,36.07,,21.0,-22.87140046,-43.45942235
2017-07-22 07:30:00,UNIDADE MOVEL BANGU,0.0,19.95,79.23,0.12,,0.0,,,39.75,,16.0,-22.87140046,-43.45942235
2017-07-22 08:30:00,UNIDADE MOVEL BANGU,0.0,20.48,75.92,0.08,,0.0,,,44.39,,11.0,-22.87140046,-43.45942235
2017-07-22 09:30:00,UNIDADE MOVEL BANGU,0.0,21.25,71.23,0.26,,0.01,,,44.4,,13.0,-22.87140046,-43.45942235
2017-07-22 10:30:00,UNIDADE MOVEL BANGU,0.0,22.15,66.33,0.59,,0.02,,,47.28,,12.0,-22.87140046,-43.45942235
2017-07-22 11:30:00,UNIDADE MOVEL BANGU,0.0,23.35,59.58,1.22,,0.04,,,54.58,,13.0,-22.87140046,-43.45942235
2017-07-22 12:30:00,UNIDADE MOVEL BANGU,0.0,22.98,61.22,1.61,,0.03,,,54.62,,20.0,-22.87140046,-43.45942235
2017-07-22 13:30:00,UNIDADE MOVEL BANGU,0.0,23.08,60.58,1.57,,0.03,,,59.4,,16.0,-22.87140046,-43.45942235
2017-07-22 14:30:00,UNIDADE MOVEL BANGU,0.0,22.9,60.88,1.83,,0.02,,,61.41,,29.0,-22.87140046,-43.45942235
2017-07-22 15:30:00,UNIDADE MOVEL BANGU,0.0,22.83,59.63,1.26,,0.04,,,60.39,,20.0,-22.87140046,-43.45942235
2017-07-22 16:30:00,UNIDADE MOVEL BANGU,0.0,22.37,60.22,1.01,,0.07,,,56.68,,22.0,-22.87140046,-43.45942235
2017-07-22 17:30:00,UNIDADE MOVEL BANGU,0.0,21.33,65.67,0.74,,0.11,,,41.94,,17.0,-22.87140046,-43.45942235
2017-07-22 18:30:00,UNIDADE MOVEL BANGU,0.0,20.15,71.43,0.56,,0.27,,,36.93,,32.0,-22.87140046,-43.45942235
2017-07-22 19:30:00,UNIDADE MOVEL BANGU,0.0,19.52,74.72,0.28,,0.17,,,35.42,,31.0,-22.87140046,-43.45942235
2017-07-22 20:30:00,UNIDADE MOVEL BANGU,0.0,19.28,76.15,0.28,,0.35,,,16.14,,25.0,-22.87140046,-43.45942235
2017-07-22 21:30:00,UNIDADE MOVEL BANGU,0.0,19.33,76.87,0.7,,0.4,,,6.45,,36.0,-22.87140046,-43.45942235
2017-07-22 22:30:00,UNIDADE MOVEL BANGU,0.0,19.13,79.1,0.57,,0.38,,,6.39,,43.0,-22.87140046,-43.45942235
2017-07-22 23:30:00,UNIDADE MOVEL BANGU,0.0,18.8,80.42,0.88,,0.55,,,3.64,,54.0,-22.87140046,-43.45942235
2017-07-23 00:30:00,UNIDADE MOVEL BANGU,0.0,18.03,82.43,1.48,,1.11,,,4.51,,69.0,-22.87140046,-43.45942235
2017-07-23 01:30:00,UNIDADE MOVEL BANGU,0.0,17.08,86.13,1.84,,1.26,,,4.1,,70.0,-22.87140046,-43.45942235
2017-07-23 02:30:00,UNIDADE MOVEL BANGU,0.0,17.23,85.57,1.41,,0.98,,,4.49,,65.0,-22.87140046,-43.45942235
2017-07-23 03:30:00,UNIDADE MOVEL BANGU,0.0,18.07,82.17,1.37,,1.16,,,5.19,,47.0,-22.87140046,-43.45942235
2017-07-23 04:30:00,UNIDADE MOVEL BANGU,0.0,18.47,82.08,1.49,,1.0,,,4.32,,55.0,-22.87140046,-43.45942235
2017-07-23 05:30:00,UNIDADE MOVEL BANGU,0.0,18.52,83.72,1.69,,0.97,,,3.76,,66.0,-22.87140046,-43.45942235
2017-07-23 06:30:00,UNIDADE MOVEL BANGU,0.0,18.1,85.27,1.82,,1.14,,,2.47,,61.0,-22.87140046,-43.45942235
2017-07-23 07:30:00,UNIDADE MOVEL BANGU,0.0,18.47,84.63,1.97,,1.31,,,4.17,,68.0,-22.87140046,-43.45942235
2017-07-23 08:30:00,UNIDADE MOVEL BANGU,0.0,20.92,72.98,1.79,,0.79,,,12.42,,51.0,-22.87140046,-43.45942235
2017-07-23 09:30:00,UNIDADE MOVEL BANGU,0.0,22.85,65.13,2.98,,0.36,,,36.2,,61.0,-22.87140046,-43.45942235
2017-07-23 10:30:00,UNIDADE MOVEL BANGU,0.0,24.65,56.3,5.25,,0.25,,,62.06,,46.0,-22.87140046,-43.45942235
2017-07-23 11:30:00,UNIDADE MOVEL BANGU,0.0,25.23,51.68,17.3,,0.12,,,78.3,,30.0,-22.87140046,-43.45942235
2017-07-23 12:30:00,UNIDADE MOVEL BANGU,0.0,25.87,46.15,15.4,,0.13,,,83.3,,25.0,-22.87140046,-43.45942235
2017-07-23 13:30:00,UNIDADE MOVEL BANGU,0.0,26.73,40.05,11.87,,0.12,,,75.03,,20.0,-22.87140046,-43.45942235
2017-07-23 14:30:00,UNIDADE MOVEL BANGU,0.0,27.03,41.13,7.8,,0.14,,,68.68,,16.0,-22.87140046,-43.45942235
2017-07-23 15:30:00,UNIDADE MOVEL BANGU,0.0,26.85,42.7,13.58,,0.14,,,66.53,,12.0,-22.87140046,-43.45942235
2017-07-23 16:30:00,UNIDADE MOVEL BANGU,0.0,26.15,45.4,14.88,,0.14,,,63.55,,13.0,-22.87140046,-43.45942235
2017-07-23 17:30:00,UNIDADE MOVEL BANGU,0.0,24.53,53.43,5.73,,0.19,,,41.77,,24.0,-22.87140046,-43.45942235
2017-07-23 18:30:00,UNIDADE MOVEL BANGU,0.0,23.05,59.58,4.84,,0.3,,,31.86,,26.0,-22.87140046,-43.45942235
2017-07-23 19:30:00,UNIDADE MOVEL BANGU,0.0,22.02,64.63,4.88,,0.77,,,10.86,,26.0,-22.87140046,-43.45942235
2017-07-23 20:30:00,UNIDADE MOVEL BANGU,0.0,20.83,71.52,4.66,,1.07,,,6.47,,27.0,-22.87140046,-43.45942235
2017-07-23 21:30:00,UNIDADE MOVEL BANGU,0.0,20.45,74.93,3.85,,1.46,,,4.64,,29.0,-22.87140046,-43.45942235
2017-07-23 22:30:00,UNIDADE MOVEL BANGU,0.0,20.22,76.37,3.89,,1.53,,,3.37,,29.0,-22.87140046,-43.45942235
2017-07-23 23:30:00,UNIDADE MOVEL BANGU,0.0,19.75,78.2,3.82,,1.17,,,4.0,,36.0,-22.87140046,-43.45942235
2017-07-24 00:30:00,UNIDADE MOVEL BANGU,0.0,19.18,81.42,1.96,,0.64,,,3.35,,27.0,-22.87140046,-43.45942235
2017-07-24 01:30:00,UNIDADE MOVEL BANGU,0.0,18.58,83.73,1.4,,0.39,,,3.89,,20.0,-22.87140046,-43.45942235
2017-07-24 02:30:00,UNIDADE MOVEL BANGU,0.0,18.23,86.03,1.2,,0.19,,,5.13,,26.0,-22.87140046,-43.45942235
2017-07-24 03:30:00,UNIDADE MOVEL BANGU,0.0,17.85,87.67,0.87,,0.13,,,5.5,,22.0,-22.87140046,-43.45942235
2017-07-24 04:30:00,UNIDADE MOVEL BANGU,0.0,17.78,88.78,0.36,,0.05,,,11.87,,24.0,-22.87140046,-43.45942235
2017-07-24 05:30:00,UNIDADE MOVEL BANGU,0.0,17.22,90.27,0.08,,0.07,,,6.69,,22.0,-22.87140046,-43.45942235
2017-07-24 06:30:00,UNIDADE MOVEL BANGU,0.0,17.62,90.53,0.2,,0.15,,,3.68,,19.0,-22.87140046,-43.45942235
2017-07-24 07:30:00,UNIDADE MOVEL BANGU,0.0,17.97,87.83,0.13,,0.13,,,7.36,,13.0,-22.87140046,-43.45942235
2017-07-24 08:30:00,UNIDADE MOVEL BANGU,0.0,19.58,79.65,0.33,,0.21,,,13.51,,21.0,-22.87140046,-43.45942235
2017-07-24 09:30:00,UNIDADE MOVEL BANGU,0.0,22.73,64.45,2.08,,0.1,,,18.65,,34.0,-22.87140046,-43.45942235
2017-07-24 10:30:00,UNIDADE MOVEL BANGU,0.0,24.5,55.4,19.69,,0.1,,,24.84,,35.0,-22.87140046,-43.45942235
2017-07-24 11:30:00,UNIDADE MOVEL BANGU,0.0,26.05,46.18,42.66,,0.09,,,43.38,,27.0,-22.87140046,-43.45942235
2017-07-24 12:30:00,UNIDADE MOVEL BANGU,0.0,27.18,40.85,25.73,,0.07,,,52.52,,22.0,-22.87140046,-43.45942235
2017-07-24 13:30:00,UNIDADE MOVEL BANGU,0.0,27.17,44.9,14.68,,0.04,,,50.41,,16.0,-22.87140046,-43.45942235
2017-07-24 14:30:00,UNIDADE MOVEL BANGU,0.0,27.63,41.98,11.85,,0.05,,,56.39,,9.0,-22.87140046,-43.45942235
2017-07-24 15:30:00,UNIDADE MOVEL BANGU,0.0,26.85,43.28,11.46,,0.04,,,61.6,,13.0,-22.87140046,-43.45942235
2017-07-24 16:30:00,UNIDADE MOVEL BANGU,0.0,26.15,45.5,10.41,,0.05,,,60.78,,17.0,-22.87140046,-43.45942235
2017-07-24 17:30:00,UNIDADE MOVEL BANGU,0.0,24.37,52.13,9.16,,0.11,,,40.84,,16.0,-22.87140046,-43.45942235
2017-07-24 18:30:00,UNIDADE MOVEL BANGU,0.0,22.77,58.6,7.02,,0.34,,,7.97,,20.0,-22.87140046,-43.45942235
2017-07-24 19:30:00,UNIDADE MOVEL BANGU,0.0,22.25,63.28,5.29,,0.49,,,4.09,,24.0,-22.87140046,-43.45942235
2017-07-24 20:30:00,UNIDADE MOVEL BANGU,0.0,21.28,70.92,4.16,,0.41,,,3.11,,21.0,-22.87140046,-43.45942235
2017-07-24 21:30:00,UNIDADE MOVEL BANGU,0.0,21.17,75.48,3.04,,0.25,,,3.28,,19.0,-22.87140046,-43.45942235
2017-07-24 22:30:00,UNIDADE MOVEL BANGU,0.0,20.62,78.22,2.59,,0.46,,,2.54,,21.0,-22.87140046,-43.45942235
2017-07-24 23:30:00,UNIDADE MOVEL BANGU,0.0,20.38,79.0,2.09,,0.21,,,2.25,,20.0,-22.87140046,-43.45942235
2017-07-25 00:30:00,UNIDADE MOVEL BANGU,0.0,19.82,81.28,0.98,,0.21,,,2.77,,14.0,-22.87140046,-43.45942235
2017-07-25 01:30:00,UNIDADE MOVEL BANGU,0.0,19.32,83.63,1.12,,0.19,,,2.95,,16.0,-22.87140046,-43.45942235
2017-07-25 02:30:00,UNIDADE MOVEL BANGU,0.0,18.85,85.68,0.76,,0.13,,,2.8,,5.0,-22.87140046,-43.45942235
2017-07-25 03:30:00,UNIDADE MOVEL BANGU,0.0,18.37,87.1,0.2,,0.07,,,4.66,,13.0,-22.87140046,-43.45942235
2017-07-25 04:30:00,UNIDADE MOVEL BANGU,0.0,17.87,88.58,0.04,,0.13,,,4.94,,10.0,-22.87140046,-43.45942235
2017-07-25 05:30:00,UNIDADE MOVEL BANGU,0.0,17.33,90.17,0.34,,0.09,,,2.15,,9.0,-22.87140046,-43.45942235
2017-07-25 06:30:00,UNIDADE MOVEL BANGU,0.0,17.2,90.62,0.75,,0.43,,,2.58,,21.0,-22.87140046,-43.45942235
2017-07-25 07:30:00,UNIDADE MOVEL BANGU,0.0,19.2,83.83,1.22,,0.46,,,2.21,,16.0,-22.87140046,-43.45942235
2017-07-25 08:30:00,UNIDADE MOVEL BANGU,0.0,22.18,70.58,2.03,,0.51,,,5.29,,7.0,-22.87140046,-43.45942235
2017-07-25 09:30:00,UNIDADE MOVEL BANGU,0.0,24.47,60.7,8.61,,0.29,,,7.59,,25.0,-22.87140046,-43.45942235
2017-07-25 10:30:00,UNIDADE MOVEL BANGU,0.0,26.55,52.13,7.81,,0.15,,,19.96,,12.0,-22.87140046,-43.45942235
2017-07-25 11:30:00,UNIDADE MOVEL BANGU,0.0,28.48,41.98,7.34,,0.12,,,34.35,,16.0,-22.87140046,-43.45942235
2017-07-25 12:30:00,UNIDADE MOVEL BANGU,0.0,29.33,34.82,5.66,,0.09,,,43.0,,1.0,-22.87140046,-43.45942235
2017-07-25 13:30:00,UNIDADE MOVEL BANGU,0.0,29.62,31.18,4.9,,0.11,,,47.49,,3.0,-22.87140046,-43.45942235
2017-07-25 14:30:00,UNIDADE MOVEL BANGU,0.0,29.47,31.08,5.74,,0.06,,,56.46,,5.0,-22.87140046,-43.45942235
2017-07-25 15:30:00,UNIDADE MOVEL BANGU,0.0,29.22,31.4,10.12,,0.08,,,60.39,,7.0,-22.87140046,-43.45942235
2017-07-25 16:30:00,UNIDADE MOVEL BANGU,0.0,27.83,37.58,13.66,,0.09,,,46.13,,8.0,-22.87140046,-43.45942235
2017-07-25 17:30:00,UNIDADE MOVEL BANGU,0.0,25.7,47.62,8.38,,0.22,,,32.6,,16.0,-22.87140046,-43.45942235
2017-07-25 18:30:00,UNIDADE MOVEL BANGU,0.0,23.98,51.28,7.87,,0.46,,,7.65,,24.0,-22.87140046,-43.45942235
2017-07-25 19:30:00,UNIDADE MOVEL BANGU,0.0,23.08,56.1,7.12,,0.6,,,3.29,,26.0,-22.87140046,-43.45942235
2017-07-25 20:30:00,UNIDADE MOVEL BANGU,0.0,22.3,60.4,6.6,,0.81,,,4.7,,28.0,-22.87140046,-43.45942235
2017-07-25 21:30:00,UNIDADE MOVEL BANGU,0.0,22.07,63.93,5.92,,0.66,,,4.16,,34.0,-22.87140046,-43.45942235
2017-07-25 22:30:00,UNIDADE MOVEL BANGU,0.0,21.38,69.7,4.52,,0.56,,,3.75,,24.0,-22.87140046,-43.45942235
2017-07-25 23:30:00,UNIDADE MOVEL BANGU,0.0,20.63,74.23,3.34,,0.31,,,2.87,,19.0,-22.87140046,-43.45942235
2017-07-26 00:30:00,UNIDADE MOVEL BANGU,0.0,20.1,77.65,0.88,,0.32,,,2.53,,26.0,-22.87140046,-43.45942235
2017-07-26 01:30:00,UNIDADE MOVEL BANGU,0.0,19.52,80.88,0.42,,0.23,,,2.22,,20.0,-22.87140046,-43.45942235
2017-07-26 02:30:00,UNIDADE MOVEL BANGU,0.0,19.02,83.92,0.05,,0.17,,,2.0,,14.0,-22.87140046,-43.45942235
2017-07-26 03:30:00,UNIDADE MOVEL BANGU,0.0,18.73,85.18,0.0,,0.14,,,2.27,,,-22.87140046,-43.45942235
2017-07-26 04:30:00,UNIDADE MOVEL BANGU,0.0,18.13,86.9,0.0,,0.08,,,2.75,,,-22.87140046,-43.45942235
2017-07-26 05:30:00,UNIDADE MOVEL BANGU,0.0,17.43,87.1,0.0,,0.1,,,2.56,,,-22.87140046,-43.45942235
2017-07-26 06:30:00,UNIDADE MOVEL BANGU,0.0,17.27,87.67,0.42,,0.33000000000000007,,,3.7,,,-22.87140046,-43.45942235
2017-07-26 07:30:00,UNIDADE MOVEL BANGU,0.0,18.55,80.55,0.44,,0.56,,,3.89,,,-22.87140046,-43.45942235
2017-07-26 08:30:00,UNIDADE MOVEL BANGU,0.0,20.93,64.67,0.59,,0.36,,,9.53,,,-22.87140046,-43.45942235
2017-07-26 09:30:00,UNIDADE MOVEL BANGU,0.0,23.05,57.52,2.5,,0.15,,,17.69,,,-22.87140046,-43.45942235
2017-07-26 10:30:00,UNIDADE MOVEL BANGU,0.0,25.18,48.85,4.31,,0.06,,,30.87,,,-22.87140046,-43.45942235
2017-07-26 11:30:00,UNIDADE MOVEL BANGU,0.0,26.73,43.15,4.3,,0.06,,,41.22,,,-22.87140046,-43.45942235
2017-07-26 12:30:00,UNIDADE MOVEL BANGU,0.0,27.4,37.88,5.07,,0.04,,,51.43,,,-22.87140046,-43.45942235
2017-07-26 13:30:00,UNIDADE MOVEL BANGU,0.0,28.57,31.38,4.52,,0.02,,,55.69,,,-22.87140046,-43.45942235
2017-07-26 14:30:00,UNIDADE MOVEL BANGU,0.0,29.1,31.18,1.05,,0.04,,,65.52,,,-22.87140046,-43.45942235
2017-07-26 15:30:00,UNIDADE MOVEL BANGU,0.0,28.57,34.63,9.68,,0.07,,,60.25,,,-22.87140046,-43.45942235
2017-07-26 16:30:00,UNIDADE MOVEL BANGU,0.0,27.23,36.78,8.28,,0.03,,,48.34,,21.0,-22.87140046,-43.45942235
2017-07-26 17:30:00,UNIDADE MOVEL BANGU,0.0,24.93,45.52,7.25,,0.08,,,37.41,,18.0,-22.87140046,-43.45942235
2017-07-26 18:30:00,UNIDADE MOVEL BANGU,0.0,23.58,50.15,4.16,,0.19,,,27.4,,20.0,-22.87140046,-43.45942235
2017-07-26 19:30:00,UNIDADE MOVEL BANGU,0.0,22.33,57.0,3.23,,0.29,,,7.04,,10.0,-22.87140046,-43.45942235
2017-07-26 20:30:00,UNIDADE MOVEL BANGU,0.0,21.6,60.2,2.04,,0.27,,,4.77,,21.0,-22.87140046,-43.45942235
2017-07-26 21:30:00,UNIDADE MOVEL BANGU,0.0,21.03,52.82,0.43,,0.12,,,6.43,,14.0,-22.87140046,-43.45942235
2017-07-26 22:30:00,UNIDADE MOVEL BANGU,0.0,20.43,52.05,0.04,,0.08,,,7.22,,10.0,-22.87140046,-43.45942235
2017-07-26 23:30:00,UNIDADE MOVEL BANGU,0.0,19.75,58.22,0.0,,0.09,,,4.9,,17.0,-22.87140046,-43.45942235
2017-07-27 00:30:00,UNIDADE MOVEL BANGU,0.0,19.2,64.05,0.51,,0.08,,,5.24,,15.0,-22.87140046,-43.45942235
2017-07-27 01:30:00,UNIDADE MOVEL BANGU,0.0,18.95,67.83,0.56,,0.04,,,9.03,,3.0,-22.87140046,-43.45942235
2017-07-27 02:30:00,UNIDADE MOVEL BANGU,0.0,18.35,72.35,0.19,,0.05,,,8.63,,11.0,-22.87140046,-43.45942235
2017-07-27 03:30:00,UNIDADE MOVEL BANGU,0.0,17.88,75.4,0.05,,0.02,,,9.89,,9.0,-22.87140046,-43.45942235
2017-07-27 04:30:00,UNIDADE MOVEL BANGU,0.0,17.68,76.82,0.0,,0.02,,,6.39,,9.0,-22.87140046,-43.45942235
2017-07-27 05:30:00,UNIDADE MOVEL BANGU,0.0,17.58,77.35,0.23,,0.08,,,2.86,,15.0,-22.87140046,-43.45942235
2017-07-27 06:30:00,UNIDADE MOVEL BANGU,0.0,17.42,77.98,0.34,,0.27,,,2.36,,11.0,-22.87140046,-43.45942235
2017-07-27 07:30:00,UNIDADE MOVEL BANGU,0.0,18.55,71.82,0.83,,0.33,,,4.08,,8.0,-22.87140046,-43.45942235
2017-07-27 08:30:00,UNIDADE MOVEL BANGU,0.0,21.15,60.58,1.75,,0.21,,,6.59,,16.0,-22.87140046,-43.45942235
2017-07-27 09:30:00,UNIDADE MOVEL BANGU,0.0,22.78,52.65,3.72,,0.13,,,11.35,,16.0,-22.87140046,-43.45942235
2017-07-27 10:30:00,UNIDADE MOVEL BANGU,0.0,24.35,48.38,3.49,,0.1,,,25.83,,12.0,-22.87140046,-43.45942235
2017-07-27 11:30:00,UNIDADE MOVEL BANGU,0.0,25.35,45.42,10.28,,0.07,,,39.8,,13.0,-22.87140046,-43.45942235
2017-07-27 12:30:00,UNIDADE MOVEL BANGU,0.0,24.63,46.22,21.18,,0.06,,,44.59,,11.0,-22.87140046,-43.45942235
2017-07-27 13:30:00,UNIDADE MOVEL BANGU,0.0,25.07,43.67,12.03,,0.03,,,47.7,,23.0,-22.87140046,-43.45942235
2017-07-27 14:30:00,UNIDADE MOVEL BANGU,0.0,26.2,41.6,6.41,,0.04,,,48.66,,15.0,-22.87140046,-43.45942235
2017-07-27 15:30:00,UNIDADE MOVEL BANGU,0.0,26.07,39.98,6.49,,0.06,,,52.0,,15.0,-22.87140046,-43.45942235
2017-07-27 16:30:00,UNIDADE MOVEL BANGU,0.0,25.27,42.43,5.56,,0.03,,,49.78,,25.0,-22.87140046,-43.45942235
2017-07-27 17:30:00,UNIDADE MOVEL BANGU,0.0,23.02,48.52,3.24,,0.02,,,42.43,,8.0,-22.87140046,-43.45942235
2017-07-27 18:30:00,UNIDADE MOVEL BANGU,0.0,21.87,52.72,3.22,,0.33,,,21.29,,6.0,-22.87140046,-43.45942235
2017-07-27 19:30:00,UNIDADE MOVEL BANGU,0.0,20.58,58.22,2.72,,0.27,,,4.73,,28.0,-22.87140046,-43.45942235
2017-07-27 20:30:00,UNIDADE MOVEL BANGU,0.0,20.25,61.58,2.04,,0.2,,,3.4,,16.0,-22.87140046,-43.45942235
2017-07-27 21:30:00,UNIDADE MOVEL BANGU,0.0,20.08,64.13,1.95,,0.25,,,3.45,,12.0,-22.87140046,-43.45942235
2017-07-27 22:30:00,UNIDADE MOVEL BANGU,0.0,19.82,61.7,1.58,,0.11,,,8.85,,13.0,-22.87140046,-43.45942235
2017-07-27 23:30:00,UNIDADE MOVEL BANGU,0.0,19.25,62.13,1.13,,0.07,,,10.25,,7.0,-22.87140046,-43.45942235
2017-07-28 00:30:00,UNIDADE MOVEL BANGU,0.0,18.43,66.5,0.75,,0.55,,,6.41,,1.0,-22.87140046,-43.45942235
2017-07-28 01:30:00,UNIDADE MOVEL BANGU,0.0,17.82,71.47,0.69,,0.44,,,8.63,,2.0,-22.87140046,-43.45942235
2017-07-28 02:30:00,UNIDADE MOVEL BANGU,0.0,17.53,72.75,0.34,,0.38,,,11.61,,5.0,-22.87140046,-43.45942235
2017-07-28 03:30:00,UNIDADE MOVEL BANGU,0.0,17.17,74.47,0.28,,0.35,,,14.71,,4.0,-22.87140046,-43.45942235
2017-07-28 04:30:00,UNIDADE MOVEL BANGU,0.0,16.45,77.85,0.14,,0.4,,,8.05,,7.0,-22.87140046,-43.45942235
2017-07-28 05:30:00,UNIDADE MOVEL BANGU,0.0,16.48,77.02,0.36,,0.63,,,5.16,,8.0,-22.87140046,-43.45942235
2017-07-28 06:30:00,UNIDADE MOVEL BANGU,0.0,16.18,79.13,1.54,,1.19,,,3.9,,13.0,-22.87140046,-43.45942235
2017-07-28 07:30:00,UNIDADE MOVEL BANGU,0.0,17.83,73.98,2.8,,1.21,,,3.51,,20.0,-22.87140046,-43.45942235
2017-07-28 08:30:00,UNIDADE MOVEL BANGU,0.0,20.9,62.82,3.69,,0.81,,,10.74,,16.0,-22.87140046,-43.45942235
2017-07-28 09:30:00,UNIDADE MOVEL BANGU,0.0,22.68,52.8,22.23,,0.5,,,28.86,,14.0,-22.87140046,-43.45942235
2017-07-28 10:30:00,UNIDADE MOVEL BANGU,0.0,24.47,45.42,57.67,,0.47,,,31.84,,8.0,-22.87140046,-43.45942235
2017-07-28 11:30:00,UNIDADE MOVEL BANGU,0.0,25.12,39.32,8.57,,0.6,,,32.19,,9.0,-22.87140046,-43.45942235
2017-07-28 12:30:00,UNIDADE MOVEL BANGU,0.0,25.65,36.5,4.81,,0.48,,,45.68,,11.0,-22.87140046,-43.45942235
2017-07-28 13:30:00,UNIDADE MOVEL BANGU,0.0,26.03,39.02,4.94,,0.56,,,56.95,,10.0,-22.87140046,-43.45942235
2017-07-28 14:30:00,UNIDADE MOVEL BANGU,0.0,26.35,39.25,5.13,,0.5,,,55.58,,11.0,-22.87140046,-43.45942235
2017-07-28 15:30:00,UNIDADE MOVEL BANGU,0.0,26.17,41.05,5.0,,0.53,,,45.28,,8.0,-22.87140046,-43.45942235
2017-07-28 16:30:00,UNIDADE MOVEL BANGU,0.0,25.58,43.42,4.69,,0.46,,,37.7,,8.0,-22.87140046,-43.45942235
2017-07-28 17:30:00,UNIDADE MOVEL BANGU,0.0,23.45,53.02,3.86,,0.48,,,35.71,,16.0,-22.87140046,-43.45942235
2017-07-28 18:30:00,UNIDADE MOVEL BANGU,0.0,22.24,57.4,2.79,,0.79,,,19.68,,16.0,-22.87140046,-43.45942235
2017-07-28 19:30:00,UNIDADE MOVEL BANGU,0.0,21.28,62.52,2.28,,0.92,,,11.87,,13.0,-22.87140046,-43.45942235
2017-07-28 20:30:00,UNIDADE MOVEL BANGU,0.0,20.53,67.18,2.11,,0.9,,,3.4,,17.0,-22.87140046,-43.45942235
2017-07-28 21:30:00,UNIDADE MOVEL BANGU,0.0,20.37,68.72,2.34,,0.95,,,2.83,,15.0,-22.87140046,-43.45942235
2017-07-28 22:30:00,UNIDADE MOVEL BANGU,0.0,20.07,70.13,2.09,,0.93,,,3.13,,15.0,-22.87140046,-43.45942235
2017-07-28 23:30:00,UNIDADE MOVEL BANGU,0.0,19.85,70.72,1.75,,0.72,,,5.99,,12.0,-22.87140046,-43.45942235
2017-07-29 00:30:00,UNIDADE MOVEL BANGU,0.0,19.52,73.87,0.78,,0.12,,,11.09,,7.0,-22.87140046,-43.45942235
2017-07-29 01:30:00,UNIDADE MOVEL BANGU,0.0,19.2,76.57,0.37,,0.09,,,11.6,,12.0,-22.87140046,-43.45942235
2017-07-29 02:30:00,UNIDADE MOVEL BANGU,0.0,18.88,78.45,0.31,,0.05,,,13.92,,9.0,-22.87140046,-43.45942235
2017-07-29 03:30:00,UNIDADE MOVEL BANGU,0.0,18.92,78.12,0.01,,0.04,,,18.99,,17.0,-22.87140046,-43.45942235
2017-07-29 04:30:00,UNIDADE MOVEL BANGU,0.0,18.42,80.48,0.0,,0.04,,,14.85,,11.0,-22.87140046,-43.45942235
2017-07-29 05:30:00,UNIDADE MOVEL BANGU,0.0,18.93,79.02,0.0,,0.03,,,18.05,,9.0,-22.87140046,-43.45942235
2017-07-29 06:30:00,UNIDADE MOVEL BANGU,0.0,19.18,78.07,0.0,,0.04,,,10.31,,6.0,-22.87140046,-43.45942235
2017-07-29 07:30:00,UNIDADE MOVEL BANGU,0.0,19.73,77.38,0.04,,0.06,,,11.02,,9.0,-22.87140046,-43.45942235
2017-07-29 08:30:00,UNIDADE MOVEL BANGU,0.0,20.57,74.42,0.55,,0.07,,,17.08,,11.0,-22.87140046,-43.45942235
2017-07-29 09:30:00,UNIDADE MOVEL BANGU,0.0,22.15,66.5,0.83,,0.05,,,27.01,,10.0,-22.87140046,-43.45942235
2017-07-29 10:30:00,UNIDADE MOVEL BANGU,0.0,23.3,59.37,1.42,,0.04,,,34.89,,7.0,-22.87140046,-43.45942235
2017-07-29 11:30:00,UNIDADE MOVEL BANGU,0.0,24.38,51.92,1.85,,0.02,,,42.62,,12.0,-22.87140046,-43.45942235
2017-07-29 12:30:00,UNIDADE MOVEL BANGU,0.0,25.08,49.2,2.04,,0.02,,,46.88,,9.0,-22.87140046,-43.45942235
2017-07-29 13:30:00,UNIDADE MOVEL BANGU,0.0,25.33,48.5,1.98,,0.05,,,42.6,,8.0,-22.87140046,-43.45942235
2017-07-29 14:30:00,UNIDADE MOVEL BANGU,0.0,25.52,46.88,2.21,,0.03,,,41.87,,14.0,-22.87140046,-43.45942235
2017-07-29 15:30:00,UNIDADE MOVEL BANGU,0.0,24.98,49.9,2.12,,0.03,,,47.16,,8.0,-22.87140046,-43.45942235
2017-07-29 16:30:00,UNIDADE MOVEL BANGU,0.0,24.7,50.07,2.04,,0.04,,,38.99,,9.0,-22.87140046,-43.45942235
2017-07-29 17:30:00,UNIDADE MOVEL BANGU,0.0,23.65,53.12,1.75,,0.14,,,32.32,,8.0,-22.87140046,-43.45942235
2017-07-29 18:30:00,UNIDADE MOVEL BANGU,0.0,22.45,58.75,1.11,,0.13,,,28.75,,13.0,-22.87140046,-43.45942235
2017-07-29 19:30:00,UNIDADE MOVEL BANGU,0.0,21.45,63.38,0.62,,0.07,,,24.58,,12.0,-22.87140046,-43.45942235
2017-07-29 20:30:00,UNIDADE MOVEL BANGU,0.0,20.77,65.5,0.36,,0.07,,,22.51,,8.0,-22.87140046,-43.45942235
2017-07-29 21:30:00,UNIDADE MOVEL BANGU,0.0,20.23,68.2,0.12,,0.11,,,15.62,,9.0,-22.87140046,-43.45942235
2017-07-29 22:30:00,UNIDADE MOVEL BANGU,0.0,19.9,70.62,0.05,,0.16,,,10.11,,9.0,-22.87140046,-43.45942235
2017-07-29 23:30:00,UNIDADE MOVEL BANGU,0.0,19.47,72.43,0.0,,0.15,,,10.08,,12.0,-22.87140046,-43.45942235
2017-07-30 00:30:00,UNIDADE MOVEL BANGU,0.0,18.87,74.6,1.03,,0.26,,,5.67,,15.0,-22.87140046,-43.45942235
2017-07-30 01:30:00,UNIDADE MOVEL BANGU,0.0,18.37,76.6,1.23,,0.23,,,4.84,,24.0,-22.87140046,-43.45942235
2017-07-30 02:30:00,UNIDADE MOVEL BANGU,0.0,17.95,78.25,1.06,,0.18,,,5.62,,16.0,-22.87140046,-43.45942235
2017-07-30 03:30:00,UNIDADE MOVEL BANGU,0.0,17.95,77.92,0.82,,0.1,,,11.1,,14.0,-22.87140046,-43.45942235
2017-07-30 04:30:00,UNIDADE MOVEL BANGU,0.0,18.43,75.3,0.91,,0.08,,,12.03,,11.0,-22.87140046,-43.45942235
2017-07-30 05:30:00,UNIDADE MOVEL BANGU,0.0,18.15,76.15,1.12,,0.07,,,12.87,,14.0,-22.87140046,-43.45942235
2017-07-30 06:30:00,UNIDADE MOVEL BANGU,0.0,17.27,79.5,0.9,,0.15000000000000002,,,6.85,,8.0,-22.87140046,-43.45942235
2017-07-30 07:30:00,UNIDADE MOVEL BANGU,0.0,18.95,73.15,1.04,,0.23,,,11.06,,6.0,-22.87140046,-43.45942235
2017-07-30 08:30:00,UNIDADE MOVEL BANGU,0.0,21.32,62.45,1.98,,0.1,,,21.07,,10.0,-22.87140046,-43.45942235
2017-07-30 09:30:00,UNIDADE MOVEL BANGU,0.0,22.75,56.22,5.58,,0.08,,,31.09,,11.0,-22.87140046,-43.45942235
2017-07-30 10:30:00,UNIDADE MOVEL BANGU,0.0,24.62,48.92,10.13,,0.05,,,40.1,,10.0,-22.87140046,-43.45942235
2017-07-30 11:30:00,UNIDADE MOVEL BANGU,0.0,25.42,43.48,8.55,,0.05,,,50.48,,3.0,-22.87140046,-43.45942235
2017-07-30 12:30:00,UNIDADE MOVEL BANGU,0.0,26.07,38.83,8.71,,0.06,,,59.72,,8.0,-22.87140046,-43.45942235
2017-07-30 13:30:00,UNIDADE MOVEL BANGU,0.0,27.27,32.23,8.34,,0.05,,,65.0,,14.0,-22.87140046,-43.45942235
2017-07-30 14:30:00,UNIDADE MOVEL BANGU,,27.56,35.88,9.44,,0.05,,,67.45,,10.0,-22.87140046,-43.45942235
2017-07-30 15:30:00,UNIDADE MOVEL BANGU,0.0,26.13,40.97,13.61,,0.06,,,69.92,,16.0,-22.87140046,-43.45942235
2017-07-30 16:30:00,UNIDADE MOVEL BANGU,0.0,25.6,41.98,14.7,,0.1,,,68.4,,8.0,-22.87140046,-43.45942235
2017-07-30 17:30:00,UNIDADE MOVEL BANGU,0.0,23.88,46.53,12.79,,0.11,,,55.66,,36.0,-22.87140046,-43.45942235
2017-07-30 18:30:00,UNIDADE MOVEL BANGU,0.0,22.83,50.48,8.3,,0.2,,,33.53,,31.0,-22.87140046,-43.45942235
2017-07-30 19:30:00,UNIDADE MOVEL BANGU,0.0,22.43,55.78,5.39,,0.24,,,15.78,,18.0,-22.87140046,-43.45942235
2017-07-30 20:30:00,UNIDADE MOVEL BANGU,0.0,21.85,59.75,3.64,,0.15,,,18.35,,14.0,-22.87140046,-43.45942235
2017-07-30 21:30:00,UNIDADE MOVEL BANGU,0.0,21.18,63.82,3.17,,0.1,,,15.17,,13.0,-22.87140046,-43.45942235
2017-07-30 22:30:00,UNIDADE MOVEL BANGU,0.0,20.6,67.32,2.95,,0.13,,,12.31,,10.0,-22.87140046,-43.45942235
2017-07-30 23:30:00,UNIDADE MOVEL BANGU,0.0,19.83,71.95,2.44,,0.11,,,10.38,,9.0,-22.87140046,-43.45942235
2017-07-31 00:30:00,UNIDADE MOVEL BANGU,0.0,19.15,75.65,1.16,,0.62,,,9.0,,12.0,-22.87140046,-43.45942235
2017-07-31 01:30:00,UNIDADE MOVEL BANGU,0.0,18.63,79.0,0.83,,0.54,,,10.64,,11.0,-22.87140046,-43.45942235
2017-07-31 02:30:00,UNIDADE MOVEL BANGU,0.0,18.28,80.23,0.47,,0.53,,,9.53,,14.0,-22.87140046,-43.45942235
2017-07-31 03:30:00,UNIDADE MOVEL BANGU,0.0,17.68,82.65,0.76,,0.48,,,11.76,,,-22.87140046,-43.45942235
2017-07-31 04:30:00,UNIDADE MOVEL BANGU,0.0,17.13,85.03,1.57,,0.48,,,8.21,,,-22.87140046,-43.45942235
2017-07-31 05:30:00,UNIDADE MOVEL BANGU,0.0,16.73,85.48,1.38,,0.54,,,2.54,,,-22.87140046,-43.45942235
2017-07-31 06:30:00,UNIDADE MOVEL BANGU,0.0,16.42,86.3,1.54,,0.5650000000000001,,,3.1,,,-22.87140046,-43.45942235
2017-07-31 07:30:00,UNIDADE MOVEL BANGU,0.0,18.55,77.57,3.34,,0.5900000000000001,,,3.36,,,-22.87140046,-43.45942235
2017-07-31 08:30:00,UNIDADE MOVEL BANGU,0.0,21.18,66.8,3.32,,0.615,,,6.07,,,-22.87140046,-43.45942235
2017-07-31 09:30:00,UNIDADE MOVEL BANGU,0.0,23.22,55.42,5.28,,0.64,,,22.59,,,-22.87140046,-43.45942235
2017-07-31 10:30:00,UNIDADE MOVEL BANGU,0.0,25.18,47.55,6.66,,0.54,,,31.87,,,-22.87140046,-43.45942235
2017-07-31 11:30:00,UNIDADE MOVEL BANGU,0.0,26.27,38.97,6.27,,0.56,,,41.26,,,-22.87140046,-43.45942235
2017-07-31 12:30:00,UNIDADE MOVEL BANGU,0.0,26.97,31.75,5.13,,0.44,,,49.8,,,-22.87140046,-43.45942235
2017-07-31 13:30:00,UNIDADE MOVEL BANGU,0.0,26.83,30.42,4.17,,0.4,,,49.52,,,-22.87140046,-43.45942235
2017-07-31 14:30:00,UNIDADE MOVEL BANGU,0.0,27.2,29.42,4.28,,0.39,,,49.41,,,-22.87140046,-43.45942235
2017-07-31 15:30:00,UNIDADE MOVEL BANGU,0.0,26.35,31.22,4.34,,0.38,,,46.3,,,-22.87140046,-43.45942235
2017-07-31 16:30:00,UNIDADE MOVEL BANGU,0.0,25.83,32.27,4.03,,0.37,,,44.02,,,-22.87140046,-43.45942235
2017-07-31 17:30:00,UNIDADE MOVEL BANGU,0.0,24.82,38.75,4.18,,0.56,,,36.06,,,-22.87140046,-43.45942235
2017-07-31 18:30:00,UNIDADE MOVEL BANGU,0.0,23.48,43.97,3.99,,,,,19.04,,,-22.87140046,-43.45942235
2017-07-31 19:30:00,UNIDADE MOVEL BANGU,0.0,22.13,49.98,4.31,,,,,4.5,,,-22.87140046,-43.45942235
2017-07-31 20:30:00,UNIDADE MOVEL BANGU,0.0,21.32,53.28,4.4,,,,,3.66,,,-22.87140046,-43.45942235
2017-07-31 21:30:00,UNIDADE MOVEL BANGU,0.0,20.95,61.28,3.09,,,,,2.84,,,-22.87140046,-43.45942235
2017-07-31 22:30:00,UNIDADE MOVEL BANGU,0.0,20.35,65.73,2.23,,,,,3.3,,,-22.87140046,-43.45942235
2017-07-31 23:30:00,UNIDADE MOVEL BANGU,0.0,19.7,70.3,2.19,,,,,3.1,,,-22.87140046,-43.45942235
2017-08-01 00:30:00,UNIDADE MOVEL BANGU,0.0,19.1,74.45,1.44,,0.34,,,3.45,,,-22.87140046,-43.45942235
2017-08-01 01:30:00,UNIDADE MOVEL BANGU,0.0,18.63,76.73,1.42,,0.29,,,3.21,,,-22.87140046,-43.45942235
2017-08-01 02:30:00,UNIDADE MOVEL BANGU,0.0,18.33,77.87,1.57,,0.21,,,2.61,,,-22.87140046,-43.45942235
2017-08-01 03:30:00,UNIDADE MOVEL BANGU,0.0,17.88,79.93,1.36,,0.13,,,3.18,,,-22.87140046,-43.45942235
2017-08-01 04:30:00,UNIDADE MOVEL BANGU,0.0,17.47,81.1,1.02,,0.1,,,3.25,,,-22.87140046,-43.45942235
2017-08-01 05:30:00,UNIDADE MOVEL BANGU,0.0,16.65,79.63,1.16,,0.1,,,4.99,,,-22.87140046,-43.45942235
2017-08-01 06:30:00,UNIDADE MOVEL BANGU,0.0,16.35,81.33,1.55,,0.37,,,3.3,,,-22.87140046,-43.45942235
2017-08-01 07:30:00,UNIDADE MOVEL BANGU,0.0,18.68,73.57,2.19,,0.57,,,4.02,,,-22.87140046,-43.45942235
2017-08-01 08:30:00,UNIDADE MOVEL BANGU,0.0,21.7,61.15,2.75,,0.51,,,8.02,,,-22.87140046,-43.45942235
2017-08-01 09:30:00,UNIDADE MOVEL BANGU,0.0,23.78,51.72,3.82,,0.26,,,15.04,,,-22.87140046,-43.45942235
2017-08-01 10:30:00,UNIDADE MOVEL BANGU,0.0,25.58,38.9,1.38,,0.14,,,30.26,,,-22.87140046,-43.45942235
2017-08-01 11:30:00,UNIDADE MOVEL BANGU,0.0,26.77,27.62,1.21,,0.03,,,45.26,,14.0,-22.87140046,-43.45942235
2017-08-01 12:30:00,UNIDADE MOVEL BANGU,0.0,26.95,26.33,2.09,,0.03,,,47.4,,7.0,-22.87140046,-43.45942235
2017-08-01 13:30:00,UNIDADE MOVEL BANGU,0.0,27.43,26.67,2.8,,0.03,,,45.94,,2.0,-22.87140046,-43.45942235
2017-08-01 14:30:00,UNIDADE MOVEL BANGU,0.0,27.57,26.05,2.99,,0.05,,,53.79,,6.0,-22.87140046,-43.45942235
2017-08-01 15:30:00,UNIDADE MOVEL BANGU,0.0,28.0,25.83,3.36,,0.04,,,55.81,,15.0,-22.87140046,-43.45942235
2017-08-01 16:30:00,UNIDADE MOVEL BANGU,0.0,26.473333333333333,29.22,3.953333333333333,,0.05,,,43.615,,16.0,-22.87140046,-43.45942235
2017-08-01 17:30:00,UNIDADE MOVEL BANGU,0.0,24.94666666666667,32.61,4.546666666666667,,0.06,,,31.42,,17.0,-22.87140046,-43.45942235
2017-08-01 18:30:00,UNIDADE MOVEL BANGU,0.0,23.42,36.0,5.14,,0.27,,,26.08,,18.0,-22.87140046,-43.45942235
2017-08-01 19:30:00,UNIDADE MOVEL BANGU,0.0,21.73,43.88,5.92,,0.28,,,5.55,,19.0,-22.87140046,-43.45942235
2017-08-01 20:30:00,UNIDADE MOVEL BANGU,0.0,20.63,47.62,5.22,,0.37,,,3.93,,20.0,-22.87140046,-43.45942235
2017-08-01 21:30:00,UNIDADE MOVEL BANGU,0.0,20.25,48.98,4.32,,0.55,,,3.77,,29.0,-22.87140046,-43.45942235
2017-08-01 22:30:00,UNIDADE MOVEL BANGU,0.0,19.72,53.93,3.06,,0.48,,,3.23,,25.0,-22.87140046,-43.45942235
2017-08-01 23:30:00,UNIDADE MOVEL BANGU,0.0,19.38,57.1,3.21,,0.3,,,3.01,,28.0,-22.87140046,-43.45942235
2017-08-02 00:30:00,UNIDADE MOVEL BANGU,0.0,18.7,61.05,8.65,,0.25,,,2.86,,22.0,-22.87140046,-43.45942235
2017-08-02 01:30:00,UNIDADE MOVEL BANGU,0.0,18.05,64.82,6.39,,0.23,,,3.71,,17.0,-22.87140046,-43.45942235
2017-08-02 02:30:00,UNIDADE MOVEL BANGU,0.0,17.78,65.63,2.97,,0.23,,,3.52,,28.0,-22.87140046,-43.45942235
2017-08-02 03:30:00,UNIDADE MOVEL BANGU,0.0,17.45,67.87,1.71,,0.14,,,3.15,,16.0,-22.87140046,-43.45942235
2017-08-02 04:30:00,UNIDADE MOVEL BANGU,0.0,16.95,69.92,1.48,,0.14,,,3.42,,26.0,-22.87140046,-43.45942235
2017-08-02 05:30:00,UNIDADE MOVEL BANGU,0.0,16.48,70.5,1.27,,0.06,,,3.89,,21.0,-22.87140046,-43.45942235
2017-08-02 06:30:00,UNIDADE MOVEL BANGU,0.0,16.28,72.35,1.29,,0.29,,,2.68,,25.0,-22.87140046,-43.45942235
2017-08-02 07:30:00,UNIDADE MOVEL BANGU,0.0,17.83,66.9,3.68,,1.15,,,4.36,,23.0,-22.87140046,-43.45942235
2017-08-02 08:30:00,UNIDADE MOVEL BANGU,0.0,21.45,56.75,4.13,,0.98,,,5.04,,25.0,-22.87140046,-43.45942235
2017-08-02 09:30:00,UNIDADE MOVEL BANGU,0.0,23.03,55.4,4.14,,0.45,,,14.28,,45.0,-22.87140046,-43.45942235
2017-08-02 10:30:00,UNIDADE MOVEL BANGU,0.0,25.6,40.92,5.57,,0.26,,,26.36,,43.0,-22.87140046,-43.45942235
2017-08-02 11:30:00,UNIDADE MOVEL BANGU,0.0,27.88,30.77,5.91,,0.17,,,43.85,,24.0,-22.87140046,-43.45942235
2017-08-02 12:30:00,UNIDADE MOVEL BANGU,0.0,27.93,26.02,4.58,,0.07,,,49.69,,14.0,-22.87140046,-43.45942235
2017-08-02 13:30:00,UNIDADE MOVEL BANGU,0.0,28.67,23.1,4.52,,0.05,,,49.13,,11.0,-22.87140046,-43.45942235
2017-08-02 14:30:00,UNIDADE MOVEL BANGU,0.0,29.48,22.62,5.61,,0.06,,,51.81,,6.0,-22.87140046,-43.45942235
2017-08-02 15:30:00,UNIDADE MOVEL BANGU,0.0,29.42,23.68,6.32,,0.06,,,51.7,,5.0,-22.87140046,-43.45942235
2017-08-02 16:30:00,UNIDADE MOVEL BANGU,0.0,28.9,25.62,5.06,,0.1,,,43.18,,6.0,-22.87140046,-43.45942235
2017-08-02 17:30:00,UNIDADE MOVEL BANGU,0.0,26.85,30.57,4.96,,0.23,,,23.6,,5.0,-22.87140046,-43.45942235
2017-08-02 18:30:00,UNIDADE MOVEL BANGU,0.0,24.58,35.73,11.09,,0.49,,,7.47,,8.0,-22.87140046,-43.45942235
2017-08-02 19:30:00,UNIDADE MOVEL BANGU,0.0,23.37,38.65,8.77,,1.24,,,5.05,,23.0,-22.87140046,-43.45942235
2017-08-02 20:30:00,UNIDADE MOVEL BANGU,0.0,22.75,41.02,7.83,,1.26,,,4.7,,32.0,-22.87140046,-43.45942235
2017-08-02 21:30:00,UNIDADE MOVEL BANGU,0.0,22.43,43.77,4.75,,0.69,,,3.76,,38.0,-22.87140046,-43.45942235
2017-08-02 22:30:00,UNIDADE MOVEL BANGU,0.0,21.57,49.35,3.04,,0.49,,,2.95,,40.0,-22.87140046,-43.45942235
2017-08-02 23:30:00,UNIDADE MOVEL BANGU,0.0,21.05,54.48,2.04,,0.28,,,3.67,,20.0,-22.87140046,-43.45942235
2017-08-03 00:30:00,UNIDADE MOVEL BANGU,0.0,20.52,62.33,1.55,,0.28,,,3.26,,24.0,-22.87140046,-43.45942235
2017-08-03 01:30:00,UNIDADE MOVEL BANGU,0.0,19.95,64.48,1.51,,0.25,,,6.78,,20.0,-22.87140046,-43.45942235
2017-08-03 02:30:00,UNIDADE MOVEL BANGU,0.0,19.35,67.88,1.22,,0.24,,,7.29,,22.0,-22.87140046,-43.45942235
2017-08-03 03:30:00,UNIDADE MOVEL BANGU,0.0,18.47,72.18,0.9,,0.27,,,4.64,,28.0,-22.87140046,-43.45942235
2017-08-03 04:30:00,UNIDADE MOVEL BANGU,0.0,17.92,74.58,0.94,,0.24,,,4.07,,35.0,-22.87140046,-43.45942235
2017-08-03 05:30:00,UNIDADE MOVEL BANGU,0.0,17.95,73.83,1.23,,0.32,,,4.05,,36.0,-22.87140046,-43.45942235
2017-08-03 06:30:00,UNIDADE MOVEL BANGU,0.0,18.07,73.03,1.45,,0.59,,,4.91,,30.0,-22.87140046,-43.45942235
2017-08-03 07:30:00,UNIDADE MOVEL BANGU,0.0,19.65,66.7,2.89,,1.81,,,5.56,,37.0,-22.87140046,-43.45942235
2017-08-03 08:30:00,UNIDADE MOVEL BANGU,0.0,23.68,49.75,3.68,,1.41,,,5.87,,62.0,-22.87140046,-43.45942235
2017-08-03 09:30:00,UNIDADE MOVEL BANGU,0.0,26.43,40.33,3.66,,0.64,,,9.77,,32.0,-22.87140046,-43.45942235
2017-08-03 10:30:00,UNIDADE MOVEL BANGU,0.0,29.75,27.92,3.57,,0.19,,,31.32,,20.0,-22.87140046,-43.45942235
2017-08-03 11:30:00,UNIDADE MOVEL BANGU,0.0,31.0,23.47,3.93,,0.14,,,47.02,,6.0,-22.87140046,-43.45942235
2017-08-03 12:30:00,UNIDADE MOVEL BANGU,0.0,31.42,22.2,5.26,,0.14,,,46.63,,5.0,-22.87140046,-43.45942235
2017-08-03 13:30:00,UNIDADE MOVEL BANGU,0.0,31.4,24.08,5.37,,0.12,,,49.0,,14.0,-22.87140046,-43.45942235
2017-08-03 14:30:00,UNIDADE MOVEL BANGU,0.0,32.25,24.08,5.87,,0.13,,,55.47,,9.0,-22.87140046,-43.45942235
2017-08-03 15:30:00,UNIDADE MOVEL BANGU,0.0,32.13,22.3,5.88,,0.13,,,54.0,,12.0,-22.87140046,-43.45942235
2017-08-03 16:30:00,UNIDADE MOVEL BANGU,0.0,27.43,40.08,5.75,,0.15,,,58.88,,10.0,-22.87140046,-43.45942235
2017-08-03 17:30:00,UNIDADE MOVEL BANGU,0.0,24.1,50.83,5.14,,0.16,,,51.28,,30.0,-22.87140046,-43.45942235
2017-08-03 18:30:00,UNIDADE MOVEL BANGU,0.0,23.28,54.7,4.07,,0.2,,,38.3,,23.0,-22.87140046,-43.45942235
2017-08-03 19:30:00,UNIDADE MOVEL BANGU,0.0,22.83,56.65,3.58,,0.21,,,30.95,,32.0,-22.87140046,-43.45942235
2017-08-03 20:30:00,UNIDADE MOVEL BANGU,1.0,21.73,68.82,2.78,,0.41,,,14.21,,34.0,-22.87140046,-43.45942235
2017-08-03 21:30:00,UNIDADE MOVEL BANGU,2.0,20.27,82.48,2.42,,0.43,,,4.98,,40.0,-22.87140046,-43.45942235
2017-08-03 22:30:00,UNIDADE MOVEL BANGU,0.0,19.4,87.45,1.79,,0.28,,,9.09,,39.0,-22.87140046,-43.45942235
2017-08-03 23:30:00,UNIDADE MOVEL BANGU,0.0,19.87,84.47,1.66,,0.28,,,11.59,,22.0,-22.87140046,-43.45942235
2017-08-04 00:30:00,UNIDADE MOVEL BANGU,0.0,20.3,75.02,0.88,,0.14,,,31.62,,35.0,-22.87140046,-43.45942235
2017-08-04 01:30:00,UNIDADE MOVEL BANGU,0.0,20.1,70.52,0.52,,0.04,,,54.22,,20.0,-22.87140046,-43.45942235
2017-08-04 02:30:00,UNIDADE MOVEL BANGU,0.0,19.9,72.7,0.14,,0.03,,,57.38,,5.0,-22.87140046,-43.45942235
2017-08-04 03:30:00,UNIDADE MOVEL BANGU,0.0,19.73,72.85,0.01,,0.02,,,57.39,,7.0,-22.87140046,-43.45942235
2017-08-04 04:30:00,UNIDADE MOVEL BANGU,0.0,19.43,73.43,0.0,,0.01,,,54.68,,6.0,-22.87140046,-43.45942235
2017-08-04 05:30:00,UNIDADE MOVEL BANGU,0.0,19.5,72.98,0.0,,0.02,,,49.17,,13.0,-22.87140046,-43.45942235
2017-08-04 06:30:00,UNIDADE MOVEL BANGU,0.0,19.48,72.93,0.0,,0.02,,,45.73,,10.0,-22.87140046,-43.45942235
2017-08-04 07:30:00,UNIDADE MOVEL BANGU,0.0,19.73,72.97,0.0,,0.08,,,41.04,,6.0,-22.87140046,-43.45942235
2017-08-04 08:30:00,UNIDADE MOVEL BANGU,0.0,20.67,67.62,0.0,,0.03,,,43.35,,4.0,-22.87140046,-43.45942235
2017-08-04 09:30:00,UNIDADE MOVEL BANGU,0.0,21.82,59.75,0.0,,0.03,,,46.54,,7.0,-22.87140046,-43.45942235
2017-08-04 10:30:00,UNIDADE MOVEL BANGU,0.0,21.12,66.1,0.47,,0.05,,,45.15,,8.0,-22.87140046,-43.45942235
2017-08-04 11:30:00,UNIDADE MOVEL BANGU,0.0,21.58,60.27,0.35,,0.04,,,45.39,,19.0,-22.87140046,-43.45942235
2017-08-04 12:30:00,UNIDADE MOVEL BANGU,0.0,22.52,56.43,0.33,,0.05,,,49.05,,14.0,-22.87140046,-43.45942235
2017-08-04 13:30:00,UNIDADE MOVEL BANGU,0.0,22.17,58.35,0.74,,0.04,,,49.12,,10.0,-22.87140046,-43.45942235
2017-08-04 14:30:00,UNIDADE MOVEL BANGU,0.0,20.75,66.15,0.53,,0.03,,,47.58,,9.0,-22.87140046,-43.45942235
2017-08-04 15:30:00,UNIDADE MOVEL BANGU,0.0,20.32,71.18,0.17,,0.03,,,43.09,,7.0,-22.87140046,-43.45942235
2017-08-04 16:30:00,UNIDADE MOVEL BANGU,0.0,20.22,70.57,0.0,,0.03,,,42.59,,5.0,-22.87140046,-43.45942235
2017-08-04 17:30:00,UNIDADE MOVEL BANGU,0.0,19.8,70.28,0.0,,0.04,,,43.17,,3.0,-22.87140046,-43.45942235
2017-08-04 18:30:00,UNIDADE MOVEL BANGU,0.0,19.35,75.58,0.0,,0.06,,,43.12,,3.0,-22.87140046,-43.45942235
2017-08-04 19:30:00,UNIDADE MOVEL BANGU,0.0,19.35,76.25,0.0,,0.04,,,39.47,,12.0,-22.87140046,-43.45942235
2017-08-04 20:30:00,UNIDADE MOVEL BANGU,0.0,19.3,76.23,0.0,,0.02,,,41.8,,16.0,-22.87140046,-43.45942235
2017-08-04 21:30:00,UNIDADE MOVEL BANGU,0.0,19.27,77.2,0.0,,0.02,,,38.89,,9.0,-22.87140046,-43.45942235
2017-08-04 22:30:00,UNIDADE MOVEL BANGU,8.0,18.43,82.42,0.0,,0.03,,,42.61,,8.0,-22.87140046,-43.45942235
2017-08-04 23:30:00,UNIDADE MOVEL BANGU,1.0,18.28,83.55,0.0,,0.03,,,48.23,,6.0,-22.87140046,-43.45942235
2017-08-05 00:30:00,UNIDADE MOVEL BANGU,4.0,17.85,86.6,0.01,,0.04,,,40.74,,5.0,-22.87140046,-43.45942235
2017-08-05 01:30:00,UNIDADE MOVEL BANGU,1.0,17.53,90.1,0.3,,0.06,,,30.88,,4.0,-22.87140046,-43.45942235
2017-08-05 02:30:00,UNIDADE MOVEL BANGU,1.0,17.45,88.48,0.99,,0.04,,,32.09,,3.0,-22.87140046,-43.45942235
2017-08-05 03:30:00,UNIDADE MOVEL BANGU,1.0,17.35,91.53,0.74,,0.04,,,31.78,,8.0,-22.87140046,-43.45942235
2017-08-05 04:30:00,UNIDADE MOVEL BANGU,0.0,17.4,92.03,0.47,,0.03,,,35.03,,8.0,-22.87140046,-43.45942235
2017-08-05 05:30:00,UNIDADE MOVEL BANGU,0.0,17.33,92.68,0.39,,0.05,,,22.77,,8.0,-22.87140046,-43.45942235
2017-08-05 06:30:00,UNIDADE MOVEL BANGU,0.0,17.48,92.68,0.54,,0.2,,,23.41,,10.0,-22.87140046,-43.45942235
2017-08-05 07:30:00,UNIDADE MOVEL BANGU,0.0,18.03,91.48,0.59,,0.14,,,19.92,,5.0,-22.87140046,-43.45942235
2017-08-05 08:30:00,UNIDADE MOVEL BANGU,0.0,19.57,81.37,0.82,,0.09,,,25.97,,4.0,-22.87140046,-43.45942235
2017-08-05 09:30:00,UNIDADE MOVEL BANGU,0.0,22.12,62.75,1.32,,0.08,,,40.78,,9.0,-22.87140046,-43.45942235
2017-08-05 10:30:00,UNIDADE MOVEL BANGU,0.0,20.92,63.12,1.49,,0.09,,,43.09,,6.0,-22.87140046,-43.45942235
2017-08-05 11:30:00,UNIDADE MOVEL BANGU,0.0,21.48,59.1,1.27,,0.08,,,44.99,,4.0,-22.87140046,-43.45942235
2017-08-05 12:30:00,UNIDADE MOVEL BANGU,0.0,23.45,49.97,1.27,,0.12,,,46.44,,12.0,-22.87140046,-43.45942235
2017-08-05 13:30:00,UNIDADE MOVEL BANGU,0.0,23.57,45.48,1.99,,0.08,,,49.08,,4.0,-22.87140046,-43.45942235
2017-08-05 14:30:00,UNIDADE MOVEL BANGU,0.0,23.37,39.88,2.21,,0.06,,,50.23,,0.0,-22.87140046,-43.45942235
2017-08-05 15:30:00,UNIDADE MOVEL BANGU,0.0,22.3,47.6,2.29,,0.06,,,46.72,,4.0,-22.87140046,-43.45942235
2017-08-05 16:30:00,UNIDADE MOVEL BANGU,0.0,20.95,56.45,2.11,,0.06,,,42.53,,9.0,-22.87140046,-43.45942235
2017-08-05 17:30:00,UNIDADE MOVEL BANGU,0.0,20.08,63.53,1.7,,0.06,,,40.05,,6.0,-22.87140046,-43.45942235
2017-08-05 18:30:00,UNIDADE MOVEL BANGU,0.0,19.47,65.17,2.46,,0.02,,,36.75,,6.0,-22.87140046,-43.45942235
2017-08-05 19:30:00,UNIDADE MOVEL BANGU,0.0,19.03,63.18,2.12,,0.12,,,23.73,,8.0,-22.87140046,-43.45942235
2017-08-05 20:30:00,UNIDADE MOVEL BANGU,0.0,18.25,67.72,1.26,,0.25,,,10.52,,13.0,-22.87140046,-43.45942235
2017-08-05 21:30:00,UNIDADE MOVEL BANGU,0.0,18.33,69.1,1.74,,0.45,,,4.54,,11.0,-22.87140046,-43.45942235
2017-08-05 22:30:00,UNIDADE MOVEL BANGU,0.0,17.98,71.22,1.82,,0.53,,,3.35,,22.0,-22.87140046,-43.45942235
2017-08-05 23:30:00,UNIDADE MOVEL BANGU,0.0,17.83,73.32,2.56,,1.22,,,4.12,,23.0,-22.87140046,-43.45942235
2017-08-06 00:30:00,UNIDADE MOVEL BANGU,0.0,16.95,76.37,1.04,,0.83,,,2.83,,32.0,-22.87140046,-43.45942235
2017-08-06 01:30:00,UNIDADE MOVEL BANGU,0.0,16.33,80.42,2.1,,0.77,,,3.64,,30.0,-22.87140046,-43.45942235
2017-08-06 02:30:00,UNIDADE MOVEL BANGU,0.0,15.7,83.8,2.65,,0.63,,,2.66,,24.0,-22.87140046,-43.45942235
2017-08-06 03:30:00,UNIDADE MOVEL BANGU,0.0,15.55,83.82,0.31,,0.49,,,2.71,,18.0,-22.87140046,-43.45942235
2017-08-06 04:30:00,UNIDADE MOVEL BANGU,0.0,14.6,85.45,1.1,,0.21,,,2.17,,21.0,-22.87140046,-43.45942235
2017-08-06 05:30:00,UNIDADE MOVEL BANGU,0.0,14.32,86.6,2.22,,0.19,,,2.24,,10.0,-22.87140046,-43.45942235
2017-08-06 06:30:00,UNIDADE MOVEL BANGU,0.0,14.48,86.62,0.26,,0.53,,,2.31,,6.0,-22.87140046,-43.45942235
2017-08-06 07:30:00,UNIDADE MOVEL BANGU,0.0,16.3,79.12,1.64,,0.54,,,3.72,,10.0,-22.87140046,-43.45942235
2017-08-06 08:30:00,UNIDADE MOVEL BANGU,0.0,19.72,64.43,1.2,,0.42,,,12.31,,25.0,-22.87140046,-43.45942235
2017-08-06 09:30:00,UNIDADE MOVEL BANGU,0.0,21.22,57.57,5.42,,0.14,,,30.98,,26.0,-22.87140046,-43.45942235
2017-08-06 10:30:00,UNIDADE MOVEL BANGU,0.0,22.33,49.72,6.21,,0.06,,,43.32,,12.0,-22.87140046,-43.45942235
2017-08-06 11:30:00,UNIDADE MOVEL BANGU,0.0,22.02,50.15,6.17,,0.07,,,44.14,,7.0,-22.87140046,-43.45942235
2017-08-06 12:30:00,UNIDADE MOVEL BANGU,0.0,21.8,45.93,6.28,,0.08,,,42.99,,6.0,-22.87140046,-43.45942235
2017-08-06 13:30:00,UNIDADE MOVEL BANGU,0.0,22.15,47.38,3.55,,0.04,,,47.75,,9.0,-22.87140046,-43.45942235
2017-08-06 14:30:00,UNIDADE MOVEL BANGU,0.0,21.17,53.0,1.39,,0.03,,,52.25,,5.0,-22.87140046,-43.45942235
2017-08-06 15:30:00,UNIDADE MOVEL BANGU,0.0,21.88,45.75,0.74,,0.01,,,52.5,,11.0,-22.87140046,-43.45942235
2017-08-06 16:30:00,UNIDADE MOVEL BANGU,0.0,21.97,45.27,0.89,,0.05,,,52.05,,8.0,-22.87140046,-43.45942235
2017-08-06 17:30:00,UNIDADE MOVEL BANGU,0.0,20.07,51.65,0.69,,0.01,,,49.48,,4.0,-22.87140046,-43.45942235
2017-08-06 18:30:00,UNIDADE MOVEL BANGU,0.0,18.75,56.87,0.54,,0.03,,,34.69,,6.0,-22.87140046,-43.45942235
2017-08-06 19:30:00,UNIDADE MOVEL BANGU,0.0,18.07,61.87,0.5,,0.47,,,10.35,,9.0,-22.87140046,-43.45942235
2017-08-06 20:30:00,UNIDADE MOVEL BANGU,0.0,16.97,66.77,0.78,,0.37,,,3.99,,15.0,-22.87140046,-43.45942235
2017-08-06 21:30:00,UNIDADE MOVEL BANGU,0.0,16.38,66.55,0.3,,0.27,,,4.05,,23.0,-22.87140046,-43.45942235
2017-08-06 22:30:00,UNIDADE MOVEL BANGU,0.0,15.68,70.08,1.44,,0.77,,,4.1,,16.0,-22.87140046,-43.45942235
2017-08-06 23:30:00,UNIDADE MOVEL BANGU,0.0,15.83,70.9,3.96,,1.17,,,4.37,,11.0,-22.87140046,-43.45942235
2017-08-07 00:30:00,UNIDADE MOVEL BANGU,0.0,15.9,73.4,1.42,,1.57,,,4.21,,28.0,-22.87140046,-43.45942235
2017-08-07 01:30:00,UNIDADE MOVEL BANGU,0.0,15.67,77.13,3.12,,1.18,,,2.94,,23.0,-22.87140046,-43.45942235
2017-08-07 02:30:00,UNIDADE MOVEL BANGU,0.0,15.38,80.47,2.57,,0.35,,,8.11,,13.0,-22.87140046,-43.45942235
2017-08-07 03:30:00,UNIDADE MOVEL BANGU,0.0,15.18,82.87,0.0,,0.06,,,17.85,,13.0,-22.87140046,-43.45942235
2017-08-07 04:30:00,UNIDADE MOVEL BANGU,0.0,14.98,83.92,0.81,,0.08,,,10.19,,8.0,-22.87140046,-43.45942235
2017-08-07 05:30:00,UNIDADE MOVEL BANGU,0.0,14.5,85.32,2.29,,0.16,,,3.08,,9.0,-22.87140046,-43.45942235
2017-08-07 06:30:00,UNIDADE MOVEL BANGU,0.0,14.38,86.82,0.95,,0.69,,,3.11,,11.0,-22.87140046,-43.45942235
2017-08-07 07:30:00,UNIDADE MOVEL BANGU,0.0,16.47,79.62,2.29,,0.92,,,3.67,,14.0,-22.87140046,-43.45942235
2017-08-07 08:30:00,UNIDADE MOVEL BANGU,0.0,19.23,66.53,2.76,,0.39,,,15.76,,17.0,-22.87140046,-43.45942235
2017-08-07 09:30:00,UNIDADE MOVEL BANGU,0.0,21.1,55.88,41.07,,0.1,,,24.47,,7.0,-22.87140046,-43.45942235
2017-08-07 10:30:00,UNIDADE MOVEL BANGU,0.0,22.77,47.88,68.98,,0.08,,,29.83,,16.0,-22.87140046,-43.45942235
2017-08-07 11:30:00,UNIDADE MOVEL BANGU,0.0,23.85,41.38,89.57,,0.11,,,36.31,,14.0,-22.87140046,-43.45942235
2017-08-07 12:30:00,UNIDADE MOVEL BANGU,0.0,24.82,34.58,44.14,,0.05,,,46.26,,27.0,-22.87140046,-43.45942235
2017-08-07 13:30:00,UNIDADE MOVEL BANGU,0.0,25.47,32.05,20.9,,0.06,,,59.81,,5.0,-22.87140046,-43.45942235
2017-08-07 14:30:00,UNIDADE MOVEL BANGU,0.0,25.95,31.27,11.74,,0.05,,,56.44,,18.0,-22.87140046,-43.45942235
2017-08-07 15:30:00,UNIDADE MOVEL BANGU,0.0,26.05,31.07,11.7,,0.04,,,53.29,,5.0,-22.87140046,-43.45942235
2017-08-07 16:30:00,UNIDADE MOVEL BANGU,0.0,25.48,34.33,6.84,,0.05,,,45.05,,11.0,-22.87140046,-43.45942235
2017-08-07 17:30:00,UNIDADE MOVEL BANGU,0.0,23.88,41.42,5.28,,0.17,,,25.74,,6.0,-22.87140046,-43.45942235
2017-08-07 18:30:00,UNIDADE MOVEL BANGU,0.0,21.63,49.92,9.78,,0.88,,,4.17,,10.0,-22.87140046,-43.45942235
2017-08-07 19:30:00,UNIDADE MOVEL BANGU,0.0,20.98,53.32,14.57,,1.37,,,4.24,,25.0,-22.87140046,-43.45942235
2017-08-07 20:30:00,UNIDADE MOVEL BANGU,0.0,20.22,57.45,10.42,,1.03,,,4.56,,23.0,-22.87140046,-43.45942235
2017-08-07 21:30:00,UNIDADE MOVEL BANGU,0.0,19.32,65.37,9.59,,1.46,,,3.85,,29.0,-22.87140046,-43.45942235
2017-08-07 22:30:00,UNIDADE MOVEL BANGU,0.0,18.67,72.03,7.42,,0.93,,,3.85,,35.0,-22.87140046,-43.45942235
2017-08-07 23:30:00,UNIDADE MOVEL BANGU,0.0,17.87,76.38,5.87,,0.52,,,2.08,,24.0,-22.87140046,-43.45942235
2017-08-08 00:30:00,UNIDADE MOVEL BANGU,0.0,17.58,78.88,2.12,,0.56,,,2.64,,29.0,-22.87140046,-43.45942235
2017-08-08 01:30:00,UNIDADE MOVEL BANGU,0.0,17.1,80.77,1.91,,0.43,,,2.34,,27.0,-22.87140046,-43.45942235
2017-08-08 02:30:00,UNIDADE MOVEL BANGU,0.0,16.37,83.5,1.23,,0.28,,,3.12,,25.0,-22.87140046,-43.45942235
2017-08-08 03:30:00,UNIDADE MOVEL BANGU,0.0,16.15,84.22,0.8,,0.22,,,3.45,,16.0,-22.87140046,-43.45942235
2017-08-08 04:30:00,UNIDADE MOVEL BANGU,0.0,15.83,85.22,0.86,,0.24,,,2.47,,20.0,-22.87140046,-43.45942235
2017-08-08 05:30:00,UNIDADE MOVEL BANGU,0.0,15.63,85.9,0.44,,0.13,,,1.62,,24.0,-22.87140046,-43.45942235
2017-08-08 06:30:00,UNIDADE MOVEL BANGU,0.0,15.35,87.48,0.52,,0.43,,,2.2,,33.0,-22.87140046,-43.45942235
2017-08-08 07:30:00,UNIDADE MOVEL BANGU,0.0,17.45,81.43,1.25,,0.92,,,3.16,,26.0,-22.87140046,-43.45942235
2017-08-08 08:30:00,UNIDADE MOVEL BANGU,0.0,20.52,65.8,1.8,,0.42,,,5.85,,36.0,-22.87140046,-43.45942235
2017-08-08 09:30:00,UNIDADE MOVEL BANGU,0.0,23.2,51.85,3.25,,0.23,,,16.03,,26.0,-22.87140046,-43.45942235
2017-08-08 10:30:00,UNIDADE MOVEL BANGU,0.0,25.38,44.62,1.98,,0.14,,,,,13.0,-22.87140046,-43.45942235
2017-08-08 11:30:00,UNIDADE MOVEL BANGU,0.0,27.75,36.77,0.71,,0.09,,,,,18.0,-22.87140046,-43.45942235
2017-08-08 12:30:00,UNIDADE MOVEL BANGU,0.0,29.15,32.32,0.12,,0.1,,,,,9.0,-22.87140046,-43.45942235
2017-08-08 13:30:00,UNIDADE MOVEL BANGU,0.0,30.82,28.87,0.66,,0.09,,,,,18.0,-22.87140046,-43.45942235
2017-08-08 14:30:00,UNIDADE MOVEL BANGU,0.0,31.9,26.3,1.38,,0.06,,,,,15.0,-22.87140046,-43.45942235
2017-08-08 15:30:00,UNIDADE MOVEL BANGU,0.0,32.15,26.33,2.57,,0.155,,,53.89,,13.0,-22.87140046,-43.45942235
2017-08-08 16:30:00,UNIDADE MOVEL BANGU,0.0,31.42,27.98,4.14,,0.25,,,45.8,,29.0,-22.87140046,-43.45942235
2017-08-08 17:30:00,UNIDADE MOVEL BANGU,0.0,28.82,34.85,1.64,,0.53,,,22.81,,28.0,-22.87140046,-43.45942235
2017-08-08 18:30:00,UNIDADE MOVEL BANGU,0.0,26.35,42.28,6.22,,0.99,,,10.67,,43.0,-22.87140046,-43.45942235
2017-08-08 19:30:00,UNIDADE MOVEL BANGU,0.0,25.2,47.28,10.01,,1.73,,,5.7,,85.0,-22.87140046,-43.45942235
2017-08-08 20:30:00,UNIDADE MOVEL BANGU,0.0,23.88,53.67,8.84,,2.68,,,5.81,,51.0,-22.87140046,-43.45942235
2017-08-08 21:30:00,UNIDADE MOVEL BANGU,0.0,23.53,54.32,6.96,,2.35,,,7.07,,80.0,-22.87140046,-43.45942235
2017-08-08 22:30:00,UNIDADE MOVEL BANGU,0.0,22.4,57.8,6.43,,2.1,,,4.45,,98.0,-22.87140046,-43.45942235
2017-08-08 23:30:00,UNIDADE MOVEL BANGU,0.0,22.7,52.05,3.95,,1.39,,,4.76,,73.0,-22.87140046,-43.45942235
2017-08-09 00:30:00,UNIDADE MOVEL BANGU,0.0,21.77,56.07,3.51,,0.76,,,4.7,,78.0,-22.87140046,-43.45942235
2017-08-09 01:30:00,UNIDADE MOVEL BANGU,0.0,20.25,65.32,3.08,,1.14,,,3.81,,67.0,-22.87140046,-43.45942235
2017-08-09 02:30:00,UNIDADE MOVEL BANGU,0.0,20.4,63.68,3.09,,0.73,,,2.82,,57.0,-22.87140046,-43.45942235
2017-08-09 03:30:00,UNIDADE MOVEL BANGU,0.0,22.0,52.78,1.94,,0.08,,,12.47,,58.0,-22.87140046,-43.45942235
2017-08-09 04:30:00,UNIDADE MOVEL BANGU,0.0,23.07,47.75,1.39,,0.02,,,19.71,,26.0,-22.87140046,-43.45942235
2017-08-09 05:30:00,UNIDADE MOVEL BANGU,0.0,23.07,47.25,0.83,,0.01,,,23.21,,20.0,-22.87140046,-43.45942235
2017-08-09 06:30:00,UNIDADE MOVEL BANGU,0.0,23.3,45.83,0.66,,0.01,,,21.11,,19.0,-22.87140046,-43.45942235
2017-08-09 07:30:00,UNIDADE MOVEL BANGU,0.0,23.33,46.1,0.75,,0.05,,,15.32,,5.0,-22.87140046,-43.45942235
2017-08-09 08:30:00,UNIDADE MOVEL BANGU,0.0,25.23,41.3,1.78,,0.06,,,19.98,,12.0,-22.87140046,-43.45942235
2017-08-09 09:30:00,UNIDADE MOVEL BANGU,0.0,27.97,34.67,1.97,,0.03,,,28.58,,13.0,-22.87140046,-43.45942235
2017-08-09 10:30:00,UNIDADE MOVEL BANGU,0.0,30.68,29.78,2.95,,0.03,,,39.73,,14.0,-22.87140046,-43.45942235
2017-08-09 11:30:00,UNIDADE MOVEL BANGU,0.0,32.38,26.38,3.73,,0.02,,,52.7,,15.0,-22.87140046,-43.45942235
2017-08-09 12:30:00,UNIDADE MOVEL BANGU,0.0,33.92,23.4,2.65,,0.01,,,56.16,,16.0,-22.87140046,-43.45942235
2017-08-09 13:30:00,UNIDADE MOVEL BANGU,0.0,35.12,20.9,5.03,,0.04,,,60.4,,17.0,-22.87140046,-43.45942235
2017-08-09 14:30:00,UNIDADE MOVEL BANGU,0.0,35.17,21.0,6.06,,0.01,,,63.38,,19.0,-22.87140046,-43.45942235
2017-08-09 15:30:00,UNIDADE MOVEL BANGU,0.0,33.65,24.62,7.0,,0.04,,,62.57,,20.0,-22.87140046,-43.45942235
2017-08-09 16:30:00,UNIDADE MOVEL BANGU,0.0,30.07,29.15,5.37,,0.04,,,70.58,,23.0,-22.87140046,-43.45942235
2017-08-09 17:30:00,UNIDADE MOVEL BANGU,0.0,28.13,32.93,4.43,,0.07,,,62.09,,22.0,-22.87140046,-43.45942235
2017-08-09 18:30:00,UNIDADE MOVEL BANGU,0.0,25.63,44.62,2.56,,0.06,,,52.9,,27.0,-22.87140046,-43.45942235
2017-08-09 19:30:00,UNIDADE MOVEL BANGU,0.0,23.52,59.5,1.81,,0.05,,,54.93,,18.0,-22.87140046,-43.45942235
2017-08-09 20:30:00,UNIDADE MOVEL BANGU,0.0,22.42,68.68,1.43,,0.04,,,50.47,,23.0,-22.87140046,-43.45942235
2017-08-09 21:30:00,UNIDADE MOVEL BANGU,0.0,21.87,73.08,1.11,,0.03,,,48.4,,32.0,-22.87140046,-43.45942235
2017-08-09 22:30:00,UNIDADE MOVEL BANGU,0.0,21.42,76.12,0.77,,0.01,,,47.75,,29.0,-22.87140046,-43.45942235
2017-08-09 23:30:00,UNIDADE MOVEL BANGU,0.0,21.07,78.48,0.81,,0.01,,,46.07,,15.0,-22.87140046,-43.45942235
2017-08-10 00:30:00,UNIDADE MOVEL BANGU,0.0,21.07,77.83,0.61,,0.05,,,48.21,,23.0,-22.87140046,-43.45942235
2017-08-10 01:30:00,UNIDADE MOVEL BANGU,0.0,20.9,79.7,0.82,,0.05,,,48.53,,10.0,-22.87140046,-43.45942235
2017-08-10 02:30:00,UNIDADE MOVEL BANGU,0.0,20.75,80.78,0.65,,0.04,,,44.69,,17.0,-22.87140046,-43.45942235
2017-08-10 03:30:00,UNIDADE MOVEL BANGU,0.0,20.53,83.07,0.48,,0.04,,,45.25,,18.0,-22.87140046,-43.45942235
2017-08-10 04:30:00,UNIDADE MOVEL BANGU,0.0,20.5,83.23,0.39,,0.05,,,42.31,,3.0,-22.87140046,-43.45942235
2017-08-10 05:30:00,UNIDADE MOVEL BANGU,0.0,20.58,81.22,0.43,,0.05,,,40.85,,8.0,-22.87140046,-43.45942235
2017-08-10 06:30:00,UNIDADE MOVEL BANGU,0.0,20.53,82.32,0.61,,0.06,,,32.08,,8.0,-22.87140046,-43.45942235
2017-08-10 07:30:00,UNIDADE MOVEL BANGU,0.0,21.05,78.85,0.64,,0.07,,,31.17,,15.0,-22.87140046,-43.45942235
2017-08-10 08:30:00,UNIDADE MOVEL BANGU,0.0,21.78,74.23,1.02,,0.27,,,34.15,,18.0,-22.87140046,-43.45942235
2017-08-10 09:30:00,UNIDADE MOVEL BANGU,0.0,21.95,72.97,1.09,,0.12,,,31.95,,12.0,-22.87140046,-43.45942235
2017-08-10 10:30:00,UNIDADE MOVEL BANGU,0.0,22.08,68.07,1.17,,0.08,,,33.52,,15.0,-22.87140046,-43.45942235
2017-08-10 11:30:00,UNIDADE MOVEL BANGU,0.0,21.75,67.68,1.48,,0.12,,,33.92,,10.0,-22.87140046,-43.45942235
2017-08-10 12:30:00,UNIDADE MOVEL BANGU,0.0,21.3,71.62,1.39,,0.12,,,31.35,,13.0,-22.87140046,-43.45942235
2017-08-10 13:30:00,UNIDADE MOVEL BANGU,0.0,20.8,71.93,1.22,,0.09,,,31.47,,10.0,-22.87140046,-43.45942235
2017-08-10 14:30:00,UNIDADE MOVEL BANGU,0.0,20.83,68.83,1.23,,0.07,,,31.67,,12.0,-22.87140046,-43.45942235
2017-08-10 15:30:00,UNIDADE MOVEL BANGU,0.0,21.05,62.45,1.23,,0.06,,,37.5,,16.0,-22.87140046,-43.45942235
2017-08-10 16:30:00,UNIDADE MOVEL BANGU,0.0,20.88,64.12,1.12,,0.05,,,34.22,,15.0,-22.87140046,-43.45942235
2017-08-10 17:30:00,UNIDADE MOVEL BANGU,0.0,20.48,69.7,1.27,,0.1,,,24.74,,5.0,-22.87140046,-43.45942235
2017-08-10 18:30:00,UNIDADE MOVEL BANGU,0.0,20.28,70.55,1.31,,0.11,,,23.85,,15.0,-22.87140046,-43.45942235
2017-08-10 19:30:00,UNIDADE MOVEL BANGU,0.0,20.1,71.67,1.2,,0.1,,,24.73,,21.0,-22.87140046,-43.45942235
2017-08-10 20:30:00,UNIDADE MOVEL BANGU,0.0,20.07,73.0,0.93,,0.12,,,22.88,,13.0,-22.87140046,-43.45942235
2017-08-10 21:30:00,UNIDADE MOVEL BANGU,0.0,19.47,79.32,0.86,,0.11,,,21.42,,16.0,-22.87140046,-43.45942235
2017-08-10 22:30:00,UNIDADE MOVEL BANGU,0.0,19.05,82.88,0.87,,0.1,,,22.03,,14.0,-22.87140046,-43.45942235
2017-08-10 23:30:00,UNIDADE MOVEL BANGU,0.0,19.05,82.83,0.97,,0.11,,,17.99,,9.0,-22.87140046,-43.45942235
2017-08-11 00:30:00,UNIDADE MOVEL BANGU,0.0,19.1,81.0,0.24,,0.06,,,21.69,,12.0,-22.87140046,-43.45942235
2017-08-11 01:30:00,UNIDADE MOVEL BANGU,0.0,19.07,78.92,0.24,,0.03,,,28.02,,13.0,-22.87140046,-43.45942235
2017-08-11 02:30:00,UNIDADE MOVEL BANGU,0.0,18.98,78.12,0.11,,0.02,,,30.36,,9.0,-22.87140046,-43.45942235
2017-08-11 03:30:00,UNIDADE MOVEL BANGU,0.0,18.92,78.02,0.14,,0.02,,,30.78,,6.0,-22.87140046,-43.45942235
2017-08-11 04:30:00,UNIDADE MOVEL BANGU,0.0,18.72,79.45,0.08,,0.02,,,30.52,,5.0,-22.87140046,-43.45942235
2017-08-11 05:30:00,UNIDADE MOVEL BANGU,0.0,18.58,80.23,0.22,,0.02,,,26.97,,8.0,-22.87140046,-43.45942235
2017-08-11 06:30:00,UNIDADE MOVEL BANGU,0.0,18.35,80.67,0.05,,0.04,,,16.59,,13.0,-22.87140046,-43.45942235
2017-08-11 07:30:00,UNIDADE MOVEL BANGU,0.0,19.37,76.72,0.27,,0.12,,,13.52,,14.0,-22.87140046,-43.45942235
2017-08-11 08:30:00,UNIDADE MOVEL BANGU,0.0,20.17,72.27,0.66,,0.07,,,21.71,,9.0,-22.87140046,-43.45942235
2017-08-11 09:30:00,UNIDADE MOVEL BANGU,0.0,20.8,67.42,1.28,,0.04,,,28.75,,6.0,-22.87140046,-43.45942235
2017-08-11 10:30:00,UNIDADE MOVEL BANGU,0.0,20.43,66.55,1.01,,0.02,,,29.99,,4.0,-22.87140046,-43.45942235
2017-08-11 11:30:00,UNIDADE MOVEL BANGU,0.0,20.4,70.58,0.66,,0.04,,,31.54,,5.0,-22.87140046,-43.45942235
2017-08-11 12:30:00,UNIDADE MOVEL BANGU,0.0,20.65,69.6,0.32,,0.04,,,34.02,,3.0,-22.87140046,-43.45942235
2017-08-11 13:30:00,UNIDADE MOVEL BANGU,0.0,19.45,75.25,0.43,,0.03,,,36.15,,,-22.87140046,-43.45942235
2017-08-11 14:30:00,UNIDADE MOVEL BANGU,0.0,18.3,83.63,0.45,,0.06,,,31.81,,,-22.87140046,-43.45942235
2017-08-11 15:30:00,UNIDADE MOVEL BANGU,0.0,18.52,83.62,0.82,,0.07,,,21.52,,,-22.87140046,-43.45942235
2017-08-11 16:30:00,UNIDADE MOVEL BANGU,0.0,18.38,82.5,1.01,,0.11,,,17.16,,,-22.87140046,-43.45942235
2017-08-11 17:30:00,UNIDADE MOVEL BANGU,0.0,18.83,77.6,1.2,,0.24,,,8.26,,,-22.87140046,-43.45942235
2017-08-11 18:30:00,UNIDADE MOVEL BANGU,0.0,18.83,76.03,1.27,,0.3,,,4.51,,,-22.87140046,-43.45942235
2017-08-11 19:30:00,UNIDADE MOVEL BANGU,0.0,19.02,72.78,1.26,,0.31,,,5.52,,,-22.87140046,-43.45942235
2017-08-11 20:30:00,UNIDADE MOVEL BANGU,0.0,18.63,70.53,1.3,,0.27,,,3.83,,,-22.87140046,-43.45942235
2017-08-11 21:30:00,UNIDADE MOVEL BANGU,0.0,18.82,69.78,1.11,,0.19,,,3.6,,,-22.87140046,-43.45942235
2017-08-11 22:30:00,UNIDADE MOVEL BANGU,0.0,18.82,69.4,1.35,,0.2,,,4.41,,,-22.87140046,-43.45942235
2017-08-11 23:30:00,UNIDADE MOVEL BANGU,0.0,18.5,71.8,1.06,,0.13,,,7.61,,,-22.87140046,-43.45942235
2017-08-12 00:30:00,UNIDADE MOVEL BANGU,0.0,18.48,70.6,0.39,,0.06,,,12.28,,,-22.87140046,-43.45942235
2017-08-12 01:30:00,UNIDADE MOVEL BANGU,0.0,18.5,69.45,0.02,,0.04,,,14.15,,,-22.87140046,-43.45942235
2017-08-12 02:30:00,UNIDADE MOVEL BANGU,0.0,18.43,69.12,0.03,,0.02,,,23.93,,,-22.87140046,-43.45942235
2017-08-12 03:30:00,UNIDADE MOVEL BANGU,0.0,18.38,69.63,0.0,,0.01,,,21.31,,,-22.87140046,-43.45942235
2017-08-12 04:30:00,UNIDADE MOVEL BANGU,0.0,18.3,68.88,0.02,,0.01,,,19.04,,,-22.87140046,-43.45942235
2017-08-12 05:30:00,UNIDADE MOVEL BANGU,0.0,18.4,68.48,0.18,,0.01,,,17.24,,,-22.87140046,-43.45942235
2017-08-12 06:30:00,UNIDADE MOVEL BANGU,0.0,18.42,68.45,0.01,,0.03,,,16.9,,,-22.87140046,-43.45942235
2017-08-12 07:30:00,UNIDADE MOVEL BANGU,0.0,18.78,67.53,0.24,,0.08,,,12.97,,,-22.87140046,-43.45942235
2017-08-12 08:30:00,UNIDADE MOVEL BANGU,0.0,19.38,66.17,0.21,,0.03,,,19.58,,,-22.87140046,-43.45942235
2017-08-12 09:30:00,UNIDADE MOVEL BANGU,0.0,20.45,62.0,0.52,,0.03,,,23.69,,,-22.87140046,-43.45942235
2017-08-12 10:30:00,UNIDADE MOVEL BANGU,0.0,22.13,55.82,0.43,,0.04,,,28.62,,,-22.87140046,-43.45942235
2017-08-12 11:30:00,UNIDADE MOVEL BANGU,0.0,23.67,49.28,0.0,,0.04,,,35.41,,,-22.87140046,-43.45942235
2017-08-12 12:30:00,UNIDADE MOVEL BANGU,0.0,24.13,48.3,1.09,,0.05500000000000001,,,40.8,,6.0,-22.87140046,-43.45942235
2017-08-12 13:30:00,UNIDADE MOVEL BANGU,0.0,24.82,45.55,2.18,,0.07,,,45.33,,7.0,-22.87140046,-43.45942235
2017-08-12 14:30:00,UNIDADE MOVEL BANGU,0.0,25.33,44.53,3.15,,0.04,,,49.78,,8.0,-22.87140046,-43.45942235
2017-08-12 15:30:00,UNIDADE MOVEL BANGU,0.0,25.07,48.58,3.47,,0.06,,,41.09,,10.0,-22.87140046,-43.45942235
2017-08-12 16:30:00,UNIDADE MOVEL BANGU,0.0,23.95,52.5,3.04,,0.03,,,38.7,,6.0,-22.87140046,-43.45942235
2017-08-12 17:30:00,UNIDADE MOVEL BANGU,0.0,22.18,56.05,3.26,,0.05,,,29.31,,8.0,-22.87140046,-43.45942235
2017-08-12 18:30:00,UNIDADE MOVEL BANGU,0.0,21.22,58.92,3.47,,0.07,,,22.81,,12.0,-22.87140046,-43.45942235
2017-08-12 19:30:00,UNIDADE MOVEL BANGU,0.0,20.65,59.02,4.0,,0.11,,,21.78,,7.0,-22.87140046,-43.45942235
2017-08-12 20:30:00,UNIDADE MOVEL BANGU,0.0,19.87,60.98,3.27,,0.06,,,25.98,,9.0,-22.87140046,-43.45942235
2017-08-12 21:30:00,UNIDADE MOVEL BANGU,0.0,19.32,63.65,3.03,,0.1,,,21.89,,9.0,-22.87140046,-43.45942235
2017-08-12 22:30:00,UNIDADE MOVEL BANGU,0.0,18.88,66.43,2.52,,0.09,,,19.5,,12.0,-22.87140046,-43.45942235
2017-08-12 23:30:00,UNIDADE MOVEL BANGU,0.0,18.42,68.52,1.3900000000000001,,0.09,,,18.93,,11.0,-22.87140046,-43.45942235
2017-08-13 00:30:00,UNIDADE MOVEL BANGU,0.0,18.1,69.65,0.26,,0.09,,,18.33,,9.0,-22.87140046,-43.45942235
2017-08-13 01:30:00,UNIDADE MOVEL BANGU,0.0,17.63,71.93,0.0,,0.09,,,19.14,,8.0,-22.87140046,-43.45942235
2017-08-13 02:30:00,UNIDADE MOVEL BANGU,0.0,17.37,73.45,0.29,,0.09,,,20.26,,11.0,-22.87140046,-43.45942235
2017-08-13 03:30:00,UNIDADE MOVEL BANGU,0.0,16.88,75.52,0.42,,0.09,,,14.66,,28.0,-22.87140046,-43.45942235
2017-08-13 04:30:00,UNIDADE MOVEL BANGU,0.0,16.52,76.93,0.4,,0.12,,,10.46,,16.0,-22.87140046,-43.45942235
2017-08-13 05:30:00,UNIDADE MOVEL BANGU,0.0,15.93,79.73,0.33,,0.1,,,14.34,,19.0,-22.87140046,-43.45942235
2017-08-13 06:30:00,UNIDADE MOVEL BANGU,0.0,16.02,79.7,0.28,,0.27,,,11.62,,8.0,-22.87140046,-43.45942235
2017-08-13 07:30:00,UNIDADE MOVEL BANGU,0.0,17.78,73.98,0.26,,0.19,,,11.26,,21.0,-22.87140046,-43.45942235
2017-08-13 08:30:00,UNIDADE MOVEL BANGU,0.0,19.55,66.57,0.46,,0.07,,,22.71,,18.0,-22.87140046,-43.45942235
2017-08-13 09:30:00,UNIDADE MOVEL BANGU,0.0,21.58,58.75,1.51,,0.05,,,27.59,,13.0,-22.87140046,-43.45942235
2017-08-13 10:30:00,UNIDADE MOVEL BANGU,0.0,23.5,51.75,4.25,,0.04,,,33.38,,11.0,-22.87140046,-43.45942235
2017-08-13 11:30:00,UNIDADE MOVEL BANGU,0.0,25.57,45.32,8.78,,0.05,,,42.9,,7.0,-22.87140046,-43.45942235
2017-08-13 12:30:00,UNIDADE MOVEL BANGU,0.0,26.63,42.75,19.95,,0.08,,,51.08,,15.0,-22.87140046,-43.45942235
2017-08-13 13:30:00,UNIDADE MOVEL BANGU,0.0,27.27,41.25,38.17,,0.14,,,60.49,,19.0,-22.87140046,-43.45942235
2017-08-13 14:30:00,UNIDADE MOVEL BANGU,0.0,28.05,39.87,34.32,,0.2,,,71.68,,36.0,-22.87140046,-43.45942235
2017-08-13 15:30:00,UNIDADE MOVEL BANGU,0.0,27.93,40.92,32.22,,0.19,,,67.76,,37.0,-22.87140046,-43.45942235
2017-08-13 16:30:00,UNIDADE MOVEL BANGU,0.0,26.82,43.78,24.06,,0.17,,,53.37,,32.0,-22.87140046,-43.45942235
2017-08-13 17:30:00,UNIDADE MOVEL BANGU,0.0,25.53,48.03,49.12,,0.19,,,37.67,,25.0,-22.87140046,-43.45942235
2017-08-13 18:30:00,UNIDADE MOVEL BANGU,0.0,24.13,54.62,14.64,,0.71,,,17.23,,20.0,-22.87140046,-43.45942235
2017-08-13 19:30:00,UNIDADE MOVEL BANGU,0.0,22.82,61.52,7.92,,0.52,,,10.44,,36.0,-22.87140046,-43.45942235
2017-08-13 20:30:00,UNIDADE MOVEL BANGU,0.0,22.02,64.87,4.3,,0.33,,,6.97,,28.0,-22.87140046,-43.45942235
2017-08-13 21:30:00,UNIDADE MOVEL BANGU,0.0,21.27,67.72,3.3,,0.44,,,5.85,,22.0,-22.87140046,-43.45942235
2017-08-13 22:30:00,UNIDADE MOVEL BANGU,0.0,20.6,70.3,2.98,,0.54,,,2.86,,21.0,-22.87140046,-43.45942235
2017-08-13 23:30:00,UNIDADE MOVEL BANGU,0.0,19.92,73.27,2.73,,0.49,,,4.05,,17.0,-22.87140046,-43.45942235
2017-08-14 00:30:00,UNIDADE MOVEL BANGU,0.0,19.68,74.13,1.75,,0.21,,,4.62,,12.0,-22.87140046,-43.45942235
2017-08-14 01:30:00,UNIDADE MOVEL BANGU,0.0,19.4,75.45,1.36,,0.18,,,2.82,,22.0,-22.87140046,-43.45942235
2017-08-14 02:30:00,UNIDADE MOVEL BANGU,0.0,18.87,77.83,0.36,,0.1,,,9.27,,,-22.87140046,-43.45942235
2017-08-14 03:30:00,UNIDADE MOVEL BANGU,0.0,18.63,78.25,0.07,,0.09,,,8.84,,,-22.87140046,-43.45942235
2017-08-14 04:30:00,UNIDADE MOVEL BANGU,0.0,18.43,77.67,0.2,,0.08,,,10.18,,,-22.87140046,-43.45942235
2017-08-14 05:30:00,UNIDADE MOVEL BANGU,0.0,18.52,78.07,0.24,,0.12,,,2.78,,,-22.87140046,-43.45942235
2017-08-14 06:30:00,UNIDADE MOVEL BANGU,0.0,18.73,77.32,0.84,,0.26,,,2.56,,,-22.87140046,-43.45942235
2017-08-14 07:30:00,UNIDADE MOVEL BANGU,0.0,19.57,72.97,1.43,,0.48,,,3.52,,,-22.87140046,-43.45942235
2017-08-14 08:30:00,UNIDADE MOVEL BANGU,0.0,21.83,64.48,2.36,,0.22,,,9.57,,,-22.87140046,-43.45942235
2017-08-14 09:30:00,UNIDADE MOVEL BANGU,0.0,23.47,57.7,7.55,,0.18,,,15.23,,,-22.87140046,-43.45942235
2017-08-14 10:30:00,UNIDADE MOVEL BANGU,0.0,25.62,49.42,7.44,,0.1,,,27.5,,,-22.87140046,-43.45942235
2017-08-14 11:30:00,UNIDADE MOVEL BANGU,0.0,28.42,41.53,5.88,,0.06,,,43.3,,,-22.87140046,-43.45942235
2017-08-14 12:30:00,UNIDADE MOVEL BANGU,0.0,30.38,36.23,4.32,,0.06,,,55.27,,,-22.87140046,-43.45942235
2017-08-14 13:30:00,UNIDADE MOVEL BANGU,0.0,30.85,35.73,8.04,,0.11,,,64.3,,,-22.87140046,-43.45942235
2017-08-14 14:30:00,UNIDADE MOVEL BANGU,0.0,29.58,36.42,4.92,,0.08,,,63.13,,,-22.87140046,-43.45942235
2017-08-14 15:30:00,UNIDADE MOVEL BANGU,0.0,27.67,43.88,3.08,,0.1,,,59.32,,13.0,-22.87140046,-43.45942235
2017-08-14 16:30:00,UNIDADE MOVEL BANGU,0.0,25.7,51.62,3.21,,0.07,,,54.94,,21.0,-22.87140046,-43.45942235
2017-08-14 17:30:00,UNIDADE MOVEL BANGU,0.0,23.68,61.7,3.16,,0.07,,,45.99,,16.0,-22.87140046,-43.45942235
2017-08-14 18:30:00,UNIDADE MOVEL BANGU,0.0,22.2,71.08,2.19,,0.06,,,42.73,,23.0,-22.87140046,-43.45942235
2017-08-14 19:30:00,UNIDADE MOVEL BANGU,0.0,21.58,75.73,1.05,,0.04,,,41.38,,16.0,-22.87140046,-43.45942235
2017-08-14 20:30:00,UNIDADE MOVEL BANGU,0.0,21.23,77.55,1.04,,0.03,,,40.55,,12.0,-22.87140046,-43.45942235
2017-08-14 21:30:00,UNIDADE MOVEL BANGU,0.0,21.0,78.75,0.84,,0.02,,,39.14,,10.0,-22.87140046,-43.45942235
2017-08-14 22:30:00,UNIDADE MOVEL BANGU,0.0,20.82,78.67,0.47,,0.01,,,37.8,,9.0,-22.87140046,-43.45942235
2017-08-14 23:30:00,UNIDADE MOVEL BANGU,0.0,20.57,77.2,0.5549999999999999,,0.01,,,37.73,,10.0,-22.87140046,-43.45942235
2017-08-15 00:30:00,UNIDADE MOVEL BANGU,0.0,20.47,75.83,0.64,,0.02,,,40.62,,11.0,-22.87140046,-43.45942235
2017-08-15 01:30:00,UNIDADE MOVEL BANGU,0.0,20.32,75.08,0.99,,0.02,,,40.19,,6.0,-22.87140046,-43.45942235
2017-08-15 02:30:00,UNIDADE MOVEL BANGU,0.0,20.02,77.07,0.85,,0.02,,,38.79,,4.0,-22.87140046,-43.45942235
2017-08-15 03:30:00,UNIDADE MOVEL BANGU,0.0,19.98,77.13,0.78,,0.02,,,39.12,,8.0,-22.87140046,-43.45942235
2017-08-15 04:30:00,UNIDADE MOVEL BANGU,0.0,20.05,76.23,0.74,,0.02,,,36.66,,4.0,-22.87140046,-43.45942235
2017-08-15 05:30:00,UNIDADE MOVEL BANGU,0.0,20.0,76.27,0.76,,0.03,,,33.98,,0.0,-22.87140046,-43.45942235
2017-08-15 06:30:00,UNIDADE MOVEL BANGU,0.0,20.03,75.57,0.74,,0.03,,,31.92,,1.0,-22.87140046,-43.45942235
2017-08-15 07:30:00,UNIDADE MOVEL BANGU,0.0,20.23,75.17,0.81,,0.08,,,27.51,,3.0,-22.87140046,-43.45942235
2017-08-15 08:30:00,UNIDADE MOVEL BANGU,0.0,20.45,74.67,1.19,,0.06,,,30.61,,9.0,-22.87140046,-43.45942235
2017-08-15 09:30:00,UNIDADE MOVEL BANGU,0.0,20.65,75.4,1.55,,0.04,,,28.83,,10.0,-22.87140046,-43.45942235
2017-08-15 10:30:00,UNIDADE MOVEL BANGU,0.0,20.73,76.22,1.44,,0.04,,,28.47,,7.0,-22.87140046,-43.45942235
2017-08-15 11:30:00,UNIDADE MOVEL BANGU,0.0,20.82,76.75,1.45,,0.07,,,34.18,,8.0,-22.87140046,-43.45942235
2017-08-15 12:30:00,UNIDADE MOVEL BANGU,0.0,21.13,76.6,1.36,,0.08,,,28.42,,10.0,-22.87140046,-43.45942235
2017-08-15 13:30:00,UNIDADE MOVEL BANGU,0.0,21.87,70.85,1.26,,0.05,,,33.34,,7.0,-22.87140046,-43.45942235
2017-08-15 14:30:00,UNIDADE MOVEL BANGU,0.0,21.33,72.57,1.46,,0.04,,,35.49,,7.0,-22.87140046,-43.45942235
2017-08-15 15:30:00,UNIDADE MOVEL BANGU,0.0,20.48,75.72,0.91,,0.04,,,34.04,,9.0,-22.87140046,-43.45942235
2017-08-15 16:30:00,UNIDADE MOVEL BANGU,0.0,20.58,73.93,1.46,,0.05,,,33.98,,6.0,-22.87140046,-43.45942235
2017-08-15 17:30:00,UNIDADE MOVEL BANGU,0.0,20.62,72.43,1.78,,0.1,,,26.18,,13.0,-22.87140046,-43.45942235
2017-08-15 18:30:00,UNIDADE MOVEL BANGU,0.0,20.5,72.68,1.92,,0.11,,,21.83,,10.0,-22.87140046,-43.45942235
2017-08-15 19:30:00,UNIDADE MOVEL BANGU,0.0,20.2,77.37,2.15,,0.21,,,16.06,,16.0,-22.87140046,-43.45942235
2017-08-15 20:30:00,UNIDADE MOVEL BANGU,0.0,20.15,76.03,2.05,,0.15,,,16.4,,14.0,-22.87140046,-43.45942235
2017-08-15 21:30:00,UNIDADE MOVEL BANGU,0.0,20.0,74.97,2.02,,0.14,,,17.32,,8.0,-22.87140046,-43.45942235
2017-08-15 22:30:00,UNIDADE MOVEL BANGU,0.0,19.7,78.12,1.88,,0.17,,,8.89,,15.0,-22.87140046,-43.45942235
2017-08-15 23:30:00,UNIDADE MOVEL BANGU,0.0,19.7,77.27,1.74,,0.16,,,9.4,,11.0,-22.87140046,-43.45942235
2017-08-16 00:30:00,UNIDADE MOVEL BANGU,0.0,19.67,77.17,1.78,,0.15,,,7.06,,11.0,-22.87140046,-43.45942235
2017-08-16 01:30:00,UNIDADE MOVEL BANGU,0.0,19.45,79.6,2.1,,0.15,,,4.9,,8.0,-22.87140046,-43.45942235
2017-08-16 02:30:00,UNIDADE MOVEL BANGU,0.0,19.05,82.38,2.84,,0.16,,,4.53,,35.0,-22.87140046,-43.45942235
2017-08-16 03:30:00,UNIDADE MOVEL BANGU,0.0,19.05,82.57,4.38,,0.16,,,3.5,,28.0,-22.87140046,-43.45942235
2017-08-16 04:30:00,UNIDADE MOVEL BANGU,0.0,19.02,81.85,3.86,,0.19,,,3.4,,36.0,-22.87140046,-43.45942235
2017-08-16 05:30:00,UNIDADE MOVEL BANGU,0.0,18.97,81.37,3.93,,0.2,,,3.38,,34.0,-22.87140046,-43.45942235
2017-08-16 06:30:00,UNIDADE MOVEL BANGU,0.0,19.1,78.83,5.28,,0.33,,,3.31,,23.0,-22.87140046,-43.45942235
2017-08-16 07:30:00,UNIDADE MOVEL BANGU,0.0,19.38,80.1,5.5,,0.64,,,3.52,,14.0,-22.87140046,-43.45942235
2017-08-16 08:30:00,UNIDADE MOVEL BANGU,0.0,19.88,79.8,7.05,,0.54,,,6.11,,26.0,-22.87140046,-43.45942235
2017-08-16 09:30:00,UNIDADE MOVEL BANGU,1.0,20.03,83.08,7.84,,0.77,,,6.02,,39.0,-22.87140046,-43.45942235
2017-08-16 10:30:00,UNIDADE MOVEL BANGU,1.0,21.05,79.53,8.79,,0.83,,,6.44,,37.0,-22.87140046,-43.45942235
2017-08-16 11:30:00,UNIDADE MOVEL BANGU,1.0,20.5,85.88,7.32,,0.7,,,5.01,,37.0,-22.87140046,-43.45942235
2017-08-16 12:30:00,UNIDADE MOVEL BANGU,0.0,20.77,82.25,6.32,,0.57,,,6.61,,34.0,-22.87140046,-43.45942235
2017-08-16 13:30:00,UNIDADE MOVEL BANGU,0.0,20.65,81.52,6.1,,0.33,,,10.67,,34.0,-22.87140046,-43.45942235
2017-08-16 14:30:00,UNIDADE MOVEL BANGU,0.0,20.55,79.53,6.5,,0.35,,,12.49,,26.0,-22.87140046,-43.45942235
2017-08-16 15:30:00,UNIDADE MOVEL BANGU,0.0,19.92,80.93,5.66,,0.22,,,15.38,,22.0,-22.87140046,-43.45942235
2017-08-16 16:30:00,UNIDADE MOVEL BANGU,2.0,19.17,86.35,3.98,,0.19,,,20.07,,29.0,-22.87140046,-43.45942235
2017-08-16 17:30:00,UNIDADE MOVEL BANGU,2.0,18.55,91.3,3.05,,0.28,,,16.05,,13.0,-22.87140046,-43.45942235
2017-08-16 18:30:00,UNIDADE MOVEL BANGU,1.0,18.33,92.35,2.47,,0.2,,,18.0,,15.0,-22.87140046,-43.45942235
2017-08-16 19:30:00,UNIDADE MOVEL BANGU,1.0,18.2,92.58,2.38,,0.41,,,17.55,,25.0,-22.87140046,-43.45942235
2017-08-16 20:30:00,UNIDADE MOVEL BANGU,0.0,18.12,92.75,2.38,,0.25,,,16.14,,15.0,-22.87140046,-43.45942235
2017-08-16 21:30:00,UNIDADE MOVEL BANGU,0.0,18.2,93.35,2.57,,0.33,,,3.79,,15.0,-22.87140046,-43.45942235
2017-08-16 22:30:00,UNIDADE MOVEL BANGU,0.0,18.28,93.8,2.79,,0.34,,,3.33,,16.0,-22.87140046,-43.45942235
2017-08-16 23:30:00,UNIDADE MOVEL BANGU,0.0,18.27,93.22,1.97,,0.25,,,4.68,,8.0,-22.87140046,-43.45942235
2017-08-17 00:30:00,UNIDADE MOVEL BANGU,0.0,18.2,93.02,1.15,,0.18,,,2.39,,18.0,-22.87140046,-43.45942235
2017-08-17 01:30:00,UNIDADE MOVEL BANGU,0.0,18.15,92.8,0.99,,0.12,,,6.97,,19.0,-22.87140046,-43.45942235
2017-08-17 02:30:00,UNIDADE MOVEL BANGU,0.0,18.28,92.55,1.16,,0.09,,,7.04,,15.0,-22.87140046,-43.45942235
2017-08-17 03:30:00,UNIDADE MOVEL BANGU,0.0,18.35,91.42,0.91,,0.07,,,8.62,,14.0,-22.87140046,-43.45942235
2017-08-17 04:30:00,UNIDADE MOVEL BANGU,0.0,18.45,90.25,1.04,,0.06,,,9.75,,17.0,-22.87140046,-43.45942235
2017-08-17 05:30:00,UNIDADE MOVEL BANGU,0.0,18.47,89.23,1.03,,0.05,,,11.35,,12.0,-22.87140046,-43.45942235
2017-08-17 06:30:00,UNIDADE MOVEL BANGU,0.0,18.6,88.93,1.0,,0.11,,,6.19,,18.0,-22.87140046,-43.45942235
2017-08-17 07:30:00,UNIDADE MOVEL BANGU,0.0,18.92,87.83,1.3,,0.34,,,4.59,,18.0,-22.87140046,-43.45942235
2017-08-17 08:30:00,UNIDADE MOVEL BANGU,0.0,19.33,85.6,1.44,,0.21,,,6.4,,17.0,-22.87140046,-43.45942235
2017-08-17 09:30:00,UNIDADE MOVEL BANGU,0.0,19.78,83.95,1.57,,0.15,,,13.6,,13.0,-22.87140046,-43.45942235
2017-08-17 10:30:00,UNIDADE MOVEL BANGU,0.0,19.95,83.22,1.84,,0.1,,,14.44,,13.0,-22.87140046,-43.45942235
2017-08-17 11:30:00,UNIDADE MOVEL BANGU,0.0,20.12,83.23,1.98,,0.16,,,12.78,,14.0,-22.87140046,-43.45942235
2017-08-17 12:30:00,UNIDADE MOVEL BANGU,0.0,20.13,83.75,0.8,,0.22,,,12.77,,15.0,-22.87140046,-43.45942235
2017-08-17 13:30:00,UNIDADE MOVEL BANGU,0.0,19.97,84.07,0.0,,0.14,,,18.51,,19.0,-22.87140046,-43.45942235
2017-08-17 14:30:00,UNIDADE MOVEL BANGU,0.0,19.45,89.27,0.0,,0.16,,,17.47,,9.5,-22.87140046,-43.45942235
2017-08-17 15:30:00,UNIDADE MOVEL BANGU,0.0,19.52,90.32,0.04,,0.18,,,17.95,,0.0,-22.87140046,-43.45942235
2017-08-17 16:30:00,UNIDADE MOVEL BANGU,0.0,19.22,90.02,0.09,,0.08,,,22.62,,6.0,-22.87140046,-43.45942235
2017-08-17 17:30:00,UNIDADE MOVEL BANGU,1.0,19.0,91.88,0.29,,0.17,,,16.5,,8.0,-22.87140046,-43.45942235
2017-08-17 18:30:00,UNIDADE MOVEL BANGU,0.0,18.85,92.62,0.47,,0.21,,,14.47,,6.0,-22.87140046,-43.45942235
2017-08-17 19:30:00,UNIDADE MOVEL BANGU,1.0,18.77,92.95,0.51,,0.24,,,11.17,,5.0,-22.87140046,-43.45942235
2017-08-17 20:30:00,UNIDADE MOVEL BANGU,0.0,18.7,93.27,0.44,,0.27,,,7.87,,7.0,-22.87140046,-43.45942235
2017-08-17 21:30:00,UNIDADE MOVEL BANGU,1.0,18.72,93.78,0.71,,0.48,,,3.76,,15.0,-22.87140046,-43.45942235
2017-08-17 22:30:00,UNIDADE MOVEL BANGU,0.0,18.58,94.15,0.73,,0.27,,,2.01,,22.0,-22.87140046,-43.45942235
2017-08-17 23:30:00,UNIDADE MOVEL BANGU,0.0,18.57,94.4,0.5,,0.25,,,1.84,,12.0,-22.87140046,-43.45942235
2017-08-18 00:30:00,UNIDADE MOVEL BANGU,0.0,18.57,94.45,0.27,,0.12,,,4.43,,6.0,-22.87140046,-43.45942235
2017-08-18 01:30:00,UNIDADE MOVEL BANGU,0.0,18.6,94.37,0.43,,0.07,,,8.37,,3.0,-22.87140046,-43.45942235
2017-08-18 02:30:00,UNIDADE MOVEL BANGU,0.0,18.65,94.23,0.51,,0.04,,,11.01,,2.0,-22.87140046,-43.45942235
2017-08-18 03:30:00,UNIDADE MOVEL BANGU,0.0,18.67,94.3,0.41,,0.02,,,12.44,,2.0,-22.87140046,-43.45942235
2017-08-18 04:30:00,UNIDADE MOVEL BANGU,0.0,18.62,94.52,0.46,,0.02,,,16.23,,2.0,-22.87140046,-43.45942235
2017-08-18 05:30:00,UNIDADE MOVEL BANGU,0.0,18.65,94.6,0.34,,0.02,,,10.31,,4.0,-22.87140046,-43.45942235
2017-08-18 06:30:00,UNIDADE MOVEL BANGU,0.0,18.65,94.67,0.35,,0.03,,,6.88,,2.0,-22.87140046,-43.45942235
2017-08-18 07:30:00,UNIDADE MOVEL BANGU,0.0,18.75,94.8,0.84,,0.16,,,6.48,,4.0,-22.87140046,-43.45942235
2017-08-18 08:30:00,UNIDADE MOVEL BANGU,0.0,18.77,94.72,1.05,,0.11,,,7.86,,10.0,-22.87140046,-43.45942235
2017-08-18 09:30:00,UNIDADE MOVEL BANGU,0.0,19.2,93.35,1.08,,0.18,,,10.23,,8.0,-22.87140046,-43.45942235
2017-08-18 10:30:00,UNIDADE MOVEL BANGU,0.0,19.73,88.62,0.865,,0.125,,,11.325,,10.0,-22.87140046,-43.45942235
2017-08-18 11:30:00,UNIDADE MOVEL BANGU,0.0,20.27,85.55,0.65,,0.07,,,12.42,,10.0,-22.87140046,-43.45942235
2017-08-18 12:30:00,UNIDADE MOVEL BANGU,0.0,19.72,90.15,0.17,,0.155,,,13.515,,6.0,-22.87140046,-43.45942235
2017-08-18 13:30:00,UNIDADE MOVEL BANGU,0.0,20.37,88.27,0.0,,0.24,,,14.61,,16.0,-22.87140046,-43.45942235
2017-08-18 14:30:00,UNIDADE MOVEL BANGU,0.0,21.08,81.72,0.11,,0.32499999999999996,,,16.97,,5.0,-22.87140046,-43.45942235
2017-08-18 15:30:00,UNIDADE MOVEL BANGU,0.0,20.72,85.33,2.0380000000000003,,0.41,,,10.74,,20.0,-22.87140046,-43.45942235
2017-08-18 16:30:00,UNIDADE MOVEL BANGU,0.0,20.12,88.2,3.966,,0.38,,,4.93,,15.0,-22.87140046,-43.45942235
2017-08-18 17:30:00,UNIDADE MOVEL BANGU,1.0,19.47,91.32,5.894000000000001,,0.62,,,4.83,,12.0,-22.87140046,-43.45942235
2017-08-18 18:30:00,UNIDADE MOVEL BANGU,1.0,19.28,93.22,7.822000000000001,,1.07,,,2.63,,16.0,-22.87140046,-43.45942235
2017-08-18 19:30:00,UNIDADE MOVEL BANGU,0.0,19.07,94.22,9.75,,0.81,,,2.35,,15.0,-22.87140046,-43.45942235
2017-08-18 20:30:00,UNIDADE MOVEL BANGU,0.0,18.78,94.62,9.92,,0.82,,,2.9,,10.0,-22.87140046,-43.45942235
2017-08-18 21:30:00,UNIDADE MOVEL BANGU,0.0,18.85,94.78,10.15,,0.69,,,3.09,,12.0,-22.87140046,-43.45942235
2017-08-18 22:30:00,UNIDADE MOVEL BANGU,0.0,19.0,94.8,10.49,,0.64,,,4.11,,23.0,-22.87140046,-43.45942235
2017-08-18 23:30:00,UNIDADE MOVEL BANGU,0.0,19.0,94.67,7.515000000000001,,0.68,,,3.35,,18.0,-22.87140046,-43.45942235
2017-08-19 00:30:00,UNIDADE MOVEL BANGU,0.0,19.12,93.95,4.54,,0.84,,,1.62,,28.0,-22.87140046,-43.45942235
2017-08-19 01:30:00,UNIDADE MOVEL BANGU,0.0,19.13,93.02,3.11,,0.48,,,2.67,,27.0,-22.87140046,-43.45942235
2017-08-19 02:30:00,UNIDADE MOVEL BANGU,0.0,19.1,92.45,3.33,,0.5,,,3.19,,31.0,-22.87140046,-43.45942235
2017-08-19 03:30:00,UNIDADE MOVEL BANGU,0.0,18.63,93.0,2.95,,0.29,,,2.5,,23.0,-22.87140046,-43.45942235
2017-08-19 04:30:00,UNIDADE MOVEL BANGU,0.0,18.57,93.77,2.71,,0.24,,,2.14,,15.0,-22.87140046,-43.45942235
2017-08-19 05:30:00,UNIDADE MOVEL BANGU,0.0,18.5,93.93,2.68,,0.33,,,3.09,,16.0,-22.87140046,-43.45942235
2017-08-19 06:30:00,UNIDADE MOVEL BANGU,0.0,18.47,94.35,2.81,,0.6,,,1.62,,25.0,-22.87140046,-43.45942235
2017-08-19 07:30:00,UNIDADE MOVEL BANGU,0.0,19.23,93.92,3.45,,0.54,,,2.82,,21.0,-22.87140046,-43.45942235
2017-08-19 08:30:00,UNIDADE MOVEL BANGU,0.0,20.6,84.98,16.05,,0.3,,,7.72,,27.0,-22.87140046,-43.45942235
2017-08-19 09:30:00,UNIDADE MOVEL BANGU,0.0,21.03,81.97,31.39,,0.27,,,8.06,,28.0,-22.87140046,-43.45942235
2017-08-19 10:30:00,UNIDADE MOVEL BANGU,0.0,21.97,78.92,34.19,,0.28,,,12.06,,41.0,-22.87140046,-43.45942235
2017-08-19 11:30:00,UNIDADE MOVEL BANGU,0.0,22.98,75.03,80.11,,0.27,,,16.39,,47.0,-22.87140046,-43.45942235
2017-08-19 12:30:00,UNIDADE MOVEL BANGU,0.0,24.87,66.28,78.07,,0.33,,,29.08,,59.0,-22.87140046,-43.45942235
2017-08-19 13:30:00,UNIDADE MOVEL BANGU,0.0,24.38,67.85,50.49,,0.32,,,29.68,,53.0,-22.87140046,-43.45942235
2017-08-19 14:30:00,UNIDADE MOVEL BANGU,0.0,24.08,69.2,26.25,,0.48,,,21.12,,46.0,-22.87140046,-43.45942235
2017-08-19 15:30:00,UNIDADE MOVEL BANGU,0.0,23.4,75.73,27.68,,0.58,,,15.95,,37.0,-22.87140046,-43.45942235
2017-08-19 16:30:00,UNIDADE MOVEL BANGU,0.0,22.98,77.93,24.89,,0.95,,,6.21,,47.0,-22.87140046,-43.45942235
2017-08-19 17:30:00,UNIDADE MOVEL BANGU,0.0,21.68,81.87,8.9,,0.36,,,9.41,,55.0,-22.87140046,-43.45942235
2017-08-19 18:30:00,UNIDADE MOVEL BANGU,0.0,21.08,84.0,5.69,,0.41,,,6.22,,24.0,-22.87140046,-43.45942235
2017-08-19 19:30:00,UNIDADE MOVEL BANGU,0.0,20.95,87.8,5.13,,1.06,,,3.67,,21.0,-22.87140046,-43.45942235
2017-08-19 20:30:00,UNIDADE MOVEL BANGU,0.0,21.32,87.45,8.16,,1.48,,,3.04,,33.0,-22.87140046,-43.45942235
2017-08-19 21:30:00,UNIDADE MOVEL BANGU,0.0,21.5,86.27,11.89,,1.41,,,3.72,,68.0,-22.87140046,-43.45942235
2017-08-19 22:30:00,UNIDADE MOVEL BANGU,0.0,21.33,85.72,11.14,,1.33,,,4.16,,88.0,-22.87140046,-43.45942235
2017-08-19 23:30:00,UNIDADE MOVEL BANGU,0.0,21.03,84.57,8.73,,1.28,,,3.4,,46.0,-22.87140046,-43.45942235
2017-08-20 00:30:00,UNIDADE MOVEL BANGU,0.0,20.43,87.25,6.32,,1.54,,,5.08,,51.0,-22.87140046,-43.45942235
2017-08-20 01:30:00,UNIDADE MOVEL BANGU,0.0,19.93,91.23,4.72,,1.73,,,3.5,,57.0,-22.87140046,-43.45942235
2017-08-20 02:30:00,UNIDADE MOVEL BANGU,0.0,19.48,92.67,4.38,,1.68,,,3.98,,64.0,-22.87140046,-43.45942235
2017-08-20 03:30:00,UNIDADE MOVEL BANGU,0.0,19.2,93.45,4.03,,1.98,,,4.94,,51.0,-22.87140046,-43.45942235
2017-08-20 04:30:00,UNIDADE MOVEL BANGU,0.0,19.18,93.72,4.04,,1.94,,,3.9,,55.0,-22.87140046,-43.45942235
2017-08-20 05:30:00,UNIDADE MOVEL BANGU,0.0,19.37,93.48,3.98,,1.49,,,4.25,,45.0,-22.87140046,-43.45942235
2017-08-20 06:30:00,UNIDADE MOVEL BANGU,0.0,19.55,92.95,3.99,,1.77,,,3.86,,36.0,-22.87140046,-43.45942235
2017-08-20 07:30:00,UNIDADE MOVEL BANGU,0.0,20.47,89.92,4.97,,1.79,,,3.79,,37.0,-22.87140046,-43.45942235
2017-08-20 08:30:00,UNIDADE MOVEL BANGU,0.0,21.32,83.8,4.96,,1.73,,,3.1,,30.0,-22.87140046,-43.45942235
2017-08-20 09:30:00,UNIDADE MOVEL BANGU,0.0,22.88,75.88,5.18,,1.56,,,3.83,,32.0,-22.87140046,-43.45942235
2017-08-20 10:30:00,UNIDADE MOVEL BANGU,0.0,24.53,67.85,4.73,,1.37,,,6.3,,33.0,-22.87140046,-43.45942235
2017-08-20 11:30:00,UNIDADE MOVEL BANGU,0.0,25.52,55.58,4.21,,0.61,,,13.03,,25.0,-22.87140046,-43.45942235
2017-08-20 12:30:00,UNIDADE MOVEL BANGU,0.0,26.02,54.22,4.0,,0.77,,,12.25,,15.0,-22.87140046,-43.45942235
2017-08-20 13:30:00,UNIDADE MOVEL BANGU,0.0,26.53,51.3,2.98,,0.09,,,29.39,,16.0,-22.87140046,-43.45942235
2017-08-20 14:30:00,UNIDADE MOVEL BANGU,0.0,23.8,65.67,2.22,,0.06,,,43.81,,6.0,-22.87140046,-43.45942235
2017-08-20 15:30:00,UNIDADE MOVEL BANGU,0.0,22.12,71.88,1.31,,0.03,,,41.38,,19.0,-22.87140046,-43.45942235
2017-08-20 16:30:00,UNIDADE MOVEL BANGU,0.0,21.03,76.58,0.59,,0.02,,,41.62,,9.0,-22.87140046,-43.45942235
2017-08-20 17:30:00,UNIDADE MOVEL BANGU,0.0,21.27,67.52,0.28,,0.04,,,41.23,,12.0,-22.87140046,-43.45942235
2017-08-20 18:30:00,UNIDADE MOVEL BANGU,0.0,20.73,69.38,0.0,,0.1,,,40.75,,9.0,-22.87140046,-43.45942235
2017-08-20 19:30:00,UNIDADE MOVEL BANGU,0.0,20.32,70.8,0.0,,0.1,,,33.86,,10.0,-22.87140046,-43.45942235
2017-08-20 20:30:00,UNIDADE MOVEL BANGU,3.0,18.52,86.17,0.0,,0.17,,,28.58,,7.0,-22.87140046,-43.45942235
2017-08-20 21:30:00,UNIDADE MOVEL BANGU,6.0,18.05,91.42,0.0,,0.19,,,17.44,,5.0,-22.87140046,-43.45942235
2017-08-20 22:30:00,UNIDADE MOVEL BANGU,5.0,17.85,94.12,0.0,,0.19,,,21.06,,2.0,-22.87140046,-43.45942235
2017-08-20 23:30:00,UNIDADE MOVEL BANGU,2.0,17.92,95.37,0.16,,0.23,,,16.54,,2.0,-22.87140046,-43.45942235
2017-08-21 00:30:00,UNIDADE MOVEL BANGU,1.0,17.88,95.7,0.32,,0.15,,,19.0,,2.0,-22.87140046,-43.45942235
2017-08-21 01:30:00,UNIDADE MOVEL BANGU,0.0,17.87,95.65,0.71,,0.14,,,20.99,,2.0,-22.87140046,-43.45942235
2017-08-21 02:30:00,UNIDADE MOVEL BANGU,0.0,17.8,94.17,0.69,,0.06,,,31.2,,3.0,-22.87140046,-43.45942235
2017-08-21 03:30:00,UNIDADE MOVEL BANGU,0.0,17.85,93.08,0.41,,0.03,,,36.14,,1.0,-22.87140046,-43.45942235
2017-08-21 04:30:00,UNIDADE MOVEL BANGU,0.0,18.07,91.4,0.59,,0.03,,,32.79,,0.0,-22.87140046,-43.45942235
2017-08-21 05:30:00,UNIDADE MOVEL BANGU,0.0,18.08,90.78,0.66,,0.02,,,33.67,,1.0,-22.87140046,-43.45942235
2017-08-21 06:30:00,UNIDADE MOVEL BANGU,0.0,17.37,88.52,0.45,,0.01,,,35.02,,2.0,-22.87140046,-43.45942235
2017-08-21 07:30:00,UNIDADE MOVEL BANGU,0.0,16.48,89.13,0.43,,0.02,,,34.22,,3.0,-22.87140046,-43.45942235
2017-08-21 08:30:00,UNIDADE MOVEL BANGU,0.0,16.55,86.73,2.11,,0.02,,,33.36,,4.0,-22.87140046,-43.45942235
2017-08-21 09:30:00,UNIDADE MOVEL BANGU,0.0,16.87,86.73,2.89,,0.03,,,24.43,,1.0,-22.87140046,-43.45942235
2017-08-21 10:30:00,UNIDADE MOVEL BANGU,0.0,16.75,88.7,3.2375000000000003,,0.03,,,25.57,,2.0,-22.87140046,-43.45942235
2017-08-21 11:30:00,UNIDADE MOVEL BANGU,0.0,16.55,88.17,3.585,,0.04,,,30.12,,3.0,-22.87140046,-43.45942235
2017-08-21 12:30:00,UNIDADE MOVEL BANGU,0.0,17.77,82.15,3.9325,,0.08,,,25.41,,4.0,-22.87140046,-43.45942235
2017-08-21 13:30:00,UNIDADE MOVEL BANGU,0.0,18.65,73.32,4.28,,0.04,,,26.4,,11.0,-22.87140046,-43.45942235
2017-08-21 14:30:00,UNIDADE MOVEL BANGU,0.0,16.82,86.57,5.78,,0.01,,,30.14,,8.0,-22.87140046,-43.45942235
2017-08-21 15:30:00,UNIDADE MOVEL BANGU,0.0,16.82,87.2,6.02,,0.01,,,30.15,,3.0,-22.87140046,-43.45942235
2017-08-21 16:30:00,UNIDADE MOVEL BANGU,0.0,16.55,86.58,6.18,,0.01,,,30.2,,4.0,-22.87140046,-43.45942235
2017-08-21 17:30:00,UNIDADE MOVEL BANGU,0.0,16.58,85.92,6.37,,0.03,,,27.76,,5.0,-22.87140046,-43.45942235
2017-08-21 18:30:00,UNIDADE MOVEL BANGU,0.0,16.58,85.57,6.68,,0.04,,,21.51,,3.0,-22.87140046,-43.45942235
2017-08-21 19:30:00,UNIDADE MOVEL BANGU,0.0,16.48,85.93,6.77,,0.06,,,18.34,,10.0,-22.87140046,-43.45942235
2017-08-21 20:30:00,UNIDADE MOVEL BANGU,0.0,16.22,87.93,6.57,,0.08,,,16.53,,9.0,-22.87140046,-43.45942235
2017-08-21 21:30:00,UNIDADE MOVEL BANGU,0.0,16.22,87.73,6.22,,0.05,,,14.66,,8.0,-22.87140046,-43.45942235
2017-08-21 22:30:00,UNIDADE MOVEL BANGU,0.0,16.45,86.63,6.25,,0.05,,,10.15,,4.0,-22.87140046,-43.45942235
2017-08-21 23:30:00,UNIDADE MOVEL BANGU,2.0,16.12,89.15,3.4050000000000002,,0.05,,,10.58,,19.0,-22.87140046,-43.45942235
2017-08-22 00:30:00,UNIDADE MOVEL BANGU,0.0,15.55,91.22,0.56,,0.03,,,24.3,,7.0,-22.87140046,-43.45942235
2017-08-22 01:30:00,UNIDADE MOVEL BANGU,0.0,15.72,90.48,0.23,,0.04,,,24.11,,4.0,-22.87140046,-43.45942235
2017-08-22 02:30:00,UNIDADE MOVEL BANGU,0.0,15.77,91.38,0.97,,0.03,,,21.46,,3.0,-22.87140046,-43.45942235
2017-08-22 03:30:00,UNIDADE MOVEL BANGU,0.0,15.48,91.7,1.88,,0.01,,,31.64,,7.0,-22.87140046,-43.45942235
2017-08-22 04:30:00,UNIDADE MOVEL BANGU,0.0,15.55,90.67,1.54,,0.01,,,32.72,,4.0,-22.87140046,-43.45942235
2017-08-22 05:30:00,UNIDADE MOVEL BANGU,0.0,15.43,92.53,1.41,,0.01,,,29.02,,5.0,-22.87140046,-43.45942235
2017-08-22 06:30:00,UNIDADE MOVEL BANGU,0.0,15.42,92.52,1.71,,0.05,,,17.84,,5.0,-22.87140046,-43.45942235
2017-08-22 07:30:00,UNIDADE MOVEL BANGU,0.0,15.82,91.08,2.32,,0.22,,,7.54,,1.0,-22.87140046,-43.45942235
2017-08-22 08:30:00,UNIDADE MOVEL BANGU,0.0,16.92,86.52,2.88,,0.15,,,8.83,,2.0,-22.87140046,-43.45942235
2017-08-22 09:30:00,UNIDADE MOVEL BANGU,0.0,17.4,81.4,2.44,,0.22,,,14.26,,7.0,-22.87140046,-43.45942235
2017-08-22 10:30:00,UNIDADE MOVEL BANGU,0.0,18.77,69.77,2.51,,0.05,,,22.11,,5.0,-22.87140046,-43.45942235
2017-08-22 11:30:00,UNIDADE MOVEL BANGU,0.0,19.52,66.03,3.38,,0.04,,,25.54,,5.0,-22.87140046,-43.45942235
2017-08-22 12:30:00,UNIDADE MOVEL BANGU,0.0,20.6,60.08,4.67,,0.03,,,30.02,,9.0,-22.87140046,-43.45942235
2017-08-22 13:30:00,UNIDADE MOVEL BANGU,0.0,20.68,60.02,4.75,,0.04,,,29.97,,8.0,-22.87140046,-43.45942235
2017-08-22 14:30:00,UNIDADE MOVEL BANGU,0.0,19.52,62.77,4.36,,0.04,,,26.38,,10.0,-22.87140046,-43.45942235
2017-08-22 15:30:00,UNIDADE MOVEL BANGU,0.0,20.0,60.5,4.02,,0.03,,,30.8,,9.0,-22.87140046,-43.45942235
2017-08-22 16:30:00,UNIDADE MOVEL BANGU,0.0,19.9,61.67,3.78,,0.06,,,27.6,,7.0,-22.87140046,-43.45942235
2017-08-22 17:30:00,UNIDADE MOVEL BANGU,0.0,19.52,59.97,3.56,,0.18,,,21.12,,7.0,-22.87140046,-43.45942235
2017-08-22 18:30:00,UNIDADE MOVEL BANGU,0.0,19.17,60.9,3.48,,0.16,,,13.29,,18.0,-22.87140046,-43.45942235
2017-08-22 19:30:00,UNIDADE MOVEL BANGU,0.0,19.0,61.95,3.53,,0.15,,,7.7,,5.0,-22.87140046,-43.45942235
2017-08-22 20:30:00,UNIDADE MOVEL BANGU,0.0,18.77,64.18,3.58,,0.21,,,14.27,,6.0,-22.87140046,-43.45942235
2017-08-22 21:30:00,UNIDADE MOVEL BANGU,0.0,18.52,65.53,3.28,,0.17,,,15.24,,10.0,-22.87140046,-43.45942235
2017-08-22 22:30:00,UNIDADE MOVEL BANGU,0.0,18.35,66.27,2.89,,0.09,,,16.93,,10.0,-22.87140046,-43.45942235
2017-08-22 23:30:00,UNIDADE MOVEL BANGU,0.0,18.25,67.1,1.84,,0.11,,,17.64,,8.0,-22.87140046,-43.45942235
2017-08-23 00:30:00,UNIDADE MOVEL BANGU,0.0,18.12,67.2,0.79,,0.03,,,19.86,,9.0,-22.87140046,-43.45942235
2017-08-23 01:30:00,UNIDADE MOVEL BANGU,0.0,17.98,66.8,0.21,,0.01,,,24.62,,10.0,-22.87140046,-43.45942235
2017-08-23 02:30:00,UNIDADE MOVEL BANGU,0.0,17.85,67.17,0.32,,0.01,,,24.25,,5.0,-22.87140046,-43.45942235
2017-08-23 03:30:00,UNIDADE MOVEL BANGU,0.0,17.68,68.82,0.04,,0.01,,,24.87,,4.0,-22.87140046,-43.45942235
2017-08-23 04:30:00,UNIDADE MOVEL BANGU,0.0,17.42,72.42,0.11,,0.01,,,22.47,,4.0,-22.87140046,-43.45942235
2017-08-23 05:30:00,UNIDADE MOVEL BANGU,0.0,17.22,75.93,0.09,,0.02,,,15.23,,5.0,-22.87140046,-43.45942235
2017-08-23 06:30:00,UNIDADE MOVEL BANGU,0.0,17.23,75.57,0.18,,0.12,,,9.04,,11.0,-22.87140046,-43.45942235
2017-08-23 07:30:00,UNIDADE MOVEL BANGU,0.0,17.75,74.45,0.14,,0.12,,,9.97,,7.0,-22.87140046,-43.45942235
2017-08-23 08:30:00,UNIDADE MOVEL BANGU,0.0,18.7,68.75,0.49,,0.16,,,15.43,,8.0,-22.87140046,-43.45942235
2017-08-23 09:30:00,UNIDADE MOVEL BANGU,0.0,19.33,64.85,0.93,,0.08,,,19.44,,6.0,-22.87140046,-43.45942235
2017-08-23 10:30:00,UNIDADE MOVEL BANGU,0.0,20.38,60.93,1.5,,0.05,,,24.7,,4.0,-22.87140046,-43.45942235
2017-08-23 11:30:00,UNIDADE MOVEL BANGU,0.0,21.9,55.67,2.3,,0.05,,,28.12,,3.0,-22.87140046,-43.45942235
2017-08-23 12:30:00,UNIDADE MOVEL BANGU,0.0,22.4,53.1,3.33,,0.04,,,31.89,,2.0,-22.87140046,-43.45942235
2017-08-23 13:30:00,UNIDADE MOVEL BANGU,0.0,23.3,48.05,3.83,,0.04,,,34.84,,4.0,-22.87140046,-43.45942235
2017-08-23 14:30:00,UNIDADE MOVEL BANGU,0.0,22.97,49.9,5.27,,0.04,,,33.53,,4.0,-22.87140046,-43.45942235
2017-08-23 15:30:00,UNIDADE MOVEL BANGU,0.0,23.0,51.88,7.17,,0.09,,,30.88,,,-22.87140046,-43.45942235
2017-08-23 16:30:00,UNIDADE MOVEL BANGU,0.0,22.35,58.38,4.109999999999999,,0.18,,,28.91,,,-22.87140046,-43.45942235
2017-08-23 17:30:00,UNIDADE MOVEL BANGU,0.0,21.67,61.4,1.05,,0.19,,,17.87,,,-22.87140046,-43.45942235
2017-08-23 18:30:00,UNIDADE MOVEL BANGU,0.0,20.82,65.8,3.11,,0.32,,,7.99,,,-22.87140046,-43.45942235
2017-08-23 19:30:00,UNIDADE MOVEL BANGU,0.0,19.87,65.57,3.52,,0.17,,,7.37,,,-22.87140046,-43.45942235
2017-08-23 20:30:00,UNIDADE MOVEL BANGU,0.0,18.95,68.35,3.84,,0.25,,,5.74,,,-22.87140046,-43.45942235
2017-08-23 21:30:00,UNIDADE MOVEL BANGU,0.0,18.43,71.58,4.46,,0.27,,,4.29,,,-22.87140046,-43.45942235
2017-08-23 22:30:00,UNIDADE MOVEL BANGU,0.0,17.93,74.92,4.53,,0.36,,,2.25,,,-22.87140046,-43.45942235
2017-08-23 23:30:00,UNIDADE MOVEL BANGU,0.0,17.45,78.7,3.2750000000000004,,0.29,,,4.36,,,-22.87140046,-43.45942235
2017-08-24 00:30:00,UNIDADE MOVEL BANGU,0.0,17.22,80.68,2.02,,0.26,,,3.64,,,-22.87140046,-43.45942235
2017-08-24 01:30:00,UNIDADE MOVEL BANGU,0.0,16.95,82.6,1.58,,0.2,,,4.28,,,-22.87140046,-43.45942235
2017-08-24 02:30:00,UNIDADE MOVEL BANGU,0.0,16.95,82.58,1.64,,0.1,,,6.23,,,-22.87140046,-43.45942235
2017-08-24 03:30:00,UNIDADE MOVEL BANGU,0.0,17.15,81.68,1.98,,0.11,,,5.65,,,-22.87140046,-43.45942235
2017-08-24 04:30:00,UNIDADE MOVEL BANGU,0.0,16.75,83.43,1.33,,0.03,,,10.0,,,-22.87140046,-43.45942235
2017-08-24 05:30:00,UNIDADE MOVEL BANGU,0.0,17.1,82.95,1.78,,0.12,,,3.1,,,-22.87140046,-43.45942235
2017-08-24 06:30:00,UNIDADE MOVEL BANGU,0.0,17.78,78.47,2.58,,0.35,,,4.28,,,-22.87140046,-43.45942235
2017-08-24 07:30:00,UNIDADE MOVEL BANGU,0.0,19.85,68.88,3.29,,0.55,,,4.71,,,-22.87140046,-43.45942235
2017-08-24 08:30:00,UNIDADE MOVEL BANGU,0.0,21.82,58.75,3.3,,0.07,,,14.9,,,-22.87140046,-43.45942235
2017-08-24 09:30:00,UNIDADE MOVEL BANGU,0.0,23.18,53.13,4.3,,0.04,,,24.42,,,-22.87140046,-43.45942235
2017-08-24 10:30:00,UNIDADE MOVEL BANGU,0.0,24.05,49.27,5.25,,0.04,,,32.59,,,-22.87140046,-43.45942235
2017-08-24 11:30:00,UNIDADE MOVEL BANGU,0.0,25.25,44.22,5.73,,0.03,,,36.59,,,-22.87140046,-43.45942235
2017-08-24 12:30:00,UNIDADE MOVEL BANGU,0.0,25.55,44.37,10.6,,0.04,,,34.26,,,-22.87140046,-43.45942235
2017-08-24 13:30:00,UNIDADE MOVEL BANGU,0.0,25.47,43.08,16.94,,0.06,,,35.02,,,-22.87140046,-43.45942235
2017-08-24 14:30:00,UNIDADE MOVEL BANGU,0.0,24.92,47.25,11.0,,0.07,,,30.95,,,-22.87140046,-43.45942235
2017-08-24 15:30:00,UNIDADE MOVEL BANGU,0.0,23.5,53.38,7.18,,0.07,,,23.46,,,-22.87140046,-43.45942235
2017-08-24 16:30:00,UNIDADE MOVEL BANGU,0.0,23.02,54.98,4.86,,0.09,,,21.37,,,-22.87140046,-43.45942235
2017-08-24 17:30:00,UNIDADE MOVEL BANGU,0.0,22.47,56.47,4.18,,0.07,,,19.71,,,-22.87140046,-43.45942235
2017-08-24 18:30:00,UNIDADE MOVEL BANGU,0.0,21.4,59.12,3.69,,0.14,,,10.68,,,-22.87140046,-43.45942235
2017-08-24 19:30:00,UNIDADE MOVEL BANGU,0.0,20.42,58.8,3.02,,0.21,,,12.68,,,-22.87140046,-43.45942235
2017-08-24 20:30:00,UNIDADE MOVEL BANGU,0.0,19.75,61.05,3.22,,0.13,,,7.28,,,-22.87140046,-43.45942235
2017-08-24 21:30:00,UNIDADE MOVEL BANGU,0.0,19.18,64.42,2.8,,0.06,,,9.31,,,-22.87140046,-43.45942235
2017-08-24 22:30:00,UNIDADE MOVEL BANGU,0.0,18.35,69.72,2.37,,0.07,,,9.4,,,-22.87140046,-43.45942235
2017-08-24 23:30:00,UNIDADE MOVEL BANGU,0.0,17.57,75.45,1.6400000000000001,,0.07,,,7.12,,,-22.87140046,-43.45942235
2017-08-25 00:30:00,UNIDADE MOVEL BANGU,0.0,17.35,76.97,0.91,,0.09,,,8.41,,,-22.87140046,-43.45942235
2017-08-25 01:30:00,UNIDADE MOVEL BANGU,0.0,16.85,78.82,0.63,,0.07,,,8.01,,,-22.87140046,-43.45942235
2017-08-25 02:30:00,UNIDADE MOVEL BANGU,0.0,16.37,81.02,0.25,,0.04,,,12.84,,,-22.87140046,-43.45942235
2017-08-25 03:30:00,UNIDADE MOVEL BANGU,0.0,15.87,83.3,0.0,,0.03,,,11.21,,,-22.87140046,-43.45942235
2017-08-25 04:30:00,UNIDADE MOVEL BANGU,0.0,15.6,82.77,0.0,,0.01,,,12.85,,,-22.87140046,-43.45942235
2017-08-25 05:30:00,UNIDADE MOVEL BANGU,0.0,15.63,82.08,0.0,,0.02,,,6.34,,,-22.87140046,-43.45942235
2017-08-25 06:30:00,UNIDADE MOVEL BANGU,0.0,15.97,81.18,0.46,,0.2,,,3.77,,,-22.87140046,-43.45942235
2017-08-25 07:30:00,UNIDADE MOVEL BANGU,0.0,17.82,73.97,1.58,,0.26,,,5.5,,,-22.87140046,-43.45942235
2017-08-25 08:30:00,UNIDADE MOVEL BANGU,0.0,20.03,63.2,1.91,,0.16,,,10.91,,,-22.87140046,-43.45942235
2017-08-25 09:30:00,UNIDADE MOVEL BANGU,0.0,21.87,51.9,3.13,,0.06,,,21.32,,,-22.87140046,-43.45942235
2017-08-25 10:30:00,UNIDADE MOVEL BANGU,0.0,23.35,44.28,6.59,,0.06,,,30.02,,,-22.87140046,-43.45942235
2017-08-25 11:30:00,UNIDADE MOVEL BANGU,0.0,24.5,39.7,20.42,,0.02,,,37.59,,,-22.87140046,-43.45942235
2017-08-25 12:30:00,UNIDADE MOVEL BANGU,0.0,25.1,39.27,29.49,,0.02,,,44.16,,,-22.87140046,-43.45942235
2017-08-25 13:30:00,UNIDADE MOVEL BANGU,0.0,26.47,35.9,15.04,,0.03,,,46.27,,,-22.87140046,-43.45942235
2017-08-25 14:30:00,UNIDADE MOVEL BANGU,0.0,27.02,34.03,10.22,,0.03,,,49.16,,,-22.87140046,-43.45942235
2017-08-25 15:30:00,UNIDADE MOVEL BANGU,0.0,26.65,35.17,8.65,,0.03,,,52.85,,,-22.87140046,-43.45942235
2017-08-25 16:30:00,UNIDADE MOVEL BANGU,0.0,25.92,40.0,6.85,,0.02,,,50.22,,,-22.87140046,-43.45942235
2017-08-25 17:30:00,UNIDADE MOVEL BANGU,0.0,23.72,50.95,2.92,,0.05,,,39.8,,,-22.87140046,-43.45942235
2017-08-25 18:30:00,UNIDADE MOVEL BANGU,0.0,21.52,61.68,1.14,,0.16,,,15.6,,,-22.87140046,-43.45942235
2017-08-25 19:30:00,UNIDADE MOVEL BANGU,0.0,20.75,66.38,1.77,,0.26,,,5.83,,,-22.87140046,-43.45942235
2017-08-25 20:30:00,UNIDADE MOVEL BANGU,0.0,20.15,68.95,1.73,,0.13,,,7.77,,,-22.87140046,-43.45942235
2017-08-25 21:30:00,UNIDADE MOVEL BANGU,0.0,19.33,73.13,1.69,,0.12,,,7.51,,,-22.87140046,-43.45942235
2017-08-25 22:30:00,UNIDADE MOVEL BANGU,0.0,18.82,76.98,1.61,,0.14,,,6.76,,,-22.87140046,-43.45942235
2017-08-25 23:30:00,UNIDADE MOVEL BANGU,0.0,18.32,78.53,1.105,,0.11,,,5.17,,,-22.87140046,-43.45942235
2017-08-26 00:30:00,UNIDADE MOVEL BANGU,0.0,18.1,78.95,0.6,,0.14,,,11.64,,,-22.87140046,-43.45942235
2017-08-26 01:30:00,UNIDADE MOVEL BANGU,0.0,17.6,80.28,0.25,,0.1,,,6.88,,,-22.87140046,-43.45942235
2017-08-26 02:30:00,UNIDADE MOVEL BANGU,0.0,17.1,81.47,0.08,,0.08,,,8.16,,,-22.87140046,-43.45942235
2017-08-26 03:30:00,UNIDADE MOVEL BANGU,0.0,16.72,82.38,0.01,,0.05,,,8.54,,,-22.87140046,-43.45942235
2017-08-26 04:30:00,UNIDADE MOVEL BANGU,0.0,16.33,83.97,0.05,,0.06,,,6.62,,,-22.87140046,-43.45942235
2017-08-26 05:30:00,UNIDADE MOVEL BANGU,0.0,16.1,85.3,0.05,,0.08,,,2.67,,,-22.87140046,-43.45942235
2017-08-26 06:30:00,UNIDADE MOVEL BANGU,0.0,15.85,86.6,0.34,,0.29,,,2.54,,,-22.87140046,-43.45942235
2017-08-26 07:30:00,UNIDADE MOVEL BANGU,0.0,18.3,75.83,0.17,,0.19,,,8.33,,,-22.87140046,-43.45942235
2017-08-26 08:30:00,UNIDADE MOVEL BANGU,0.0,20.35,65.97,0.82,,0.12,,,10.6,,,-22.87140046,-43.45942235
2017-08-26 09:30:00,UNIDADE MOVEL BANGU,0.0,22.6,56.25,6.46,,0.12,,,15.84,,,-22.87140046,-43.45942235
2017-08-26 10:30:00,UNIDADE MOVEL BANGU,0.0,24.75,44.72,7.9,,0.06,,,30.92,,,-22.87140046,-43.45942235
2017-08-26 11:30:00,UNIDADE MOVEL BANGU,0.0,26.15,36.07,7.14,,0.07,,,40.59,,,-22.87140046,-43.45942235
2017-08-26 12:30:00,UNIDADE MOVEL BANGU,0.0,27.27,33.52,10.51,,0.04,,,53.59,,,-22.87140046,-43.45942235
2017-08-26 13:30:00,UNIDADE MOVEL BANGU,0.0,27.67,33.0,11.72,,0.05,,,62.55,,,-22.87140046,-43.45942235
2017-08-26 14:30:00,UNIDADE MOVEL BANGU,0.0,27.9,32.82,17.56,,0.09,,,63.76,,,-22.87140046,-43.45942235
2017-08-26 15:30:00,UNIDADE MOVEL BANGU,0.0,27.72,31.82,14.85,,0.12,,,59.83,,,-22.87140046,-43.45942235
2017-08-26 16:30:00,UNIDADE MOVEL BANGU,0.0,26.82,37.92,8.78,,0.05,,,52.72,,,-22.87140046,-43.45942235
2017-08-26 17:30:00,UNIDADE MOVEL BANGU,0.0,24.92,44.75,5.62,,0.06,,,44.92,,,-22.87140046,-43.45942235
2017-08-26 18:30:00,UNIDADE MOVEL BANGU,0.0,23.1,51.73,3.85,,0.26,,,22.99,,,-22.87140046,-43.45942235
2017-08-26 19:30:00,UNIDADE MOVEL BANGU,0.0,21.8,58.18,3.31,,0.46,,,6.66,,,-22.87140046,-43.45942235
2017-08-26 20:30:00,UNIDADE MOVEL BANGU,0.0,21.0,63.12,2.65,,0.24,,,7.04,,,-22.87140046,-43.45942235
2017-08-26 21:30:00,UNIDADE MOVEL BANGU,0.0,20.05,64.97,1.94,,0.19,,,10.77,,,-22.87140046,-43.45942235
2017-08-26 22:30:00,UNIDADE MOVEL BANGU,0.0,19.35,67.23,1.68,,0.21,,,10.2,,,-22.87140046,-43.45942235
2017-08-26 23:30:00,UNIDADE MOVEL BANGU,0.0,18.75,70.02,1.42,,0.34,,,4.5,,,-22.87140046,-43.45942235
2017-08-27 00:30:00,UNIDADE MOVEL BANGU,0.0,18.4,71.23,1.16,,0.38,,,3.68,,,-22.87140046,-43.45942235
2017-08-27 01:30:00,UNIDADE MOVEL BANGU,0.0,17.93,72.57,1.87,,0.27,,,4.29,,,-22.87140046,-43.45942235
2017-08-27 02:30:00,UNIDADE MOVEL BANGU,0.0,17.48,74.82,1.43,,0.14,,,6.46,,,-22.87140046,-43.45942235
2017-08-27 03:30:00,UNIDADE MOVEL BANGU,0.0,16.85,78.02,1.14,,0.16,,,4.56,,,-22.87140046,-43.45942235
2017-08-27 04:30:00,UNIDADE MOVEL BANGU,0.0,16.4,80.47,1.21,,0.18,,,2.75,,,-22.87140046,-43.45942235
2017-08-27 05:30:00,UNIDADE MOVEL BANGU,0.0,16.18,81.78,0.88,,0.16,,,3.23,,,-22.87140046,-43.45942235
2017-08-27 06:30:00,UNIDADE MOVEL BANGU,0.0,16.22,82.35,1.29,,0.15,,,3.84,,,-22.87140046,-43.45942235
2017-08-27 07:30:00,UNIDADE MOVEL BANGU,0.0,18.27,73.98,1.01,,0.19,,,7.42,,,-22.87140046,-43.45942235
2017-08-27 08:30:00,UNIDADE MOVEL BANGU,0.0,20.23,65.78,0.97,,0.1,,,15.8,,,-22.87140046,-43.45942235
2017-08-27 09:30:00,UNIDADE MOVEL BANGU,0.0,22.3,58.02,3.39,,0.09,,,24.83,,,-22.87140046,-43.45942235
2017-08-27 10:30:00,UNIDADE MOVEL BANGU,0.0,24.27,49.77,11.5,,0.06,,,43.28,,,-22.87140046,-43.45942235
2017-08-27 11:30:00,UNIDADE MOVEL BANGU,0.0,26.35,40.27,42.27,,0.06,,,57.34,,,-22.87140046,-43.45942235
2017-08-27 12:30:00,UNIDADE MOVEL BANGU,0.0,27.33,38.5,44.9,,0.08,,,69.83,,,-22.87140046,-43.45942235
2017-08-27 13:30:00,UNIDADE MOVEL BANGU,0.0,28.22,36.28,37.47,,0.08,,,79.75,,,-22.87140046,-43.45942235
2017-08-27 14:30:00,UNIDADE MOVEL BANGU,0.0,28.97,34.18,26.92,,0.1,,,84.22,,,-22.87140046,-43.45942235
2017-08-27 15:30:00,UNIDADE MOVEL BANGU,0.0,28.13,36.97,18.35,,0.12,,,85.47,,,-22.87140046,-43.45942235
2017-08-27 16:30:00,UNIDADE MOVEL BANGU,0.0,27.1,38.57,14.27,,0.1,,,75.12,,,-22.87140046,-43.45942235
2017-08-27 17:30:00,UNIDADE MOVEL BANGU,0.0,25.27,43.18,11.29,,0.1,,,61.62,,,-22.87140046,-43.45942235
2017-08-27 18:30:00,UNIDADE MOVEL BANGU,0.0,23.58,50.98,9.16,,0.29,,,38.51,,,-22.87140046,-43.45942235
2017-08-27 19:30:00,UNIDADE MOVEL BANGU,0.0,21.48,67.55,6.48,,0.23,,,16.25,,,-22.87140046,-43.45942235
2017-08-27 20:30:00,UNIDADE MOVEL BANGU,0.0,20.38,74.73,5.67,,0.2,,,9.96,,,-22.87140046,-43.45942235
2017-08-27 21:30:00,UNIDADE MOVEL BANGU,0.0,19.93,75.73,5.3,,0.24,,,8.31,,,-22.87140046,-43.45942235
2017-08-27 22:30:00,UNIDADE MOVEL BANGU,0.0,19.57,76.07,9.73,,0.19,,,10.21,,,-22.87140046,-43.45942235
2017-08-27 23:30:00,UNIDADE MOVEL BANGU,0.0,18.97,78.28,10.545,,0.45,,,7.52,,,-22.87140046,-43.45942235
2017-08-28 00:30:00,UNIDADE MOVEL BANGU,0.0,18.93,76.4,11.36,,0.94,,,3.06,,,-22.87140046,-43.45942235
2017-08-28 01:30:00,UNIDADE MOVEL BANGU,0.0,18.47,79.48,7.65,,0.8,,,2.81,,,-22.87140046,-43.45942235
2017-08-28 02:30:00,UNIDADE MOVEL BANGU,0.0,18.22,81.4,4.48,,0.43,,,3.56,,,-22.87140046,-43.45942235
2017-08-28 03:30:00,UNIDADE MOVEL BANGU,0.0,17.82,82.53,2.78,,0.34,,,2.97,,,-22.87140046,-43.45942235
2017-08-28 04:30:00,UNIDADE MOVEL BANGU,0.0,17.42,84.52,2.66,,0.23,,,3.64,,,-22.87140046,-43.45942235
2017-08-28 05:30:00,UNIDADE MOVEL BANGU,0.0,17.22,86.22,1.96,,0.19,,,3.69,,,-22.87140046,-43.45942235
2017-08-28 06:30:00,UNIDADE MOVEL BANGU,0.0,17.07,87.68,1.5,,0.2,,,3.31,,,-22.87140046,-43.45942235
2017-08-28 07:30:00,UNIDADE MOVEL BANGU,0.0,18.53,83.93,1.01,,0.43,,,9.02,,,-22.87140046,-43.45942235
2017-08-28 08:30:00,UNIDADE MOVEL BANGU,0.0,21.52,69.5,1.84,,0.2,,,17.55,,,-22.87140046,-43.45942235
2017-08-28 09:30:00,UNIDADE MOVEL BANGU,0.0,23.17,60.85,5.26,,0.17,,,25.6,,,-22.87140046,-43.45942235
2017-08-28 10:30:00,UNIDADE MOVEL BANGU,0.0,25.38,53.17,8.78,,0.18,,,37.08,,,-22.87140046,-43.45942235
2017-08-28 11:30:00,UNIDADE MOVEL BANGU,0.0,26.18,51.73,9.6,,0.19,,,46.53,,,-22.87140046,-43.45942235
2017-08-28 12:30:00,UNIDADE MOVEL BANGU,0.0,26.97,48.75,10.55,,0.15,,,58.17,,,-22.87140046,-43.45942235
2017-08-28 13:30:00,UNIDADE MOVEL BANGU,0.0,26.63,50.02,9.93,,0.12,,,61.69,,,-22.87140046,-43.45942235
2017-08-28 14:30:00,UNIDADE MOVEL BANGU,0.0,26.82,49.02,8.86,,0.12,,,64.03,,,-22.87140046,-43.45942235
2017-08-28 15:30:00,UNIDADE MOVEL BANGU,0.0,26.95,47.15,7.56,,0.11,,,57.87,,,-22.87140046,-43.45942235
2017-08-28 16:30:00,UNIDADE MOVEL BANGU,0.0,26.35,47.37,6.06,,0.1,,,52.26,,,-22.87140046,-43.45942235
2017-08-28 17:30:00,UNIDADE MOVEL BANGU,0.0,23.45,59.65,4.72,,0.18,,,38.48,,,-22.87140046,-43.45942235
2017-08-28 18:30:00,UNIDADE MOVEL BANGU,0.0,21.37,70.2,3.35,,0.17,,,24.68,,,-22.87140046,-43.45942235
2017-08-28 19:30:00,UNIDADE MOVEL BANGU,0.0,20.05,75.83,2.23,,0.22,,,20.88,,,-22.87140046,-43.45942235
2017-08-28 20:30:00,UNIDADE MOVEL BANGU,0.0,19.05,81.13,2.17,,0.11,,,27.36,,,-22.87140046,-43.45942235
2017-08-28 21:30:00,UNIDADE MOVEL BANGU,0.0,18.27,85.3,1.25,,0.06,,,35.34,,,-22.87140046,-43.45942235
2017-08-28 22:30:00,UNIDADE MOVEL BANGU,0.0,18.17,85.9,0.56,,0.04,,,40.27,,,-22.87140046,-43.45942235
2017-08-28 23:30:00,UNIDADE MOVEL BANGU,0.0,18.2,85.82,0.775,,0.06,,,35.06,,,-22.87140046,-43.45942235
2017-08-29 00:30:00,UNIDADE MOVEL BANGU,0.0,18.23,85.92,0.99,,0.06,,,29.28,,,-22.87140046,-43.45942235
2017-08-29 01:30:00,UNIDADE MOVEL BANGU,0.0,18.15,86.37,0.98,,0.05,,,31.44,,,-22.87140046,-43.45942235
2017-08-29 02:30:00,UNIDADE MOVEL BANGU,0.0,17.98,86.9,1.45,,0.04,,,28.56,,,-22.87140046,-43.45942235
2017-08-29 03:30:00,UNIDADE MOVEL BANGU,0.0,17.43,88.3,1.61,,0.04,,,27.1,,,-22.87140046,-43.45942235
2017-08-29 04:30:00,UNIDADE MOVEL BANGU,0.0,17.9,88.03,2.14,,0.08,,,19.81,,,-22.87140046,-43.45942235
2017-08-29 05:30:00,UNIDADE MOVEL BANGU,0.0,18.0,85.77,2.37,,0.08,,,10.69,,,-22.87140046,-43.45942235
2017-08-29 06:30:00,UNIDADE MOVEL BANGU,0.0,18.05,85.73,2.17,,0.23,,,4.72,,,-22.87140046,-43.45942235
2017-08-29 07:30:00,UNIDADE MOVEL BANGU,0.0,19.32,81.03,3.5,,0.59,,,7.49,,,-22.87140046,-43.45942235
2017-08-29 08:30:00,UNIDADE MOVEL BANGU,0.0,20.82,73.75,3.74,,0.35,,,10.69,,,-22.87140046,-43.45942235
2017-08-29 09:30:00,UNIDADE MOVEL BANGU,0.0,22.9,65.37,5.47,,0.22,,,19.57,,,-22.87140046,-43.45942235
2017-08-29 10:30:00,UNIDADE MOVEL BANGU,0.0,24.9,58.72,8.22,,0.24,,,27.64,,,-22.87140046,-43.45942235
2017-08-29 11:30:00,UNIDADE MOVEL BANGU,0.0,25.8,55.32,10.55,,0.3,,,31.32,,,-22.87140046,-43.45942235
2017-08-29 12:30:00,UNIDADE MOVEL BANGU,0.0,27.17,48.33,18.0,,0.28,,,48.58,,,-22.87140046,-43.45942235
2017-08-29 13:30:00,UNIDADE MOVEL BANGU,0.0,28.32,43.08,24.98,,0.24,,,65.84,,,-22.87140046,-43.45942235
2017-08-29 14:30:00,UNIDADE MOVEL BANGU,0.0,29.2,42.2,26.63,,0.26,,,83.38,,,-22.87140046,-43.45942235
2017-08-29 15:30:00,UNIDADE MOVEL BANGU,0.0,28.67,43.63,17.96,,0.23,,,72.54,,,-22.87140046,-43.45942235
2017-08-29 16:30:00,UNIDADE MOVEL BANGU,0.0,27.8,46.1,11.44,,0.24,,,69.9,,,-22.87140046,-43.45942235
2017-08-29 17:30:00,UNIDADE MOVEL BANGU,0.0,25.37,56.17,8.46,,0.29,,,57.1,,,-22.87140046,-43.45942235
2017-08-29 18:30:00,UNIDADE MOVEL BANGU,0.0,21.6,72.53,5.64,,0.29,,,23.39,,,-22.87140046,-43.45942235
2017-08-29 19:30:00,UNIDADE MOVEL BANGU,0.0,20.43,77.8,4.45,,0.31,,,20.28,,,-22.87140046,-43.45942235
2017-08-29 20:30:00,UNIDADE MOVEL BANGU,0.0,20.02,80.33,2.99,,0.27,,,15.75,,,-22.87140046,-43.45942235
2017-08-29 21:30:00,UNIDADE MOVEL BANGU,0.0,19.9,81.08,2.94,,0.23,,,16.19,,,-22.87140046,-43.45942235
2017-08-29 22:30:00,UNIDADE MOVEL BANGU,0.0,19.58,81.42,1.96,,0.32,,,11.69,,,-22.87140046,-43.45942235
2017-08-29 23:30:00,UNIDADE MOVEL BANGU,0.0,19.25,83.08,2.035,,0.53,,,4.34,,,-22.87140046,-43.45942235
2017-08-30 00:30:00,UNIDADE MOVEL BANGU,0.0,19.23,81.78,2.11,,0.36,,,4.14,,,-22.87140046,-43.45942235
2017-08-30 01:30:00,UNIDADE MOVEL BANGU,0.0,18.68,83.92,2.3,,0.36,,,3.07,,,-22.87140046,-43.45942235
2017-08-30 02:30:00,UNIDADE MOVEL BANGU,0.0,18.23,86.82,2.23,,0.39,,,2.72,,,-22.87140046,-43.45942235
2017-08-30 03:30:00,UNIDADE MOVEL BANGU,0.0,18.32,86.2,1.61,,0.42,,,2.94,,,-22.87140046,-43.45942235
2017-08-30 04:30:00,UNIDADE MOVEL BANGU,0.0,18.22,86.27,1.74,,0.28,,,2.81,,,-22.87140046,-43.45942235
2017-08-30 05:30:00,UNIDADE MOVEL BANGU,0.0,17.8,88.05,2.29,,0.5,,,3.2,,,-22.87140046,-43.45942235
2017-08-30 06:30:00,UNIDADE MOVEL BANGU,0.0,17.83,87.83,2.62,,0.95,,,3.27,,,-22.87140046,-43.45942235
2017-08-30 07:30:00,UNIDADE MOVEL BANGU,0.0,20.42,79.23,2.11,,0.84,,,4.65,,,-22.87140046,-43.45942235
2017-08-30 08:30:00,UNIDADE MOVEL BANGU,0.0,23.15,66.73,2.39,,0.44,,,9.39,,,-22.87140046,-43.45942235
2017-08-30 09:30:00,UNIDADE MOVEL BANGU,0.0,26.27,49.48,4.44,,0.26,,,19.21,,,-22.87140046,-43.45942235
2017-08-30 10:30:00,UNIDADE MOVEL BANGU,0.0,29.88,34.75,6.24,,0.12,,,37.3,,,-22.87140046,-43.45942235
2017-08-30 11:30:00,UNIDADE MOVEL BANGU,0.0,32.15,28.57,7.67,,0.11,,,50.92,,,-22.87140046,-43.45942235
2017-08-30 12:30:00,UNIDADE MOVEL BANGU,0.0,33.75,25.43,9.09,,0.18,,,56.69,,,-22.87140046,-43.45942235
2017-08-30 13:30:00,UNIDADE MOVEL BANGU,0.0,34.92,21.97,10.27,,0.11,,,62.19,,,-22.87140046,-43.45942235
2017-08-30 14:30:00,UNIDADE MOVEL BANGU,0.0,35.13,21.3,10.67,,0.09,,,69.56,,,-22.87140046,-43.45942235
2017-08-30 15:30:00,UNIDADE MOVEL BANGU,0.0,35.15,21.63,11.27,,0.13,,,77.65,,,-22.87140046,-43.45942235
2017-08-30 16:30:00,UNIDADE MOVEL BANGU,0.0,33.82,29.05,11.48,,0.21,,,76.59,,,-22.87140046,-43.45942235
2017-08-30 17:30:00,UNIDADE MOVEL BANGU,0.0,30.08,41.18,11.63,,0.49,,,52.87,,,-22.87140046,-43.45942235
2017-08-30 18:30:00,UNIDADE MOVEL BANGU,0.0,27.03,48.6,10.23,,0.38,,,42.05,,,-22.87140046,-43.45942235
2017-08-30 19:30:00,UNIDADE MOVEL BANGU,0.0,25.73,53.45,8.88,,0.67,,,19.2,,,-22.87140046,-43.45942235
2017-08-30 20:30:00,UNIDADE MOVEL BANGU,0.0,24.68,58.37,8.15,,0.83,,,7.13,,,-22.87140046,-43.45942235
2017-08-30 21:30:00,UNIDADE MOVEL BANGU,0.0,23.68,61.8,7.63,,1.04,,,5.44,,,-22.87140046,-43.45942235
2017-08-30 22:30:00,UNIDADE MOVEL BANGU,0.0,22.93,64.9,8.04,,0.97,,,5.32,,,-22.87140046,-43.45942235
2017-08-30 23:30:00,UNIDADE MOVEL BANGU,0.0,22.35,67.38,6.1499999999999995,,0.93,,,4.18,,,-22.87140046,-43.45942235
2017-08-31 00:30:00,UNIDADE MOVEL BANGU,0.0,21.72,69.78,4.26,,0.64,,,4.57,,,-22.87140046,-43.45942235
2017-08-31 01:30:00,UNIDADE MOVEL BANGU,0.0,20.78,72.92,3.56,,0.74,,,1.94,,,-22.87140046,-43.45942235
2017-08-31 02:30:00,UNIDADE MOVEL BANGU,0.0,20.95,67.97,2.28,,0.62,,,2.73,,,-22.87140046,-43.45942235
2017-08-31 03:30:00,UNIDADE MOVEL BANGU,0.0,20.87,68.07,1.2,,0.43,,,6.1,,,-22.87140046,-43.45942235
2017-08-31 04:30:00,UNIDADE MOVEL BANGU,0.0,20.63,77.47,0.35,,0.09,,,28.32,,,-22.87140046,-43.45942235
2017-08-31 05:30:00,UNIDADE MOVEL BANGU,0.0,20.52,80.0,0.03,,0.02,,,56.7,,,-22.87140046,-43.45942235
2017-08-31 06:30:00,UNIDADE MOVEL BANGU,0.0,20.43,78.75,0.0,,0.02,,,70.26,,,-22.87140046,-43.45942235
2017-08-31 07:30:00,UNIDADE MOVEL BANGU,0.0,21.1,75.28,0.0,,0.1,,,73.8,,,-22.87140046,-43.45942235
2017-08-31 08:30:00,UNIDADE MOVEL BANGU,0.0,22.02,72.53,0.0,,0.03,,,62.67,,,-22.87140046,-43.45942235
2017-08-31 09:30:00,UNIDADE MOVEL BANGU,0.0,23.03,69.83,0.0,,0.02,,,51.87,,,-22.87140046,-43.45942235
2017-08-31 10:30:00,UNIDADE MOVEL BANGU,0.0,22.57,72.33,0.0,,0.01,,,48.34,,,-22.87140046,-43.45942235
2017-08-31 11:30:00,UNIDADE MOVEL BANGU,0.0,22.5,72.15,0.0,,0.02,,,51.62,,,-22.87140046,-43.45942235
2017-08-31 12:30:00,UNIDADE MOVEL BANGU,0.0,21.55,78.63,0.0,,0.03,,,43.62,,,-22.87140046,-43.45942235
2017-08-31 13:30:00,UNIDADE MOVEL BANGU,0.0,20.63,81.3,0.0,,0.01,,,36.62,,,-22.87140046,-43.45942235
2017-08-31 14:30:00,UNIDADE MOVEL BANGU,0.0,20.73,78.07,0.0,,0.03,,,34.86,,,-22.87140046,-43.45942235
2017-08-31 15:30:00,UNIDADE MOVEL BANGU,0.0,20.62,78.25,0.0,,0.03,,,27.0,,,-22.87140046,-43.45942235
2017-08-31 16:30:00,UNIDADE MOVEL BANGU,0.0,20.3,78.25,0.0,,0.04,,,28.57,,,-22.87140046,-43.45942235
2017-08-31 17:30:00,UNIDADE MOVEL BANGU,0.0,19.85,81.15,0.0,,0.05,,,26.15,,,-22.87140046,-43.45942235
2017-08-31 18:30:00,UNIDADE MOVEL BANGU,0.0,19.62,81.7,0.0,,0.06,,,26.53,,,-22.87140046,-43.45942235
2017-08-31 19:30:00,UNIDADE MOVEL BANGU,0.0,19.53,81.95,0.0,,0.05,,,27.4,,,-22.87140046,-43.45942235
2017-08-31 20:30:00,UNIDADE MOVEL BANGU,0.0,19.43,83.07,0.0,,0.09,,,21.57,,,-22.87140046,-43.45942235
2017-08-31 21:30:00,UNIDADE MOVEL BANGU,0.0,19.45,83.17,0.0,,0.04,,,21.97,,,-22.87140046,-43.45942235
2017-08-31 22:30:00,UNIDADE MOVEL BANGU,0.0,19.7,80.85,0.0,,0.05,,,17.91,,,-22.87140046,-43.45942235
2017-08-31 23:30:00,UNIDADE MOVEL BANGU,0.0,19.7,80.67,0.34,,0.03,,,17.88,,,-22.87140046,-43.45942235
2017-09-01 00:30:00,UNIDADE MOVEL BANGU,0.0,19.72,79.15,0.68,,0.03,,,20.98,,,-22.87140046,-43.45942235
2017-09-01 01:30:00,UNIDADE MOVEL BANGU,0.0,19.5,79.62,1.48,,0.03,,,26.63,,,-22.87140046,-43.45942235
2017-09-01 02:30:00,UNIDADE MOVEL BANGU,0.0,18.72,86.22,1.4,,0.01,,,34.53,,,-22.87140046,-43.45942235
2017-09-01 03:30:00,UNIDADE MOVEL BANGU,0.0,18.3,89.55,1.22,,0.01,,,34.67,,,-22.87140046,-43.45942235
2017-09-01 04:30:00,UNIDADE MOVEL BANGU,1.0,18.05,92.05,1.23,,0.01,,,26.88,,,-22.87140046,-43.45942235
2017-09-01 05:30:00,UNIDADE MOVEL BANGU,0.0,17.9,87.5,0.89,,0.01,,,41.27,,,-22.87140046,-43.45942235
2017-09-01 06:30:00,UNIDADE MOVEL BANGU,0.0,18.0,86.68,0.78,,0.12,,,29.09,,,-22.87140046,-43.45942235
2017-09-01 07:30:00,UNIDADE MOVEL BANGU,0.0,18.85,80.55,0.78,,0.16,,,26.6,,,-22.87140046,-43.45942235
2017-09-01 08:30:00,UNIDADE MOVEL BANGU,0.0,19.32,76.67,0.83,,0.1,,,24.73,,,-22.87140046,-43.45942235
2017-09-01 09:30:00,UNIDADE MOVEL BANGU,0.0,21.57,63.63,0.94,,0.03,,,34.22,,,-22.87140046,-43.45942235
2017-09-01 10:30:00,UNIDADE MOVEL BANGU,0.0,22.32,58.42,1.72,,0.01,,,39.02,,,-22.87140046,-43.45942235
2017-09-01 11:30:00,UNIDADE MOVEL BANGU,0.0,22.3,55.72,1.86,,0.01,,,38.67,,,-22.87140046,-43.45942235
2017-09-01 12:30:00,UNIDADE MOVEL BANGU,0.0,21.88,56.88,1.84,,0.02,,,39.33,,,-22.87140046,-43.45942235
2017-09-01 13:30:00,UNIDADE MOVEL BANGU,0.0,22.62,52.05,1.83,,0.03,,,40.42,,,-22.87140046,-43.45942235
2017-09-01 14:30:00,UNIDADE MOVEL BANGU,0.0,23.83,47.55,2.38,,0.01,,,44.31,,,-22.87140046,-43.45942235
2017-09-01 15:30:00,UNIDADE MOVEL BANGU,0.0,23.45,48.88,2.52,,0.01,,,43.51,,,-22.87140046,-43.45942235
2017-09-01 16:30:00,UNIDADE MOVEL BANGU,0.0,23.05,50.77,2.38,,0.01,,,43.57,,,-22.87140046,-43.45942235
2017-09-01 17:30:00,UNIDADE MOVEL BANGU,0.0,21.12,56.47,2.06,,0.01,,,37.63,,,-22.87140046,-43.45942235
2017-09-01 18:30:00,UNIDADE MOVEL BANGU,0.0,20.38,59.67,1.43,,0.08,,,27.82,,,-22.87140046,-43.45942235
2017-09-01 19:30:00,UNIDADE MOVEL BANGU,0.0,19.82,62.72,1.24,,0.39,,,12.78,,,-22.87140046,-43.45942235
2017-09-01 20:30:00,UNIDADE MOVEL BANGU,0.0,19.45,65.02,1.25,,0.51,,,5.66,,,-22.87140046,-43.45942235
2017-09-01 21:30:00,UNIDADE MOVEL BANGU,0.0,19.37,65.8,1.24,,0.23,,,5.22,,,-22.87140046,-43.45942235
2017-09-01 22:30:00,UNIDADE MOVEL BANGU,0.0,19.53,64.73,0.96,,0.12,,,14.48,,,-22.87140046,-43.45942235
2017-09-01 23:30:00,UNIDADE MOVEL BANGU,0.0,19.68,64.57,0.955,,0.07,,,19.91,,,-22.87140046,-43.45942235
2017-09-02 00:30:00,UNIDADE MOVEL BANGU,0.0,19.55,65.05,0.95,,0.06,,,19.36,,,-22.87140046,-43.45942235
2017-09-02 01:30:00,UNIDADE MOVEL BANGU,0.0,19.4,64.8,1.28,,0.07,,,21.92,,,-22.87140046,-43.45942235
2017-09-02 02:30:00,UNIDADE MOVEL BANGU,0.0,19.18,65.53,1.19,,0.05,,,19.96,,,-22.87140046,-43.45942235
2017-09-02 03:30:00,UNIDADE MOVEL BANGU,0.0,18.67,67.08,1.03,,0.03,,,24.56,,,-22.87140046,-43.45942235
2017-09-02 04:30:00,UNIDADE MOVEL BANGU,0.0,17.87,70.77,1.0,,0.07,,,14.71,,,-22.87140046,-43.45942235
2017-09-02 05:30:00,UNIDADE MOVEL BANGU,0.0,17.83,72.73,1.26,,0.35,,,5.49,,,-22.87140046,-43.45942235
2017-09-02 06:30:00,UNIDADE MOVEL BANGU,0.0,17.67,75.17,1.44,,0.36,,,4.21,,,-22.87140046,-43.45942235
2017-09-02 07:30:00,UNIDADE MOVEL BANGU,0.0,19.32,68.72,1.31,,0.12,,,14.81,,,-22.87140046,-43.45942235
2017-09-02 08:30:00,UNIDADE MOVEL BANGU,0.0,22.07,54.95,1.65,,0.04,,,31.3,,,-22.87140046,-43.45942235
2017-09-02 09:30:00,UNIDADE MOVEL BANGU,0.0,23.18,46.63,2.41,,0.02,,,41.58,,,-22.87140046,-43.45942235
2017-09-02 10:30:00,UNIDADE MOVEL BANGU,0.0,23.88,45.0,3.45,,0.02,,,44.63,,,-22.87140046,-43.45942235
2017-09-02 11:30:00,UNIDADE MOVEL BANGU,0.0,23.77,44.17,4.0,,0.02,,,45.98,,,-22.87140046,-43.45942235
2017-09-02 12:30:00,UNIDADE MOVEL BANGU,0.0,24.98,40.08,3.86,,0.03,,,49.54,,,-22.87140046,-43.45942235
2017-09-02 13:30:00,UNIDADE MOVEL BANGU,0.0,25.83,37.65,4.57,,0.04,,,52.2,,,-22.87140046,-43.45942235
2017-09-02 14:30:00,UNIDADE MOVEL BANGU,0.0,26.4,36.68,5.33,,0.04,,,48.19,,,-22.87140046,-43.45942235
2017-09-02 15:30:00,UNIDADE MOVEL BANGU,0.0,26.42,38.23,5.58,,0.04,,,50.89,,,-22.87140046,-43.45942235
2017-09-02 16:30:00,UNIDADE MOVEL BANGU,0.0,25.22,42.77,4.8,,0.05,,,45.14,,,-22.87140046,-43.45942235
2017-09-02 17:30:00,UNIDADE MOVEL BANGU,0.0,23.57,48.47,3.88,,0.07,,,37.45,,,-22.87140046,-43.45942235
2017-09-02 18:30:00,UNIDADE MOVEL BANGU,0.0,21.98,54.4,3.15,,0.1,,,28.46,,,-22.87140046,-43.45942235
2017-09-02 19:30:00,UNIDADE MOVEL BANGU,0.0,21.08,56.85,3.18,,0.11,,,21.55,,,-22.87140046,-43.45942235
2017-09-02 20:30:00,UNIDADE MOVEL BANGU,0.0,20.35,58.92,2.84,,0.08,,,28.72,,,-22.87140046,-43.45942235
2017-09-02 21:30:00,UNIDADE MOVEL BANGU,0.0,19.65,65.02,2.22,,0.06,,,27.57,,,-22.87140046,-43.45942235
2017-09-02 22:30:00,UNIDADE MOVEL BANGU,0.0,19.2,66.98,1.91,,0.09,,,24.0,,,-22.87140046,-43.45942235
2017-09-02 23:30:00,UNIDADE MOVEL BANGU,0.0,18.87,66.63,1.135,,0.08,,,20.88,,,-22.87140046,-43.45942235
2017-09-03 00:30:00,UNIDADE MOVEL BANGU,0.0,18.43,66.68,0.36,,0.08,,,22.12,,,-22.87140046,-43.45942235
2017-09-03 01:30:00,UNIDADE MOVEL BANGU,0.0,17.9,69.13,0.15,,0.08,,,17.6,,,-22.87140046,-43.45942235
2017-09-03 02:30:00,UNIDADE MOVEL BANGU,0.0,17.08,73.03,0.16,,0.07,,,16.24,,,-22.87140046,-43.45942235
2017-09-03 03:30:00,UNIDADE MOVEL BANGU,0.0,16.55,75.85,0.02,,0.08,,,12.06,,,-22.87140046,-43.45942235
2017-09-03 04:30:00,UNIDADE MOVEL BANGU,0.0,16.35,76.05,0.07,,0.07,,,13.34,,,-22.87140046,-43.45942235
2017-09-03 05:30:00,UNIDADE MOVEL BANGU,0.0,15.98,77.05,0.77,,0.07,,,12.53,,,-22.87140046,-43.45942235
2017-09-03 06:30:00,UNIDADE MOVEL BANGU,0.0,15.97,78.27,0.92,,0.1,,,9.39,,,-22.87140046,-43.45942235
2017-09-03 07:30:00,UNIDADE MOVEL BANGU,0.0,18.78,67.37,0.73,,0.11,,,16.17,,,-22.87140046,-43.45942235
2017-09-03 08:30:00,UNIDADE MOVEL BANGU,0.0,20.7,57.35,3.73,,0.16,,,25.49,,,-22.87140046,-43.45942235
2017-09-03 09:30:00,UNIDADE MOVEL BANGU,0.0,22.72,48.1,5.76,,0.05,,,32.51,,,-22.87140046,-43.45942235
2017-09-03 10:30:00,UNIDADE MOVEL BANGU,0.0,24.2,39.97,25.04,,0.05,,,37.03,,,-22.87140046,-43.45942235
2017-09-03 11:30:00,UNIDADE MOVEL BANGU,0.0,25.35,36.23,23.16,,0.06,,,48.38,,,-22.87140046,-43.45942235
2017-09-03 12:30:00,UNIDADE MOVEL BANGU,0.0,26.37,34.08,16.64,,0.05,,,56.49,,,-22.87140046,-43.45942235
2017-09-03 13:30:00,UNIDADE MOVEL BANGU,0.0,27.35,32.37,12.92,,0.06,,,56.54,,,-22.87140046,-43.45942235
2017-09-03 14:30:00,UNIDADE MOVEL BANGU,0.0,27.68,32.08,15.79,,0.06,,,62.01,,,-22.87140046,-43.45942235
2017-09-03 15:30:00,UNIDADE MOVEL BANGU,0.0,27.85,32.27,16.32,,0.06,,,59.39,,,-22.87140046,-43.45942235
2017-09-03 16:30:00,UNIDADE MOVEL BANGU,0.0,27.53,33.65,14.37,,0.05,,,51.48,,,-22.87140046,-43.45942235
2017-09-03 17:30:00,UNIDADE MOVEL BANGU,0.0,26.52,36.62,16.33,,0.15,,,39.06,,,-22.87140046,-43.45942235
2017-09-03 18:30:00,UNIDADE MOVEL BANGU,0.0,24.2,47.72,8.88,,0.2,,,23.77,,,-22.87140046,-43.45942235
2017-09-03 19:30:00,UNIDADE MOVEL BANGU,0.0,22.72,55.77,4.52,,0.17,,,18.57,,,-22.87140046,-43.45942235
2017-09-03 20:30:00,UNIDADE MOVEL BANGU,0.0,21.53,60.63,3.48,,0.14,,,22.08,,,-22.87140046,-43.45942235
2017-09-03 21:30:00,UNIDADE MOVEL BANGU,0.0,20.75,64.68,3.1,,0.16,,,18.07,,,-22.87140046,-43.45942235
2017-09-03 22:30:00,UNIDADE MOVEL BANGU,0.0,20.13,67.65,2.79,,0.17,,,15.63,,,-22.87140046,-43.45942235
2017-09-03 23:30:00,UNIDADE MOVEL BANGU,0.0,19.5,69.57,2.12,,0.15,,,9.0,,,-22.87140046,-43.45942235
2017-09-04 00:30:00,UNIDADE MOVEL BANGU,0.0,18.88,71.2,1.45,,0.07,,,11.84,,,-22.87140046,-43.45942235
2017-09-04 01:30:00,UNIDADE MOVEL BANGU,0.0,18.37,72.93,1.49,,0.05,,,13.24,,,-22.87140046,-43.45942235
2017-09-04 02:30:00,UNIDADE MOVEL BANGU,0.0,17.82,75.15,1.29,,0.03,,,12.77,,,-22.87140046,-43.45942235
2017-09-04 03:30:00,UNIDADE MOVEL BANGU,0.0,17.33,77.15,1.14,,0.04,,,11.13,,,-22.87140046,-43.45942235
2017-09-04 04:30:00,UNIDADE MOVEL BANGU,0.0,17.25,76.87,1.14,,0.03,,,7.56,,,-22.87140046,-43.45942235
2017-09-04 05:30:00,UNIDADE MOVEL BANGU,0.0,16.87,77.35,0.13,,0.03,,,5.24,,,-22.87140046,-43.45942235
2017-09-04 06:30:00,UNIDADE MOVEL BANGU,0.0,16.83,77.85,0.37,,0.22,,,2.32,,,-22.87140046,-43.45942235
2017-09-04 07:30:00,UNIDADE MOVEL BANGU,0.0,19.42,68.12,0.19,,0.07,,,11.08,,,-22.87140046,-43.45942235
2017-09-04 08:30:00,UNIDADE MOVEL BANGU,0.0,21.95,55.82,1.41,,0.04,,,21.84,,,-22.87140046,-43.45942235
2017-09-04 09:30:00,UNIDADE MOVEL BANGU,0.0,24.22,46.78,11.91,,0.03,,,29.99,,,-22.87140046,-43.45942235
2017-09-04 10:30:00,UNIDADE MOVEL BANGU,0.0,26.08,39.73,8.69,,0.03,,,34.24,,,-22.87140046,-43.45942235
2017-09-04 11:30:00,UNIDADE MOVEL BANGU,0.0,27.35,32.88,4.97,,0.04,,,38.59,,,-22.87140046,-43.45942235
2017-09-04 12:30:00,UNIDADE MOVEL BANGU,0.0,28.15,31.68,5.69,,0.04,,,40.2,,,-22.87140046,-43.45942235
2017-09-04 13:30:00,UNIDADE MOVEL BANGU,0.0,29.02,29.8,6.75,,0.03,,,43.83,,,-22.87140046,-43.45942235
2017-09-04 14:30:00,UNIDADE MOVEL BANGU,0.0,29.98,27.35,7.84,,0.02,,,49.78,,,-22.87140046,-43.45942235
2017-09-04 15:30:00,UNIDADE MOVEL BANGU,0.0,30.4,26.72,7.85,,0.03,,,50.74,,,-22.87140046,-43.45942235
2017-09-04 16:30:00,UNIDADE MOVEL BANGU,0.0,30.33,27.92,10.32,,0.06,,,57.15,,,-22.87140046,-43.45942235
2017-09-04 17:30:00,UNIDADE MOVEL BANGU,0.0,28.63,30.65,3.07,,0.07,,,37.57,,,-22.87140046,-43.45942235
2017-09-04 18:30:00,UNIDADE MOVEL BANGU,0.0,25.83,39.13,5.36,,0.23,,,11.38,,,-22.87140046,-43.45942235
2017-09-04 19:30:00,UNIDADE MOVEL BANGU,0.0,25.0,39.15,5.16,,0.61,,,8.42,,,-22.87140046,-43.45942235
2017-09-04 20:30:00,UNIDADE MOVEL BANGU,0.0,23.92,47.02,5.83,,0.73,,,4.38,,,-22.87140046,-43.45942235
2017-09-04 21:30:00,UNIDADE MOVEL BANGU,0.0,23.03,55.7,4.14,,0.54,,,3.69,,,-22.87140046,-43.45942235
2017-09-04 22:30:00,UNIDADE MOVEL BANGU,0.0,22.27,58.08,2.73,,0.31,,,3.58,,,-22.87140046,-43.45942235
2017-09-04 23:30:00,UNIDADE MOVEL BANGU,0.0,21.42,60.88,1.82,,0.22,,,3.61,,,-22.87140046,-43.45942235
2017-09-05 00:30:00,UNIDADE MOVEL BANGU,0.0,20.63,64.8,0.91,,0.14,,,3.87,,,-22.87140046,-43.45942235
2017-09-05 01:30:00,UNIDADE MOVEL BANGU,0.0,19.87,67.72,0.91,,0.18,,,3.43,,,-22.87140046,-43.45942235
2017-09-05 02:30:00,UNIDADE MOVEL BANGU,0.0,19.18,70.45,0.13,,0.13,,,3.15,,,-22.87140046,-43.45942235
2017-09-05 03:30:00,UNIDADE MOVEL BANGU,0.0,18.7,72.05,0.06,,0.1,,,2.88,,,-22.87140046,-43.45942235
2017-09-05 04:30:00,UNIDADE MOVEL BANGU,0.0,18.35,73.98,0.0,,0.11,,,3.41,,,-22.87140046,-43.45942235
2017-09-05 05:30:00,UNIDADE MOVEL BANGU,0.0,18.05,75.22,0.0,,0.16,,,3.02,,,-22.87140046,-43.45942235
2017-09-05 06:30:00,UNIDADE MOVEL BANGU,0.0,17.98,76.1,0.55,,0.51,,,3.02,,,-22.87140046,-43.45942235
2017-09-05 07:30:00,UNIDADE MOVEL BANGU,0.0,21.88,61.38,1.52,,0.58,,,4.94,,,-22.87140046,-43.45942235
2017-09-05 08:30:00,UNIDADE MOVEL BANGU,0.0,25.68,44.18,2.34,,0.36,,,10.59,,,-22.87140046,-43.45942235
2017-09-05 09:30:00,UNIDADE MOVEL BANGU,0.0,28.07,31.75,4.18,,0.05,,,30.24,,,-22.87140046,-43.45942235
2017-09-05 10:30:00,UNIDADE MOVEL BANGU,0.0,29.8,27.43,5.22,,0.01,,,45.18,,,-22.87140046,-43.45942235
2017-09-05 11:30:00,UNIDADE MOVEL BANGU,0.0,29.8,26.92,1.59,,0.01,,,43.94,,,-22.87140046,-43.45942235
2017-09-05 12:30:00,UNIDADE MOVEL BANGU,0.0,30.27,25.47,2.97,,0.01,,,46.71,,,-22.87140046,-43.45942235
2017-09-05 13:30:00,UNIDADE MOVEL BANGU,0.0,31.0,24.18,3.51,,0.01,,,49.01,,,-22.87140046,-43.45942235
2017-09-05 14:30:00,UNIDADE MOVEL BANGU,0.0,31.75,22.57,4.13,,0.0,,,52.03,,,-22.87140046,-43.45942235
2017-09-05 15:30:00,UNIDADE MOVEL BANGU,0.0,32.6,18.9,4.62,,0.0,,,54.57,,,-22.87140046,-43.45942235
2017-09-05 16:30:00,UNIDADE MOVEL BANGU,0.0,32.22,17.98,4.93,,0.0,,,52.84,,,-22.87140046,-43.45942235
2017-09-05 17:30:00,UNIDADE MOVEL BANGU,1.0,30.68,25.13,2.91,,0.05,,,37.94,,,-22.87140046,-43.45942235
2017-09-05 18:30:00,UNIDADE MOVEL BANGU,0.0,26.93,35.82,2.01,,0.19,,,21.22,,,-22.87140046,-43.45942235
2017-09-05 19:30:00,UNIDADE MOVEL BANGU,0.0,25.4,39.73,4.35,,0.25,,,9.09,,,-22.87140046,-43.45942235
2017-09-05 20:30:00,UNIDADE MOVEL BANGU,0.0,24.35,43.23,5.2,,0.37,,,5.56,,,-22.87140046,-43.45942235
2017-09-05 21:30:00,UNIDADE MOVEL BANGU,0.0,23.77,46.32,4.74,,0.57,,,4.63,,,-22.87140046,-43.45942235
2017-09-05 22:30:00,UNIDADE MOVEL BANGU,0.0,23.35,49.95,4.2,,0.8,,,4.88,,,-22.87140046,-43.45942235
2017-09-05 23:30:00,UNIDADE MOVEL BANGU,0.0,22.52,55.17,4.04,,0.75,,,4.46,,,-22.87140046,-43.45942235
2017-09-06 00:30:00,UNIDADE MOVEL BANGU,0.0,21.58,60.35,3.88,,0.25,,,3.92,,,-22.87140046,-43.45942235
2017-09-06 01:30:00,UNIDADE MOVEL BANGU,0.0,20.98,64.6,2.97,,0.23,,,3.69,,,-22.87140046,-43.45942235
2017-09-06 02:30:00,UNIDADE MOVEL BANGU,0.0,20.42,67.92,1.98,,0.21,,,3.29,,,-22.87140046,-43.45942235
2017-09-06 03:30:00,UNIDADE MOVEL BANGU,0.0,19.7,70.53,0.7,,0.16,,,3.5,,,-22.87140046,-43.45942235
2017-09-06 04:30:00,UNIDADE MOVEL BANGU,0.0,19.33,73.17,0.32,,0.17,,,3.39,,,-22.87140046,-43.45942235
2017-09-06 05:30:00,UNIDADE MOVEL BANGU,0.0,19.12,74.82,0.0,,0.2,,,3.62,,,-22.87140046,-43.45942235
2017-09-06 06:30:00,UNIDADE MOVEL BANGU,0.0,19.07,76.02,0.0,,0.36,,,4.45,,,-22.87140046,-43.45942235
2017-09-06 07:30:00,UNIDADE MOVEL BANGU,0.0,21.1,63.55,0.21,,0.4,,,6.5,,,-22.87140046,-43.45942235
2017-09-06 08:30:00,UNIDADE MOVEL BANGU,0.0,22.55,61.45,0.98,,0.1,,,24.61,,,-22.87140046,-43.45942235
2017-09-06 09:30:00,UNIDADE MOVEL BANGU,0.0,24.27,56.03,1.97,,0.05,,,40.2,,,-22.87140046,-43.45942235
2017-09-06 10:30:00,UNIDADE MOVEL BANGU,0.0,26.28,50.15,4.1,,0.03,,,48.42,,,-22.87140046,-43.45942235
2017-09-06 11:30:00,UNIDADE MOVEL BANGU,0.0,27.43,45.62,5.74,,0.01,,,52.47,,,-22.87140046,-43.45942235
2017-09-06 12:30:00,UNIDADE MOVEL BANGU,0.0,27.35,46.32,4.5,,0.03,,,55.11,,,-22.87140046,-43.45942235
2017-09-06 13:30:00,UNIDADE MOVEL BANGU,0.0,26.97,49.15,4.04,,0.03,,,56.52,,,-22.87140046,-43.45942235
2017-09-06 14:30:00,UNIDADE MOVEL BANGU,0.0,26.27,50.4,4.68,,0.02,,,54.29,,,-22.87140046,-43.45942235
2017-09-06 15:30:00,UNIDADE MOVEL BANGU,0.0,25.15,53.42,5.5,,0.02,,,42.07,,,-22.87140046,-43.45942235
2017-09-06 16:30:00,UNIDADE MOVEL BANGU,0.0,23.9,56.48,0.75,,0.05,,,63.69,,,-22.87140046,-43.45942235
2017-09-06 17:30:00,UNIDADE MOVEL BANGU,0.0,22.87,59.5,1.58,,0.09,,,53.16,,20.0,-22.87140046,-43.45942235
2017-09-06 18:30:00,UNIDADE MOVEL BANGU,0.0,21.73,64.15,2.91,,0.18,,,36.0,,27.0,-22.87140046,-43.45942235
2017-09-06 19:30:00,UNIDADE MOVEL BANGU,0.0,21.22,65.52,3.04,,0.28,,,36.14,,25.0,-22.87140046,-43.45942235
2017-09-06 20:30:00,UNIDADE MOVEL BANGU,0.0,20.43,70.72,2.72,,0.15,,,37.92,,32.0,-22.87140046,-43.45942235
2017-09-06 21:30:00,UNIDADE MOVEL BANGU,0.0,20.1,72.45,2.38,,0.12,,,38.37,,28.0,-22.87140046,-43.45942235
2017-09-06 22:30:00,UNIDADE MOVEL BANGU,0.0,19.75,75.33,1.67,,0.2,,,30.02,,,-22.87140046,-43.45942235
2017-09-06 23:30:00,UNIDADE MOVEL BANGU,0.0,19.4,77.53,1.205,,0.19,,,20.84,,,-22.87140046,-43.45942235
2017-09-07 00:30:00,UNIDADE MOVEL BANGU,0.0,19.12,76.12,0.74,,0.21,,,12.37,,,-22.87140046,-43.45942235
2017-09-07 01:30:00,UNIDADE MOVEL BANGU,0.0,18.72,79.1,0.67,,0.21,,,13.49,,,-22.87140046,-43.45942235
2017-09-07 02:30:00,UNIDADE MOVEL BANGU,0.0,18.25,82.55,0.97,,0.19,,,16.17,,,-22.87140046,-43.45942235
2017-09-07 03:30:00,UNIDADE MOVEL BANGU,0.0,18.03,83.73,1.08,,0.12,,,18.03,,,-22.87140046,-43.45942235
2017-09-07 04:30:00,UNIDADE MOVEL BANGU,0.0,17.35,85.18,0.68,,0.09,,,21.31,,,-22.87140046,-43.45942235
2017-09-07 05:30:00,UNIDADE MOVEL BANGU,0.0,17.42,84.55,0.84,,0.17,,,10.57,,,-22.87140046,-43.45942235
2017-09-07 06:30:00,UNIDADE MOVEL BANGU,0.0,17.43,83.88,0.81,,0.27,,,4.85,,,-22.87140046,-43.45942235
2017-09-07 07:30:00,UNIDADE MOVEL BANGU,0.0,18.57,81.0,0.71,,0.18,,,11.17,,,-22.87140046,-43.45942235
2017-09-07 08:30:00,UNIDADE MOVEL BANGU,0.0,20.4,74.73,0.91,,0.16,,,20.4,,,-22.87140046,-43.45942235
2017-09-07 09:30:00,UNIDADE MOVEL BANGU,0.0,22.45,66.82,2.0,,0.16,,,28.07,,,-22.87140046,-43.45942235
2017-09-07 10:30:00,UNIDADE MOVEL BANGU,0.0,23.65,59.28,3.87,,0.09,,,46.85,,,-22.87140046,-43.45942235
2017-09-07 11:30:00,UNIDADE MOVEL BANGU,0.0,25.58,50.78,10.1,,0.06,,,65.7,,,-22.87140046,-43.45942235
2017-09-07 12:30:00,UNIDADE MOVEL BANGU,0.0,27.25,43.75,12.78,,0.13,,,79.48,,,-22.87140046,-43.45942235
2017-09-07 13:30:00,UNIDADE MOVEL BANGU,0.0,28.0,42.6,10.38,,0.09,,,87.68,,,-22.87140046,-43.45942235
2017-09-07 14:30:00,UNIDADE MOVEL BANGU,0.0,28.4,40.6,3.61,,0.13,,,108.34,,,-22.87140046,-43.45942235
2017-09-07 15:30:00,UNIDADE MOVEL BANGU,0.0,27.45,43.93,2.3,,0.09,,,103.47,,27.0,-22.87140046,-43.45942235
2017-09-07 16:30:00,UNIDADE MOVEL BANGU,0.0,26.15,48.62,1.03,,0.08,,,95.18,,16.0,-22.87140046,-43.45942235
2017-09-07 17:30:00,UNIDADE MOVEL BANGU,0.0,24.97,53.7,2.365,,0.33,,,76.72,,24.0,-22.87140046,-43.45942235
2017-09-07 18:30:00,UNIDADE MOVEL BANGU,0.0,23.13,61.4,3.7,,0.3,,,51.12,,35.0,-22.87140046,-43.45942235
2017-09-07 19:30:00,UNIDADE MOVEL BANGU,0.0,22.12,66.57,3.9,,0.38,,,17.5,,16.0,-22.87140046,-43.45942235
2017-09-07 20:30:00,UNIDADE MOVEL BANGU,0.0,21.42,69.97,4.24,,0.53,,,7.35,,21.0,-22.87140046,-43.45942235
2017-09-07 21:30:00,UNIDADE MOVEL BANGU,0.0,20.38,76.53,5.3,,0.36,,,7.39,,43.0,-22.87140046,-43.45942235
2017-09-07 22:30:00,UNIDADE MOVEL BANGU,0.0,20.17,76.23,5.39,,0.73,,,4.52,,36.0,-22.87140046,-43.45942235
2017-09-07 23:30:00,UNIDADE MOVEL BANGU,0.0,19.48,80.18,3.755,,0.37,,,6.79,,41.0,-22.87140046,-43.45942235
2017-09-08 00:30:00,UNIDADE MOVEL BANGU,0.0,19.27,82.63,2.12,,0.19,,,9.74,,40.0,-22.87140046,-43.45942235
2017-09-08 01:30:00,UNIDADE MOVEL BANGU,0.0,19.23,82.43,2.06,,0.24,,,8.73,,28.0,-22.87140046,-43.45942235
2017-09-08 02:30:00,UNIDADE MOVEL BANGU,0.0,19.02,84.23,2.26,,0.12,,,13.37,,34.0,-22.87140046,-43.45942235
2017-09-08 03:30:00,UNIDADE MOVEL BANGU,0.0,18.9,84.3,2.3,,0.12,,,9.02,,38.0,-22.87140046,-43.45942235
2017-09-08 04:30:00,UNIDADE MOVEL BANGU,0.0,18.5,85.37,1.82,,0.13,,,4.17,,31.0,-22.87140046,-43.45942235
2017-09-08 05:30:00,UNIDADE MOVEL BANGU,0.0,18.17,86.0,1.08,,0.14,,,3.75,,22.0,-22.87140046,-43.45942235
2017-09-08 06:30:00,UNIDADE MOVEL BANGU,0.0,18.85,85.0,0.78,,0.11,,,3.94,,6.0,-22.87140046,-43.45942235
2017-09-08 07:30:00,UNIDADE MOVEL BANGU,0.0,19.12,83.63,0.42,,0.13,,,8.03,,,-22.87140046,-43.45942235
2017-09-08 08:30:00,UNIDADE MOVEL BANGU,0.0,20.13,78.07,3.1,,0.11,,,12.27,,,-22.87140046,-43.45942235
2017-09-08 09:30:00,UNIDADE MOVEL BANGU,0.0,22.93,65.57,8.72,,0.12,,,20.21,,,-22.87140046,-43.45942235
2017-09-08 10:30:00,UNIDADE MOVEL BANGU,0.0,25.93,53.83,11.52,,0.09,,,32.78,,,-22.87140046,-43.45942235
2017-09-08 11:30:00,UNIDADE MOVEL BANGU,0.0,27.98,41.33,10.9,,0.1,,,62.22,,,-22.87140046,-43.45942235
2017-09-08 12:30:00,UNIDADE MOVEL BANGU,0.0,29.37,34.52,21.020000000000003,,0.08,,,89.52,,,-22.87140046,-43.45942235
2017-09-08 13:30:00,UNIDADE MOVEL BANGU,0.0,30.95,29.8,31.14,,0.1,,,100.74,,36.0,-22.87140046,-43.45942235
2017-09-08 14:30:00,UNIDADE MOVEL BANGU,0.0,31.37,28.08,14.82,,0.09,,,79.72,,34.0,-22.87140046,-43.45942235
2017-09-08 15:30:00,UNIDADE MOVEL BANGU,0.0,31.0,29.52,10.64,,0.09,,,58.15,,16.0,-22.87140046,-43.45942235
2017-09-08 16:30:00,UNIDADE MOVEL BANGU,0.0,30.38,30.15,9.78,,0.08,,,55.65,,16.666666666666668,-22.87140046,-43.45942235
2017-09-08 17:30:00,UNIDADE MOVEL BANGU,0.0,28.5,35.93,9.11,,0.09,,,52.56,,17.333333333333332,-22.87140046,-43.45942235
2017-09-08 18:30:00,UNIDADE MOVEL BANGU,0.0,26.65,40.95,8.2,,0.49,,,24.32,,18.0,-22.87140046,-43.45942235
2017-09-08 19:30:00,UNIDADE MOVEL BANGU,0.0,25.13,52.32,6.95,,0.41,,,6.79,,,-22.87140046,-43.45942235
2017-09-08 20:30:00,UNIDADE MOVEL BANGU,0.0,23.87,61.77,6.09,,0.32,,,4.34,,,-22.87140046,-43.45942235
2017-09-08 21:30:00,UNIDADE MOVEL BANGU,0.0,22.93,65.7,5.32,,0.35,,,3.46,,,-22.87140046,-43.45942235
2017-09-08 22:30:00,UNIDADE MOVEL BANGU,0.0,22.0,69.68,4.81,,0.31,,,3.58,,,-22.87140046,-43.45942235
2017-09-08 23:30:00,UNIDADE MOVEL BANGU,0.0,21.65,71.48,3.1449999999999996,,0.25,,,4.34,,,-22.87140046,-43.45942235
2017-09-09 00:30:00,UNIDADE MOVEL BANGU,0.0,21.23,72.98,1.48,,0.23,,,4.41,,,-22.87140046,-43.45942235
2017-09-09 01:30:00,UNIDADE MOVEL BANGU,0.0,20.63,74.05,1.01,,0.19,,,2.96,,,-22.87140046,-43.45942235
2017-09-09 02:30:00,UNIDADE MOVEL BANGU,0.0,20.03,74.23,0.64,,0.09,,,6.25,,,-22.87140046,-43.45942235
2017-09-09 03:30:00,UNIDADE MOVEL BANGU,0.0,19.47,75.75,0.31,,0.06,,,10.58,,,-22.87140046,-43.45942235
2017-09-09 04:30:00,UNIDADE MOVEL BANGU,0.0,18.9,78.4,0.13,,0.06,,,7.52,,,-22.87140046,-43.45942235
2017-09-09 05:30:00,UNIDADE MOVEL BANGU,0.0,18.53,80.52,0.06,,0.07,,,4.24,,,-22.87140046,-43.45942235
2017-09-09 06:30:00,UNIDADE MOVEL BANGU,0.0,18.83,79.68,0.27,,0.15,,,3.14,,,-22.87140046,-43.45942235
2017-09-09 07:30:00,UNIDADE MOVEL BANGU,0.0,21.38,68.65,0.37,,0.28,,,8.92,,,-22.87140046,-43.45942235
2017-09-09 08:30:00,UNIDADE MOVEL BANGU,0.0,23.8,58.78,1.51,,0.09,,,15.01,,,-22.87140046,-43.45942235
2017-09-09 09:30:00,UNIDADE MOVEL BANGU,0.0,26.05,49.87,7.97,,0.05,,,27.73,,,-22.87140046,-43.45942235
2017-09-09 10:30:00,UNIDADE MOVEL BANGU,0.0,28.22,41.23,13.11,,0.01,,,46.38,,,-22.87140046,-43.45942235
2017-09-09 11:30:00,UNIDADE MOVEL BANGU,0.0,30.02,34.15,10.08,,0.02,,,56.11,,,-22.87140046,-43.45942235
2017-09-09 12:30:00,UNIDADE MOVEL BANGU,0.0,31.15,30.07,8.34,,0.02,,,60.08,,,-22.87140046,-43.45942235
2017-09-09 13:30:00,UNIDADE MOVEL BANGU,0.0,32.08,26.3,7.15,,0.02,,,55.14,,,-22.87140046,-43.45942235
2017-09-09 14:30:00,UNIDADE MOVEL BANGU,0.0,32.68,27.97,15.65,,0.03,,,68.33,,,-22.87140046,-43.45942235
2017-09-09 15:30:00,UNIDADE MOVEL BANGU,0.0,32.53,26.25,18.06,,0.03,,,81.45,,,-22.87140046,-43.45942235
2017-09-09 16:30:00,UNIDADE MOVEL BANGU,0.0,31.38,24.72,13.5,,0.1,,,60.0,,,-22.87140046,-43.45942235
2017-09-09 17:30:00,UNIDADE MOVEL BANGU,0.0,30.25,29.08,7.87,,0.12,,,47.95,,,-22.87140046,-43.45942235
2017-09-09 18:30:00,UNIDADE MOVEL BANGU,0.0,27.68,39.53,7.19,,0.23,,,26.18,,,-22.87140046,-43.45942235
2017-09-09 19:30:00,UNIDADE MOVEL BANGU,0.0,25.53,57.33,5.17,,0.1,,,16.76,,,-22.87140046,-43.45942235
2017-09-09 20:30:00,UNIDADE MOVEL BANGU,0.0,24.55,62.17,3.87,,0.12,,,9.12,,,-22.87140046,-43.45942235
2017-09-09 21:30:00,UNIDADE MOVEL BANGU,0.0,23.95,64.25,2.85,,0.16,,,7.46,,,-22.87140046,-43.45942235
2017-09-09 22:30:00,UNIDADE MOVEL BANGU,0.0,23.2,67.18,2.41,,0.2,,,5.15,,,-22.87140046,-43.45942235
2017-09-09 23:30:00,UNIDADE MOVEL BANGU,0.0,22.45,69.83,2.385,,0.12,,,5.29,,,-22.87140046,-43.45942235
2017-09-10 00:30:00,UNIDADE MOVEL BANGU,0.0,21.92,71.68,2.36,,0.26,,,4.36,,,-22.87140046,-43.45942235
2017-09-10 01:30:00,UNIDADE MOVEL BANGU,0.0,21.4,73.17,2.33,,0.21,,,4.46,,,-22.87140046,-43.45942235
2017-09-10 02:30:00,UNIDADE MOVEL BANGU,0.0,21.07,73.52,1.59,,0.15,,,8.96,,,-22.87140046,-43.45942235
2017-09-10 03:30:00,UNIDADE MOVEL BANGU,0.0,20.47,76.55,1.23,,0.12,,,9.44,,,-22.87140046,-43.45942235
2017-09-10 04:30:00,UNIDADE MOVEL BANGU,0.0,20.18,77.5,0.92,,0.11,,,9.27,,,-22.87140046,-43.45942235
2017-09-10 05:30:00,UNIDADE MOVEL BANGU,0.0,19.72,78.82,1.07,,0.15,,,5.21,,,-22.87140046,-43.45942235
2017-09-10 06:30:00,UNIDADE MOVEL BANGU,0.0,19.78,78.68,1.23,,0.32,,,3.39,,,-22.87140046,-43.45942235
2017-09-10 07:30:00,UNIDADE MOVEL BANGU,0.0,22.77,67.53,1.55,,0.14,,,9.74,,,-22.87140046,-43.45942235
2017-09-10 08:30:00,UNIDADE MOVEL BANGU,0.0,25.72,55.3,4.21,,0.08,,,20.25,,,-22.87140046,-43.45942235
2017-09-10 09:30:00,UNIDADE MOVEL BANGU,0.0,28.1,45.45,8.5,,0.07,,,32.26,,,-22.87140046,-43.45942235
2017-09-10 10:30:00,UNIDADE MOVEL BANGU,0.0,29.65,37.78,8.46,,0.03,,,41.75,,,-22.87140046,-43.45942235
