data,Nome,chuva,temp,ur,so2,no2,co,no,nox,o3,pm10,pm2_5,lat,lon
2012-01-01 00:30:00,UNIDADE MOVEL MARACANA,0.0,24.31,95.04,1.54,24.92,0.2,12.04,36.94,16.5,,29.0,-22.9102992,-43.23520487
2012-01-01 01:30:00,UNIDADE MOVEL MARACANA,0.0,24.14,94.84,1.65,22.5,0.17,6.49,28.96,16.67,,38.0,-22.9102992,-43.23520487
2012-01-01 02:30:00,UNIDADE MOVEL MARACANA,0.0,24.12,94.22,1.27,22.95,0.2,10.1,32.94,13.08,,28.0,-22.9102992,-43.23520487
2012-01-01 03:30:00,UNIDADE MOVEL MARACANA,0.0,24.18,92.88,1.03,24.17,0.17,10.58,34.55,10.9,,17.0,-22.9102992,-43.23520487
2012-01-01 04:30:00,UNIDADE MOVEL MARACANA,0.0,24.34,91.21,1.8,23.53,0.2,19.12,42.66,9.37,,15.0,-22.9102992,-43.23520487
2012-01-01 05:30:00,UNIDADE MOVEL MARACANA,0.0,24.31,90.69,1.41,20.65,0.17,13.45,34.18,10.11,,2.0,-22.9102992,-43.23520487
2012-01-01 06:30:00,UNIDADE MOVEL MARACANA,0.0,24.61,89.52,1.11,17.25,0.12,13.01,30.25,11.41,,7.0,-22.9102992,-43.23520487
2012-01-01 07:30:00,UNIDADE MOVEL MARACANA,0.0,24.95,90.1,1.33,17.63,0.15,15.06,32.68,8.39,,11.0,-22.9102992,-43.23520487
2012-01-01 08:30:00,UNIDADE MOVEL MARACANA,0.0,25.55,88.19,1.18,14.37,0.1,15.62,29.95,13.1,,11.0,-22.9102992,-43.23520487
2012-01-01 09:30:00,UNIDADE MOVEL MARACANA,0.0,27.32,78.73,2.36,9.9,0.08,12.49,22.38,24.26,,13.0,-22.9102992,-43.23520487
2012-01-01 10:30:00,UNIDADE MOVEL MARACANA,0.0,28.24,74.22,3.84,13.28,0.09,12.33,23.82,33.71,,11.0,-22.9102992,-43.23520487
2012-01-01 11:30:00,UNIDADE MOVEL MARACANA,1.0,27.69,78.49,2.91,16.03,0.14,7.99,23.89,37.28,,7.0,-22.9102992,-43.23520487
2012-01-01 12:30:00,UNIDADE MOVEL MARACANA,0.0,26.68,87.24,2.41,17.09,0.24,5.91,22.68,37.47,,5.0,-22.9102992,-43.23520487
2012-01-01 13:30:00,UNIDADE MOVEL MARACANA,2.0,26.04,90.57,1.98,19.17,0.35,6.61,25.37,31.39,,6.0,-22.9102992,-43.23520487
2012-01-01 14:30:00,UNIDADE MOVEL MARACANA,1.0,25.83,90.47,1.91,16.66,0.4,11.46,28.27,26.96,,18.0,-22.9102992,-43.23520487
2012-01-01 15:30:00,UNIDADE MOVEL MARACANA,0.0,26.42,86.35,2.0,22.2,0.46,14.7,36.93,21.61,,16.0,-22.9102992,-43.23520487
2012-01-01 16:30:00,UNIDADE MOVEL MARACANA,0.0,25.78,90.93,6.08,35.82,0.36,20.46,56.25,18.03,,18.0,-22.9102992,-43.23520487
2012-01-01 17:30:00,UNIDADE MOVEL MARACANA,0.0,25.85,89.34,10.21,38.37,0.44,14.09,52.5,12.94,,24.0,-22.9102992,-43.23520487
2012-01-01 18:30:00,UNIDADE MOVEL MARACANA,0.0,26.05,87.39,6.53,32.66,0.44,16.89,49.64,8.23,,18.0,-22.9102992,-43.23520487
2012-01-01 19:30:00,UNIDADE MOVEL MARACANA,0.0,25.57,90.63,4.41,26.12,0.59,26.02,52.18,0.54,,17.0,-22.9102992,-43.23520487
2012-01-01 20:30:00,UNIDADE MOVEL MARACANA,0.0,25.34,90.95,2.75,20.76,0.47,17.82,38.46,1.67,,11.0,-22.9102992,-43.23520487
2012-01-01 21:30:00,UNIDADE MOVEL MARACANA,1.0,24.78,90.87,2.23,18.14,0.29,8.47,26.49,12.99,,9.0,-22.9102992,-43.23520487
2012-01-01 22:30:00,UNIDADE MOVEL MARACANA,1.0,24.24,92.32,1.87,18.4,0.2,12.98,31.31,17.37,,11.0,-22.9102992,-43.23520487
2012-01-01 23:30:00,UNIDADE MOVEL MARACANA,9.0,23.55,93.76,1.53,16.51,0.18,10.78,27.12,21.02,,9.0,-22.9102992,-43.23520487
2012-01-02 00:30:00,UNIDADE MOVEL MARACANA,5.0,23.1,96.67,1.0,14.04,0.1,4.98,18.94,22.35,,6.0,-22.9102992,-43.23520487
2012-01-02 01:30:00,UNIDADE MOVEL MARACANA,1.0,22.92,96.99,0.33,10.87,0.06,2.48,12.94,18.94,,4.0,-22.9102992,-43.23520487
2012-01-02 02:30:00,UNIDADE MOVEL MARACANA,0.0,22.69,96.64,0.54,10.33,0.05,5.56,15.87,16.05,,4.0,-22.9102992,-43.23520487
2012-01-02 03:30:00,UNIDADE MOVEL MARACANA,0.0,22.59,95.99,0.97,17.04,0.1,11.95,28.98,9.19,,4.0,-22.9102992,-43.23520487
2012-01-02 04:30:00,UNIDADE MOVEL MARACANA,0.0,22.65,95.89,1.64,22.34,0.15,29.59,51.94,0.93,,6.0,-22.9102992,-43.23520487
2012-01-02 05:30:00,UNIDADE MOVEL MARACANA,2.0,22.2,95.97,2.32,24.55,0.29,58.25,82.8,0.77,,9.0,-22.9102992,-43.23520487
2012-01-02 06:30:00,UNIDADE MOVEL MARACANA,2.0,22.15,96.33,3.36,26.11,0.67,101.38,127.5,0.72,,17.0,-22.9102992,-43.23520487
2012-01-02 07:30:00,UNIDADE MOVEL MARACANA,3.0,22.09,96.67,3.65,28.88,0.95,114.6,143.48,0.51,,21.0,-22.9102992,-43.23520487
2012-01-02 08:30:00,UNIDADE MOVEL MARACANA,3.0,22.2,97.2,3.69,28.34,1.09,108.54,136.9,1.04,,20.0,-22.9102992,-43.23520487
2012-01-02 09:30:00,UNIDADE MOVEL MARACANA,6.0,21.9,97.34,3.02,29.63,0.48,69.66,99.41,2.65,,17.0,-22.9102992,-43.23520487
2012-01-02 10:30:00,UNIDADE MOVEL MARACANA,6.0,21.61,97.44,2.72,28.56,0.55,69.92,98.44,4.61,,7.0,-22.9102992,-43.23520487
2012-01-02 11:30:00,UNIDADE MOVEL MARACANA,2.0,21.65,97.2,2.27,22.21,0.29,40.26,62.5,14.09,,7.0,-22.9102992,-43.23520487
2012-01-02 12:30:00,UNIDADE MOVEL MARACANA,2.0,21.87,96.79,2.03,31.53,0.34,46.2,77.77,10.23,,7.0,-22.9102992,-43.23520487
2012-01-02 13:30:00,UNIDADE MOVEL MARACANA,0.0,22.45,95.84,2.21,35.89,0.43,53.44,89.57,11.39,,7.0,-22.9102992,-43.23520487
2012-01-02 14:30:00,UNIDADE MOVEL MARACANA,1.0,22.76,91.36,2.08,33.21,0.31,42.37,75.56,12.43,,19.0,-22.9102992,-43.23520487
2012-01-02 15:30:00,UNIDADE MOVEL MARACANA,1.0,22.62,91.58,3.81,35.95,0.53,71.76,107.87,3.67,,13.0,-22.9102992,-43.23520487
2012-01-02 16:30:00,UNIDADE MOVEL MARACANA,5.0,22.14,94.68,4.83,44.73,0.67,70.46,115.19,2.37,,17.0,-22.9102992,-43.23520487
2012-01-02 17:30:00,UNIDADE MOVEL MARACANA,5.0,21.64,96.25,3.45,47.07,1.13,74.46,121.58,3.21,,13.0,-22.9102992,-43.23520487
2012-01-02 18:30:00,UNIDADE MOVEL MARACANA,1.0,21.48,96.69,3.75,33.17,0.64,89.19,122.4,0.29,,16.0,-22.9102992,-43.23520487
2012-01-02 19:30:00,UNIDADE MOVEL MARACANA,3.0,21.35,97.02,3.43,31.82,0.48,86.93,118.69,0.29,,13.0,-22.9102992,-43.23520487
2012-01-02 20:30:00,UNIDADE MOVEL MARACANA,0.0,21.34,97.22,3.66,30.81,0.45,90.0,120.88,0.3,,13.0,-22.9102992,-43.23520487
2012-01-02 21:30:00,UNIDADE MOVEL MARACANA,0.0,21.35,97.12,4.46,31.99,0.32,62.87,94.84,0.82,,18.0,-22.9102992,-43.23520487
2012-01-02 22:30:00,UNIDADE MOVEL MARACANA,0.0,21.39,96.39,5.87,30.98,0.3,61.34,92.27,0.18,,20.0,-22.9102992,-43.23520487
2012-01-02 23:30:00,UNIDADE MOVEL MARACANA,0.0,21.47,95.25,3.65,27.52,0.23,39.26,66.83,0.52,,14.0,-22.9102992,-43.23520487
2012-01-03 00:30:00,UNIDADE MOVEL MARACANA,0.0,21.36,94.01,2.32,20.07,0.08,11.03,31.18,5.08,,20.0,-22.9102992,-43.23520487
2012-01-03 01:30:00,UNIDADE MOVEL MARACANA,0.0,21.46,92.41,1.75,22.07,0.07,13.66,35.47,2.51,,10.0,-22.9102992,-43.23520487
2012-01-03 02:30:00,UNIDADE MOVEL MARACANA,0.0,21.02,93.09,2.39,21.56,0.07,19.77,41.33,0.82,,11.0,-22.9102992,-43.23520487
2012-01-03 03:30:00,UNIDADE MOVEL MARACANA,0.0,20.66,93.53,2.64,20.71,0.04,28.38,49.1,3.73,,10.0,-22.9102992,-43.23520487
2012-01-03 04:30:00,UNIDADE MOVEL MARACANA,0.0,20.48,92.94,3.19,21.83,0.14,59.21,81.05,1.19,,9.0,-22.9102992,-43.23520487
2012-01-03 05:30:00,UNIDADE MOVEL MARACANA,0.0,20.54,92.61,4.53,21.97,0.57,138.24,160.17,1.05,,6.0,-22.9102992,-43.23520487
2012-01-03 06:30:00,UNIDADE MOVEL MARACANA,0.0,21.39,87.53,4.59,17.53,0.24,73.19,90.85,5.25,,18.0,-22.9102992,-43.23520487
2012-01-03 07:30:00,UNIDADE MOVEL MARACANA,0.0,23.32,76.19,4.5,21.68,0.22,58.81,80.47,4.52,,15.0,-22.9102992,-43.23520487
2012-01-03 08:30:00,UNIDADE MOVEL MARACANA,0.0,25.13,68.93,4.89,31.55,0.47,72.39,103.92,9.97,,14.0,-22.9102992,-43.23520487
2012-01-03 09:30:00,UNIDADE MOVEL MARACANA,0.0,26.12,67.42,10.58,59.21,0.31,72.75,132.12,19.86,,47.0,-22.9102992,-43.23520487
2012-01-03 10:30:00,UNIDADE MOVEL MARACANA,0.0,26.76,64.68,14.29,54.12,0.24,85.18,139.32,15.62,,37.0,-22.9102992,-43.23520487
2012-01-03 11:30:00,UNIDADE MOVEL MARACANA,0.0,28.0,58.37,14.47,44.59,0.12,61.06,105.65,20.18,,28.0,-22.9102992,-43.23520487
2012-01-03 12:30:00,UNIDADE MOVEL MARACANA,0.0,28.72,54.63,5.91,24.04,0.06,26.38,50.37,34.51,,20.0,-22.9102992,-43.23520487
2012-01-03 13:30:00,UNIDADE MOVEL MARACANA,0.0,29.07,53.6,4.85,24.23,0.06,24.35,47.53,35.2,,12.0,-22.9102992,-43.23520487
2012-01-03 14:30:00,UNIDADE MOVEL MARACANA,0.0,29.27,52.67,3.65,11.36,0.01,14.35,25.66,44.09,,17.0,-22.9102992,-43.23520487
2012-01-03 15:30:00,UNIDADE MOVEL MARACANA,0.0,28.88,51.37,3.25,9.67,0.01,8.34,16.98,42.15,,3.0,-22.9102992,-43.23520487
2012-01-03 16:30:00,UNIDADE MOVEL MARACANA,0.0,28.64,49.02,3.21,11.18,0.02,13.92,23.17,29.11,,3.0,-22.9102992,-43.23520487
2012-01-03 17:30:00,UNIDADE MOVEL MARACANA,0.0,27.33,53.85,2.68,20.08,0.03,10.92,29.5,29.25,,2.0,-22.9102992,-43.23520487
2012-01-03 18:30:00,UNIDADE MOVEL MARACANA,0.0,26.24,55.57,2.6,27.62,0.04,17.58,45.2,12.88,,2.0,-22.9102992,-43.23520487
2012-01-03 19:30:00,UNIDADE MOVEL MARACANA,0.0,25.54,54.75,2.4,29.21,0.09,34.38,63.51,4.64,,6.0,-22.9102992,-43.23520487
2012-01-03 20:30:00,UNIDADE MOVEL MARACANA,0.0,25.15,54.86,2.27,27.61,0.08,32.68,60.28,4.14,,7.0,-22.9102992,-43.23520487
2012-01-03 21:30:00,UNIDADE MOVEL MARACANA,0.0,24.85,55.74,1.82,25.58,0.09,15.51,41.1,4.82,,3.0,-22.9102992,-43.23520487
2012-01-03 22:30:00,UNIDADE MOVEL MARACANA,0.0,24.34,59.07,1.62,26.32,0.15,24.57,50.85,2.38,,15.0,-22.9102992,-43.23520487
2012-01-03 23:30:00,UNIDADE MOVEL MARACANA,0.0,23.83,62.44,1.52,23.03,0.11,16.89,39.79,1.3,,17.0,-22.9102992,-43.23520487
2012-01-04 00:30:00,UNIDADE MOVEL MARACANA,0.0,23.42,65.17,1.48,21.33,0.1,15.36,36.79,1.32,,11.0,-22.9102992,-43.23520487
2012-01-04 01:30:00,UNIDADE MOVEL MARACANA,0.0,23.11,66.34,1.36,18.9,0.07,6.92,25.82,4.25,,13.0,-22.9102992,-43.23520487
2012-01-04 02:30:00,UNIDADE MOVEL MARACANA,0.0,22.94,69.59,1.52,20.7,0.08,15.05,35.87,1.5,,11.0,-22.9102992,-43.23520487
2012-01-04 03:30:00,UNIDADE MOVEL MARACANA,0.0,22.92,71.39,1.37,20.6,0.09,12.32,32.92,1.74,,8.0,-22.9102992,-43.23520487
2012-01-04 04:30:00,UNIDADE MOVEL MARACANA,0.0,22.94,72.77,1.96,21.52,0.3,52.07,73.5,1.22,,8.0,-22.9102992,-43.23520487
2012-01-04 05:30:00,UNIDADE MOVEL MARACANA,0.0,23.01,74.97,4.21,23.61,0.81,127.48,151.11,0.91,,16.0,-22.9102992,-43.23520487
2012-01-04 06:30:00,UNIDADE MOVEL MARACANA,0.0,23.62,75.13,6.3,33.8,0.62,116.38,150.22,1.38,,25.0,-22.9102992,-43.23520487
2012-01-04 07:30:00,UNIDADE MOVEL MARACANA,0.0,24.15,80.74,9.22,26.11,0.73,115.06,141.08,1.81,,25.0,-22.9102992,-43.23520487
2012-01-04 08:30:00,UNIDADE MOVEL MARACANA,0.0,25.33,73.14,8.8,28.57,0.48,82.38,110.95,6.31,,26.0,-22.9102992,-43.23520487
2012-01-04 09:30:00,UNIDADE MOVEL MARACANA,0.0,26.38,65.91,3.83,20.9,0.16,35.94,56.84,21.71,,27.0,-22.9102992,-43.23520487
2012-01-04 10:30:00,UNIDADE MOVEL MARACANA,0.0,27.59,63.81,3.64,21.69,0.11,27.13,48.77,30.18,,34.0,-22.9102992,-43.23520487
2012-01-04 11:30:00,UNIDADE MOVEL MARACANA,0.0,27.39,66.36,3.65,23.56,0.12,22.76,46.31,33.3,,17.0,-22.9102992,-43.23520487
2012-01-04 12:30:00,UNIDADE MOVEL MARACANA,0.0,27.62,62.74,3.67,24.34,0.09,34.7,59.05,28.35,,22.0,-22.9102992,-43.23520487
2012-01-04 13:30:00,UNIDADE MOVEL MARACANA,0.0,28.3,59.29,4.05,22.61,0.09,32.34,55.1,31.05,,9.0,-22.9102992,-43.23520487
2012-01-04 14:30:00,UNIDADE MOVEL MARACANA,0.0,28.84,58.2,4.21,25.51,0.1,30.93,56.5,25.71,,9.0,-22.9102992,-43.23520487
2012-01-04 15:30:00,UNIDADE MOVEL MARACANA,0.0,28.72,57.89,4.21,23.74,0.1,38.95,62.75,19.72,,16.0,-22.9102992,-43.23520487
2012-01-04 16:30:00,UNIDADE MOVEL MARACANA,0.0,27.93,59.79,4.39,19.65,0.09,27.74,47.48,21.19,,15.0,-22.9102992,-43.23520487
2012-01-04 17:30:00,UNIDADE MOVEL MARACANA,0.0,26.84,61.22,3.66,18.1,0.13,28.87,46.96,18.44,,13.0,-22.9102992,-43.23520487
2012-01-04 18:30:00,UNIDADE MOVEL MARACANA,0.0,26.14,64.13,3.56,25.39,0.17,34.65,59.95,10.11,,11.0,-22.9102992,-43.23520487
2012-01-04 19:30:00,UNIDADE MOVEL MARACANA,0.0,25.38,70.51,3.16,24.19,0.12,29.79,54.07,12.56,,10.0,-22.9102992,-43.23520487
2012-01-04 20:30:00,UNIDADE MOVEL MARACANA,0.0,25.33,73.08,3.29,30.22,0.2,39.17,69.45,3.65,,3.0,-22.9102992,-43.23520487
2012-01-04 21:30:00,UNIDADE MOVEL MARACANA,0.0,25.08,74.41,3.13,30.6,0.13,34.22,64.85,1.62,,3.0,-22.9102992,-43.23520487
2012-01-04 22:30:00,UNIDADE MOVEL MARACANA,0.0,24.88,74.49,2.99,29.45,0.23,44.39,73.84,0.73,,20.0,-22.9102992,-43.23520487
2012-01-04 23:30:00,UNIDADE MOVEL MARACANA,0.0,24.22,78.3,3.74,28.32,0.12,40.71,69.01,1.99,,13.0,-22.9102992,-43.23520487
2012-01-05 00:30:00,UNIDADE MOVEL MARACANA,0.0,23.84,79.15,3.93,28.31,0.07,32.41,60.64,2.94,,18.0,-22.9102992,-43.23520487
2012-01-05 01:30:00,UNIDADE MOVEL MARACANA,0.0,23.25,82.62,2.09,25.36,0.03,7.81,33.23,11.42,,16.0,-22.9102992,-43.23520487
2012-01-05 02:30:00,UNIDADE MOVEL MARACANA,0.0,23.04,85.22,1.34,22.24,0.03,7.12,29.4,14.56,,12.0,-22.9102992,-43.23520487
2012-01-05 03:30:00,UNIDADE MOVEL MARACANA,0.0,22.6,87.63,1.17,20.36,0.03,9.63,29.97,11.21,,10.0,-22.9102992,-43.23520487
2012-01-05 04:30:00,UNIDADE MOVEL MARACANA,0.0,22.52,88.1,1.98,25.53,0.11,35.21,60.73,1.05,,11.0,-22.9102992,-43.23520487
2012-01-05 05:30:00,UNIDADE MOVEL MARACANA,0.0,22.61,87.28,2.45,26.75,0.15,57.14,83.88,0.76,,16.0,-22.9102992,-43.23520487
2012-01-05 06:30:00,UNIDADE MOVEL MARACANA,0.0,23.65,80.56,2.17,22.21,0.11,44.77,66.97,3.72,,13.0,-22.9102992,-43.23520487
2012-01-05 07:30:00,UNIDADE MOVEL MARACANA,0.0,25.23,74.21,2.63,28.34,0.42,69.76,98.03,8.64,,20.0,-22.9102992,-43.23520487
2012-01-05 08:30:00,UNIDADE MOVEL MARACANA,0.0,26.01,73.56,6.57,33.05,0.3,77.3,110.34,8.57,,23.0,-22.9102992,-43.23520487
2012-01-05 09:30:00,UNIDADE MOVEL MARACANA,0.0,27.16,69.94,7.48,35.6,0.21,65.77,101.4,14.09,,37.0,-22.9102992,-43.23520487
2012-01-05 10:30:00,UNIDADE MOVEL MARACANA,0.0,28.23,64.95,6.74,30.36,0.15,39.0,69.34,28.25,,27.0,-22.9102992,-43.23520487
2012-01-05 11:30:00,UNIDADE MOVEL MARACANA,0.0,29.25,55.99,2.68,17.73,0.06,10.55,28.1,51.06,,21.0,-22.9102992,-43.23520487
2012-01-05 12:30:00,UNIDADE MOVEL MARACANA,0.0,29.89,57.02,2.27,22.21,0.09,18.44,40.65,49.59,,9.0,-22.9102992,-43.23520487
2012-01-05 13:30:00,UNIDADE MOVEL MARACANA,0.0,29.39,62.34,2.46,22.42,0.12,25.68,48.16,39.93,,11.0,-22.9102992,-43.23520487
2012-01-05 14:30:00,UNIDADE MOVEL MARACANA,0.0,28.85,63.85,2.14,16.23,0.05,11.65,26.45,45.11,,14.0,-22.9102992,-43.23520487
2012-01-05 15:30:00,UNIDADE MOVEL MARACANA,0.0,27.85,67.67,2.09,18.06,0.05,20.97,38.45,45.0,,11.0,-22.9102992,-43.23520487
2012-01-05 16:30:00,UNIDADE MOVEL MARACANA,0.0,26.74,71.49,2.34,20.36,0.08,8.42,28.76,40.21,,5.0,-22.9102992,-43.23520487
2012-01-05 17:30:00,UNIDADE MOVEL MARACANA,0.0,26.08,73.07,1.33,18.29,0.07,5.56,22.73,44.22,,3.0,-22.9102992,-43.23520487
2012-01-05 18:30:00,UNIDADE MOVEL MARACANA,0.0,25.93,73.91,1.2,26.24,0.09,10.95,37.27,45.11,,2.0,-22.9102992,-43.23520487
2012-01-05 19:30:00,UNIDADE MOVEL MARACANA,0.0,25.94,75.21,0.82,30.24,0.1,3.74,34.06,42.16,,6.0,-22.9102992,-43.23520487
2012-01-05 20:30:00,UNIDADE MOVEL MARACANA,0.0,26.12,74.27,0.9,32.6,0.14,8.81,41.23,29.81,,10.0,-22.9102992,-43.23520487
2012-01-05 21:30:00,UNIDADE MOVEL MARACANA,0.0,26.09,73.28,1.04,31.73,0.14,13.46,45.35,21.14,,7.0,-22.9102992,-43.23520487
2012-01-05 22:30:00,UNIDADE MOVEL MARACANA,0.0,25.61,75.1,0.81,24.46,0.1,12.98,37.45,24.59,,8.0,-22.9102992,-43.23520487
2012-01-05 23:30:00,UNIDADE MOVEL MARACANA,0.0,25.09,77.48,0.6,25.85,0.1,6.92,32.78,21.39,,7.0,-22.9102992,-43.23520487
2012-01-06 00:30:00,UNIDADE MOVEL MARACANA,0.0,24.7,80.09,1.11,22.48,0.07,7.52,29.95,26.7,,7.0,-22.9102992,-43.23520487
2012-01-06 01:30:00,UNIDADE MOVEL MARACANA,0.0,24.44,81.92,0.87,21.66,0.06,6.895,28.47,30.18,,9.0,-22.9102992,-43.23520487
2012-01-06 02:30:00,UNIDADE MOVEL MARACANA,0.0,24.34,82.94,0.87,20.84,0.07,6.27,26.99,22.95,,8.0,-22.9102992,-43.23520487
2012-01-06 03:30:00,UNIDADE MOVEL MARACANA,0.0,24.1,84.74,2.05,23.84,0.06,6.42,30.23,13.58,,9.0,-22.9102992,-43.23520487
2012-01-06 04:30:00,UNIDADE MOVEL MARACANA,0.0,23.95,86.97,3.77,26.15,0.11,19.24,45.38,7.76,,9.0,-22.9102992,-43.23520487
2012-01-06 05:30:00,UNIDADE MOVEL MARACANA,0.0,24.11,85.97,4.38,28.81,0.37,56.76,85.52,1.77,,15.0,-22.9102992,-43.23520487
2012-01-06 06:30:00,UNIDADE MOVEL MARACANA,0.0,24.52,83.0,3.71,26.99,0.32,49.64,76.61,3.97,,12.0,-22.9102992,-43.23520487
2012-01-06 07:30:00,UNIDADE MOVEL MARACANA,0.0,26.11,75.56,5.37,31.64,0.53,81.17,112.73,5.87,,13.0,-22.9102992,-43.23520487
2012-01-06 08:30:00,UNIDADE MOVEL MARACANA,0.0,27.28,71.25,9.95,32.92,0.54,84.88,117.89,6.43,,35.0,-22.9102992,-43.23520487
2012-01-06 09:30:00,UNIDADE MOVEL MARACANA,0.0,28.88,65.31,10.61,39.95,0.35,76.04,115.97,12.41,,33.0,-22.9102992,-43.23520487
2012-01-06 10:30:00,UNIDADE MOVEL MARACANA,0.0,29.99,60.48,11.89,42.37,0.25,60.3,102.42,19.02,,22.0,-22.9102992,-43.23520487
2012-01-06 11:30:00,UNIDADE MOVEL MARACANA,0.0,31.44,55.21,10.21,30.97,0.14,19.96,50.93,49.41,,22.0,-22.9102992,-43.23520487
2012-01-06 12:30:00,UNIDADE MOVEL MARACANA,0.0,32.29,51.3,6.22,25.13,0.09,16.27,41.27,66.45,,9.0,-22.9102992,-43.23520487
2012-01-06 13:30:00,UNIDADE MOVEL MARACANA,0.0,33.57,45.9,5.12,25.24,0.1,20.29,45.68,49.99,,8.0,-22.9102992,-43.23520487
2012-01-06 14:30:00,UNIDADE MOVEL MARACANA,0.0,32.35,51.82,3.24,33.23,0.11,18.09,51.3,48.98,,10.0,-22.9102992,-43.23520487
2012-01-06 15:30:00,UNIDADE MOVEL MARACANA,0.0,30.57,59.35,3.42,39.66,0.25,24.26,63.92,14.71,,13.0,-22.9102992,-43.23520487
2012-01-06 16:30:00,UNIDADE MOVEL MARACANA,0.0,29.75,65.94,3.72,42.58,0.65,31.3,73.65,10.11,,13.0,-22.9102992,-43.23520487
2012-01-06 17:30:00,UNIDADE MOVEL MARACANA,1.0,26.29,81.08,2.95,32.59,0.59,27.69,60.27,17.37,,13.0,-22.9102992,-43.23520487
2012-01-06 18:30:00,UNIDADE MOVEL MARACANA,12.0,25.07,85.36,2.96,33.21,0.46,30.21,63.41,6.76,,12.0,-22.9102992,-43.23520487
2012-01-06 19:30:00,UNIDADE MOVEL MARACANA,4.0,23.39,92.37,2.16,27.34,0.23,20.84,48.16,6.24,,6.0,-22.9102992,-43.23520487
2012-01-06 20:30:00,UNIDADE MOVEL MARACANA,0.0,23.22,91.36,2.17,31.77,0.31,41.77,73.53,5.73,,1.0,-22.9102992,-43.23520487
2012-01-06 21:30:00,UNIDADE MOVEL MARACANA,0.0,23.36,89.58,2.05,32.23,0.46,53.95,86.22,1.79,,6.0,-22.9102992,-43.23520487
2012-01-06 22:30:00,UNIDADE MOVEL MARACANA,0.0,23.92,88.19,2.87,31.7,0.61,73.5,105.12,1.61,,12.0,-22.9102992,-43.23520487
2012-01-06 23:30:00,UNIDADE MOVEL MARACANA,0.0,23.97,89.49,2.81,26.72,0.4,58.43,85.21,1.08,,12.0,-22.9102992,-43.23520487
2012-01-07 00:30:00,UNIDADE MOVEL MARACANA,0.0,23.85,90.31,2.62,21.56,0.12,21.28,42.78,3.62,,17.0,-22.9102992,-43.23520487
2012-01-07 01:30:00,UNIDADE MOVEL MARACANA,0.0,24.07,88.59,3.15,20.53,0.09,13.58,34.11,3.69,,5.0,-22.9102992,-43.23520487
2012-01-07 02:30:00,UNIDADE MOVEL MARACANA,0.0,24.18,83.86,2.77,15.19,0.07,9.57,24.79,7.2,,6.0,-22.9102992,-43.23520487
2012-01-07 03:30:00,UNIDADE MOVEL MARACANA,0.0,24.09,80.89,2.44,13.98,0.07,19.34,33.23,7.67,,5.0,-22.9102992,-43.23520487
2012-01-07 04:30:00,UNIDADE MOVEL MARACANA,0.0,23.87,82.57,2.21,17.83,0.09,25.02,42.89,1.91,,6.0,-22.9102992,-43.23520487
2012-01-07 05:30:00,UNIDADE MOVEL MARACANA,0.0,23.79,83.34,2.97,19.3,0.32,68.84,87.96,0.92,,7.0,-22.9102992,-43.23520487
2012-01-07 06:30:00,UNIDADE MOVEL MARACANA,0.0,24.62,78.72,3.59,21.11,0.41,79.08,100.15,2.0,,6.0,-22.9102992,-43.23520487
2012-01-07 07:30:00,UNIDADE MOVEL MARACANA,0.0,27.18,68.22,4.07,28.45,0.47,72.85,101.37,6.87,,10.0,-22.9102992,-43.23520487
2012-01-07 08:30:00,UNIDADE MOVEL MARACANA,0.0,29.48,56.41,4.46,25.83,0.27,41.89,68.16,21.3,,32.0,-22.9102992,-43.23520487
2012-01-07 09:30:00,UNIDADE MOVEL MARACANA,0.0,31.02,51.26,4.25,19.46,0.18,18.72,38.12,32.03,,6.0,-22.9102992,-43.23520487
2012-01-07 10:30:00,UNIDADE MOVEL MARACANA,0.0,32.26,47.67,3.98,19.12,0.16,16.29,35.53,48.46,,10.0,-22.9102992,-43.23520487
2012-01-07 11:30:00,UNIDADE MOVEL MARACANA,0.0,32.92,45.24,3.31,13.63,0.09,10.6,24.52,61.93,,12.0,-22.9102992,-43.23520487
2012-01-07 12:30:00,UNIDADE MOVEL MARACANA,0.0,32.48,43.58,3.4,13.354000000000001,0.04,8.709999999999999,21.488,65.11,,7.0,-22.9102992,-43.23520487
2012-01-07 13:30:00,UNIDADE MOVEL MARACANA,0.0,31.569999999999997,45.9075,3.4033333333333333,13.078000000000001,0.03666666666666667,6.82,18.456,63.376666666666665,,7.0,-22.9102992,-43.23520487
2012-01-07 14:30:00,UNIDADE MOVEL MARACANA,0.0,30.659999999999997,48.235,3.4066666666666667,12.802,0.03333333333333333,4.930000000000001,15.424,61.64333333333333,,8.0,-22.9102992,-43.23520487
2012-01-07 15:30:00,UNIDADE MOVEL MARACANA,0.0,29.75,50.5625,3.41,12.526,0.03,3.04,12.392,59.91,,6.0,-22.9102992,-43.23520487
2012-01-07 16:30:00,UNIDADE MOVEL MARACANA,0.0,28.84,52.89,2.89,12.25,0.04,1.15,9.36,57.77,,6.0,-22.9102992,-43.23520487
2012-01-07 17:30:00,UNIDADE MOVEL MARACANA,0.0,28.05,63.66,3.98,20.81,0.08,5.23,26.16,45.26,,9.0,-22.9102992,-43.23520487
2012-01-07 18:30:00,UNIDADE MOVEL MARACANA,0.0,26.8,73.62,5.02,26.71,0.1,7.87,34.42,24.92,,9.0,-22.9102992,-43.23520487
2012-01-07 19:30:00,UNIDADE MOVEL MARACANA,0.0,26.79,71.98,5.98,33.38,0.12,8.17,41.25,18.7,,6.0,-22.9102992,-43.23520487
2012-01-07 20:30:00,UNIDADE MOVEL MARACANA,0.0,26.94,71.69,5.04,35.15,0.24,13.86,49.06,9.54,,6.0,-22.9102992,-43.23520487
2012-01-07 21:30:00,UNIDADE MOVEL MARACANA,0.0,26.55,75.12,12.48,45.34,0.41,74.39,119.79,2.04,,11.0,-22.9102992,-43.23520487
2012-01-07 22:30:00,UNIDADE MOVEL MARACANA,0.0,26.29,75.68,12.55,42.25,0.13,37.75,79.88,2.66,,18.0,-22.9102992,-43.23520487
2012-01-07 23:30:00,UNIDADE MOVEL MARACANA,0.0,25.83,77.62,8.12,36.0,0.19,25.17,61.23,9.49,,18.0,-22.9102992,-43.23520487
2012-01-08 00:30:00,UNIDADE MOVEL MARACANA,0.0,25.43,80.3,7.56,26.71,0.17,19.68,46.54,6.1,,23.0,-22.9102992,-43.23520487
2012-01-08 01:30:00,UNIDADE MOVEL MARACANA,0.0,25.4,80.97,7.74,27.82,0.16,24.09,47.78,3.48,,14.0,-22.9102992,-43.23520487
2012-01-08 02:30:00,UNIDADE MOVEL MARACANA,0.0,25.34,80.52,5.53,28.56,0.17,12.34,40.91,3.96,,16.0,-22.9102992,-43.23520487
2012-01-08 03:30:00,UNIDADE MOVEL MARACANA,0.0,25.16,83.28,5.92,28.82,0.21,33.98,62.83,0.81,,17.0,-22.9102992,-43.23520487
2012-01-08 04:30:00,UNIDADE MOVEL MARACANA,0.0,24.98,83.11,7.06,31.48,0.24,44.88,76.35,0.96,,19.0,-22.9102992,-43.23520487
2012-01-08 05:30:00,UNIDADE MOVEL MARACANA,0.0,24.91,83.25,6.53,28.37,0.22,40.04,68.42,3.96,,22.0,-22.9102992,-43.23520487
2012-01-08 06:30:00,UNIDADE MOVEL MARACANA,0.0,25.1,82.5,4.33,26.05,0.19,21.1,47.24,12.78,,25.0,-22.9102992,-43.23520487
2012-01-08 07:30:00,UNIDADE MOVEL MARACANA,0.0,25.39,81.89,5.71,30.88,0.24,42.81,73.61,8.12,,19.0,-22.9102992,-43.23520487
2012-01-08 08:30:00,UNIDADE MOVEL MARACANA,0.0,25.33,81.92,16.95,24.69,0.15,43.79,68.38,6.31,,23.0,-22.9102992,-43.23520487
2012-01-08 09:30:00,UNIDADE MOVEL MARACANA,0.0,25.98,77.48,12.14,25.49,0.11,33.66,59.01,12.23,,27.0,-22.9102992,-43.23520487
2012-01-08 10:30:00,UNIDADE MOVEL MARACANA,0.0,26.97,75.2,12.3,28.78,0.14,36.08,64.66,19.24,,26.0,-22.9102992,-43.23520487
2012-01-08 11:30:00,UNIDADE MOVEL MARACANA,0.0,28.51,66.3,10.69,31.73,0.2,30.4,58.63,33.2,,33.0,-22.9102992,-43.23520487
2012-01-08 12:30:00,UNIDADE MOVEL MARACANA,0.0,29.7,56.64,3.79,19.21,0.1,10.34,28.82,62.79,,25.0,-22.9102992,-43.23520487
2012-01-08 13:30:00,UNIDADE MOVEL MARACANA,0.0,29.76,57.36,3.82,18.46,0.14,11.12,29.1,71.44,,17.0,-22.9102992,-43.23520487
2012-01-08 14:30:00,UNIDADE MOVEL MARACANA,0.0,29.61,55.97,3.14,12.79,0.08,2.06,14.62,74.79,,11.0,-22.9102992,-43.23520487
2012-01-08 15:30:00,UNIDADE MOVEL MARACANA,0.0,28.65,61.87,3.1,16.54,0.09,7.592500000000001,23.9375,65.25,,12.0,-22.9102992,-43.23520487
2012-01-08 16:30:00,UNIDADE MOVEL MARACANA,0.0,27.689999999999998,67.77,3.4633333333333334,20.29,0.12666666666666665,13.125000000000002,33.255,45.83333333333333,,11.0,-22.9102992,-43.23520487
2012-01-08 17:30:00,UNIDADE MOVEL MARACANA,0.0,26.73,73.66999999999999,3.826666666666667,24.04,0.16333333333333333,18.657500000000002,42.5725,26.416666666666664,,6.0,-22.9102992,-43.23520487
2012-01-08 18:30:00,UNIDADE MOVEL MARACANA,0.0,25.77,79.57,4.19,27.79,0.2,24.19,51.89,7.0,,6.0,-22.9102992,-43.23520487
2012-01-08 19:30:00,UNIDADE MOVEL MARACANA,0.0,24.55,84.77,3.8,21.12,0.15,18.48,39.69,10.69,,5.0,-22.9102992,-43.23520487
2012-01-08 20:30:00,UNIDADE MOVEL MARACANA,2.0,23.36,91.54,2.82,23.13,0.18,18.98,42.19,9.99,,2.0,-22.9102992,-43.23520487
2012-01-08 21:30:00,UNIDADE MOVEL MARACANA,2.0,22.93,93.17,1.79,19.51,0.14,4.63,24.31,13.96,,4.0,-22.9102992,-43.23520487
2012-01-08 22:30:00,UNIDADE MOVEL MARACANA,0.0,23.12,93.44,1.3,21.62,0.17,15.53,37.08,9.18,,5.0,-22.9102992,-43.23520487
2012-01-08 23:30:00,UNIDADE MOVEL MARACANA,0.0,23.32,92.34,1.32,21.42,0.16,13.01,34.57,6.2,,4.0,-22.9102992,-43.23520487
2012-01-09 00:30:00,UNIDADE MOVEL MARACANA,0.0,23.53,90.65,1.45,23.17,0.13,21.37,44.51,2.04,,4.0,-22.9102992,-43.23520487
2012-01-09 01:30:00,UNIDADE MOVEL MARACANA,0.0,23.52,90.73,2.81,28.66,0.08,18.29,46.92,1.07,,5.0,-22.9102992,-43.23520487
2012-01-09 02:30:00,UNIDADE MOVEL MARACANA,0.0,23.43,91.34,3.69,25.12,0.06,17.15,42.17,2.48,,8.0,-22.9102992,-43.23520487
2012-01-09 03:30:00,UNIDADE MOVEL MARACANA,0.0,23.11,91.58,4.03,22.89,0.04,9.75,32.63,5.96,,9.0,-22.9102992,-43.23520487
2012-01-09 04:30:00,UNIDADE MOVEL MARACANA,0.0,23.22,87.27,2.62,15.48,0.04,8.96,24.5,17.09,,4.0,-22.9102992,-43.23520487
2012-01-09 05:30:00,UNIDADE MOVEL MARACANA,0.0,23.42,85.22,2.18,26.74,0.22,53.64,80.32,3.36,,3.0,-22.9102992,-43.23520487
2012-01-09 06:30:00,UNIDADE MOVEL MARACANA,0.0,23.73,82.09,1.82,23.87,0.14,25.14,49.03,7.34,,7.0,-22.9102992,-43.23520487
2012-01-09 07:30:00,UNIDADE MOVEL MARACANA,0.0,24.07,82.76,3.79,27.04,0.29,65.97,93.05,1.54,,10.0,-22.9102992,-43.23520487
2012-01-09 08:30:00,UNIDADE MOVEL MARACANA,0.0,24.44,83.23,6.01,26.82,0.49,86.74,113.53,1.74,,10.0,-22.9102992,-43.23520487
2012-01-09 09:30:00,UNIDADE MOVEL MARACANA,0.0,24.69,83.15,7.68,24.25,0.32,57.52,78.54,6.92,,21.0,-22.9102992,-43.23520487
2012-01-09 10:30:00,UNIDADE MOVEL MARACANA,0.0,24.96,83.22,7.39,22.88,0.22,68.42,91.66,0.0,,22.0,-22.9102992,-43.23520487
2012-01-09 11:30:00,UNIDADE MOVEL MARACANA,0.0,25.81,79.28,4.28,18.5,0.09,40.54,59.03,9.47,,25.0,-22.9102992,-43.23520487
2012-01-09 12:30:00,UNIDADE MOVEL MARACANA,0.0,26.41,75.87,1.39,24.22,0.1,50.52,75.0,11.74,,14.0,-22.9102992,-43.23520487
2012-01-09 13:30:00,UNIDADE MOVEL MARACANA,0.0,26.79,72.36,5.68,22.26,0.11,27.59,50.07,17.1,,12.5,-22.9102992,-43.23520487
2012-01-09 14:30:00,UNIDADE MOVEL MARACANA,0.0,26.89,72.11,3.87,20.77,0.07,28.52,49.3,18.71,,11.0,-22.9102992,-43.23520487
2012-01-09 15:30:00,UNIDADE MOVEL MARACANA,0.0,27.14,72.28,9.14,26.32,0.18,45.84,72.16,7.4,,11.0,-22.9102992,-43.23520487
2012-01-09 16:30:00,UNIDADE MOVEL MARACANA,0.0,26.92,71.59,8.64,26.27,0.26,54.37,80.78,5.57,,10.0,-22.9102992,-43.23520487
2012-01-09 17:30:00,UNIDADE MOVEL MARACANA,0.0,26.3,74.02,3.89,23.59,0.34,46.51,70.07,6.57,,10.0,-22.9102992,-43.23520487
2012-01-09 18:30:00,UNIDADE MOVEL MARACANA,0.0,25.76,76.84,6.67,23.45,0.21,46.92,70.37,2.51,,4.0,-22.9102992,-43.23520487
2012-01-09 19:30:00,UNIDADE MOVEL MARACANA,0.0,25.41,78.82,3.89,23.39,0.17,39.92,63.27,1.62,,4.5,-22.9102992,-43.23520487
2012-01-09 20:30:00,UNIDADE MOVEL MARACANA,0.0,25.62,73.89,5.82,24.39,0.17,40.56,64.92,1.41,,5.0,-22.9102992,-43.23520487
2012-01-09 21:30:00,UNIDADE MOVEL MARACANA,0.0,25.64,70.06,4.84,25.76,0.2,57.92,83.65,1.2,,9.0,-22.9102992,-43.23520487
2012-01-09 22:30:00,UNIDADE MOVEL MARACANA,0.0,25.57,67.38,0.09,19.11,0.06,18.45,37.56,10.8,,13.0,-22.9102992,-43.23520487
2012-01-09 23:30:00,UNIDADE MOVEL MARACANA,0.0,25.55,66.27,0.0,17.64,0.03,13.28,30.92,14.51,,7.0,-22.9102992,-43.23520487
2012-01-10 00:30:00,UNIDADE MOVEL MARACANA,0.0,24.68,73.92,3.16,20.16,0.06,15.3,35.47,5.34,,4.0,-22.9102992,-43.23520487
2012-01-10 01:30:00,UNIDADE MOVEL MARACANA,0.0,24.03,79.1,7.24,19.54,0.06,11.79,31.33,2.35,,7.0,-22.9102992,-43.23520487
2012-01-10 02:30:00,UNIDADE MOVEL MARACANA,0.0,23.95,78.48,7.02,19.91,0.06,17.12,37.02,1.59,,17.0,-22.9102992,-43.23520487
2012-01-10 03:30:00,UNIDADE MOVEL MARACANA,0.0,24.2,74.28,3.17,15.33,0.05,12.05,27.37,8.07,,12.0,-22.9102992,-43.23520487
2012-01-10 04:30:00,UNIDADE MOVEL MARACANA,0.0,24.31,75.02,2.35,16.95,0.07,21.58,38.57,4.06,,12.0,-22.9102992,-43.23520487
2012-01-10 05:30:00,UNIDADE MOVEL MARACANA,0.0,24.58,76.89,2.17,16.49,0.1,32.09,48.56,3.98,,12.0,-22.9102992,-43.23520487
2012-01-10 06:30:00,UNIDADE MOVEL MARACANA,0.0,25.12,76.77,3.12,18.34,0.22,52.64,70.91,1.62,,13.0,-22.9102992,-43.23520487
2012-01-10 07:30:00,UNIDADE MOVEL MARACANA,0.0,25.25,79.53,6.07,20.2,0.95,113.12,133.52,1.31,,11.0,-22.9102992,-43.23520487
2012-01-10 08:30:00,UNIDADE MOVEL MARACANA,0.0,25.75,79.99,11.1,18.52,0.89,111.15,129.48,1.65,,22.0,-22.9102992,-43.23520487
2012-01-10 09:30:00,UNIDADE MOVEL MARACANA,0.0,25.96,79.23,9.8,17.79,0.24,62.9,80.69,3.22,,21.0,-22.9102992,-43.23520487
2012-01-10 10:30:00,UNIDADE MOVEL MARACANA,0.0,26.76,75.67,6.46,18.07,0.32,53.44,71.53,5.68,,15.0,-22.9102992,-43.23520487
2012-01-10 11:30:00,UNIDADE MOVEL MARACANA,0.0,27.94,71.49,4.22,18.72,0.26,40.34,59.03,11.79,,13.0,-22.9102992,-43.23520487
2012-01-10 12:30:00,UNIDADE MOVEL MARACANA,0.0,28.49,70.91,6.07,21.42,0.26,40.67,62.09,12.52,,17.0,-22.9102992,-43.23520487
2012-01-10 13:30:00,UNIDADE MOVEL MARACANA,0.0,29.52,66.36,6.55,27.38,0.32,41.75,69.27,14.13,,26.0,-22.9102992,-43.23520487
2012-01-10 14:30:00,UNIDADE MOVEL MARACANA,0.0,29.98,64.44,11.31,29.41,0.23,45.91,75.28,14.03,,28.0,-22.9102992,-43.23520487
2012-01-10 15:30:00,UNIDADE MOVEL MARACANA,0.0,29.7,64.59,10.12,30.91,0.3,50.37,81.31,10.65,,17.0,-22.9102992,-43.23520487
2012-01-10 16:30:00,UNIDADE MOVEL MARACANA,0.0,28.72,66.51,7.36,27.24,0.44,54.15,81.34,7.08,,14.0,-22.9102992,-43.23520487
2012-01-10 17:30:00,UNIDADE MOVEL MARACANA,0.0,28.03,69.56,5.31,24.74,0.23,35.04,59.81,5.8,,12.0,-22.9102992,-43.23520487
2012-01-10 18:30:00,UNIDADE MOVEL MARACANA,0.0,27.81,71.66,4.93,23.98,0.35,53.2,77.16,1.51,,8.0,-22.9102992,-43.23520487
2012-01-10 19:30:00,UNIDADE MOVEL MARACANA,0.0,26.52,77.57,4.56,22.65,0.37,43.02,65.68,3.71,,6.0,-22.9102992,-43.23520487
2012-01-10 20:30:00,UNIDADE MOVEL MARACANA,1.0,24.41,83.81,2.72,21.41,0.15,21.61,42.96,9.12,,8.0,-22.9102992,-43.23520487
2012-01-10 21:30:00,UNIDADE MOVEL MARACANA,0.0,24.18,87.61,2.74,24.56,0.2,35.43,59.96,1.33,,9.0,-22.9102992,-43.23520487
2012-01-10 22:30:00,UNIDADE MOVEL MARACANA,0.0,23.73,89.46,5.87,26.54,0.18,49.27,75.88,0.75,,9.0,-22.9102992,-43.23520487
2012-01-10 23:30:00,UNIDADE MOVEL MARACANA,0.0,23.42,90.33,7.97,26.5,0.17,43.62,70.15,0.95,,11.0,-22.9102992,-43.23520487
2012-01-11 00:30:00,UNIDADE MOVEL MARACANA,0.0,22.75,90.2,6.12,19.44,0.06,20.65,40.09,9.96,,15.0,-22.9102992,-43.23520487
2012-01-11 01:30:00,UNIDADE MOVEL MARACANA,0.0,22.67,89.29,3.65,14.71,0.03,10.41,25.11,13.92,,9.0,-22.9102992,-43.23520487
2012-01-11 02:30:00,UNIDADE MOVEL MARACANA,0.0,22.87,88.69,2.44,16.95,0.03,13.04,29.96,9.38,,7.0,-22.9102992,-43.23520487
2012-01-11 03:30:00,UNIDADE MOVEL MARACANA,0.0,23.25,86.02,2.69,20.16,0.03,14.93,35.11,3.85,,8.0,-22.9102992,-43.23520487
2012-01-11 04:30:00,UNIDADE MOVEL MARACANA,0.0,23.49,85.12,2.93,15.3,0.05,23.93,39.23,3.72,,11.0,-22.9102992,-43.23520487
2012-01-11 05:30:00,UNIDADE MOVEL MARACANA,0.0,23.68,84.48,1.88,13.16,0.1,30.21,43.33,3.42,,11.0,-22.9102992,-43.23520487
2012-01-11 06:30:00,UNIDADE MOVEL MARACANA,0.0,23.96,84.31,4.21,14.35,0.25,58.06,72.58,1.26,,8.0,-22.9102992,-43.23520487
2012-01-11 07:30:00,UNIDADE MOVEL MARACANA,0.0,24.9,80.45,5.74,25.7,0.57,83.72,109.43,3.11,,17.0,-22.9102992,-43.23520487
2012-01-11 08:30:00,UNIDADE MOVEL MARACANA,0.0,25.46,78.76,7.84,18.57,0.24,56.73,75.31,4.8,,21.0,-22.9102992,-43.23520487
2012-01-11 09:30:00,UNIDADE MOVEL MARACANA,0.0,26.68,74.58,6.7,16.73,0.25,60.49,77.28,5.55,,13.0,-22.9102992,-43.23520487
2012-01-11 10:30:00,UNIDADE MOVEL MARACANA,0.0,27.31,72.92,6.55,19.57,0.22,56.35,75.97,6.69,,18.0,-22.9102992,-43.23520487
2012-01-11 11:30:00,UNIDADE MOVEL MARACANA,0.0,28.5,67.99,7.08,17.9,0.15,32.47,50.51,15.82,,26.0,-22.9102992,-43.23520487
2012-01-11 12:30:00,UNIDADE MOVEL MARACANA,0.0,29.59,63.43,6.65,16.09,0.14,22.63,38.74,30.66,,28.0,-22.9102992,-43.23520487
2012-01-11 13:30:00,UNIDADE MOVEL MARACANA,0.0,30.03,63.09,10.68,30.59,0.19,31.79,62.44,25.76,,12.0,-22.9102992,-43.23520487
2012-01-11 14:30:00,UNIDADE MOVEL MARACANA,0.0,29.27,65.69,7.14,24.66,0.14,20.21,44.87,26.91,,18.0,-22.9102992,-43.23520487
2012-01-11 15:30:00,UNIDADE MOVEL MARACANA,0.0,28.3,70.25,3.88,22.81,0.12,18.77,41.57,22.2,,15.0,-22.9102992,-43.23520487
2012-01-11 16:30:00,UNIDADE MOVEL MARACANA,0.0,28.95,65.55,3.5,19.93,0.15,20.83,40.75,20.73,,11.0,-22.9102992,-43.23520487
2012-01-11 17:30:00,UNIDADE MOVEL MARACANA,0.0,29.07,65.07,2.79,21.31,0.24,17.33,38.62,18.13,,7.0,-22.9102992,-43.23520487
2012-01-11 18:30:00,UNIDADE MOVEL MARACANA,0.0,28.8,67.37,4.54,28.38,0.44,41.62,70.01,3.87,,5.0,-22.9102992,-43.23520487
2012-01-11 19:30:00,UNIDADE MOVEL MARACANA,0.0,27.78,70.8,5.67,24.98,0.4,57.96,82.94,1.2,,7.0,-22.9102992,-43.23520487
2012-01-11 20:30:00,UNIDADE MOVEL MARACANA,0.0,27.01,73.36,5.92,21.17,0.19,46.44,67.62,0.98,,10.0,-22.9102992,-43.23520487
2012-01-11 21:30:00,UNIDADE MOVEL MARACANA,0.0,26.59,74.89,4.13,20.06,0.18,41.69,61.75,0.83,,10.0,-22.9102992,-43.23520487
2012-01-11 22:30:00,UNIDADE MOVEL MARACANA,0.0,26.14,77.51,4.34,19.61,0.24,53.4,73.01,0.42,,13.0,-22.9102992,-43.23520487
2012-01-11 23:30:00,UNIDADE MOVEL MARACANA,0.0,25.71,79.74,8.13,19.25,0.18,74.62,93.87,0.68,,12.0,-22.9102992,-43.23520487
2012-01-12 00:30:00,UNIDADE MOVEL MARACANA,0.0,25.4,81.09,9.21,16.84,0.13,53.47,70.3,1.03,,14.0,-22.9102992,-43.23520487
2012-01-12 01:30:00,UNIDADE MOVEL MARACANA,0.0,25.03,82.18,6.47,15.24,0.07,38.01,53.25,1.33,,12.0,-22.9102992,-43.23520487
2012-01-12 02:30:00,UNIDADE MOVEL MARACANA,0.0,24.7,83.09,9.63,13.79,0.03,30.22,44.0,0.79,,9.0,-22.9102992,-43.23520487
2012-01-12 03:30:00,UNIDADE MOVEL MARACANA,0.0,24.28,83.74,10.49,12.55,0.02,30.23,42.77,0.99,,10.0,-22.9102992,-43.23520487
2012-01-12 04:30:00,UNIDADE MOVEL MARACANA,0.0,24.07,85.32,13.9,13.6,0.16,83.32,96.93,0.58,,12.0,-22.9102992,-43.23520487
2012-01-12 05:30:00,UNIDADE MOVEL MARACANA,0.0,24.52,80.9,8.4,13.72,0.31,84.0,97.62,0.63,,17.0,-22.9102992,-43.23520487
2012-01-12 06:30:00,UNIDADE MOVEL MARACANA,0.0,25.4,75.39,6.7,14.7,0.55,96.62,111.26,0.98,,12.0,-22.9102992,-43.23520487
2012-01-12 07:30:00,UNIDADE MOVEL MARACANA,0.0,26.38,70.36,9.57,29.8,0.71,91.22,121.05,3.84,,16.0,-22.9102992,-43.23520487
2012-01-12 08:30:00,UNIDADE MOVEL MARACANA,0.0,27.26,67.16,12.6,18.96,0.42,73.76,92.88,4.75,,14.0,-22.9102992,-43.23520487
2012-01-12 09:30:00,UNIDADE MOVEL MARACANA,0.0,28.82,56.96,8.18,14.02,0.1,34.49,48.5,12.54,,21.0,-22.9102992,-43.23520487
2012-01-12 10:30:00,UNIDADE MOVEL MARACANA,0.0,29.93,50.46,12.25,18.56,0.17,43.26,61.92,13.88,,30.0,-22.9102992,-43.23520487
2012-01-12 11:30:00,UNIDADE MOVEL MARACANA,0.0,30.48,48.23,11.1,17.46,0.11,33.95,51.33,22.09,,12.0,-22.9102992,-43.23520487
2012-01-12 12:30:00,UNIDADE MOVEL MARACANA,0.0,31.2,45.95,6.74,21.58,0.12,20.82,42.35,38.72,,8.0,-22.9102992,-43.23520487
2012-01-12 13:30:00,UNIDADE MOVEL MARACANA,0.0,32.02,43.82,8.61,21.0,0.1,17.43,38.45,47.89,,10.0,-22.9102992,-43.23520487
2012-01-12 14:30:00,UNIDADE MOVEL MARACANA,0.0,31.21,50.59,6.43,33.16,0.2,29.44,62.53,24.12,,10.0,-22.9102992,-43.23520487
2012-01-12 15:30:00,UNIDADE MOVEL MARACANA,0.0,30.51,54.2,6.46,38.08,0.31,37.42,75.51,17.45,,9.0,-22.9102992,-43.23520487
2012-01-12 16:30:00,UNIDADE MOVEL MARACANA,0.0,30.3,54.52,5.86,32.98,0.3,34.88,67.88,14.28,,13.0,-22.9102992,-43.23520487
2012-01-12 17:30:00,UNIDADE MOVEL MARACANA,0.0,30.15,56.22,5.39,30.53,0.54,39.14,69.62,13.36,,14.0,-22.9102992,-43.23520487
2012-01-12 18:30:00,UNIDADE MOVEL MARACANA,0.0,29.75,58.94,4.48,29.53,0.26,28.75,58.28,9.24,,11.0,-22.9102992,-43.23520487
2012-01-12 19:30:00,UNIDADE MOVEL MARACANA,0.0,29.15,63.79,4.72,29.33,0.3,44.19,73.5,1.88,,9.0,-22.9102992,-43.23520487
2012-01-12 20:30:00,UNIDADE MOVEL MARACANA,0.0,28.48,66.05,6.87,27.26,0.35,68.27,95.52,0.87,,9.0,-22.9102992,-43.23520487
2012-01-12 21:30:00,UNIDADE MOVEL MARACANA,0.0,27.96,68.44,11.31,27.88,0.31,90.98,118.85,0.89,,18.0,-22.9102992,-43.23520487
2012-01-12 22:30:00,UNIDADE MOVEL MARACANA,0.0,27.52,70.68,20.99,26.1,0.29,108.25,134.36,1.35,,18.0,-22.9102992,-43.23520487
2012-01-12 23:30:00,UNIDADE MOVEL MARACANA,0.0,27.0,73.38,16.22,22.21,0.18,63.64,85.84,0.6,,25.0,-22.9102992,-43.23520487
2012-01-13 00:30:00,UNIDADE MOVEL MARACANA,0.0,26.54,75.75,16.4,20.33,0.11,47.12,67.45,0.98,,17.0,-22.9102992,-43.23520487
2012-01-13 01:30:00,UNIDADE MOVEL MARACANA,0.0,26.25,76.92,29.39,20.8,0.1,53.66,74.47,0.81,,15.0,-22.9102992,-43.23520487
2012-01-13 02:30:00,UNIDADE MOVEL MARACANA,0.0,26.21,77.68,13.86,19.7,0.11,52.29,71.98,1.35,,26.0,-22.9102992,-43.23520487
2012-01-13 03:30:00,UNIDADE MOVEL MARACANA,0.0,25.83,79.01,9.59,20.64,0.1,29.17,49.77,1.24,,13.0,-22.9102992,-43.23520487
2012-01-13 04:30:00,UNIDADE MOVEL MARACANA,0.0,25.39,80.95,8.67,19.42,0.18,47.27,66.74,1.2,,12.0,-22.9102992,-43.23520487
2012-01-13 05:30:00,UNIDADE MOVEL MARACANA,0.0,25.33,81.94,12.32,18.41,0.42,119.83,138.24,0.95,,12.0,-22.9102992,-43.23520487
2012-01-13 06:30:00,UNIDADE MOVEL MARACANA,0.0,26.16,77.06,19.87,19.58,0.82,135.34,155.03,1.02,,18.0,-22.9102992,-43.23520487
2012-01-13 07:30:00,UNIDADE MOVEL MARACANA,0.0,27.38,71.64,20.65,34.72,1.38,129.24,163.94,5.84,,26.0,-22.9102992,-43.23520487
2012-01-13 08:30:00,UNIDADE MOVEL MARACANA,0.0,29.09,64.47,13.63,76.0,0.98,45.66,121.66,46.49,,31.0,-22.9102992,-43.23520487
2012-01-13 09:30:00,UNIDADE MOVEL MARACANA,0.0,30.52,58.84,31.96,43.94,0.44,48.79,92.73,30.02,,41.0,-22.9102992,-43.23520487
2012-01-13 10:30:00,UNIDADE MOVEL MARACANA,0.0,32.1,52.86,37.93,39.7,0.16,21.08,60.77,73.38,,25.0,-22.9102992,-43.23520487
2012-01-13 11:30:00,UNIDADE MOVEL MARACANA,0.0,33.07,47.84,20.18,31.48,0.16,9.81,41.31,97.86,,26.0,-22.9102992,-43.23520487
2012-01-13 12:30:00,UNIDADE MOVEL MARACANA,0.0,34.06,41.77,12.57,21.09,0.11,14.32,35.41,52.1,,18.0,-22.9102992,-43.23520487
2012-01-13 13:30:00,UNIDADE MOVEL MARACANA,0.0,35.05,38.57,10.11,25.23,0.11,21.51,46.76,52.46,,12.0,-22.9102992,-43.23520487
2012-01-13 14:30:00,UNIDADE MOVEL MARACANA,0.0,35.47,37.15,7.13,19.5,0.13,18.37,38.03,48.77,,12.0,-22.9102992,-43.23520487
2012-01-13 15:30:00,UNIDADE MOVEL MARACANA,0.0,35.39,37.65,5.15,27.72,0.16,23.11,50.87,39.7,,8.0,-22.9102992,-43.23520487
2012-01-13 16:30:00,UNIDADE MOVEL MARACANA,0.0,33.53,44.11,5.42,28.63,0.23,23.64,52.27,31.7,,9.0,-22.9102992,-43.23520487
2012-01-13 17:30:00,UNIDADE MOVEL MARACANA,0.0,31.0,52.0,4.39,25.01,0.24,17.57,42.58,28.45,,10.0,-22.9102992,-43.23520487
2012-01-13 18:30:00,UNIDADE MOVEL MARACANA,0.0,30.78,54.2,3.16,22.08,0.12,5.33,27.42,28.41,,6.0,-22.9102992,-43.23520487
2012-01-13 19:30:00,UNIDADE MOVEL MARACANA,0.0,30.36,57.62,6.83,39.7,0.78,63.93,103.64,2.56,,7.0,-22.9102992,-43.23520487
2012-01-13 20:30:00,UNIDADE MOVEL MARACANA,0.0,29.17,61.8,6.65,35.5,0.64,53.24,88.72,1.72,,17.0,-22.9102992,-43.23520487
2012-01-13 21:30:00,UNIDADE MOVEL MARACANA,0.0,28.48,58.24,5.25,28.17,0.25,25.09,53.23,6.73,,20.0,-22.9102992,-43.23520487
2012-01-13 22:30:00,UNIDADE MOVEL MARACANA,0.0,28.44,57.84,4.9,29.31,0.38,40.42,69.65,4.53,,15.0,-22.9102992,-43.23520487
2012-01-13 23:30:00,UNIDADE MOVEL MARACANA,0.0,28.46,57.28,4.63,28.16,0.29,36.54,64.7,2.86,,18.0,-22.9102992,-43.23520487
2012-01-14 00:30:00,UNIDADE MOVEL MARACANA,0.0,28.8,56.16,6.8,24.63,0.18,29.11,53.75,4.39,,16.0,-22.9102992,-43.23520487
2012-01-14 01:30:00,UNIDADE MOVEL MARACANA,0.0,28.52,57.62,7.12,24.62,0.12,19.91,44.53,2.05,,5.0,-22.9102992,-43.23520487
2012-01-14 02:30:00,UNIDADE MOVEL MARACANA,0.0,28.44,58.38,5.41,21.42,0.15,24.7,46.14,4.0,,8.0,-22.9102992,-43.23520487
2012-01-14 03:30:00,UNIDADE MOVEL MARACANA,0.0,28.3,59.12,5.99,18.94,0.08,17.54,36.53,4.17,,12.0,-22.9102992,-43.23520487
2012-01-14 04:30:00,UNIDADE MOVEL MARACANA,0.0,28.36,58.74,4.77,19.36,0.06,15.2,34.55,3.97,,16.0,-22.9102992,-43.23520487
2012-01-14 05:30:00,UNIDADE MOVEL MARACANA,0.0,27.94,60.46,7.96,22.12,0.66,85.42,107.52,1.87,,8.0,-22.9102992,-43.23520487
2012-01-14 06:30:00,UNIDADE MOVEL MARACANA,0.0,29.13,57.15,13.02,22.69,1.02,120.91,143.56,2.5,,19.0,-22.9102992,-43.23520487
2012-01-14 07:30:00,UNIDADE MOVEL MARACANA,0.0,31.17,47.81,5.22,15.55,0.16,29.28,44.82,14.47,,26.0,-22.9102992,-43.23520487
2012-01-14 08:30:00,UNIDADE MOVEL MARACANA,0.0,32.77,42.41,5.68,15.88,0.14,26.78,42.67,21.51,,32.0,-22.9102992,-43.23520487
2012-01-14 09:30:00,UNIDADE MOVEL MARACANA,0.0,33.52,40.69,8.75,16.66,0.1,16.34,32.98,36.84,,9.0,-22.9102992,-43.23520487
2012-01-14 10:30:00,UNIDADE MOVEL MARACANA,0.0,34.83,37.48,5.6,13.47,0.07,14.23,27.68,38.3,,17.0,-22.9102992,-43.23520487
2012-01-14 11:30:00,UNIDADE MOVEL MARACANA,0.0,35.53,36.9,4.16,11.97,0.06,12.49,24.47,36.4,,10.0,-22.9102992,-43.23520487
2012-01-14 12:30:00,UNIDADE MOVEL MARACANA,0.0,36.19,34.92,3.47,11.0,0.06,11.68,22.74,42.56,,9.0,-22.9102992,-43.23520487
2012-01-14 13:30:00,UNIDADE MOVEL MARACANA,0.0,36.69,33.46,4.36,11.36,0.04,8.69,20.1,53.0,,6.0,-22.9102992,-43.23520487
2012-01-14 14:30:00,UNIDADE MOVEL MARACANA,0.0,36.92,33.25,6.21,16.13,0.08,11.0,27.14,51.56,,5.0,-22.9102992,-43.23520487
2012-01-14 15:30:00,UNIDADE MOVEL MARACANA,0.0,36.76,33.17,5.72,13.92,0.1,10.72,24.63,50.63,,11.0,-22.9102992,-43.23520487
2012-01-14 16:30:00,UNIDADE MOVEL MARACANA,0.0,36.83,33.95,4.64,16.88,0.11,11.2,28.08,44.68,,11.0,-22.9102992,-43.23520487
2012-01-14 17:30:00,UNIDADE MOVEL MARACANA,0.0,35.74,37.21,5.24,21.68,0.14,8.58,30.26,38.7,,7.0,-22.9102992,-43.23520487
2012-01-14 18:30:00,UNIDADE MOVEL MARACANA,0.0,34.61,40.84,3.6,25.84,0.17,4.29,30.12,32.74,,7.0,-22.9102992,-43.23520487
2012-01-14 19:30:00,UNIDADE MOVEL MARACANA,0.0,33.94,43.56,3.89,33.34,0.33,7.79,41.13,10.88,,7.0,-22.9102992,-43.23520487
2012-01-14 20:30:00,UNIDADE MOVEL MARACANA,0.0,33.28,46.57,5.13,36.97,0.61,23.48,60.45,2.54,,8.0,-22.9102992,-43.23520487
2012-01-14 21:30:00,UNIDADE MOVEL MARACANA,0.0,32.91,48.45,9.17,34.35,0.83,62.99,97.38,2.38,,15.0,-22.9102992,-43.23520487
2012-01-14 22:30:00,UNIDADE MOVEL MARACANA,5.0,31.43,56.73,13.88,33.03,0.83,79.74,112.76,2.44,,22.0,-22.9102992,-43.23520487
2012-01-14 23:30:00,UNIDADE MOVEL MARACANA,3.0,26.87,83.7,3.83,22.02,0.42,27.9,49.91,9.65,,25.0,-22.9102992,-43.23520487
2012-01-15 00:30:00,UNIDADE MOVEL MARACANA,0.0,27.88,77.03,2.83,21.29,0.23,21.73,43.02,2.52,,11.0,-22.9102992,-43.23520487
2012-01-15 01:30:00,UNIDADE MOVEL MARACANA,0.0,29.03,62.21,2.21,16.63,0.09,13.1,29.75,12.43,,11.0,-22.9102992,-43.23520487
2012-01-15 02:30:00,UNIDADE MOVEL MARACANA,0.0,29.54,59.88,1.56,17.45,0.08,9.88,27.33,8.05,,8.0,-22.9102992,-43.23520487
2012-01-15 03:30:00,UNIDADE MOVEL MARACANA,0.0,30.16,55.29,2.57,14.97,0.04,6.84,21.81,11.77,,6.0,-22.9102992,-43.23520487
2012-01-15 04:30:00,UNIDADE MOVEL MARACANA,0.0,29.87,55.36,2.88,18.87,0.06,11.1,29.97,5.69,,18.0,-22.9102992,-43.23520487
2012-01-15 05:30:00,UNIDADE MOVEL MARACANA,0.0,29.49,56.14,2.25,18.29,0.18,27.32,45.64,6.33,,8.0,-22.9102992,-43.23520487
2012-01-15 06:30:00,UNIDADE MOVEL MARACANA,0.0,29.68,55.41,3.39,20.33,0.33,41.68,62.01,4.82,,7.0,-22.9102992,-43.23520487
2012-01-15 07:30:00,UNIDADE MOVEL MARACANA,0.0,30.75,51.76,2.48,17.56,0.11,16.73,34.3,12.14,,10.0,-22.9102992,-43.23520487
2012-01-15 08:30:00,UNIDADE MOVEL MARACANA,0.0,32.24,48.28,2.71,15.75,0.08,11.2,26.95,21.78,,20.0,-22.9102992,-43.23520487
2012-01-15 09:30:00,UNIDADE MOVEL MARACANA,0.0,34.02,41.43,2.99,12.33,0.06,10.13,22.45,33.62,,17.0,-22.9102992,-43.23520487
2012-01-15 10:30:00,UNIDADE MOVEL MARACANA,0.0,34.04,40.52,2.88,14.46,0.07,11.48,25.94,32.07,,11.0,-22.9102992,-43.23520487
2012-01-15 11:30:00,UNIDADE MOVEL MARACANA,0.0,33.53,42.84,2.84,12.06,0.05,6.92,19.0,34.72,,10.0,-22.9102992,-43.23520487
2012-01-15 12:30:00,UNIDADE MOVEL MARACANA,0.0,33.81,43.22,3.45,15.1,0.14,8.11,23.21,34.21,,10.0,-22.9102992,-43.23520487
2012-01-15 13:30:00,UNIDADE MOVEL MARACANA,0.0,33.87,43.93,3.25,14.0,0.13,7.99,22.0,35.75,,12.0,-22.9102992,-43.23520487
2012-01-15 14:30:00,UNIDADE MOVEL MARACANA,0.0,35.03,41.47,2.49,11.64,0.11,6.01,17.64,56.05,,17.0,-22.9102992,-43.23520487
2012-01-15 15:30:00,UNIDADE MOVEL MARACANA,0.0,35.11,43.14,2.46,17.92,0.15,4.62,22.55,70.09,,11.0,-22.9102992,-43.23520487
2012-01-15 16:30:00,UNIDADE MOVEL MARACANA,16.0,30.79,59.61,4.13,25.16,0.22,6.68,31.83,57.59,,15.0,-22.9102992,-43.23520487
2012-01-15 17:30:00,UNIDADE MOVEL MARACANA,2.0,25.33,89.44,1.99,19.5,0.26,8.45,27.96,34.52,,14.0,-22.9102992,-43.23520487
2012-01-15 18:30:00,UNIDADE MOVEL MARACANA,1.0,25.79,90.15,1.9,29.05,0.42,16.42,45.46,8.15,,9.0,-22.9102992,-43.23520487
2012-01-15 19:30:00,UNIDADE MOVEL MARACANA,0.0,26.12,87.66,2.06,31.73,0.57,22.6,54.32,8.93,,5.0,-22.9102992,-43.23520487
2012-01-15 20:30:00,UNIDADE MOVEL MARACANA,0.0,26.25,87.63,1.43,31.57,0.43,15.23,46.79,6.22,,5.0,-22.9102992,-43.23520487
2012-01-15 21:30:00,UNIDADE MOVEL MARACANA,0.0,26.56,86.38,1.74,30.68,0.56,28.4,59.07,3.03,,17.0,-22.9102992,-43.23520487
2012-01-15 22:30:00,UNIDADE MOVEL MARACANA,0.0,26.82,85.09,2.24,29.13,0.48,22.56,51.69,0.68,,28.0,-22.9102992,-43.23520487
2012-01-15 23:30:00,UNIDADE MOVEL MARACANA,0.0,26.81,82.28,1.57,20.21,0.21,12.27,32.48,3.63,,21.0,-22.9102992,-43.23520487
2012-01-16 00:30:00,UNIDADE MOVEL MARACANA,0.0,26.72,82.66,1.89,20.13,0.2,14.07,34.19,2.59,,15.0,-22.9102992,-43.23520487
2012-01-16 01:30:00,UNIDADE MOVEL MARACANA,0.0,26.7,81.57,1.94,15.7,0.14,13.1,28.8,6.24,,17.0,-22.9102992,-43.23520487
2012-01-16 02:30:00,UNIDADE MOVEL MARACANA,0.0,26.19,81.95,2.13,13.34,0.11,13.26,26.62,15.39,,18.0,-22.9102992,-43.23520487
2012-01-16 03:30:00,UNIDADE MOVEL MARACANA,0.0,25.71,81.46,1.67,6.41,0.04,2.99,9.4,30.3,,21.0,-22.9102992,-43.23520487
2012-01-16 04:30:00,UNIDADE MOVEL MARACANA,0.0,25.35,83.65,1.36,8.05,0.04,4.29,12.34,36.43,,6.0,-22.9102992,-43.23520487
2012-01-16 05:30:00,UNIDADE MOVEL MARACANA,0.0,25.48,84.2,2.23,22.47,0.22,48.06,70.53,11.62,,6.0,-22.9102992,-43.23520487
2012-01-16 06:30:00,UNIDADE MOVEL MARACANA,0.0,25.5,84.66,8.21,28.94,0.42,62.45,91.36,2.55,,8.0,-22.9102992,-43.23520487
2012-01-16 07:30:00,UNIDADE MOVEL MARACANA,0.0,25.98,82.57,8.53,27.58,0.48,57.36,84.95,4.88,,11.0,-22.9102992,-43.23520487
2012-01-16 08:30:00,UNIDADE MOVEL MARACANA,0.0,26.87,78.26,7.11,23.75,0.28,37.38,61.16,11.79,,12.0,-22.9102992,-43.23520487
2012-01-16 09:30:00,UNIDADE MOVEL MARACANA,0.0,28.473333333333333,71.89333333333333,4.74,30.349999999999998,0.25,29.71666666666667,60.086666666666666,26.646666666666665,,23.0,-22.9102992,-43.23520487
2012-01-16 10:30:00,UNIDADE MOVEL MARACANA,0.0,30.076666666666668,65.52666666666667,2.37,36.949999999999996,0.22000000000000003,22.053333333333335,59.01333333333333,41.50333333333333,,24.5,-22.9102992,-43.23520487
2012-01-16 11:30:00,UNIDADE MOVEL MARACANA,0.0,31.68,59.16,0.0,43.55,0.19,14.39,57.94,56.36,,26.0,-22.9102992,-43.23520487
2012-01-16 12:30:00,UNIDADE MOVEL MARACANA,0.0,33.42,53.89,7.61,38.01,0.05,4.77,42.79,86.98,,32.5,-22.9102992,-43.23520487
2012-01-16 13:30:00,UNIDADE MOVEL MARACANA,0.0,32.58,58.06,6.46,34.765,0.27,8.265,43.075,49.56,,39.0,-22.9102992,-43.23520487
2012-01-16 14:30:00,UNIDADE MOVEL MARACANA,0.0,32.51,57.1,6.06,31.52,0.25,11.76,43.36,59.01,,38.0,-22.9102992,-43.23520487
2012-01-16 15:30:00,UNIDADE MOVEL MARACANA,0.0,29.81,64.21,5.36,29.27,0.19,12.63,41.91,43.05,,40.0,-22.9102992,-43.23520487
2012-01-16 16:30:00,UNIDADE MOVEL MARACANA,0.0,26.9,77.78,4.75,31.67,0.33,23.33,55.02,15.67,,20.0,-22.9102992,-43.23520487
2012-01-16 17:30:00,UNIDADE MOVEL MARACANA,0.0,26.71,77.99,4.33,30.3,0.34,31.66,61.95,11.42,,16.0,-22.9102992,-43.23520487
2012-01-16 18:30:00,UNIDADE MOVEL MARACANA,0.0,25.55,82.42,5.15,39.72,0.37,48.1,87.83,0.45,,13.0,-22.9102992,-43.23520487
2012-01-16 19:30:00,UNIDADE MOVEL MARACANA,0.0,25.2,81.24,6.52,37.58,0.25,48.03,85.62,31.84,,15.0,-22.9102992,-43.23520487
2012-01-16 20:30:00,UNIDADE MOVEL MARACANA,0.0,25.44,75.26,8.54,39.13,0.19,49.75,88.87,6.21,,15.0,-22.9102992,-43.23520487
2012-01-16 21:30:00,UNIDADE MOVEL MARACANA,0.0,25.57,76.78,8.66,38.73,0.34,68.19,106.92,2.26,,15.0,-22.9102992,-43.23520487
2012-01-16 22:30:00,UNIDADE MOVEL MARACANA,0.0,25.7,76.51,7.85,38.46,0.31,57.96,96.41,9.12,,18.0,-22.9102992,-43.23520487
2012-01-16 23:30:00,UNIDADE MOVEL MARACANA,0.0,25.54,77.91,7.37,37.33,0.29,56.9,94.25,3.95,,21.0,-22.9102992,-43.23520487
2012-01-17 00:30:00,UNIDADE MOVEL MARACANA,0.0,25.48,79.4,6.32,35.67,0.25,48.71,84.37,1.92,,12.0,-22.9102992,-43.23520487
2012-01-17 01:30:00,UNIDADE MOVEL MARACANA,0.0,25.15,83.81,3.89,31.68,0.14,33.52,65.19,2.19,,24.0,-22.9102992,-43.23520487
2012-01-17 02:30:00,UNIDADE MOVEL MARACANA,0.0,25.29,83.08,4.49,31.84,0.19,40.75,72.58,2.28,,21.0,-22.9102992,-43.23520487
2012-01-17 03:30:00,UNIDADE MOVEL MARACANA,0.0,25.15,84.68,4.46,29.97,0.25,53.2,83.15,1.28,,33.0,-22.9102992,-43.23520487
2012-01-17 04:30:00,UNIDADE MOVEL MARACANA,0.0,25.18,83.88,5.12,31.27,0.37,57.7,88.97,5.09,,27.0,-22.9102992,-43.23520487
2012-01-17 05:30:00,UNIDADE MOVEL MARACANA,0.0,24.93,85.7,9.45,25.1,0.43,79.92,105.03,5.46,,31.0,-22.9102992,-43.23520487
2012-01-17 06:30:00,UNIDADE MOVEL MARACANA,0.0,25.25,85.54,14.13,27.83,0.57,102.7,130.57,2.06,,25.0,-22.9102992,-43.23520487
2012-01-17 07:30:00,UNIDADE MOVEL MARACANA,0.0,25.89,82.26,18.7,33.51,0.67,96.17,129.67,16.78,,27.0,-22.9102992,-43.23520487
2012-01-17 08:30:00,UNIDADE MOVEL MARACANA,0.0,26.98,77.59,21.74,41.5,0.65,75.42,116.91,8.09,,44.0,-22.9102992,-43.23520487
2012-01-17 09:30:00,UNIDADE MOVEL MARACANA,0.0,27.8,73.6,22.59,51.22,0.54,65.23,116.43,14.32,,67.0,-22.9102992,-43.23520487
2012-01-17 10:30:00,UNIDADE MOVEL MARACANA,0.0,29.17,67.57,18.19,51.21,0.4,46.2,97.35,29.23,,42.0,-22.9102992,-43.23520487
2012-01-17 11:30:00,UNIDADE MOVEL MARACANA,0.0,30.08,63.83,9.97,33.27,0.1,16.76,50.04,58.33,,29.0,-22.9102992,-43.23520487
2012-01-17 12:30:00,UNIDADE MOVEL MARACANA,0.0,30.46,61.53,7.82,28.15,0.06,9.37,37.51,85.88,,21.0,-22.9102992,-43.23520487
2012-01-17 13:30:00,UNIDADE MOVEL MARACANA,0.0,31.52,57.52,6.07,32.12,0.07,10.42,42.53,85.16,,23.0,-22.9102992,-43.23520487
2012-01-17 14:30:00,UNIDADE MOVEL MARACANA,0.0,31.85,56.37,5.2,31.13,0.06,13.13,44.27,66.64,,19.0,-22.9102992,-43.23520487
2012-01-17 15:30:00,UNIDADE MOVEL MARACANA,0.0,31.1,56.32,7.56,31.0,0.02,21.18,52.15,47.43,,19.0,-22.9102992,-43.23520487
2012-01-17 16:30:00,UNIDADE MOVEL MARACANA,0.0,31.21,57.36,7.16,32.26,0.29,31.18,63.42,28.22,,19.0,-22.9102992,-43.23520487
2012-01-17 17:30:00,UNIDADE MOVEL MARACANA,0.0,30.46,56.37,5.05,31.93,0.26,27.13,59.08,22.12,,18.0,-22.9102992,-43.23520487
2012-01-17 18:30:00,UNIDADE MOVEL MARACANA,0.0,30.06,55.98,5.02,37.54,0.36,38.47,76.01,8.71,,17.0,-22.9102992,-43.23520487
2012-01-17 19:30:00,UNIDADE MOVEL MARACANA,0.0,29.72,57.36,5.88,40.01,0.67,69.61,109.63,2.0,,15.0,-22.9102992,-43.23520487
2012-01-17 20:30:00,UNIDADE MOVEL MARACANA,0.0,28.46,65.68,5.54,38.76,0.3,49.63,88.38,1.01,,22.0,-22.9102992,-43.23520487
2012-01-17 21:30:00,UNIDADE MOVEL MARACANA,0.0,27.92,71.53,7.48,41.89,0.29,63.85,105.72,1.69,,14.0,-22.9102992,-43.23520487
2012-01-17 22:30:00,UNIDADE MOVEL MARACANA,0.0,27.16,73.83,7.32,33.66,0.19,39.49,73.16,1.12,,25.0,-22.9102992,-43.23520487
2012-01-17 23:30:00,UNIDADE MOVEL MARACANA,0.0,26.4,76.36,3.16,15.1,0.04,6.29,21.39,21.06,,18.0,-22.9102992,-43.23520487
2012-01-18 00:30:00,UNIDADE MOVEL MARACANA,0.0,26.41,75.33,1.43,9.18,0.02,2.87,12.05,33.51,,15.0,-22.9102992,-43.23520487
2012-01-18 01:30:00,UNIDADE MOVEL MARACANA,0.0,25.91,79.76,4.85,30.99,0.05,13.92,44.9,3.05,,21.0,-22.9102992,-43.23520487
2012-01-18 02:30:00,UNIDADE MOVEL MARACANA,0.0,25.76,81.14,7.48,29.63,0.03,11.16,40.79,4.17,,36.0,-22.9102992,-43.23520487
2012-01-18 03:30:00,UNIDADE MOVEL MARACANA,0.0,25.76,81.36,5.82,28.24,0.03,17.9,46.13,2.47,,24.0,-22.9102992,-43.23520487
2012-01-18 04:30:00,UNIDADE MOVEL MARACANA,0.0,25.64,81.58,7.53,28.52,0.07,29.34,57.9,3.23,,28.0,-22.9102992,-43.23520487
2012-01-18 05:30:00,UNIDADE MOVEL MARACANA,0.0,25.67,81.88,7.84,31.88,0.32,87.93,119.97,0.45,,29.0,-22.9102992,-43.23520487
2012-01-18 06:30:00,UNIDADE MOVEL MARACANA,0.0,26.24,80.43,9.11,31.67,0.49,100.88,132.55,1.05,,28.0,-22.9102992,-43.23520487
2012-01-18 07:30:00,UNIDADE MOVEL MARACANA,0.0,27.24,74.68,10.05,34.92,0.58,76.95,111.88,6.04,,35.0,-22.9102992,-43.23520487
2012-01-18 08:30:00,UNIDADE MOVEL MARACANA,0.0,28.2,72.39,11.31,33.79,0.37,64.26,98.0,10.6,,31.0,-22.9102992,-43.23520487
2012-01-18 09:30:00,UNIDADE MOVEL MARACANA,0.0,28.85,69.03,11.89,35.44,0.33,41.62,77.05,22.68,,57.0,-22.9102992,-43.23520487
2012-01-18 10:30:00,UNIDADE MOVEL MARACANA,0.0,29.96,62.15,9.79,31.89,0.16,22.28,54.17,45.33,,30.0,-22.9102992,-43.23520487
2012-01-18 11:30:00,UNIDADE MOVEL MARACANA,0.0,31.3,57.4,9.49,32.74,0.14,14.5,47.24,67.11,,29.0,-22.9102992,-43.23520487
2012-01-18 12:30:00,UNIDADE MOVEL MARACANA,0.0,31.54,58.16,8.64,30.94,0.13,9.7,40.64,85.24,,36.0,-22.9102992,-43.23520487
2012-01-18 13:30:00,UNIDADE MOVEL MARACANA,0.0,31.62,57.28,5.97,32.4,0.14,17.41,49.79,62.11,,27.0,-22.9102992,-43.23520487
2012-01-18 14:30:00,UNIDADE MOVEL MARACANA,0.0,31.13,57.42,4.71,27.62,0.1,16.88,44.52,52.15,,29.0,-22.9102992,-43.23520487
2012-01-18 15:30:00,UNIDADE MOVEL MARACANA,0.0,31.06,55.38,4.56,28.58,0.12,18.77,47.36,41.32,,22.0,-22.9102992,-43.23520487
2012-01-18 16:30:00,UNIDADE MOVEL MARACANA,0.0,29.93,57.4,3.95,34.37,0.15,17.86,52.23,28.3,,17.0,-22.9102992,-43.23520487
2012-01-18 17:30:00,UNIDADE MOVEL MARACANA,0.0,30.11,55.23,3.16,31.09,0.22,17.49,48.55,32.75,,20.0,-22.9102992,-43.23520487
2012-01-18 18:30:00,UNIDADE MOVEL MARACANA,0.0,28.71,61.55,4.39,47.23,0.35,28.84,76.06,14.55,,15.0,-22.9102992,-43.23520487
2012-01-18 19:30:00,UNIDADE MOVEL MARACANA,0.0,28.23,64.25,5.34,50.81,0.49,48.9,99.72,5.07,,38.0,-22.9102992,-43.23520487
2012-01-18 20:30:00,UNIDADE MOVEL MARACANA,0.0,28.06,67.8,6.41,44.85,0.61,73.57,118.44,2.35,,35.0,-22.9102992,-43.23520487
2012-01-18 21:30:00,UNIDADE MOVEL MARACANA,0.0,27.17,71.83,8.79,44.33,0.34,70.23,114.5,1.0,,27.0,-22.9102992,-43.23520487
2012-01-18 22:30:00,UNIDADE MOVEL MARACANA,0.0,26.69,74.2,12.46,42.97,0.24,68.96,111.93,0.27,,33.0,-22.9102992,-43.23520487
2012-01-18 23:30:00,UNIDADE MOVEL MARACANA,0.0,26.25,76.05,13.3,38.41,0.14,40.33,78.75,4.49,,29.0,-22.9102992,-43.23520487
2012-01-19 00:30:00,UNIDADE MOVEL MARACANA,0.0,25.84,78.4,6.7,30.28,0.14,25.35,55.62,4.28,,26.0,-22.9102992,-43.23520487
2012-01-19 01:30:00,UNIDADE MOVEL MARACANA,0.0,25.62,78.18,3.55,21.36,0.06,9.15,30.51,10.55,,14.0,-22.9102992,-43.23520487
2012-01-19 02:30:00,UNIDADE MOVEL MARACANA,0.0,25.26,80.17,2.76,17.25,0.03,5.21,22.46,19.28,,17.0,-22.9102992,-43.23520487
2012-01-19 03:30:00,UNIDADE MOVEL MARACANA,0.0,25.35,79.88,5.11,21.89,0.04,10.48,32.37,5.03,,20.0,-22.9102992,-43.23520487
2012-01-19 04:30:00,UNIDADE MOVEL MARACANA,0.0,25.33,77.16,6.58,19.52,0.06,22.93,42.44,7.08,,27.0,-22.9102992,-43.23520487
2012-01-19 05:30:00,UNIDADE MOVEL MARACANA,0.0,25.2,74.61,4.33,17.77,0.1,37.49,55.25,2.11,,12.0,-22.9102992,-43.23520487
2012-01-19 06:30:00,UNIDADE MOVEL MARACANA,0.0,25.31,74.66,5.3,19.07,0.2,50.16,69.26,8.28,,19.0,-22.9102992,-43.23520487
2012-01-19 07:30:00,UNIDADE MOVEL MARACANA,0.0,26.05,73.71,7.35,22.56,0.38,63.53,86.06,6.74,,13.0,-22.9102992,-43.23520487
2012-01-19 08:30:00,UNIDADE MOVEL MARACANA,0.0,26.51,74.77,12.27,25.9,0.44,63.2,89.13,5.38,,25.0,-22.9102992,-43.23520487
2012-01-19 09:30:00,UNIDADE MOVEL MARACANA,0.0,27.49,70.39,15.89,27.45,0.15,26.91,54.36,42.11,,34.0,-22.9102992,-43.23520487
2012-01-19 10:30:00,UNIDADE MOVEL MARACANA,0.0,29.86,55.78,13.89,25.41,0.12,15.55,40.96,62.21,,62.0,-22.9102992,-43.23520487
2012-01-19 11:30:00,UNIDADE MOVEL MARACANA,0.0,30.893333333333334,53.163333333333334,12.443333333333333,25.213333333333335,0.11666666666666667,12.510000000000002,37.733333333333334,75.26,,50.333333333333336,-22.9102992,-43.23520487
2012-01-19 12:30:00,UNIDADE MOVEL MARACANA,0.0,31.926666666666666,50.54666666666667,10.996666666666668,25.016666666666666,0.11333333333333333,9.47,34.50666666666667,88.31,,38.66666666666667,-22.9102992,-43.23520487
2012-01-19 13:30:00,UNIDADE MOVEL MARACANA,0.0,32.96,47.93,9.55,24.82,0.11,6.43,31.28,101.36,,27.0,-22.9102992,-43.23520487
2012-01-19 14:30:00,UNIDADE MOVEL MARACANA,0.0,33.35,46.36,7.52,29.96,0.1,14.0,43.96,65.36,,29.0,-22.9102992,-43.23520487
2012-01-19 15:30:00,UNIDADE MOVEL MARACANA,0.0,32.64,49.49,6.27,30.08,0.12,14.72,44.8,56.52,,25.0,-22.9102992,-43.23520487
2012-01-19 16:30:00,UNIDADE MOVEL MARACANA,0.0,30.83,53.77,4.99,24.46,0.1,11.92,36.41,39.69,,18.0,-22.9102992,-43.23520487
2012-01-19 17:30:00,UNIDADE MOVEL MARACANA,0.0,30.33,55.23,5.56,30.18,0.28,28.24,58.48,16.78,,12.0,-22.9102992,-43.23520487
2012-01-19 18:30:00,UNIDADE MOVEL MARACANA,0.0,29.23,61.89,5.25,27.85,0.27,23.25,51.11,25.8,,12.0,-22.9102992,-43.23520487
2012-01-19 19:30:00,UNIDADE MOVEL MARACANA,15.0,25.19,89.29,3.28,34.13,0.26,8.62,42.76,32.88,,18.0,-22.9102992,-43.23520487
2012-01-19 20:30:00,UNIDADE MOVEL MARACANA,0.0,24.73,93.99,2.36,29.03,0.26,9.94,38.98,28.0,,18.0,-22.9102992,-43.23520487
2012-01-19 21:30:00,UNIDADE MOVEL MARACANA,0.0,25.21,90.13,2.75,36.61,0.4,29.16,65.74,19.726666666666667,,18.0,-22.9102992,-43.23520487
2012-01-19 22:30:00,UNIDADE MOVEL MARACANA,0.0,25.51,87.49,3.58,37.74,0.39,35.36,73.11,11.453333333333333,,29.0,-22.9102992,-43.23520487
2012-01-19 23:30:00,UNIDADE MOVEL MARACANA,0.0,25.49,87.36,3.81,35.95,0.43,35.58,71.53,3.18,,32.0,-22.9102992,-43.23520487
2012-01-20 00:30:00,UNIDADE MOVEL MARACANA,0.0,25.37,87.99,3.78,35.09,0.31,23.32,58.41,0.23,,25.0,-22.9102992,-43.23520487
2012-01-20 01:30:00,UNIDADE MOVEL MARACANA,0.0,25.06,88.88,4.12,36.51,0.23,28.13,64.64,0.98,,33.0,-22.9102992,-43.23520487
2012-01-20 02:30:00,UNIDADE MOVEL MARACANA,0.0,24.98,88.49,5.21,34.66,0.15,14.16,48.82,1.08,,34.0,-22.9102992,-43.23520487
2012-01-20 03:30:00,UNIDADE MOVEL MARACANA,0.0,24.87,86.85,6.04,25.87,0.13,11.29,37.16,0.9525,,37.0,-22.9102992,-43.23520487
2012-01-20 04:30:00,UNIDADE MOVEL MARACANA,0.0,24.67,87.73,4.02,25.46,0.12,9.51,34.97,0.825,,29.0,-22.9102992,-43.23520487
2012-01-20 05:30:00,UNIDADE MOVEL MARACANA,0.0,24.67,89.23,7.09,29.67,0.29,47.7,77.27,0.6975,,30.0,-22.9102992,-43.23520487
2012-01-20 06:30:00,UNIDADE MOVEL MARACANA,0.0,25.23,84.93,10.5,24.89,0.45,74.17,98.98,0.57,,32.0,-22.9102992,-43.23520487
2012-01-20 07:30:00,UNIDADE MOVEL MARACANA,0.0,26.0,77.45,10.23,23.42,0.24,43.97,67.34,15.44,,26.0,-22.9102992,-43.23520487
2012-01-20 08:30:00,UNIDADE MOVEL MARACANA,0.0,27.36,72.14,12.18,34.07,0.21,39.76,73.83,13.32,,22.0,-22.9102992,-43.23520487
2012-01-20 09:30:00,UNIDADE MOVEL MARACANA,0.0,29.27,63.41,22.74,44.34,0.17,23.32,67.66,51.81,,31.0,-22.9102992,-43.23520487
2012-01-20 10:30:00,UNIDADE MOVEL MARACANA,0.0,31.45,53.06,22.17,30.22,0.14,5.82,36.05,115.65,,45.0,-22.9102992,-43.23520487
2012-01-20 11:30:00,UNIDADE MOVEL MARACANA,0.0,32.57,49.56,14.91,20.91,0.11,2.78,23.7,115.45,,27.0,-22.9102992,-43.23520487
2012-01-20 12:30:00,UNIDADE MOVEL MARACANA,0.0,33.64,45.05,7.64,18.56,0.06,5.84,24.41,79.4,,18.0,-22.9102992,-43.23520487
2012-01-20 13:30:00,UNIDADE MOVEL MARACANA,0.0,33.43,46.6,9.36,26.3,0.06,7.96,34.27,87.1,,13.0,-22.9102992,-43.23520487
2012-01-20 14:30:00,UNIDADE MOVEL MARACANA,0.0,31.14,57.9,6.15,16.92,0.07,1.94,18.86,121.21,,17.0,-22.9102992,-43.23520487
2012-01-20 15:30:00,UNIDADE MOVEL MARACANA,0.0,30.83,55.03,4.11,11.35,0.05,1.6,12.95,94.04,,12.0,-22.9102992,-43.23520487
2012-01-20 16:30:00,UNIDADE MOVEL MARACANA,0.0,30.95,53.28,3.51,13.19,0.05,2.83,15.99,79.21,,13.0,-22.9102992,-43.23520487
2012-01-20 17:30:00,UNIDADE MOVEL MARACANA,0.0,30.34,53.73,3.33,17.45,0.1,4.89,22.33,54.89,,14.0,-22.9102992,-43.23520487
2012-01-20 18:30:00,UNIDADE MOVEL MARACANA,0.0,30.23,54.15,2.89,20.37,0.07,3.66,24.01,48.77,,11.0,-22.9102992,-43.23520487
2012-01-20 19:30:00,UNIDADE MOVEL MARACANA,0.0,29.71,56.02,2.72,32.81,0.19,14.16,46.98,17.55,,8.0,-22.9102992,-43.23520487
2012-01-20 20:30:00,UNIDADE MOVEL MARACANA,0.0,29.13,61.48,3.21,34.08,0.21,21.71,55.77,8.74,,7.0,-22.9102992,-43.23520487
2012-01-20 21:30:00,UNIDADE MOVEL MARACANA,0.0,27.57,73.7,8.05,38.39,0.17,16.38,54.78,8.86,,15.0,-22.9102992,-43.23520487
2012-01-20 22:30:00,UNIDADE MOVEL MARACANA,0.0,27.19,72.38,8.63,28.24,0.18,35.14,63.38,1.25,,30.0,-22.9102992,-43.23520487
2012-01-20 23:30:00,UNIDADE MOVEL MARACANA,0.0,26.84,72.99,8.85,26.25,0.19,54.21,80.45,0.58,,28.0,-22.9102992,-43.23520487
2012-01-21 00:30:00,UNIDADE MOVEL MARACANA,0.0,26.12,74.82,10.42,22.15,0.08,25.37,47.51,0.43499999999999994,,24.0,-22.9102992,-43.23520487
2012-01-21 01:30:00,UNIDADE MOVEL MARACANA,0.0,25.43,77.55,9.85,21.38,0.06,28.45,49.83,0.29,,21.0,-22.9102992,-43.23520487
2012-01-21 02:30:00,UNIDADE MOVEL MARACANA,0.0,25.25,79.39,9.68,20.56,0.08,32.91,53.45,0.14500000000000002,,17.0,-22.9102992,-43.23520487
2012-01-21 03:30:00,UNIDADE MOVEL MARACANA,0.0,24.88,81.35,12.45,18.67,0.05,49.72,68.4,0.0,,15.0,-22.9102992,-43.23520487
2012-01-21 04:30:00,UNIDADE MOVEL MARACANA,0.0,24.53,81.99,15.8,16.3,0.05,45.31,61.6,1.474,,15.0,-22.9102992,-43.23520487
2012-01-21 05:30:00,UNIDADE MOVEL MARACANA,0.0,24.29,81.46,8.6,14.74,0.07,35.04,49.77,2.948,,16.0,-22.9102992,-43.23520487
2012-01-21 06:30:00,UNIDADE MOVEL MARACANA,0.0,24.9,78.85,7.4,15.55,0.11,50.54,66.06,4.422,,7.0,-22.9102992,-43.23520487
2012-01-21 07:30:00,UNIDADE MOVEL MARACANA,0.0,26.8,71.23,14.76,20.93,0.2,58.6,79.51,5.896,,18.0,-22.9102992,-43.23520487
2012-01-21 08:30:00,UNIDADE MOVEL MARACANA,0.0,28.02,67.55,28.24,26.22,0.13,59.94,86.1,7.37,,24.0,-22.9102992,-43.23520487
2012-01-21 09:30:00,UNIDADE MOVEL MARACANA,0.0,29.59,60.56,31.52,28.77,0.19,35.24,64.01,26.27,,45.0,-22.9102992,-43.23520487
2012-01-21 10:30:00,UNIDADE MOVEL MARACANA,0.0,30.88,51.96,18.91,27.64,0.12,12.71,40.36,69.1,,23.0,-22.9102992,-43.23520487
2012-01-21 11:30:00,UNIDADE MOVEL MARACANA,0.0,31.66,51.54,14.96,23.22,0.11,5.11,28.33,119.26,,22.0,-22.9102992,-43.23520487
2012-01-21 12:30:00,UNIDADE MOVEL MARACANA,0.0,32.54,49.7,17.44,29.36,0.15,5.82,35.18,107.74,,28.0,-22.9102992,-43.23520487
2012-01-21 13:30:00,UNIDADE MOVEL MARACANA,0.0,33.14,47.28,20.98,29.36,0.11,5.08,34.44,114.77,,26.0,-22.9102992,-43.23520487
2012-01-21 14:30:00,UNIDADE MOVEL MARACANA,0.0,33.03,46.71,8.49,21.3,0.07,4.95,26.22,94.79,,27.0,-22.9102992,-43.23520487
2012-01-21 15:30:00,UNIDADE MOVEL MARACANA,0.0,32.78,47.55,7.33,23.12,0.07,6.05,29.18,87.76,,18.0,-22.9102992,-43.23520487
2012-01-21 16:30:00,UNIDADE MOVEL MARACANA,0.0,32.19,48.49,5.06,17.48,0.06,7.12,24.61,61.56,,17.0,-22.9102992,-43.23520487
2012-01-21 17:30:00,UNIDADE MOVEL MARACANA,0.0,31.29,52.96,3.31,11.63,0.04,2.62,14.25,59.98,,9.0,-22.9102992,-43.23520487
2012-01-21 18:30:00,UNIDADE MOVEL MARACANA,0.0,30.49,55.48,2.92,13.87,0.04,3.63,17.5,45.07,,8.0,-22.9102992,-43.23520487
2012-01-21 19:30:00,UNIDADE MOVEL MARACANA,0.0,30.36,55.53,2.27,17.68,0.06,4.62,22.3,31.09,,9.0,-22.9102992,-43.23520487
2012-01-21 20:30:00,UNIDADE MOVEL MARACANA,0.0,30.04,56.64,2.27,25.51,0.12,14.85,40.36,15.21,,7.0,-22.9102992,-43.23520487
2012-01-21 21:30:00,UNIDADE MOVEL MARACANA,0.0,29.25,60.83,5.25,29.22,0.18,30.56,59.79,3.4,,7.0,-22.9102992,-43.23520487
2012-01-21 22:30:00,UNIDADE MOVEL MARACANA,0.0,28.16,65.41,14.66,29.62,0.21,67.89,97.52,1.37,,10.0,-22.9102992,-43.23520487
2012-01-21 23:30:00,UNIDADE MOVEL MARACANA,0.0,27.26,69.73,13.94,23.37,0.14,42.98,66.34,0.66,,20.0,-22.9102992,-43.23520487
2012-01-22 00:30:00,UNIDADE MOVEL MARACANA,0.0,26.45,72.22,10.33,18.15,0.09,25.01,43.17,,,17.0,-22.9102992,-43.23520487
2012-01-22 01:30:00,UNIDADE MOVEL MARACANA,0.0,26.09,73.8,11.28,19.96,0.09,27.51,47.48,,,13.0,-22.9102992,-43.23520487
2012-01-22 02:30:00,UNIDADE MOVEL MARACANA,0.0,25.78,76.76,10.58,21.2,0.08,26.54,47.73,,,14.0,-22.9102992,-43.23520487
2012-01-22 03:30:00,UNIDADE MOVEL MARACANA,0.0,25.41,79.31,11.35,18.88,0.07,25.88,44.75,,,16.0,-22.9102992,-43.23520487
2012-01-22 04:30:00,UNIDADE MOVEL MARACANA,0.0,25.29,80.01,10.19,18.18,0.07,25.66,43.83,,,14.0,-22.9102992,-43.23520487
2012-01-22 05:30:00,UNIDADE MOVEL MARACANA,0.0,25.2,79.87,8.56,18.17,0.12,35.8,53.96,,,12.0,-22.9102992,-43.23520487
2012-01-22 06:30:00,UNIDADE MOVEL MARACANA,0.0,26.01,75.57,8.05,16.98,0.15,34.64,51.63,,,10.0,-22.9102992,-43.23520487
2012-01-22 07:30:00,UNIDADE MOVEL MARACANA,0.0,27.04,71.17,10.17,26.59,0.14,21.95,48.63,39.79,,12.0,-22.9102992,-43.23520487
2012-01-22 08:30:00,UNIDADE MOVEL MARACANA,0.0,28.41,63.34,8.58,14.06,0.09,18.13,32.18,19.41,,25.0,-22.9102992,-43.23520487
2012-01-22 09:30:00,UNIDADE MOVEL MARACANA,0.0,29.43,57.87,7.52,12.87,0.1,9.65,22.52,40.02,,36.0,-22.9102992,-43.23520487
2012-01-22 10:30:00,UNIDADE MOVEL MARACANA,0.0,30.95,51.62,7.25,11.24,0.03,5.14,16.38,62.32,,9.0,-22.9102992,-43.23520487
2012-01-22 11:30:00,UNIDADE MOVEL MARACANA,0.0,32.42,42.52,6.93,12.6,0.04,6.3,18.91,54.6,,10.0,-22.9102992,-43.23520487
2012-01-22 12:30:00,UNIDADE MOVEL MARACANA,0.0,33.15,41.87,4.29,10.63,0.04,5.13,15.77,64.53,,8.0,-22.9102992,-43.23520487
2012-01-22 13:30:00,UNIDADE MOVEL MARACANA,0.0,33.19,45.15,6.44,15.46,0.05,6.0,21.46,74.22,,8.0,-22.9102992,-43.23520487
2012-01-22 14:30:00,UNIDADE MOVEL MARACANA,0.0,33.02,46.62,3.36,12.91,0.04,3.96,16.87,82.37,,16.0,-22.9102992,-43.23520487
2012-01-22 15:30:00,UNIDADE MOVEL MARACANA,0.0,32.66,46.98,3.09,11.91,0.04,4.3,16.21,70.59,,11.0,-22.9102992,-43.23520487
2012-01-22 16:30:00,UNIDADE MOVEL MARACANA,0.0,32.13,50.14,3.39,7.97,0.03,4.51,12.48,49.28,,11.0,-22.9102992,-43.23520487
2012-01-22 17:30:00,UNIDADE MOVEL MARACANA,0.0,31.68,51.8,2.62,7.95,0.02,3.19,11.12,43.6,,6.0,-22.9102992,-43.23520487
2012-01-22 18:30:00,UNIDADE MOVEL MARACANA,0.0,31.13,55.5,2.5,15.33,0.07,7.3,22.63,28.86,,1.0,-22.9102992,-43.23520487
2012-01-22 19:30:00,UNIDADE MOVEL MARACANA,0.0,29.99,59.87,2.91,20.81,0.14,17.38,38.16,13.16,,3.0,-22.9102992,-43.23520487
2012-01-22 20:30:00,UNIDADE MOVEL MARACANA,0.0,29.42,60.99,6.79,20.43,0.14,25.84,46.23,7.46,,10.0,-22.9102992,-43.23520487
2012-01-22 21:30:00,UNIDADE MOVEL MARACANA,0.0,28.8,62.61,15.94,22.74,0.14,38.41,61.16,2.7,,33.0,-22.9102992,-43.23520487
2012-01-22 22:30:00,UNIDADE MOVEL MARACANA,0.0,28.02,65.67,6.08,19.98,0.1,32.6,52.57,3.54,,11.0,-22.9102992,-43.23520487
2012-01-22 23:30:00,UNIDADE MOVEL MARACANA,0.0,27.25,68.48,6.17,17.87,0.09,18.96,36.81,2.5,,11.0,-22.9102992,-43.23520487
2012-01-23 00:30:00,UNIDADE MOVEL MARACANA,0.0,26.74,69.92,5.57,15.13,0.05,12.51,27.64,3.92,,8.0,-22.9102992,-43.23520487
2012-01-23 01:30:00,UNIDADE MOVEL MARACANA,0.0,26.46,71.61,9.85,15.04,0.04,21.48,36.52,2.6133333333333333,,8.0,-22.9102992,-43.23520487
2012-01-23 02:30:00,UNIDADE MOVEL MARACANA,0.0,26.23,72.34,8.8,13.77,0.03,9.94,23.71,1.3066666666666666,,13.0,-22.9102992,-43.23520487
2012-01-23 03:30:00,UNIDADE MOVEL MARACANA,0.0,26.04,73.61,8.88,14.31,0.03,13.75,28.05,0.0,,12.0,-22.9102992,-43.23520487
2012-01-23 04:30:00,UNIDADE MOVEL MARACANA,0.0,25.89,72.28,10.57,15.83,0.06,28.66,44.5,5.42,,9.0,-22.9102992,-43.23520487
2012-01-23 05:30:00,UNIDADE MOVEL MARACANA,0.0,26.2,70.64,10.78,25.98,0.43,129.09,155.07,10.84,,6.0,-22.9102992,-43.23520487
2012-01-23 06:30:00,UNIDADE MOVEL MARACANA,0.0,26.96,68.82,13.02,42.61,0.63,77.99,120.56,6.39,,25.0,-22.9102992,-43.23520487
2012-01-23 07:30:00,UNIDADE MOVEL MARACANA,0.0,28.14,64.7,19.46,30.57,0.41,57.07,87.63,8.41,,19.0,-22.9102992,-43.23520487
2012-01-23 08:30:00,UNIDADE MOVEL MARACANA,0.0,29.52,59.73,17.5,49.94,0.38,53.11,103.02,25.09,,23.0,-22.9102992,-43.23520487
2012-01-23 09:30:00,UNIDADE MOVEL MARACANA,0.0,31.52,53.31,12.65,60.06,0.26,24.01,84.06,60.97,,28.0,-22.9102992,-43.23520487
2012-01-23 10:30:00,UNIDADE MOVEL MARACANA,0.0,32.17,52.68,12.77,41.04,0.19,33.45,74.48,33.05,,17.0,-22.9102992,-43.23520487
2012-01-23 11:30:00,UNIDADE MOVEL MARACANA,0.0,33.07,49.02,15.42,30.74,0.15,10.25,41.0,104.52,,17.0,-22.9102992,-43.23520487
2012-01-23 12:30:00,UNIDADE MOVEL MARACANA,0.0,34.0,42.48,7.69,20.74,0.09,12.36,33.06,69.86,,22.0,-22.9102992,-43.23520487
2012-01-23 13:30:00,UNIDADE MOVEL MARACANA,0.0,34.75,40.47,8.03,27.65,0.11,13.51,41.15,65.15,,9.0,-22.9102992,-43.23520487
2012-01-23 14:30:00,UNIDADE MOVEL MARACANA,0.0,34.19,42.6,6.34,25.12,0.08,16.66,41.78,53.46,,10.0,-22.9102992,-43.23520487
2012-01-23 15:30:00,UNIDADE MOVEL MARACANA,0.0,33.75,44.88,5.44,24.43,0.08,16.54,40.99,45.8,,12.0,-22.9102992,-43.23520487
2012-01-23 16:30:00,UNIDADE MOVEL MARACANA,0.0,33.7,44.92,5.47,24.49,0.12,22.97,47.55,31.11,,12.0,-22.9102992,-43.23520487
2012-01-23 17:30:00,UNIDADE MOVEL MARACANA,,32.98,47.02,5.01,20.11,0.11,14.03,34.12,32.15,,9.0,-22.9102992,-43.23520487
2012-01-23 18:30:00,UNIDADE MOVEL MARACANA,,31.94,51.03,4.96,27.07,0.24,24.84,51.89,17.13,,8.0,-22.9102992,-43.23520487
2012-01-23 19:30:00,UNIDADE MOVEL MARACANA,,31.02,53.78,6.04,27.06,0.18,34.26,61.39,5.97,,11.0,-22.9102992,-43.23520487
2012-01-23 20:30:00,UNIDADE MOVEL MARACANA,,30.12,58.2,9.8,27.88,0.18,38.55,66.52,1.5,,16.0,-22.9102992,-43.23520487
2012-01-23 21:30:00,UNIDADE MOVEL MARACANA,,28.96,63.84,9.67,25.61,0.14,37.65,63.26,1.11,,16.0,-22.9102992,-43.23520487
2012-01-23 22:30:00,UNIDADE MOVEL MARACANA,,28.47,66.14,10.29,25.34,0.14,52.81,78.14,0.67,,14.0,-22.9102992,-43.23520487
2012-01-23 23:30:00,UNIDADE MOVEL MARACANA,,27.9,66.82,9.26,22.28,0.08,35.27,57.55,0.54,,18.0,-22.9102992,-43.23520487
2012-01-24 00:30:00,UNIDADE MOVEL MARACANA,,27.27,68.39,6.96,19.46,0.04,19.44,38.91,1.23,,11.0,-22.9102992,-43.23520487
2012-01-24 01:30:00,UNIDADE MOVEL MARACANA,,26.82,68.95,5.3,15.37,0.03,10.96,26.33,,,8.0,-22.9102992,-43.23520487
2012-01-24 02:30:00,UNIDADE MOVEL MARACANA,,26.64,68.57,9.65,13.7,0.02,6.8,20.51,,,9.0,-22.9102992,-43.23520487
2012-01-24 03:30:00,UNIDADE MOVEL MARACANA,,26.54,68.87,6.98,16.39,0.03,12.17,28.56,,,12.0,-22.9102992,-43.23520487
2012-01-24 04:30:00,UNIDADE MOVEL MARACANA,,26.33,69.1,9.01,16.59,0.05,23.03,39.62,,,12.0,-22.9102992,-43.23520487
2012-01-24 05:30:00,UNIDADE MOVEL MARACANA,,26.25,69.82,12.28,19.94,0.4,104.93,124.78,,,17.0,-22.9102992,-43.23520487
2012-01-24 06:30:00,UNIDADE MOVEL MARACANA,,27.64,64.77,15.54,22.62,0.65,143.37,165.99,,,22.0,-22.9102992,-43.23520487
2012-01-24 07:30:00,UNIDADE MOVEL MARACANA,,29.91,56.39,15.97,57.38,0.92,76.79,134.16,,,25.0,-22.9102992,-43.23520487
2012-01-24 08:30:00,UNIDADE MOVEL MARACANA,,31.44,49.31,8.76,35.49,0.34,39.0,74.49,18.01,,38.0,-22.9102992,-43.23520487
2012-01-24 09:30:00,UNIDADE MOVEL MARACANA,,32.41,45.77,10.14,35.43,0.17,22.53,57.96,37.48,,24.0,-22.9102992,-43.23520487
2012-01-24 10:30:00,UNIDADE MOVEL MARACANA,,33.1,44.74,14.81,35.34,0.21,29.21,64.54,33.76,,24.0,-22.9102992,-43.23520487
2012-01-24 11:30:00,UNIDADE MOVEL MARACANA,,34.15,37.16,7.44,19.6,0.1,19.68,39.23,38.48,,16.0,-22.9102992,-43.23520487
2012-01-24 12:30:00,UNIDADE MOVEL MARACANA,,34.96,34.68,4.82,15.11,0.05,15.75,30.71,46.05,,8.0,-22.9102992,-43.23520487
2012-01-24 13:30:00,UNIDADE MOVEL MARACANA,,34.87,39.59,3.92,23.57,0.08,19.46,43.01,43.92,,10.0,-22.9102992,-43.23520487
2012-01-24 14:30:00,UNIDADE MOVEL MARACANA,,34.34,41.19,3.9,23.21,0.08,18.17,41.38,39.42,,13.0,-22.9102992,-43.23520487
2012-01-24 15:30:00,UNIDADE MOVEL MARACANA,,34.58,40.53,3.77,24.34,0.11,19.04,43.44,38.55,,11.0,-22.9102992,-43.23520487
2012-01-24 16:30:00,UNIDADE MOVEL MARACANA,,34.53,40.22,3.81,26.23,0.13,20.64,46.8,36.14,,16.0,-22.9102992,-43.23520487
2012-01-24 17:30:00,UNIDADE MOVEL MARACANA,,33.66,43.37,4.06,25.66,0.16,16.3,41.95,36.42,,9.0,-22.9102992,-43.23520487
2012-01-24 18:30:00,UNIDADE MOVEL MARACANA,,32.73,48.07,3.89,28.14,0.19,16.02,44.15,22.08,,11.0,-22.9102992,-43.23520487
2012-01-24 19:30:00,UNIDADE MOVEL MARACANA,,31.8,52.03,4.12,30.14,0.21,23.27,53.41,6.7,,18.0,-22.9102992,-43.23520487
2012-01-24 20:30:00,UNIDADE MOVEL MARACANA,,31.11,53.59,4.01,25.55,0.2,26.89,52.43,5.24,,13.0,-22.9102992,-43.23520487
2012-01-24 21:30:00,UNIDADE MOVEL MARACANA,,30.34,57.0,10.91,28.5,0.25,65.73,94.21,1.3,,10.0,-22.9102992,-43.23520487
2012-01-24 22:30:00,UNIDADE MOVEL MARACANA,,29.33,61.19,14.37,24.96,0.18,71.81,96.73,0.14,,16.0,-22.9102992,-43.23520487
2012-01-24 23:30:00,UNIDADE MOVEL MARACANA,,28.78,63.03,15.35,23.21,0.14,60.72,83.91,0.75,,16.0,-22.9102992,-43.23520487
2012-01-25 00:30:00,UNIDADE MOVEL MARACANA,,28.31,63.8,24.91,21.34,0.08,62.78,84.13,1.1,,24.0,-22.9102992,-43.23520487
2012-01-25 01:30:00,UNIDADE MOVEL MARACANA,,27.94,66.01,30.56,20.66,0.14,70.5,91.15,1.11,,27.0,-22.9102992,-43.23520487
2012-01-25 02:30:00,UNIDADE MOVEL MARACANA,,27.58,66.78,26.07,19.53,0.09,66.11,85.67,,,22.0,-22.9102992,-43.23520487
2012-01-25 03:30:00,UNIDADE MOVEL MARACANA,,27.37,65.29,15.43,17.9,0.05,31.88,49.79,,,27.0,-22.9102992,-43.23520487
2012-01-25 04:30:00,UNIDADE MOVEL MARACANA,,27.25,66.42,10.25,18.06,0.15,61.55,79.63,,,13.0,-22.9102992,-43.23520487
2012-01-25 05:30:00,UNIDADE MOVEL MARACANA,,27.77,63.39,14.78,21.23,0.48,108.36,129.58,,,20.0,-22.9102992,-43.23520487
2012-01-25 06:30:00,UNIDADE MOVEL MARACANA,,29.15,57.2,10.83,20.32,0.36,58.33,78.67,,,20.0,-22.9102992,-43.23520487
2012-01-25 07:30:00,UNIDADE MOVEL MARACANA,,30.51,51.27,9.35,23.23,0.23,37.35,60.57,9.48,,15.0,-22.9102992,-43.23520487
2012-01-25 08:30:00,UNIDADE MOVEL MARACANA,,31.85,45.52,8.55,30.37,0.22,30.55,60.87,29.72,,29.0,-22.9102992,-43.23520487
2012-01-25 09:30:00,UNIDADE MOVEL MARACANA,,32.95,41.26,5.95,21.05,0.12,24.75,45.78,33.52,,20.0,-22.9102992,-43.23520487
2012-01-25 10:30:00,UNIDADE MOVEL MARACANA,0.0,34.13,38.9,5.67,18.51,0.09,17.66,36.13,40.77,,18.0,-22.9102992,-43.23520487
2012-01-25 11:30:00,UNIDADE MOVEL MARACANA,0.0,34.36,38.46,5.22,12.41,0.06,13.06,25.41,42.68,,16.0,-22.9102992,-43.23520487
2012-01-25 12:30:00,UNIDADE MOVEL MARACANA,0.0,35.22,36.1,6.16,14.43,0.06,15.49,29.95,39.12,,8.0,-22.9102992,-43.23520487
2012-01-25 13:30:00,UNIDADE MOVEL MARACANA,0.0,36.24,33.54,6.41,18.32,0.05,18.04,36.35,36.2,,6.0,-22.9102992,-43.23520487
2012-01-25 14:30:00,UNIDADE MOVEL MARACANA,0.0,36.77,32.34,7.15,19.19,0.05,16.86,36.04,40.55,,6.0,-22.9102992,-43.23520487
2012-01-25 15:30:00,UNIDADE MOVEL MARACANA,0.0,37.24,30.61,6.08,21.16,0.06,24.32,45.45,32.68,,8.0,-22.9102992,-43.23520487
2012-01-25 16:30:00,UNIDADE MOVEL MARACANA,0.0,36.52,33.5,6.8,29.56,0.13,27.45,56.95,31.18,,7.0,-22.9102992,-43.23520487
2012-01-25 17:30:00,UNIDADE MOVEL MARACANA,0.0,34.65,38.72,5.84,29.92,0.14,16.38,46.29,31.23,,7.0,-22.9102992,-43.23520487
2012-01-25 18:30:00,UNIDADE MOVEL MARACANA,0.0,33.63,40.75,5.37,31.34,0.19,19.24,50.58,25.98,,6.0,-22.9102992,-43.23520487
2012-01-25 19:30:00,UNIDADE MOVEL MARACANA,0.0,33.16,44.05,4.31,22.76,0.08,9.0,31.76,26.86,,16.0,-22.9102992,-43.23520487
2012-01-25 20:30:00,UNIDADE MOVEL MARACANA,0.0,33.03,43.89,3.93,26.77,0.11,10.47,37.25,19.66,,12.0,-22.9102992,-43.23520487
2012-01-25 21:30:00,UNIDADE MOVEL MARACANA,0.0,32.66,45.97,5.12,33.05,0.18,32.16,65.24,5.25,,11.0,-22.9102992,-43.23520487
2012-01-25 22:30:00,UNIDADE MOVEL MARACANA,0.0,31.86,51.48,12.62,35.58,0.26,58.39,93.99,1.66,,11.0,-22.9102992,-43.23520487
2012-01-25 23:30:00,UNIDADE MOVEL MARACANA,0.0,31.21,53.81,20.67,35.07,0.22,72.16,107.32,3.38,,20.0,-22.9102992,-43.23520487
2012-01-26 00:30:00,UNIDADE MOVEL MARACANA,0.0,30.54,58.11,28.81,35.33,0.24,90.39,125.8,1.04,,29.0,-22.9102992,-43.23520487
2012-01-26 01:30:00,UNIDADE MOVEL MARACANA,0.0,30.0,60.93,32.88,33.66,0.1,117.74,151.44,2.47,,27.0,-22.9102992,-43.23520487
2012-01-26 02:30:00,UNIDADE MOVEL MARACANA,0.0,30.32,57.88,13.24,29.84,0.07,34.51,64.34,0.58,,38.0,-22.9102992,-43.23520487
2012-01-26 03:30:00,UNIDADE MOVEL MARACANA,0.0,29.77,60.67,17.45,29.58,0.07,100.19,129.77,0.66,,26.0,-22.9102992,-43.23520487
2012-01-26 04:30:00,UNIDADE MOVEL MARACANA,0.0,28.87,62.5,26.34,31.31,0.1,98.0,129.35,1.3,,38.0,-22.9102992,-43.23520487
2012-01-26 05:30:00,UNIDADE MOVEL MARACANA,0.0,28.48,63.96,16.98,31.61,0.26,122.24,153.83,1.17,,31.0,-22.9102992,-43.23520487
2012-01-26 06:30:00,UNIDADE MOVEL MARACANA,0.0,28.22,67.7,24.33,30.73,0.37,122.31,153.02,1.29,,43.0,-22.9102992,-43.23520487
2012-01-26 07:30:00,UNIDADE MOVEL MARACANA,0.0,29.67,62.62,29.52,39.87,0.68,122.31,162.2,2.5,,41.0,-22.9102992,-43.23520487
2012-01-26 08:30:00,UNIDADE MOVEL MARACANA,0.0,31.39,53.47,13.38,34.71,0.23,35.77,70.46,24.96,,55.0,-22.9102992,-43.23520487
2012-01-26 09:30:00,UNIDADE MOVEL MARACANA,0.0,31.36,53.38,6.04,16.2,0.06,14.39,30.59,46.92,,24.0,-22.9102992,-43.23520487
2012-01-26 10:30:00,UNIDADE MOVEL MARACANA,0.0,29.83,60.2,3.84,12.46,0.01,4.96,17.41,63.09,,16.0,-22.9102992,-43.23520487
2012-01-26 11:30:00,UNIDADE MOVEL MARACANA,0.0,29.81,59.68,2.67,9.39,0.01,3.09,12.48,68.43,,12.0,-22.9102992,-43.23520487
2012-01-26 12:30:00,UNIDADE MOVEL MARACANA,0.0,30.99,56.15,2.31,9.01,0.01,3.48,12.49,65.32,,10.0,-22.9102992,-43.23520487
2012-01-26 13:30:00,UNIDADE MOVEL MARACANA,0.0,30.94,54.44,2.39,7.44,0.01,2.77,10.21,65.85,,8.0,-22.9102992,-43.23520487
2012-01-26 14:30:00,UNIDADE MOVEL MARACANA,0.0,30.62,56.26,2.59,8.5,0.02,3.69,12.2,61.03,,11.0,-22.9102992,-43.23520487
2012-01-26 15:30:00,UNIDADE MOVEL MARACANA,0.0,29.19,64.0,2.42,7.73,0.05,2.85,10.58,58.88,,11.0,-22.9102992,-43.23520487
2012-01-26 16:30:00,UNIDADE MOVEL MARACANA,0.0,28.07,69.39,2.25,10.89,0.09,5.51,16.39,48.11,,6.0,-22.9102992,-43.23520487
2012-01-26 17:30:00,UNIDADE MOVEL MARACANA,0.0,27.68,67.83,2.0,9.81,0.07,2.39,12.2,10.05,,9.0,-22.9102992,-43.23520487
2012-01-26 18:30:00,UNIDADE MOVEL MARACANA,0.0,26.78,72.03,1.55,8.06,0.05,2.31,10.38,42.95,,9.0,-22.9102992,-43.23520487
2012-01-26 19:30:00,UNIDADE MOVEL MARACANA,0.0,25.94,80.11,1.84,15.44,0.13,10.19,25.63,30.53,,3.0,-22.9102992,-43.23520487
2012-01-26 20:30:00,UNIDADE MOVEL MARACANA,0.0,25.04,84.25,1.35,15.13,0.11,11.57,26.7,22.23,,4.0,-22.9102992,-43.23520487
2012-01-26 21:30:00,UNIDADE MOVEL MARACANA,0.0,24.72,79.84,1.09,9.39,0.07,4.54,13.94,25.31,,5.0,-22.9102992,-43.23520487
2012-01-26 22:30:00,UNIDADE MOVEL MARACANA,0.0,24.43,78.27,0.99,5.48,0.04,2.37,7.85,40.92,,6.0,-22.9102992,-43.23520487
2012-01-26 23:30:00,UNIDADE MOVEL MARACANA,0.0,24.06,79.06,1.03,5.46,0.04,1.72,7.18,35.28,,6.0,-22.9102992,-43.23520487
2012-01-27 00:30:00,UNIDADE MOVEL MARACANA,1.0,23.27,86.12,0.71,6.77,0.05,2.12,8.9,40.0,,5.0,-22.9102992,-43.23520487
2012-01-27 01:30:00,UNIDADE MOVEL MARACANA,0.0,23.12,86.14,0.62,5.13,0.04,1.16,6.3,35.81,,3.0,-22.9102992,-43.23520487
2012-01-27 02:30:00,UNIDADE MOVEL MARACANA,0.0,23.52,76.71,0.28,4.24,0.04,1.83,6.06,37.72,,2.0,-22.9102992,-43.23520487
2012-01-27 03:30:00,UNIDADE MOVEL MARACANA,0.0,23.15,79.12,0.31,8.13,0.04,3.63,11.77,34.28,,4.0,-22.9102992,-43.23520487
2012-01-27 04:30:00,UNIDADE MOVEL MARACANA,0.0,22.96,82.53,0.13,13.09,0.08,11.7,24.77,33.84,,5.0,-22.9102992,-43.23520487
2012-01-27 05:30:00,UNIDADE MOVEL MARACANA,0.0,23.0,83.14,0.66,21.91,0.26,30.32,52.17,9.43,,6.0,-22.9102992,-43.23520487
2012-01-27 06:30:00,UNIDADE MOVEL MARACANA,0.0,23.36,81.62,2.16,31.88,0.55,69.75,101.52,3.54,,6.0,-22.9102992,-43.23520487
2012-01-27 07:30:00,UNIDADE MOVEL MARACANA,0.0,23.18,83.27,4.3,31.32,0.66,59.34,90.7,2.42,,18.0,-22.9102992,-43.23520487
2012-01-27 08:30:00,UNIDADE MOVEL MARACANA,0.0,23.89,79.55,4.21,28.88,0.91,67.65,96.53,11.91,,7.0,-22.9102992,-43.23520487
2012-01-27 09:30:00,UNIDADE MOVEL MARACANA,0.0,23.53,82.27,5.66,49.62,0.8,94.59,144.23,6.84,,8.0,-22.9102992,-43.23520487
2012-01-27 10:30:00,UNIDADE MOVEL MARACANA,0.0,22.96,87.31,5.05,57.62,0.59,55.14,112.68,9.94,,21.0,-22.9102992,-43.23520487
2012-01-27 11:30:00,UNIDADE MOVEL MARACANA,0.0,23.06,86.16,6.17,38.21,0.49,58.91,97.14,4.54,,28.0,-22.9102992,-43.23520487
2012-01-27 12:30:00,UNIDADE MOVEL MARACANA,0.0,22.79,89.13,4.09,32.12,0.72,51.0,83.06,6.87,,16.0,-22.9102992,-43.23520487
2012-01-27 13:30:00,UNIDADE MOVEL MARACANA,0.0,23.42,86.83,4.41,36.53,1.03,82.87,119.15,9.09,,12.0,-22.9102992,-43.23520487
2012-01-27 14:30:00,UNIDADE MOVEL MARACANA,3.0,22.81,88.6,4.29,27.94,0.71,53.25,81.12,4.61,,19.0,-22.9102992,-43.23520487
2012-01-27 15:30:00,UNIDADE MOVEL MARACANA,0.0,23.07,88.18,3.34,28.87,0.66,51.44,80.29,5.67,,14.0,-22.9102992,-43.23520487
2012-01-27 16:30:00,UNIDADE MOVEL MARACANA,0.0,23.43,86.94,4.78,42.52,1.33,87.58,130.03,2.47,,13.0,-22.9102992,-43.23520487
2012-01-27 17:30:00,UNIDADE MOVEL MARACANA,1.0,22.99,89.19,5.41,37.74,1.16,92.7,130.44,4.15,,27.0,-22.9102992,-43.23520487
2012-01-27 18:30:00,UNIDADE MOVEL MARACANA,1.0,22.5,93.39,6.19,32.79,1.15,111.94,144.76,3.33,,28.0,-22.9102992,-43.23520487
2012-01-27 19:30:00,UNIDADE MOVEL MARACANA,7.0,22.08,95.13,4.56,26.75,0.81,69.28,96.06,1.91,,19.0,-22.9102992,-43.23520487
2012-01-27 20:30:00,UNIDADE MOVEL MARACANA,0.0,22.23,96.02,4.79,27.73,0.97,100.82,128.55,8.86,,8.0,-22.9102992,-43.23520487
2012-01-27 21:30:00,UNIDADE MOVEL MARACANA,3.0,22.29,96.08,4.45,25.08,0.72,91.97,116.96,8.81,,10.0,-22.9102992,-43.23520487
2012-01-27 22:30:00,UNIDADE MOVEL MARACANA,2.0,22.11,96.67,4.83,29.62,0.58,117.14,146.78,0.11,,16.0,-22.9102992,-43.23520487
2012-01-27 23:30:00,UNIDADE MOVEL MARACANA,1.0,22.14,97.12,4.45,25.36,0.51,89.25,114.62,3.04,,23.0,-22.9102992,-43.23520487
2012-01-28 00:30:00,UNIDADE MOVEL MARACANA,2.0,21.96,97.06,2.42,17.48,0.08,31.38,48.84,8.2,,19.0,-22.9102992,-43.23520487
2012-01-28 01:30:00,UNIDADE MOVEL MARACANA,6.0,20.51,96.94,1.57,10.33,0.04,20.36,30.69,6.01,,6.0,-22.9102992,-43.23520487
2012-01-28 02:30:00,UNIDADE MOVEL MARACANA,2.0,19.34,95.56,0.51,15.95,0.01,11.99,27.92,17.73,,6.0,-22.9102992,-43.23520487
2012-01-28 03:30:00,UNIDADE MOVEL MARACANA,1.0,19.61,93.95,0.29,10.96,0.01,6.06,17.01,19.3,,4.0,-22.9102992,-43.23520487
2012-01-28 04:30:00,UNIDADE MOVEL MARACANA,0.0,20.01,91.5,0.42,19.3,0.01,12.78,32.08,19.2,,3.0,-22.9102992,-43.23520487
2012-01-28 05:30:00,UNIDADE MOVEL MARACANA,0.0,20.31,89.56,0.53,23.6,0.08,23.98,47.65,8.04,,4.0,-22.9102992,-43.23520487
2012-01-28 06:30:00,UNIDADE MOVEL MARACANA,0.0,20.51,89.22,1.71,49.57,0.17,59.81,109.28,3.06,,3.0,-22.9102992,-43.23520487
2012-01-28 07:30:00,UNIDADE MOVEL MARACANA,1.0,20.61,89.54,0.96,29.22,0.03,24.08,53.31,4.63,,6.0,-22.9102992,-43.23520487
2012-01-28 08:30:00,UNIDADE MOVEL MARACANA,3.0,20.43,92.23,1.29,26.38,0.04,23.84,50.2,9.16,,10.0,-22.9102992,-43.23520487
2012-01-28 09:30:00,UNIDADE MOVEL MARACANA,0.0,21.2,91.33,1.4,19.03,0.12,24.18,43.22,10.21,,7.0,-22.9102992,-43.23520487
2012-01-28 10:30:00,UNIDADE MOVEL MARACANA,0.0,22.73,82.16,1.36,20.02,0.06,23.33,43.22,27.77,,7.0,-22.9102992,-43.23520487
2012-01-28 11:30:00,UNIDADE MOVEL MARACANA,0.0,24.41,75.04,1.94,22.13,0.11,31.64,53.78,18.91,,9.0,-22.9102992,-43.23520487
2012-01-28 12:30:00,UNIDADE MOVEL MARACANA,0.0,25.42,71.95,3.33,31.07,0.12,36.55,67.61,14.38,,11.0,-22.9102992,-43.23520487
2012-01-28 13:30:00,UNIDADE MOVEL MARACANA,0.0,25.14,73.94,5.39,35.55,0.13,27.38,62.91,19.84,,21.0,-22.9102992,-43.23520487
2012-01-28 14:30:00,UNIDADE MOVEL MARACANA,0.0,24.03,77.8,2.41,23.27,0.08,11.56,34.83,28.42,,18.0,-22.9102992,-43.23520487
2012-01-28 15:30:00,UNIDADE MOVEL MARACANA,0.0,23.09,80.23,1.18,17.88,0.06,8.92,26.79,25.62,,7.0,-22.9102992,-43.23520487
2012-01-28 16:30:00,UNIDADE MOVEL MARACANA,0.0,22.23,85.33,0.84,18.18,0.07,13.07,31.25,22.23,,7.0,-22.9102992,-43.23520487
2012-01-28 17:30:00,UNIDADE MOVEL MARACANA,0.0,22.03,88.32,0.78,29.45,0.12,26.32,55.72,11.17,,9.0,-22.9102992,-43.23520487
2012-01-28 18:30:00,UNIDADE MOVEL MARACANA,0.0,21.97,91.63,1.44,39.14,0.27,38.63,77.7,10.56,,10.0,-22.9102992,-43.23520487
2012-01-28 19:30:00,UNIDADE MOVEL MARACANA,0.0,21.9,90.31,1.56,29.93,0.19,38.9,68.84,0.87,,12.0,-22.9102992,-43.23520487
2012-01-28 20:30:00,UNIDADE MOVEL MARACANA,0.0,21.98,89.61,1.41,28.31,0.21,43.38,71.68,5.71,,14.0,-22.9102992,-43.23520487
2012-01-28 21:30:00,UNIDADE MOVEL MARACANA,0.0,22.22,86.8,1.13,26.72,0.22,42.38,69.05,9.09,,11.0,-22.9102992,-43.23520487
2012-01-28 22:30:00,UNIDADE MOVEL MARACANA,0.0,22.37,85.27,1.55,27.64,0.29,52.59,80.23,20.98,,8.0,-22.9102992,-43.23520487
2012-01-28 23:30:00,UNIDADE MOVEL MARACANA,0.0,22.31,85.64,1.56,25.23,0.24,41.19,66.35,5.65,,18.0,-22.9102992,-43.23520487
2012-01-29 00:30:00,UNIDADE MOVEL MARACANA,0.0,22.26,85.26,1.63,20.43,0.2,28.04,48.41,4.87,,10.0,-22.9102992,-43.23520487
2012-01-29 01:30:00,UNIDADE MOVEL MARACANA,0.0,22.27,85.36,2.09,20.6,0.21,35.07,55.66,4.09,,7.0,-22.9102992,-43.23520487
2012-01-29 02:30:00,UNIDADE MOVEL MARACANA,0.0,22.06,87.39,1.79,24.32,0.12,35.77,60.09,6.17,,5.0,-22.9102992,-43.23520487
2012-01-29 03:30:00,UNIDADE MOVEL MARACANA,0.0,21.74,89.73,5.09,27.23,0.1,49.13,76.43,0.24,,7.0,-22.9102992,-43.23520487
2012-01-29 04:30:00,UNIDADE MOVEL MARACANA,0.0,21.76,90.14,9.74,25.89,0.1,49.97,75.81,4.25,,16.0,-22.9102992,-43.23520487
2012-01-29 05:30:00,UNIDADE MOVEL MARACANA,0.0,21.91,89.42,8.39,22.98,0.17,41.38,64.37,1.05,,21.0,-22.9102992,-43.23520487
2012-01-29 06:30:00,UNIDADE MOVEL MARACANA,1.0,21.83,88.47,5.63,21.69,0.2,39.76,61.41,1.6800000000000002,,20.0,-22.9102992,-43.23520487
2012-01-29 07:30:00,UNIDADE MOVEL MARACANA,9.0,20.98,94.47,3.83,19.59,0.23,35.82,55.39,2.31,,11.0,-22.9102992,-43.23520487
2012-01-29 08:30:00,UNIDADE MOVEL MARACANA,0.0,21.68,95.12,2.97,17.75,0.16,27.42,45.16,8.74,,10.0,-22.9102992,-43.23520487
2012-01-29 09:30:00,UNIDADE MOVEL MARACANA,0.0,22.04,91.95,2.69,17.11,0.18,20.73,37.89,12.07,,11.0,-22.9102992,-43.23520487
2012-01-29 10:30:00,UNIDADE MOVEL MARACANA,0.0,22.74,87.31,2.28,27.82,0.17,34.35,62.16,7.25,,16.0,-22.9102992,-43.23520487
2012-01-29 11:30:00,UNIDADE MOVEL MARACANA,0.0,22.63,87.57,7.98,34.66,0.24,72.31,106.93,2.73,,12.0,-22.9102992,-43.23520487
2012-01-29 12:30:00,UNIDADE MOVEL MARACANA,9.0,21.64,92.72,12.7,34.16,0.25,70.12,104.31,6.3,,26.0,-22.9102992,-43.23520487
2012-01-29 13:30:00,UNIDADE MOVEL MARACANA,0.0,22.21,93.36,8.79,30.33,0.25,57.67,88.0,4.0,,22.0,-22.9102992,-43.23520487
2012-01-29 14:30:00,UNIDADE MOVEL MARACANA,1.0,22.2,90.63,8.74,35.61,0.23,58.59,94.36,4.03,,16.0,-22.9102992,-43.23520487
2012-01-29 15:30:00,UNIDADE MOVEL MARACANA,0.0,22.68,89.59,9.02,29.6,0.13,32.13,61.73,12.66,,24.0,-22.9102992,-43.23520487
2012-01-29 16:30:00,UNIDADE MOVEL MARACANA,0.0,23.02,84.22,7.4,43.23,0.31,29.76,72.98,21.46,,17.0,-22.9102992,-43.23520487
2012-01-29 17:30:00,UNIDADE MOVEL MARACANA,0.0,22.71,85.19,6.03,36.14,0.37,43.08,79.18,9.47,,17.0,-22.9102992,-43.23520487
2012-01-29 18:30:00,UNIDADE MOVEL MARACANA,0.0,22.46,86.23,5.87,27.53,0.31,48.54,76.03,3.57,,20.0,-22.9102992,-43.23520487
2012-01-29 19:30:00,UNIDADE MOVEL MARACANA,0.0,22.26,87.91,6.0,26.7,0.33,55.64,82.33,1.23,,14.0,-22.9102992,-43.23520487
2012-01-29 20:30:00,UNIDADE MOVEL MARACANA,0.0,21.98,89.5,5.79,26.67,0.38,61.05,87.75,5.03,,14.0,-22.9102992,-43.23520487
2012-01-29 21:30:00,UNIDADE MOVEL MARACANA,0.0,21.91,88.06,6.33,22.97,0.16,48.38,71.35,7.43,,15.0,-22.9102992,-43.23520487
2012-01-29 22:30:00,UNIDADE MOVEL MARACANA,0.0,21.87,87.69,9.16,21.12,0.12,49.16,70.28,3.5,,13.0,-22.9102992,-43.23520487
2012-01-29 23:30:00,UNIDADE MOVEL MARACANA,0.0,21.8,88.06,8.52,25.05,0.12,29.48,54.53,4.34,,15.0,-22.9102992,-43.23520487
2012-01-30 00:30:00,UNIDADE MOVEL MARACANA,0.0,21.71,88.95,6.92,22.68,0.26,50.95,73.62,5.18,,13.0,-22.9102992,-43.23520487
2012-01-30 01:30:00,UNIDADE MOVEL MARACANA,0.0,21.26,90.39,6.79,19.27,0.24,54.96,74.22,6.02,,17.0,-22.9102992,-43.23520487
2012-01-30 02:30:00,UNIDADE MOVEL MARACANA,0.0,21.03,91.85,5.56,14.73,0.28,59.22,73.95,2.52,,16.0,-22.9102992,-43.23520487
2012-01-30 03:30:00,UNIDADE MOVEL MARACANA,0.0,20.99,93.48,5.03,14.44,0.32,62.78,77.22,2.8,,11.0,-22.9102992,-43.23520487
2012-01-30 04:30:00,UNIDADE MOVEL MARACANA,0.0,21.2,93.32,4.57,15.68,0.1,45.58,61.26,5.76,,19.0,-22.9102992,-43.23520487
2012-01-30 05:30:00,UNIDADE MOVEL MARACANA,0.0,21.46,91.12,7.02,17.71,0.47,96.88,114.6,16.45,,12.0,-22.9102992,-43.23520487
2012-01-30 06:30:00,UNIDADE MOVEL MARACANA,0.0,21.98,88.5,8.02,17.24,0.47,92.13,109.38,4.78,,24.0,-22.9102992,-43.23520487
2012-01-30 07:30:00,UNIDADE MOVEL MARACANA,0.0,22.71,84.31,12.89,22.33,1.14,165.63,187.97,3.72,,22.0,-22.9102992,-43.23520487
2012-01-30 08:30:00,UNIDADE MOVEL MARACANA,0.0,23.3,82.02,13.11,85.98,0.94,68.62,154.59,6.3125,,30.0,-22.9102992,-43.23520487
2012-01-30 09:30:00,UNIDADE MOVEL MARACANA,0.0,24.46,77.37,11.04,91.42,1.12,57.4,148.76,8.905,,39.0,-22.9102992,-43.23520487
2012-01-30 10:30:00,UNIDADE MOVEL MARACANA,0.0,25.55,71.45,9.93,72.265,0.38,41.235,113.44999999999999,11.497499999999999,,56.0,-22.9102992,-43.23520487
2012-01-30 11:30:00,UNIDADE MOVEL MARACANA,0.0,26.4,66.95,10.21,53.11,0.14,25.07,78.14,14.09,,52.0,-22.9102992,-43.23520487
2012-01-30 12:30:00,UNIDADE MOVEL MARACANA,0.0,27.37,65.22,16.0,72.26,0.25,26.2,98.45,0.0,,54.0,-22.9102992,-43.23520487
2012-01-30 13:30:00,UNIDADE MOVEL MARACANA,0.0,26.94,64.99,17.46,37.29,0.1,16.66,53.96,0.0,,41.0,-22.9102992,-43.23520487
2012-01-30 14:30:00,UNIDADE MOVEL MARACANA,0.0,27.0,64.52,14.85,21.64,0.0,20.29,41.96,21.94,,11.0,-22.9102992,-43.23520487
2012-01-30 15:30:00,UNIDADE MOVEL MARACANA,0.0,27.58,61.06,14.52,10.94,0.0,6.92,17.86,38.05,,11.0,-22.9102992,-43.23520487
2012-01-30 16:30:00,UNIDADE MOVEL MARACANA,0.0,27.4,61.19,14.63,12.26,0.0,7.385,19.64,19.44,,9.0,-22.9102992,-43.23520487
2012-01-30 17:30:00,UNIDADE MOVEL MARACANA,0.0,26.15,65.96,4.16,13.58,0.0,7.85,21.42,21.06,,7.0,-22.9102992,-43.23520487
2012-01-30 18:30:00,UNIDADE MOVEL MARACANA,0.0,25.39,69.77,0.0,16.18,0.0,8.33,24.51,15.84,,5.0,-22.9102992,-43.23520487
2012-01-30 19:30:00,UNIDADE MOVEL MARACANA,0.0,24.98,73.56,1.35,23.27,0.15,28.95,52.21,6.42,,2.0,-22.9102992,-43.23520487
2012-01-30 20:30:00,UNIDADE MOVEL MARACANA,0.0,24.84,74.7,0.37,17.22,0.07,17.5,34.73,11.72,,4.0,-22.9102992,-43.23520487
2012-01-30 21:30:00,UNIDADE MOVEL MARACANA,0.0,24.7,77.16,0.05,20.28,0.09,29.2,49.49,8.99,,3.3333333333333335,-22.9102992,-43.23520487
2012-01-30 22:30:00,UNIDADE MOVEL MARACANA,0.0,24.26,80.37,0.03,21.14,0.1,27.03,48.16,5.765000000000001,,2.666666666666667,-22.9102992,-43.23520487
2012-01-30 23:30:00,UNIDADE MOVEL MARACANA,0.0,23.68,84.05,0.04,22.06,0.14,33.09,55.14,2.54,,2.0,-22.9102992,-43.23520487
2012-01-31 00:30:00,UNIDADE MOVEL MARACANA,0.0,23.16,87.16,1.45,18.81,0.06,9.56,28.36,4.65,,6.0,-22.9102992,-43.23520487
2012-01-31 01:30:00,UNIDADE MOVEL MARACANA,0.0,22.94,87.55,2.33,17.43,0.05,9.88,27.31,8.35,,8.0,-22.9102992,-43.23520487
2012-01-31 02:30:00,UNIDADE MOVEL MARACANA,0.0,22.68,87.46,2.46,15.33,0.04,9.28,24.6,1.61,,8.0,-22.9102992,-43.23520487
2012-01-31 03:30:00,UNIDADE MOVEL MARACANA,0.0,22.63,84.13,1.61,12.63,0.05,14.94,27.55,2.8,,8.0,-22.9102992,-43.23520487
2012-01-31 04:30:00,UNIDADE MOVEL MARACANA,0.0,22.71,83.99,2.33,14.18,0.11,34.99,49.1,6.55,,9.0,-22.9102992,-43.23520487
2012-01-31 05:30:00,UNIDADE MOVEL MARACANA,0.0,22.55,84.64,3.27,18.63,0.26,67.53,86.19,1.38,,9.0,-22.9102992,-43.23520487
2012-01-31 06:30:00,UNIDADE MOVEL MARACANA,0.0,23.43,81.03,4.84,21.74,0.43,94.27,116.01,2.49,,9.0,-22.9102992,-43.23520487
2012-01-31 07:30:00,UNIDADE MOVEL MARACANA,0.0,25.12,75.25,13.88,38.31,1.12,136.97,175.28,1.23,,16.0,-22.9102992,-43.23520487
2012-01-31 08:30:00,UNIDADE MOVEL MARACANA,0.0,26.56,69.78,18.15,41.68,0.79,97.86,139.51,3.6,,27.0,-22.9102992,-43.23520487
2012-01-31 09:30:00,UNIDADE MOVEL MARACANA,0.0,26.48,70.1,17.87,30.27,0.17,48.99,79.17,12.75,,34.0,-22.9102992,-43.23520487
2012-01-31 10:30:00,UNIDADE MOVEL MARACANA,0.0,27.61,65.93,19.77,31.77,0.14,41.07,72.85,23.7,,27.0,-22.9102992,-43.23520487
2012-01-31 11:30:00,UNIDADE MOVEL MARACANA,0.0,27.5,66.8,21.04,36.1,0.17,27.56,63.68,35.39,,14.0,-22.9102992,-43.23520487
2012-01-31 12:30:00,UNIDADE MOVEL MARACANA,0.0,25.73,75.17,19.01,37.44,0.12,31.99,69.43,17.4,,22.0,-22.9102992,-43.23520487
2012-01-31 13:30:00,UNIDADE MOVEL MARACANA,0.0,25.41,74.45,13.0,30.84,0.18,39.27,70.13,9.23,,13.0,-22.9102992,-43.23520487
2012-01-31 14:30:00,UNIDADE MOVEL MARACANA,1.0,25.73,74.68,11.13,36.9,0.38,61.47,98.48,5.21,,6.0,-22.9102992,-43.23520487
2012-01-31 15:30:00,UNIDADE MOVEL MARACANA,2.0,23.98,90.48,10.3,36.65,0.56,77.55,114.21,2.98,,12.0,-22.9102992,-43.23520487
2012-01-31 16:30:00,UNIDADE MOVEL MARACANA,0.0,24.91,87.51,9.07,33.59,0.52,58.3,91.9,7.77,,18.0,-22.9102992,-43.23520487
2012-01-31 17:30:00,UNIDADE MOVEL MARACANA,0.0,25.79,82.49,9.36,40.61,0.47,46.01,86.57,10.92,,20.0,-22.9102992,-43.23520487
2012-01-31 18:30:00,UNIDADE MOVEL MARACANA,0.0,25.78,85.0,12.99,43.66,0.45,53.98,97.65,2.18,,25.0,-22.9102992,-43.23520487
2012-01-31 19:30:00,UNIDADE MOVEL MARACANA,0.0,25.03,86.1,13.77,24.09,0.23,57.29,81.5,2.04,,25.0,-22.9102992,-43.23520487
2012-01-31 20:30:00,UNIDADE MOVEL MARACANA,0.0,24.51,82.17,9.96,22.56,0.07,41.22,63.73,4.98,,11.0,-22.9102992,-43.23520487
2012-01-31 21:30:00,UNIDADE MOVEL MARACANA,0.0,24.55,77.67,7.69,21.25,0.1,30.5,51.76,6.36,,9.0,-22.9102992,-43.23520487
2012-01-31 22:30:00,UNIDADE MOVEL MARACANA,0.0,24.29,79.83,8.64,24.28,0.2,78.78,103.06,6.24,,8.0,-22.9102992,-43.23520487
2012-01-31 23:30:00,UNIDADE MOVEL MARACANA,0.0,23.89,78.48,8.44,24.01,0.1,43.58,67.59,11.77,,16.0,-22.9102992,-43.23520487
2012-02-01 00:30:00,UNIDADE MOVEL MARACANA,0.0,23.44,80.03,5.14,21.32,0.11,33.37,54.69,4.14,,6.0,-22.9102992,-43.23520487
2012-02-01 01:30:00,UNIDADE MOVEL MARACANA,0.0,23.41,81.75,2.98,19.02,0.15,40.82,59.84,2.37,,6.0,-22.9102992,-43.23520487
2012-02-01 02:30:00,UNIDADE MOVEL MARACANA,0.0,23.19,82.26,3.18,20.81,0.13,42.2,63.01,5.62,,15.0,-22.9102992,-43.23520487
2012-02-01 03:30:00,UNIDADE MOVEL MARACANA,0.0,22.55,86.51,3.25,20.52,0.15,49.62,70.14,4.18,,11.0,-22.9102992,-43.23520487
2012-02-01 04:30:00,UNIDADE MOVEL MARACANA,0.0,22.26,90.15,4.92,19.21,0.18,70.59,89.79,1.93,,10.0,-22.9102992,-43.23520487
2012-02-01 05:30:00,UNIDADE MOVEL MARACANA,0.0,22.23,91.52,8.89,16.75,0.34,103.16,119.89,3.61,,16.0,-22.9102992,-43.23520487
2012-02-01 06:30:00,UNIDADE MOVEL MARACANA,0.0,22.84,90.01,12.9,19.18,0.68,131.47,150.69,3.18,,25.0,-22.9102992,-43.23520487
2012-02-01 07:30:00,UNIDADE MOVEL MARACANA,0.0,24.6,81.0,20.56,28.59,0.89,145.21,173.74,9.4,,24.0,-22.9102992,-43.23520487
2012-02-01 08:30:00,UNIDADE MOVEL MARACANA,0.0,26.34,72.32,47.45,34.18,1.19,173.21,207.28,10.06,,28.0,-22.9102992,-43.23520487
2012-02-01 09:30:00,UNIDADE MOVEL MARACANA,0.0,28.44,61.39,41.53,39.98,0.39,121.35,161.25,6.9,,35.0,-22.9102992,-43.23520487
2012-02-01 10:30:00,UNIDADE MOVEL MARACANA,0.0,29.86,54.35,30.34,28.84,0.08,47.24,76.11,20.04,,37.0,-22.9102992,-43.23520487
2012-02-01 11:30:00,UNIDADE MOVEL MARACANA,0.0,31.65,47.19,28.61,18.94,0.05,29.63,48.56,28.07,,23.0,-22.9102992,-43.23520487
2012-02-01 12:30:00,UNIDADE MOVEL MARACANA,0.0,32.48,45.4,27.02,16.4,0.03,17.55,33.93,40.49,,10.0,-22.9102992,-43.23520487
2012-02-01 13:30:00,UNIDADE MOVEL MARACANA,0.0,33.46,43.08,27.96,17.36,0.03,16.36,33.76,43.92,,10.0,-22.9102992,-43.23520487
2012-02-01 14:30:00,UNIDADE MOVEL MARACANA,0.0,34.11,44.09,27.56,20.07,0.03,18.65,38.71,38.52,,19.0,-22.9102992,-43.23520487
2012-02-01 15:30:00,UNIDADE MOVEL MARACANA,0.0,33.12,49.99,29.35,27.42,0.05,20.26,47.72,42.31,,11.0,-22.9102992,-43.23520487
2012-02-01 16:30:00,UNIDADE MOVEL MARACANA,0.0,32.92,50.54,29.98,19.82,0.03,12.39,32.23,37.15,,10.0,-22.9102992,-43.23520487
2012-02-01 17:30:00,UNIDADE MOVEL MARACANA,0.0,32.26,53.39,25.22,21.31,0.03,14.57,35.89,29.36,,6.0,-22.9102992,-43.23520487
2012-02-01 18:30:00,UNIDADE MOVEL MARACANA,0.0,31.11,56.3,19.7,27.51,0.06,23.01,50.52,13.91,,6.0,-22.9102992,-43.23520487
2012-02-01 19:30:00,UNIDADE MOVEL MARACANA,0.0,30.24,57.72,17.59,30.76,0.07,28.58,59.34,5.26,,10.0,-22.9102992,-43.23520487
2012-02-01 20:30:00,UNIDADE MOVEL MARACANA,0.0,29.47,60.16,17.45,29.93,0.17,51.04,80.85,3.89,,10.0,-22.9102992,-43.23520487
2012-02-01 21:30:00,UNIDADE MOVEL MARACANA,0.0,28.48,64.28,19.43,24.63,0.13,49.56,74.2,0.38,,4.0,-22.9102992,-43.23520487
2012-02-01 22:30:00,UNIDADE MOVEL MARACANA,0.0,27.5,67.48,21.01,21.74,0.13,42.1,63.8,0.56,,2.0,-22.9102992,-43.23520487
2012-02-01 23:30:00,UNIDADE MOVEL MARACANA,0.0,26.96,68.51,22.18,21.48,0.09,40.52,61.99,0.72,,9.0,-22.9102992,-43.23520487
2012-02-02 00:30:00,UNIDADE MOVEL MARACANA,0.0,26.62,69.28,20.07,18.39,0.11,24.95,43.36,0.01,,20.0,-22.9102992,-43.23520487
2012-02-02 01:30:00,UNIDADE MOVEL MARACANA,0.0,26.13,71.09,17.64,17.66,0.1,25.93,43.59,4.66,,32.0,-22.9102992,-43.23520487
2012-02-02 02:30:00,UNIDADE MOVEL MARACANA,0.0,25.68,73.62,12.33,16.11,0.05,33.31,49.42,0.16,,29.0,-22.9102992,-43.23520487
2012-02-02 03:30:00,UNIDADE MOVEL MARACANA,0.0,25.25,75.16,9.07,16.15,0.04,36.68,52.81,3.05,,15.0,-22.9102992,-43.23520487
2012-02-02 04:30:00,UNIDADE MOVEL MARACANA,0.0,24.8,77.33,5.88,16.23,0.1,48.52,64.72,1.74,,9.0,-22.9102992,-43.23520487
2012-02-02 05:30:00,UNIDADE MOVEL MARACANA,0.0,24.8,77.86,5.44,16.84,0.43,92.44,109.35,1.65,,9.0,-22.9102992,-43.23520487
2012-02-02 06:30:00,UNIDADE MOVEL MARACANA,0.0,25.58,75.41,10.39,50.67,0.83,109.07,159.88,5.49,,17.0,-22.9102992,-43.23520487
2012-02-02 07:30:00,UNIDADE MOVEL MARACANA,0.0,27.09,69.07,13.58,63.73,0.82,50.78,114.52,21.36,,18.0,-22.9102992,-43.23520487
2012-02-02 08:30:00,UNIDADE MOVEL MARACANA,0.0,28.5,61.66,17.09,23.31,0.24,45.11,68.42,10.79,,20.0,-22.9102992,-43.23520487
2012-02-02 09:30:00,UNIDADE MOVEL MARACANA,0.0,29.5,57.6,22.79,22.96,0.2,46.07,69.01,15.83,,34.0,-22.9102992,-43.23520487
2012-02-02 10:30:00,UNIDADE MOVEL MARACANA,0.0,31.05,53.71,28.32,30.61,0.21,32.84,63.48,30.71,,16.0,-22.9102992,-43.23520487
2012-02-02 11:30:00,UNIDADE MOVEL MARACANA,0.0,32.39,48.32,37.8,24.93,0.13,14.81,39.81,59.4,,22.0,-22.9102992,-43.23520487
2012-02-02 12:30:00,UNIDADE MOVEL MARACANA,0.0,33.45,46.67,21.61,23.8,0.12,13.75,37.58,62.78,,15.0,-22.9102992,-43.23520487
2012-02-02 13:30:00,UNIDADE MOVEL MARACANA,0.0,34.07,45.46,20.3,26.8,0.12,11.38,38.15,68.18,,12.0,-22.9102992,-43.23520487
2012-02-02 14:30:00,UNIDADE MOVEL MARACANA,0.0,34.14,45.85,21.54,25.6,0.09,12.41,37.98,57.98,,11.0,-22.9102992,-43.23520487
2012-02-02 15:30:00,UNIDADE MOVEL MARACANA,0.0,34.43,44.63,22.67,27.52,0.12,21.75,49.28,42.1,,12.0,-22.9102992,-43.23520487
2012-02-02 16:30:00,UNIDADE MOVEL MARACANA,0.0,34.02,45.52,24.01,24.79,0.18,25.43,50.23,27.42,,12.0,-22.9102992,-43.23520487
2012-02-02 17:30:00,UNIDADE MOVEL MARACANA,0.0,32.36,50.31,20.97,22.08,0.13,17.26,39.34,22.52,,9.0,-22.9102992,-43.23520487
2012-02-02 18:30:00,UNIDADE MOVEL MARACANA,0.0,31.05,54.51,17.17,28.73,0.33,34.9,63.57,9.72,,7.0,-22.9102992,-43.23520487
2012-02-02 19:30:00,UNIDADE MOVEL MARACANA,0.0,30.04,57.35,13.44,27.36,0.18,23.73,51.09,5.13,,6.0,-22.9102992,-43.23520487
2012-02-02 20:30:00,UNIDADE MOVEL MARACANA,0.0,29.35,59.05,10.15,24.38,0.13,28.51,52.89,4.61,,7.0,-22.9102992,-43.23520487
2012-02-02 21:30:00,UNIDADE MOVEL MARACANA,0.0,28.45,62.09,7.74,22.12,0.11,27.62,49.74,3.94,,7.0,-22.9102992,-43.23520487
2012-02-02 22:30:00,UNIDADE MOVEL MARACANA,0.0,27.71,64.82,7.55,22.48,0.08,36.23,58.7,1.48,,3.0,-22.9102992,-43.23520487
2012-02-02 23:30:00,UNIDADE MOVEL MARACANA,0.0,26.77,68.55,7.04,18.99,0.07,30.64,49.62,1.09,,7.0,-22.9102992,-43.23520487
2012-02-03 00:30:00,UNIDADE MOVEL MARACANA,0.0,26.55,66.83,5.66,16.88,0.06,21.51,38.39,0.54,,11.0,-22.9102992,-43.23520487
2012-02-03 01:30:00,UNIDADE MOVEL MARACANA,0.0,26.27,65.68,0.96,16.75,0.04,13.68,30.44,10.43,,10.0,-22.9102992,-43.23520487
2012-02-03 02:30:00,UNIDADE MOVEL MARACANA,0.0,25.7,69.18,0.71,17.68,0.03,20.13,37.82,3.8,,6.0,-22.9102992,-43.23520487
2012-02-03 03:30:00,UNIDADE MOVEL MARACANA,0.0,25.15,71.27,1.07,13.77,0.02,13.57,27.34,4.5,,3.0,-22.9102992,-43.23520487
2012-02-03 04:30:00,UNIDADE MOVEL MARACANA,0.0,24.54,75.75,0.31,15.87,0.16,52.35,68.22,0.0,,6.0,-22.9102992,-43.23520487
2012-02-03 05:30:00,UNIDADE MOVEL MARACANA,0.0,24.55,76.3,3.22,17.57,0.37,99.52,117.34,0.69,,11.0,-22.9102992,-43.23520487
2012-02-03 06:30:00,UNIDADE MOVEL MARACANA,0.0,25.16,74.42,6.82,16.62,0.35,72.62,89.21,9.4,,18.0,-22.9102992,-43.23520487
2012-02-03 07:30:00,UNIDADE MOVEL MARACANA,0.0,26.71,64.94,12.66,16.2,0.43,54.86,71.08,2.58,,18.0,-22.9102992,-43.23520487
2012-02-03 08:30:00,UNIDADE MOVEL MARACANA,0.0,28.07,59.61,20.65,19.72,0.28,55.85,75.53,7.67,,11.0,-22.9102992,-43.23520487
2012-02-03 09:30:00,UNIDADE MOVEL MARACANA,0.0,29.4,52.17,23.57,22.53,0.14,42.19,64.72,14.85,,27.0,-22.9102992,-43.23520487
2012-02-03 10:30:00,UNIDADE MOVEL MARACANA,0.0,30.78,47.85,24.66,23.95,0.14,32.14,56.08,25.58,,25.0,-22.9102992,-43.23520487
2012-02-03 11:30:00,UNIDADE MOVEL MARACANA,0.0,32.27,43.05,20.18,16.59,0.13,18.11,34.67,38.88,,19.0,-22.9102992,-43.23520487
2012-02-03 12:30:00,UNIDADE MOVEL MARACANA,0.0,33.65,37.76,17.28,17.39,0.12,21.15,38.55,40.08,,9.0,-22.9102992,-43.23520487
2012-02-03 13:30:00,UNIDADE MOVEL MARACANA,0.0,34.42,36.55,17.96,19.62,0.17,18.17,37.8,47.2,,6.0,-22.9102992,-43.23520487
2012-02-03 14:30:00,UNIDADE MOVEL MARACANA,0.0,34.99,36.53,19.61,22.13,0.18,16.18,38.32,48.95,,6.0,-22.9102992,-43.23520487
2012-02-03 15:30:00,UNIDADE MOVEL MARACANA,0.0,34.88,38.61,21.69,24.42,0.16,13.77,38.19,52.57,,10.0,-22.9102992,-43.23520487
2012-02-03 16:30:00,UNIDADE MOVEL MARACANA,0.0,33.63,48.32,21.04,23.56,0.32,21.15,44.69,30.12,,11.0,-22.9102992,-43.23520487
2012-02-03 17:30:00,UNIDADE MOVEL MARACANA,0.0,32.34,52.52,18.04,21.61,0.24,13.54,35.15,22.66,,10.0,-22.9102992,-43.23520487
2012-02-03 18:30:00,UNIDADE MOVEL MARACANA,0.0,31.5,55.2,17.03,25.43,0.38,40.09,65.52,6.44,,9.0,-22.9102992,-43.23520487
2012-02-03 19:30:00,UNIDADE MOVEL MARACANA,0.0,30.17,59.65,13.7,23.83,0.45,49.65,73.47,2.98,,9.0,-22.9102992,-43.23520487
2012-02-03 20:30:00,UNIDADE MOVEL MARACANA,0.0,29.07,60.58,10.5,23.71,0.29,48.39,72.07,1.29,,7.0,-22.9102992,-43.23520487
2012-02-03 21:30:00,UNIDADE MOVEL MARACANA,0.0,28.41,62.25,8.48,21.66,0.17,41.28,62.95,1.0,,4.0,-22.9102992,-43.23520487
2012-02-03 22:30:00,UNIDADE MOVEL MARACANA,0.0,27.95,64.06,5.76,19.77,0.13,41.99,61.73,1.13,,6.0,-22.9102992,-43.23520487
2012-02-03 23:30:00,UNIDADE MOVEL MARACANA,0.0,27.47,62.67,4.92,18.16,0.11,43.32,61.45,2.06,,10.0,-22.9102992,-43.23520487
2012-02-04 00:30:00,UNIDADE MOVEL MARACANA,0.0,26.79,63.38,3.55,16.31,0.07,26.21,42.5,3.06,,11.0,-22.9102992,-43.23520487
2012-02-04 01:30:00,UNIDADE MOVEL MARACANA,0.0,26.06,67.2,3.71,16.11,0.06,22.43,38.53,2.89,,10.0,-22.9102992,-43.23520487
2012-02-04 02:30:00,UNIDADE MOVEL MARACANA,0.0,25.3,71.71,4.98,14.21,0.05,22.91,37.09,10.65,,10.0,-22.9102992,-43.23520487
2012-02-04 03:30:00,UNIDADE MOVEL MARACANA,0.0,24.81,73.45,1.31,12.85,0.04,16.05,28.9,9.22,,13.0,-22.9102992,-43.23520487
2012-02-04 04:30:00,UNIDADE MOVEL MARACANA,0.0,24.79,72.28,0.58,13.98,0.03,11.6,25.59,17.5,,10.0,-22.9102992,-43.23520487
2012-02-04 05:30:00,UNIDADE MOVEL MARACANA,0.0,24.5,74.58,3.68,17.03,0.17,63.87,80.91,4.86,,5.0,-22.9102992,-43.23520487
2012-02-04 06:30:00,UNIDADE MOVEL MARACANA,0.0,24.86,73.32,5.14,15.07,0.17,50.51,65.64,4.71,,8.0,-22.9102992,-43.23520487
2012-02-04 07:30:00,UNIDADE MOVEL MARACANA,0.0,27.06,60.38,10.68,18.7,0.18,50.61,69.35,5.99,,12.0,-22.9102992,-43.23520487
2012-02-04 08:30:00,UNIDADE MOVEL MARACANA,0.0,28.85,53.75,18.26,21.91,0.13,39.15,61.03,11.38,,11.0,-22.9102992,-43.23520487
2012-02-04 09:30:00,UNIDADE MOVEL MARACANA,0.0,30.08,50.23,63.18,32.75,0.2,66.22,98.97,14.56,,24.0,-22.9102992,-43.23520487
2012-02-04 10:30:00,UNIDADE MOVEL MARACANA,0.0,31.44,42.01,38.79,23.25,0.11,28.96,52.2,27.3,,18.0,-22.9102992,-43.23520487
2012-02-04 11:30:00,UNIDADE MOVEL MARACANA,0.0,32.4,39.34,32.12,23.07,0.08,12.97,36.08,62.34,,13.0,-22.9102992,-43.23520487
2012-02-04 12:30:00,UNIDADE MOVEL MARACANA,0.0,33.47,37.14,33.19,25.62,0.08,37.08,62.45,79.2,,13.0,-22.9102992,-43.23520487
2012-02-04 13:30:00,UNIDADE MOVEL MARACANA,0.0,34.42,32.23,23.1,17.29,0.05,10.84,26.28,45.33,,13.0,-22.9102992,-43.23520487
2012-02-04 14:30:00,UNIDADE MOVEL MARACANA,0.0,33.91,39.39,22.19,17.48,0.06,6.95,22.97,52.35,,11.0,-22.9102992,-43.23520487
2012-02-04 15:30:00,UNIDADE MOVEL MARACANA,0.0,33.58,41.91,21.41,13.84,0.06,5.69,14.56,49.72,,7.0,-22.9102992,-43.23520487
2012-02-04 16:30:00,UNIDADE MOVEL MARACANA,0.0,32.88,45.45,21.1,15.8,0.07,8.31,22.94,41.26,,6.0,-22.9102992,-43.23520487
2012-02-04 17:30:00,UNIDADE MOVEL MARACANA,0.0,31.7,51.46,20.53,15.66,0.1,8.92,24.34,33.33,,7.0,-22.9102992,-43.23520487
2012-02-04 18:30:00,UNIDADE MOVEL MARACANA,0.0,30.69,55.99,14.23,17.93,0.09,6.65,23.14,25.34,,7.0,-22.9102992,-43.23520487
2012-02-04 19:30:00,UNIDADE MOVEL MARACANA,0.0,30.33,58.09,12.49,26.49,0.2,19.65,46.14,8.31,,5.0,-22.9102992,-43.23520487
2012-02-04 20:30:00,UNIDADE MOVEL MARACANA,0.0,29.82,58.26,12.61,26.0,0.2,27.09,53.12,3.48,,6.0,-22.9102992,-43.23520487
2012-02-04 21:30:00,UNIDADE MOVEL MARACANA,0.0,28.88,60.37,9.05,20.98,0.13,30.99,51.97,4.85,,6.0,-22.9102992,-43.23520487
2012-02-04 22:30:00,UNIDADE MOVEL MARACANA,0.0,28.07,64.44,12.23,20.84,0.17,47.04,67.84,0.67,,5.0,-22.9102992,-43.23520487
2012-02-04 23:30:00,UNIDADE MOVEL MARACANA,0.0,27.48,67.42,15.07,19.15,0.17,42.59,61.74,0.71,,10.0,-22.9102992,-43.23520487
2012-02-05 00:30:00,UNIDADE MOVEL MARACANA,0.0,26.72,70.6,6.39,16.73,0.16,26.14,42.82,2.09,,11.5,-22.9102992,-43.23520487
2012-02-05 01:30:00,UNIDADE MOVEL MARACANA,0.0,26.23,72.87,6.89,16.42,0.12,32.31,48.72,8.18,,13.0,-22.9102992,-43.23520487
2012-02-05 02:30:00,UNIDADE MOVEL MARACANA,0.0,25.84,73.88,6.19,15.36,0.09,30.74,46.04,4.55,,8.0,-22.9102992,-43.23520487
2012-02-05 03:30:00,UNIDADE MOVEL MARACANA,0.0,25.6,73.53,3.69,14.85,0.1,30.84,45.65,3.62,,4.0,-22.9102992,-43.23520487
2012-02-05 04:30:00,UNIDADE MOVEL MARACANA,0.0,25.47,73.48,8.66,15.54,0.13,35.55,51.05,1.31,,7.0,-22.9102992,-43.23520487
2012-02-05 05:30:00,UNIDADE MOVEL MARACANA,0.0,25.28,75.22,12.4,20.36,0.47,65.09,85.44,5.88,,10.0,-22.9102992,-43.23520487
2012-02-05 06:30:00,UNIDADE MOVEL MARACANA,0.0,25.66,72.14,24.39,16.9,0.27,47.94,64.83,4.2,,12.0,-22.9102992,-43.23520487
2012-02-05 07:30:00,UNIDADE MOVEL MARACANA,0.0,27.02,67.53,18.54,16.14,0.19,35.7,51.83,11.25,,13.0,-22.9102992,-43.23520487
2012-02-05 08:30:00,UNIDADE MOVEL MARACANA,0.0,28.21,63.37,24.82,15.04,0.11,28.21,43.22,11.93,,11.0,-22.9102992,-43.23520487
2012-02-05 09:30:00,UNIDADE MOVEL MARACANA,0.0,29.9,55.31,32.46,21.69,0.09,24.86,46.55,32.05,,34.0,-22.9102992,-43.23520487
2012-02-05 10:30:00,UNIDADE MOVEL MARACANA,0.0,31.49,50.74,29.11,21.03,0.09,10.63,31.01,66.37,,16.0,-22.9102992,-43.23520487
2012-02-05 11:30:00,UNIDADE MOVEL MARACANA,0.0,32.87,47.68,40.29,23.93,0.14,4.94,27.94,113.9,,16.0,-22.9102992,-43.23520487
2012-02-05 12:30:00,UNIDADE MOVEL MARACANA,0.0,33.77,43.96,38.89,20.98,0.12,7.42,27.33,115.14,,27.0,-22.9102992,-43.23520487
2012-02-05 13:30:00,UNIDADE MOVEL MARACANA,0.0,35.19,36.6,24.38,19.56,0.09,17.91,37.26,64.62,,15.0,-22.9102992,-43.23520487
2012-02-05 14:30:00,UNIDADE MOVEL MARACANA,0.0,35.93,32.1,24.37,13.26,0.06,9.37,21.25,66.92,,11.0,-22.9102992,-43.23520487
2012-02-05 15:30:00,UNIDADE MOVEL MARACANA,0.0,35.48,34.04,25.81,15.57,0.06,8.54,22.76,59.05,,8.0,-22.9102992,-43.23520487
2012-02-05 16:30:00,UNIDADE MOVEL MARACANA,0.0,33.76,45.08,23.67,22.42,0.09,19.78,41.48,53.05,,8.0,-22.9102992,-43.23520487
2012-02-05 17:30:00,UNIDADE MOVEL MARACANA,0.0,32.47,49.98,20.63,14.97,0.12,14.7,29.76,49.49,,9.0,-22.9102992,-43.23520487
2012-02-05 18:30:00,UNIDADE MOVEL MARACANA,0.0,31.7,49.03,15.35,13.78,0.07,3.28,15.11,41.91,,8.0,-22.9102992,-43.23520487
2012-02-05 19:30:00,UNIDADE MOVEL MARACANA,0.0,31.44,53.98,13.37,31.45,0.35,31.96,61.57,20.62,,6.0,-22.9102992,-43.23520487
2012-02-05 20:30:00,UNIDADE MOVEL MARACANA,0.0,31.16,55.0,11.49,32.13,0.24,22.31,54.42,9.31,,15.0,-22.9102992,-43.23520487
2012-02-05 21:30:00,UNIDADE MOVEL MARACANA,0.0,30.02,59.41,16.05,30.0,0.17,25.42,55.55,4.11,,9.0,-22.9102992,-43.23520487
2012-02-05 22:30:00,UNIDADE MOVEL MARACANA,0.0,29.32,62.35,15.84,27.47,0.14,33.74,61.25,1.23,,9.0,-22.9102992,-43.23520487
2012-02-05 23:30:00,UNIDADE MOVEL MARACANA,0.0,28.77,63.21,11.13,22.46,0.11,18.35,40.84,2.64,,11.0,-22.9102992,-43.23520487
2012-02-06 00:30:00,UNIDADE MOVEL MARACANA,0.0,28.49,65.09,13.17,24.31,0.14,35.08,59.3,0.99,,11.0,-22.9102992,-43.23520487
2012-02-06 01:30:00,UNIDADE MOVEL MARACANA,0.0,,,,,,,,,,,-22.9102992,-43.23520487
2012-02-06 02:30:00,UNIDADE MOVEL MARACANA,0.0,,,,,,,,,,,-22.9102992,-43.23520487
2012-02-06 03:30:00,UNIDADE MOVEL MARACANA,0.0,,,,,,,,,,,-22.9102992,-43.23520487
2012-02-06 04:30:00,UNIDADE MOVEL MARACANA,0.0,,,,,,,,,,,-22.9102992,-43.23520487
2012-02-06 05:30:00,UNIDADE MOVEL MARACANA,0.0,,,,,,,,,,,-22.9102992,-43.23520487
2012-02-06 06:30:00,UNIDADE MOVEL MARACANA,0.0,,,,,,,,,,,-22.9102992,-43.23520487
2012-02-06 07:30:00,UNIDADE MOVEL MARACANA,0.0,,,,,,,,,,,-22.9102992,-43.23520487
2012-02-06 08:30:00,UNIDADE MOVEL MARACANA,0.0,,,,,,,,,,,-22.9102992,-43.23520487
2012-02-06 09:30:00,UNIDADE MOVEL MARACANA,0.0,,,,,,,,,,,-22.9102992,-43.23520487
2012-02-06 10:30:00,UNIDADE MOVEL MARACANA,0.0,,,,,,,,,,,-22.9102992,-43.23520487
2012-02-06 11:30:00,UNIDADE MOVEL MARACANA,0.0,,,,,,,,,,,-22.9102992,-43.23520487
2012-02-06 12:30:00,UNIDADE MOVEL MARACANA,0.0,34.97,43.16,43.73,44.82,0.11,7.84,51.46,105.4,,25.0,-22.9102992,-43.23520487
2012-02-06 13:30:00,UNIDADE MOVEL MARACANA,0.0,35.41,40.3,46.82,46.84,0.12,8.37,54.91,112.69,,29.0,-22.9102992,-43.23520487
2012-02-06 14:30:00,UNIDADE MOVEL MARACANA,0.0,36.09,31.95,33.17,32.64,0.08,18.11,50.86,76.98,,30.0,-22.9102992,-43.23520487
2012-02-06 15:30:00,UNIDADE MOVEL MARACANA,0.0,36.94,28.05,22.8,26.64,0.06,15.92,42.22,52.79,,23.0,-22.9102992,-43.23520487
2012-02-06 16:30:00,UNIDADE MOVEL MARACANA,0.0,36.3,34.39,23.32,39.73,0.18,24.59,64.27,39.57,,10.0,-22.9102992,-43.23520487
2012-02-06 17:30:00,UNIDADE MOVEL MARACANA,0.0,34.49,41.9,21.23,42.39,0.17,19.48,61.84,41.42,,11.0,-22.9102992,-43.23520487
2012-02-06 18:30:00,UNIDADE MOVEL MARACANA,0.0,33.5,41.83,18.35,43.76,0.13,15.85,59.61,30.73,,17.0,-22.9102992,-43.23520487
2012-02-06 19:30:00,UNIDADE MOVEL MARACANA,0.0,32.64,47.36,14.71,38.26,0.14,20.1,58.38,18.47,,11.0,-22.9102992,-43.23520487
2012-02-06 20:30:00,UNIDADE MOVEL MARACANA,0.0,32.16,47.94,11.02,41.41,0.1,7.31,48.86,16.91,,12.0,-22.9102992,-43.23520487
2012-02-06 21:30:00,UNIDADE MOVEL MARACANA,0.0,31.4,49.2,9.22,40.09,0.11,9.42,49.35,11.96,,12.0,-22.9102992,-43.23520487
2012-02-06 22:30:00,UNIDADE MOVEL MARACANA,0.0,30.75,54.83,17.36,36.14,0.12,29.3,65.46,8.25,,10.0,-22.9102992,-43.23520487
2012-02-06 23:30:00,UNIDADE MOVEL MARACANA,0.0,29.44,65.61,43.88,31.64,0.11,62.4,93.95,0.38,,17.0,-22.9102992,-43.23520487
2012-02-07 00:30:00,UNIDADE MOVEL MARACANA,0.0,28.78,71.3,42.52,28.03,0.15,63.77,91.81,0.04,,30.0,-22.9102992,-43.23520487
2012-02-07 01:30:00,UNIDADE MOVEL MARACANA,0.0,28.21,72.03,37.97,26.54,0.12,59.42,86.06,0.41,,38.0,-22.9102992,-43.23520487
2012-02-07 02:30:00,UNIDADE MOVEL MARACANA,0.0,27.8,72.03,47.91,25.27,0.1,58.27,83.42,0.8,,33.0,-22.9102992,-43.23520487
2012-02-07 03:30:00,UNIDADE MOVEL MARACANA,0.0,27.13,77.09,29.65,21.96,0.1,45.3,67.25,0.61,,29.0,-22.9102992,-43.23520487
2012-02-07 04:30:00,UNIDADE MOVEL MARACANA,0.0,26.73,80.28,50.58,20.07,0.14,73.83,93.9,0.65,,30.0,-22.9102992,-43.23520487
2012-02-07 05:30:00,UNIDADE MOVEL MARACANA,0.0,26.37,81.62,27.94,21.14,0.39,88.61,109.73,9.888000000000002,,33.0,-22.9102992,-43.23520487
2012-02-07 06:30:00,UNIDADE MOVEL MARACANA,0.0,26.74,77.85,42.75,23.13,0.56,101.5,124.73,19.126,,31.0,-22.9102992,-43.23520487
2012-02-07 07:30:00,UNIDADE MOVEL MARACANA,0.0,29.23,68.47,49.13,47.16,1.31,126.88,174.11,28.364,,35.0,-22.9102992,-43.23520487
2012-02-07 08:30:00,UNIDADE MOVEL MARACANA,0.0,31.75,56.21,38.02,97.85,1.13,33.75,131.6,37.602000000000004,,45.0,-22.9102992,-43.23520487
2012-02-07 09:30:00,UNIDADE MOVEL MARACANA,0.0,33.14,51.94,33.64,70.58,0.74,33.16,103.73,46.84,,57.0,-22.9102992,-43.23520487
2012-02-07 10:30:00,UNIDADE MOVEL MARACANA,0.0,35.1,43.46,30.78,53.4,0.42,30.55,83.92,55.2,,50.0,-22.9102992,-43.23520487
2012-02-07 11:30:00,UNIDADE MOVEL MARACANA,0.0,35.63,43.31,48.52,60.82,0.34,15.35,75.67,95.65,,32.0,-22.9102992,-43.23520487
2012-02-07 12:30:00,UNIDADE MOVEL MARACANA,0.0,36.36,39.45,38.95,48.79,0.38,8.28,56.9,121.09,,39.0,-22.9102992,-43.23520487
2012-02-07 13:30:00,UNIDADE MOVEL MARACANA,0.0,36.79,37.0,22.45,40.91,0.19,6.33,46.22,154.92,,32.0,-22.9102992,-43.23520487
2012-02-07 14:30:00,UNIDADE MOVEL MARACANA,0.0,37.13,34.63,21.27,20.09,0.09,6.53,26.61,109.13,,27.0,-22.9102992,-43.23520487
2012-02-07 15:30:00,UNIDADE MOVEL MARACANA,0.0,36.61,34.29,23.37,20.76,0.12,9.24,27.75,110.08,,15.0,-22.9102992,-43.23520487
2012-02-07 16:30:00,UNIDADE MOVEL MARACANA,0.0,35.97,34.68,23.73,26.48,0.14,12.3,38.78,83.12,,10.0,-22.9102992,-43.23520487
2012-02-07 17:30:00,UNIDADE MOVEL MARACANA,0.0,34.39,37.49,19.92,24.66,0.09,5.46,25.21,84.85,,11.0,-22.9102992,-43.23520487
2012-02-07 18:30:00,UNIDADE MOVEL MARACANA,0.0,33.02,38.67,14.82,38.48,0.24,13.86,50.35,53.67,,16.0,-22.9102992,-43.23520487
2012-02-07 19:30:00,UNIDADE MOVEL MARACANA,0.0,30.67,52.25,19.89,79.87,0.62,22.35,102.23,11.37,,16.0,-22.9102992,-43.23520487
2012-02-07 20:30:00,UNIDADE MOVEL MARACANA,0.0,30.01,53.76,14.46,75.64,0.48,22.25,97.88,12.88,,30.0,-22.9102992,-43.23520487
2012-02-07 21:30:00,UNIDADE MOVEL MARACANA,0.0,29.51,55.11,10.09,65.81,0.4,15.69,81.5,22.24,,25.0,-22.9102992,-43.23520487
2012-02-07 22:30:00,UNIDADE MOVEL MARACANA,0.0,29.45,54.45,8.29,68.3,0.29,12.22,80.46,16.03,,23.0,-22.9102992,-43.23520487
2012-02-07 23:30:00,UNIDADE MOVEL MARACANA,0.0,29.39,53.31,10.96,68.87,0.29,35.26,104.12,2.92,,22.0,-22.9102992,-43.23520487
2012-02-08 00:30:00,UNIDADE MOVEL MARACANA,0.0,29.03,56.39,12.26,65.99,0.46,42.69,108.67,3.35,,28.0,-22.9102992,-43.23520487
2012-02-08 01:30:00,UNIDADE MOVEL MARACANA,0.0,28.59,59.35,7.94,53.81,0.24,5.19,58.91,11.42,,37.0,-22.9102992,-43.23520487
2012-02-08 02:30:00,UNIDADE MOVEL MARACANA,0.0,28.37,58.35,5.36,38.42,0.17,1.72,39.06,20.06,,40.0,-22.9102992,-43.23520487
2012-02-08 03:30:00,UNIDADE MOVEL MARACANA,0.0,27.3,68.47,3.89,40.3,0.21,30.7,70.89,11.46,,30.0,-22.9102992,-43.23520487
2012-02-08 04:30:00,UNIDADE MOVEL MARACANA,0.0,26.05,80.75,7.36,41.2,0.3,60.32,101.53,6.03,,56.0,-22.9102992,-43.23520487
2012-02-08 05:30:00,UNIDADE MOVEL MARACANA,0.0,26.16,78.94,9.78,45.48,0.59,100.61,146.1,6.15,,68.0,-22.9102992,-43.23520487
2012-02-08 06:30:00,UNIDADE MOVEL MARACANA,0.0,26.73,72.26,13.98,49.78,0.73,81.98,131.77,4.93,,68.0,-22.9102992,-43.23520487
2012-02-08 07:30:00,UNIDADE MOVEL MARACANA,0.0,28.84,64.55,19.1,77.56,1.33,110.15,187.75,4.03,,68.0,-22.9102992,-43.23520487
2012-02-08 08:30:00,UNIDADE MOVEL MARACANA,0.0,29.98,59.82,38.07,78.87,1.19,85.25,164.15,9.05,,73.0,-22.9102992,-43.23520487
2012-02-08 09:30:00,UNIDADE MOVEL MARACANA,0.0,31.36,55.45,49.64,109.27,0.99,76.84,186.09,22.88,,73.0,-22.9102992,-43.23520487
2012-02-08 10:30:00,UNIDADE MOVEL MARACANA,0.0,33.25,49.57,40.51,94.98,0.57,28.89,123.84,73.65,,65.0,-22.9102992,-43.23520487
2012-02-08 11:30:00,UNIDADE MOVEL MARACANA,0.0,34.58,46.32,31.2,77.85,0.34,11.2,89.05,122.31,,54.0,-22.9102992,-43.23520487
2012-02-08 12:30:00,UNIDADE MOVEL MARACANA,0.0,35.06,44.57,30.28,76.57,0.29,8.37,85.05,169.25,,56.0,-22.9102992,-43.23520487
2012-02-08 13:30:00,UNIDADE MOVEL MARACANA,0.0,34.47,48.18,26.64,57.41,0.16,7.02,64.42,176.88,,56.0,-22.9102992,-43.23520487
2012-02-08 14:30:00,UNIDADE MOVEL MARACANA,0.0,34.56,48.11,24.65,48.7,0.1,8.64,56.82,177.89,,45.0,-22.9102992,-43.23520487
2012-02-08 15:30:00,UNIDADE MOVEL MARACANA,0.0,34.11,49.9,25.8,44.65,0.11,15.38,59.65,84.5,,39.0,-22.9102992,-43.23520487
2012-02-08 16:30:00,UNIDADE MOVEL MARACANA,0.0,34.25,48.32,31.32,53.55,0.23,18.37,71.87,68.59,,30.0,-22.9102992,-43.23520487
2012-02-08 17:30:00,UNIDADE MOVEL MARACANA,0.0,33.63,47.45,32.56,62.8,0.5,22.45,85.3,41.93,,31.0,-22.9102992,-43.23520487
2012-02-08 18:30:00,UNIDADE MOVEL MARACANA,0.0,31.96,43.58,21.59,34.17,0.11,6.86,39.38,51.53,,29.0,-22.9102992,-43.23520487
2012-02-08 19:30:00,UNIDADE MOVEL MARACANA,0.0,30.76,39.24,11.72,20.7,0.03,4.91,24.39,58.67,,19.0,-22.9102992,-43.23520487
2012-02-08 20:30:00,UNIDADE MOVEL MARACANA,0.0,30.31,40.13,10.07,35.0,0.07,18.63,52.72,34.61,,6.0,-22.9102992,-43.23520487
2012-02-08 21:30:00,UNIDADE MOVEL MARACANA,0.0,29.79,46.7,8.51,41.24,0.04,11.79,53.04,28.54,,8.0,-22.9102992,-43.23520487
2012-02-08 22:30:00,UNIDADE MOVEL MARACANA,0.0,29.05,55.09,10.04,44.21,0.03,5.25,48.69,27.57,,20.0,-22.9102992,-43.23520487
2012-02-08 23:30:00,UNIDADE MOVEL MARACANA,0.0,28.75,54.64,8.64,48.63,0.12,5.52,53.97,15.94,,25.0,-22.9102992,-43.23520487
2012-02-09 00:30:00,UNIDADE MOVEL MARACANA,0.0,28.46,57.06,7.37,49.96,0.21,8.17,58.09,12.68,,26.0,-22.9102992,-43.23520487
2012-02-09 01:30:00,UNIDADE MOVEL MARACANA,0.0,28.06,57.07,7.01,45.29,0.17,7.2,52.2,14.46,,27.0,-22.9102992,-43.23520487
2012-02-09 02:30:00,UNIDADE MOVEL MARACANA,0.0,27.85,58.35,3.82,36.83,0.12,6.74,43.05,16.41,,28.0,-22.9102992,-43.23520487
2012-02-09 03:30:00,UNIDADE MOVEL MARACANA,0.0,27.55,60.3,4.15,39.99,0.13,15.77,55.76,8.26,,31.0,-22.9102992,-43.23520487
2012-02-09 04:30:00,UNIDADE MOVEL MARACANA,0.0,27.17,67.12,5.31,50.06,0.21,23.89,73.98,1.89,,37.0,-22.9102992,-43.23520487
2012-02-09 05:30:00,UNIDADE MOVEL MARACANA,0.0,26.46,75.12,5.23,44.51,0.39,63.04,107.57,1.58,,52.0,-22.9102992,-43.23520487
2012-02-09 06:30:00,UNIDADE MOVEL MARACANA,0.0,26.27,75.25,11.83,47.41,0.51,79.33,126.77,5.2,,55.0,-22.9102992,-43.23520487
2012-02-09 07:30:00,UNIDADE MOVEL MARACANA,0.0,28.2,66.41,34.44,56.14,0.73,87.35,143.51,3.32,,51.0,-22.9102992,-43.23520487
2012-02-09 08:30:00,UNIDADE MOVEL MARACANA,0.0,29.41,62.93,51.61,69.31,0.81,94.75,164.07,9.77,,58.0,-22.9102992,-43.23520487
2012-02-09 09:30:00,UNIDADE MOVEL MARACANA,0.0,30.96,56.64,48.95,81.42,0.73,69.25,150.67,23.45,,69.0,-22.9102992,-43.23520487
2012-02-09 10:30:00,UNIDADE MOVEL MARACANA,0.0,32.21,51.02,40.54,76.52,0.35,37.93,114.34,50.88,,61.0,-22.9102992,-43.23520487
2012-02-09 11:30:00,UNIDADE MOVEL MARACANA,0.0,33.5,47.16,32.17,55.11,0.22,8.69,63.93,116.94,,45.0,-22.9102992,-43.23520487
2012-02-09 12:30:00,UNIDADE MOVEL MARACANA,0.0,34.4,45.64,29.75,50.78,0.23,11.12,61.83,133.91,,47.0,-22.9102992,-43.23520487
2012-02-09 13:30:00,UNIDADE MOVEL MARACANA,0.0,34.37,48.95,25.64,51.14,0.21,8.55,59.1,124.67,,45.0,-22.9102992,-43.23520487
2012-02-09 14:30:00,UNIDADE MOVEL MARACANA,0.0,34.06,50.01,24.75,48.28,0.2,12.61,61.02,104.25,,37.0,-22.9102992,-43.23520487
2012-02-09 15:30:00,UNIDADE MOVEL MARACANA,0.0,34.28,46.71,25.56,52.08,0.24,20.68,72.78,71.15,,34.0,-22.9102992,-43.23520487
2012-02-09 16:30:00,UNIDADE MOVEL MARACANA,0.0,34.05,43.6,27.79,56.43,0.38,27.22,83.57,46.04,,29.0,-22.9102992,-43.23520487
2012-02-09 17:30:00,UNIDADE MOVEL MARACANA,0.0,32.78,46.65,29.1,53.37,0.47,33.07,86.36,31.76,,27.0,-22.9102992,-43.23520487
2012-02-09 18:30:00,UNIDADE MOVEL MARACANA,0.0,32.46,47.74,22.44,52.91,0.33,27.63,80.54,25.72,,26.0,-22.9102992,-43.23520487
2012-02-09 19:30:00,UNIDADE MOVEL MARACANA,0.0,31.74,52.98,19.6,58.06,0.48,42.27,100.32,7.38,,21.0,-22.9102992,-43.23520487
2012-02-09 20:30:00,UNIDADE MOVEL MARACANA,0.0,31.39,57.19,16.6,59.72,0.4,37.54,97.36,4.28,,21.0,-22.9102992,-43.23520487
2012-02-09 21:30:00,UNIDADE MOVEL MARACANA,0.0,31.02,60.74,21.23,64.01,0.83,114.25,178.33,0.85,,23.0,-22.9102992,-43.23520487
2012-02-09 22:30:00,UNIDADE MOVEL MARACANA,0.0,30.51,61.85,22.19,59.59,0.88,106.22,165.82,0.67,,32.0,-22.9102992,-43.23520487
2012-02-09 23:30:00,UNIDADE MOVEL MARACANA,0.0,29.14,68.46,18.99,50.82,0.53,99.27,150.12,0.74,,36.0,-22.9102992,-43.23520487
2012-02-10 00:30:00,UNIDADE MOVEL MARACANA,0.0,27.82,74.13,16.74,47.41,0.2,89.52,136.93,0.9,,37.0,-22.9102992,-43.23520487
2012-02-10 01:30:00,UNIDADE MOVEL MARACANA,0.0,27.48,76.32,11.69,42.47,0.13,75.71,118.18,0.3,,34.0,-22.9102992,-43.23520487
2012-02-10 02:30:00,UNIDADE MOVEL MARACANA,0.0,27.2,79.04,11.96,39.38,0.08,48.81,88.19,0.03,,31.0,-22.9102992,-43.23520487
2012-02-10 03:30:00,UNIDADE MOVEL MARACANA,0.0,26.9,81.69,16.63,36.74,0.08,39.05,75.78,0.0,,38.0,-22.9102992,-43.23520487
2012-02-10 04:30:00,UNIDADE MOVEL MARACANA,0.0,27.04,81.3,17.66,34.1,0.16,52.47,86.58,0.01,,44.0,-22.9102992,-43.23520487
2012-02-10 05:30:00,UNIDADE MOVEL MARACANA,0.0,27.04,79.09,22.86,37.47,0.5,127.88,165.36,0.02,,38.0,-22.9102992,-43.23520487
2012-02-10 06:30:00,UNIDADE MOVEL MARACANA,0.0,27.3,78.11,28.25,38.18,0.75,153.19,191.41,0.13,,43.0,-22.9102992,-43.23520487
2012-02-10 07:30:00,UNIDADE MOVEL MARACANA,0.0,28.32,74.59,26.06,46.14,0.9,102.44,148.59,3.21,,45.0,-22.9102992,-43.23520487
2012-02-10 08:30:00,UNIDADE MOVEL MARACANA,0.0,29.61,67.97,36.27,63.67,0.98,79.19,142.83,14.12,,49.0,-22.9102992,-43.23520487
2012-02-10 09:30:00,UNIDADE MOVEL MARACANA,0.0,30.51,64.61,44.52,79.5,0.49,48.45,127.94,32.27,,64.0,-22.9102992,-43.23520487
2012-02-10 10:30:00,UNIDADE MOVEL MARACANA,0.0,32.22,58.62,40.62,88.69,0.53,49.9,138.6,39.81,,54.0,-22.9102992,-43.23520487
2012-02-10 11:30:00,UNIDADE MOVEL MARACANA,0.0,33.67,52.105000000000004,34.7925,66.965,0.39,31.439999999999998,97.955,76.38499999999999,,54.0,-22.9102992,-43.23520487
2012-02-10 12:30:00,UNIDADE MOVEL MARACANA,0.0,35.12,45.59,28.964999999999996,45.24,0.25,12.98,57.31,112.96,,48.0,-22.9102992,-43.23520487
2012-02-10 13:30:00,UNIDADE MOVEL MARACANA,0.0,34.97,47.18,23.1375,42.6325,0.27,11.5,53.4525,93.23,,33.0,-22.9102992,-43.23520487
2012-02-10 14:30:00,UNIDADE MOVEL MARACANA,0.0,34.59,49.83,17.31,40.025000000000006,0.33,10.02,49.595,91.96,,20.0,-22.9102992,-43.23520487
2012-02-10 15:30:00,UNIDADE MOVEL MARACANA,0.0,33.86,49.41,13.14,37.417500000000004,0.30500000000000005,8.54,45.737500000000004,82.09,,25.0,-22.9102992,-43.23520487
2012-02-10 16:30:00,UNIDADE MOVEL MARACANA,0.0,32.62,50.17,9.9,34.81,0.28,7.06,41.88,64.74000000000001,,22.0,-22.9102992,-43.23520487
2012-02-10 17:30:00,UNIDADE MOVEL MARACANA,0.0,28.53,65.42,2.25,29.76,0.23,6.68,36.45,47.39,,23.5,-22.9102992,-43.23520487
2012-02-10 18:30:00,UNIDADE MOVEL MARACANA,0.0,27.72,68.46,0.0,40.28,0.31,15.49,55.8,30.04,,25.0,-22.9102992,-43.23520487
2012-02-10 19:30:00,UNIDADE MOVEL MARACANA,0.0,27.77,70.4,0.0,60.22,0.66,61.23,121.46,0.57,,26.5,-22.9102992,-43.23520487
2012-02-10 20:30:00,UNIDADE MOVEL MARACANA,0.0,27.52,70.78,0.0,56.47,0.41,52.71,109.14,4.59,,28.0,-22.9102992,-43.23520487
2012-02-10 21:30:00,UNIDADE MOVEL MARACANA,0.0,27.62,68.99,4.29,58.87,0.53,107.19,166.06,4.86,,23.0,-22.9102992,-43.23520487
2012-02-10 22:30:00,UNIDADE MOVEL MARACANA,0.0,27.27,69.49,14.09,58.29,0.37,113.75,171.99,1.21,,32.0,-22.9102992,-43.23520487
2012-02-10 23:30:00,UNIDADE MOVEL MARACANA,0.0,27.01,72.9,13.17,55.16,0.31,117.06,172.2,1.32,,31.0,-22.9102992,-43.23520487
2012-02-11 00:30:00,UNIDADE MOVEL MARACANA,0.0,27.39,70.16,19.02,39.92,0.19,51.78,91.58,9.89,,37.0,-22.9102992,-43.23520487
2012-02-11 01:30:00,UNIDADE MOVEL MARACANA,1.0,26.61,77.46,8.29,17.53,0.04,13.5,31.05,27.44,,24.0,-22.9102992,-43.23520487
2012-02-11 02:30:00,UNIDADE MOVEL MARACANA,0.0,25.89,86.32,3.53,24.48,0.07,12.83,37.32,17.92,,20.0,-22.9102992,-43.23520487
2012-02-11 03:30:00,UNIDADE MOVEL MARACANA,0.0,25.99,85.06,2.22,33.62,0.09,15.55,49.17,10.09,,21.0,-22.9102992,-43.23520487
2012-02-11 04:30:00,UNIDADE MOVEL MARACANA,0.0,25.69,84.97,5.15,33.81,0.09,24.25,58.05,13.04,,29.0,-22.9102992,-43.23520487
2012-02-11 05:30:00,UNIDADE MOVEL MARACANA,0.0,25.38,87.7,5.49,25.67,0.16,43.68,69.36,3.08,,29.0,-22.9102992,-43.23520487
2012-02-11 06:30:00,UNIDADE MOVEL MARACANA,0.0,25.84,85.93,11.39,29.14,0.63,116.14,145.28,3.02,,34.0,-22.9102992,-43.23520487
2012-02-11 07:30:00,UNIDADE MOVEL MARACANA,0.0,26.88,80.87,18.33,60.5,0.89,68.16,128.67,2.81,,61.0,-22.9102992,-43.23520487
2012-02-11 08:30:00,UNIDADE MOVEL MARACANA,0.0,28.17,75.62,15.76,62.66,0.63,38.14,100.8,15.35,,52.0,-22.9102992,-43.23520487
2012-02-11 09:30:00,UNIDADE MOVEL MARACANA,0.0,29.52,69.27,22.14,72.58,0.59,37.31,109.88,27.86,,58.0,-22.9102992,-43.23520487
2012-02-11 10:30:00,UNIDADE MOVEL MARACANA,0.0,30.27,66.93,26.09,98.18,0.76,19.98,118.09,77.6,,59.0,-22.9102992,-43.23520487
2012-02-11 11:30:00,UNIDADE MOVEL MARACANA,0.0,30.11,68.62,39.12,80.45,0.64,38.4,118.83,24.69,,68.0,-22.9102992,-43.23520487
2012-02-11 12:30:00,UNIDADE MOVEL MARACANA,0.0,31.9,57.24,33.95,54.84,0.34,16.18,71.01,68.94,,47.0,-22.9102992,-43.23520487
2012-02-11 13:30:00,UNIDADE MOVEL MARACANA,0.0,32.81,51.72,24.27,34.06,0.14,9.54,43.61,77.94,,34.0,-22.9102992,-43.23520487
2012-02-11 14:30:00,UNIDADE MOVEL MARACANA,0.0,32.02,57.53,35.66,54.85,0.17,10.77,65.64,63.89,,29.0,-22.9102992,-43.23520487
2012-02-11 15:30:00,UNIDADE MOVEL MARACANA,0.0,32.25,51.88,23.65,25.69,0.09,7.55,33.24,57.26,,42.0,-22.9102992,-43.23520487
2012-02-11 16:30:00,UNIDADE MOVEL MARACANA,0.0,32.4,53.44,15.49,23.27,0.06,7.94,31.2,52.84,,13.0,-22.9102992,-43.23520487
2012-02-11 17:30:00,UNIDADE MOVEL MARACANA,0.0,31.87,55.08,16.42,18.39,0.08,6.69,25.08,53.63,,14.0,-22.9102992,-43.23520487
2012-02-11 18:30:00,UNIDADE MOVEL MARACANA,0.0,29.3,62.52,13.07,17.15,0.05,2.99,20.16,70.55,,14.0,-22.9102992,-43.23520487
2012-02-11 19:30:00,UNIDADE MOVEL MARACANA,0.0,28.61,62.51,10.58,25.75,0.08,3.76,29.51,86.67,,19.0,-22.9102992,-43.23520487
2012-02-11 20:30:00,UNIDADE MOVEL MARACANA,0.0,28.39,67.12,8.64,32.17,0.15,6.81,39.07,49.28,,18.0,-22.9102992,-43.23520487
2012-02-11 21:30:00,UNIDADE MOVEL MARACANA,0.0,28.0,71.66,22.53,51.53,0.46,33.84,85.35,9.99,,28.0,-22.9102992,-43.23520487
2012-02-11 22:30:00,UNIDADE MOVEL MARACANA,0.0,27.62,74.79,17.12,51.03,0.38,24.83,75.87,1.99,,38.0,-22.9102992,-43.23520487
2012-02-11 23:30:00,UNIDADE MOVEL MARACANA,0.0,26.45,81.91,7.73,44.34,0.24,21.81,66.14,6.57,,36.0,-22.9102992,-43.23520487
2012-02-12 00:30:00,UNIDADE MOVEL MARACANA,0.0,26.29,82.47,9.42,38.98,0.28,16.86,55.83,6.45,,29.0,-22.9102992,-43.23520487
2012-02-12 01:30:00,UNIDADE MOVEL MARACANA,1.0,26.19,83.31,5.66,23.13,0.24,6.95,30.09,20.33,,33.0,-22.9102992,-43.23520487
2012-02-12 02:30:00,UNIDADE MOVEL MARACANA,0.0,25.41,92.0,2.34,31.37,0.36,17.89,49.27,19.74,,36.0,-22.9102992,-43.23520487
2012-02-12 03:30:00,UNIDADE MOVEL MARACANA,0.0,25.1,91.73,1.94,25.75,0.23,10.58,36.34,19.52,,42.0,-22.9102992,-43.23520487
2012-02-12 04:30:00,UNIDADE MOVEL MARACANA,0.0,24.75,92.52,0.74,37.21,0.29,26.61,63.84,11.72,,28.0,-22.9102992,-43.23520487
2012-02-12 05:30:00,UNIDADE MOVEL MARACANA,1.0,24.74,93.51,0.17,32.97,0.32,25.19,58.17,8.53,,21.0,-22.9102992,-43.23520487
2012-02-12 06:30:00,UNIDADE MOVEL MARACANA,0.0,24.41,94.62,0.0,25.22,0.21,10.8,36.04,15.48,,25.0,-22.9102992,-43.23520487
2012-02-12 07:30:00,UNIDADE MOVEL MARACANA,1.0,24.47,93.75,0.36,29.08,0.3,16.47,45.55,25.87,,17.0,-22.9102992,-43.23520487
2012-02-12 08:30:00,UNIDADE MOVEL MARACANA,0.0,25.77,84.82,0.57,21.51,0.21,14.63,36.11,30.12,,23.0,-22.9102992,-43.23520487
2012-02-12 09:30:00,UNIDADE MOVEL MARACANA,0.0,26.84,78.85,13.25,40.86,0.25,28.12,68.99,13.05,,15.0,-22.9102992,-43.23520487
2012-02-12 10:30:00,UNIDADE MOVEL MARACANA,0.0,,,,,,,,,,,-22.9102992,-43.23520487
2012-02-12 11:30:00,UNIDADE MOVEL MARACANA,0.0,,,,,,,,,,,-22.9102992,-43.23520487
2012-02-12 12:30:00,UNIDADE MOVEL MARACANA,0.0,,,,,,,,,,,-22.9102992,-43.23520487
2012-02-12 13:30:00,UNIDADE MOVEL MARACANA,0.0,,,,,,,,,,,-22.9102992,-43.23520487
2012-02-12 14:30:00,UNIDADE MOVEL MARACANA,0.0,,,,,,,,,,,-22.9102992,-43.23520487
2012-02-12 15:30:00,UNIDADE MOVEL MARACANA,0.0,,,,,,,,,,,-22.9102992,-43.23520487
2012-02-12 16:30:00,UNIDADE MOVEL MARACANA,0.0,,,,,,,,,,,-22.9102992,-43.23520487
2012-02-12 17:30:00,UNIDADE MOVEL MARACANA,0.0,,,,,,,,,,,-22.9102992,-43.23520487
2012-02-12 18:30:00,UNIDADE MOVEL MARACANA,0.0,,,,,,,,,,,-22.9102992,-43.23520487
2012-02-12 19:30:00,UNIDADE MOVEL MARACANA,0.0,,,,,,,,,,,-22.9102992,-43.23520487
2012-02-12 20:30:00,UNIDADE MOVEL MARACANA,0.0,,,,,,,,,,,-22.9102992,-43.23520487
2012-02-12 21:30:00,UNIDADE MOVEL MARACANA,0.0,,,,,,,,,,,-22.9102992,-43.23520487
2012-02-12 22:30:00,UNIDADE MOVEL MARACANA,0.0,,,,,,,,,,,-22.9102992,-43.23520487
2012-02-12 23:30:00,UNIDADE MOVEL MARACANA,0.0,,,,,,,,,,,-22.9102992,-43.23520487
2012-02-13 00:30:00,UNIDADE MOVEL MARACANA,0.0,,,,,,,,,,,-22.9102992,-43.23520487
2012-02-13 01:30:00,UNIDADE MOVEL MARACANA,0.0,,,,,,,,,,,-22.9102992,-43.23520487
2012-02-13 02:30:00,UNIDADE MOVEL MARACANA,0.0,,,,,,,,,,,-22.9102992,-43.23520487
2012-02-13 03:30:00,UNIDADE MOVEL MARACANA,0.0,,,,,,,,,,,-22.9102992,-43.23520487
2012-02-13 04:30:00,UNIDADE MOVEL MARACANA,0.0,,,,,,,,,,,-22.9102992,-43.23520487
2012-02-13 05:30:00,UNIDADE MOVEL MARACANA,0.0,,,,,,,,,,,-22.9102992,-43.23520487
2012-02-13 06:30:00,UNIDADE MOVEL MARACANA,0.0,,,,,,,,,,,-22.9102992,-43.23520487
2012-02-13 07:30:00,UNIDADE MOVEL MARACANA,0.0,,,,,,,,,,,-22.9102992,-43.23520487
2012-02-13 08:30:00,UNIDADE MOVEL MARACANA,0.0,,,,,,,,,,,-22.9102992,-43.23520487
2012-02-13 09:30:00,UNIDADE MOVEL MARACANA,0.0,,,,,,,,,,,-22.9102992,-43.23520487
2012-02-13 10:30:00,UNIDADE MOVEL MARACANA,0.0,,,,,,,,,,,-22.9102992,-43.23520487
2012-02-13 11:30:00,UNIDADE MOVEL MARACANA,0.0,,,,,,,,,,,-22.9102992,-43.23520487
2012-02-13 12:30:00,UNIDADE MOVEL MARACANA,0.0,,,,,,,,,,,-22.9102992,-43.23520487
2012-02-13 13:30:00,UNIDADE MOVEL MARACANA,0.0,,,,,,,,,,,-22.9102992,-43.23520487
2012-02-13 14:30:00,UNIDADE MOVEL MARACANA,0.0,,,,,,,,,,,-22.9102992,-43.23520487
2012-02-13 15:30:00,UNIDADE MOVEL MARACANA,0.0,,,,,,,,,,,-22.9102992,-43.23520487
2012-02-13 16:30:00,UNIDADE MOVEL MARACANA,0.0,,,,,,,,,,,-22.9102992,-43.23520487
2012-02-13 17:30:00,UNIDADE MOVEL MARACANA,0.0,,,,,,,,,,,-22.9102992,-43.23520487
2012-02-13 18:30:00,UNIDADE MOVEL MARACANA,0.0,,,,,,,,,,,-22.9102992,-43.23520487
2012-02-13 19:30:00,UNIDADE MOVEL MARACANA,0.0,,,,,,,,,,,-22.9102992,-43.23520487
2012-02-13 20:30:00,UNIDADE MOVEL MARACANA,0.0,,,,,,,,,,,-22.9102992,-43.23520487
2012-02-13 21:30:00,UNIDADE MOVEL MARACANA,0.0,,,,,,,,,,,-22.9102992,-43.23520487
2012-02-13 22:30:00,UNIDADE MOVEL MARACANA,0.0,,,,,,,,,,,-22.9102992,-43.23520487
2012-02-13 23:30:00,UNIDADE MOVEL MARACANA,0.0,,,,,,,,,,,-22.9102992,-43.23520487
2012-02-14 00:30:00,UNIDADE MOVEL MARACANA,0.0,,,,,,,,,,,-22.9102992,-43.23520487
2012-02-14 01:30:00,UNIDADE MOVEL MARACANA,0.0,,,,,,,,,,,-22.9102992,-43.23520487
2012-02-14 02:30:00,UNIDADE MOVEL MARACANA,0.0,,,,,,,,,,,-22.9102992,-43.23520487
2012-02-14 03:30:00,UNIDADE MOVEL MARACANA,0.0,,,,,,,,,,,-22.9102992,-43.23520487
2012-02-14 04:30:00,UNIDADE MOVEL MARACANA,0.0,,,,,,,,,,,-22.9102992,-43.23520487
2012-02-14 05:30:00,UNIDADE MOVEL MARACANA,0.0,,,,,,,,,,,-22.9102992,-43.23520487
2012-02-14 06:30:00,UNIDADE MOVEL MARACANA,0.0,,,,,,,,,,,-22.9102992,-43.23520487
2012-02-14 07:30:00,UNIDADE MOVEL MARACANA,0.0,,,,,,,,,,,-22.9102992,-43.23520487
2012-02-14 08:30:00,UNIDADE MOVEL MARACANA,0.0,,,,,,,,,,,-22.9102992,-43.23520487
2012-02-14 09:30:00,UNIDADE MOVEL MARACANA,0.0,,,,,,,,,,,-22.9102992,-43.23520487
2012-02-14 10:30:00,UNIDADE MOVEL MARACANA,0.0,31.05,46.38,,,,,,,,23.0,-22.9102992,-43.23520487
2012-02-14 11:30:00,UNIDADE MOVEL MARACANA,0.0,32.04,43.8,18.33,21.73,0.13,21.08,42.79,,,,-22.9102992,-43.23520487
2012-02-14 12:30:00,UNIDADE MOVEL MARACANA,0.0,32.88,41.78,22.76,32.19,0.07,22.37,54.54,,,,-22.9102992,-43.23520487
2012-02-14 13:30:00,UNIDADE MOVEL MARACANA,0.0,33.23,41.9,23.76,22.74,0.06,19.65,42.41,,,,-22.9102992,-43.23520487
2012-02-14 14:30:00,UNIDADE MOVEL MARACANA,0.0,32.71,47.81,24.16,21.01,0.06,19.73,40.71,33.69,,,-22.9102992,-43.23520487
2012-02-14 15:30:00,UNIDADE MOVEL MARACANA,0.0,32.55,49.76,23.78,20.93,0.07,21.89,42.83,28.45,,,-22.9102992,-43.23520487
2012-02-14 16:30:00,UNIDADE MOVEL MARACANA,3.0,30.25,62.55,23.58,21.52,0.1,23.4,44.89,23.26,,4.0,-22.9102992,-43.23520487
2012-02-14 17:30:00,UNIDADE MOVEL MARACANA,0.0,28.52,74.1,9.87,26.13,0.26,26.58,52.71,11.25,,7.0,-22.9102992,-43.23520487
2012-02-14 18:30:00,UNIDADE MOVEL MARACANA,0.0,29.2,63.85,5.21,29.26,0.28,49.31,78.58,4.39,,5.0,-22.9102992,-43.23520487
2012-02-14 19:30:00,UNIDADE MOVEL MARACANA,0.0,28.68,64.01,2.6,25.8,0.23,58.26,84.04,1.67,,2.0,-22.9102992,-43.23520487
2012-02-14 20:30:00,UNIDADE MOVEL MARACANA,0.0,27.91,65.93,0.0,20.58,0.1,56.54,77.11,2.33,,3.0,-22.9102992,-43.23520487
2012-02-14 21:30:00,UNIDADE MOVEL MARACANA,0.0,27.44,68.72,0.0,18.55,0.12,49.28,67.85,2.24,,5.0,-22.9102992,-43.23520487
2012-02-14 22:30:00,UNIDADE MOVEL MARACANA,0.0,27.0,70.71,0.0,17.6,0.06,39.37,56.98,2.6,,8.0,-22.9102992,-43.23520487
2012-02-14 23:30:00,UNIDADE MOVEL MARACANA,0.0,26.59,72.08,0.0,15.57,0.03,22.04,37.6,2.96,,8.0,-22.9102992,-43.23520487
2012-02-15 00:30:00,UNIDADE MOVEL MARACANA,0.0,26.38,71.88,0.66,13.25,0.05,10.47,23.73,6.0,,9.0,-22.9102992,-43.23520487
2012-02-15 01:30:00,UNIDADE MOVEL MARACANA,0.0,26.09,72.77,0.65,14.3,0.04,15.09,29.39,1.23,,7.0,-22.9102992,-43.23520487
2012-02-15 02:30:00,UNIDADE MOVEL MARACANA,0.0,25.73,74.16,0.18,13.91,0.09,16.49,30.4,3.12,,5.0,-22.9102992,-43.23520487
2012-02-15 03:30:00,UNIDADE MOVEL MARACANA,0.0,25.14,77.78,0.98,14.94,0.12,24.73,39.66,6.42,,8.0,-22.9102992,-43.23520487
2012-02-15 04:30:00,UNIDADE MOVEL MARACANA,0.0,24.89,78.69,1.04,13.82,0.16,35.4,49.18,1.89,,9.0,-22.9102992,-43.23520487
2012-02-15 05:30:00,UNIDADE MOVEL MARACANA,0.0,24.71,79.66,5.01,14.88,0.43,83.53,98.3,5.96,,6.0,-22.9102992,-43.23520487
2012-02-15 06:30:00,UNIDADE MOVEL MARACANA,0.0,25.18,77.12,14.05,16.05,0.73,130.4,146.4,8.4,,7.0,-22.9102992,-43.23520487
2012-02-15 07:30:00,UNIDADE MOVEL MARACANA,0.0,26.68,67.51,15.02,16.39,0.64,94.8,111.19,4.11,,12.0,-22.9102992,-43.23520487
2012-02-15 08:30:00,UNIDADE MOVEL MARACANA,0.0,27.82,61.07,18.31,18.99,0.41,71.36,90.28,4.66,,12.0,-22.9102992,-43.23520487
2012-02-15 09:30:00,UNIDADE MOVEL MARACANA,0.0,29.0,53.08,20.64,21.01,0.18,57.65,78.59,11.32,,26.0,-22.9102992,-43.23520487
2012-02-15 10:30:00,UNIDADE MOVEL MARACANA,0.0,30.39,50.3,25.2,28.74,0.22,47.56,76.31,17.4,,23.0,-22.9102992,-43.23520487
2012-02-15 11:30:00,UNIDADE MOVEL MARACANA,0.0,31.47,44.3,25.0,23.38,0.09,33.98,57.33,29.03,,11.0,-22.9102992,-43.23520487
2012-02-15 12:30:00,UNIDADE MOVEL MARACANA,0.0,32.2,47.66,27.41,25.14,0.03,21.16,46.26,41.81,,12.0,-22.9102992,-43.23520487
2012-02-15 13:30:00,UNIDADE MOVEL MARACANA,0.0,32.56,48.42,26.13,20.53,0.01,15.51,36.04,43.15,,15.0,-22.9102992,-43.23520487
2012-02-15 14:30:00,UNIDADE MOVEL MARACANA,0.0,32.66,49.51,26.23,19.18,0.02,22.37,41.59,30.62,,7.0,-22.9102992,-43.23520487
2012-02-15 15:30:00,UNIDADE MOVEL MARACANA,0.0,31.34,52.84,25.81,15.01,0.01,15.67,30.75,24.31,,6.0,-22.9102992,-43.23520487
2012-02-15 16:30:00,UNIDADE MOVEL MARACANA,0.0,30.45,56.38,22.31,16.69,0.02,12.97,29.63,21.97,,3.0,-22.9102992,-43.23520487
2012-02-15 17:30:00,UNIDADE MOVEL MARACANA,0.0,29.25,60.23,14.48,21.77,0.11,30.32,52.23,14.04,,3.0,-22.9102992,-43.23520487
2012-02-15 18:30:00,UNIDADE MOVEL MARACANA,0.0,28.73,61.25,8.83,24.7,0.1,31.42,56.12,8.49,,8.0,-22.9102992,-43.23520487
2012-02-15 19:30:00,UNIDADE MOVEL MARACANA,0.0,28.33,61.82,5.69,24.91,0.15,39.51,64.41,5.42,,12.0,-22.9102992,-43.23520487
2012-02-15 20:30:00,UNIDADE MOVEL MARACANA,0.0,27.83,62.55,4.79,25.05,0.14,52.93,77.99,3.37,,5.0,-22.9102992,-43.23520487
2012-02-15 21:30:00,UNIDADE MOVEL MARACANA,0.0,27.3,62.27,2.01,21.63,0.08,35.54,57.14,5.55,,6.0,-22.9102992,-43.23520487
2012-02-15 22:30:00,UNIDADE MOVEL MARACANA,0.0,26.78,65.0,0.1,20.35,0.06,29.06,49.41,5.07,,11.0,-22.9102992,-43.23520487
2012-02-15 23:30:00,UNIDADE MOVEL MARACANA,0.0,26.38,68.31,0.0,19.99,0.04,22.74,42.73,10.62,,9.0,-22.9102992,-43.23520487
2012-02-16 00:30:00,UNIDADE MOVEL MARACANA,0.0,25.91,70.39,0.92,12.39,0.02,9.35,21.73,6.87,,17.0,-22.9102992,-43.23520487
2012-02-16 01:30:00,UNIDADE MOVEL MARACANA,0.0,25.52,73.44,2.45,14.51,0.06,8.08,22.59,16.12,,8.0,-22.9102992,-43.23520487
2012-02-16 02:30:00,UNIDADE MOVEL MARACANA,0.0,25.07,76.51,4.12,16.27,0.07,11.24,27.51,15.04,,10.0,-22.9102992,-43.23520487
2012-02-16 03:30:00,UNIDADE MOVEL MARACANA,0.0,24.87,78.53,2.6,13.98,0.08,13.98,27.96,14.59,,10.0,-22.9102992,-43.23520487
2012-02-16 04:30:00,UNIDADE MOVEL MARACANA,0.0,24.72,79.44,2.77,14.19,0.12,25.16,39.36,4.83,,8.0,-22.9102992,-43.23520487
2012-02-16 05:30:00,UNIDADE MOVEL MARACANA,0.0,24.7,80.0,2.73,14.9,0.39,69.12,84.06,8.54,,10.0,-22.9102992,-43.23520487
2012-02-16 06:30:00,UNIDADE MOVEL MARACANA,0.0,24.91,78.69,4.92,15.65,0.58,82.0,97.61,1.64,,12.0,-22.9102992,-43.23520487
2012-02-16 07:30:00,UNIDADE MOVEL MARACANA,0.0,26.02,71.04,9.13,19.68,1.17,87.9,107.53,9.97,,13.0,-22.9102992,-43.23520487
2012-02-16 08:30:00,UNIDADE MOVEL MARACANA,0.0,27.17,64.88,18.35,23.9,1.04,99.79,123.73,4.59,,14.0,-22.9102992,-43.23520487
2012-02-16 09:30:00,UNIDADE MOVEL MARACANA,0.0,28.0,60.47,20.28,28.17,0.93,89.67,117.83,5.82,,16.0,-22.9102992,-43.23520487
2012-02-16 10:30:00,UNIDADE MOVEL MARACANA,0.0,29.64,52.54,21.23,24.47,0.31,56.03,80.54,16.85,,25.0,-22.9102992,-43.23520487
2012-02-16 11:30:00,UNIDADE MOVEL MARACANA,0.0,30.72,52.38,22.23,24.52,0.07,23.9,48.44,35.17,,37.0,-22.9102992,-43.23520487
2012-02-16 12:30:00,UNIDADE MOVEL MARACANA,0.0,30.57,56.05,22.14,17.7,0.07,24.67,42.37,30.3,,20.0,-22.9102992,-43.23520487
2012-02-16 13:30:00,UNIDADE MOVEL MARACANA,0.0,30.28,56.48,22.45,14.11,0.07,19.11,33.21,25.24,,12.0,-22.9102992,-43.23520487
2012-02-16 14:30:00,UNIDADE MOVEL MARACANA,0.0,29.62,59.49,22.01,13.76,0.04,17.08,30.86,25.69,,10.0,-22.9102992,-43.23520487
2012-02-16 15:30:00,UNIDADE MOVEL MARACANA,0.0,28.95,62.42,22.23,10.39,0.03,14.06,24.45,23.2,,10.0,-22.9102992,-43.23520487
2012-02-16 16:30:00,UNIDADE MOVEL MARACANA,0.0,28.45,63.22,21.34,11.04,0.09,17.48,28.47,17.93,,9.0,-22.9102992,-43.23520487
2012-02-16 17:30:00,UNIDADE MOVEL MARACANA,0.0,27.59,66.69,15.62,12.45,0.07,16.68,29.13,11.59,,4.0,-22.9102992,-43.23520487
2012-02-16 18:30:00,UNIDADE MOVEL MARACANA,0.0,26.84,70.45,8.82,12.32,0.05,14.91,27.23,11.37,,2.0,-22.9102992,-43.23520487
2012-02-16 19:30:00,UNIDADE MOVEL MARACANA,0.0,26.53,73.01,5.5,14.93,0.07,18.27,33.19,7.71,,3.0,-22.9102992,-43.23520487
2012-02-16 20:30:00,UNIDADE MOVEL MARACANA,0.0,26.6,72.34,4.07,16.45,0.07,22.45,38.93,4.47,,2.0,-22.9102992,-43.23520487
2012-02-16 21:30:00,UNIDADE MOVEL MARACANA,0.0,26.61,70.63,1.89,15.28,0.09,26.69,41.99,14.03,,5.0,-22.9102992,-43.23520487
2012-02-16 22:30:00,UNIDADE MOVEL MARACANA,0.0,26.39,71.2,0.55,14.22,0.07,24.26,38.45,6.07,,10.0,-22.9102992,-43.23520487
2012-02-16 23:30:00,UNIDADE MOVEL MARACANA,0.0,26.15,72.28,0.03,14.54,0.08,20.91,35.45,4.32,,11.0,-22.9102992,-43.23520487
2012-02-17 00:30:00,UNIDADE MOVEL MARACANA,0.0,25.95,72.31,0.96,12.34,0.03,10.44,22.79,5.94,,10.0,-22.9102992,-43.23520487
2012-02-17 01:30:00,UNIDADE MOVEL MARACANA,0.0,25.92,71.89,1.94,14.03,0.01,14.83,28.86,3.65,,10.0,-22.9102992,-43.23520487
2012-02-17 02:30:00,UNIDADE MOVEL MARACANA,0.0,25.71,73.98,1.66,12.68,0.02,10.48,23.16,13.1,,10.0,-22.9102992,-43.23520487
2012-02-17 03:30:00,UNIDADE MOVEL MARACANA,0.0,25.41,76.2,0.92,11.99,0.01,9.07,21.06,5.88,,9.0,-22.9102992,-43.23520487
2012-02-17 04:30:00,UNIDADE MOVEL MARACANA,0.0,25.26,76.98,1.76,14.66,0.04,27.05,41.72,0.06,,7.0,-22.9102992,-43.23520487
2012-02-17 05:30:00,UNIDADE MOVEL MARACANA,0.0,25.05,78.09,2.69,16.04,0.07,39.37,55.27,1.95,,5.0,-22.9102992,-43.23520487
2012-02-17 06:30:00,UNIDADE MOVEL MARACANA,0.0,25.14,78.33,4.83,16.26,0.24,74.01,90.25,5.58,,9.0,-22.9102992,-43.23520487
2012-02-17 07:30:00,UNIDADE MOVEL MARACANA,0.0,26.02,74.54,8.17,15.03,0.17,58.12,73.09,12.67,,13.0,-22.9102992,-43.23520487
2012-02-17 08:30:00,UNIDADE MOVEL MARACANA,0.0,27.31,66.86,16.18,15.37,0.25,54.36,69.72,14.41,,15.0,-22.9102992,-43.23520487
2012-02-17 09:30:00,UNIDADE MOVEL MARACANA,0.0,28.45,61.32,18.25,14.67,0.17,43.35,58.03,12.77,,14.0,-22.9102992,-43.23520487
2012-02-17 10:30:00,UNIDADE MOVEL MARACANA,0.0,29.39,59.17,23.0,20.15,0.14,28.18,48.3,26.61,,29.0,-22.9102992,-43.23520487
2012-02-17 11:30:00,UNIDADE MOVEL MARACANA,0.0,30.87,51.52,25.26,21.28,0.07,21.55,42.83,33.37,,19.0,-22.9102992,-43.23520487
2012-02-17 12:30:00,UNIDADE MOVEL MARACANA,0.0,30.97,54.62,22.45,18.57,0.01,10.29,28.87,49.81,,16.0,-22.9102992,-43.23520487
2012-02-17 13:30:00,UNIDADE MOVEL MARACANA,0.0,31.07,56.31,25.37,21.61,0.03,22.96,44.57,34.26,,11.0,-22.9102992,-43.23520487
2012-02-17 14:30:00,UNIDADE MOVEL MARACANA,0.0,30.24,58.76,26.27,15.71,0.01,14.72,30.43,33.52,,16.0,-22.9102992,-43.23520487
2012-02-17 15:30:00,UNIDADE MOVEL MARACANA,0.0,29.95,59.72,27.55,15.45,0.04,14.5,29.95,29.73,,13.0,-22.9102992,-43.23520487
2012-02-17 16:30:00,UNIDADE MOVEL MARACANA,0.0,29.06,63.56,25.59,15.31,0.04,12.72,28.03,30.37,,8.0,-22.9102992,-43.23520487
2012-02-17 17:30:00,UNIDADE MOVEL MARACANA,0.0,29.1,63.61,19.16,18.26,0.06,12.37,30.62,26.43,,5.0,-22.9102992,-43.23520487
2012-02-17 18:30:00,UNIDADE MOVEL MARACANA,0.0,28.41,66.6,12.97,25.62,0.08,20.68,46.31,13.2,,8.0,-22.9102992,-43.23520487
2012-02-17 19:30:00,UNIDADE MOVEL MARACANA,0.0,28.11,67.26,9.36,25.91,0.14,26.08,52.0,8.86,,8.0,-22.9102992,-43.23520487
2012-02-17 20:30:00,UNIDADE MOVEL MARACANA,0.0,27.69,65.8,7.49,22.25,0.07,27.32,49.57,6.74,,6.0,-22.9102992,-43.23520487
2012-02-17 21:30:00,UNIDADE MOVEL MARACANA,0.0,27.51,59.71,5.41,21.35,0.06,25.38,46.73,7.79,,6.0,-22.9102992,-43.23520487
2012-02-17 22:30:00,UNIDADE MOVEL MARACANA,0.0,27.26,61.06,4.23,21.61,0.09,28.16,49.79,7.07,,9.0,-22.9102992,-43.23520487
2012-02-17 23:30:00,UNIDADE MOVEL MARACANA,0.0,26.94,63.02,2.95,20.32,0.08,24.89,45.21,4.5,,9.0,-22.9102992,-43.23520487
2012-02-18 00:30:00,UNIDADE MOVEL MARACANA,0.0,26.46,67.16,3.05,20.83,0.07,25.45,46.26,10.5,,11.0,-22.9102992,-43.23520487
2012-02-18 01:30:00,UNIDADE MOVEL MARACANA,0.0,26.03,70.84,2.43,18.11,0.04,15.69,33.78,4.83,,10.0,-22.9102992,-43.23520487
2012-02-18 02:30:00,UNIDADE MOVEL MARACANA,0.0,25.59,73.62,2.63,15.62,0.04,12.53,28.15,6.71,,6.0,-22.9102992,-43.23520487
2012-02-18 03:30:00,UNIDADE MOVEL MARACANA,0.0,25.19,75.77,2.57,18.67,0.04,26.06,44.74,2.71,,6.0,-22.9102992,-43.23520487
2012-02-18 04:30:00,UNIDADE MOVEL MARACANA,0.0,24.83,77.69,6.79,21.46,0.07,51.13,72.58,7.14,,8.0,-22.9102992,-43.23520487
2012-02-18 05:30:00,UNIDADE MOVEL MARACANA,0.0,24.68,78.8,8.46,20.9,0.26,91.97,112.73,3.03,,9.0,-22.9102992,-43.23520487
2012-02-18 06:30:00,UNIDADE MOVEL MARACANA,0.0,24.88,77.88,13.08,20.37,0.17,67.99,88.28,11.23,,15.0,-22.9102992,-43.23520487
2012-02-18 07:30:00,UNIDADE MOVEL MARACANA,0.0,26.41,72.06,18.74,23.93,0.22,94.12,118.06,8.76,,12.0,-22.9102992,-43.23520487
2012-02-18 08:30:00,UNIDADE MOVEL MARACANA,0.0,27.42,65.76,59.1,25.02,0.19,114.93,139.99,2.68,,18.0,-22.9102992,-43.23520487
2012-02-18 09:30:00,UNIDADE MOVEL MARACANA,0.0,28.87,58.19,35.83,22.88,0.09,49.33,72.23,11.82,,27.0,-22.9102992,-43.23520487
2012-02-18 10:30:00,UNIDADE MOVEL MARACANA,0.0,30.48,45.61,27.73,14.94,0.04,21.77,36.71,26.83,,27.0,-22.9102992,-43.23520487
2012-02-18 11:30:00,UNIDADE MOVEL MARACANA,0.0,31.66,39.99,26.73,13.06,0.03,17.73,30.8,37.79,,14.0,-22.9102992,-43.23520487
2012-02-18 12:30:00,UNIDADE MOVEL MARACANA,0.0,32.23,43.07,30.21,22.03,0.04,12.19,34.22,57.13,,12.0,-22.9102992,-43.23520487
2012-02-18 13:30:00,UNIDADE MOVEL MARACANA,0.0,32.2,46.15,26.07,22.06,0.05,10.47,32.53,61.6,,16.0,-22.9102992,-43.23520487
2012-02-18 14:30:00,UNIDADE MOVEL MARACANA,0.0,32.64,43.5,24.11,15.71,0.03,11.7,27.43,41.68,,12.0,-22.9102992,-43.23520487
2012-02-18 15:30:00,UNIDADE MOVEL MARACANA,0.0,32.4,44.43,23.09,13.47,0.03,10.94,24.42,33.38,,10.0,-22.9102992,-43.23520487
2012-02-18 16:30:00,UNIDADE MOVEL MARACANA,0.0,32.04,47.46,22.5,16.82,0.03,13.15,29.97,28.07,,7.0,-22.9102992,-43.23520487
2012-02-18 17:30:00,UNIDADE MOVEL MARACANA,0.0,31.55,50.55,20.24,16.46,0.04,12.82,29.27,25.46,,9.0,-22.9102992,-43.23520487
2012-02-18 18:30:00,UNIDADE MOVEL MARACANA,0.0,30.45,56.51,15.12,20.56,0.07,14.9,35.43,16.06,,9.0,-22.9102992,-43.23520487
2012-02-18 19:30:00,UNIDADE MOVEL MARACANA,0.0,29.83,58.76,12.75,21.41,0.09,16.04,37.45,8.46,,7.0,-22.9102992,-43.23520487
2012-02-18 20:30:00,UNIDADE MOVEL MARACANA,0.0,28.95,61.12,9.51,19.0,0.09,18.33,37.34,7.24,,9.0,-22.9102992,-43.23520487
2012-02-18 21:30:00,UNIDADE MOVEL MARACANA,0.0,28.38,63.65,7.69,20.41,0.14,19.41,39.84,4.36,,6.0,-22.9102992,-43.23520487
2012-02-18 22:30:00,UNIDADE MOVEL MARACANA,0.0,27.74,66.43,5.2,18.35,0.08,11.06,29.41,5.24,,3.0,-22.9102992,-43.23520487
2012-02-18 23:30:00,UNIDADE MOVEL MARACANA,0.0,27.57,67.86,5.7,20.5,0.15,38.91,59.4,2.14,,6.0,-22.9102992,-43.23520487
2012-02-19 00:30:00,UNIDADE MOVEL MARACANA,0.0,26.93,71.43,13.56,19.08,0.1,35.76,54.84,23.01,,11.0,-22.9102992,-43.23520487
2012-02-19 01:30:00,UNIDADE MOVEL MARACANA,0.0,26.23,74.38,12.85,17.08,0.08,40.88,57.96,3.58,,14.0,-22.9102992,-43.23520487
2012-02-19 02:30:00,UNIDADE MOVEL MARACANA,0.0,25.82,75.57,13.65,16.01,0.06,32.92,48.93,2.6,,11.0,-22.9102992,-43.23520487
2012-02-19 03:30:00,UNIDADE MOVEL MARACANA,0.0,25.54,75.3,11.54,15.39,0.07,34.79,50.17,2.35,,9.0,-22.9102992,-43.23520487
2012-02-19 04:30:00,UNIDADE MOVEL MARACANA,0.0,25.28,74.0,7.62,14.16,0.05,21.09,35.25,5.61,,12.0,-22.9102992,-43.23520487
2012-02-19 05:30:00,UNIDADE MOVEL MARACANA,0.0,25.26,74.21,5.42,14.37,0.07,22.58,36.95,3.88,,13.0,-22.9102992,-43.23520487
2012-02-19 06:30:00,UNIDADE MOVEL MARACANA,0.0,25.61,71.02,7.41,13.65,0.08,30.45,44.09,7.48,,11.0,-22.9102992,-43.23520487
2012-02-19 07:30:00,UNIDADE MOVEL MARACANA,0.0,26.89,64.1,7.8,11.44,0.07,27.26,38.7,10.39,,10.0,-22.9102992,-43.23520487
2012-02-19 08:30:00,UNIDADE MOVEL MARACANA,0.0,28.0,58.59,18.24,12.13,0.04,29.34,41.45,23.03,,7.0,-22.9102992,-43.23520487
2012-02-19 09:30:00,UNIDADE MOVEL MARACANA,0.0,29.325,53.765,23.08,13.365,0.04,22.205,35.555,27.115000000000002,,21.0,-22.9102992,-43.23520487
2012-02-19 10:30:00,UNIDADE MOVEL MARACANA,0.0,30.65,48.94,27.92,14.6,0.04,15.07,29.66,31.2,,14.0,-22.9102992,-43.23520487
2012-02-19 11:30:00,UNIDADE MOVEL MARACANA,0.0,32.15,44.31,26.92,12.43,0.04,10.3,22.73,40.3,,10.0,-22.9102992,-43.23520487
2012-02-19 12:30:00,UNIDADE MOVEL MARACANA,0.0,33.01,43.31,25.38,10.93,0.04,6.3,17.23,57.9,,6.0,-22.9102992,-43.23520487
2012-02-19 13:30:00,UNIDADE MOVEL MARACANA,0.0,33.52,43.53,38.02,14.93,0.05,4.09,19.02,81.37,,9.0,-22.9102992,-43.23520487
2012-02-19 14:30:00,UNIDADE MOVEL MARACANA,0.0,34.17,42.72,36.97,18.33,0.07,4.46,22.8,82.65,,10.0,-22.9102992,-43.23520487
2012-02-19 15:30:00,UNIDADE MOVEL MARACANA,0.0,33.55,43.09,33.18,19.76,0.07,5.03,24.79,68.25,,11.0,-22.9102992,-43.23520487
2012-02-19 16:30:00,UNIDADE MOVEL MARACANA,0.0,33.44,42.95,28.48,21.85,0.09,6.55,28.39,55.41,,11.0,-22.9102992,-43.23520487
2012-02-19 17:30:00,UNIDADE MOVEL MARACANA,0.0,32.24,46.12,25.95,25.32,0.13,9.56,34.88,35.56,,10.0,-22.9102992,-43.23520487
2012-02-19 18:30:00,UNIDADE MOVEL MARACANA,0.0,31.55,47.02,18.39,24.58,0.14,12.79,37.36,24.91,,9.0,-22.9102992,-43.23520487
2012-02-19 19:30:00,UNIDADE MOVEL MARACANA,0.0,31.05,49.97,13.73,25.54,0.15,13.79,39.34,12.74,,7.0,-22.9102992,-43.23520487
2012-02-19 20:30:00,UNIDADE MOVEL MARACANA,0.0,30.39,54.43,10.47,21.07,0.12,10.46,31.53,9.7,,8.0,-22.9102992,-43.23520487
2012-02-19 21:30:00,UNIDADE MOVEL MARACANA,0.0,29.86,56.86,12.67,23.2,0.11,26.04,49.24,1.93,,9.0,-22.9102992,-43.23520487
2012-02-19 22:30:00,UNIDADE MOVEL MARACANA,0.0,28.89,60.73,12.58,18.56,0.07,20.42,38.97,3.79,,9.0,-22.9102992,-43.23520487
2012-02-19 23:30:00,UNIDADE MOVEL MARACANA,0.0,28.1,64.35,8.53,17.31,0.1,17.36,34.67,2.9,,6.0,-22.9102992,-43.23520487
2012-02-20 00:30:00,UNIDADE MOVEL MARACANA,0.0,27.38,66.68,7.06,17.07,0.07,17.29,34.37,2.65,,7.0,-22.9102992,-43.23520487
2012-02-20 01:30:00,UNIDADE MOVEL MARACANA,0.0,26.8,68.5,5.78,17.99,0.06,33.84,51.83,0.58,,9.0,-22.9102992,-43.23520487
2012-02-20 02:30:00,UNIDADE MOVEL MARACANA,0.0,26.37,69.79,2.74,13.87,0.05,13.06,26.93,8.79,,10.0,-22.9102992,-43.23520487
2012-02-20 03:30:00,UNIDADE MOVEL MARACANA,0.0,26.23,70.45,5.3,13.61,0.02,12.03,25.63,4.21,,9.0,-22.9102992,-43.23520487
2012-02-20 04:30:00,UNIDADE MOVEL MARACANA,0.0,25.87,71.92,7.95,14.62,0.01,18.49,33.11,3.85,,8.0,-22.9102992,-43.23520487
2012-02-20 05:30:00,UNIDADE MOVEL MARACANA,0.0,25.72,73.06,11.56,16.78,0.03,31.52,48.3,3.31,,10.0,-22.9102992,-43.23520487
2012-02-20 06:30:00,UNIDADE MOVEL MARACANA,0.0,25.95,71.31,6.31,15.84,0.07,40.64,56.49,9.29,,10.0,-22.9102992,-43.23520487
2012-02-20 07:30:00,UNIDADE MOVEL MARACANA,0.0,26.47,68.5,5.17,12.94,0.04,33.52,46.43,8.02,,9.0,-22.9102992,-43.23520487
2012-02-20 08:30:00,UNIDADE MOVEL MARACANA,0.0,27.3,64.56,4.88,13.57,0.02,22.26,35.83,9.3,,11.0,-22.9102992,-43.23520487
2012-02-20 09:30:00,UNIDADE MOVEL MARACANA,0.0,28.59,60.11,14.17,18.23,0.04,32.52,50.74,10.04,,9.0,-22.9102992,-43.23520487
2012-02-20 10:30:00,UNIDADE MOVEL MARACANA,0.0,29.8,54.84,21.72,18.58,0.02,20.83,39.41,24.09,,26.0,-22.9102992,-43.23520487
2012-02-20 11:30:00,UNIDADE MOVEL MARACANA,0.0,31.66,48.78,31.46,19.3,0.05,11.6,30.9,51.08,,23.0,-22.9102992,-43.23520487
2012-02-20 12:30:00,UNIDADE MOVEL MARACANA,0.0,32.47,46.71,30.38,13.57,0.06,4.26,17.82,84.02,,13.0,-22.9102992,-43.23520487
2012-02-20 13:30:00,UNIDADE MOVEL MARACANA,0.0,32.85,43.78,23.37,11.33,0.04,4.32,15.65,66.83,,13.0,-22.9102992,-43.23520487
2012-02-20 14:30:00,UNIDADE MOVEL MARACANA,0.0,34.0,40.21,22.7,11.59,0.09,7.07,18.68,53.53,,9.0,-22.9102992,-43.23520487
2012-02-20 15:30:00,UNIDADE MOVEL MARACANA,0.0,33.38,40.99,23.44,17.24,0.14,7.78,25.02,43.54,,9.0,-22.9102992,-43.23520487
2012-02-20 16:30:00,UNIDADE MOVEL MARACANA,0.0,32.8,44.79,20.91,15.71,0.15,5.79,21.5,51.29,,9.0,-22.9102992,-43.23520487
2012-02-20 17:30:00,UNIDADE MOVEL MARACANA,0.0,32.28,46.94,18.16,17.04,0.16,6.11,23.15,42.73,,9.0,-22.9102992,-43.23520487
2012-02-20 18:30:00,UNIDADE MOVEL MARACANA,0.0,31.43,50.29,12.77,19.99,0.21,7.63,27.62,30.72,,9.0,-22.9102992,-43.23520487
2012-02-20 19:30:00,UNIDADE MOVEL MARACANA,0.0,30.72,52.41,11.3,30.07,0.24,21.35,51.39,7.01,,10.0,-22.9102992,-43.23520487
2012-02-20 20:30:00,UNIDADE MOVEL MARACANA,0.0,29.91,54.38,8.93,28.55,0.21,32.66,61.21,4.93,,10.0,-22.9102992,-43.23520487
2012-02-20 21:30:00,UNIDADE MOVEL MARACANA,0.0,29.14,56.66,7.44,26.46,0.12,25.09,51.56,2.92,,6.0,-22.9102992,-43.23520487
2012-02-20 22:30:00,UNIDADE MOVEL MARACANA,0.0,28.64,58.77,6.98,25.79,0.22,44.71,70.48,1.5,,4.0,-22.9102992,-43.23520487
2012-02-20 23:30:00,UNIDADE MOVEL MARACANA,0.0,27.74,63.13,8.48,23.64,0.2,51.3,74.89,0.99,,21.0,-22.9102992,-43.23520487
2012-02-21 00:30:00,UNIDADE MOVEL MARACANA,0.0,26.93,63.88,7.24,19.33,0.06,17.85,37.23,4.1,,17.0,-22.9102992,-43.23520487
2012-02-21 01:30:00,UNIDADE MOVEL MARACANA,0.0,26.34,64.33,3.51,15.55,0.03,12.01,27.56,4.87,,5.0,-22.9102992,-43.23520487
2012-02-21 02:30:00,UNIDADE MOVEL MARACANA,0.0,25.96,66.66,2.34,17.69,0.03,14.16,31.84,10.72,,5.0,-22.9102992,-43.23520487
2012-02-21 03:30:00,UNIDADE MOVEL MARACANA,0.0,25.92,66.0,2.29,17.64,0.04,25.24,42.85,4.86,,6.0,-22.9102992,-43.23520487
2012-02-21 04:30:00,UNIDADE MOVEL MARACANA,0.0,25.63,67.26,2.38,18.48,0.07,38.25,56.75,4.76,,7.0,-22.9102992,-43.23520487
2012-02-21 05:30:00,UNIDADE MOVEL MARACANA,0.0,25.3,69.33,5.88,19.45,0.29,85.55,105.01,3.89,,8.0,-22.9102992,-43.23520487
2012-02-21 06:30:00,UNIDADE MOVEL MARACANA,0.0,25.52,69.07,7.56,21.54,0.27,92.8,114.34,5.17,,10.0,-22.9102992,-43.23520487
2012-02-21 07:30:00,UNIDADE MOVEL MARACANA,0.0,27.32,60.29,10.93,20.93,0.09,58.84,79.8,4.5,,18.0,-22.9102992,-43.23520487
2012-02-21 08:30:00,UNIDADE MOVEL MARACANA,0.0,28.54,54.67,18.04,17.59,0.03,34.64,52.28,9.28,,15.0,-22.9102992,-43.23520487
2012-02-21 09:30:00,UNIDADE MOVEL MARACANA,0.0,29.895,51.21,26.81,18.105,0.045,22.575,40.705,30.439999999999998,,22.5,-22.9102992,-43.23520487
2012-02-21 10:30:00,UNIDADE MOVEL MARACANA,0.0,31.25,47.75,35.58,18.62,0.06,10.51,29.13,51.6,,30.0,-22.9102992,-43.23520487
2012-02-21 11:30:00,UNIDADE MOVEL MARACANA,0.0,31.67,46.32,32.01,12.81,0.07,7.83,20.65,55.86,,12.0,-22.9102992,-43.23520487
2012-02-21 12:30:00,UNIDADE MOVEL MARACANA,0.0,32.52,42.33,24.49,8.26,0.04,5.21,13.48,51.45,,11.0,-22.9102992,-43.23520487
2012-02-21 13:30:00,UNIDADE MOVEL MARACANA,0.0,33.23,38.15,22.78,7.68,0.03,5.48,13.16,46.24,,8.0,-22.9102992,-43.23520487
2012-02-21 14:30:00,UNIDADE MOVEL MARACANA,0.0,32.87,39.82,21.39,7.77,0.03,5.89,13.67,40.15,,6.0,-22.9102992,-43.23520487
2012-02-21 15:30:00,UNIDADE MOVEL MARACANA,0.0,32.7,40.39,25.98,13.64,0.04,8.32,21.97,36.57,,6.0,-22.9102992,-43.23520487
2012-02-21 16:30:00,UNIDADE MOVEL MARACANA,0.0,32.59,38.78,21.31,12.5,0.03,8.64,21.17,32.41,,7.0,-22.9102992,-43.23520487
2012-02-21 17:30:00,UNIDADE MOVEL MARACANA,0.0,32.42,38.73,18.18,14.58,0.05,9.97,24.57,25.83,,10.0,-22.9102992,-43.23520487
2012-02-21 18:30:00,UNIDADE MOVEL MARACANA,0.0,31.75,42.41,16.85,22.76,0.1,16.22,39.0,13.55,,7.0,-22.9102992,-43.23520487
2012-02-21 19:30:00,UNIDADE MOVEL MARACANA,0.0,31.04,45.22,14.93,30.3,0.16,29.71,59.94,4.72,,4.0,-22.9102992,-43.23520487
2012-02-21 20:30:00,UNIDADE MOVEL MARACANA,0.0,29.94,51.01,12.05,25.2,0.11,15.24,40.44,4.66,,6.0,-22.9102992,-43.23520487
2012-02-21 21:30:00,UNIDADE MOVEL MARACANA,0.0,29.65,51.49,8.23,22.61,0.07,12.62,35.23,5.44,,17.0,-22.9102992,-43.23520487
2012-02-21 22:30:00,UNIDADE MOVEL MARACANA,0.0,29.42,51.73,6.5,21.49,0.07,11.44,32.93,3.78,,5.0,-22.9102992,-43.23520487
2012-02-21 23:30:00,UNIDADE MOVEL MARACANA,0.0,28.9,56.38,9.49,22.54,0.34,67.58,90.11,1.22,,6.0,-22.9102992,-43.23520487
2012-02-22 00:30:00,UNIDADE MOVEL MARACANA,0.0,28.04,60.82,9.39,21.37,0.07,30.99,52.44,1.19,,17.0,-22.9102992,-43.23520487
2012-02-22 01:30:00,UNIDADE MOVEL MARACANA,0.0,27.59,62.2,7.12,21.29,0.05,38.44,59.76,0.98,,13.0,-22.9102992,-43.23520487
2012-02-22 02:30:00,UNIDADE MOVEL MARACANA,0.0,27.18,63.95,6.85,20.99,0.07,41.75,62.72,6.35,,18.0,-22.9102992,-43.23520487
2012-02-22 03:30:00,UNIDADE MOVEL MARACANA,0.0,26.91,65.16,9.55,21.52,0.16,86.83,108.35,9.57,,21.0,-22.9102992,-43.23520487
2012-02-22 04:30:00,UNIDADE MOVEL MARACANA,0.0,26.68,65.67,11.64,20.73,0.36,116.16,136.83,14.97,,19.0,-22.9102992,-43.23520487
2012-02-22 05:30:00,UNIDADE MOVEL MARACANA,0.0,26.55,66.03,11.47,21.04,0.64,159.74,180.78,7.04,,22.0,-22.9102992,-43.23520487
2012-02-22 06:30:00,UNIDADE MOVEL MARACANA,0.0,27.3,62.14,12.4,29.17,0.83,143.74,172.93,5.95,,31.0,-22.9102992,-43.23520487
2012-02-22 07:30:00,UNIDADE MOVEL MARACANA,0.0,28.59,59.26,17.64,27.58,0.32,96.14,123.71,0.7,,30.0,-22.9102992,-43.23520487
2012-02-22 08:30:00,UNIDADE MOVEL MARACANA,0.0,29.23,56.89,27.23,28.82,0.17,88.98,117.92,4.22,,19.0,-22.9102992,-43.23520487
2012-02-22 09:30:00,UNIDADE MOVEL MARACANA,0.0,31.14,48.23,22.43,26.45,0.06,19.34,45.77,39.58,,34.0,-22.9102992,-43.23520487
2012-02-22 10:30:00,UNIDADE MOVEL MARACANA,0.0,32.86,43.35,20.45,16.99,0.04,12.5,29.48,50.02,,22.0,-22.9102992,-43.23520487
2012-02-22 11:30:00,UNIDADE MOVEL MARACANA,0.0,34.12,40.03,30.3,17.67,0.07,9.68,27.35,66.37,,7.0,-22.9102992,-43.23520487
2012-02-22 12:30:00,UNIDADE MOVEL MARACANA,0.0,35.08,37.74,29.88,21.74,0.08,8.4,30.14,70.38,,8.0,-22.9102992,-43.23520487
2012-02-22 13:30:00,UNIDADE MOVEL MARACANA,0.0,35.77,35.77,27.7,19.1,0.06,9.43,28.51,60.47,,11.0,-22.9102992,-43.23520487
2012-02-22 14:30:00,UNIDADE MOVEL MARACANA,0.0,36.18,34.65,30.88,17.62,0.06,8.19,25.82,69.4,,13.0,-22.9102992,-43.23520487
2012-02-22 15:30:00,UNIDADE MOVEL MARACANA,0.0,35.92,35.99,32.16,21.27,0.07,5.09,26.36,78.24,,11.0,-22.9102992,-43.23520487
2012-02-22 16:30:00,UNIDADE MOVEL MARACANA,0.0,33.81,41.16,26.48,20.62,0.1,6.08,26.7,58.12,,12.0,-22.9102992,-43.23520487
2012-02-22 17:30:00,UNIDADE MOVEL MARACANA,0.0,31.45,47.98,19.68,19.35,0.11,5.25,24.57,42.38,,13.0,-22.9102992,-43.23520487
2012-02-22 18:30:00,UNIDADE MOVEL MARACANA,0.0,32.31,43.98,14.48,23.38,0.11,2.6,25.97,36.92,,12.0,-22.9102992,-43.23520487
2012-02-22 19:30:00,UNIDADE MOVEL MARACANA,0.0,32.43,45.49,14.42,36.84,0.3,18.24,55.08,17.73,,12.0,-22.9102992,-43.23520487
2012-02-22 20:30:00,UNIDADE MOVEL MARACANA,0.0,29.91,58.37,13.31,28.61,0.19,10.11,38.72,24.7,,18.0,-22.9102992,-43.23520487
2012-02-22 21:30:00,UNIDADE MOVEL MARACANA,2.0,26.46,83.86,7.06,24.7,0.21,7.92,32.63,24.66,,6.0,-22.9102992,-43.23520487
2012-02-22 22:30:00,UNIDADE MOVEL MARACANA,0.0,26.91,79.41,4.14,23.55,0.15,6.89,30.42,15.32,,8.0,-22.9102992,-43.23520487
2012-02-22 23:30:00,UNIDADE MOVEL MARACANA,0.0,27.55,75.62,2.48,23.62,0.23,23.74,47.37,10.61,,11.0,-22.9102992,-43.23520487
2012-02-23 00:30:00,UNIDADE MOVEL MARACANA,0.0,27.49,78.2,2.67,29.0,0.32,33.91,62.93,5.614999999999999,,10.0,-22.9102992,-43.23520487
2012-02-23 01:30:00,UNIDADE MOVEL MARACANA,0.0,27.42,78.58,2.76,30.17,0.3,46.83,77.02,0.62,,23.0,-22.9102992,-43.23520487
2012-02-23 02:30:00,UNIDADE MOVEL MARACANA,0.0,27.6,73.76,2.32,16.87,0.12,10.34,27.25,2.05,,19.0,-22.9102992,-43.23520487
2012-02-23 03:30:00,UNIDADE MOVEL MARACANA,0.0,27.71,71.31,1.31,16.86,0.16,15.63,32.48,5.09,,16.0,-22.9102992,-43.23520487
2012-02-23 04:30:00,UNIDADE MOVEL MARACANA,0.0,27.15,74.0,5.03,24.75,0.48,75.35,100.11,0.0,,16.0,-22.9102992,-43.23520487
2012-02-23 05:30:00,UNIDADE MOVEL MARACANA,0.0,27.29,74.31,13.63,28.06,0.92,148.22,176.15,0.44,,29.0,-22.9102992,-43.23520487
2012-02-23 06:30:00,UNIDADE MOVEL MARACANA,0.0,27.98,70.67,16.46,31.89,1.22,168.54,200.45,0.67,,39.0,-22.9102992,-43.23520487
2012-02-23 07:30:00,UNIDADE MOVEL MARACANA,0.0,29.43,63.6,15.92,45.53,0.94,90.91,136.39,4.37,,37.0,-22.9102992,-43.23520487
2012-02-23 08:30:00,UNIDADE MOVEL MARACANA,0.0,30.78,57.05,26.5,60.91,1.2,82.64,143.54,9.24,,37.0,-22.9102992,-43.23520487
2012-02-23 09:30:00,UNIDADE MOVEL MARACANA,0.0,31.74,50.91,22.38,38.99,0.61,53.46,92.58,15.89,,46.0,-22.9102992,-43.23520487
2012-02-23 10:30:00,UNIDADE MOVEL MARACANA,0.0,32.85,47.0,18.84,31.95,0.32,28.05,59.99,29.69,,25.0,-22.9102992,-43.23520487
2012-02-23 11:30:00,UNIDADE MOVEL MARACANA,0.0,34.21,42.92,21.04,22.72,0.1,17.0,39.8,52.32,,19.0,-22.9102992,-43.23520487
2012-02-23 12:30:00,UNIDADE MOVEL MARACANA,0.0,34.63,42.91,22.6,29.15,0.1,8.06,37.2,82.14,,19.0,-22.9102992,-43.23520487
2012-02-23 13:30:00,UNIDADE MOVEL MARACANA,0.0,34.58,43.07,22.68,23.8,0.09,5.1,28.91,96.66,,25.0,-22.9102992,-43.23520487
2012-02-23 14:30:00,UNIDADE MOVEL MARACANA,0.0,34.41,40.13,19.53,9.31,0.03,3.25,12.56,70.13,,13.0,-22.9102992,-43.23520487
2012-02-23 15:30:00,UNIDADE MOVEL MARACANA,0.0,34.1,42.48,21.59,12.61,0.03,3.07,15.68,82.07,,11.0,-22.9102992,-43.23520487
2012-02-23 16:30:00,UNIDADE MOVEL MARACANA,0.0,33.14,44.99,28.11,22.18,0.1,7.67,29.85,78.8,,12.0,-22.9102992,-43.23520487
2012-02-23 17:30:00,UNIDADE MOVEL MARACANA,0.0,31.98,47.79,28.26,36.69,0.21,11.13,47.89,58.08,,15.0,-22.9102992,-43.23520487
2012-02-23 18:30:00,UNIDADE MOVEL MARACANA,0.0,31.09,49.34,21.43,43.27,0.27,13.56,56.85,42.01,,20.0,-22.9102992,-43.23520487
2012-02-23 19:30:00,UNIDADE MOVEL MARACANA,0.0,30.65,50.21,16.1,40.69,0.23,8.92,49.55,38.44,,20.0,-22.9102992,-43.23520487
2012-02-23 20:30:00,UNIDADE MOVEL MARACANA,0.0,30.21,53.64,12.47,39.42,0.2,7.04,46.46,26.45,,18.0,-22.9102992,-43.23520487
2012-02-23 21:30:00,UNIDADE MOVEL MARACANA,0.0,29.94,54.54,10.0,41.16,0.2,5.3,46.46,17.72,,19.0,-22.9102992,-43.23520487
2012-02-23 22:30:00,UNIDADE MOVEL MARACANA,0.0,29.53,56.61,10.21,43.41,0.23,17.97,61.38,16.8,,11.0,-22.9102992,-43.23520487
2012-02-23 23:30:00,UNIDADE MOVEL MARACANA,0.0,29.25,56.76,7.99,37.37,0.12,4.88,42.24,15.88,,18.0,-22.9102992,-43.23520487
2012-02-24 00:30:00,UNIDADE MOVEL MARACANA,0.0,28.46,62.73,8.69,51.32,0.22,60.23,111.57,4.04,,17.0,-22.9102992,-43.23520487
2012-02-24 01:30:00,UNIDADE MOVEL MARACANA,0.0,27.45,68.54,9.99,47.45,0.19,52.12,99.55,1.89,,42.0,-22.9102992,-43.23520487
2012-02-24 02:30:00,UNIDADE MOVEL MARACANA,0.0,27.39,68.7,11.71,46.06,0.22,44.25,90.36,,,39.0,-22.9102992,-43.23520487
2012-02-24 03:30:00,UNIDADE MOVEL MARACANA,0.0,27.07,68.35,14.25,46.0,0.15,34.19,80.19,,,43.0,-22.9102992,-43.23520487
2012-02-24 04:30:00,UNIDADE MOVEL MARACANA,0.0,27.03,68.69,11.15,44.07,0.23,49.28,93.31,,,32.0,-22.9102992,-43.23520487
2012-02-24 05:30:00,UNIDADE MOVEL MARACANA,0.0,26.94,68.44,14.08,43.71,0.46,98.31,142.15,,,33.0,-22.9102992,-43.23520487
2012-02-24 06:30:00,UNIDADE MOVEL MARACANA,0.0,27.06,69.39,18.4,43.94,0.91,159.36,203.29,,,38.0,-22.9102992,-43.23520487
2012-02-24 07:30:00,UNIDADE MOVEL MARACANA,0.0,28.1,66.07,20.79,46.39,0.67,99.22,145.45,3.99,,41.0,-22.9102992,-43.23520487
2012-02-24 08:30:00,UNIDADE MOVEL MARACANA,0.0,29.43,62.67,34.63,56.95,0.74,94.7,151.71,7.48,,47.0,-22.9102992,-43.23520487
2012-02-24 09:30:00,UNIDADE MOVEL MARACANA,0.0,30.41,61.16,43.63,69.0,0.54,78.91,147.88,13.14,,64.0,-22.9102992,-43.23520487
2012-02-24 10:30:00,UNIDADE MOVEL MARACANA,0.0,31.83,55.48,45.38,72.07,0.32,45.14,117.24,34.01,,53.0,-22.9102992,-43.23520487
2012-02-24 11:30:00,UNIDADE MOVEL MARACANA,0.0,32.66,51.74,30.28,41.68,0.14,15.96,57.64,75.28,,53.0,-22.9102992,-43.23520487
2012-02-24 12:30:00,UNIDADE MOVEL MARACANA,0.0,33.54,49.49,24.83,28.72,0.1,9.02,37.69,86.09,,32.0,-22.9102992,-43.23520487
2012-02-24 13:30:00,UNIDADE MOVEL MARACANA,0.0,33.22,48.07,21.26,13.0,0.03,2.77,15.78,91.93,,17.0,-22.9102992,-43.23520487
2012-02-24 14:30:00,UNIDADE MOVEL MARACANA,0.0,33.41,45.94,21.09,12.22,0.02,2.38,14.6,96.61,,13.0,-22.9102992,-43.23520487
2012-02-24 15:30:00,UNIDADE MOVEL MARACANA,0.0,32.86,46.55,22.89,10.57,0.01,2.34,12.91,86.04,,12.0,-22.9102992,-43.23520487
2012-02-24 16:30:00,UNIDADE MOVEL MARACANA,0.0,32.3,46.13,25.07,12.84,0.03,4.7,17.54,69.8,,12.0,-22.9102992,-43.23520487
2012-02-24 17:30:00,UNIDADE MOVEL MARACANA,0.0,31.58,46.75,20.49,13.43,0.02,2.86,16.29,56.36,,12.0,-22.9102992,-43.23520487
2012-02-24 18:30:00,UNIDADE MOVEL MARACANA,0.0,30.76,49.96,14.22,23.12,0.07,10.99,34.11,38.12,,10.0,-22.9102992,-43.23520487
2012-02-24 19:30:00,UNIDADE MOVEL MARACANA,0.0,30.15,52.03,9.81,24.41,0.06,10.36,34.76,31.84,,11.0,-22.9102992,-43.23520487
2012-02-24 20:30:00,UNIDADE MOVEL MARACANA,0.0,29.65,59.87,21.25,50.66,0.44,65.2,115.89,3.59,,9.0,-22.9102992,-43.23520487
2012-02-24 21:30:00,UNIDADE MOVEL MARACANA,0.0,29.13,60.73,14.86,42.15,0.3,41.7,83.82,6.68,,28.0,-22.9102992,-43.23520487
2012-02-24 22:30:00,UNIDADE MOVEL MARACANA,0.0,28.11,68.22,14.91,51.46,0.41,77.51,128.99,0.8,,13.0,-22.9102992,-43.23520487
2012-02-24 23:30:00,UNIDADE MOVEL MARACANA,0.0,27.55,70.94,12.23,48.07,0.25,48.56,96.63,1.21,,34.0,-22.9102992,-43.23520487
2012-02-25 00:30:00,UNIDADE MOVEL MARACANA,0.0,27.12,73.11,12.96,45.36,0.2,49.39,94.75,,,32.0,-22.9102992,-43.23520487
2012-02-25 01:30:00,UNIDADE MOVEL MARACANA,0.0,26.67,76.18,21.81,39.94,0.14,43.41,83.35,,,23.0,-22.9102992,-43.23520487
2012-02-25 02:30:00,UNIDADE MOVEL MARACANA,0.0,26.66,76.9,21.46,38.49,0.16,44.94,83.48,,,41.0,-22.9102992,-43.23520487
2012-02-25 03:30:00,UNIDADE MOVEL MARACANA,0.0,26.55,77.94,17.83,36.57,0.17,44.16,80.73,,,31.0,-22.9102992,-43.23520487
2012-02-25 04:30:00,UNIDADE MOVEL MARACANA,0.0,26.48,78.62,10.28,33.94,0.18,37.34,71.27,,,30.0,-22.9102992,-43.23520487
2012-02-25 05:30:00,UNIDADE MOVEL MARACANA,0.0,25.83,81.25,5.47,32.9,0.15,35.08,68.0,,,24.0,-22.9102992,-43.23520487
2012-02-25 06:30:00,UNIDADE MOVEL MARACANA,0.0,25.58,81.7,9.79,30.27,0.23,55.33,85.6,,,26.0,-22.9102992,-43.23520487
2012-02-25 07:30:00,UNIDADE MOVEL MARACANA,0.0,26.41,77.26,13.35,27.36,0.31,46.73,74.08,15.48,,28.0,-22.9102992,-43.23520487
2012-02-25 08:30:00,UNIDADE MOVEL MARACANA,0.0,27.91,70.9,21.17,31.13,0.21,36.36,67.59,15.09,,33.0,-22.9102992,-43.23520487
2012-02-25 09:30:00,UNIDADE MOVEL MARACANA,0.0,29.3,65.6,25.23,35.72,0.18,24.22,59.93,33.64,,58.0,-22.9102992,-43.23520487
2012-02-25 10:30:00,UNIDADE MOVEL MARACANA,0.0,31.06,58.55,30.07,35.72,0.2,12.71,48.41,68.25,,40.0,-22.9102992,-43.23520487
2012-02-25 11:30:00,UNIDADE MOVEL MARACANA,0.0,32.42,52.49,47.57,44.54,0.15,18.35,62.89,58.32,,35.0,-22.9102992,-43.23520487
2012-02-25 12:30:00,UNIDADE MOVEL MARACANA,0.0,33.23,51.8,34.77,36.1,0.16,9.7,45.79,89.16,,36.0,-22.9102992,-43.23520487
2012-02-25 13:30:00,UNIDADE MOVEL MARACANA,0.0,32.87,51.41,27.23,24.97,0.11,3.88,28.84,113.75,,27.0,-22.9102992,-43.23520487
2012-02-25 14:30:00,UNIDADE MOVEL MARACANA,0.0,33.29,50.38,26.85,27.96,0.12,4.51,32.47,117.89,,22.0,-22.9102992,-43.23520487
2012-02-25 15:30:00,UNIDADE MOVEL MARACANA,0.0,33.42,48.34,26.26,29.41,0.11,8.23,37.63,77.61,,33.0,-22.9102992,-43.23520487
2012-02-25 16:30:00,UNIDADE MOVEL MARACANA,0.0,32.74,48.46,25.89,25.18,0.08,8.21,33.39,58.26,,16.0,-22.9102992,-43.23520487
2012-02-25 17:30:00,UNIDADE MOVEL MARACANA,0.0,31.77,49.24,22.16,19.7,0.04,5.35,25.05,58.89,,19.0,-22.9102992,-43.23520487
2012-02-25 18:30:00,UNIDADE MOVEL MARACANA,0.0,31.27,50.66,14.91,20.74,0.04,4.88,25.6,49.08,,12.0,-22.9102992,-43.23520487
2012-02-25 19:30:00,UNIDADE MOVEL MARACANA,0.0,31.12,52.73,10.83,27.51,0.07,6.54,34.03,31.21,,11.0,-22.9102992,-43.23520487
2012-02-25 20:30:00,UNIDADE MOVEL MARACANA,0.0,31.0,53.82,14.35,37.94,0.19,24.54,62.49,6.55,,10.0,-22.9102992,-43.23520487
2012-02-25 21:30:00,UNIDADE MOVEL MARACANA,0.0,30.42,55.775,15.29,36.26,0.215,42.04,78.305,3.665,,20.0,-22.9102992,-43.23520487
2012-02-25 22:30:00,UNIDADE MOVEL MARACANA,0.0,29.84,57.73,16.23,34.58,0.24,59.54,94.12,0.78,,15.0,-22.9102992,-43.23520487
2012-02-25 23:30:00,UNIDADE MOVEL MARACANA,0.0,28.78,60.89,28.0,26.58,0.09,40.76,67.34,1.23,,16.0,-22.9102992,-43.23520487
2012-02-26 00:30:00,UNIDADE MOVEL MARACANA,0.0,28.09,63.47,11.83,22.62,0.11,25.18,47.79,1.11,,20.0,-22.9102992,-43.23520487
2012-02-26 01:30:00,UNIDADE MOVEL MARACANA,0.0,27.57,65.9,25.69,22.88,0.11,44.6,67.51,1.15,,17.0,-22.9102992,-43.23520487
2012-02-26 02:30:00,UNIDADE MOVEL MARACANA,0.0,27.0,69.51,21.97,20.41,0.11,55.35,75.78,2.21,,23.0,-22.9102992,-43.23520487
2012-02-26 03:30:00,UNIDADE MOVEL MARACANA,0.0,26.41,71.55,14.17,17.4,0.09,30.79,48.19,8.87,,23.0,-22.9102992,-43.23520487
2012-02-26 04:30:00,UNIDADE MOVEL MARACANA,0.0,26.2,71.53,29.8,19.24,0.07,47.52,66.77,3.92,,20.0,-22.9102992,-43.23520487
2012-02-26 05:30:00,UNIDADE MOVEL MARACANA,0.0,26.12,72.2,29.68,18.95,0.13,55.46,74.41,3.94,,19.0,-22.9102992,-43.23520487
2012-02-26 06:30:00,UNIDADE MOVEL MARACANA,0.0,26.2,71.41,34.73,21.28,0.2,99.92,121.24,8.51,,18.0,-22.9102992,-43.23520487
2012-02-26 07:30:00,UNIDADE MOVEL MARACANA,0.0,28.3,64.49,74.92,31.31,0.27,101.96,133.11,9.61,,26.0,-22.9102992,-43.23520487
2012-02-26 08:30:00,UNIDADE MOVEL MARACANA,0.0,31.04,53.27,48.81,33.83,0.2,38.71,72.54,18.38,,27.0,-22.9102992,-43.23520487
2012-02-26 09:30:00,UNIDADE MOVEL MARACANA,0.0,32.61,47.586666666666666,52.265,28.189999999999998,0.12000000000000001,27.0,55.19333333333334,43.39,,48.0,-22.9102992,-43.23520487
2012-02-26 10:30:00,UNIDADE MOVEL MARACANA,0.0,34.18,41.903333333333336,55.72,22.55,0.04,15.29,37.84666666666667,68.4,,48.0,-22.9102992,-43.23520487
2012-02-26 11:30:00,UNIDADE MOVEL MARACANA,0.0,35.75,36.22,35.33,16.91,0.07,3.58,20.5,93.41,,48.0,-22.9102992,-43.23520487
2012-02-26 12:30:00,UNIDADE MOVEL MARACANA,0.0,35.44,34.32,31.57,19.47,0.1,6.44,25.9,55.9,,8.0,-22.9102992,-43.23520487
2012-02-26 13:30:00,UNIDADE MOVEL MARACANA,0.0,37.42,28.36,39.72,17.94,0.04,7.96,25.9,66.01,,8.0,-22.9102992,-43.23520487
2012-02-26 14:30:00,UNIDADE MOVEL MARACANA,0.0,38.26,26.78,40.91,25.75,0.06,9.11,34.85,64.65,,9.0,-22.9102992,-43.23520487
2012-02-26 15:30:00,UNIDADE MOVEL MARACANA,0.0,38.17,25.52,41.57,22.2,0.06,6.01,28.22,80.98,,11.0,-22.9102992,-43.23520487
2012-02-26 16:30:00,UNIDADE MOVEL MARACANA,0.0,37.86,26.2,44.69,24.52,0.07,5.07,29.59,84.53,,18.0,-22.9102992,-43.23520487
2012-02-26 17:30:00,UNIDADE MOVEL MARACANA,0.0,36.29,30.98,32.82,29.87,0.13,3.4,33.27,77.09,,11.0,-22.9102992,-43.23520487
2012-02-26 18:30:00,UNIDADE MOVEL MARACANA,0.0,34.99,32.41,28.19,30.69,0.16,2.11,32.8,64.44,,20.0,-22.9102992,-43.23520487
2012-02-26 19:30:00,UNIDADE MOVEL MARACANA,0.0,34.19,33.17,21.09,33.67,0.23,5.64,39.31,46.52,,22.0,-22.9102992,-43.23520487
2012-02-26 20:30:00,UNIDADE MOVEL MARACANA,0.0,33.5,37.81,14.66,36.65,0.2,10.94,47.59,28.63,,18.0,-22.9102992,-43.23520487
2012-02-26 21:30:00,UNIDADE MOVEL MARACANA,0.0,32.55,42.13,13.98,40.36,0.21,10.8,51.16,15.48,,19.0,-22.9102992,-43.23520487
2012-02-26 22:30:00,UNIDADE MOVEL MARACANA,0.0,31.8,41.09,9.87,33.32,0.11,4.15,37.47,27.26,,22.0,-22.9102992,-43.23520487
2012-02-26 23:30:00,UNIDADE MOVEL MARACANA,0.0,31.93,43.03,8.42,30.5,0.15,9.94,40.54,18.27,,20.0,-22.9102992,-43.23520487
2012-02-27 00:30:00,UNIDADE MOVEL MARACANA,0.0,31.27,48.46,14.38,40.9,0.37,66.55,107.44,2.21,,17.0,-22.9102992,-43.23520487
2012-02-27 01:30:00,UNIDADE MOVEL MARACANA,0.0,30.39,54.95,25.6,37.05,0.22,71.03,108.08,0.98,,26.0,-22.9102992,-43.23520487
2012-02-27 02:30:00,UNIDADE MOVEL MARACANA,0.0,29.8,57.67,18.54,32.23,0.12,32.0,64.23,0.87,,32.0,-22.9102992,-43.23520487
2012-02-27 03:30:00,UNIDADE MOVEL MARACANA,0.0,29.1,61.47,28.44,31.82,0.09,45.42,77.23,1.52,,26.0,-22.9102992,-43.23520487
2012-02-27 04:30:00,UNIDADE MOVEL MARACANA,0.0,28.82,65.63,15.98,29.2,0.12,47.64,76.77,1.03,,28.0,-22.9102992,-43.23520487
2012-02-27 05:30:00,UNIDADE MOVEL MARACANA,0.0,28.48,67.79,11.27,27.98,0.14,52.03,80.07,3.08,,28.0,-22.9102992,-43.23520487
2012-02-27 06:30:00,UNIDADE MOVEL MARACANA,0.0,28.37,68.08,18.43,30.23,0.4,94.42,124.64,1.11,,29.0,-22.9102992,-43.23520487
2012-02-27 07:30:00,UNIDADE MOVEL MARACANA,0.0,29.12,66.53,38.86,36.15,0.56,86.81,122.9,3.66,,32.0,-22.9102992,-43.23520487
2012-02-27 08:30:00,UNIDADE MOVEL MARACANA,0.0,31.25,57.93,35.02,53.62,0.83,71.16,124.8,10.47,,52.0,-22.9102992,-43.23520487
2012-02-27 09:30:00,UNIDADE MOVEL MARACANA,0.0,32.63,53.42,32.97,61.2,0.88,50.38,111.56,28.01,,50.0,-22.9102992,-43.23520487
2012-02-27 10:30:00,UNIDADE MOVEL MARACANA,0.0,32.98,51.88,34.94,67.53,0.46,32.82,100.32,41.07,,39.0,-22.9102992,-43.23520487
2012-02-27 11:30:00,UNIDADE MOVEL MARACANA,0.0,34.24,47.41,27.83,45.67,0.23,12.71,58.38,97.83,,40.0,-22.9102992,-43.23520487
2012-02-27 12:30:00,UNIDADE MOVEL MARACANA,0.0,34.95,45.72,22.14,38.82,0.15,7.81,46.66,106.05,,21.0,-22.9102992,-43.23520487
2012-02-27 13:30:00,UNIDADE MOVEL MARACANA,0.0,34.51,45.98,22.7,36.49,0.16,7.64,44.15,101.19,,20.0,-22.9102992,-43.23520487
2012-02-27 14:30:00,UNIDADE MOVEL MARACANA,0.0,35.04,45.55,20.68,23.73,0.09,6.11,29.83,94.3,,23.0,-22.9102992,-43.23520487
2012-02-27 15:30:00,UNIDADE MOVEL MARACANA,0.0,34.97,45.39,20.15,17.09,0.1,3.25,20.33,92.69,,17.0,-22.9102992,-43.23520487
2012-02-27 16:30:00,UNIDADE MOVEL MARACANA,0.0,33.99,45.63,22.31,20.47,0.09,7.64,28.11,70.3,,16.0,-22.9102992,-43.23520487
2012-02-27 17:30:00,UNIDADE MOVEL MARACANA,0.0,32.46,47.38,20.16,20.85,0.1,9.38,30.24,66.98,,13.0,-22.9102992,-43.23520487
2012-02-27 18:30:00,UNIDADE MOVEL MARACANA,0.0,31.35,52.53,13.21,27.3,0.2,6.84,34.15,50.52,,12.0,-22.9102992,-43.23520487
2012-02-27 19:30:00,UNIDADE MOVEL MARACANA,0.0,30.57,52.08,13.33,44.88,0.54,35.34,80.23,11.03,,11.0,-22.9102992,-43.23520487
2012-02-27 20:30:00,UNIDADE MOVEL MARACANA,0.0,29.96,54.28,9.55,41.79,0.48,32.78,74.64,10.07,,16.0,-22.9102992,-43.23520487
2012-02-27 21:30:00,UNIDADE MOVEL MARACANA,0.0,29.3,61.61,5.63,40.82,0.44,33.56,74.37,6.6,,4.0,-22.9102992,-43.23520487
2012-02-27 22:30:00,UNIDADE MOVEL MARACANA,0.0,28.84,67.55,6.19,44.3,0.4,38.42,82.77,0.55,,21.0,-22.9102992,-43.23520487
2012-02-27 23:30:00,UNIDADE MOVEL MARACANA,0.0,28.49,68.83,3.9,37.57,0.3,17.36,55.04,3.34,,28.0,-22.9102992,-43.23520487
2012-02-28 00:30:00,UNIDADE MOVEL MARACANA,0.0,28.2,70.67,3.42,35.9,0.17,19.35,55.31,5.23,,22.0,-22.9102992,-43.23520487
2012-02-28 01:30:00,UNIDADE MOVEL MARACANA,0.0,27.22,77.12,8.55,36.08,0.09,19.4,55.48,0.24,,20.0,-22.9102992,-43.23520487
2012-02-28 02:30:00,UNIDADE MOVEL MARACANA,0.0,26.76,80.36,8.82,28.36,0.07,8.82,37.18,2.39,,20.0,-22.9102992,-43.23520487
2012-02-28 03:30:00,UNIDADE MOVEL MARACANA,0.0,26.23,84.03,6.49,29.69,0.07,13.15,42.84,2.14,,23.0,-22.9102992,-43.23520487
2012-02-28 04:30:00,UNIDADE MOVEL MARACANA,0.0,26.18,84.82,7.89,29.9,0.06,19.81,49.71,2.99,,27.0,-22.9102992,-43.23520487
2012-02-28 05:30:00,UNIDADE MOVEL MARACANA,0.0,26.54,83.13,11.43,30.69,0.14,50.07,80.76,0.66,,23.0,-22.9102992,-43.23520487
2012-02-28 06:30:00,UNIDADE MOVEL MARACANA,0.0,26.46,83.33,14.29,29.49,0.31,54.89,84.47,3.85,,34.0,-22.9102992,-43.23520487
2012-02-28 07:30:00,UNIDADE MOVEL MARACANA,0.0,26.25,84.0,10.8,24.77,0.35,47.43,72.26,2.43,,34.0,-22.9102992,-43.23520487
2012-02-28 08:30:00,UNIDADE MOVEL MARACANA,0.0,27.09,78.81,13.28,25.62,0.28,37.37,62.99,10.39,,40.0,-22.9102992,-43.23520487
2012-02-28 09:30:00,UNIDADE MOVEL MARACANA,0.0,28.72,70.505,18.69,29.725,0.255,25.189999999999998,54.905,31.9925,,49.0,-22.9102992,-43.23520487
2012-02-28 10:30:00,UNIDADE MOVEL MARACANA,0.0,30.35,62.2,24.1,33.83,0.23,13.01,46.82,53.595,,58.0,-22.9102992,-43.23520487
2012-02-28 11:30:00,UNIDADE MOVEL MARACANA,0.0,32.14,51.38,29.32,26.77,0.23666666666666666,6.3,33.09,75.1975,,48.5,-22.9102992,-43.23520487
2012-02-28 12:30:00,UNIDADE MOVEL MARACANA,0.0,33.69,46.04,21.0,28.57,0.24333333333333335,6.84,35.41,96.8,,39.0,-22.9102992,-43.23520487
2012-02-28 13:30:00,UNIDADE MOVEL MARACANA,0.0,34.06,49.25,12.68,40.51,0.25,9.21,49.73,105.48,,33.0,-22.9102992,-43.23520487
2012-02-28 14:30:00,UNIDADE MOVEL MARACANA,0.0,34.01,47.17,4.36,35.79,0.07,11.89,47.65,75.55,,37.0,-22.9102992,-43.23520487
2012-02-28 15:30:00,UNIDADE MOVEL MARACANA,0.0,34.91,40.07,2.16,36.95,0.09,25.12,62.08,42.83,,31.0,-22.9102992,-43.23520487
2012-02-28 16:30:00,UNIDADE MOVEL MARACANA,0.0,35.08,37.34,0.71,32.09,0.07,26.07,58.12,31.31,,26.0,-22.9102992,-43.23520487
2012-02-28 17:30:00,UNIDADE MOVEL MARACANA,0.0,33.38,41.52,0.6,28.95,0.06,16.07,45.05,35.01,,21.0,-22.9102992,-43.23520487
2012-02-28 18:30:00,UNIDADE MOVEL MARACANA,0.0,32.46,42.47,0.0,36.09,0.08,21.38,57.45,20.14,,17.0,-22.9102992,-43.23520487
2012-02-28 19:30:00,UNIDADE MOVEL MARACANA,0.0,31.91,47.1,0.0,41.52,0.18,31.0,72.52,7.87,,15.0,-22.9102992,-43.23520487
2012-02-28 20:30:00,UNIDADE MOVEL MARACANA,0.0,31.15,49.87,0.0,39.02,0.24,33.3,72.33,7.58,,26.0,-22.9102992,-43.23520487
2012-02-28 21:30:00,UNIDADE MOVEL MARACANA,0.0,30.37,53.15,0.0,40.67,0.25,46.79,87.49,1.7,,25.0,-22.9102992,-43.23520487
2012-02-28 22:30:00,UNIDADE MOVEL MARACANA,0.0,29.8,56.19,0.0,37.94,0.34,69.7,107.63,1.74,,26.0,-22.9102992,-43.23520487
2012-02-28 23:30:00,UNIDADE MOVEL MARACANA,0.0,29.26,58.51,0.0,30.75,0.11,31.27,62.02,3.58,,29.0,-22.9102992,-43.23520487
2012-02-29 00:30:00,UNIDADE MOVEL MARACANA,0.0,28.34,62.65,5.69,29.16,0.07,48.4,77.55,4.0,,22.0,-22.9102992,-43.23520487
2012-02-29 01:30:00,UNIDADE MOVEL MARACANA,0.0,27.36,65.31,7.56,23.02,0.04,19.11,42.13,7.02,,16.0,-22.9102992,-43.23520487
2012-02-29 02:30:00,UNIDADE MOVEL MARACANA,0.0,26.8,68.12,5.26,24.82,0.03,31.9,56.72,7.65,,16.0,-22.9102992,-43.23520487
2012-02-29 03:30:00,UNIDADE MOVEL MARACANA,0.0,26.24,71.81,6.51,22.66,0.03,37.37,60.02,3.95,,15.0,-22.9102992,-43.23520487
2012-02-29 04:30:00,UNIDADE MOVEL MARACANA,0.0,25.75,72.95,9.5,21.89,0.02,24.16,46.03,2.44,,20.0,-22.9102992,-43.23520487
2012-02-29 05:30:00,UNIDADE MOVEL MARACANA,0.0,25.81,69.31,6.26,21.3,0.04,27.12,48.45,3.12,,13.0,-22.9102992,-43.23520487
2012-02-29 06:30:00,UNIDADE MOVEL MARACANA,0.0,25.93,69.74,4.34,23.6,0.18,60.62,84.23,4.75,,12.0,-22.9102992,-43.23520487
2012-02-29 07:30:00,UNIDADE MOVEL MARACANA,0.0,27.2,64.97,8.01,26.26,0.2,72.25,98.52,7.025,,20.0,-22.9102992,-43.23520487
2012-02-29 08:30:00,UNIDADE MOVEL MARACANA,0.0,28.95,59.57,16.14,31.66,0.4,85.34,117.06,9.3,,22.0,-22.9102992,-43.23520487
2012-02-29 09:30:00,UNIDADE MOVEL MARACANA,0.0,30.48,53.8,21.07,36.87,0.29,66.15,102.99,12.2,,24.0,-22.9102992,-43.23520487
2012-02-29 10:30:00,UNIDADE MOVEL MARACANA,0.0,32.35,46.89,28.92,42.59,0.16,33.51,76.12,36.78,,24.0,-22.9102992,-43.23520487
2012-02-29 11:30:00,UNIDADE MOVEL MARACANA,0.0,33.93,40.79,24.45,43.96,0.14,30.13,74.1,43.68,,38.0,-22.9102992,-43.23520487
2012-02-29 12:30:00,UNIDADE MOVEL MARACANA,0.0,34.87,37.18,21.8,34.57,0.07,15.39,49.9,68.51,,28.0,-22.9102992,-43.23520487
2012-02-29 13:30:00,UNIDADE MOVEL MARACANA,0.0,35.76,34.07,17.95,29.3,0.06,14.33,43.63,70.98,,24.0,-22.9102992,-43.23520487
2012-02-29 14:30:00,UNIDADE MOVEL MARACANA,0.0,36.02,33.95,16.2,34.53,0.07,18.84,53.44,53.88,,20.0,-22.9102992,-43.23520487
2012-02-29 15:30:00,UNIDADE MOVEL MARACANA,0.0,35.43,36.91,16.29,35.67,0.05,18.3,53.97,52.9,,17.0,-22.9102992,-43.23520487
2012-02-29 16:30:00,UNIDADE MOVEL MARACANA,0.0,34.92,36.16,17.0,35.79,0.07,21.32,57.09,40.45,,27.0,-22.9102992,-43.23520487
2012-02-29 17:30:00,UNIDADE MOVEL MARACANA,0.0,33.73,37.68,15.95,37.56,0.1,16.08,53.66,38.96,,22.0,-22.9102992,-43.23520487
2012-02-29 18:30:00,UNIDADE MOVEL MARACANA,0.0,32.82,41.75,13.91,46.12,0.22,21.17,67.29,25.76,,25.0,-22.9102992,-43.23520487
2012-02-29 19:30:00,UNIDADE MOVEL MARACANA,0.0,32.34,45.56,9.88,43.41,0.17,20.24,63.64,14.66,,28.0,-22.9102992,-43.23520487
2012-02-29 20:30:00,UNIDADE MOVEL MARACANA,0.0,31.64,47.56,8.21,44.34,0.24,36.48,80.73,5.02,,32.0,-22.9102992,-43.23520487
2012-02-29 21:30:00,UNIDADE MOVEL MARACANA,0.0,31.09,49.24,8.39,41.85,0.61,60.86,102.71,2.16,,30.0,-22.9102992,-43.23520487
2012-02-29 22:30:00,UNIDADE MOVEL MARACANA,0.0,30.25,52.87,10.31,38.91,0.27,76.48,115.42,1.17,,31.0,-22.9102992,-43.23520487
2012-02-29 23:30:00,UNIDADE MOVEL MARACANA,0.0,28.76,59.28,19.51,34.79,0.08,94.35,129.09,0.88,,25.0,-22.9102992,-43.23520487
2012-03-01 00:30:00,UNIDADE MOVEL MARACANA,0.0,28.19,62.98,7.5,26.02,0.06,33.21,59.22,2.51,,26.0,-22.9102992,-43.23520487
2012-03-01 01:30:00,UNIDADE MOVEL MARACANA,0.0,27.32,66.17,17.25,25.52,0.05,75.54,101.05,3.75,,20.0,-22.9102992,-43.23520487
2012-03-01 02:30:00,UNIDADE MOVEL MARACANA,0.0,26.71,67.79,17.04,22.92,0.02,52.87,75.79,2.92,,17.0,-22.9102992,-43.23520487
2012-03-01 03:30:00,UNIDADE MOVEL MARACANA,0.0,26.28,69.96,11.18,21.26,0.01,23.05,44.3,6.83,,19.0,-22.9102992,-43.23520487
2012-03-01 04:30:00,UNIDADE MOVEL MARACANA,0.0,25.9,70.81,9.76,21.15,0.01,41.23,62.34,5.1,,13.0,-22.9102992,-43.23520487
2012-03-01 05:30:00,UNIDADE MOVEL MARACANA,0.0,25.6,71.83,13.39,21.23,0.02,46.98,68.22,4.83,,14.0,-22.9102992,-43.23520487
2012-03-01 06:30:00,UNIDADE MOVEL MARACANA,0.0,25.81,70.46,14.93,24.38,0.15,94.71,119.07,7.55,,18.0,-22.9102992,-43.23520487
2012-03-01 07:30:00,UNIDADE MOVEL MARACANA,0.0,27.54,65.45,24.59,27.72,0.34,124.75,152.45,10.06,,20.0,-22.9102992,-43.23520487
2012-03-01 08:30:00,UNIDADE MOVEL MARACANA,0.0,30.15,57.37,44.91,62.87,0.57,95.13,158.1,29.53,,24.0,-22.9102992,-43.23520487
2012-03-01 09:30:00,UNIDADE MOVEL MARACANA,0.0,32.62,49.02,34.29,74.33,0.98,79.98,154.31,19.74,,39.0,-22.9102992,-43.23520487
2012-03-01 10:30:00,UNIDADE MOVEL MARACANA,0.0,33.07,49.72,35.66,59.23,0.35,53.86,113.08,27.19,,32.0,-22.9102992,-43.23520487
2012-03-01 11:30:00,UNIDADE MOVEL MARACANA,0.0,34.84,41.73,48.74,68.2,0.21,15.76,83.98,107.57,,35.0,-22.9102992,-43.23520487
2012-03-01 12:30:00,UNIDADE MOVEL MARACANA,0.0,36.07,36.9,62.73,60.58,0.17,7.02,67.61,176.56,,50.0,-22.9102992,-43.23520487
2012-03-01 13:30:00,UNIDADE MOVEL MARACANA,0.0,36.295,36.0,42.91,59.19,0.17,8.399999999999999,67.595,147.935,,45.0,-22.9102992,-43.23520487
2012-03-01 14:30:00,UNIDADE MOVEL MARACANA,0.0,36.52,35.1,23.09,57.8,0.17,9.78,67.58,119.31,,40.0,-22.9102992,-43.23520487
2012-03-01 15:30:00,UNIDADE MOVEL MARACANA,0.0,36.01,35.15,21.82,51.88,0.1,13.5,65.37,87.86,,36.0,-22.9102992,-43.23520487
2012-03-01 16:30:00,UNIDADE MOVEL MARACANA,0.0,34.92,35.84,19.1,45.55,0.07,16.91,62.47,58.08,,36.0,-22.9102992,-43.23520487
2012-03-01 17:30:00,UNIDADE MOVEL MARACANA,0.0,34.07,35.36,16.2,39.02,0.06,9.23,48.2,70.49,,32.0,-22.9102992,-43.23520487
2012-03-01 18:30:00,UNIDADE MOVEL MARACANA,0.0,33.01,37.7,14.57,63.8,0.33,22.07,85.86,27.48,,21.0,-22.9102992,-43.23520487
2012-03-01 19:30:00,UNIDADE MOVEL MARACANA,0.0,32.29,37.18,12.9,69.12,0.33,35.28,104.37,13.07,,27.0,-22.9102992,-43.23520487
2012-03-01 20:30:00,UNIDADE MOVEL MARACANA,0.0,31.62,36.77,7.48,63.69,0.21,8.39,72.08,23.98,,31.0,-22.9102992,-43.23520487
2012-03-01 21:30:00,UNIDADE MOVEL MARACANA,0.0,30.93,38.12,6.34,65.93,0.31,18.89,84.82,8.91,,27.0,-22.9102992,-43.23520487
2012-03-01 22:30:00,UNIDADE MOVEL MARACANA,0.0,30.25,41.14,6.5,67.87,0.41,37.49,105.34,2.06,,23.0,-22.9102992,-43.23520487
2012-03-01 23:30:00,UNIDADE MOVEL MARACANA,0.0,29.63,41.77,4.86,61.58,0.29,28.83,90.47,1.29,,30.0,-22.9102992,-43.23520487
2012-03-02 00:30:00,UNIDADE MOVEL MARACANA,0.0,29.06,40.91,3.21,53.62,0.22,28.46,81.97,2.76,,25.0,-22.9102992,-43.23520487
2012-03-02 01:30:00,UNIDADE MOVEL MARACANA,0.0,28.17,51.93,8.63,59.1,0.77,134.88,193.93,9.73,,24.0,-22.9102992,-43.23520487
2012-03-02 02:30:00,UNIDADE MOVEL MARACANA,0.0,27.15,64.53,23.8,63.09,0.33,146.56,209.65,1.48,,35.0,-22.9102992,-43.23520487
2012-03-02 03:30:00,UNIDADE MOVEL MARACANA,0.0,26.57,73.32,19.3,54.54,0.19,105.79,160.37,8.93,,43.0,-22.9102992,-43.23520487
2012-03-02 04:30:00,UNIDADE MOVEL MARACANA,0.0,26.31,74.84,11.45,50.03,0.18,35.2,85.22,2.14,,55.0,-22.9102992,-43.23520487
2012-03-02 05:30:00,UNIDADE MOVEL MARACANA,0.0,26.17,76.95,14.54,44.53,0.34,70.61,115.14,13.18,,77.0,-22.9102992,-43.23520487
2012-03-02 06:30:00,UNIDADE MOVEL MARACANA,0.0,26.44,77.0,14.98,44.04,0.74,102.2,146.24,3.54,,81.0,-22.9102992,-43.23520487
2012-03-02 07:30:00,UNIDADE MOVEL MARACANA,0.0,28.94,65.09,15.66,104.94,1.63,73.23,178.23,27.68,,74.0,-22.9102992,-43.23520487
2012-03-02 08:30:00,UNIDADE MOVEL MARACANA,0.0,32.09,50.08,27.96,123.4,1.38,14.32,137.72,122.35,,107.0,-22.9102992,-43.23520487
2012-03-02 09:30:00,UNIDADE MOVEL MARACANA,0.0,33.69,43.82,41.15,91.94,0.52,40.17,132.11,42.52,,73.0,-22.9102992,-43.23520487
2012-03-02 10:30:00,UNIDADE MOVEL MARACANA,0.0,35.09,37.28,42.17,69.33,0.2,25.63,94.98,67.94,,55.0,-22.9102992,-43.23520487
2012-03-02 11:30:00,UNIDADE MOVEL MARACANA,0.0,36.7,34.42,35.6,73.33,0.31,16.67,89.96,103.88,,46.0,-22.9102992,-43.23520487
2012-03-02 12:30:00,UNIDADE MOVEL MARACANA,0.0,36.9,33.78,44.12,63.51,0.17,9.04,72.56,148.91,,48.0,-22.9102992,-43.23520487
2012-03-02 13:30:00,UNIDADE MOVEL MARACANA,0.0,37.14,32.71,26.0,33.92,0.08,2.96,36.88,200.82,,49.0,-22.9102992,-43.23520487
2012-03-02 14:30:00,UNIDADE MOVEL MARACANA,0.0,35.7,31.69,17.51,18.31,0.01,2.49,20.8,124.22,,43.0,-22.9102992,-43.23520487
2012-03-02 15:30:00,UNIDADE MOVEL MARACANA,0.0,34.51,36.16,15.25,14.44,0.01,3.33,17.77,110.28,,21.0,-22.9102992,-43.23520487
2012-03-02 16:30:00,UNIDADE MOVEL MARACANA,0.0,33.83,41.45,16.09,16.46,0.02,3.5,19.95,97.98,,17.0,-22.9102992,-43.23520487
2012-03-02 17:30:00,UNIDADE MOVEL MARACANA,0.0,32.59,46.2,15.87,23.71,0.07,7.52,31.18,80.77,,14.0,-22.9102992,-43.23520487
2012-03-02 18:30:00,UNIDADE MOVEL MARACANA,0.0,30.78,51.91,12.09,21.06,0.06,3.92,24.93,82.31,,22.0,-22.9102992,-43.23520487
2012-03-02 19:30:00,UNIDADE MOVEL MARACANA,0.0,30.72,53.27,9.34,30.87,0.29,4.23,35.09,58.05,,22.0,-22.9102992,-43.23520487
2012-03-02 20:30:00,UNIDADE MOVEL MARACANA,0.0,30.54,55.45,11.25,56.89,0.45,30.12,87.0,17.13,,18.0,-22.9102992,-43.23520487
2012-03-02 21:30:00,UNIDADE MOVEL MARACANA,0.0,29.99,56.27,7.36,35.38,0.13,5.01,40.38,43.85,,34.0,-22.9102992,-43.23520487
2012-03-02 22:30:00,UNIDADE MOVEL MARACANA,0.0,29.73,53.94,4.71,32.54,0.1,6.29,38.84,44.68,,23.0,-22.9102992,-43.23520487
2012-03-02 23:30:00,UNIDADE MOVEL MARACANA,0.0,29.24,56.01,4.6,34.79,0.18,12.95,47.83,37.42,,20.0,-22.9102992,-43.23520487
2012-03-03 00:30:00,UNIDADE MOVEL MARACANA,0.0,28.5,62.8,3.13,28.31,0.17,6.51,34.82,46.16,,21.0,-22.9102992,-43.23520487
2012-03-03 01:30:00,UNIDADE MOVEL MARACANA,0.0,28.44,62.55,1.25,13.98,0.07,2.29,16.26,60.73,,22.0,-22.9102992,-43.23520487
2012-03-03 02:30:00,UNIDADE MOVEL MARACANA,0.0,27.88,65.95,1.1,15.35,0.04,2.75,18.11,62.15,,17.0,-22.9102992,-43.23520487
2012-03-03 03:30:00,UNIDADE MOVEL MARACANA,0.0,27.67,67.03,0.45,21.71,0.06,3.46,25.17,44.71,,22.0,-22.9102992,-43.23520487
2012-03-03 04:30:00,UNIDADE MOVEL MARACANA,0.0,27.13,71.13,1.34,24.19,0.07,2.8,26.99,36.41,,21.0,-22.9102992,-43.23520487
2012-03-03 05:30:00,UNIDADE MOVEL MARACANA,0.0,26.97,67.58,0.35,6.97,0.02,1.19,8.16,58.94,,22.0,-22.9102992,-43.23520487
2012-03-03 06:30:00,UNIDADE MOVEL MARACANA,0.0,27.07,67.75,0.18,21.56,0.1,10.31,31.87,41.27,,13.0,-22.9102992,-43.23520487
2012-03-03 07:30:00,UNIDADE MOVEL MARACANA,0.0,28.18,64.94,6.97,36.22,0.16,24.21,60.45,23.97,,33.0,-22.9102992,-43.23520487
2012-03-03 08:30:00,UNIDADE MOVEL MARACANA,0.0,29.16,63.51,17.65,40.09,0.22,36.57,76.72,15.71,,20.0,-22.9102992,-43.23520487
2012-03-03 09:30:00,UNIDADE MOVEL MARACANA,0.0,29.61,61.51,20.08,37.14,0.18,26.9,64.15,29.39,,35.0,-22.9102992,-43.23520487
2012-03-03 10:30:00,UNIDADE MOVEL MARACANA,0.0,31.22,56.33,19.18,30.97,0.15,17.85,48.81,48.84,,31.0,-22.9102992,-43.23520487
2012-03-03 11:30:00,UNIDADE MOVEL MARACANA,0.0,31.57,56.72,20.64,37.7,0.15,40.43,78.08,58.3,,25.0,-22.9102992,-43.23520487
2012-03-03 12:30:00,UNIDADE MOVEL MARACANA,0.0,31.53,55.2,15.03,18.74,0.08,9.18,27.36,70.81,,34.0,-22.9102992,-43.23520487
2012-03-03 13:30:00,UNIDADE MOVEL MARACANA,0.0,31.77,46.9,11.38,8.56,0.02,5.22,11.94,67.36,,19.0,-22.9102992,-43.23520487
2012-03-03 14:30:00,UNIDADE MOVEL MARACANA,0.0,32.14,48.14,12.16,9.42,0.02,4.8,13.33,61.19,,13.0,-22.9102992,-43.23520487
2012-03-03 15:30:00,UNIDADE MOVEL MARACANA,0.0,32.01,49.85,13.66,10.93,0.04,12.08,22.92,54.78,,13.0,-22.9102992,-43.23520487
2012-03-03 16:30:00,UNIDADE MOVEL MARACANA,0.0,30.12,56.23,13.19,10.32,0.05,4.59,13.39,46.99,,13.0,-22.9102992,-43.23520487
2012-03-03 17:30:00,UNIDADE MOVEL MARACANA,0.0,29.32,61.34,8.45,11.74,0.07,6.62,17.88,38.9,,14.0,-22.9102992,-43.23520487
2012-03-03 18:30:00,UNIDADE MOVEL MARACANA,0.0,28.55,66.09,5.4,12.88,0.09,9.35,21.09,35.33,,13.0,-22.9102992,-43.23520487
2012-03-03 19:30:00,UNIDADE MOVEL MARACANA,0.0,28.44,66.23,3.76,13.96,0.11,7.67,19.77,32.79,,17.0,-22.9102992,-43.23520487
2012-03-03 20:30:00,UNIDADE MOVEL MARACANA,0.0,28.32,68.62,2.73,14.18,0.1,7.01,21.07,30.05,,10.0,-22.9102992,-43.23520487
2012-03-03 21:30:00,UNIDADE MOVEL MARACANA,0.0,28.2,69.46,1.56,15.3,0.16,7.48,21.88,26.07,,12.0,-22.9102992,-43.23520487
2012-03-03 22:30:00,UNIDADE MOVEL MARACANA,0.0,28.0,71.58,0.94,16.12,0.13,11.4,27.4,15.81,,14.0,-22.9102992,-43.23520487
2012-03-03 23:30:00,UNIDADE MOVEL MARACANA,0.0,27.54,75.13,0.33,15.77,0.1,4.74,20.52,21.59,,12.0,-22.9102992,-43.23520487
2012-03-04 00:30:00,UNIDADE MOVEL MARACANA,,27.32,77.13,0.69,15.4,0.08,7.58,22.41,8.21,,15.0,-22.9102992,-43.23520487
2012-03-04 01:30:00,UNIDADE MOVEL MARACANA,,27.01,78.87,1.25,14.24,0.08,6.35,20.59,16.39,,10.0,-22.9102992,-43.23520487
2012-03-04 02:30:00,UNIDADE MOVEL MARACANA,,26.41,84.35,0.98,14.33,0.07,5.85,19.71,18.75,,8.0,-22.9102992,-43.23520487
2012-03-04 03:30:00,UNIDADE MOVEL MARACANA,,26.16,85.32,0.91,11.97,0.07,4.98,16.79,10.39,,8.0,-22.9102992,-43.23520487
2012-03-04 04:30:00,UNIDADE MOVEL MARACANA,,25.6,89.85,0.28,11.3,0.06,5.23,16.46,15.42,,7.0,-22.9102992,-43.23520487
2012-03-04 05:30:00,UNIDADE MOVEL MARACANA,,25.57,91.03,0.08,13.1,0.09,7.54,20.64,18.34,,6.0,-22.9102992,-43.23520487
2012-03-04 06:30:00,UNIDADE MOVEL MARACANA,,25.97,86.58,0.14,13.32,0.09,11.27,24.65,15.93,,6.0,-22.9102992,-43.23520487
2012-03-04 07:30:00,UNIDADE MOVEL MARACANA,,26.11,82.57,0.32,14.68,0.17,13.54,28.37,12.58,,8.0,-22.9102992,-43.23520487
2012-03-04 08:30:00,UNIDADE MOVEL MARACANA,,26.28,83.69,0.84,20.25,0.24,25.5,45.74,7.81,,9.0,-22.9102992,-43.23520487
2012-03-04 09:30:00,UNIDADE MOVEL MARACANA,,25.82,85.58,2.12,24.73,0.18,28.1,53.07,8.21,,9.0,-22.9102992,-43.23520487
2012-03-04 10:30:00,UNIDADE MOVEL MARACANA,,25.66,85.34,2.04,18.34,0.22,14.76,32.98,16.07,,11.0,-22.9102992,-43.23520487
2012-03-04 11:30:00,UNIDADE MOVEL MARACANA,,26.35,80.94,1.14,17.52,0.17,15.45,32.98,13.93,,11.0,-22.9102992,-43.23520487
2012-03-04 12:30:00,UNIDADE MOVEL MARACANA,,27.66,75.4,1.84,21.86,0.22,22.19,44.05,17.96,,10.0,-22.9102992,-43.23520487
2012-03-04 13:30:00,UNIDADE MOVEL MARACANA,,29.2,67.27,3.94,14.03,0.11,17.46,31.48,34.62,,8.0,-22.9102992,-43.23520487
2012-03-04 14:30:00,UNIDADE MOVEL MARACANA,,29.61,63.06,7.76,8.96,0.09,6.19,13.42,41.75,,18.0,-22.9102992,-43.23520487
2012-03-04 15:30:00,UNIDADE MOVEL MARACANA,,29.81,59.15,7.62,7.25,0.03,9.52,15.8,43.59,,12.0,-22.9102992,-43.23520487
2012-03-04 16:30:00,UNIDADE MOVEL MARACANA,,30.63,57.26,10.03,9.83,0.06,9.44,19.21,38.3,,11.0,-22.9102992,-43.23520487
2012-03-04 17:30:00,UNIDADE MOVEL MARACANA,,29.11,60.91,9.2,8.47,0.04,4.06,10.01,29.7,,9.0,-22.9102992,-43.23520487
2012-03-04 18:30:00,UNIDADE MOVEL MARACANA,,28.11,64.37,5.71,12.1,0.08,7.81,19.17,20.02,,9.0,-22.9102992,-43.23520487
2012-03-04 19:30:00,UNIDADE MOVEL MARACANA,,27.65,67.06,3.85,16.1,0.21,15.77,31.86,14.14,,10.0,-22.9102992,-43.23520487
2012-03-04 20:30:00,UNIDADE MOVEL MARACANA,,27.06,71.07,2.54,10.8,0.05,8.78,19.58,15.8,,15.0,-22.9102992,-43.23520487
2012-03-04 21:30:00,UNIDADE MOVEL MARACANA,,26.89,71.6,1.65,11.67,0.07,9.29,20.84,23.18,,11.0,-22.9102992,-43.23520487
2012-03-04 22:30:00,UNIDADE MOVEL MARACANA,,26.88,71.38,1.34,12.91,0.06,7.14,20.08,18.56,,11.0,-22.9102992,-43.23520487
2012-03-04 23:30:00,UNIDADE MOVEL MARACANA,,26.55,73.56,0.95,14.29,0.06,9.27,23.41,15.91,,11.0,-22.9102992,-43.23520487
2012-03-05 00:30:00,UNIDADE MOVEL MARACANA,,26.19,75.78,0.81,10.93,0.06,4.16,15.1,14.68,,16.0,-22.9102992,-43.23520487
2012-03-05 01:30:00,UNIDADE MOVEL MARACANA,,26.23,74.16,0.3,8.22,0.05,3.72,11.27,22.32,,12.0,-22.9102992,-43.23520487
2012-03-05 02:30:00,UNIDADE MOVEL MARACANA,,25.96,74.95,0.0,8.9,0.07,2.93,11.35,15.9,,13.0,-22.9102992,-43.23520487
2012-03-05 03:30:00,UNIDADE MOVEL MARACANA,,25.66,76.62,0.0,14.35,0.06,3.4,17.21,15.39,,13.0,-22.9102992,-43.23520487
2012-03-05 04:30:00,UNIDADE MOVEL MARACANA,,25.25,76.86,0.34,14.67,0.06,15.15,29.81,10.31,,14.0,-22.9102992,-43.23520487
2012-03-05 05:30:00,UNIDADE MOVEL MARACANA,,25.05,81.78,1.28,21.84,0.2,48.77,70.62,1.13,,13.0,-22.9102992,-43.23520487
2012-03-05 06:30:00,UNIDADE MOVEL MARACANA,,25.0,83.94,9.22,21.52,0.41,81.05,102.58,3.09,,20.0,-22.9102992,-43.23520487
2012-03-05 07:30:00,UNIDADE MOVEL MARACANA,,26.21,78.22,12.26,23.17,0.39,70.28,93.44,6.89,,24.0,-22.9102992,-43.23520487
2012-03-05 08:30:00,UNIDADE MOVEL MARACANA,,27.75,71.81,19.88,30.45,0.52,63.8,94.26,14.7,,28.0,-22.9102992,-43.23520487
2012-03-05 09:30:00,UNIDADE MOVEL MARACANA,,29.17,66.38,25.86,36.51,0.5,60.8,97.65,13.28,,34.0,-22.9102992,-43.23520487
2012-03-05 10:30:00,UNIDADE MOVEL MARACANA,,29.69,61.94,23.03,39.3,0.22,49.06,88.4,24.93,,33.0,-22.9102992,-43.23520487
2012-03-05 11:30:00,UNIDADE MOVEL MARACANA,,30.78,55.36,24.68,39.42,0.14,44.5,83.91,25.13,,33.0,-22.9102992,-43.23520487
2012-03-05 12:30:00,UNIDADE MOVEL MARACANA,,31.85,48.46,19.99,32.17,0.12,26.08,57.95,45.56,,22.0,-22.9102992,-43.23520487
2012-03-05 13:30:00,UNIDADE MOVEL MARACANA,,32.44,45.17,16.62,29.98,0.08,21.84,50.52,53.28,,25.0,-22.9102992,-43.23520487
2012-03-05 14:30:00,UNIDADE MOVEL MARACANA,,32.21,47.48,16.34,31.77,0.08,20.06,51.72,53.63,,20.0,-22.9102992,-43.23520487
2012-03-05 15:30:00,UNIDADE MOVEL MARACANA,,31.64,48.41,18.02,29.38,0.05,23.41,52.99,41.31,,24.0,-22.9102992,-43.23520487
2012-03-05 16:30:00,UNIDADE MOVEL MARACANA,,29.85,58.2,18.42,23.33,0.05,19.81,42.92,28.98,,22.0,-22.9102992,-43.23520487
2012-03-05 17:30:00,UNIDADE MOVEL MARACANA,,28.62,62.48,14.15,16.65,0.07,14.62,31.25,19.77,,19.0,-22.9102992,-43.23520487
2012-03-05 18:30:00,UNIDADE MOVEL MARACANA,,28.62,64.0,9.75,21.86,0.22,24.3,45.92,16.33,,11.0,-22.9102992,-43.23520487
2012-03-05 19:30:00,UNIDADE MOVEL MARACANA,,28.03,69.72,8.29,25.11,0.3,36.7,61.83,9.35,,9.0,-22.9102992,-43.23520487
2012-03-05 20:30:00,UNIDADE MOVEL MARACANA,,27.19,75.04,6.99,24.99,0.23,31.5,56.72,7.69,,18.0,-22.9102992,-43.23520487
2012-03-05 21:30:00,UNIDADE MOVEL MARACANA,,26.4,78.86,4.51,23.06,0.15,24.74,47.85,6.986666666666667,,16.0,-22.9102992,-43.23520487
2012-03-05 22:30:00,UNIDADE MOVEL MARACANA,,26.55,76.66,3.85,22.73,0.11,29.13,51.93,6.283333333333333,,16.0,-22.9102992,-43.23520487
2012-03-05 23:30:00,UNIDADE MOVEL MARACANA,,26.53,75.8,2.8,15.9,0.05,19.34,35.08,5.58,,20.0,-22.9102992,-43.23520487
2012-03-06 00:30:00,UNIDADE MOVEL MARACANA,0.0,,,,,,,,,,,-22.9102992,-43.23520487
2012-03-06 01:30:00,UNIDADE MOVEL MARACANA,0.0,,,,,,,,,,,-22.9102992,-43.23520487
2012-03-06 02:30:00,UNIDADE MOVEL MARACANA,0.0,,,,,,,,,,,-22.9102992,-43.23520487
2012-03-06 03:30:00,UNIDADE MOVEL MARACANA,0.0,,,,,,,,,,,-22.9102992,-43.23520487
2012-03-06 04:30:00,UNIDADE MOVEL MARACANA,0.0,,,,,,,,,,,-22.9102992,-43.23520487
2012-03-06 05:30:00,UNIDADE MOVEL MARACANA,0.0,,,,,,,,,,,-22.9102992,-43.23520487
2012-03-06 06:30:00,UNIDADE MOVEL MARACANA,0.0,,,,,,,,,,,-22.9102992,-43.23520487
2012-03-06 07:30:00,UNIDADE MOVEL MARACANA,0.0,,,,,,,,,,,-22.9102992,-43.23520487
2012-03-06 08:30:00,UNIDADE MOVEL MARACANA,0.0,,,,,,,,,,,-22.9102992,-43.23520487
2012-03-06 09:30:00,UNIDADE MOVEL MARACANA,0.0,,,,,,,,,,,-22.9102992,-43.23520487
2012-03-06 10:30:00,UNIDADE MOVEL MARACANA,0.0,,,,,,,,,,,-22.9102992,-43.23520487
2012-03-06 11:30:00,UNIDADE MOVEL MARACANA,0.0,,,,,,,,,,,-22.9102992,-43.23520487
2012-03-06 12:30:00,UNIDADE MOVEL MARACANA,0.0,32.11,46.68,17.02,22.27,0.07,18.38,40.78,50.53,,26.0,-22.9102992,-43.23520487
2012-03-06 13:30:00,UNIDADE MOVEL MARACANA,0.0,32.42,48.0,15.16,26.99,0.09,23.11,50.05,47.96,,15.0,-22.9102992,-43.23520487
2012-03-06 14:30:00,UNIDADE MOVEL MARACANA,0.0,31.14,54.72,15.62,23.08,0.04,21.82,44.95,40.4,,17.0,-22.9102992,-43.23520487
2012-03-06 15:30:00,UNIDADE MOVEL MARACANA,0.0,30.33,53.5,15.47,13.71,0.04,23.51,37.0,25.8,,17.0,-22.9102992,-43.23520487
2012-03-06 16:30:00,UNIDADE MOVEL MARACANA,0.0,29.56,54.03,15.58,10.11,0.02,11.22,21.53,19.98,,17.0,-22.9102992,-43.23520487
2012-03-06 17:30:00,UNIDADE MOVEL MARACANA,0.0,27.85,63.36,12.01,13.26,0.04,15.13,28.47,12.46,,13.0,-22.9102992,-43.23520487
2012-03-06 18:30:00,UNIDADE MOVEL MARACANA,0.0,27.05,66.79,6.9,15.98,0.07,21.03,37.1,13.48,,8.0,-22.9102992,-43.23520487
2012-03-06 19:30:00,UNIDADE MOVEL MARACANA,0.0,26.45,71.87,4.21,18.88,0.08,15.96,34.8,16.07,,15.0,-22.9102992,-43.23520487
2012-03-06 20:30:00,UNIDADE MOVEL MARACANA,0.0,26.5,73.03,2.45,19.99,0.1,13.27,33.31,15.48,,10.0,-22.9102992,-43.23520487
2012-03-06 21:30:00,UNIDADE MOVEL MARACANA,0.0,26.39,74.81,1.67,24.79,0.14,22.43,47.28,8.08,,11.0,-22.9102992,-43.23520487
2012-03-06 22:30:00,UNIDADE MOVEL MARACANA,0.0,26.21,75.68,0.96,22.59,0.13,16.09,38.7,12.45,,13.0,-22.9102992,-43.23520487
2012-03-06 23:30:00,UNIDADE MOVEL MARACANA,0.0,26.25,71.63,0.56,19.29,0.08,11.06,30.41,13.49,,13.0,-22.9102992,-43.23520487
2012-03-07 00:30:00,UNIDADE MOVEL MARACANA,0.0,26.28,69.99,0.16,19.0,0.06,12.09,31.08,19.66,,10.0,-22.9102992,-43.23520487
2012-03-07 01:30:00,UNIDADE MOVEL MARACANA,0.0,25.98,73.78,0.0,16.02,0.04,7.4,23.39,18.08,,15.0,-22.9102992,-43.23520487
2012-03-07 02:30:00,UNIDADE MOVEL MARACANA,0.0,25.71,75.32,0.0,14.03,0.02,4.29,18.31,21.5,,14.0,-22.9102992,-43.23520487
2012-03-07 03:30:00,UNIDADE MOVEL MARACANA,0.0,25.45,77.09,0.0,11.95,0.01,2.56,14.38,8.49,,15.0,-22.9102992,-43.23520487
2012-03-07 04:30:00,UNIDADE MOVEL MARACANA,0.0,25.32,77.14,0.0,11.57,0.01,6.68,18.3,20.29,,7.0,-22.9102992,-43.23520487
2012-03-07 05:30:00,UNIDADE MOVEL MARACANA,0.0,25.3,75.64,0.0,14.77,0.03,11.09,25.85,12.21,,9.0,-22.9102992,-43.23520487
2012-03-07 06:30:00,UNIDADE MOVEL MARACANA,0.0,25.31,78.23,1.23,27.72,0.4,91.06,118.75,7.0,,10.0,-22.9102992,-43.23520487
2012-03-07 07:30:00,UNIDADE MOVEL MARACANA,0.0,26.55,73.97,6.72,28.54,0.49,91.08,119.59,2.5,,19.0,-22.9102992,-43.23520487
2012-03-07 08:30:00,UNIDADE MOVEL MARACANA,0.0,28.1,65.71,17.02,26.11,0.39,70.08,96.14,1.74,,19.0,-22.9102992,-43.23520487
2012-03-07 09:30:00,UNIDADE MOVEL MARACANA,0.0,29.06,61.25,18.67,32.8,0.42,59.19,92.08,18.06,,22.0,-22.9102992,-43.23520487
2012-03-07 10:30:00,UNIDADE MOVEL MARACANA,0.0,29.67,55.9,17.27,26.94,0.1,31.05,57.96,37.8,,17.0,-22.9102992,-43.23520487
2012-03-07 11:30:00,UNIDADE MOVEL MARACANA,0.0,29.98,55.27,16.23,27.19,0.12,22.32,49.62,35.06,,17.0,-22.9102992,-43.23520487
2012-03-07 12:30:00,UNIDADE MOVEL MARACANA,0.0,30.15,56.97,13.38,19.0,0.09,21.94,40.94,33.88,,23.0,-22.9102992,-43.23520487
2012-03-07 13:30:00,UNIDADE MOVEL MARACANA,0.0,28.57,62.83,11.54,17.01,0.08,22.05,39.44,22.62,,15.0,-22.9102992,-43.23520487
2012-03-07 14:30:00,UNIDADE MOVEL MARACANA,0.0,29.18,60.27,10.47,17.28,0.09,31.68,48.95,24.09,,11.0,-22.9102992,-43.23520487
2012-03-07 15:30:00,UNIDADE MOVEL MARACANA,0.0,29.8,56.04,13.51,12.08,0.04,18.82,30.8,31.74,,12.0,-22.9102992,-43.23520487
2012-03-07 16:30:00,UNIDADE MOVEL MARACANA,0.0,29.28,55.39,15.45,12.47,0.04,14.84,27.38,22.96,,12.0,-22.9102992,-43.23520487
2012-03-07 17:30:00,UNIDADE MOVEL MARACANA,0.0,27.9,61.91,11.83,12.77,0.08,8.85,21.61,19.88,,16.0,-22.9102992,-43.23520487
2012-03-07 18:30:00,UNIDADE MOVEL MARACANA,0.0,26.82,69.28,6.26,15.59,0.09,15.43,31.04,16.78,,13.0,-22.9102992,-43.23520487
2012-03-07 19:30:00,UNIDADE MOVEL MARACANA,0.0,26.21,74.31,4.42,16.52,0.06,16.57,33.05,12.2,,9.0,-22.9102992,-43.23520487
2012-03-07 20:30:00,UNIDADE MOVEL MARACANA,0.0,26.02,77.17,3.38,19.78,0.09,20.02,39.83,,,4.0,-22.9102992,-43.23520487
2012-03-07 21:30:00,UNIDADE MOVEL MARACANA,0.0,25.89,77.9,2.53,19.85,0.13,22.87,42.74,,,7.0,-22.9102992,-43.23520487
2012-03-07 22:30:00,UNIDADE MOVEL MARACANA,0.0,25.91,78.31,1.96,21.52,0.11,25.97,47.48,,,6.0,-22.9102992,-43.23520487
2012-03-07 23:30:00,UNIDADE MOVEL MARACANA,0.0,25.8,78.76,1.38,18.14,0.06,17.7,35.83,,,7.0,-22.9102992,-43.23520487
2012-03-08 00:30:00,UNIDADE MOVEL MARACANA,0.0,25.6,78.46,0.58,15.59,0.03,8.54,24.18,,,11.0,-22.9102992,-43.23520487
2012-03-08 01:30:00,UNIDADE MOVEL MARACANA,0.0,25.67,75.28,0.27,18.63,0.04,12.12,30.68,,,10.0,-22.9102992,-43.23520487
2012-03-08 02:30:00,UNIDADE MOVEL MARACANA,0.0,25.41,75.91,0.0,13.5,0.02,10.02,23.52,,,9.0,-22.9102992,-43.23520487
2012-03-08 03:30:00,UNIDADE MOVEL MARACANA,0.0,25.04,76.94,0.0,14.54,0.04,5.47,20.07,,,6.0,-22.9102992,-43.23520487
2012-03-08 04:30:00,UNIDADE MOVEL MARACANA,0.0,24.51,80.37,0.0,20.24,0.05,15.44,35.67,,,7.0,-22.9102992,-43.23520487
2012-03-08 05:30:00,UNIDADE MOVEL MARACANA,0.0,24.09,84.41,0.2,22.59,0.11,41.98,64.58,,,9.0,-22.9102992,-43.23520487
2012-03-08 06:30:00,UNIDADE MOVEL MARACANA,0.0,24.27,81.49,1.36,21.65,0.16,40.17,61.75,,,11.0,-22.9102992,-43.23520487
2012-03-08 07:30:00,UNIDADE MOVEL MARACANA,0.0,26.23,70.72,2.19,22.98,0.35,52.05,75.02,,,13.0,-22.9102992,-43.23520487
2012-03-08 08:30:00,UNIDADE MOVEL MARACANA,0.0,27.39,66.62,8.7,28.87,0.41,72.29,101.14,,,14.0,-22.9102992,-43.23520487
2012-03-08 09:30:00,UNIDADE MOVEL MARACANA,0.0,28.31,62.07,12.86,30.09,0.14,28.93,59.05,26.24,,14.0,-22.9102992,-43.23520487
2012-03-08 10:30:00,UNIDADE MOVEL MARACANA,0.0,29.3,56.84,17.01,38.61,0.11,40.99,79.58,30.18,,21.0,-22.9102992,-43.23520487
2012-03-08 11:30:00,UNIDADE MOVEL MARACANA,0.0,30.4,51.07,20.35,36.96,0.09,34.3,71.35,32.33,,24.0,-22.9102992,-43.23520487
2012-03-08 12:30:00,UNIDADE MOVEL MARACANA,0.0,30.99,47.55,17.1,21.13,0.06,17.99,39.09,46.64,,18.0,-22.9102992,-43.23520487
2012-03-08 13:30:00,UNIDADE MOVEL MARACANA,0.0,30.73,52.6,17.79,25.59,0.12,29.33,54.92,44.38,,18.0,-22.9102992,-43.23520487
2012-03-08 14:30:00,UNIDADE MOVEL MARACANA,0.0,30.43,54.28,18.11,19.93,0.07,26.52,46.59,33.86,,26.0,-22.9102992,-43.23520487
2012-03-08 15:30:00,UNIDADE MOVEL MARACANA,0.0,29.9,54.6,17.67,17.14,0.04,18.99,36.2,33.06,,19.0,-22.9102992,-43.23520487
2012-03-08 16:30:00,UNIDADE MOVEL MARACANA,0.0,28.88,55.5,16.15,14.58,0.05,14.29,28.89,28.64,,14.0,-22.9102992,-43.23520487
2012-03-08 17:30:00,UNIDADE MOVEL MARACANA,0.0,27.84,59.91,11.09,17.36,0.1,14.04,31.35,25.5,,12.0,-22.9102992,-43.23520487
2012-03-08 18:30:00,UNIDADE MOVEL MARACANA,0.0,26.74,68.77,6.68,20.63,0.12,11.8,32.42,23.93,,10.0,-22.9102992,-43.23520487
2012-03-08 19:30:00,UNIDADE MOVEL MARACANA,0.0,26.53,71.52,4.43,21.39,0.08,12.13,33.54,21.21,,8.0,-22.9102992,-43.23520487
2012-03-08 20:30:00,UNIDADE MOVEL MARACANA,0.0,26.87,69.64,3.28,29.81,0.12,21.7,51.53,7.29,,8.0,-22.9102992,-43.23520487
2012-03-08 21:30:00,UNIDADE MOVEL MARACANA,0.0,27.04,64.41,3.72,31.97,0.3,42.31,74.21,3.62,,11.0,-22.9102992,-43.23520487
2012-03-08 22:30:00,UNIDADE MOVEL MARACANA,0.0,26.73,63.44,3.48,30.8,0.19,39.69,70.53,6.66,,17.0,-22.9102992,-43.23520487
2012-03-08 23:30:00,UNIDADE MOVEL MARACANA,0.0,26.23,66.7,1.97,25.66,0.08,12.63,38.27,19.03,,10.0,-22.9102992,-43.23520487
2012-03-09 00:30:00,UNIDADE MOVEL MARACANA,0.0,26.04,68.3,1.14,26.73,0.07,11.52,38.29,17.87,,11.0,-22.9102992,-43.23520487
2012-03-09 01:30:00,UNIDADE MOVEL MARACANA,0.0,25.67,70.47,0.8,22.19,0.05,7.98,30.19,18.33,,14.0,-22.9102992,-43.23520487
2012-03-09 02:30:00,UNIDADE MOVEL MARACANA,0.0,25.2,73.52,0.95,17.02,0.04,4.47,21.32,38.79,,18.0,-22.9102992,-43.23520487
2012-03-09 03:30:00,UNIDADE MOVEL MARACANA,0.0,24.89,75.51,0.63,21.39,0.03,5.76,26.98,17.99,,15.0,-22.9102992,-43.23520487
2012-03-09 04:30:00,UNIDADE MOVEL MARACANA,0.0,24.5,78.54,1.06,25.73,0.02,6.8,32.45,18.37,,22.0,-22.9102992,-43.23520487
2012-03-09 05:30:00,UNIDADE MOVEL MARACANA,0.0,24.28,79.75,1.86,29.57,0.05,19.52,49.09,9.04,,10.0,-22.9102992,-43.23520487
2012-03-09 06:30:00,UNIDADE MOVEL MARACANA,0.0,24.56,77.51,3.21,34.3,0.21,69.23,103.55,4.37,,16.0,-22.9102992,-43.23520487
2012-03-09 07:30:00,UNIDADE MOVEL MARACANA,0.0,25.78,72.85,6.51,32.89,0.32,68.03,100.89,8.81,,14.0,-22.9102992,-43.23520487
2012-03-09 08:30:00,UNIDADE MOVEL MARACANA,0.0,27.14,68.12,11.98,34.37,0.26,63.42,97.76,18.04,,25.0,-22.9102992,-43.23520487
2012-03-09 09:30:00,UNIDADE MOVEL MARACANA,0.0,28.71,61.57,20.86,32.88,0.23,55.8,88.34,14.85,,26.0,-22.9102992,-43.23520487
2012-03-09 10:30:00,UNIDADE MOVEL MARACANA,0.0,30.2,55.02,24.64,34.0,0.13,35.24,69.23,27.98,,19.0,-22.9102992,-43.23520487
2012-03-09 11:30:00,UNIDADE MOVEL MARACANA,0.0,31.56,50.24,27.47,43.74,0.14,39.2,83.01,30.16,,21.0,-22.9102992,-43.23520487
2012-03-09 12:30:00,UNIDADE MOVEL MARACANA,0.0,31.96,48.18,18.09,27.04,0.07,15.11,42.05,59.92,,28.0,-22.9102992,-43.23520487
2012-03-09 13:30:00,UNIDADE MOVEL MARACANA,0.0,32.3,47.86,16.41,26.33,0.07,21.08,47.44,46.9,,19.0,-22.9102992,-43.23520487
2012-03-09 14:30:00,UNIDADE MOVEL MARACANA,0.0,31.65,46.68,15.57,21.52,0.04,21.38,42.69,43.46,,15.0,-22.9102992,-43.23520487
2012-03-09 15:30:00,UNIDADE MOVEL MARACANA,0.0,30.68,52.28,16.54,20.34,0.04,16.42,37.05,36.74,,18.0,-22.9102992,-43.23520487
2012-03-09 16:30:00,UNIDADE MOVEL MARACANA,0.0,30.04,51.55,15.95,16.55,0.04,11.33,27.73,36.79,,18.0,-22.9102992,-43.23520487
2012-03-09 17:30:00,UNIDADE MOVEL MARACANA,0.0,28.84,48.69,12.34,16.92,0.08,11.88,28.58,24.22,,16.0,-22.9102992,-43.23520487
2012-03-09 18:30:00,UNIDADE MOVEL MARACANA,0.0,27.79,53.39,8.15,21.63,0.11,16.97,38.59,19.62,,5.0,-22.9102992,-43.23520487
2012-03-09 19:30:00,UNIDADE MOVEL MARACANA,0.0,27.76,56.94,6.04,25.53,0.16,17.48,43.05,19.7,,6.0,-22.9102992,-43.23520487
2012-03-09 20:30:00,UNIDADE MOVEL MARACANA,0.0,27.87,60.01,5.09,29.77,0.17,20.81,50.58,10.31,,10.0,-22.9102992,-43.23520487
2012-03-09 21:30:00,UNIDADE MOVEL MARACANA,0.0,27.59,62.41,5.38,31.49,0.18,32.71,64.32,2.17,,18.0,-22.9102992,-43.23520487
2012-03-09 22:30:00,UNIDADE MOVEL MARACANA,0.0,27.12,64.63,4.71,31.37,0.24,37.57,68.97,5.01,,20.0,-22.9102992,-43.23520487
2012-03-09 23:30:00,UNIDADE MOVEL MARACANA,0.0,26.62,64.92,3.71,30.19,0.22,32.99,63.13,11.45,,17.0,-22.9102992,-43.23520487
2012-03-10 00:30:00,UNIDADE MOVEL MARACANA,0.0,26.22,68.44,2.92,32.36,0.2,30.0,62.38,13.33,,16.0,-22.9102992,-43.23520487
2012-03-10 01:30:00,UNIDADE MOVEL MARACANA,0.0,25.66,75.29,1.22,22.88,0.07,12.9,35.8,17.05,,21.0,-22.9102992,-43.23520487
2012-03-10 02:30:00,UNIDADE MOVEL MARACANA,0.0,25.32,77.96,0.35,20.62,0.06,8.71,29.34,21.34,,8.0,-22.9102992,-43.23520487
2012-03-10 03:30:00,UNIDADE MOVEL MARACANA,0.0,25.17,79.1,0.27,20.19,0.05,7.84,28.04,20.05,,10.0,-22.9102992,-43.23520487
2012-03-10 04:30:00,UNIDADE MOVEL MARACANA,0.0,24.8,81.0,0.01,22.11,0.05,10.86,33.03,18.13,,13.0,-22.9102992,-43.23520487
2012-03-10 05:30:00,UNIDADE MOVEL MARACANA,0.0,24.52,82.59,0.08,26.64,0.07,23.0,49.62,9.61,,13.0,-22.9102992,-43.23520487
2012-03-10 06:30:00,UNIDADE MOVEL MARACANA,0.0,24.71,80.41,0.98,29.41,0.16,41.03,70.45,1.39,,13.0,-22.9102992,-43.23520487
2012-03-10 07:30:00,UNIDADE MOVEL MARACANA,0.0,25.78,73.3,2.82,22.03,0.11,31.94,53.98,11.05,,11.0,-22.9102992,-43.23520487
2012-03-10 08:30:00,UNIDADE MOVEL MARACANA,0.0,27.11,66.94,7.03,19.7,0.11,36.04,55.76,34.69,,17.0,-22.9102992,-43.23520487
2012-03-10 09:30:00,UNIDADE MOVEL MARACANA,0.0,28.19,61.28,10.25,15.98,0.08,23.43,39.44,30.73,,11.0,-22.9102992,-43.23520487
2012-03-10 10:30:00,UNIDADE MOVEL MARACANA,0.0,29.42,56.64,21.09,22.37,0.06,18.67,40.96,51.52,,11.0,-22.9102992,-43.23520487
2012-03-10 11:30:00,UNIDADE MOVEL MARACANA,0.0,30.44,49.96,16.82,18.72,0.07,14.6,33.34,61.09,,19.0,-22.9102992,-43.23520487
2012-03-10 12:30:00,UNIDADE MOVEL MARACANA,0.0,30.99,50.7,17.13,23.02,0.1,11.8,34.92,61.13,,17.0,-22.9102992,-43.23520487
2012-03-10 13:30:00,UNIDADE MOVEL MARACANA,0.0,30.76,51.53,14.35,20.93,0.11,11.19,32.18,44.29,,18.0,-22.9102992,-43.23520487
2012-03-10 14:30:00,UNIDADE MOVEL MARACANA,0.0,30.55,49.23,12.68,18.93,0.09,17.58,36.51,36.36,,15.0,-22.9102992,-43.23520487
2012-03-10 15:30:00,UNIDADE MOVEL MARACANA,0.0,29.43,50.09,11.98,18.01,0.08,9.45,27.39,30.98,,16.0,-22.9102992,-43.23520487
2012-03-10 16:30:00,UNIDADE MOVEL MARACANA,0.0,29.19,49.1,9.45,25.18,0.15,19.12,44.34,22.68,,9.0,-22.9102992,-43.23520487
2012-03-10 17:30:00,UNIDADE MOVEL MARACANA,0.0,29.33,49.33,7.59,31.19,0.21,26.01,57.32,15.31,,10.0,-22.9102992,-43.23520487
2012-03-10 18:30:00,UNIDADE MOVEL MARACANA,0.0,29.28,50.04,6.54,35.76,0.15,28.98,64.84,8.71,,12.0,-22.9102992,-43.23520487
2012-03-10 19:30:00,UNIDADE MOVEL MARACANA,0.0,28.75,51.0,5.33,28.31,0.09,24.63,52.94,10.72,,23.0,-22.9102992,-43.23520487
2012-03-10 20:30:00,UNIDADE MOVEL MARACANA,0.0,28.05,50.67,5.33,25.05,0.07,22.62,47.77,8.57,,28.0,-22.9102992,-43.23520487
2012-03-10 21:30:00,UNIDADE MOVEL MARACANA,0.0,27.59,48.89,3.44,23.03,0.03,20.9,43.92,6.92,,16.0,-22.9102992,-43.23520487
2012-03-10 22:30:00,UNIDADE MOVEL MARACANA,0.0,27.29,49.27,3.28,26.74,0.06,33.94,60.68,5.27,,14.0,-22.9102992,-43.23520487
2012-03-10 23:30:00,UNIDADE MOVEL MARACANA,0.0,26.85,51.97,3.85,23.77,0.05,27.2,51.04,3.62,,17.0,-22.9102992,-43.23520487
2012-03-11 00:30:00,UNIDADE MOVEL MARACANA,0.0,26.37,56.98,4.79,25.98,0.08,37.76,63.73,1.97,,14.0,-22.9102992,-43.23520487
2012-03-11 01:30:00,UNIDADE MOVEL MARACANA,0.0,25.8,60.7,4.48,24.19,0.05,27.45,51.66,6.87,,19.0,-22.9102992,-43.23520487
2012-03-11 02:30:00,UNIDADE MOVEL MARACANA,0.0,25.56,62.26,2.16,21.42,0.03,16.38,37.8,4.84,,14.0,-22.9102992,-43.23520487
2012-03-11 03:30:00,UNIDADE MOVEL MARACANA,0.0,25.34,63.61,2.31,22.73,0.03,18.99,41.69,15.89,,14.0,-22.9102992,-43.23520487
2012-03-11 04:30:00,UNIDADE MOVEL MARACANA,0.0,25.29,64.71,3.51,23.36,0.04,29.03,52.37,2.02,,13.0,-22.9102992,-43.23520487
2012-03-11 05:30:00,UNIDADE MOVEL MARACANA,0.0,25.0,65.62,6.46,21.56,0.03,21.56,43.08,5.64,,13.0,-22.9102992,-43.23520487
2012-03-11 06:30:00,UNIDADE MOVEL MARACANA,0.0,25.1,67.07,7.62,20.69,0.07,38.96,59.66,4.56,,15.0,-22.9102992,-43.23520487
2012-03-11 07:30:00,UNIDADE MOVEL MARACANA,0.0,25.18,68.28,15.77,19.61,0.06,41.4,61.05,7.01,,12.0,-22.9102992,-43.23520487
2012-03-11 08:30:00,UNIDADE MOVEL MARACANA,0.0,27.43,60.49,26.52,22.68,0.1,51.34,74.01,5.41,,18.0,-22.9102992,-43.23520487
2012-03-11 09:30:00,UNIDADE MOVEL MARACANA,0.0,28.7025,56.4575,26.38,25.6475,0.04,40.167500000000004,65.81,3.28,,35.0,-22.9102992,-43.23520487
2012-03-11 10:30:00,UNIDADE MOVEL MARACANA,0.0,29.975,52.425,18.96,28.615,0.05,28.995,57.61,30.172499999999996,,30.0,-22.9102992,-43.23520487
2012-03-11 11:30:00,UNIDADE MOVEL MARACANA,0.0,31.247500000000002,48.3925,11.54,31.582499999999996,0.060000000000000005,17.822499999999998,49.410000000000004,57.06499999999999,,25.0,-22.9102992,-43.23520487
2012-03-11 12:30:00,UNIDADE MOVEL MARACANA,0.0,32.52,44.36,4.12,34.55,0.07,6.65,41.21,83.9575,,20.0,-22.9102992,-43.23520487
2012-03-11 13:30:00,UNIDADE MOVEL MARACANA,0.0,33.21,43.14,0.0,28.98,0.11,5.16,34.16,110.85,,15.0,-22.9102992,-43.23520487
2012-03-11 14:30:00,UNIDADE MOVEL MARACANA,0.0,33.04,43.6,0.04,29.95,0.13,4.71,34.69,110.54,,17.0,-22.9102992,-43.23520487
2012-03-11 15:30:00,UNIDADE MOVEL MARACANA,0.0,32.69,43.97,0.0,30.73,0.13,4.27,35.01,103.77,,30.0,-22.9102992,-43.23520487
2012-03-11 16:30:00,UNIDADE MOVEL MARACANA,0.0,30.77,47.81,0.0,15.63,0.07,3.25,18.89,88.36,,28.0,-22.9102992,-43.23520487
2012-03-11 17:30:00,UNIDADE MOVEL MARACANA,0.0,29.96,49.57,0.0,22.16,0.12,9.99,32.18,50.75,,9.0,-22.9102992,-43.23520487
2012-03-11 18:30:00,UNIDADE MOVEL MARACANA,0.0,29.67,52.03,0.0,34.2,0.23,16.44,50.63,21.15,,10.0,-22.9102992,-43.23520487
2012-03-11 19:30:00,UNIDADE MOVEL MARACANA,0.0,27.87,66.24,0.0,42.73,0.29,28.48,71.22,6.46,,23.0,-22.9102992,-43.23520487
2012-03-11 20:30:00,UNIDADE MOVEL MARACANA,0.0,26.98,71.98,0.0,32.67,0.3,10.98,43.65,16.69,,25.0,-22.9102992,-43.23520487
2012-03-11 21:30:00,UNIDADE MOVEL MARACANA,0.0,27.06,70.26,0.0,34.19,0.3,13.19,47.37,14.91,,53.0,-22.9102992,-43.23520487
2012-03-11 22:30:00,UNIDADE MOVEL MARACANA,0.0,27.02,68.45,0.0,30.26,0.17,7.16,37.4,19.53,,44.0,-22.9102992,-43.23520487
2012-03-11 23:30:00,UNIDADE MOVEL MARACANA,0.0,27.48,65.42,0.0,33.51,0.18,9.96,43.45,21.05,,35.0,-22.9102992,-43.23520487
2012-03-12 00:30:00,UNIDADE MOVEL MARACANA,0.0,27.1,69.31,2.13,43.68,0.23,22.75,66.44,6.22,,29.0,-22.9102992,-43.23520487
2012-03-12 01:30:00,UNIDADE MOVEL MARACANA,0.0,26.08,78.46,2.29,34.65,0.2,11.85,46.5,11.73,,41.0,-22.9102992,-43.23520487
2012-03-12 02:30:00,UNIDADE MOVEL MARACANA,0.0,25.52,82.22,2.13,33.19,0.1,25.42,58.6,5.8,,39.0,-22.9102992,-43.23520487
2012-03-12 03:30:00,UNIDADE MOVEL MARACANA,0.0,25.32,84.01,3.44,31.07,0.06,18.0,49.08,8.44,,33.0,-22.9102992,-43.23520487
2012-03-12 04:30:00,UNIDADE MOVEL MARACANA,0.0,25.37,83.58,6.94,30.48,0.05,17.72,48.19,17.9,,41.0,-22.9102992,-43.23520487
2012-03-12 05:30:00,UNIDADE MOVEL MARACANA,0.0,25.38,82.0,10.61,32.64,0.23,43.16,75.79,1.56,,36.0,-22.9102992,-43.23520487
2012-03-12 06:30:00,UNIDADE MOVEL MARACANA,0.0,25.77,79.85,12.93,44.09,0.56,74.22,118.36,20.53,,43.0,-22.9102992,-43.23520487
2012-03-12 07:30:00,UNIDADE MOVEL MARACANA,0.0,26.98,75.12,14.96,45.1,0.55,100.29,145.41,9.79,,44.0,-22.9102992,-43.23520487
2012-03-12 08:30:00,UNIDADE MOVEL MARACANA,0.0,28.4,69.79,34.11,50.45,0.81,113.35,163.8,7.2,,42.0,-22.9102992,-43.23520487
2012-03-12 09:30:00,UNIDADE MOVEL MARACANA,0.0,29.41,63.74,54.81,54.37,0.71,57.76,112.11,19.71,,46.0,-22.9102992,-43.23520487
2012-03-12 10:30:00,UNIDADE MOVEL MARACANA,0.0,30.55,58.46,44.62,56.9,0.21,33.7,90.6,38.65,,44.0,-22.9102992,-43.23520487
2012-03-12 11:30:00,UNIDADE MOVEL MARACANA,0.0,32.41,48.35,28.51,43.53,0.275,25.43,68.95,51.66,,52.0,-22.9102992,-43.23520487
2012-03-12 12:30:00,UNIDADE MOVEL MARACANA,0.0,33.66,46.89,30.94,43.2525,0.34,23.3425,66.5925,63.73,,35.0,-22.9102992,-43.23520487
2012-03-12 13:30:00,UNIDADE MOVEL MARACANA,0.0,33.61,45.82,33.37,42.975,0.13,21.255,64.235,89.04,,23.0,-22.9102992,-43.23520487
2012-03-12 14:30:00,UNIDADE MOVEL MARACANA,0.0,33.17,47.64,35.8,42.6975,0.21,19.1675,61.877500000000005,81.27,,36.0,-22.9102992,-43.23520487
2012-03-12 15:30:00,UNIDADE MOVEL MARACANA,0.0,30.76,56.36,26.1,42.42,0.26,17.08,59.52,24.87,,40.0,-22.9102992,-43.23520487
2012-03-12 16:30:00,UNIDADE MOVEL MARACANA,0.0,30.07,58.75,18.7,38.37,0.26,25.29,63.63,17.38,,30.5,-22.9102992,-43.23520487
2012-03-12 17:30:00,UNIDADE MOVEL MARACANA,0.0,28.2,61.38,15.06,32.73,0.31,18.71,51.45,22.86,,21.0,-22.9102992,-43.23520487
2012-03-12 18:30:00,UNIDADE MOVEL MARACANA,1.0,26.11,79.76,11.37,28.5,0.33,21.15,49.67,18.05,,2.0,-22.9102992,-43.23520487
2012-03-12 19:30:00,UNIDADE MOVEL MARACANA,0.0,25.6,83.04,8.27,37.61,0.42,51.4,89.02,3.15,,6.0,-22.9102992,-43.23520487
2012-03-12 20:30:00,UNIDADE MOVEL MARACANA,0.0,25.5,81.65,8.82,37.06,0.25,55.46,92.56,1.97,,17.0,-22.9102992,-43.23520487
2012-03-12 21:30:00,UNIDADE MOVEL MARACANA,0.0,25.67,80.3,7.75,35.49,0.45,71.9,107.32,4.52,,16.0,-22.9102992,-43.23520487
2012-03-12 22:30:00,UNIDADE MOVEL MARACANA,0.0,25.84,81.53,10.14,35.42,0.43,76.55,111.97,8.95,,24.0,-22.9102992,-43.23520487
2012-03-12 23:30:00,UNIDADE MOVEL MARACANA,0.0,25.84,80.8,9.61,39.59,0.65,96.17,135.66,3.77,,27.0,-22.9102992,-43.23520487
2012-03-13 00:30:00,UNIDADE MOVEL MARACANA,0.0,25.75,80.4,6.98,37.91,0.46,82.74,120.63,9.39,,25.0,-22.9102992,-43.23520487
2012-03-13 01:30:00,UNIDADE MOVEL MARACANA,0.0,25.24,82.05,4.7,34.28,0.31,83.95,118.23,3.54,,23.0,-22.9102992,-43.23520487
2012-03-13 02:30:00,UNIDADE MOVEL MARACANA,0.0,24.54,83.54,1.91,33.91,0.09,29.64,63.54,2.22,,28.0,-22.9102992,-43.23520487
2012-03-13 03:30:00,UNIDADE MOVEL MARACANA,0.0,24.5,83.57,0.7,34.26,0.07,35.23,69.48,2.31,,20.0,-22.9102992,-43.23520487
2012-03-13 04:30:00,UNIDADE MOVEL MARACANA,0.0,24.24,85.48,1.93,33.27,0.06,44.64,77.9,4.67,,33.0,-22.9102992,-43.23520487
2012-03-13 05:30:00,UNIDADE MOVEL MARACANA,0.0,24.1,86.78,2.12,31.03,0.1,66.98,97.98,3.05,,31.0,-22.9102992,-43.23520487
2012-03-13 06:30:00,UNIDADE MOVEL MARACANA,0.0,24.34,85.83,5.04,34.66,0.57,155.15,189.93,2.0,,29.0,-22.9102992,-43.23520487
2012-03-13 07:30:00,UNIDADE MOVEL MARACANA,0.0,25.58,82.23,6.86,32.82,0.53,109.29,142.15,8.04,,39.0,-22.9102992,-43.23520487
2012-03-13 08:30:00,UNIDADE MOVEL MARACANA,0.0,27.52,73.28,19.26,34.56,0.26,61.04,95.65,10.24,,40.0,-22.9102992,-43.23520487
2012-03-13 09:30:00,UNIDADE MOVEL MARACANA,0.0,29.51,62.08,29.37,37.92,0.24,54.56,92.4,9.78,,41.0,-22.9102992,-43.23520487
2012-03-13 10:30:00,UNIDADE MOVEL MARACANA,0.0,31.13,51.23,25.94,27.44,0.12,29.54,57.0,28.15,,32.0,-22.9102992,-43.23520487
2012-03-13 11:30:00,UNIDADE MOVEL MARACANA,0.0,32.86,46.58,23.14,31.16,0.08,20.41,51.57,46.25,,32.0,-22.9102992,-43.23520487
2012-03-13 12:30:00,UNIDADE MOVEL MARACANA,0.0,33.7,45.11,22.42,25.05,0.06,12.74,37.81,68.82,,21.0,-22.9102992,-43.23520487
2012-03-13 13:30:00,UNIDADE MOVEL MARACANA,0.0,34.28,41.74,21.82,22.25,0.03,12.05,34.31,64.33,,14.0,-22.9102992,-43.23520487
2012-03-13 14:30:00,UNIDADE MOVEL MARACANA,0.0,34.22,41.16,18.82,23.99,0.05,6.9,30.47,55.46,,15.0,-22.9102992,-43.23520487
2012-03-13 15:30:00,UNIDADE MOVEL MARACANA,0.0,33.74,44.89,17.59,34.12,0.07,18.46,52.57,46.59,,10.0,-22.9102992,-43.23520487
2012-03-13 16:30:00,UNIDADE MOVEL MARACANA,0.0,32.83,47.32,18.95,33.08,0.1,19.4,52.48,44.89,,11.0,-22.9102992,-43.23520487
2012-03-13 17:30:00,UNIDADE MOVEL MARACANA,0.0,32.16,49.87,15.28,36.01,0.21,17.15,53.21,33.59,,12.0,-22.9102992,-43.23520487
2012-03-13 18:30:00,UNIDADE MOVEL MARACANA,0.0,30.05,60.32,13.59,52.74,1.09,46.82,99.52,12.42,,10.0,-22.9102992,-43.23520487
2012-03-13 19:30:00,UNIDADE MOVEL MARACANA,0.0,27.41,71.23,7.83,37.34,0.26,23.29,60.72,16.96,,6.0,-22.9102992,-43.23520487
2012-03-13 20:30:00,UNIDADE MOVEL MARACANA,0.0,27.23,68.01,4.37,33.74,0.21,25.55,59.14,26.76,,22.0,-22.9102992,-43.23520487
2012-03-13 21:30:00,UNIDADE MOVEL MARACANA,0.0,27.67,64.95,3.92,42.05,0.44,47.03,89.09,5.97,,18.0,-22.9102992,-43.23520487
2012-03-13 22:30:00,UNIDADE MOVEL MARACANA,0.0,27.81,62.98,4.44,46.04,0.4,54.28,100.31,0.0,,23.0,-22.9102992,-43.23520487
2012-03-13 23:30:00,UNIDADE MOVEL MARACANA,0.0,27.19,70.29,2.81,43.5,0.25,32.73,76.19,0.94,,22.0,-22.9102992,-43.23520487
2012-03-14 00:30:00,UNIDADE MOVEL MARACANA,0.0,26.25,74.67,2.65,34.16,0.1,13.72,47.88,1.01,,24.0,-22.9102992,-43.23520487
2012-03-14 01:30:00,UNIDADE MOVEL MARACANA,0.0,26.03,75.81,3.16,33.07,0.06,23.48,56.54,0.12,,37.0,-22.9102992,-43.23520487
2012-03-14 02:30:00,UNIDADE MOVEL MARACANA,0.0,25.63,78.79,5.04,32.86,0.03,15.26,48.12,0.0,,27.0,-22.9102992,-43.23520487
2012-03-14 03:30:00,UNIDADE MOVEL MARACANA,0.0,25.8,77.9,14.8,33.37,0.02,18.69,52.06,0.0,,21.0,-22.9102992,-43.23520487
2012-03-14 04:30:00,UNIDADE MOVEL MARACANA,0.0,25.74,79.27,16.3,29.94,0.01,25.93,55.87,0.0,,21.0,-22.9102992,-43.23520487
2012-03-14 05:30:00,UNIDADE MOVEL MARACANA,0.0,25.69,79.36,14.94,26.11,0.11,63.33,89.44,0.0,,23.0,-22.9102992,-43.23520487
2012-03-14 06:30:00,UNIDADE MOVEL MARACANA,0.0,26.16,78.2,11.91,28.92,0.58,115.28,144.23,0.0,,27.0,-22.9102992,-43.23520487
2012-03-14 07:30:00,UNIDADE MOVEL MARACANA,0.0,27.71,71.81,11.9,57.6,0.66,80.22,137.81,8.98,,28.0,-22.9102992,-43.23520487
2012-03-14 08:30:00,UNIDADE MOVEL MARACANA,0.0,29.99,61.91,26.34,83.84,0.66,55.61,139.45,19.53,,34.0,-22.9102992,-43.23520487
2012-03-14 09:30:00,UNIDADE MOVEL MARACANA,0.0,32.35,48.75,38.96,48.02,0.39,49.88,97.97,30.08,,42.0,-22.9102992,-43.23520487
2012-03-14 10:30:00,UNIDADE MOVEL MARACANA,0.0,33.7,42.74,23.06,31.62,0.11,24.54,56.16,51.27,,36.0,-22.9102992,-43.23520487
2012-03-14 11:30:00,UNIDADE MOVEL MARACANA,0.0,34.31,41.78,32.27,30.41,0.06,15.06,45.47,99.15,,31.0,-22.9102992,-43.23520487
2012-03-14 12:30:00,UNIDADE MOVEL MARACANA,0.0,34.69,41.13,27.29,34.55,0.08,16.98,51.51,89.92,,26.0,-22.9102992,-43.23520487
2012-03-14 13:30:00,UNIDADE MOVEL MARACANA,0.0,35.32,38.79,24.64,35.11,0.08,16.05,51.14,86.65,,14.0,-22.9102992,-43.23520487
2012-03-14 14:30:00,UNIDADE MOVEL MARACANA,0.0,35.63,37.95,25.53,32.31,0.03,13.26,45.57,89.35,,14.0,-22.9102992,-43.23520487
2012-03-14 15:30:00,UNIDADE MOVEL MARACANA,0.0,35.06,39.75,25.18,45.43,0.07,19.8,65.28,69.58,,16.0,-22.9102992,-43.23520487
2012-03-14 16:30:00,UNIDADE MOVEL MARACANA,9.0,31.14,56.47,20.62,44.29,0.18,22.57,66.87,36.16,,23.0,-22.9102992,-43.23520487
2012-03-14 17:30:00,UNIDADE MOVEL MARACANA,8.0,26.07,85.1,9.82,26.25,0.58,19.84,46.17,45.27,,17.0,-22.9102992,-43.23520487
2012-03-14 18:30:00,UNIDADE MOVEL MARACANA,0.0,27.67,76.95,4.78,48.83,0.82,33.44,82.26,3.45,,8.0,-22.9102992,-43.23520487
2012-03-14 19:30:00,UNIDADE MOVEL MARACANA,0.0,27.18,78.65,3.48,43.65,0.34,20.48,64.13,13.11,,21.0,-22.9102992,-43.23520487
2012-03-14 20:30:00,UNIDADE MOVEL MARACANA,0.0,26.14,86.36,3.06,49.47,0.34,30.99,80.46,1.56,,16.0,-22.9102992,-43.23520487
2012-03-14 21:30:00,UNIDADE MOVEL MARACANA,0.0,26.8,80.36,2.95,44.03,0.48,40.22,84.3,1.25,,20.0,-22.9102992,-43.23520487
2012-03-14 22:30:00,UNIDADE MOVEL MARACANA,0.0,27.2,77.14,4.16,39.82,0.56,59.57,99.41,1.03,,22.0,-22.9102992,-43.23520487
2012-03-14 23:30:00,UNIDADE MOVEL MARACANA,0.0,27.06,77.55,5.07,36.48,0.38,56.28,92.75,0.13,,17.0,-22.9102992,-43.23520487
2012-03-15 00:30:00,UNIDADE MOVEL MARACANA,0.0,26.59,76.22,2.62,27.82,0.13,14.83,42.65,1.47,,24.0,-22.9102992,-43.23520487
2012-03-15 01:30:00,UNIDADE MOVEL MARACANA,0.0,26.66,78.0,1.1,26.6,0.13,31.37,57.96,0.0,,10.0,-22.9102992,-43.23520487
2012-03-15 02:30:00,UNIDADE MOVEL MARACANA,0.0,26.26,81.62,1.48,30.33,0.15,42.48,72.81,0.1,,18.0,-22.9102992,-43.23520487
2012-03-15 03:30:00,UNIDADE MOVEL MARACANA,0.0,25.99,84.97,0.97,27.06,0.11,41.2,68.27,0.11,,22.0,-22.9102992,-43.23520487
2012-03-15 04:30:00,UNIDADE MOVEL MARACANA,0.0,25.82,86.59,3.06,22.88,0.11,56.3,79.19,0.0,,29.0,-22.9102992,-43.23520487
2012-03-15 05:30:00,UNIDADE MOVEL MARACANA,0.0,25.86,83.52,4.24,19.04,0.26,74.03,93.08,0.15,,30.0,-22.9102992,-43.23520487
2012-03-15 06:30:00,UNIDADE MOVEL MARACANA,0.0,26.24,84.03,5.47,40.43,1.42,142.23,182.63,1.31,,23.0,-22.9102992,-43.23520487
2012-03-15 07:30:00,UNIDADE MOVEL MARACANA,0.0,28.26,75.11,4.02,50.96,0.88,69.8,120.95,4.66,,40.0,-22.9102992,-43.23520487
2012-03-15 08:30:00,UNIDADE MOVEL MARACANA,0.0,30.83,65.43,14.08,104.12,1.44,96.28,200.58,12.75,,35.0,-22.9102992,-43.23520487
2012-03-15 09:30:00,UNIDADE MOVEL MARACANA,0.0,32.82,51.75,25.66,56.54,0.59,67.22,123.74,24.18,,54.0,-22.9102992,-43.23520487
2012-03-15 10:30:00,UNIDADE MOVEL MARACANA,0.0,33.32,48.39,20.22,24.9,0.1,29.24,54.33,52.72,,35.0,-22.9102992,-43.23520487
2012-03-15 11:30:00,UNIDADE MOVEL MARACANA,0.0,33.52,47.62,20.47,18.41,0.07,8.2,26.61,101.22,,34.0,-22.9102992,-43.23520487
2012-03-15 12:30:00,UNIDADE MOVEL MARACANA,0.0,34.26,45.68,20.29,17.67,0.06,7.96,25.62,108.8,,15.0,-22.9102992,-43.23520487
2012-03-15 13:30:00,UNIDADE MOVEL MARACANA,0.0,33.73,46.92,19.14,14.37,0.02,3.95,18.33,122.67,,13.0,-22.9102992,-43.23520487
2012-03-15 14:30:00,UNIDADE MOVEL MARACANA,0.0,32.72,48.09,18.58,12.56,0.01,3.08,15.64,116.95,,15.0,-22.9102992,-43.23520487
2012-03-15 15:30:00,UNIDADE MOVEL MARACANA,0.0,31.09,55.6,18.474999999999998,14.24,0.025,4.425,18.675,105.42,,13.0,-22.9102992,-43.23520487
2012-03-15 16:30:00,UNIDADE MOVEL MARACANA,0.0,29.46,63.11,18.37,15.92,0.04,5.77,21.71,93.89,,11.0,-22.9102992,-43.23520487
2012-03-15 17:30:00,UNIDADE MOVEL MARACANA,0.0,28.82,62.76,12.69,22.58,0.13,13.42,35.99,69.41,,12.0,-22.9102992,-43.23520487
2012-03-15 18:30:00,UNIDADE MOVEL MARACANA,0.0,28.73,62.44,7.89,23.48,0.19,11.63,35.08,61.79,,6.0,-22.9102992,-43.23520487
2012-03-15 19:30:00,UNIDADE MOVEL MARACANA,0.0,28.24,67.5,6.8,40.03,0.19,17.66,57.75,27.65,,19.0,-22.9102992,-43.23520487
2012-03-15 20:30:00,UNIDADE MOVEL MARACANA,0.0,27.93,70.83,5.71,37.12,0.25,17.42,54.56,22.54,,24.0,-22.9102992,-43.23520487
2012-03-15 21:30:00,UNIDADE MOVEL MARACANA,0.0,26.57,81.36,2.57,31.49,0.33,23.87,55.46,20.88,,23.0,-22.9102992,-43.23520487
2012-03-15 22:30:00,UNIDADE MOVEL MARACANA,0.0,26.28,80.15,0.68,20.48,0.12,8.18,28.65,37.61,,29.0,-22.9102992,-43.23520487
2012-03-15 23:30:00,UNIDADE MOVEL MARACANA,0.0,26.36,79.06,1.55,33.24,0.14,16.18,49.41,22.97,,13.0,-22.9102992,-43.23520487
2012-03-16 00:30:00,UNIDADE MOVEL MARACANA,0.0,26.15,82.41,4.09,39.81,0.16,20.89,60.72,1.89,,25.0,-22.9102992,-43.23520487
2012-03-16 01:30:00,UNIDADE MOVEL MARACANA,0.0,26.0,79.19,3.77,22.6,0.09,8.91,31.5,31.95,,22.0,-22.9102992,-43.23520487
2012-03-16 02:30:00,UNIDADE MOVEL MARACANA,0.0,25.41,82.62,1.89,16.53,0.03,3.25,19.79,44.75,,14.0,-22.9102992,-43.23520487
2012-03-16 03:30:00,UNIDADE MOVEL MARACANA,0.0,25.12,84.24,1.42,12.97,0.03,2.82,15.79,42.46,,18.0,-22.9102992,-43.23520487
2012-03-16 04:30:00,UNIDADE MOVEL MARACANA,1.0,24.35,89.08,0.47,18.77,0.02,2.9,21.68,42.38,,16.0,-22.9102992,-43.23520487
2012-03-16 05:30:00,UNIDADE MOVEL MARACANA,1.0,24.17,92.16,0.23,28.75,0.09,14.61,43.3,12.18,,11.0,-22.9102992,-43.23520487
2012-03-16 06:30:00,UNIDADE MOVEL MARACANA,0.0,24.34,93.31,1.55,30.9,0.56,69.08,99.95,2.93,,15.0,-22.9102992,-43.23520487
2012-03-16 07:30:00,UNIDADE MOVEL MARACANA,0.0,24.55,90.13,2.35,31.84,0.73,60.76,92.73,5.06,,21.0,-22.9102992,-43.23520487
2012-03-16 08:30:00,UNIDADE MOVEL MARACANA,0.0,25.8,82.56,2.25,28.95,0.84,45.64,74.59,11.21,,20.0,-22.9102992,-43.23520487
2012-03-16 09:30:00,UNIDADE MOVEL MARACANA,0.0,26.96,74.89,4.39,35.97,0.87,44.53,80.56,21.71,,17.0,-22.9102992,-43.23520487
2012-03-16 10:30:00,UNIDADE MOVEL MARACANA,0.0,27.96,69.52,6.69,35.22,0.41,36.77,72.0,39.64,,21.0,-22.9102992,-43.23520487
2012-03-16 11:30:00,UNIDADE MOVEL MARACANA,0.0,26.28,78.39,6.7,41.44,0.42,33.33,74.75,20.02,,25.0,-22.9102992,-43.23520487
2012-03-16 12:30:00,UNIDADE MOVEL MARACANA,1.0,25.88,77.58,3.88,28.69,0.3,31.92,60.61,27.55,,29.0,-22.9102992,-43.23520487
2012-03-16 13:30:00,UNIDADE MOVEL MARACANA,0.0,26.49,71.7,4.34,23.62,0.14,22.28,45.96,37.3,,17.0,-22.9102992,-43.23520487
2012-03-16 14:30:00,UNIDADE MOVEL MARACANA,0.0,25.46,75.78,2.69,19.15,0.1,11.86,31.04,44.7,,11.0,-22.9102992,-43.23520487
2012-03-16 15:30:00,UNIDADE MOVEL MARACANA,2.0,24.3,85.56,1.54,26.84,0.26,34.85,61.71,27.99,,12.0,-22.9102992,-43.23520487
2012-03-16 16:30:00,UNIDADE MOVEL MARACANA,0.0,25.3,77.56,1.27,22.42,0.2,24.52,46.94,31.07,,8.0,-22.9102992,-43.23520487
2012-03-16 17:30:00,UNIDADE MOVEL MARACANA,0.0,25.23,80.42,1.64,29.38,0.44,40.46,69.95,26.27,,9.0,-22.9102992,-43.23520487
2012-03-16 18:30:00,UNIDADE MOVEL MARACANA,0.0,25.48,81.02,2.94,35.69,0.9,64.44,100.13,13.3,,13.0,-22.9102992,-43.23520487
2012-03-16 19:30:00,UNIDADE MOVEL MARACANA,1.0,25.16,82.48,2.33,34.2,0.61,53.33,87.82,5.5,,23.0,-22.9102992,-43.23520487
2012-03-16 20:30:00,UNIDADE MOVEL MARACANA,0.0,24.81,82.39,2.01,23.3,0.22,35.15,58.47,12.46,,15.0,-22.9102992,-43.23520487
2012-03-16 21:30:00,UNIDADE MOVEL MARACANA,0.0,24.93,78.87,2.98,26.85,0.35,61.73,88.45,4.49,,13.0,-22.9102992,-43.23520487
2012-03-16 22:30:00,UNIDADE MOVEL MARACANA,0.0,24.83,79.04,1.96,25.87,0.16,40.16,65.99,4.27,,12.0,-22.9102992,-43.23520487
2012-03-16 23:30:00,UNIDADE MOVEL MARACANA,0.0,24.46,83.52,3.53,28.02,0.24,59.84,87.87,0.0,,12.0,-22.9102992,-43.23520487
2012-03-17 00:30:00,UNIDADE MOVEL MARACANA,0.0,24.44,83.69,4.84,29.43,0.18,47.06,76.48,0.0,,12.0,-22.9102992,-43.23520487
2012-03-17 01:30:00,UNIDADE MOVEL MARACANA,0.0,24.44,83.85,3.04,26.49,0.12,29.37,55.81,0.07,,11.0,-22.9102992,-43.23520487
2012-03-17 02:30:00,UNIDADE MOVEL MARACANA,0.0,24.12,85.65,2.54,26.08,0.17,32.99,59.06,0.0,,13.0,-22.9102992,-43.23520487
2012-03-17 03:30:00,UNIDADE MOVEL MARACANA,0.0,24.09,88.24,3.69,24.41,0.4,72.15,96.57,0.0,,12.0,-22.9102992,-43.23520487
2012-03-17 04:30:00,UNIDADE MOVEL MARACANA,0.0,23.95,89.16,2.18,24.41,0.24,45.66,70.03,0.0,,16.0,-22.9102992,-43.23520487
2012-03-17 05:30:00,UNIDADE MOVEL MARACANA,0.0,23.39,92.16,2.44,22.93,0.42,69.24,92.22,0.0,,14.0,-22.9102992,-43.23520487
2012-03-17 06:30:00,UNIDADE MOVEL MARACANA,0.0,23.5,93.15,5.25,21.07,0.9,129.72,150.78,0.0,,11.0,-22.9102992,-43.23520487
2012-03-17 07:30:00,UNIDADE MOVEL MARACANA,0.0,24.84,87.98,3.99,26.96,0.53,91.66,118.53,0.43,,21.0,-22.9102992,-43.23520487
2012-03-17 08:30:00,UNIDADE MOVEL MARACANA,0.0,26.55,77.35,11.12,29.0,0.41,78.18,107.07,3.19,,23.0,-22.9102992,-43.23520487
2012-03-17 09:30:00,UNIDADE MOVEL MARACANA,0.0,26.78,75.98,22.63,27.09,0.18,53.19,80.28,7.76,,26.0,-22.9102992,-43.23520487
2012-03-17 10:30:00,UNIDADE MOVEL MARACANA,0.0,27.33,70.42,20.66,24.65,0.15,44.96,69.59,11.59,,21.0,-22.9102992,-43.23520487
2012-03-17 11:30:00,UNIDADE MOVEL MARACANA,0.0,28.95,53.96,11.91,14.17,0.04,23.49,37.66,28.28,,23.0,-22.9102992,-43.23520487
2012-03-17 12:30:00,UNIDADE MOVEL MARACANA,0.0,29.28,50.98,13.48,15.61,0.07,26.41,41.94,28.5,,11.0,-22.9102992,-43.23520487
2012-03-17 13:30:00,UNIDADE MOVEL MARACANA,0.0,28.59,54.54,10.41,7.21,0.02,8.47,15.69,36.77,,9.0,-22.9102992,-43.23520487
2012-03-17 14:30:00,UNIDADE MOVEL MARACANA,0.0,28.21,56.25,10.03,5.49,0.01,5.26,10.75,38.6,,8.0,-22.9102992,-43.23520487
2012-03-17 15:30:00,UNIDADE MOVEL MARACANA,0.0,27.5,60.4,8.47,6.66,0.02,6.36,13.02,35.49,,8.0,-22.9102992,-43.23520487
2012-03-17 16:30:00,UNIDADE MOVEL MARACANA,0.0,26.66,65.47,6.94,7.16,0.04,5.97,13.16,32.69,,11.0,-22.9102992,-43.23520487
2012-03-17 17:30:00,UNIDADE MOVEL MARACANA,0.0,25.45,69.27,5.48,11.93,0.08,13.07,25.01,24.68,,10.0,-22.9102992,-43.23520487
2012-03-17 18:30:00,UNIDADE MOVEL MARACANA,0.0,24.7,70.0,3.71,17.38,0.06,18.22,35.59,14.49,,8.0,-22.9102992,-43.23520487
2012-03-17 19:30:00,UNIDADE MOVEL MARACANA,0.0,24.55,69.3,3.89,21.61,0.15,35.1,56.66,3.54,,10.0,-22.9102992,-43.23520487
2012-03-17 20:30:00,UNIDADE MOVEL MARACANA,0.0,24.72,68.39,4.62,23.41,0.28,46.69,70.08,0.21,,10.0,-22.9102992,-43.23520487
2012-03-17 21:30:00,UNIDADE MOVEL MARACANA,0.0,24.69,70.56,5.58,23.37,0.54,70.22,93.57,0.0,,11.0,-22.9102992,-43.23520487
2012-03-17 22:30:00,UNIDADE MOVEL MARACANA,0.0,24.57,72.36,10.0,31.94,0.55,205.08,237.66,0.0,,19.0,-22.9102992,-43.23520487
2012-03-17 23:30:00,UNIDADE MOVEL MARACANA,1.0,22.82,85.24,5.38,23.3,0.36,79.78,103.05,2.17,,15.0,-22.9102992,-43.23520487
2012-03-18 00:30:00,UNIDADE MOVEL MARACANA,0.0,22.86,87.15,5.23,21.63,0.44,87.57,109.2,0.0,,18.0,-22.9102992,-43.23520487
2012-03-18 01:30:00,UNIDADE MOVEL MARACANA,0.0,23.05,86.25,4.25,20.14,0.31,73.53,93.62,0.0,,15.0,-22.9102992,-43.23520487
2012-03-18 02:30:00,UNIDADE MOVEL MARACANA,0.0,23.4,78.79,3.59,17.03,0.14,45.18,62.18,3.97,,18.0,-22.9102992,-43.23520487
2012-03-18 03:30:00,UNIDADE MOVEL MARACANA,0.0,23.35,79.5,2.23,18.71,0.07,32.06,50.77,0.28,,9.0,-22.9102992,-43.23520487
2012-03-18 04:30:00,UNIDADE MOVEL MARACANA,0.0,23.06,81.96,1.54,18.12,0.06,29.39,47.54,0.13,,12.0,-22.9102992,-43.23520487
2012-03-18 05:30:00,UNIDADE MOVEL MARACANA,0.0,22.94,82.69,1.95,18.3,0.03,19.88,38.19,0.67,,10.0,-22.9102992,-43.23520487
2012-03-18 06:30:00,UNIDADE MOVEL MARACANA,0.0,23.25,82.18,4.28,19.18,0.23,57.71,76.88,0.0,,6.0,-22.9102992,-43.23520487
2012-03-18 07:30:00,UNIDADE MOVEL MARACANA,0.0,23.38,82.92,12.35,19.24,0.34,76.85,95.71,0.0,,9.0,-22.9102992,-43.23520487
2012-03-18 08:30:00,UNIDADE MOVEL MARACANA,0.0,23.89,77.35,14.44,18.92,0.14,36.14,55.05,2.88,,12.0,-22.9102992,-43.23520487
2012-03-18 09:30:00,UNIDADE MOVEL MARACANA,0.0,24.89,71.54,7.65,16.88,0.04,16.47,33.38,19.57,,11.0,-22.9102992,-43.23520487
2012-03-18 10:30:00,UNIDADE MOVEL MARACANA,0.0,26.07,65.25,6.05,14.51,0.02,13.25,27.75,28.23,,9.0,-22.9102992,-43.23520487
2012-03-18 11:30:00,UNIDADE MOVEL MARACANA,0.0,26.46,62.23,9.33,16.18,0.01,12.04,28.25,42.58,,10.0,-22.9102992,-43.23520487
2012-03-18 12:30:00,UNIDADE MOVEL MARACANA,0.0,27.42,58.1,11.17,15.92,0.02,18.46,34.38,40.72,,13.0,-22.9102992,-43.23520487
2012-03-18 13:30:00,UNIDADE MOVEL MARACANA,0.0,28.49,50.37,11.95,9.78,0.03,10.62,20.41,46.75,,11.0,-22.9102992,-43.23520487
2012-03-18 14:30:00,UNIDADE MOVEL MARACANA,0.0,28.78,46.45,14.78,7.77,0.01,10.18,17.94,41.25,,8.0,-22.9102992,-43.23520487
2012-03-18 15:30:00,UNIDADE MOVEL MARACANA,0.0,28.46,46.48,16.36,6.87,0.01,7.46,14.34,38.71,,22.0,-22.9102992,-43.23520487
2012-03-18 16:30:00,UNIDADE MOVEL MARACANA,0.0,27.82,48.47,12.83,9.04,0.02,10.16,19.19,31.04,,8.0,-22.9102992,-43.23520487
2012-03-18 17:30:00,UNIDADE MOVEL MARACANA,0.0,26.65,55.98,7.91,9.71,0.04,10.22,19.95,28.04,,3.0,-22.9102992,-43.23520487
2012-03-18 18:30:00,UNIDADE MOVEL MARACANA,0.0,25.98,59.34,4.42,12.05,0.07,13.08,25.13,20.97,,1.0,-22.9102992,-43.23520487
2012-03-18 19:30:00,UNIDADE MOVEL MARACANA,0.0,25.65,61.0,2.74,12.5,0.05,7.34,19.84,21.44,,5.0,-22.9102992,-43.23520487
2012-03-18 20:30:00,UNIDADE MOVEL MARACANA,0.0,25.17,66.3,1.16,12.04,0.04,6.08,18.12,29.67,,6.0,-22.9102992,-43.23520487
2012-03-18 21:30:00,UNIDADE MOVEL MARACANA,0.0,24.865000000000002,68.72,1.685,14.695,0.065,11.925,26.619999999999997,18.495,,7.5,-22.9102992,-43.23520487
2012-03-18 22:30:00,UNIDADE MOVEL MARACANA,0.0,24.56,71.14,2.21,17.35,0.09,17.77,35.12,7.32,,9.0,-22.9102992,-43.23520487
2012-03-18 23:30:00,UNIDADE MOVEL MARACANA,0.0,24.35,71.67,1.15,10.83,0.04,7.43,18.26,20.82,,9.0,-22.9102992,-43.23520487
2012-03-19 00:30:00,UNIDADE MOVEL MARACANA,0.0,24.3,68.99,0.78,11.34,0.04,7.97,19.31,20.19,,6.0,-22.9102992,-43.23520487
2012-03-19 01:30:00,UNIDADE MOVEL MARACANA,0.0,24.0,69.38,0.25,10.97,0.02,8.7,19.7,26.59,,2.0,-22.9102992,-43.23520487
2012-03-19 02:30:00,UNIDADE MOVEL MARACANA,0.0,24.19,67.78,0.0,8.94,0.02,4.08,13.03,23.85,,2.0,-22.9102992,-43.23520487
2012-03-19 03:30:00,UNIDADE MOVEL MARACANA,0.0,24.04,66.64,0.0,4.82,0.01,3.21,8.03,36.02,,4.0,-22.9102992,-43.23520487
2012-03-19 04:30:00,UNIDADE MOVEL MARACANA,0.0,23.98,68.92,1.17,15.32,0.03,10.96,26.28,16.18,,3.0,-22.9102992,-43.23520487
2012-03-19 05:30:00,UNIDADE MOVEL MARACANA,0.0,23.89,72.7,4.44,19.96,0.07,32.73,52.43,0.28,,23.0,-22.9102992,-43.23520487
2012-03-19 06:30:00,UNIDADE MOVEL MARACANA,0.0,24.0,73.61,7.42,20.12,0.3,69.86,90.03,0.08,,13.0,-22.9102992,-43.23520487
2012-03-19 07:30:00,UNIDADE MOVEL MARACANA,0.0,24.93,73.4,6.47,16.57,0.47,48.63,65.15,4.2,,11.0,-22.9102992,-43.23520487
2012-03-19 08:30:00,UNIDADE MOVEL MARACANA,0.0,26.17,65.47,11.0,17.43,0.26,45.67,63.07,8.55,,9.0,-22.9102992,-43.23520487
2012-03-19 09:30:00,UNIDADE MOVEL MARACANA,0.0,27.15,60.01,13.14,17.01,0.14,41.38,58.41,12.56,,9.0,-22.9102992,-43.23520487
2012-03-19 10:30:00,UNIDADE MOVEL MARACANA,0.0,28.53,55.82,12.19,17.68,0.1,27.84,45.52,28.95,,12.0,-22.9102992,-43.23520487
2012-03-19 11:30:00,UNIDADE MOVEL MARACANA,0.0,28.98,54.99,15.13,20.43,0.09,24.59,45.02,34.15,,11.0,-22.9102992,-43.23520487
2012-03-19 12:30:00,UNIDADE MOVEL MARACANA,0.0,28.75,53.4,15.59,12.06,0.04,17.65,29.7,34.78,,41.0,-22.9102992,-43.23520487
2012-03-19 13:30:00,UNIDADE MOVEL MARACANA,0.0,28.41,54.99,16.84,13.8,0.04,18.25,32.06,31.34,,8.0,-22.9102992,-43.23520487
2012-03-19 14:30:00,UNIDADE MOVEL MARACANA,0.0,27.69,57.58,15.14,17.99,0.04,21.91,39.92,28.29,,6.0,-22.9102992,-43.23520487
2012-03-19 15:30:00,UNIDADE MOVEL MARACANA,0.0,27.15,60.38,11.43,17.51,0.04,20.58,38.14,23.75,,6.0,-22.9102992,-43.23520487
2012-03-19 16:30:00,UNIDADE MOVEL MARACANA,0.0,26.75,62.59,9.85,24.55,0.13,34.58,59.12,16.6,,8.0,-22.9102992,-43.23520487
2012-03-19 17:30:00,UNIDADE MOVEL MARACANA,0.0,26.31,64.98,9.28,26.15,0.23,39.74,65.94,10.84,,9.0,-22.9102992,-43.23520487
2012-03-19 18:30:00,UNIDADE MOVEL MARACANA,0.0,26.15,65.65,7.97,28.8,0.31,38.04,66.84,3.77,,10.0,-22.9102992,-43.23520487
2012-03-19 19:30:00,UNIDADE MOVEL MARACANA,0.0,26.052,67.03800000000001,7.966,27.746000000000002,0.262,39.448,67.212,3.016,,10.6,-22.9102992,-43.23520487
2012-03-19 20:30:00,UNIDADE MOVEL MARACANA,0.0,25.954,68.426,7.962,26.692,0.21400000000000002,40.856,67.584,2.262,,11.2,-22.9102992,-43.23520487
2012-03-19 21:30:00,UNIDADE MOVEL MARACANA,0.0,25.855999999999998,69.81400000000001,7.958,25.638,0.166,42.263999999999996,67.956,1.508,,11.8,-22.9102992,-43.23520487
2012-03-19 22:30:00,UNIDADE MOVEL MARACANA,0.0,25.758,71.202,7.954,24.584,0.11800000000000002,43.672,68.328,0.754,,12.4,-22.9102992,-43.23520487
2012-03-19 23:30:00,UNIDADE MOVEL MARACANA,0.0,25.66,72.59,7.95,23.53,0.07,45.08,68.7,0.0,,13.0,-22.9102992,-43.23520487
2012-03-20 00:30:00,UNIDADE MOVEL MARACANA,0.0,25.54,68.25,5.13,19.68,0.06,14.2,33.88,3.06,,13.0,-22.9102992,-43.23520487
2012-03-20 01:30:00,UNIDADE MOVEL MARACANA,0.0,25.43,69.27,2.6,20.76,0.12,16.39,37.15,0.68,,13.0,-22.9102992,-43.23520487
2012-03-20 02:30:00,UNIDADE MOVEL MARACANA,0.0,25.12,72.98,2.44,20.9,0.12,13.67,34.62,0.99,,9.0,-22.9102992,-43.23520487
2012-03-20 03:30:00,UNIDADE MOVEL MARACANA,0.0,25.17,70.07,1.31,11.29,0.07,4.84,16.13,20.51,,11.0,-22.9102992,-43.23520487
2012-03-20 04:30:00,UNIDADE MOVEL MARACANA,0.0,24.94,69.95,1.37,14.66,0.07,9.57,24.24,13.16,,11.0,-22.9102992,-43.23520487
2012-03-20 05:30:00,UNIDADE MOVEL MARACANA,0.0,24.67,70.94,3.42,19.07,0.12,25.28,44.36,5.32,,,-22.9102992,-43.23520487
2012-03-20 06:30:00,UNIDADE MOVEL MARACANA,0.0,24.73,72.47,9.88,23.38,0.5,75.95,99.33,0.12,,,-22.9102992,-43.23520487
2012-03-20 07:30:00,UNIDADE MOVEL MARACANA,0.0,25.46,68.58,7.09,25.3,0.53,64.03,89.5,0.9,,,-22.9102992,-43.23520487
2012-03-20 08:30:00,UNIDADE MOVEL MARACANA,0.0,26.52,64.28,12.6,27.12,1.11,101.06,128.19,1.8,,,-22.9102992,-43.23520487
2012-03-20 09:30:00,UNIDADE MOVEL MARACANA,0.0,27.26,57.53,9.37,21.27,0.66,52.95,74.23,10.12,,,-22.9102992,-43.23520487
2012-03-20 10:30:00,UNIDADE MOVEL MARACANA,0.0,28.0,58.97,11.4,26.93,0.36,52.97,79.89,15.08,,,-22.9102992,-43.23520487
2012-03-20 11:30:00,UNIDADE MOVEL MARACANA,0.0,28.85,57.38,18.39,33.49,0.39,49.12,82.56,19.34,,,-22.9102992,-43.23520487
2012-03-20 12:30:00,UNIDADE MOVEL MARACANA,0.0,30.27,51.2,18.07,28.59,0.12,23.58,52.17,51.15,,,-22.9102992,-43.23520487
2012-03-20 13:30:00,UNIDADE MOVEL MARACANA,0.0,30.49,50.34,19.68,20.78,0.08,23.92,44.64,50.13,,,-22.9102992,-43.23520487
2012-03-20 14:30:00,UNIDADE MOVEL MARACANA,0.0,30.29,51.42,21.95,18.78,0.08,23.11,41.88,34.59,,,-22.9102992,-43.23520487
2012-03-20 15:30:00,UNIDADE MOVEL MARACANA,0.0,30.43,50.52,23.09,20.28,0.1,38.0,58.27,20.78,,,-22.9102992,-43.23520487
2012-03-20 16:30:00,UNIDADE MOVEL MARACANA,0.0,29.07,53.44,18.89,19.01,0.11,29.75,48.72,13.65,,,-22.9102992,-43.23520487
2012-03-20 17:30:00,UNIDADE MOVEL MARACANA,0.0,29.04,50.83,12.12,21.31,0.22,42.17,63.47,8.01,,,-22.9102992,-43.23520487
2012-03-20 18:30:00,UNIDADE MOVEL MARACANA,0.0,27.7,61.64,9.53,23.48,0.39,51.12,74.73,3.48,,,-22.9102992,-43.23520487
2012-03-20 19:30:00,UNIDADE MOVEL MARACANA,0.0,26.94,66.84,7.16,21.32,0.1,34.87,56.16,5.51,,,-22.9102992,-43.23520487
2012-03-20 20:30:00,UNIDADE MOVEL MARACANA,0.0,26.89,65.8,5.74,18.84,0.12,31.74,50.55,5.57,,13.0,-22.9102992,-43.23520487
2012-03-20 21:30:00,UNIDADE MOVEL MARACANA,0.0,26.76,68.16,5.27,17.98,0.15,34.31,52.33,4.65,,7.0,-22.9102992,-43.23520487
2012-03-20 22:30:00,UNIDADE MOVEL MARACANA,0.0,26.58,70.2,4.78,17.64,0.18,35.1,52.75,3.78,,3.0,-22.9102992,-43.23520487
2012-03-20 23:30:00,UNIDADE MOVEL MARACANA,0.0,26.17,75.72,3.71,16.93,0.08,19.24,36.17,6.76,,5.0,-22.9102992,-43.23520487
2012-03-21 00:30:00,UNIDADE MOVEL MARACANA,0.0,26.02,77.06,2.38,14.09,0.04,11.52,25.61,9.96,,8.0,-22.9102992,-43.23520487
2012-03-21 01:30:00,UNIDADE MOVEL MARACANA,0.0,25.88,73.64,1.21,11.16,0.02,3.8,14.96,12.82,,8.0,-22.9102992,-43.23520487
2012-03-21 02:30:00,UNIDADE MOVEL MARACANA,0.0,25.37,78.95,1.1,15.87,0.03,10.78,26.64,3.88,,9.0,-22.9102992,-43.23520487
2012-03-21 03:30:00,UNIDADE MOVEL MARACANA,0.0,24.83,82.13,1.91,18.17,0.03,21.9,40.06,0.0,,9.0,-22.9102992,-43.23520487
2012-03-21 04:30:00,UNIDADE MOVEL MARACANA,0.0,24.71,84.75,3.48,17.27,0.05,37.33,54.57,0.0,,15.0,-22.9102992,-43.23520487
2012-03-21 05:30:00,UNIDADE MOVEL MARACANA,0.0,24.52,86.0,4.42,15.71,0.21,81.27,96.97,0.0,,11.0,-22.9102992,-43.23520487
2012-03-21 06:30:00,UNIDADE MOVEL MARACANA,0.0,24.7,83.37,5.01,16.21,0.24,72.77,88.98,0.0,,27.0,-22.9102992,-43.23520487
2012-03-21 07:30:00,UNIDADE MOVEL MARACANA,0.0,26.24,76.13,8.02,22.09,0.4,80.31,102.41,0.01,,27.0,-22.9102992,-43.23520487
2012-03-21 08:30:00,UNIDADE MOVEL MARACANA,0.0,27.75,71.35,29.06,47.84,0.49,64.08,111.92,14.61,,36.0,-22.9102992,-43.23520487
2012-03-21 09:30:00,UNIDADE MOVEL MARACANA,0.0,29.02,66.58,41.46,47.88,0.09,58.26,106.12,18.87,,48.0,-22.9102992,-43.23520487
2012-03-21 10:30:00,UNIDADE MOVEL MARACANA,0.0,30.45,58.77,34.34,42.38,0.17,30.94,73.31,34.29,,39.0,-22.9102992,-43.23520487
2012-03-21 11:30:00,UNIDADE MOVEL MARACANA,0.0,31.57,49.3,26.59,28.22,0.09,25.54,53.77,40.34,,30.0,-22.9102992,-43.23520487
2012-03-21 12:30:00,UNIDADE MOVEL MARACANA,0.0,32.64,42.22,27.24,21.77,0.06,20.83,42.62,49.06,,18.0,-22.9102992,-43.23520487
2012-03-21 13:30:00,UNIDADE MOVEL MARACANA,0.0,33.09,39.3,30.13,23.56,0.04,22.89,46.41,50.88,,13.0,-22.9102992,-43.23520487
2012-03-21 14:30:00,UNIDADE MOVEL MARACANA,0.0,33.59,42.68,33.81,30.74,0.09,27.59,58.31,42.3,,10.0,-22.9102992,-43.23520487
2012-03-21 15:30:00,UNIDADE MOVEL MARACANA,0.0,33.04,45.65,31.73,31.68,0.07,21.85,53.52,47.84,,9.0,-22.9102992,-43.23520487
2012-03-21 16:30:00,UNIDADE MOVEL MARACANA,0.0,32.18,48.49,31.75,33.56,0.15,31.98,65.48,31.02,,12.0,-22.9102992,-43.23520487
2012-03-21 17:30:00,UNIDADE MOVEL MARACANA,0.0,31.3,50.19,23.74,38.42,0.39,44.67,83.12,13.09,,15.0,-22.9102992,-43.23520487
2012-03-21 18:30:00,UNIDADE MOVEL MARACANA,0.0,30.43,52.88,18.16,41.47,0.82,60.39,101.85,3.42,,13.0,-22.9102992,-43.23520487
2012-03-21 19:30:00,UNIDADE MOVEL MARACANA,0.0,30.1,54.47,14.0,41.56,0.71,54.6,96.11,1.42,,13.0,-22.9102992,-43.23520487
2012-03-21 20:30:00,UNIDADE MOVEL MARACANA,0.0,29.7,57.37,12.64,36.03,0.32,59.85,95.87,0.0,,10.0,-22.9102992,-43.23520487
2012-03-21 21:30:00,UNIDADE MOVEL MARACANA,0.0,29.19,59.61,10.36,33.69,0.3,41.48,75.13,1.36,,18.0,-22.9102992,-43.23520487
2012-03-21 22:30:00,UNIDADE MOVEL MARACANA,0.0,28.88,61.25,10.5,34.11,0.24,61.9,96.02,0.01,,18.0,-22.9102992,-43.23520487
2012-03-21 23:30:00,UNIDADE MOVEL MARACANA,0.0,28.03,65.6,15.69,32.11,0.04,43.7,75.82,0.0,,17.0,-22.9102992,-43.23520487
2012-03-22 00:30:00,UNIDADE MOVEL MARACANA,0.0,27.35,69.17,13.66,31.4,0.1,60.78,92.15,0.0,,7.0,-22.9102992,-43.23520487
2012-03-22 01:30:00,UNIDADE MOVEL MARACANA,0.0,26.9,71.68,16.07,29.61,0.16,73.52,103.12,0.0,,15.0,-22.9102992,-43.23520487
2012-03-22 02:30:00,UNIDADE MOVEL MARACANA,0.0,26.29,75.43,13.04,26.42,0.07,53.7,80.11,0.0,,23.0,-22.9102992,-43.23520487
2012-03-22 03:30:00,UNIDADE MOVEL MARACANA,0.0,26.14,77.05,11.01,25.1,0.06,51.55,76.64,0.0,,15.0,-22.9102992,-43.23520487
2012-03-22 04:30:00,UNIDADE MOVEL MARACANA,0.0,25.88,79.06,10.38,23.79,0.04,39.38,63.18,0.0,,18.0,-22.9102992,-43.23520487
2012-03-22 05:30:00,UNIDADE MOVEL MARACANA,0.0,25.55,82.16,9.38,21.57,0.09,64.34,85.88,0.0,,18.0,-22.9102992,-43.23520487
2012-03-22 06:30:00,UNIDADE MOVEL MARACANA,0.0,25.82,83.3,5.83,19.35,0.45,77.32,96.66,0.0,,17.0,-22.9102992,-43.23520487
2012-03-22 07:30:00,UNIDADE MOVEL MARACANA,0.0,27.68,75.61,8.55,29.21,0.92,119.4,148.58,0.1,,23.0,-22.9102992,-43.23520487
2012-03-22 08:30:00,UNIDADE MOVEL MARACANA,0.0,29.77,66.77,27.94,33.89,0.82,120.94,154.83,1.44,,36.0,-22.9102992,-43.23520487
2012-03-22 09:30:00,UNIDADE MOVEL MARACANA,0.0,32.35,52.35,41.28,57.81,0.56,45.77,103.57,36.46,,36.0,-22.9102992,-43.23520487
2012-03-22 10:30:00,UNIDADE MOVEL MARACANA,0.0,33.34,50.84,44.99,60.84,0.32,45.91,106.89,31.84,,31.0,-22.9102992,-43.23520487
2012-03-22 11:30:00,UNIDADE MOVEL MARACANA,0.0,34.35,47.31,47.26,58.33,0.17,19.33,77.65,78.96,,36.0,-22.9102992,-43.23520487
2012-03-22 12:30:00,UNIDADE MOVEL MARACANA,0.0,35.04,44.7,50.38,51.1,0.15,8.32,59.41,165.96,,32.0,-22.9102992,-43.23520487
2012-03-22 13:30:00,UNIDADE MOVEL MARACANA,0.0,36.99,34.67,28.67,25.95,0.09,12.92,38.91,98.63,,33.0,-22.9102992,-43.23520487
2012-03-22 14:30:00,UNIDADE MOVEL MARACANA,0.0,37.57,33.48,24.63,24.84,0.05,10.97,35.78,91.89,,18.0,-22.9102992,-43.23520487
2012-03-22 15:30:00,UNIDADE MOVEL MARACANA,0.0,35.95,37.46,21.55,38.44,0.05,6.53,44.96,112.18,,19.0,-22.9102992,-43.23520487
2012-03-22 16:30:00,UNIDADE MOVEL MARACANA,0.0,34.38,41.71,17.21,61.3,0.28,17.43,78.69,47.22,,19.0,-22.9102992,-43.23520487
2012-03-22 17:30:00,UNIDADE MOVEL MARACANA,0.0,33.27,42.14,12.45,48.76,0.26,20.78,69.57,36.09,,24.0,-22.9102992,-43.23520487
2012-03-22 18:30:00,UNIDADE MOVEL MARACANA,0.0,31.94,47.08,11.24,48.09,0.44,23.42,71.54,42.06,,14.0,-22.9102992,-43.23520487
2012-03-22 19:30:00,UNIDADE MOVEL MARACANA,0.0,30.24,54.73,8.84,56.82,0.43,38.32,95.17,17.15,,13.0,-22.9102992,-43.23520487
2012-03-22 20:30:00,UNIDADE MOVEL MARACANA,0.0,29.04,61.26,7.64,53.81,0.24,34.82,88.6,7.2,,19.0,-22.9102992,-43.23520487
2012-03-22 21:30:00,UNIDADE MOVEL MARACANA,0.0,29.05,62.58,7.83,44.36,0.31,46.03,90.4,14.64,,22.0,-22.9102992,-43.23520487
2012-03-22 22:30:00,UNIDADE MOVEL MARACANA,2.0,27.11,73.02,3.28,20.59,0.22,13.61,34.23,54.84,,24.0,-22.9102992,-43.23520487
2012-03-22 23:30:00,UNIDADE MOVEL MARACANA,10.0,24.13,89.8,1.05,19.9,0.14,25.4,45.26,46.92,,11.0,-22.9102992,-43.23520487
2012-03-23 00:30:00,UNIDADE MOVEL MARACANA,1.0,24.38,90.82,1.06,35.42,0.25,28.71,64.23,16.73,,10.0,-22.9102992,-43.23520487
2012-03-23 01:30:00,UNIDADE MOVEL MARACANA,3.0,23.97,91.87,0.38,16.34,0.06,3.81,20.15,43.46,,11.0,-22.9102992,-43.23520487
2012-03-23 02:30:00,UNIDADE MOVEL MARACANA,0.0,24.17,92.82,0.22,18.52,0.05,2.92,21.45,36.35,,13.0,-22.9102992,-43.23520487
2012-03-23 03:30:00,UNIDADE MOVEL MARACANA,3.0,23.76,93.57,0.03,20.82,0.04,3.31,24.14,33.97,,12.0,-22.9102992,-43.23520487
2012-03-23 04:30:00,UNIDADE MOVEL MARACANA,0.0,23.58,93.24,0.1,25.18,0.03,6.14,31.32,26.76,,20.0,-22.9102992,-43.23520487
2012-03-23 05:30:00,UNIDADE MOVEL MARACANA,0.0,23.8,93.44,0.76,31.25,0.14,23.07,54.34,2.23,,20.0,-22.9102992,-43.23520487
2012-03-23 06:30:00,UNIDADE MOVEL MARACANA,0.0,24.39,90.94,1.28,29.88,0.34,46.98,76.84,1.27,,16.0,-22.9102992,-43.23520487
2012-03-23 07:30:00,UNIDADE MOVEL MARACANA,0.0,25.36,87.27,2.96,31.4,0.73,78.69,110.06,0.48,,21.0,-22.9102992,-43.23520487
2012-03-23 08:30:00,UNIDADE MOVEL MARACANA,0.0,27.07,77.46,7.87,35.4,0.6,73.2,108.58,5.32,,31.0,-22.9102992,-43.23520487
2012-03-23 09:30:00,UNIDADE MOVEL MARACANA,0.0,27.59,74.04,20.02,35.08,0.27,48.45,83.49,18.2,,43.0,-22.9102992,-43.23520487
2012-03-23 10:30:00,UNIDADE MOVEL MARACANA,0.0,28.18,71.77,26.35,34.6,0.15,30.44,65.01,39.64,,26.0,-22.9102992,-43.23520487
2012-03-23 11:30:00,UNIDADE MOVEL MARACANA,0.0,29.32,66.25,21.42,27.68,0.17,15.99,43.66,70.58,,27.0,-22.9102992,-43.23520487
2012-03-23 12:30:00,UNIDADE MOVEL MARACANA,0.0,30.29,58.82,25.21,27.04,0.1,12.67,39.71,80.64,,16.0,-22.9102992,-43.23520487
2012-03-23 13:30:00,UNIDADE MOVEL MARACANA,0.0,31.68,55.32,23.66,37.87,0.29,14.12,52.01,75.13,,19.0,-22.9102992,-43.23520487
2012-03-23 14:30:00,UNIDADE MOVEL MARACANA,0.0,32.84,53.67,25.54,49.73,0.36,21.37,71.11,76.02,,16.0,-22.9102992,-43.23520487
2012-03-23 15:30:00,UNIDADE MOVEL MARACANA,0.0,33.23,52.67,22.97,17.77,0.14,8.47,26.26,84.64,,22.0,-22.9102992,-43.23520487
2012-03-23 16:30:00,UNIDADE MOVEL MARACANA,0.0,31.08,59.53,27.98,38.93,0.42,23.08,62.08,44.59,,17.0,-22.9102992,-43.23520487
2012-03-23 17:30:00,UNIDADE MOVEL MARACANA,0.0,28.04,69.1,17.25,21.95,0.17,8.91,30.85,58.62,,19.0,-22.9102992,-43.23520487
2012-03-23 18:30:00,UNIDADE MOVEL MARACANA,0.0,27.33,73.5,10.26,22.49,0.14,6.4,28.89,51.0,,10.0,-22.9102992,-43.23520487
2012-03-23 19:30:00,UNIDADE MOVEL MARACANA,0.0,27.44,73.19,6.3,21.15,0.14,8.45,29.59,61.67,,16.0,-22.9102992,-43.23520487
2012-03-23 20:30:00,UNIDADE MOVEL MARACANA,0.0,27.33,75.03,5.19,24.84,0.23,12.4,37.21,51.48,,15.0,-22.9102992,-43.23520487
2012-03-23 21:30:00,UNIDADE MOVEL MARACANA,0.0,27.07,76.28,5.18,30.61,0.39,21.76,52.36,26.9,,13.0,-22.9102992,-43.23520487
2012-03-23 22:30:00,UNIDADE MOVEL MARACANA,0.0,26.88,78.42,4.09,22.88,0.21,13.4,36.46,38.84,,15.0,-22.9102992,-43.23520487
2012-03-23 23:30:00,UNIDADE MOVEL MARACANA,1.0,25.75,87.72,3.56,28.25,0.26,16.19,44.42,27.22,,22.0,-22.9102992,-43.23520487
2012-03-24 00:30:00,UNIDADE MOVEL MARACANA,0.0,25.22,91.5,2.36,29.16,0.2,15.61,44.75,20.34,,15.0,-22.9102992,-43.23520487
2012-03-24 01:30:00,UNIDADE MOVEL MARACANA,2.0,24.89,91.16,1.29,23.76,0.17,8.52,32.26,27.48,,11.0,-22.9102992,-43.23520487
2012-03-24 02:30:00,UNIDADE MOVEL MARACANA,2.0,24.3,94.41,1.46,25.73,0.12,8.91,34.81,17.31,,18.0,-22.9102992,-43.23520487
2012-03-24 03:30:00,UNIDADE MOVEL MARACANA,0.0,24.45,95.48,1.27,27.79,0.12,10.48,38.28,5.59,,17.0,-22.9102992,-43.23520487
2012-03-24 04:30:00,UNIDADE MOVEL MARACANA,0.0,24.55,95.75,1.42,30.95,0.13,24.9,55.83,3.51,,17.0,-22.9102992,-43.23520487
2012-03-24 05:30:00,UNIDADE MOVEL MARACANA,0.0,24.45,95.6,1.95,26.63,0.12,21.01,47.72,6.56,,24.0,-22.9102992,-43.23520487
2012-03-24 06:30:00,UNIDADE MOVEL MARACANA,0.0,24.53,94.49,1.99,29.84,0.2,35.06,64.89,0.28,,25.0,-22.9102992,-43.23520487
2012-03-24 07:30:00,UNIDADE MOVEL MARACANA,0.0,24.56,93.03,2.64,29.35,0.18,38.15,67.45,2.48,,20.0,-22.9102992,-43.23520487
2012-03-24 08:30:00,UNIDADE MOVEL MARACANA,0.0,25.43,89.47,4.05,27.09,0.3,33.06,60.18,10.73,,25.0,-22.9102992,-43.23520487
2012-03-24 09:30:00,UNIDADE MOVEL MARACANA,0.0,27.73,77.62,8.76,27.2,0.26,30.79,57.95,22.87,,24.0,-22.9102992,-43.23520487
2012-03-24 10:30:00,UNIDADE MOVEL MARACANA,0.0,29.5,66.97,16.31,31.28,0.21,24.46,55.75,50.29,,45.0,-22.9102992,-43.23520487
2012-03-24 11:30:00,UNIDADE MOVEL MARACANA,0.0,30.92,60.76,21.53,32.15,0.2,14.67,46.81,77.78,,20.0,-22.9102992,-43.23520487
2012-03-24 12:30:00,UNIDADE MOVEL MARACANA,0.0,31.12,61.05,26.84,45.91,0.28,13.83,59.74,101.3,,22.0,-22.9102992,-43.23520487
2012-03-24 13:30:00,UNIDADE MOVEL MARACANA,0.0,31.53,58.91,25.2,36.19,0.17,5.45,41.63,155.71,,31.0,-22.9102992,-43.23520487
2012-03-24 14:30:00,UNIDADE MOVEL MARACANA,0.0,31.5,60.89,20.3,48.15,0.25,10.31,58.51,113.12,,26.0,-22.9102992,-43.23520487
2012-03-24 15:30:00,UNIDADE MOVEL MARACANA,0.0,31.1,61.73,17.66,44.95,0.27,13.71,58.64,63.99,,27.0,-22.9102992,-43.23520487
2012-03-24 16:30:00,UNIDADE MOVEL MARACANA,0.0,30.02,64.56,14.95,31.0,0.17,8.11,39.09,73.64,,22.0,-22.9102992,-43.23520487
2012-03-24 17:30:00,UNIDADE MOVEL MARACANA,0.0,27.915,76.19,14.18,35.515,0.26,15.535,51.02,48.175,,15.0,-22.9102992,-43.23520487
2012-03-24 18:30:00,UNIDADE MOVEL MARACANA,0.0,25.81,87.82,11.6,40.03,0.42,22.96,62.95,22.71,,15.0,-22.9102992,-43.23520487
2012-03-24 19:30:00,UNIDADE MOVEL MARACANA,3.0,25.09,91.78,6.67,46.4,0.45,37.98,84.36,8.87,,16.0,-22.9102992,-43.23520487
2012-03-24 20:30:00,UNIDADE MOVEL MARACANA,2.0,24.74,94.37,6.96,49.84,0.35,51.46,101.18,0.0,,17.0,-22.9102992,-43.23520487
2012-03-24 21:30:00,UNIDADE MOVEL MARACANA,6.0,24.34,95.99,6.62,43.4,0.34,39.86,83.25,2.97,,16.0,-22.9102992,-43.23520487
2012-03-24 22:30:00,UNIDADE MOVEL MARACANA,0.0,24.07,96.19,4.74,32.51,0.17,20.36,52.9,20.98,,20.0,-22.9102992,-43.23520487
2012-03-24 23:30:00,UNIDADE MOVEL MARACANA,0.0,24.2,96.17,3.8,44.0,0.3,28.98,72.97,2.88,,15.0,-22.9102992,-43.23520487
2012-03-25 00:30:00,UNIDADE MOVEL MARACANA,0.0,24.18,96.12,3.34,42.02,0.36,28.04,70.06,0.0,,13.0,-22.9102992,-43.23520487
2012-03-25 01:30:00,UNIDADE MOVEL MARACANA,0.0,24.23,95.52,2.99,39.79,0.28,27.91,67.62,0.03,,18.0,-22.9102992,-43.23520487
2012-03-25 02:30:00,UNIDADE MOVEL MARACANA,0.0,24.33,95.17,2.95,38.32,0.31,41.09,79.39,0.0,,25.0,-22.9102992,-43.23520487
2012-03-25 03:30:00,UNIDADE MOVEL MARACANA,0.0,24.23,95.01,3.55,35.65,0.27,33.38,69.09,0.0,,26.0,-22.9102992,-43.23520487
2012-03-25 04:30:00,UNIDADE MOVEL MARACANA,0.0,24.28,95.14,3.89,34.18,0.36,46.99,81.16,0.0,,23.0,-22.9102992,-43.23520487
2012-03-25 05:30:00,UNIDADE MOVEL MARACANA,0.0,24.23,95.13,3.76,32.2,0.43,41.32,73.48,0.0,,32.0,-22.9102992,-43.23520487
2012-03-25 06:30:00,UNIDADE MOVEL MARACANA,0.0,24.31,94.92,3.77,29.84,0.34,47.83,77.61,0.0,,32.0,-22.9102992,-43.23520487
2012-03-25 07:30:00,UNIDADE MOVEL MARACANA,0.0,24.87,93.46,5.37,32.06,0.43,52.04,84.15,1.25,,27.0,-22.9102992,-43.23520487
2012-03-25 08:30:00,UNIDADE MOVEL MARACANA,0.0,26.66,83.08,11.98,30.99,0.22,31.31,62.3,14.23,,28.0,-22.9102992,-43.23520487
2012-03-25 09:30:00,UNIDADE MOVEL MARACANA,0.0,28.3,74.27,18.27,25.25,0.11,17.29,42.54,35.0,,41.0,-22.9102992,-43.23520487
2012-03-25 10:30:00,UNIDADE MOVEL MARACANA,0.0,29.57,66.68,25.13,25.49,0.13,15.67,41.15,56.19,,30.0,-22.9102992,-43.23520487
2012-03-25 11:30:00,UNIDADE MOVEL MARACANA,0.0,29.72,61.63,22.9,14.86,0.06,7.93,22.79,84.11,,23.0,-22.9102992,-43.23520487
2012-03-25 12:30:00,UNIDADE MOVEL MARACANA,0.0,30.53,59.83,23.52,15.67,0.09,5.61,21.27,115.2,,14.0,-22.9102992,-43.23520487
2012-03-25 13:30:00,UNIDADE MOVEL MARACANA,0.0,30.7,61.28,25.18,19.62,0.11,5.95,25.58,128.34,,16.0,-22.9102992,-43.23520487
2012-03-25 14:30:00,UNIDADE MOVEL MARACANA,0.0,31.01,62.07,28.31,17.81,0.12,4.09,21.9,133.19,,19.0,-22.9102992,-43.23520487
2012-03-25 15:30:00,UNIDADE MOVEL MARACANA,0.0,30.37,64.17,26.76,17.25,0.12,5.46,22.72,96.97,,21.0,-22.9102992,-43.23520487
2012-03-25 16:30:00,UNIDADE MOVEL MARACANA,0.0,29.82,65.2,23.86,18.91,0.11,6.25,25.16,78.33,,10.0,-22.9102992,-43.23520487
2012-03-25 17:30:00,UNIDADE MOVEL MARACANA,0.0,28.29,69.03,17.41,23.4,0.12,9.63,33.03,51.29,,10.0,-22.9102992,-43.23520487
2012-03-25 18:30:00,UNIDADE MOVEL MARACANA,0.0,27.2,74.73,10.65,17.45,0.1,5.1,22.55,63.93,,8.0,-22.9102992,-43.23520487
2012-03-25 19:30:00,UNIDADE MOVEL MARACANA,0.0,26.94,77.17,7.96,15.52,0.07,4.83,20.34,67.12,,6.0,-22.9102992,-43.23520487
2012-03-25 20:30:00,UNIDADE MOVEL MARACANA,0.0,26.91,77.23,6.86,17.95,0.09,7.08,25.05,46.81,,5.0,-22.9102992,-43.23520487
2012-03-25 21:30:00,UNIDADE MOVEL MARACANA,0.0,26.93,76.75,5.71,18.82,0.1,10.48,29.29,39.25,,7.0,-22.9102992,-43.23520487
2012-03-25 22:30:00,UNIDADE MOVEL MARACANA,0.0,27.28,75.41,5.82,25.54,0.2,17.28,42.79,16.85,,8.0,-22.9102992,-43.23520487
2012-03-25 23:30:00,UNIDADE MOVEL MARACANA,0.0,27.09,77.05,5.67,26.26,0.18,10.82,37.11,13.2,,7.0,-22.9102992,-43.23520487
2012-03-26 00:30:00,UNIDADE MOVEL MARACANA,0.0,26.95,78.33,3.95,26.52,0.12,8.01,34.53,7.5,,9.0,-22.9102992,-43.23520487
2012-03-26 01:30:00,UNIDADE MOVEL MARACANA,0.0,26.48,80.76,1.85,25.2,0.08,7.04,32.23,8.44,,12.0,-22.9102992,-43.23520487
2012-03-26 02:30:00,UNIDADE MOVEL MARACANA,0.0,26.04,83.37,2.59,26.57,0.08,14.79,41.36,2.83,,11.0,-22.9102992,-43.23520487
2012-03-26 03:30:00,UNIDADE MOVEL MARACANA,0.0,25.85,85.01,4.37,25.32,0.05,11.42,36.75,1.51,,17.0,-22.9102992,-43.23520487
2012-03-26 04:30:00,UNIDADE MOVEL MARACANA,0.0,25.78,85.49,4.32,23.32,0.05,11.47,34.75,2.96,,19.0,-22.9102992,-43.23520487
2012-03-26 05:30:00,UNIDADE MOVEL MARACANA,0.0,25.73,86.34,7.08,19.54,0.12,23.0,42.57,2.81,,9.0,-22.9102992,-43.23520487
2012-03-26 06:30:00,UNIDADE MOVEL MARACANA,0.0,25.95,85.95,5.7,23.46,0.43,62.71,86.37,0.0,,15.0,-22.9102992,-43.23520487
2012-03-26 07:30:00,UNIDADE MOVEL MARACANA,0.0,26.96,80.61,4.32,18.64,0.32,31.3,50.04,18.84,,22.0,-22.9102992,-43.23520487
2012-03-26 08:30:00,UNIDADE MOVEL MARACANA,0.0,29.07,72.45,13.82,27.33,0.73,62.94,90.26,9.0,,18.0,-22.9102992,-43.23520487
2012-03-26 09:30:00,UNIDADE MOVEL MARACANA,0.0,28.92,71.83,15.8,30.58,0.23,25.73,56.31,25.81,,42.0,-22.9102992,-43.23520487
2012-03-26 10:30:00,UNIDADE MOVEL MARACANA,0.0,30.14,67.14,14.18,38.11,0.34,42.65,80.9,21.54,,24.0,-22.9102992,-43.23520487
2012-03-26 11:30:00,UNIDADE MOVEL MARACANA,0.0,31.79,61.16,16.25,32.48,0.18,21.35,53.87,50.75,,18.0,-22.9102992,-43.23520487
2012-03-26 12:30:00,UNIDADE MOVEL MARACANA,0.0,32.1,59.45,18.61,29.9,0.17,20.59,50.46,55.1,,23.0,-22.9102992,-43.23520487
2012-03-26 13:30:00,UNIDADE MOVEL MARACANA,0.0,31.46,61.93,18.08,27.18,0.1,13.58,40.77,77.96,,20.0,-22.9102992,-43.23520487
2012-03-26 14:30:00,UNIDADE MOVEL MARACANA,0.0,31.7,61.0,20.74,31.83,0.08,12.46,44.29,88.3,,10.0,-22.9102992,-43.23520487
2012-03-26 15:30:00,UNIDADE MOVEL MARACANA,0.0,31.76,60.99,23.57,34.61,0.12,15.95,50.53,68.58,,12.0,-22.9102992,-43.23520487
2012-03-26 16:30:00,UNIDADE MOVEL MARACANA,0.0,31.51,59.86,23.87,39.74,0.25,27.92,67.67,36.5,,15.0,-22.9102992,-43.23520487
2012-03-26 17:30:00,UNIDADE MOVEL MARACANA,0.0,30.64,62.64,18.47,48.36,0.67,39.95,88.35,19.69,,13.0,-22.9102992,-43.23520487
2012-03-26 18:30:00,UNIDADE MOVEL MARACANA,0.0,30.4,63.36,15.05,58.95,1.28,50.07,109.03,5.82,,16.0,-22.9102992,-43.23520487
2012-03-26 19:30:00,UNIDADE MOVEL MARACANA,0.0,30.38,65.36,11.32,46.25,0.58,44.53,90.79,5.5,,19.0,-22.9102992,-43.23520487
2012-03-26 20:30:00,UNIDADE MOVEL MARACANA,0.0,29.99,68.88,9.27,43.5,0.51,42.16,85.65,1.28,,16.0,-22.9102992,-43.23520487
2012-03-26 21:30:00,UNIDADE MOVEL MARACANA,0.0,29.57,71.37,9.33,45.23,0.49,57.39,102.61,0.07,,15.0,-22.9102992,-43.23520487
2012-03-26 22:30:00,UNIDADE MOVEL MARACANA,0.0,29.09,72.69,11.52,43.55,0.43,68.74,112.25,0.0,,88.0,-22.9102992,-43.23520487
2012-03-26 23:30:00,UNIDADE MOVEL MARACANA,0.0,28.3,76.84,13.09,38.32,0.22,63.85,102.11,0.13,,30.0,-22.9102992,-43.23520487
2012-03-27 00:30:00,UNIDADE MOVEL MARACANA,0.0,27.52,78.02,9.27,32.96,0.08,22.63,55.63,0.22,,24.0,-22.9102992,-43.23520487
2012-03-27 01:30:00,UNIDADE MOVEL MARACANA,0.0,26.7,81.27,8.82,30.95,0.04,18.58,49.52,0.0,,27.0,-22.9102992,-43.23520487
2012-03-27 02:30:00,UNIDADE MOVEL MARACANA,0.0,26.25,83.36,4.57,27.12,0.03,10.85,37.97,0.0,,26.0,-22.9102992,-43.23520487
2012-03-27 03:30:00,UNIDADE MOVEL MARACANA,0.0,25.94,85.05,10.14,25.37,0.01,12.19,37.56,0.19,,19.0,-22.9102992,-43.23520487
2012-03-27 04:30:00,UNIDADE MOVEL MARACANA,0.0,25.68,85.69,14.44,23.65,0.01,21.88,45.53,0.0,,24.0,-22.9102992,-43.23520487
2012-03-27 05:30:00,UNIDADE MOVEL MARACANA,0.0,25.59,86.37,12.27,23.17,0.06,57.98,81.16,0.0,,24.0,-22.9102992,-43.23520487
2012-03-27 06:30:00,UNIDADE MOVEL MARACANA,0.0,25.8,85.82,10.3,23.54,0.45,93.64,117.19,0.0,,24.0,-22.9102992,-43.23520487
2012-03-27 07:30:00,UNIDADE MOVEL MARACANA,0.0,27.49,79.16,12.16,33.24,0.99,111.55,144.78,0.0,,22.0,-22.9102992,-43.23520487
2012-03-27 08:30:00,UNIDADE MOVEL MARACANA,0.0,30.28,64.75,16.23,42.59,0.99,78.99,121.43,5.78,,38.0,-22.9102992,-43.23520487
2012-03-27 09:30:00,UNIDADE MOVEL MARACANA,0.0,31.25,59.45,23.64,41.92,0.54,59.08,100.98,15.21,,41.0,-22.9102992,-43.23520487
2012-03-27 10:30:00,UNIDADE MOVEL MARACANA,0.0,33.0,51.2,21.89,33.26,0.13,30.27,63.55,40.12,,23.0,-22.9102992,-43.23520487
2012-03-27 11:30:00,UNIDADE MOVEL MARACANA,0.0,34.23,45.29,61.57,37.2,0.09,15.5,52.7,82.19,,21.0,-22.9102992,-43.23520487
2012-03-27 12:30:00,UNIDADE MOVEL MARACANA,0.0,34.75,44.17,36.69,44.42,0.27,14.27,58.75,113.98,,23.0,-22.9102992,-43.23520487
2012-03-27 13:30:00,UNIDADE MOVEL MARACANA,0.0,34.64,45.9,31.77,39.15,0.17,11.44,50.59,118.44,,25.0,-22.9102992,-43.23520487
2012-03-27 14:30:00,UNIDADE MOVEL MARACANA,0.0,35.17,41.26,22.1,26.69,0.12,18.35,45.07,58.29,,25.0,-22.9102992,-43.23520487
2012-03-27 15:30:00,UNIDADE MOVEL MARACANA,0.0,33.66,49.74,19.07,25.34,0.1,6.71,32.03,102.22,,8.0,-22.9102992,-43.23520487
2012-03-27 16:30:00,UNIDADE MOVEL MARACANA,0.0,33.16,52.98,20.57,53.58,0.34,26.03,79.65,41.27,,16.0,-22.9102992,-43.23520487
2012-03-27 17:30:00,UNIDADE MOVEL MARACANA,0.0,32.06,56.4,18.65,55.81,0.8,39.36,95.14,18.86,,26.0,-22.9102992,-43.23520487
2012-03-27 18:30:00,UNIDADE MOVEL MARACANA,0.0,31.05,60.02,15.4,54.88,1.53,60.13,115.0,3.61,,23.0,-22.9102992,-43.23520487
2012-03-27 19:30:00,UNIDADE MOVEL MARACANA,0.0,30.55,62.72,13.67,52.62,1.38,96.88,149.49,0.18,,23.0,-22.9102992,-43.23520487
2012-03-27 20:30:00,UNIDADE MOVEL MARACANA,0.0,29.99,65.27,14.67,51.21,0.66,89.63,140.7,0.11,,28.0,-22.9102992,-43.23520487
2012-03-27 21:30:00,UNIDADE MOVEL MARACANA,0.0,29.53,65.97,11.38,45.78,0.72,94.64,140.63,0.0,,29.0,-22.9102992,-43.23520487
2012-03-27 22:30:00,UNIDADE MOVEL MARACANA,0.0,28.59,67.27,5.63,27.14,0.05,13.94,41.06,31.94,,30.0,-22.9102992,-43.23520487
2012-03-27 23:30:00,UNIDADE MOVEL MARACANA,0.0,28.13,70.55,3.35,20.75,0.02,5.91,26.64,72.27,,20.0,-22.9102992,-43.23520487
2012-03-28 00:30:00,UNIDADE MOVEL MARACANA,0.0,27.91,73.25,3.04,27.2,0.12,7.48,34.67,50.99,,22.0,-22.9102992,-43.23520487
2012-03-28 01:30:00,UNIDADE MOVEL MARACANA,0.0,27.46,75.9,2.1,12.22,0.04,2.67,14.89,70.55,,22.0,-22.9102992,-43.23520487
2012-03-28 02:30:00,UNIDADE MOVEL MARACANA,0.0,27.24,75.0,1.87,12.62,0.04,2.59,15.21,66.8,,23.0,-22.9102992,-43.23520487
2012-03-28 03:30:00,UNIDADE MOVEL MARACANA,0.0,27.06,74.72,2.1,21.53,0.04,2.72,24.25,43.95,,19.0,-22.9102992,-43.23520487
2012-03-28 04:30:00,UNIDADE MOVEL MARACANA,0.0,26.68,78.13,2.49,30.5,0.05,10.29,40.8,8.91,,18.0,-22.9102992,-43.23520487
2012-03-28 05:30:00,UNIDADE MOVEL MARACANA,0.0,26.5,77.95,3.96,27.33,0.1,19.75,47.08,12.51,,26.0,-22.9102992,-43.23520487
2012-03-28 06:30:00,UNIDADE MOVEL MARACANA,0.0,26.64,76.09,3.07,32.69,0.33,44.79,77.46,11.65,,23.0,-22.9102992,-43.23520487
2012-03-28 07:30:00,UNIDADE MOVEL MARACANA,0.0,27.15,77.67,5.27,36.97,0.63,56.1,93.11,1.72,,31.0,-22.9102992,-43.23520487
2012-03-28 08:30:00,UNIDADE MOVEL MARACANA,0.0,27.96,74.68,9.24,35.98,0.49,51.52,87.49,10.06,,27.0,-22.9102992,-43.23520487
2012-03-28 09:30:00,UNIDADE MOVEL MARACANA,0.0,27.6,76.31,13.56,41.51,0.73,59.54,101.03,6.21,,45.0,-22.9102992,-43.23520487
2012-03-28 10:30:00,UNIDADE MOVEL MARACANA,0.0,28.03,72.12,12.63,36.13,0.32,32.25,68.36,23.96,,29.0,-22.9102992,-43.23520487
2012-03-28 11:30:00,UNIDADE MOVEL MARACANA,0.0,28.1,68.62,8.99,17.36,0.1,7.35,24.7,60.96,,25.0,-22.9102992,-43.23520487
2012-03-28 12:30:00,UNIDADE MOVEL MARACANA,0.0,28.05,70.62,6.92,15.08,0.1,6.82,21.89,71.43,,14.0,-22.9102992,-43.23520487
