data,Nome,chuva,temp,ur,so2,no2,co,no,nox,o3,pm10,pm2_5,lat,lon
2014-01-14 10:30:00,UNIDADE MOVEL MADUREIRA,,,,,,,,,,,34.0,-22.86555484,-43.34336341
2014-01-14 11:30:00,UNIDADE MOVEL MADUREIRA,0.0,33.93,50.43,19.33,,,,,,,42.0,-22.86555484,-43.34336341
2014-01-14 12:30:00,UNIDADE MOVEL MADUREIRA,0.0,35.38,43.7,18.446666666666665,,0.38,,,,,50.0,-22.86555484,-43.34336341
2014-01-14 13:30:00,UNIDADE MOVEL MADUREIRA,0.0,36.3,40.38,17.563333333333333,,0.18,,,112.89,,13.0,-22.86555484,-43.34336341
2014-01-14 14:30:00,UNIDADE MOVEL MADUREIRA,0.0,36.52,38.37,16.68,,0.19,,,130.7,,12.0,-22.86555484,-43.34336341
2014-01-14 15:30:00,UNIDADE MOVEL MADUREIRA,0.0,36.67,36.82,18.63,,0.2,,,96.14,,18.0,-22.86555484,-43.34336341
2014-01-14 16:30:00,UNIDADE MOVEL MADUREIRA,0.0,36.47,37.13,16.78,,0.3,,,84.93,,11.0,-22.86555484,-43.34336341
2014-01-14 17:30:00,UNIDADE MOVEL MADUREIRA,0.0,34.85,43.2,11.02,,0.31,,,61.4,,18.0,-22.86555484,-43.34336341
2014-01-14 18:30:00,UNIDADE MOVEL MADUREIRA,0.0,33.83,46.4,2.08,,0.37,,,42.41,,9.0,-22.86555484,-43.34336341
2014-01-14 19:30:00,UNIDADE MOVEL MADUREIRA,0.0,32.53,53.68,0.0,,0.22,,,25.89,,10.0,-22.86555484,-43.34336341
2014-01-14 20:30:00,UNIDADE MOVEL MADUREIRA,0.0,31.9475,55.785,0.0,,0.21,,,20.47,,10.0,-22.86555484,-43.34336341
2014-01-14 21:30:00,UNIDADE MOVEL MADUREIRA,0.0,31.365000000000002,57.89,0.0,,0.2,,,15.05,,16.0,-22.86555484,-43.34336341
2014-01-14 22:30:00,UNIDADE MOVEL MADUREIRA,0.0,30.7825,59.995000000000005,0.0,,0.19,,,9.630000000000003,,19.0,-22.86555484,-43.34336341
2014-01-14 23:30:00,UNIDADE MOVEL MADUREIRA,0.0,30.2,62.1,0.0,,0.18,,,4.21,,22.0,-22.86555484,-43.34336341
2014-01-15 00:30:00,UNIDADE MOVEL MADUREIRA,0.0,29.92,65.03,1.48,,0.3,,,2.82,,17.0,-22.86555484,-43.34336341
2014-01-15 01:30:00,UNIDADE MOVEL MADUREIRA,0.0,29.33,68.08,1.08,,0.25,,,10.31,,22.0,-22.86555484,-43.34336341
2014-01-15 02:30:00,UNIDADE MOVEL MADUREIRA,0.0,28.73,71.2,0.06,,0.24,,,24.41,,20.0,-22.86555484,-43.34336341
2014-01-15 03:30:00,UNIDADE MOVEL MADUREIRA,0.0,28.27,74.3,0.0,,0.16,,,29.43,,21.0,-22.86555484,-43.34336341
2014-01-15 04:30:00,UNIDADE MOVEL MADUREIRA,0.0,28.13,75.67,0.0,,0.09,,,25.61,,18.0,-22.86555484,-43.34336341
2014-01-15 05:30:00,UNIDADE MOVEL MADUREIRA,0.0,27.67,76.98,0.0,,0.19,,,10.81,,14.0,-22.86555484,-43.34336341
2014-01-15 06:30:00,UNIDADE MOVEL MADUREIRA,0.0,28.932000000000002,71.37400000000001,4.6579999999999995,,0.184,,,25.964,,19.0,-22.86555484,-43.34336341
2014-01-15 07:30:00,UNIDADE MOVEL MADUREIRA,0.0,30.194,65.768,9.315999999999999,,0.178,,,41.117999999999995,,20.666666666666668,-22.86555484,-43.34336341
2014-01-15 08:30:00,UNIDADE MOVEL MADUREIRA,0.0,31.456,60.162000000000006,13.973999999999998,,0.17200000000000001,,,56.272,,22.333333333333332,-22.86555484,-43.34336341
2014-01-15 09:30:00,UNIDADE MOVEL MADUREIRA,0.0,32.717999999999996,54.556000000000004,18.631999999999998,,0.166,,,71.42599999999999,,24.0,-22.86555484,-43.34336341
2014-01-15 10:30:00,UNIDADE MOVEL MADUREIRA,0.0,33.98,48.95,23.29,,0.16,,,86.58,,18.0,-22.86555484,-43.34336341
2014-01-15 11:30:00,UNIDADE MOVEL MADUREIRA,0.0,35.4,41.72,28.1,,0.24,,,123.75,,23.0,-22.86555484,-43.34336341
2014-01-15 12:30:00,UNIDADE MOVEL MADUREIRA,0.0,35.63,45.08,31.13,,0.3,,,128.3,,22.0,-22.86555484,-43.34336341
2014-01-15 13:30:00,UNIDADE MOVEL MADUREIRA,0.0,35.03,48.33,33.46,,0.41,,,116.4,,22.0,-22.86555484,-43.34336341
2014-01-15 14:30:00,UNIDADE MOVEL MADUREIRA,0.0,33.48,51.18,30.96,,0.31,,,104.17,,23.0,-22.86555484,-43.34336341
2014-01-15 15:30:00,UNIDADE MOVEL MADUREIRA,0.0,32.15,53.98,22.37,,0.23,,,92.32,,13.0,-22.86555484,-43.34336341
2014-01-15 16:30:00,UNIDADE MOVEL MADUREIRA,0.0,,,,,,,,,,10.0,-22.86555484,-43.34336341
2014-01-15 17:30:00,UNIDADE MOVEL MADUREIRA,0.0,,,,,,,,,,8.0,-22.86555484,-43.34336341
2014-01-15 18:30:00,UNIDADE MOVEL MADUREIRA,0.0,,,,,,,,,,9.0,-22.86555484,-43.34336341
2014-01-15 19:30:00,UNIDADE MOVEL MADUREIRA,0.0,,,,,,,,,,10.0,-22.86555484,-43.34336341
2014-01-15 20:30:00,UNIDADE MOVEL MADUREIRA,0.0,,,,,,,,,,11.5,-22.86555484,-43.34336341
2014-01-15 21:30:00,UNIDADE MOVEL MADUREIRA,0.0,,,,,,,,,,13.0,-22.86555484,-43.34336341
2014-01-15 22:30:00,UNIDADE MOVEL MADUREIRA,0.0,,,,,,,,,,15.75,-22.86555484,-43.34336341
2014-01-15 23:30:00,UNIDADE MOVEL MADUREIRA,0.0,,,,,,,,,,18.5,-22.86555484,-43.34336341
2014-01-16 00:30:00,UNIDADE MOVEL MADUREIRA,0.0,,,,,,,,,,21.25,-22.86555484,-43.34336341
2014-01-16 01:30:00,UNIDADE MOVEL MADUREIRA,0.0,,,,,,,,,,24.0,-22.86555484,-43.34336341
2014-01-16 02:30:00,UNIDADE MOVEL MADUREIRA,0.0,,,,,,,,,,27.75,-22.86555484,-43.34336341
2014-01-16 03:30:00,UNIDADE MOVEL MADUREIRA,0.0,,,,,,,,,,31.5,-22.86555484,-43.34336341
2014-01-16 04:30:00,UNIDADE MOVEL MADUREIRA,0.0,,,,,,,,,,35.25,-22.86555484,-43.34336341
2014-01-16 05:30:00,UNIDADE MOVEL MADUREIRA,0.0,,,,,,,,,,39.0,-22.86555484,-43.34336341
2014-01-16 06:30:00,UNIDADE MOVEL MADUREIRA,0.0,28.28,66.83,0.29,,0.18,,,18.38,,18.0,-22.86555484,-43.34336341
2014-01-16 07:30:00,UNIDADE MOVEL MADUREIRA,0.0,29.8,61.43,3.02,,0.23,,,35.31,,26.0,-22.86555484,-43.34336341
2014-01-16 08:30:00,UNIDADE MOVEL MADUREIRA,0.0,31.12,56.87,10.17,,0.32,,,54.76,,43.0,-22.86555484,-43.34336341
2014-01-16 09:30:00,UNIDADE MOVEL MADUREIRA,0.0,32.87,48.08,18.39,,0.52,,,75.87,,13.0,-22.86555484,-43.34336341
2014-01-16 10:30:00,UNIDADE MOVEL MADUREIRA,0.0,34.12,43.5,22.53,,0.74,,,92.81,,23.0,-22.86555484,-43.34336341
2014-01-16 11:30:00,UNIDADE MOVEL MADUREIRA,0.0,35.08,40.28,26.52,,0.14,,,111.47,,25.0,-22.86555484,-43.34336341
2014-01-16 12:30:00,UNIDADE MOVEL MADUREIRA,0.0,34.48,46.62,29.73,,0.05,,,120.08,,22.0,-22.86555484,-43.34336341
2014-01-16 13:30:00,UNIDADE MOVEL MADUREIRA,0.0,33.15333333333333,49.17333333333333,25.446666666666665,,0.05333333333333334,,,100.16666666666666,,17.5,-22.86555484,-43.34336341
2014-01-16 14:30:00,UNIDADE MOVEL MADUREIRA,0.0,31.826666666666664,51.72666666666667,21.163333333333334,,0.056666666666666664,,,80.25333333333333,,13.0,-22.86555484,-43.34336341
2014-01-16 15:30:00,UNIDADE MOVEL MADUREIRA,0.0,30.5,54.28,16.88,,0.06,,,60.34,,13.0,-22.86555484,-43.34336341
2014-01-16 16:30:00,UNIDADE MOVEL MADUREIRA,0.0,29.18,59.83,13.54,,0.09,,,55.82,,12.0,-22.86555484,-43.34336341
2014-01-16 17:30:00,UNIDADE MOVEL MADUREIRA,0.0,27.22,73.18,8.21,,0.2,,,60.23,,9.0,-22.86555484,-43.34336341
2014-01-16 18:30:00,UNIDADE MOVEL MADUREIRA,69.0,22.78,92.78,2.68,,0.19,,,62.02,,10.0,-22.86555484,-43.34336341
2014-01-16 19:30:00,UNIDADE MOVEL MADUREIRA,7.0,21.07,97.05,0.97,,0.19,,,72.31,,9.0,-22.86555484,-43.34336341
2014-01-16 20:30:00,UNIDADE MOVEL MADUREIRA,4.0,21.53,94.13,0.0,,0.18,,,61.84,,3.0,-22.86555484,-43.34336341
2014-01-16 21:30:00,UNIDADE MOVEL MADUREIRA,2.0,,,,,,,,,,1.0,-22.86555484,-43.34336341
2014-01-16 22:30:00,UNIDADE MOVEL MADUREIRA,0.0,,,,,,,,,,2.0,-22.86555484,-43.34336341
2014-01-16 23:30:00,UNIDADE MOVEL MADUREIRA,0.0,,,,,,,,,,9.5,-22.86555484,-43.34336341
2014-01-17 00:30:00,UNIDADE MOVEL MADUREIRA,0.0,,,,,,,,,,17.0,-22.86555484,-43.34336341
2014-01-17 01:30:00,UNIDADE MOVEL MADUREIRA,0.0,,,,,,,,,,16.0,-22.86555484,-43.34336341
2014-01-17 02:30:00,UNIDADE MOVEL MADUREIRA,0.0,23.1,87.28,2.14,,0.23,,,40.41,,17.0,-22.86555484,-43.34336341
2014-01-17 03:30:00,UNIDADE MOVEL MADUREIRA,0.0,23.37,85.45,1.54,,0.21,,,35.98,,12.0,-22.86555484,-43.34336341
2014-01-17 04:30:00,UNIDADE MOVEL MADUREIRA,0.0,23.63,82.63,1.68,,0.21,,,22.24,,9.0,-22.86555484,-43.34336341
2014-01-17 05:30:00,UNIDADE MOVEL MADUREIRA,0.0,23.63,83.4,2.07,,0.41,,,10.29,,17.0,-22.86555484,-43.34336341
2014-01-17 06:30:00,UNIDADE MOVEL MADUREIRA,0.0,23.8,83.25,1.89,,0.51,,,3.44,,12.0,-22.86555484,-43.34336341
2014-01-17 07:30:00,UNIDADE MOVEL MADUREIRA,0.0,24.55,79.65,3.1,,0.49,,,5.91,,19.0,-22.86555484,-43.34336341
2014-01-17 08:30:00,UNIDADE MOVEL MADUREIRA,0.0,25.68,74.0,4.32,,0.76,,,12.99,,27.0,-22.86555484,-43.34336341
2014-01-17 09:30:00,UNIDADE MOVEL MADUREIRA,0.0,27.2,65.63,5.44,,0.55,,,27.61,,22.0,-22.86555484,-43.34336341
2014-01-17 10:30:00,UNIDADE MOVEL MADUREIRA,0.0,28.27,63.72,7.83,,0.53,,,44.65,,29.0,-22.86555484,-43.34336341
2014-01-17 11:30:00,UNIDADE MOVEL MADUREIRA,0.0,30.38,54.8,13.16,,0.14,,,81.4,,15.0,-22.86555484,-43.34336341
2014-01-17 12:30:00,UNIDADE MOVEL MADUREIRA,0.0,29.73,58.85,17.45,,0.41,,,88.39,,14.0,-22.86555484,-43.34336341
2014-01-17 13:30:00,UNIDADE MOVEL MADUREIRA,0.0,29.56,60.44,13.63,,0.27999999999999997,,,96.94,,14.0,-22.86555484,-43.34336341
2014-01-17 14:30:00,UNIDADE MOVEL MADUREIRA,0.0,30.38,58.53,15.13,,0.15,,,107.2,,13.0,-22.86555484,-43.34336341
2014-01-17 15:30:00,UNIDADE MOVEL MADUREIRA,0.0,30.3,58.58,19.36,,0.07,,,96.91,,13.0,-22.86555484,-43.34336341
2014-01-17 16:30:00,UNIDADE MOVEL MADUREIRA,0.0,28.63,59.53,16.82,,0.1,,,78.25,,12.0,-22.86555484,-43.34336341
2014-01-17 17:30:00,UNIDADE MOVEL MADUREIRA,0.0,27.43,60.2,8.58,,0.07,,,71.9,,8.0,-22.86555484,-43.34336341
2014-01-17 18:30:00,UNIDADE MOVEL MADUREIRA,0.0,,,,,,,,,,5.0,-22.86555484,-43.34336341
2014-01-17 19:30:00,UNIDADE MOVEL MADUREIRA,0.0,,,,,,,,,,1.0,-22.86555484,-43.34336341
2014-01-17 20:30:00,UNIDADE MOVEL MADUREIRA,0.0,,,,,,,,,,0.0,-22.86555484,-43.34336341
2014-01-17 21:30:00,UNIDADE MOVEL MADUREIRA,0.0,,,,,,,,,,16.0,-22.86555484,-43.34336341
2014-01-17 22:30:00,UNIDADE MOVEL MADUREIRA,0.0,,,,,,,,,,15.0,-22.86555484,-43.34336341
2014-01-17 23:30:00,UNIDADE MOVEL MADUREIRA,0.0,24.83,81.93,0.19,,0.35,,,17.98,,13.0,-22.86555484,-43.34336341
2014-01-18 00:30:00,UNIDADE MOVEL MADUREIRA,0.0,25.02,80.7,1.54,,0.49,,,8.92,,12.0,-22.86555484,-43.34336341
2014-01-18 01:30:00,UNIDADE MOVEL MADUREIRA,0.0,24.75,78.45,1.1,,0.3,,,27.6,,22.0,-22.86555484,-43.34336341
2014-01-18 02:30:00,UNIDADE MOVEL MADUREIRA,0.0,24.62,74.48,1.28,,0.19,,,38.24,,9.0,-22.86555484,-43.34336341
2014-01-18 03:30:00,UNIDADE MOVEL MADUREIRA,0.0,24.23,78.63,1.52,,0.13,,,29.44,,10.0,-22.86555484,-43.34336341
2014-01-18 04:30:00,UNIDADE MOVEL MADUREIRA,0.0,24.28,77.73,1.28,,0.21,,,20.21,,11.0,-22.86555484,-43.34336341
2014-01-18 05:30:00,UNIDADE MOVEL MADUREIRA,0.0,24.35,74.92,1.31,,0.3,,,13.04,,16.0,-22.86555484,-43.34336341
2014-01-18 06:30:00,UNIDADE MOVEL MADUREIRA,0.0,24.87,74.88,1.44,,0.52,,,4.04,,8.0,-22.86555484,-43.34336341
2014-01-18 07:30:00,UNIDADE MOVEL MADUREIRA,0.0,26.85,63.6,2.85,,0.33,,,26.87,,19.0,-22.86555484,-43.34336341
2014-01-18 08:30:00,UNIDADE MOVEL MADUREIRA,0.0,26.8,65.0,4.68,,0.44,,,34.23,,23.0,-22.86555484,-43.34336341
2014-01-18 09:30:00,UNIDADE MOVEL MADUREIRA,0.0,27.9,61.83,6.23,,0.58,,,51.75,,21.0,-22.86555484,-43.34336341
2014-01-18 10:30:00,UNIDADE MOVEL MADUREIRA,0.0,28.63,59.08,8.91,,0.49,,,75.13,,13.0,-22.86555484,-43.34336341
2014-01-18 11:30:00,UNIDADE MOVEL MADUREIRA,0.0,28.8,58.75,9.77,,0.09,,,82.11,,10.0,-22.86555484,-43.34336341
2014-01-18 12:30:00,UNIDADE MOVEL MADUREIRA,0.0,29.32,57.27,9.89,,0.06,,,76.08,,6.0,-22.86555484,-43.34336341
2014-01-18 13:30:00,UNIDADE MOVEL MADUREIRA,0.0,28.1,66.57,10.79,,0.08,,,77.28,,2.0,-22.86555484,-43.34336341
2014-01-18 14:30:00,UNIDADE MOVEL MADUREIRA,0.0,28.9,62.08,9.68,,0.06,,,65.74,,5.0,-22.86555484,-43.34336341
2014-01-18 15:30:00,UNIDADE MOVEL MADUREIRA,0.0,28.526666666666667,63.91,10.416666666666666,,0.06999999999999999,,,59.806666666666665,,8.0,-22.86555484,-43.34336341
2014-01-18 16:30:00,UNIDADE MOVEL MADUREIRA,0.0,28.153333333333332,65.74,11.153333333333334,,0.08,,,53.87333333333333,,6.0,-22.86555484,-43.34336341
2014-01-18 17:30:00,UNIDADE MOVEL MADUREIRA,0.0,27.78,67.57,11.89,,0.09,,,47.94,,5.0,-22.86555484,-43.34336341
2014-01-18 18:30:00,UNIDADE MOVEL MADUREIRA,0.0,27.08,69.15,7.01,,0.05,,,39.44,,1.0,-22.86555484,-43.34336341
2014-01-18 19:30:00,UNIDADE MOVEL MADUREIRA,0.0,26.37,73.82,2.56,,0.05,,,35.47,,1.0,-22.86555484,-43.34336341
2014-01-18 20:30:00,UNIDADE MOVEL MADUREIRA,0.0,26.17,75.87,1.7,,0.05,,,32.74,,2.0,-22.86555484,-43.34336341
2014-01-18 21:30:00,UNIDADE MOVEL MADUREIRA,0.0,26.17,77.0,1.21,,0.21,,,28.68,,1.5,-22.86555484,-43.34336341
2014-01-18 22:30:00,UNIDADE MOVEL MADUREIRA,0.0,26.03,76.92,0.9,,0.23,,,25.99,,1.0,-22.86555484,-43.34336341
2014-01-18 23:30:00,UNIDADE MOVEL MADUREIRA,0.0,25.4,77.73,0.74,,0.65,,,9.57,,6.0,-22.86555484,-43.34336341
2014-01-19 00:30:00,UNIDADE MOVEL MADUREIRA,0.0,25.52,76.03,1.22,,0.59,,,3.67,,9.0,-22.86555484,-43.34336341
2014-01-19 01:30:00,UNIDADE MOVEL MADUREIRA,0.0,25.23,77.37,1.25,,0.45,,,2.37,,14.0,-22.86555484,-43.34336341
2014-01-19 02:30:00,UNIDADE MOVEL MADUREIRA,0.0,24.8,78.97,1.06,,0.47,,,1.85,,17.0,-22.86555484,-43.34336341
2014-01-19 03:30:00,UNIDADE MOVEL MADUREIRA,0.0,24.33,80.7,0.94,,0.46,,,0.45,,15.0,-22.86555484,-43.34336341
2014-01-19 04:30:00,UNIDADE MOVEL MADUREIRA,0.0,24.03,81.87,0.72,,0.26,,,0.62,,13.0,-22.86555484,-43.34336341
2014-01-19 05:30:00,UNIDADE MOVEL MADUREIRA,0.0,24.05,81.88,1.12,,0.44,,,0.67,,13.0,-22.86555484,-43.34336341
2014-01-19 06:30:00,UNIDADE MOVEL MADUREIRA,0.0,25.2,77.15,1.29,,0.21,,,8.48,,26.0,-22.86555484,-43.34336341
2014-01-19 07:30:00,UNIDADE MOVEL MADUREIRA,0.0,26.87,67.7,2.68,,0.26,,,25.18,,16.0,-22.86555484,-43.34336341
2014-01-19 08:30:00,UNIDADE MOVEL MADUREIRA,0.0,28.15,61.08,5.84,,0.53,,,36.4,,28.0,-22.86555484,-43.34336341
2014-01-19 09:30:00,UNIDADE MOVEL MADUREIRA,0.0,28.43,60.873999999999995,7.7219999999999995,,0.43800000000000006,,,42.698,,16.0,-22.86555484,-43.34336341
2014-01-19 10:30:00,UNIDADE MOVEL MADUREIRA,0.0,28.71,60.668,9.604,,0.34600000000000003,,,48.995999999999995,,7.0,-22.86555484,-43.34336341
2014-01-19 11:30:00,UNIDADE MOVEL MADUREIRA,0.0,28.99,60.461999999999996,11.486,,0.254,,,55.294,,9.0,-22.86555484,-43.34336341
2014-01-19 12:30:00,UNIDADE MOVEL MADUREIRA,0.0,29.27,60.256,13.368,,0.16200000000000003,,,61.592,,11.0,-22.86555484,-43.34336341
2014-01-19 13:30:00,UNIDADE MOVEL MADUREIRA,0.0,29.55,60.05,15.25,,0.07,,,67.89,,12.0,-22.86555484,-43.34336341
2014-01-19 14:30:00,UNIDADE MOVEL MADUREIRA,0.0,29.07,60.12,13.87,,0.08,,,61.64,,11.0,-22.86555484,-43.34336341
2014-01-19 15:30:00,UNIDADE MOVEL MADUREIRA,0.0,29.5,57.33,13.61,,0.11,,,53.01,,8.0,-22.86555484,-43.34336341
2014-01-19 16:30:00,UNIDADE MOVEL MADUREIRA,0.0,29.5,55.17,15.01,,0.12,,,45.22,,8.0,-22.86555484,-43.34336341
2014-01-19 17:30:00,UNIDADE MOVEL MADUREIRA,0.0,29.02,54.18,14.59,,0.12,,,36.69,,3.0,-22.86555484,-43.34336341
2014-01-19 18:30:00,UNIDADE MOVEL MADUREIRA,0.0,27.9,59.45,10.28,,0.21,,,33.22,,2.0,-22.86555484,-43.34336341
2014-01-19 19:30:00,UNIDADE MOVEL MADUREIRA,0.0,27.02,67.08,4.33,,0.26,,,22.31,,7.0,-22.86555484,-43.34336341
2014-01-19 20:30:00,UNIDADE MOVEL MADUREIRA,0.0,26.72,69.15,3.3,,0.09,,,14.16,,7.0,-22.86555484,-43.34336341
2014-01-19 21:30:00,UNIDADE MOVEL MADUREIRA,0.0,26.53,72.27,2.64,,0.1,,,21.47,,1.0,-22.86555484,-43.34336341
2014-01-19 22:30:00,UNIDADE MOVEL MADUREIRA,0.0,26.27,74.58,2.04,,0.14,,,21.56,,1.5,-22.86555484,-43.34336341
2014-01-19 23:30:00,UNIDADE MOVEL MADUREIRA,0.0,25.98,76.13,1.28,,0.06,,,19.86,,2.0,-22.86555484,-43.34336341
2014-01-20 00:30:00,UNIDADE MOVEL MADUREIRA,0.0,25.83,76.35,2.01,,0.03,,,20.73,,18.0,-22.86555484,-43.34336341
2014-01-20 01:30:00,UNIDADE MOVEL MADUREIRA,0.0,25.67,75.57,1.7,,0.04,,,24.03,,10.0,-22.86555484,-43.34336341
2014-01-20 02:30:00,UNIDADE MOVEL MADUREIRA,0.0,25.52,77.63,1.67,,0.04,,,5.21,,11.0,-22.86555484,-43.34336341
2014-01-20 03:30:00,UNIDADE MOVEL MADUREIRA,0.0,25.03,80.1,1.4,,0.04,,,1.35,,21.0,-22.86555484,-43.34336341
2014-01-20 04:30:00,UNIDADE MOVEL MADUREIRA,0.0,24.78,81.6,1.56,,0.05,,,0.43,,22.0,-22.86555484,-43.34336341
2014-01-20 05:30:00,UNIDADE MOVEL MADUREIRA,0.0,25.6275,78.17999999999999,4.3225,,0.15000000000000002,,,5.5874999999999995,,30.0,-22.86555484,-43.34336341
2014-01-20 06:30:00,UNIDADE MOVEL MADUREIRA,0.0,26.475,74.76,7.084999999999999,,0.25,,,10.745,,20.0,-22.86555484,-43.34336341
2014-01-20 07:30:00,UNIDADE MOVEL MADUREIRA,0.0,27.3225,71.34,9.847499999999998,,0.35000000000000003,,,15.902499999999998,,29.0,-22.86555484,-43.34336341
2014-01-20 08:30:00,UNIDADE MOVEL MADUREIRA,0.0,28.17,67.92,12.61,,0.45,,,21.06,,47.0,-22.86555484,-43.34336341
2014-01-20 09:30:00,UNIDADE MOVEL MADUREIRA,0.0,30.52,54.95,15.92,,0.46,,,35.28,,36.0,-22.86555484,-43.34336341
2014-01-20 10:30:00,UNIDADE MOVEL MADUREIRA,0.0,31.63,49.72,19.47,,0.34,,,64.68,,20.0,-22.86555484,-43.34336341
2014-01-20 11:30:00,UNIDADE MOVEL MADUREIRA,0.0,32.63,46.22,20.8,,0.23,,,74.5,,18.0,-22.86555484,-43.34336341
2014-01-20 12:30:00,UNIDADE MOVEL MADUREIRA,0.0,33.28,43.35,20.05,,0.17,,,86.17,,14.0,-22.86555484,-43.34336341
2014-01-20 13:30:00,UNIDADE MOVEL MADUREIRA,0.0,33.37,42.3,20.71,,0.33,,,93.03,,15.0,-22.86555484,-43.34336341
2014-01-20 14:30:00,UNIDADE MOVEL MADUREIRA,0.0,34.02,39.93,23.08,,0.7,,,85.36,,13.0,-22.86555484,-43.34336341
2014-01-20 15:30:00,UNIDADE MOVEL MADUREIRA,0.0,33.85,38.77,26.01,,0.66,,,68.24,,11.0,-22.86555484,-43.34336341
2014-01-20 16:30:00,UNIDADE MOVEL MADUREIRA,0.0,32.83,40.7,27.03,,0.32,,,58.05,,5.0,-22.86555484,-43.34336341
2014-01-20 17:30:00,UNIDADE MOVEL MADUREIRA,0.0,32.2,41.75,21.75,,0.26,,,51.78,,5.0,-22.86555484,-43.34336341
2014-01-20 18:30:00,UNIDADE MOVEL MADUREIRA,0.0,30.6,48.85,14.59,,0.18,,,48.13,,6.0,-22.86555484,-43.34336341
2014-01-20 19:30:00,UNIDADE MOVEL MADUREIRA,0.0,29.87,54.32,9.68,,0.3,,,24.87,,6.0,-22.86555484,-43.34336341
2014-01-20 20:30:00,UNIDADE MOVEL MADUREIRA,0.0,29.52,57.43,5.42,,0.33,,,20.63,,8.0,-22.86555484,-43.34336341
2014-01-20 21:30:00,UNIDADE MOVEL MADUREIRA,0.0,28.7,60.55,3.28,,0.07,,,26.14,,10.0,-22.86555484,-43.34336341
2014-01-20 22:30:00,UNIDADE MOVEL MADUREIRA,0.0,28.0,63.95,2.21,,0.07,,,22.21,,8.0,-22.86555484,-43.34336341
2014-01-20 23:30:00,UNIDADE MOVEL MADUREIRA,0.0,27.77,66.53,2.16,,0.1,,,11.45,,8.0,-22.86555484,-43.34336341
2014-01-21 00:30:00,UNIDADE MOVEL MADUREIRA,0.0,27.447499999999998,68.86,1.9875,,0.4425,,,9.0475,,8.0,-22.86555484,-43.34336341
2014-01-21 01:30:00,UNIDADE MOVEL MADUREIRA,0.0,27.125,71.19,1.815,,0.7849999999999999,,,6.645,,14.5,-22.86555484,-43.34336341
2014-01-21 02:30:00,UNIDADE MOVEL MADUREIRA,0.0,26.802500000000002,73.52,1.6425,,1.1275,,,4.242500000000001,,21.0,-22.86555484,-43.34336341
2014-01-21 03:30:00,UNIDADE MOVEL MADUREIRA,0.0,26.48,75.85,1.47,,1.47,,,1.84,,21.0,-22.86555484,-43.34336341
2014-01-21 04:30:00,UNIDADE MOVEL MADUREIRA,0.0,26.07,80.28,1.36,,1.38,,,0.0,,28.0,-22.86555484,-43.34336341
2014-01-21 05:30:00,UNIDADE MOVEL MADUREIRA,0.0,25.78,82.5,1.6,,1.63,,,0.0,,24.0,-22.86555484,-43.34336341
2014-01-21 06:30:00,UNIDADE MOVEL MADUREIRA,0.0,26.67,78.53,1.44,,1.62,,,0.99,,22.0,-22.86555484,-43.34336341
2014-01-21 07:30:00,UNIDADE MOVEL MADUREIRA,0.0,28.0,72.53,4.85,,2.19,,,3.94,,19.0,-22.86555484,-43.34336341
2014-01-21 08:30:00,UNIDADE MOVEL MADUREIRA,0.0,29.22,65.3,13.6,,2.28,,,14.61,,38.0,-22.86555484,-43.34336341
2014-01-21 09:30:00,UNIDADE MOVEL MADUREIRA,0.0,31.0,56.25,15.42,,0.67,,,39.47,,24.0,-22.86555484,-43.34336341
2014-01-21 10:30:00,UNIDADE MOVEL MADUREIRA,0.0,32.58,48.67,16.51,,0.53,,,63.14,,28.0,-22.86555484,-43.34336341
2014-01-21 11:30:00,UNIDADE MOVEL MADUREIRA,0.0,33.9,43.12,18.82,,0.72,,,91.68,,20.0,-22.86555484,-43.34336341
2014-01-21 12:30:00,UNIDADE MOVEL MADUREIRA,0.0,34.85,39.82,19.45,,0.64,,,106.08,,11.0,-22.86555484,-43.34336341
2014-01-21 13:30:00,UNIDADE MOVEL MADUREIRA,0.0,35.68,38.68,22.01,,1.31,,,110.56,,15.0,-22.86555484,-43.34336341
2014-01-21 14:30:00,UNIDADE MOVEL MADUREIRA,0.0,36.2,37.4,23.41,,1.4733333333333334,,,120.61,,19.0,-22.86555484,-43.34336341
2014-01-21 15:30:00,UNIDADE MOVEL MADUREIRA,0.0,36.33,36.8,25.79,,1.6366666666666667,,,120.17,,20.0,-22.86555484,-43.34336341
2014-01-21 16:30:00,UNIDADE MOVEL MADUREIRA,0.0,35.02,40.17,23.75,,1.8,,,73.69,,18.0,-22.86555484,-43.34336341
2014-01-21 17:30:00,UNIDADE MOVEL MADUREIRA,0.0,34.0,43.68,18.28,,2.16,,,62.94,,8.0,-22.86555484,-43.34336341
2014-01-21 18:30:00,UNIDADE MOVEL MADUREIRA,0.0,32.55,50.57,12.22,,2.33,,,57.05,,7.0,-22.86555484,-43.34336341
2014-01-21 19:30:00,UNIDADE MOVEL MADUREIRA,0.0,31.68,55.95,6.02,,0.09,,,38.76,,6.0,-22.86555484,-43.34336341
2014-01-21 20:30:00,UNIDADE MOVEL MADUREIRA,0.0,31.44,58.335,3.565,,0.24000000000000002,,,20.79,,8.0,-22.86555484,-43.34336341
2014-01-21 21:30:00,UNIDADE MOVEL MADUREIRA,0.0,31.2,60.72,1.11,,0.39,,,2.82,,7.0,-22.86555484,-43.34336341
2014-01-21 22:30:00,UNIDADE MOVEL MADUREIRA,0.0,30.335,63.525,0.555,,0.41500000000000004,,,7.275,,8.0,-22.86555484,-43.34336341
2014-01-21 23:30:00,UNIDADE MOVEL MADUREIRA,0.0,29.47,66.33,0.0,,0.44,,,11.73,,10.0,-22.86555484,-43.34336341
2014-01-22 00:30:00,UNIDADE MOVEL MADUREIRA,0.0,29.48,66.73,0.5,,0.24,,,6.02,,10.0,-22.86555484,-43.34336341
2014-01-22 01:30:00,UNIDADE MOVEL MADUREIRA,0.0,28.95,69.93,0.98,,0.2,,,5.9,,13.0,-22.86555484,-43.34336341
2014-01-22 02:30:00,UNIDADE MOVEL MADUREIRA,0.0,28.67,70.47,0.81,,0.24,,,7.03,,12.0,-22.86555484,-43.34336341
2014-01-22 03:30:00,UNIDADE MOVEL MADUREIRA,0.0,28.07,76.32,0.81,,0.14,,,1.23,,24.0,-22.86555484,-43.34336341
2014-01-22 04:30:00,UNIDADE MOVEL MADUREIRA,0.0,27.72,77.83,0.8,,0.04,,,0.0,,19.0,-22.86555484,-43.34336341
2014-01-22 05:30:00,UNIDADE MOVEL MADUREIRA,0.0,27.53,79.33,0.79,,0.27,,,0.0,,30.0,-22.86555484,-43.34336341
2014-01-22 06:30:00,UNIDADE MOVEL MADUREIRA,0.0,27.98,77.17,1.12,,0.36,,,1.14,,17.0,-22.86555484,-43.34336341
2014-01-22 07:30:00,UNIDADE MOVEL MADUREIRA,0.0,29.95,68.55,2.3,,1.01,,,6.27,,34.0,-22.86555484,-43.34336341
2014-01-22 08:30:00,UNIDADE MOVEL MADUREIRA,0.0,32.22,55.27,5.2,,1.42,,,18.74,,40.0,-22.86555484,-43.34336341
2014-01-22 09:30:00,UNIDADE MOVEL MADUREIRA,0.0,33.37,49.9,9.29,,0.67,,,49.48,,17.0,-22.86555484,-43.34336341
2014-01-22 10:30:00,UNIDADE MOVEL MADUREIRA,0.0,34.83,40.72,12.62,,0.21,,,78.23,,22.0,-22.86555484,-43.34336341
2014-01-22 11:30:00,UNIDADE MOVEL MADUREIRA,0.0,35.8,36.48,15.38,,0.08,,,71.51,,16.0,-22.86555484,-43.34336341
2014-01-22 12:30:00,UNIDADE MOVEL MADUREIRA,0.0,36.88,34.6,17.67,,0.16,,,81.04,,9.5,-22.86555484,-43.34336341
2014-01-22 13:30:00,UNIDADE MOVEL MADUREIRA,0.0,36.63,38.33,20.95,,0.14,,,138.28,,3.0,-22.86555484,-43.34336341
2014-01-22 14:30:00,UNIDADE MOVEL MADUREIRA,0.0,35.93,40.13,22.66,,0.12,,,135.56,,9.0,-22.86555484,-43.34336341
2014-01-22 15:30:00,UNIDADE MOVEL MADUREIRA,0.0,35.42,39.72,23.16,,0.09,,,119.3,,16.0,-22.86555484,-43.34336341
2014-01-22 16:30:00,UNIDADE MOVEL MADUREIRA,0.0,35.0,39.78,20.6,,0.17,,,103.07,,6.0,-22.86555484,-43.34336341
2014-01-22 17:30:00,UNIDADE MOVEL MADUREIRA,0.0,34.27,41.15,17.43,,0.13,,,94.14,,5.0,-22.86555484,-43.34336341
2014-01-22 18:30:00,UNIDADE MOVEL MADUREIRA,0.0,33.52,44.53,13.85,,0.05,,,57.88,,7.0,-22.86555484,-43.34336341
2014-01-22 19:30:00,UNIDADE MOVEL MADUREIRA,0.0,32.43,50.4,8.14,,0.16,,,49.48,,12.0,-22.86555484,-43.34336341
2014-01-22 20:30:00,UNIDADE MOVEL MADUREIRA,0.0,32.3,48.92,4.03,,0.21,,,44.03,,16.0,-22.86555484,-43.34336341
2014-01-22 21:30:00,UNIDADE MOVEL MADUREIRA,0.0,31.48,56.07,2.83,,0.49,,,12.97,,12.0,-22.86555484,-43.34336341
2014-01-22 22:30:00,UNIDADE MOVEL MADUREIRA,0.0,30.88,64.32,1.71,,0.33,,,15.58,,11.0,-22.86555484,-43.34336341
2014-01-22 23:30:00,UNIDADE MOVEL MADUREIRA,0.0,30.73,63.02,0.88,,0.4,,,11.61,,15.0,-22.86555484,-43.34336341
2014-01-23 00:30:00,UNIDADE MOVEL MADUREIRA,0.0,30.33,63.58,0.72,,0.42,,,17.18,,35.0,-22.86555484,-43.34336341
2014-01-23 01:30:00,UNIDADE MOVEL MADUREIRA,0.0,30.52,58.4,0.96,,0.28,,,21.5,,33.0,-22.86555484,-43.34336341
2014-01-23 02:30:00,UNIDADE MOVEL MADUREIRA,0.0,29.53,63.93,1.01,,0.29,,,17.87,,27.0,-22.86555484,-43.34336341
2014-01-23 03:30:00,UNIDADE MOVEL MADUREIRA,0.0,28.45,74.35,1.52,,0.27,,,6.43,,27.0,-22.86555484,-43.34336341
2014-01-23 04:30:00,UNIDADE MOVEL MADUREIRA,0.0,28.22,75.15,1.38,,0.23,,,5.04,,31.0,-22.86555484,-43.34336341
2014-01-23 05:30:00,UNIDADE MOVEL MADUREIRA,0.0,27.92,75.27,1.37,,0.26,,,0.14,,18.0,-22.86555484,-43.34336341
2014-01-23 06:30:00,UNIDADE MOVEL MADUREIRA,0.0,28.63,73.23,1.04,,0.3,,,1.48,,20.0,-22.86555484,-43.34336341
2014-01-23 07:30:00,UNIDADE MOVEL MADUREIRA,0.0,30.23,67.3,2.63,,0.09,,,8.16,,28.0,-22.86555484,-43.34336341
2014-01-23 08:30:00,UNIDADE MOVEL MADUREIRA,0.0,32.03,58.78,5.81,,0.12,,,28.8,,41.0,-22.86555484,-43.34336341
2014-01-23 09:30:00,UNIDADE MOVEL MADUREIRA,0.0,33.73,48.98,10.19,,0.53,,,85.11,,33.0,-22.86555484,-43.34336341
2014-01-23 10:30:00,UNIDADE MOVEL MADUREIRA,0.0,34.82,43.0,16.09,,0.41,,,106.94,,38.0,-22.86555484,-43.34336341
2014-01-23 11:30:00,UNIDADE MOVEL MADUREIRA,0.0,36.0,39.05,45.63,,0.28,,,163.13,,23.0,-22.86555484,-43.34336341
2014-01-23 12:30:00,UNIDADE MOVEL MADUREIRA,0.0,36.63,38.13,35.28,,0.23,,,162.59,,28.0,-22.86555484,-43.34336341
2014-01-23 13:30:00,UNIDADE MOVEL MADUREIRA,0.0,35.7,43.65,31.84,,0.21,,,174.38,,22.0,-22.86555484,-43.34336341
2014-01-23 14:30:00,UNIDADE MOVEL MADUREIRA,0.0,35.27,43.47,28.19,,0.11,,,161.76,,27.0,-22.86555484,-43.34336341
2014-01-23 15:30:00,UNIDADE MOVEL MADUREIRA,0.0,34.75,43.93,23.87,,0.06,,,110.26,,18.0,-22.86555484,-43.34336341
2014-01-23 16:30:00,UNIDADE MOVEL MADUREIRA,0.0,33.77,47.2,20.26,,0.04,,,90.6,,14.0,-22.86555484,-43.34336341
2014-01-23 17:30:00,UNIDADE MOVEL MADUREIRA,0.0,33.18,48.18,14.95,,0.04,,,79.3,,13.0,-22.86555484,-43.34336341
2014-01-23 18:30:00,UNIDADE MOVEL MADUREIRA,0.0,32.9,48.92,10.9,,0.03,,,60.88,,12.0,-22.86555484,-43.34336341
2014-01-23 19:30:00,UNIDADE MOVEL MADUREIRA,0.0,32.43,50.15,7.05,,0.18,,,56.46,,11.0,-22.86555484,-43.34336341
2014-01-23 20:30:00,UNIDADE MOVEL MADUREIRA,0.0,32.37,49.78,4.37,,0.07,,,47.98,,12.0,-22.86555484,-43.34336341
2014-01-23 21:30:00,UNIDADE MOVEL MADUREIRA,0.0,31.83,53.1,3.8,,0.28,,,10.28,,15.0,-22.86555484,-43.34336341
2014-01-23 22:30:00,UNIDADE MOVEL MADUREIRA,0.0,31.12,53.18,3.67,,0.36,,,10.19,,26.0,-22.86555484,-43.34336341
2014-01-23 23:30:00,UNIDADE MOVEL MADUREIRA,0.0,30.32,54.57,2.57,,0.24,,,32.45,,34.0,-22.86555484,-43.34336341
2014-01-24 00:30:00,UNIDADE MOVEL MADUREIRA,0.0,30.07,54.98,2.06,,0.17,,,34.34,,21.0,-22.86555484,-43.34336341
2014-01-24 01:30:00,UNIDADE MOVEL MADUREIRA,0.0,29.05,62.65,2.65,,0.17,,,15.86,,18.0,-22.86555484,-43.34336341
2014-01-24 02:30:00,UNIDADE MOVEL MADUREIRA,0.0,28.35,66.18,1.05,,0.17,,,7.68,,36.0,-22.86555484,-43.34336341
2014-01-24 03:30:00,UNIDADE MOVEL MADUREIRA,0.0,28.28,68.12,1.01,,0.1,,,6.81,,31.0,-22.86555484,-43.34336341
2014-01-24 04:30:00,UNIDADE MOVEL MADUREIRA,0.0,27.97,70.32,1.12,,0.11,,,3.62,,31.0,-22.86555484,-43.34336341
2014-01-24 05:30:00,UNIDADE MOVEL MADUREIRA,0.0,27.15,77.2,1.05,,0.12,,,0.65,,30.0,-22.86555484,-43.34336341
2014-01-24 06:30:00,UNIDADE MOVEL MADUREIRA,0.0,28.18,73.33,1.32,,0.07,,,1.17,,27.0,-22.86555484,-43.34336341
2014-01-24 07:30:00,UNIDADE MOVEL MADUREIRA,0.0,29.72,65.03,2.91,,0.08,,,5.12,,26.0,-22.86555484,-43.34336341
2014-01-24 08:30:00,UNIDADE MOVEL MADUREIRA,0.0,31.38,56.73,6.39,,0.16,,,22.47,,31.0,-22.86555484,-43.34336341
2014-01-24 09:30:00,UNIDADE MOVEL MADUREIRA,0.0,32.73,49.63,12.78,,0.6,,,49.43,,15.0,-22.86555484,-43.34336341
2014-01-24 10:30:00,UNIDADE MOVEL MADUREIRA,0.0,34.78,42.47,19.02,,0.31,,,71.49,,14.0,-22.86555484,-43.34336341
2014-01-24 11:30:00,UNIDADE MOVEL MADUREIRA,0.0,35.77,39.7,21.31,,0.29,,,85.42,,13.0,-22.86555484,-43.34336341
2014-01-24 12:30:00,UNIDADE MOVEL MADUREIRA,0.0,36.67,38.52,25.56,,0.4,,,100.96,,16.0,-22.86555484,-43.34336341
2014-01-24 13:30:00,UNIDADE MOVEL MADUREIRA,0.0,37.42,36.02,25.81,,0.1,,,118.79,,20.0,-22.86555484,-43.34336341
2014-01-24 14:30:00,UNIDADE MOVEL MADUREIRA,0.0,37.0,39.4,26.97,,0.13,,,170.39,,16.0,-22.86555484,-43.34336341
2014-01-24 15:30:00,UNIDADE MOVEL MADUREIRA,0.0,37.05,38.63,29.95,,0.05,,,176.18,,21.0,-22.86555484,-43.34336341
2014-01-24 16:30:00,UNIDADE MOVEL MADUREIRA,0.0,37.0,38.02,30.42,,0.05,,,150.98,,26.0,-22.86555484,-43.34336341
2014-01-24 17:30:00,UNIDADE MOVEL MADUREIRA,0.0,35.73,40.72,27.28,,0.13,,,98.39,,21.0,-22.86555484,-43.34336341
2014-01-24 18:30:00,UNIDADE MOVEL MADUREIRA,0.0,34.02,45.0,14.56,,0.14,,,81.19,,5.0,-22.86555484,-43.34336341
2014-01-24 19:30:00,UNIDADE MOVEL MADUREIRA,0.0,32.72,48.13,9.64,,0.13,,,62.88,,8.0,-22.86555484,-43.34336341
2014-01-24 20:30:00,UNIDADE MOVEL MADUREIRA,0.0,27.95,68.47,4.66,,0.14,,,65.94,,10.0,-22.86555484,-43.34336341
2014-01-24 21:30:00,UNIDADE MOVEL MADUREIRA,0.0,28.85,62.72,1.31,,0.135,,,50.85,,9.0,-22.86555484,-43.34336341
2014-01-24 22:30:00,UNIDADE MOVEL MADUREIRA,0.0,28.22,66.7,0.44,,0.13,,,31.45,,7.0,-22.86555484,-43.34336341
2014-01-24 23:30:00,UNIDADE MOVEL MADUREIRA,0.0,27.95,64.48,0.6,,0.36,,,35.71,,17.0,-22.86555484,-43.34336341
2014-01-25 00:30:00,UNIDADE MOVEL MADUREIRA,0.0,27.72,60.62,1.19,,0.12,,,39.35,,13.0,-22.86555484,-43.34336341
2014-01-25 01:30:00,UNIDADE MOVEL MADUREIRA,0.0,28.42,57.2,1.67,,,,,32.21,,19.0,-22.86555484,-43.34336341
2014-01-25 02:30:00,UNIDADE MOVEL MADUREIRA,0.0,28.05,58.1,1.93,,,,,21.53,,19.0,-22.86555484,-43.34336341
2014-01-25 03:30:00,UNIDADE MOVEL MADUREIRA,0.0,27.48,63.33,2.07,,,,,11.18,,24.0,-22.86555484,-43.34336341
2014-01-25 04:30:00,UNIDADE MOVEL MADUREIRA,0.0,27.35,60.35,2.06,,,,,20.82,,21.0,-22.86555484,-43.34336341
2014-01-25 05:30:00,UNIDADE MOVEL MADUREIRA,0.0,27.27,59.13,1.85,,,,,15.96,,13.0,-22.86555484,-43.34336341
2014-01-25 06:30:00,UNIDADE MOVEL MADUREIRA,0.0,27.97,57.07,2.0,,,,,17.15,,17.0,-22.86555484,-43.34336341
2014-01-25 07:30:00,UNIDADE MOVEL MADUREIRA,0.0,29.72,52.37,3.27,,,,,29.26,,19.0,-22.86555484,-43.34336341
2014-01-25 08:30:00,UNIDADE MOVEL MADUREIRA,0.0,31.53,49.02,9.23,,,,,40.23,,26.0,-22.86555484,-43.34336341
2014-01-25 09:30:00,UNIDADE MOVEL MADUREIRA,0.0,33.12,46.58,34.49,,0.24,,,55.46,,16.0,-22.86555484,-43.34336341
2014-01-25 10:30:00,UNIDADE MOVEL MADUREIRA,0.0,34.37,44.2,33.08,,0.13,,,106.85,,32.0,-22.86555484,-43.34336341
2014-01-25 11:30:00,UNIDADE MOVEL MADUREIRA,0.0,35.55,41.78,43.93,,0.12,,,187.51,,25.0,-22.86555484,-43.34336341
2014-01-25 12:30:00,UNIDADE MOVEL MADUREIRA,0.0,36.77,38.13,39.94,,0.06,,,187.19,,41.0,-22.86555484,-43.34336341
2014-01-25 13:30:00,UNIDADE MOVEL MADUREIRA,0.0,37.82,33.9,39.0,,0.08,,,173.58,,40.0,-22.86555484,-43.34336341
2014-01-25 14:30:00,UNIDADE MOVEL MADUREIRA,0.0,35.55,43.9,30.03,,0.2,,,170.47,,27.0,-22.86555484,-43.34336341
2014-01-25 15:30:00,UNIDADE MOVEL MADUREIRA,0.0,33.87,47.67,24.67,,0.23,,,130.25,,19.0,-22.86555484,-43.34336341
2014-01-25 16:30:00,UNIDADE MOVEL MADUREIRA,0.0,32.18,54.52,17.92,,0.28,,,105.38,,18.0,-22.86555484,-43.34336341
2014-01-25 17:30:00,UNIDADE MOVEL MADUREIRA,0.0,31.43,59.93,14.75,,0.26,,,91.75,,7.0,-22.86555484,-43.34336341
2014-01-25 18:30:00,UNIDADE MOVEL MADUREIRA,0.0,30.53,60.52,10.85,,0.19,,,85.33,,10.0,-22.86555484,-43.34336341
2014-01-25 19:30:00,UNIDADE MOVEL MADUREIRA,0.0,30.67,57.82,5.04,,0.27,,,67.0,,16.0,-22.86555484,-43.34336341
2014-01-25 20:30:00,UNIDADE MOVEL MADUREIRA,0.0,30.28,60.77,3.0,,0.49,,,53.04,,11.0,-22.86555484,-43.34336341
2014-01-25 21:30:00,UNIDADE MOVEL MADUREIRA,0.0,29.87,62.6,1.61,,0.49,,,47.64,,18.0,-22.86555484,-43.34336341
2014-01-25 22:30:00,UNIDADE MOVEL MADUREIRA,0.0,30.17,60.75,0.57,,0.62,,,31.74,,17.0,-22.86555484,-43.34336341
2014-01-25 23:30:00,UNIDADE MOVEL MADUREIRA,0.0,29.5,62.25,0.57,,0.54,,,26.21,,28.0,-22.86555484,-43.34336341
2014-01-26 00:30:00,UNIDADE MOVEL MADUREIRA,0.0,28.72,66.23,0.5,,0.54,,,17.6,,23.0,-22.86555484,-43.34336341
2014-01-26 01:30:00,UNIDADE MOVEL MADUREIRA,0.0,28.13,69.82,0.75,,0.32,,,30.91,,27.0,-22.86555484,-43.34336341
2014-01-26 02:30:00,UNIDADE MOVEL MADUREIRA,0.0,27.83,71.32,0.98,,0.27,,,32.64,,29.0,-22.86555484,-43.34336341
2014-01-26 03:30:00,UNIDADE MOVEL MADUREIRA,0.0,27.42,74.13,0.57,,0.27,,,20.25,,38.0,-22.86555484,-43.34336341
2014-01-26 04:30:00,UNIDADE MOVEL MADUREIRA,0.0,27.2,80.23,0.38,,0.15,,,29.92,,21.0,-22.86555484,-43.34336341
2014-01-26 05:30:00,UNIDADE MOVEL MADUREIRA,0.0,27.07,81.55,0.3,,0.1,,,29.14,,16.0,-22.86555484,-43.34336341
2014-01-26 06:30:00,UNIDADE MOVEL MADUREIRA,0.0,27.6,79.9,0.33,,0.08,,,36.32,,19.0,-22.86555484,-43.34336341
2014-01-26 07:30:00,UNIDADE MOVEL MADUREIRA,0.0,29.17,71.25,1.36,,0.09,,,51.95,,15.0,-22.86555484,-43.34336341
2014-01-26 08:30:00,UNIDADE MOVEL MADUREIRA,0.0,30.35,64.28,3.35,,0.07,,,62.3,,26.0,-22.86555484,-43.34336341
2014-01-26 09:30:00,UNIDADE MOVEL MADUREIRA,0.0,31.92,56.47,7.02,,0.22,,,87.51,,29.0,-22.86555484,-43.34336341
2014-01-26 10:30:00,UNIDADE MOVEL MADUREIRA,0.0,32.85,50.45,10.55,,0.15,,,111.18,,24.0,-22.86555484,-43.34336341
2014-01-26 11:30:00,UNIDADE MOVEL MADUREIRA,0.0,33.63,49.17,11.33,,0.15,,,108.16,,12.0,-22.86555484,-43.34336341
2014-01-26 12:30:00,UNIDADE MOVEL MADUREIRA,0.0,33.43,51.17,14.79,,0.15,,,117.91,,24.0,-22.86555484,-43.34336341
2014-01-26 13:30:00,UNIDADE MOVEL MADUREIRA,0.0,33.83,51.13,15.62,,0.17,,,116.94,,24.0,-22.86555484,-43.34336341
2014-01-26 14:30:00,UNIDADE MOVEL MADUREIRA,0.0,33.87,50.95,17.44,,0.15,,,112.37,,20.0,-22.86555484,-43.34336341
2014-01-26 15:30:00,UNIDADE MOVEL MADUREIRA,0.0,34.32,47.7,18.22,,0.07,,,111.02,,21.0,-22.86555484,-43.34336341
2014-01-26 16:30:00,UNIDADE MOVEL MADUREIRA,0.0,33.88,45.35,18.16,,0.07,,,92.03,,23.0,-22.86555484,-43.34336341
2014-01-26 17:30:00,UNIDADE MOVEL MADUREIRA,0.0,33.12,48.48,15.03,,0.11,,,82.23,,9.0,-22.86555484,-43.34336341
2014-01-26 18:30:00,UNIDADE MOVEL MADUREIRA,0.0,31.67,53.38,10.8,,0.14,,,74.27,,50.0,-22.86555484,-43.34336341
2014-01-26 19:30:00,UNIDADE MOVEL MADUREIRA,0.0,30.65,56.47,5.02,,0.2,,,63.73,,12.0,-22.86555484,-43.34336341
2014-01-26 20:30:00,UNIDADE MOVEL MADUREIRA,0.0,30.1,58.0,3.19,,0.22,,,50.7,,9.0,-22.86555484,-43.34336341
2014-01-26 21:30:00,UNIDADE MOVEL MADUREIRA,0.0,29.7,61.97,2.27,,0.3,,,41.48,,2.0,-22.86555484,-43.34336341
2014-01-26 22:30:00,UNIDADE MOVEL MADUREIRA,0.0,29.3,67.35,1.14,,0.31,,,27.43,,4.0,-22.86555484,-43.34336341
2014-01-26 23:30:00,UNIDADE MOVEL MADUREIRA,0.0,28.95,67.17,0.69,,0.29,,,21.98,,12.0,-22.86555484,-43.34336341
2014-01-27 00:30:00,UNIDADE MOVEL MADUREIRA,0.0,28.93,64.67,1.5,,0.23,,,26.89,,14.0,-22.86555484,-43.34336341
2014-01-27 01:30:00,UNIDADE MOVEL MADUREIRA,0.0,29.1,61.97,1.55,,0.29,,,22.23,,13.0,-22.86555484,-43.34336341
2014-01-27 02:30:00,UNIDADE MOVEL MADUREIRA,0.0,28.35,66.2,1.08,,0.26,,,21.42,,21.0,-22.86555484,-43.34336341
2014-01-27 03:30:00,UNIDADE MOVEL MADUREIRA,0.0,28.12,71.43,1.49,,0.14,,,27.93,,20.0,-22.86555484,-43.34336341
2014-01-27 04:30:00,UNIDADE MOVEL MADUREIRA,0.0,27.98,71.88,1.01,,0.15,,,26.1,,16.0,-22.86555484,-43.34336341
2014-01-27 05:30:00,UNIDADE MOVEL MADUREIRA,0.0,27.97,72.67,0.9,,0.14,,,17.9,,8.0,-22.86555484,-43.34336341
2014-01-27 06:30:00,UNIDADE MOVEL MADUREIRA,0.0,28.12,72.95,0.98,,0.25,,,10.97,,8.0,-22.86555484,-43.34336341
2014-01-27 07:30:00,UNIDADE MOVEL MADUREIRA,0.0,28.67,71.58,0.89,,0.29,,,4.82,,20.0,-22.86555484,-43.34336341
2014-01-27 08:30:00,UNIDADE MOVEL MADUREIRA,0.0,29.28,69.18,1.99,,0.31,,,12.21,,22.5,-22.86555484,-43.34336341
2014-01-27 09:30:00,UNIDADE MOVEL MADUREIRA,0.0,31.75,56.92,4.28,,0.23,,,34.59,,25.0,-22.86555484,-43.34336341
2014-01-27 10:30:00,UNIDADE MOVEL MADUREIRA,0.0,32.5,53.2,8.24,,0.35,,,77.89,,43.0,-22.86555484,-43.34336341
2014-01-27 11:30:00,UNIDADE MOVEL MADUREIRA,0.0,33.4,50.47,10.48,,0.22,,,115.34,,22.0,-22.86555484,-43.34336341
2014-01-27 12:30:00,UNIDADE MOVEL MADUREIRA,0.0,33.77,53.48,13.1,,0.17,,,125.9,,22.0,-22.86555484,-43.34336341
2014-01-27 13:30:00,UNIDADE MOVEL MADUREIRA,0.0,34.12,53.65,15.56,,0.15,,,132.67,,24.0,-22.86555484,-43.34336341
2014-01-27 14:30:00,UNIDADE MOVEL MADUREIRA,0.0,34.2,52.67,18.64,,0.14,,,147.76,,18.0,-22.86555484,-43.34336341
2014-01-27 15:30:00,UNIDADE MOVEL MADUREIRA,0.0,33.13,53.58,18.48,,0.07,,,114.34,,21.0,-22.86555484,-43.34336341
2014-01-27 16:30:00,UNIDADE MOVEL MADUREIRA,0.0,33.32,51.87,18.22,,0.13,,,97.68,,11.0,-22.86555484,-43.34336341
2014-01-27 17:30:00,UNIDADE MOVEL MADUREIRA,0.0,33.2,47.48,16.95,,0.13,,,82.96,,15.0,-22.86555484,-43.34336341
2014-01-27 18:30:00,UNIDADE MOVEL MADUREIRA,0.0,32.1,49.1,12.39,,0.12,,,61.62,,17.0,-22.86555484,-43.34336341
2014-01-27 19:30:00,UNIDADE MOVEL MADUREIRA,0.0,31.93,48.1,7.03,,0.11,,,52.68,,10.0,-22.86555484,-43.34336341
2014-01-27 20:30:00,UNIDADE MOVEL MADUREIRA,0.0,31.68,50.33,4.81,,0.235,,,20.98,,15.0,-22.86555484,-43.34336341
2014-01-27 21:30:00,UNIDADE MOVEL MADUREIRA,0.0,31.03,52.23,4.55,,0.36,,,14.03,,11.0,-22.86555484,-43.34336341
2014-01-27 22:30:00,UNIDADE MOVEL MADUREIRA,0.0,30.35,54.18,4.31,,0.24,,,10.31,,13.0,-22.86555484,-43.34336341
2014-01-27 23:30:00,UNIDADE MOVEL MADUREIRA,0.0,29.83,57.6,3.68,,0.18,,,2.82,,16.0,-22.86555484,-43.34336341
2014-01-28 00:30:00,UNIDADE MOVEL MADUREIRA,0.0,28.98,61.53,4.09,,0.18,,,7.8,,16.0,-22.86555484,-43.34336341
2014-01-28 01:30:00,UNIDADE MOVEL MADUREIRA,0.0,28.2,65.72,2.98,,0.23,,,9.41,,22.0,-22.86555484,-43.34336341
2014-01-28 02:30:00,UNIDADE MOVEL MADUREIRA,0.0,27.78,68.07,2.42,,0.13,,,10.0,,14.0,-22.86555484,-43.34336341
2014-01-28 03:30:00,UNIDADE MOVEL MADUREIRA,0.0,27.28,70.45,2.6,,0.15,,,7.32,,15.0,-22.86555484,-43.34336341
2014-01-28 04:30:00,UNIDADE MOVEL MADUREIRA,0.0,26.88,72.38,3.09,,0.16,,,4.71,,16.0,-22.86555484,-43.34336341
2014-01-28 05:30:00,UNIDADE MOVEL MADUREIRA,0.0,26.48,73.07,2.17,,0.61,,,1.09,,18.0,-22.86555484,-43.34336341
2014-01-28 06:30:00,UNIDADE MOVEL MADUREIRA,0.0,26.9,72.42,2.49,,0.26,,,0.94,,18.0,-22.86555484,-43.34336341
2014-01-28 07:30:00,UNIDADE MOVEL MADUREIRA,0.0,28.43,66.98,2.88,,0.2,,,6.41,,17.0,-22.86555484,-43.34336341
2014-01-28 08:30:00,UNIDADE MOVEL MADUREIRA,0.0,30.13,59.98,7.22,,0.21,,,14.62,,28.0,-22.86555484,-43.34336341
2014-01-28 09:30:00,UNIDADE MOVEL MADUREIRA,0.0,32.62,48.62,14.55,,0.19,,,40.51,,37.0,-22.86555484,-43.34336341
2014-01-28 10:30:00,UNIDADE MOVEL MADUREIRA,0.0,33.85,41.88,17.12,,0.11,,,68.96,,20.0,-22.86555484,-43.34336341
2014-01-28 11:30:00,UNIDADE MOVEL MADUREIRA,0.0,35.23,36.02,18.84,,0.08,,,80.48,,18.0,-22.86555484,-43.34336341
2014-01-28 12:30:00,UNIDADE MOVEL MADUREIRA,0.0,35.83,33.23,18.84,,0.07,,,104.68,,15.0,-22.86555484,-43.34336341
2014-01-28 13:30:00,UNIDADE MOVEL MADUREIRA,0.0,36.05,35.4,15.273333333333333,,0.21,,,161.32,,17.0,-22.86555484,-43.34336341
2014-01-28 14:30:00,UNIDADE MOVEL MADUREIRA,0.0,37.13,27.05,11.706666666666667,,0.12,,,127.99,,39.0,-22.86555484,-43.34336341
2014-01-28 15:30:00,UNIDADE MOVEL MADUREIRA,0.0,36.93,28.38,8.14,,0.6,,,119.47,,28.0,-22.86555484,-43.34336341
2014-01-28 16:30:00,UNIDADE MOVEL MADUREIRA,0.0,36.18,32.25,10.8,,0.56,,,88.91,,17.0,-22.86555484,-43.34336341
2014-01-28 17:30:00,UNIDADE MOVEL MADUREIRA,0.0,34.72,36.47,4.88,,2.57,,,69.27,,8.0,-22.86555484,-43.34336341
2014-01-28 18:30:00,UNIDADE MOVEL MADUREIRA,0.0,33.85,34.47,0.09,,3.13,,,59.8,,8.0,-22.86555484,-43.34336341
2014-01-28 19:30:00,UNIDADE MOVEL MADUREIRA,0.0,33.23,40.4,0.0,,0.63,,,27.68,,4.0,-22.86555484,-43.34336341
2014-01-28 20:30:00,UNIDADE MOVEL MADUREIRA,0.0,31.7,47.72,0.0,,1.02,,,18.45,,23.0,-22.86555484,-43.34336341
2014-01-28 21:30:00,UNIDADE MOVEL MADUREIRA,0.0,31.22,47.9,0.0,,0.39,,,11.88,,20.0,-22.86555484,-43.34336341
2014-01-28 22:30:00,UNIDADE MOVEL MADUREIRA,0.0,30.25,53.75,0.0,,0.52,,,4.56,,9.0,-22.86555484,-43.34336341
2014-01-28 23:30:00,UNIDADE MOVEL MADUREIRA,0.0,28.93,60.18,0.0,,0.59,,,7.21,,24.0,-22.86555484,-43.34336341
2014-01-29 00:30:00,UNIDADE MOVEL MADUREIRA,0.0,28.35,62.08,1.73,,0.3,,,11.11,,15.0,-22.86555484,-43.34336341
2014-01-29 01:30:00,UNIDADE MOVEL MADUREIRA,0.0,27.85,63.63,1.21,,0.27,,,12.2,,10.0,-22.86555484,-43.34336341
2014-01-29 02:30:00,UNIDADE MOVEL MADUREIRA,0.0,27.37,65.45,1.02,,0.19,,,13.29,,9.0,-22.86555484,-43.34336341
2014-01-29 03:30:00,UNIDADE MOVEL MADUREIRA,0.0,26.53,68.22,1.08,,0.26,,,9.27,,11.0,-22.86555484,-43.34336341
2014-01-29 04:30:00,UNIDADE MOVEL MADUREIRA,0.0,25.95,69.65,1.45,,0.24,,,3.97,,10.0,-22.86555484,-43.34336341
2014-01-29 05:30:00,UNIDADE MOVEL MADUREIRA,0.0,25.67,70.92,2.11,,0.3,,,0.15,,11.0,-22.86555484,-43.34336341
2014-01-29 06:30:00,UNIDADE MOVEL MADUREIRA,0.0,26.9,66.7,2.75,,0.46,,,1.44,,9.0,-22.86555484,-43.34336341
2014-01-29 07:30:00,UNIDADE MOVEL MADUREIRA,0.0,28.15,62.33,5.21,,0.72,,,7.32,,10.0,-22.86555484,-43.34336341
2014-01-29 08:30:00,UNIDADE MOVEL MADUREIRA,0.0,29.52,54.65,7.52,,1.16,,,26.93,,23.0,-22.86555484,-43.34336341
2014-01-29 09:30:00,UNIDADE MOVEL MADUREIRA,0.0,31.63,44.97,10.51,,1.32,,,50.06,,35.0,-22.86555484,-43.34336341
2014-01-29 10:30:00,UNIDADE MOVEL MADUREIRA,0.0,33.65,35.05,15.05,,0.79,,,81.2,,25.0,-22.86555484,-43.34336341
2014-01-29 11:30:00,UNIDADE MOVEL MADUREIRA,0.0,35.4,28.17,16.98,,0.93,,,96.95,,19.0,-22.86555484,-43.34336341
2014-01-29 12:30:00,UNIDADE MOVEL MADUREIRA,0.0,36.43,25.98,19.93,,0.71,,,110.92,,14.0,-22.86555484,-43.34336341
2014-01-29 13:30:00,UNIDADE MOVEL MADUREIRA,0.0,37.25,22.13,24.93,,0.77,,,129.79,,15.0,-22.86555484,-43.34336341
2014-01-29 14:30:00,UNIDADE MOVEL MADUREIRA,0.0,36.75,28.5,27.93,,1.09,,,159.64,,22.0,-22.86555484,-43.34336341
2014-01-29 15:30:00,UNIDADE MOVEL MADUREIRA,0.0,36.48,30.6,28.61,,1.49,,,184.06,,25.0,-22.86555484,-43.34336341
2014-01-29 16:30:00,UNIDADE MOVEL MADUREIRA,0.0,35.9,32.4,28.11,,1.57,,,158.11,,23.0,-22.86555484,-43.34336341
2014-01-29 17:30:00,UNIDADE MOVEL MADUREIRA,0.0,35.07,35.13,25.09,,1.36,,,120.22,,19.0,-22.86555484,-43.34336341
2014-01-29 18:30:00,UNIDADE MOVEL MADUREIRA,0.0,33.0,40.1,17.79,,0.81,,,85.95,,19.0,-22.86555484,-43.34336341
2014-01-29 19:30:00,UNIDADE MOVEL MADUREIRA,0.0,31.22,48.2,8.35,,0.64,,,41.23,,19.0,-22.86555484,-43.34336341
2014-01-29 20:30:00,UNIDADE MOVEL MADUREIRA,0.0,29.77,56.13,3.96,,0.41,,,7.42,,19.0,-22.86555484,-43.34336341
2014-01-29 21:30:00,UNIDADE MOVEL MADUREIRA,0.0,29.15,59.32,2.65,,0.87,,,0.68,,20.0,-22.86555484,-43.34336341
2014-01-29 22:30:00,UNIDADE MOVEL MADUREIRA,0.0,28.92,60.75,1.75,,1.69,,,0.0,,22.0,-22.86555484,-43.34336341
2014-01-29 23:30:00,UNIDADE MOVEL MADUREIRA,0.0,28.93,61.58,1.27,,1.75,,,0.0,,16.0,-22.86555484,-43.34336341
2014-01-30 00:30:00,UNIDADE MOVEL MADUREIRA,0.0,28.35,64.1,2.69,,1.64,,,0.0,,25.0,-22.86555484,-43.34336341
2014-01-30 01:30:00,UNIDADE MOVEL MADUREIRA,0.0,28.6,64.5,1.87,,1.26,,,0.0,,26.0,-22.86555484,-43.34336341
2014-01-30 02:30:00,UNIDADE MOVEL MADUREIRA,0.0,28.08,66.67,1.86,,1.02,,,0.16,,20.0,-22.86555484,-43.34336341
2014-01-30 03:30:00,UNIDADE MOVEL MADUREIRA,0.0,27.18,69.0,1.76,,0.85,,,1.98,,17.0,-22.86555484,-43.34336341
2014-01-30 04:30:00,UNIDADE MOVEL MADUREIRA,0.0,26.7,71.98,1.62,,1.04,,,0.0,,17.0,-22.86555484,-43.34336341
2014-01-30 05:30:00,UNIDADE MOVEL MADUREIRA,0.0,26.25,75.17,1.69,,1.04,,,0.0,,11.0,-22.86555484,-43.34336341
2014-01-30 06:30:00,UNIDADE MOVEL MADUREIRA,0.0,26.4,74.12,1.42,,1.13,,,0.56,,11.0,-22.86555484,-43.34336341
2014-01-30 07:30:00,UNIDADE MOVEL MADUREIRA,0.0,27.55,69.32,4.09,,1.0,,,2.93,,8.0,-22.86555484,-43.34336341
2014-01-30 08:30:00,UNIDADE MOVEL MADUREIRA,0.0,28.97,63.37,7.35,,1.39,,,11.98,,18.0,-22.86555484,-43.34336341
2014-01-30 09:30:00,UNIDADE MOVEL MADUREIRA,0.0,31.6,53.93,11.92,,2.05,,,31.5,,29.0,-22.86555484,-43.34336341
2014-01-30 10:30:00,UNIDADE MOVEL MADUREIRA,0.0,32.93,44.5,18.18,,2.37,,,75.56,,21.0,-22.86555484,-43.34336341
2014-01-30 11:30:00,UNIDADE MOVEL MADUREIRA,0.0,34.25,36.98,18.03,,1.16,,,101.93,,25.0,-22.86555484,-43.34336341
2014-01-30 12:30:00,UNIDADE MOVEL MADUREIRA,0.0,35.72,31.03,16.56,,1.05,,,98.01,,16.0,-22.86555484,-43.34336341
2014-01-30 13:30:00,UNIDADE MOVEL MADUREIRA,0.0,36.48,26.12,18.23,,0.68,,,100.2,,14.0,-22.86555484,-43.34336341
2014-01-30 14:30:00,UNIDADE MOVEL MADUREIRA,0.0,36.87,24.9,20.81,,0.46,,,111.76,,11.0,-22.86555484,-43.34336341
2014-01-30 15:30:00,UNIDADE MOVEL MADUREIRA,0.0,37.1,27.1,23.83,,0.56,,,109.45,,17.0,-22.86555484,-43.34336341
2014-01-30 16:30:00,UNIDADE MOVEL MADUREIRA,0.0,36.05,32.07,25.3,,0.57,,,84.08,,14.0,-22.86555484,-43.34336341
2014-01-30 17:30:00,UNIDADE MOVEL MADUREIRA,0.0,35.25,33.92,20.17,,0.72,,,67.59,,16.0,-22.86555484,-43.34336341
2014-01-30 18:30:00,UNIDADE MOVEL MADUREIRA,0.0,33.45,41.18,14.94,,0.45,,,41.16,,12.0,-22.86555484,-43.34336341
2014-01-30 19:30:00,UNIDADE MOVEL MADUREIRA,0.0,32.15,46.57,7.97,,0.29,,,10.98,,9.0,-22.86555484,-43.34336341
2014-01-30 20:30:00,UNIDADE MOVEL MADUREIRA,0.0,31.77,48.67,5.74,,0.77,,,5.18,,18.0,-22.86555484,-43.34336341
2014-01-30 21:30:00,UNIDADE MOVEL MADUREIRA,0.0,30.63,53.87,3.36,,1.02,,,4.85,,22.0,-22.86555484,-43.34336341
2014-01-30 22:30:00,UNIDADE MOVEL MADUREIRA,0.0,30.03,56.28,2.33,,0.89,,,2.19,,13.0,-22.86555484,-43.34336341
2014-01-30 23:30:00,UNIDADE MOVEL MADUREIRA,0.0,29.47,59.55,1.98,,0.97,,,0.52,,15.0,-22.86555484,-43.34336341
2014-01-31 00:30:00,UNIDADE MOVEL MADUREIRA,0.0,28.75,63.18,3.11,,0.64,,,6.29,,11.0,-22.86555484,-43.34336341
2014-01-31 01:30:00,UNIDADE MOVEL MADUREIRA,0.0,28.07,64.83,3.34,,0.43,,,7.45,,17.0,-22.86555484,-43.34336341
2014-01-31 02:30:00,UNIDADE MOVEL MADUREIRA,0.0,27.6,65.03,3.12,,0.33,,,7.56,,12.0,-22.86555484,-43.34336341
2014-01-31 03:30:00,UNIDADE MOVEL MADUREIRA,0.0,27.22,65.85,2.67,,0.3,,,4.69,,13.0,-22.86555484,-43.34336341
2014-01-31 04:30:00,UNIDADE MOVEL MADUREIRA,0.0,26.82,66.87,2.5,,0.36,,,2.92,,9.0,-22.86555484,-43.34336341
2014-01-31 05:30:00,UNIDADE MOVEL MADUREIRA,0.0,26.63,67.28,2.07,,0.51,,,0.96,,7.0,-22.86555484,-43.34336341
2014-01-31 06:30:00,UNIDADE MOVEL MADUREIRA,0.0,26.97,64.8,2.72,,0.67,,,2.14,,11.0,-22.86555484,-43.34336341
2014-01-31 07:30:00,UNIDADE MOVEL MADUREIRA,0.0,28.45,57.27,6.03,,0.53,,,9.63,,13.0,-22.86555484,-43.34336341
2014-01-31 08:30:00,UNIDADE MOVEL MADUREIRA,0.0,30.9,49.65,15.89,,0.79,,,24.16,,17.0,-22.86555484,-43.34336341
2014-01-31 09:30:00,UNIDADE MOVEL MADUREIRA,0.0,32.25,45.63,47.96,,1.2,,,42.44,,33.0,-22.86555484,-43.34336341
2014-01-31 10:30:00,UNIDADE MOVEL MADUREIRA,0.0,33.78,40.72,32.71,,1.14,,,77.64,,20.0,-22.86555484,-43.34336341
2014-01-31 11:30:00,UNIDADE MOVEL MADUREIRA,0.0,35.6,33.88,19.9,,1.98,,,94.45,,17.0,-22.86555484,-43.34336341
2014-01-31 12:30:00,UNIDADE MOVEL MADUREIRA,0.0,36.5,29.77,18.83,,1.94,,,92.16,,14.0,-22.86555484,-43.34336341
2014-01-31 13:30:00,UNIDADE MOVEL MADUREIRA,0.0,37.53,26.92,20.37,,1.28,,,85.07,,12.0,-22.86555484,-43.34336341
2014-01-31 14:30:00,UNIDADE MOVEL MADUREIRA,0.0,38.42,24.62,25.08,,0.83,,,103.07,,8.0,-22.86555484,-43.34336341
2014-01-31 15:30:00,UNIDADE MOVEL MADUREIRA,0.0,37.57,27.9,29.25,,0.76,,,115.43,,16.0,-22.86555484,-43.34336341
2014-01-31 16:30:00,UNIDADE MOVEL MADUREIRA,0.0,37.15,28.95,27.68,,0.95,,,104.89,,15.0,-22.86555484,-43.34336341
2014-01-31 17:30:00,UNIDADE MOVEL MADUREIRA,0.0,35.18,36.53,23.2,,1.29,,,91.1,,18.0,-22.86555484,-43.34336341
2014-01-31 18:30:00,UNIDADE MOVEL MADUREIRA,0.0,34.6,35.72,16.46,,1.38,,,57.23,,9.0,-22.86555484,-43.34336341
2014-01-31 19:30:00,UNIDADE MOVEL MADUREIRA,0.0,32.68,46.72,12.82,,2.32,,,14.44,,10.0,-22.86555484,-43.34336341
2014-01-31 20:30:00,UNIDADE MOVEL MADUREIRA,0.0,31.53,50.82,9.85,,1.1,,,8.03,,36.0,-22.86555484,-43.34336341
2014-01-31 21:30:00,UNIDADE MOVEL MADUREIRA,0.0,30.9,52.7,6.58,,1.01,,,8.79,,34.0,-22.86555484,-43.34336341
2014-01-31 22:30:00,UNIDADE MOVEL MADUREIRA,0.0,30.23,55.0,4.72,,0.81,,,7.72,,27.0,-22.86555484,-43.34336341
2014-01-31 23:30:00,UNIDADE MOVEL MADUREIRA,0.0,29.87,56.6,4.09,,0.65,,,3.97,,20.0,-22.86555484,-43.34336341
2014-02-01 00:30:00,UNIDADE MOVEL MADUREIRA,0.0,29.52,56.93,3.09,,0.22,,,2.27,,19.0,-22.86555484,-43.34336341
2014-02-01 01:30:00,UNIDADE MOVEL MADUREIRA,0.0,29.33,56.18,2.38,,0.11,,,8.17,,18.0,-22.86555484,-43.34336341
2014-02-01 02:30:00,UNIDADE MOVEL MADUREIRA,0.0,28.67,59.45,2.08,,0.2,,,3.16,,27.0,-22.86555484,-43.34336341
2014-02-01 03:30:00,UNIDADE MOVEL MADUREIRA,0.0,28.38,61.65,2.06,,0.17,,,0.27,,33.0,-22.86555484,-43.34336341
2014-02-01 04:30:00,UNIDADE MOVEL MADUREIRA,0.0,28.27,62.73,1.79,,0.26,,,0.0,,26.0,-22.86555484,-43.34336341
2014-02-01 05:30:00,UNIDADE MOVEL MADUREIRA,0.0,28.35,58.9,1.66,,0.24,,,0.57,,25.0,-22.86555484,-43.34336341
2014-02-01 06:30:00,UNIDADE MOVEL MADUREIRA,0.0,28.97,53.85,2.3,,0.17,,,6.42,,21.0,-22.86555484,-43.34336341
2014-02-01 07:30:00,UNIDADE MOVEL MADUREIRA,0.0,30.03,56.73,4.63,,0.36,,,9.53,,31.0,-22.86555484,-43.34336341
2014-02-01 08:30:00,UNIDADE MOVEL MADUREIRA,0.0,30.92,55.88,7.97,,0.6,,,40.55,,42.0,-22.86555484,-43.34336341
2014-02-01 09:30:00,UNIDADE MOVEL MADUREIRA,0.0,32.77,46.35,11.88,,1.25,,,84.15,,40.0,-22.86555484,-43.34336341
2014-02-01 10:30:00,UNIDADE MOVEL MADUREIRA,0.0,34.22,39.33,19.52,,1.45,,,105.71,,28.0,-22.86555484,-43.34336341
2014-02-01 11:30:00,UNIDADE MOVEL MADUREIRA,0.0,35.48,34.03,23.5,,1.7599999999999998,,,93.3,,25.0,-22.86555484,-43.34336341
2014-02-01 12:30:00,UNIDADE MOVEL MADUREIRA,0.0,36.27,28.88,16.55,,2.07,,,82.38,,14.0,-22.86555484,-43.34336341
2014-02-01 13:30:00,UNIDADE MOVEL MADUREIRA,0.0,37.18,27.42,17.98,,1.42,,,85.31,,12.0,-22.86555484,-43.34336341
2014-02-01 14:30:00,UNIDADE MOVEL MADUREIRA,0.0,37.72,28.3,21.62,,0.25,,,82.76,,9.0,-22.86555484,-43.34336341
2014-02-01 15:30:00,UNIDADE MOVEL MADUREIRA,0.0,37.5,30.23,23.43,,0.32,,,82.54,,8.0,-22.86555484,-43.34336341
2014-02-01 16:30:00,UNIDADE MOVEL MADUREIRA,0.0,36.73,34.02,23.51,,0.61,,,96.82,,12.0,-22.86555484,-43.34336341
2014-02-01 17:30:00,UNIDADE MOVEL MADUREIRA,0.0,34.92,40.77,20.42,,1.02,,,77.5,,16.0,-22.86555484,-43.34336341
2014-02-01 18:30:00,UNIDADE MOVEL MADUREIRA,0.0,33.43,46.52,14.14,,0.8366666666666667,,,40.41,,10.0,-22.86555484,-43.34336341
2014-02-01 19:30:00,UNIDADE MOVEL MADUREIRA,0.0,33.38,46.72,8.32,,0.6533333333333333,,,17.05,,12.0,-22.86555484,-43.34336341
2014-02-01 20:30:00,UNIDADE MOVEL MADUREIRA,0.0,32.37,49.65,6.43,,0.47,,,7.41,,17.0,-22.86555484,-43.34336341
2014-02-01 21:30:00,UNIDADE MOVEL MADUREIRA,0.0,31.37,52.73,4.74,,0.2,,,5.0,,23.0,-22.86555484,-43.34336341
2014-02-01 22:30:00,UNIDADE MOVEL MADUREIRA,0.0,30.92,54.83,3.27,,0.18,,,1.81,,9.0,-22.86555484,-43.34336341
2014-02-01 23:30:00,UNIDADE MOVEL MADUREIRA,0.0,30.42,56.6,3.18,,0.17,,,3.07,,8.0,-22.86555484,-43.34336341
2014-02-02 00:30:00,UNIDADE MOVEL MADUREIRA,0.0,30.37,58.1,2.64,,0.2,,,1.62,,11.0,-22.86555484,-43.34336341
2014-02-02 01:30:00,UNIDADE MOVEL MADUREIRA,0.0,29.33,62.3,2.12,,0.17,,,3.14,,12.0,-22.86555484,-43.34336341
2014-02-02 02:30:00,UNIDADE MOVEL MADUREIRA,0.0,28.8,64.83,2.02,,0.21,,,0.71,,12.0,-22.86555484,-43.34336341
2014-02-02 03:30:00,UNIDADE MOVEL MADUREIRA,0.0,28.82,66.75,1.63,,0.16,,,1.06,,13.0,-22.86555484,-43.34336341
2014-02-02 04:30:00,UNIDADE MOVEL MADUREIRA,0.0,28.42,70.4,1.09,,0.14,,,2.44,,8.0,-22.86555484,-43.34336341
2014-02-02 05:30:00,UNIDADE MOVEL MADUREIRA,0.0,27.73,71.93,0.92,,0.25,,,0.42,,7.0,-22.86555484,-43.34336341
2014-02-02 06:30:00,UNIDADE MOVEL MADUREIRA,0.0,28.15,70.63,1.25,,0.57,,,0.98,,8.0,-22.86555484,-43.34336341
2014-02-02 07:30:00,UNIDADE MOVEL MADUREIRA,0.0,29.07,65.9,5.55,,0.41,,,6.41,,23.0,-22.86555484,-43.34336341
2014-02-02 08:30:00,UNIDADE MOVEL MADUREIRA,0.0,30.97,58.17,10.68,,0.38,,,27.24,,34.0,-22.86555484,-43.34336341
2014-02-02 09:30:00,UNIDADE MOVEL MADUREIRA,0.0,32.55,51.18,14.03,,0.22,,,73.63,,27.0,-22.86555484,-43.34336341
2014-02-02 10:30:00,UNIDADE MOVEL MADUREIRA,0.0,33.67,45.57,14.79,,0.33666666666666667,,,98.77,,31.0,-22.86555484,-43.34336341
2014-02-02 11:30:00,UNIDADE MOVEL MADUREIRA,0.0,34.82,41.42,16.49,,0.45333333333333337,,,129.3,,20.0,-22.86555484,-43.34336341
2014-02-02 12:30:00,UNIDADE MOVEL MADUREIRA,0.0,36.45,36.83,18.82,,0.57,,,142.14,,16.0,-22.86555484,-43.34336341
2014-02-02 13:30:00,UNIDADE MOVEL MADUREIRA,0.0,36.35,37.73,20.37,,0.4,,,137.16,,16.0,-22.86555484,-43.34336341
2014-02-02 14:30:00,UNIDADE MOVEL MADUREIRA,0.0,36.97,33.58,21.14,,0.78,,,112.38,,17.0,-22.86555484,-43.34336341
2014-02-02 15:30:00,UNIDADE MOVEL MADUREIRA,0.0,36.72,34.95,21.81,,0.7,,,85.81,,13.0,-22.86555484,-43.34336341
2014-02-02 16:30:00,UNIDADE MOVEL MADUREIRA,0.0,35.98,39.1,23.27,,0.88,,,56.81,,12.0,-22.86555484,-43.34336341
2014-02-02 17:30:00,UNIDADE MOVEL MADUREIRA,0.0,35.25,42.33,18.54,,0.71,,,49.62,,9.0,-22.86555484,-43.34336341
2014-02-02 18:30:00,UNIDADE MOVEL MADUREIRA,0.0,34.13,47.87,13.98,,0.67,,,39.47,,10.0,-22.86555484,-43.34336341
2014-02-02 19:30:00,UNIDADE MOVEL MADUREIRA,0.0,32.45,52.63,8.56,,0.48,,,23.8,,18.0,-22.86555484,-43.34336341
2014-02-02 20:30:00,UNIDADE MOVEL MADUREIRA,0.0,31.52,54.85,5.58,,0.21,,,11.19,,19.0,-22.86555484,-43.34336341
2014-02-02 21:30:00,UNIDADE MOVEL MADUREIRA,0.0,30.73,56.92,4.81,,0.2,,,6.5,,11.0,-22.86555484,-43.34336341
2014-02-02 22:30:00,UNIDADE MOVEL MADUREIRA,0.0,29.92,60.4,4.07,,0.24,,,3.39,,66.0,-22.86555484,-43.34336341
2014-02-02 23:30:00,UNIDADE MOVEL MADUREIRA,0.0,29.17,64.97,3.8,,0.2,,,3.63,,25.0,-22.86555484,-43.34336341
2014-02-03 00:30:00,UNIDADE MOVEL MADUREIRA,0.0,28.57,69.43,2.85,,0.14,,,7.65,,21.0,-22.86555484,-43.34336341
2014-02-03 01:30:00,UNIDADE MOVEL MADUREIRA,0.0,28.15,72.3,2.08,,0.14,,,8.06,,15.0,-22.86555484,-43.34336341
2014-02-03 02:30:00,UNIDADE MOVEL MADUREIRA,0.0,28.03,73.52,1.77,,0.12,,,6.85,,13.0,-22.86555484,-43.34336341
2014-02-03 03:30:00,UNIDADE MOVEL MADUREIRA,0.0,27.7,74.9,1.16,,0.08,,,6.11,,16.0,-22.86555484,-43.34336341
2014-02-03 04:30:00,UNIDADE MOVEL MADUREIRA,0.0,27.62,74.58,0.77,,0.12,,,2.35,,12.0,-22.86555484,-43.34336341
2014-02-03 05:30:00,UNIDADE MOVEL MADUREIRA,0.0,27.42,74.1,0.95,,0.29,,,0.0,,12.0,-22.86555484,-43.34336341
2014-02-03 06:30:00,UNIDADE MOVEL MADUREIRA,0.0,28.43,68.65,1.23,,0.17,,,0.51,,12.0,-22.86555484,-43.34336341
2014-02-03 07:30:00,UNIDADE MOVEL MADUREIRA,0.0,29.43,64.3,3.04,,0.11,,,5.21,,23.0,-22.86555484,-43.34336341
2014-02-03 08:30:00,UNIDADE MOVEL MADUREIRA,0.0,31.0,59.38,9.1,,0.2,,,8.97,,37.0,-22.86555484,-43.34336341
2014-02-03 09:30:00,UNIDADE MOVEL MADUREIRA,0.0,32.45,53.37,13.67,,0.77,,,25.66,,21.0,-22.86555484,-43.34336341
2014-02-03 10:30:00,UNIDADE MOVEL MADUREIRA,0.0,33.93,45.9,14.71,,0.93,,,56.14,,19.0,-22.86555484,-43.34336341
2014-02-03 11:30:00,UNIDADE MOVEL MADUREIRA,0.0,35.28,41.9,16.45,,0.93,,,81.74,,15.0,-22.86555484,-43.34336341
2014-02-03 12:30:00,UNIDADE MOVEL MADUREIRA,0.0,36.23,38.5,22.06,,0.98,,,109.64,,22.0,-22.86555484,-43.34336341
2014-02-03 13:30:00,UNIDADE MOVEL MADUREIRA,0.0,36.95,33.1,19.78,,0.7,,,93.17,,18.0,-22.86555484,-43.34336341
2014-02-03 14:30:00,UNIDADE MOVEL MADUREIRA,0.0,37.25,33.43,20.07,,0.99,,,80.36,,9.0,-22.86555484,-43.34336341
2014-02-03 15:30:00,UNIDADE MOVEL MADUREIRA,0.0,37.53,34.03,23.15,,0.68,,,86.52,,15.0,-22.86555484,-43.34336341
2014-02-03 16:30:00,UNIDADE MOVEL MADUREIRA,0.0,37.25,34.05,24.29,,2.01,,,84.32,,10.0,-22.86555484,-43.34336341
2014-02-03 17:30:00,UNIDADE MOVEL MADUREIRA,0.0,36.37,36.88,20.99,,2.27,,,66.01,,10.0,-22.86555484,-43.34336341
2014-02-03 18:30:00,UNIDADE MOVEL MADUREIRA,0.0,34.77,43.32,16.05,,2.33,,,37.98,,11.0,-22.86555484,-43.34336341
2014-02-03 19:30:00,UNIDADE MOVEL MADUREIRA,0.0,33.45,48.55,9.03,,1.97,,,6.26,,12.0,-22.86555484,-43.34336341
2014-02-03 20:30:00,UNIDADE MOVEL MADUREIRA,0.0,32.18,51.28,7.08,,1.52,,,9.91,,14.0,-22.86555484,-43.34336341
2014-02-03 21:30:00,UNIDADE MOVEL MADUREIRA,0.0,30.75,56.15,5.66,,1.08,,,5.72,,23.0,-22.86555484,-43.34336341
2014-02-03 22:30:00,UNIDADE MOVEL MADUREIRA,0.0,30.02,60.03,3.36,,0.84,,,3.72,,14.0,-22.86555484,-43.34336341
2014-02-03 23:30:00,UNIDADE MOVEL MADUREIRA,0.0,29.57,62.87,2.71,,0.495,,,5.11,,12.0,-22.86555484,-43.34336341
2014-02-04 00:30:00,UNIDADE MOVEL MADUREIRA,0.0,29.82,62.43,1.52,,0.15,,,6.37,,18.0,-22.86555484,-43.34336341
2014-02-04 01:30:00,UNIDADE MOVEL MADUREIRA,0.0,28.62,68.37,1.64,,0.15,,,5.7,,18.0,-22.86555484,-43.34336341
2014-02-04 02:30:00,UNIDADE MOVEL MADUREIRA,0.0,28.03,70.42,1.04,,0.13,,,7.41,,14.0,-22.86555484,-43.34336341
2014-02-04 03:30:00,UNIDADE MOVEL MADUREIRA,0.0,27.77,70.87,0.88,,0.12,,,5.94,,10.0,-22.86555484,-43.34336341
2014-02-04 04:30:00,UNIDADE MOVEL MADUREIRA,0.0,27.53,71.4,0.77,,0.18,,,0.38,,17.0,-22.86555484,-43.34336341
2014-02-04 05:30:00,UNIDADE MOVEL MADUREIRA,0.0,27.42,70.87,0.86,,0.26,,,0.0,,18.0,-22.86555484,-43.34336341
2014-02-04 06:30:00,UNIDADE MOVEL MADUREIRA,0.0,27.93,68.82,1.54,,0.24,,,0.47,,17.0,-22.86555484,-43.34336341
2014-02-04 07:30:00,UNIDADE MOVEL MADUREIRA,0.0,29.47,63.2,3.56,,0.18,,,4.03,,24.0,-22.86555484,-43.34336341
2014-02-04 08:30:00,UNIDADE MOVEL MADUREIRA,0.0,31.43,54.18,8.11,,0.11,,,14.25,,37.0,-22.86555484,-43.34336341
2014-02-04 09:30:00,UNIDADE MOVEL MADUREIRA,0.0,32.93,45.57,14.26,,0.36,,,37.17,,27.0,-22.86555484,-43.34336341
2014-02-04 10:30:00,UNIDADE MOVEL MADUREIRA,0.0,34.58,38.05,15.25,,0.5,,,70.99,,22.0,-22.86555484,-43.34336341
2014-02-04 11:30:00,UNIDADE MOVEL MADUREIRA,0.0,36.1,32.55,18.08,,0.6,,,88.14,,12.0,-22.86555484,-43.34336341
2014-02-04 12:30:00,UNIDADE MOVEL MADUREIRA,0.0,37.12,30.15,15.37,,1.0,,,90.39,,19.0,-22.86555484,-43.34336341
2014-02-04 13:30:00,UNIDADE MOVEL MADUREIRA,0.0,36.52,35.77,17.66,,2.45,,,135.47,,11.0,-22.86555484,-43.34336341
2014-02-04 14:30:00,UNIDADE MOVEL MADUREIRA,0.0,37.83,27.73,17.14,,2.15,,,94.44,,15.0,-22.86555484,-43.34336341
2014-02-04 15:30:00,UNIDADE MOVEL MADUREIRA,0.0,38.08,28.88,19.88,,2.32,,,99.28,,12.0,-22.86555484,-43.34336341
2014-02-04 16:30:00,UNIDADE MOVEL MADUREIRA,0.0,37.57,32.33,22.35,,2.42,,,73.92,,11.0,-22.86555484,-43.34336341
2014-02-04 17:30:00,UNIDADE MOVEL MADUREIRA,0.0,36.05,37.68,19.4,,2.48,,,52.47,,17.0,-22.86555484,-43.34336341
2014-02-04 18:30:00,UNIDADE MOVEL MADUREIRA,0.0,34.48,43.47,12.06,,2.6,,,28.48,,10.0,-22.86555484,-43.34336341
2014-02-04 19:30:00,UNIDADE MOVEL MADUREIRA,0.0,33.17,47.78,8.38,,2.49,,,9.74,,15.0,-22.86555484,-43.34336341
2014-02-04 20:30:00,UNIDADE MOVEL MADUREIRA,0.0,32.33,50.72,5.7,,0.09,,,7.33,,16.0,-22.86555484,-43.34336341
2014-02-04 21:30:00,UNIDADE MOVEL MADUREIRA,0.0,31.88,53.33,3.9,,0.24,,,4.52,,17.0,-22.86555484,-43.34336341
2014-02-04 22:30:00,UNIDADE MOVEL MADUREIRA,0.0,30.98,56.15,2.73,,0.17,,,0.76,,12.0,-22.86555484,-43.34336341
2014-02-04 23:30:00,UNIDADE MOVEL MADUREIRA,0.0,30.67,57.98,2.03,,0.12,,,2.05,,15.0,-22.86555484,-43.34336341
2014-02-05 00:30:00,UNIDADE MOVEL MADUREIRA,0.0,29.68,62.35,2.1,,0.11,,,0.97,,18.0,-22.86555484,-43.34336341
2014-02-05 01:30:00,UNIDADE MOVEL MADUREIRA,0.0,29.07,64.57,2.04,,0.1,,,0.87,,9.0,-22.86555484,-43.34336341
2014-02-05 02:30:00,UNIDADE MOVEL MADUREIRA,0.0,28.65,66.48,2.14,,0.11,,,1.71,,10.0,-22.86555484,-43.34336341
2014-02-05 03:30:00,UNIDADE MOVEL MADUREIRA,0.0,28.0,69.62,1.68,,0.09,,,0.09,,22.0,-22.86555484,-43.34336341
2014-02-05 04:30:00,UNIDADE MOVEL MADUREIRA,0.0,27.95,68.58,1.77,,0.12,,,0.0,,10.0,-22.86555484,-43.34336341
2014-02-05 05:30:00,UNIDADE MOVEL MADUREIRA,0.0,27.45,69.33,2.04,,0.4,,,0.0,,11.0,-22.86555484,-43.34336341
2014-02-05 06:30:00,UNIDADE MOVEL MADUREIRA,0.0,27.48,68.6,1.84,,0.16,,,0.0,,11.0,-22.86555484,-43.34336341
2014-02-05 07:30:00,UNIDADE MOVEL MADUREIRA,0.0,29.3,61.47,2.81,,0.14,,,2.76,,12.0,-22.86555484,-43.34336341
2014-02-05 08:30:00,UNIDADE MOVEL MADUREIRA,0.0,31.07,55.83,6.43,,0.07,,,13.02,,27.0,-22.86555484,-43.34336341
2014-02-05 09:30:00,UNIDADE MOVEL MADUREIRA,0.0,32.48,44.77,10.59,,0.08,,,27.39,,36.0,-22.86555484,-43.34336341
2014-02-05 10:30:00,UNIDADE MOVEL MADUREIRA,0.0,34.03,36.9,14.97,,0.16,,,48.5,,14.0,-22.86555484,-43.34336341
2014-02-05 11:30:00,UNIDADE MOVEL MADUREIRA,0.0,35.25,31.0,12.19,,0.07,,,59.0,,13.0,-22.86555484,-43.34336341
2014-02-05 12:30:00,UNIDADE MOVEL MADUREIRA,0.0,36.25,28.82,15.09,,0.02,,,71.06,,12.0,-22.86555484,-43.34336341
2014-02-05 13:30:00,UNIDADE MOVEL MADUREIRA,0.0,37.08,28.35,22.21,,0.2,,,103.51,,13.0,-22.86555484,-43.34336341
2014-02-05 14:30:00,UNIDADE MOVEL MADUREIRA,0.0,37.5,26.75,18.54,,0.04,,,85.93,,17.0,-22.86555484,-43.34336341
2014-02-05 15:30:00,UNIDADE MOVEL MADUREIRA,0.0,37.2,30.43,20.23,,0.04,,,93.84,,9.0,-22.86555484,-43.34336341
2014-02-05 16:30:00,UNIDADE MOVEL MADUREIRA,0.0,36.4,32.93,17.72,,0.03,,,78.54,,21.0,-22.86555484,-43.34336341
2014-02-05 17:30:00,UNIDADE MOVEL MADUREIRA,0.0,36.13,32.65,15.76,,0.04,,,60.66,,20.0,-22.86555484,-43.34336341
2014-02-05 18:30:00,UNIDADE MOVEL MADUREIRA,0.0,34.7,38.65,12.84,,0.04,,,34.06,,9.0,-22.86555484,-43.34336341
2014-02-05 19:30:00,UNIDADE MOVEL MADUREIRA,0.0,32.98,44.2,9.5,,0.04,,,9.72,,20.0,-22.86555484,-43.34336341
2014-02-05 20:30:00,UNIDADE MOVEL MADUREIRA,0.0,31.7,48.73,6.02,,0.07,,,5.73,,30.0,-22.86555484,-43.34336341
2014-02-05 21:30:00,UNIDADE MOVEL MADUREIRA,0.0,30.72,52.97,3.22,,0.11,,,4.76,,27.0,-22.86555484,-43.34336341
2014-02-05 22:30:00,UNIDADE MOVEL MADUREIRA,0.0,30.2,54.77,2.22,,0.11,,,2.79,,5.0,-22.86555484,-43.34336341
2014-02-05 23:30:00,UNIDADE MOVEL MADUREIRA,0.0,29.98,54.82,1.59,,0.1,,,4.53,,6.0,-22.86555484,-43.34336341
2014-02-06 00:30:00,UNIDADE MOVEL MADUREIRA,0.0,29.05,56.0,1.66,,0.08,,,4.98,,11.0,-22.86555484,-43.34336341
2014-02-06 01:30:00,UNIDADE MOVEL MADUREIRA,0.0,28.17,57.58,1.28,,0.05,,,4.71,,12.0,-22.86555484,-43.34336341
2014-02-06 02:30:00,UNIDADE MOVEL MADUREIRA,0.0,28.1,56.98,1.17,,0.06,,,3.35,,9.0,-22.86555484,-43.34336341
2014-02-06 03:30:00,UNIDADE MOVEL MADUREIRA,0.0,27.47,60.03,1.21,,0.04,,,1.53,,10.0,-22.86555484,-43.34336341
2014-02-06 04:30:00,UNIDADE MOVEL MADUREIRA,0.0,27.08,62.38,1.79,,0.04,,,0.0,,10.0,-22.86555484,-43.34336341
2014-02-06 05:30:00,UNIDADE MOVEL MADUREIRA,0.0,26.98,62.77,1.73,,0.14,,,0.0,,10.0,-22.86555484,-43.34336341
2014-02-06 06:30:00,UNIDADE MOVEL MADUREIRA,0.0,27.48,61.48,1.51,,0.13,,,0.0,,10.0,-22.86555484,-43.34336341
2014-02-06 07:30:00,UNIDADE MOVEL MADUREIRA,0.0,28.88,54.8,3.31,,0.08,,,2.27,,11.0,-22.86555484,-43.34336341
2014-02-06 08:30:00,UNIDADE MOVEL MADUREIRA,0.0,30.77,45.33,5.59,,0.02,,,10.13,,28.0,-22.86555484,-43.34336341
2014-02-06 09:30:00,UNIDADE MOVEL MADUREIRA,0.0,32.33,39.6,8.08,,0.02,,,21.09,,33.0,-22.86555484,-43.34336341
2014-02-06 10:30:00,UNIDADE MOVEL MADUREIRA,0.0,33.5,36.53,10.52,,0.04,,,43.6,,13.0,-22.86555484,-43.34336341
2014-02-06 11:30:00,UNIDADE MOVEL MADUREIRA,0.0,34.82,32.47,14.16,,0.04,,,74.93,,13.0,-22.86555484,-43.34336341
2014-02-06 12:30:00,UNIDADE MOVEL MADUREIRA,0.0,36.08,29.2,19.69,,0.02,,,108.23,,16.0,-22.86555484,-43.34336341
2014-02-06 13:30:00,UNIDADE MOVEL MADUREIRA,0.0,36.78,28.73,19.73,,0.02,,,112.78,,16.0,-22.86555484,-43.34336341
2014-02-06 14:30:00,UNIDADE MOVEL MADUREIRA,0.0,37.75,27.55,20.13,,0.02,,,88.28,,30.0,-22.86555484,-43.34336341
2014-02-06 15:30:00,UNIDADE MOVEL MADUREIRA,0.0,37.6,27.52,19.54,,0.01,,,73.06,,17.0,-22.86555484,-43.34336341
2014-02-06 16:30:00,UNIDADE MOVEL MADUREIRA,0.0,37.85,27.32,21.16,,0.01,,,69.68,,10.0,-22.86555484,-43.34336341
2014-02-06 17:30:00,UNIDADE MOVEL MADUREIRA,0.0,36.43,32.1,20.45,,0.01,,,52.02,,22.0,-22.86555484,-43.34336341
2014-02-06 18:30:00,UNIDADE MOVEL MADUREIRA,0.0,34.37,42.13,17.27,,0.02,,,29.76,,16.0,-22.86555484,-43.34336341
2014-02-06 19:30:00,UNIDADE MOVEL MADUREIRA,0.0,32.75,48.17,9.25,,0.01,,,10.51,,14.0,-22.86555484,-43.34336341
2014-02-06 20:30:00,UNIDADE MOVEL MADUREIRA,0.0,31.35,52.52,5.67,,0.05,,,9.89,,20.0,-22.86555484,-43.34336341
2014-02-06 21:30:00,UNIDADE MOVEL MADUREIRA,0.0,30.63,55.55,3.48,,0.1,,,8.85,,14.0,-22.86555484,-43.34336341
2014-02-06 22:30:00,UNIDADE MOVEL MADUREIRA,0.0,30.15,56.8,2.45,,0.28,,,6.77,,9.0,-22.86555484,-43.34336341
2014-02-06 23:30:00,UNIDADE MOVEL MADUREIRA,0.0,29.3,59.95,1.92,,0.16,,,5.07,,8.0,-22.86555484,-43.34336341
2014-02-07 00:30:00,UNIDADE MOVEL MADUREIRA,0.0,28.95,61.98,1.21,,0.09,,,7.06,,9.0,-22.86555484,-43.34336341
2014-02-07 01:30:00,UNIDADE MOVEL MADUREIRA,0.0,28.75,61.5,1.12,,0.21,,,7.62,,8.0,-22.86555484,-43.34336341
2014-02-07 02:30:00,UNIDADE MOVEL MADUREIRA,0.0,27.88,66.28,1.05,,0.22,,,7.75,,11.0,-22.86555484,-43.34336341
2014-02-07 03:30:00,UNIDADE MOVEL MADUREIRA,0.0,27.28,69.12,0.69,,0.16,,,6.1,,19.0,-22.86555484,-43.34336341
2014-02-07 04:30:00,UNIDADE MOVEL MADUREIRA,0.0,27.08,69.63,0.76,,0.17,,,0.62,,13.5,-22.86555484,-43.34336341
2014-02-07 05:30:00,UNIDADE MOVEL MADUREIRA,0.0,26.97,68.5,0.99,,0.17,,,0.0,,8.0,-22.86555484,-43.34336341
2014-02-07 06:30:00,UNIDADE MOVEL MADUREIRA,0.0,27.68,64.82,1.01,,0.17,,,0.36,,10.0,-22.86555484,-43.34336341
2014-02-07 07:30:00,UNIDADE MOVEL MADUREIRA,0.0,28.88,59.98,2.65,,0.06,,,3.91,,16.0,-22.86555484,-43.34336341
2014-02-07 08:30:00,UNIDADE MOVEL MADUREIRA,0.0,30.83,51.35,5.01,,0.01,,,11.65,,21.0,-22.86555484,-43.34336341
2014-02-07 09:30:00,UNIDADE MOVEL MADUREIRA,0.0,32.87,44.38,8.79,,0.05,,,29.03,,33.0,-22.86555484,-43.34336341
2014-02-07 10:30:00,UNIDADE MOVEL MADUREIRA,0.0,34.05,41.38,11.91,,0.23,,,47.85,,21.0,-22.86555484,-43.34336341
2014-02-07 11:30:00,UNIDADE MOVEL MADUREIRA,0.0,35.1,38.2,16.74,,0.13,,,82.43,,14.0,-22.86555484,-43.34336341
2014-02-07 12:30:00,UNIDADE MOVEL MADUREIRA,0.0,36.17,34.05,20.25,,0.06,,,106.12,,16.0,-22.86555484,-43.34336341
2014-02-07 13:30:00,UNIDADE MOVEL MADUREIRA,0.0,37.08,28.6,14.5,,0.03,,,91.0,,18.0,-22.86555484,-43.34336341
2014-02-07 14:30:00,UNIDADE MOVEL MADUREIRA,0.0,37.28,30.33,17.0,,0.09,,,86.61,,11.0,-22.86555484,-43.34336341
2014-02-07 15:30:00,UNIDADE MOVEL MADUREIRA,0.0,37.82,31.38,19.16,,0.3,,,81.78,,9.0,-22.86555484,-43.34336341
2014-02-07 16:30:00,UNIDADE MOVEL MADUREIRA,0.0,37.07,32.87,18.15,,0.15,,,62.75,,17.0,-22.86555484,-43.34336341
2014-02-07 17:30:00,UNIDADE MOVEL MADUREIRA,0.0,36.15,35.35,16.45,,0.21,,,61.69,,13.0,-22.86555484,-43.34336341
2014-02-07 18:30:00,UNIDADE MOVEL MADUREIRA,0.0,35.07,39.2,13.86,,0.32,,,51.37,,18.0,-22.86555484,-43.34336341
2014-02-07 19:30:00,UNIDADE MOVEL MADUREIRA,0.0,33.73,43.38,9.52,,0.52,,,15.07,,33.0,-22.86555484,-43.34336341
2014-02-07 20:30:00,UNIDADE MOVEL MADUREIRA,0.0,32.65,46.23,9.72,,0.51,,,8.71,,47.0,-22.86555484,-43.34336341
2014-02-07 21:30:00,UNIDADE MOVEL MADUREIRA,0.0,31.95,48.42,8.16,,0.51,,,7.17,,65.0,-22.86555484,-43.34336341
2014-02-07 22:30:00,UNIDADE MOVEL MADUREIRA,0.0,31.08,51.7,4.75,,0.99,,,5.79,,64.0,-22.86555484,-43.34336341
2014-02-07 23:30:00,UNIDADE MOVEL MADUREIRA,0.0,30.12,54.22,3.72,,0.36,,,5.15,,49.0,-22.86555484,-43.34336341
2014-02-08 00:30:00,UNIDADE MOVEL MADUREIRA,0.0,29.58,54.05,5.02,,0.36,,,6.03,,43.0,-22.86555484,-43.34336341
2014-02-08 01:30:00,UNIDADE MOVEL MADUREIRA,0.0,29.12,55.45,5.13,,0.38,,,2.93,,53.0,-22.86555484,-43.34336341
2014-02-08 02:30:00,UNIDADE MOVEL MADUREIRA,0.0,28.85,56.72,4.69,,0.41,,,0.31,,49.0,-22.86555484,-43.34336341
2014-02-08 03:30:00,UNIDADE MOVEL MADUREIRA,0.0,28.65,56.93,4.75,,0.32,,,0.69,,44.0,-22.86555484,-43.34336341
2014-02-08 04:30:00,UNIDADE MOVEL MADUREIRA,0.0,28.95,55.92,4.56,,0.37,,,0.57,,36.0,-22.86555484,-43.34336341
2014-02-08 05:30:00,UNIDADE MOVEL MADUREIRA,0.0,28.43,57.98,4.19,,0.5,,,0.14,,40.0,-22.86555484,-43.34336341
2014-02-08 06:30:00,UNIDADE MOVEL MADUREIRA,0.0,29.22,56.05,4.98,,0.56,,,1.99,,47.0,-22.86555484,-43.34336341
2014-02-08 07:30:00,UNIDADE MOVEL MADUREIRA,0.0,31.1,50.58,8.54,,0.49,,,14.86,,45.0,-22.86555484,-43.34336341
2014-02-08 08:30:00,UNIDADE MOVEL MADUREIRA,0.0,32.93,43.53,13.62,,0.31,,,29.91,,66.0,-22.86555484,-43.34336341
2014-02-08 09:30:00,UNIDADE MOVEL MADUREIRA,0.0,34.17,37.38,14.36,,0.09,,,66.53,,55.0,-22.86555484,-43.34336341
2014-02-08 10:30:00,UNIDADE MOVEL MADUREIRA,0.0,35.68,33.83,13.49,,0.05,,,94.94,,28.0,-22.86555484,-43.34336341
2014-02-08 11:30:00,UNIDADE MOVEL MADUREIRA,0.0,36.53,33.82,24.07,,0.06,,,159.97,,23.0,-22.86555484,-43.34336341
2014-02-08 12:30:00,UNIDADE MOVEL MADUREIRA,0.0,37.4,29.87,21.46,,0.03,,,116.55,,42.0,-22.86555484,-43.34336341
2014-02-08 13:30:00,UNIDADE MOVEL MADUREIRA,0.0,38.35,26.53,17.1,,0.03,,,87.47,,18.0,-22.86555484,-43.34336341
2014-02-08 14:30:00,UNIDADE MOVEL MADUREIRA,0.0,38.48,27.1,20.91,,0.1,,,100.56,,11.0,-22.86555484,-43.34336341
2014-02-08 15:30:00,UNIDADE MOVEL MADUREIRA,0.0,39.0,27.23,23.21,,0.14,,,99.38,,11.0,-22.86555484,-43.34336341
2014-02-08 16:30:00,UNIDADE MOVEL MADUREIRA,0.0,38.45,28.07,23.63,,0.14,,,80.54,,17.0,-22.86555484,-43.34336341
2014-02-08 17:30:00,UNIDADE MOVEL MADUREIRA,0.0,37.83,28.97,18.82,,0.1,,,79.03,,19.0,-22.86555484,-43.34336341
2014-02-08 18:30:00,UNIDADE MOVEL MADUREIRA,0.0,36.28,31.98,15.98,,0.06,,,69.89,,17.0,-22.86555484,-43.34336341
2014-02-08 19:30:00,UNIDADE MOVEL MADUREIRA,0.0,34.58,38.05,11.21,,0.17,,,34.8,,19.0,-22.86555484,-43.34336341
2014-02-08 20:30:00,UNIDADE MOVEL MADUREIRA,0.0,32.98,42.42,9.12,,0.15,,,17.44,,36.0,-22.86555484,-43.34336341
2014-02-08 21:30:00,UNIDADE MOVEL MADUREIRA,0.0,32.13,44.82,6.88,,0.21,,,13.95,,29.0,-22.86555484,-43.34336341
2014-02-08 22:30:00,UNIDADE MOVEL MADUREIRA,0.0,31.35,47.1,4.8,,0.24,,,7.32,,28.0,-22.86555484,-43.34336341
2014-02-08 23:30:00,UNIDADE MOVEL MADUREIRA,0.0,30.95,48.4,3.71,,0.29,,,6.54,,17.0,-22.86555484,-43.34336341
2014-02-09 00:30:00,UNIDADE MOVEL MADUREIRA,0.0,30.48,51.25,3.89,,0.22,,,2.02,,20.0,-22.86555484,-43.34336341
2014-02-09 01:30:00,UNIDADE MOVEL MADUREIRA,0.0,29.7,54.25,5.45,,0.23,,,3.08,,22.0,-22.86555484,-43.34336341
2014-02-09 02:30:00,UNIDADE MOVEL MADUREIRA,0.0,28.9,57.1,4.2,,0.16,,,9.69,,20.0,-22.86555484,-43.34336341
2014-02-09 03:30:00,UNIDADE MOVEL MADUREIRA,0.0,28.12,59.82,2.98,,0.11,,,7.93,,27.0,-22.86555484,-43.34336341
2014-02-09 04:30:00,UNIDADE MOVEL MADUREIRA,0.0,28.02,58.75,3.45,,0.15,,,2.37,,12.0,-22.86555484,-43.34336341
2014-02-09 05:30:00,UNIDADE MOVEL MADUREIRA,0.0,28.05,58.67,4.44,,0.26,,,0.0,,13.0,-22.86555484,-43.34336341
2014-02-09 06:30:00,UNIDADE MOVEL MADUREIRA,0.0,28.87,56.3,3.88,,0.35,,,1.96,,15.0,-22.86555484,-43.34336341
2014-02-09 07:30:00,UNIDADE MOVEL MADUREIRA,0.0,30.27,51.58,5.62,,0.27,,,11.35,,13.0,-22.86555484,-43.34336341
2014-02-09 08:30:00,UNIDADE MOVEL MADUREIRA,0.0,32.07,45.77,8.9,,0.16,,,29.25,,23.0,-22.86555484,-43.34336341
2014-02-09 09:30:00,UNIDADE MOVEL MADUREIRA,0.0,33.63,40.97,11.48,,0.1,,,51.33,,41.0,-22.86555484,-43.34336341
2014-02-09 10:30:00,UNIDADE MOVEL MADUREIRA,0.0,34.7,38.53,13.13,,0.07,,,98.74,,24.0,-22.86555484,-43.34336341
2014-02-09 11:30:00,UNIDADE MOVEL MADUREIRA,0.0,36.15,34.1,16.21,,0.05,,,121.07,,21.0,-22.86555484,-43.34336341
2014-02-09 12:30:00,UNIDADE MOVEL MADUREIRA,0.0,36.8,30.22,20.9,,0.06,,,106.01,,18.0,-22.86555484,-43.34336341
2014-02-09 13:30:00,UNIDADE MOVEL MADUREIRA,0.0,37.88,26.3,15.33,,0.03,,,86.43,,13.0,-22.86555484,-43.34336341
2014-02-09 14:30:00,UNIDADE MOVEL MADUREIRA,0.0,38.53,24.55,17.38,,0.08,,,87.37,,10.0,-22.86555484,-43.34336341
2014-02-09 15:30:00,UNIDADE MOVEL MADUREIRA,0.0,38.03,27.18,19.55,,0.17,,,89.08,,10.0,-22.86555484,-43.34336341
2014-02-09 16:30:00,UNIDADE MOVEL MADUREIRA,0.0,36.48,32.78,17.96,,0.15,,,89.53,,11.0,-22.86555484,-43.34336341
2014-02-09 17:30:00,UNIDADE MOVEL MADUREIRA,0.0,36.15,32.18,15.66,,0.17,,,75.72,,6.0,-22.86555484,-43.34336341
2014-02-09 18:30:00,UNIDADE MOVEL MADUREIRA,0.0,34.42,36.58,9.89,,0.29,,,63.95,,8.0,-22.86555484,-43.34336341
2014-02-09 19:30:00,UNIDADE MOVEL MADUREIRA,0.0,33.25,40.28,6.67,,0.2,,,42.09,,20.0,-22.86555484,-43.34336341
2014-02-09 20:30:00,UNIDADE MOVEL MADUREIRA,0.0,32.68,43.15,6.0,,0.33,,,17.79,,13.0,-22.86555484,-43.34336341
2014-02-09 21:30:00,UNIDADE MOVEL MADUREIRA,0.0,32.47,45.35,5.91,,0.26,,,9.55,,27.0,-22.86555484,-43.34336341
2014-02-09 22:30:00,UNIDADE MOVEL MADUREIRA,0.0,31.52,49.58,5.64,,0.32,,,1.53,,14.0,-22.86555484,-43.34336341
2014-02-09 23:30:00,UNIDADE MOVEL MADUREIRA,0.0,30.68,52.65,5.49,,0.37,,,1.17,,24.0,-22.86555484,-43.34336341
2014-02-10 00:30:00,UNIDADE MOVEL MADUREIRA,0.0,30.13,53.7,4.62,,0.27,,,0.15,,29.0,-22.86555484,-43.34336341
2014-02-10 01:30:00,UNIDADE MOVEL MADUREIRA,0.0,29.53,56.47,4.42,,0.52,,,6.51,,35.0,-22.86555484,-43.34336341
2014-02-10 02:30:00,UNIDADE MOVEL MADUREIRA,0.0,29.0,59.32,7.31,,0.45,,,8.88,,46.0,-22.86555484,-43.34336341
2014-02-10 03:30:00,UNIDADE MOVEL MADUREIRA,0.0,28.35,63.82,4.04,,0.28,,,3.81,,32.0,-22.86555484,-43.34336341
2014-02-10 04:30:00,UNIDADE MOVEL MADUREIRA,0.0,27.83,66.5,2.9,,0.24,,,0.62,,42.0,-22.86555484,-43.34336341
2014-02-10 05:30:00,UNIDADE MOVEL MADUREIRA,0.0,27.48,68.18,3.04,,0.38,,,0.0,,29.0,-22.86555484,-43.34336341
2014-02-10 06:30:00,UNIDADE MOVEL MADUREIRA,0.0,28.03,65.73,5.73,,0.28,,,0.1,,32.0,-22.86555484,-43.34336341
2014-02-10 07:30:00,UNIDADE MOVEL MADUREIRA,0.0,29.83,58.38,6.34,,0.35,,,2.48,,29.0,-22.86555484,-43.34336341
2014-02-10 08:30:00,UNIDADE MOVEL MADUREIRA,0.0,31.63,50.93,10.86,,0.34,,,13.26,,39.0,-22.86555484,-43.34336341
2014-02-10 09:30:00,UNIDADE MOVEL MADUREIRA,0.0,33.85,40.92,15.52,,0.1,,,42.56,,56.0,-22.86555484,-43.34336341
2014-02-10 10:30:00,UNIDADE MOVEL MADUREIRA,0.0,35.48,34.32,15.0,,0.03,,,77.02,,26.0,-22.86555484,-43.34336341
2014-02-10 11:30:00,UNIDADE MOVEL MADUREIRA,0.0,35.98,33.33,15.87,,0.02,,,116.0,,15.0,-22.86555484,-43.34336341
2014-02-10 12:30:00,UNIDADE MOVEL MADUREIRA,0.0,35.78,35.1,16.91,,0.05,,,155.61,,24.0,-22.86555484,-43.34336341
2014-02-10 13:30:00,UNIDADE MOVEL MADUREIRA,0.0,37.67,26.33,15.57,,0.03,,,145.34,,31.0,-22.86555484,-43.34336341
2014-02-10 14:30:00,UNIDADE MOVEL MADUREIRA,0.0,37.55,26.7,16.64,,0.01,,,123.97,,15.0,-22.86555484,-43.34336341
2014-02-10 15:30:00,UNIDADE MOVEL MADUREIRA,0.0,37.42,28.48,18.6,,0.01,,,144.28,,24.0,-22.86555484,-43.34336341
2014-02-10 16:30:00,UNIDADE MOVEL MADUREIRA,0.0,36.32,31.68,18.38,,0.04,,,106.96,,29.0,-22.86555484,-43.34336341
2014-02-10 17:30:00,UNIDADE MOVEL MADUREIRA,0.0,34.62,33.38,12.85,,0.02,,,67.69,,22.0,-22.86555484,-43.34336341
2014-02-10 18:30:00,UNIDADE MOVEL MADUREIRA,0.0,34.08,32.63,7.34,,0.0,,,48.16,,7.0,-22.86555484,-43.34336341
2014-02-10 19:30:00,UNIDADE MOVEL MADUREIRA,0.0,33.77,34.55,5.46,,0.05,,,40.92,,3.0,-22.86555484,-43.34336341
2014-02-10 20:30:00,UNIDADE MOVEL MADUREIRA,0.0,33.0,39.88,8.17,,0.4,,,15.89,,3.0,-22.86555484,-43.34336341
2014-02-10 21:30:00,UNIDADE MOVEL MADUREIRA,0.0,32.02,42.9,6.79,,0.36,,,11.45,,50.0,-22.86555484,-43.34336341
2014-02-10 22:30:00,UNIDADE MOVEL MADUREIRA,0.0,30.97,47.3,5.77,,0.17,,,8.84,,42.0,-22.86555484,-43.34336341
2014-02-10 23:30:00,UNIDADE MOVEL MADUREIRA,0.0,30.12,51.85,4.63,,0.1,,,8.68,,30.0,-22.86555484,-43.34336341
2014-02-11 00:30:00,UNIDADE MOVEL MADUREIRA,0.0,29.45,54.55,3.99,,0.12,,,12.21,,28.0,-22.86555484,-43.34336341
2014-02-11 01:30:00,UNIDADE MOVEL MADUREIRA,0.0,28.3,59.02,4.01,,0.11,,,12.15,,25.0,-22.86555484,-43.34336341
2014-02-11 02:30:00,UNIDADE MOVEL MADUREIRA,0.0,27.97,61.0,3.36,,0.1,,,7.79,,24.0,-22.86555484,-43.34336341
2014-02-11 03:30:00,UNIDADE MOVEL MADUREIRA,0.0,27.77,62.32,4.28,,0.06,,,5.4,,14.0,-22.86555484,-43.34336341
2014-02-11 04:30:00,UNIDADE MOVEL MADUREIRA,0.0,27.38,64.83,3.58,,0.13,,,0.34,,19.0,-22.86555484,-43.34336341
2014-02-11 05:30:00,UNIDADE MOVEL MADUREIRA,0.0,27.03,64.6,3.37,,0.2,,,0.04,,25.0,-22.86555484,-43.34336341
2014-02-11 06:30:00,UNIDADE MOVEL MADUREIRA,0.0,27.35,62.75,3.81,,0.27,,,0.0,,21.0,-22.86555484,-43.34336341
2014-02-11 07:30:00,UNIDADE MOVEL MADUREIRA,0.0,28.7,58.3,5.68,,0.2,,,2.92,,17.0,-22.86555484,-43.34336341
2014-02-11 08:30:00,UNIDADE MOVEL MADUREIRA,0.0,30.5,52.22,8.33,,0.15,,,20.99,,24.0,-22.86555484,-43.34336341
2014-02-11 09:30:00,UNIDADE MOVEL MADUREIRA,0.0,31.62,45.87,11.42,,0.11,,,68.28,,59.0,-22.86555484,-43.34336341
2014-02-11 10:30:00,UNIDADE MOVEL MADUREIRA,0.0,33.28,38.77,12.99,,0.13,,,92.83,,39.0,-22.86555484,-43.34336341
2014-02-11 11:30:00,UNIDADE MOVEL MADUREIRA,0.0,34.3,36.0,18.15,,0.1,,,107.91333333333334,,22.0,-22.86555484,-43.34336341
2014-02-11 12:30:00,UNIDADE MOVEL MADUREIRA,0.0,34.67,35.5,14.715,,0.04,,,122.99666666666667,,31.0,-22.86555484,-43.34336341
2014-02-11 13:30:00,UNIDADE MOVEL MADUREIRA,0.0,35.42,33.12,11.28,,0.04,,,138.08,,46.0,-22.86555484,-43.34336341
2014-02-11 14:30:00,UNIDADE MOVEL MADUREIRA,0.0,36.23,27.92,7.845000000000001,,0.33666666666666667,,,126.23,,34.0,-22.86555484,-43.34336341
2014-02-11 15:30:00,UNIDADE MOVEL MADUREIRA,0.0,36.87,21.93,4.41,,0.6333333333333334,,,71.11,,27.0,-22.86555484,-43.34336341
2014-02-11 16:30:00,UNIDADE MOVEL MADUREIRA,0.0,36.15,26.47,4.34,,0.93,,,77.96,,12.0,-22.86555484,-43.34336341
2014-02-11 17:30:00,UNIDADE MOVEL MADUREIRA,0.0,34.82,32.73,1.35,,1.18,,,66.02,,17.0,-22.86555484,-43.34336341
2014-02-11 18:30:00,UNIDADE MOVEL MADUREIRA,0.0,33.68,39.52,0.0,,0.16,,,40.37,,17.0,-22.86555484,-43.34336341
2014-02-11 19:30:00,UNIDADE MOVEL MADUREIRA,0.0,32.3,43.03,0.0,,0.26,,,11.32,,24.0,-22.86555484,-43.34336341
2014-02-11 20:30:00,UNIDADE MOVEL MADUREIRA,0.0,31.28,45.0,0.0,,0.21,,,7.35,,20.0,-22.86555484,-43.34336341
2014-02-11 21:30:00,UNIDADE MOVEL MADUREIRA,0.0,30.42,48.43,0.0,,0.16,,,5.69,,21.0,-22.86555484,-43.34336341
2014-02-11 22:30:00,UNIDADE MOVEL MADUREIRA,0.0,29.8,50.93,0.0,,0.15,,,5.28,,20.0,-22.86555484,-43.34336341
2014-02-11 23:30:00,UNIDADE MOVEL MADUREIRA,0.0,29.23,53.5,0.0,,0.11,,,3.81,,25.0,-22.86555484,-43.34336341
2014-02-12 00:30:00,UNIDADE MOVEL MADUREIRA,0.0,28.73,55.28,1.5,,0.15,,,9.8,,15.0,-22.86555484,-43.34336341
2014-02-12 01:30:00,UNIDADE MOVEL MADUREIRA,0.0,28.5,55.02,2.01,,0.09,,,8.72,,17.0,-22.86555484,-43.34336341
2014-02-12 02:30:00,UNIDADE MOVEL MADUREIRA,0.0,27.58,57.35,2.34,,0.08,,,4.67,,18.0,-22.86555484,-43.34336341
2014-02-12 03:30:00,UNIDADE MOVEL MADUREIRA,0.0,27.5,55.43,2.06,,0.08,,,7.18,,9.0,-22.86555484,-43.34336341
2014-02-12 04:30:00,UNIDADE MOVEL MADUREIRA,0.0,27.1,55.62,2.72,,0.18,,,0.85,,9.0,-22.86555484,-43.34336341
2014-02-12 05:30:00,UNIDADE MOVEL MADUREIRA,0.0,27.1,55.68,3.69,,0.24,,,0.0,,34.0,-22.86555484,-43.34336341
2014-02-12 06:30:00,UNIDADE MOVEL MADUREIRA,0.0,27.58,54.28,5.15,,0.42,,,0.08,,29.0,-22.86555484,-43.34336341
2014-02-12 07:30:00,UNIDADE MOVEL MADUREIRA,0.0,29.25,47.9,6.73,,0.38,,,6.23,,36.0,-22.86555484,-43.34336341
2014-02-12 08:30:00,UNIDADE MOVEL MADUREIRA,0.0,31.12,42.1,12.32,,0.23,,,34.44,,39.0,-22.86555484,-43.34336341
2014-02-12 09:30:00,UNIDADE MOVEL MADUREIRA,0.0,32.78,38.65,13.46,,0.17,,,66.57,,49.0,-22.86555484,-43.34336341
2014-02-12 10:30:00,UNIDADE MOVEL MADUREIRA,0.0,33.55,36.38,11.54,,0.1,,,101.63,,44.0,-22.86555484,-43.34336341
2014-02-12 11:30:00,UNIDADE MOVEL MADUREIRA,0.0,34.72,33.4,15.43,,0.12,,,136.6,,29.0,-22.86555484,-43.34336341
2014-02-12 12:30:00,UNIDADE MOVEL MADUREIRA,0.0,36.07,28.13,15.36,,0.09,,,121.24,,38.0,-22.86555484,-43.34336341
2014-02-12 13:30:00,UNIDADE MOVEL MADUREIRA,0.0,36.6,27.03,12.42,,0.05,,,127.0,,23.0,-22.86555484,-43.34336341
2014-02-12 14:30:00,UNIDADE MOVEL MADUREIRA,0.0,37.42,26.28,13.06,,0.06,,,114.76,,18.0,-22.86555484,-43.34336341
2014-02-12 15:30:00,UNIDADE MOVEL MADUREIRA,0.0,36.1,29.02,13.38,,0.1,,,80.5,,20.0,-22.86555484,-43.34336341
2014-02-12 16:30:00,UNIDADE MOVEL MADUREIRA,0.0,35.53,30.5,12.51,,0.07,,,65.43,,19.0,-22.86555484,-43.34336341
2014-02-12 17:30:00,UNIDADE MOVEL MADUREIRA,0.0,34.57,35.1,9.39,,0.07,,,55.92,,13.0,-22.86555484,-43.34336341
2014-02-12 18:30:00,UNIDADE MOVEL MADUREIRA,0.0,33.78,39.03,9.9,,0.17,,,31.66,,13.0,-22.86555484,-43.34336341
2014-02-12 19:30:00,UNIDADE MOVEL MADUREIRA,0.0,32.85,42.82,5.9,,0.39,,,9.84,,34.0,-22.86555484,-43.34336341
2014-02-12 20:30:00,UNIDADE MOVEL MADUREIRA,0.0,31.47,47.93,4.53,,0.3,,,7.39,,35.0,-22.86555484,-43.34336341
2014-02-12 21:30:00,UNIDADE MOVEL MADUREIRA,0.0,30.48,51.57,2.71,,0.25,,,6.43,,23.0,-22.86555484,-43.34336341
2014-02-12 22:30:00,UNIDADE MOVEL MADUREIRA,0.0,29.62,55.13,1.63,,0.18,,,5.63,,12.0,-22.86555484,-43.34336341
2014-02-12 23:30:00,UNIDADE MOVEL MADUREIRA,0.0,29.03,57.78,2.01,,0.14,,,2.56,,18.0,-22.86555484,-43.34336341
2014-02-13 00:30:00,UNIDADE MOVEL MADUREIRA,0.0,28.37,59.75,2.29,,0.13,,,1.86,,18.0,-22.86555484,-43.34336341
2014-02-13 01:30:00,UNIDADE MOVEL MADUREIRA,0.0,28.03,60.33,2.16,,0.13,,,2.27,,24.0,-22.86555484,-43.34336341
2014-02-13 02:30:00,UNIDADE MOVEL MADUREIRA,0.0,28.12,59.03,4.93,,0.1,,,1.37,,34.0,-22.86555484,-43.34336341
2014-02-13 03:30:00,UNIDADE MOVEL MADUREIRA,0.0,27.97,58.98,6.67,,0.08,,,0.0,,16.0,-22.86555484,-43.34336341
2014-02-13 04:30:00,UNIDADE MOVEL MADUREIRA,0.0,27.6,59.95,5.29,,0.11,,,0.0,,24.0,-22.86555484,-43.34336341
2014-02-13 05:30:00,UNIDADE MOVEL MADUREIRA,0.0,27.4,60.98,4.29,,0.19,,,0.0,,21.0,-22.86555484,-43.34336341
2014-02-13 06:30:00,UNIDADE MOVEL MADUREIRA,0.0,28.37,58.95,4.05,,0.41,,,0.02,,14.0,-22.86555484,-43.34336341
2014-02-13 07:30:00,UNIDADE MOVEL MADUREIRA,0.0,29.42,55.73,7.48,,0.53,,,2.08,,22.0,-22.86555484,-43.34336341
2014-02-13 08:30:00,UNIDADE MOVEL MADUREIRA,0.0,31.68,46.3,11.11,,1.03,,,,,31.0,-22.86555484,-43.34336341
2014-02-13 09:30:00,UNIDADE MOVEL MADUREIRA,0.0,33.63,37.47,9.31,,0.3,,,,,38.0,-22.86555484,-43.34336341
2014-02-13 10:30:00,UNIDADE MOVEL MADUREIRA,0.0,34.87,32.9,10.05,,0.04,,,,,30.0,-22.86555484,-43.34336341
2014-02-13 11:30:00,UNIDADE MOVEL MADUREIRA,0.0,36.0,32.67,16.58,,0.09,,,,,13.0,-22.86555484,-43.34336341
2014-02-13 12:30:00,UNIDADE MOVEL MADUREIRA,0.0,36.98,28.97,15.64,,0.24,,,,,29.0,-22.86555484,-43.34336341
2014-02-13 13:30:00,UNIDADE MOVEL MADUREIRA,0.0,37.98,25.27,16.16,,0.34,,,,,27.0,-22.86555484,-43.34336341
2014-02-13 14:30:00,UNIDADE MOVEL MADUREIRA,0.0,38.83,22.03,17.08,,0.41,,,,,22.0,-22.86555484,-43.34336341
2014-02-13 15:30:00,UNIDADE MOVEL MADUREIRA,0.0,38.62,21.2,18.23,,0.79,,,,,23.0,-22.86555484,-43.34336341
2014-02-13 16:30:00,UNIDADE MOVEL MADUREIRA,0.0,37.48,23.07,17.02,,1.66,,,,,23.0,-22.86555484,-43.34336341
2014-02-13 17:30:00,UNIDADE MOVEL MADUREIRA,0.0,35.55,31.82,11.57,,0.87,,,74.74,,42.0,-22.86555484,-43.34336341
2014-02-13 18:30:00,UNIDADE MOVEL MADUREIRA,0.0,34.58,35.77,8.08,,0.38,,,69.75,,20.0,-22.86555484,-43.34336341
2014-02-13 19:30:00,UNIDADE MOVEL MADUREIRA,0.0,34.0,38.23,9.81,,0.33,,,27.14,,24.0,-22.86555484,-43.34336341
2014-02-13 20:30:00,UNIDADE MOVEL MADUREIRA,0.0,33.42,40.77,9.2,,0.28,,,12.33,,52.0,-22.86555484,-43.34336341
2014-02-13 21:30:00,UNIDADE MOVEL MADUREIRA,0.0,32.58,44.67,3.69,,0.23,,,11.6,,63.0,-22.86555484,-43.34336341
2014-02-13 22:30:00,UNIDADE MOVEL MADUREIRA,0.0,31.68,47.77,2.63,,0.3,,,6.03,,34.0,-22.86555484,-43.34336341
2014-02-13 23:30:00,UNIDADE MOVEL MADUREIRA,0.0,30.78,51.22,1.72,,0.26,,,2.66,,21.0,-22.86555484,-43.34336341
2014-02-14 00:30:00,UNIDADE MOVEL MADUREIRA,0.0,30.18,51.17,2.86,,0.15,,,8.74,,23.0,-22.86555484,-43.34336341
2014-02-14 01:30:00,UNIDADE MOVEL MADUREIRA,0.0,30.13,51.03,2.51,,0.14,,,8.52,,15.0,-22.86555484,-43.34336341
2014-02-14 02:30:00,UNIDADE MOVEL MADUREIRA,0.0,29.73,53.27,2.66,,0.23,,,2.95,,14.0,-22.86555484,-43.34336341
2014-02-14 03:30:00,UNIDADE MOVEL MADUREIRA,0.0,28.78,57.0,3.67,,0.39,,,1.66,,24.0,-22.86555484,-43.34336341
2014-02-14 04:30:00,UNIDADE MOVEL MADUREIRA,0.0,28.93,57.3,2.78,,0.42,,,1.02,,40.0,-22.86555484,-43.34336341
2014-02-14 05:30:00,UNIDADE MOVEL MADUREIRA,0.0,28.0,63.38,2.82,,0.51,,,9.02,,52.0,-22.86555484,-43.34336341
2014-02-14 06:30:00,UNIDADE MOVEL MADUREIRA,0.0,28.65,62.37,3.02,,0.45,,,0.01,,49.0,-22.86555484,-43.34336341
2014-02-14 07:30:00,UNIDADE MOVEL MADUREIRA,0.0,29.85,57.4,5.17,,0.49,,,0.96,,33.0,-22.86555484,-43.34336341
2014-02-14 08:30:00,UNIDADE MOVEL MADUREIRA,0.0,32.35,47.15,10.63,,0.48,,,10.34,,31.0,-22.86555484,-43.34336341
2014-02-14 09:30:00,UNIDADE MOVEL MADUREIRA,0.0,33.05,42.72,16.31,,0.29,,,40.45,,56.0,-22.86555484,-43.34336341
2014-02-14 10:30:00,UNIDADE MOVEL MADUREIRA,0.0,34.75,36.82,11.97,,0.2,,,77.59,,43.0,-22.86555484,-43.34336341
2014-02-14 11:30:00,UNIDADE MOVEL MADUREIRA,0.0,36.03,31.28,8.79,,0.09,,,99.7,,31.0,-22.86555484,-43.34336341
2014-02-14 12:30:00,UNIDADE MOVEL MADUREIRA,0.0,33.0,48.68,10.93,,0.19,,,104.3,,19.0,-22.86555484,-43.34336341
2014-02-14 13:30:00,UNIDADE MOVEL MADUREIRA,0.0,32.02,50.78,9.06,,0.19,,,97.16,,30.0,-22.86555484,-43.34336341
2014-02-14 14:30:00,UNIDADE MOVEL MADUREIRA,0.0,31.52,52.45,6.37,,0.12,,,81.8,,31.0,-22.86555484,-43.34336341
2014-02-14 15:30:00,UNIDADE MOVEL MADUREIRA,0.0,30.97,56.1,5.27,,0.11,,,72.33,,18.0,-22.86555484,-43.34336341
2014-02-14 16:30:00,UNIDADE MOVEL MADUREIRA,0.0,29.83,62.0,4.24,,0.12,,,65.43,,19.0,-22.86555484,-43.34336341
2014-02-14 17:30:00,UNIDADE MOVEL MADUREIRA,0.0,28.78,68.88,3.52,,0.15,,,64.51,,17.0,-22.86555484,-43.34336341
2014-02-14 18:30:00,UNIDADE MOVEL MADUREIRA,0.0,27.7,74.2,2.19,,0.13,,,55.58,,13.0,-22.86555484,-43.34336341
2014-02-14 19:30:00,UNIDADE MOVEL MADUREIRA,0.0,27.47,75.97,0.47,,0.16,,,47.9,,7.0,-22.86555484,-43.34336341
2014-02-14 20:30:00,UNIDADE MOVEL MADUREIRA,0.0,27.32,77.47,0.07,,0.14,,,45.74,,11.5,-22.86555484,-43.34336341
2014-02-14 21:30:00,UNIDADE MOVEL MADUREIRA,0.0,27.4,75.48,0.04,,0.16,,,50.43,,16.0,-22.86555484,-43.34336341
2014-02-14 22:30:00,UNIDADE MOVEL MADUREIRA,0.0,27.18,75.17,0.0,,0.13,,,61.92,,22.0,-22.86555484,-43.34336341
2014-02-14 23:30:00,UNIDADE MOVEL MADUREIRA,0.0,27.25,74.87,0.0,,0.12,,,62.62,,23.0,-22.86555484,-43.34336341
2014-02-15 00:30:00,UNIDADE MOVEL MADUREIRA,0.0,26.72,70.6,0.0,,0.1,,,65.95,,21.0,-22.86555484,-43.34336341
2014-02-15 01:30:00,UNIDADE MOVEL MADUREIRA,0.0,25.63,70.73,0.08,,0.08,,,75.31,,14.0,-22.86555484,-43.34336341
2014-02-15 02:30:00,UNIDADE MOVEL MADUREIRA,0.0,25.92,68.45,0.13,,0.07,,,81.67,,12.0,-22.86555484,-43.34336341
2014-02-15 03:30:00,UNIDADE MOVEL MADUREIRA,0.0,25.32,71.8,0.29,,0.07,,,69.62,,12.0,-22.86555484,-43.34336341
2014-02-15 04:30:00,UNIDADE MOVEL MADUREIRA,0.0,25.42,69.95,1.24,,0.17,,,60.02,,11.0,-22.86555484,-43.34336341
2014-02-15 05:30:00,UNIDADE MOVEL MADUREIRA,0.0,25.58,69.55,9.67,,0.27,,,51.28,,9.0,-22.86555484,-43.34336341
2014-02-15 06:30:00,UNIDADE MOVEL MADUREIRA,0.0,26.05,67.87,9.92,,0.23,,,46.43,,9.0,-22.86555484,-43.34336341
2014-02-15 07:30:00,UNIDADE MOVEL MADUREIRA,0.0,26.63,65.8,4.48,,0.16,,,46.73,,11.0,-22.86555484,-43.34336341
2014-02-15 08:30:00,UNIDADE MOVEL MADUREIRA,0.0,27.35,62.63,3.08,,0.22,,,42.34,,13.0,-22.86555484,-43.34336341
2014-02-15 09:30:00,UNIDADE MOVEL MADUREIRA,0.0,28.2,59.73,3.36,,0.27,,,45.87,,13.0,-22.86555484,-43.34336341
2014-02-15 10:30:00,UNIDADE MOVEL MADUREIRA,0.0,29.42,53.68,3.17,,0.12,,,78.09,,27.0,-22.86555484,-43.34336341
2014-02-15 11:30:00,UNIDADE MOVEL MADUREIRA,0.0,29.6,56.77,2.96,,0.11,,,89.09,,14.0,-22.86555484,-43.34336341
2014-02-15 12:30:00,UNIDADE MOVEL MADUREIRA,0.0,29.45,60.45,3.35,,0.1,,,79.62,,37.0,-22.86555484,-43.34336341
2014-02-15 13:30:00,UNIDADE MOVEL MADUREIRA,0.0,29.1,62.4,2.75,,0.08,,,69.52,,29.0,-22.86555484,-43.34336341
2014-02-15 14:30:00,UNIDADE MOVEL MADUREIRA,0.0,29.52,61.68,2.24,,0.08,,,67.48,,10.0,-22.86555484,-43.34336341
2014-02-15 15:30:00,UNIDADE MOVEL MADUREIRA,0.0,29.97,59.08,2.6,,0.09,,,68.55,,9.0,-22.86555484,-43.34336341
2014-02-15 16:30:00,UNIDADE MOVEL MADUREIRA,0.0,29.95,59.27,1.88,,0.09,,,62.87,,7.0,-22.86555484,-43.34336341
2014-02-15 17:30:00,UNIDADE MOVEL MADUREIRA,0.0,28.43,64.02,1.81,,0.1,,,54.99,,9.0,-22.86555484,-43.34336341
2014-02-15 18:30:00,UNIDADE MOVEL MADUREIRA,0.0,27.78,65.8,0.78,,0.27,,,53.49,,8.0,-22.86555484,-43.34336341
2014-02-15 19:30:00,UNIDADE MOVEL MADUREIRA,0.0,27.72,65.87,4.3,,0.24,,,49.42,,8.0,-22.86555484,-43.34336341
2014-02-15 20:30:00,UNIDADE MOVEL MADUREIRA,0.0,27.23,66.7,12.9,,0.29,,,42.7,,28.0,-22.86555484,-43.34336341
2014-02-15 21:30:00,UNIDADE MOVEL MADUREIRA,0.0,27.15,68.4,7.65,,0.34,,,43.24,,29.0,-22.86555484,-43.34336341
2014-02-15 22:30:00,UNIDADE MOVEL MADUREIRA,0.0,27.22,67.92,8.77,,0.32,,,39.17,,36.0,-22.86555484,-43.34336341
2014-02-15 23:30:00,UNIDADE MOVEL MADUREIRA,0.0,27.32,68.5,6.33,,0.235,,,42.37,,29.0,-22.86555484,-43.34336341
2014-02-16 00:30:00,UNIDADE MOVEL MADUREIRA,0.0,26.37,79.35,3.89,,0.15,,,34.48,,34.0,-22.86555484,-43.34336341
2014-02-16 01:30:00,UNIDADE MOVEL MADUREIRA,0.0,26.13,79.32,1.67,,0.12,,,28.52,,12.0,-22.86555484,-43.34336341
2014-02-16 02:30:00,UNIDADE MOVEL MADUREIRA,0.0,26.1,78.52,0.98,,0.11,,,35.02,,18.0,-22.86555484,-43.34336341
2014-02-16 03:30:00,UNIDADE MOVEL MADUREIRA,0.0,26.05,79.67,0.93,,0.13,,,35.66,,15.0,-22.86555484,-43.34336341
2014-02-16 04:30:00,UNIDADE MOVEL MADUREIRA,0.0,26.22,77.82,0.58,,0.13,,,36.04,,19.0,-22.86555484,-43.34336341
2014-02-16 05:30:00,UNIDADE MOVEL MADUREIRA,0.0,26.2,77.83,0.71,,0.14,,,34.95,,23.0,-22.86555484,-43.34336341
2014-02-16 06:30:00,UNIDADE MOVEL MADUREIRA,0.0,26.18,78.25,0.64,,0.14,,,28.23,,23.0,-22.86555484,-43.34336341
2014-02-16 07:30:00,UNIDADE MOVEL MADUREIRA,0.0,26.32,77.5,0.39,,0.13,,,32.55,,18.0,-22.86555484,-43.34336341
2014-02-16 08:30:00,UNIDADE MOVEL MADUREIRA,0.0,26.65,76.43,0.78,,0.23,,,30.05,,19.0,-22.86555484,-43.34336341
2014-02-16 09:30:00,UNIDADE MOVEL MADUREIRA,0.0,26.4,78.8,0.8,,0.36,,,26.67,,34.0,-22.86555484,-43.34336341
2014-02-16 10:30:00,UNIDADE MOVEL MADUREIRA,0.0,27.33,73.42,0.44,,0.38,,,44.27,,44.0,-22.86555484,-43.34336341
2014-02-16 11:30:00,UNIDADE MOVEL MADUREIRA,0.0,29.25,65.03,0.83,,0.25,,,81.52,,49.0,-22.86555484,-43.34336341
2014-02-16 12:30:00,UNIDADE MOVEL MADUREIRA,0.0,27.88,71.42,0.89,,0.11,,,59.33,,53.0,-22.86555484,-43.34336341
2014-02-16 13:30:00,UNIDADE MOVEL MADUREIRA,0.0,27.7,71.27,0.36,,0.11,,,63.13,,18.0,-22.86555484,-43.34336341
2014-02-16 14:30:00,UNIDADE MOVEL MADUREIRA,0.0,27.95,69.77,0.59,,0.1,,,68.26,,19.0,-22.86555484,-43.34336341
2014-02-16 15:30:00,UNIDADE MOVEL MADUREIRA,0.0,27.55,69.25,0.75,,0.07,,,66.5,,12.0,-22.86555484,-43.34336341
2014-02-16 16:30:00,UNIDADE MOVEL MADUREIRA,3.0,25.7,78.45,0.14,,0.09,,,59.91,,18.0,-22.86555484,-43.34336341
2014-02-16 17:30:00,UNIDADE MOVEL MADUREIRA,4.0,24.18,91.37,0.0,,0.12,,,45.49,,19.0,-22.86555484,-43.34336341
2014-02-16 18:30:00,UNIDADE MOVEL MADUREIRA,0.0,24.63,89.23,0.14,,0.16,,,26.12,,20.0,-22.86555484,-43.34336341
2014-02-16 19:30:00,UNIDADE MOVEL MADUREIRA,1.0,24.1,88.15,0.21,,0.11,,,45.72,,14.0,-22.86555484,-43.34336341
2014-02-16 20:30:00,UNIDADE MOVEL MADUREIRA,5.0,23.22,90.67,0.17,,0.1,,,50.7,,16.0,-22.86555484,-43.34336341
2014-02-16 21:30:00,UNIDADE MOVEL MADUREIRA,17.0,22.35,93.88,0.07,,0.09,,,41.33,,17.0,-22.86555484,-43.34336341
2014-02-16 22:30:00,UNIDADE MOVEL MADUREIRA,2.0,22.0,93.1,0.21,,0.12,,,39.75,,23.0,-22.86555484,-43.34336341
2014-02-16 23:30:00,UNIDADE MOVEL MADUREIRA,0.0,22.17,93.82,0.1,,0.18,,,27.04,,13.0,-22.86555484,-43.34336341
2014-02-17 00:30:00,UNIDADE MOVEL MADUREIRA,0.0,22.42,93.47,0.17,,0.23,,,12.95,,13.0,-22.86555484,-43.34336341
2014-02-17 01:30:00,UNIDADE MOVEL MADUREIRA,0.0,22.75,90.7,0.1,,0.22,,,16.25,,13.0,-22.86555484,-43.34336341
2014-02-17 02:30:00,UNIDADE MOVEL MADUREIRA,0.0,23.25,88.12,0.1,,0.29,,,6.94,,16.0,-22.86555484,-43.34336341
2014-02-17 03:30:00,UNIDADE MOVEL MADUREIRA,0.0,22.77,87.62,0.0,,0.18,,,10.14,,16.0,-22.86555484,-43.34336341
2014-02-17 04:30:00,UNIDADE MOVEL MADUREIRA,0.0,22.8,84.45,0.1,,0.17,,,13.13,,7.0,-22.86555484,-43.34336341
2014-02-17 05:30:00,UNIDADE MOVEL MADUREIRA,0.0,23.03,84.03,0.11,,0.22,,,9.71,,10.0,-22.86555484,-43.34336341
2014-02-17 06:30:00,UNIDADE MOVEL MADUREIRA,0.0,23.03,86.93,0.34,,0.38,,,6.49,,18.0,-22.86555484,-43.34336341
2014-02-17 07:30:00,UNIDADE MOVEL MADUREIRA,0.0,23.83,82.0,0.6,,0.36,,,4.88,,16.0,-22.86555484,-43.34336341
2014-02-17 08:30:00,UNIDADE MOVEL MADUREIRA,0.0,24.85,79.38,0.51,,0.57,,,8.3,,16.0,-22.86555484,-43.34336341
2014-02-17 09:30:00,UNIDADE MOVEL MADUREIRA,0.0,26.5,74.6,1.13,,0.55,,,36.09,,29.0,-22.86555484,-43.34336341
2014-02-17 10:30:00,UNIDADE MOVEL MADUREIRA,0.0,27.17,70.37,0.87,,0.3,,,24.57,,37.0,-22.86555484,-43.34336341
2014-02-17 11:30:00,UNIDADE MOVEL MADUREIRA,0.0,28.13,64.33,0.95,,0.15,,,34.85,,24.0,-22.86555484,-43.34336341
2014-02-17 12:30:00,UNIDADE MOVEL MADUREIRA,0.0,28.38,65.68,1.32,,0.19,,,37.95,,35.0,-22.86555484,-43.34336341
2014-02-17 13:30:00,UNIDADE MOVEL MADUREIRA,0.0,28.78,61.98,2.02,,0.13,,,62.71,,45.0,-22.86555484,-43.34336341
2014-02-17 14:30:00,UNIDADE MOVEL MADUREIRA,0.0,27.93,64.58,2.15,,0.11,,,54.15,,27.0,-22.86555484,-43.34336341
2014-02-17 15:30:00,UNIDADE MOVEL MADUREIRA,0.0,28.45,64.65,1.93,,0.11,,,55.64,,2.0,-22.86555484,-43.34336341
2014-02-17 16:30:00,UNIDADE MOVEL MADUREIRA,0.0,28.08,65.98,2.83,,0.1,,,37.61,,22.0,-22.86555484,-43.34336341
2014-02-17 17:30:00,UNIDADE MOVEL MADUREIRA,0.0,27.52,65.27,1.74,,0.1,,,25.72,,4.0,-22.86555484,-43.34336341
2014-02-17 18:30:00,UNIDADE MOVEL MADUREIRA,0.0,26.58,68.28,0.84,,0.16,,,14.62,,1.0,-22.86555484,-43.34336341
2014-02-17 19:30:00,UNIDADE MOVEL MADUREIRA,0.0,26.12,72.07,0.36,,0.16,,,21.05,,3.0,-22.86555484,-43.34336341
2014-02-17 20:30:00,UNIDADE MOVEL MADUREIRA,0.0,25.85,75.32,0.35,,0.16,,,13.03,,9.0,-22.86555484,-43.34336341
2014-02-17 21:30:00,UNIDADE MOVEL MADUREIRA,0.0,25.62,76.92,0.67,,0.19,,,1.36,,7.0,-22.86555484,-43.34336341
2014-02-17 22:30:00,UNIDADE MOVEL MADUREIRA,0.0,25.18,78.5,0.48,,0.25,,,0.46,,7.0,-22.86555484,-43.34336341
2014-02-17 23:30:00,UNIDADE MOVEL MADUREIRA,0.0,24.07,87.72,0.28,,0.20750000000000002,,,0.2,,5.0,-22.86555484,-43.34336341
2014-02-18 00:30:00,UNIDADE MOVEL MADUREIRA,0.0,23.7,91.05,0.66,,0.165,,,0.25,,6.0,-22.86555484,-43.34336341
2014-02-18 01:30:00,UNIDADE MOVEL MADUREIRA,0.0,23.63,90.98,0.02,,0.12250000000000003,,,0.25,,18.0,-22.86555484,-43.34336341
2014-02-18 02:30:00,UNIDADE MOVEL MADUREIRA,0.0,23.47,88.82,0.14,,0.08,,,4.58,,9.0,-22.86555484,-43.34336341
2014-02-18 03:30:00,UNIDADE MOVEL MADUREIRA,0.0,23.52,86.33,0.08,,0.04,,,7.8,,7.0,-22.86555484,-43.34336341
2014-02-18 04:30:00,UNIDADE MOVEL MADUREIRA,0.0,23.5,88.93,0.0,,0.06,,,3.9,,5.0,-22.86555484,-43.34336341
2014-02-18 05:30:00,UNIDADE MOVEL MADUREIRA,0.0,23.32,90.6,0.16,,0.08,,,1.41,,4.0,-22.86555484,-43.34336341
2014-02-18 06:30:00,UNIDADE MOVEL MADUREIRA,0.0,23.57,88.53,0.21,,0.11,,,1.3,,5.0,-22.86555484,-43.34336341
2014-02-18 07:30:00,UNIDADE MOVEL MADUREIRA,0.0,24.43,82.75,0.26,,0.14,,,6.84,,7.0,-22.86555484,-43.34336341
2014-02-18 08:30:00,UNIDADE MOVEL MADUREIRA,0.0,25.48,78.1,0.85,,0.16,,,13.49,,6.0,-22.86555484,-43.34336341
2014-02-18 09:30:00,UNIDADE MOVEL MADUREIRA,0.0,24.8,79.67,0.41,,0.08,,,20.05,,18.0,-22.86555484,-43.34336341
2014-02-18 10:30:00,UNIDADE MOVEL MADUREIRA,0.0,27.97,64.95,0.74,,0.14,,,38.45,,1.0,-22.86555484,-43.34336341
2014-02-18 11:30:00,UNIDADE MOVEL MADUREIRA,0.0,29.0,56.22,2.14,,0.09,,,15.78,,26.0,-22.86555484,-43.34336341
2014-02-18 12:30:00,UNIDADE MOVEL MADUREIRA,0.0,29.13,52.53,2.28,,0.04,,,26.49,,17.5,-22.86555484,-43.34336341
2014-02-18 13:30:00,UNIDADE MOVEL MADUREIRA,0.0,29.68,48.48,2.34,,0.05,,,28.77,,9.0,-22.86555484,-43.34336341
2014-02-18 14:30:00,UNIDADE MOVEL MADUREIRA,0.0,29.0,50.88,2.25,,0.07,,,26.32,,9.0,-22.86555484,-43.34336341
2014-02-18 15:30:00,UNIDADE MOVEL MADUREIRA,0.0,28.87,51.07,1.81,,0.08,,,24.55,,7.0,-22.86555484,-43.34336341
2014-02-18 16:30:00,UNIDADE MOVEL MADUREIRA,0.0,28.55,54.03,1.66,,0.04,,,23.52,,2.0,-22.86555484,-43.34336341
2014-02-18 17:30:00,UNIDADE MOVEL MADUREIRA,0.0,27.97,57.15,2.04,,0.05,,,17.95,,1.0,-22.86555484,-43.34336341
2014-02-18 18:30:00,UNIDADE MOVEL MADUREIRA,0.0,26.08,72.33,1.61,,0.11,,,14.23,,1.0,-22.86555484,-43.34336341
2014-02-18 19:30:00,UNIDADE MOVEL MADUREIRA,0.0,25.78,69.35,0.95,,0.15,,,6.31,,0.0,-22.86555484,-43.34336341
2014-02-18 20:30:00,UNIDADE MOVEL MADUREIRA,0.0,25.15,70.38,1.26,,0.11,,,5.16,,0.0,-22.86555484,-43.34336341
2014-02-18 21:30:00,UNIDADE MOVEL MADUREIRA,0.0,24.75,73.4,0.92,,0.09,,,7.21,,0.0,-22.86555484,-43.34336341
2014-02-18 22:30:00,UNIDADE MOVEL MADUREIRA,0.0,24.82,74.4,1.33,,0.12,,,3.35,,2.0,-22.86555484,-43.34336341
2014-02-18 23:30:00,UNIDADE MOVEL MADUREIRA,0.0,25.13,72.48,1.11,,0.09,,,3.49,,8.0,-22.86555484,-43.34336341
2014-02-19 00:30:00,UNIDADE MOVEL MADUREIRA,0.0,24.87,75.02,1.27,,0.06,,,4.17,,8.0,-22.86555484,-43.34336341
2014-02-19 01:30:00,UNIDADE MOVEL MADUREIRA,0.0,24.55,75.47,2.24,,0.04,,,9.47,,8.0,-22.86555484,-43.34336341
2014-02-19 02:30:00,UNIDADE MOVEL MADUREIRA,0.0,24.08,76.43,4.2,,0.04,,,11.85,,5.0,-22.86555484,-43.34336341
2014-02-19 03:30:00,UNIDADE MOVEL MADUREIRA,0.0,22.88,89.38,2.96,,0.04,,,7.0,,1.0,-22.86555484,-43.34336341
2014-02-19 04:30:00,UNIDADE MOVEL MADUREIRA,0.0,22.7,88.13,1.71,,0.11,,,7.59,,7.0,-22.86555484,-43.34336341
2014-02-19 05:30:00,UNIDADE MOVEL MADUREIRA,0.0,22.57,90.45,1.36,,0.1,,,10.1,,6.0,-22.86555484,-43.34336341
2014-02-19 06:30:00,UNIDADE MOVEL MADUREIRA,4.0,22.63,90.6,1.9,,0.15,,,4.4,,3.0,-22.86555484,-43.34336341
2014-02-19 07:30:00,UNIDADE MOVEL MADUREIRA,4.0,21.97,93.05,1.93,,0.17,,,5.02,,4.0,-22.86555484,-43.34336341
2014-02-19 08:30:00,UNIDADE MOVEL MADUREIRA,0.0,22.43,92.45,1.76,,0.19,,,7.84,,3.0,-22.86555484,-43.34336341
2014-02-19 09:30:00,UNIDADE MOVEL MADUREIRA,0.0,24.05,82.05,1.18,,0.17,,,14.35,,6.0,-22.86555484,-43.34336341
2014-02-19 10:30:00,UNIDADE MOVEL MADUREIRA,0.0,25.57,72.0,1.81,,0.12,,,15.33,,11.0,-22.86555484,-43.34336341
2014-02-19 11:30:00,UNIDADE MOVEL MADUREIRA,0.0,26.18,67.17,2.26,,0.16,,,19.56,,11.0,-22.86555484,-43.34336341
2014-02-19 12:30:00,UNIDADE MOVEL MADUREIRA,0.0,27.32,64.2,3.19,,0.1,,,27.92,,8.0,-22.86555484,-43.34336341
2014-02-19 13:30:00,UNIDADE MOVEL MADUREIRA,0.0,28.08,59.03,3.49,,0.07,,,32.36,,8.0,-22.86555484,-43.34336341
2014-02-19 14:30:00,UNIDADE MOVEL MADUREIRA,0.0,28.95,54.65,4.04,,0.06,,,38.45,,21.0,-22.86555484,-43.34336341
2014-02-19 15:30:00,UNIDADE MOVEL MADUREIRA,0.0,29.37,49.82,4.22,,0.07,,,31.78,,19.0,-22.86555484,-43.34336341
2014-02-19 16:30:00,UNIDADE MOVEL MADUREIRA,0.0,28.62,51.67,3.23,,0.09,,,23.52,,16.0,-22.86555484,-43.34336341
2014-02-19 17:30:00,UNIDADE MOVEL MADUREIRA,0.0,28.28,49.78,2.9,,0.06,,,23.73,,12.333333333333334,-22.86555484,-43.34336341
2014-02-19 18:30:00,UNIDADE MOVEL MADUREIRA,0.0,26.27,67.05,2.51,,0.15,,,16.55,,8.666666666666668,-22.86555484,-43.34336341
2014-02-19 19:30:00,UNIDADE MOVEL MADUREIRA,0.0,25.08,75.8,1.68,,0.17,,,15.65,,5.0,-22.86555484,-43.34336341
2014-02-19 20:30:00,UNIDADE MOVEL MADUREIRA,0.0,24.88,77.38,1.52,,0.19,,,6.72,,8.0,-22.86555484,-43.34336341
2014-02-19 21:30:00,UNIDADE MOVEL MADUREIRA,0.0,24.63,78.15,1.37,,0.17,,,4.99,,10.0,-22.86555484,-43.34336341
2014-02-19 22:30:00,UNIDADE MOVEL MADUREIRA,0.0,25.17,68.85,1.66,,0.13,,,2.17,,12.0,-22.86555484,-43.34336341
2014-02-19 23:30:00,UNIDADE MOVEL MADUREIRA,0.0,24.83,71.05,2.0,,0.13,,,0.47,,11.0,-22.86555484,-43.34336341
2014-02-20 00:30:00,UNIDADE MOVEL MADUREIRA,0.0,24.58,72.07,2.9,,0.1,,,0.0,,10.0,-22.86555484,-43.34336341
2014-02-20 01:30:00,UNIDADE MOVEL MADUREIRA,0.0,24.23,74.62,2.85,,0.13,,,0.0,,11.0,-22.86555484,-43.34336341
2014-02-20 02:30:00,UNIDADE MOVEL MADUREIRA,0.0,23.52,77.87,2.6,,0.17,,,0.0,,13.0,-22.86555484,-43.34336341
2014-02-20 03:30:00,UNIDADE MOVEL MADUREIRA,0.0,23.57,77.15,1.66,,0.12,,,0.0,,10.0,-22.86555484,-43.34336341
2014-02-20 04:30:00,UNIDADE MOVEL MADUREIRA,0.0,23.33,79.12,1.63,,0.13,,,0.0,,10.0,-22.86555484,-43.34336341
2014-02-20 05:30:00,UNIDADE MOVEL MADUREIRA,0.0,22.95,81.27,1.71,,0.14,,,0.0,,9.0,-22.86555484,-43.34336341
2014-02-20 06:30:00,UNIDADE MOVEL MADUREIRA,0.0,23.57,79.2,2.06,,0.27,,,0.1,,8.0,-22.86555484,-43.34336341
2014-02-20 07:30:00,UNIDADE MOVEL MADUREIRA,0.0,25.15,71.7,2.19,,0.27,,,5.63,,12.0,-22.86555484,-43.34336341
2014-02-20 08:30:00,UNIDADE MOVEL MADUREIRA,0.0,26.75,64.78,3.46,,0.23,,,12.04,,14.0,-22.86555484,-43.34336341
2014-02-20 09:30:00,UNIDADE MOVEL MADUREIRA,0.0,28.33,56.58,8.78,,0.14,,,26.43,,25.0,-22.86555484,-43.34336341
2014-02-20 10:30:00,UNIDADE MOVEL MADUREIRA,0.0,29.9,51.65,7.75,,0.16,,,41.9,,36.0,-22.86555484,-43.34336341
2014-02-20 11:30:00,UNIDADE MOVEL MADUREIRA,0.0,30.28,52.42,8.59,,0.22,,,49.58,,31.0,-22.86555484,-43.34336341
2014-02-20 12:30:00,UNIDADE MOVEL MADUREIRA,0.0,30.43,50.57,7.61,,0.12,,,57.99,,21.0,-22.86555484,-43.34336341
2014-02-20 13:30:00,UNIDADE MOVEL MADUREIRA,0.0,31.35,46.2,7.03,,0.09,,,70.07,,16.0,-22.86555484,-43.34336341
2014-02-20 14:30:00,UNIDADE MOVEL MADUREIRA,0.0,30.8,48.45,6.87,,0.08,,,65.35,,5.0,-22.86555484,-43.34336341
2014-02-20 15:30:00,UNIDADE MOVEL MADUREIRA,0.0,30.93,46.97,6.23,,0.07,,,46.86,,9.0,-22.86555484,-43.34336341
2014-02-20 16:30:00,UNIDADE MOVEL MADUREIRA,0.0,31.07,45.12,6.74,,0.08,,,44.33,,11.0,-22.86555484,-43.34336341
2014-02-20 17:30:00,UNIDADE MOVEL MADUREIRA,0.0,29.85,47.57,5.7,,0.11,,,32.81,,6.0,-22.86555484,-43.34336341
2014-02-20 18:30:00,UNIDADE MOVEL MADUREIRA,0.0,28.95,50.03,4.01,,0.2,,,14.85,,6.0,-22.86555484,-43.34336341
2014-02-20 19:30:00,UNIDADE MOVEL MADUREIRA,0.0,28.43,53.6,3.86,,0.2,,,6.97,,9.333333333333332,-22.86555484,-43.34336341
2014-02-20 20:30:00,UNIDADE MOVEL MADUREIRA,0.0,27.67,58.75,3.9,,0.11,,,5.8,,12.666666666666666,-22.86555484,-43.34336341
2014-02-20 21:30:00,UNIDADE MOVEL MADUREIRA,0.0,27.08,61.15,4.45,,0.1,,,3.57,,16.0,-22.86555484,-43.34336341
2014-02-20 22:30:00,UNIDADE MOVEL MADUREIRA,0.0,26.53,64.3,3.86,,0.17,,,0.28,,17.0,-22.86555484,-43.34336341
2014-02-20 23:30:00,UNIDADE MOVEL MADUREIRA,0.0,26.2,65.25,3.53,,0.17,,,0.55,,9.0,-22.86555484,-43.34336341
2014-02-21 00:30:00,UNIDADE MOVEL MADUREIRA,0.0,25.78,66.8,2.51,,0.13,,,0.0,,11.0,-22.86555484,-43.34336341
2014-02-21 01:30:00,UNIDADE MOVEL MADUREIRA,0.0,25.33,68.72,2.77,,0.13,,,0.0,,12.0,-22.86555484,-43.34336341
2014-02-21 02:30:00,UNIDADE MOVEL MADUREIRA,0.0,25.02,70.87,2.55,,0.13,,,0.04,,12.0,-22.86555484,-43.34336341
2014-02-21 03:30:00,UNIDADE MOVEL MADUREIRA,0.0,24.78,73.25,1.48,,0.12,,,0.21,,10.0,-22.86555484,-43.34336341
2014-02-21 04:30:00,UNIDADE MOVEL MADUREIRA,0.0,24.42,75.63,1.24,,0.17,,,0.04,,21.0,-22.86555484,-43.34336341
2014-02-21 05:30:00,UNIDADE MOVEL MADUREIRA,0.0,24.43,75.77,1.18,,0.23,,,0.01,,18.0,-22.86555484,-43.34336341
2014-02-21 06:30:00,UNIDADE MOVEL MADUREIRA,0.0,24.68,75.83,1.5,,0.69,,,0.0,,11.0,-22.86555484,-43.34336341
2014-02-21 07:30:00,UNIDADE MOVEL MADUREIRA,0.0,26.22,73.78,1.19,,0.51,,,3.29,,12.0,-22.86555484,-43.34336341
2014-02-21 08:30:00,UNIDADE MOVEL MADUREIRA,0.0,27.47,67.62,3.43,,0.59,,,21.37,,48.0,-22.86555484,-43.34336341
2014-02-21 09:30:00,UNIDADE MOVEL MADUREIRA,0.0,29.98,55.55,7.58,,0.4,,,64.2,,94.0,-22.86555484,-43.34336341
2014-02-21 10:30:00,UNIDADE MOVEL MADUREIRA,0.0,32.08,46.32,8.03,,0.18,,,69.31,,71.0,-22.86555484,-43.34336341
2014-02-21 11:30:00,UNIDADE MOVEL MADUREIRA,0.0,33.58,41.87,8.57,,0.12,,,98.63,,31.0,-22.86555484,-43.34336341
2014-02-21 12:30:00,UNIDADE MOVEL MADUREIRA,0.0,34.83,39.07,21.55,,0.14,,,143.83,,23.0,-22.86555484,-43.34336341
2014-02-21 13:30:00,UNIDADE MOVEL MADUREIRA,0.0,35.18,35.5,18.0,,0.09,,,137.37,,30.0,-22.86555484,-43.34336341
2014-02-21 14:30:00,UNIDADE MOVEL MADUREIRA,0.0,35.88,30.78,7.73,,0.06,,,114.63,,24.0,-22.86555484,-43.34336341
2014-02-21 15:30:00,UNIDADE MOVEL MADUREIRA,0.0,35.23,33.37,7.04,,0.09,,,111.16,,10.0,-22.86555484,-43.34336341
2014-02-21 16:30:00,UNIDADE MOVEL MADUREIRA,0.0,34.62,34.15,7.01,,0.07,,,79.8,,10.0,-22.86555484,-43.34336341
2014-02-21 17:30:00,UNIDADE MOVEL MADUREIRA,0.0,33.12,39.67,4.43,,0.07,,,69.95,,9.0,-22.86555484,-43.34336341
2014-02-21 18:30:00,UNIDADE MOVEL MADUREIRA,0.0,32.03,42.15,3.02,,0.15,,,50.48,,4.0,-22.86555484,-43.34336341
2014-02-21 19:30:00,UNIDADE MOVEL MADUREIRA,0.0,31.3,47.05,3.49,,0.35,,,19.98,,3.0,-22.86555484,-43.34336341
2014-02-21 20:30:00,UNIDADE MOVEL MADUREIRA,0.0,30.52,52.0,2.87,,0.32,,,12.75,,6.0,-22.86555484,-43.34336341
2014-02-21 21:30:00,UNIDADE MOVEL MADUREIRA,0.0,29.87,55.68,3.13,,0.33,,,1.9,,10.0,-22.86555484,-43.34336341
2014-02-21 22:30:00,UNIDADE MOVEL MADUREIRA,0.0,29.18,59.82,2.48,,0.37,,,1.41,,18.0,-22.86555484,-43.34336341
2014-02-21 23:30:00,UNIDADE MOVEL MADUREIRA,0.0,28.97,61.12,0.61,,0.26,,,1.1,,19.0,-22.86555484,-43.34336341
2014-02-22 00:30:00,UNIDADE MOVEL MADUREIRA,0.0,28.6,62.65,0.46,,0.3,,,1.18,,3.0,-22.86555484,-43.34336341
2014-02-22 01:30:00,UNIDADE MOVEL MADUREIRA,0.0,28.43,63.15,0.53,,0.39,,,0.2,,20.0,-22.86555484,-43.34336341
2014-02-22 02:30:00,UNIDADE MOVEL MADUREIRA,0.0,27.62,64.37,0.07,,0.24,,,0.04,,13.0,-22.86555484,-43.34336341
2014-02-22 03:30:00,UNIDADE MOVEL MADUREIRA,0.0,27.22,65.48,0.0,,0.2,,,0.5,,17.0,-22.86555484,-43.34336341
2014-02-22 04:30:00,UNIDADE MOVEL MADUREIRA,0.0,27.03,66.72,0.11,,0.22,,,0.04,,15.0,-22.86555484,-43.34336341
2014-02-22 05:30:00,UNIDADE MOVEL MADUREIRA,0.0,26.88,66.35,0.3,,0.26,,,0.0,,26.0,-22.86555484,-43.34336341
2014-02-22 06:30:00,UNIDADE MOVEL MADUREIRA,0.0,27.45,63.88,0.51,,0.34,,,0.36,,18.0,-22.86555484,-43.34336341
2014-02-22 07:30:00,UNIDADE MOVEL MADUREIRA,0.0,30.1,54.12,0.88,,0.34,,,6.63,,23.0,-22.86555484,-43.34336341
2014-02-22 08:30:00,UNIDADE MOVEL MADUREIRA,0.0,30.68,50.37,6.6,,0.16,,,15.96,,26.0,-22.86555484,-43.34336341
2014-02-22 09:30:00,UNIDADE MOVEL MADUREIRA,0.0,31.83,43.6,19.12,,0.125,,,52.63,,20.0,-22.86555484,-43.34336341
2014-02-22 10:30:00,UNIDADE MOVEL MADUREIRA,0.0,32.63,38.88,6.57,,0.09,,,53.36,,29.0,-22.86555484,-43.34336341
2014-02-22 11:30:00,UNIDADE MOVEL MADUREIRA,0.0,33.67,37.77,8.9,,0.1,,,71.0,,8.0,-22.86555484,-43.34336341
2014-02-22 12:30:00,UNIDADE MOVEL MADUREIRA,0.0,34.55,34.73,5.08,,0.04,,,81.25,,9.0,-22.86555484,-43.34336341
2014-02-22 13:30:00,UNIDADE MOVEL MADUREIRA,0.0,34.55,33.22,8.86,,0.06,,,86.03,,9.0,-22.86555484,-43.34336341
2014-02-22 14:30:00,UNIDADE MOVEL MADUREIRA,0.0,32.62,42.87,4.86,,0.13,,,76.54,,9.0,-22.86555484,-43.34336341
2014-02-22 15:30:00,UNIDADE MOVEL MADUREIRA,0.0,32.7,42.02,4.2,,0.1,,,84.87,,7.0,-22.86555484,-43.34336341
2014-02-22 16:30:00,UNIDADE MOVEL MADUREIRA,0.0,33.85,38.38,4.43,,0.09,,,104.4,,4.0,-22.86555484,-43.34336341
2014-02-22 17:30:00,UNIDADE MOVEL MADUREIRA,0.0,33.5,40.03,4.9,,0.14,,,95.8,,8.0,-22.86555484,-43.34336341
2014-02-22 18:30:00,UNIDADE MOVEL MADUREIRA,0.0,32.08,45.02,3.71,,0.27,,,67.3,,17.0,-22.86555484,-43.34336341
2014-02-22 19:30:00,UNIDADE MOVEL MADUREIRA,0.0,31.2,48.33,2.02,,0.61,,,16.85,,11.0,-22.86555484,-43.34336341
2014-02-22 20:30:00,UNIDADE MOVEL MADUREIRA,0.0,30.77,52.33,2.81,,0.33,,,6.83,,10.0,-22.86555484,-43.34336341
2014-02-22 21:30:00,UNIDADE MOVEL MADUREIRA,0.0,29.88,55.2,2.07,,0.2,,,3.5,,19.0,-22.86555484,-43.34336341
2014-02-22 22:30:00,UNIDADE MOVEL MADUREIRA,0.0,29.33,57.28,1.64,,0.19,,,0.94,,17.0,-22.86555484,-43.34336341
2014-02-22 23:30:00,UNIDADE MOVEL MADUREIRA,0.0,28.82,59.33,1.2,,0.16,,,3.79,,10.0,-22.86555484,-43.34336341
2014-02-23 00:30:00,UNIDADE MOVEL MADUREIRA,0.0,28.33,62.15,2.7,,0.15,,,4.75,,11.0,-22.86555484,-43.34336341
2014-02-23 01:30:00,UNIDADE MOVEL MADUREIRA,0.0,27.95,63.98,2.08,,0.16,,,4.81,,12.0,-22.86555484,-43.34336341
2014-02-23 02:30:00,UNIDADE MOVEL MADUREIRA,0.0,27.33,66.82,2.04,,0.17,,,1.49,,22.0,-22.86555484,-43.34336341
2014-02-23 03:30:00,UNIDADE MOVEL MADUREIRA,0.0,26.85,68.15,1.5,,0.12,,,2.59,,24.0,-22.86555484,-43.34336341
2014-02-23 04:30:00,UNIDADE MOVEL MADUREIRA,0.0,26.57,69.4,1.67,,0.12,,,2.49,,12.0,-22.86555484,-43.34336341
2014-02-23 05:30:00,UNIDADE MOVEL MADUREIRA,0.0,26.35,70.72,1.17,,0.17,,,0.16,,11.0,-22.86555484,-43.34336341
2014-02-23 06:30:00,UNIDADE MOVEL MADUREIRA,0.0,27.15,67.18,1.26,,0.21,,,0.98,,9.0,-22.86555484,-43.34336341
2014-02-23 07:30:00,UNIDADE MOVEL MADUREIRA,0.0,29.53,56.52,1.4,,0.12,,,11.38,,10.0,-22.86555484,-43.34336341
2014-02-23 08:30:00,UNIDADE MOVEL MADUREIRA,0.0,30.77,52.78,4.48,,0.11,,,27.84,,12.0,-22.86555484,-43.34336341
2014-02-23 09:30:00,UNIDADE MOVEL MADUREIRA,0.0,32.0,48.83,7.58,,0.11,,,38.71,,35.0,-22.86555484,-43.34336341
2014-02-23 10:30:00,UNIDADE MOVEL MADUREIRA,0.0,33.1,44.53,12.6,,0.09,,,59.62,,19.0,-22.86555484,-43.34336341
2014-02-23 11:30:00,UNIDADE MOVEL MADUREIRA,0.0,34.47,39.68,19.76,,0.07,,,93.02,,13.0,-22.86555484,-43.34336341
2014-02-23 12:30:00,UNIDADE MOVEL MADUREIRA,0.0,35.18,37.8,16.3,,0.06,,,104.26,,16.0,-22.86555484,-43.34336341
2014-02-23 13:30:00,UNIDADE MOVEL MADUREIRA,0.0,35.9,35.07,9.87,,0.05,,,77.46,,18.0,-22.86555484,-43.34336341
2014-02-23 14:30:00,UNIDADE MOVEL MADUREIRA,0.0,36.77,33.28,7.36,,0.04,,,66.45,,9.0,-22.86555484,-43.34336341
2014-02-23 15:30:00,UNIDADE MOVEL MADUREIRA,0.0,36.9,33.02,8.75,,0.02,,,60.9,,6.0,-22.86555484,-43.34336341
2014-02-23 16:30:00,UNIDADE MOVEL MADUREIRA,0.0,36.47,35.55,10.38,,0.05,,,75.58,,4.0,-22.86555484,-43.34336341
2014-02-23 17:30:00,UNIDADE MOVEL MADUREIRA,0.0,35.5,39.4,8.88,,0.11,,,72.22,,5.0,-22.86555484,-43.34336341
2014-02-23 18:30:00,UNIDADE MOVEL MADUREIRA,0.0,34.05,43.03,7.53,,0.12,,,38.2,,18.0,-22.86555484,-43.34336341
2014-02-23 19:30:00,UNIDADE MOVEL MADUREIRA,0.0,32.12,50.48,6.06,,0.19,,,18.2,,6.0,-22.86555484,-43.34336341
2014-02-23 20:30:00,UNIDADE MOVEL MADUREIRA,0.0,30.82,55.27,4.75,,0.18,,,15.8,,9.0,-22.86555484,-43.34336341
2014-02-23 21:30:00,UNIDADE MOVEL MADUREIRA,0.0,30.05,58.18,4.16,,0.21,,,9.52,,9.0,-22.86555484,-43.34336341
2014-02-23 22:30:00,UNIDADE MOVEL MADUREIRA,0.0,29.55,59.52,3.27,,0.22,,,8.31,,1.0,-22.86555484,-43.34336341
2014-02-23 23:30:00,UNIDADE MOVEL MADUREIRA,0.0,29.2,59.95,2.67,,0.165,,,9.91,,1.0,-22.86555484,-43.34336341
2014-02-24 00:30:00,UNIDADE MOVEL MADUREIRA,0.0,28.93,61.1,1.89,,0.11,,,9.07,,6.0,-22.86555484,-43.34336341
2014-02-24 01:30:00,UNIDADE MOVEL MADUREIRA,0.0,28.42,62.75,2.13,,0.09,,,10.67,,8.0,-22.86555484,-43.34336341
2014-02-24 02:30:00,UNIDADE MOVEL MADUREIRA,0.0,28.07,63.63,2.06,,0.06,,,9.71,,21.0,-22.86555484,-43.34336341
2014-02-24 03:30:00,UNIDADE MOVEL MADUREIRA,0.0,27.68,64.55,1.34,,0.05,,,8.25,,10.0,-22.86555484,-43.34336341
2014-02-24 04:30:00,UNIDADE MOVEL MADUREIRA,0.0,27.4,64.33,1.2,,0.05,,,8.99,,10.0,-22.86555484,-43.34336341
2014-02-24 05:30:00,UNIDADE MOVEL MADUREIRA,0.0,27.5,63.0,1.99,,0.07,,,2.62,,8.0,-22.86555484,-43.34336341
2014-02-24 06:30:00,UNIDADE MOVEL MADUREIRA,0.0,27.67,61.93,3.33,,0.15,,,0.6,,5.0,-22.86555484,-43.34336341
2014-02-24 07:30:00,UNIDADE MOVEL MADUREIRA,0.0,29.05,58.15,7.57,,0.18,,,2.67,,15.0,-22.86555484,-43.34336341
2014-02-24 08:30:00,UNIDADE MOVEL MADUREIRA,0.0,30.58,53.13,10.42,,0.16,,,11.9,,14.0,-22.86555484,-43.34336341
2014-02-24 09:30:00,UNIDADE MOVEL MADUREIRA,0.0,32.57,46.67,7.75,,0.09,,,28.3,,15.0,-22.86555484,-43.34336341
2014-02-24 10:30:00,UNIDADE MOVEL MADUREIRA,0.0,34.15,41.43,4.92,,0.03,,,52.13,,33.0,-22.86555484,-43.34336341
2014-02-24 11:30:00,UNIDADE MOVEL MADUREIRA,0.0,34.83,39.42,4.5,,0.06,,,70.47,,10.0,-22.86555484,-43.34336341
2014-02-24 12:30:00,UNIDADE MOVEL MADUREIRA,0.0,34.03,44.68,7.26,,0.1,,,109.79,,9.0,-22.86555484,-43.34336341
2014-02-24 13:30:00,UNIDADE MOVEL MADUREIRA,0.0,32.15,48.78,7.48,,0.08,,,99.22,,11.0,-22.86555484,-43.34336341
2014-02-24 14:30:00,UNIDADE MOVEL MADUREIRA,0.0,31.67,53.4,5.82,,0.08,,,82.86,,13.0,-22.86555484,-43.34336341
2014-02-24 15:30:00,UNIDADE MOVEL MADUREIRA,0.0,31.37,54.65,5.56,,0.08,,,73.89,,10.0,-22.86555484,-43.34336341
2014-02-24 16:30:00,UNIDADE MOVEL MADUREIRA,0.0,30.63,56.15,5.01,,0.09,,,65.1,,9.0,-22.86555484,-43.34336341
2014-02-24 17:30:00,UNIDADE MOVEL MADUREIRA,0.0,30.17,56.62,4.51,,0.12,,,61.64,,12.0,-22.86555484,-43.34336341
2014-02-24 18:30:00,UNIDADE MOVEL MADUREIRA,0.0,28.93,61.02,4.27,,0.27,,,43.13,,12.0,-22.86555484,-43.34336341
2014-02-24 19:30:00,UNIDADE MOVEL MADUREIRA,0.0,28.07,64.58,3.47,,0.29,,,35.35,,11.0,-22.86555484,-43.34336341
2014-02-24 20:30:00,UNIDADE MOVEL MADUREIRA,0.0,27.6,69.33,2.22,,0.33,,,15.57,,7.0,-22.86555484,-43.34336341
2014-02-24 21:30:00,UNIDADE MOVEL MADUREIRA,0.0,26.77,75.27,1.52,,0.32,,,10.04,,16.0,-22.86555484,-43.34336341
2014-02-24 22:30:00,UNIDADE MOVEL MADUREIRA,0.0,26.28,78.58,1.22,,0.22,,,23.46,,16.0,-22.86555484,-43.34336341
2014-02-24 23:30:00,UNIDADE MOVEL MADUREIRA,0.0,26.38,77.25,0.65,,0.21,,,20.55,,23.0,-22.86555484,-43.34336341
2014-02-25 00:30:00,UNIDADE MOVEL MADUREIRA,0.0,26.1,79.45,0.56,,0.16,,,17.14,,23.0,-22.86555484,-43.34336341
2014-02-25 01:30:00,UNIDADE MOVEL MADUREIRA,0.0,26.4,77.07,0.97,,0.17,,,15.15,,14.0,-22.86555484,-43.34336341
2014-02-25 02:30:00,UNIDADE MOVEL MADUREIRA,0.0,26.73,74.28,0.89,,0.14,,,24.09,,21.0,-22.86555484,-43.34336341
2014-02-25 03:30:00,UNIDADE MOVEL MADUREIRA,0.0,26.65,77.12,0.95,,0.28,,,2.17,,10.0,-22.86555484,-43.34336341
2014-02-25 04:30:00,UNIDADE MOVEL MADUREIRA,0.0,26.1,79.38,1.31,,0.24,,,0.22,,37.0,-22.86555484,-43.34336341
2014-02-25 05:30:00,UNIDADE MOVEL MADUREIRA,0.0,25.5,82.43,0.72,,0.22,,,0.0,,21.0,-22.86555484,-43.34336341
2014-02-25 06:30:00,UNIDADE MOVEL MADUREIRA,0.0,26.15,78.97,1.57,,0.41,,,0.49,,25.0,-22.86555484,-43.34336341
2014-02-25 07:30:00,UNIDADE MOVEL MADUREIRA,0.0,28.33,66.72,1.65,,0.46,,,6.42,,31.0,-22.86555484,-43.34336341
2014-02-25 08:30:00,UNIDADE MOVEL MADUREIRA,0.0,29.82,60.62,2.23,,0.38,,,18.34,,36.0,-22.86555484,-43.34336341
2014-02-25 09:30:00,UNIDADE MOVEL MADUREIRA,0.0,31.05,55.53,3.28,,0.37,,,24.77,,49.0,-22.86555484,-43.34336341
2014-02-25 10:30:00,UNIDADE MOVEL MADUREIRA,0.0,32.6,49.42,13.29,,0.23,,,47.81,,36.0,-22.86555484,-43.34336341
2014-02-25 11:30:00,UNIDADE MOVEL MADUREIRA,0.0,33.93,44.65,17.62,,0.17,,,84.84,,27.0,-22.86555484,-43.34336341
2014-02-25 12:30:00,UNIDADE MOVEL MADUREIRA,0.0,34.95,39.85,24.37,,0.12,,,136.42,,31.0,-22.86555484,-43.34336341
2014-02-25 13:30:00,UNIDADE MOVEL MADUREIRA,0.0,34.75,40.93,16.95,,0.12,,,148.47,,33.0,-22.86555484,-43.34336341
2014-02-25 14:30:00,UNIDADE MOVEL MADUREIRA,0.0,34.33,44.98,14.86,,0.19,,,192.23,,29.0,-22.86555484,-43.34336341
2014-02-25 15:30:00,UNIDADE MOVEL MADUREIRA,0.0,33.45,46.3,12.58,,0.15,,,159.01,,29.0,-22.86555484,-43.34336341
2014-02-25 16:30:00,UNIDADE MOVEL MADUREIRA,0.0,33.43,44.63,7.92,,0.12,,,107.17,,26.0,-22.86555484,-43.34336341
2014-02-25 17:30:00,UNIDADE MOVEL MADUREIRA,0.0,33.22,43.63,6.05,,0.14,,,78.97,,19.0,-22.86555484,-43.34336341
2014-02-25 18:30:00,UNIDADE MOVEL MADUREIRA,0.0,32.12,46.5,5.03,,0.21,,,43.16,,16.0,-22.86555484,-43.34336341
2014-02-25 19:30:00,UNIDADE MOVEL MADUREIRA,0.0,30.72,51.68,4.38,,0.36,,,9.18,,12.0,-22.86555484,-43.34336341
2014-02-25 20:30:00,UNIDADE MOVEL MADUREIRA,0.0,29.15,58.6,3.8,,0.37,,,0.95,,19.0,-22.86555484,-43.34336341
2014-02-25 21:30:00,UNIDADE MOVEL MADUREIRA,0.0,28.77,60.63,2.68,,0.37,,,0.41,,12.0,-22.86555484,-43.34336341
2014-02-25 22:30:00,UNIDADE MOVEL MADUREIRA,0.0,28.4,64.58,2.09,,0.38,,,2.27,,17.0,-22.86555484,-43.34336341
2014-02-25 23:30:00,UNIDADE MOVEL MADUREIRA,0.0,28.07,65.15,2.42,,0.31,,,2.37,,22.0,-22.86555484,-43.34336341
2014-02-26 00:30:00,UNIDADE MOVEL MADUREIRA,0.0,27.85,65.38,2.5,,0.24,,,3.76,,21.0,-22.86555484,-43.34336341
2014-02-26 01:30:00,UNIDADE MOVEL MADUREIRA,0.0,27.35,66.97,2.25,,0.15,,,17.59,,23.0,-22.86555484,-43.34336341
2014-02-26 02:30:00,UNIDADE MOVEL MADUREIRA,0.0,26.88,68.83,2.74,,0.11,,,36.91,,16.0,-22.86555484,-43.34336341
2014-02-26 03:30:00,UNIDADE MOVEL MADUREIRA,0.0,27.05,68.5,2.19,,0.13,,,31.23,,20.0,-22.86555484,-43.34336341
2014-02-26 04:30:00,UNIDADE MOVEL MADUREIRA,0.0,26.75,70.38,2.04,,0.1,,,1.1,,30.0,-22.86555484,-43.34336341
2014-02-26 05:30:00,UNIDADE MOVEL MADUREIRA,0.0,26.38,70.78,2.01,,0.15,,,0.48,,16.0,-22.86555484,-43.34336341
2014-02-26 06:30:00,UNIDADE MOVEL MADUREIRA,0.0,26.38,68.92,2.25,,0.44,,,2.08,,30.0,-22.86555484,-43.34336341
2014-02-26 07:30:00,UNIDADE MOVEL MADUREIRA,0.0,28.17,63.08,4.7,,0.13,,,4.34,,20.0,-22.86555484,-43.34336341
2014-02-26 08:30:00,UNIDADE MOVEL MADUREIRA,0.0,29.05,60.12,6.78,,0.13,,,11.83,,23.0,-22.86555484,-43.34336341
2014-02-26 09:30:00,UNIDADE MOVEL MADUREIRA,0.0,31.45,51.42,11.17,,0.12333333333333334,,,42.28,,41.0,-22.86555484,-43.34336341
2014-02-26 10:30:00,UNIDADE MOVEL MADUREIRA,0.0,32.92,45.58,14.46,,0.11666666666666667,,,74.75,,34.0,-22.86555484,-43.34336341
2014-02-26 11:30:00,UNIDADE MOVEL MADUREIRA,0.0,33.8,42.28,13.98,,0.11,,,115.83,,21.0,-22.86555484,-43.34336341
2014-02-26 12:30:00,UNIDADE MOVEL MADUREIRA,0.0,35.08,36.92,12.41,,0.09,,,131.68,,18.0,-22.86555484,-43.34336341
2014-02-26 13:30:00,UNIDADE MOVEL MADUREIRA,0.0,34.63,41.58,11.11,,0.14,,,164.9,,15.0,-22.86555484,-43.34336341
2014-02-26 14:30:00,UNIDADE MOVEL MADUREIRA,0.0,34.72,39.27,9.52,,0.09,,,160.0,,20.0,-22.86555484,-43.34336341
2014-02-26 15:30:00,UNIDADE MOVEL MADUREIRA,0.0,35.43,36.9,9.54,,0.05,,,159.34,,19.0,-22.86555484,-43.34336341
2014-02-26 16:30:00,UNIDADE MOVEL MADUREIRA,0.0,35.25,38.55,8.74,,0.04,,,118.21,,14.0,-22.86555484,-43.34336341
2014-02-26 17:30:00,UNIDADE MOVEL MADUREIRA,0.0,34.78,39.6,8.92,,0.06,,,87.94,,16.0,-22.86555484,-43.34336341
2014-02-26 18:30:00,UNIDADE MOVEL MADUREIRA,0.0,33.3,44.02,8.25,,0.17,,,43.01,,17.0,-22.86555484,-43.34336341
2014-02-26 19:30:00,UNIDADE MOVEL MADUREIRA,0.0,32.65,46.07,7.07,,0.2,,,11.2,,21.0,-22.86555484,-43.34336341
2014-02-26 20:30:00,UNIDADE MOVEL MADUREIRA,0.0,31.87,49.88,6.83,,0.21,,,3.48,,15.0,-22.86555484,-43.34336341
2014-02-26 21:30:00,UNIDADE MOVEL MADUREIRA,0.0,31.08,52.63,6.46,,0.18,,,2.43,,26.0,-22.86555484,-43.34336341
2014-02-26 22:30:00,UNIDADE MOVEL MADUREIRA,0.0,30.08,56.07,5.23,,0.26,,,2.24,,18.0,-22.86555484,-43.34336341
2014-02-26 23:30:00,UNIDADE MOVEL MADUREIRA,0.0,29.38,58.83,4.82,,0.22,,,4.59,,18.0,-22.86555484,-43.34336341
2014-02-27 00:30:00,UNIDADE MOVEL MADUREIRA,0.0,28.75,60.77,3.17,,0.18,,,4.26,,14.0,-22.86555484,-43.34336341
2014-02-27 01:30:00,UNIDADE MOVEL MADUREIRA,0.0,28.18,62.03,3.24,,0.16,,,5.34,,20.0,-22.86555484,-43.34336341
2014-02-27 02:30:00,UNIDADE MOVEL MADUREIRA,0.0,27.83,63.23,3.13,,0.19,,,2.36,,28.0,-22.86555484,-43.34336341
2014-02-27 03:30:00,UNIDADE MOVEL MADUREIRA,0.0,27.77,64.27,3.69,,0.23,,,2.49,,46.0,-22.86555484,-43.34336341
2014-02-27 04:30:00,UNIDADE MOVEL MADUREIRA,0.0,27.53,65.52,4.1,,0.21,,,0.88,,73.0,-22.86555484,-43.34336341
2014-02-27 05:30:00,UNIDADE MOVEL MADUREIRA,0.0,27.28,66.73,4.29,,0.24,,,0.32,,65.0,-22.86555484,-43.34336341
2014-02-27 06:30:00,UNIDADE MOVEL MADUREIRA,0.0,27.82,64.63,3.19,,0.46,,,1.6,,58.0,-22.86555484,-43.34336341
2014-02-27 07:30:00,UNIDADE MOVEL MADUREIRA,0.0,30.33,55.5,3.09,,0.4,,,9.9,,80.0,-22.86555484,-43.34336341
2014-02-27 08:30:00,UNIDADE MOVEL MADUREIRA,0.0,32.17,48.42,14.32,,0.21,,,15.97,,65.0,-22.86555484,-43.34336341
2014-02-27 09:30:00,UNIDADE MOVEL MADUREIRA,0.0,33.67,41.53,9.24,,0.02,,,36.49,,63.0,-22.86555484,-43.34336341
2014-02-27 10:30:00,UNIDADE MOVEL MADUREIRA,0.0,35.05,37.0,5.33,,0.01,,,49.63,,10.0,-22.86555484,-43.34336341
2014-02-27 11:30:00,UNIDADE MOVEL MADUREIRA,0.0,36.58,33.02,4.8,,0.05,,,54.37,,12.0,-22.86555484,-43.34336341
2014-02-27 12:30:00,UNIDADE MOVEL MADUREIRA,0.0,37.65,29.28,5.59,,0.05,,,78.25,,12.0,-22.86555484,-43.34336341
2014-02-27 13:30:00,UNIDADE MOVEL MADUREIRA,0.0,38.65,26.75,5.68,,0.03,,,80.5,,11.0,-22.86555484,-43.34336341
2014-02-27 14:30:00,UNIDADE MOVEL MADUREIRA,0.0,38.72,27.1,7.01,,0.03,,,99.39,,11.0,-22.86555484,-43.34336341
2014-02-27 15:30:00,UNIDADE MOVEL MADUREIRA,0.0,38.17,28.52,10.0,,0.06,,,115.31,,19.0,-22.86555484,-43.34336341
2014-02-27 16:30:00,UNIDADE MOVEL MADUREIRA,0.0,37.97,30.05,12.29,,0.07,,,119.35,,13.0,-22.86555484,-43.34336341
2014-02-27 17:30:00,UNIDADE MOVEL MADUREIRA,0.0,36.32,34.22,7.1,,0.08,,,116.35,,16.0,-22.86555484,-43.34336341
2014-02-27 18:30:00,UNIDADE MOVEL MADUREIRA,0.0,34.8,38.88,5.17,,0.2,,,77.7,,18.0,-22.86555484,-43.34336341
2014-02-27 19:30:00,UNIDADE MOVEL MADUREIRA,0.0,34.07,40.72,4.22,,0.46,,,19.28,,18.0,-22.86555484,-43.34336341
2014-02-27 20:30:00,UNIDADE MOVEL MADUREIRA,0.0,34.32,37.7,6.97,,0.28,,,12.34,,27.0,-22.86555484,-43.34336341
2014-02-27 21:30:00,UNIDADE MOVEL MADUREIRA,0.0,33.75,42.27,6.31,,0.48,,,3.72,,24.0,-22.86555484,-43.34336341
2014-02-27 22:30:00,UNIDADE MOVEL MADUREIRA,0.0,32.82,48.1,6.87,,0.52,,,2.62,,33.0,-22.86555484,-43.34336341
2014-02-27 23:30:00,UNIDADE MOVEL MADUREIRA,0.0,32.28,50.98,7.46,,0.66,,,0.34,,34.0,-22.86555484,-43.34336341
2014-02-28 00:30:00,UNIDADE MOVEL MADUREIRA,0.0,30.92,53.98,6.12,,0.51,,,18.65,,44.0,-22.86555484,-43.34336341
2014-02-28 01:30:00,UNIDADE MOVEL MADUREIRA,0.0,28.23,61.35,2.88,,0.11,,,41.29,,38.0,-22.86555484,-43.34336341
2014-02-28 02:30:00,UNIDADE MOVEL MADUREIRA,0.0,27.73,64.45,1.66,,0.05,,,63.66,,7.0,-22.86555484,-43.34336341
2014-02-28 03:30:00,UNIDADE MOVEL MADUREIRA,0.0,27.5,70.75,0.34,,0.06,,,79.35,,6.0,-22.86555484,-43.34336341
2014-02-28 04:30:00,UNIDADE MOVEL MADUREIRA,0.0,27.2,73.4,0.03,,0.05,,,64.66,,17.0,-22.86555484,-43.34336341
2014-02-28 05:30:00,UNIDADE MOVEL MADUREIRA,0.0,26.9,74.8,0.01,,0.06,,,54.0,,11.0,-22.86555484,-43.34336341
2014-02-28 06:30:00,UNIDADE MOVEL MADUREIRA,0.0,26.7,75.67,0.0,,0.05,,,52.12,,12.0,-22.86555484,-43.34336341
2014-02-28 07:30:00,UNIDADE MOVEL MADUREIRA,0.0,27.73,71.78,0.0,,0.09,,,58.47,,13.0,-22.86555484,-43.34336341
2014-02-28 08:30:00,UNIDADE MOVEL MADUREIRA,0.0,28.78,66.03,0.0,,0.1,,,64.12,,13.0,-22.86555484,-43.34336341
2014-02-28 09:30:00,UNIDADE MOVEL MADUREIRA,0.0,29.68,59.6,0.06,,0.09,,,68.75,,13.0,-22.86555484,-43.34336341
2014-02-28 10:30:00,UNIDADE MOVEL MADUREIRA,0.0,31.08,51.07,1.23,,0.06,,,78.52,,,-22.86555484,-43.34336341
2014-02-28 11:30:00,UNIDADE MOVEL MADUREIRA,0.0,32.65,46.65,2.17,,0.04,,,101.44,,,-22.86555484,-43.34336341
2014-02-28 12:30:00,UNIDADE MOVEL MADUREIRA,0.0,33.53,44.7,2.8,,0.08,,,114.62,,,-22.86555484,-43.34336341
2014-02-28 13:30:00,UNIDADE MOVEL MADUREIRA,0.0,33.63,44.15,2.96,,0.12,,,94.59,,,-22.86555484,-43.34336341
2014-02-28 14:30:00,UNIDADE MOVEL MADUREIRA,0.0,32.55,43.42,3.16,,0.12,,,79.19,,,-22.86555484,-43.34336341
2014-02-28 15:30:00,UNIDADE MOVEL MADUREIRA,0.0,32.1,44.3,2.23,,0.15,,,72.09,,,-22.86555484,-43.34336341
2014-02-28 16:30:00,UNIDADE MOVEL MADUREIRA,0.0,29.85,52.85,1.53,,0.14,,,55.63,,,-22.86555484,-43.34336341
2014-02-28 17:30:00,UNIDADE MOVEL MADUREIRA,0.0,28.33,59.23,0.26,,0.12,,,52.81,,,-22.86555484,-43.34336341
2014-02-28 18:30:00,UNIDADE MOVEL MADUREIRA,0.0,26.93,72.5,0.03,,0.19,,,39.96,,,-22.86555484,-43.34336341
2014-02-28 19:30:00,UNIDADE MOVEL MADUREIRA,0.0,26.45,78.6,0.0,,0.28,,,15.17,,,-22.86555484,-43.34336341
2014-02-28 20:30:00,UNIDADE MOVEL MADUREIRA,0.0,27.97,71.8,0.04,,0.26,,,2.87,,,-22.86555484,-43.34336341
2014-03-06 16:30:00,UNIDADE MOVEL MADUREIRA,0.0,,,,,,,,,,,-22.86555484,-43.34336341
2014-03-06 17:30:00,UNIDADE MOVEL MADUREIRA,0.0,,,,,,,,,,,-22.86555484,-43.34336341
2014-03-06 18:30:00,UNIDADE MOVEL MADUREIRA,0.0,,,,,,,,,,,-22.86555484,-43.34336341
2014-03-06 19:30:00,UNIDADE MOVEL MADUREIRA,0.0,,,,,,,,,,,-22.86555484,-43.34336341
2014-03-06 20:30:00,UNIDADE MOVEL MADUREIRA,0.0,,,,,,,,,,,-22.86555484,-43.34336341
2014-03-06 21:30:00,UNIDADE MOVEL MADUREIRA,0.0,,,,,,,,,,,-22.86555484,-43.34336341
2014-03-06 22:30:00,UNIDADE MOVEL MADUREIRA,0.0,,,,,,,,,,,-22.86555484,-43.34336341
2014-03-06 23:30:00,UNIDADE MOVEL MADUREIRA,0.0,,,,,,,,,,,-22.86555484,-43.34336341
2014-03-07 00:30:00,UNIDADE MOVEL MADUREIRA,0.0,,,,,,,,,,,-22.86555484,-43.34336341
2014-03-07 01:30:00,UNIDADE MOVEL MADUREIRA,0.0,,,,,,,,,,,-22.86555484,-43.34336341
2014-03-07 02:30:00,UNIDADE MOVEL MADUREIRA,0.0,,,,,,,,,,,-22.86555484,-43.34336341
2014-03-07 03:30:00,UNIDADE MOVEL MADUREIRA,0.0,,,,,,,,,,,-22.86555484,-43.34336341
2014-03-07 04:30:00,UNIDADE MOVEL MADUREIRA,0.0,,,,,,,,,,,-22.86555484,-43.34336341
2014-03-07 05:30:00,UNIDADE MOVEL MADUREIRA,0.0,,,,,,,,,,,-22.86555484,-43.34336341
2014-03-07 06:30:00,UNIDADE MOVEL MADUREIRA,0.0,,,,,,,,0.0,,,-22.86555484,-43.34336341
2014-03-07 07:30:00,UNIDADE MOVEL MADUREIRA,0.0,,,,,,,,,,,-22.86555484,-43.34336341
2014-03-07 08:30:00,UNIDADE MOVEL MADUREIRA,0.0,,,,,,,,,,,-22.86555484,-43.34336341
2014-03-07 09:30:00,UNIDADE MOVEL MADUREIRA,0.0,,,,,,,,,,,-22.86555484,-43.34336341
2014-03-07 10:30:00,UNIDADE MOVEL MADUREIRA,0.0,,,,,,,,,,,-22.86555484,-43.34336341
2014-03-07 11:30:00,UNIDADE MOVEL MADUREIRA,0.0,,,,,,,,,,,-22.86555484,-43.34336341
2014-03-07 12:30:00,UNIDADE MOVEL MADUREIRA,0.0,,,,,,,,,,,-22.86555484,-43.34336341
2014-03-07 13:30:00,UNIDADE MOVEL MADUREIRA,0.0,,,,,,,,,,,-22.86555484,-43.34336341
2014-03-07 14:30:00,UNIDADE MOVEL MADUREIRA,0.0,,,,,,,,,,,-22.86555484,-43.34336341
2014-03-07 15:30:00,UNIDADE MOVEL MADUREIRA,0.0,,,,,,,,,,,-22.86555484,-43.34336341
2014-03-07 16:30:00,UNIDADE MOVEL MADUREIRA,0.0,,,,,,,,,,,-22.86555484,-43.34336341
2014-03-07 17:30:00,UNIDADE MOVEL MADUREIRA,0.0,,,,,,,,,,,-22.86555484,-43.34336341
2014-03-07 18:30:00,UNIDADE MOVEL MADUREIRA,0.0,,,,,,,,,,,-22.86555484,-43.34336341
2014-03-07 19:30:00,UNIDADE MOVEL MADUREIRA,38.0,,,,,,,,,,,-22.86555484,-43.34336341
2014-03-07 20:30:00,UNIDADE MOVEL MADUREIRA,3.0,,,,,,,,,,,-22.86555484,-43.34336341
2014-03-07 21:30:00,UNIDADE MOVEL MADUREIRA,0.0,,,,,,,,,,,-22.86555484,-43.34336341
2014-03-07 22:30:00,UNIDADE MOVEL MADUREIRA,0.0,,,,,,,,,,,-22.86555484,-43.34336341
2014-03-07 23:30:00,UNIDADE MOVEL MADUREIRA,0.0,,,,,,,,,,,-22.86555484,-43.34336341
2014-03-08 00:30:00,UNIDADE MOVEL MADUREIRA,5.0,,,,,,,,,,,-22.86555484,-43.34336341
2014-03-08 01:30:00,UNIDADE MOVEL MADUREIRA,6.0,,,,,,,,,,,-22.86555484,-43.34336341
2014-03-08 02:30:00,UNIDADE MOVEL MADUREIRA,5.0,,,,,,,,,,,-22.86555484,-43.34336341
2014-03-08 03:30:00,UNIDADE MOVEL MADUREIRA,0.0,,,,,,,,,,,-22.86555484,-43.34336341
2014-03-08 04:30:00,UNIDADE MOVEL MADUREIRA,3.0,,,,,,,,,,,-22.86555484,-43.34336341
2014-03-08 05:30:00,UNIDADE MOVEL MADUREIRA,0.0,,,,,,,,,,,-22.86555484,-43.34336341
2014-03-08 06:30:00,UNIDADE MOVEL MADUREIRA,0.0,,,,,,,,,,,-22.86555484,-43.34336341
2014-03-08 07:30:00,UNIDADE MOVEL MADUREIRA,0.0,,,,,,,,,,,-22.86555484,-43.34336341
2014-03-08 08:30:00,UNIDADE MOVEL MADUREIRA,0.0,,,,,,,,,,,-22.86555484,-43.34336341
2014-03-08 09:30:00,UNIDADE MOVEL MADUREIRA,0.0,,,,,,,,,,,-22.86555484,-43.34336341
2014-03-08 10:30:00,UNIDADE MOVEL MADUREIRA,0.0,,,,,,,,,,,-22.86555484,-43.34336341
2014-03-08 11:30:00,UNIDADE MOVEL MADUREIRA,0.0,,,,,,,,,,,-22.86555484,-43.34336341
2014-03-08 12:30:00,UNIDADE MOVEL MADUREIRA,0.0,,,,,,,,,,,-22.86555484,-43.34336341
2014-03-08 13:30:00,UNIDADE MOVEL MADUREIRA,1.0,,,,,,,,,,,-22.86555484,-43.34336341
2014-03-08 14:30:00,UNIDADE MOVEL MADUREIRA,1.0,,,,,,,,,,,-22.86555484,-43.34336341
2014-03-08 15:30:00,UNIDADE MOVEL MADUREIRA,0.0,,,,,,,,,,,-22.86555484,-43.34336341
2014-03-08 16:30:00,UNIDADE MOVEL MADUREIRA,0.0,,,,,,,,,,,-22.86555484,-43.34336341
2014-03-08 17:30:00,UNIDADE MOVEL MADUREIRA,5.0,,,,,,,,,,,-22.86555484,-43.34336341
2014-03-08 18:30:00,UNIDADE MOVEL MADUREIRA,7.0,,,,,,,,,,,-22.86555484,-43.34336341
2014-03-08 19:30:00,UNIDADE MOVEL MADUREIRA,1.0,,,,,,,,,,,-22.86555484,-43.34336341
2014-03-08 20:30:00,UNIDADE MOVEL MADUREIRA,2.0,,,,,,,,,,,-22.86555484,-43.34336341
2014-03-08 21:30:00,UNIDADE MOVEL MADUREIRA,1.0,,,,,,,,,,,-22.86555484,-43.34336341
2014-03-08 22:30:00,UNIDADE MOVEL MADUREIRA,1.0,,,,,,,,,,,-22.86555484,-43.34336341
2014-03-08 23:30:00,UNIDADE MOVEL MADUREIRA,0.0,,,,,,,,,,,-22.86555484,-43.34336341
2014-03-09 00:30:00,UNIDADE MOVEL MADUREIRA,0.0,,,,,,,,,,,-22.86555484,-43.34336341
2014-03-09 01:30:00,UNIDADE MOVEL MADUREIRA,0.0,,,,,,,,,,,-22.86555484,-43.34336341
2014-03-09 02:30:00,UNIDADE MOVEL MADUREIRA,0.0,,,,,,,,,,,-22.86555484,-43.34336341
2014-03-09 03:30:00,UNIDADE MOVEL MADUREIRA,0.0,,,,,,,,,,,-22.86555484,-43.34336341
2014-03-09 04:30:00,UNIDADE MOVEL MADUREIRA,0.0,,,,,,,,,,,-22.86555484,-43.34336341
2014-03-09 05:30:00,UNIDADE MOVEL MADUREIRA,0.0,,,,,,,,,,,-22.86555484,-43.34336341
2014-03-09 06:30:00,UNIDADE MOVEL MADUREIRA,0.0,,,,,,,,,,,-22.86555484,-43.34336341
2014-03-09 07:30:00,UNIDADE MOVEL MADUREIRA,0.0,,,,,,,,,,,-22.86555484,-43.34336341
2014-03-09 08:30:00,UNIDADE MOVEL MADUREIRA,0.0,,,,,,,,,,,-22.86555484,-43.34336341
2014-03-09 09:30:00,UNIDADE MOVEL MADUREIRA,0.0,,,,,,,,,,,-22.86555484,-43.34336341
2014-03-09 10:30:00,UNIDADE MOVEL MADUREIRA,0.0,,,,,,,,,,,-22.86555484,-43.34336341
2014-03-09 11:30:00,UNIDADE MOVEL MADUREIRA,0.0,,,,,,,,,,,-22.86555484,-43.34336341
2014-03-09 12:30:00,UNIDADE MOVEL MADUREIRA,0.0,,,,,,,,,,,-22.86555484,-43.34336341
2014-03-09 13:30:00,UNIDADE MOVEL MADUREIRA,0.0,,,,,,,,,,,-22.86555484,-43.34336341
2014-03-09 14:30:00,UNIDADE MOVEL MADUREIRA,0.0,,,,,,,,,,,-22.86555484,-43.34336341
2014-03-09 15:30:00,UNIDADE MOVEL MADUREIRA,0.0,,,,,,,,,,,-22.86555484,-43.34336341
2014-03-09 16:30:00,UNIDADE MOVEL MADUREIRA,0.0,,,,,,,,,,,-22.86555484,-43.34336341
2014-03-09 17:30:00,UNIDADE MOVEL MADUREIRA,0.0,,,,,,,,,,,-22.86555484,-43.34336341
2014-03-09 18:30:00,UNIDADE MOVEL MADUREIRA,0.0,,,,,,,,,,,-22.86555484,-43.34336341
2014-03-09 19:30:00,UNIDADE MOVEL MADUREIRA,0.0,,,,,,,,,,,-22.86555484,-43.34336341
2014-03-09 20:30:00,UNIDADE MOVEL MADUREIRA,0.0,,,,,,,,,,,-22.86555484,-43.34336341
2014-03-09 21:30:00,UNIDADE MOVEL MADUREIRA,0.0,,,,,,,,,,,-22.86555484,-43.34336341
2014-03-09 22:30:00,UNIDADE MOVEL MADUREIRA,0.0,,,,,,,,,,,-22.86555484,-43.34336341
2014-03-09 23:30:00,UNIDADE MOVEL MADUREIRA,0.0,,,,,,,,,,,-22.86555484,-43.34336341
2014-03-10 00:30:00,UNIDADE MOVEL MADUREIRA,0.0,,,,,,,,,,,-22.86555484,-43.34336341
2014-03-10 01:30:00,UNIDADE MOVEL MADUREIRA,0.0,,,,,,,,,,,-22.86555484,-43.34336341
2014-03-10 02:30:00,UNIDADE MOVEL MADUREIRA,0.0,,,,,,,,,,,-22.86555484,-43.34336341
2014-03-10 03:30:00,UNIDADE MOVEL MADUREIRA,0.0,,,,,,,,,,,-22.86555484,-43.34336341
2014-03-10 04:30:00,UNIDADE MOVEL MADUREIRA,0.0,,,,,,,,,,,-22.86555484,-43.34336341
2014-03-10 05:30:00,UNIDADE MOVEL MADUREIRA,0.0,,,,,,,,,,,-22.86555484,-43.34336341
2014-03-10 06:30:00,UNIDADE MOVEL MADUREIRA,0.0,,,,,,,,,,,-22.86555484,-43.34336341
2014-03-10 07:30:00,UNIDADE MOVEL MADUREIRA,0.0,,,,,,,,,,,-22.86555484,-43.34336341
2014-03-10 08:30:00,UNIDADE MOVEL MADUREIRA,0.0,,,,,,,,,,,-22.86555484,-43.34336341
2014-03-10 09:30:00,UNIDADE MOVEL MADUREIRA,0.0,,,,,,,,,,,-22.86555484,-43.34336341
2014-03-10 10:30:00,UNIDADE MOVEL MADUREIRA,0.0,,,,,,,,,,,-22.86555484,-43.34336341
2014-03-10 11:30:00,UNIDADE MOVEL MADUREIRA,0.0,,,,,,,,,,,-22.86555484,-43.34336341
2014-03-10 12:30:00,UNIDADE MOVEL MADUREIRA,0.0,,,,,,,,,,,-22.86555484,-43.34336341
2014-03-10 13:30:00,UNIDADE MOVEL MADUREIRA,0.0,,,,,,,,,,,-22.86555484,-43.34336341
2014-03-10 14:30:00,UNIDADE MOVEL MADUREIRA,0.0,,,,,,,,,,,-22.86555484,-43.34336341
2014-03-10 15:30:00,UNIDADE MOVEL MADUREIRA,0.0,,,,,,,,,,,-22.86555484,-43.34336341
2014-03-10 16:30:00,UNIDADE MOVEL MADUREIRA,0.0,,,,,,,,,,,-22.86555484,-43.34336341
2014-03-10 17:30:00,UNIDADE MOVEL MADUREIRA,0.0,,,,,,,,,,,-22.86555484,-43.34336341
2014-03-10 18:30:00,UNIDADE MOVEL MADUREIRA,0.0,,,0.0,,,,,,,,-22.86555484,-43.34336341
2014-03-10 19:30:00,UNIDADE MOVEL MADUREIRA,0.0,,,0.0,,,,,,,,-22.86555484,-43.34336341
2014-03-10 20:30:00,UNIDADE MOVEL MADUREIRA,0.0,,,0.0,,,,,,,,-22.86555484,-43.34336341
2014-03-10 21:30:00,UNIDADE MOVEL MADUREIRA,0.0,,,0.0,,,,,,,,-22.86555484,-43.34336341
2014-03-10 22:30:00,UNIDADE MOVEL MADUREIRA,0.0,,,0.0,,,,,,,,-22.86555484,-43.34336341
2014-03-10 23:30:00,UNIDADE MOVEL MADUREIRA,0.0,,,0.0,,,,,,,,-22.86555484,-43.34336341
2014-03-11 00:30:00,UNIDADE MOVEL MADUREIRA,0.0,,,,,,,,,,,-22.86555484,-43.34336341
2014-03-11 01:30:00,UNIDADE MOVEL MADUREIRA,0.0,,,,,,,,,,,-22.86555484,-43.34336341
2014-03-11 02:30:00,UNIDADE MOVEL MADUREIRA,0.0,,,,,,,,,,,-22.86555484,-43.34336341
2014-03-11 03:30:00,UNIDADE MOVEL MADUREIRA,0.0,,,,,,,,,,,-22.86555484,-43.34336341
2014-03-11 04:30:00,UNIDADE MOVEL MADUREIRA,0.0,,,,,,,,,,,-22.86555484,-43.34336341
2014-03-11 05:30:00,UNIDADE MOVEL MADUREIRA,0.0,,,,,,,,,,,-22.86555484,-43.34336341
2014-03-11 06:30:00,UNIDADE MOVEL MADUREIRA,0.0,,,,,,,,,,,-22.86555484,-43.34336341
2014-03-11 07:30:00,UNIDADE MOVEL MADUREIRA,0.0,,,,,,,,,,,-22.86555484,-43.34336341
2014-03-11 08:30:00,UNIDADE MOVEL MADUREIRA,0.0,,,,,,,,,,,-22.86555484,-43.34336341
2014-03-11 09:30:00,UNIDADE MOVEL MADUREIRA,0.0,,,,,,,,,,,-22.86555484,-43.34336341
2014-03-11 10:30:00,UNIDADE MOVEL MADUREIRA,0.0,,,,,,,,,,,-22.86555484,-43.34336341
2014-03-11 11:30:00,UNIDADE MOVEL MADUREIRA,0.0,,,,,,,,,,,-22.86555484,-43.34336341
2014-03-11 12:30:00,UNIDADE MOVEL MADUREIRA,0.0,,,,,,,,,,,-22.86555484,-43.34336341
2014-03-11 13:30:00,UNIDADE MOVEL MADUREIRA,0.0,,,,,,,,,,,-22.86555484,-43.34336341
2014-03-11 14:30:00,UNIDADE MOVEL MADUREIRA,0.0,,,,,,,,,,,-22.86555484,-43.34336341
2014-03-11 15:30:00,UNIDADE MOVEL MADUREIRA,0.0,,,,,,,,,,,-22.86555484,-43.34336341
2014-03-11 16:30:00,UNIDADE MOVEL MADUREIRA,0.0,,,,,,,,,,,-22.86555484,-43.34336341
2014-03-11 17:30:00,UNIDADE MOVEL MADUREIRA,0.0,,,,,,,,,,,-22.86555484,-43.34336341
2014-03-11 18:30:00,UNIDADE MOVEL MADUREIRA,0.0,,,,,,,,,,,-22.86555484,-43.34336341
2014-03-11 19:30:00,UNIDADE MOVEL MADUREIRA,0.0,,,,,,,,,,,-22.86555484,-43.34336341
2014-03-11 20:30:00,UNIDADE MOVEL MADUREIRA,0.0,,,,,,,,,,,-22.86555484,-43.34336341
2014-03-11 21:30:00,UNIDADE MOVEL MADUREIRA,0.0,,,,,,,,,,,-22.86555484,-43.34336341
2014-03-11 22:30:00,UNIDADE MOVEL MADUREIRA,0.0,,,,,,,,,,,-22.86555484,-43.34336341
2014-03-11 23:30:00,UNIDADE MOVEL MADUREIRA,0.0,,,,,,,,,,,-22.86555484,-43.34336341
2014-03-12 00:30:00,UNIDADE MOVEL MADUREIRA,0.0,,,,,,,,,,,-22.86555484,-43.34336341
2014-03-12 01:30:00,UNIDADE MOVEL MADUREIRA,0.0,,,,,,,,,,,-22.86555484,-43.34336341
2014-03-12 02:30:00,UNIDADE MOVEL MADUREIRA,0.0,,,,,,,,,,,-22.86555484,-43.34336341
2014-03-12 03:30:00,UNIDADE MOVEL MADUREIRA,0.0,,,,,,,,,,,-22.86555484,-43.34336341
2014-03-12 04:30:00,UNIDADE MOVEL MADUREIRA,0.0,,,,,,,,,,,-22.86555484,-43.34336341
2014-03-12 05:30:00,UNIDADE MOVEL MADUREIRA,0.0,,,,,,,,,,,-22.86555484,-43.34336341
2014-03-12 06:30:00,UNIDADE MOVEL MADUREIRA,0.0,,,,,,,,,,,-22.86555484,-43.34336341
2014-03-12 07:30:00,UNIDADE MOVEL MADUREIRA,0.0,,,,,,,,,,,-22.86555484,-43.34336341
2014-03-12 08:30:00,UNIDADE MOVEL MADUREIRA,0.0,,,,,,,,,,,-22.86555484,-43.34336341
2014-03-12 09:30:00,UNIDADE MOVEL MADUREIRA,0.0,,,,,,,,,,,-22.86555484,-43.34336341
2014-03-12 10:30:00,UNIDADE MOVEL MADUREIRA,0.0,,,,,,,,,,,-22.86555484,-43.34336341
2014-03-12 11:30:00,UNIDADE MOVEL MADUREIRA,0.0,,,,,,,,,,,-22.86555484,-43.34336341
2014-03-12 12:30:00,UNIDADE MOVEL MADUREIRA,0.0,,,,,,,,,,,-22.86555484,-43.34336341
2014-03-12 13:30:00,UNIDADE MOVEL MADUREIRA,0.0,,,,,,,,,,,-22.86555484,-43.34336341
2014-03-12 14:30:00,UNIDADE MOVEL MADUREIRA,0.0,,,,,,,,,,,-22.86555484,-43.34336341
2014-03-12 15:30:00,UNIDADE MOVEL MADUREIRA,0.0,,,,,,,,,,,-22.86555484,-43.34336341
2014-03-12 16:30:00,UNIDADE MOVEL MADUREIRA,0.0,,,,,,,,,,,-22.86555484,-43.34336341
2014-03-12 17:30:00,UNIDADE MOVEL MADUREIRA,0.0,,,,,,,,,,,-22.86555484,-43.34336341
2014-03-12 18:30:00,UNIDADE MOVEL MADUREIRA,0.0,,,,,,,,,,,-22.86555484,-43.34336341
2014-03-12 19:30:00,UNIDADE MOVEL MADUREIRA,0.0,,,,,,,,,,,-22.86555484,-43.34336341
2014-03-12 20:30:00,UNIDADE MOVEL MADUREIRA,0.0,,,,,,,,,,,-22.86555484,-43.34336341
2014-03-12 21:30:00,UNIDADE MOVEL MADUREIRA,0.0,,,,,,,,,,,-22.86555484,-43.34336341
2014-03-12 22:30:00,UNIDADE MOVEL MADUREIRA,0.0,,,,,,,,,,,-22.86555484,-43.34336341
2014-03-12 23:30:00,UNIDADE MOVEL MADUREIRA,0.0,,,,,,,,,,,-22.86555484,-43.34336341
2014-03-13 00:30:00,UNIDADE MOVEL MADUREIRA,0.0,,,,,,,,,,,-22.86555484,-43.34336341
2014-03-13 01:30:00,UNIDADE MOVEL MADUREIRA,0.0,,,,,,,,,,,-22.86555484,-43.34336341
2014-03-13 02:30:00,UNIDADE MOVEL MADUREIRA,0.0,,,,,,,,,,,-22.86555484,-43.34336341
2014-03-13 03:30:00,UNIDADE MOVEL MADUREIRA,0.0,,,,,,,,,,,-22.86555484,-43.34336341
2014-03-13 04:30:00,UNIDADE MOVEL MADUREIRA,0.0,,,,,,,,,,,-22.86555484,-43.34336341
2014-03-13 05:30:00,UNIDADE MOVEL MADUREIRA,0.0,,,,,,,,,,,-22.86555484,-43.34336341
2014-03-13 06:30:00,UNIDADE MOVEL MADUREIRA,0.0,,,,,,,,,,,-22.86555484,-43.34336341
2014-03-13 07:30:00,UNIDADE MOVEL MADUREIRA,0.0,,,,,,,,,,,-22.86555484,-43.34336341
2014-03-13 08:30:00,UNIDADE MOVEL MADUREIRA,0.0,,,,,,,,,,,-22.86555484,-43.34336341
2014-03-13 09:30:00,UNIDADE MOVEL MADUREIRA,0.0,,,,,,,,,,,-22.86555484,-43.34336341
2014-03-13 10:30:00,UNIDADE MOVEL MADUREIRA,0.0,,,,,,,,,,,-22.86555484,-43.34336341
2014-03-13 11:30:00,UNIDADE MOVEL MADUREIRA,0.0,,,,,,,,,,,-22.86555484,-43.34336341
2014-03-13 12:30:00,UNIDADE MOVEL MADUREIRA,0.0,,,,,,,,,,,-22.86555484,-43.34336341
2014-03-13 13:30:00,UNIDADE MOVEL MADUREIRA,0.0,,,,,,,,,,,-22.86555484,-43.34336341
2014-03-13 14:30:00,UNIDADE MOVEL MADUREIRA,0.0,,,,,,,,,,,-22.86555484,-43.34336341
2014-05-09 14:30:00,UNIDADE MOVEL MADUREIRA,,25.24,70.61,,,,,,,,,-22.86555484,-43.34336341
2014-05-09 15:30:00,UNIDADE MOVEL MADUREIRA,,24.64,71.48,5.17,,0.13,,,40.94,,,-22.86555484,-43.34336341
2014-05-09 16:30:00,UNIDADE MOVEL MADUREIRA,,23.97,74.3,5.93,,0.4,,,35.73,,,-22.86555484,-43.34336341
2014-05-09 17:30:00,UNIDADE MOVEL MADUREIRA,,22.62,74.17,6.63,,0.16,,,35.4,,,-22.86555484,-43.34336341
2014-05-09 18:30:00,UNIDADE MOVEL MADUREIRA,,22.46,78.19,7.0,,0.31,,,28.17,,,-22.86555484,-43.34336341
2014-05-09 19:30:00,UNIDADE MOVEL MADUREIRA,,22.51,78.86,7.12,,0.5,,,16.64,,,-22.86555484,-43.34336341
2014-05-09 20:30:00,UNIDADE MOVEL MADUREIRA,,22.91,70.06,6.55,,0.37,,,28.68,,,-22.86555484,-43.34336341
2014-05-09 21:30:00,UNIDADE MOVEL MADUREIRA,,21.84,83.12,6.04,,0.46,,,17.13,,,-22.86555484,-43.34336341
2014-05-09 22:30:00,UNIDADE MOVEL MADUREIRA,,21.28,87.92,5.58,,0.57,,,11.43,,,-22.86555484,-43.34336341
2014-05-09 23:30:00,UNIDADE MOVEL MADUREIRA,,19.75,85.36,5.01,,0.51,,,32.48,,,-22.86555484,-43.34336341
2014-05-10 00:30:00,UNIDADE MOVEL MADUREIRA,,20.36,81.84,3.1049999999999995,,0.12,,,17.76,,,-22.86555484,-43.34336341
2014-05-10 01:30:00,UNIDADE MOVEL MADUREIRA,,20.6,87.28,1.2,,0.17,,,0.63,,,-22.86555484,-43.34336341
2014-05-10 02:30:00,UNIDADE MOVEL MADUREIRA,,20.84,88.58,1.42,,0.1,,,2.62,,,-22.86555484,-43.34336341
2014-05-10 03:30:00,UNIDADE MOVEL MADUREIRA,,20.89,87.3,2.24,,0.09,,,6.96,,,-22.86555484,-43.34336341
2014-05-10 04:30:00,UNIDADE MOVEL MADUREIRA,,20.79,87.64,2.6,,0.12,,,3.17,,,-22.86555484,-43.34336341
2014-05-10 05:30:00,UNIDADE MOVEL MADUREIRA,,20.69,87.92,3.54,,0.09,,,0.24,,,-22.86555484,-43.34336341
2014-05-10 06:30:00,UNIDADE MOVEL MADUREIRA,,20.74,85.35,1.78,,0.06,,,7.72,,,-22.86555484,-43.34336341
2014-05-10 07:30:00,UNIDADE MOVEL MADUREIRA,,21.1,79.81,0.53,,0.04,,,19.22,,,-22.86555484,-43.34336341
2014-05-10 08:30:00,UNIDADE MOVEL MADUREIRA,,22.5,72.7,0.34,,0.01,,,29.29,,,-22.86555484,-43.34336341
2014-05-10 09:30:00,UNIDADE MOVEL MADUREIRA,,23.54,69.63,0.94,,0.01,,,25.56,,,-22.86555484,-43.34336341
2014-05-10 10:30:00,UNIDADE MOVEL MADUREIRA,,23.7,67.09,0.61,,0.02,,,34.7,,,-22.86555484,-43.34336341
2014-05-10 11:30:00,UNIDADE MOVEL MADUREIRA,,22.71,73.99,0.29,,0.06,,,40.11,,,-22.86555484,-43.34336341
2014-05-10 12:30:00,UNIDADE MOVEL MADUREIRA,,24.34,64.13,0.04,,0.01,,,47.51,,,-22.86555484,-43.34336341
2014-05-10 13:30:00,UNIDADE MOVEL MADUREIRA,,24.53,58.38,0.0,,0.01,,,48.62,,,-22.86555484,-43.34336341
2014-05-10 14:30:00,UNIDADE MOVEL MADUREIRA,,25.04,56.79,0.1,,0.01,,,49.78,,,-22.86555484,-43.34336341
2014-05-10 15:30:00,UNIDADE MOVEL MADUREIRA,,24.3,62.3,0.47,,0.05,,,47.62,,,-22.86555484,-43.34336341
2014-05-10 16:30:00,UNIDADE MOVEL MADUREIRA,,23.14,67.96,0.45,,0.03,,,40.34,,,-22.86555484,-43.34336341
2014-05-10 17:30:00,UNIDADE MOVEL MADUREIRA,,21.71,72.0,0.36,,0.06,,,34.9,,,-22.86555484,-43.34336341
2014-05-10 18:30:00,UNIDADE MOVEL MADUREIRA,,20.78,79.13,0.47,,0.06,,,26.27,,,-22.86555484,-43.34336341
2014-05-10 19:30:00,UNIDADE MOVEL MADUREIRA,,20.69,77.09,0.17,,0.05,,,32.27,,,-22.86555484,-43.34336341
2014-05-10 20:30:00,UNIDADE MOVEL MADUREIRA,,20.36,83.11,0.16,,0.1,,,20.91,,,-22.86555484,-43.34336341
2014-05-10 21:30:00,UNIDADE MOVEL MADUREIRA,,19.98,86.51,0.01,,0.11,,,16.59,,,-22.86555484,-43.34336341
2014-05-10 22:30:00,UNIDADE MOVEL MADUREIRA,,19.54,88.02,0.05,,0.12,,,12.54,,,-22.86555484,-43.34336341
2014-05-10 23:30:00,UNIDADE MOVEL MADUREIRA,,19.81,85.5,0.11,,0.14,,,8.33,,,-22.86555484,-43.34336341
2014-05-11 00:30:00,UNIDADE MOVEL MADUREIRA,,19.62,87.65,0.455,,0.19,,,0.96,,,-22.86555484,-43.34336341
2014-05-11 01:30:00,UNIDADE MOVEL MADUREIRA,,19.27,90.63,0.8,,0.18,,,0.14,,,-22.86555484,-43.34336341
2014-05-11 02:30:00,UNIDADE MOVEL MADUREIRA,,19.18,92.11,0.35,,0.18,,,0.0,,,-22.86555484,-43.34336341
2014-05-11 03:30:00,UNIDADE MOVEL MADUREIRA,,19.5,89.96,0.84,,0.14,,,1.78,,,-22.86555484,-43.34336341
2014-05-11 04:30:00,UNIDADE MOVEL MADUREIRA,,19.56,86.42,1.86,,0.03,,,16.23,,,-22.86555484,-43.34336341
2014-05-11 05:30:00,UNIDADE MOVEL MADUREIRA,,19.49,88.15,2.64,,0.04,,,19.92,,,-22.86555484,-43.34336341
2014-05-11 06:30:00,UNIDADE MOVEL MADUREIRA,,19.09,89.57,4.36,,0.07,,,12.82,,,-22.86555484,-43.34336341
2014-05-11 07:30:00,UNIDADE MOVEL MADUREIRA,,19.6,86.07,24.61,,0.06,,,11.65,,,-22.86555484,-43.34336341
2014-05-11 08:30:00,UNIDADE MOVEL MADUREIRA,,21.16,77.55,10.09,,0.03,,,25.01,,,-22.86555484,-43.34336341
2014-05-12 12:30:00,UNIDADE MOVEL MADUREIRA,,25.65,34.34,5.76,,1.27,,,57.415333333333336,,11.0,-22.86555484,-43.34336341
2014-05-12 13:30:00,UNIDADE MOVEL MADUREIRA,0.0,26.1,33.35,1.84,,0.92,,,58.57266666666666,,10.0,-22.86555484,-43.34336341
2014-05-12 14:30:00,UNIDADE MOVEL MADUREIRA,0.0,25.94,34.01,1.4,,0.52,,,59.73,,9.6,-22.86555484,-43.34336341
2014-05-12 15:30:00,UNIDADE MOVEL MADUREIRA,0.0,26.52,33.76,0.09,,0.465,,,59.46,,9.2,-22.86555484,-43.34336341
2014-05-12 16:30:00,UNIDADE MOVEL MADUREIRA,0.0,26.03,37.97,0.0,,0.41,,,42.46,,8.8,-22.86555484,-43.34336341
2014-05-12 17:30:00,UNIDADE MOVEL MADUREIRA,0.0,24.19,49.88,0.0,,0.355,,,17.22,,8.4,-22.86555484,-43.34336341
2014-05-12 18:30:00,UNIDADE MOVEL MADUREIRA,0.0,23.16,57.58,0.0,,0.3,,,2.3,,8.0,-22.86555484,-43.34336341
2014-05-12 19:30:00,UNIDADE MOVEL MADUREIRA,0.0,22.73,58.19,0.23,,0.01,,,0.0,,10.0,-22.86555484,-43.34336341
2014-05-12 20:30:00,UNIDADE MOVEL MADUREIRA,0.0,22.52,58.65,0.06,,0.02,,,4.41,,10.5,-22.86555484,-43.34336341
2014-05-12 21:30:00,UNIDADE MOVEL MADUREIRA,0.0,21.83,60.87,0.0,,0.01,,,13.38,,11.0,-22.86555484,-43.34336341
2014-05-12 22:30:00,UNIDADE MOVEL MADUREIRA,0.0,21.23,64.97,0.0,,0.03,,,13.0,,12.0,-22.86555484,-43.34336341
2014-05-12 23:30:00,UNIDADE MOVEL MADUREIRA,0.0,20.9,66.97,0.0,,0.04,,,18.71,,12.0,-22.86555484,-43.34336341
2014-05-13 00:30:00,UNIDADE MOVEL MADUREIRA,0.0,20.47,69.33,1.04,,0.01,,,28.12,,11.0,-22.86555484,-43.34336341
2014-05-13 01:30:00,UNIDADE MOVEL MADUREIRA,0.0,19.8,73.92,2.08,,0.0,,,20.34,,10.0,-22.86555484,-43.34336341
2014-05-13 02:30:00,UNIDADE MOVEL MADUREIRA,0.0,18.77,79.28,2.45,,0.07,,,1.95,,10.0,-22.86555484,-43.34336341
2014-05-13 03:30:00,UNIDADE MOVEL MADUREIRA,0.0,18.4,81.03,2.86,,0.1,,,0.22,,12.0,-22.86555484,-43.34336341
2014-05-13 04:30:00,UNIDADE MOVEL MADUREIRA,0.0,17.7,83.6,2.89,,0.1,,,0.0,,15.0,-22.86555484,-43.34336341
2014-05-13 05:30:00,UNIDADE MOVEL MADUREIRA,0.0,17.2,85.38,3.23,,0.22,,,0.0,,15.0,-22.86555484,-43.34336341
2014-05-13 06:30:00,UNIDADE MOVEL MADUREIRA,0.0,16.92,86.0,3.66,,0.43,,,0.53,,34.0,-22.86555484,-43.34336341
2014-05-13 07:30:00,UNIDADE MOVEL MADUREIRA,0.0,18.77,78.2,4.88,,0.47,,,2.38,,21.0,-22.86555484,-43.34336341
2014-05-13 08:30:00,UNIDADE MOVEL MADUREIRA,0.0,21.73,65.4,11.27,,0.11,,,10.04,,36.0,-22.86555484,-43.34336341
2014-05-13 09:30:00,UNIDADE MOVEL MADUREIRA,0.0,23.53,53.65,34.68,,0.02,,,19.59,,36.0,-22.86555484,-43.34336341
2014-05-13 10:30:00,UNIDADE MOVEL MADUREIRA,0.0,25.1,45.9,48.28,,0.02,,,27.29,,18.0,-22.86555484,-43.34336341
2014-05-13 11:30:00,UNIDADE MOVEL MADUREIRA,0.0,26.87,41.25,,,0.5333333333333333,,,41.2,,27.0,-22.86555484,-43.34336341
2014-05-13 12:30:00,UNIDADE MOVEL MADUREIRA,0.0,28.0,36.675,,,1.0466666666666666,,,55.11000000000001,,30.0,-22.86555484,-43.34336341
2014-05-13 13:30:00,UNIDADE MOVEL MADUREIRA,0.0,29.13,32.1,,,1.56,,,69.02000000000001,,12.0,-22.86555484,-43.34336341
2014-05-13 14:30:00,UNIDADE MOVEL MADUREIRA,0.0,28.53,36.375,,,2.295,,,82.93,,8.0,-22.86555484,-43.34336341
2014-05-13 15:30:00,UNIDADE MOVEL MADUREIRA,0.0,27.93,40.65,,,3.03,,,96.84,,31.0,-22.86555484,-43.34336341
2014-05-13 16:30:00,UNIDADE MOVEL MADUREIRA,0.0,27.08,42.54,,,1.6949999999999998,,,60.72,,34.0,-22.86555484,-43.34336341
2014-05-13 17:30:00,UNIDADE MOVEL MADUREIRA,0.0,25.77,47.48,,,0.36,,,23.44,,35.0,-22.86555484,-43.34336341
2014-05-13 18:30:00,UNIDADE MOVEL MADUREIRA,0.0,24.75,53.13,1.07,,0.78,,,4.5,,19.0,-22.86555484,-43.34336341
2014-05-13 19:30:00,UNIDADE MOVEL MADUREIRA,0.0,24.37,54.8,0.0,,0.7,,,0.0,,37.0,-22.86555484,-43.34336341
2014-05-13 20:30:00,UNIDADE MOVEL MADUREIRA,0.0,23.8,60.02,0.0,,0.84,,,0.0,,22.0,-22.86555484,-43.34336341
2014-05-13 21:30:00,UNIDADE MOVEL MADUREIRA,0.0,22.9,62.33,0.0,,0.02,,,0.79,,21.0,-22.86555484,-43.34336341
2014-05-13 22:30:00,UNIDADE MOVEL MADUREIRA,0.0,22.2,68.13,0.0,,0.93,,,0.0,,14.0,-22.86555484,-43.34336341
2014-05-13 23:30:00,UNIDADE MOVEL MADUREIRA,0.0,21.45,72.57,0.0,,1.95,,,0.0,,14.0,-22.86555484,-43.34336341
2014-05-14 00:30:00,UNIDADE MOVEL MADUREIRA,0.0,20.73,76.65,1.165,,1.18,,,0.0,,20.0,-22.86555484,-43.34336341
2014-05-14 01:30:00,UNIDADE MOVEL MADUREIRA,0.0,20.18,80.83,2.33,,1.4,,,0.0,,21.0,-22.86555484,-43.34336341
2014-05-14 02:30:00,UNIDADE MOVEL MADUREIRA,0.0,19.87,79.75,2.79,,1.11,,,0.0,,17.0,-22.86555484,-43.34336341
2014-05-14 03:30:00,UNIDADE MOVEL MADUREIRA,0.0,19.82,81.95,2.8,,1.81,,,0.0,,25.0,-22.86555484,-43.34336341
2014-05-14 04:30:00,UNIDADE MOVEL MADUREIRA,0.0,19.93,85.28,2.11,,1.56,,,0.0,,31.0,-22.86555484,-43.34336341
2014-05-14 05:30:00,UNIDADE MOVEL MADUREIRA,0.0,19.05,88.87,2.16,,1.67,,,0.0,,29.0,-22.86555484,-43.34336341
2014-05-14 06:30:00,UNIDADE MOVEL MADUREIRA,0.0,18.78,83.9,3.0,,2.41,,,0.0,,26.0,-22.86555484,-43.34336341
2014-05-14 07:30:00,UNIDADE MOVEL MADUREIRA,0.0,19.95,80.22,4.56,,2.56,,,0.0,,,-22.86555484,-43.34336341
2014-05-14 08:30:00,UNIDADE MOVEL MADUREIRA,0.0,21.97,72.18,20.69,,2.51,,,1.32,,,-22.86555484,-43.34336341
2014-05-14 09:30:00,UNIDADE MOVEL MADUREIRA,0.0,23.83,62.27,39.08,,2.17,,,11.18,,,-22.86555484,-43.34336341
2014-05-14 10:30:00,UNIDADE MOVEL MADUREIRA,0.0,25.37,55.03,16.92,,1.87,,,27.93,,,-22.86555484,-43.34336341
2014-05-14 11:30:00,UNIDADE MOVEL MADUREIRA,0.0,27.62,43.03,5.24,,1.47,,,61.48,,,-22.86555484,-43.34336341
2014-05-14 12:30:00,UNIDADE MOVEL MADUREIRA,0.0,28.9,34.73,6.61,,0.47,,,74.16,,27.0,-22.86555484,-43.34336341
2014-05-14 13:30:00,UNIDADE MOVEL MADUREIRA,0.0,28.7,43.0,11.12,,0.26,,,84.23,,17.0,-22.86555484,-43.34336341
2014-05-14 14:30:00,UNIDADE MOVEL MADUREIRA,0.0,27.87,44.37,10.57,,0.18,,,76.07,,30.0,-22.86555484,-43.34336341
2014-05-14 15:30:00,UNIDADE MOVEL MADUREIRA,0.0,27.4,40.4,5.18,,0.19,,,74.89,,5.0,-22.86555484,-43.34336341
2014-05-14 16:30:00,UNIDADE MOVEL MADUREIRA,0.0,26.48,41.42,2.98,,0.24,,,61.25,,7.0,-22.86555484,-43.34336341
2014-05-14 17:30:00,UNIDADE MOVEL MADUREIRA,0.0,25.03,48.23,5.87,,0.22,,,50.4,,11.0,-22.86555484,-43.34336341
2014-05-14 18:30:00,UNIDADE MOVEL MADUREIRA,0.0,23.55,67.52,13.35,,0.34,,,33.41,,11.0,-22.86555484,-43.34336341
2014-05-14 19:30:00,UNIDADE MOVEL MADUREIRA,0.0,22.93,74.23,13.33,,0.34,,,22.46,,28.0,-22.86555484,-43.34336341
2014-05-14 20:30:00,UNIDADE MOVEL MADUREIRA,0.0,22.58,77.98,9.25,,0.32,,,16.38,,31.0,-22.86555484,-43.34336341
2014-05-14 21:30:00,UNIDADE MOVEL MADUREIRA,0.0,22.08,81.25,8.99,,0.5,,,7.66,,29.0,-22.86555484,-43.34336341
2014-05-14 22:30:00,UNIDADE MOVEL MADUREIRA,0.0,21.72,81.7,9.27,,0.7,,,0.0,,37.0,-22.86555484,-43.34336341
2014-05-14 23:30:00,UNIDADE MOVEL MADUREIRA,0.0,21.6,75.8,7.89,,0.79,,,0.0,,40.0,-22.86555484,-43.34336341
2014-05-15 00:30:00,UNIDADE MOVEL MADUREIRA,0.0,20.68,78.47,5.38,,1.11,,,0.0,,42.0,-22.86555484,-43.34336341
2014-05-15 01:30:00,UNIDADE MOVEL MADUREIRA,0.0,20.35,78.8,2.87,,1.48,,,0.0,,46.0,-22.86555484,-43.34336341
2014-05-15 02:30:00,UNIDADE MOVEL MADUREIRA,0.0,19.7,80.78,0.65,,0.8,,,0.0,,44.0,-22.86555484,-43.34336341
2014-05-15 03:30:00,UNIDADE MOVEL MADUREIRA,0.0,19.35,80.53,0.33,,0.98,,,0.0,,42.0,-22.86555484,-43.34336341
2014-05-15 04:30:00,UNIDADE MOVEL MADUREIRA,0.0,19.18,83.57,0.52,,0.89,,,0.0,,40.6,-22.86555484,-43.34336341
2014-05-15 05:30:00,UNIDADE MOVEL MADUREIRA,0.0,19.13,85.45,0.2,,0.75,,,0.0,,39.2,-22.86555484,-43.34336341
2014-05-15 06:30:00,UNIDADE MOVEL MADUREIRA,0.0,19.02,87.87,0.3,,0.85,,,0.06,,37.8,-22.86555484,-43.34336341
2014-05-15 07:30:00,UNIDADE MOVEL MADUREIRA,0.0,20.48,81.82,0.77,,0.64,,,4.22,,36.4,-22.86555484,-43.34336341
2014-05-15 08:30:00,UNIDADE MOVEL MADUREIRA,0.0,22.4,73.8,2.6,,0.69,,,17.92,,35.0,-22.86555484,-43.34336341
2014-05-15 09:30:00,UNIDADE MOVEL MADUREIRA,0.0,24.08,65.55,3.48,,1.24,,,12.08,,42.0,-22.86555484,-43.34336341
2014-05-15 10:30:00,UNIDADE MOVEL MADUREIRA,0.0,25.53,55.78,2.06,,0.78,,,26.0,,38.0,-22.86555484,-43.34336341
2014-05-15 11:30:00,UNIDADE MOVEL MADUREIRA,0.0,26.92,46.02,1.67,,0.47,,,60.39,,34.0,-22.86555484,-43.34336341
2014-05-15 12:30:00,UNIDADE MOVEL MADUREIRA,0.0,26.7,51.08,0.18,,0.44,,,60.92,,17.0,-22.86555484,-43.34336341
2014-05-15 13:30:00,UNIDADE MOVEL MADUREIRA,0.0,26.92,50.83,0.0,,0.41,,,69.28,,16.0,-22.86555484,-43.34336341
2014-05-15 14:30:00,UNIDADE MOVEL MADUREIRA,0.0,27.17,51.35,0.65,,0.43,,,82.15,,11.0,-22.86555484,-43.34336341
2014-05-15 15:30:00,UNIDADE MOVEL MADUREIRA,0.0,26.97,53.07,1.25,,0.95,,,75.9,,12.0,-22.86555484,-43.34336341
2014-05-15 16:30:00,UNIDADE MOVEL MADUREIRA,0.0,25.3,55.63,0.0,,0.99,,,65.24,,17.0,-22.86555484,-43.34336341
2014-05-15 17:30:00,UNIDADE MOVEL MADUREIRA,0.0,23.7,71.8,0.29,,0.78,,,48.61,,10.0,-22.86555484,-43.34336341
2014-05-15 18:30:00,UNIDADE MOVEL MADUREIRA,0.0,22.97,78.2,2.73,,0.51,,,48.16,,11.0,-22.86555484,-43.34336341
2014-05-15 19:30:00,UNIDADE MOVEL MADUREIRA,0.0,22.68,80.13,0.46,,0.58,,,37.58,,11.0,-22.86555484,-43.34336341
2014-05-15 20:30:00,UNIDADE MOVEL MADUREIRA,0.0,22.33,83.05,0.0,,0.67,,,10.72,,22.0,-22.86555484,-43.34336341
2014-05-15 21:30:00,UNIDADE MOVEL MADUREIRA,0.0,22.03,84.3,0.0,,0.78,,,4.16,,16.0,-22.86555484,-43.34336341
2014-05-15 22:30:00,UNIDADE MOVEL MADUREIRA,0.0,21.92,83.87,0.0,,1.05,,,0.0,,18.0,-22.86555484,-43.34336341
2014-05-15 23:30:00,UNIDADE MOVEL MADUREIRA,0.0,21.5,80.77,0.11,,1.51,,,0.0,,17.0,-22.86555484,-43.34336341
2014-05-16 00:30:00,UNIDADE MOVEL MADUREIRA,0.0,21.02,82.0,1.055,,0.9,,,0.0,,42.0,-22.86555484,-43.34336341
2014-05-16 01:30:00,UNIDADE MOVEL MADUREIRA,0.0,20.47,84.35,2.0,,1.06,,,0.0,,41.0,-22.86555484,-43.34336341
2014-05-16 02:30:00,UNIDADE MOVEL MADUREIRA,0.0,20.45,85.58,4.58,,0.95,,,0.0,,40.0,-22.86555484,-43.34336341
2014-05-16 03:30:00,UNIDADE MOVEL MADUREIRA,0.0,20.23,87.38,4.83,,0.7,,,0.0,,,-22.86555484,-43.34336341
2014-05-16 04:30:00,UNIDADE MOVEL MADUREIRA,0.0,20.04,88.46,4.12,,0.59,,,0.0,,,-22.86555484,-43.34336341
2014-05-16 05:30:00,UNIDADE MOVEL MADUREIRA,0.0,19.71,89.03,4.49,,1.02,,,0.0,,,-22.86555484,-43.34336341
2014-05-16 06:30:00,UNIDADE MOVEL MADUREIRA,0.0,19.46,88.08,3.8,,1.52,,,0.0,,,-22.86555484,-43.34336341
2014-05-16 07:30:00,UNIDADE MOVEL MADUREIRA,0.0,20.49,85.19,5.29,,1.79,,,0.0,,,-22.86555484,-43.34336341
2014-05-16 08:30:00,UNIDADE MOVEL MADUREIRA,0.0,22.66,76.7,6.11,,1.77,,,1.07,,,-22.86555484,-43.34336341
2014-05-16 09:30:00,UNIDADE MOVEL MADUREIRA,0.0,24.28,69.16,5.98,,1.56,,,6.83,,,-22.86555484,-43.34336341
2014-05-16 10:30:00,UNIDADE MOVEL MADUREIRA,0.0,25.79,61.97,7.24,,1.0,,,31.66,,,-22.86555484,-43.34336341
2014-05-16 11:30:00,UNIDADE MOVEL MADUREIRA,0.0,27.68,53.35,10.27,,1.5,,,62.91,,44.0,-22.86555484,-43.34336341
2014-05-16 12:30:00,UNIDADE MOVEL MADUREIRA,0.0,29.38,48.31,15.09,,2.0,,,80.29,,41.0,-22.86555484,-43.34336341
2014-05-16 13:30:00,UNIDADE MOVEL MADUREIRA,0.0,30.5,44.16,14.13,,0.67,,,88.76,,38.0,-22.86555484,-43.34336341
2014-05-16 14:30:00,UNIDADE MOVEL MADUREIRA,0.0,30.47,45.21,13.02,,0.53,,,90.17,,24.0,-22.86555484,-43.34336341
2014-05-16 15:30:00,UNIDADE MOVEL MADUREIRA,0.0,29.49,50.79,10.96,,1.14,,,90.36,,32.0,-22.86555484,-43.34336341
2014-05-16 16:30:00,UNIDADE MOVEL MADUREIRA,0.0,27.33,59.62,7.51,,1.35,,,78.2,,,-22.86555484,-43.34336341
2014-05-16 17:30:00,UNIDADE MOVEL MADUREIRA,0.0,25.2,64.43,5.43,,0.9099999999999999,,,93.94,,,-22.86555484,-43.34336341
2014-05-16 18:30:00,UNIDADE MOVEL MADUREIRA,0.0,24.38,66.89,6.29,,0.47,,,85.0,,,-22.86555484,-43.34336341
2014-05-16 19:30:00,UNIDADE MOVEL MADUREIRA,0.0,23.72,71.79,3.7,,0.2,,,74.69,,,-22.86555484,-43.34336341
2014-05-16 20:30:00,UNIDADE MOVEL MADUREIRA,0.0,23.43,75.94,2.18,,0.27,,,44.39,,,-22.86555484,-43.34336341
2014-05-16 21:30:00,UNIDADE MOVEL MADUREIRA,0.0,23.25,75.76,2.35,,0.65,,,37.87,,,-22.86555484,-43.34336341
2014-05-16 22:30:00,UNIDADE MOVEL MADUREIRA,0.0,23.05,74.24,2.38,,1.21,,,40.86,,,-22.86555484,-43.34336341
2014-05-16 23:30:00,UNIDADE MOVEL MADUREIRA,0.0,23.11,73.23,2.64,,1.87,,,29.57,,40.0,-22.86555484,-43.34336341
2014-05-17 00:30:00,UNIDADE MOVEL MADUREIRA,0.0,22.52,76.75,2.45,,1.08,,,19.38,,42.0,-22.86555484,-43.34336341
2014-05-17 01:30:00,UNIDADE MOVEL MADUREIRA,0.0,22.25,78.5,2.26,,1.29,,,3.41,,42.0,-22.86555484,-43.34336341
2014-05-17 02:30:00,UNIDADE MOVEL MADUREIRA,0.0,21.85,81.08,2.43,,1.29,,,3.41,,44.0,-22.86555484,-43.34336341
2014-05-17 03:30:00,UNIDADE MOVEL MADUREIRA,0.0,21.78,81.67,2.47,,1.51,,,0.89,,32.0,-22.86555484,-43.34336341
2014-05-17 04:30:00,UNIDADE MOVEL MADUREIRA,0.0,21.63,82.17,2.0,,1.01,,,1.52,,34.0,-22.86555484,-43.34336341
2014-05-17 05:30:00,UNIDADE MOVEL MADUREIRA,0.0,21.08,86.2,2.51,,0.59,,,0.32,,31.0,-22.86555484,-43.34336341
2014-05-17 06:30:00,UNIDADE MOVEL MADUREIRA,0.0,21.33,85.8,2.13,,0.99,,,0.0,,38.0,-22.86555484,-43.34336341
2014-05-17 07:30:00,UNIDADE MOVEL MADUREIRA,0.0,22.72,80.96,2.04,,0.93,,,7.29,,39.0,-22.86555484,-43.34336341
2014-05-17 08:30:00,UNIDADE MOVEL MADUREIRA,0.0,24.23,74.88,2.31,,0.26,,,28.84,,31.0,-22.86555484,-43.34336341
2014-05-17 09:30:00,UNIDADE MOVEL MADUREIRA,0.0,25.58,67.05,2.44,,0.4,,,62.07,,25.0,-22.86555484,-43.34336341
2014-05-17 10:30:00,UNIDADE MOVEL MADUREIRA,0.0,26.23,62.28,2.43,,0.79,,,75.05,,19.0,-22.86555484,-43.34336341
2014-05-17 11:30:00,UNIDADE MOVEL MADUREIRA,0.0,26.8,60.82,1.65,,0.83,,,82.17,,19.0,-22.86555484,-43.34336341
2014-05-17 12:30:00,UNIDADE MOVEL MADUREIRA,0.0,26.33,65.77,1.97,,0.8,,,69.59,,20.0,-22.86555484,-43.34336341
2014-05-17 13:30:00,UNIDADE MOVEL MADUREIRA,0.0,25.73,68.42,0.0,,0.61,,,61.12,,9.0,-22.86555484,-43.34336341
2014-05-17 14:30:00,UNIDADE MOVEL MADUREIRA,0.0,25.73,67.6,0.09,,0.43,,,57.64,,7.0,-22.86555484,-43.34336341
2014-05-17 15:30:00,UNIDADE MOVEL MADUREIRA,0.0,25.0,70.77,0.1,,0.29,,,54.03,,6.0,-22.86555484,-43.34336341
2014-05-17 16:30:00,UNIDADE MOVEL MADUREIRA,0.0,24.5,73.32,3.7,,0.56,,,48.19,,9.0,-22.86555484,-43.34336341
2014-05-17 17:30:00,UNIDADE MOVEL MADUREIRA,0.0,23.88,78.5,0.0,,0.84,,,38.67,,10.0,-22.86555484,-43.34336341
2014-05-17 18:30:00,UNIDADE MOVEL MADUREIRA,0.0,23.53,81.72,0.0,,0.6,,,29.79,,10.0,-22.86555484,-43.34336341
2014-05-17 19:30:00,UNIDADE MOVEL MADUREIRA,0.0,23.38,83.2,0.0,,0.21,,,26.19,,16.0,-22.86555484,-43.34336341
2014-05-17 20:30:00,UNIDADE MOVEL MADUREIRA,0.0,23.27,83.15,0.0,,0.41,,,16.71,,19.0,-22.86555484,-43.34336341
2014-05-17 21:30:00,UNIDADE MOVEL MADUREIRA,0.0,23.05,84.08,0.0,,0.2,,,0.95,,23.0,-22.86555484,-43.34336341
2014-05-17 22:30:00,UNIDADE MOVEL MADUREIRA,0.0,23.15,82.83,0.0,,0.08,,,0.0,,32.0,-22.86555484,-43.34336341
2014-05-17 23:30:00,UNIDADE MOVEL MADUREIRA,0.0,22.88,83.15,0.0,,0.25,,,0.0,,29.0,-22.86555484,-43.34336341
2014-05-18 00:30:00,UNIDADE MOVEL MADUREIRA,0.0,22.74,83.84,1.095,,0.48,,,0.0,,36.0,-22.86555484,-43.34336341
2014-05-18 01:30:00,UNIDADE MOVEL MADUREIRA,0.0,22.58,84.65,2.19,,0.28,,,0.0,,31.0,-22.86555484,-43.34336341
2014-05-18 02:30:00,UNIDADE MOVEL MADUREIRA,0.0,22.5,85.69,2.9,,0.27,,,0.0,,19.0,-22.86555484,-43.34336341
2014-05-18 03:30:00,UNIDADE MOVEL MADUREIRA,0.0,22.41,84.73,2.25,,0.92,,,0.0,,12.0,-22.86555484,-43.34336341
2014-05-18 04:30:00,UNIDADE MOVEL MADUREIRA,0.0,21.97,86.58,1.79,,0.49,,,0.0,,29.0,-22.86555484,-43.34336341
2014-05-18 05:30:00,UNIDADE MOVEL MADUREIRA,0.0,21.95,88.36,1.83,,0.24,,,0.08,,25.0,-22.86555484,-43.34336341
2014-05-18 06:30:00,UNIDADE MOVEL MADUREIRA,0.0,21.91,89.3,1.27,,0.88,,,0.0,,30.0,-22.86555484,-43.34336341
2014-05-18 07:30:00,UNIDADE MOVEL MADUREIRA,0.0,22.21,87.9,2.04,,1.51,,,2.62,,31.0,-22.86555484,-43.34336341
2014-05-18 08:30:00,UNIDADE MOVEL MADUREIRA,0.0,22.87,84.33,3.27,,1.65,,,4.03,,37.0,-22.86555484,-43.34336341
2014-05-18 09:30:00,UNIDADE MOVEL MADUREIRA,0.0,24.25,76.51,7.0,,1.64,,,10.37,,36.0,-22.86555484,-43.34336341
2014-05-18 10:30:00,UNIDADE MOVEL MADUREIRA,0.0,25.23,68.81,11.12,,1.06,,,31.24,,24.0,-22.86555484,-43.34336341
2014-05-18 11:30:00,UNIDADE MOVEL MADUREIRA,0.0,,,,,,,,,,,-22.86555484,-43.34336341
2014-05-18 12:30:00,UNIDADE MOVEL MADUREIRA,0.0,,,,,,,,,,,-22.86555484,-43.34336341
2014-05-18 13:30:00,UNIDADE MOVEL MADUREIRA,0.0,,,,,,,,,,,-22.86555484,-43.34336341
2014-05-18 14:30:00,UNIDADE MOVEL MADUREIRA,0.0,,,,,,,,,,,-22.86555484,-43.34336341
2014-05-18 15:30:00,UNIDADE MOVEL MADUREIRA,,,,,,,,,,,,-22.86555484,-43.34336341
2014-05-18 16:30:00,UNIDADE MOVEL MADUREIRA,,,,,,,,,,,,-22.86555484,-43.34336341
2014-05-18 17:30:00,UNIDADE MOVEL MADUREIRA,,,,,,,,,,,,-22.86555484,-43.34336341
2014-05-18 18:30:00,UNIDADE MOVEL MADUREIRA,,,,,,,,,,,,-22.86555484,-43.34336341
2014-05-18 19:30:00,UNIDADE MOVEL MADUREIRA,,,,,,,,,,,,-22.86555484,-43.34336341
2014-05-18 20:30:00,UNIDADE MOVEL MADUREIRA,,,,,,,,,,,,-22.86555484,-43.34336341
2014-05-18 21:30:00,UNIDADE MOVEL MADUREIRA,,,,,,,,,,,,-22.86555484,-43.34336341
2014-05-18 22:30:00,UNIDADE MOVEL MADUREIRA,,,,,,,,,,,,-22.86555484,-43.34336341
2014-05-18 23:30:00,UNIDADE MOVEL MADUREIRA,,,,,,,,,,,,-22.86555484,-43.34336341
2014-05-19 00:30:00,UNIDADE MOVEL MADUREIRA,,,,,,,,,,,,-22.86555484,-43.34336341
2014-05-19 01:30:00,UNIDADE MOVEL MADUREIRA,,,,,,,,,,,,-22.86555484,-43.34336341
2014-05-19 02:30:00,UNIDADE MOVEL MADUREIRA,,,,,,,,,,,,-22.86555484,-43.34336341
2014-05-19 03:30:00,UNIDADE MOVEL MADUREIRA,,,,,,,,,,,,-22.86555484,-43.34336341
2014-05-19 04:30:00,UNIDADE MOVEL MADUREIRA,,,,,,,,,,,,-22.86555484,-43.34336341
2014-05-19 05:30:00,UNIDADE MOVEL MADUREIRA,,,,,,,,,,,,-22.86555484,-43.34336341
2014-05-19 06:30:00,UNIDADE MOVEL MADUREIRA,,,,,,,,,,,,-22.86555484,-43.34336341
2014-05-19 07:30:00,UNIDADE MOVEL MADUREIRA,,,,,,,,,,,,-22.86555484,-43.34336341
2014-05-19 08:30:00,UNIDADE MOVEL MADUREIRA,,,,,,,,,,,,-22.86555484,-43.34336341
2014-05-19 09:30:00,UNIDADE MOVEL MADUREIRA,,,,,,,,,,,,-22.86555484,-43.34336341
2014-05-19 10:30:00,UNIDADE MOVEL MADUREIRA,,,,,,,,,,,,-22.86555484,-43.34336341
2014-05-19 11:30:00,UNIDADE MOVEL MADUREIRA,,,,,,,,,,,,-22.86555484,-43.34336341
2014-05-19 12:30:00,UNIDADE MOVEL MADUREIRA,,,,,,,,,,,,-22.86555484,-43.34336341
2014-05-19 13:30:00,UNIDADE MOVEL MADUREIRA,,,,,,,,,,,,-22.86555484,-43.34336341
2014-05-19 14:30:00,UNIDADE MOVEL MADUREIRA,,25.63,66.08,,,,,,62.18,,,-22.86555484,-43.34336341
2014-05-19 15:30:00,UNIDADE MOVEL MADUREIRA,,25.33,68.41,5.41,,0.51,,,50.15,,,-22.86555484,-43.34336341
2014-05-19 16:30:00,UNIDADE MOVEL MADUREIRA,,24.716666666666665,70.91666666666667,3.606666666666667,,0.92,,,40.403333333333336,,,-22.86555484,-43.34336341
2014-05-19 17:30:00,UNIDADE MOVEL MADUREIRA,,24.10333333333333,73.42333333333333,1.8033333333333337,,1.33,,,30.656666666666666,,,-22.86555484,-43.34336341
2014-05-19 18:30:00,UNIDADE MOVEL MADUREIRA,,23.49,75.93,0.0,,1.74,,,20.91,,,-22.86555484,-43.34336341
2014-05-19 19:30:00,UNIDADE MOVEL MADUREIRA,,23.17,78.57,0.0,,,,,11.65,,,-22.86555484,-43.34336341
2014-05-19 20:30:00,UNIDADE MOVEL MADUREIRA,,22.83,79.21,0.0,,,,,0.73,,,-22.86555484,-43.34336341
2014-05-19 21:30:00,UNIDADE MOVEL MADUREIRA,,22.64,79.84,0.0,,,,,0.0,,,-22.86555484,-43.34336341
2014-05-19 22:30:00,UNIDADE MOVEL MADUREIRA,,22.24,82.3,0.0,,,,,0.0,,,-22.86555484,-43.34336341
2014-05-19 23:30:00,UNIDADE MOVEL MADUREIRA,,21.6,85.37,0.0,,,,,0.0,,,-22.86555484,-43.34336341
2014-05-20 00:30:00,UNIDADE MOVEL MADUREIRA,,21.77,86.14,1.5,,1.14,,,0.0,,,-22.86555484,-43.34336341
2014-05-20 01:30:00,UNIDADE MOVEL MADUREIRA,,21.58,86.51,2.74,,1.39,,,0.0,,,-22.86555484,-43.34336341
2014-05-20 02:30:00,UNIDADE MOVEL MADUREIRA,,21.18,87.44,0.07,,0.92,,,0.0,,,-22.86555484,-43.34336341
2014-05-20 03:30:00,UNIDADE MOVEL MADUREIRA,,20.88,89.5,0.0,,0.56,,,0.0,,,-22.86555484,-43.34336341
2014-05-20 04:30:00,UNIDADE MOVEL MADUREIRA,,21.15,87.59,0.14,,0.21,,,0.03,,,-22.86555484,-43.34336341
2014-05-20 05:30:00,UNIDADE MOVEL MADUREIRA,,20.75,89.23,1.39,,,,,0.0,,,-22.86555484,-43.34336341
2014-05-20 06:30:00,UNIDADE MOVEL MADUREIRA,,20.5,89.54,1.97,,,,,0.0,,,-22.86555484,-43.34336341
2014-05-20 07:30:00,UNIDADE MOVEL MADUREIRA,,21.3,86.32,0.01,,,,,0.36,,,-22.86555484,-43.34336341
2014-05-20 08:30:00,UNIDADE MOVEL MADUREIRA,,23.18,77.85,3.0,,,,,12.14,,,-22.86555484,-43.34336341
2014-05-20 09:30:00,UNIDADE MOVEL MADUREIRA,,24.23,72.49,10.69,,,,,26.7,,,-22.86555484,-43.34336341
2014-05-20 10:30:00,UNIDADE MOVEL MADUREIRA,0.0,25.2,66.71,17.0,,,,,33.42,,30.0,-22.86555484,-43.34336341
2014-05-20 11:30:00,UNIDADE MOVEL MADUREIRA,0.0,26.23,59.86,13.59,,,,,50.83,,23.0,-22.86555484,-43.34336341
2014-05-20 12:30:00,UNIDADE MOVEL MADUREIRA,0.0,26.43,60.61,10.583333333333334,,,,,58.693333333333335,,,-22.86555484,-43.34336341
2014-05-20 13:30:00,UNIDADE MOVEL MADUREIRA,0.0,26.63,61.36,7.576666666666667,,0.11,,,66.55666666666667,,,-22.86555484,-43.34336341
2014-05-20 14:30:00,UNIDADE MOVEL MADUREIRA,0.0,26.94,60.08,4.57,,1.18,,,74.42,,,-22.86555484,-43.34336341
2014-05-20 15:30:00,UNIDADE MOVEL MADUREIRA,0.0,25.94666666666667,64.92333333333333,3.046666666666667,,0.8875,,,67.51333333333334,,,-22.86555484,-43.34336341
2014-05-20 16:30:00,UNIDADE MOVEL MADUREIRA,0.0,24.953333333333333,69.76666666666667,1.5233333333333334,,0.595,,,60.60666666666667,,,-22.86555484,-43.34336341
2014-05-20 17:30:00,UNIDADE MOVEL MADUREIRA,0.0,23.96,74.61,0.0,,0.3025,,,53.7,,,-22.86555484,-43.34336341
2014-05-20 18:30:00,UNIDADE MOVEL MADUREIRA,0.0,23.47,76.93,0.0,,0.01,,,54.22,,23.0,-22.86555484,-43.34336341
2014-05-20 19:30:00,UNIDADE MOVEL MADUREIRA,0.0,23.3,77.6,0.0,,0.01,,,60.28,,18.0,-22.86555484,-43.34336341
2014-05-20 20:30:00,UNIDADE MOVEL MADUREIRA,0.0,23.07,78.71,0.0,,0.01,,,49.01,,10.0,-22.86555484,-43.34336341
2014-05-20 21:30:00,UNIDADE MOVEL MADUREIRA,0.0,22.57,82.04,0.0,,0.01,,,16.16,,20.0,-22.86555484,-43.34336341
2014-05-20 22:30:00,UNIDADE MOVEL MADUREIRA,0.0,22.34,82.93,0.0,,0.09,,,0.02,,27.0,-22.86555484,-43.34336341
2014-05-20 23:30:00,UNIDADE MOVEL MADUREIRA,0.0,22.08,83.16,0.0,,0.08,,,0.0,,29.0,-22.86555484,-43.34336341
2014-05-21 00:30:00,UNIDADE MOVEL MADUREIRA,0.0,21.6,85.63,0.57,,0.16,,,0.0,,27.0,-22.86555484,-43.34336341
2014-05-21 01:30:00,UNIDADE MOVEL MADUREIRA,0.0,21.69,85.14,0.16,,0.17,,,0.0,,32.0,-22.86555484,-43.34336341
2014-05-21 02:30:00,UNIDADE MOVEL MADUREIRA,0.0,22.02,83.59,0.0,,0.05,,,0.0,,34.0,-22.86555484,-43.34336341
2014-05-21 03:30:00,UNIDADE MOVEL MADUREIRA,0.0,22.04,82.72,0.94,,0.0,,,0.0,,23.0,-22.86555484,-43.34336341
2014-05-21 04:30:00,UNIDADE MOVEL MADUREIRA,0.0,21.68,83.71,0.0,,0.0,,,0.0,,14.0,-22.86555484,-43.34336341
2014-05-21 05:30:00,UNIDADE MOVEL MADUREIRA,0.0,21.37,85.11,0.0,,0.0,,,0.0,,14.0,-22.86555484,-43.34336341
2014-05-21 06:30:00,UNIDADE MOVEL MADUREIRA,0.0,21.34,86.4,0.0,,0.0,,,0.0,,17.0,-22.86555484,-43.34336341
2014-05-21 07:30:00,UNIDADE MOVEL MADUREIRA,0.0,21.66,85.98,0.0,,0.0,,,1.47,,20.0,-22.86555484,-43.34336341
2014-05-21 08:30:00,UNIDADE MOVEL MADUREIRA,0.0,22.31,83.11,0.0,,0.04,,,5.15,,21.0,-22.86555484,-43.34336341
2014-05-21 09:30:00,UNIDADE MOVEL MADUREIRA,0.0,23.85,75.9,0.0,,,,,11.99,,,-22.86555484,-43.34336341
2014-05-21 10:30:00,UNIDADE MOVEL MADUREIRA,0.0,24.9,71.29,0.0,,,,,25.09,,,-22.86555484,-43.34336341
2014-05-21 11:30:00,UNIDADE MOVEL MADUREIRA,0.0,26.26,64.11,33.72,,,,,50.67,,,-22.86555484,-43.34336341
2014-05-21 12:30:00,UNIDADE MOVEL MADUREIRA,0.0,27.406666666666666,58.68333333333333,26.326666666666664,,,,,61.61666666666667,,,-22.86555484,-43.34336341
2014-05-21 13:30:00,UNIDADE MOVEL MADUREIRA,0.0,28.553333333333335,53.25666666666667,18.93333333333333,,,,,72.56333333333333,,,-22.86555484,-43.34336341
2014-05-21 14:30:00,UNIDADE MOVEL MADUREIRA,0.0,29.7,47.83,11.54,,,,,83.51,,,-22.86555484,-43.34336341
2014-05-21 15:30:00,UNIDADE MOVEL MADUREIRA,0.0,29.94,43.09,0.0,,,,,76.89,,,-22.86555484,-43.34336341
2014-05-21 16:30:00,UNIDADE MOVEL MADUREIRA,0.0,28.98,48.77,0.0,,,,,56.33,,,-22.86555484,-43.34336341
2014-05-21 17:30:00,UNIDADE MOVEL MADUREIRA,0.0,27.79,58.31,0.0,,,,,26.43,,,-22.86555484,-43.34336341
2014-05-21 18:30:00,UNIDADE MOVEL MADUREIRA,0.0,26.67,64.62,0.0,,,,,1.09,,,-22.86555484,-43.34336341
2014-05-21 19:30:00,UNIDADE MOVEL MADUREIRA,0.0,26.47,65.54,0.0,,,,,0.08,,,-22.86555484,-43.34336341
2014-05-21 20:30:00,UNIDADE MOVEL MADUREIRA,0.0,25.71,70.85,0.0,,,,,7.81,,,-22.86555484,-43.34336341
2014-05-21 21:30:00,UNIDADE MOVEL MADUREIRA,0.0,25.25,71.65,0.0,,,,,1.33,,,-22.86555484,-43.34336341
2014-05-21 22:30:00,UNIDADE MOVEL MADUREIRA,0.0,24.77,70.98,0.0,,,,,0.0,,,-22.86555484,-43.34336341
2014-05-21 23:30:00,UNIDADE MOVEL MADUREIRA,0.0,24.48,68.33,0.0,,,,,0.0,,,-22.86555484,-43.34336341
2014-05-22 00:30:00,UNIDADE MOVEL MADUREIRA,0.0,23.22,72.55,5.63,,,,,0.0,,,-22.86555484,-43.34336341
2014-05-22 01:30:00,UNIDADE MOVEL MADUREIRA,0.0,22.95,72.1,7.46,,,,,0.0,,,-22.86555484,-43.34336341
2014-05-22 02:30:00,UNIDADE MOVEL MADUREIRA,0.0,22.47,74.35,8.02,,,,,0.0,,,-22.86555484,-43.34336341
2014-05-22 03:30:00,UNIDADE MOVEL MADUREIRA,0.0,22.01,78.1,7.39,,,,,0.0,,,-22.86555484,-43.34336341
2014-05-22 04:30:00,UNIDADE MOVEL MADUREIRA,0.0,21.56,78.62,6.61,,,,,0.0,,,-22.86555484,-43.34336341
2014-05-22 05:30:00,UNIDADE MOVEL MADUREIRA,0.0,21.27,79.39,6.51,,,,,0.0,,36.0,-22.86555484,-43.34336341
2014-05-22 06:30:00,UNIDADE MOVEL MADUREIRA,0.0,21.77,73.44,7.1,,,,,0.0,,42.0,-22.86555484,-43.34336341
2014-05-22 07:30:00,UNIDADE MOVEL MADUREIRA,0.0,22.9,69.71,7.01,,,,,0.0,,46.0,-22.86555484,-43.34336341
2014-05-22 08:30:00,UNIDADE MOVEL MADUREIRA,0.0,27.14,45.34,3.85,,,,,3.43,,44.0,-22.86555484,-43.34336341
2014-05-22 09:30:00,UNIDADE MOVEL MADUREIRA,0.0,29.78,36.82,2.3,,,,,17.83,,32.0,-22.86555484,-43.34336341
2014-05-22 10:30:00,UNIDADE MOVEL MADUREIRA,0.0,30.87,33.55,3.09,,,,,32.77,,16.0,-22.86555484,-43.34336341
2014-05-22 11:30:00,UNIDADE MOVEL MADUREIRA,0.0,31.67,31.74,5.31,,,,,40.91,,14.0,-22.86555484,-43.34336341
2014-05-22 12:30:00,UNIDADE MOVEL MADUREIRA,0.0,32.38,30.36,7.67,,,,,42.67,,14.0,-22.86555484,-43.34336341
2014-05-22 13:30:00,UNIDADE MOVEL MADUREIRA,0.0,33.19,29.46,9.58,,,,,44.52,,12.0,-22.86555484,-43.34336341
2014-05-22 14:30:00,UNIDADE MOVEL MADUREIRA,0.0,33.26,30.69,9.68,,,,,45.76,,13.0,-22.86555484,-43.34336341
2014-05-22 15:30:00,UNIDADE MOVEL MADUREIRA,0.0,33.53,31.25,8.06,,,,,48.66,,17.0,-22.86555484,-43.34336341
2014-05-22 16:30:00,UNIDADE MOVEL MADUREIRA,0.0,33.34,32.0,4.51,,,,,38.01,,9.0,-22.86555484,-43.34336341
2014-05-22 17:30:00,UNIDADE MOVEL MADUREIRA,0.0,31.94,35.38,1.91,,0.93,,,22.81,,17.0,-22.86555484,-43.34336341
2014-05-22 18:30:00,UNIDADE MOVEL MADUREIRA,0.0,30.46,39.8,0.0,,1.25,,,4.77,,31.0,-22.86555484,-43.34336341
2014-05-22 19:30:00,UNIDADE MOVEL MADUREIRA,0.0,29.32,43.65,3.55,,0.65,,,0.0,,34.0,-22.86555484,-43.34336341
2014-05-22 20:30:00,UNIDADE MOVEL MADUREIRA,0.0,27.98,49.94,5.12,,1.67,,,0.32,,34.0,-22.86555484,-43.34336341
2014-05-22 21:30:00,UNIDADE MOVEL MADUREIRA,0.0,27.95,50.46,1.15,,1.16,,,0.27,,59.0,-22.86555484,-43.34336341
2014-05-22 22:30:00,UNIDADE MOVEL MADUREIRA,0.0,27.22,51.91,0.0,,0.28,,,8.23,,40.0,-22.86555484,-43.34336341
2014-05-22 23:30:00,UNIDADE MOVEL MADUREIRA,0.0,26.17,54.16,0.0,,0.38,,,5.25,,25.0,-22.86555484,-43.34336341
2014-05-23 00:30:00,UNIDADE MOVEL MADUREIRA,0.0,25.13,59.07,1.67,,0.87,,,0.0,,22.0,-22.86555484,-43.34336341
2014-05-23 01:30:00,UNIDADE MOVEL MADUREIRA,0.0,25.4,58.88,2.8,,1.45,,,0.0,,26.0,-22.86555484,-43.34336341
2014-05-23 02:30:00,UNIDADE MOVEL MADUREIRA,0.0,25.5,58.7,3.71,,0.71,,,0.21,,27.0,-22.86555484,-43.34336341
2014-05-23 03:30:00,UNIDADE MOVEL MADUREIRA,0.0,27.9,49.17,1.08,,0.22,,,31.93,,17.0,-22.86555484,-43.34336341
2014-05-23 04:30:00,UNIDADE MOVEL MADUREIRA,0.0,27.63,50.25,0.77,,0.15,,,39.77,,12.0,-22.86555484,-43.34336341
2014-05-23 05:30:00,UNIDADE MOVEL MADUREIRA,0.0,27.33,51.7,1.12,,0.17,,,30.3,,9.0,-22.86555484,-43.34336341
2014-05-23 06:30:00,UNIDADE MOVEL MADUREIRA,0.0,26.85,54.25,2.44,,0.26,,,15.69,,10.0,-22.86555484,-43.34336341
2014-05-23 07:30:00,UNIDADE MOVEL MADUREIRA,0.0,27.1,55.38,4.12,,0.49,,,4.52,,21.0,-22.86555484,-43.34336341
2014-05-23 08:30:00,UNIDADE MOVEL MADUREIRA,0.0,27.32,58.35,2.97,,0.21,,,16.94,,29.0,-22.86555484,-43.34336341
2014-05-23 09:30:00,UNIDADE MOVEL MADUREIRA,0.0,27.67,61.15,2.34,,0.05,,,27.9,,9.0,-22.86555484,-43.34336341
2014-05-23 10:30:00,UNIDADE MOVEL MADUREIRA,0.0,27.68,60.05,2.56,,0.05,,,33.08,,9.0,-22.86555484,-43.34336341
2014-05-23 11:30:00,UNIDADE MOVEL MADUREIRA,0.0,27.87,57.72,1.3,,0.23,,,41.34,,5.0,-22.86555484,-43.34336341
2014-05-23 12:30:00,UNIDADE MOVEL MADUREIRA,0.0,27.7,58.35,1.15,,0.36,,,44.37,,3.0,-22.86555484,-43.34336341
2014-05-23 13:30:00,UNIDADE MOVEL MADUREIRA,0.0,28.22,55.2,0.54,,0.49,,,49.17,,5.0,-22.86555484,-43.34336341
2014-05-23 14:30:00,UNIDADE MOVEL MADUREIRA,0.0,27.67,59.02,1.14,,0.49,,,50.12,,5.0,-22.86555484,-43.34336341
2014-05-23 15:30:00,UNIDADE MOVEL MADUREIRA,0.0,26.33,68.18,1.12,,0.55,,,42.47,,4.0,-22.86555484,-43.34336341
2014-05-23 16:30:00,UNIDADE MOVEL MADUREIRA,0.0,25.17,77.28,0.85,,0.44,,,41.64,,8.0,-22.86555484,-43.34336341
2014-05-23 17:30:00,UNIDADE MOVEL MADUREIRA,0.0,24.97,78.98,0.42,,0.47,,,31.82,,12.0,-22.86555484,-43.34336341
2014-05-23 18:30:00,UNIDADE MOVEL MADUREIRA,0.0,24.45,82.63,0.09,,0.52,,,29.91,,12.0,-22.86555484,-43.34336341
2014-05-23 19:30:00,UNIDADE MOVEL MADUREIRA,0.0,23.95,85.62,0.0,,0.55,,,25.61,,10.0,-22.86555484,-43.34336341
2014-05-23 20:30:00,UNIDADE MOVEL MADUREIRA,0.0,23.37,87.87,0.0,,0.57,,,16.19,,6.0,-22.86555484,-43.34336341
2014-05-23 21:30:00,UNIDADE MOVEL MADUREIRA,0.0,23.17,86.22,0.02,,0.57,,,16.41,,3.0,-22.86555484,-43.34336341
2014-05-23 22:30:00,UNIDADE MOVEL MADUREIRA,0.0,23.27,85.05,0.0,,0.67,,,14.0,,2.0,-22.86555484,-43.34336341
2014-05-23 23:30:00,UNIDADE MOVEL MADUREIRA,0.0,22.86,88.66,0.72,,0.44,,,25.01,,5.0,-22.86555484,-43.34336341
2014-05-24 00:30:00,UNIDADE MOVEL MADUREIRA,0.0,22.22,91.43,1.44,,0.21,,,31.63,,5.0,-22.86555484,-43.34336341
2014-05-24 01:30:00,UNIDADE MOVEL MADUREIRA,0.0,21.12,92.45,0.91,,0.18,,,42.01,,4.0,-22.86555484,-43.34336341
2014-05-24 02:30:00,UNIDADE MOVEL MADUREIRA,0.0,20.85,92.77,0.17,,0.15,,,45.51,,0.0,-22.86555484,-43.34336341
2014-05-24 03:30:00,UNIDADE MOVEL MADUREIRA,1.0,20.58,93.4,0.2,,0.15,,,45.47,,0.0,-22.86555484,-43.34336341
2014-05-24 04:30:00,UNIDADE MOVEL MADUREIRA,0.0,20.33,93.32,0.06,,0.1,,,46.59,,2.0,-22.86555484,-43.34336341
2014-05-24 05:30:00,UNIDADE MOVEL MADUREIRA,0.0,20.3,93.07,0.06,,0.1,,,42.8,,1.0,-22.86555484,-43.34336341
2014-05-24 06:30:00,UNIDADE MOVEL MADUREIRA,0.0,20.48,91.78,0.13,,0.1,,,36.82,,0.0,-22.86555484,-43.34336341
2014-05-24 07:30:00,UNIDADE MOVEL MADUREIRA,0.0,20.93,89.88,0.03,,0.1,,,23.33,,0.0,-22.86555484,-43.34336341
2014-05-24 08:30:00,UNIDADE MOVEL MADUREIRA,1.0,21.17,89.75,0.0,,0.12,,,15.32,,1.0,-22.86555484,-43.34336341
2014-05-24 09:30:00,UNIDADE MOVEL MADUREIRA,1.0,20.4,92.67,0.0,,0.08,,,29.77,,3.0,-22.86555484,-43.34336341
2014-05-24 10:30:00,UNIDADE MOVEL MADUREIRA,0.0,21.03,88.77,0.0,,0.21,,,37.32,,3.0,-22.86555484,-43.34336341
2014-05-24 11:30:00,UNIDADE MOVEL MADUREIRA,0.0,21.87,82.98,0.05,,0.33,,,39.43,,3.0,-22.86555484,-43.34336341
2014-05-24 12:30:00,UNIDADE MOVEL MADUREIRA,0.0,21.38,86.35,0.23,,0.26,,,37.05,,1.0,-22.86555484,-43.34336341
2014-05-24 13:30:00,UNIDADE MOVEL MADUREIRA,0.0,21.47,85.9,0.04,,0.12,,,36.92,,1.0,-22.86555484,-43.34336341
2014-05-24 14:30:00,UNIDADE MOVEL MADUREIRA,0.0,21.67,83.63,0.09,,0.09,,,36.2,,2.0,-22.86555484,-43.34336341
2014-05-24 15:30:00,UNIDADE MOVEL MADUREIRA,0.0,21.45,84.05,0.0,,0.13,,,33.56,,2.0,-22.86555484,-43.34336341
2014-05-24 16:30:00,UNIDADE MOVEL MADUREIRA,0.0,20.93,83.8,0.0,,0.12,,,29.54,,5.0,-22.86555484,-43.34336341
2014-05-24 17:30:00,UNIDADE MOVEL MADUREIRA,0.0,20.9,84.12,0.01,,0.26,,,22.64,,5.0,-22.86555484,-43.34336341
2014-05-24 18:30:00,UNIDADE MOVEL MADUREIRA,0.0,20.97,84.67,0.0,,0.26,,,16.51,,9.0,-22.86555484,-43.34336341
2014-05-24 19:30:00,UNIDADE MOVEL MADUREIRA,0.0,20.82,86.37,0.0,,0.29,,,9.95,,9.0,-22.86555484,-43.34336341
2014-05-24 20:30:00,UNIDADE MOVEL MADUREIRA,0.0,20.7,87.4,0.0,,0.32,,,11.06,,7.0,-22.86555484,-43.34336341
2014-05-24 21:30:00,UNIDADE MOVEL MADUREIRA,0.0,20.95,86.33,0.0,,0.94,,,7.61,,9.0,-22.86555484,-43.34336341
2014-05-24 22:30:00,UNIDADE MOVEL MADUREIRA,0.0,21.13,85.78,0.0,,2.73,,,0.0,,9.0,-22.86555484,-43.34336341
2014-05-24 23:30:00,UNIDADE MOVEL MADUREIRA,0.0,21.16,85.64,0.0,,1.63,,,0.0,,9.0,-22.86555484,-43.34336341
2014-05-25 00:30:00,UNIDADE MOVEL MADUREIRA,0.0,20.95,87.53,0.0,,0.53,,,0.0,,6.0,-22.86555484,-43.34336341
2014-05-25 01:30:00,UNIDADE MOVEL MADUREIRA,0.0,20.78,88.5,0.0,,0.43,,,0.06,,2.0,-22.86555484,-43.34336341
2014-05-25 02:30:00,UNIDADE MOVEL MADUREIRA,0.0,20.17,90.28,0.0,,0.22,,,18.1,,0.0,-22.86555484,-43.34336341
2014-05-25 03:30:00,UNIDADE MOVEL MADUREIRA,0.0,20.15,90.28,0.0,,0.18,,,25.52,,1.0,-22.86555484,-43.34336341
2014-05-25 04:30:00,UNIDADE MOVEL MADUREIRA,0.0,20.17,90.17,0.0,,0.15,,,29.67,,0.0,-22.86555484,-43.34336341
2014-05-25 05:30:00,UNIDADE MOVEL MADUREIRA,0.0,20.03,90.83,0.0,,0.14,,,35.73,,0.0,-22.86555484,-43.34336341
2014-05-25 06:30:00,UNIDADE MOVEL MADUREIRA,0.0,19.9,93.22,0.0,,0.14,,,30.6,,0.0,-22.86555484,-43.34336341
2014-05-25 07:30:00,UNIDADE MOVEL MADUREIRA,0.0,19.8,94.72,0.0,,0.12,,,30.17,,0.0,-22.86555484,-43.34336341
2014-05-25 08:30:00,UNIDADE MOVEL MADUREIRA,0.0,19.8,94.62,0.0,,0.16,,,29.69,,0.0,-22.86555484,-43.34336341
2014-05-25 09:30:00,UNIDADE MOVEL MADUREIRA,1.0,20.0,94.32,0.0,,0.18,,,18.69,,2.0,-22.86555484,-43.34336341
2014-05-25 10:30:00,UNIDADE MOVEL MADUREIRA,0.0,21.57,84.0,0.0,,0.18,,,27.36,,5.0,-22.86555484,-43.34336341
2014-05-25 11:30:00,UNIDADE MOVEL MADUREIRA,0.0,22.4,77.38,0.0,,0.24,,,29.41,,4.0,-22.86555484,-43.34336341
2014-05-25 12:30:00,UNIDADE MOVEL MADUREIRA,0.0,23.08,74.45,0.0,,0.39,,,35.62,,2.0,-22.86555484,-43.34336341
2014-05-25 13:30:00,UNIDADE MOVEL MADUREIRA,0.0,22.42,79.37,0.0,,0.44,,,21.79,,1.0,-22.86555484,-43.34336341
2014-05-25 14:30:00,UNIDADE MOVEL MADUREIRA,0.0,23.1,76.25,0.06,,0.52,,,20.91,,4.0,-22.86555484,-43.34336341
2014-05-25 15:30:00,UNIDADE MOVEL MADUREIRA,0.0,23.3,74.07,0.07,,0.34,,,24.64,,7.0,-22.86555484,-43.34336341
2014-05-25 16:30:00,UNIDADE MOVEL MADUREIRA,0.0,22.73,77.32,0.0,,0.65,,,25.43,,6.0,-22.86555484,-43.34336341
2014-05-25 17:30:00,UNIDADE MOVEL MADUREIRA,0.0,22.33,79.47,0.0,,0.69,,,18.66,,5.0,-22.86555484,-43.34336341
2014-05-25 18:30:00,UNIDADE MOVEL MADUREIRA,0.0,22.28,79.77,0.48,,0.65,,,4.04,,18.0,-22.86555484,-43.34336341
2014-05-25 19:30:00,UNIDADE MOVEL MADUREIRA,0.0,22.4,80.47,0.19,,0.64,,,7.4,,19.0,-22.86555484,-43.34336341
2014-05-25 20:30:00,UNIDADE MOVEL MADUREIRA,0.0,22.38,80.92,0.0,,0.69,,,6.92,,4.0,-22.86555484,-43.34336341
2014-05-25 21:30:00,UNIDADE MOVEL MADUREIRA,0.0,22.37,81.18,0.0,,0.88,,,3.71,,5.0,-22.86555484,-43.34336341
2014-05-25 22:30:00,UNIDADE MOVEL MADUREIRA,0.0,22.43,79.58,0.0,,0.84,,,7.21,,7.0,-22.86555484,-43.34336341
2014-05-25 23:30:00,UNIDADE MOVEL MADUREIRA,0.0,22.15,81.3,1.6799999999999997,,0.62,,,6.9399999999999995,,8.0,-22.86555484,-43.34336341
2014-05-26 00:30:00,UNIDADE MOVEL MADUREIRA,0.0,21.87,83.02,3.36,,0.4,,,6.67,,3.0,-22.86555484,-43.34336341
2014-05-26 01:30:00,UNIDADE MOVEL MADUREIRA,0.0,21.68,84.65,5.14,,0.4,,,4.32,,1.0,-22.86555484,-43.34336341
2014-05-26 02:30:00,UNIDADE MOVEL MADUREIRA,0.0,21.47,85.92,5.07,,0.46,,,2.94,,3.0,-22.86555484,-43.34336341
2014-05-26 03:30:00,UNIDADE MOVEL MADUREIRA,0.0,21.3,86.88,4.47,,0.61,,,9.97,,2.0,-22.86555484,-43.34336341
2014-05-26 04:30:00,UNIDADE MOVEL MADUREIRA,0.0,21.2,87.57,5.29,,0.67,,,12.06,,5.0,-22.86555484,-43.34336341
2014-05-26 05:30:00,UNIDADE MOVEL MADUREIRA,0.0,21.25,87.62,4.5,,0.74,,,3.08,,3.0,-22.86555484,-43.34336341
2014-05-26 06:30:00,UNIDADE MOVEL MADUREIRA,0.0,21.43,86.63,5.46,,1.02,,,0.0,,2.0,-22.86555484,-43.34336341
2014-05-26 07:30:00,UNIDADE MOVEL MADUREIRA,0.0,21.62,86.88,5.54,,0.96,,,0.08,,4.0,-22.86555484,-43.34336341
2014-05-26 08:30:00,UNIDADE MOVEL MADUREIRA,0.0,22.22,84.3,3.5,,0.77,,,2.4,,6.0,-22.86555484,-43.34336341
2014-05-26 09:30:00,UNIDADE MOVEL MADUREIRA,0.0,23.22,79.63,2.33,,0.75,,,6.19,,6.0,-22.86555484,-43.34336341
2014-05-26 10:30:00,UNIDADE MOVEL MADUREIRA,0.0,25.05,72.13,4.3,,0.58,,,9.9,,7.0,-22.86555484,-43.34336341
2014-05-26 11:30:00,UNIDADE MOVEL MADUREIRA,0.0,25.43,71.52,11.38,,0.91,,,9.42,,20.0,-22.86555484,-43.34336341
2014-05-26 12:30:00,UNIDADE MOVEL MADUREIRA,0.0,26.23,69.88,5.71,,1.75,,,7.0,,14.0,-22.86555484,-43.34336341
2014-05-26 13:30:00,UNIDADE MOVEL MADUREIRA,0.0,28.0,60.02,2.81,,1.0,,,17.7,,11.0,-22.86555484,-43.34336341
2014-05-26 14:30:00,UNIDADE MOVEL MADUREIRA,0.0,30.05,53.52,3.18,,0.52,,,31.26,,8.0,-22.86555484,-43.34336341
2014-05-26 15:30:00,UNIDADE MOVEL MADUREIRA,0.0,30.52,53.17,5.01,,0.2,,,37.81,,9.0,-22.86555484,-43.34336341
2014-05-26 16:30:00,UNIDADE MOVEL MADUREIRA,0.0,29.7,56.1,5.94,,0.46,,,31.33,,12.0,-22.86555484,-43.34336341
2014-05-26 17:30:00,UNIDADE MOVEL MADUREIRA,0.0,28.65,61.73,3.16,,1.04,,,6.88,,10.0,-22.86555484,-43.34336341
2014-05-26 18:30:00,UNIDADE MOVEL MADUREIRA,0.0,26.65,71.52,9.71,,0.93,,,0.07,,10.0,-22.86555484,-43.34336341
2014-05-26 19:30:00,UNIDADE MOVEL MADUREIRA,0.0,25.87,76.13,7.42,,1.24,,,0.1,,22.0,-22.86555484,-43.34336341
2014-05-26 20:30:00,UNIDADE MOVEL MADUREIRA,0.0,24.98,79.43,4.91,,0.89,,,4.55,,25.0,-22.86555484,-43.34336341
2014-05-26 21:30:00,UNIDADE MOVEL MADUREIRA,0.0,24.42,79.5,0.41,,0.11,,,11.48,,14.0,-22.86555484,-43.34336341
2014-05-26 22:30:00,UNIDADE MOVEL MADUREIRA,0.0,24.18,78.57,0.0,,0.15,,,35.0,,13.0,-22.86555484,-43.34336341
2014-05-26 23:30:00,UNIDADE MOVEL MADUREIRA,0.0,23.5,79.14,0.325,,0.16999999999999998,,,34.25,,9.0,-22.86555484,-43.34336341
2014-05-27 00:30:00,UNIDADE MOVEL MADUREIRA,0.0,23.19,78.56,0.65,,0.19,,,29.39,,4.0,-22.86555484,-43.34336341
2014-05-27 01:30:00,UNIDADE MOVEL MADUREIRA,0.0,23.02,77.89,1.49,,0.24,,,29.87,,3.0,-22.86555484,-43.34336341
2014-05-27 02:30:00,UNIDADE MOVEL MADUREIRA,0.0,22.38,75.56,0.31,,0.36,,,31.85,,4.0,-22.86555484,-43.34336341
2014-05-27 03:30:00,UNIDADE MOVEL MADUREIRA,0.0,22.28,77.39,0.12,,0.42,,,29.64,,4.0,-22.86555484,-43.34336341
2014-05-27 04:30:00,UNIDADE MOVEL MADUREIRA,0.0,22.08,79.09,0.2,,0.66,,,24.58,,3.0,-22.86555484,-43.34336341
2014-05-27 05:30:00,UNIDADE MOVEL MADUREIRA,0.0,22.18,77.79,0.0,,0.9,,,11.33,,3.0,-22.86555484,-43.34336341
2014-05-27 06:30:00,UNIDADE MOVEL MADUREIRA,0.0,22.37,76.38,0.0,,0.81,,,1.25,,3.0,-22.86555484,-43.34336341
2014-05-27 07:30:00,UNIDADE MOVEL MADUREIRA,0.0,22.36,73.59,0.0,,1.2,,,1.78,,4.0,-22.86555484,-43.34336341
2014-05-27 08:30:00,UNIDADE MOVEL MADUREIRA,0.0,22.81,68.45,0.0,,1.03,,,7.8,,5.0,-22.86555484,-43.34336341
2014-05-27 09:30:00,UNIDADE MOVEL MADUREIRA,0.0,23.36,64.17,0.0,,1.1,,,18.66,,3.0,-22.86555484,-43.34336341
2014-05-27 10:30:00,UNIDADE MOVEL MADUREIRA,0.0,23.44,61.85,0.0,,1.25,,,19.69,,1.0,-22.86555484,-43.34336341
2014-05-27 11:30:00,UNIDADE MOVEL MADUREIRA,0.0,24.08,59.07,1.89,,0.04,,,28.84,,2.0,-22.86555484,-43.34336341
2014-05-27 12:30:00,UNIDADE MOVEL MADUREIRA,0.0,24.23,58.65,5.42,,0.08,,,35.57,,7.0,-22.86555484,-43.34336341
2014-05-27 13:30:00,UNIDADE MOVEL MADUREIRA,,24.134999999999998,56.5,2.785,,0.07,,,42.18,,11.0,-22.86555484,-43.34336341
2014-05-27 14:30:00,UNIDADE MOVEL MADUREIRA,,24.04,54.35,0.15,,0.06,,,48.79,,,-22.86555484,-43.34336341
2014-05-27 15:30:00,UNIDADE MOVEL MADUREIRA,,23.9,54.62,0.0,,0.54,,,51.92,,,-22.86555484,-43.34336341
2014-05-27 16:30:00,UNIDADE MOVEL MADUREIRA,,23.89,56.05,0.0,,0.37,,,47.22,,,-22.86555484,-43.34336341
2014-05-27 17:30:00,UNIDADE MOVEL MADUREIRA,,22.8,62.99,0.0,,0.395,,,36.7,,,-22.86555484,-43.34336341
2014-05-27 18:30:00,UNIDADE MOVEL MADUREIRA,,22.28,66.47,0.0,,0.42,,,26.67,,,-22.86555484,-43.34336341
2014-05-27 19:30:00,UNIDADE MOVEL MADUREIRA,,22.04,68.72,0.0,,0.93,,,24.21,,,-22.86555484,-43.34336341
2014-05-27 20:30:00,UNIDADE MOVEL MADUREIRA,,21.69,71.58,0.0,,0.8,,,15.37,,,-22.86555484,-43.34336341
2014-05-27 21:30:00,UNIDADE MOVEL MADUREIRA,,22.13,73.14,0.0,,0.93,,,20.57,,,-22.86555484,-43.34336341
2014-05-27 22:30:00,UNIDADE MOVEL MADUREIRA,,22.27,73.03,0.0,,0.96,,,13.81,,,-22.86555484,-43.34336341
2014-05-27 23:30:00,UNIDADE MOVEL MADUREIRA,,,,,,,,,,,4.0,-22.86555484,-43.34336341
2014-05-28 00:30:00,UNIDADE MOVEL MADUREIRA,,,,,,,,,,,,-22.86555484,-43.34336341
2014-05-28 01:30:00,UNIDADE MOVEL MADUREIRA,,,,,,,,,,,,-22.86555484,-43.34336341
2014-05-28 02:30:00,UNIDADE MOVEL MADUREIRA,,,,,,,,,,,,-22.86555484,-43.34336341
2014-05-28 03:30:00,UNIDADE MOVEL MADUREIRA,,,,,,,,,,,,-22.86555484,-43.34336341
2014-05-28 04:30:00,UNIDADE MOVEL MADUREIRA,,,,,,,,,,,,-22.86555484,-43.34336341
2014-05-28 05:30:00,UNIDADE MOVEL MADUREIRA,,,,,,,,,,,,-22.86555484,-43.34336341
2014-05-28 06:30:00,UNIDADE MOVEL MADUREIRA,,,,,,,,,,,,-22.86555484,-43.34336341
2014-05-28 07:30:00,UNIDADE MOVEL MADUREIRA,,,,,,,,,,,,-22.86555484,-43.34336341
2014-05-28 08:30:00,UNIDADE MOVEL MADUREIRA,,,,,,,,,,,,-22.86555484,-43.34336341
2014-05-28 09:30:00,UNIDADE MOVEL MADUREIRA,,,,,,,,,,,,-22.86555484,-43.34336341
2014-05-28 10:30:00,UNIDADE MOVEL MADUREIRA,,20.25,92.51,0.0,,0.05,,,33.04,,5.0,-22.86555484,-43.34336341
2014-05-28 11:30:00,UNIDADE MOVEL MADUREIRA,0.0,21.1,88.21,0.0,,0.02,,,32.66,,3.0,-22.86555484,-43.34336341
2014-05-28 12:30:00,UNIDADE MOVEL MADUREIRA,0.0,20.71,89.11,0.0,,0.02,,,28.98,,1.0,-22.86555484,-43.34336341
2014-05-28 13:30:00,UNIDADE MOVEL MADUREIRA,2.0,20.14,90.51,0.0,,0.06,,,31.35,,1.0,-22.86555484,-43.34336341
2014-05-28 14:30:00,UNIDADE MOVEL MADUREIRA,0.0,19.64,86.66,0.0,,0.13,,,32.78,,1.0,-22.86555484,-43.34336341
2014-05-28 15:30:00,UNIDADE MOVEL MADUREIRA,0.0,20.53,85.44,0.0,,0.08,,,25.26,,1.0,-22.86555484,-43.34336341
2014-05-28 16:30:00,UNIDADE MOVEL MADUREIRA,,20.78,85.32,,,,,,17.31,,1.0,-22.86555484,-43.34336341
2014-05-28 17:30:00,UNIDADE MOVEL MADUREIRA,,18.85,92.42,,,,,,10.07,,5.5,-22.86555484,-43.34336341
2014-05-28 18:30:00,UNIDADE MOVEL MADUREIRA,,18.64,93.00999999999999,,,,,,8.75,,10.0,-22.86555484,-43.34336341
2014-05-28 19:30:00,UNIDADE MOVEL MADUREIRA,,18.43,93.6,,,,,,7.43,,10.0,-22.86555484,-43.34336341
2014-05-28 20:30:00,UNIDADE MOVEL MADUREIRA,,18.75,92.71,,,,,,0.24,,8.0,-22.86555484,-43.34336341
2014-05-28 21:30:00,UNIDADE MOVEL MADUREIRA,2.0,18.9,91.38,,,,,,0.0,,7.0,-22.86555484,-43.34336341
2014-05-28 22:30:00,UNIDADE MOVEL MADUREIRA,0.0,18.75,90.67,,,,,,0.0,,8.0,-22.86555484,-43.34336341
2014-05-28 23:30:00,UNIDADE MOVEL MADUREIRA,0.0,18.84,89.23,,,,,,0.06,,6.0,-22.86555484,-43.34336341
2014-05-29 00:30:00,UNIDADE MOVEL MADUREIRA,0.0,18.98,89.26,3.21,,0.22,,,0.0,,7.0,-22.86555484,-43.34336341
2014-05-29 01:30:00,UNIDADE MOVEL MADUREIRA,0.0,18.92,90.75,7.48,,0.18,,,0.0,,10.0,-22.86555484,-43.34336341
2014-05-29 02:30:00,UNIDADE MOVEL MADUREIRA,0.0,18.75,91.74,10.04,,0.14,,,0.09,,11.0,-22.86555484,-43.34336341
2014-05-29 03:30:00,UNIDADE MOVEL MADUREIRA,0.0,18.7,91.59,25.29,,0.23,,,0.0,,16.0,-22.86555484,-43.34336341
2014-05-29 04:30:00,UNIDADE MOVEL MADUREIRA,0.0,18.67,91.2,17.07,,0.08,,,2.55,,21.0,-22.86555484,-43.34336341
2014-05-29 05:30:00,UNIDADE MOVEL MADUREIRA,0.0,18.74,88.53,5.83,,0.02,,,5.86,,11.0,-22.86555484,-43.34336341
2014-05-29 06:30:00,UNIDADE MOVEL MADUREIRA,0.0,18.74,90.54,6.71,,0.13,,,0.17,,7.0,-22.86555484,-43.34336341
2014-05-29 07:30:00,UNIDADE MOVEL MADUREIRA,0.0,19.13,89.57,10.54,,0.26,,,0.73,,7.0,-22.86555484,-43.34336341
2014-05-29 08:30:00,UNIDADE MOVEL MADUREIRA,0.0,19.76,85.48,5.57,,0.21,,,2.16,,26.0,-22.86555484,-43.34336341
2014-05-29 09:30:00,UNIDADE MOVEL MADUREIRA,0.0,21.36,76.63,6.42,,0.11,,,10.3,,13.0,-22.86555484,-43.34336341
2014-05-29 10:30:00,UNIDADE MOVEL MADUREIRA,0.0,22.95,66.5,12.52,,0.4,,,21.54,,19.0,-22.86555484,-43.34336341
2014-05-29 11:30:00,UNIDADE MOVEL MADUREIRA,0.0,23.63,62.19,15.13,,0.38,,,29.68,,25.0,-22.86555484,-43.34336341
2014-05-29 12:30:00,UNIDADE MOVEL MADUREIRA,0.0,22.84,67.78,13.31,,0.31,,,28.39,,22.0,-22.86555484,-43.34336341
2014-05-29 13:30:00,UNIDADE MOVEL MADUREIRA,,21.53,74.42,7.66,,0.75,,,27.48,,,-22.86555484,-43.34336341
2014-05-29 14:30:00,UNIDADE MOVEL MADUREIRA,,21.18,77.72,3.15,,0.56,,,33.98,,,-22.86555484,-43.34336341
2014-05-29 15:30:00,UNIDADE MOVEL MADUREIRA,,20.67,80.19,0.51,,0.29,,,36.1,,,-22.86555484,-43.34336341
2014-05-29 16:30:00,UNIDADE MOVEL MADUREIRA,,20.54,77.3,0.05,,0.24,,,28.91,,,-22.86555484,-43.34336341
2014-05-29 17:30:00,UNIDADE MOVEL MADUREIRA,,20.32,76.43,0.01,,0.22,,,13.61,,,-22.86555484,-43.34336341
2014-05-29 18:30:00,UNIDADE MOVEL MADUREIRA,,20.2,75.39,0.31,,0.32,,,0.43,,,-22.86555484,-43.34336341
2014-05-29 19:30:00,UNIDADE MOVEL MADUREIRA,,20.03,76.26,0.2,,0.24,,,0.01,,,-22.86555484,-43.34336341
2014-05-29 20:30:00,UNIDADE MOVEL MADUREIRA,,19.91,75.18,0.41,,0.35,,,0.0,,,-22.86555484,-43.34336341
2014-05-29 21:30:00,UNIDADE MOVEL MADUREIRA,,19.68,77.63,0.41,,0.61,,,0.0,,,-22.86555484,-43.34336341
2014-05-29 22:30:00,UNIDADE MOVEL MADUREIRA,,19.15,81.76,1.88,,1.56,,,0.0,,,-22.86555484,-43.34336341
2014-05-29 23:30:00,UNIDADE MOVEL MADUREIRA,,19.34,82.51,2.66,,1.21,,,0.0,,,-22.86555484,-43.34336341
2014-05-30 00:30:00,UNIDADE MOVEL MADUREIRA,,19.22,86.06,3.14,,0.67,,,0.0,,,-22.86555484,-43.34336341
2014-05-30 01:30:00,UNIDADE MOVEL MADUREIRA,,19.12,86.42,3.27,,0.79,,,0.0,,,-22.86555484,-43.34336341
2014-05-30 02:30:00,UNIDADE MOVEL MADUREIRA,,18.76,88.37,3.01,,0.34,,,0.0,,,-22.86555484,-43.34336341
2014-05-30 03:30:00,UNIDADE MOVEL MADUREIRA,,18.18,92.22,2.5,,0.31,,,0.0,,,-22.86555484,-43.34336341
2014-05-30 04:30:00,UNIDADE MOVEL MADUREIRA,,17.8,93.65,2.58,,0.57,,,0.0,,,-22.86555484,-43.34336341
2014-05-30 05:30:00,UNIDADE MOVEL MADUREIRA,,18.07,93.37,2.89,,0.71,,,0.0,,,-22.86555484,-43.34336341
2014-05-30 06:30:00,UNIDADE MOVEL MADUREIRA,,18.26,91.81,3.51,,1.08,,,0.0,,,-22.86555484,-43.34336341
2014-05-30 07:30:00,UNIDADE MOVEL MADUREIRA,,18.88,89.16,4.27,,1.28,,,0.47,,,-22.86555484,-43.34336341
2014-05-30 08:30:00,UNIDADE MOVEL MADUREIRA,,20.85,80.04,5.98,,0.25,,,1.6,,,-22.86555484,-43.34336341
2014-05-30 09:30:00,UNIDADE MOVEL MADUREIRA,,21.65,75.53,9.22,,0.07,,,3.73,,,-22.86555484,-43.34336341
2014-05-30 10:30:00,UNIDADE MOVEL MADUREIRA,,23.28,65.71,14.17,,0.11,,,16.98,,,-22.86555484,-43.34336341
2014-05-30 11:30:00,UNIDADE MOVEL MADUREIRA,,24.06,56.25,17.33,,0.06,,,43.95,,,-22.86555484,-43.34336341
2014-05-30 12:30:00,UNIDADE MOVEL MADUREIRA,,25.37,48.47,13.71,,0.08,,,45.54,,12.0,-22.86555484,-43.34336341
2014-05-30 13:30:00,UNIDADE MOVEL MADUREIRA,,25.130000000000003,51.855000000000004,11.02,,0.07,,,45.125,,28.0,-22.86555484,-43.34336341
2014-05-30 14:30:00,UNIDADE MOVEL MADUREIRA,,24.89,55.24,8.33,,0.06,,,44.71,,,-22.86555484,-43.34336341
2014-05-30 15:30:00,UNIDADE MOVEL MADUREIRA,,24.91,49.47,11.82,,0.05,,,35.07,,,-22.86555484,-43.34336341
2014-05-30 16:30:00,UNIDADE MOVEL MADUREIRA,,23.95,48.35,8.25,,0.05,,,27.41,,,-22.86555484,-43.34336341
2014-05-30 17:30:00,UNIDADE MOVEL MADUREIRA,,22.94,55.74,4.05,,0.17,,,19.57,,,-22.86555484,-43.34336341
2014-05-30 19:30:00,UNIDADE MOVEL MADUREIRA,,21.1,72.05,1.34,,0.32333333333333336,,,0.0,,,-22.86555484,-43.34336341
2014-05-30 20:30:00,UNIDADE MOVEL MADUREIRA,,20.76,74.02,1.45,,0.4,,,0.0,,,-22.86555484,-43.34336341
2014-05-30 21:30:00,UNIDADE MOVEL MADUREIRA,,21.06,74.76,2.2,,0.16,,,0.07,,,-22.86555484,-43.34336341
2014-05-30 22:30:00,UNIDADE MOVEL MADUREIRA,,20.61,76.84,3.55,,0.06,,,0.27,,,-22.86555484,-43.34336341
2014-05-31 00:30:00,UNIDADE MOVEL MADUREIRA,,19.2,82.67,3.24,,2.23,,,0.0,,,-22.86555484,-43.34336341
2014-05-31 01:30:00,UNIDADE MOVEL MADUREIRA,,18.6,85.73,4.24,,2.27,,,0.0,,,-22.86555484,-43.34336341
2014-05-31 02:30:00,UNIDADE MOVEL MADUREIRA,,18.2,87.51,4.32,,2.2,,,0.0,,,-22.86555484,-43.34336341
2014-05-31 04:30:00,UNIDADE MOVEL MADUREIRA,,17.62,89.88,3.8,,,,,0.0,,,-22.86555484,-43.34336341
2014-05-31 05:30:00,UNIDADE MOVEL MADUREIRA,,17.4,90.47,4.55,,,,,0.0,,,-22.86555484,-43.34336341
2014-06-01 00:30:00,UNIDADE MOVEL MADUREIRA,0.0,,,,,,,,,,,-22.86555484,-43.34336341
2014-06-01 01:30:00,UNIDADE MOVEL MADUREIRA,0.0,,,,,,,,,,,-22.86555484,-43.34336341
2014-06-01 02:30:00,UNIDADE MOVEL MADUREIRA,0.0,,,,,,,,,,,-22.86555484,-43.34336341
2014-06-01 03:30:00,UNIDADE MOVEL MADUREIRA,0.0,,,,,,,,,,,-22.86555484,-43.34336341
2014-06-01 04:30:00,UNIDADE MOVEL MADUREIRA,0.0,,,,,,,,,,,-22.86555484,-43.34336341
2014-06-01 05:30:00,UNIDADE MOVEL MADUREIRA,0.0,,,,,,,,,,,-22.86555484,-43.34336341
2014-06-01 06:30:00,UNIDADE MOVEL MADUREIRA,0.0,,,,,,,,,,,-22.86555484,-43.34336341
2014-06-01 07:30:00,UNIDADE MOVEL MADUREIRA,0.0,,,,,,,,,,,-22.86555484,-43.34336341
2014-06-01 08:30:00,UNIDADE MOVEL MADUREIRA,0.0,,,,,,,,,,,-22.86555484,-43.34336341
2014-06-01 09:30:00,UNIDADE MOVEL MADUREIRA,0.0,,,,,,,,,,,-22.86555484,-43.34336341
2014-06-01 10:30:00,UNIDADE MOVEL MADUREIRA,0.0,,,,,,,,,,,-22.86555484,-43.34336341
2014-06-01 11:30:00,UNIDADE MOVEL MADUREIRA,0.0,,,,,,,,,,,-22.86555484,-43.34336341
2014-06-01 12:30:00,UNIDADE MOVEL MADUREIRA,0.0,,,,,,,,,,,-22.86555484,-43.34336341
2014-06-01 13:30:00,UNIDADE MOVEL MADUREIRA,0.0,,,,,,,,,,,-22.86555484,-43.34336341
2014-06-01 14:30:00,UNIDADE MOVEL MADUREIRA,0.0,,,,,,,,,,,-22.86555484,-43.34336341
2014-06-01 15:30:00,UNIDADE MOVEL MADUREIRA,0.0,28.96,42.9,4.61,,0.13,,,34.42,,,-22.86555484,-43.34336341
2014-06-01 16:30:00,UNIDADE MOVEL MADUREIRA,0.0,27.89,47.16,2.31,,0.46,,,25.28,,15.0,-22.86555484,-43.34336341
2014-06-01 17:30:00,UNIDADE MOVEL MADUREIRA,0.0,26.05,55.28,0.93,,0.39,,,33.33,,17.0,-22.86555484,-43.34336341
2014-06-01 18:30:00,UNIDADE MOVEL MADUREIRA,1.0,23.59,68.89,1.29,,0.33,,,25.03,,20.0,-22.86555484,-43.34336341
2014-06-01 19:30:00,UNIDADE MOVEL MADUREIRA,0.0,22.68,77.76,2.21,,0.34,,,12.47,,10.0,-22.86555484,-43.34336341
2014-06-01 20:30:00,UNIDADE MOVEL MADUREIRA,0.0,22.48,78.95,2.6,,0.59,,,4.81,,12.0,-22.86555484,-43.34336341
2014-06-01 21:30:00,UNIDADE MOVEL MADUREIRA,1.0,22.31,80.0,2.68,,0.74,,,5.82,,12.0,-22.86555484,-43.34336341
2014-06-01 22:30:00,UNIDADE MOVEL MADUREIRA,0.0,21.82,84.8,2.69,,0.85,,,0.17,,23.0,-22.86555484,-43.34336341
2014-06-01 23:30:00,UNIDADE MOVEL MADUREIRA,0.0,22.01,83.34,2.96,,0.89,,,0.0,,8.0,-22.86555484,-43.34336341
2014-06-02 00:30:00,UNIDADE MOVEL MADUREIRA,0.0,,20.0,0.78,,,,,,,20.0,-22.86555484,-43.34336341
2014-06-02 01:30:00,UNIDADE MOVEL MADUREIRA,0.0,,13.0,0.85,,,,,,,13.0,-22.86555484,-43.34336341
2014-06-02 02:30:00,UNIDADE MOVEL MADUREIRA,0.0,,20.0,0.66,,,,,,,20.0,-22.86555484,-43.34336341
2014-06-02 03:30:00,UNIDADE MOVEL MADUREIRA,0.0,,11.0,0.62,,,,,,,11.0,-22.86555484,-43.34336341
2014-06-02 04:30:00,UNIDADE MOVEL MADUREIRA,0.0,,24.0,0.67,,,,,,,24.0,-22.86555484,-43.34336341
2014-06-02 05:30:00,UNIDADE MOVEL MADUREIRA,0.0,,17.0,0.83,,,,,,,17.0,-22.86555484,-43.34336341
2014-06-02 06:30:00,UNIDADE MOVEL MADUREIRA,0.0,,23.0,1.43,,,,,,,23.0,-22.86555484,-43.34336341
2014-06-02 07:30:00,UNIDADE MOVEL MADUREIRA,0.0,,23.0,1.7,,,,,,,23.0,-22.86555484,-43.34336341
2014-06-02 08:30:00,UNIDADE MOVEL MADUREIRA,0.0,,42.1,2.68,,,,,,,25.0,-22.86555484,-43.34336341
2014-06-02 09:30:00,UNIDADE MOVEL MADUREIRA,0.0,24.51,71.77,9.16,,0.87,,,10.09,,27.0,-22.86555484,-43.34336341
2014-06-02 10:30:00,UNIDADE MOVEL MADUREIRA,0.0,25.97,63.02,7.58,,0.52,,,23.86,,18.0,-22.86555484,-43.34336341
2014-06-02 11:30:00,UNIDADE MOVEL MADUREIRA,0.0,27.23,54.12,3.93,,0.53,,,38.98,,8.0,-22.86555484,-43.34336341
2014-06-02 12:30:00,UNIDADE MOVEL MADUREIRA,0.0,27.67,53.01,6.5,,0.07,,,42.76,,,-22.86555484,-43.34336341
2014-06-02 13:30:00,UNIDADE MOVEL MADUREIRA,0.0,25.86,60.23,7.31,,0.14,,,40.66,,,-22.86555484,-43.34336341
2014-06-02 14:30:00,UNIDADE MOVEL MADUREIRA,0.0,25.71,59.63,3.66,,0.32,,,56.84,,,-22.86555484,-43.34336341
2014-06-02 15:30:00,UNIDADE MOVEL MADUREIRA,0.0,24.25,68.49,3.65,,0.41,,,49.75,,,-22.86555484,-43.34336341
2014-06-02 16:30:00,UNIDADE MOVEL MADUREIRA,0.0,23.51,70.36,0.68,,0.06,,,47.3,,,-22.86555484,-43.34336341
2014-06-02 17:30:00,UNIDADE MOVEL MADUREIRA,0.0,22.54,76.2,0.0,,0.18,,,41.46,,1.0,-22.86555484,-43.34336341
2014-06-02 18:30:00,UNIDADE MOVEL MADUREIRA,0.0,22.05,78.03,0.0,,0.22,,,34.77,,3.0,-22.86555484,-43.34336341
2014-06-02 19:30:00,UNIDADE MOVEL MADUREIRA,0.0,21.94,77.06,0.0,,0.11,,,34.25,,5.0,-22.86555484,-43.34336341
2014-06-02 20:30:00,UNIDADE MOVEL MADUREIRA,0.0,20.93,83.61,0.0,,0.22,,,32.27,,4.0,-22.86555484,-43.34336341
2014-06-02 21:30:00,UNIDADE MOVEL MADUREIRA,0.0,20.95,85.2,0.0,,0.36,,,16.82,,5.0,-22.86555484,-43.34336341
2014-06-02 22:30:00,UNIDADE MOVEL MADUREIRA,0.0,20.89,81.33,0.0,,0.41,,,12.15,,8.0,-22.86555484,-43.34336341
2014-06-02 23:30:00,UNIDADE MOVEL MADUREIRA,0.0,20.67,81.08,0.0,,0.48,,,16.43,,6.0,-22.86555484,-43.34336341
2014-06-03 00:30:00,UNIDADE MOVEL MADUREIRA,0.0,20.64,78.65,0.1,,0.18,,,31.94,,2.0,-22.86555484,-43.34336341
2014-06-03 01:30:00,UNIDADE MOVEL MADUREIRA,0.0,20.71,73.36,0.3,,0.17,,,41.98,,2.0,-22.86555484,-43.34336341
2014-06-03 02:30:00,UNIDADE MOVEL MADUREIRA,0.0,20.62,71.19,0.34,,0.05,,,44.45,,6.0,-22.86555484,-43.34336341
2014-06-03 03:30:00,UNIDADE MOVEL MADUREIRA,0.0,20.54,70.68,0.41,,0.07,,,44.61,,7.0,-22.86555484,-43.34336341
2014-06-03 04:30:00,UNIDADE MOVEL MADUREIRA,0.0,20.42,69.65,0.13,,0.03,,,42.8,,3.0,-22.86555484,-43.34336341
2014-06-03 05:30:00,UNIDADE MOVEL MADUREIRA,0.0,20.3,70.25,0.01,,0.04,,,36.31,,2.0,-22.86555484,-43.34336341
2014-06-03 06:30:00,UNIDADE MOVEL MADUREIRA,0.0,20.26,69.61,0.43,,0.04,,,27.53,,4.0,-22.86555484,-43.34336341
2014-06-03 07:30:00,UNIDADE MOVEL MADUREIRA,0.0,20.16,70.68,0.98,,0.12,,,14.6,,1.0,-22.86555484,-43.34336341
2014-06-03 08:30:00,UNIDADE MOVEL MADUREIRA,0.0,21.09,65.28,1.23,,0.05,,,21.26,,4.0,-22.86555484,-43.34336341
2014-06-03 09:30:00,UNIDADE MOVEL MADUREIRA,0.0,21.46,60.35,0.66,,0.06,,,35.89,,8.0,-22.86555484,-43.34336341
2014-06-03 10:30:00,UNIDADE MOVEL MADUREIRA,0.0,21.77,57.18,0.57,,0.07,,,42.39,,5.0,-22.86555484,-43.34336341
2014-06-03 11:30:00,UNIDADE MOVEL MADUREIRA,0.0,22.14,56.25,0.95,,0.15,,,44.25,,4.0,-22.86555484,-43.34336341
2014-06-03 12:30:00,UNIDADE MOVEL MADUREIRA,0.0,22.1,56.89,0.95,,0.05,,,40.11,,6.0,-22.86555484,-43.34336341
2014-06-03 13:30:00,UNIDADE MOVEL MADUREIRA,0.0,22.18,55.86,0.96,,0.11,,,44.99,,4.0,-22.86555484,-43.34336341
2014-06-03 14:30:00,UNIDADE MOVEL MADUREIRA,0.0,22.07,56.17,0.75,,0.42,,,43.96,,6.0,-22.86555484,-43.34336341
2014-06-03 15:30:00,UNIDADE MOVEL MADUREIRA,0.0,21.95,56.56,0.83,,0.86,,,44.65,,5.0,-22.86555484,-43.34336341
2014-06-03 16:30:00,UNIDADE MOVEL MADUREIRA,0.0,21.3,58.24,1.01,,0.8,,,43.61,,2.0,-22.86555484,-43.34336341
2014-06-03 17:30:00,UNIDADE MOVEL MADUREIRA,0.0,20.93,58.9,1.12,,0.22,,,27.9,,2.0,-22.86555484,-43.34336341
2014-06-03 18:30:00,UNIDADE MOVEL MADUREIRA,0.0,20.8,58.88,1.25,,0.26,,,16.64,,4.0,-22.86555484,-43.34336341
2014-06-03 19:30:00,UNIDADE MOVEL MADUREIRA,0.0,20.71,60.6,1.86,,0.28,,,20.37,,7.0,-22.86555484,-43.34336341
2014-06-03 20:30:00,UNIDADE MOVEL MADUREIRA,0.0,20.69,60.63,2.17,,0.21,,,23.04,,9.0,-22.86555484,-43.34336341
2014-06-03 21:30:00,UNIDADE MOVEL MADUREIRA,0.0,20.58,61.65,2.04,,0.75,,,13.07,,12.0,-22.86555484,-43.34336341
2014-06-03 22:30:00,UNIDADE MOVEL MADUREIRA,0.0,20.45,62.84,1.72,,0.84,,,7.32,,11.0,-22.86555484,-43.34336341
2014-06-03 23:30:00,UNIDADE MOVEL MADUREIRA,0.0,20.44,64.16,1.9,,0.77,,,1.2,,11.0,-22.86555484,-43.34336341
2014-06-04 00:30:00,UNIDADE MOVEL MADUREIRA,0.0,20.28,66.9,2.49,,0.35,,,0.31,,10.0,-22.86555484,-43.34336341
2014-06-04 01:30:00,UNIDADE MOVEL MADUREIRA,0.0,19.45,70.88,2.15,,0.42,,,0.44,,22.0,-22.86555484,-43.34336341
2014-06-04 02:30:00,UNIDADE MOVEL MADUREIRA,0.0,18.8,74.98,1.59,,0.55,,,0.0,,21.0,-22.86555484,-43.34336341
2014-06-04 03:30:00,UNIDADE MOVEL MADUREIRA,0.0,18.83,74.3,1.48,,0.14,,,1.27,,15.0,-22.86555484,-43.34336341
2014-06-04 04:30:00,UNIDADE MOVEL MADUREIRA,0.0,18.55,75.38,1.57,,0.95,,,0.35,,16.0,-22.86555484,-43.34336341
2014-06-04 05:30:00,UNIDADE MOVEL MADUREIRA,0.0,17.83,80.03,2.47,,1.16,,,0.0,,9.0,-22.86555484,-43.34336341
2014-06-04 06:30:00,UNIDADE MOVEL MADUREIRA,0.0,17.51,82.3,2.27,,1.22,,,0.0,,11.0,-22.86555484,-43.34336341
2014-06-04 07:30:00,UNIDADE MOVEL MADUREIRA,0.0,18.35,78.63,3.6,,1.68,,,0.0,,13.0,-22.86555484,-43.34336341
2014-06-04 08:30:00,UNIDADE MOVEL MADUREIRA,0.0,20.35,70.47,4.99,,0.89,,,6.66,,17.0,-22.86555484,-43.34336341
2014-06-04 09:30:00,UNIDADE MOVEL MADUREIRA,0.0,21.52,66.36,5.32,,0.9,,,13.03,,49.0,-22.86555484,-43.34336341
2014-06-04 10:30:00,UNIDADE MOVEL MADUREIRA,0.0,22.75,60.55,6.77,,0.49,,,36.64,,31.0,-22.86555484,-43.34336341
2014-06-04 11:30:00,UNIDADE MOVEL MADUREIRA,0.0,24.15,56.62,8.23,,0.31,,,44.91,,22.0,-22.86555484,-43.34336341
2014-06-04 12:30:00,UNIDADE MOVEL MADUREIRA,0.0,24.11,55.38,9.71,,0.48,,,53.67,,12.0,-22.86555484,-43.34336341
2014-06-04 13:30:00,UNIDADE MOVEL MADUREIRA,0.0,24.73,53.28,9.49,,0.43,,,58.32,,12.0,-22.86555484,-43.34336341
2014-06-04 14:30:00,UNIDADE MOVEL MADUREIRA,0.0,25.29,53.14,9.08,,0.24,,,60.19,,13.0,-22.86555484,-43.34336341
2014-06-04 15:30:00,UNIDADE MOVEL MADUREIRA,0.0,24.7,57.15,9.07,,0.14,,,53.7,,11.0,-22.86555484,-43.34336341
2014-06-04 16:30:00,UNIDADE MOVEL MADUREIRA,0.0,24.05,61.18,7.57,,0.15,,,44.85,,16.0,-22.86555484,-43.34336341
2014-06-04 17:30:00,UNIDADE MOVEL MADUREIRA,0.0,22.55,68.37,5.54,,0.35,,,25.07,,20.0,-22.86555484,-43.34336341
2014-06-04 18:30:00,UNIDADE MOVEL MADUREIRA,0.0,21.78,71.43,5.17,,1.75,,,5.54,,17.0,-22.86555484,-43.34336341
2014-06-04 19:30:00,UNIDADE MOVEL MADUREIRA,0.0,21.65,72.35,5.73,,1.64,,,0.1,,20.0,-22.86555484,-43.34336341
2014-06-04 20:30:00,UNIDADE MOVEL MADUREIRA,0.0,21.95,71.3,7.15,,1.1,,,4.62,,17.0,-22.86555484,-43.34336341
2014-06-04 21:30:00,UNIDADE MOVEL MADUREIRA,0.0,21.82,72.78,3.9,,0.99,,,8.78,,10.0,-22.86555484,-43.34336341
2014-06-04 22:30:00,UNIDADE MOVEL MADUREIRA,0.0,21.35,74.83,3.54,,1.34,,,12.14,,12.0,-22.86555484,-43.34336341
2014-06-04 23:30:00,UNIDADE MOVEL MADUREIRA,0.0,20.76,79.63,2.85,,1.63,,,15.96,,15.0,-22.86555484,-43.34336341
2014-06-05 00:30:00,UNIDADE MOVEL MADUREIRA,0.0,20.14,83.53,1.9,,0.51,,,14.38,,12.0,-22.86555484,-43.34336341
2014-06-05 01:30:00,UNIDADE MOVEL MADUREIRA,0.0,19.48,86.99,1.76,,0.5,,,9.97,,11.0,-22.86555484,-43.34336341
2014-06-05 02:30:00,UNIDADE MOVEL MADUREIRA,0.0,18.87,89.41,1.43,,0.28,,,0.15,,11.0,-22.86555484,-43.34336341
2014-06-05 03:30:00,UNIDADE MOVEL MADUREIRA,0.0,18.66,89.45,1.62,,0.23,,,0.0,,18.0,-22.86555484,-43.34336341
2014-06-05 04:30:00,UNIDADE MOVEL MADUREIRA,0.0,18.3,90.13,1.63,,0.29,,,0.0,,15.0,-22.86555484,-43.34336341
2014-06-05 05:30:00,UNIDADE MOVEL MADUREIRA,0.0,18.38,90.44,2.11,,0.29,,,0.0,,18.0,-22.86555484,-43.34336341
2014-06-05 06:30:00,UNIDADE MOVEL MADUREIRA,0.0,18.87,90.7,2.27,,0.48,,,0.0,,23.0,-22.86555484,-43.34336341
2014-06-05 07:30:00,UNIDADE MOVEL MADUREIRA,0.0,18.82,91.93,1.74,,0.44,,,0.18,,31.0,-22.86555484,-43.34336341
2014-06-05 08:30:00,UNIDADE MOVEL MADUREIRA,0.0,19.36,89.21,1.54,,0.29,,,2.94,,43.0,-22.86555484,-43.34336341
2014-06-05 09:30:00,UNIDADE MOVEL MADUREIRA,0.0,21.39,79.83,3.62,,0.12,,,11.29,,50.0,-22.86555484,-43.34336341
2014-06-05 10:30:00,UNIDADE MOVEL MADUREIRA,0.0,23.87,68.53,14.58,,0.71,,,19.68,,52.0,-22.86555484,-43.34336341
2014-06-05 11:30:00,UNIDADE MOVEL MADUREIRA,0.0,26.09,58.23,15.17,,1.23,,,25.38,,61.0,-22.86555484,-43.34336341
2014-06-05 12:30:00,UNIDADE MOVEL MADUREIRA,0.0,28.58,48.45,24.25,,2.45,,,51.11,,56.0,-22.86555484,-43.34336341
2014-06-05 13:30:00,UNIDADE MOVEL MADUREIRA,0.0,30.17,42.17,31.19,,0.15,,,60.97,,54.0,-22.86555484,-43.34336341
2014-06-05 14:30:00,UNIDADE MOVEL MADUREIRA,0.0,30.13,41.92,35.67,,0.28,,,71.0,,62.0,-22.86555484,-43.34336341
2014-06-05 15:30:00,UNIDADE MOVEL MADUREIRA,0.0,30.47,42.2,48.42,,0.57,,,97.51,,35.0,-22.86555484,-43.34336341
2014-06-05 16:30:00,UNIDADE MOVEL MADUREIRA,0.0,29.68,42.38,45.83,,0.47,,,56.11,,55.0,-22.86555484,-43.34336341
2014-06-05 17:30:00,UNIDADE MOVEL MADUREIRA,0.0,28.1,43.02,13.01,,1.31,,,11.09,,23.0,-22.86555484,-43.34336341
2014-06-05 18:30:00,UNIDADE MOVEL MADUREIRA,0.0,26.77,47.18,6.8,,2.1,,,0.12,,26.0,-22.86555484,-43.34336341
2014-06-05 19:30:00,UNIDADE MOVEL MADUREIRA,0.0,25.53,57.57,6.47,,2.34,,,0.0,,29.0,-22.86555484,-43.34336341
2014-06-05 20:30:00,UNIDADE MOVEL MADUREIRA,0.0,24.82,61.32,9.6,,3.57,,,0.24,,35.0,-22.86555484,-43.34336341
2014-06-05 21:30:00,UNIDADE MOVEL MADUREIRA,0.0,24.92,67.73,9.88,,1.7,,,0.01,,64.0,-22.86555484,-43.34336341
2014-06-05 22:30:00,UNIDADE MOVEL MADUREIRA,0.0,24.93,65.45,7.0,,0.9,,,0.0,,42.0,-22.86555484,-43.34336341
2014-06-05 23:30:00,UNIDADE MOVEL MADUREIRA,0.0,23.91,69.87,6.06,,1.89,,,0.0,,31.0,-22.86555484,-43.34336341
2014-06-06 00:30:00,UNIDADE MOVEL MADUREIRA,0.0,22.6,76.78,6.5,,2.92,,,0.48,,39.0,-22.86555484,-43.34336341
2014-06-06 01:30:00,UNIDADE MOVEL MADUREIRA,0.0,22.38,78.27,6.64,,3.04,,,0.46,,58.0,-22.86555484,-43.34336341
2014-06-06 02:30:00,UNIDADE MOVEL MADUREIRA,0.0,22.1,79.72,6.53,,2.92,,,0.36,,59.0,-22.86555484,-43.34336341
2014-06-06 03:30:00,UNIDADE MOVEL MADUREIRA,0.0,21.6,81.65,6.11,,2.57,,,0.19,,54.0,-22.86555484,-43.34336341
2014-06-06 04:30:00,UNIDADE MOVEL MADUREIRA,0.0,21.32,83.05,5.8,,2.57,,,0.13,,47.0,-22.86555484,-43.34336341
2014-06-06 05:30:00,UNIDADE MOVEL MADUREIRA,0.0,21.47,81.38,5.76,,2.21,,,0.3,,52.0,-22.86555484,-43.34336341
2014-06-06 06:30:00,UNIDADE MOVEL MADUREIRA,0.0,21.67,79.63,5.77,,2.11,,,0.3,,47.0,-22.86555484,-43.34336341
2014-06-06 07:30:00,UNIDADE MOVEL MADUREIRA,0.0,22.37,76.75,6.61,,2.49,,,0.48,,52.0,-22.86555484,-43.34336341
2014-06-06 08:30:00,UNIDADE MOVEL MADUREIRA,0.0,23.72,69.6,7.64,,2.54,,,0.1,,57.0,-22.86555484,-43.34336341
2014-06-06 09:30:00,UNIDADE MOVEL MADUREIRA,0.0,25.47,63.3,9.23,,1.25,,,1.07,,45.0,-22.86555484,-43.34336341
2014-06-06 10:30:00,UNIDADE MOVEL MADUREIRA,0.0,27.75,55.3,9.62,,0.29,,,8.92,,42.0,-22.86555484,-43.34336341
2014-06-06 11:30:00,UNIDADE MOVEL MADUREIRA,0.0,29.73,47.8,11.2,,0.07,,,23.15,,35.0,-22.86555484,-43.34336341
2014-06-06 12:30:00,UNIDADE MOVEL MADUREIRA,0.0,28.88,51.05,9.91,,0.36,,,34.98,,40.0,-22.86555484,-43.34336341
2014-06-06 13:30:00,UNIDADE MOVEL MADUREIRA,0.0,27.92,54.83,5.08,,0.64,,,40.62,,13.0,-22.86555484,-43.34336341
2014-06-06 14:30:00,UNIDADE MOVEL MADUREIRA,0.0,28.37,53.43,4.65,,0.11,,,50.8,,13.0,-22.86555484,-43.34336341
2014-06-06 15:30:00,UNIDADE MOVEL MADUREIRA,0.0,29.08,50.7,6.12,,0.05,,,52.93,,22.0,-22.86555484,-43.34336341
2014-06-06 16:30:00,UNIDADE MOVEL MADUREIRA,0.0,28.07,53.43,5.41,,0.03,,,40.63,,18.0,-22.86555484,-43.34336341
2014-06-06 17:30:00,UNIDADE MOVEL MADUREIRA,0.0,27.32,55.0,3.62,,0.23,,,33.36,,18.0,-22.86555484,-43.34336341
2014-06-06 18:30:00,UNIDADE MOVEL MADUREIRA,0.0,26.43,59.1,3.12,,1.79,,,3.28,,13.0,-22.86555484,-43.34336341
2014-06-06 19:30:00,UNIDADE MOVEL MADUREIRA,0.0,25.75,62.87,3.62,,2.76,,,0.95,,45.0,-22.86555484,-43.34336341
2014-06-06 20:30:00,UNIDADE MOVEL MADUREIRA,0.0,25.48,65.73,5.58,,3.09,,,0.43,,53.0,-22.86555484,-43.34336341
2014-06-06 21:30:00,UNIDADE MOVEL MADUREIRA,0.0,25.02,72.57,9.05,,2.74,,,0.0,,56.0,-22.86555484,-43.34336341
2014-06-06 22:30:00,UNIDADE MOVEL MADUREIRA,0.0,24.88,73.25,10.18,,3.04,,,0.0,,39.0,-22.86555484,-43.34336341
2014-06-06 23:30:00,UNIDADE MOVEL MADUREIRA,0.0,24.6,73.22,9.105,,2.81,,,0.0,,35.0,-22.86555484,-43.34336341
2014-06-07 00:30:00,UNIDADE MOVEL MADUREIRA,0.0,23.7,77.98,8.03,,2.58,,,0.01,,44.0,-22.86555484,-43.34336341
2014-06-07 01:30:00,UNIDADE MOVEL MADUREIRA,0.0,23.35,80.52,7.39,,2.75,,,0.0,,52.0,-22.86555484,-43.34336341
2014-06-07 02:30:00,UNIDADE MOVEL MADUREIRA,0.0,23.12,81.77,6.59,,2.87,,,0.0,,56.0,-22.86555484,-43.34336341
2014-06-07 03:30:00,UNIDADE MOVEL MADUREIRA,0.0,22.7,84.08,6.79,,2.58,,,0.0,,54.0,-22.86555484,-43.34336341
2014-06-07 04:30:00,UNIDADE MOVEL MADUREIRA,0.0,22.73,83.7,5.01,,2.5,,,0.0,,58.0,-22.86555484,-43.34336341
2014-06-07 05:30:00,UNIDADE MOVEL MADUREIRA,0.0,22.45,84.45,5.29,,2.19,,,0.01,,48.0,-22.86555484,-43.34336341
2014-06-07 06:30:00,UNIDADE MOVEL MADUREIRA,0.0,22.5,84.43,5.54,,1.52,,,0.27,,54.0,-22.86555484,-43.34336341
2014-06-07 07:30:00,UNIDADE MOVEL MADUREIRA,0.0,23.0,83.02,5.66,,1.85,,,1.26,,62.0,-22.86555484,-43.34336341
2014-06-07 08:30:00,UNIDADE MOVEL MADUREIRA,0.0,25.55,71.25,8.21,,0.89,,,3.37,,66.0,-22.86555484,-43.34336341
2014-06-07 09:30:00,UNIDADE MOVEL MADUREIRA,0.0,27.77,60.77,12.88,,0.06,,,8.67,,58.0,-22.86555484,-43.34336341
2014-06-07 10:30:00,UNIDADE MOVEL MADUREIRA,0.0,29.08,54.13,28.41,,1.48,,,22.96,,47.0,-22.86555484,-43.34336341
2014-06-07 11:30:00,UNIDADE MOVEL MADUREIRA,0.0,30.4,48.3,31.08,,1.24,,,42.07,,43.0,-22.86555484,-43.34336341
2014-06-07 12:30:00,UNIDADE MOVEL MADUREIRA,0.0,,,,,,,,,,,-22.86555484,-43.34336341
2014-06-07 13:30:00,UNIDADE MOVEL MADUREIRA,0.0,,,,,,,,,,,-22.86555484,-43.34336341
2014-06-07 14:30:00,UNIDADE MOVEL MADUREIRA,0.0,,,,,,,,,,,-22.86555484,-43.34336341
2014-06-07 15:30:00,UNIDADE MOVEL MADUREIRA,0.0,,,,,,,,,,,-22.86555484,-43.34336341
2014-06-07 16:30:00,UNIDADE MOVEL MADUREIRA,0.0,,,,,,,,,,,-22.86555484,-43.34336341
2014-06-07 17:30:00,UNIDADE MOVEL MADUREIRA,0.0,,,,,,,,,,,-22.86555484,-43.34336341
2014-06-07 18:30:00,UNIDADE MOVEL MADUREIRA,0.0,,,,,,,,,,,-22.86555484,-43.34336341
2014-06-07 19:30:00,UNIDADE MOVEL MADUREIRA,0.0,,,,,,,,,,,-22.86555484,-43.34336341
2014-06-07 20:30:00,UNIDADE MOVEL MADUREIRA,0.0,,,,,,,,,,,-22.86555484,-43.34336341
2014-06-07 21:30:00,UNIDADE MOVEL MADUREIRA,0.0,,,,,,,,,,,-22.86555484,-43.34336341
2014-06-07 22:30:00,UNIDADE MOVEL MADUREIRA,0.0,,,,,,,,,,,-22.86555484,-43.34336341
2014-06-07 23:30:00,UNIDADE MOVEL MADUREIRA,0.0,,,,,,,,,,,-22.86555484,-43.34336341
2014-06-08 00:30:00,UNIDADE MOVEL MADUREIRA,0.0,,,,,,,,,,,-22.86555484,-43.34336341
2014-06-08 01:30:00,UNIDADE MOVEL MADUREIRA,0.0,,,,,,,,,,,-22.86555484,-43.34336341
2014-06-08 02:30:00,UNIDADE MOVEL MADUREIRA,0.0,,,,,,,,,,,-22.86555484,-43.34336341
2014-06-08 03:30:00,UNIDADE MOVEL MADUREIRA,0.0,,,,,,,,,,,-22.86555484,-43.34336341
2014-06-08 04:30:00,UNIDADE MOVEL MADUREIRA,0.0,,,,,,,,,,,-22.86555484,-43.34336341
2014-06-08 05:30:00,UNIDADE MOVEL MADUREIRA,0.0,,,,,,,,,,,-22.86555484,-43.34336341
2014-06-08 06:30:00,UNIDADE MOVEL MADUREIRA,0.0,,,,,,,,,,,-22.86555484,-43.34336341
2014-06-08 07:30:00,UNIDADE MOVEL MADUREIRA,0.0,,,,,,,,,,,-22.86555484,-43.34336341
2014-06-08 08:30:00,UNIDADE MOVEL MADUREIRA,0.0,,,,,,,,,,,-22.86555484,-43.34336341
2014-06-08 09:30:00,UNIDADE MOVEL MADUREIRA,0.0,,,,,,,,,,,-22.86555484,-43.34336341
2014-06-08 10:30:00,UNIDADE MOVEL MADUREIRA,0.0,30.36,37.42,,,,,,,,,-22.86555484,-43.34336341
2014-06-08 11:30:00,UNIDADE MOVEL MADUREIRA,0.0,31.27,35.72,5.54,,0.02,,,64.45,,,-22.86555484,-43.34336341
2014-06-08 12:30:00,UNIDADE MOVEL MADUREIRA,0.0,32.07,32.77,5.28,,0.24,,,56.48,,,-22.86555484,-43.34336341
2014-06-08 13:30:00,UNIDADE MOVEL MADUREIRA,0.0,32.62,31.42,6.25,,0.34,,,55.18,,,-22.86555484,-43.34336341
2014-06-08 14:30:00,UNIDADE MOVEL MADUREIRA,0.0,33.02,30.67,5.96,,0.04,,,55.18,,4.0,-22.86555484,-43.34336341
2014-06-08 15:30:00,UNIDADE MOVEL MADUREIRA,0.0,32.67,32.12,4.46,,0.01,,,55.83,,8.0,-22.86555484,-43.34336341
2014-06-08 16:30:00,UNIDADE MOVEL MADUREIRA,0.0,32.35,34.08,1.04,,0.02,,,59.06,,9.0,-22.86555484,-43.34336341
2014-06-08 17:30:00,UNIDADE MOVEL MADUREIRA,0.0,30.98,37.58,0.23,,0.13,,,41.37,,10.0,-22.86555484,-43.34336341
2014-06-08 18:30:00,UNIDADE MOVEL MADUREIRA,0.0,29.57,42.28,35.95,,0.45,,,6.29,,10.0,-22.86555484,-43.34336341
2014-06-08 19:30:00,UNIDADE MOVEL MADUREIRA,0.0,28.98,42.95,7.79,,0.41,,,17.17,,23.0,-22.86555484,-43.34336341
2014-06-08 20:30:00,UNIDADE MOVEL MADUREIRA,0.0,28.02,44.75,0.0,,0.49,,,12.86,,20.0,-22.86555484,-43.34336341
2014-06-08 21:30:00,UNIDADE MOVEL MADUREIRA,0.0,26.8,49.73,0.0,,1.13,,,0.66,,22.0,-22.86555484,-43.34336341
2014-06-08 22:30:00,UNIDADE MOVEL MADUREIRA,0.0,27.62,43.6,0.0,,0.52,,,10.58,,34.0,-22.86555484,-43.34336341
2014-06-08 23:30:00,UNIDADE MOVEL MADUREIRA,0.0,26.72,45.54,1.6949999999999998,,0.79,,,12.41,,16.0,-22.86555484,-43.34336341
2014-06-09 00:30:00,UNIDADE MOVEL MADUREIRA,0.0,24.83,54.13,3.39,,1.06,,,0.01,,20.0,-22.86555484,-43.34336341
2014-06-09 01:30:00,UNIDADE MOVEL MADUREIRA,0.0,23.9,59.08,4.78,,1.02,,,0.0,,22.0,-22.86555484,-43.34336341
2014-06-09 02:30:00,UNIDADE MOVEL MADUREIRA,0.0,23.47,60.03,3.86,,0.95,,,0.0,,26.0,-22.86555484,-43.34336341
2014-06-09 03:30:00,UNIDADE MOVEL MADUREIRA,0.0,23.17,61.0,3.19,,0.73,,,0.0,,20.0,-22.86555484,-43.34336341
2014-06-09 04:30:00,UNIDADE MOVEL MADUREIRA,0.0,22.33,68.12,2.28,,1.92,,,0.41,,26.0,-22.86555484,-43.34336341
2014-06-09 05:30:00,UNIDADE MOVEL MADUREIRA,0.0,21.52,71.82,3.01,,1.91,,,0.79,,32.0,-22.86555484,-43.34336341
2014-06-09 06:30:00,UNIDADE MOVEL MADUREIRA,0.0,22.15,67.62,3.64,,1.79,,,1.31,,54.0,-22.86555484,-43.34336341
2014-06-09 07:30:00,UNIDADE MOVEL MADUREIRA,0.0,23.07,65.67,5.63,,2.42,,,2.25,,38.0,-22.86555484,-43.34336341
2014-06-09 08:30:00,UNIDADE MOVEL MADUREIRA,0.0,26.3,53.02,7.18,,1.72,,,2.97,,43.0,-22.86555484,-43.34336341
2014-06-09 09:30:00,UNIDADE MOVEL MADUREIRA,0.0,28.07,46.6,7.11,,0.89,,,8.3,,31.0,-22.86555484,-43.34336341
2014-06-09 10:30:00,UNIDADE MOVEL MADUREIRA,0.0,29.48,41.97,9.62,,0.29,,,23.39,,42.0,-22.86555484,-43.34336341
2014-06-09 11:30:00,UNIDADE MOVEL MADUREIRA,0.0,30.2,40.83,10.11,,0.13,,,54.2,,22.0,-22.86555484,-43.34336341
2014-06-09 12:30:00,UNIDADE MOVEL MADUREIRA,0.0,28.88,52.17,7.75,,0.07,,,64.6,,13.0,-22.86555484,-43.34336341
2014-06-09 13:30:00,UNIDADE MOVEL MADUREIRA,0.0,27.65,57.68,2.27,,0.12,,,67.36,,13.0,-22.86555484,-43.34336341
2014-06-09 14:30:00,UNIDADE MOVEL MADUREIRA,0.0,27.18,60.03,0.01,,0.07,,,69.73,,12.0,-22.86555484,-43.34336341
2014-06-09 15:30:00,UNIDADE MOVEL MADUREIRA,0.0,26.52,63.07,0.0,,0.14,,,61.3,,8.0,-22.86555484,-43.34336341
2014-06-09 16:30:00,UNIDADE MOVEL MADUREIRA,0.0,25.57,69.93,0.0,,0.12,,,52.91,,7.0,-22.86555484,-43.34336341
2014-06-09 17:30:00,UNIDADE MOVEL MADUREIRA,0.0,24.97,72.8,0.0,,0.02,,,43.64,,9.0,-22.86555484,-43.34336341
2014-06-09 18:30:00,UNIDADE MOVEL MADUREIRA,0.0,24.83,70.98,0.13,,0.07,,,37.51,,8.0,-22.86555484,-43.34336341
2014-06-09 19:30:00,UNIDADE MOVEL MADUREIRA,0.0,24.75,70.62,0.11,,0.29,,,29.05,,9.0,-22.86555484,-43.34336341
2014-06-09 20:30:00,UNIDADE MOVEL MADUREIRA,0.0,24.58,73.15,0.0,,0.21,,,13.81,,10.0,-22.86555484,-43.34336341
2014-06-09 21:30:00,UNIDADE MOVEL MADUREIRA,0.0,24.45,69.63,0.0,,0.18,,,22.83,,16.0,-22.86555484,-43.34336341
2014-06-09 22:30:00,UNIDADE MOVEL MADUREIRA,0.0,24.27,71.75,0.0,,0.15,,,25.73,,4.0,-22.86555484,-43.34336341
2014-06-09 23:30:00,UNIDADE MOVEL MADUREIRA,0.0,24.0,76.44,0.265,,0.11,,,24.52,,7.0,-22.86555484,-43.34336341
2014-06-10 00:30:00,UNIDADE MOVEL MADUREIRA,0.0,23.63,81.08,0.53,,0.07,,,30.16,,6.0,-22.86555484,-43.34336341
2014-06-10 01:30:00,UNIDADE MOVEL MADUREIRA,0.0,23.28,83.48,0.57,,0.09,,,23.64,,5.0,-22.86555484,-43.34336341
2014-06-10 02:30:00,UNIDADE MOVEL MADUREIRA,0.0,23.15,84.93,0.07,,0.09,,,25.64,,5.0,-22.86555484,-43.34336341
2014-06-10 03:30:00,UNIDADE MOVEL MADUREIRA,0.0,23.05,85.7,0.0,,0.09,,,24.08,,1.0,-22.86555484,-43.34336341
2014-06-10 04:30:00,UNIDADE MOVEL MADUREIRA,0.0,23.02,85.82,0.0,,0.1,,,22.07,,1.0,-22.86555484,-43.34336341
2014-06-10 05:30:00,UNIDADE MOVEL MADUREIRA,1.0,21.98,90.15,0.0,,0.15,,,30.24,,3.0,-22.86555484,-43.34336341
2014-06-10 06:30:00,UNIDADE MOVEL MADUREIRA,0.0,21.9,91.35,0.0,,0.29,,,20.73,,1.0,-22.86555484,-43.34336341
2014-06-10 07:30:00,UNIDADE MOVEL MADUREIRA,0.0,21.97,92.47,0.0,,0.44,,,9.48,,0.0,-22.86555484,-43.34336341
2014-06-10 08:30:00,UNIDADE MOVEL MADUREIRA,2.0,22.1,91.73,0.0,,0.55,,,2.33,,1.0,-22.86555484,-43.34336341
2014-06-10 09:30:00,UNIDADE MOVEL MADUREIRA,0.0,22.03,91.95,0.0,,0.49,,,14.08,,3.0,-22.86555484,-43.34336341
2014-06-10 10:30:00,UNIDADE MOVEL MADUREIRA,0.0,22.72,88.33,0.0,,0.27,,,21.13,,4.333333333333333,-22.86555484,-43.34336341
2014-06-10 11:30:00,UNIDADE MOVEL MADUREIRA,0.0,22.93,84.58,0.0,,0.465,,,24.1775,,5.666666666666666,-22.86555484,-43.34336341
2014-06-10 12:30:00,UNIDADE MOVEL MADUREIRA,0.0,23.22,80.9,0.23,,0.66,,,27.225,,7.0,-22.86555484,-43.34336341
2014-06-10 13:30:00,UNIDADE MOVEL MADUREIRA,0.0,23.58,75.8,1.15,,0.53,,,30.2725,,8.0,-22.86555484,-43.34336341
2014-06-10 14:30:00,UNIDADE MOVEL MADUREIRA,0.0,23.38,75.78,2.07,,0.48,,,33.32,,8.0,-22.86555484,-43.34336341
2014-06-10 15:30:00,UNIDADE MOVEL MADUREIRA,0.0,22.87,78.1,2.9899999999999998,,0.31,,,35.19,,9.75,-22.86555484,-43.34336341
2014-06-10 16:30:00,UNIDADE MOVEL MADUREIRA,0.0,22.42,79.63,3.9099999999999997,,0.08,,,34.38,,11.5,-22.86555484,-43.34336341
2014-06-10 17:30:00,UNIDADE MOVEL MADUREIRA,0.0,22.1,81.32,4.83,,0.04,,,31.15,,13.25,-22.86555484,-43.34336341
2014-06-10 18:30:00,UNIDADE MOVEL MADUREIRA,0.0,22.02,84.12,5.38,,0.04,,,16.86,,15.0,-22.86555484,-43.34336341
2014-06-10 19:30:00,UNIDADE MOVEL MADUREIRA,0.0,22.22,85.82,6.33,,0.03,,,5.73,,10.0,-22.86555484,-43.34336341
2014-06-10 20:30:00,UNIDADE MOVEL MADUREIRA,0.0,22.03,88.32,6.55,,0.02,,,2.83,,7.0,-22.86555484,-43.34336341
2014-06-10 21:30:00,UNIDADE MOVEL MADUREIRA,1.0,22.13,88.15,6.67,,0.01,,,5.48,,4.0,-22.86555484,-43.34336341
2014-06-10 22:30:00,UNIDADE MOVEL MADUREIRA,5.0,21.47,93.13,6.3,,0.02,,,4.02,,6.0,-22.86555484,-43.34336341
2014-06-10 23:30:00,UNIDADE MOVEL MADUREIRA,0.0,21.46,94.22,4.01,,0.085,,,1.04,,7.0,-22.86555484,-43.34336341
2014-06-11 00:30:00,UNIDADE MOVEL MADUREIRA,1.0,21.42,94.27,1.72,,0.15,,,1.89,,5.0,-22.86555484,-43.34336341
2014-06-11 01:30:00,UNIDADE MOVEL MADUREIRA,1.0,21.4,94.78,1.15,,0.13,,,0.14,,3.0,-22.86555484,-43.34336341
2014-06-11 03:30:00,UNIDADE MOVEL MADUREIRA,,21.32,95.64666666666666,2.216666666666667,,0.07500000000000001,,,6.319999999999999,,3.0,-22.86555484,-43.34336341
2014-06-11 04:30:00,UNIDADE MOVEL MADUREIRA,0.0,21.28,96.08,2.75,,0.0475,,,9.41,,10.0,-22.86555484,-43.34336341
2014-06-11 05:30:00,UNIDADE MOVEL MADUREIRA,0.0,21.18,94.52,5.12,,0.02,,,1.74,,17.0,-22.86555484,-43.34336341
2014-06-11 06:30:00,UNIDADE MOVEL MADUREIRA,0.0,20.93,94.42,6.04,,0.01,,,0.0,,13.0,-22.86555484,-43.34336341
2014-06-11 07:30:00,UNIDADE MOVEL MADUREIRA,0.0,21.17,93.2,7.2,,0.01,,,0.78,,11.0,-22.86555484,-43.34336341
2014-06-11 08:30:00,UNIDADE MOVEL MADUREIRA,0.0,21.88,90.13,7.77,,0.1,,,4.07,,8.0,-22.86555484,-43.34336341
2014-06-11 09:30:00,UNIDADE MOVEL MADUREIRA,0.0,23.07,84.77,10.02,,0.2,,,12.05,,15.0,-22.86555484,-43.34336341
2014-06-11 10:30:00,UNIDADE MOVEL MADUREIRA,0.0,25.13,73.28,23.05,,0.25,,,28.25,,10.0,-22.86555484,-43.34336341
2014-06-11 11:30:00,UNIDADE MOVEL MADUREIRA,0.0,26.3,64.3,25.43,,0.52,,,44.07,,21.0,-22.86555484,-43.34336341
2014-06-11 12:30:00,UNIDADE MOVEL MADUREIRA,0.0,25.35,67.98,14.52,,0.79,,,37.12,,17.0,-22.86555484,-43.34336341
2014-06-11 13:30:00,UNIDADE MOVEL MADUREIRA,0.0,26.17,59.67,6.79,,1.06,,,44.99,,8.0,-22.86555484,-43.34336341
2014-06-11 14:30:00,UNIDADE MOVEL MADUREIRA,0.0,26.175,61.269999999999996,5.823333333333333,,0.75,,,39.85666666666667,,10.0,-22.86555484,-43.34336341
2014-06-11 15:30:00,UNIDADE MOVEL MADUREIRA,0.0,26.18,62.87,4.8566666666666665,,0.44000000000000006,,,34.723333333333336,,17.0,-22.86555484,-43.34336341
2014-06-11 16:30:00,UNIDADE MOVEL MADUREIRA,0.0,25.65,67.08,3.89,,0.13,,,29.59,,19.0,-22.86555484,-43.34336341
2014-06-11 17:30:00,UNIDADE MOVEL MADUREIRA,0.0,24.32,77.67,2.17,,0.25,,,17.1,,10.0,-22.86555484,-43.34336341
2014-06-11 18:30:00,UNIDADE MOVEL MADUREIRA,0.0,23.85,81.9,0.54,,0.52,,,3.85,,11.0,-22.86555484,-43.34336341
2014-06-11 19:30:00,UNIDADE MOVEL MADUREIRA,0.0,24.1,75.27,0.44,,0.55,,,3.87,,10.0,-22.86555484,-43.34336341
2014-06-11 20:30:00,UNIDADE MOVEL MADUREIRA,0.0,23.6,74.93,0.0,,0.59,,,3.91,,9.0,-22.86555484,-43.34336341
2014-06-11 21:30:00,UNIDADE MOVEL MADUREIRA,0.0,23.52,75.75,0.0,,0.65,,,0.51,,3.0,-22.86555484,-43.34336341
2014-06-11 22:30:00,UNIDADE MOVEL MADUREIRA,0.0,23.5,76.27,0.0,,0.57,,,2.31,,2.0,-22.86555484,-43.34336341
2014-06-11 23:30:00,UNIDADE MOVEL MADUREIRA,0.0,23.26,77.28,0.77,,0.31999999999999995,,,4.23,,5.0,-22.86555484,-43.34336341
2014-06-12 00:30:00,UNIDADE MOVEL MADUREIRA,0.0,22.97,80.58,1.54,,0.07,,,9.09,,6.0,-22.86555484,-43.34336341
2014-06-12 01:30:00,UNIDADE MOVEL MADUREIRA,0.0,22.3,84.72,1.51,,0.04,,,14.94,,6.0,-22.86555484,-43.34336341
2014-06-12 02:30:00,UNIDADE MOVEL MADUREIRA,0.0,21.83,87.2,1.77,,0.08,,,6.17,,3.0,-22.86555484,-43.34336341
2014-06-12 03:30:00,UNIDADE MOVEL MADUREIRA,0.0,21.63,87.72,3.88,,0.1,,,0.18,,3.0,-22.86555484,-43.34336341
2014-06-12 04:30:00,UNIDADE MOVEL MADUREIRA,0.0,21.53,87.15,3.59,,0.1,,,0.35,,8.0,-22.86555484,-43.34336341
2014-06-12 05:30:00,UNIDADE MOVEL MADUREIRA,0.0,21.5,86.4,3.46,,0.1,,,0.0,,9.0,-22.86555484,-43.34336341
2014-06-12 06:30:00,UNIDADE MOVEL MADUREIRA,0.0,21.3,86.98,2.25,,0.32,,,0.0,,6.0,-22.86555484,-43.34336341
2014-06-12 07:30:00,UNIDADE MOVEL MADUREIRA,0.0,21.77,85.52,3.7,,0.35,,,0.1,,4.0,-22.86555484,-43.34336341
2014-06-12 08:30:00,UNIDADE MOVEL MADUREIRA,0.0,23.43,76.02,8.6,,0.08,,,2.32,,8.0,-22.86555484,-43.34336341
2014-06-12 09:30:00,UNIDADE MOVEL MADUREIRA,0.0,24.28,71.05,15.26,,0.1,,,6.06,,21.0,-22.86555484,-43.34336341
2014-06-12 10:30:00,UNIDADE MOVEL MADUREIRA,0.0,25.1,66.23,20.9,,0.5,,,12.88,,15.0,-22.86555484,-43.34336341
2014-06-12 11:30:00,UNIDADE MOVEL MADUREIRA,0.0,26.3,58.15,6.34,,0.735,,,21.78,,21.0,-22.86555484,-43.34336341
2014-06-12 12:30:00,UNIDADE MOVEL MADUREIRA,0.0,27.07,53.3,7.02,,0.97,,,27.46,,15.0,-22.86555484,-43.34336341
2014-06-12 13:30:00,UNIDADE MOVEL MADUREIRA,0.0,25.93,58.13,2.7,,0.39,,,23.47,,9.0,-22.86555484,-43.34336341
2014-06-12 14:30:00,UNIDADE MOVEL MADUREIRA,0.0,26.47,57.15,0.27,,0.98,,,25.84,,3.0,-22.86555484,-43.34336341
2014-06-12 15:30:00,UNIDADE MOVEL MADUREIRA,0.0,27.47,53.23,2.19,,0.66,,,31.5,,4.0,-22.86555484,-43.34336341
2014-06-12 16:30:00,UNIDADE MOVEL MADUREIRA,0.0,26.45,59.2,0.82,,0.34,,,23.21,,9.0,-22.86555484,-43.34336341
2014-06-12 17:30:00,UNIDADE MOVEL MADUREIRA,0.0,24.58,75.28,0.16,,1.48,,,12.7,,12.0,-22.86555484,-43.34336341
2014-06-12 18:30:00,UNIDADE MOVEL MADUREIRA,0.0,24.18,77.72,0.0,,2.23,,,7.67,,17.0,-22.86555484,-43.34336341
2014-06-12 19:30:00,UNIDADE MOVEL MADUREIRA,0.0,23.77,75.52,0.0,,2.33,,,10.94,,7.0,-22.86555484,-43.34336341
2014-06-12 20:30:00,UNIDADE MOVEL MADUREIRA,0.0,23.33,77.5,0.0,,2.25,,,8.93,,9.0,-22.86555484,-43.34336341
2014-06-12 21:30:00,UNIDADE MOVEL MADUREIRA,0.0,23.2,78.85,0.0,,1.89,,,7.81,,17.0,-22.86555484,-43.34336341
2014-06-12 22:30:00,UNIDADE MOVEL MADUREIRA,0.0,23.18,79.03,0.0,,1.88,,,7.5,,12.0,-22.86555484,-43.34336341
2014-06-12 23:30:00,UNIDADE MOVEL MADUREIRA,0.0,22.92,78.98,0.645,,1.6949999999999998,,,8.8,,9.0,-22.86555484,-43.34336341
2014-06-13 00:30:00,UNIDADE MOVEL MADUREIRA,0.0,22.55,81.08,1.29,,1.51,,,6.03,,7.0,-22.86555484,-43.34336341
2014-06-13 01:30:00,UNIDADE MOVEL MADUREIRA,0.0,22.33,80.53,1.99,,1.07,,,5.7,,7.0,-22.86555484,-43.34336341
2014-06-13 02:30:00,UNIDADE MOVEL MADUREIRA,0.0,22.2,81.72,2.34,,0.95,,,10.48,,9.0,-22.86555484,-43.34336341
2014-06-13 03:30:00,UNIDADE MOVEL MADUREIRA,0.0,22.32,82.25,2.07,,0.66,,,18.75,,8.0,-22.86555484,-43.34336341
2014-06-13 04:30:00,UNIDADE MOVEL MADUREIRA,0.0,22.3,82.98,2.12,,0.8,,,14.66,,5.0,-22.86555484,-43.34336341
2014-06-13 05:30:00,UNIDADE MOVEL MADUREIRA,0.0,22.42,83.3,2.73,,0.85,,,9.21,,5.0,-22.86555484,-43.34336341
2014-06-13 06:30:00,UNIDADE MOVEL MADUREIRA,0.0,22.6,82.75,2.59,,1.73,,,8.41,,9.0,-22.86555484,-43.34336341
2014-06-13 07:30:00,UNIDADE MOVEL MADUREIRA,0.0,22.85,81.82,3.56,,1.07,,,6.44,,11.0,-22.86555484,-43.34336341
2014-06-13 08:30:00,UNIDADE MOVEL MADUREIRA,0.0,22.9,84.37,4.14,,1.5,,,5.33,,12.0,-22.86555484,-43.34336341
2014-06-13 09:30:00,UNIDADE MOVEL MADUREIRA,0.0,24.27,75.15,3.91,,1.92,,,8.63,,15.0,-22.86555484,-43.34336341
2014-06-13 10:30:00,UNIDADE MOVEL MADUREIRA,0.0,24.88,71.02,3.53,,2.01,,,12.23,,17.0,-22.86555484,-43.34336341
2014-06-13 11:30:00,UNIDADE MOVEL MADUREIRA,0.0,25.43,66.93,3.32,,1.84,,,18.89,,19.0,-22.86555484,-43.34336341
2014-06-13 12:30:00,UNIDADE MOVEL MADUREIRA,0.0,25.83,65.53,4.89,,0.38,,,19.6,,18.0,-22.86555484,-43.34336341
2014-06-13 13:30:00,UNIDADE MOVEL MADUREIRA,0.0,26.83,60.57,5.09,,0.64,,,28.11,,7.0,-22.86555484,-43.34336341
2014-06-13 14:30:00,UNIDADE MOVEL MADUREIRA,0.0,27.2,58.03,9.04,,0.81,,,30.69,,6.0,-22.86555484,-43.34336341
2014-06-13 15:30:00,UNIDADE MOVEL MADUREIRA,0.0,26.85,63.15,9.11,,1.13,,,26.0,,8.0,-22.86555484,-43.34336341
2014-06-13 16:30:00,UNIDADE MOVEL MADUREIRA,0.0,25.8,67.35,5.68,,0.9,,,19.1,,16.0,-22.86555484,-43.34336341
2014-06-13 17:30:00,UNIDADE MOVEL MADUREIRA,0.0,25.07,68.53,4.19,,1.78,,,13.04,,11.0,-22.86555484,-43.34336341
2014-06-13 18:30:00,UNIDADE MOVEL MADUREIRA,0.0,24.17,70.62,3.65,,2.41,,,10.19,,7.0,-22.86555484,-43.34336341
2014-06-13 19:30:00,UNIDADE MOVEL MADUREIRA,0.0,23.85,70.28,4.11,,2.72,,,7.03,,0.0,-22.86555484,-43.34336341
2014-06-13 20:30:00,UNIDADE MOVEL MADUREIRA,0.0,23.12,73.32,3.29,,2.45,,,7.25,,5.0,-22.86555484,-43.34336341
2014-06-13 21:30:00,UNIDADE MOVEL MADUREIRA,0.0,22.97,72.7,4.83,,1.84,,,0.98,,10.0,-22.86555484,-43.34336341
2014-06-13 22:30:00,UNIDADE MOVEL MADUREIRA,0.0,22.93,69.55,4.46,,1.89,,,0.01,,11.0,-22.86555484,-43.34336341
2014-06-13 23:30:00,UNIDADE MOVEL MADUREIRA,0.0,22.86,67.86,3.6799999999999997,,1.365,,,0.68,,14.0,-22.86555484,-43.34336341
2014-06-14 00:30:00,UNIDADE MOVEL MADUREIRA,0.0,22.38,70.13,2.9,,0.84,,,4.84,,14.0,-22.86555484,-43.34336341
2014-06-14 01:30:00,UNIDADE MOVEL MADUREIRA,0.0,21.82,73.78,2.72,,0.99,,,0.61,,11.0,-22.86555484,-43.34336341
2014-06-14 02:30:00,UNIDADE MOVEL MADUREIRA,0.0,21.28,77.07,3.44,,1.06,,,0.0,,7.0,-22.86555484,-43.34336341
2014-06-14 03:30:00,UNIDADE MOVEL MADUREIRA,0.0,20.67,80.88,2.62,,1.36,,,0.0,,17.0,-22.86555484,-43.34336341
2014-06-14 04:30:00,UNIDADE MOVEL MADUREIRA,0.0,20.72,79.9,2.68,,1.57,,,0.0,,10.0,-22.86555484,-43.34336341
2014-06-14 05:30:00,UNIDADE MOVEL MADUREIRA,0.0,20.13,83.53,3.29,,2.23,,,0.0,,12.0,-22.86555484,-43.34336341
2014-06-14 06:30:00,UNIDADE MOVEL MADUREIRA,0.0,20.08,83.47,3.66,,1.93,,,0.0,,14.0,-22.86555484,-43.34336341
2014-06-14 07:30:00,UNIDADE MOVEL MADUREIRA,0.0,21.3,76.38,5.24,,0.82,,,0.44,,21.0,-22.86555484,-43.34336341
2014-06-14 08:30:00,UNIDADE MOVEL MADUREIRA,0.0,22.45,71.55,4.83,,1.11,,,5.69,,20.0,-22.86555484,-43.34336341
2014-06-14 09:30:00,UNIDADE MOVEL MADUREIRA,0.0,23.12,69.8,5.47,,0.26,,,11.21,,15.0,-22.86555484,-43.34336341
2014-06-14 10:30:00,UNIDADE MOVEL MADUREIRA,0.0,25.25,62.23,7.7,,0.09,,,17.05,,30.0,-22.86555484,-43.34336341
2014-06-14 11:30:00,UNIDADE MOVEL MADUREIRA,0.0,26.72,57.3,13.66,,0.82,,,28.38,,22.0,-22.86555484,-43.34336341
2014-06-14 12:30:00,UNIDADE MOVEL MADUREIRA,0.0,27.75,53.42,12.39,,0.45,,,36.61,,21.0,-22.86555484,-43.34336341
2014-06-14 13:30:00,UNIDADE MOVEL MADUREIRA,0.0,28.23,50.15,12.0,,0.29,,,33.42,,20.0,-22.86555484,-43.34336341
2014-06-14 14:30:00,UNIDADE MOVEL MADUREIRA,0.0,28.82,46.37,9.49,,0.04,,,33.67,,13.0,-22.86555484,-43.34336341
2014-06-14 15:30:00,UNIDADE MOVEL MADUREIRA,0.0,29.35,46.35,10.05,,0.42,,,39.69,,6.0,-22.86555484,-43.34336341
2014-06-14 16:30:00,UNIDADE MOVEL MADUREIRA,0.0,28.7,48.08,8.79,,0.51,,,41.69,,5.0,-22.86555484,-43.34336341
2014-06-14 17:30:00,UNIDADE MOVEL MADUREIRA,0.0,27.32,55.47,6.03,,0.14,,,24.05,,11.0,-22.86555484,-43.34336341
2014-06-14 18:30:00,UNIDADE MOVEL MADUREIRA,0.0,26.28,61.75,4.77,,0.67,,,5.18,,11.0,-22.86555484,-43.34336341
2014-06-14 19:30:00,UNIDADE MOVEL MADUREIRA,0.0,25.6,64.75,6.11,,0.97,,,0.03,,24.0,-22.86555484,-43.34336341
2014-06-14 20:30:00,UNIDADE MOVEL MADUREIRA,0.0,25.33,66.33,7.95,,1.27,,,0.0,,17.0,-22.86555484,-43.34336341
2014-06-14 21:30:00,UNIDADE MOVEL MADUREIRA,0.0,24.42,72.32,5.12,,1.16,,,0.0,,29.0,-22.86555484,-43.34336341
2014-06-14 22:30:00,UNIDADE MOVEL MADUREIRA,0.0,23.43,77.55,4.84,,0.94,,,0.0,,24.0,-22.86555484,-43.34336341
2014-06-14 23:30:00,UNIDADE MOVEL MADUREIRA,0.0,22.95,80.32,4.92,,1.6099999999999999,,,0.0,,27.0,-22.86555484,-43.34336341
2014-06-15 00:30:00,UNIDADE MOVEL MADUREIRA,0.0,22.47,82.78,5.0,,2.28,,,0.0,,44.0,-22.86555484,-43.34336341
2014-06-15 01:30:00,UNIDADE MOVEL MADUREIRA,0.0,22.1,84.6,5.74,,2.67,,,0.0,,49.0,-22.86555484,-43.34336341
2014-06-15 02:30:00,UNIDADE MOVEL MADUREIRA,0.0,21.92,84.47,5.76,,3.02,,,0.0,,45.0,-22.86555484,-43.34336341
2014-06-15 03:30:00,UNIDADE MOVEL MADUREIRA,0.0,21.55,86.18,5.7,,2.84,,,0.0,,48.0,-22.86555484,-43.34336341
2014-06-15 04:30:00,UNIDADE MOVEL MADUREIRA,0.0,21.58,87.77,4.35,,2.02,,,0.0,,42.0,-22.86555484,-43.34336341
2014-06-15 05:30:00,UNIDADE MOVEL MADUREIRA,0.0,21.48,88.65,3.69,,1.7,,,0.0,,31.0,-22.86555484,-43.34336341
2014-06-15 06:30:00,UNIDADE MOVEL MADUREIRA,0.0,21.15,86.13,3.67,,1.81,,,0.0,,39.0,-22.86555484,-43.34336341
2014-06-15 07:30:00,UNIDADE MOVEL MADUREIRA,0.0,22.02,82.28,2.92,,1.31,,,0.42,,44.0,-22.86555484,-43.34336341
2014-06-15 08:30:00,UNIDADE MOVEL MADUREIRA,0.0,23.85,77.35,2.32,,0.59,,,9.99,,24.0,-22.86555484,-43.34336341
2014-06-15 09:30:00,UNIDADE MOVEL MADUREIRA,0.0,24.85,74.07,2.93,,0.35,,,18.66,,18.0,-22.86555484,-43.34336341
2014-06-15 10:30:00,UNIDADE MOVEL MADUREIRA,0.0,25.35,69.65,3.38,,0.47,,,27.92,,28.0,-22.86555484,-43.34336341
2014-06-15 11:30:00,UNIDADE MOVEL MADUREIRA,0.0,25.7,67.07,4.68,,0.63,,,32.89,,19.0,-22.86555484,-43.34336341
2014-06-15 12:30:00,UNIDADE MOVEL MADUREIRA,0.0,25.67,65.98,4.05,,0.81,,,35.17,,10.0,-22.86555484,-43.34336341
2014-06-15 13:30:00,UNIDADE MOVEL MADUREIRA,0.0,26.15,62.72,2.92,,0.31,,,36.75,,16.0,-22.86555484,-43.34336341
2014-06-15 14:30:00,UNIDADE MOVEL MADUREIRA,0.0,26.52,61.98,3.19,,0.13,,,38.82,,14.0,-22.86555484,-43.34336341
2014-06-15 15:30:00,UNIDADE MOVEL MADUREIRA,0.0,25.95,64.62,3.59,,0.14,,,38.77,,15.0,-22.86555484,-43.34336341
2014-06-15 16:30:00,UNIDADE MOVEL MADUREIRA,0.0,25.07,67.53,2.87,,0.34,,,38.18,,12.0,-22.86555484,-43.34336341
2014-06-15 17:30:00,UNIDADE MOVEL MADUREIRA,0.0,23.78,73.6,1.93,,1.26,,,35.54,,12.0,-22.86555484,-43.34336341
2014-06-15 18:30:00,UNIDADE MOVEL MADUREIRA,0.0,23.17,76.32,1.88,,2.27,,,36.88,,7.0,-22.86555484,-43.34336341
2014-06-15 19:30:00,UNIDADE MOVEL MADUREIRA,0.0,22.8,81.23,1.51,,2.14,,,34.35,,2.0,-22.86555484,-43.34336341
2014-06-15 20:30:00,UNIDADE MOVEL MADUREIRA,0.0,22.6,82.9,0.88,,2.29,,,32.41,,21.0,-22.86555484,-43.34336341
2014-06-15 21:30:00,UNIDADE MOVEL MADUREIRA,0.0,22.52,81.95,0.4,,2.7,,,23.98,,21.0,-22.86555484,-43.34336341
2014-06-15 22:30:00,UNIDADE MOVEL MADUREIRA,0.0,22.38,81.88,0.8,,2.86,,,9.94,,23.0,-22.86555484,-43.34336341
2014-06-15 23:30:00,UNIDADE MOVEL MADUREIRA,0.0,22.26,82.2,1.1400000000000001,,1.7999999999999998,,,8.03,,23.0,-22.86555484,-43.34336341
2014-06-16 00:30:00,UNIDADE MOVEL MADUREIRA,0.0,22.12,82.1,1.48,,0.74,,,5.88,,24.0,-22.86555484,-43.34336341
2014-06-16 01:30:00,UNIDADE MOVEL MADUREIRA,0.0,21.73,83.82,6.97,,0.68,,,6.3,,22.0,-22.86555484,-43.34336341
2014-06-16 02:30:00,UNIDADE MOVEL MADUREIRA,0.0,21.52,84.9,9.25,,0.82,,,2.07,,21.0,-22.86555484,-43.34336341
2014-06-16 03:30:00,UNIDADE MOVEL MADUREIRA,0.0,21.08,85.55,3.79,,1.18,,,1.29,,21.0,-22.86555484,-43.34336341
2014-06-16 04:30:00,UNIDADE MOVEL MADUREIRA,0.0,20.57,87.4,2.54,,1.06,,,3.69,,22.0,-22.86555484,-43.34336341
2014-06-16 05:30:00,UNIDADE MOVEL MADUREIRA,0.0,20.28,88.3,3.21,,0.79,,,0.0,,22.0,-22.86555484,-43.34336341
2014-06-16 06:30:00,UNIDADE MOVEL MADUREIRA,0.0,20.13,88.48,3.01,,0.52,,,0.0,,14.0,-22.86555484,-43.34336341
2014-06-16 07:30:00,UNIDADE MOVEL MADUREIRA,0.0,21.35,83.72,3.67,,1.09,,,0.19,,24.0,-22.86555484,-43.34336341
2014-06-16 08:30:00,UNIDADE MOVEL MADUREIRA,0.0,22.52,80.03,3.9,,0.5,,,3.07,,29.0,-22.86555484,-43.34336341
2014-06-16 09:30:00,UNIDADE MOVEL MADUREIRA,0.0,23.33,74.57,3.01,,0.25,,,17.05,,28.0,-22.86555484,-43.34336341
2014-06-16 10:30:00,UNIDADE MOVEL MADUREIRA,0.0,25.1,66.05,3.42,,0.13,,,27.02,,26.0,-22.86555484,-43.34336341
2014-06-16 11:30:00,UNIDADE MOVEL MADUREIRA,0.0,26.12,59.85,7.24,,,,,34.58,,37.0,-22.86555484,-43.34336341
2014-06-16 12:30:00,UNIDADE MOVEL MADUREIRA,0.0,26.9,55.4,8.59,,,,,40.39,,12.0,-22.86555484,-43.34336341
2014-06-16 13:30:00,UNIDADE MOVEL MADUREIRA,0.0,26.9,59.65,5.88,,,,,48.81,,12.0,-22.86555484,-43.34336341
2014-06-16 14:30:00,UNIDADE MOVEL MADUREIRA,0.0,26.78,62.02,8.6,,,,,48.43,,17.0,-22.86555484,-43.34336341
2014-06-16 15:30:00,UNIDADE MOVEL MADUREIRA,0.0,26.08,66.12,10.055,,,,,37.93,,21.0,-22.86555484,-43.34336341
2014-06-16 16:30:00,UNIDADE MOVEL MADUREIRA,0.0,25.08,68.73,11.51,,,,,36.67,,21.0,-22.86555484,-43.34336341
2014-06-16 17:30:00,UNIDADE MOVEL MADUREIRA,0.0,24.15,72.87,5.98,,0.47,,,28.88,,19.0,-22.86555484,-43.34336341
2014-06-16 18:30:00,UNIDADE MOVEL MADUREIRA,0.0,23.4,78.88,2.74,,0.48,,,6.62,,22.0,-22.86555484,-43.34336341
2014-06-16 19:30:00,UNIDADE MOVEL MADUREIRA,0.0,23.03,81.83,2.66,,0.85,,,0.1,,31.0,-22.86555484,-43.34336341
2014-06-16 20:30:00,UNIDADE MOVEL MADUREIRA,0.0,23.25,76.7,3.42,,0.72,,,0.0,,13.0,-22.86555484,-43.34336341
2014-06-16 21:30:00,UNIDADE MOVEL MADUREIRA,0.0,23.13,76.8,3.97,,0.68,,,0.0,,16.0,-22.86555484,-43.34336341
2014-06-16 22:30:00,UNIDADE MOVEL MADUREIRA,0.0,22.65,80.37,4.68,,0.55,,,0.39,,28.0,-22.86555484,-43.34336341
2014-06-16 23:30:00,UNIDADE MOVEL MADUREIRA,0.0,22.1,83.4,3.7249999999999996,,0.65,,,0.52,,30.0,-22.86555484,-43.34336341
2014-06-17 00:30:00,UNIDADE MOVEL MADUREIRA,0.0,21.5,86.32,2.77,,0.64,,,0.0,,27.0,-22.86555484,-43.34336341
2014-06-17 01:30:00,UNIDADE MOVEL MADUREIRA,0.0,21.07,88.1,2.8,,0.75,,,0.0,,32.0,-22.86555484,-43.34336341
2014-06-17 02:30:00,UNIDADE MOVEL MADUREIRA,0.0,20.67,88.47,4.05,,1.11,,,0.0,,36.0,-22.86555484,-43.34336341
2014-06-17 03:30:00,UNIDADE MOVEL MADUREIRA,0.0,20.27,90.33,3.65,,0.99,,,0.0,,37.0,-22.86555484,-43.34336341
2014-06-17 04:30:00,UNIDADE MOVEL MADUREIRA,0.0,20.12,90.73,4.06,,1.08,,,0.0,,36.0,-22.86555484,-43.34336341
2014-06-17 05:30:00,UNIDADE MOVEL MADUREIRA,0.0,19.95,91.18,4.49,,1.18,,,0.0,,34.0,-22.86555484,-43.34336341
2014-06-17 06:30:00,UNIDADE MOVEL MADUREIRA,0.0,19.93,91.5,5.5,,1.38,,,0.02,,46.0,-22.86555484,-43.34336341
2014-06-17 07:30:00,UNIDADE MOVEL MADUREIRA,0.0,20.62,90.25,6.62,,1.65,,,0.04,,67.0,-22.86555484,-43.34336341
2014-06-17 08:30:00,UNIDADE MOVEL MADUREIRA,0.0,22.43,83.57,8.85,,1.77,,,0.56,,80.0,-22.86555484,-43.34336341
2014-06-17 09:30:00,UNIDADE MOVEL MADUREIRA,0.0,24.22,74.17,14.11,,1.58,,,2.99,,87.0,-22.86555484,-43.34336341
2014-06-17 10:30:00,UNIDADE MOVEL MADUREIRA,0.0,25.75,63.48,20.04,,1.33,,,16.03,,80.0,-22.86555484,-43.34336341
2014-06-17 11:30:00,UNIDADE MOVEL MADUREIRA,0.0,27.62,55.37,25.35,,0.92,,,41.64,,65.0,-22.86555484,-43.34336341
2014-06-17 12:30:00,UNIDADE MOVEL MADUREIRA,0.0,28.6,49.58,22.75,,0.59,,,48.27,,49.0,-22.86555484,-43.34336341
2014-06-17 13:30:00,UNIDADE MOVEL MADUREIRA,0.0,29.55,46.1,14.04,,0.62,,,47.19,,41.0,-22.86555484,-43.34336341
2014-06-17 14:30:00,UNIDADE MOVEL MADUREIRA,0.0,29.5,47.4,13.62,,0.64,,,52.53,,22.0,-22.86555484,-43.34336341
2014-06-17 15:30:00,UNIDADE MOVEL MADUREIRA,0.0,26.87,59.83,12.34,,0.54,,,49.54,,20.0,-22.86555484,-43.34336341
2014-06-17 16:30:00,UNIDADE MOVEL MADUREIRA,0.0,25.0,71.88,9.81,,0.39,,,53.58,,27.0,-22.86555484,-43.34336341
2014-06-17 17:30:00,UNIDADE MOVEL MADUREIRA,0.0,23.9,77.87,9.12,,0.55,,,52.09,,40.0,-22.86555484,-43.34336341
2014-06-17 18:30:00,UNIDADE MOVEL MADUREIRA,0.0,23.25,80.77,7.22,,0.62,,,58.85,,58.0,-22.86555484,-43.34336341
2014-06-17 19:30:00,UNIDADE MOVEL MADUREIRA,0.0,23.05,83.2,5.69,,0.67,,,45.45,,34.0,-22.86555484,-43.34336341
2014-06-17 20:30:00,UNIDADE MOVEL MADUREIRA,0.0,22.97,83.77,5.0,,0.66,,,40.11,,50.0,-22.86555484,-43.34336341
2014-06-17 21:30:00,UNIDADE MOVEL MADUREIRA,0.0,22.7,84.68,4.04,,0.62,,,41.96,,54.0,-22.86555484,-43.34336341
2014-06-17 22:30:00,UNIDADE MOVEL MADUREIRA,0.0,22.5,83.28,3.41,,0.55,,,48.46,,42.0,-22.86555484,-43.34336341
2014-06-17 23:30:00,UNIDADE MOVEL MADUREIRA,0.0,22.34,82.94,2.7750000000000004,,0.52,,,44.44,,47.0,-22.86555484,-43.34336341
2014-06-18 00:30:00,UNIDADE MOVEL MADUREIRA,0.0,21.97,83.75,2.14,,0.55,,,35.33,,37.0,-22.86555484,-43.34336341
2014-06-18 01:30:00,UNIDADE MOVEL MADUREIRA,0.0,21.53,85.43,1.74,,0.52,,,26.52,,39.0,-22.86555484,-43.34336341
2014-06-18 02:30:00,UNIDADE MOVEL MADUREIRA,0.0,20.98,87.77,1.74,,0.59,,,6.6,,36.0,-22.86555484,-43.34336341
2014-06-18 03:30:00,UNIDADE MOVEL MADUREIRA,0.0,20.73,88.45,1.67,,0.63,,,1.61,,46.0,-22.86555484,-43.34336341
2014-06-18 04:30:00,UNIDADE MOVEL MADUREIRA,0.0,20.43,89.45,1.89,,0.6,,,1.8,,38.0,-22.86555484,-43.34336341
2014-06-18 05:30:00,UNIDADE MOVEL MADUREIRA,0.0,20.3,89.73,1.79,,0.59,,,0.0,,49.0,-22.86555484,-43.34336341
2014-06-18 06:30:00,UNIDADE MOVEL MADUREIRA,0.0,20.17,90.88,2.31,,0.76,,,0.02,,47.0,-22.86555484,-43.34336341
2014-06-18 07:30:00,UNIDADE MOVEL MADUREIRA,0.0,21.03,86.95,3.1,,1.01,,,0.54,,44.0,-22.86555484,-43.34336341
2014-06-18 08:30:00,UNIDADE MOVEL MADUREIRA,0.0,23.03,75.23,4.36,,0.87,,,6.11,,42.0,-22.86555484,-43.34336341
2014-06-18 09:30:00,UNIDADE MOVEL MADUREIRA,0.0,24.1,69.88,3.55,,0.65,,,21.67,,44.0,-22.86555484,-43.34336341
2014-06-18 10:30:00,UNIDADE MOVEL MADUREIRA,0.0,25.28,64.55,4.81,,0.74,,,29.57,,47.0,-22.86555484,-43.34336341
2014-06-18 11:30:00,UNIDADE MOVEL MADUREIRA,0.0,26.5,59.15,6.17,,0.62,,,36.38,,34.0,-22.86555484,-43.34336341
2014-06-18 12:30:00,UNIDADE MOVEL MADUREIRA,0.0,27.38,56.22,8.32,,0.49,,,40.64,,19.0,-22.86555484,-43.34336341
2014-06-18 13:30:00,UNIDADE MOVEL MADUREIRA,0.0,26.95,60.08,7.27,,0.47,,,45.46,,24.0,-22.86555484,-43.34336341
2014-06-18 14:30:00,UNIDADE MOVEL MADUREIRA,0.0,24.95,69.87,8.04,,0.46,,,52.37,,24.0,-22.86555484,-43.34336341
2014-06-18 15:30:00,UNIDADE MOVEL MADUREIRA,0.0,24.15,74.5,4.55,,0.2,,,51.95,,29.0,-22.86555484,-43.34336341
2014-06-18 16:30:00,UNIDADE MOVEL MADUREIRA,0.0,23.52,76.98,2.28,,0.02,,,44.17,,27.0,-22.86555484,-43.34336341
2014-06-18 17:30:00,UNIDADE MOVEL MADUREIRA,0.0,23.28,78.02,1.69,,0.32,,,45.08,,9.0,-22.86555484,-43.34336341
2014-06-18 18:30:00,UNIDADE MOVEL MADUREIRA,0.0,23.03,79.15,1.42,,0.41,,,42.74,,7.0,-22.86555484,-43.34336341
2014-06-18 19:30:00,UNIDADE MOVEL MADUREIRA,0.0,22.82,82.1,1.63,,0.42,,,38.54,,9.0,-22.86555484,-43.34336341
2014-06-18 20:30:00,UNIDADE MOVEL MADUREIRA,4.0,21.72,88.17,1.47,,0.39,,,39.61,,29.0,-22.86555484,-43.34336341
2014-06-18 21:30:00,UNIDADE MOVEL MADUREIRA,0.0,21.35,89.6,1.06,,0.34,,,30.68,,21.0,-22.86555484,-43.34336341
2014-06-18 22:30:00,UNIDADE MOVEL MADUREIRA,0.0,21.33,84.7,0.7,,0.25,,,24.86,,6.0,-22.86555484,-43.34336341
2014-06-18 23:30:00,UNIDADE MOVEL MADUREIRA,0.0,20.63,84.2,0.35,,0.28,,,25.56,,5.0,-22.86555484,-43.34336341
2014-06-19 00:30:00,UNIDADE MOVEL MADUREIRA,0.0,20.2,86.62,0.0,,0.25,,,25.82,,6.0,-22.86555484,-43.34336341
2014-06-19 01:30:00,UNIDADE MOVEL MADUREIRA,0.0,19.8,90.73,0.0,,0.21,,,26.52,,7.0,-22.86555484,-43.34336341
2014-06-19 02:30:00,UNIDADE MOVEL MADUREIRA,0.0,20.0,89.22,0.0,,0.19,,,23.43,,4.0,-22.86555484,-43.34336341
2014-06-19 03:30:00,UNIDADE MOVEL MADUREIRA,0.0,19.98,88.7,0.05,,0.15,,,23.59,,4.0,-22.86555484,-43.34336341
2014-06-19 04:30:00,UNIDADE MOVEL MADUREIRA,0.0,19.97,88.55,0.0,,0.14,,,18.99,,6.0,-22.86555484,-43.34336341
2014-06-19 05:30:00,UNIDADE MOVEL MADUREIRA,1.0,20.22,87.2,0.0,,0.14,,,16.77,,7.0,-22.86555484,-43.34336341
2014-06-19 06:30:00,UNIDADE MOVEL MADUREIRA,0.0,19.73,92.12,0.0,,0.16,,,11.9,,8.0,-22.86555484,-43.34336341
2014-06-19 07:30:00,UNIDADE MOVEL MADUREIRA,0.0,19.75,91.47,0.0,,0.18,,,10.38,,11.0,-22.86555484,-43.34336341
2014-06-19 08:30:00,UNIDADE MOVEL MADUREIRA,1.0,19.83,90.43,0.0,,0.15,,,19.65,,12.0,-22.86555484,-43.34336341
2014-06-19 09:30:00,UNIDADE MOVEL MADUREIRA,0.0,20.48,87.32,0.0,,0.14,,,20.19,,7.0,-22.86555484,-43.34336341
2014-06-19 10:30:00,UNIDADE MOVEL MADUREIRA,1.0,20.83,83.63,0.05,,0.15,,,24.24,,5.0,-22.86555484,-43.34336341
2014-06-19 11:30:00,UNIDADE MOVEL MADUREIRA,0.0,20.0,87.42,0.06,,0.12,,,28.67,,6.0,-22.86555484,-43.34336341
2014-06-19 12:30:00,UNIDADE MOVEL MADUREIRA,2.0,20.63,84.62,0.0,,0.14,,,25.79,,4.0,-22.86555484,-43.34336341
2014-06-19 13:30:00,UNIDADE MOVEL MADUREIRA,3.0,19.85,91.5,0.0,,0.1,,,27.47,,7.0,-22.86555484,-43.34336341
2014-06-19 14:30:00,UNIDADE MOVEL MADUREIRA,2.0,19.65,91.87,0.0,,0.04,,,31.55,,6.0,-22.86555484,-43.34336341
2014-06-19 15:30:00,UNIDADE MOVEL MADUREIRA,1.0,18.85,91.88,0.79,,0.03,,,37.95,,3.0,-22.86555484,-43.34336341
2014-06-19 16:30:00,UNIDADE MOVEL MADUREIRA,0.0,19.07,89.05,1.58,,0.03,,,33.77,,1.0,-22.86555484,-43.34336341
2014-06-19 17:30:00,UNIDADE MOVEL MADUREIRA,0.0,18.82,89.97,0.95,,0.0,,,31.24,,1.0,-22.86555484,-43.34336341
2014-06-19 18:30:00,UNIDADE MOVEL MADUREIRA,0.0,18.55,91.3,0.84,,0.0,,,28.26,,7.0,-22.86555484,-43.34336341
2014-06-19 19:30:00,UNIDADE MOVEL MADUREIRA,0.0,18.27,91.52,0.35,,0.0,,,31.61,,5.0,-22.86555484,-43.34336341
2014-06-19 20:30:00,UNIDADE MOVEL MADUREIRA,0.0,18.28,90.27,0.44,,0.0,,,28.7,,2.0,-22.86555484,-43.34336341
2014-06-19 21:30:00,UNIDADE MOVEL MADUREIRA,0.0,18.07,92.0,0.82,,0.0,,,25.89,,6.0,-22.86555484,-43.34336341
2014-06-19 22:30:00,UNIDADE MOVEL MADUREIRA,0.0,18.28,89.2,1.16,,0.0,,,21.75,,9.0,-22.86555484,-43.34336341
2014-06-19 23:30:00,UNIDADE MOVEL MADUREIRA,0.0,18.17,90.25,0.86,,0.3,,,21.57,,6.0,-22.86555484,-43.34336341
2014-06-20 00:30:00,UNIDADE MOVEL MADUREIRA,0.0,18.23,90.43,0.44,,0.25,,,19.94,,2.0,-22.86555484,-43.34336341
2014-06-20 01:30:00,UNIDADE MOVEL MADUREIRA,0.0,18.32,90.08,0.4,,0.2,,,17.5,,3.0,-22.86555484,-43.34336341
2014-06-20 02:30:00,UNIDADE MOVEL MADUREIRA,0.0,18.42,89.93,0.51,,0.19,,,19.44,,5.0,-22.86555484,-43.34336341
2014-06-20 03:30:00,UNIDADE MOVEL MADUREIRA,0.0,18.33,89.8,1.1,,0.15,,,20.03,,6.0,-22.86555484,-43.34336341
2014-06-20 04:30:00,UNIDADE MOVEL MADUREIRA,0.0,18.55,88.93,0.81,,0.11,,,14.84,,8.0,-22.86555484,-43.34336341
2014-06-20 05:30:00,UNIDADE MOVEL MADUREIRA,0.0,18.45,89.12,5.13,,0.04,,,15.01,,9.0,-22.86555484,-43.34336341
2014-06-20 06:30:00,UNIDADE MOVEL MADUREIRA,0.0,18.42,88.98,10.84,,0.12,,,6.73,,11.0,-22.86555484,-43.34336341
2014-06-20 07:30:00,UNIDADE MOVEL MADUREIRA,0.0,18.85,86.1,18.6,,0.19,,,3.61,,16.0,-22.86555484,-43.34336341
2014-06-20 08:30:00,UNIDADE MOVEL MADUREIRA,0.0,19.65,80.8,22.14,,0.24,,,10.32,,11.0,-22.86555484,-43.34336341
2014-06-20 09:30:00,UNIDADE MOVEL MADUREIRA,0.0,20.7,75.23,14.24,,0.23,,,14.17,,20.0,-22.86555484,-43.34336341
2014-06-20 10:30:00,UNIDADE MOVEL MADUREIRA,0.0,21.31,70.23,9.93,,0.25,,,14.7,,20.0,-22.86555484,-43.34336341
2014-06-20 11:30:00,UNIDADE MOVEL MADUREIRA,0.0,21.82,65.23,5.71,,0.2,,,23.06,,18.0,-22.86555484,-43.34336341
2014-06-20 12:30:00,UNIDADE MOVEL MADUREIRA,0.0,22.08,62.13,2.58,,0.03,,,25.34,,17.0,-22.86555484,-43.34336341
2014-06-20 13:30:00,UNIDADE MOVEL MADUREIRA,0.0,21.73,72.0,4.73,,0.13,,,14.21,,5.0,-22.86555484,-43.34336341
2014-06-20 14:30:00,UNIDADE MOVEL MADUREIRA,0.0,21.43,73.12,3.95,,0.1,,,11.44,,16.0,-22.86555484,-43.34336341
2014-06-20 15:30:00,UNIDADE MOVEL MADUREIRA,0.0,21.2,74.83,3.51,,0.07,,,10.46,,18.0,-22.86555484,-43.34336341
2014-06-20 16:30:00,UNIDADE MOVEL MADUREIRA,0.0,20.68,78.03,3.1,,0.03,,,9.36,,14.0,-22.86555484,-43.34336341
2014-06-20 17:30:00,UNIDADE MOVEL MADUREIRA,0.0,20.72,76.22,2.72,,0.01,,,8.54,,12.0,-22.86555484,-43.34336341
2014-06-20 18:30:00,UNIDADE MOVEL MADUREIRA,0.0,20.75,74.3,2.96,,0.0,,,8.7,,16.0,-22.86555484,-43.34336341
2014-06-20 19:30:00,UNIDADE MOVEL MADUREIRA,0.0,20.55,74.8,3.36,,0.0,,,2.32,,14.0,-22.86555484,-43.34336341
2014-06-20 20:30:00,UNIDADE MOVEL MADUREIRA,0.0,20.62,74.38,3.57,,0.0,,,0.09,,10.0,-22.86555484,-43.34336341
2014-06-20 21:30:00,UNIDADE MOVEL MADUREIRA,0.0,20.72,72.45,3.67,,0.0,,,0.1,,10.0,-22.86555484,-43.34336341
2014-06-20 22:30:00,UNIDADE MOVEL MADUREIRA,0.0,20.75,73.32,2.96,,0.0,,,4.29,,15.0,-22.86555484,-43.34336341
2014-06-20 23:30:00,UNIDADE MOVEL MADUREIRA,0.0,20.68,74.9,2.6399999999999997,,0.47,,,6.34,,14.0,-22.86555484,-43.34336341
2014-06-21 00:30:00,UNIDADE MOVEL MADUREIRA,0.0,20.38,75.93,2.32,,0.36,,,6.29,,17.0,-22.86555484,-43.34336341
2014-06-21 01:30:00,UNIDADE MOVEL MADUREIRA,0.0,20.13,77.77,2.15,,0.39,,,2.17,,10.0,-22.86555484,-43.34336341
2014-06-21 02:30:00,UNIDADE MOVEL MADUREIRA,0.0,20.23,77.3,3.19,,0.39,,,0.14,,12.0,-22.86555484,-43.34336341
2014-06-21 03:30:00,UNIDADE MOVEL MADUREIRA,0.0,20.08,77.4,4.01,,0.28,,,2.51,,12.0,-22.86555484,-43.34336341
2014-06-21 04:30:00,UNIDADE MOVEL MADUREIRA,0.0,19.72,80.15,5.32,,0.32,,,0.18,,11.0,-22.86555484,-43.34336341
2014-06-21 05:30:00,UNIDADE MOVEL MADUREIRA,0.0,19.23,85.8,4.21,,0.44,,,0.0,,12.0,-22.86555484,-43.34336341
2014-06-21 06:30:00,UNIDADE MOVEL MADUREIRA,0.0,19.12,87.62,3.96,,0.55,,,0.0,,10.0,-22.86555484,-43.34336341
2014-06-21 07:30:00,UNIDADE MOVEL MADUREIRA,0.0,19.42,85.77,4.54,,0.6,,,0.13,,12.0,-22.86555484,-43.34336341
2014-06-21 08:30:00,UNIDADE MOVEL MADUREIRA,0.0,20.4,79.27,5.63,,0.45,,,1.42,,17.0,-22.86555484,-43.34336341
2014-06-21 09:30:00,UNIDADE MOVEL MADUREIRA,0.0,21.48,73.53,5.45,,0.4,,,4.42,,16.0,-22.86555484,-43.34336341
2014-06-21 10:30:00,UNIDADE MOVEL MADUREIRA,0.0,22.65,67.5,4.06,,0.29,,,12.32,,17.0,-22.86555484,-43.34336341
2014-06-21 11:30:00,UNIDADE MOVEL MADUREIRA,0.0,23.72,60.82,3.62,,0.28,,,24.64,,25.0,-22.86555484,-43.34336341
2014-06-21 12:30:00,UNIDADE MOVEL MADUREIRA,0.0,24.57,58.22,5.15,,0.34,,,30.19,,19.0,-22.86555484,-43.34336341
2014-06-21 13:30:00,UNIDADE MOVEL MADUREIRA,0.0,24.23,62.02,4.19,,0.3,,,26.79,,11.0,-22.86555484,-43.34336341
2014-06-21 14:30:00,UNIDADE MOVEL MADUREIRA,0.0,23.52,65.75,3.78,,0.21,,,30.99,,10.0,-22.86555484,-43.34336341
2014-06-21 15:30:00,UNIDADE MOVEL MADUREIRA,0.0,23.27,67.6,3.14,,0.09,,,30.35,,8.0,-22.86555484,-43.34336341
2014-06-21 16:30:00,UNIDADE MOVEL MADUREIRA,0.0,22.88,67.7,2.53,,0.02,,,28.15,,6.0,-22.86555484,-43.34336341
2014-06-21 17:30:00,UNIDADE MOVEL MADUREIRA,0.0,21.82,74.95,2.46,,0.03,,,24.79,,0.0,-22.86555484,-43.34336341
2014-06-21 18:30:00,UNIDADE MOVEL MADUREIRA,0.0,21.7,77.18,2.91,,0.14,,,10.76,,0.0,-22.86555484,-43.34336341
2014-06-21 19:30:00,UNIDADE MOVEL MADUREIRA,0.0,21.93,76.1,2.84,,0.11,,,8.29,,5.0,-22.86555484,-43.34336341
2014-06-21 20:30:00,UNIDADE MOVEL MADUREIRA,0.0,21.8,75.33,3.42,,0.0,,,13.55,,10.0,-22.86555484,-43.34336341
2014-06-21 21:30:00,UNIDADE MOVEL MADUREIRA,0.0,21.47,76.57,4.46,,0.01,,,8.7,,10.0,-22.86555484,-43.34336341
2014-06-21 22:30:00,UNIDADE MOVEL MADUREIRA,0.0,21.12,78.0,3.78,,0.05,,,4.74,,11.0,-22.86555484,-43.34336341
2014-06-21 23:30:00,UNIDADE MOVEL MADUREIRA,0.0,21.04,77.52,2.82,,0.48,,,4.57,,12.0,-22.86555484,-43.34336341
2014-06-22 00:30:00,UNIDADE MOVEL MADUREIRA,0.0,20.97,76.88,1.86,,0.35,,,14.76,,11.0,-22.86555484,-43.34336341
2014-06-22 01:30:00,UNIDADE MOVEL MADUREIRA,0.0,20.57,79.58,2.13,,0.45,,,3.37,,9.0,-22.86555484,-43.34336341
2014-06-22 02:30:00,UNIDADE MOVEL MADUREIRA,0.0,20.37,80.18,1.27,,0.32,,,13.98,,8.0,-22.86555484,-43.34336341
2014-06-22 03:30:00,UNIDADE MOVEL MADUREIRA,0.0,20.52,80.98,1.08,,0.22,,,24.92,,9.0,-22.86555484,-43.34336341
2014-06-22 04:30:00,UNIDADE MOVEL MADUREIRA,0.0,20.35,82.1,1.33,,0.19,,,21.68,,6.0,-22.86555484,-43.34336341
2014-06-22 05:30:00,UNIDADE MOVEL MADUREIRA,0.0,20.32,81.13,1.37,,0.18,,,23.72,,7.0,-22.86555484,-43.34336341
2014-06-22 06:30:00,UNIDADE MOVEL MADUREIRA,0.0,20.0,82.27,0.73,,0.17,,,19.59,,9.0,-22.86555484,-43.34336341
2014-06-22 07:30:00,UNIDADE MOVEL MADUREIRA,0.0,19.95,81.97,1.4,,0.2,,,15.8,,10.0,-22.86555484,-43.34336341
2014-06-22 08:30:00,UNIDADE MOVEL MADUREIRA,0.0,20.8,78.38,2.27,,0.24,,,14.39,,10.0,-22.86555484,-43.34336341
2014-06-22 09:30:00,UNIDADE MOVEL MADUREIRA,0.0,21.5,75.93,1.85,,0.25,,,18.46,,11.0,-22.86555484,-43.34336341
2014-06-22 10:30:00,UNIDADE MOVEL MADUREIRA,0.0,22.35,70.43,1.34,,0.21,,,25.77,,10.0,-22.86555484,-43.34336341
2014-06-22 11:30:00,UNIDADE MOVEL MADUREIRA,0.0,23.68,65.52,2.12,,0.35,,,29.0,,7.0,-22.86555484,-43.34336341
2014-06-22 12:30:00,UNIDADE MOVEL MADUREIRA,0.0,23.78,63.6,3.09,,0.42,,,30.14,,25.0,-22.86555484,-43.34336341
2014-06-22 13:30:00,UNIDADE MOVEL MADUREIRA,0.0,24.4,61.63,2.9,,0.41,,,28.55,,8.0,-22.86555484,-43.34336341
2014-06-22 14:30:00,UNIDADE MOVEL MADUREIRA,0.0,24.4,61.42,3.1,,0.41,,,29.5,,5.0,-22.86555484,-43.34336341
2014-06-22 15:30:00,UNIDADE MOVEL MADUREIRA,0.0,24.13,62.57,2.66,,0.37,,,30.8,,3.0,-22.86555484,-43.34336341
2014-06-22 16:30:00,UNIDADE MOVEL MADUREIRA,0.0,24.17,62.57,3.1,,0.33,,,26.63,,3.0,-22.86555484,-43.34336341
2014-06-22 17:30:00,UNIDADE MOVEL MADUREIRA,0.0,23.27,65.07,2.08,,0.27,,,23.42,,4.0,-22.86555484,-43.34336341
2014-06-22 18:30:00,UNIDADE MOVEL MADUREIRA,0.0,22.5,66.07,1.49,,0.22,,,20.29,,3.0,-22.86555484,-43.34336341
2014-06-22 19:30:00,UNIDADE MOVEL MADUREIRA,0.0,21.7,69.47,1.3,,0.22,,,20.29,,4.0,-22.86555484,-43.34336341
2014-06-22 20:30:00,UNIDADE MOVEL MADUREIRA,0.0,21.2,71.3,1.76,,0.2,,,14.6,,6.0,-22.86555484,-43.34336341
2014-06-22 21:30:00,UNIDADE MOVEL MADUREIRA,0.0,20.8,73.37,2.11,,0.21,,,9.67,,8.0,-22.86555484,-43.34336341
2014-06-22 22:30:00,UNIDADE MOVEL MADUREIRA,0.0,20.28,75.32,2.25,,0.34,,,0.97,,7.0,-22.86555484,-43.34336341
2014-06-22 23:30:00,UNIDADE MOVEL MADUREIRA,0.0,19.88,77.3,2.5300000000000002,,0.59,,,0.0,,9.0,-22.86555484,-43.34336341
2014-06-23 00:30:00,UNIDADE MOVEL MADUREIRA,0.0,19.32,80.48,2.81,,0.66,,,0.0,,17.0,-22.86555484,-43.34336341
2014-06-23 01:30:00,UNIDADE MOVEL MADUREIRA,0.0,18.38,85.78,3.5,,1.01,,,0.0,,16.0,-22.86555484,-43.34336341
2014-06-23 02:30:00,UNIDADE MOVEL MADUREIRA,0.0,18.1,86.95,2.93,,0.83,,,0.0,,16.0,-22.86555484,-43.34336341
2014-06-23 03:30:00,UNIDADE MOVEL MADUREIRA,0.0,17.83,87.9,2.9,,0.71,,,0.0,,13.0,-22.86555484,-43.34336341
2014-06-23 04:30:00,UNIDADE MOVEL MADUREIRA,0.0,17.47,90.32,1.88,,0.51,,,0.0,,11.0,-22.86555484,-43.34336341
2014-06-23 05:30:00,UNIDADE MOVEL MADUREIRA,0.0,17.47,90.4,2.75,,0.52,,,0.0,,12.0,-22.86555484,-43.34336341
2014-06-23 06:30:00,UNIDADE MOVEL MADUREIRA,0.0,17.45,90.18,4.27,,0.91,,,0.0,,10.0,-22.86555484,-43.34336341
2014-06-23 07:30:00,UNIDADE MOVEL MADUREIRA,0.0,18.03,88.28,5.05,,1.06,,,0.14,,21.0,-22.86555484,-43.34336341
2014-06-23 08:30:00,UNIDADE MOVEL MADUREIRA,0.0,20.02,81.32,6.76,,1.15,,,2.53,,25.0,-22.86555484,-43.34336341
2014-06-23 09:30:00,UNIDADE MOVEL MADUREIRA,0.0,21.58,75.2,8.09,,1.17,,,3.48,,42.0,-22.86555484,-43.34336341
2014-06-23 10:30:00,UNIDADE MOVEL MADUREIRA,0.0,22.85,67.87,12.84,,1.01,,,6.35,,52.0,-22.86555484,-43.34336341
2014-06-23 11:30:00,UNIDADE MOVEL MADUREIRA,0.0,24.37,58.75,12.04,,0.85,,,8.42,,46.0,-22.86555484,-43.34336341
2014-06-23 12:30:00,UNIDADE MOVEL MADUREIRA,0.0,24.4,55.28,8.95,,0.58,,,16.67,,24.0,-22.86555484,-43.34336341
2014-06-23 13:30:00,UNIDADE MOVEL MADUREIRA,0.0,24.87,53.03,16.84,,0.57,,,22.27,,16.0,-22.86555484,-43.34336341
2014-06-23 14:30:00,UNIDADE MOVEL MADUREIRA,0.0,25.37,47.95,7.21,,0.5,,,22.01,,19.0,-22.86555484,-43.34336341
2014-06-23 15:30:00,UNIDADE MOVEL MADUREIRA,0.0,25.52,48.17,6.14,,0.51,,,20.67,,11.0,-22.86555484,-43.34336341
2014-06-23 16:30:00,UNIDADE MOVEL MADUREIRA,0.0,25.1,49.78,5.26,,0.59,,,12.57,,21.0,-22.86555484,-43.34336341
2014-06-23 17:30:00,UNIDADE MOVEL MADUREIRA,0.0,24.0,57.07,4.13,,0.79,,,3.0,,22.0,-22.86555484,-43.34336341
2014-06-23 18:30:00,UNIDADE MOVEL MADUREIRA,0.0,23.17,63.35,6.18,,0.97,,,0.21,,42.0,-22.86555484,-43.34336341
2014-06-23 19:30:00,UNIDADE MOVEL MADUREIRA,0.0,22.8,65.92,5.09,,0.86,,,0.14,,50.0,-22.86555484,-43.34336341
2014-06-23 20:30:00,UNIDADE MOVEL MADUREIRA,0.0,22.03,70.4,5.74,,1.02,,,0.24,,42.0,-22.86555484,-43.34336341
2014-06-23 21:30:00,UNIDADE MOVEL MADUREIRA,0.0,21.43,76.48,6.22,,0.89,,,0.0,,45.0,-22.86555484,-43.34336341
2014-06-23 22:30:00,UNIDADE MOVEL MADUREIRA,0.0,21.13,80.4,4.38,,0.7,,,0.0,,39.0,-22.86555484,-43.34336341
2014-06-23 23:30:00,UNIDADE MOVEL MADUREIRA,0.0,20.54,83.32,3.45,,0.77,,,0.0,,33.0,-22.86555484,-43.34336341
2014-06-24 00:30:00,UNIDADE MOVEL MADUREIRA,0.0,19.97,85.38,2.52,,0.57,,,0.11,,27.0,-22.86555484,-43.34336341
2014-06-24 01:30:00,UNIDADE MOVEL MADUREIRA,0.0,19.23,88.05,3.17,,0.62,,,0.0,,23.0,-22.86555484,-43.34336341
2014-06-24 02:30:00,UNIDADE MOVEL MADUREIRA,0.0,18.48,90.85,3.33,,0.87,,,0.0,,18.0,-22.86555484,-43.34336341
2014-06-24 03:30:00,UNIDADE MOVEL MADUREIRA,0.0,18.27,91.68,5.43,,1.56,,,0.0,,30.0,-22.86555484,-43.34336341
2014-06-24 04:30:00,UNIDADE MOVEL MADUREIRA,0.0,17.98,92.72,4.15,,1.17,,,0.0,,60.0,-22.86555484,-43.34336341
2014-06-24 05:30:00,UNIDADE MOVEL MADUREIRA,0.0,17.7,93.52,4.27,,0.91,,,0.0,,37.0,-22.86555484,-43.34336341
2014-06-24 06:30:00,UNIDADE MOVEL MADUREIRA,0.0,17.57,93.2,3.67,,0.82,,,0.0,,23.0,-22.86555484,-43.34336341
2014-06-24 07:30:00,UNIDADE MOVEL MADUREIRA,0.0,18.47,90.93,5.49,,1.52,,,0.34,,25.0,-22.86555484,-43.34336341
2014-06-24 08:30:00,UNIDADE MOVEL MADUREIRA,0.0,21.25,78.85,8.65,,1.73,,,0.69,,55.0,-22.86555484,-43.34336341
2014-06-24 09:30:00,UNIDADE MOVEL MADUREIRA,0.0,23.28,68.65,8.78,,1.36,,,1.83,,63.0,-22.86555484,-43.34336341
2014-06-24 10:30:00,UNIDADE MOVEL MADUREIRA,0.0,25.2,58.77,8.45,,1.35,,,4.15,,63.0,-22.86555484,-43.34336341
2014-06-24 11:30:00,UNIDADE MOVEL MADUREIRA,0.0,27.08,49.48,7.42,,0.97,,,16.08,,47.0,-22.86555484,-43.34336341
2014-06-24 12:30:00,UNIDADE MOVEL MADUREIRA,0.0,28.33,42.95,7.92,,0.55,,,26.65,,27.0,-22.86555484,-43.34336341
2014-06-24 13:30:00,UNIDADE MOVEL MADUREIRA,0.0,29.27,39.72,9.74,,0.49,,,33.98,,12.0,-22.86555484,-43.34336341
2014-06-24 14:30:00,UNIDADE MOVEL MADUREIRA,0.0,29.78,37.73,10.23,,0.45,,,39.24,,20.0,-22.86555484,-43.34336341
2014-06-24 15:30:00,UNIDADE MOVEL MADUREIRA,0.0,30.0,36.42,10.19,,0.45,,,37.33,,10.0,-22.86555484,-43.34336341
2014-06-24 16:30:00,UNIDADE MOVEL MADUREIRA,0.0,29.3,37.78,9.41,,0.43,,,39.77,,11.0,-22.86555484,-43.34336341
2014-06-24 17:30:00,UNIDADE MOVEL MADUREIRA,0.0,26.7,45.72,13.23,,0.52,,,11.79,,17.0,-22.86555484,-43.34336341
2014-06-24 18:30:00,UNIDADE MOVEL MADUREIRA,0.0,25.4,44.65,15.51,,0.73,,,0.73,,18.0,-22.86555484,-43.34336341
2014-06-24 19:30:00,UNIDADE MOVEL MADUREIRA,0.0,24.25,50.32,11.22,,1.14,,,0.26,,36.0,-22.86555484,-43.34336341
2014-06-24 20:30:00,UNIDADE MOVEL MADUREIRA,0.0,23.43,55.23,11.51,,1.83,,,1.02,,43.0,-22.86555484,-43.34336341
2014-06-24 21:30:00,UNIDADE MOVEL MADUREIRA,0.0,22.85,63.47,11.25,,1.61,,,0.24,,63.0,-22.86555484,-43.34336341
2014-06-24 22:30:00,UNIDADE MOVEL MADUREIRA,0.0,22.63,69.82,5.89,,1.01,,,0.0,,52.0,-22.86555484,-43.34336341
2014-06-24 23:30:00,UNIDADE MOVEL MADUREIRA,0.0,22.06,72.28,6.04,,0.67,,,0.0,,36.0,-22.86555484,-43.34336341
2014-06-25 00:30:00,UNIDADE MOVEL MADUREIRA,0.0,21.08,75.65,6.19,,1.1,,,0.32,,31.0,-22.86555484,-43.34336341
2014-06-25 01:30:00,UNIDADE MOVEL MADUREIRA,0.0,20.07,79.48,6.68,,1.73,,,0.96,,47.0,-22.86555484,-43.34336341
2014-06-25 02:30:00,UNIDADE MOVEL MADUREIRA,0.0,19.9,81.4,5.18,,1.36,,,0.43,,77.0,-22.86555484,-43.34336341
2014-06-25 03:30:00,UNIDADE MOVEL MADUREIRA,0.0,19.32,84.32,3.79,,1.23,,,0.04,,52.0,-22.86555484,-43.34336341
2014-06-25 04:30:00,UNIDADE MOVEL MADUREIRA,0.0,18.77,87.38,3.98,,1.16,,,0.01,,49.0,-22.86555484,-43.34336341
2014-06-25 05:30:00,UNIDADE MOVEL MADUREIRA,0.0,18.48,89.1,3.83,,1.08,,,0.43,,49.0,-22.86555484,-43.34336341
2014-06-25 06:30:00,UNIDADE MOVEL MADUREIRA,0.0,18.18,90.8,4.74,,1.22,,,0.25,,48.0,-22.86555484,-43.34336341
2014-06-25 07:30:00,UNIDADE MOVEL MADUREIRA,0.0,19.38,87.2,4.8,,1.14,,,0.05,,53.0,-22.86555484,-43.34336341
2014-06-25 08:30:00,UNIDADE MOVEL MADUREIRA,0.0,21.32,78.77,4.95,,1.09,,,1.04,,54.0,-22.86555484,-43.34336341
2014-06-25 09:30:00,UNIDADE MOVEL MADUREIRA,0.0,23.42,68.55,6.27,,0.99,,,3.87,,67.0,-22.86555484,-43.34336341
2014-06-25 10:30:00,UNIDADE MOVEL MADUREIRA,0.0,25.2,57.55,9.28,,0.89,,,9.29,,51.0,-22.86555484,-43.34336341
2014-06-25 11:30:00,UNIDADE MOVEL MADUREIRA,0.0,27.42,47.65,15.95,,0.84,,,26.3,,41.0,-22.86555484,-43.34336341
2014-06-25 12:30:00,UNIDADE MOVEL MADUREIRA,0.0,28.03,47.05,13.85,,0.74,,,36.75,,35.5,-22.86555484,-43.34336341
2014-06-25 13:30:00,UNIDADE MOVEL MADUREIRA,0.0,27.72,51.65,11.26,,0.52,,,34.57,,30.0,-22.86555484,-43.34336341
2014-06-25 14:30:00,UNIDADE MOVEL MADUREIRA,0.0,27.75,50.42,9.18,,0.52,,,41.29,,21.0,-22.86555484,-43.34336341
2014-06-25 15:30:00,UNIDADE MOVEL MADUREIRA,0.0,27.68,49.8,7.25,,0.41,,,35.88,,24.0,-22.86555484,-43.34336341
2014-06-25 16:30:00,UNIDADE MOVEL MADUREIRA,0.0,27.53,49.22,7.22,,0.38,,,33.45,,20.0,-22.86555484,-43.34336341
2014-06-25 17:30:00,UNIDADE MOVEL MADUREIRA,0.0,25.12,57.93,4.52,,0.43,,,18.91,,29.0,-22.86555484,-43.34336341
2014-06-25 18:30:00,UNIDADE MOVEL MADUREIRA,0.0,23.73,63.9,2.98,,0.5,,,18.06,,24.0,-22.86555484,-43.34336341
2014-06-25 19:30:00,UNIDADE MOVEL MADUREIRA,0.0,23.25,65.87,2.67,,0.71,,,8.78,,23.0,-22.86555484,-43.34336341
2014-06-25 20:30:00,UNIDADE MOVEL MADUREIRA,0.0,22.72,69.62,3.13,,1.12,,,0.01,,23.0,-22.86555484,-43.34336341
2014-06-25 21:30:00,UNIDADE MOVEL MADUREIRA,0.0,22.05,70.75,4.22,,1.61,,,0.02,,42.0,-22.86555484,-43.34336341
2014-06-25 22:30:00,UNIDADE MOVEL MADUREIRA,0.0,21.72,73.1,4.79,,1.75,,,0.05,,52.0,-22.86555484,-43.34336341
2014-06-25 23:30:00,UNIDADE MOVEL MADUREIRA,0.0,21.18,76.3,5.79,,2.15,,,0.16,,63.0,-22.86555484,-43.34336341
2014-06-26 00:30:00,UNIDADE MOVEL MADUREIRA,0.0,20.77,77.2,5.835,,1.84,,,0.11,,60.0,-22.86555484,-43.34336341
2014-06-26 01:30:00,UNIDADE MOVEL MADUREIRA,0.0,20.03,80.65,5.88,,1.92,,,0.77,,58.0,-22.86555484,-43.34336341
2014-06-26 02:30:00,UNIDADE MOVEL MADUREIRA,0.0,19.67,83.3,5.74,,1.89,,,1.15,,69.0,-22.86555484,-43.34336341
2014-06-26 03:30:00,UNIDADE MOVEL MADUREIRA,0.0,19.57,83.38,5.79,,1.86,,,0.63,,68.0,-22.86555484,-43.34336341
2014-06-26 04:30:00,UNIDADE MOVEL MADUREIRA,0.0,18.88,86.4,5.39,,1.76,,,0.49,,68.0,-22.86555484,-43.34336341
2014-06-26 05:30:00,UNIDADE MOVEL MADUREIRA,0.0,18.72,87.0,6.19,,1.91,,,1.04,,79.0,-22.86555484,-43.34336341
2014-06-26 06:30:00,UNIDADE MOVEL MADUREIRA,0.0,18.6,88.4,7.51,,2.1,,,0.98,,67.0,-22.86555484,-43.34336341
2014-06-26 07:30:00,UNIDADE MOVEL MADUREIRA,0.0,19.58,85.15,7.94,,2.23,,,0.36,,94.0,-22.86555484,-43.34336341
2014-06-26 08:30:00,UNIDADE MOVEL MADUREIRA,0.0,22.55,72.53,9.15,,2.18,,,3.25,,95.0,-22.86555484,-43.34336341
2014-06-26 09:30:00,UNIDADE MOVEL MADUREIRA,0.0,24.95,57.07,8.18,,1.38,,,5.62,,114.0,-22.86555484,-43.34336341
2014-06-26 10:30:00,UNIDADE MOVEL MADUREIRA,0.0,26.48,47.12,5.42,,0.79,,,13.22,,48.0,-22.86555484,-43.34336341
2014-06-26 11:30:00,UNIDADE MOVEL MADUREIRA,0.0,28.23,42.07,7.4,,0.52,,,21.0,,19.0,-22.86555484,-43.34336341
2014-06-26 12:30:00,UNIDADE MOVEL MADUREIRA,0.0,29.55,36.98,9.21,,0.42,,,31.81,,19.0,-22.86555484,-43.34336341
2014-06-26 13:30:00,UNIDADE MOVEL MADUREIRA,0.0,30.47,34.77,9.99,,0.41,,,35.22,,23.0,-22.86555484,-43.34336341
2014-06-26 14:30:00,UNIDADE MOVEL MADUREIRA,0.0,31.03,33.43,11.28,,0.43,,,38.65,,12.0,-22.86555484,-43.34336341
2014-06-26 15:30:00,UNIDADE MOVEL MADUREIRA,0.0,31.17,33.75,11.79,,0.46,,,36.01,,12.0,-22.86555484,-43.34336341
2014-06-26 16:30:00,UNIDADE MOVEL MADUREIRA,0.0,29.82,41.23,11.82,,0.59,,,30.58,,20.0,-22.86555484,-43.34336341
2014-06-26 17:30:00,UNIDADE MOVEL MADUREIRA,0.0,26.55,57.03,7.33,,0.64,,,5.28,,38.0,-22.86555484,-43.34336341
2014-06-26 18:30:00,UNIDADE MOVEL MADUREIRA,0.0,25.12,64.42,5.21,,1.01,,,0.08,,31.0,-22.86555484,-43.34336341
2014-06-26 19:30:00,UNIDADE MOVEL MADUREIRA,0.0,24.13,69.1,6.0,,1.63,,,0.01,,43.0,-22.86555484,-43.34336341
2014-06-26 20:30:00,UNIDADE MOVEL MADUREIRA,0.0,23.52,69.77,7.36,,2.22,,,0.07,,54.0,-22.86555484,-43.34336341
2014-06-26 21:30:00,UNIDADE MOVEL MADUREIRA,0.0,23.02,72.72,8.77,,2.54,,,0.04,,73.0,-22.86555484,-43.34336341
2014-06-26 22:30:00,UNIDADE MOVEL MADUREIRA,0.0,22.57,74.63,8.96,,2.67,,,0.12,,79.0,-22.86555484,-43.34336341
2014-06-26 23:30:00,UNIDADE MOVEL MADUREIRA,0.0,21.84,77.54,8.98,,2.59,,,0.0,,76.0,-22.86555484,-43.34336341
2014-06-27 00:30:00,UNIDADE MOVEL MADUREIRA,0.0,21.22,80.37,7.995,,2.37,,,0.33,,82.0,-22.86555484,-43.34336341
2014-06-27 01:30:00,UNIDADE MOVEL MADUREIRA,0.0,20.58,83.3,7.01,,2.13,,,0.57,,74.0,-22.86555484,-43.34336341
2014-06-27 02:30:00,UNIDADE MOVEL MADUREIRA,0.0,20.17,84.52,7.27,,2.1,,,0.4,,72.0,-22.86555484,-43.34336341
2014-06-27 03:30:00,UNIDADE MOVEL MADUREIRA,0.0,19.62,87.58,6.67,,1.73,,,0.47,,92.0,-22.86555484,-43.34336341
2014-06-27 04:30:00,UNIDADE MOVEL MADUREIRA,0.0,19.43,87.58,6.18,,1.68,,,0.62,,83.0,-22.86555484,-43.34336341
2014-06-27 05:30:00,UNIDADE MOVEL MADUREIRA,0.0,19.37,88.47,5.91,,1.66,,,1.12,,76.0,-22.86555484,-43.34336341
2014-06-27 06:30:00,UNIDADE MOVEL MADUREIRA,0.0,19.57,88.72,5.06,,1.34,,,0.3,,73.0,-22.86555484,-43.34336341
2014-06-27 07:30:00,UNIDADE MOVEL MADUREIRA,0.0,20.27,85.68,7.49,,2.13,,,0.97,,59.0,-22.86555484,-43.34336341
2014-06-27 08:30:00,UNIDADE MOVEL MADUREIRA,0.0,22.92,75.18,8.85,,1.64,,,0.91,,85.0,-22.86555484,-43.34336341
2014-06-27 09:30:00,UNIDADE MOVEL MADUREIRA,0.0,24.32,68.78,10.1,,1.58,,,2.0,,82.0,-22.86555484,-43.34336341
2014-06-27 10:30:00,UNIDADE MOVEL MADUREIRA,0.0,26.73,55.07,9.35,,1.22,,,10.35,,86.0,-22.86555484,-43.34336341
2014-06-27 11:30:00,UNIDADE MOVEL MADUREIRA,0.0,28.7,45.6,10.38,,1.04,,,16.93,,54.0,-22.86555484,-43.34336341
2014-06-27 12:30:00,UNIDADE MOVEL MADUREIRA,0.0,30.18,38.87,11.1,,0.89,,,29.75,,53.0,-22.86555484,-43.34336341
2014-06-27 13:30:00,UNIDADE MOVEL MADUREIRA,0.0,30.9,36.18,11.61,,0.76,,,44.23,,46.0,-22.86555484,-43.34336341
2014-06-27 14:30:00,UNIDADE MOVEL MADUREIRA,0.0,30.93,39.2,12.66,,0.85,,,50.27,,40.0,-22.86555484,-43.34336341
2014-06-27 15:30:00,UNIDADE MOVEL MADUREIRA,0.0,29.42,44.37,9.51,,0.71,,,41.17,,26.0,-22.86555484,-43.34336341
2014-06-27 16:30:00,UNIDADE MOVEL MADUREIRA,0.0,27.58,47.02,6.04,,0.43,,,38.51,,26.0,-22.86555484,-43.34336341
2014-06-27 17:30:00,UNIDADE MOVEL MADUREIRA,0.0,25.88,54.92,5.84,,0.55,,,38.13,,25.0,-22.86555484,-43.34336341
2014-06-27 18:30:00,UNIDADE MOVEL MADUREIRA,0.0,24.47,69.33,4.1,,0.88,,,12.51,,31.0,-22.86555484,-43.34336341
2014-06-27 19:30:00,UNIDADE MOVEL MADUREIRA,0.0,23.6,77.97,4.79,,0.93,,,0.48,,37.0,-22.86555484,-43.34336341
2014-06-27 20:30:00,UNIDADE MOVEL MADUREIRA,0.0,22.9,86.85,2.4,,0.8,,,6.14,,43.0,-22.86555484,-43.34336341
2014-06-27 21:30:00,UNIDADE MOVEL MADUREIRA,0.0,22.63,86.43,1.76,,0.77,,,2.11,,38.0,-22.86555484,-43.34336341
2014-06-27 22:30:00,UNIDADE MOVEL MADUREIRA,0.0,22.32,85.9,1.41,,0.77,,,1.45,,41.0,-22.86555484,-43.34336341
2014-06-27 23:30:00,UNIDADE MOVEL MADUREIRA,0.0,21.8,87.56,1.2,,0.78,,,0.13,,43.0,-22.86555484,-43.34336341
2014-06-28 00:30:00,UNIDADE MOVEL MADUREIRA,0.0,21.33,88.28,2.185,,0.82,,,0.0,,53.0,-22.86555484,-43.34336341
2014-06-28 01:30:00,UNIDADE MOVEL MADUREIRA,0.0,20.97,88.65,3.17,,0.88,,,0.06,,39.0,-22.86555484,-43.34336341
2014-06-28 02:30:00,UNIDADE MOVEL MADUREIRA,0.0,20.1,92.13,3.9,,1.06,,,0.0,,47.0,-22.86555484,-43.34336341
2014-06-28 03:30:00,UNIDADE MOVEL MADUREIRA,0.0,19.9,92.75,3.23,,0.88,,,0.0,,53.0,-22.86555484,-43.34336341
2014-06-28 04:30:00,UNIDADE MOVEL MADUREIRA,0.0,19.52,93.63,2.95,,0.89,,,0.0,,50.0,-22.86555484,-43.34336341
2014-06-28 05:30:00,UNIDADE MOVEL MADUREIRA,0.0,19.42,93.98,3.53,,0.89,,,0.0,,46.0,-22.86555484,-43.34336341
2014-06-28 06:30:00,UNIDADE MOVEL MADUREIRA,0.0,19.57,92.93,3.18,,0.86,,,0.0,,48.0,-22.86555484,-43.34336341
2014-06-28 07:30:00,UNIDADE MOVEL MADUREIRA,0.0,19.98,92.52,4.5,,1.04,,,0.06,,48.0,-22.86555484,-43.34336341
2014-06-28 08:30:00,UNIDADE MOVEL MADUREIRA,0.0,20.97,88.37,4.76,,1.07,,,1.13,,69.0,-22.86555484,-43.34336341
2014-06-28 09:30:00,UNIDADE MOVEL MADUREIRA,0.0,22.78,78.9,6.0,,1.13,,,5.33,,82.0,-22.86555484,-43.34336341
2014-06-28 10:30:00,UNIDADE MOVEL MADUREIRA,0.0,24.73,68.67,6.54,,1.19,,,15.29,,98.0,-22.86555484,-43.34336341
2014-06-28 11:30:00,UNIDADE MOVEL MADUREIRA,0.0,27.38,57.32,8.56,,1.06,,,29.6,,84.0,-22.86555484,-43.34336341
2014-06-28 12:30:00,UNIDADE MOVEL MADUREIRA,0.0,28.6,52.73,13.17,,0.98,,,42.74,,74.0,-22.86555484,-43.34336341
2014-06-28 13:30:00,UNIDADE MOVEL MADUREIRA,0.0,27.75,60.63,15.11,,0.93,,,40.45,,68.0,-22.86555484,-43.34336341
2014-06-28 14:30:00,UNIDADE MOVEL MADUREIRA,0.0,26.97,59.88,11.28,,0.51,,,53.31,,61.0,-22.86555484,-43.34336341
2014-06-28 15:30:00,UNIDADE MOVEL MADUREIRA,0.0,26.58,60.45,8.25,,0.22,,,65.41,,52.0,-22.86555484,-43.34336341
2014-06-28 16:30:00,UNIDADE MOVEL MADUREIRA,0.0,25.57,66.35,6.35,,0.49,,,57.25,,38.0,-22.86555484,-43.34336341
2014-06-28 17:30:00,UNIDADE MOVEL MADUREIRA,0.0,24.77,69.62,4.62,,0.75,,,37.77,,34.0,-22.86555484,-43.34336341
2014-06-28 18:30:00,UNIDADE MOVEL MADUREIRA,0.0,24.28,72.33,4.12,,1.25,,,13.17,,47.0,-22.86555484,-43.34336341
2014-06-28 19:30:00,UNIDADE MOVEL MADUREIRA,0.0,23.85,72.83,5.12,,1.57,,,1.39,,54.0,-22.86555484,-43.34336341
2014-06-28 20:30:00,UNIDADE MOVEL MADUREIRA,0.0,23.97,70.02,5.25,,1.23,,,2.13,,70.0,-22.86555484,-43.34336341
2014-06-28 21:30:00,UNIDADE MOVEL MADUREIRA,0.0,23.07,76.67,5.25,,1.43,,,0.1,,44.0,-22.86555484,-43.34336341
2014-06-28 22:30:00,UNIDADE MOVEL MADUREIRA,0.0,23.0,79.15,5.4,,1.15,,,0.0,,66.0,-22.86555484,-43.34336341
2014-06-28 23:30:00,UNIDADE MOVEL MADUREIRA,0.0,22.94,79.98,5.77,,1.06,,,0.0,,61.0,-22.86555484,-43.34336341
2014-06-29 00:30:00,UNIDADE MOVEL MADUREIRA,0.0,22.38,80.08,6.08,,2.35,,,1.23,,55.0,-22.86555484,-43.34336341
2014-06-29 01:30:00,UNIDADE MOVEL MADUREIRA,0.0,21.77,83.78,6.39,,2.15,,,0.38,,105.0,-22.86555484,-43.34336341
2014-06-29 02:30:00,UNIDADE MOVEL MADUREIRA,0.0,21.4,86.55,6.15,,2.06,,,0.33,,87.0,-22.86555484,-43.34336341
2014-06-29 03:30:00,UNIDADE MOVEL MADUREIRA,0.0,21.15,87.4,6.04,,2.06,,,0.12,,94.0,-22.86555484,-43.34336341
2014-06-29 04:30:00,UNIDADE MOVEL MADUREIRA,0.0,21.12,87.87,5.37,,1.9,,,0.0,,88.0,-22.86555484,-43.34336341
2014-06-29 05:30:00,UNIDADE MOVEL MADUREIRA,0.0,21.45,87.67,3.79,,1.03,,,0.0,,82.0,-22.86555484,-43.34336341
2014-06-29 06:30:00,UNIDADE MOVEL MADUREIRA,0.0,20.95,89.08,3.53,,1.16,,,0.0,,51.0,-22.86555484,-43.34336341
2014-06-29 07:30:00,UNIDADE MOVEL MADUREIRA,0.0,21.52,87.67,3.87,,1.25,,,0.0,,52.0,-22.86555484,-43.34336341
2014-06-29 08:30:00,UNIDADE MOVEL MADUREIRA,0.0,23.22,81.25,6.55,,1.29,,,1.42,,65.0,-22.86555484,-43.34336341
2014-06-29 09:30:00,UNIDADE MOVEL MADUREIRA,0.0,25.43,71.78,8.12,,1.2,,,6.85,,78.0,-22.86555484,-43.34336341
2014-06-29 10:30:00,UNIDADE MOVEL MADUREIRA,0.0,27.18,62.2,13.18,,1.2,,,13.31,,83.0,-22.86555484,-43.34336341
2014-06-29 11:30:00,UNIDADE MOVEL MADUREIRA,0.0,28.98,51.03,13.73,,0.61,,,20.84,,67.0,-22.86555484,-43.34336341
2014-06-29 12:30:00,UNIDADE MOVEL MADUREIRA,0.0,29.6,49.5,22.19,,0.52,,,28.6,,25.0,-22.86555484,-43.34336341
2014-06-29 13:30:00,UNIDADE MOVEL MADUREIRA,0.0,30.97,45.9,30.61,,0.44,,,32.09,,19.0,-22.86555484,-43.34336341
2014-06-29 14:30:00,UNIDADE MOVEL MADUREIRA,0.0,31.12,44.25,18.17,,0.45,,,38.58,,18.0,-22.86555484,-43.34336341
2014-06-29 15:30:00,UNIDADE MOVEL MADUREIRA,0.0,30.72,42.02,13.24,,0.33,,,32.69,,19.0,-22.86555484,-43.34336341
2014-06-29 16:30:00,UNIDADE MOVEL MADUREIRA,0.0,30.2,47.32,35.18,,0.3,,,22.13,,6.0,-22.86555484,-43.34336341
2014-06-29 17:30:00,UNIDADE MOVEL MADUREIRA,0.0,28.68,55.63,14.36,,0.25,,,6.65,,9.0,-22.86555484,-43.34336341
2014-06-29 18:30:00,UNIDADE MOVEL MADUREIRA,0.0,27.95,60.32,7.14,,0.58,,,1.9,,15.0,-22.86555484,-43.34336341
2014-06-29 19:30:00,UNIDADE MOVEL MADUREIRA,0.0,27.2,66.53,4.75,,0.45,,,7.2,,15.0,-22.86555484,-43.34336341
2014-06-29 20:30:00,UNIDADE MOVEL MADUREIRA,0.0,26.42,69.17,5.19,,0.55,,,5.22,,16.0,-22.86555484,-43.34336341
2014-06-29 21:30:00,UNIDADE MOVEL MADUREIRA,0.0,25.83,70.18,6.68,,0.4,,,4.71,,11.0,-22.86555484,-43.34336341
2014-06-29 22:30:00,UNIDADE MOVEL MADUREIRA,0.0,25.18,72.53,15.38,,0.34,,,1.43,,18.0,-22.86555484,-43.34336341
2014-06-29 23:30:00,UNIDADE MOVEL MADUREIRA,0.0,24.76,74.28,7.33,,0.3,,,0.0,,14.0,-22.86555484,-43.34336341
2014-06-30 00:30:00,UNIDADE MOVEL MADUREIRA,0.0,24.03,77.27,4.71,,0.76,,,0.07,,17.0,-22.86555484,-43.34336341
2014-06-30 01:30:00,UNIDADE MOVEL MADUREIRA,0.0,23.38,85.15,2.09,,0.53,,,17.97,,24.0,-22.86555484,-43.34336341
2014-06-30 02:30:00,UNIDADE MOVEL MADUREIRA,0.0,23.03,87.9,1.79,,0.41,,,33.12,,29.0,-22.86555484,-43.34336341
2014-06-30 03:30:00,UNIDADE MOVEL MADUREIRA,0.0,22.95,87.43,1.73,,0.38,,,31.29,,31.0,-22.86555484,-43.34336341
2014-06-30 04:30:00,UNIDADE MOVEL MADUREIRA,0.0,22.68,88.3,1.32,,0.38,,,22.05,,27.0,-22.86555484,-43.34336341
2014-06-30 05:30:00,UNIDADE MOVEL MADUREIRA,0.0,22.83,83.33,1.43,,0.33,,,24.38,,26.0,-22.86555484,-43.34336341
2014-06-30 06:30:00,UNIDADE MOVEL MADUREIRA,0.0,23.02,79.17,1.59,,0.32,,,26.97,,24.0,-22.86555484,-43.34336341
2014-06-30 07:30:00,UNIDADE MOVEL MADUREIRA,0.0,23.32,75.62,1.82,,0.35,,,31.25,,24.0,-22.86555484,-43.34336341
2014-06-30 08:30:00,UNIDADE MOVEL MADUREIRA,0.0,23.97,74.6,1.88,,0.4,,,29.22,,23.0,-22.86555484,-43.34336341
2014-06-30 09:30:00,UNIDADE MOVEL MADUREIRA,0.0,25.07,70.57,2.73,,0.56,,,29.41,,35.0,-22.86555484,-43.34336341
2014-06-30 10:30:00,UNIDADE MOVEL MADUREIRA,0.0,26.28,65.67,4.46,,0.58,,,29.04,,24.0,-22.86555484,-43.34336341
2014-06-30 11:30:00,UNIDADE MOVEL MADUREIRA,0.0,25.57,70.52,5.06,,0.45,,,30.98,,22.0,-22.86555484,-43.34336341
2014-06-30 12:30:00,UNIDADE MOVEL MADUREIRA,0.0,24.62,72.48,3.31,,0.33,,,22.37,,19.0,-22.86555484,-43.34336341
2014-06-30 13:30:00,UNIDADE MOVEL MADUREIRA,0.0,23.98,73.38,1.99,,0.29,,,19.38,,10.0,-22.86555484,-43.34336341
2014-06-30 14:30:00,UNIDADE MOVEL MADUREIRA,0.0,24.03,72.0,1.38,,0.22,,,21.79,,8.0,-22.86555484,-43.34336341
2014-06-30 15:30:00,UNIDADE MOVEL MADUREIRA,0.0,23.7,72.83,1.26,,0.18,,,23.23,,5.0,-22.86555484,-43.34336341
2014-06-30 16:30:00,UNIDADE MOVEL MADUREIRA,0.0,23.17,74.35,1.71,,0.16,,,18.66,,3.0,-22.86555484,-43.34336341
2014-06-30 17:30:00,UNIDADE MOVEL MADUREIRA,0.0,22.85,75.72,1.41,,0.13,,,16.95,,6.0,-22.86555484,-43.34336341
2014-06-30 18:30:00,UNIDADE MOVEL MADUREIRA,0.0,22.83,75.1,1.19,,0.2,,,10.87,,7.0,-22.86555484,-43.34336341
2014-06-30 19:30:00,UNIDADE MOVEL MADUREIRA,0.0,22.85,75.67,1.31,,0.25,,,7.43,,5.0,-22.86555484,-43.34336341
2014-06-30 20:30:00,UNIDADE MOVEL MADUREIRA,4.0,21.7,86.48,2.12,,0.25,,,7.59,,5.0,-22.86555484,-43.34336341
2014-06-30 21:30:00,UNIDADE MOVEL MADUREIRA,1.0,21.25,92.25,1.19,,0.33,,,0.32,,7.0,-22.86555484,-43.34336341
2014-06-30 22:30:00,UNIDADE MOVEL MADUREIRA,1.0,21.42,91.72,1.3,,0.39,,,0.0,,21.0,-22.86555484,-43.34336341
2014-06-30 23:30:00,UNIDADE MOVEL MADUREIRA,0.0,21.44,91.44,1.22,,0.51,,,0.0,,21.0,-22.86555484,-43.34336341
2014-07-01 00:30:00,UNIDADE MOVEL MADUREIRA,0.0,21.58,91.02,1.225,,0.63,,,0.19,,23.0,-22.86555484,-43.34336341
2014-07-01 01:30:00,UNIDADE MOVEL MADUREIRA,0.0,21.7,89.87,1.23,,0.65,,,0.0,,16.0,-22.86555484,-43.34336341
2014-07-01 02:30:00,UNIDADE MOVEL MADUREIRA,0.0,21.82,89.32,1.4,,0.65,,,0.0,,22.0,-22.86555484,-43.34336341
2014-07-01 03:30:00,UNIDADE MOVEL MADUREIRA,0.0,22.08,88.17,1.34,,0.56,,,0.0,,21.0,-22.86555484,-43.34336341
2014-07-01 04:30:00,UNIDADE MOVEL MADUREIRA,0.0,22.38,84.32,6.88,,0.45,,,0.78,,27.0,-22.86555484,-43.34336341
2014-07-01 05:30:00,UNIDADE MOVEL MADUREIRA,0.0,22.03,85.2,12.21,,0.42,,,1.2,,40.0,-22.86555484,-43.34336341
2014-07-01 06:30:00,UNIDADE MOVEL MADUREIRA,0.0,21.95,85.67,6.71,,0.48,,,0.11,,34.0,-22.86555484,-43.34336341
2014-07-01 07:30:00,UNIDADE MOVEL MADUREIRA,0.0,22.0,84.4,2.08,,0.48,,,4.02,,26.0,-22.86555484,-43.34336341
2014-07-01 08:30:00,UNIDADE MOVEL MADUREIRA,0.0,22.4,81.55,1.69,,0.46,,,10.95,,29.0,-22.86555484,-43.34336341
2014-07-01 09:30:00,UNIDADE MOVEL MADUREIRA,0.0,23.43,76.62,2.39,,0.52,,,14.36,,36.0,-22.86555484,-43.34336341
2014-07-01 10:30:00,UNIDADE MOVEL MADUREIRA,0.0,24.63,70.68,3.66,,0.6,,,23.44,,38.0,-22.86555484,-43.34336341
2014-07-01 11:30:00,UNIDADE MOVEL MADUREIRA,0.0,25.48,64.67,4.05,,0.74,,,27.84,,43.0,-22.86555484,-43.34336341
2014-07-01 12:30:00,UNIDADE MOVEL MADUREIRA,0.0,25.93,58.17,5.75,,0.78,,,38.2,,28.0,-22.86555484,-43.34336341
2014-07-01 13:30:00,UNIDADE MOVEL MADUREIRA,0.0,25.83,60.28,5.53,,0.79,,,47.12,,26.0,-22.86555484,-43.34336341
2014-07-01 14:30:00,UNIDADE MOVEL MADUREIRA,0.0,25.28,59.43,4.93,,0.7,,,51.77,,34.0,-22.86555484,-43.34336341
2014-07-01 15:30:00,UNIDADE MOVEL MADUREIRA,0.0,24.57,66.48,4.39,,0.67,,,51.62,,28.0,-22.86555484,-43.34336341
2014-07-01 16:30:00,UNIDADE MOVEL MADUREIRA,0.0,23.42,73.07,3.96,,0.7,,,47.97,,21.0,-22.86555484,-43.34336341
2014-07-01 17:30:00,UNIDADE MOVEL MADUREIRA,0.0,22.83,75.68,3.57,,0.71,,,43.31,,29.0,-22.86555484,-43.34336341
2014-07-01 18:30:00,UNIDADE MOVEL MADUREIRA,0.0,22.5,78.23,2.89,,0.71,,,35.76,,24.0,-22.86555484,-43.34336341
2014-07-01 19:30:00,UNIDADE MOVEL MADUREIRA,0.0,22.22,79.88,4.42,,0.74,,,30.09,,20.0,-22.86555484,-43.34336341
2014-07-01 20:30:00,UNIDADE MOVEL MADUREIRA,0.0,21.95,81.23,7.41,,0.83,,,11.32,,22.0,-22.86555484,-43.34336341
2014-07-01 21:30:00,UNIDADE MOVEL MADUREIRA,0.0,21.48,81.92,9.19,,0.84,,,5.26,,23.0,-22.86555484,-43.34336341
2014-07-01 22:30:00,UNIDADE MOVEL MADUREIRA,0.0,21.0,84.22,9.32,,1.05,,,0.48,,27.0,-22.86555484,-43.34336341
2014-07-01 23:30:00,UNIDADE MOVEL MADUREIRA,0.0,20.75,83.7,7.46,,0.79,,,2.05,,30.0,-22.86555484,-43.34336341
2014-07-02 00:30:00,UNIDADE MOVEL MADUREIRA,0.0,20.78,82.65,4.425,,0.53,,,12.81,,27.0,-22.86555484,-43.34336341
2014-07-02 01:30:00,UNIDADE MOVEL MADUREIRA,0.0,20.88,82.55,1.39,,0.56,,,9.39,,25.0,-22.86555484,-43.34336341
2014-07-02 02:30:00,UNIDADE MOVEL MADUREIRA,0.0,20.7,83.4,4.19,,0.62,,,1.78,,24.0,-22.86555484,-43.34336341
2014-07-02 03:30:00,UNIDADE MOVEL MADUREIRA,0.0,20.73,82.8,4.53,,0.72,,,0.43,,25.0,-22.86555484,-43.34336341
2014-07-02 04:30:00,UNIDADE MOVEL MADUREIRA,0.0,20.92,82.58,4.56,,0.56,,,2.35,,37.0,-22.86555484,-43.34336341
2014-07-02 05:30:00,UNIDADE MOVEL MADUREIRA,0.0,21.08,82.62,3.69,,0.46,,,9.9,,32.0,-22.86555484,-43.34336341
2014-07-02 06:30:00,UNIDADE MOVEL MADUREIRA,0.0,21.05,81.98,4.47,,0.58,,,2.89,,29.0,-22.86555484,-43.34336341
2014-07-02 07:30:00,UNIDADE MOVEL MADUREIRA,0.0,20.98,81.13,1.31,,0.71,,,1.88,,34.0,-22.86555484,-43.34336341
2014-07-02 08:30:00,UNIDADE MOVEL MADUREIRA,0.0,22.38,74.43,0.0,,0.75,,,4.19,,38.0,-22.86555484,-43.34336341
2014-07-02 09:30:00,UNIDADE MOVEL MADUREIRA,0.0,23.25,70.43,0.0,,0.67,,,12.01,,51.0,-22.86555484,-43.34336341
2014-07-02 10:30:00,UNIDADE MOVEL MADUREIRA,0.0,24.25,67.3,0.0,,0.68,,,18.62,,37.0,-22.86555484,-43.34336341
2014-07-02 11:30:00,UNIDADE MOVEL MADUREIRA,0.0,25.6,61.08,0.07,,0.67,,,24.62,,32.0,-22.86555484,-43.34336341
2014-07-02 12:30:00,UNIDADE MOVEL MADUREIRA,0.0,26.55,58.35,3.49,,0.79,,,31.95,,37.0,-22.86555484,-43.34336341
2014-07-02 13:30:00,UNIDADE MOVEL MADUREIRA,0.0,25.83,62.17,1.84,,0.73,,,38.83,,47.0,-22.86555484,-43.34336341
2014-07-02 14:30:00,UNIDADE MOVEL MADUREIRA,0.0,25.63,61.85,0.0,,0.61,,,41.85,,27.0,-22.86555484,-43.34336341
2014-07-02 15:30:00,UNIDADE MOVEL MADUREIRA,0.0,25.22,63.7,0.0,,0.55,,,41.56,,21.0,-22.86555484,-43.34336341
2014-07-02 16:30:00,UNIDADE MOVEL MADUREIRA,0.0,24.28,68.62,0.0,,0.47,,,39.35,,25.0,-22.86555484,-43.34336341
2014-07-02 17:30:00,UNIDADE MOVEL MADUREIRA,0.0,23.23,74.28,0.0,,0.51,,,33.8,,16.0,-22.86555484,-43.34336341
2014-07-02 18:30:00,UNIDADE MOVEL MADUREIRA,0.0,22.7,78.7,0.0,,0.62,,,16.13,,25.0,-22.86555484,-43.34336341
2014-07-02 19:30:00,UNIDADE MOVEL MADUREIRA,0.0,22.38,80.82,0.0,,0.66,,,4.15,,35.0,-22.86555484,-43.34336341
2014-07-02 20:30:00,UNIDADE MOVEL MADUREIRA,0.0,22.22,81.68,0.0,,0.71,,,0.0,,27.0,-22.86555484,-43.34336341
2014-07-02 21:30:00,UNIDADE MOVEL MADUREIRA,0.0,22.35,80.97,0.0,,0.78,,,0.0,,35.0,-22.86555484,-43.34336341
2014-07-02 22:30:00,UNIDADE MOVEL MADUREIRA,0.0,22.55,79.93,0.0,,0.69,,,2.58,,33.0,-22.86555484,-43.34336341
2014-07-02 23:30:00,UNIDADE MOVEL MADUREIRA,0.0,22.72,79.35,0.0,,0.5499999999999999,,,6.56,,26.0,-22.86555484,-43.34336341
2014-07-03 00:30:00,UNIDADE MOVEL MADUREIRA,0.0,22.6,78.58,0.625,,0.41,,,16.35,,15.0,-22.86555484,-43.34336341
2014-07-03 01:30:00,UNIDADE MOVEL MADUREIRA,0.0,22.2,79.55,1.25,,0.4,,,20.08,,21.0,-22.86555484,-43.34336341
2014-07-03 02:30:00,UNIDADE MOVEL MADUREIRA,0.0,21.58,81.98,0.89,,0.31,,,19.9,,14.0,-22.86555484,-43.34336341
2014-07-03 03:30:00,UNIDADE MOVEL MADUREIRA,0.0,21.53,83.58,1.24,,0.27,,,17.14,,14.0,-22.86555484,-43.34336341
2014-07-03 04:30:00,UNIDADE MOVEL MADUREIRA,0.0,21.18,85.38,1.03,,0.28,,,13.16,,18.0,-22.86555484,-43.34336341
2014-07-03 05:30:00,UNIDADE MOVEL MADUREIRA,0.0,21.07,85.75,1.11,,0.29,,,6.79,,27.0,-22.86555484,-43.34336341
2014-07-03 06:30:00,UNIDADE MOVEL MADUREIRA,0.0,21.15,86.15,1.42,,0.5,,,5.55,,16.0,-22.86555484,-43.34336341
2014-07-03 07:30:00,UNIDADE MOVEL MADUREIRA,0.0,21.3,85.93,1.9,,0.46,,,2.71,,23.0,-22.86555484,-43.34336341
2014-07-03 08:30:00,UNIDADE MOVEL MADUREIRA,0.0,21.87,83.65,2.13,,0.55,,,4.74,,28.0,-22.86555484,-43.34336341
2014-07-03 09:30:00,UNIDADE MOVEL MADUREIRA,0.0,22.78,79.6,1.85,,0.57,,,7.26,,38.0,-22.86555484,-43.34336341
2014-07-03 10:30:00,UNIDADE MOVEL MADUREIRA,0.0,24.02,74.4,1.58,,0.57,,,10.6,,26.0,-22.86555484,-43.34336341
2014-07-03 11:30:00,UNIDADE MOVEL MADUREIRA,0.0,25.77,66.03,3.07,,0.66,,,15.99,,32.0,-22.86555484,-43.34336341
2014-07-03 12:30:00,UNIDADE MOVEL MADUREIRA,0.0,27.23,58.4,6.19,,0.79,,,26.24,,42.0,-22.86555484,-43.34336341
2014-07-03 13:30:00,UNIDADE MOVEL MADUREIRA,0.0,28.45,54.33,15.7,,0.95,,,32.26,,42.0,-22.86555484,-43.34336341
2014-07-03 14:30:00,UNIDADE MOVEL MADUREIRA,0.0,28.8,51.43,26.24,,0.83,,,65.3,,42.0,-22.86555484,-43.34336341
2014-07-03 15:30:00,UNIDADE MOVEL MADUREIRA,0.0,27.43,56.13,11.89,,0.61,,,37.17,,42.0,-22.86555484,-43.34336341
2014-07-03 16:30:00,UNIDADE MOVEL MADUREIRA,0.0,25.22,71.88,7.630000000000001,,0.625,,,24.55,,42.0,-22.86555484,-43.34336341
2014-07-03 17:30:00,UNIDADE MOVEL MADUREIRA,0.0,24.65,74.0,3.37,,0.64,,,11.93,,,-22.86555484,-43.34336341
2014-07-03 18:30:00,UNIDADE MOVEL MADUREIRA,0.0,24.42,74.32,3.74,,0.75,,,2.49,,,-22.86555484,-43.34336341
2014-07-03 19:30:00,UNIDADE MOVEL MADUREIRA,0.0,23.93,77.13,3.5,,0.93,,,0.0,,,-22.86555484,-43.34336341
2014-07-03 20:30:00,UNIDADE MOVEL MADUREIRA,0.0,23.78,78.28,4.03,,1.14,,,0.0,,,-22.86555484,-43.34336341
2014-07-03 21:30:00,UNIDADE MOVEL MADUREIRA,0.0,23.85,78.33,4.34,,0.89,,,0.0,,,-22.86555484,-43.34336341
2014-07-03 22:30:00,UNIDADE MOVEL MADUREIRA,0.0,23.58,80.52,4.82,,0.67,,,0.0,,,-22.86555484,-43.34336341
2014-07-03 23:30:00,UNIDADE MOVEL MADUREIRA,0.0,22.82,83.92,3.15,,0.635,,,0.44,,,-22.86555484,-43.34336341
2014-07-04 00:30:00,UNIDADE MOVEL MADUREIRA,0.0,22.4,86.0,3.135,,0.6,,,0.18,,,-22.86555484,-43.34336341
2014-07-04 01:30:00,UNIDADE MOVEL MADUREIRA,0.0,21.98,87.82,3.12,,0.63,,,0.0,,,-22.86555484,-43.34336341
2014-07-04 02:30:00,UNIDADE MOVEL MADUREIRA,0.0,21.52,89.88,3.15,,0.61,,,0.0,,,-22.86555484,-43.34336341
2014-07-04 03:30:00,UNIDADE MOVEL MADUREIRA,0.0,21.2,90.98,3.02,,0.55,,,0.0,,,-22.86555484,-43.34336341
2014-07-04 04:30:00,UNIDADE MOVEL MADUREIRA,0.0,21.33,91.63,2.25,,0.5,,,0.02,,,-22.86555484,-43.34336341
2014-07-04 05:30:00,UNIDADE MOVEL MADUREIRA,0.0,21.53,91.22,2.29,,0.41,,,0.59,,,-22.86555484,-43.34336341
2014-07-04 06:30:00,UNIDADE MOVEL MADUREIRA,0.0,21.43,91.1,1.9,,0.34,,,6.46,,,-22.86555484,-43.34336341
2014-07-04 07:30:00,UNIDADE MOVEL MADUREIRA,0.0,21.15,92.23,1.78,,0.34,,,8.61,,,-22.86555484,-43.34336341
2014-07-04 08:30:00,UNIDADE MOVEL MADUREIRA,0.0,21.17,92.12,1.88,,0.38,,,8.19,,,-22.86555484,-43.34336341
2014-07-04 09:30:00,UNIDADE MOVEL MADUREIRA,0.0,21.75,89.03,2.0,,0.41,,,8.21,,,-22.86555484,-43.34336341
2014-07-04 10:30:00,UNIDADE MOVEL MADUREIRA,0.0,23.22,81.28,3.88,,0.5149999999999999,,,15.989999999999998,,,-22.86555484,-43.34336341
2014-07-04 11:30:00,UNIDADE MOVEL MADUREIRA,0.0,25.72,69.28,10.54,,0.6199999999999999,,,23.77,,,-22.86555484,-43.34336341
2014-07-04 12:30:00,UNIDADE MOVEL MADUREIRA,0.0,28.53,56.58,19.06,,0.7249999999999999,,,34.8,,52.0,-22.86555484,-43.34336341
2014-07-04 13:30:00,UNIDADE MOVEL MADUREIRA,0.0,29.88,49.22,18.09,,0.83,,,49.44,,39.0,-22.86555484,-43.34336341
2014-07-04 14:30:00,UNIDADE MOVEL MADUREIRA,0.0,30.08,51.8,15.27,,0.65,,,43.33,,35.0,-22.86555484,-43.34336341
2014-07-04 15:30:00,UNIDADE MOVEL MADUREIRA,0.0,29.98,47.85,26.75,,0.6,,,35.06,,35.0,-22.86555484,-43.34336341
2014-07-04 16:30:00,UNIDADE MOVEL MADUREIRA,0.0,28.8,52.22,12.2,,0.4,,,33.06,,27.0,-22.86555484,-43.34336341
2014-07-04 17:30:00,UNIDADE MOVEL MADUREIRA,0.0,27.32,55.57,9.11,,0.48,,,24.45,,26.0,-22.86555484,-43.34336341
2014-07-04 18:30:00,UNIDADE MOVEL MADUREIRA,0.0,25.55,69.12,5.88,,0.83,,,13.21,,30.0,-22.86555484,-43.34336341
2014-07-04 19:30:00,UNIDADE MOVEL MADUREIRA,0.0,25.15,71.57,6.35,,1.65,,,0.51,,49.0,-22.86555484,-43.34336341
2014-07-04 20:30:00,UNIDADE MOVEL MADUREIRA,0.0,25.3,71.58,6.47,,1.36,,,0.01,,52.0,-22.86555484,-43.34336341
2014-07-04 21:30:00,UNIDADE MOVEL MADUREIRA,0.0,24.67,76.22,5.09,,0.71,,,2.81,,55.0,-22.86555484,-43.34336341
2014-07-04 22:30:00,UNIDADE MOVEL MADUREIRA,0.0,23.88,79.03,4.01,,0.54,,,4.53,,37.0,-22.86555484,-43.34336341
2014-07-04 23:30:00,UNIDADE MOVEL MADUREIRA,0.0,23.25,81.92,3.83,,0.46,,,0.78,,29.0,-22.86555484,-43.34336341
2014-07-05 00:30:00,UNIDADE MOVEL MADUREIRA,0.0,22.92,83.92,3.245,,0.55,,,0.04,,27.0,-22.86555484,-43.34336341
2014-07-05 01:30:00,UNIDADE MOVEL MADUREIRA,0.0,22.15,86.12,2.66,,0.53,,,0.38,,32.0,-22.86555484,-43.34336341
2014-07-05 02:30:00,UNIDADE MOVEL MADUREIRA,0.0,21.6,88.32,3.71,,1.43,,,0.0,,29.0,-22.86555484,-43.34336341
2014-07-05 03:30:00,UNIDADE MOVEL MADUREIRA,0.0,21.08,90.7,3.37,,1.28,,,0.0,,37.0,-22.86555484,-43.34336341
2014-07-05 04:30:00,UNIDADE MOVEL MADUREIRA,0.0,20.6,92.1,3.03,,1.04,,,0.0,,35.0,-22.86555484,-43.34336341
2014-07-05 05:30:00,UNIDADE MOVEL MADUREIRA,0.0,20.4,92.05,2.94,,0.69,,,0.0,,34.0,-22.86555484,-43.34336341
2014-07-05 06:30:00,UNIDADE MOVEL MADUREIRA,0.0,20.7,90.95,2.8,,0.41,,,0.0,,30.0,-22.86555484,-43.34336341
2014-07-05 07:30:00,UNIDADE MOVEL MADUREIRA,0.0,21.25,87.7,2.51,,0.3,,,0.52,,31.0,-22.86555484,-43.34336341
2014-07-05 08:30:00,UNIDADE MOVEL MADUREIRA,0.0,22.33,80.42,5.25,,0.16,,,2.39,,23.0,-22.86555484,-43.34336341
2014-07-05 09:30:00,UNIDADE MOVEL MADUREIRA,0.0,23.7,73.05,6.58,,0.1,,,4.72,,34.0,-22.86555484,-43.34336341
2014-07-05 10:30:00,UNIDADE MOVEL MADUREIRA,0.0,25.53,65.38,5.3,,0.07,,,11.65,,20.0,-22.86555484,-43.34336341
2014-07-05 11:30:00,UNIDADE MOVEL MADUREIRA,0.0,27.08,56.62,5.96,,0.06,,,23.1,,17.0,-22.86555484,-43.34336341
2014-07-05 12:30:00,UNIDADE MOVEL MADUREIRA,0.0,28.68,46.33,8.56,,0.1,,,34.69,,17.0,-22.86555484,-43.34336341
2014-07-05 13:30:00,UNIDADE MOVEL MADUREIRA,0.0,29.35,38.7,9.41,,0.06,,,39.43,,15.0,-22.86555484,-43.34336341
2014-07-05 14:30:00,UNIDADE MOVEL MADUREIRA,0.0,29.13,48.65,9.77,,0.16,,,37.8,,20.0,-22.86555484,-43.34336341
2014-07-05 15:30:00,UNIDADE MOVEL MADUREIRA,0.0,28.55,50.63,7.05,,0.23,,,37.49,,19.0,-22.86555484,-43.34336341
2014-07-05 16:30:00,UNIDADE MOVEL MADUREIRA,0.0,27.9,53.57,4.92,,0.19,,,31.04,,17.0,-22.86555484,-43.34336341
2014-07-05 17:30:00,UNIDADE MOVEL MADUREIRA,0.0,26.5,60.9,3.26,,0.17,,,14.72,,15.0,-22.86555484,-43.34336341
2014-07-05 18:30:00,UNIDADE MOVEL MADUREIRA,0.0,25.98,63.42,4.41,,0.2,,,2.71,,15.0,-22.86555484,-43.34336341
2014-07-05 19:30:00,UNIDADE MOVEL MADUREIRA,0.0,25.28,63.62,3.24,,0.11,,,9.66,,16.0,-22.86555484,-43.34336341
2014-07-05 20:30:00,UNIDADE MOVEL MADUREIRA,0.0,24.53,66.73,3.05,,0.32,,,8.43,,12.0,-22.86555484,-43.34336341
2014-07-05 21:30:00,UNIDADE MOVEL MADUREIRA,0.0,23.73,71.6,2.36,,0.23,,,6.04,,12.0,-22.86555484,-43.34336341
2014-07-05 22:30:00,UNIDADE MOVEL MADUREIRA,0.0,23.23,73.92,2.52,,0.3,,,0.99,,9.0,-22.86555484,-43.34336341
2014-07-05 23:30:00,UNIDADE MOVEL MADUREIRA,0.0,22.8,75.3,2.57,,0.34,,,1.46,,8.0,-22.86555484,-43.34336341
2014-07-06 00:30:00,UNIDADE MOVEL MADUREIRA,0.0,22.5,74.93,2.48,,0.12,,,5.35,,16.0,-22.86555484,-43.34336341
2014-07-06 01:30:00,UNIDADE MOVEL MADUREIRA,0.0,22.07,76.52,2.39,,0.14,,,2.5,,7.0,-22.86555484,-43.34336341
2014-07-06 02:30:00,UNIDADE MOVEL MADUREIRA,0.0,22.1,75.47,2.45,,0.12,,,3.11,,9.0,-22.86555484,-43.34336341
2014-07-06 03:30:00,UNIDADE MOVEL MADUREIRA,0.0,21.45,78.62,2.47,,0.13,,,0.08,,9.0,-22.86555484,-43.34336341
2014-07-06 04:30:00,UNIDADE MOVEL MADUREIRA,0.0,21.02,80.65,3.13,,0.16,,,0.0,,6.0,-22.86555484,-43.34336341
2014-07-06 05:30:00,UNIDADE MOVEL MADUREIRA,0.0,20.95,80.83,2.7,,0.11,,,0.7,,9.0,-22.86555484,-43.34336341
2014-07-06 06:30:00,UNIDADE MOVEL MADUREIRA,0.0,20.95,80.92,2.13,,0.1,,,0.0,,11.0,-22.86555484,-43.34336341
2014-07-06 07:30:00,UNIDADE MOVEL MADUREIRA,0.0,21.4,79.45,3.41,,0.1,,,0.99,,10.0,-22.86555484,-43.34336341
2014-07-06 08:30:00,UNIDADE MOVEL MADUREIRA,0.0,22.97,71.05,5.32,,0.1,,,4.52,,12.0,-22.86555484,-43.34336341
2014-07-06 09:30:00,UNIDADE MOVEL MADUREIRA,0.0,25.28,59.65,8.07,,0.04,,,10.48,,11.5,-22.86555484,-43.34336341
2014-07-06 10:30:00,UNIDADE MOVEL MADUREIRA,0.0,26.17,54.38,12.07,,0.28,,,18.77,,11.0,-22.86555484,-43.34336341
2014-07-06 11:30:00,UNIDADE MOVEL MADUREIRA,0.0,27.77,48.48,11.91,,0.24,,,24.84,,11.5,-22.86555484,-43.34336341
2014-07-06 12:30:00,UNIDADE MOVEL MADUREIRA,0.0,29.13,40.83,15.44,,0.27,,,28.01,,12.0,-22.86555484,-43.34336341
2014-07-06 13:30:00,UNIDADE MOVEL MADUREIRA,0.0,29.72,37.38,13.0,,0.17,,,24.05,,9.0,-22.86555484,-43.34336341
2014-07-06 14:30:00,UNIDADE MOVEL MADUREIRA,0.0,29.9,36.55,11.04,,0.14,,,25.75,,6.0,-22.86555484,-43.34336341
2014-07-06 15:30:00,UNIDADE MOVEL MADUREIRA,0.0,29.67,36.8,8.36,,0.19,,,23.84,,4.0,-22.86555484,-43.34336341
2014-07-06 16:30:00,UNIDADE MOVEL MADUREIRA,0.0,29.23,37.77,6.74,,0.28,,,20.92,,1.0,-22.86555484,-43.34336341
2014-07-06 17:30:00,UNIDADE MOVEL MADUREIRA,0.0,27.92,47.67,5.08,,0.14,,,15.11,,1.0,-22.86555484,-43.34336341
2014-07-06 18:30:00,UNIDADE MOVEL MADUREIRA,0.0,26.27,60.53,2.62,,0.12,,,13.65,,5.0,-22.86555484,-43.34336341
2014-07-06 19:30:00,UNIDADE MOVEL MADUREIRA,0.0,25.52,64.6,2.91,,0.13,,,6.95,,6.0,-22.86555484,-43.34336341
2014-07-06 20:30:00,UNIDADE MOVEL MADUREIRA,0.0,25.12,64.8,4.84,,0.14,,,0.14,,7.0,-22.86555484,-43.34336341
2014-07-06 21:30:00,UNIDADE MOVEL MADUREIRA,0.0,24.57,66.6,3.34,,0.14,,,4.62,,9.0,-22.86555484,-43.34336341
2014-07-06 22:30:00,UNIDADE MOVEL MADUREIRA,0.0,23.68,69.67,2.57,,0.14,,,6.26,,7.0,-22.86555484,-43.34336341
2014-07-06 23:30:00,UNIDADE MOVEL MADUREIRA,0.0,23.17,71.8,3.76,,0.16,,,2.71,,5.0,-22.86555484,-43.34336341
2014-07-07 00:30:00,UNIDADE MOVEL MADUREIRA,0.0,22.87,72.98,3.5149999999999997,,0.08,,,0.69,,8.0,-22.86555484,-43.34336341
2014-07-07 01:30:00,UNIDADE MOVEL MADUREIRA,0.0,23.03,71.02,3.27,,0.08,,,0.38,,10.0,-22.86555484,-43.34336341
2014-07-07 02:30:00,UNIDADE MOVEL MADUREIRA,0.0,23.18,69.53,2.58,,0.08,,,0.84,,9.0,-22.86555484,-43.34336341
2014-07-07 03:30:00,UNIDADE MOVEL MADUREIRA,0.0,22.38,74.68,1.74,,0.15,,,0.0,,9.0,-22.86555484,-43.34336341
2014-07-07 04:30:00,UNIDADE MOVEL MADUREIRA,0.0,21.63,78.45,1.46,,0.2,,,0.0,,10.0,-22.86555484,-43.34336341
2014-07-07 05:30:00,UNIDADE MOVEL MADUREIRA,0.0,21.28,80.12,2.19,,0.26,,,0.0,,7.0,-22.86555484,-43.34336341
2014-07-07 06:30:00,UNIDADE MOVEL MADUREIRA,0.0,21.3,79.72,3.01,,0.57,,,0.0,,9.0,-22.86555484,-43.34336341
2014-07-07 07:30:00,UNIDADE MOVEL MADUREIRA,0.0,21.8,78.28,3.91,,0.94,,,0.0,,24.0,-22.86555484,-43.34336341
2014-07-07 08:30:00,UNIDADE MOVEL MADUREIRA,0.0,24.08,67.4,5.63,,0.7,,,0.39,,19.0,-22.86555484,-43.34336341
2014-07-07 09:30:00,UNIDADE MOVEL MADUREIRA,0.0,25.8,59.52,6.2,,0.35,,,1.61,,30.0,-22.86555484,-43.34336341
2014-07-07 10:30:00,UNIDADE MOVEL MADUREIRA,0.0,26.58,56.1,8.54,,0.38,,,2.46,,29.0,-22.86555484,-43.34336341
2014-07-07 11:30:00,UNIDADE MOVEL MADUREIRA,0.0,28.25,48.63,7.18,,0.15,,,8.97,,30.0,-22.86555484,-43.34336341
2014-07-07 12:30:00,UNIDADE MOVEL MADUREIRA,0.0,29.47,41.88,6.35,,0.16,,,19.28,,25.0,-22.86555484,-43.34336341
2014-07-07 13:30:00,UNIDADE MOVEL MADUREIRA,0.0,29.5,41.32,6.87,,0.03,,,23.76,,15.0,-22.86555484,-43.34336341
2014-07-07 14:30:00,UNIDADE MOVEL MADUREIRA,0.0,29.9,39.8,6.72,,0.06,,,25.67,,11.0,-22.86555484,-43.34336341
2014-07-07 15:30:00,UNIDADE MOVEL MADUREIRA,0.0,30.02,39.57,10.3,,0.09,,,31.23,,11.0,-22.86555484,-43.34336341
2014-07-07 16:30:00,UNIDADE MOVEL MADUREIRA,0.0,29.57,41.55,18.4,,0.21,,,18.91,,11.0,-22.86555484,-43.34336341
2014-07-07 17:30:00,UNIDADE MOVEL MADUREIRA,0.0,28.58,43.3,10.53,,0.38,,,6.04,,16.0,-22.86555484,-43.34336341
2014-07-07 18:30:00,UNIDADE MOVEL MADUREIRA,0.0,27.6,46.73,6.53,,0.69,,,0.06,,28.0,-22.86555484,-43.34336341
2014-07-07 19:30:00,UNIDADE MOVEL MADUREIRA,0.0,26.65,54.67,8.96,,1.02,,,0.0,,26.0,-22.86555484,-43.34336341
2014-07-07 20:30:00,UNIDADE MOVEL MADUREIRA,0.0,25.6,64.3,5.73,,0.56,,,0.0,,31.0,-22.86555484,-43.34336341
2014-07-07 21:30:00,UNIDADE MOVEL MADUREIRA,0.0,24.83,64.48,4.46,,0.58,,,2.4,,28.0,-22.86555484,-43.34336341
2014-07-07 22:30:00,UNIDADE MOVEL MADUREIRA,0.0,23.9,71.13,2.61,,0.32,,,8.65,,19.0,-22.86555484,-43.34336341
2014-07-07 23:30:00,UNIDADE MOVEL MADUREIRA,0.0,23.15,76.55,1.5,,0.22,,,26.77,,18.0,-22.86555484,-43.34336341
2014-07-08 00:30:00,UNIDADE MOVEL MADUREIRA,0.0,22.93,74.4,1.04,,0.08,,,34.34,,12.0,-22.86555484,-43.34336341
2014-07-08 01:30:00,UNIDADE MOVEL MADUREIRA,0.0,22.73,74.7,0.58,,0.07,,,35.05,,15.0,-22.86555484,-43.34336341
2014-07-08 02:30:00,UNIDADE MOVEL MADUREIRA,0.0,22.65,75.93,0.43,,0.06,,,33.77,,16.0,-22.86555484,-43.34336341
2014-07-08 03:30:00,UNIDADE MOVEL MADUREIRA,0.0,22.47,76.88,0.24,,0.07,,,30.71,,21.0,-22.86555484,-43.34336341
2014-07-08 04:30:00,UNIDADE MOVEL MADUREIRA,0.0,22.13,78.65,0.05,,0.09,,,22.98,,11.0,-22.86555484,-43.34336341
2014-07-08 05:30:00,UNIDADE MOVEL MADUREIRA,0.0,21.98,79.83,0.3,,0.14,,,6.48,,17.0,-22.86555484,-43.34336341
2014-07-08 06:30:00,UNIDADE MOVEL MADUREIRA,0.0,21.72,80.62,0.79,,0.24,,,0.0,,16.0,-22.86555484,-43.34336341
2014-07-08 07:30:00,UNIDADE MOVEL MADUREIRA,0.0,21.77,81.17,1.11,,0.34,,,0.05,,23.0,-22.86555484,-43.34336341
2014-07-08 08:30:00,UNIDADE MOVEL MADUREIRA,0.0,22.42,79.88,2.37,,0.49,,,0.97,,25.0,-22.86555484,-43.34336341
2014-07-08 09:30:00,UNIDADE MOVEL MADUREIRA,0.0,23.78,72.63,1.92,,0.18,,,10.91,,28.0,-22.86555484,-43.34336341
2014-07-08 10:30:00,UNIDADE MOVEL MADUREIRA,0.0,24.4,67.35,1.26,,0.12,,,23.19,,35.0,-22.86555484,-43.34336341
2014-07-08 11:30:00,UNIDADE MOVEL MADUREIRA,0.0,25.33,63.8,1.27,,0.07,,,29.0,,24.0,-22.86555484,-43.34336341
2014-07-08 12:30:00,UNIDADE MOVEL MADUREIRA,0.0,24.62,69.37,1.27,,0.1,,,26.28,,27.0,-22.86555484,-43.34336341
2014-07-08 13:30:00,UNIDADE MOVEL MADUREIRA,0.0,24.02,73.98,1.0,,0.1,,,26.41,,13.0,-22.86555484,-43.34336341
2014-07-08 14:30:00,UNIDADE MOVEL MADUREIRA,0.0,23.5,73.85,0.39,,0.09,,,26.56,,14.0,-22.86555484,-43.34336341
2014-07-08 15:30:00,UNIDADE MOVEL MADUREIRA,0.0,23.12,76.05,0.55,,0.07,,,27.22,,9.0,-22.86555484,-43.34336341
2014-07-08 16:30:00,UNIDADE MOVEL MADUREIRA,0.0,22.25,80.5,0.5,,0.07,,,26.25,,8.0,-22.86555484,-43.34336341
2014-07-08 17:30:00,UNIDADE MOVEL MADUREIRA,0.0,21.15,83.78,0.17,,0.08,,,28.86,,10.0,-22.86555484,-43.34336341
2014-07-08 18:30:00,UNIDADE MOVEL MADUREIRA,0.0,21.43,83.75,0.12,,0.09,,,26.42,,8.0,-22.86555484,-43.34336341
2014-07-08 19:30:00,UNIDADE MOVEL MADUREIRA,0.0,21.53,79.7,0.09,,0.08,,,25.57,,9.0,-22.86555484,-43.34336341
2014-07-08 20:30:00,UNIDADE MOVEL MADUREIRA,0.0,21.55,82.23,0.28,,0.17,,,14.98,,9.0,-22.86555484,-43.34336341
2014-07-08 21:30:00,UNIDADE MOVEL MADUREIRA,0.0,21.13,83.28,0.29,,0.1,,,19.8,,23.0,-22.86555484,-43.34336341
2014-07-08 22:30:00,UNIDADE MOVEL MADUREIRA,0.0,21.2,79.65,0.02,,0.11,,,24.77,,12.0,-22.86555484,-43.34336341
2014-07-08 23:30:00,UNIDADE MOVEL MADUREIRA,0.0,21.22,79.35,0.0,,0.12,,,17.91,,11.0,-22.86555484,-43.34336341
2014-07-09 00:30:00,UNIDADE MOVEL MADUREIRA,0.0,20.62,84.97,0.415,,0.06,,,20.78,,9.0,-22.86555484,-43.34336341
2014-07-09 01:30:00,UNIDADE MOVEL MADUREIRA,0.0,19.82,89.75,0.83,,0.04,,,29.18,,6.0,-22.86555484,-43.34336341
2014-07-09 02:30:00,UNIDADE MOVEL MADUREIRA,0.0,19.95,89.1,0.9,,0.05,,,23.44,,5.0,-22.86555484,-43.34336341
2014-07-09 03:30:00,UNIDADE MOVEL MADUREIRA,0.0,19.97,90.3,0.8,,0.07,,,10.68,,5.0,-22.86555484,-43.34336341
2014-07-09 04:30:00,UNIDADE MOVEL MADUREIRA,0.0,20.07,90.13,0.74,,0.07,,,9.44,,2.0,-22.86555484,-43.34336341
2014-07-09 05:30:00,UNIDADE MOVEL MADUREIRA,0.0,19.98,91.13,1.15,,0.09,,,1.06,,5.0,-22.86555484,-43.34336341
2014-07-09 06:30:00,UNIDADE MOVEL MADUREIRA,0.0,19.8,92.0,1.93,,0.17,,,0.0,,8.0,-22.86555484,-43.34336341
2014-07-09 07:30:00,UNIDADE MOVEL MADUREIRA,0.0,20.13,91.25,2.16,,0.28,,,0.0,,9.0,-22.86555484,-43.34336341
2014-07-09 08:30:00,UNIDADE MOVEL MADUREIRA,0.0,21.08,85.37,2.51,,0.2,,,1.67,,16.0,-22.86555484,-43.34336341
2014-07-09 09:30:00,UNIDADE MOVEL MADUREIRA,0.0,22.03,80.57,2.27,,0.15,,,6.49,,13.0,-22.86555484,-43.34336341
2014-07-09 10:30:00,UNIDADE MOVEL MADUREIRA,0.0,23.78,68.9,2.39,,0.02,,,19.86,,22.0,-22.86555484,-43.34336341
2014-07-09 11:30:00,UNIDADE MOVEL MADUREIRA,0.0,24.03,66.1,2.46,,0.03,,,21.59,,14.0,-22.86555484,-43.34336341
2014-07-09 12:30:00,UNIDADE MOVEL MADUREIRA,0.0,24.7,63.5,2.25,,0.02,,,24.81,,6.0,-22.86555484,-43.34336341
2014-07-09 13:30:00,UNIDADE MOVEL MADUREIRA,0.0,25.05,62.35,3.12,,0.01,,,27.93,,4.0,-22.86555484,-43.34336341
2014-07-09 14:30:00,UNIDADE MOVEL MADUREIRA,0.0,24.33,68.47,2.91,,0.01,,,28.41,,4.0,-22.86555484,-43.34336341
2014-07-09 15:30:00,UNIDADE MOVEL MADUREIRA,0.0,23.72,70.9,2.17,,0.03,,,26.13,,3.0,-22.86555484,-43.34336341
2014-07-09 16:30:00,UNIDADE MOVEL MADUREIRA,0.0,23.12,73.37,1.53,,0.06,,,23.93,,6.0,-22.86555484,-43.34336341
2014-07-09 17:30:00,UNIDADE MOVEL MADUREIRA,0.0,22.35,77.08,1.62,,0.06,,,22.71,,5.0,-22.86555484,-43.34336341
2014-07-09 18:30:00,UNIDADE MOVEL MADUREIRA,0.0,22.05,79.28,1.68,,0.07,,,21.05,,5.666666666666667,-22.86555484,-43.34336341
2014-07-09 19:30:00,UNIDADE MOVEL MADUREIRA,0.0,22.08,78.43,2.17,,0.07,,,19.06,,6.333333333333333,-22.86555484,-43.34336341
2014-07-09 20:30:00,UNIDADE MOVEL MADUREIRA,0.0,21.98,79.2,2.42,,0.08,,,17.15,,7.0,-22.86555484,-43.34336341
2014-07-09 21:30:00,UNIDADE MOVEL MADUREIRA,0.0,21.93,80.6,1.98,,0.1,,,11.25,,11.0,-22.86555484,-43.34336341
2014-07-09 22:30:00,UNIDADE MOVEL MADUREIRA,0.0,21.8,81.85,1.92,,0.12,,,9.18,,9.0,-22.86555484,-43.34336341
2014-07-09 23:30:00,UNIDADE MOVEL MADUREIRA,0.0,21.77,81.85,2.37,,0.15,,,7.6,,8.0,-22.86555484,-43.34336341
2014-07-10 00:30:00,UNIDADE MOVEL MADUREIRA,0.0,21.97,80.77,20.445000000000004,,0.1,,,4.74,,8.0,-22.86555484,-43.34336341
2014-07-10 01:30:00,UNIDADE MOVEL MADUREIRA,0.0,21.6,82.4,38.52,,0.09,,,7.11,,21.0,-22.86555484,-43.34336341
2014-07-10 02:30:00,UNIDADE MOVEL MADUREIRA,0.0,21.3,82.48,38.91,,0.09,,,10.05,,23.0,-22.86555484,-43.34336341
2014-07-10 03:30:00,UNIDADE MOVEL MADUREIRA,0.0,20.85,85.05,12.87,,0.09,,,7.53,,13.0,-22.86555484,-43.34336341
2014-07-10 04:30:00,UNIDADE MOVEL MADUREIRA,0.0,21.0,84.37,7.7,,0.1,,,6.19,,14.0,-22.86555484,-43.34336341
2014-07-10 05:30:00,UNIDADE MOVEL MADUREIRA,0.0,21.02,84.32,6.19,,0.1,,,2.29,,19.0,-22.86555484,-43.34336341
2014-07-10 06:30:00,UNIDADE MOVEL MADUREIRA,0.0,21.0,83.92,6.37,,0.15,,,0.17,,14.0,-22.86555484,-43.34336341
2014-07-10 07:30:00,UNIDADE MOVEL MADUREIRA,0.0,21.22,83.23,6.04,,0.19,,,0.39,,17.0,-22.86555484,-43.34336341
2014-07-10 08:30:00,UNIDADE MOVEL MADUREIRA,0.0,21.85,81.03,7.0,,0.36,,,0.8,,15.0,-22.86555484,-43.34336341
2014-07-10 09:30:00,UNIDADE MOVEL MADUREIRA,0.0,22.25,79.28,7.9,,0.4,,,1.75,,26.0,-22.86555484,-43.34336341
2014-07-10 10:30:00,UNIDADE MOVEL MADUREIRA,0.0,22.62,76.87,7.76,,0.37,,,2.98,,32.0,-22.86555484,-43.34336341
2014-07-10 11:30:00,UNIDADE MOVEL MADUREIRA,0.0,22.42,78.17,5.88,,0.35,,,4.28,,33.0,-22.86555484,-43.34336341
2014-07-10 12:30:00,UNIDADE MOVEL MADUREIRA,2.0,21.4,86.23,4.96,,0.36,,,0.66,,29.0,-22.86555484,-43.34336341
2014-07-10 13:30:00,UNIDADE MOVEL MADUREIRA,2.0,21.15,87.73,5.37,,0.27,,,1.37,,21.0,-22.86555484,-43.34336341
2014-07-10 14:30:00,UNIDADE MOVEL MADUREIRA,1.0,20.95,85.47,4.42,,0.21,,,5.25,,16.0,-22.86555484,-43.34336341
2014-07-10 15:30:00,UNIDADE MOVEL MADUREIRA,0.0,20.87,86.65,4.06,,0.2,,,7.72,,11.0,-22.86555484,-43.34336341
2014-07-10 16:30:00,UNIDADE MOVEL MADUREIRA,1.0,20.28,88.93,2.32,,0.14,,,13.68,,10.0,-22.86555484,-43.34336341
2014-07-10 17:30:00,UNIDADE MOVEL MADUREIRA,0.0,19.4,90.73,2.27,,0.14,,,16.13,,4.0,-22.86555484,-43.34336341
2014-07-10 18:30:00,UNIDADE MOVEL MADUREIRA,0.0,19.38,91.08,1.92,,0.18,,,10.75,,3.0,-22.86555484,-43.34336341
2014-07-10 19:30:00,UNIDADE MOVEL MADUREIRA,0.0,19.28,89.03,1.44,,0.15,,,11.56,,2.0,-22.86555484,-43.34336341
2014-07-10 20:30:00,UNIDADE MOVEL MADUREIRA,5.0,18.85,92.38,1.37,,0.11,,,16.07,,3.0,-22.86555484,-43.34336341
2014-07-10 21:30:00,UNIDADE MOVEL MADUREIRA,1.0,18.77,94.72,1.4,,0.14,,,10.52,,2.0,-22.86555484,-43.34336341
2014-07-10 22:30:00,UNIDADE MOVEL MADUREIRA,1.0,19.02,93.97,3.41,,0.19,,,2.0,,5.0,-22.86555484,-43.34336341
2014-07-10 23:30:00,UNIDADE MOVEL MADUREIRA,0.0,18.95,93.45,5.33,,0.16,,,6.22,,8.0,-22.86555484,-43.34336341
2014-07-11 00:30:00,UNIDADE MOVEL MADUREIRA,1.0,18.97,93.05,3.4650000000000003,,0.09,,,11.15,,7.0,-22.86555484,-43.34336341
2014-07-11 01:30:00,UNIDADE MOVEL MADUREIRA,2.0,18.8,94.38,1.6,,0.07,,,16.83,,6.0,-22.86555484,-43.34336341
2014-07-11 02:30:00,UNIDADE MOVEL MADUREIRA,4.0,18.68,95.15,3.25,,0.06,,,20.21,,5.0,-22.86555484,-43.34336341
2014-07-11 03:30:00,UNIDADE MOVEL MADUREIRA,1.0,18.58,95.53,4.63,,0.05,,,21.92,,2.0,-22.86555484,-43.34336341
2014-07-11 04:30:00,UNIDADE MOVEL MADUREIRA,1.0,18.78,94.98,4.35,,0.05,,,18.34,,2.0,-22.86555484,-43.34336341
2014-07-11 05:30:00,UNIDADE MOVEL MADUREIRA,1.0,18.73,94.52,3.52,,0.06,,,16.62,,2.0,-22.86555484,-43.34336341
2014-07-11 06:30:00,UNIDADE MOVEL MADUREIRA,0.0,18.88,94.65,0.92,,0.12,,,2.72,,3.0,-22.86555484,-43.34336341
2014-07-11 07:30:00,UNIDADE MOVEL MADUREIRA,0.0,19.17,93.28,2.85,,0.18,,,1.91,,5.0,-22.86555484,-43.34336341
2014-07-11 08:30:00,UNIDADE MOVEL MADUREIRA,1.0,19.35,91.43,1.41,,0.27,,,2.64,,10.0,-22.86555484,-43.34336341
2014-07-11 09:30:00,UNIDADE MOVEL MADUREIRA,0.0,19.5,91.78,1.45,,0.28,,,2.16,,9.0,-22.86555484,-43.34336341
2014-07-11 10:30:00,UNIDADE MOVEL MADUREIRA,0.0,19.7,89.57,11.72,,0.22,,,4.97,,7.0,-22.86555484,-43.34336341
2014-07-11 11:30:00,UNIDADE MOVEL MADUREIRA,0.0,20.78,82.02,10.65,,0.155,,,10.57,,9.0,-22.86555484,-43.34336341
2014-07-11 12:30:00,UNIDADE MOVEL MADUREIRA,0.0,21.73,74.95,4.65,,0.09,,,16.503333333333334,,23.0,-22.86555484,-43.34336341
2014-07-11 13:30:00,UNIDADE MOVEL MADUREIRA,0.0,22.5,70.47,2.325,,0.24999999999999997,,,22.436666666666667,,18.0,-22.86555484,-43.34336341
2014-07-11 14:30:00,UNIDADE MOVEL MADUREIRA,0.0,22.78,67.7,0.0,,0.41,,,28.37,,13.0,-22.86555484,-43.34336341
2014-07-11 15:30:00,UNIDADE MOVEL MADUREIRA,0.0,22.92,67.08,0.0,,0.39249999999999996,,,25.43,,10.0,-22.86555484,-43.34336341
2014-07-11 16:30:00,UNIDADE MOVEL MADUREIRA,0.0,21.47,79.78,0.0,,0.375,,,23.36,,9.0,-22.86555484,-43.34336341
2014-07-11 17:30:00,UNIDADE MOVEL MADUREIRA,0.0,20.78,81.1,0.12000000000000001,,0.35750000000000004,,,18.5,,5.0,-22.86555484,-43.34336341
2014-07-11 18:30:00,UNIDADE MOVEL MADUREIRA,0.0,20.5,82.23,0.24,,0.34,,,7.38,,5.333333333333333,-22.86555484,-43.34336341
2014-07-11 19:30:00,UNIDADE MOVEL MADUREIRA,1.0,20.02,86.18,0.17,,0.26,,,6.75,,5.666666666666667,-22.86555484,-43.34336341
2014-07-11 20:30:00,UNIDADE MOVEL MADUREIRA,2.0,19.25,89.25,0.31,,0.35,,,13.36,,6.0,-22.86555484,-43.34336341
2014-07-11 21:30:00,UNIDADE MOVEL MADUREIRA,0.0,19.45,91.13,0.82,,0.2,,,2.93,,6.0,-22.86555484,-43.34336341
2014-07-11 22:30:00,UNIDADE MOVEL MADUREIRA,0.0,19.37,91.32,1.08,,0.39,,,0.11,,9.0,-22.86555484,-43.34336341
2014-07-11 23:30:00,UNIDADE MOVEL MADUREIRA,0.0,19.02,90.87,1.5,,0.11,,,3.34,,11.0,-22.86555484,-43.34336341
2014-07-12 00:30:00,UNIDADE MOVEL MADUREIRA,0.0,18.95,91.12,0.95,,0.47,,,3.96,,6.0,-22.86555484,-43.34336341
2014-07-12 01:30:00,UNIDADE MOVEL MADUREIRA,0.0,18.98,90.28,0.4,,0.56,,,2.51,,7.0,-22.86555484,-43.34336341
2014-07-12 02:30:00,UNIDADE MOVEL MADUREIRA,0.0,18.73,91.23,0.54,,0.58,,,0.09,,4.0,-22.86555484,-43.34336341
2014-07-12 03:30:00,UNIDADE MOVEL MADUREIRA,0.0,18.87,91.95,0.86,,0.63,,,0.0,,3.5,-22.86555484,-43.34336341
2014-07-12 04:30:00,UNIDADE MOVEL MADUREIRA,0.0,19.08,91.08,1.46,,0.61,,,0.0,,3.0,-22.86555484,-43.34336341
2014-07-12 05:30:00,UNIDADE MOVEL MADUREIRA,0.0,18.88,91.6,6.53,,0.57,,,0.44,,4.0,-22.86555484,-43.34336341
2014-07-12 06:30:00,UNIDADE MOVEL MADUREIRA,0.0,18.9,90.78,6.82,,0.46,,,3.95,,2.0,-22.86555484,-43.34336341
2014-07-12 07:30:00,UNIDADE MOVEL MADUREIRA,5.0,18.62,92.25,4.07,,0.45,,,7.24,,4.0,-22.86555484,-43.34336341
2014-07-12 08:30:00,UNIDADE MOVEL MADUREIRA,0.0,18.5,92.8,4.06,,0.44,,,14.11,,8.0,-22.86555484,-43.34336341
2014-07-12 09:30:00,UNIDADE MOVEL MADUREIRA,0.0,19.48,88.83,6.91,,0.46,,,10.52,,4.0,-22.86555484,-43.34336341
2014-07-12 10:30:00,UNIDADE MOVEL MADUREIRA,0.0,20.28,85.48,5.49,,0.48,,,9.12,,2.0,-22.86555484,-43.34336341
2014-07-12 11:30:00,UNIDADE MOVEL MADUREIRA,0.0,21.75,77.18,2.02,,0.39,,,10.45,,4.0,-22.86555484,-43.34336341
2014-07-12 12:30:00,UNIDADE MOVEL MADUREIRA,0.0,22.28,74.2,2.48,,0.42,,,12.65,,7.0,-22.86555484,-43.34336341
2014-07-12 13:30:00,UNIDADE MOVEL MADUREIRA,0.0,22.28,74.02,2.21,,0.49,,,13.73,,16.0,-22.86555484,-43.34336341
2014-07-12 14:30:00,UNIDADE MOVEL MADUREIRA,1.0,21.98,74.5,1.81,,0.39,,,13.38,,9.0,-22.86555484,-43.34336341
2014-07-12 15:30:00,UNIDADE MOVEL MADUREIRA,0.0,21.88,74.03,2.5,,0.35,,,15.62,,9.0,-22.86555484,-43.34336341
2014-07-12 16:30:00,UNIDADE MOVEL MADUREIRA,0.0,21.95,71.2,6.61,,0.43,,,16.84,,5.0,-22.86555484,-43.34336341
2014-07-12 17:30:00,UNIDADE MOVEL MADUREIRA,0.0,21.48,73.72,4.61,,0.62,,,9.81,,5.0,-22.86555484,-43.34336341
2014-07-12 18:30:00,UNIDADE MOVEL MADUREIRA,0.0,21.13,74.9,3.02,,0.79,,,7.11,,10.0,-22.86555484,-43.34336341
2014-07-12 19:30:00,UNIDADE MOVEL MADUREIRA,0.0,20.85,78.68,4.45,,0.92,,,1.25,,12.0,-22.86555484,-43.34336341
2014-07-12 20:30:00,UNIDADE MOVEL MADUREIRA,0.0,21.05,77.17,3.33,,0.82,,,1.9,,13.0,-22.86555484,-43.34336341
2014-07-12 21:30:00,UNIDADE MOVEL MADUREIRA,0.0,21.07,73.68,2.5,,0.5,,,3.86,,11.0,-22.86555484,-43.34336341
2014-07-12 22:30:00,UNIDADE MOVEL MADUREIRA,0.0,20.67,74.8,2.77,,0.59,,,1.96,,7.0,-22.86555484,-43.34336341
2014-07-12 23:30:00,UNIDADE MOVEL MADUREIRA,0.0,20.37,76.62,5.65,,0.54,,,4.51,,6.0,-22.86555484,-43.34336341
2014-07-13 00:30:00,UNIDADE MOVEL MADUREIRA,0.0,20.2,77.38,4.495,,0.18,,,4.75,,6.0,-22.86555484,-43.34336341
2014-07-13 01:30:00,UNIDADE MOVEL MADUREIRA,0.0,19.27,82.97,3.34,,0.31,,,1.07,,6.0,-22.86555484,-43.34336341
2014-07-13 02:30:00,UNIDADE MOVEL MADUREIRA,0.0,19.15,83.57,1.59,,0.22,,,5.61,,11.0,-22.86555484,-43.34336341
2014-07-13 03:30:00,UNIDADE MOVEL MADUREIRA,0.0,19.1,83.77,1.8,,0.16,,,2.75,,11.0,-22.86555484,-43.34336341
2014-07-13 04:30:00,UNIDADE MOVEL MADUREIRA,0.0,18.63,84.52,4.44,,0.15,,,2.24,,8.0,-22.86555484,-43.34336341
2014-07-13 05:30:00,UNIDADE MOVEL MADUREIRA,0.0,17.73,89.07,3.05,,0.31,,,0.16,,10.0,-22.86555484,-43.34336341
2014-07-13 06:30:00,UNIDADE MOVEL MADUREIRA,0.0,17.28,91.03,2.31,,0.54,,,0.0,,11.0,-22.86555484,-43.34336341
2014-07-13 07:30:00,UNIDADE MOVEL MADUREIRA,0.0,17.8,91.57,4.55,,1.05,,,0.0,,9.0,-22.86555484,-43.34336341
2014-07-13 08:30:00,UNIDADE MOVEL MADUREIRA,0.0,20.5,71.6,4.52,,0.12,,,12.24,,16.0,-22.86555484,-43.34336341
2014-07-13 09:30:00,UNIDADE MOVEL MADUREIRA,0.0,21.75,63.05,5.46,,0.05,,,22.91,,4.0,-22.86555484,-43.34336341
2014-07-13 10:30:00,UNIDADE MOVEL MADUREIRA,0.0,22.88,59.08,6.97,,0.31,,,27.04,,10.0,-22.86555484,-43.34336341
2014-07-13 11:30:00,UNIDADE MOVEL MADUREIRA,0.0,23.8,54.53,6.69,,0.32,,,30.46,,7.0,-22.86555484,-43.34336341
2014-07-13 12:30:00,UNIDADE MOVEL MADUREIRA,0.0,24.18,51.05,7.05,,0.09,,,34.13,,4.0,-22.86555484,-43.34336341
2014-07-13 13:30:00,UNIDADE MOVEL MADUREIRA,0.0,24.57,49.55,8.09,,0.03,,,35.96,,5.0,-22.86555484,-43.34336341
2014-07-13 14:30:00,UNIDADE MOVEL MADUREIRA,0.0,23.82,53.78,7.36,,0.13,,,35.64,,5.0,-22.86555484,-43.34336341
2014-07-13 15:30:00,UNIDADE MOVEL MADUREIRA,0.0,23.8,54.28,6.8,,0.23,,,33.18,,3.0,-22.86555484,-43.34336341
2014-07-13 16:30:00,UNIDADE MOVEL MADUREIRA,0.0,23.05,57.82,4.88,,0.3,,,31.35,,5.0,-22.86555484,-43.34336341
2014-07-13 17:30:00,UNIDADE MOVEL MADUREIRA,0.0,21.77,63.0,3.21,,0.43,,,31.67,,7.0,-22.86555484,-43.34336341
2014-07-13 18:30:00,UNIDADE MOVEL MADUREIRA,0.0,21.4,66.4,1.97,,0.19,,,31.32,,1.0,-22.86555484,-43.34336341
2014-07-13 19:30:00,UNIDADE MOVEL MADUREIRA,0.0,21.38,64.83,2.67,,0.1,,,26.29,,2.6666666666666665,-22.86555484,-43.34336341
2014-07-13 20:30:00,UNIDADE MOVEL MADUREIRA,0.0,20.98,65.63,3.56,,0.12,,,14.71,,4.333333333333333,-22.86555484,-43.34336341
2014-07-13 21:30:00,UNIDADE MOVEL MADUREIRA,0.0,20.77,66.38,3.73,,0.15,,,11.68,,6.0,-22.86555484,-43.34336341
2014-07-13 22:30:00,UNIDADE MOVEL MADUREIRA,0.0,20.62,64.8,4.64,,0.15,,,16.18,,4.0,-22.86555484,-43.34336341
2014-07-13 23:30:00,UNIDADE MOVEL MADUREIRA,0.0,20.07,66.88,3.99,,0.18,,,10.74,,3.0,-22.86555484,-43.34336341
2014-07-14 00:30:00,UNIDADE MOVEL MADUREIRA,0.0,19.38,70.52,2.475,,0.17,,,7.89,,8.0,-22.86555484,-43.34336341
2014-07-14 01:30:00,UNIDADE MOVEL MADUREIRA,0.0,18.77,74.17,0.96,,0.21,,,1.87,,7.0,-22.86555484,-43.34336341
2014-07-14 02:30:00,UNIDADE MOVEL MADUREIRA,0.0,19.88,65.8,1.16,,0.08,,,23.25,,3.0,-22.86555484,-43.34336341
2014-07-14 03:30:00,UNIDADE MOVEL MADUREIRA,0.0,19.7,67.52,1.37,,0.07,,,21.98,,5.0,-22.86555484,-43.34336341
2014-07-14 04:30:00,UNIDADE MOVEL MADUREIRA,0.0,19.72,68.55,1.07,,0.06,,,18.1,,4.0,-22.86555484,-43.34336341
2014-07-14 05:30:00,UNIDADE MOVEL MADUREIRA,0.0,19.18,71.28,1.3,,0.1,,,9.6,,3.0,-22.86555484,-43.34336341
2014-07-14 06:30:00,UNIDADE MOVEL MADUREIRA,0.0,18.2,77.07,2.32,,0.32,,,0.25,,4.0,-22.86555484,-43.34336341
2014-07-14 07:30:00,UNIDADE MOVEL MADUREIRA,0.0,19.13,72.22,,,0.31,,,0.84,,9.0,-22.86555484,-43.34336341
2014-07-14 08:30:00,UNIDADE MOVEL MADUREIRA,0.0,20.35,67.45,,,0.2,,,2.01,,12.0,-22.86555484,-43.34336341
2014-07-14 09:30:00,UNIDADE MOVEL MADUREIRA,0.0,21.52,61.67,,,0.05,,,7.44,,10.0,-22.86555484,-43.34336341
2014-07-14 10:30:00,UNIDADE MOVEL MADUREIRA,0.0,22.5,54.13,,,0.06,,,19.18,,15.0,-22.86555484,-43.34336341
2014-07-14 11:30:00,UNIDADE MOVEL MADUREIRA,0.0,23.57,49.72,,,0.2,,,25.26,,20.0,-22.86555484,-43.34336341
2014-07-14 12:30:00,UNIDADE MOVEL MADUREIRA,0.0,24.57,45.8,,,0.14,,,47.08,,9.0,-22.86555484,-43.34336341
2014-07-14 13:30:00,UNIDADE MOVEL MADUREIRA,0.0,24.95,45.75,,,,,,42.52,,6.0,-22.86555484,-43.34336341
2014-07-14 14:30:00,UNIDADE MOVEL MADUREIRA,0.0,25.08,45.1,,,,,,42.12,,6.0,-22.86555484,-43.34336341
2014-07-14 15:30:00,UNIDADE MOVEL MADUREIRA,0.0,24.28,50.38,,,,,,38.12,,6.0,-22.86555484,-43.34336341
2014-07-14 16:30:00,UNIDADE MOVEL MADUREIRA,0.0,22.78,58.93,,,,,,30.97,,6.0,-22.86555484,-43.34336341
2014-07-14 17:30:00,UNIDADE MOVEL MADUREIRA,0.0,21.83,64.37,,,,,,40.38,,6.666666666666667,-22.86555484,-43.34336341
2014-07-14 18:30:00,UNIDADE MOVEL MADUREIRA,0.0,21.43,65.13,3.98,,,,,20.95,,7.333333333333333,-22.86555484,-43.34336341
2014-07-14 19:30:00,UNIDADE MOVEL MADUREIRA,0.0,21.17,62.78,8.42,,0.11,,,16.31,,8.0,-22.86555484,-43.34336341
2014-07-14 20:30:00,UNIDADE MOVEL MADUREIRA,0.0,20.78,64.08,11.09,,0.03,,,16.64,,9.0,-22.86555484,-43.34336341
2014-07-14 21:30:00,UNIDADE MOVEL MADUREIRA,0.0,20.45,65.32,10.96,,0.01,,,14.35,,7.0,-22.86555484,-43.34336341
2014-07-14 22:30:00,UNIDADE MOVEL MADUREIRA,0.0,20.22,67.17,12.42,,0.01,,,7.98,,5.0,-22.86555484,-43.34336341
2014-07-14 23:30:00,UNIDADE MOVEL MADUREIRA,0.0,20.25,66.83,8.836666666666666,,0.016666666666666666,,,11.786666666666667,,7.0,-22.86555484,-43.34336341
2014-07-15 00:30:00,UNIDADE MOVEL MADUREIRA,0.0,20.279999999999998,67.19,5.253333333333333,,0.02333333333333333,,,15.593333333333334,,10.0,-22.86555484,-43.34336341
2014-07-15 01:30:00,UNIDADE MOVEL MADUREIRA,0.0,20.31,66.11,1.67,,0.03,,,19.4,,7.0,-22.86555484,-43.34336341
2014-07-15 02:30:00,UNIDADE MOVEL MADUREIRA,0.0,20.02,67.05,1.71,,0.04,,,21.58,,3.0,-22.86555484,-43.34336341
2014-07-15 03:30:00,UNIDADE MOVEL MADUREIRA,0.0,19.65,69.17,2.06,,0.03,,,16.92,,4.0,-22.86555484,-43.34336341
2014-07-15 04:30:00,UNIDADE MOVEL MADUREIRA,0.0,19.4,71.5,2.08,,0.06,,,10.4,,5.0,-22.86555484,-43.34336341
2014-07-15 05:30:00,UNIDADE MOVEL MADUREIRA,0.0,18.87,74.1,3.97,,0.13,,,0.55,,9.0,-22.86555484,-43.34336341
2014-07-15 06:30:00,UNIDADE MOVEL MADUREIRA,0.0,18.13,79.05,25.93,,0.42,,,0.0,,12.0,-22.86555484,-43.34336341
2014-07-15 07:30:00,UNIDADE MOVEL MADUREIRA,0.0,18.47,79.05,14.88,,1.01,,,0.05,,23.0,-22.86555484,-43.34336341
2014-07-15 08:30:00,UNIDADE MOVEL MADUREIRA,0.0,20.87,67.5,11.56,,0.33,,,2.41,,25.0,-22.86555484,-43.34336341
2014-07-15 09:30:00,UNIDADE MOVEL MADUREIRA,0.0,22.13,62.47,17.39,,0.09,,,8.5,,18.0,-22.86555484,-43.34336341
2014-07-15 10:30:00,UNIDADE MOVEL MADUREIRA,0.0,22.58,60.13,28.53,,0.21,,,10.32,,38.0,-22.86555484,-43.34336341
2014-07-15 11:30:00,UNIDADE MOVEL MADUREIRA,0.0,23.42,52.6,34.98,,0.15,,,30.16,,22.0,-22.86555484,-43.34336341
2014-07-15 12:30:00,UNIDADE MOVEL MADUREIRA,0.0,24.98,45.7,39.89,,0.02,,,32.3,,16.0,-22.86555484,-43.34336341
2014-07-15 13:30:00,UNIDADE MOVEL MADUREIRA,0.0,25.58,44.15,46.84,,0.01,,,31.13,,10.0,-22.86555484,-43.34336341
2014-07-15 14:30:00,UNIDADE MOVEL MADUREIRA,0.0,25.6,43.42,23.42,,0.1275,,,32.89,,9.0,-22.86555484,-43.34336341
2014-07-15 15:30:00,UNIDADE MOVEL MADUREIRA,0.0,24.97,50.6,0.0,,0.245,,,34.65,,7.333333333333334,-22.86555484,-43.34336341
2014-07-15 16:30:00,UNIDADE MOVEL MADUREIRA,0.0,24.2,56.37,0.0,,0.3625,,,30.6,,5.666666666666667,-22.86555484,-43.34336341
2014-07-15 17:30:00,UNIDADE MOVEL MADUREIRA,0.0,22.83,63.15,0.205,,0.48,,,20.78,,4.0,-22.86555484,-43.34336341
2014-07-15 18:30:00,UNIDADE MOVEL MADUREIRA,0.0,22.1,65.8,0.41,,0.28,,,15.09,,3.0,-22.86555484,-43.34336341
2014-07-15 19:30:00,UNIDADE MOVEL MADUREIRA,0.0,21.78,65.52,0.17,,0.15,,,11.21,,2.0,-22.86555484,-43.34336341
2014-07-15 20:30:00,UNIDADE MOVEL MADUREIRA,0.0,21.58,63.63,0.51,,0.17,,,6.85,,1.0,-22.86555484,-43.34336341
2014-07-15 21:30:00,UNIDADE MOVEL MADUREIRA,0.0,21.18,64.45,0.0,,0.32,,,8.26,,5.0,-22.86555484,-43.34336341
2014-07-15 22:30:00,UNIDADE MOVEL MADUREIRA,0.0,20.62,68.03,0.0,,0.57,,,0.24,,12.0,-22.86555484,-43.34336341
2014-07-15 23:30:00,UNIDADE MOVEL MADUREIRA,0.0,20.13,72.25,0.0,,0.57,,,0.0,,12.0,-22.86555484,-43.34336341
2014-07-16 00:30:00,UNIDADE MOVEL MADUREIRA,0.0,19.53,77.47,0.08,,0.16,,,2.27,,13.0,-22.86555484,-43.34336341
2014-07-16 01:30:00,UNIDADE MOVEL MADUREIRA,0.0,19.28,79.53,0.62,,0.13,,,6.36,,10.0,-22.86555484,-43.34336341
2014-07-16 02:30:00,UNIDADE MOVEL MADUREIRA,0.0,19.23,79.78,0.54,,0.08,,,7.79,,10.0,-22.86555484,-43.34336341
2014-07-16 03:30:00,UNIDADE MOVEL MADUREIRA,0.0,18.37,82.55,0.9,,0.35,,,0.0,,10.0,-22.86555484,-43.34336341
2014-07-16 04:30:00,UNIDADE MOVEL MADUREIRA,0.0,17.58,85.92,1.53,,0.24,,,0.0,,15.0,-22.86555484,-43.34336341
2014-07-16 05:30:00,UNIDADE MOVEL MADUREIRA,0.0,17.18,87.55,1.47,,0.39,,,0.0,,10.0,-22.86555484,-43.34336341
2014-07-16 06:30:00,UNIDADE MOVEL MADUREIRA,0.0,16.95,87.5,2.58,,0.47,,,0.0,,12.0,-22.86555484,-43.34336341
2014-07-16 07:30:00,UNIDADE MOVEL MADUREIRA,0.0,18.03,84.0,3.36,,0.67,,,0.82,,25.0,-22.86555484,-43.34336341
2014-07-16 08:30:00,UNIDADE MOVEL MADUREIRA,0.0,21.22,65.92,6.62,,0.34,,,3.35,,44.0,-22.86555484,-43.34336341
2014-07-16 09:30:00,UNIDADE MOVEL MADUREIRA,0.0,22.65,61.15,11.69,,0.21,,,8.47,,20.0,-22.86555484,-43.34336341
2014-07-16 10:30:00,UNIDADE MOVEL MADUREIRA,0.0,23.85,56.57,18.69,,0.15,,,19.65,,29.0,-22.86555484,-43.34336341
2014-07-16 11:30:00,UNIDADE MOVEL MADUREIRA,0.0,25.6,50.87,41.95,,0.46,,,17.41,,37.0,-22.86555484,-43.34336341
2014-07-16 12:30:00,UNIDADE MOVEL MADUREIRA,0.0,27.2,44.9,41.46,,0.2,,,30.76,,42.0,-22.86555484,-43.34336341
2014-07-16 13:30:00,UNIDADE MOVEL MADUREIRA,0.0,27.6,43.22,40.63,,0.24,,,48.48,,26.0,-22.86555484,-43.34336341
2014-07-16 14:30:00,UNIDADE MOVEL MADUREIRA,0.0,27.65,42.97,40.42,,0.16,,,55.48,,27.0,-22.86555484,-43.34336341
2014-07-16 15:30:00,UNIDADE MOVEL MADUREIRA,0.0,27.63,40.92,38.32,,0.19,,,47.1,,24.0,-22.86555484,-43.34336341
2014-07-16 16:30:00,UNIDADE MOVEL MADUREIRA,0.0,26.28,51.48,26.73,,0.43,,,25.37,,8.0,-22.86555484,-43.34336341
2014-07-16 17:30:00,UNIDADE MOVEL MADUREIRA,0.0,25.05,53.53,18.3,,0.79,,,7.32,,22.0,-22.86555484,-43.34336341
2014-07-16 18:30:00,UNIDADE MOVEL MADUREIRA,0.0,23.68,59.98,14.43,,0.46,,,0.99,,25.0,-22.86555484,-43.34336341
2014-07-16 19:30:00,UNIDADE MOVEL MADUREIRA,0.0,22.85,67.27,13.9,,0.73,,,0.0,,40.0,-22.86555484,-43.34336341
2014-07-16 20:30:00,UNIDADE MOVEL MADUREIRA,0.0,22.23,71.38,12.8,,1.24,,,0.0,,29.0,-22.86555484,-43.34336341
2014-07-16 21:30:00,UNIDADE MOVEL MADUREIRA,0.0,22.1,71.53,12.31,,1.66,,,0.0,,35.0,-22.86555484,-43.34336341
2014-07-16 22:30:00,UNIDADE MOVEL MADUREIRA,0.0,22.0,74.15,11.67,,1.35,,,0.0,,40.0,-22.86555484,-43.34336341
2014-07-16 23:30:00,UNIDADE MOVEL MADUREIRA,0.0,21.8,79.1,10.33,,0.72,,,0.0,,24.0,-22.86555484,-43.34336341
2014-07-17 00:30:00,UNIDADE MOVEL MADUREIRA,0.0,21.42,81.75,2.04,,0.41,,,0.0,,19.0,-22.86555484,-43.34336341
2014-07-17 01:30:00,UNIDADE MOVEL MADUREIRA,0.0,20.68,84.75,0.0,,0.38,,,0.0,,19.0,-22.86555484,-43.34336341
2014-07-17 02:30:00,UNIDADE MOVEL MADUREIRA,0.0,20.52,85.35,0.0,,0.37,,,0.01,,21.0,-22.86555484,-43.34336341
2014-07-17 03:30:00,UNIDADE MOVEL MADUREIRA,0.0,20.17,87.32,0.0,,0.2,,,0.0,,15.0,-22.86555484,-43.34336341
2014-07-17 04:30:00,UNIDADE MOVEL MADUREIRA,0.0,19.7,87.9,0.0,,0.38,,,0.0,,22.0,-22.86555484,-43.34336341
2014-07-17 05:30:00,UNIDADE MOVEL MADUREIRA,0.0,18.97,88.18,0.0,,0.77,,,0.0,,19.0,-22.86555484,-43.34336341
2014-07-17 06:30:00,UNIDADE MOVEL MADUREIRA,0.0,18.78,89.38,0.0,,1.1,,,0.0,,31.0,-22.86555484,-43.34336341
2014-07-17 07:30:00,UNIDADE MOVEL MADUREIRA,0.0,19.73,86.08,0.03,,1.83,,,0.01,,39.0,-22.86555484,-43.34336341
2014-07-17 08:30:00,UNIDADE MOVEL MADUREIRA,0.0,22.2,74.68,4.35,,0.6,,,0.97,,47.0,-22.86555484,-43.34336341
2014-07-17 09:30:00,UNIDADE MOVEL MADUREIRA,0.0,23.9,64.03,8.01,,0.32,,,5.92,,23.0,-22.86555484,-43.34336341
2014-07-17 10:30:00,UNIDADE MOVEL MADUREIRA,0.0,25.87,53.57,13.7,,0.08,,,13.98,,34.0,-22.86555484,-43.34336341
2014-07-17 11:30:00,UNIDADE MOVEL MADUREIRA,0.0,27.43,47.23,21.28,,0.12,,,20.24,,29.0,-22.86555484,-43.34336341
2014-07-17 12:30:00,UNIDADE MOVEL MADUREIRA,0.0,28.63,44.28,30.45,,0.19,,,31.54,,20.0,-22.86555484,-43.34336341
2014-07-17 13:30:00,UNIDADE MOVEL MADUREIRA,0.0,29.15,42.17,43.17,,0.18,,,47.79,,14.0,-22.86555484,-43.34336341
2014-07-17 14:30:00,UNIDADE MOVEL MADUREIRA,0.0,29.63,40.05,43.91,,0.27,,,55.43,,13.0,-22.86555484,-43.34336341
2014-07-17 15:30:00,UNIDADE MOVEL MADUREIRA,0.0,29.87,38.5,33.41,,0.16,,,51.73,,13.0,-22.86555484,-43.34336341
2014-07-17 16:30:00,UNIDADE MOVEL MADUREIRA,0.0,29.77,37.65,33.21,,0.22,,,42.16,,15.0,-22.86555484,-43.34336341
2014-07-17 17:30:00,UNIDADE MOVEL MADUREIRA,0.0,27.3,48.75,27.47,,0.57,,,12.79,,17.0,-22.86555484,-43.34336341
2014-07-17 18:30:00,UNIDADE MOVEL MADUREIRA,0.0,25.23,62.75,11.71,,0.71,,,0.0,,18.0,-22.86555484,-43.34336341
2014-07-17 19:30:00,UNIDADE MOVEL MADUREIRA,0.0,25.43,58.4,8.34,,0.71,,,0.05,,21.0,-22.86555484,-43.34336341
2014-07-17 20:30:00,UNIDADE MOVEL MADUREIRA,0.0,24.97,66.43,9.54,,0.35,,,1.9,,21.0,-22.86555484,-43.34336341
2014-07-17 21:30:00,UNIDADE MOVEL MADUREIRA,0.0,24.1,72.5,7.1,,0.47,,,0.0,,22.0,-22.86555484,-43.34336341
2014-07-17 22:30:00,UNIDADE MOVEL MADUREIRA,0.0,23.28,75.53,9.44,,0.35,,,0.11,,30.0,-22.86555484,-43.34336341
2014-07-17 23:30:00,UNIDADE MOVEL MADUREIRA,0.0,22.38,79.43,9.91,,0.31,,,0.0,,22.0,-22.86555484,-43.34336341
2014-07-18 00:30:00,UNIDADE MOVEL MADUREIRA,0.0,22.03,78.95,1.62,,0.19,,,1.53,,16.0,-22.86555484,-43.34336341
2014-07-18 01:30:00,UNIDADE MOVEL MADUREIRA,0.0,21.27,81.02,0.0,,0.24,,,0.88,,10.0,-22.86555484,-43.34336341
2014-07-18 02:30:00,UNIDADE MOVEL MADUREIRA,0.0,20.55,83.82,0.0,,0.36,,,0.0,,8.0,-22.86555484,-43.34336341
2014-07-18 03:30:00,UNIDADE MOVEL MADUREIRA,0.0,20.17,87.4,0.0,,0.53,,,0.0,,19.0,-22.86555484,-43.34336341
2014-07-18 04:30:00,UNIDADE MOVEL MADUREIRA,0.0,19.77,87.63,0.0,,0.6,,,0.0,,35.0,-22.86555484,-43.34336341
2014-07-18 05:30:00,UNIDADE MOVEL MADUREIRA,0.0,19.67,87.92,0.0,,0.83,,,0.0,,28.0,-22.86555484,-43.34336341
2014-07-18 06:30:00,UNIDADE MOVEL MADUREIRA,0.0,19.47,89.38,0.0,,1.31,,,0.0,,40.0,-22.86555484,-43.34336341
2014-07-18 07:30:00,UNIDADE MOVEL MADUREIRA,0.0,20.87,83.87,0.0,,1.185,,,0.7,,44.0,-22.86555484,-43.34336341
2014-07-18 08:30:00,UNIDADE MOVEL MADUREIRA,0.0,25.12,60.3,7.29,,1.06,,,2.82,,70.0,-22.86555484,-43.34336341
2014-07-18 09:30:00,UNIDADE MOVEL MADUREIRA,0.0,27.5,46.75,11.4,,0.4,,,6.5,,58.0,-22.86555484,-43.34336341
2014-07-18 10:30:00,UNIDADE MOVEL MADUREIRA,0.0,29.27,36.95,18.87,,0.15,,,18.1,,37.0,-22.86555484,-43.34336341
2014-07-18 11:30:00,UNIDADE MOVEL MADUREIRA,0.0,29.32,39.0,23.384999999999998,,0.09,,,34.11,,17.0,-22.86555484,-43.34336341
2014-07-18 12:30:00,UNIDADE MOVEL MADUREIRA,0.0,28.85,41.72,27.9,,0.11,,,43.97,,15.0,-22.86555484,-43.34336341
2014-07-18 13:30:00,UNIDADE MOVEL MADUREIRA,0.0,27.77,48.82,22.96,,0.14,,,53.09,,14.0,-22.86555484,-43.34336341
2014-07-18 14:30:00,UNIDADE MOVEL MADUREIRA,0.0,27.85,49.55,16.23,,0.31,,,57.18,,16.0,-22.86555484,-43.34336341
2014-07-18 15:30:00,UNIDADE MOVEL MADUREIRA,0.0,27.72,50.9,12.355,,0.67,,,42.35,,16.0,-22.86555484,-43.34336341
2014-07-18 16:30:00,UNIDADE MOVEL MADUREIRA,0.0,27.35,54.52,8.48,,0.45,,,23.41,,21.0,-22.86555484,-43.34336341
2014-07-18 17:30:00,UNIDADE MOVEL MADUREIRA,0.0,25.47,60.88,6.07,,0.43,,,13.71,,46.0,-22.86555484,-43.34336341
2014-07-18 18:30:00,UNIDADE MOVEL MADUREIRA,0.0,24.32,64.38,3.37,,0.36,,,20.28,,33.0,-22.86555484,-43.34336341
2014-07-18 19:30:00,UNIDADE MOVEL MADUREIRA,0.0,23.52,70.65,0.67,,0.22,,,31.37,,19.0,-22.86555484,-43.34336341
2014-07-18 20:30:00,UNIDADE MOVEL MADUREIRA,0.0,22.83,74.87,0.5025000000000001,,0.14,,,39.8,,18.0,-22.86555484,-43.34336341
2014-07-18 21:30:00,UNIDADE MOVEL MADUREIRA,0.0,22.38,73.55,0.335,,0.12,,,27.95,,2.0,-22.86555484,-43.34336341
2014-07-18 22:30:00,UNIDADE MOVEL MADUREIRA,0.0,22.55,71.6,0.16749999999999998,,0.06,,,25.65,,3.0,-22.86555484,-43.34336341
2014-07-18 23:30:00,UNIDADE MOVEL MADUREIRA,0.0,22.45,71.17,0.0,,0.07,,,27.24,,8.0,-22.86555484,-43.34336341
2014-07-19 00:30:00,UNIDADE MOVEL MADUREIRA,0.0,21.7,73.6,,,0.05,,,29.29,,7.0,-22.86555484,-43.34336341
2014-07-19 01:30:00,UNIDADE MOVEL MADUREIRA,0.0,19.57,81.83,,,0.06,,,33.19,,5.0,-22.86555484,-43.34336341
2014-07-19 02:30:00,UNIDADE MOVEL MADUREIRA,0.0,20.32,69.37,,,0.06,,,37.91,,2.0,-22.86555484,-43.34336341
2014-07-19 03:30:00,UNIDADE MOVEL MADUREIRA,0.0,20.42,64.3,,,0.04,,,39.8,,1.0,-22.86555484,-43.34336341
2014-07-19 04:30:00,UNIDADE MOVEL MADUREIRA,0.0,19.8,69.55,,,0.05,,,38.66,,5.0,-22.86555484,-43.34336341
2014-07-19 05:30:00,UNIDADE MOVEL MADUREIRA,0.0,19.65,70.98,,,0.05,,,36.23,,4.0,-22.86555484,-43.34336341
2014-07-19 06:30:00,UNIDADE MOVEL MADUREIRA,0.0,19.35,75.42,0.0,,0.08,,,25.86,,5.0,-22.86555484,-43.34336341
2014-07-19 07:30:00,UNIDADE MOVEL MADUREIRA,0.0,19.1,77.07,0.0,,0.1,,,15.73,,6.0,-22.86555484,-43.34336341
2014-07-19 08:30:00,UNIDADE MOVEL MADUREIRA,0.0,18.95,74.77,0.0,,0.09,,,26.31,,4.0,-22.86555484,-43.34336341
2014-07-19 09:30:00,UNIDADE MOVEL MADUREIRA,0.0,19.65,69.48,0.08,,0.07,,,27.75,,5.0,-22.86555484,-43.34336341
2014-07-19 10:30:00,UNIDADE MOVEL MADUREIRA,0.0,19.98,68.27,1.42,,0.06,,,28.64,,9.0,-22.86555484,-43.34336341
2014-07-19 11:30:00,UNIDADE MOVEL MADUREIRA,0.0,20.37,62.73,1.7766666666666666,,0.05,,,29.17,,10.0,-22.86555484,-43.34336341
2014-07-19 12:30:00,UNIDADE MOVEL MADUREIRA,0.0,20.73,59.72,2.1333333333333333,,0.04,,,31.71,,7.0,-22.86555484,-43.34336341
2014-07-19 13:30:00,UNIDADE MOVEL MADUREIRA,0.0,20.88,58.77,2.49,,0.06,,,32.83,,7.0,-22.86555484,-43.34336341
2014-07-19 14:30:00,UNIDADE MOVEL MADUREIRA,0.0,21.05,58.15,2.9400000000000004,,0.07,,,33.27,,10.0,-22.86555484,-43.34336341
2014-07-19 15:30:00,UNIDADE MOVEL MADUREIRA,0.0,20.97,57.97,3.39,,0.06,,,33.4,,9.0,-22.86555484,-43.34336341
2014-07-19 16:30:00,UNIDADE MOVEL MADUREIRA,0.0,20.72,58.43,3.55,,0.06,,,31.08,,10.0,-22.86555484,-43.34336341
2014-07-19 17:30:00,UNIDADE MOVEL MADUREIRA,0.0,20.38,60.58,1.8650000000000002,,0.09,,,26.86,,9.0,-22.86555484,-43.34336341
2014-07-19 18:30:00,UNIDADE MOVEL MADUREIRA,0.0,20.03,61.98,0.18,,0.12,,,25.63,,5.0,-22.86555484,-43.34336341
2014-07-19 19:30:00,UNIDADE MOVEL MADUREIRA,0.0,20.05,61.9,0.0,,0.16,,,21.34,,15.0,-22.86555484,-43.34336341
2014-07-19 20:30:00,UNIDADE MOVEL MADUREIRA,0.0,20.1,61.62,0.011999999999999999,,0.23,,,11.6,,10.0,-22.86555484,-43.34336341
2014-07-19 21:30:00,UNIDADE MOVEL MADUREIRA,0.0,20.08,60.87,0.023999999999999997,,0.22,,,13.76,,10.0,-22.86555484,-43.34336341
2014-07-19 22:30:00,UNIDADE MOVEL MADUREIRA,0.0,20.07,59.62,0.036,,0.26,,,16.2,,11.0,-22.86555484,-43.34336341
2014-07-19 23:30:00,UNIDADE MOVEL MADUREIRA,0.0,19.87,59.87,0.047999999999999994,,0.21,,,20.54,,16.0,-22.86555484,-43.34336341
2014-07-20 00:30:00,UNIDADE MOVEL MADUREIRA,0.0,19.78,60.87,0.06,,0.2,,,20.31,,8.0,-22.86555484,-43.34336341
2014-07-20 01:30:00,UNIDADE MOVEL MADUREIRA,0.0,19.6,64.28,,,0.37,,,8.31,,8.0,-22.86555484,-43.34336341
2014-07-20 02:30:00,UNIDADE MOVEL MADUREIRA,0.0,19.28,66.48,,,0.46,,,1.29,,23.0,-22.86555484,-43.34336341
2014-07-20 03:30:00,UNIDADE MOVEL MADUREIRA,0.0,19.25,65.4,,,0.3,,,6.51,,27.0,-22.86555484,-43.34336341
2014-07-20 04:30:00,UNIDADE MOVEL MADUREIRA,0.0,19.15,66.67,,,0.28,,,6.82,,16.0,-22.86555484,-43.34336341
2014-07-20 05:30:00,UNIDADE MOVEL MADUREIRA,0.0,19.32,67.83,,,0.36,,,3.85,,18.0,-22.86555484,-43.34336341
2014-07-20 06:30:00,UNIDADE MOVEL MADUREIRA,0.0,19.15,71.02,,,0.52,,,0.57,,20.0,-22.86555484,-43.34336341
2014-07-20 07:30:00,UNIDADE MOVEL MADUREIRA,0.0,18.95,71.85,,,0.49,,,1.35,,30.0,-22.86555484,-43.34336341
2014-07-20 08:30:00,UNIDADE MOVEL MADUREIRA,0.0,19.68,67.67,,,0.41,,,7.87,,27.0,-22.86555484,-43.34336341
2014-07-20 09:30:00,UNIDADE MOVEL MADUREIRA,0.0,20.67,62.28,,,0.28,,,17.5,,21.0,-22.86555484,-43.34336341
2014-07-20 10:30:00,UNIDADE MOVEL MADUREIRA,0.0,21.62,54.75,,,0.17,,,35.01,,16.0,-22.86555484,-43.34336341
2014-07-20 11:30:00,UNIDADE MOVEL MADUREIRA,0.0,21.87,53.8,,,0.11,,,41.34,,10.0,-22.86555484,-43.34336341
2014-07-20 12:30:00,UNIDADE MOVEL MADUREIRA,0.0,22.73,52.88,,,0.07,,,44.78,,9.0,-22.86555484,-43.34336341
2014-07-20 13:30:00,UNIDADE MOVEL MADUREIRA,0.0,22.63,55.03,,,0.06,,,44.45,,19.0,-22.86555484,-43.34336341
2014-07-20 14:30:00,UNIDADE MOVEL MADUREIRA,0.0,22.38,55.42,,,0.09,,,45.23,,13.0,-22.86555484,-43.34336341
2014-07-20 15:30:00,UNIDADE MOVEL MADUREIRA,0.0,21.9,55.57,,,0.13,,,44.03,,10.0,-22.86555484,-43.34336341
2014-07-20 16:30:00,UNIDADE MOVEL MADUREIRA,0.0,21.27,57.32,,,0.14,,,42.86,,4.0,-22.86555484,-43.34336341
2014-07-20 17:30:00,UNIDADE MOVEL MADUREIRA,0.0,20.45,59.18,,,0.18,,,38.98,,3.0,-22.86555484,-43.34336341
2014-07-20 18:30:00,UNIDADE MOVEL MADUREIRA,0.0,20.15,61.03,,,0.28,,,29.51,,7.0,-22.86555484,-43.34336341
2014-07-20 19:30:00,UNIDADE MOVEL MADUREIRA,0.0,19.83,62.98,,,0.56,,,11.3,,7.0,-22.86555484,-43.34336341
2014-07-20 20:30:00,UNIDADE MOVEL MADUREIRA,0.0,19.55,64.73,0.91,,0.74,,,2.96,,17.0,-22.86555484,-43.34336341
2014-07-20 21:30:00,UNIDADE MOVEL MADUREIRA,0.0,19.18,63.2,,,0.64,,,6.48,,28.0,-22.86555484,-43.34336341
2014-07-20 22:30:00,UNIDADE MOVEL MADUREIRA,0.0,19.05,63.03,,,0.49,,,5.59,,19.0,-22.86555484,-43.34336341
2014-07-20 23:30:00,UNIDADE MOVEL MADUREIRA,0.0,18.63,64.47,,,0.52,,,4.39,,15.0,-22.86555484,-43.34336341
2014-07-21 00:30:00,UNIDADE MOVEL MADUREIRA,0.0,18.02,64.45,,,0.31,,,1.02,,18.0,-22.86555484,-43.34336341
2014-07-21 01:30:00,UNIDADE MOVEL MADUREIRA,0.0,17.83,64.0,,,0.28,,,0.86,,13.0,-22.86555484,-43.34336341
2014-07-21 02:30:00,UNIDADE MOVEL MADUREIRA,0.0,17.8,63.72,,,0.2,,,1.36,,19.0,-22.86555484,-43.34336341
2014-07-21 03:30:00,UNIDADE MOVEL MADUREIRA,0.0,18.38,61.88,,,0.08,,,4.75,,10.0,-22.86555484,-43.34336341
2014-07-21 04:30:00,UNIDADE MOVEL MADUREIRA,0.0,18.42,64.48,,,0.17,,,4.94,,10.0,-22.86555484,-43.34336341
2014-07-21 05:30:00,UNIDADE MOVEL MADUREIRA,0.0,18.43,64.88,,,0.19,,,0.43,,12.0,-22.86555484,-43.34336341
2014-07-21 06:30:00,UNIDADE MOVEL MADUREIRA,0.0,18.5,65.65,,,0.27,,,0.0,,13.0,-22.86555484,-43.34336341
2014-07-21 07:30:00,UNIDADE MOVEL MADUREIRA,0.0,18.85,64.87,,,0.36,,,1.21,,18.0,-22.86555484,-43.34336341
2014-07-21 08:30:00,UNIDADE MOVEL MADUREIRA,0.0,20.73,58.15,,,0.35,,,5.53,,20.0,-22.86555484,-43.34336341
2014-07-21 09:30:00,UNIDADE MOVEL MADUREIRA,0.0,21.58,57.2,,,0.31,,,10.02,,29.0,-22.86555484,-43.34336341
2014-07-21 10:30:00,UNIDADE MOVEL MADUREIRA,0.0,22.58,52.33,,,0.18,,,18.71,,38.0,-22.86555484,-43.34336341
2014-07-21 11:30:00,UNIDADE MOVEL MADUREIRA,0.0,23.77,45.28,,,0.07,,,33.08,,29.0,-22.86555484,-43.34336341
2014-07-21 12:30:00,UNIDADE MOVEL MADUREIRA,0.0,24.5,43.62,,,0.06,,,39.46,,14.0,-22.86555484,-43.34336341
2014-07-21 13:30:00,UNIDADE MOVEL MADUREIRA,0.0,24.82,45.7,,,0.04,,,44.32,,12.0,-22.86555484,-43.34336341
2014-07-21 14:30:00,UNIDADE MOVEL MADUREIRA,0.0,25.08,45.45,,,0.04,,,41.86,,16.0,-22.86555484,-43.34336341
2014-07-21 15:30:00,UNIDADE MOVEL MADUREIRA,0.0,24.67,50.58,,,0.02,,,42.7,,12.0,-22.86555484,-43.34336341
2014-07-21 16:30:00,UNIDADE MOVEL MADUREIRA,0.0,23.32,55.38,,,0.07,,,30.64,,12.0,-22.86555484,-43.34336341
2014-07-21 17:30:00,UNIDADE MOVEL MADUREIRA,0.0,22.03,56.68,,,0.34,,,17.3,,7.0,-22.86555484,-43.34336341
2014-07-21 18:30:00,UNIDADE MOVEL MADUREIRA,0.0,21.7,56.75,,,0.25,,,28.68,,3.0,-22.86555484,-43.34336341
2014-07-21 19:30:00,UNIDADE MOVEL MADUREIRA,0.0,21.42,62.58,0.0,,0.18,,,19.44,,4.0,-22.86555484,-43.34336341
2014-07-21 20:30:00,UNIDADE MOVEL MADUREIRA,0.0,21.12,63.93,0.0,,0.23,,,7.71,,5.0,-22.86555484,-43.34336341
2014-07-21 21:30:00,UNIDADE MOVEL MADUREIRA,0.0,20.97,63.77,0.0,,0.55,,,6.25,,6.0,-22.86555484,-43.34336341
2014-07-21 22:30:00,UNIDADE MOVEL MADUREIRA,0.0,20.62,66.12,0.0,,1.26,,,6.96,,17.0,-22.86555484,-43.34336341
2014-07-21 23:30:00,UNIDADE MOVEL MADUREIRA,0.0,20.15,71.02,0.0,,1.05,,,7.17,,18.0,-22.86555484,-43.34336341
2014-07-22 00:30:00,UNIDADE MOVEL MADUREIRA,0.0,19.7,73.72,0.0,,0.08,,,4.52,,9.0,-22.86555484,-43.34336341
2014-07-22 01:30:00,UNIDADE MOVEL MADUREIRA,0.0,19.27,75.28,0.0,,0.08,,,0.49,,9.0,-22.86555484,-43.34336341
2014-07-22 02:30:00,UNIDADE MOVEL MADUREIRA,0.0,19.1,75.62,0.0,,0.1,,,0.49,,9.0,-22.86555484,-43.34336341
2014-07-22 03:30:00,UNIDADE MOVEL MADUREIRA,0.0,18.93,74.22,0.0,,0.08,,,5.71,,10.0,-22.86555484,-43.34336341
2014-07-22 04:30:00,UNIDADE MOVEL MADUREIRA,0.0,18.62,73.53,0.0,,0.08,,,5.62,,17.0,-22.86555484,-43.34336341
2014-07-22 05:30:00,UNIDADE MOVEL MADUREIRA,0.0,18.48,72.4,0.0,,0.1,,,0.45,,11.0,-22.86555484,-43.34336341
2014-07-22 06:30:00,UNIDADE MOVEL MADUREIRA,0.0,18.02,75.37,0.0,,0.23,,,0.0,,11.0,-22.86555484,-43.34336341
2014-07-22 07:30:00,UNIDADE MOVEL MADUREIRA,0.0,18.02,81.97,0.0,,0.57,,,0.0,,21.0,-22.86555484,-43.34336341
2014-07-22 08:30:00,UNIDADE MOVEL MADUREIRA,0.0,20.32,71.48,1.8649999999999998,,0.2,,,0.97,,39.0,-22.86555484,-43.34336341
2014-07-22 09:30:00,UNIDADE MOVEL MADUREIRA,0.0,21.97,63.13,3.73,,0.2,,,6.01,,32.0,-22.86555484,-43.34336341
2014-07-22 10:30:00,UNIDADE MOVEL MADUREIRA,0.0,23.52,54.92,4.72,,0.12,,,15.4,,38.0,-22.86555484,-43.34336341
2014-07-22 11:30:00,UNIDADE MOVEL MADUREIRA,0.0,24.55,48.67,5.11,,0.03,,,26.13,,36.0,-22.86555484,-43.34336341
2014-07-22 12:30:00,UNIDADE MOVEL MADUREIRA,0.0,25.48,43.43,4.82,,0.09,,,30.73,,21.0,-22.86555484,-43.34336341
2014-07-22 13:30:00,UNIDADE MOVEL MADUREIRA,0.0,26.55,40.25,5.94,,1.05,,,30.72,,11.0,-22.86555484,-43.34336341
2014-07-22 14:30:00,UNIDADE MOVEL MADUREIRA,0.0,27.38,38.33,6.8,,1.54,,,33.82,,15.0,-22.86555484,-43.34336341
2014-07-22 15:30:00,UNIDADE MOVEL MADUREIRA,0.0,27.83,37.07,7.78,,1.02,,,34.15,,16.0,-22.86555484,-43.34336341
2014-07-22 16:30:00,UNIDADE MOVEL MADUREIRA,0.0,26.9,41.77,6.73,,1.7,,,26.03,,12.0,-22.86555484,-43.34336341
2014-07-22 17:30:00,UNIDADE MOVEL MADUREIRA,0.0,25.15,50.05,5.79,,1.1833333333333331,,,12.78,,17.0,-22.86555484,-43.34336341
2014-07-22 18:30:00,UNIDADE MOVEL MADUREIRA,0.0,24.18,58.4,1.59,,0.6666666666666665,,,3.39,,4.0,-22.86555484,-43.34336341
2014-07-22 19:30:00,UNIDADE MOVEL MADUREIRA,0.0,23.35,63.98,0.28,,0.15,,,13.6,,9.0,-22.86555484,-43.34336341
2014-07-22 20:30:00,UNIDADE MOVEL MADUREIRA,0.0,22.3,68.43,0.0,,0.11,,,12.96,,14.0,-22.86555484,-43.34336341
2014-07-22 21:30:00,UNIDADE MOVEL MADUREIRA,0.0,21.9,70.43,0.0,,0.09,,,12.85,,14.0,-22.86555484,-43.34336341
2014-07-22 22:30:00,UNIDADE MOVEL MADUREIRA,0.0,21.4,70.82,0.0,,0.11,,,10.17,,10.0,-22.86555484,-43.34336341
2014-07-22 23:30:00,UNIDADE MOVEL MADUREIRA,0.0,20.93,71.73,0.0,,0.12,,,7.94,,9.0,-22.86555484,-43.34336341
2014-07-23 00:30:00,UNIDADE MOVEL MADUREIRA,0.0,20.07,75.78,1.0,,0.1,,,3.25,,11.0,-22.86555484,-43.34336341
2014-07-23 01:30:00,UNIDADE MOVEL MADUREIRA,0.0,19.28,78.62,1.63,,0.18,,,0.9,,13.0,-22.86555484,-43.34336341
2014-07-23 02:30:00,UNIDADE MOVEL MADUREIRA,0.0,18.78,78.73,0.93,,0.11,,,1.4,,12.0,-22.86555484,-43.34336341
2014-07-23 03:30:00,UNIDADE MOVEL MADUREIRA,0.0,18.3,81.07,1.04,,0.15,,,0.0,,11.0,-22.86555484,-43.34336341
2014-07-23 04:30:00,UNIDADE MOVEL MADUREIRA,0.0,18.12,81.17,1.26,,0.2,,,0.53,,16.0,-22.86555484,-43.34336341
2014-07-23 05:30:00,UNIDADE MOVEL MADUREIRA,0.0,17.57,84.77,1.65,,0.3,,,0.0,,17.0,-22.86555484,-43.34336341
2014-07-23 06:30:00,UNIDADE MOVEL MADUREIRA,0.0,17.05,86.55,1.9,,0.41,,,0.0,,21.0,-22.86555484,-43.34336341
2014-07-23 07:30:00,UNIDADE MOVEL MADUREIRA,0.0,17.87,83.77,2.84,,0.305,,,0.04,,21.0,-22.86555484,-43.34336341
2014-07-23 08:30:00,UNIDADE MOVEL MADUREIRA,0.0,21.17,68.58,4.529999999999999,,0.2,,,4.2,,35.0,-22.86555484,-43.34336341
2014-07-23 09:30:00,UNIDADE MOVEL MADUREIRA,0.0,23.98,53.13,6.22,,0.46,,,7.72,,65.0,-22.86555484,-43.34336341
2014-07-23 10:30:00,UNIDADE MOVEL MADUREIRA,0.0,25.97,42.83,6.0,,0.15,,,18.55,,46.0,-22.86555484,-43.34336341
2014-07-23 11:30:00,UNIDADE MOVEL MADUREIRA,0.0,27.1,37.75,7.71,,0.04,,,24.73,,18.0,-22.86555484,-43.34336341
2014-07-23 12:30:00,UNIDADE MOVEL MADUREIRA,0.0,27.8,34.0,9.55,,0.02,,,26.27,,12.0,-22.86555484,-43.34336341
2014-07-23 13:30:00,UNIDADE MOVEL MADUREIRA,0.0,28.47,31.18,11.78,,0.01,,,26.65,,8.0,-22.86555484,-43.34336341
2014-07-23 14:30:00,UNIDADE MOVEL MADUREIRA,0.0,29.03,30.25,12.88,,0.01,,,28.38,,5.0,-22.86555484,-43.34336341
2014-07-23 15:30:00,UNIDADE MOVEL MADUREIRA,0.0,29.07,31.05,15.1,,0.03,,,28.7,,7.0,-22.86555484,-43.34336341
2014-07-23 16:30:00,UNIDADE MOVEL MADUREIRA,0.0,28.28,31.83,14.63,,0.06,,,24.6,,10.0,-22.86555484,-43.34336341
2014-07-23 17:30:00,UNIDADE MOVEL MADUREIRA,0.0,26.63,35.5,6.94,,0.35,,,12.42,,18.0,-22.86555484,-43.34336341
2014-07-23 18:30:00,UNIDADE MOVEL MADUREIRA,0.0,25.88,39.38,7.13,,0.8,,,0.05,,17.0,-22.86555484,-43.34336341
2014-07-23 19:30:00,UNIDADE MOVEL MADUREIRA,0.0,25.57,42.15,7.71,,0.94,,,0.12,,29.0,-22.86555484,-43.34336341
2014-07-23 20:30:00,UNIDADE MOVEL MADUREIRA,0.0,25.32,43.97,7.95,,0.67,,,2.87,,26.0,-22.86555484,-43.34336341
2014-07-23 21:30:00,UNIDADE MOVEL MADUREIRA,0.0,24.33,47.53,6.5,,0.69,,,4.54,,29.0,-22.86555484,-43.34336341
2014-07-23 22:30:00,UNIDADE MOVEL MADUREIRA,0.0,22.82,56.25,4.62,,0.84,,,0.51,,20.0,-22.86555484,-43.34336341
2014-07-23 23:30:00,UNIDADE MOVEL MADUREIRA,0.0,22.33,60.12,4.145,,0.6,,,0.5,,15.0,-22.86555484,-43.34336341
2014-07-24 00:30:00,UNIDADE MOVEL MADUREIRA,0.0,22.42,59.3,3.67,,0.375,,,0.79,,19.0,-22.86555484,-43.34336341
2014-07-24 01:30:00,UNIDADE MOVEL MADUREIRA,0.0,22.55,58.63,3.42,,0.15,,,3.67,,13.0,-22.86555484,-43.34336341
2014-07-24 02:30:00,UNIDADE MOVEL MADUREIRA,0.0,21.92,60.82,2.44,,0.2,,,2.18,,13.0,-22.86555484,-43.34336341
2014-07-24 03:30:00,UNIDADE MOVEL MADUREIRA,0.0,22.78,55.85,0.5,,0.17,,,10.27,,16.0,-22.86555484,-43.34336341
2014-07-24 04:30:00,UNIDADE MOVEL MADUREIRA,0.0,21.7,59.33,0.41,,0.18,,,3.75,,13.0,-22.86555484,-43.34336341
2014-07-24 05:30:00,UNIDADE MOVEL MADUREIRA,0.0,21.03,61.62,0.05,,0.25,,,0.23,,11.0,-22.86555484,-43.34336341
2014-07-24 06:30:00,UNIDADE MOVEL MADUREIRA,0.0,20.42,65.72,0.56,,0.49,,,0.0,,9.0,-22.86555484,-43.34336341
2014-07-24 07:30:00,UNIDADE MOVEL MADUREIRA,0.0,21.6,63.02,2.12,,1.27,,,0.13,,17.0,-22.86555484,-43.34336341
2014-07-24 08:30:00,UNIDADE MOVEL MADUREIRA,0.0,25.23,50.53,4.53,,0.47,,,1.82,,33.0,-22.86555484,-43.34336341
2014-07-24 09:30:00,UNIDADE MOVEL MADUREIRA,0.0,26.8,44.27,7.49,,0.14,,,8.69,,45.0,-22.86555484,-43.34336341
2014-07-24 10:30:00,UNIDADE MOVEL MADUREIRA,0.0,27.78,41.63,11.1,,0.06,,,16.39,,16.0,-22.86555484,-43.34336341
2014-07-24 11:30:00,UNIDADE MOVEL MADUREIRA,0.0,28.88,38.98,15.97,,0.05,,,19.04,,10.0,-22.86555484,-43.34336341
2014-07-24 12:30:00,UNIDADE MOVEL MADUREIRA,0.0,29.85,35.42,22.7,,0.04,,,22.26,,10.0,-22.86555484,-43.34336341
2014-07-24 13:30:00,UNIDADE MOVEL MADUREIRA,0.0,30.77,33.05,27.39,,0.03,,,25.39,,9.0,-22.86555484,-43.34336341
2014-07-24 14:30:00,UNIDADE MOVEL MADUREIRA,0.0,31.4,31.83,27.09,,0.06,,,22.26,,7.0,-22.86555484,-43.34336341
2014-07-24 15:30:00,UNIDADE MOVEL MADUREIRA,0.0,31.17,33.15,25.63,,0.09,,,20.63,,6.0,-22.86555484,-43.34336341
2014-07-24 16:30:00,UNIDADE MOVEL MADUREIRA,0.0,30.93,34.08,20.5,,0.14,,,18.36,,8.0,-22.86555484,-43.34336341
2014-07-24 17:30:00,UNIDADE MOVEL MADUREIRA,0.0,29.95,36.75,14.4,,0.32,,,8.91,,30.0,-22.86555484,-43.34336341
2014-07-24 18:30:00,UNIDADE MOVEL MADUREIRA,0.0,28.9,39.58,9.2,,0.46,,,1.01,,19.0,-22.86555484,-43.34336341
2014-07-24 19:30:00,UNIDADE MOVEL MADUREIRA,0.0,27.98,42.33,5.35,,0.6,,,0.05,,17.0,-22.86555484,-43.34336341
2014-07-24 20:30:00,UNIDADE MOVEL MADUREIRA,0.0,27.37,44.42,5.85,,0.63,,,0.09,,18.0,-22.86555484,-43.34336341
2014-07-24 21:30:00,UNIDADE MOVEL MADUREIRA,0.0,26.4,49.28,7.96,,1.53,,,0.0,,25.0,-22.86555484,-43.34336341
2014-07-24 22:30:00,UNIDADE MOVEL MADUREIRA,1.0,24.65,64.8,5.19,,1.29,,,1.37,,38.0,-22.86555484,-43.34336341
2014-07-24 23:30:00,UNIDADE MOVEL MADUREIRA,0.0,23.12,73.72,3.2150000000000007,,0.68,,,5.91,,23.0,-22.86555484,-43.34336341
2014-07-25 00:30:00,UNIDADE MOVEL MADUREIRA,0.0,22.47,77.12,1.24,,0.14,,,21.78,,18.0,-22.86555484,-43.34336341
2014-07-25 01:30:00,UNIDADE MOVEL MADUREIRA,0.0,22.05,79.93,0.13,,0.11,,,21.79,,16.0,-22.86555484,-43.34336341
2014-07-25 02:30:00,UNIDADE MOVEL MADUREIRA,0.0,22.45,78.95,0.08,,0.17,,,8.21,,10.0,-22.86555484,-43.34336341
2014-07-25 03:30:00,UNIDADE MOVEL MADUREIRA,0.0,22.25,80.82,1.2,,0.2,,,0.45,,12.0,-22.86555484,-43.34336341
2014-07-25 04:30:00,UNIDADE MOVEL MADUREIRA,0.0,21.88,83.2,2.24,,0.16,,,0.0,,14.0,-22.86555484,-43.34336341
2014-07-25 05:30:00,UNIDADE MOVEL MADUREIRA,0.0,21.8,84.58,2.1,,0.17,,,0.0,,9.0,-22.86555484,-43.34336341
2014-07-25 06:30:00,UNIDADE MOVEL MADUREIRA,0.0,21.88,84.05,2.39,,0.23,,,0.0,,10.0,-22.86555484,-43.34336341
2014-07-25 07:30:00,UNIDADE MOVEL MADUREIRA,0.0,22.43,80.6,2.32,,0.48,,,0.0,,17.0,-22.86555484,-43.34336341
2014-07-25 08:30:00,UNIDADE MOVEL MADUREIRA,0.0,23.75,68.63,2.3,,0.42,,,1.56,,22.0,-22.86555484,-43.34336341
2014-07-25 09:30:00,UNIDADE MOVEL MADUREIRA,0.0,22.1,75.98,0.2,,0.11,,,12.73,,9.0,-22.86555484,-43.34336341
2014-07-25 10:30:00,UNIDADE MOVEL MADUREIRA,0.0,20.93,78.22,0.0,,0.1,,,15.2,,4.0,-22.86555484,-43.34336341
2014-07-25 11:30:00,UNIDADE MOVEL MADUREIRA,0.0,20.73,76.55,0.0,,0.07,,,17.39,,2.0,-22.86555484,-43.34336341
2014-07-25 12:30:00,UNIDADE MOVEL MADUREIRA,0.0,19.97,82.15,0.0,,0.07,,,18.9,,16.0,-22.86555484,-43.34336341
2014-07-25 13:30:00,UNIDADE MOVEL MADUREIRA,0.0,19.25,87.4,0.0,,0.06,,,16.68,,11.333333333333332,-22.86555484,-43.34336341
2014-07-25 14:30:00,UNIDADE MOVEL MADUREIRA,0.0,19.15,86.37,0.0,,0.07,,,16.86,,6.666666666666666,-22.86555484,-43.34336341
2014-07-25 15:30:00,UNIDADE MOVEL MADUREIRA,1.0,19.23,85.87,0.0,,0.08,,,12.69,,2.0,-22.86555484,-43.34336341
2014-07-25 16:30:00,UNIDADE MOVEL MADUREIRA,3.0,19.12,87.6,0.0,,0.12,,,8.1,,6.0,-22.86555484,-43.34336341
2014-07-25 17:30:00,UNIDADE MOVEL MADUREIRA,2.0,18.35,92.53,0.0,,0.12,,,7.84,,7.0,-22.86555484,-43.34336341
2014-07-25 18:30:00,UNIDADE MOVEL MADUREIRA,0.0,18.6,92.02,0.0,,0.14,,,5.04,,5.0,-22.86555484,-43.34336341
2014-07-25 19:30:00,UNIDADE MOVEL MADUREIRA,0.0,19.08,88.8,0.0,,0.3,,,0.49,,5.0,-22.86555484,-43.34336341
2014-07-25 20:30:00,UNIDADE MOVEL MADUREIRA,0.0,19.18,87.28,0.0,,0.2,,,5.19,,4.0,-22.86555484,-43.34336341
2014-07-25 21:30:00,UNIDADE MOVEL MADUREIRA,0.0,19.5,85.63,0.0,,0.24,,,0.63,,4.0,-22.86555484,-43.34336341
2014-07-25 22:30:00,UNIDADE MOVEL MADUREIRA,1.0,18.42,91.68,0.0,,0.14,,,11.08,,6.0,-22.86555484,-43.34336341
2014-07-25 23:30:00,UNIDADE MOVEL MADUREIRA,0.0,18.32,93.08,0.39,,0.14,,,14.67,,5.0,-22.86555484,-43.34336341
2014-07-26 00:30:00,UNIDADE MOVEL MADUREIRA,0.0,18.28,92.13,0.78,,0.06,,,20.06,,3.0,-22.86555484,-43.34336341
2014-07-26 01:30:00,UNIDADE MOVEL MADUREIRA,0.0,18.12,92.78,1.54,,0.05,,,21.1,,1.0,-22.86555484,-43.34336341
2014-07-26 02:30:00,UNIDADE MOVEL MADUREIRA,0.0,18.28,92.35,1.39,,0.06,,,20.9,,1.25,-22.86555484,-43.34336341
2014-07-26 03:30:00,UNIDADE MOVEL MADUREIRA,0.0,18.3,92.57,1.19,,0.06,,,13.69,,1.5,-22.86555484,-43.34336341
2014-07-26 04:30:00,UNIDADE MOVEL MADUREIRA,0.0,18.13,93.18,1.3,,0.12,,,19.83,,1.75,-22.86555484,-43.34336341
2014-07-26 05:30:00,UNIDADE MOVEL MADUREIRA,0.0,18.23,93.0,1.43,,0.03,,,20.03,,2.0,-22.86555484,-43.34336341
2014-07-26 06:30:00,UNIDADE MOVEL MADUREIRA,0.0,18.18,93.3,1.33,,0.19,,,16.13,,2.0,-22.86555484,-43.34336341
2014-07-26 07:30:00,UNIDADE MOVEL MADUREIRA,0.0,18.02,93.65,1.59,,0.05,,,15.17,,1.0,-22.86555484,-43.34336341
2014-07-26 08:30:00,UNIDADE MOVEL MADUREIRA,1.0,18.07,93.57,1.74,,0.21,,,11.18,,1.0,-22.86555484,-43.34336341
2014-07-26 09:30:00,UNIDADE MOVEL MADUREIRA,1.0,18.32,94.53,1.4,,0.11,,,7.3,,1.0,-22.86555484,-43.34336341
2014-07-26 10:30:00,UNIDADE MOVEL MADUREIRA,1.0,18.63,92.97,1.89,,0.13,,,9.91,,5.0,-22.86555484,-43.34336341
2014-07-26 11:30:00,UNIDADE MOVEL MADUREIRA,0.0,19.05,91.52,2.48,,0.19,,,5.79,,7.0,-22.86555484,-43.34336341
2014-07-26 12:30:00,UNIDADE MOVEL MADUREIRA,0.0,19.47,88.23,3.18,,0.19,,,8.39,,5.0,-22.86555484,-43.34336341
2014-07-26 13:30:00,UNIDADE MOVEL MADUREIRA,0.0,19.87,85.93,4.15,,0.17,,,10.45,,8.0,-22.86555484,-43.34336341
2014-07-26 14:30:00,UNIDADE MOVEL MADUREIRA,0.0,19.95,84.68,4.35,,0.12,,,13.82,,12.0,-22.86555484,-43.34336341
2014-07-26 15:30:00,UNIDADE MOVEL MADUREIRA,0.0,20.07,83.47,4.46,,0.1,,,16.14,,13.0,-22.86555484,-43.34336341
2014-07-26 16:30:00,UNIDADE MOVEL MADUREIRA,0.0,19.8,85.12,3.99,,0.09,,,18.86,,13.0,-22.86555484,-43.34336341
2014-07-26 17:30:00,UNIDADE MOVEL MADUREIRA,0.0,19.48,88.88,3.88,,0.16,,,6.11,,5.0,-22.86555484,-43.34336341
2014-07-26 18:30:00,UNIDADE MOVEL MADUREIRA,0.0,19.57,89.0,4.44,,0.27,,,0.0,,3.0,-22.86555484,-43.34336341
2014-07-26 19:30:00,UNIDADE MOVEL MADUREIRA,0.0,19.67,87.58,4.2,,0.32,,,0.36,,10.0,-22.86555484,-43.34336341
2014-07-26 20:30:00,UNIDADE MOVEL MADUREIRA,0.0,19.72,86.77,3.45,,0.29,,,1.85,,20.0,-22.86555484,-43.34336341
2014-07-26 21:30:00,UNIDADE MOVEL MADUREIRA,0.0,19.83,86.63,3.45,,0.94,,,0.01,,15.0,-22.86555484,-43.34336341
2014-07-26 22:30:00,UNIDADE MOVEL MADUREIRA,0.0,19.98,86.82,3.73,,0.53,,,0.0,,12.0,-22.86555484,-43.34336341
2014-07-26 23:30:00,UNIDADE MOVEL MADUREIRA,0.0,19.97,86.38,2.54,,0.8,,,0.0,,23.0,-22.86555484,-43.34336341
2014-07-27 00:30:00,UNIDADE MOVEL MADUREIRA,0.0,19.63,90.22,1.35,,0.78,,,0.0,,19.0,-22.86555484,-43.34336341
2014-07-27 01:30:00,UNIDADE MOVEL MADUREIRA,1.0,19.2,93.65,0.67,,1.61,,,0.0,,23.0,-22.86555484,-43.34336341
2014-07-27 02:30:00,UNIDADE MOVEL MADUREIRA,0.0,18.95,94.23,0.43,,1.78,,,0.0,,14.0,-22.86555484,-43.34336341
2014-07-27 03:30:00,UNIDADE MOVEL MADUREIRA,0.0,18.82,94.78,0.3,,1.75,,,0.0,,19.0,-22.86555484,-43.34336341
2014-07-27 04:30:00,UNIDADE MOVEL MADUREIRA,0.0,19.1,93.5,0.18,,1.71,,,0.0,,18.0,-22.86555484,-43.34336341
2014-07-27 05:30:00,UNIDADE MOVEL MADUREIRA,0.0,19.12,92.3,0.65,,1.73,,,0.27,,17.0,-22.86555484,-43.34336341
2014-07-27 06:30:00,UNIDADE MOVEL MADUREIRA,0.0,19.27,91.83,1.1,,1.36,,,0.07,,22.0,-22.86555484,-43.34336341
2014-07-27 07:30:00,UNIDADE MOVEL MADUREIRA,0.0,19.55,90.12,1.68,,0.25,,,0.48,,13.0,-22.86555484,-43.34336341
2014-07-27 08:30:00,UNIDADE MOVEL MADUREIRA,0.0,19.82,88.55,2.23,,0.28,,,4.1,,17.0,-22.86555484,-43.34336341
2014-07-27 09:30:00,UNIDADE MOVEL MADUREIRA,0.0,20.33,84.88,2.93,,0.18,,,8.83,,11.0,-22.86555484,-43.34336341
2014-07-27 10:30:00,UNIDADE MOVEL MADUREIRA,0.0,20.72,84.28,3.25,,0.12,,,11.41,,13.0,-22.86555484,-43.34336341
2014-07-27 11:30:00,UNIDADE MOVEL MADUREIRA,0.0,20.27,87.58,2.48,,0.1,,,12.72,,12.0,-22.86555484,-43.34336341
2014-07-27 12:30:00,UNIDADE MOVEL MADUREIRA,0.0,20.2,87.65,1.745,,0.12000000000000001,,,19.7,,6.0,-22.86555484,-43.34336341
2014-07-27 13:30:00,UNIDADE MOVEL MADUREIRA,1.0,19.75,89.28,1.01,,0.14,,,22.47,,6.0,-22.86555484,-43.34336341
2014-07-27 14:30:00,UNIDADE MOVEL MADUREIRA,2.0,19.1,91.43,0.18,,0.16,,,21.21,,5.0,-22.86555484,-43.34336341
2014-07-27 15:30:00,UNIDADE MOVEL MADUREIRA,2.0,19.05,93.3,0.0,,0.2,,,17.14,,2.0,-22.86555484,-43.34336341
2014-07-27 16:30:00,UNIDADE MOVEL MADUREIRA,0.0,19.33,91.38,0.0,,0.19,,,17.72,,8.0,-22.86555484,-43.34336341
2014-07-27 17:30:00,UNIDADE MOVEL MADUREIRA,1.0,19.28,91.18,0.0,,0.2,,,6.25,,9.0,-22.86555484,-43.34336341
2014-07-27 18:30:00,UNIDADE MOVEL MADUREIRA,0.0,18.88,93.48,0.0,,0.2,,,6.63,,7.0,-22.86555484,-43.34336341
2014-07-27 19:30:00,UNIDADE MOVEL MADUREIRA,0.0,18.65,93.88,0.0,,0.24,,,10.23,,8.0,-22.86555484,-43.34336341
2014-07-27 20:30:00,UNIDADE MOVEL MADUREIRA,1.0,18.53,93.97,0.0,,0.23,,,7.44,,7.0,-22.86555484,-43.34336341
2014-07-27 21:30:00,UNIDADE MOVEL MADUREIRA,0.0,18.75,93.8,0.0,,0.36,,,1.17,,5.0,-22.86555484,-43.34336341
2014-07-27 22:30:00,UNIDADE MOVEL MADUREIRA,0.0,18.88,92.57,0.0,,0.24,,,5.76,,5.0,-22.86555484,-43.34336341
2014-07-27 23:30:00,UNIDADE MOVEL MADUREIRA,0.0,18.9,93.12,0.0,,0.51,,,0.0,,5.0,-22.86555484,-43.34336341
2014-07-28 00:30:00,UNIDADE MOVEL MADUREIRA,0.0,18.87,93.53,1.04,,0.61,,,0.0,,8.0,-22.86555484,-43.34336341
2014-07-28 01:30:00,UNIDADE MOVEL MADUREIRA,2.0,18.78,93.48,2.08,,0.24,,,0.02,,8.0,-22.86555484,-43.34336341
2014-07-28 02:30:00,UNIDADE MOVEL MADUREIRA,1.0,18.5,95.02,1.67,,0.23,,,4.56,,7.0,-22.86555484,-43.34336341
2014-07-28 03:30:00,UNIDADE MOVEL MADUREIRA,2.0,18.37,92.17,1.14,,0.05,,,24.12,,5.0,-22.86555484,-43.34336341
2014-07-28 04:30:00,UNIDADE MOVEL MADUREIRA,1.0,17.98,92.5,0.93,,0.44,,,19.43,,3.0,-22.86555484,-43.34336341
2014-07-28 05:30:00,UNIDADE MOVEL MADUREIRA,1.0,18.02,93.55,0.95,,0.04,,,15.12,,7.0,-22.86555484,-43.34336341
2014-07-28 06:30:00,UNIDADE MOVEL MADUREIRA,0.0,18.12,94.0,0.7,,0.08,,,6.37,,6.0,-22.86555484,-43.34336341
2014-07-28 07:30:00,UNIDADE MOVEL MADUREIRA,0.0,18.37,93.18,1.0,,0.15,,,2.24,,4.0,-22.86555484,-43.34336341
2014-07-28 08:30:00,UNIDADE MOVEL MADUREIRA,0.0,18.82,91.08,2.19,,0.51,,,0.08,,7.0,-22.86555484,-43.34336341
2014-07-28 09:30:00,UNIDADE MOVEL MADUREIRA,0.0,19.13,89.28,3.06,,0.4,,,1.13,,17.0,-22.86555484,-43.34336341
2014-07-28 10:30:00,UNIDADE MOVEL MADUREIRA,0.0,19.65,87.0,3.46,,0.59,,,3.35,,12.0,-22.86555484,-43.34336341
2014-07-28 11:30:00,UNIDADE MOVEL MADUREIRA,0.0,20.78,81.67,4.81,,0.76,,,5.64,,10.0,-22.86555484,-43.34336341
2014-07-28 12:30:00,UNIDADE MOVEL MADUREIRA,0.0,20.73,82.05,5.13,,0.56,,,5.29,,12.0,-22.86555484,-43.34336341
2014-07-28 13:30:00,UNIDADE MOVEL MADUREIRA,0.0,20.42,78.93,4.83,,0.1,,,9.11,,16.0,-22.86555484,-43.34336341
2014-07-28 14:30:00,UNIDADE MOVEL MADUREIRA,0.0,21.37,71.83,5.0,,0.3,,,10.14,,13.0,-22.86555484,-43.34336341
2014-07-28 15:30:00,UNIDADE MOVEL MADUREIRA,0.0,21.42,69.18,5.08,,0.08,,,17.14,,25.0,-22.86555484,-43.34336341
2014-07-28 16:30:00,UNIDADE MOVEL MADUREIRA,0.0,21.2,69.47,4.7,,0.3,,,15.68,,9.0,-22.86555484,-43.34336341
2014-07-28 17:30:00,UNIDADE MOVEL MADUREIRA,0.0,20.92,68.32,3.86,,0.96,,,11.98,,10.0,-22.86555484,-43.34336341
2014-07-28 18:30:00,UNIDADE MOVEL MADUREIRA,0.0,20.77,69.6,3.1,,0.95,,,11.59,,10.0,-22.86555484,-43.34336341
2014-07-28 19:30:00,UNIDADE MOVEL MADUREIRA,0.0,20.33,78.28,3.47,,1.34,,,1.87,,10.0,-22.86555484,-43.34336341
2014-07-28 20:30:00,UNIDADE MOVEL MADUREIRA,0.0,19.6,86.82,3.8,,1.62,,,0.0,,12.0,-22.86555484,-43.34336341
2014-07-28 21:30:00,UNIDADE MOVEL MADUREIRA,0.0,19.4,86.57,4.32,,1.61,,,0.68,,18.0,-22.86555484,-43.34336341
2014-07-28 22:30:00,UNIDADE MOVEL MADUREIRA,0.0,18.98,83.23,2.83,,1.22,,,5.08,,15.0,-22.86555484,-43.34336341
2014-07-28 23:30:00,UNIDADE MOVEL MADUREIRA,0.0,18.67,87.07,2.83,,1.46,,,0.0,,7.0,-22.86555484,-43.34336341
2014-07-29 00:30:00,UNIDADE MOVEL MADUREIRA,0.0,19.0,87.03,2.8850000000000002,,0.3,,,0.0,,9.0,-22.86555484,-43.34336341
2014-07-29 01:30:00,UNIDADE MOVEL MADUREIRA,0.0,19.18,84.85,2.94,,0.24,,,0.0,,12.0,-22.86555484,-43.34336341
2014-07-29 02:30:00,UNIDADE MOVEL MADUREIRA,0.0,19.22,83.12,2.19,,0.18,,,0.0,,16.0,-22.86555484,-43.34336341
2014-07-29 03:30:00,UNIDADE MOVEL MADUREIRA,0.0,18.82,86.3,1.89,,0.17,,,0.0,,10.0,-22.86555484,-43.34336341
2014-07-29 04:30:00,UNIDADE MOVEL MADUREIRA,0.0,18.28,89.5,1.93,,0.21,,,0.0,,9.0,-22.86555484,-43.34336341
2014-07-29 05:30:00,UNIDADE MOVEL MADUREIRA,0.0,17.63,92.45,2.17,,0.34,,,0.0,,8.0,-22.86555484,-43.34336341
2014-07-29 06:30:00,UNIDADE MOVEL MADUREIRA,0.0,17.52,92.05,2.81,,0.58,,,0.0,,10.0,-22.86555484,-43.34336341
2014-07-29 07:30:00,UNIDADE MOVEL MADUREIRA,0.0,18.15,91.22,3.98,,1.17,,,0.0,,15.0,-22.86555484,-43.34336341
2014-07-29 08:30:00,UNIDADE MOVEL MADUREIRA,0.0,19.45,82.03,5.07,,0.06,,,1.06,,34.0,-22.86555484,-43.34336341
2014-07-29 09:30:00,UNIDADE MOVEL MADUREIRA,0.0,20.12,78.3,6.51,,0.2,,,4.9,,18.0,-22.86555484,-43.34336341
2014-07-29 10:30:00,UNIDADE MOVEL MADUREIRA,0.0,20.97,67.33,5.18,,0.4,,,14.89,,20.0,-22.86555484,-43.34336341
2014-07-29 11:30:00,UNIDADE MOVEL MADUREIRA,0.0,23.1,55.8,7.47,,0.23,,,21.23,,10.0,-22.86555484,-43.34336341
2014-07-29 12:30:00,UNIDADE MOVEL MADUREIRA,0.0,22.03,60.75,9.35,,0.05,,,22.69,,11.0,-22.86555484,-43.34336341
2014-07-29 13:30:00,UNIDADE MOVEL MADUREIRA,0.0,21.67,59.8,7.14,,0.53,,,20.46,,9.0,-22.86555484,-43.34336341
2014-07-29 14:30:00,UNIDADE MOVEL MADUREIRA,0.0,21.07,61.68,5.04,,0.16,,,21.3,,2.0,-22.86555484,-43.34336341
2014-07-29 15:30:00,UNIDADE MOVEL MADUREIRA,0.0,20.83,63.08,3.37,,0.25,,,22.71,,1.0,-22.86555484,-43.34336341
2014-07-29 16:30:00,UNIDADE MOVEL MADUREIRA,0.0,20.92,60.78,3.31,,0.27,,,19.55,,1.5,-22.86555484,-43.34336341
2014-07-29 17:30:00,UNIDADE MOVEL MADUREIRA,0.0,20.63,62.57,3.37,,0.36,,,11.44,,2.0,-22.86555484,-43.34336341
2014-07-29 18:30:00,UNIDADE MOVEL MADUREIRA,0.0,20.5,63.7,3.01,,0.43,,,6.84,,6.0,-22.86555484,-43.34336341
2014-07-29 19:30:00,UNIDADE MOVEL MADUREIRA,0.0,20.2,64.95,2.75,,0.4,,,7.94,,8.0,-22.86555484,-43.34336341
2014-07-29 20:30:00,UNIDADE MOVEL MADUREIRA,0.0,19.57,74.4,2.46,,0.45,,,2.17,,9.0,-22.86555484,-43.34336341
2014-07-29 21:30:00,UNIDADE MOVEL MADUREIRA,0.0,19.08,76.23,1.72,,0.62,,,0.22,,8.0,-22.86555484,-43.34336341
2014-07-29 22:30:00,UNIDADE MOVEL MADUREIRA,0.0,18.43,78.3,1.38,,0.63,,,0.34,,10.0,-22.86555484,-43.34336341
2014-07-29 23:30:00,UNIDADE MOVEL MADUREIRA,0.0,18.18,79.33,2.64,,0.9,,,0.0,,11.0,-22.86555484,-43.34336341
2014-07-30 00:30:00,UNIDADE MOVEL MADUREIRA,0.0,18.28,76.83,3.205,,0.14,,,0.73,,17.0,-22.86555484,-43.34336341
2014-07-30 01:30:00,UNIDADE MOVEL MADUREIRA,0.0,17.68,79.95,3.77,,0.26,,,0.0,,16.0,-22.86555484,-43.34336341
2014-07-30 02:30:00,UNIDADE MOVEL MADUREIRA,0.0,16.43,88.62,2.92,,0.67,,,0.0,,11.0,-22.86555484,-43.34336341
2014-07-30 03:30:00,UNIDADE MOVEL MADUREIRA,0.0,15.87,91.27,2.75,,0.62,,,0.0,,24.0,-22.86555484,-43.34336341
2014-07-30 04:30:00,UNIDADE MOVEL MADUREIRA,0.0,15.55,92.53,2.63,,0.61,,,0.0,,24.0,-22.86555484,-43.34336341
2014-07-30 05:30:00,UNIDADE MOVEL MADUREIRA,0.0,15.32,93.55,2.84,,0.64,,,0.0,,20.0,-22.86555484,-43.34336341
2014-07-30 06:30:00,UNIDADE MOVEL MADUREIRA,0.0,15.18,94.1,3.64,,1.95,,,0.0,,30.0,-22.86555484,-43.34336341
2014-07-30 07:30:00,UNIDADE MOVEL MADUREIRA,0.0,16.2,92.7,4.38,,1.46,,,0.0,,43.0,-22.86555484,-43.34336341
2014-07-30 08:30:00,UNIDADE MOVEL MADUREIRA,0.0,19.4,76.72,6.74,,0.61,,,1.3,,31.0,-22.86555484,-43.34336341
2014-07-30 09:30:00,UNIDADE MOVEL MADUREIRA,0.0,20.55,69.15,10.57,,0.47,,,6.18,,24.0,-22.86555484,-43.34336341
2014-07-30 10:30:00,UNIDADE MOVEL MADUREIRA,0.0,21.57,60.13,11.29,,0.87,,,16.19,,25.0,-22.86555484,-43.34336341
2014-07-30 11:30:00,UNIDADE MOVEL MADUREIRA,0.0,23.0,48.97,11.98,,0.57,,,21.29,,25.0,-22.86555484,-43.34336341
2014-07-30 12:30:00,UNIDADE MOVEL MADUREIRA,0.0,23.17,48.93,12.13,,0.07,,,25.37,,3.0,-22.86555484,-43.34336341
2014-07-30 13:30:00,UNIDADE MOVEL MADUREIRA,0.0,24.07,44.47,12.16,,0.07,,,24.96,,3.0,-22.86555484,-43.34336341
2014-07-30 14:30:00,UNIDADE MOVEL MADUREIRA,0.0,24.87,41.67,16.43,,0.08,,,25.86,,6.0,-22.86555484,-43.34336341
2014-07-30 15:30:00,UNIDADE MOVEL MADUREIRA,0.0,24.28,49.25,12.68,,0.09,,,26.71,,8.0,-22.86555484,-43.34336341
2014-07-30 16:30:00,UNIDADE MOVEL MADUREIRA,0.0,23.07,56.75,12.18,,0.11,,,22.56,,8.0,-22.86555484,-43.34336341
2014-07-30 17:30:00,UNIDADE MOVEL MADUREIRA,0.0,21.42,64.75,8.89,,0.14,,,12.62,,7.0,-22.86555484,-43.34336341
2014-07-30 18:30:00,UNIDADE MOVEL MADUREIRA,0.0,20.7,68.78,4.64,,0.11,,,12.93,,5.333333333333334,-22.86555484,-43.34336341
2014-07-30 19:30:00,UNIDADE MOVEL MADUREIRA,0.0,20.28,71.92,3.85,,0.07,,,12.74,,3.666666666666667,-22.86555484,-43.34336341
2014-07-30 20:30:00,UNIDADE MOVEL MADUREIRA,0.0,19.87,76.48,4.31,,0.07,,,6.25,,2.0,-22.86555484,-43.34336341
2014-07-30 21:30:00,UNIDADE MOVEL MADUREIRA,0.0,19.63,77.9,4.52,,0.11,,,0.02,,4.0,-22.86555484,-43.34336341
2014-07-30 22:30:00,UNIDADE MOVEL MADUREIRA,0.0,19.53,74.4,3.46,,0.1,,,6.49,,6.0,-22.86555484,-43.34336341
2014-07-30 23:30:00,UNIDADE MOVEL MADUREIRA,0.0,19.15,77.25,2.44,,0.08,,,16.81,,8.0,-22.86555484,-43.34336341
2014-07-31 00:30:00,UNIDADE MOVEL MADUREIRA,0.0,18.5,80.98,1.865,,0.09,,,10.3,,5.0,-22.86555484,-43.34336341
2014-07-31 01:30:00,UNIDADE MOVEL MADUREIRA,0.0,18.07,83.12,1.29,,0.1,,,5.64,,8.0,-22.86555484,-43.34336341
2014-07-31 02:30:00,UNIDADE MOVEL MADUREIRA,0.0,17.38,86.45,1.21,,0.15,,,1.14,,11.0,-22.86555484,-43.34336341
2014-07-31 03:30:00,UNIDADE MOVEL MADUREIRA,0.0,17.1,87.5,2.87,,0.14,,,0.0,,9.0,-22.86555484,-43.34336341
2014-07-31 04:30:00,UNIDADE MOVEL MADUREIRA,0.0,16.28,90.03,1.89,,0.21,,,0.0,,19.0,-22.86555484,-43.34336341
2014-07-31 05:30:00,UNIDADE MOVEL MADUREIRA,0.0,16.43,90.63,1.89,,0.24,,,0.0,,14.0,-22.86555484,-43.34336341
2014-07-31 06:30:00,UNIDADE MOVEL MADUREIRA,0.0,16.67,91.05,2.27,,0.51,,,0.0,,18.0,-22.86555484,-43.34336341
2014-07-31 07:30:00,UNIDADE MOVEL MADUREIRA,0.0,17.08,90.45,2.77,,0.48,,,0.0,,18.0,-22.86555484,-43.34336341
2014-07-31 08:30:00,UNIDADE MOVEL MADUREIRA,0.0,18.32,84.15,4.47,,0.26,,,1.15,,24.0,-22.86555484,-43.34336341
2014-07-31 09:30:00,UNIDADE MOVEL MADUREIRA,0.0,20.22,74.87,9.4,,0.47,,,5.28,,38.0,-22.86555484,-43.34336341
2014-07-31 10:30:00,UNIDADE MOVEL MADUREIRA,0.0,22.0,66.0,15.22,,0.47,,,10.48,,51.0,-22.86555484,-43.34336341
2014-07-31 11:30:00,UNIDADE MOVEL MADUREIRA,0.0,23.75,55.3,17.66,,0.56,,,20.22,,50.0,-22.86555484,-43.34336341
2014-07-31 12:30:00,UNIDADE MOVEL MADUREIRA,0.0,25.35,50.55,18.88,,1.17,,,30.08,,26.0,-22.86555484,-43.34336341
2014-07-31 13:30:00,UNIDADE MOVEL MADUREIRA,0.0,25.53,45.67,19.83,,2.07,,,26.23,,22.0,-22.86555484,-43.34336341
2014-07-31 14:30:00,UNIDADE MOVEL MADUREIRA,0.0,25.78,45.07,16.7,,2.09,,,28.28,,10.0,-22.86555484,-43.34336341
2014-07-31 15:30:00,UNIDADE MOVEL MADUREIRA,0.0,25.98,43.57,15.37,,2.04,,,30.53,,11.0,-22.86555484,-43.34336341
2014-07-31 16:30:00,UNIDADE MOVEL MADUREIRA,0.0,25.62,42.52,14.44,,2.0,,,29.48,,10.0,-22.86555484,-43.34336341
2014-07-31 17:30:00,UNIDADE MOVEL MADUREIRA,0.0,24.32,51.3,12.26,,2.12,,,13.36,,8.0,-22.86555484,-43.34336341
2014-07-31 18:30:00,UNIDADE MOVEL MADUREIRA,0.0,22.63,62.07,8.56,,1.36,,,0.01,,8.0,-22.86555484,-43.34336341
2014-07-31 19:30:00,UNIDADE MOVEL MADUREIRA,0.0,22.47,64.12,7.05,,0.5,,,0.0,,15.0,-22.86555484,-43.34336341
2014-07-31 20:30:00,UNIDADE MOVEL MADUREIRA,0.0,21.53,72.97,8.11,,0.34,,,0.0,,12.0,-22.86555484,-43.34336341
2014-07-31 21:30:00,UNIDADE MOVEL MADUREIRA,0.0,20.95,75.42,6.41,,0.25,,,0.13,,20.0,-22.86555484,-43.34336341
2014-07-31 22:30:00,UNIDADE MOVEL MADUREIRA,0.0,20.63,76.0,5.23,,0.21,,,2.85,,18.0,-22.86555484,-43.34336341
2014-07-31 23:30:00,UNIDADE MOVEL MADUREIRA,0.0,20.0,78.58,4.4,,0.17,,,4.46,,11.0,-22.86555484,-43.34336341
2014-08-01 00:30:00,UNIDADE MOVEL MADUREIRA,0.0,19.17,82.87,2.8400000000000003,,0.21,,,0.36,,9.0,-22.86555484,-43.34336341
2014-08-01 01:30:00,UNIDADE MOVEL MADUREIRA,0.0,18.65,86.05,1.28,,0.23,,,0.0,,17.0,-22.86555484,-43.34336341
2014-08-01 02:30:00,UNIDADE MOVEL MADUREIRA,0.0,18.17,87.53,1.54,,0.42,,,0.0,,13.0,-22.86555484,-43.34336341
2014-08-01 03:30:00,UNIDADE MOVEL MADUREIRA,0.0,17.73,89.25,1.96,,0.47,,,0.0,,13.0,-22.86555484,-43.34336341
2014-08-01 04:30:00,UNIDADE MOVEL MADUREIRA,0.0,17.58,89.98,2.04,,0.37,,,0.0,,19.0,-22.86555484,-43.34336341
2014-08-01 05:30:00,UNIDADE MOVEL MADUREIRA,0.0,17.27,91.33,2.1,,0.53,,,0.7,,18.0,-22.86555484,-43.34336341
2014-08-01 06:30:00,UNIDADE MOVEL MADUREIRA,0.0,17.15,91.17,2.74,,0.97,,,0.01,,28.0,-22.86555484,-43.34336341
2014-08-01 07:30:00,UNIDADE MOVEL MADUREIRA,0.0,18.07,88.07,3.97,,1.32,,,0.65,,33.0,-22.86555484,-43.34336341
2014-08-01 08:30:00,UNIDADE MOVEL MADUREIRA,0.0,20.53,78.55,7.38,,0.08,,,1.38,,44.0,-22.86555484,-43.34336341
2014-08-01 09:30:00,UNIDADE MOVEL MADUREIRA,0.0,22.38,69.45,13.87,,0.86,,,3.26,,51.0,-22.86555484,-43.34336341
2014-08-01 10:30:00,UNIDADE MOVEL MADUREIRA,0.0,24.37,59.1,19.82,,0.78,,,8.71,,54.0,-22.86555484,-43.34336341
2014-08-01 11:30:00,UNIDADE MOVEL MADUREIRA,0.0,26.32,49.5,19.73,,0.38,,,19.39,,41.0,-22.86555484,-43.34336341
2014-08-01 12:30:00,UNIDADE MOVEL MADUREIRA,0.0,27.73,44.63,25.2,,0.15,,,29.55,,21.0,-22.86555484,-43.34336341
2014-08-01 13:30:00,UNIDADE MOVEL MADUREIRA,0.0,28.77,42.07,32.31,,0.08,,,40.46,,18.0,-22.86555484,-43.34336341
2014-08-01 14:30:00,UNIDADE MOVEL MADUREIRA,0.0,29.08,40.65,32.55,,0.05,,,45.64,,29.0,-22.86555484,-43.34336341
2014-08-01 15:30:00,UNIDADE MOVEL MADUREIRA,0.0,28.2,43.88,29.66,,0.36,,,48.51,,16.0,-22.86555484,-43.34336341
2014-08-01 16:30:00,UNIDADE MOVEL MADUREIRA,0.0,28.42,42.92,24.98,,0.47,,,38.814,,25.0,-22.86555484,-43.34336341
2014-08-01 17:30:00,UNIDADE MOVEL MADUREIRA,0.0,27.02,45.42,20.3,,0.58,,,29.118,,25.8,-22.86555484,-43.34336341
2014-08-01 18:30:00,UNIDADE MOVEL MADUREIRA,0.0,26.036666666666665,50.57333333333334,15.620000000000001,,0.69,,,19.422,,26.6,-22.86555484,-43.34336341
2014-08-01 19:30:00,UNIDADE MOVEL MADUREIRA,0.0,25.053333333333335,55.72666666666667,10.940000000000001,,0.8,,,9.725999999999999,,27.4,-22.86555484,-43.34336341
2014-08-01 20:30:00,UNIDADE MOVEL MADUREIRA,0.0,24.07,60.88,6.26,,0.91,,,0.03,,28.2,-22.86555484,-43.34336341
2014-08-01 21:30:00,UNIDADE MOVEL MADUREIRA,0.0,23.32,65.05,8.56,,0.57,,,0.0,,29.0,-22.86555484,-43.34336341
2014-08-01 22:30:00,UNIDADE MOVEL MADUREIRA,0.0,22.5,69.07,9.31,,0.46,,,0.0,,38.0,-22.86555484,-43.34336341
2014-08-01 23:30:00,UNIDADE MOVEL MADUREIRA,0.0,21.6,73.54,7.77,,0.89,,,0.0,,29.0,-22.86555484,-43.34336341
2014-08-02 00:30:00,UNIDADE MOVEL MADUREIRA,0.0,21.15,75.52,5.1,,2.05,,,0.0,,31.0,-22.86555484,-43.34336341
2014-08-02 01:30:00,UNIDADE MOVEL MADUREIRA,0.0,20.72,76.83,2.43,,3.01,,,1.32,,17.0,-22.86555484,-43.34336341
2014-08-02 02:30:00,UNIDADE MOVEL MADUREIRA,0.0,19.37,83.67,4.01,,3.45,,,0.01,,30.0,-22.86555484,-43.34336341
2014-08-02 03:30:00,UNIDADE MOVEL MADUREIRA,0.0,18.8,86.63,3.71,,3.43,,,0.0,,51.0,-22.86555484,-43.34336341
2014-08-02 04:30:00,UNIDADE MOVEL MADUREIRA,0.0,18.53,88.25,3.38,,3.37,,,0.0,,44.0,-22.86555484,-43.34336341
2014-08-02 05:30:00,UNIDADE MOVEL MADUREIRA,0.0,18.35,89.55,2.63,,3.1,,,0.0,,32.0,-22.86555484,-43.34336341
2014-08-02 06:30:00,UNIDADE MOVEL MADUREIRA,0.0,18.83,87.37,2.22,,2.76,,,0.0,,28.0,-22.86555484,-43.34336341
2014-08-02 07:30:00,UNIDADE MOVEL MADUREIRA,0.0,19.7,84.9,2.68,,2.68,,,0.0,,28.0,-22.86555484,-43.34336341
2014-08-02 08:30:00,UNIDADE MOVEL MADUREIRA,0.0,22.72,67.92,6.87,,0.97,,,2.64,,37.0,-22.86555484,-43.34336341
2014-08-02 09:30:00,UNIDADE MOVEL MADUREIRA,0.0,24.33,60.18,14.33,,0.37,,,9.85,,49.0,-22.86555484,-43.34336341
2014-08-02 10:30:00,UNIDADE MOVEL MADUREIRA,0.0,26.4,51.18,20.08,,0.07,,,18.43,,34.0,-22.86555484,-43.34336341
2014-08-02 11:30:00,UNIDADE MOVEL MADUREIRA,0.0,28.12,44.77,26.71,,0.01,,,30.09,,17.0,-22.86555484,-43.34336341
2014-08-02 12:30:00,UNIDADE MOVEL MADUREIRA,0.0,27.95,49.27,29.34,,0.0,,,43.1,,16.0,-22.86555484,-43.34336341
2014-08-02 13:30:00,UNIDADE MOVEL MADUREIRA,0.0,27.92,49.37,29.6,,0.0,,,60.48,,22.0,-22.86555484,-43.34336341
2014-08-02 14:30:00,UNIDADE MOVEL MADUREIRA,0.0,28.38,46.68,26.13,,0.0,,,55.61,,21.0,-22.86555484,-43.34336341
2014-08-02 15:30:00,UNIDADE MOVEL MADUREIRA,0.0,28.22,47.5,25.26,,0.0,,,52.69,,18.0,-22.86555484,-43.34336341
2014-08-02 16:30:00,UNIDADE MOVEL MADUREIRA,0.0,26.57,54.15,21.94,,0.0,,,48.86,,20.0,-22.86555484,-43.34336341
2014-08-02 17:30:00,UNIDADE MOVEL MADUREIRA,0.0,25.55,57.33,14.95,,0.06,,,41.46,,16.0,-22.86555484,-43.34336341
2014-08-02 18:30:00,UNIDADE MOVEL MADUREIRA,0.0,24.65,61.32,8.19,,0.2,,,21.85,,19.0,-22.86555484,-43.34336341
2014-08-02 19:30:00,UNIDADE MOVEL MADUREIRA,0.0,23.58,66.58,5.18,,0.4,,,10.56,,29.0,-22.86555484,-43.34336341
2014-08-02 20:30:00,UNIDADE MOVEL MADUREIRA,0.0,22.73,71.6,3.32,,0.54,,,4.47,,34.0,-22.86555484,-43.34336341
2014-08-02 21:30:00,UNIDADE MOVEL MADUREIRA,0.0,22.53,72.08,3.15,,0.49,,,10.05,,36.0,-22.86555484,-43.34336341
2014-08-02 22:30:00,UNIDADE MOVEL MADUREIRA,0.0,22.3,72.85,2.46,,0.82,,,3.9,,28.0,-22.86555484,-43.34336341
2014-08-02 23:30:00,UNIDADE MOVEL MADUREIRA,0.0,21.64,75.88,2.1,,0.96,,,0.07,,39.0,-22.86555484,-43.34336341
2014-08-03 00:30:00,UNIDADE MOVEL MADUREIRA,0.0,21.32,77.4,2.1,,1.16,,,0.0,,40.0,-22.86555484,-43.34336341
2014-08-03 01:30:00,UNIDADE MOVEL MADUREIRA,0.0,20.68,80.03,2.1,,1.34,,,0.0,,44.0,-22.86555484,-43.34336341
2014-08-03 02:30:00,UNIDADE MOVEL MADUREIRA,0.0,20.52,80.92,1.82,,1.54,,,0.0,,54.0,-22.86555484,-43.34336341
2014-08-03 03:30:00,UNIDADE MOVEL MADUREIRA,0.0,20.05,84.08,1.76,,1.53,,,0.0,,48.0,-22.86555484,-43.34336341
2014-08-03 04:30:00,UNIDADE MOVEL MADUREIRA,0.0,20.02,86.78,2.34,,1.36,,,0.0,,62.0,-22.86555484,-43.34336341
2014-08-03 05:30:00,UNIDADE MOVEL MADUREIRA,0.0,19.53,88.53,2.33,,1.66,,,0.0,,60.0,-22.86555484,-43.34336341
2014-08-03 06:30:00,UNIDADE MOVEL MADUREIRA,0.0,19.38,89.1,2.38,,1.83,,,0.0,,65.0,-22.86555484,-43.34336341
2014-08-03 07:30:00,UNIDADE MOVEL MADUREIRA,0.0,20.03,85.28,3.43,,1.87,,,0.23,,74.0,-22.86555484,-43.34336341
2014-08-03 08:30:00,UNIDADE MOVEL MADUREIRA,0.0,22.45,75.12,8.98,,1.13,,,6.78,,66.0,-22.86555484,-43.34336341
2014-08-03 09:30:00,UNIDADE MOVEL MADUREIRA,0.0,24.65,63.33,17.23,,0.21,,,25.55,,77.0,-22.86555484,-43.34336341
2014-08-03 10:30:00,UNIDADE MOVEL MADUREIRA,0.0,26.65,54.85,27.34,,0.05,,,40.33,,49.0,-22.86555484,-43.34336341
2014-08-03 11:30:00,UNIDADE MOVEL MADUREIRA,0.0,29.42,44.2,39.03,,0.0,,,47.77,,39.0,-22.86555484,-43.34336341
2014-08-03 12:30:00,UNIDADE MOVEL MADUREIRA,0.0,31.47,35.98,57.9,,0.0,,,56.81,,21.0,-22.86555484,-43.34336341
2014-08-03 13:30:00,UNIDADE MOVEL MADUREIRA,0.0,32.32,32.15,72.76,,0.03,,,58.28,,19.0,-22.86555484,-43.34336341
2014-08-03 14:30:00,UNIDADE MOVEL MADUREIRA,0.0,32.4,31.87,71.97,,0.09,,,62.54,,20.0,-22.86555484,-43.34336341
2014-08-03 15:30:00,UNIDADE MOVEL MADUREIRA,0.0,32.1,33.88,68.99,,0.0,,,70.44,,15.0,-22.86555484,-43.34336341
2014-08-03 16:30:00,UNIDADE MOVEL MADUREIRA,0.0,31.2,35.4,60.86,,0.24,,,64.91,,24.0,-22.86555484,-43.34336341
2014-08-03 17:30:00,UNIDADE MOVEL MADUREIRA,0.0,29.15,44.03,48.17,,1.17,,,56.26,,11.0,-22.86555484,-43.34336341
2014-08-03 18:30:00,UNIDADE MOVEL MADUREIRA,0.0,27.72,43.42,27.1,,0.46,,,42.26,,23.0,-22.86555484,-43.34336341
2014-08-03 19:30:00,UNIDADE MOVEL MADUREIRA,0.0,26.77,46.55,18.71,,0.61,,,11.16,,15.0,-22.86555484,-43.34336341
2014-08-03 20:30:00,UNIDADE MOVEL MADUREIRA,0.0,24.97,57.97,12.78,,1.89,,,0.12,,28.0,-22.86555484,-43.34336341
2014-08-03 21:30:00,UNIDADE MOVEL MADUREIRA,0.0,24.15,59.2,9.0,,2.01,,,0.0,,48.0,-22.86555484,-43.34336341
2014-08-03 22:30:00,UNIDADE MOVEL MADUREIRA,0.0,23.43,62.22,8.09,,2.45,,,0.0,,46.0,-22.86555484,-43.34336341
2014-08-03 23:30:00,UNIDADE MOVEL MADUREIRA,0.0,23.36,65.0,9.13,,2.07,,,0.0,,55.0,-22.86555484,-43.34336341
2014-08-04 00:30:00,UNIDADE MOVEL MADUREIRA,0.0,22.77,68.45,6.880000000000001,,2.53,,,0.0,,55.0,-22.86555484,-43.34336341
2014-08-04 01:30:00,UNIDADE MOVEL MADUREIRA,0.0,22.17,71.28,4.63,,2.35,,,0.01,,47.0,-22.86555484,-43.34336341
2014-08-04 02:30:00,UNIDADE MOVEL MADUREIRA,0.0,21.7,74.83,3.59,,2.5,,,0.07,,47.0,-22.86555484,-43.34336341
2014-08-04 03:30:00,UNIDADE MOVEL MADUREIRA,0.0,21.75,76.83,2.1,,2.04,,,0.0,,52.0,-22.86555484,-43.34336341
2014-08-04 04:30:00,UNIDADE MOVEL MADUREIRA,0.0,20.83,79.13,1.67,,2.1,,,0.0,,43.0,-22.86555484,-43.34336341
2014-08-04 05:30:00,UNIDADE MOVEL MADUREIRA,0.0,20.22,80.4,1.98,,2.3,,,0.0,,53.0,-22.86555484,-43.34336341
2014-08-04 06:30:00,UNIDADE MOVEL MADUREIRA,0.0,20.52,77.78,1.79,,2.09,,,0.0,,54.0,-22.86555484,-43.34336341
2014-08-04 07:30:00,UNIDADE MOVEL MADUREIRA,0.0,21.73,76.5,2.93,,2.28,,,0.0,,60.0,-22.86555484,-43.34336341
2014-08-04 08:30:00,UNIDADE MOVEL MADUREIRA,0.0,24.65,64.43,8.8,,1.74,,,2.08,,70.0,-22.86555484,-43.34336341
2014-08-04 09:30:00,UNIDADE MOVEL MADUREIRA,0.0,26.03,57.53,25.1,,0.9,,,11.24,,75.0,-22.86555484,-43.34336341
2014-08-04 10:30:00,UNIDADE MOVEL MADUREIRA,0.0,28.1,46.78,37.79,,0.3,,,19.3,,62.0,-22.86555484,-43.34336341
2014-08-04 11:30:00,UNIDADE MOVEL MADUREIRA,0.0,30.33,38.75,51.49,,0.06,,,29.69,,43.0,-22.86555484,-43.34336341
2014-08-04 12:30:00,UNIDADE MOVEL MADUREIRA,0.0,32.95,29.12,26.765,,0.02,,,46.45,,48.0,-22.86555484,-43.34336341
2014-08-04 13:30:00,UNIDADE MOVEL MADUREIRA,0.0,34.38,21.95,2.04,,0.12,,,43.4,,24.0,-22.86555484,-43.34336341
2014-08-04 14:30:00,UNIDADE MOVEL MADUREIRA,0.0,34.82,19.38,0.15,,0.0,,,41.06,,17.0,-22.86555484,-43.34336341
2014-08-04 15:30:00,UNIDADE MOVEL MADUREIRA,0.0,34.97,20.28,1.24,,0.09,,,43.75,,7.0,-22.86555484,-43.34336341
2014-08-04 16:30:00,UNIDADE MOVEL MADUREIRA,0.0,35.07,20.03,4.31,,0.14,,,50.1,,9.0,-22.86555484,-43.34336341
2014-08-04 17:30:00,UNIDADE MOVEL MADUREIRA,0.0,32.68,27.02,1.44,,0.06,,,25.35,,17.0,-22.86555484,-43.34336341
2014-08-04 18:30:00,UNIDADE MOVEL MADUREIRA,0.0,29.8,35.83,0.96,,1.43,,,6.26,,27.0,-22.86555484,-43.34336341
2014-08-04 19:30:00,UNIDADE MOVEL MADUREIRA,0.0,28.8,37.3,0.47999999999999987,,0.975,,,2.11,,31.0,-22.86555484,-43.34336341
2014-08-04 20:30:00,UNIDADE MOVEL MADUREIRA,0.0,27.27,41.98,0.0,,0.52,,,0.0,,25.0,-22.86555484,-43.34336341
2014-08-04 21:30:00,UNIDADE MOVEL MADUREIRA,0.0,25.48,49.88,0.0,,1.25,,,0.0,,35.0,-22.86555484,-43.34336341
2014-08-04 22:30:00,UNIDADE MOVEL MADUREIRA,0.0,24.78,52.68,0.0,,1.92,,,0.0,,47.0,-22.86555484,-43.34336341
2014-08-04 23:30:00,UNIDADE MOVEL MADUREIRA,0.0,24.44,55.14,0.0,,2.48,,,0.0,,54.0,-22.86555484,-43.34336341
2014-08-05 00:30:00,UNIDADE MOVEL MADUREIRA,0.0,24.02,58.05,2.335,,2.58,,,0.0,,63.0,-22.86555484,-43.34336341
2014-08-05 01:30:00,UNIDADE MOVEL MADUREIRA,0.0,23.97,56.58,4.67,,2.03,,,0.37,,58.0,-22.86555484,-43.34336341
2014-08-05 02:30:00,UNIDADE MOVEL MADUREIRA,0.0,24.07,70.87,2.0,,0.22,,,24.66,,47.0,-22.86555484,-43.34336341
2014-08-05 03:30:00,UNIDADE MOVEL MADUREIRA,0.0,23.12,78.05,0.57,,0.04,,,30.93,,16.0,-22.86555484,-43.34336341
2014-08-05 04:30:00,UNIDADE MOVEL MADUREIRA,0.0,22.33,83.58,0.1,,0.01,,,31.56,,13.0,-22.86555484,-43.34336341
2014-08-05 05:30:00,UNIDADE MOVEL MADUREIRA,1.0,21.32,87.97,0.0,,0.02,,,26.81,,9.0,-22.86555484,-43.34336341
2014-08-05 06:30:00,UNIDADE MOVEL MADUREIRA,1.0,20.7,87.9,0.0,,0.03,,,21.96,,1.0,-22.86555484,-43.34336341
2014-08-05 07:30:00,UNIDADE MOVEL MADUREIRA,0.0,20.42,83.47,0.0,,0.06,,,20.94,,0.0,-22.86555484,-43.34336341
2014-08-05 08:30:00,UNIDADE MOVEL MADUREIRA,1.0,19.12,89.77,0.8399999999999999,,0.06,,,22.85,,0.0,-22.86555484,-43.34336341
2014-08-05 09:30:00,UNIDADE MOVEL MADUREIRA,0.0,19.75,86.85,1.68,,0.08,,,22.71,,2.0,-22.86555484,-43.34336341
2014-08-05 10:30:00,UNIDADE MOVEL MADUREIRA,0.0,20.3,81.73,2.69,,0.06,,,23.34,,3.0,-22.86555484,-43.34336341
2014-08-05 11:30:00,UNIDADE MOVEL MADUREIRA,0.0,22.25,67.72,8.56,,0.11,,,22.93,,8.0,-22.86555484,-43.34336341
2014-08-05 12:30:00,UNIDADE MOVEL MADUREIRA,0.0,21.83,61.62,14.37,,0.47,,,24.62,,31.0,-22.86555484,-43.34336341
2014-08-05 13:30:00,UNIDADE MOVEL MADUREIRA,0.0,22.08,56.02,11.84,,0.1,,,27.45,,6.0,-22.86555484,-43.34336341
2014-08-05 14:30:00,UNIDADE MOVEL MADUREIRA,0.0,22.28,54.35,13.65,,0.14,,,27.4,,6.0,-22.86555484,-43.34336341
2014-08-05 15:30:00,UNIDADE MOVEL MADUREIRA,0.0,22.08,54.88,14.34,,0.66,,,28.21,,9.0,-22.86555484,-43.34336341
2014-08-05 16:30:00,UNIDADE MOVEL MADUREIRA,0.0,21.18,57.67,12.71,,0.68,,,26.57,,10.0,-22.86555484,-43.34336341
2014-08-05 17:30:00,UNIDADE MOVEL MADUREIRA,0.0,20.22,61.6,7.12,,0.84,,,24.86,,7.0,-22.86555484,-43.34336341
2014-08-05 18:30:00,UNIDADE MOVEL MADUREIRA,0.0,19.77,63.2,2.35,,0.29,,,20.79,,0.0,-22.86555484,-43.34336341
2014-08-05 19:30:00,UNIDADE MOVEL MADUREIRA,0.0,19.4,64.5,0.35,,0.12,,,17.25,,0.0,-22.86555484,-43.34336341
2014-08-05 20:30:00,UNIDADE MOVEL MADUREIRA,0.0,19.2,65.0,0.17,,0.13,,,10.97,,0.0,-22.86555484,-43.34336341
2014-08-05 21:30:00,UNIDADE MOVEL MADUREIRA,0.0,18.95,66.5,0.13,,0.23,,,2.67,,8.0,-22.86555484,-43.34336341
2014-08-05 22:30:00,UNIDADE MOVEL MADUREIRA,0.0,18.32,71.12,0.67,,0.39,,,0.0,,13.0,-22.86555484,-43.34336341
2014-08-05 23:30:00,UNIDADE MOVEL MADUREIRA,0.0,18.08,71.74,0.91,,0.46,,,0.0,,17.0,-22.86555484,-43.34336341
2014-08-06 00:30:00,UNIDADE MOVEL MADUREIRA,0.0,17.4,75.77,0.785,,0.66,,,0.0,,10.0,-22.86555484,-43.34336341
2014-08-06 01:30:00,UNIDADE MOVEL MADUREIRA,0.0,16.83,79.28,0.66,,0.64,,,0.0,,26.0,-22.86555484,-43.34336341
2014-08-06 02:30:00,UNIDADE MOVEL MADUREIRA,0.0,16.73,78.97,0.48,,0.42,,,0.0,,33.0,-22.86555484,-43.34336341
2014-08-06 03:30:00,UNIDADE MOVEL MADUREIRA,0.0,16.7,77.98,0.45,,0.31,,,0.0,,25.0,-22.86555484,-43.34336341
2014-08-06 04:30:00,UNIDADE MOVEL MADUREIRA,0.0,16.73,77.17,0.24,,0.24,,,0.28,,33.0,-22.86555484,-43.34336341
2014-08-06 05:30:00,UNIDADE MOVEL MADUREIRA,0.0,16.47,79.8,0.3,,0.31,,,0.01,,13.0,-22.86555484,-43.34336341
2014-08-06 06:30:00,UNIDADE MOVEL MADUREIRA,0.0,16.03,80.98,0.91,,0.41,,,0.0,,22.0,-22.86555484,-43.34336341
2014-08-06 07:30:00,UNIDADE MOVEL MADUREIRA,0.0,17.15,77.65,1.81,,0.55,,,0.0,,19.0,-22.86555484,-43.34336341
2014-08-06 08:30:00,UNIDADE MOVEL MADUREIRA,0.0,19.03,69.25,5.98,,0.07,,,1.18,,32.0,-22.86555484,-43.34336341
2014-08-06 09:30:00,UNIDADE MOVEL MADUREIRA,0.0,20.38,61.7,26.66,,0.44,,,4.21,,27.0,-22.86555484,-43.34336341
2014-08-06 10:30:00,UNIDADE MOVEL MADUREIRA,0.0,21.88,49.22,27.01,,0.36,,,13.18,,54.0,-22.86555484,-43.34336341
2014-08-06 11:30:00,UNIDADE MOVEL MADUREIRA,0.0,22.7,40.77,27.83,,0.15,,,28.5,,24.0,-22.86555484,-43.34336341
2014-08-06 12:30:00,UNIDADE MOVEL MADUREIRA,0.0,23.3,41.18,33.47,,0.33,,,36.73,,8.0,-22.86555484,-43.34336341
2014-08-06 13:30:00,UNIDADE MOVEL MADUREIRA,0.0,24.33,38.17,34.38,,0.32,,,33.29,,10.0,-22.86555484,-43.34336341
2014-08-06 14:30:00,UNIDADE MOVEL MADUREIRA,0.0,23.82,41.25,32.4,,0.11,,,32.78,,16.0,-22.86555484,-43.34336341
2014-08-06 15:30:00,UNIDADE MOVEL MADUREIRA,0.0,23.18,44.48,26.69,,0.25,,,33.41,,9.0,-22.86555484,-43.34336341
2014-08-06 16:30:00,UNIDADE MOVEL MADUREIRA,0.0,22.48,47.83,9.93,,0.16666666666666669,,,29.08,,7.0,-22.86555484,-43.34336341
2014-08-06 17:30:00,UNIDADE MOVEL MADUREIRA,0.0,21.13,52.6,3.66,,0.08333333333333334,,,22.08,,0.0,-22.86555484,-43.34336341
2014-08-06 18:30:00,UNIDADE MOVEL MADUREIRA,0.0,20.53,54.15,0.1,,0.0,,,21.3,,0.0,-22.86555484,-43.34336341
2014-08-06 19:30:00,UNIDADE MOVEL MADUREIRA,0.0,20.27,56.0,0.03,,0.0,,,15.52,,0.0,-22.86555484,-43.34336341
2014-08-06 20:30:00,UNIDADE MOVEL MADUREIRA,0.0,19.93,59.55,0.66,,0.0,,,3.44,,1.0,-22.86555484,-43.34336341
2014-08-06 21:30:00,UNIDADE MOVEL MADUREIRA,0.0,19.75,56.23,0.07,,0.0,,,10.57,,9.0,-22.86555484,-43.34336341
2014-08-06 22:30:00,UNIDADE MOVEL MADUREIRA,0.0,19.15,61.4,0.0,,0.0,,,17.5,,19.0,-22.86555484,-43.34336341
2014-08-06 23:30:00,UNIDADE MOVEL MADUREIRA,0.0,18.78,64.42,0.8,,0.0,,,13.75,,12.0,-22.86555484,-43.34336341
2014-08-07 00:30:00,UNIDADE MOVEL MADUREIRA,0.0,18.48,64.08,1.5350000000000001,,0.0,,,14.37,,16.0,-22.86555484,-43.34336341
2014-08-07 01:30:00,UNIDADE MOVEL MADUREIRA,0.0,17.92,65.07,2.27,,0.01,,,12.93,,11.0,-22.86555484,-43.34336341
2014-08-07 02:30:00,UNIDADE MOVEL MADUREIRA,0.0,17.42,66.4,1.16,,0.13,,,11.94,,11.0,-22.86555484,-43.34336341
2014-08-07 03:30:00,UNIDADE MOVEL MADUREIRA,0.0,17.23,65.83,1.05,,0.07,,,9.42,,12.0,-22.86555484,-43.34336341
2014-08-07 04:30:00,UNIDADE MOVEL MADUREIRA,0.0,17.12,65.5,0.42,,0.0,,,5.0,,12.0,-22.86555484,-43.34336341
2014-08-07 05:30:00,UNIDADE MOVEL MADUREIRA,0.0,16.68,67.83,1.4,,0.0,,,4.77,,12.0,-22.86555484,-43.34336341
2014-08-07 06:30:00,UNIDADE MOVEL MADUREIRA,0.0,15.82,74.23,1.03,,0.01,,,0.48,,14.0,-22.86555484,-43.34336341
2014-08-07 07:30:00,UNIDADE MOVEL MADUREIRA,0.0,16.95,74.78,1.77,,0.19,,,0.09,,28.0,-22.86555484,-43.34336341
2014-08-07 08:30:00,UNIDADE MOVEL MADUREIRA,0.0,19.07,66.68,4.09,,0.08,,,1.83,,45.0,-22.86555484,-43.34336341
2014-08-07 09:30:00,UNIDADE MOVEL MADUREIRA,0.0,20.6,59.35,7.35,,0.0,,,7.61,,32.0,-22.86555484,-43.34336341
2014-08-07 10:30:00,UNIDADE MOVEL MADUREIRA,0.0,22.15,51.53,11.03,,0.0,,,13.22,,26.0,-22.86555484,-43.34336341
2014-08-07 11:30:00,UNIDADE MOVEL MADUREIRA,0.0,23.7,43.32,16.63,,0.21,,,22.86,,43.0,-22.86555484,-43.34336341
2014-08-07 12:30:00,UNIDADE MOVEL MADUREIRA,0.0,25.62,35.35,21.93,,0.06,,,38.36,,28.0,-22.86555484,-43.34336341
2014-08-07 13:30:00,UNIDADE MOVEL MADUREIRA,0.0,26.37,30.87,24.04,,0.73,,,31.01,,19.0,-22.86555484,-43.34336341
2014-08-07 14:30:00,UNIDADE MOVEL MADUREIRA,0.0,27.23,26.08,21.81,,0.84,,,31.23,,17.0,-22.86555484,-43.34336341
2014-08-07 15:30:00,UNIDADE MOVEL MADUREIRA,0.0,27.98,25.88,23.34,,0.94,,,34.17,,11.0,-22.86555484,-43.34336341
2014-08-07 16:30:00,UNIDADE MOVEL MADUREIRA,0.0,27.58,29.75,22.23,,1.05,,,32.08,,19.0,-22.86555484,-43.34336341
2014-08-07 17:30:00,UNIDADE MOVEL MADUREIRA,0.0,26.02,35.67,17.48,,1.34,,,21.42,,26.0,-22.86555484,-43.34336341
2014-08-07 18:30:00,UNIDADE MOVEL MADUREIRA,0.0,23.45,53.35,10.21,,1.92,,,2.59,,14.0,-22.86555484,-43.34336341
2014-08-07 19:30:00,UNIDADE MOVEL MADUREIRA,0.0,22.03,61.75,4.96,,0.32,,,5.9,,21.0,-22.86555484,-43.34336341
2014-08-07 20:30:00,UNIDADE MOVEL MADUREIRA,0.0,21.25,66.67,4.81,,0.36,,,4.54,,11.0,-22.86555484,-43.34336341
2014-08-07 21:30:00,UNIDADE MOVEL MADUREIRA,0.0,20.62,65.17,4.52,,0.42,,,0.77,,23.0,-22.86555484,-43.34336341
2014-08-07 22:30:00,UNIDADE MOVEL MADUREIRA,0.0,19.33,68.65,4.95,,0.57,,,0.0,,19.0,-22.86555484,-43.34336341
2014-08-07 23:30:00,UNIDADE MOVEL MADUREIRA,0.0,19.02,71.4,6.01,,1.03,,,0.0,,34.0,-22.86555484,-43.34336341
2014-08-08 00:30:00,UNIDADE MOVEL MADUREIRA,0.0,18.68,72.65,3.67,,1.02,,,0.0,,46.0,-22.86555484,-43.34336341
2014-08-08 01:30:00,UNIDADE MOVEL MADUREIRA,0.0,17.6,77.97,1.33,,0.32,,,0.0,,45.0,-22.86555484,-43.34336341
2014-08-08 02:30:00,UNIDADE MOVEL MADUREIRA,0.0,17.62,78.62,0.91,,1.11,,,0.0,,41.0,-22.86555484,-43.34336341
2014-08-08 03:30:00,UNIDADE MOVEL MADUREIRA,0.0,16.75,81.15,0.18,,0.76,,,0.0,,56.0,-22.86555484,-43.34336341
2014-08-08 04:30:00,UNIDADE MOVEL MADUREIRA,0.0,16.65,79.95,0.93,,0.55,,,0.0,,46.0,-22.86555484,-43.34336341
2014-08-08 05:30:00,UNIDADE MOVEL MADUREIRA,0.0,16.45,81.37,2.32,,0.69,,,0.0,,46.0,-22.86555484,-43.34336341
2014-08-08 06:30:00,UNIDADE MOVEL MADUREIRA,0.0,16.12,83.63,1.71,,1.13,,,0.0,,44.0,-22.86555484,-43.34336341
2014-08-08 07:30:00,UNIDADE MOVEL MADUREIRA,0.0,17.42,78.47,2.99,,1.78,,,0.16,,46.0,-22.86555484,-43.34336341
2014-08-08 08:30:00,UNIDADE MOVEL MADUREIRA,0.0,20.35,64.55,4.22,,0.73,,,3.71,,58.0,-22.86555484,-43.34336341
2014-08-08 09:30:00,UNIDADE MOVEL MADUREIRA,0.0,22.85,55.5,7.76,,0.55,,,15.19,,41.0,-22.86555484,-43.34336341
2014-08-08 10:30:00,UNIDADE MOVEL MADUREIRA,0.0,23.98,57.15,13.98,,0.29,,,25.3,,34.0,-22.86555484,-43.34336341
2014-08-08 11:30:00,UNIDADE MOVEL MADUREIRA,0.0,24.38,57.62,15.71,,0.07,,,35.28,,35.0,-22.86555484,-43.34336341
2014-08-08 12:30:00,UNIDADE MOVEL MADUREIRA,0.0,24.75,53.18,12.52,,0.04,,,39.49,,20.0,-22.86555484,-43.34336341
2014-08-08 13:30:00,UNIDADE MOVEL MADUREIRA,0.0,25.1,50.12,14.0,,0.04,,,41.87,,12.0,-22.86555484,-43.34336341
2014-08-08 14:30:00,UNIDADE MOVEL MADUREIRA,0.0,24.83,52.12,12.65,,0.06,,,39.19,,13.0,-22.86555484,-43.34336341
2014-08-08 15:30:00,UNIDADE MOVEL MADUREIRA,0.0,23.78,59.5,11.47,,0.09,,,38.05,,13.0,-22.86555484,-43.34336341
2014-08-08 16:30:00,UNIDADE MOVEL MADUREIRA,0.0,23.13,64.05,9.39,,0.11,,,35.27,,10.0,-22.86555484,-43.34336341
2014-08-08 17:30:00,UNIDADE MOVEL MADUREIRA,0.0,22.17,71.57,5.7,,0.16,,,33.06,,9.0,-22.86555484,-43.34336341
2014-08-08 18:30:00,UNIDADE MOVEL MADUREIRA,0.0,21.38,77.2,1.48,,0.13,,,28.43,,5.0,-22.86555484,-43.34336341
2014-08-08 19:30:00,UNIDADE MOVEL MADUREIRA,0.0,21.12,81.15,0.31,,0.15,,,20.63,,2.0,-22.86555484,-43.34336341
2014-08-08 20:30:00,UNIDADE MOVEL MADUREIRA,0.0,21.1,79.87,0.01,,0.17,,,12.4,,10.0,-22.86555484,-43.34336341
2014-08-08 21:30:00,UNIDADE MOVEL MADUREIRA,0.0,21.32,78.9,0.0,,0.22,,,5.47,,23.0,-22.86555484,-43.34336341
2014-08-08 22:30:00,UNIDADE MOVEL MADUREIRA,0.0,21.02,81.55,0.0,,0.37,,,0.47,,20.0,-22.86555484,-43.34336341
2014-08-08 23:30:00,UNIDADE MOVEL MADUREIRA,0.0,20.92,82.24,0.0,,0.38,,,0.0,,17.0,-22.86555484,-43.34336341
2014-08-09 00:30:00,UNIDADE MOVEL MADUREIRA,0.0,21.02,81.73,0.6,,0.54,,,0.65,,26.0,-22.86555484,-43.34336341
2014-08-09 01:30:00,UNIDADE MOVEL MADUREIRA,0.0,20.68,87.17,1.2,,0.21,,,7.22,,27.0,-22.86555484,-43.34336341
2014-08-09 02:30:00,UNIDADE MOVEL MADUREIRA,0.0,20.4,90.65,1.05,,0.13,,,6.28,,15.0,-22.86555484,-43.34336341
2014-08-09 03:30:00,UNIDADE MOVEL MADUREIRA,0.0,20.17,91.65,0.75,,0.13,,,11.84,,11.0,-22.86555484,-43.34336341
2014-08-09 04:30:00,UNIDADE MOVEL MADUREIRA,2.0,20.17,90.27,0.66,,0.16,,,12.72,,9.0,-22.86555484,-43.34336341
2014-08-09 05:30:00,UNIDADE MOVEL MADUREIRA,0.0,19.97,93.25,0.99,,0.19,,,5.29,,11.0,-22.86555484,-43.34336341
2014-08-09 06:30:00,UNIDADE MOVEL MADUREIRA,0.0,19.87,92.42,1.98,,0.27,,,0.02,,19.0,-22.86555484,-43.34336341
2014-08-09 07:30:00,UNIDADE MOVEL MADUREIRA,0.0,19.85,92.23,3.25,,0.27,,,0.06,,28.0,-22.86555484,-43.34336341
2014-08-09 08:30:00,UNIDADE MOVEL MADUREIRA,0.0,20.55,88.35,4.0,,0.25,,,2.59,,25.0,-22.86555484,-43.34336341
2014-08-09 09:30:00,UNIDADE MOVEL MADUREIRA,2.0,20.53,87.5,5.98,,0.26,,,3.15,,23.0,-22.86555484,-43.34336341
2014-08-09 10:30:00,UNIDADE MOVEL MADUREIRA,0.0,21.13,84.47,5.97,,0.18,,,12.15,,25.0,-22.86555484,-43.34336341
2014-08-09 11:30:00,UNIDADE MOVEL MADUREIRA,0.0,21.0,83.37,6.59,,0.16,,,12.03,,16.0,-22.86555484,-43.34336341
2014-08-09 12:30:00,UNIDADE MOVEL MADUREIRA,0.0,21.05,83.23,6.76,,0.21,,,9.22,,17.0,-22.86555484,-43.34336341
2014-08-09 13:30:00,UNIDADE MOVEL MADUREIRA,1.0,20.82,85.28,6.18,,0.18,,,10.82,,15.0,-22.86555484,-43.34336341
2014-08-09 14:30:00,UNIDADE MOVEL MADUREIRA,0.0,20.33,88.22,5.52,,0.14,,,12.24,,13.0,-22.86555484,-43.34336341
2014-08-09 15:30:00,UNIDADE MOVEL MADUREIRA,0.0,20.38,85.05,5.17,,0.15,,,10.25,,11.0,-22.86555484,-43.34336341
2014-08-09 16:30:00,UNIDADE MOVEL MADUREIRA,0.0,20.85,75.57,4.56,,0.07,,,21.32,,9.0,-22.86555484,-43.34336341
2014-08-09 17:30:00,UNIDADE MOVEL MADUREIRA,0.0,20.75,74.73,3.62,,0.04,,,22.15,,8.0,-22.86555484,-43.34336341
2014-08-09 18:30:00,UNIDADE MOVEL MADUREIRA,0.0,20.63,73.43,2.96,,0.03,,,21.7,,9.0,-22.86555484,-43.34336341
2014-08-09 19:30:00,UNIDADE MOVEL MADUREIRA,0.0,20.58,72.77,3.3,,0.06,,,13.72,,5.0,-22.86555484,-43.34336341
2014-08-09 20:30:00,UNIDADE MOVEL MADUREIRA,0.0,20.42,73.98,3.2,,0.07,,,8.79,,6.0,-22.86555484,-43.34336341
2014-08-09 21:30:00,UNIDADE MOVEL MADUREIRA,0.0,20.48,74.0,2.83,,0.1,,,4.52,,12.0,-22.86555484,-43.34336341
2014-08-09 22:30:00,UNIDADE MOVEL MADUREIRA,0.0,20.48,75.45,2.56,,0.48,,,10.38,,13.0,-22.86555484,-43.34336341
2014-08-09 23:30:00,UNIDADE MOVEL MADUREIRA,0.0,20.14,78.5,2.5,,0.23,,,8.22,,12.0,-22.86555484,-43.34336341
2014-08-10 00:30:00,UNIDADE MOVEL MADUREIRA,0.0,19.67,81.77,1.63,,0.14,,,4.09,,10.0,-22.86555484,-43.34336341
2014-08-10 01:30:00,UNIDADE MOVEL MADUREIRA,0.0,19.27,84.53,0.76,,0.14,,,2.73,,8.0,-22.86555484,-43.34336341
2014-08-10 02:30:00,UNIDADE MOVEL MADUREIRA,0.0,19.35,82.22,1.29,,0.1,,,4.04,,7.0,-22.86555484,-43.34336341
2014-08-10 03:30:00,UNIDADE MOVEL MADUREIRA,0.0,19.13,81.57,1.68,,0.08,,,8.16,,10.0,-22.86555484,-43.34336341
2014-08-10 04:30:00,UNIDADE MOVEL MADUREIRA,0.0,19.02,80.82,2.17,,0.05,,,5.16,,10.0,-22.86555484,-43.34336341
2014-08-10 05:30:00,UNIDADE MOVEL MADUREIRA,0.0,18.88,80.77,2.6,,0.06,,,0.72,,8.0,-22.86555484,-43.34336341
2014-08-10 06:30:00,UNIDADE MOVEL MADUREIRA,0.0,18.55,82.1,2.21,,0.1,,,0.92,,8.0,-22.86555484,-43.34336341
2014-08-10 07:30:00,UNIDADE MOVEL MADUREIRA,0.0,19.25,78.87,3.18,,0.14,,,1.49,,9.0,-22.86555484,-43.34336341
2014-08-10 08:30:00,UNIDADE MOVEL MADUREIRA,0.0,20.58,73.35,5.72,,0.07,,,8.11,,8.0,-22.86555484,-43.34336341
2014-08-10 09:30:00,UNIDADE MOVEL MADUREIRA,0.0,21.65,69.8,9.1,,0.05,,,14.56,,8.0,-22.86555484,-43.34336341
2014-08-10 10:30:00,UNIDADE MOVEL MADUREIRA,0.0,22.67,65.47,10.06,,0.08,,,18.3,,21.0,-22.86555484,-43.34336341
2014-08-10 11:30:00,UNIDADE MOVEL MADUREIRA,0.0,24.13,58.55,15.59,,1.0,,,26.62,,13.5,-22.86555484,-43.34336341
2014-08-10 12:30:00,UNIDADE MOVEL MADUREIRA,0.0,25.27,53.07,17.68,,0.08,,,31.88,,6.0,-22.86555484,-43.34336341
2014-08-10 13:30:00,UNIDADE MOVEL MADUREIRA,0.0,26.32,49.2,20.44,,0.08,,,37.49,,7.0,-22.86555484,-43.34336341
2014-08-10 14:30:00,UNIDADE MOVEL MADUREIRA,0.0,27.12,45.27,22.1,,0.08,,,36.42,,10.0,-22.86555484,-43.34336341
2014-08-10 15:30:00,UNIDADE MOVEL MADUREIRA,0.0,27.45,43.28,20.88,,0.08,,,32.83,,13.0,-22.86555484,-43.34336341
2014-08-10 16:30:00,UNIDADE MOVEL MADUREIRA,0.0,26.87,45.78,18.14,,0.12,,,30.31,,11.0,-22.86555484,-43.34336341
2014-08-10 17:30:00,UNIDADE MOVEL MADUREIRA,0.0,26.05,50.12,14.15,,0.33,,,21.32,,11.0,-22.86555484,-43.34336341
2014-08-10 18:30:00,UNIDADE MOVEL MADUREIRA,0.0,24.75,61.18,9.46,,0.55,,,6.71,,17.0,-22.86555484,-43.34336341
2014-08-10 19:30:00,UNIDADE MOVEL MADUREIRA,0.0,23.4,68.87,6.34,,0.33,,,7.15,,16.0,-22.86555484,-43.34336341
2014-08-10 20:30:00,UNIDADE MOVEL MADUREIRA,0.0,22.52,72.83,4.75,,0.4,,,1.28,,0.0,-22.86555484,-43.34336341
2014-08-10 21:30:00,UNIDADE MOVEL MADUREIRA,0.0,21.98,74.9,3.8,,0.71,,,0.1,,2.0,-22.86555484,-43.34336341
2014-08-10 22:30:00,UNIDADE MOVEL MADUREIRA,0.0,21.43,76.7,3.54,,0.67,,,0.0,,15.0,-22.86555484,-43.34336341
2014-08-10 23:30:00,UNIDADE MOVEL MADUREIRA,0.0,21.08,76.26,3.03,,0.39,,,2.67,,22.0,-22.86555484,-43.34336341
2014-08-11 00:30:00,UNIDADE MOVEL MADUREIRA,0.0,20.6,79.43,2.905,,1.17,,,0.58,,11.0,-22.86555484,-43.34336341
2014-08-11 01:30:00,UNIDADE MOVEL MADUREIRA,0.0,20.18,82.55,2.78,,1.69,,,0.0,,20.0,-22.86555484,-43.34336341
2014-08-11 02:30:00,UNIDADE MOVEL MADUREIRA,0.0,19.43,85.48,2.55,,1.25,,,0.0,,28.0,-22.86555484,-43.34336341
2014-08-11 03:30:00,UNIDADE MOVEL MADUREIRA,0.0,18.88,87.73,2.89,,1.31,,,0.0,,20.0,-22.86555484,-43.34336341
2014-08-11 04:30:00,UNIDADE MOVEL MADUREIRA,0.0,18.75,87.85,2.58,,1.15,,,0.0,,20.0,-22.86555484,-43.34336341
2014-08-11 05:30:00,UNIDADE MOVEL MADUREIRA,0.0,18.52,87.0,3.09,,1.11,,,0.0,,21.0,-22.86555484,-43.34336341
2014-08-11 06:30:00,UNIDADE MOVEL MADUREIRA,0.0,18.28,85.58,4.56,,1.58,,,0.0,,26.0,-22.86555484,-43.34336341
2014-08-11 07:30:00,UNIDADE MOVEL MADUREIRA,0.0,20.8,72.7,5.81,,1.65,,,0.1,,36.0,-22.86555484,-43.34336341
2014-08-11 08:30:00,UNIDADE MOVEL MADUREIRA,0.0,24.47,53.82,8.24,,0.53,,,2.65,,33.0,-22.86555484,-43.34336341
2014-08-11 09:30:00,UNIDADE MOVEL MADUREIRA,0.0,26.25,45.33,15.24,,1.29,,,8.41,,35.0,-22.86555484,-43.34336341
2014-08-11 10:30:00,UNIDADE MOVEL MADUREIRA,0.0,27.82,38.3,21.77,,1.08,,,19.16,,26.0,-22.86555484,-43.34336341
2014-08-11 11:30:00,UNIDADE MOVEL MADUREIRA,0.0,29.22,32.62,27.49,,0.08,,,30.28,,13.0,-22.86555484,-43.34336341
2014-08-11 12:30:00,UNIDADE MOVEL MADUREIRA,0.0,30.07,29.22,32.95,,0.04,,,38.01,,16.0,-22.86555484,-43.34336341
2014-08-11 13:30:00,UNIDADE MOVEL MADUREIRA,0.0,31.1,26.8,36.3,,0.02,,,42.47,,10.0,-22.86555484,-43.34336341
2014-08-11 14:30:00,UNIDADE MOVEL MADUREIRA,0.0,31.22,25.88,38.56,,0.01,,,46.36,,11.0,-22.86555484,-43.34336341
2014-08-11 15:30:00,UNIDADE MOVEL MADUREIRA,0.0,31.5,28.17,43.22,,0.03,,,44.6,,10.0,-22.86555484,-43.34336341
2014-08-11 16:30:00,UNIDADE MOVEL MADUREIRA,0.0,30.57,30.82,39.09,,0.05,,,45.25,,10.0,-22.86555484,-43.34336341
2014-08-11 17:30:00,UNIDADE MOVEL MADUREIRA,0.0,28.25,41.6,29.31,,0.3,,,24.74,,12.0,-22.86555484,-43.34336341
2014-08-11 18:30:00,UNIDADE MOVEL MADUREIRA,0.0,26.65,48.2,20.4,,0.98,,,0.97,,16.0,-22.86555484,-43.34336341
2014-08-11 19:30:00,UNIDADE MOVEL MADUREIRA,0.0,25.27,54.22,14.09,,1.61,,,0.0,,27.0,-22.86555484,-43.34336341
2014-08-11 20:30:00,UNIDADE MOVEL MADUREIRA,0.0,25.5,48.43,11.64,,0.76,,,0.0,,34.0,-22.86555484,-43.34336341
2014-08-11 21:30:00,UNIDADE MOVEL MADUREIRA,0.0,24.8,53.88,10.05,,0.42,,,0.33,,24.0,-22.86555484,-43.34336341
2014-08-11 22:30:00,UNIDADE MOVEL MADUREIRA,0.0,23.27,60.72,8.86,,0.58,,,0.0,,19.0,-22.86555484,-43.34336341
2014-08-11 23:30:00,UNIDADE MOVEL MADUREIRA,0.0,22.34,65.48,8.64,,0.82,,,0.0,,20.0,-22.86555484,-43.34336341
2014-08-12 00:30:00,UNIDADE MOVEL MADUREIRA,0.0,22.27,65.03,5.210000000000001,,0.58,,,0.71,,24.0,-22.86555484,-43.34336341
2014-08-12 01:30:00,UNIDADE MOVEL MADUREIRA,0.0,21.43,70.4,1.78,,1.25,,,0.62,,27.0,-22.86555484,-43.34336341
2014-08-12 02:30:00,UNIDADE MOVEL MADUREIRA,0.0,20.35,76.3,2.52,,1.8,,,0.02,,39.0,-22.86555484,-43.34336341
2014-08-12 03:30:00,UNIDADE MOVEL MADUREIRA,0.0,19.8,78.6,2.44,,1.74,,,0.0,,48.0,-22.86555484,-43.34336341
2014-08-12 04:30:00,UNIDADE MOVEL MADUREIRA,0.0,19.23,80.48,2.4,,1.36,,,0.0,,44.0,-22.86555484,-43.34336341
2014-08-12 05:30:00,UNIDADE MOVEL MADUREIRA,0.0,18.9,81.5,2.22,,1.3,,,0.0,,35.0,-22.86555484,-43.34336341
2014-08-12 06:30:00,UNIDADE MOVEL MADUREIRA,0.0,19.03,80.55,3.0,,1.68,,,0.0,,35.0,-22.86555484,-43.34336341
2014-08-12 07:30:00,UNIDADE MOVEL MADUREIRA,0.0,21.28,72.22,5.42,,1.63,,,0.09,,48.0,-22.86555484,-43.34336341
2014-08-12 08:30:00,UNIDADE MOVEL MADUREIRA,0.0,24.47,57.07,9.22,,1.21,,,2.11,,49.0,-22.86555484,-43.34336341
2014-08-12 09:30:00,UNIDADE MOVEL MADUREIRA,0.0,26.95,42.23,15.23,,1.3,,,7.46,,68.0,-22.86555484,-43.34336341
2014-08-12 10:30:00,UNIDADE MOVEL MADUREIRA,0.0,28.87,35.7,23.26,,1.36,,,15.1,,40.0,-22.86555484,-43.34336341
2014-08-12 11:30:00,UNIDADE MOVEL MADUREIRA,0.0,31.22,27.68,30.33,,0.21,,,30.96,,35.0,-22.86555484,-43.34336341
2014-08-12 12:30:00,UNIDADE MOVEL MADUREIRA,0.0,32.23,25.1,39.3,,0.05,,,41.45,,21.0,-22.86555484,-43.34336341
2014-08-12 13:30:00,UNIDADE MOVEL MADUREIRA,0.0,33.42,21.77,45.75,,0.02,,,50.38,,13.0,-22.86555484,-43.34336341
2014-08-12 14:30:00,UNIDADE MOVEL MADUREIRA,0.0,33.72,20.9,48.06,,,,,64.16,,21.0,-22.86555484,-43.34336341
