data,Nome,chuva,temp,ur,so2,no2,co,no,nox,o3,pm10,pm2_5,lat,lon
2017-10-11 00:30:00,UNIDADE MOVEL RECREIO,0.0,22.07,,1.05,,0.05,,,,,12.0,-23.02002468,-43.48157137
2017-10-11 01:30:00,UNIDADE MOVEL RECREIO,0.0,21.67,,1.52,,0.05,,,,,13.0,-23.02002468,-43.48157137
2017-10-11 02:30:00,UNIDADE MOVEL RECREIO,0.0,21.57,,1.75,,0.04,,,,,8.0,-23.02002468,-43.48157137
2017-10-11 03:30:00,UNIDADE MOVEL RECREIO,0.0,21.48,,1.4,,0.06,,,,,17.0,-23.02002468,-43.48157137
2017-10-11 04:30:00,UNIDADE MOVEL RECREIO,0.0,20.95,,1.15,,0.07,,,,,9.0,-23.02002468,-43.48157137
2017-10-11 05:30:00,UNIDADE MOVEL RECREIO,0.0,20.43,,0.93,,0.14,,,,,18.0,-23.02002468,-43.48157137
2017-10-11 06:30:00,UNIDADE MOVEL RECREIO,0.0,21.58,,1.11,,0.22,,,,,18.0,-23.02002468,-43.48157137
2017-10-11 07:30:00,UNIDADE MOVEL RECREIO,0.0,23.93,,1.69,,0.2,,,,,17.0,-23.02002468,-43.48157137
2017-10-11 08:30:00,UNIDADE MOVEL RECREIO,0.0,24.42,,3.03,,0.18,,,,,15.0,-23.02002468,-43.48157137
2017-10-11 09:30:00,UNIDADE MOVEL RECREIO,0.0,26.22,,4.84,,0.18,,,,,17.0,-23.02002468,-43.48157137
2017-10-11 10:30:00,UNIDADE MOVEL RECREIO,0.0,24.98,,7.62,,0.14,,,,,16.0,-23.02002468,-43.48157137
2017-10-11 11:30:00,UNIDADE MOVEL RECREIO,0.0,24.53,,9.48,,0.09,,,,,21.0,-23.02002468,-43.48157137
2017-10-11 12:30:00,UNIDADE MOVEL RECREIO,0.0,25.47,,11.29,,0.14,,,,,20.0,-23.02002468,-43.48157137
2017-10-11 13:30:00,UNIDADE MOVEL RECREIO,0.0,26.73,,12.53,,0.1,,,,,25.0,-23.02002468,-43.48157137
2017-10-11 14:30:00,UNIDADE MOVEL RECREIO,0.0,26.77,,21.56,,0.07,,,,,10.0,-23.02002468,-43.48157137
2017-10-11 15:30:00,UNIDADE MOVEL RECREIO,0.0,26.2,,21.84,,0.07,,,,,12.0,-23.02002468,-43.48157137
2017-10-11 16:30:00,UNIDADE MOVEL RECREIO,0.0,27.5,,23.52,,0.09,,,,,9.0,-23.02002468,-43.48157137
2017-10-11 17:30:00,UNIDADE MOVEL RECREIO,0.0,26.63,,23.0,,0.13,,,,,11.0,-23.02002468,-43.48157137
2017-10-11 18:30:00,UNIDADE MOVEL RECREIO,0.0,24.57,,20.65,,0.17,,,,,6.0,-23.02002468,-43.48157137
2017-10-11 19:30:00,UNIDADE MOVEL RECREIO,0.0,23.62,,18.6,,0.12,,,,,22.0,-23.02002468,-43.48157137
2017-10-11 20:30:00,UNIDADE MOVEL RECREIO,0.0,22.55,,17.91,,0.12,,,,,12.0,-23.02002468,-43.48157137
2017-10-11 21:30:00,UNIDADE MOVEL RECREIO,0.0,22.15,,17.82,,0.16,,,,,9.0,-23.02002468,-43.48157137
2017-10-11 22:30:00,UNIDADE MOVEL RECREIO,0.0,22.32,,17.03,,0.14,,,,,10.0,-23.02002468,-43.48157137
2017-10-11 23:30:00,UNIDADE MOVEL RECREIO,0.0,21.9,,8.93,,0.11,,,,,18.0,-23.02002468,-43.48157137
2017-10-12 00:30:00,UNIDADE MOVEL RECREIO,0.0,22.4,,0.83,,0.06,,,,,16.0,-23.02002468,-43.48157137
2017-10-12 01:30:00,UNIDADE MOVEL RECREIO,0.0,22.77,,0.08,,0.06,,,,,21.0,-23.02002468,-43.48157137
2017-10-12 02:30:00,UNIDADE MOVEL RECREIO,0.0,22.3,,0.06,,0.04,,,,,6.0,-23.02002468,-43.48157137
2017-10-12 03:30:00,UNIDADE MOVEL RECREIO,0.0,21.42,,0.0,,0.03,,,,,16.0,-23.02002468,-43.48157137
2017-10-12 04:30:00,UNIDADE MOVEL RECREIO,0.0,22.07,,0.0,,0.04,,,,,12.0,-23.02002468,-43.48157137
2017-10-12 05:30:00,UNIDADE MOVEL RECREIO,0.0,22.12,,0.0,,0.04,,,,,9.0,-23.02002468,-43.48157137
2017-10-12 06:30:00,UNIDADE MOVEL RECREIO,0.0,22.6,,0.0,,0.08,,,,,14.0,-23.02002468,-43.48157137
2017-10-12 07:30:00,UNIDADE MOVEL RECREIO,0.0,23.93,,0.0,,0.06,,,,,12.0,-23.02002468,-43.48157137
2017-10-12 08:30:00,UNIDADE MOVEL RECREIO,0.0,25.8,,0.0,,0.07,,,,,12.0,-23.02002468,-43.48157137
2017-10-12 09:30:00,UNIDADE MOVEL RECREIO,0.0,25.12,,0.0,,0.06,,,,,13.0,-23.02002468,-43.48157137
2017-10-12 10:30:00,UNIDADE MOVEL RECREIO,0.0,25.03,,0.54,,0.05,,,,,16.0,-23.02002468,-43.48157137
2017-10-12 11:30:00,UNIDADE MOVEL RECREIO,0.0,24.23,,2.33,,0.04,,,,,13.0,-23.02002468,-43.48157137
2017-10-12 12:30:00,UNIDADE MOVEL RECREIO,0.0,24.22,,3.71,,0.04,,,,,10.0,-23.02002468,-43.48157137
2017-10-12 13:30:00,UNIDADE MOVEL RECREIO,0.0,24.75,,4.19,,0.03,,,,,15.0,-23.02002468,-43.48157137
2017-10-12 14:30:00,UNIDADE MOVEL RECREIO,0.0,24.45,,4.84,,0.03,,,,,13.0,-23.02002468,-43.48157137
2017-10-12 15:30:00,UNIDADE MOVEL RECREIO,0.0,24.22,,5.52,,0.04,,,,,14.0,-23.02002468,-43.48157137
2017-10-12 16:30:00,UNIDADE MOVEL RECREIO,0.0,23.95,,5.06,,0.03,,,,,9.0,-23.02002468,-43.48157137
2017-10-12 17:30:00,UNIDADE MOVEL RECREIO,0.0,24.4,,3.88,,0.08,,,,,7.0,-23.02002468,-43.48157137
2017-10-12 18:30:00,UNIDADE MOVEL RECREIO,0.0,23.68,,2.36,,0.12,,,,,13.0,-23.02002468,-43.48157137
2017-10-12 19:30:00,UNIDADE MOVEL RECREIO,0.0,21.27,,1.0,,0.06,,,,,23.0,-23.02002468,-43.48157137
2017-10-12 20:30:00,UNIDADE MOVEL RECREIO,0.0,20.82,,0.04,,0.05,,,,,7.0,-23.02002468,-43.48157137
2017-10-12 21:30:00,UNIDADE MOVEL RECREIO,0.0,20.58,,0.0,,0.04,,,,,14.0,-23.02002468,-43.48157137
2017-10-12 22:30:00,UNIDADE MOVEL RECREIO,0.0,20.7,,0.0,,0.05,,,,,9.0,-23.02002468,-43.48157137
2017-10-12 23:30:00,UNIDADE MOVEL RECREIO,0.0,21.03,,0.275,,0.05,,,,,16.0,-23.02002468,-43.48157137
2017-10-13 00:30:00,UNIDADE MOVEL RECREIO,0.0,20.9,,0.55,,0.03,,,,,4.0,-23.02002468,-43.48157137
2017-10-13 01:30:00,UNIDADE MOVEL RECREIO,0.0,20.98,,1.09,,0.03,,,,,5.0,-23.02002468,-43.48157137
2017-10-13 02:30:00,UNIDADE MOVEL RECREIO,0.0,21.2,,0.7,,0.03,,,,,8.0,-23.02002468,-43.48157137
2017-10-13 03:30:00,UNIDADE MOVEL RECREIO,0.0,21.22,,0.12,,0.04,,,,,6.0,-23.02002468,-43.48157137
2017-10-13 04:30:00,UNIDADE MOVEL RECREIO,0.0,21.45,,0.01,,0.04,,,,,15.0,-23.02002468,-43.48157137
2017-10-13 05:30:00,UNIDADE MOVEL RECREIO,0.0,21.68,,0.0,,0.04,,,,,13.0,-23.02002468,-43.48157137
2017-10-13 06:30:00,UNIDADE MOVEL RECREIO,0.0,21.7,,0.0,,0.05,,,,,8.0,-23.02002468,-43.48157137
2017-10-13 07:30:00,UNIDADE MOVEL RECREIO,0.0,22.18,,0.04,,0.05,,,,,9.0,-23.02002468,-43.48157137
2017-10-13 08:30:00,UNIDADE MOVEL RECREIO,0.0,22.25,,0.0,,0.05,,,,,6.0,-23.02002468,-43.48157137
2017-10-13 09:30:00,UNIDADE MOVEL RECREIO,0.0,23.7,,0.0,,0.05,,,,,14.0,-23.02002468,-43.48157137
2017-10-13 10:30:00,UNIDADE MOVEL RECREIO,0.0,24.53,,0.0,,0.06,,,,,11.0,-23.02002468,-43.48157137
2017-10-13 11:30:00,UNIDADE MOVEL RECREIO,0.0,24.65,,0.0,,0.05,,,,,7.0,-23.02002468,-43.48157137
2017-10-13 12:30:00,UNIDADE MOVEL RECREIO,0.0,24.15,,0.04,,0.06,,,,,12.0,-23.02002468,-43.48157137
2017-10-13 13:30:00,UNIDADE MOVEL RECREIO,0.0,24.57,,0.68,,0.06,,,,,20.0,-23.02002468,-43.48157137
2017-10-13 14:30:00,UNIDADE MOVEL RECREIO,0.0,24.12,,0.97,,0.06,,,,,14.0,-23.02002468,-43.48157137
2017-10-13 15:30:00,UNIDADE MOVEL RECREIO,0.0,23.5,,0.29,,0.06,,,,,17.0,-23.02002468,-43.48157137
2017-10-13 16:30:00,UNIDADE MOVEL RECREIO,0.0,24.35,,0.0,,0.08,,,,,15.0,-23.02002468,-43.48157137
2017-10-13 17:30:00,UNIDADE MOVEL RECREIO,0.0,23.35,,,,0.1,,,,,14.0,-23.02002468,-43.48157137
2017-10-13 18:30:00,UNIDADE MOVEL RECREIO,0.0,22.27,,,,0.19,,,,,26.0,-23.02002468,-43.48157137
2017-10-13 19:30:00,UNIDADE MOVEL RECREIO,0.0,21.62,,,,0.1,,,,,31.0,-23.02002468,-43.48157137
2017-10-13 20:30:00,UNIDADE MOVEL RECREIO,0.0,21.82,,,,0.1,,,,,8.0,-23.02002468,-43.48157137
2017-10-13 21:30:00,UNIDADE MOVEL RECREIO,0.0,21.75,,,,0.15,,,,,10.0,-23.02002468,-43.48157137
2017-10-13 22:30:00,UNIDADE MOVEL RECREIO,0.0,22.02,,,,0.1,,,,,22.0,-23.02002468,-43.48157137
2017-10-13 23:30:00,UNIDADE MOVEL RECREIO,0.0,22.2,,,,0.08,,,,,18.0,-23.02002468,-43.48157137
2017-10-14 00:30:00,UNIDADE MOVEL RECREIO,0.0,22.15,,1.11,,0.15,,,,,9.0,-23.02002468,-43.48157137
2017-10-14 01:30:00,UNIDADE MOVEL RECREIO,0.0,21.57,,1.15,,0.23,,,,,25.0,-23.02002468,-43.48157137
2017-10-14 02:30:00,UNIDADE MOVEL RECREIO,0.0,21.15,,1.42,,0.17,,,,,27.0,-23.02002468,-43.48157137
2017-10-14 03:30:00,UNIDADE MOVEL RECREIO,0.0,21.0,,2.09,,0.14,,,,,18.0,-23.02002468,-43.48157137
2017-10-14 04:30:00,UNIDADE MOVEL RECREIO,0.0,21.08,,2.62,,0.09,,,,,10.0,-23.02002468,-43.48157137
2017-10-14 05:30:00,UNIDADE MOVEL RECREIO,0.0,22.08,,2.16,,0.05,,,,,12.0,-23.02002468,-43.48157137
2017-10-14 06:30:00,UNIDADE MOVEL RECREIO,0.0,22.68,,1.87,,0.09,,,,,11.0,-23.02002468,-43.48157137
2017-10-14 07:30:00,UNIDADE MOVEL RECREIO,0.0,24.03,,1.91,,0.08,,,,,6.0,-23.02002468,-43.48157137
2017-10-14 08:30:00,UNIDADE MOVEL RECREIO,0.0,26.05,,1.04,,0.08,,,,,19.0,-23.02002468,-43.48157137
2017-10-14 09:30:00,UNIDADE MOVEL RECREIO,0.0,26.27,,4.02,,0.06,,,,,5.0,-23.02002468,-43.48157137
2017-10-14 10:30:00,UNIDADE MOVEL RECREIO,0.0,25.63,,11.37,,0.05,,,,,9.0,-23.02002468,-43.48157137
2017-10-14 11:30:00,UNIDADE MOVEL RECREIO,0.0,25.18,,13.14,,0.04,,,,,4.0,-23.02002468,-43.48157137
2017-10-14 12:30:00,UNIDADE MOVEL RECREIO,0.0,25.25,,13.11,,0.04,,,,,10.0,-23.02002468,-43.48157137
2017-10-14 13:30:00,UNIDADE MOVEL RECREIO,0.0,25.67,,12.22,,0.04,,,,,17.0,-23.02002468,-43.48157137
2017-10-14 14:30:00,UNIDADE MOVEL RECREIO,0.0,26.43,,9.78,,0.04,,,,,15.0,-23.02002468,-43.48157137
2017-10-14 15:30:00,UNIDADE MOVEL RECREIO,0.0,25.93,,8.37,,0.04,,,,,5.0,-23.02002468,-43.48157137
2017-10-14 16:30:00,UNIDADE MOVEL RECREIO,0.0,25.42,,7.78,,0.03,,,,,0.0,-23.02002468,-43.48157137
2017-10-14 17:30:00,UNIDADE MOVEL RECREIO,0.0,23.73,,6.35,,0.03,,,,,1.0,-23.02002468,-43.48157137
2017-10-14 18:30:00,UNIDADE MOVEL RECREIO,0.0,23.35,,4.76,,0.03,,,,,2.0,-23.02002468,-43.48157137
2017-10-14 19:30:00,UNIDADE MOVEL RECREIO,0.0,23.0,,3.52,,0.03,,,,,3.0,-23.02002468,-43.48157137
2017-10-14 20:30:00,UNIDADE MOVEL RECREIO,0.0,22.95,,2.45,,0.03,,,,,7.0,-23.02002468,-43.48157137
2017-10-14 21:30:00,UNIDADE MOVEL RECREIO,0.0,22.88,,2.27,,0.03,,,,,5.0,-23.02002468,-43.48157137
2017-10-14 22:30:00,UNIDADE MOVEL RECREIO,0.0,23.07,,1.64,,0.03,,,,,12.0,-23.02002468,-43.48157137
2017-10-14 23:30:00,UNIDADE MOVEL RECREIO,0.0,23.22,,1.14,,0.03,,,,,8.0,-23.02002468,-43.48157137
2017-10-15 00:30:00,UNIDADE MOVEL RECREIO,0.0,23.22,,0.64,,0.04,,,,,7.0,-23.02002468,-43.48157137
2017-10-15 01:30:00,UNIDADE MOVEL RECREIO,0.0,22.9,,0.0,,0.05,,,,,11.0,-23.02002468,-43.48157137
2017-10-15 02:30:00,UNIDADE MOVEL RECREIO,0.0,21.87,,0.0,,0.05,,,,,13.0,-23.02002468,-43.48157137
2017-10-15 03:30:00,UNIDADE MOVEL RECREIO,0.0,21.42,,0.0,,0.06,,,,,8.0,-23.02002468,-43.48157137
2017-10-15 04:30:00,UNIDADE MOVEL RECREIO,0.0,21.1,,0.0,,0.05,,,,,,-23.02002468,-43.48157137
2017-10-15 05:30:00,UNIDADE MOVEL RECREIO,0.0,21.07,,0.0,,0.04,,,,,,-23.02002468,-43.48157137
2017-10-15 06:30:00,UNIDADE MOVEL RECREIO,0.0,20.78,,0.0,,0.04,,,,,,-23.02002468,-43.48157137
2017-10-15 07:30:00,UNIDADE MOVEL RECREIO,0.0,20.45,,0.0,,0.04,,,,,,-23.02002468,-43.48157137
2017-10-15 08:30:00,UNIDADE MOVEL RECREIO,0.0,20.17,,0.0,,0.03,,,,,,-23.02002468,-43.48157137
2017-10-15 09:30:00,UNIDADE MOVEL RECREIO,0.0,20.38,,0.0,,0.05,,,,,,-23.02002468,-43.48157137
2017-10-15 10:30:00,UNIDADE MOVEL RECREIO,0.0,21.02,,0.0,,0.09,,,,,,-23.02002468,-43.48157137
2017-10-15 11:30:00,UNIDADE MOVEL RECREIO,0.0,22.37,,0.0,,0.07,,,,,,-23.02002468,-43.48157137
2017-10-15 12:30:00,UNIDADE MOVEL RECREIO,0.0,22.62,,0.0,,0.03,,,,,,-23.02002468,-43.48157137
2017-10-15 13:30:00,UNIDADE MOVEL RECREIO,0.0,22.92,,0.0,,0.02,,,,,,-23.02002468,-43.48157137
2017-10-15 14:30:00,UNIDADE MOVEL RECREIO,0.0,22.75,,0.0,,0.03,,,,,,-23.02002468,-43.48157137
2017-10-15 15:30:00,UNIDADE MOVEL RECREIO,0.0,21.97,,0.0,,0.03,,,,,,-23.02002468,-43.48157137
2017-10-15 16:30:00,UNIDADE MOVEL RECREIO,0.0,21.83,,0.0,,0.03,,,,,,-23.02002468,-43.48157137
2017-10-15 17:30:00,UNIDADE MOVEL RECREIO,0.0,21.52,,0.0,,0.03,,,,,,-23.02002468,-43.48157137
2017-10-15 18:30:00,UNIDADE MOVEL RECREIO,0.0,21.17,,0.0,,0.02,,,,,,-23.02002468,-43.48157137
2017-10-15 19:30:00,UNIDADE MOVEL RECREIO,,21.07,,0.01,,0.01,,,,,,-23.02002468,-43.48157137
2017-10-15 22:30:00,UNIDADE MOVEL RECREIO,0.0,21.0,,3.55,,0.07,,,,,,-23.02002468,-43.48157137
2017-10-15 23:30:00,UNIDADE MOVEL RECREIO,0.0,20.97,,2.155,,0.04000000000000001,,,,,,-23.02002468,-43.48157137
2017-10-16 00:30:00,UNIDADE MOVEL RECREIO,0.0,20.85,,0.76,,0.01,,,,,,-23.02002468,-43.48157137
2017-10-16 01:30:00,UNIDADE MOVEL RECREIO,0.0,19.62,,0.69,,0.02,,,,,,-23.02002468,-43.48157137
2017-10-16 02:30:00,UNIDADE MOVEL RECREIO,0.0,19.93,,0.39,,0.02,,,,,,-23.02002468,-43.48157137
2017-10-16 03:30:00,UNIDADE MOVEL RECREIO,0.0,20.33,,0.38,,0.01,,,,,,-23.02002468,-43.48157137
2017-10-16 04:30:00,UNIDADE MOVEL RECREIO,0.0,20.47,,0.6,,0.01,,,,,,-23.02002468,-43.48157137
2017-10-16 05:30:00,UNIDADE MOVEL RECREIO,0.0,20.5,,0.93,,0.01,,,,,,-23.02002468,-43.48157137
2017-10-16 06:30:00,UNIDADE MOVEL RECREIO,0.0,20.77,,0.48,,0.06,,,,,,-23.02002468,-43.48157137
2017-10-16 07:30:00,UNIDADE MOVEL RECREIO,0.0,20.97,,0.44,,0.03,,,,,,-23.02002468,-43.48157137
2017-10-16 08:30:00,UNIDADE MOVEL RECREIO,0.0,21.23,,0.58,,0.03,,,,,,-23.02002468,-43.48157137
2017-10-16 09:30:00,UNIDADE MOVEL RECREIO,0.0,21.27,,0.82,,0.03,,,,,,-23.02002468,-43.48157137
2017-10-16 10:30:00,UNIDADE MOVEL RECREIO,0.0,21.45,,0.84,,0.02,,,,,,-23.02002468,-43.48157137
2017-10-16 11:30:00,UNIDADE MOVEL RECREIO,0.0,21.88,,0.9,,0.04,,,,,,-23.02002468,-43.48157137
2017-10-16 12:30:00,UNIDADE MOVEL RECREIO,0.0,22.05,,1.54,,0.03,,,,,,-23.02002468,-43.48157137
2017-10-16 13:30:00,UNIDADE MOVEL RECREIO,0.0,21.75,,1.57,,0.03,,,,,,-23.02002468,-43.48157137
2017-10-16 14:30:00,UNIDADE MOVEL RECREIO,0.0,21.53,,1.48,,0.02,,,,,,-23.02002468,-43.48157137
2017-10-16 15:30:00,UNIDADE MOVEL RECREIO,0.0,21.37,,8.7,,0.03,,,,,,-23.02002468,-43.48157137
2017-10-16 16:30:00,UNIDADE MOVEL RECREIO,0.0,21.13,,10.32,,0.06,,,,,,-23.02002468,-43.48157137
2017-10-16 17:30:00,UNIDADE MOVEL RECREIO,0.0,20.87,,9.72,,0.03,,,,,,-23.02002468,-43.48157137
2017-10-16 18:30:00,UNIDADE MOVEL RECREIO,0.0,20.8,,9.16,,0.02,,,,,,-23.02002468,-43.48157137
2017-10-16 19:30:00,UNIDADE MOVEL RECREIO,0.0,20.77,,8.69,,0.02,,,,,,-23.02002468,-43.48157137
2017-10-16 20:30:00,UNIDADE MOVEL RECREIO,0.0,20.78,,7.77,,0.02,,,,,,-23.02002468,-43.48157137
2017-10-16 21:30:00,UNIDADE MOVEL RECREIO,0.0,20.7,,6.96,,0.02,,,,,,-23.02002468,-43.48157137
2017-10-16 22:30:00,UNIDADE MOVEL RECREIO,0.0,20.63,,6.49,,0.01,,,,,,-23.02002468,-43.48157137
2017-10-16 23:30:00,UNIDADE MOVEL RECREIO,0.0,21.02,,3.5250000000000004,,0.02,,,,,,-23.02002468,-43.48157137
2017-10-17 00:30:00,UNIDADE MOVEL RECREIO,0.0,21.08,,0.56,,0.01,,,,,,-23.02002468,-43.48157137
2017-10-17 01:30:00,UNIDADE MOVEL RECREIO,0.0,21.12,,0.0,,0.01,,,,,,-23.02002468,-43.48157137
2017-10-17 02:30:00,UNIDADE MOVEL RECREIO,0.0,20.88,,0.0,,0.01,,,,,,-23.02002468,-43.48157137
2017-10-17 03:30:00,UNIDADE MOVEL RECREIO,0.0,20.7,,0.0,,0.01,,,,,,-23.02002468,-43.48157137
2017-10-17 04:30:00,UNIDADE MOVEL RECREIO,0.0,20.58,,0.0,,0.02,,,,,,-23.02002468,-43.48157137
2017-10-17 05:30:00,UNIDADE MOVEL RECREIO,0.0,20.47,,0.0,,0.02,,,,,,-23.02002468,-43.48157137
2017-10-17 06:30:00,UNIDADE MOVEL RECREIO,0.0,21.15,,0.0,,0.08,,,,,,-23.02002468,-43.48157137
2017-10-17 07:30:00,UNIDADE MOVEL RECREIO,0.0,22.55,,0.0,,0.06,,,,,,-23.02002468,-43.48157137
2017-10-17 08:30:00,UNIDADE MOVEL RECREIO,0.0,23.35,,2.31,,0.06,,,,,,-23.02002468,-43.48157137
2017-10-17 09:30:00,UNIDADE MOVEL RECREIO,0.0,23.57,,6.67,,0.03,,,,,,-23.02002468,-43.48157137
2017-10-17 10:30:00,UNIDADE MOVEL RECREIO,0.0,24.02,,7.38,,0.03,,,,,,-23.02002468,-43.48157137
2017-10-17 11:30:00,UNIDADE MOVEL RECREIO,0.0,24.08,,8.24,,0.04,,,,,,-23.02002468,-43.48157137
2017-10-17 12:30:00,UNIDADE MOVEL RECREIO,0.0,24.07,,8.35,,0.04,,,,,,-23.02002468,-43.48157137
2017-10-17 13:30:00,UNIDADE MOVEL RECREIO,0.0,24.17,,8.62,,0.03,,,,,,-23.02002468,-43.48157137
2017-10-17 14:30:00,UNIDADE MOVEL RECREIO,0.0,23.82,,8.56,,0.03,,,,,,-23.02002468,-43.48157137
2017-10-17 15:30:00,UNIDADE MOVEL RECREIO,0.0,23.55,,7.74,,0.04,,,,,,-23.02002468,-43.48157137
2017-10-17 16:30:00,UNIDADE MOVEL RECREIO,0.0,23.22,,8.15,,0.05,,,,,,-23.02002468,-43.48157137
2017-10-17 17:30:00,UNIDADE MOVEL RECREIO,0.0,22.17,,7.62,,0.06,,,,,,-23.02002468,-43.48157137
2017-10-17 18:30:00,UNIDADE MOVEL RECREIO,0.0,21.95,,5.78,,0.06,,,,,,-23.02002468,-43.48157137
2017-10-17 19:30:00,UNIDADE MOVEL RECREIO,0.0,22.35,,4.65,,0.12,,,,,,-23.02002468,-43.48157137
2017-10-17 20:30:00,UNIDADE MOVEL RECREIO,0.0,22.08,,3.94,,0.12,,,,,,-23.02002468,-43.48157137
2017-10-17 21:30:00,UNIDADE MOVEL RECREIO,0.0,21.67,,4.27,,0.3,,,,,,-23.02002468,-43.48157137
2017-10-17 22:30:00,UNIDADE MOVEL RECREIO,0.0,22.32,,3.56,,0.35,,,,,,-23.02002468,-43.48157137
2017-10-17 23:30:00,UNIDADE MOVEL RECREIO,0.0,21.47,,2.285,,0.24,,,,,,-23.02002468,-43.48157137
2017-10-18 00:30:00,UNIDADE MOVEL RECREIO,0.0,21.37,,1.01,,0.16,,,,,,-23.02002468,-43.48157137
2017-10-18 01:30:00,UNIDADE MOVEL RECREIO,0.0,20.67,,0.26,,0.09,,,,,,-23.02002468,-43.48157137
2017-10-18 02:30:00,UNIDADE MOVEL RECREIO,0.0,20.05,,0.0,,0.1,,,,,,-23.02002468,-43.48157137
2017-10-18 03:30:00,UNIDADE MOVEL RECREIO,0.0,19.78,,0.0,,0.1,,,,,,-23.02002468,-43.48157137
2017-10-18 04:30:00,UNIDADE MOVEL RECREIO,0.0,19.17,,0.0,,0.13,,,,,,-23.02002468,-43.48157137
2017-10-18 05:30:00,UNIDADE MOVEL RECREIO,0.0,19.0,,0.0,,0.28,,,,,,-23.02002468,-43.48157137
2017-10-18 06:30:00,UNIDADE MOVEL RECREIO,0.0,20.03,,0.0,,0.34,,,,,,-23.02002468,-43.48157137
2017-10-18 07:30:00,UNIDADE MOVEL RECREIO,0.0,24.13,,0.27,,0.19,,,,,,-23.02002468,-43.48157137
2017-10-18 08:30:00,UNIDADE MOVEL RECREIO,0.0,25.78,,3.36,,0.07,,,,,,-23.02002468,-43.48157137
2017-10-18 09:30:00,UNIDADE MOVEL RECREIO,0.0,25.07,,4.42,,0.12,,,,,,-23.02002468,-43.48157137
2017-10-18 10:30:00,UNIDADE MOVEL RECREIO,0.0,24.73,,3.82,,0.03,,,,,,-23.02002468,-43.48157137
2017-10-18 14:30:00,UNIDADE MOVEL RECREIO,,26.73,,0.0,,0.03,,,,,,-23.02002468,-43.48157137
2017-10-18 15:30:00,UNIDADE MOVEL RECREIO,,26.38,,0.52,,0.02,,,,,,-23.02002468,-43.48157137
2017-10-18 16:30:00,UNIDADE MOVEL RECREIO,0.0,26.0,,1.49,,0.04,,,,,,-23.02002468,-43.48157137
2017-10-18 17:30:00,UNIDADE MOVEL RECREIO,0.0,25.92,,1.43,,0.05,,,,,,-23.02002468,-43.48157137
2017-10-18 18:30:00,UNIDADE MOVEL RECREIO,0.0,24.92,,1.26,,0.18,,,,,,-23.02002468,-43.48157137
2017-10-18 19:30:00,UNIDADE MOVEL RECREIO,0.0,23.08,,0.35,,0.06,,,,,,-23.02002468,-43.48157137
2017-10-18 20:30:00,UNIDADE MOVEL RECREIO,0.0,21.9,,0.0,,0.05,,,,,,-23.02002468,-43.48157137
2017-10-18 21:30:00,UNIDADE MOVEL RECREIO,0.0,23.22,,0.0,,0.11,,,,,,-23.02002468,-43.48157137
2017-10-18 22:30:00,UNIDADE MOVEL RECREIO,0.0,22.15,,0.0,,0.06,,,,,,-23.02002468,-43.48157137
2017-10-18 23:30:00,UNIDADE MOVEL RECREIO,0.0,21.73,,0.48000000000000004,,0.08,,,,,,-23.02002468,-43.48157137
2017-10-19 00:30:00,UNIDADE MOVEL RECREIO,0.0,21.37,,0.96,,0.15,,,,,,-23.02002468,-43.48157137
2017-10-19 01:30:00,UNIDADE MOVEL RECREIO,0.0,20.72,,1.02,,0.07,,,,,,-23.02002468,-43.48157137
2017-10-19 02:30:00,UNIDADE MOVEL RECREIO,0.0,20.05,,0.31,,0.09,,,,,,-23.02002468,-43.48157137
2017-10-19 03:30:00,UNIDADE MOVEL RECREIO,0.0,19.37,,0.56,,0.1,,,,,,-23.02002468,-43.48157137
2017-10-19 04:30:00,UNIDADE MOVEL RECREIO,0.0,19.27,,0.85,,0.2,,,,,,-23.02002468,-43.48157137
2017-10-19 05:30:00,UNIDADE MOVEL RECREIO,0.0,19.6,,1.82,,0.52,,,,,,-23.02002468,-43.48157137
2017-10-19 06:30:00,UNIDADE MOVEL RECREIO,0.0,21.88,,2.9,,0.88,,,,,,-23.02002468,-43.48157137
2017-10-19 07:30:00,UNIDADE MOVEL RECREIO,0.0,25.13,,2.75,,0.17,,,,,,-23.02002468,-43.48157137
2017-10-19 08:30:00,UNIDADE MOVEL RECREIO,0.0,26.38,,4.41,,0.1,,,,,,-23.02002468,-43.48157137
2017-10-19 09:30:00,UNIDADE MOVEL RECREIO,0.0,31.25,,6.75,,0.14,,,,,,-23.02002468,-43.48157137
2017-10-19 10:30:00,UNIDADE MOVEL RECREIO,0.0,27.23,,8.86,,0.07,,,,,,-23.02002468,-43.48157137
2017-10-19 11:30:00,UNIDADE MOVEL RECREIO,0.0,26.53,,10.58,,0.1,,,,,,-23.02002468,-43.48157137
2017-10-19 12:30:00,UNIDADE MOVEL RECREIO,0.0,26.82,,11.13,,0.09,,,,,,-23.02002468,-43.48157137
2017-10-19 13:30:00,UNIDADE MOVEL RECREIO,0.0,27.15,,9.83,,0.05,,,,,,-23.02002468,-43.48157137
2017-10-19 14:30:00,UNIDADE MOVEL RECREIO,0.0,27.62,,9.94,,0.05,,,,,,-23.02002468,-43.48157137
2017-10-19 15:30:00,UNIDADE MOVEL RECREIO,0.0,29.82,,10.42,,0.05,,,,,,-23.02002468,-43.48157137
2017-10-19 16:30:00,UNIDADE MOVEL RECREIO,0.0,28.23,,11.8,,0.09,,,,,,-23.02002468,-43.48157137
2017-10-19 17:30:00,UNIDADE MOVEL RECREIO,0.0,26.08,,11.43,,0.1,,,,,,-23.02002468,-43.48157137
2017-10-19 18:30:00,UNIDADE MOVEL RECREIO,0.0,23.43,,9.29,,0.2,,,,,,-23.02002468,-43.48157137
2017-10-19 19:30:00,UNIDADE MOVEL RECREIO,0.0,22.55,,7.9,,0.17,,,,,,-23.02002468,-43.48157137
2017-10-19 20:30:00,UNIDADE MOVEL RECREIO,0.0,23.12,,7.09,,0.4,,,,,,-23.02002468,-43.48157137
2017-10-19 21:30:00,UNIDADE MOVEL RECREIO,0.0,23.13,,6.67,,1.01,,,,,,-23.02002468,-43.48157137
2017-10-19 22:30:00,UNIDADE MOVEL RECREIO,0.0,22.03,,6.22,,1.12,,,,,,-23.02002468,-43.48157137
2017-10-19 23:30:00,UNIDADE MOVEL RECREIO,0.0,21.78,,3.875,,0.52,,,,,,-23.02002468,-43.48157137
2017-10-20 00:30:00,UNIDADE MOVEL RECREIO,0.0,23.57,,1.53,,0.03,,,,,,-23.02002468,-43.48157137
2017-10-20 01:30:00,UNIDADE MOVEL RECREIO,0.0,23.23,,0.0,,0.0,,,,,,-23.02002468,-43.48157137
2017-10-20 02:30:00,UNIDADE MOVEL RECREIO,0.0,22.78,,0.0,,0.01,,,,,,-23.02002468,-43.48157137
2017-10-20 03:30:00,UNIDADE MOVEL RECREIO,0.0,22.7,,0.0,,0.01,,,,,,-23.02002468,-43.48157137
2017-10-20 04:30:00,UNIDADE MOVEL RECREIO,0.0,22.08,,0.0,,0.01,,,,,,-23.02002468,-43.48157137
2017-10-20 05:30:00,UNIDADE MOVEL RECREIO,0.0,20.97,,0.0,,0.0,,,,,,-23.02002468,-43.48157137
2017-10-20 06:30:00,UNIDADE MOVEL RECREIO,0.0,21.83,,0.0,,0.01,,,,,,-23.02002468,-43.48157137
2017-10-20 07:30:00,UNIDADE MOVEL RECREIO,0.0,23.93,,0.0,,0.01,,,,,,-23.02002468,-43.48157137
2017-10-20 08:30:00,UNIDADE MOVEL RECREIO,0.0,24.72,,0.0,,0.0,,,,,,-23.02002468,-43.48157137
2017-10-20 09:30:00,UNIDADE MOVEL RECREIO,0.0,27.18,,0.16,,0.0,,,,,,-23.02002468,-43.48157137
2017-10-20 10:30:00,UNIDADE MOVEL RECREIO,0.0,27.73,,0.32,,0.09,,,,,,-23.02002468,-43.48157137
2017-10-20 11:30:00,UNIDADE MOVEL RECREIO,0.0,26.72,,0.48,,0.07,,,,,,-23.02002468,-43.48157137
2017-10-20 12:30:00,UNIDADE MOVEL RECREIO,0.0,26.57,,1.59,,0.06,,,64.39,,,-23.02002468,-43.48157137
2017-10-20 13:30:00,UNIDADE MOVEL RECREIO,1.0,26.78,,0.03,,0.06,,,56.16,,,-23.02002468,-43.48157137
2017-10-20 14:30:00,UNIDADE MOVEL RECREIO,0.0,26.32,,0.0,,0.06,,,51.21,,,-23.02002468,-43.48157137
2017-10-20 15:30:00,UNIDADE MOVEL RECREIO,0.0,24.54,68.76,0.045,,0.06,,,63.9,,,-23.02002468,-43.48157137
2017-10-20 16:30:00,UNIDADE MOVEL RECREIO,0.0,23.68,75.02,0.09,,0.08,,,63.67,,,-23.02002468,-43.48157137
2017-10-20 17:30:00,UNIDADE MOVEL RECREIO,0.0,23.22,77.1,0.87,,0.06,,,66.9,,,-23.02002468,-43.48157137
2017-10-20 18:30:00,UNIDADE MOVEL RECREIO,0.0,23.15,77.57,1.28,,0.08,,,56.03,,,-23.02002468,-43.48157137
2017-10-20 19:30:00,UNIDADE MOVEL RECREIO,0.0,23.0,78.17,1.5,,0.09,,,54.38,,,-23.02002468,-43.48157137
2017-10-20 20:30:00,UNIDADE MOVEL RECREIO,0.0,22.9,77.98,1.71,,0.1,,,51.51,,,-23.02002468,-43.48157137
2017-10-20 21:30:00,UNIDADE MOVEL RECREIO,0.0,22.75,79.5,2.15,,0.09,,,60.79,,,-23.02002468,-43.48157137
2017-10-20 22:30:00,UNIDADE MOVEL RECREIO,0.0,22.38,80.78,2.26,,0.09,,,54.45,,,-23.02002468,-43.48157137
2017-10-20 23:30:00,UNIDADE MOVEL RECREIO,0.0,21.78,84.33,1.4849999999999999,,0.09,,,52.57,,,-23.02002468,-43.48157137
2017-10-21 00:30:00,UNIDADE MOVEL RECREIO,0.0,21.53,85.72,0.71,,0.04,,,62.23,,,-23.02002468,-43.48157137
2017-10-21 01:30:00,UNIDADE MOVEL RECREIO,0.0,21.45,86.52,0.74,,0.04,,,50.24,,,-23.02002468,-43.48157137
2017-10-21 02:30:00,UNIDADE MOVEL RECREIO,0.0,21.55,85.73,1.02,,0.04,,,50.24,,,-23.02002468,-43.48157137
2017-10-21 03:30:00,UNIDADE MOVEL RECREIO,0.0,22.0,81.85,0.91,,0.05,,,45.75,,,-23.02002468,-43.48157137
2017-10-21 04:30:00,UNIDADE MOVEL RECREIO,0.0,21.25,84.3,1.22,,0.07,,,22.05,,,-23.02002468,-43.48157137
2017-10-21 05:30:00,UNIDADE MOVEL RECREIO,0.0,21.9,80.33,1.31,,0.09,,,29.39,,,-23.02002468,-43.48157137
2017-10-21 06:30:00,UNIDADE MOVEL RECREIO,0.0,21.82,81.22,1.83,,0.15,,,32.17,,,-23.02002468,-43.48157137
2017-10-21 07:30:00,UNIDADE MOVEL RECREIO,0.0,22.18,82.93,2.58,,0.41,,,53.02,,,-23.02002468,-43.48157137
2017-10-21 08:30:00,UNIDADE MOVEL RECREIO,0.0,23.42,77.22,1.96,,0.12,,,59.35,,,-23.02002468,-43.48157137
2017-10-21 09:30:00,UNIDADE MOVEL RECREIO,0.0,23.1,77.43,2.41,,0.07,,,56.58,,,-23.02002468,-43.48157137
2017-10-21 10:30:00,UNIDADE MOVEL RECREIO,0.0,22.3,80.25,3.08,,0.05,,,62.0,,,-23.02002468,-43.48157137
2017-10-21 11:30:00,UNIDADE MOVEL RECREIO,0.0,22.8,78.6,3.6,,0.04,,,59.05,,,-23.02002468,-43.48157137
2017-10-21 12:30:00,UNIDADE MOVEL RECREIO,0.0,23.33,75.65,4.15,,0.04,,,61.29,,,-23.02002468,-43.48157137
2017-10-21 13:30:00,UNIDADE MOVEL RECREIO,0.0,23.08,75.93,4.57,,0.04,,,65.62,,,-23.02002468,-43.48157137
2017-10-21 14:30:00,UNIDADE MOVEL RECREIO,0.0,22.77,76.62,5.21,,0.05,,,58.38,,,-23.02002468,-43.48157137
2017-10-21 15:30:00,UNIDADE MOVEL RECREIO,0.0,22.58,77.32,4.68,,0.05,,,51.81,,,-23.02002468,-43.48157137
2017-10-21 16:30:00,UNIDADE MOVEL RECREIO,0.0,21.97,79.58,3.9,,0.04,,,43.82,,,-23.02002468,-43.48157137
2017-10-21 17:30:00,UNIDADE MOVEL RECREIO,0.0,21.25,84.28,3.52,,0.05,,,56.69,,,-23.02002468,-43.48157137
2017-10-21 18:30:00,UNIDADE MOVEL RECREIO,0.0,21.5,84.78,3.37,,0.05,,,52.09,,,-23.02002468,-43.48157137
2017-10-21 19:30:00,UNIDADE MOVEL RECREIO,0.0,21.53,86.0,2.98,,0.1,,,46.78,,,-23.02002468,-43.48157137
2017-10-21 20:30:00,UNIDADE MOVEL RECREIO,0.0,21.55,85.27,2.71,,0.08,,,38.71,,,-23.02002468,-43.48157137
2017-10-21 21:30:00,UNIDADE MOVEL RECREIO,0.0,21.18,86.65,2.56,,0.06,,,46.38,,,-23.02002468,-43.48157137
2017-10-21 22:30:00,UNIDADE MOVEL RECREIO,0.0,21.28,86.25,2.65,,0.12,,,29.88,,,-23.02002468,-43.48157137
2017-10-21 23:30:00,UNIDADE MOVEL RECREIO,0.0,21.95,83.6,1.625,,0.26,,,15.4,,,-23.02002468,-43.48157137
2017-10-22 00:30:00,UNIDADE MOVEL RECREIO,0.0,22.0,82.03,0.6,,0.17,,,18.32,,,-23.02002468,-43.48157137
2017-10-22 01:30:00,UNIDADE MOVEL RECREIO,0.0,21.47,83.65,0.07,,0.1,,,28.5,,,-23.02002468,-43.48157137
2017-10-22 02:30:00,UNIDADE MOVEL RECREIO,0.0,21.25,85.85,0.13,,0.06,,,30.17,,,-23.02002468,-43.48157137
2017-10-22 03:30:00,UNIDADE MOVEL RECREIO,0.0,21.97,81.1,0.24,,0.07,,,29.5,,,-23.02002468,-43.48157137
2017-10-22 04:30:00,UNIDADE MOVEL RECREIO,0.0,25.42,59.57,1.67,,0.06,,,45.29,,,-23.02002468,-43.48157137
2017-10-22 05:30:00,UNIDADE MOVEL RECREIO,0.0,27.32,48.77,1.95,,0.05,,,50.68,,,-23.02002468,-43.48157137
2017-10-22 06:30:00,UNIDADE MOVEL RECREIO,0.0,28.08,44.87,0.31,,0.06,,,44.19,,,-23.02002468,-43.48157137
2017-10-22 07:30:00,UNIDADE MOVEL RECREIO,0.0,27.37,49.25,0.22,,0.05,,,50.49,,,-23.02002468,-43.48157137
2017-10-22 08:30:00,UNIDADE MOVEL RECREIO,0.0,27.85,49.05,0.41,,0.12,,,36.17,,,-23.02002468,-43.48157137
2017-10-22 09:30:00,UNIDADE MOVEL RECREIO,0.0,28.27,47.85,1.7,,0.1,,,38.65,,,-23.02002468,-43.48157137
2017-10-22 10:30:00,UNIDADE MOVEL RECREIO,0.0,29.58,46.75,3.09,,0.12,,,54.8,,,-23.02002468,-43.48157137
2017-10-22 11:30:00,UNIDADE MOVEL RECREIO,0.0,27.72,53.17,3.4,,0.07,,,68.07,,,-23.02002468,-43.48157137
2017-10-22 12:30:00,UNIDADE MOVEL RECREIO,0.0,27.9,52.07,3.03,,0.07,,,70.43,,,-23.02002468,-43.48157137
2017-10-22 13:30:00,UNIDADE MOVEL RECREIO,0.0,28.42,49.88,2.57,,0.06,,,94.06,,,-23.02002468,-43.48157137
2017-10-22 14:30:00,UNIDADE MOVEL RECREIO,0.0,27.93,50.08,2.45,,0.06,,,103.53,,,-23.02002468,-43.48157137
2017-10-22 15:30:00,UNIDADE MOVEL RECREIO,0.0,27.07,51.57,2.35,,0.04,,,96.46,,,-23.02002468,-43.48157137
2017-10-22 16:30:00,UNIDADE MOVEL RECREIO,0.0,25.75,56.48,1.73,,0.04,,,84.31,,,-23.02002468,-43.48157137
2017-10-22 17:30:00,UNIDADE MOVEL RECREIO,0.0,24.37,63.0,1.61,,0.05,,,90.03,,,-23.02002468,-43.48157137
2017-10-22 18:30:00,UNIDADE MOVEL RECREIO,0.0,23.68,66.68,1.59,,0.06,,,94.18,,,-23.02002468,-43.48157137
2017-10-22 19:30:00,UNIDADE MOVEL RECREIO,0.0,23.58,70.88,1.08,,0.08,,,73.36,,,-23.02002468,-43.48157137
2017-10-22 20:30:00,UNIDADE MOVEL RECREIO,0.0,21.95,83.32,0.75,,0.16,,,61.16,,,-23.02002468,-43.48157137
2017-10-22 21:30:00,UNIDADE MOVEL RECREIO,0.0,21.73,86.27,0.3,,0.2,,,30.65,,,-23.02002468,-43.48157137
2017-10-22 22:30:00,UNIDADE MOVEL RECREIO,0.0,21.8,86.57,0.39,,0.17,,,25.29,,,-23.02002468,-43.48157137
2017-10-22 23:30:00,UNIDADE MOVEL RECREIO,0.0,21.35,87.83,0.32,,0.1,,,38.82,,,-23.02002468,-43.48157137
2017-10-23 00:30:00,UNIDADE MOVEL RECREIO,0.0,20.87,90.12,0.25,,0.1,,,50.41,,,-23.02002468,-43.48157137
2017-10-23 01:30:00,UNIDADE MOVEL RECREIO,0.0,20.85,91.37,0.74,,0.09,,,46.06,,,-23.02002468,-43.48157137
2017-10-23 02:30:00,UNIDADE MOVEL RECREIO,0.0,20.88,91.38,0.78,,0.09,,,36.51,,,-23.02002468,-43.48157137
2017-10-23 03:30:00,UNIDADE MOVEL RECREIO,0.0,20.88,90.38,0.71,,0.08,,,34.85,,,-23.02002468,-43.48157137
2017-10-23 04:30:00,UNIDADE MOVEL RECREIO,0.0,21.18,87.72,0.61,,0.1,,,27.5,,,-23.02002468,-43.48157137
2017-10-23 05:30:00,UNIDADE MOVEL RECREIO,0.0,21.25,88.22,1.17,,0.14,,,17.05,,,-23.02002468,-43.48157137
2017-10-23 06:30:00,UNIDADE MOVEL RECREIO,0.0,20.9,90.28,1.2,,0.4,,,11.35,,,-23.02002468,-43.48157137
2017-10-23 07:30:00,UNIDADE MOVEL RECREIO,0.0,20.88,90.87,1.57,,0.2,,,16.07,,,-23.02002468,-43.48157137
2017-10-23 08:30:00,UNIDADE MOVEL RECREIO,0.0,20.08,92.35,1.5,,0.09,,,53.83,,,-23.02002468,-43.48157137
2017-10-23 09:30:00,UNIDADE MOVEL RECREIO,0.0,19.75,92.68,1.13,,0.05,,,55.96,,,-23.02002468,-43.48157137
2017-10-23 10:30:00,UNIDADE MOVEL RECREIO,0.0,19.58,92.77,0.8,,0.05,,,54.38,,,-23.02002468,-43.48157137
2017-10-23 11:30:00,UNIDADE MOVEL RECREIO,0.0,19.45,92.63,0.77,,0.05,,,51.05,,,-23.02002468,-43.48157137
2017-10-23 12:30:00,UNIDADE MOVEL RECREIO,0.0,19.42,93.15,0.65,,0.05,,,43.21,,,-23.02002468,-43.48157137
2017-10-23 13:30:00,UNIDADE MOVEL RECREIO,0.0,19.2,93.63,0.67,,0.03,,,44.81,,,-23.02002468,-43.48157137
2017-10-23 14:30:00,UNIDADE MOVEL RECREIO,0.0,18.85,93.88,0.69,,0.01,,,38.78,,,-23.02002468,-43.48157137
2017-10-23 15:30:00,UNIDADE MOVEL RECREIO,0.0,18.6,94.05,0.73,,0.01,,,39.38,,,-23.02002468,-43.48157137
2017-10-23 16:30:00,UNIDADE MOVEL RECREIO,0.0,18.08,94.48,0.52,,0.02,,,51.64,,,-23.02002468,-43.48157137
2017-10-23 22:30:00,UNIDADE MOVEL RECREIO,,17.2,95.82,0.13,,0.0125,,,,,,-23.02002468,-43.48157137
2017-10-23 23:30:00,UNIDADE MOVEL RECREIO,0.0,17.2,95.8,0.065,,0.011250000000000001,,,,,,-23.02002468,-43.48157137
2017-10-24 00:30:00,UNIDADE MOVEL RECREIO,0.0,16.8,95.8,0.0,,0.01,,,,,,-23.02002468,-43.48157137
2017-10-24 01:30:00,UNIDADE MOVEL RECREIO,0.0,16.92,95.73,0.0,,0.01,,,,,,-23.02002468,-43.48157137
2017-10-24 02:30:00,UNIDADE MOVEL RECREIO,0.0,16.95,95.65,0.0,,0.01,,,,,,-23.02002468,-43.48157137
2017-10-24 03:30:00,UNIDADE MOVEL RECREIO,0.0,17.05,95.42,0.0,,0.0,,,,,,-23.02002468,-43.48157137
2017-10-24 04:30:00,UNIDADE MOVEL RECREIO,0.0,16.98,95.18,0.0,,0.0,,,,,,-23.02002468,-43.48157137
2017-10-24 05:30:00,UNIDADE MOVEL RECREIO,0.0,17.23,94.7,,,0.03,,,,,,-23.02002468,-43.48157137
2017-10-24 06:30:00,UNIDADE MOVEL RECREIO,0.0,17.93,93.8,,,0.19,,,,,,-23.02002468,-43.48157137
2017-10-24 07:30:00,UNIDADE MOVEL RECREIO,0.0,18.97,85.82,,,0.1,,,,,,-23.02002468,-43.48157137
2017-10-24 08:30:00,UNIDADE MOVEL RECREIO,0.0,20.05,80.65,,,0.08,,,,,,-23.02002468,-43.48157137
2017-10-24 09:30:00,UNIDADE MOVEL RECREIO,0.0,21.42,72.07,,,0.01,,,,,,-23.02002468,-43.48157137
2017-10-24 10:30:00,UNIDADE MOVEL RECREIO,,22.0,68.88,,,0.04,,,,,,-23.02002468,-43.48157137
2017-10-24 11:30:00,UNIDADE MOVEL RECREIO,,20.88,77.78,,,0.04,,,,,,-23.02002468,-43.48157137
2017-10-24 12:30:00,UNIDADE MOVEL RECREIO,0.0,21.05,76.88,,,0.01,,,,,,-23.02002468,-43.48157137
2017-10-24 13:30:00,UNIDADE MOVEL RECREIO,0.0,21.58,74.15,,,0.01,,,,,,-23.02002468,-43.48157137
2017-10-24 14:30:00,UNIDADE MOVEL RECREIO,0.0,21.08,75.46,,,0.01,,,,,,-23.02002468,-43.48157137
2017-10-24 15:30:00,UNIDADE MOVEL RECREIO,0.0,21.12,75.87,,,0.034999999999999996,,,,,,-23.02002468,-43.48157137
2017-10-24 16:30:00,UNIDADE MOVEL RECREIO,0.0,20.77,77.55,,,0.06,,,39.79,,,-23.02002468,-43.48157137
2017-10-24 17:30:00,UNIDADE MOVEL RECREIO,0.0,20.42,78.83,,,0.06,,,32.28,,,-23.02002468,-43.48157137
2017-10-24 18:30:00,UNIDADE MOVEL RECREIO,0.0,20.28,79.98,,,0.03,,,32.95,,,-23.02002468,-43.48157137
2017-10-24 19:30:00,UNIDADE MOVEL RECREIO,0.0,20.32,80.1,,,0.03,,,35.06,,,-23.02002468,-43.48157137
2017-10-24 20:30:00,UNIDADE MOVEL RECREIO,0.0,20.35,81.53,,,0.04,,,36.23,,,-23.02002468,-43.48157137
2017-10-24 21:30:00,UNIDADE MOVEL RECREIO,0.0,20.07,83.47,,,0.02,,,35.92,,,-23.02002468,-43.48157137
2017-10-24 22:30:00,UNIDADE MOVEL RECREIO,0.0,20.03,84.22,,,0.02,,,36.82,,,-23.02002468,-43.48157137
2017-10-24 23:30:00,UNIDADE MOVEL RECREIO,0.0,20.33,82.8,,,0.03,,,36.17,,,-23.02002468,-43.48157137
2017-10-25 00:30:00,UNIDADE MOVEL RECREIO,0.0,20.43,81.48,,,0.01,,,27.86,,,-23.02002468,-43.48157137
2017-10-25 01:30:00,UNIDADE MOVEL RECREIO,0.0,20.35,82.88,,,0.02,,,23.82,,,-23.02002468,-43.48157137
2017-10-25 02:30:00,UNIDADE MOVEL RECREIO,0.0,20.1,84.4,,,0.01,,,37.45,,,-23.02002468,-43.48157137
2017-10-25 03:30:00,UNIDADE MOVEL RECREIO,0.0,19.9,86.25,,,0.03,,,25.18,,,-23.02002468,-43.48157137
2017-10-25 04:30:00,UNIDADE MOVEL RECREIO,0.0,19.6,88.0,,,0.03,,,15.1,,,-23.02002468,-43.48157137
2017-10-25 05:30:00,UNIDADE MOVEL RECREIO,0.0,19.83,88.32,,,0.1,,,7.63,,,-23.02002468,-43.48157137
2017-10-25 06:30:00,UNIDADE MOVEL RECREIO,0.0,20.43,84.85,,,0.16,,,10.57,,,-23.02002468,-43.48157137
2017-10-25 07:30:00,UNIDADE MOVEL RECREIO,0.0,22.12,77.48,,,0.13,,,16.91,,,-23.02002468,-43.48157137
2017-10-25 08:30:00,UNIDADE MOVEL RECREIO,0.0,23.38,73.1,,,0.1,,,20.48,,,-23.02002468,-43.48157137
2017-10-25 09:30:00,UNIDADE MOVEL RECREIO,0.0,24.7,64.95,,,0.06,,,31.62,,,-23.02002468,-43.48157137
2017-10-25 10:30:00,UNIDADE MOVEL RECREIO,0.0,25.13,68.32,,,0.06,,,35.26,,,-23.02002468,-43.48157137
2017-10-25 11:30:00,UNIDADE MOVEL RECREIO,0.0,25.08,69.07,,,0.07,,,39.54,,,-23.02002468,-43.48157137
2017-10-25 12:30:00,UNIDADE MOVEL RECREIO,0.0,24.3,72.77,,,0.06,,,51.32,,,-23.02002468,-43.48157137
2017-10-25 13:30:00,UNIDADE MOVEL RECREIO,0.0,23.85,75.9,,,0.03,,,52.18,,,-23.02002468,-43.48157137
2017-10-25 14:30:00,UNIDADE MOVEL RECREIO,0.0,23.85,75.82,,,0.03,,,55.89,,,-23.02002468,-43.48157137
2017-10-25 15:30:00,UNIDADE MOVEL RECREIO,0.0,23.98,74.38,,,0.04,,,60.4,,,-23.02002468,-43.48157137
2017-10-25 16:30:00,UNIDADE MOVEL RECREIO,0.0,23.85,72.93,,,0.07,,,55.61,,,-23.02002468,-43.48157137
2017-10-25 17:30:00,UNIDADE MOVEL RECREIO,0.0,23.3,74.3,,,0.05,,,50.24,,,-23.02002468,-43.48157137
2017-10-25 18:30:00,UNIDADE MOVEL RECREIO,0.0,23.02,75.08,,,0.09,,,41.44,,,-23.02002468,-43.48157137
2017-10-25 19:30:00,UNIDADE MOVEL RECREIO,0.0,22.53,77.7,,,0.16,,,26.2,,,-23.02002468,-43.48157137
2017-10-25 20:30:00,UNIDADE MOVEL RECREIO,0.0,22.33,79.3,,,0.18,,,10.69,,,-23.02002468,-43.48157137
2017-10-25 21:30:00,UNIDADE MOVEL RECREIO,0.0,22.08,80.85,,,0.18,,,11.98,,,-23.02002468,-43.48157137
2017-10-25 22:30:00,UNIDADE MOVEL RECREIO,0.0,21.48,84.0,,,0.2,,,8.9,,,-23.02002468,-43.48157137
2017-10-25 23:30:00,UNIDADE MOVEL RECREIO,0.0,21.23,85.93,,,0.2,,,5.07,,,-23.02002468,-43.48157137
2017-10-26 00:30:00,UNIDADE MOVEL RECREIO,0.0,21.03,86.6,0.08,,0.09,,,7.32,,,-23.02002468,-43.48157137
2017-10-26 01:30:00,UNIDADE MOVEL RECREIO,0.0,21.03,86.88,0.23,,0.07,,,7.95,,,-23.02002468,-43.48157137
2017-10-26 02:30:00,UNIDADE MOVEL RECREIO,0.0,21.45,84.2,0.73,,0.03,,,18.22,,,-23.02002468,-43.48157137
2017-10-26 03:30:00,UNIDADE MOVEL RECREIO,0.0,21.42,83.27,1.18,,0.01,,,47.87,,,-23.02002468,-43.48157137
2017-10-26 04:30:00,UNIDADE MOVEL RECREIO,0.0,21.4,82.5,1.32,,0.01,,,38.05,,,-23.02002468,-43.48157137
2017-10-26 05:30:00,UNIDADE MOVEL RECREIO,0.0,21.33,82.58,1.66,,0.07,,,14.27,,,-23.02002468,-43.48157137
2017-10-26 06:30:00,UNIDADE MOVEL RECREIO,0.0,21.93,78.8,2.28,,0.35,,,11.61,,,-23.02002468,-43.48157137
2017-10-26 07:30:00,UNIDADE MOVEL RECREIO,0.0,23.23,73.73,2.43,,0.21,,,19.29,,,-23.02002468,-43.48157137
2017-10-26 08:30:00,UNIDADE MOVEL RECREIO,0.0,23.28,72.93,2.88,,0.07,,,18.02,,,-23.02002468,-43.48157137
2017-10-26 09:30:00,UNIDADE MOVEL RECREIO,0.0,22.6,74.02,2.91,,0.02,,,32.49,,,-23.02002468,-43.48157137
2017-10-26 10:30:00,UNIDADE MOVEL RECREIO,6.0,20.6,86.88,0.6,,0.06,,,35.73,,,-23.02002468,-43.48157137
2017-10-26 11:30:00,UNIDADE MOVEL RECREIO,0.0,21.42,88.57,0.3,,0.13,,,33.13,,,-23.02002468,-43.48157137
2017-10-26 12:30:00,UNIDADE MOVEL RECREIO,0.0,25.3,66.57,0.0,,0.08,,,46.34,,,-23.02002468,-43.48157137
2017-10-26 13:30:00,UNIDADE MOVEL RECREIO,0.0,27.28,59.08,1.0,,0.12,,,54.85,,,-23.02002468,-43.48157137
2017-10-26 14:30:00,UNIDADE MOVEL RECREIO,0.0,29.47,46.9,6.95,,0.07,,,73.29,,,-23.02002468,-43.48157137
2017-10-26 15:30:00,UNIDADE MOVEL RECREIO,0.0,30.53,44.0,13.35,,0.07,,,87.71,,,-23.02002468,-43.48157137
2017-10-26 16:30:00,UNIDADE MOVEL RECREIO,0.0,27.03,56.53,16.57,,0.06,,,88.13,,,-23.02002468,-43.48157137
2017-10-26 17:30:00,UNIDADE MOVEL RECREIO,0.0,23.95,65.52,11.43,,0.03,,,68.95,,,-23.02002468,-43.48157137
2017-10-26 18:30:00,UNIDADE MOVEL RECREIO,0.0,23.43,69.5,10.17,,0.11,,,50.66,,,-23.02002468,-43.48157137
2017-10-26 19:30:00,UNIDADE MOVEL RECREIO,0.0,23.23,71.38,9.34,,0.18,,,26.35,,,-23.02002468,-43.48157137
2017-10-26 20:30:00,UNIDADE MOVEL RECREIO,0.0,22.42,77.27,8.91,,0.17,,,24.26,,,-23.02002468,-43.48157137
2017-10-26 21:30:00,UNIDADE MOVEL RECREIO,0.0,22.28,76.67,8.68,,0.16,,,19.87,,,-23.02002468,-43.48157137
2017-10-26 22:30:00,UNIDADE MOVEL RECREIO,0.0,21.75,78.65,8.31,,0.12,,,22.3,,,-23.02002468,-43.48157137
2017-10-26 23:30:00,UNIDADE MOVEL RECREIO,0.0,21.3,83.32,4.17,,0.29,,,8.04,,,-23.02002468,-43.48157137
2017-10-27 00:30:00,UNIDADE MOVEL RECREIO,0.0,21.6,83.5,0.03,,0.18,,,10.37,,,-23.02002468,-43.48157137
2017-10-27 01:30:00,UNIDADE MOVEL RECREIO,1.0,21.52,86.18,0.0,,0.12,,,16.5,,,-23.02002468,-43.48157137
2017-10-27 02:30:00,UNIDADE MOVEL RECREIO,0.0,21.07,88.72,0.0,,0.1,,,20.88,,,-23.02002468,-43.48157137
2017-10-27 03:30:00,UNIDADE MOVEL RECREIO,0.0,20.93,89.13,0.0,,0.09,,,17.61,,,-23.02002468,-43.48157137
2017-10-27 04:30:00,UNIDADE MOVEL RECREIO,0.0,20.98,89.13,0.01,,0.18,,,6.53,,,-23.02002468,-43.48157137
2017-10-27 05:30:00,UNIDADE MOVEL RECREIO,0.0,21.47,84.72,0.05,,0.23,,,8.98,,,-23.02002468,-43.48157137
2017-10-27 06:30:00,UNIDADE MOVEL RECREIO,0.0,22.97,77.62,0.54,,0.73,,,9.87,,,-23.02002468,-43.48157137
2017-10-27 07:30:00,UNIDADE MOVEL RECREIO,0.0,23.72,72.87,0.76,,0.36,,,18.85,,,-23.02002468,-43.48157137
2017-10-27 08:30:00,UNIDADE MOVEL RECREIO,1.0,27.07,57.18,1.18,,0.29,,,25.23,,,-23.02002468,-43.48157137
2017-10-27 09:30:00,UNIDADE MOVEL RECREIO,0.0,22.77,77.45,0.79,,0.09,,,41.55,,,-23.02002468,-43.48157137
2017-10-27 10:30:00,UNIDADE MOVEL RECREIO,0.0,21.63,86.92,0.66,,0.12,,,39.77,,,-23.02002468,-43.48157137
2017-10-27 11:30:00,UNIDADE MOVEL RECREIO,0.0,22.85,82.58,0.23,,0.17,,,38.2,,,-23.02002468,-43.48157137
2017-10-27 12:30:00,UNIDADE MOVEL RECREIO,0.0,24.03,76.13,0.43,,0.28,,,36.45,,,-23.02002468,-43.48157137
2017-10-27 13:30:00,UNIDADE MOVEL RECREIO,0.0,24.2,73.65,0.77,,0.12,,,55.22,,,-23.02002468,-43.48157137
2017-10-27 14:30:00,UNIDADE MOVEL RECREIO,0.0,23.1,76.58,1.9,,0.09,,,67.62,,,-23.02002468,-43.48157137
2017-10-27 15:30:00,UNIDADE MOVEL RECREIO,0.0,22.55,78.88,2.4,,0.12,,,65.56,,,-23.02002468,-43.48157137
2017-10-27 16:30:00,UNIDADE MOVEL RECREIO,0.0,23.43,74.73,2.11,,0.16,,,48.12,,,-23.02002468,-43.48157137
2017-10-27 17:30:00,UNIDADE MOVEL RECREIO,0.0,22.5,77.4,1.75,,0.18,,,48.46,,,-23.02002468,-43.48157137
2017-10-27 18:30:00,UNIDADE MOVEL RECREIO,0.0,22.43,77.22,1.58,,0.23,,,37.91,,,-23.02002468,-43.48157137
2017-10-27 19:30:00,UNIDADE MOVEL RECREIO,0.0,22.85,77.63,1.71,,0.41,,,14.79,,,-23.02002468,-43.48157137
2017-10-27 20:30:00,UNIDADE MOVEL RECREIO,0.0,23.07,79.98,1.57,,0.57,,,10.22,,,-23.02002468,-43.48157137
2017-10-27 21:30:00,UNIDADE MOVEL RECREIO,0.0,22.97,80.3,2.27,,0.23,,,42.02,,,-23.02002468,-43.48157137
2017-10-27 22:30:00,UNIDADE MOVEL RECREIO,1.0,22.47,78.85,1.16,,0.06,,,59.85,,,-23.02002468,-43.48157137
2017-10-27 23:30:00,UNIDADE MOVEL RECREIO,1.0,21.23,87.15,0.6849999999999999,,0.09,,,50.36,,,-23.02002468,-43.48157137
2017-10-28 00:30:00,UNIDADE MOVEL RECREIO,0.0,21.07,89.62,0.21,,0.1,,,43.74,,,-23.02002468,-43.48157137
2017-10-28 01:30:00,UNIDADE MOVEL RECREIO,0.0,22.18,78.62,0.04,,0.08,,,51.54,,,-23.02002468,-43.48157137
2017-10-28 02:30:00,UNIDADE MOVEL RECREIO,0.0,23.45,66.5,0.0,,0.05,,,70.35,,,-23.02002468,-43.48157137
2017-10-28 03:30:00,UNIDADE MOVEL RECREIO,0.0,25.47,54.87,0.0,,0.04,,,70.35,,,-23.02002468,-43.48157137
2017-10-28 04:30:00,UNIDADE MOVEL RECREIO,0.0,25.87,53.05,0.0,,0.05,,,63.43,,,-23.02002468,-43.48157137
2017-10-28 05:30:00,UNIDADE MOVEL RECREIO,0.0,26.43,49.42,0.0,,0.05,,,58.91,,,-23.02002468,-43.48157137
2017-10-28 06:30:00,UNIDADE MOVEL RECREIO,0.0,26.65,48.98,0.0,,0.07,,,54.45,,,-23.02002468,-43.48157137
2017-10-28 07:30:00,UNIDADE MOVEL RECREIO,0.0,27.92,44.48,0.02,,0.07,,,56.21,,,-23.02002468,-43.48157137
2017-10-28 08:30:00,UNIDADE MOVEL RECREIO,0.0,29.38,40.43,0.81,,0.12,,,56.94,,,-23.02002468,-43.48157137
2017-10-28 09:30:00,UNIDADE MOVEL RECREIO,0.0,29.45,41.03,2.52,,0.09,,,58.23,,,-23.02002468,-43.48157137
2017-10-28 10:30:00,UNIDADE MOVEL RECREIO,0.0,31.18,38.6,3.62,,0.09,,,60.22,,,-23.02002468,-43.48157137
2017-10-28 11:30:00,UNIDADE MOVEL RECREIO,0.0,31.33,39.8,6.13,,0.17,,,54.12,,,-23.02002468,-43.48157137
2017-10-28 12:30:00,UNIDADE MOVEL RECREIO,0.0,33.77,35.28,7.29,,0.19,,,58.76,,,-23.02002468,-43.48157137
2017-10-28 13:30:00,UNIDADE MOVEL RECREIO,0.0,33.73,34.95,11.12,,0.19,,,58.88,,,-23.02002468,-43.48157137
2017-10-28 14:30:00,UNIDADE MOVEL RECREIO,0.0,32.05,39.05,11.69,,0.1,,,65.5,,,-23.02002468,-43.48157137
2017-10-28 15:30:00,UNIDADE MOVEL RECREIO,0.0,26.08,55.07,13.29,,0.03,,,94.83,,,-23.02002468,-43.48157137
2017-10-28 16:30:00,UNIDADE MOVEL RECREIO,0.0,26.4,55.0,14.14,,0.03,,,108.96,,,-23.02002468,-43.48157137
2017-10-28 17:30:00,UNIDADE MOVEL RECREIO,0.0,26.62,54.73,12.31,,0.03,,,100.05,,,-23.02002468,-43.48157137
2017-10-28 18:30:00,UNIDADE MOVEL RECREIO,0.0,26.0,55.48,9.3,,0.08,,,77.84,,,-23.02002468,-43.48157137
2017-10-28 19:30:00,UNIDADE MOVEL RECREIO,0.0,25.5,56.45,7.67,,0.08,,,71.4,,,-23.02002468,-43.48157137
2017-10-28 20:30:00,UNIDADE MOVEL RECREIO,0.0,23.23,68.88,6.67,,0.1,,,68.75,,,-23.02002468,-43.48157137
2017-10-28 21:30:00,UNIDADE MOVEL RECREIO,0.0,23.98,67.32,6.09,,0.28,,,31.28,,,-23.02002468,-43.48157137
2017-10-28 22:30:00,UNIDADE MOVEL RECREIO,0.0,23.92,65.02,5.6,,0.13,,,43.6,,,-23.02002468,-43.48157137
2017-10-28 23:30:00,UNIDADE MOVEL RECREIO,0.0,23.17,70.02,2.925,,0.18,,,47.41,,,-23.02002468,-43.48157137
2017-10-29 00:30:00,UNIDADE MOVEL RECREIO,0.0,22.63,73.7,0.25,,0.23,,,20.57,,,-23.02002468,-43.48157137
2017-10-29 01:30:00,UNIDADE MOVEL RECREIO,0.0,22.27,72.9,0.0,,0.2,,,27.24,,,-23.02002468,-43.48157137
2017-10-29 02:30:00,UNIDADE MOVEL RECREIO,0.0,22.43,70.7,0.0,,0.15,,,33.77,,,-23.02002468,-43.48157137
2017-10-29 03:30:00,UNIDADE MOVEL RECREIO,0.0,21.93,72.38,0.0,,0.09,,,39.8,,,-23.02002468,-43.48157137
2017-10-29 04:30:00,UNIDADE MOVEL RECREIO,0.0,21.7,73.33,0.0,,0.09,,,35.51,,,-23.02002468,-43.48157137
2017-10-29 05:30:00,UNIDADE MOVEL RECREIO,0.0,21.83,73.58,0.0,,0.12,,,29.69,,,-23.02002468,-43.48157137
2017-10-29 06:30:00,UNIDADE MOVEL RECREIO,0.0,22.85,70.82,0.0,,0.09,,,40.87,,,-23.02002468,-43.48157137
2017-10-29 07:30:00,UNIDADE MOVEL RECREIO,0.0,24.38,67.88,0.0,,0.04,,,69.38,,,-23.02002468,-43.48157137
2017-10-29 08:30:00,UNIDADE MOVEL RECREIO,0.0,24.95,68.9,0.0,,0.03,,,78.23,,,-23.02002468,-43.48157137
2017-10-29 09:30:00,UNIDADE MOVEL RECREIO,0.0,25.4,70.25,0.23,,0.04,,,77.18,,,-23.02002468,-43.48157137
2017-10-29 10:30:00,UNIDADE MOVEL RECREIO,0.0,25.27,73.4,1.95,,0.04,,,77.75,,,-23.02002468,-43.48157137
2017-10-29 11:30:00,UNIDADE MOVEL RECREIO,0.0,25.15,73.77,2.82,,0.03,,,77.66,,,-23.02002468,-43.48157137
2017-10-29 12:30:00,UNIDADE MOVEL RECREIO,0.0,24.55,75.07,2.35,,0.03,,,76.54,,,-23.02002468,-43.48157137
2017-10-29 13:30:00,UNIDADE MOVEL RECREIO,0.0,24.85,72.93,1.64,,0.03,,,75.78,,,-23.02002468,-43.48157137
2017-10-29 14:30:00,UNIDADE MOVEL RECREIO,0.0,24.55,73.32,1.87,,0.03,,,75.93,,,-23.02002468,-43.48157137
2017-10-29 15:30:00,UNIDADE MOVEL RECREIO,0.0,24.18,72.57,1.87,,0.01,,,76.36,,,-23.02002468,-43.48157137
2017-10-29 16:30:00,UNIDADE MOVEL RECREIO,0.0,24.22,68.13,1.05,,0.02,,,69.73,,,-23.02002468,-43.48157137
2017-10-29 17:30:00,UNIDADE MOVEL RECREIO,0.0,23.48,71.9,0.38,,0.01,,,70.22,,,-23.02002468,-43.48157137
2017-10-29 18:30:00,UNIDADE MOVEL RECREIO,0.0,23.45,67.85,0.0,,0.02,,,77.47,,,-23.02002468,-43.48157137
2017-10-29 19:30:00,UNIDADE MOVEL RECREIO,0.0,23.18,69.45,0.0,,0.02,,,74.86,,,-23.02002468,-43.48157137
2017-10-29 20:30:00,UNIDADE MOVEL RECREIO,0.0,23.25,69.53,0.0,,0.01,,,73.08,,,-23.02002468,-43.48157137
2017-10-29 21:30:00,UNIDADE MOVEL RECREIO,0.0,22.93,69.97,0.0,,0.01,,,72.82,,,-23.02002468,-43.48157137
2017-10-29 22:30:00,UNIDADE MOVEL RECREIO,0.0,22.47,72.62,0.0,,0.01,,,71.04,,,-23.02002468,-43.48157137
2017-10-29 23:30:00,UNIDADE MOVEL RECREIO,0.0,22.15,74.92,0.11,,0.01,,,69.48,,,-23.02002468,-43.48157137
2017-10-30 00:30:00,UNIDADE MOVEL RECREIO,0.0,21.93,76.63,0.22,,0.04,,,64.78,,,-23.02002468,-43.48157137
2017-10-30 01:30:00,UNIDADE MOVEL RECREIO,0.0,21.65,75.32,0.16,,0.05,,,47.91,,,-23.02002468,-43.48157137
2017-10-30 02:30:00,UNIDADE MOVEL RECREIO,0.0,21.63,76.62,0.01,,0.05,,,40.97,,,-23.02002468,-43.48157137
2017-10-30 03:30:00,UNIDADE MOVEL RECREIO,0.0,21.75,77.63,0.0,,0.04,,,43.4,,,-23.02002468,-43.48157137
2017-10-30 04:30:00,UNIDADE MOVEL RECREIO,0.0,21.58,79.03,0.0,,0.03,,,58.73,,,-23.02002468,-43.48157137
2017-10-30 05:30:00,UNIDADE MOVEL RECREIO,0.0,21.17,82.55,0.0,,0.04,,,51.91,,,-23.02002468,-43.48157137
2017-10-30 06:30:00,UNIDADE MOVEL RECREIO,0.0,21.42,82.42,0.0,,0.07,,,42.79,,,-23.02002468,-43.48157137
2017-10-30 07:30:00,UNIDADE MOVEL RECREIO,0.0,22.25,79.4,0.0,,0.07,,,40.02,,,-23.02002468,-43.48157137
2017-10-30 08:30:00,UNIDADE MOVEL RECREIO,0.0,23.28,74.68,0.01,,0.08,,,45.02,,,-23.02002468,-43.48157137
2017-10-30 09:30:00,UNIDADE MOVEL RECREIO,0.0,23.8,75.1,0.75,,0.06,,,47.87,,,-23.02002468,-43.48157137
2017-10-30 10:30:00,UNIDADE MOVEL RECREIO,0.0,23.7,73.18,2.04,,0.06,,,50.94,,,-23.02002468,-43.48157137
2017-10-30 11:30:00,UNIDADE MOVEL RECREIO,0.0,24.57,69.53,2.79,,0.06,,,57.41,,,-23.02002468,-43.48157137
2017-10-30 12:30:00,UNIDADE MOVEL RECREIO,0.0,24.77,70.42,4.18,,0.06,,,55.22,,,-23.02002468,-43.48157137
2017-10-30 13:30:00,UNIDADE MOVEL RECREIO,0.0,24.15,72.37,4.79,,0.05,,,58.36,,,-23.02002468,-43.48157137
2017-10-30 14:30:00,UNIDADE MOVEL RECREIO,0.0,24.0,74.7,5.3,,0.05,,,52.87,,,-23.02002468,-43.48157137
2017-10-30 15:30:00,UNIDADE MOVEL RECREIO,0.0,23.13,78.9,5.33,,0.07,,,53.08,,,-23.02002468,-43.48157137
2017-10-30 16:30:00,UNIDADE MOVEL RECREIO,0.0,22.73,81.42,4.24,,0.08,,,51.79,,,-23.02002468,-43.48157137
2017-10-30 17:30:00,UNIDADE MOVEL RECREIO,0.0,22.07,84.95,3.2,,0.09,,,50.74,,,-23.02002468,-43.48157137
2017-10-30 18:30:00,UNIDADE MOVEL RECREIO,1.0,21.43,89.18,2.65,,0.07,,,47.19,,,-23.02002468,-43.48157137
2017-10-30 19:30:00,UNIDADE MOVEL RECREIO,0.0,21.37,91.25,2.28,,0.08,,,40.22,,,-23.02002468,-43.48157137
2017-10-30 20:30:00,UNIDADE MOVEL RECREIO,0.0,22.15,88.9,1.69,,0.11,,,43.5,,,-23.02002468,-43.48157137
2017-10-30 21:30:00,UNIDADE MOVEL RECREIO,1.0,22.27,85.8,1.28,,0.16,,,49.84,,,-23.02002468,-43.48157137
2017-10-30 22:30:00,UNIDADE MOVEL RECREIO,0.0,22.03,87.27,1.14,,0.14,,,50.45,,,-23.02002468,-43.48157137
2017-10-30 23:30:00,UNIDADE MOVEL RECREIO,0.0,22.18,86.42,0.7449999999999999,,0.09,,,52.95,,,-23.02002468,-43.48157137
2017-10-31 00:30:00,UNIDADE MOVEL RECREIO,0.0,22.28,86.98,0.35,,0.07,,,39.56,,,-23.02002468,-43.48157137
2017-10-31 01:30:00,UNIDADE MOVEL RECREIO,0.0,22.45,87.62,0.14,,0.08,,,32.01,,,-23.02002468,-43.48157137
2017-10-31 02:30:00,UNIDADE MOVEL RECREIO,0.0,22.53,85.52,0.1,,0.07,,,31.6,,,-23.02002468,-43.48157137
2017-10-31 03:30:00,UNIDADE MOVEL RECREIO,0.0,21.92,86.53,0.0,,0.06,,,33.92,,,-23.02002468,-43.48157137
2017-10-31 04:30:00,UNIDADE MOVEL RECREIO,0.0,20.83,89.52,0.0,,0.03,,,44.92,,,-23.02002468,-43.48157137
2017-10-31 05:30:00,UNIDADE MOVEL RECREIO,0.0,21.32,88.08,0.0,,0.06,,,38.5,,,-23.02002468,-43.48157137
2017-10-31 06:30:00,UNIDADE MOVEL RECREIO,0.0,22.85,79.87,0.0,,0.15,,,40.54,,,-23.02002468,-43.48157137
2017-10-31 07:30:00,UNIDADE MOVEL RECREIO,0.0,24.42,73.47,0.0,,0.13,,,39.75,,,-23.02002468,-43.48157137
2017-10-31 08:30:00,UNIDADE MOVEL RECREIO,0.0,24.77,73.13,0.62,,0.06,,,45.7,,,-23.02002468,-43.48157137
2017-10-31 09:30:00,UNIDADE MOVEL RECREIO,0.0,22.92,79.23,0.77,,0.04,,,54.66,,,-23.02002468,-43.48157137
2017-10-31 10:30:00,UNIDADE MOVEL RECREIO,0.0,23.12,76.92,0.55,,0.04,,,58.75,,,-23.02002468,-43.48157137
2017-10-31 11:30:00,UNIDADE MOVEL RECREIO,0.0,23.93,71.27,0.02,,0.04,,,68.36,,,-23.02002468,-43.48157137
2017-10-31 12:30:00,UNIDADE MOVEL RECREIO,0.0,23.15,74.65,0.0,,0.03,,,59.73,,,-23.02002468,-43.48157137
2017-10-31 13:30:00,UNIDADE MOVEL RECREIO,0.0,22.9,76.3,0.0,,0.03,,,57.15,,,-23.02002468,-43.48157137
2017-10-31 14:30:00,UNIDADE MOVEL RECREIO,0.0,22.33,79.53,0.0,,0.03,,,53.59,,,-23.02002468,-43.48157137
2017-10-31 15:30:00,UNIDADE MOVEL RECREIO,0.0,22.27,79.38,0.0,,0.03,,,48.59,,,-23.02002468,-43.48157137
2017-10-31 16:30:00,UNIDADE MOVEL RECREIO,0.0,22.12,79.92,0.0,,0.03,,,48.84,,,-23.02002468,-43.48157137
2017-10-31 17:30:00,UNIDADE MOVEL RECREIO,0.0,22.07,79.78,0.0,,0.02,,,50.0,,,-23.02002468,-43.48157137
2017-10-31 18:30:00,UNIDADE MOVEL RECREIO,0.0,21.97,80.38,0.0,,0.02,,,49.7,,,-23.02002468,-43.48157137
2017-10-31 19:30:00,UNIDADE MOVEL RECREIO,0.0,21.92,80.95,0.0,,0.02,,,46.66,,,-23.02002468,-43.48157137
2017-10-31 20:30:00,UNIDADE MOVEL RECREIO,0.0,21.63,81.73,0.0,,0.02,,,40.73,,,-23.02002468,-43.48157137
2017-10-31 21:30:00,UNIDADE MOVEL RECREIO,0.0,21.7,79.57,0.0,,0.01,,,42.77,,,-23.02002468,-43.48157137
2017-10-31 22:30:00,UNIDADE MOVEL RECREIO,0.0,21.52,78.28,0.0,,0.01,,,44.42,,,-23.02002468,-43.48157137
2017-10-31 23:30:00,UNIDADE MOVEL RECREIO,0.0,21.38,77.43,0.030000000000000002,,0.01,,,47.14,,,-23.02002468,-43.48157137
2017-11-01 00:30:00,UNIDADE MOVEL RECREIO,0.0,21.32,76.8,0.06,,0.01,,,50.32,,,-23.02002468,-43.48157137
2017-11-01 01:30:00,UNIDADE MOVEL RECREIO,0.0,21.17,75.88,0.01,,0.01,,,51.95,,,-23.02002468,-43.48157137
2017-11-01 02:30:00,UNIDADE MOVEL RECREIO,0.0,21.2,74.28,0.0,,0.01,,,52.99,,,-23.02002468,-43.48157137
2017-11-01 03:30:00,UNIDADE MOVEL RECREIO,0.0,21.07,74.45,0.0,,0.01,,,52.81,,,-23.02002468,-43.48157137
2017-11-01 04:30:00,UNIDADE MOVEL RECREIO,0.0,20.85,72.87,0.0,,0.0,,,54.5,,,-23.02002468,-43.48157137
2017-11-01 05:30:00,UNIDADE MOVEL RECREIO,0.0,21.07,69.5,0.0,,0.0,,,49.96,,,-23.02002468,-43.48157137
2017-11-01 06:30:00,UNIDADE MOVEL RECREIO,0.0,21.45,67.67,0.0,,0.01,,,43.89,,,-23.02002468,-43.48157137
2017-11-01 07:30:00,UNIDADE MOVEL RECREIO,0.0,22.15,65.68,0.0,,0.01,,,48.96,,,-23.02002468,-43.48157137
2017-11-01 08:30:00,UNIDADE MOVEL RECREIO,0.0,22.9,62.25,0.0,,0.01,,,51.72,,,-23.02002468,-43.48157137
2017-11-01 09:30:00,UNIDADE MOVEL RECREIO,0.0,23.2,59.65,0.12,,0.01,,,50.33,,,-23.02002468,-43.48157137
2017-11-01 10:30:00,UNIDADE MOVEL RECREIO,0.0,23.65,58.03,0.55,,0.0,,,50.53,,,-23.02002468,-43.48157137
2017-11-01 11:30:00,UNIDADE MOVEL RECREIO,0.0,24.1,57.27,1.01,,0.03,,,50.36,,,-23.02002468,-43.48157137
2017-11-01 12:30:00,UNIDADE MOVEL RECREIO,0.0,24.08,63.35,2.01,,0.0,,,48.04,,,-23.02002468,-43.48157137
2017-11-01 13:30:00,UNIDADE MOVEL RECREIO,0.0,23.87,59.67,3.15,,0.0,,,44.59,,,-23.02002468,-43.48157137
2017-11-01 14:30:00,UNIDADE MOVEL RECREIO,0.0,23.65,56.75,3.7,,0.0,,,43.34,,,-23.02002468,-43.48157137
2017-11-01 15:30:00,UNIDADE MOVEL RECREIO,0.0,23.45,55.85,3.84,,0.0,,,42.47,,,-23.02002468,-43.48157137
2017-11-01 16:30:00,UNIDADE MOVEL RECREIO,0.0,22.3,59.17,3.73,,0.01,,,40.02,,,-23.02002468,-43.48157137
2017-11-01 17:30:00,UNIDADE MOVEL RECREIO,0.0,21.55,62.5,3.5,,0.01,,,37.73,,,-23.02002468,-43.48157137
2017-11-01 18:30:00,UNIDADE MOVEL RECREIO,0.0,21.17,62.42,3.11,,0.01,,,35.13,,,-23.02002468,-43.48157137
2017-11-01 19:30:00,UNIDADE MOVEL RECREIO,0.0,21.05,62.18,2.5,,0.0,,,36.69,,,-23.02002468,-43.48157137
2017-11-01 20:30:00,UNIDADE MOVEL RECREIO,0.0,20.88,64.13,1.85,,0.01,,,44.32,,,-23.02002468,-43.48157137
2017-11-01 21:30:00,UNIDADE MOVEL RECREIO,0.0,19.63,69.58,1.77,,0.07,,,25.43,,,-23.02002468,-43.48157137
2017-11-01 22:30:00,UNIDADE MOVEL RECREIO,0.0,18.58,74.6,1.52,,0.07,,,16.5,,,-23.02002468,-43.48157137
2017-11-01 23:30:00,UNIDADE MOVEL RECREIO,0.0,18.47,76.85,0.775,,0.13,,,8.44,,,-23.02002468,-43.48157137
2017-11-02 00:30:00,UNIDADE MOVEL RECREIO,0.0,18.12,78.3,0.03,,0.09,,,11.88,,,-23.02002468,-43.48157137
2017-11-02 01:30:00,UNIDADE MOVEL RECREIO,0.0,17.53,80.75,0.0,,0.04,,,17.56,,,-23.02002468,-43.48157137
2017-11-02 02:30:00,UNIDADE MOVEL RECREIO,0.0,17.35,81.87,0.0,,0.03,,,14.0,,,-23.02002468,-43.48157137
2017-11-02 03:30:00,UNIDADE MOVEL RECREIO,0.0,17.1,82.48,0.0,,0.02,,,20.58,,,-23.02002468,-43.48157137
2017-11-02 04:30:00,UNIDADE MOVEL RECREIO,0.0,17.3,80.85,0.0,,0.03,,,18.29,,,-23.02002468,-43.48157137
2017-11-02 05:30:00,UNIDADE MOVEL RECREIO,0.0,17.02,80.05,0.0,,0.04,,,13.57,,,-23.02002468,-43.48157137
2017-11-02 06:30:00,UNIDADE MOVEL RECREIO,0.0,18.25,75.95,0.0,,0.07,,,15.93,,,-23.02002468,-43.48157137
2017-11-02 07:30:00,UNIDADE MOVEL RECREIO,0.0,21.08,62.7,0.0,,0.07,,,22.28,,,-23.02002468,-43.48157137
2017-11-02 08:30:00,UNIDADE MOVEL RECREIO,0.0,22.1,58.88,0.0,,0.02,,,35.55,,,-23.02002468,-43.48157137
2017-11-02 09:30:00,UNIDADE MOVEL RECREIO,0.0,23.1,52.27,0.0,,0.01,,,40.75,,,-23.02002468,-43.48157137
2017-11-02 10:30:00,UNIDADE MOVEL RECREIO,0.0,23.18,54.73,0.74,,0.01,,,44.26,,,-23.02002468,-43.48157137
2017-11-02 11:30:00,UNIDADE MOVEL RECREIO,0.0,23.03,56.92,1.7,,0.01,,,46.11,,,-23.02002468,-43.48157137
2017-11-02 12:30:00,UNIDADE MOVEL RECREIO,0.0,23.15,58.3,2.35,,0.01,,,47.62,,,-23.02002468,-43.48157137
2017-11-02 13:30:00,UNIDADE MOVEL RECREIO,0.0,23.35,59.13,2.52,,0.01,,,50.23,,,-23.02002468,-43.48157137
2017-11-02 14:30:00,UNIDADE MOVEL RECREIO,0.0,22.93,60.18,3.16,,0.01,,,46.27,,,-23.02002468,-43.48157137
2017-11-02 15:30:00,UNIDADE MOVEL RECREIO,0.0,22.3,63.5,3.13,,0.01,,,45.12,,,-23.02002468,-43.48157137
2017-11-02 16:30:00,UNIDADE MOVEL RECREIO,0.0,22.42,60.27,2.32,,0.01,,,39.23,,,-23.02002468,-43.48157137
2017-11-02 17:30:00,UNIDADE MOVEL RECREIO,0.0,21.68,60.93,1.87,,0.01,,,38.4,,,-23.02002468,-43.48157137
2017-11-02 18:30:00,UNIDADE MOVEL RECREIO,0.0,21.35,57.98,1.14,,0.01,,,35.52,,,-23.02002468,-43.48157137
2017-11-02 19:30:00,UNIDADE MOVEL RECREIO,0.0,21.58,51.92,0.54,,0.01,,,39.74,,,-23.02002468,-43.48157137
2017-11-02 20:30:00,UNIDADE MOVEL RECREIO,0.0,21.53,58.47,0.27,,0.02,,,36.81,,,-23.02002468,-43.48157137
2017-11-02 21:30:00,UNIDADE MOVEL RECREIO,0.0,21.67,56.47,0.17,,0.03,,,31.38,,,-23.02002468,-43.48157137
2017-11-02 22:30:00,UNIDADE MOVEL RECREIO,0.0,21.6,54.33,0.0,,0.02,,,30.68,,,-23.02002468,-43.48157137
2017-11-02 23:30:00,UNIDADE MOVEL RECREIO,0.0,20.87,60.05,0.0,,0.02,,,29.45,,,-23.02002468,-43.48157137
2017-11-03 00:30:00,UNIDADE MOVEL RECREIO,0.0,20.22,69.85,0.0,,0.01,,,31.94,,,-23.02002468,-43.48157137
2017-11-03 01:30:00,UNIDADE MOVEL RECREIO,0.0,19.8,75.7,0.0,,0.01,,,32.56,,,-23.02002468,-43.48157137
2017-11-03 02:30:00,UNIDADE MOVEL RECREIO,0.0,18.75,77.68,0.0,,0.02,,,25.37,,,-23.02002468,-43.48157137
2017-11-03 03:30:00,UNIDADE MOVEL RECREIO,0.0,17.73,78.77,0.0,,0.03,,,15.43,,,-23.02002468,-43.48157137
2017-11-03 04:30:00,UNIDADE MOVEL RECREIO,0.0,17.48,80.02,0.0,,0.04,,,10.78,,,-23.02002468,-43.48157137
2017-11-03 05:30:00,UNIDADE MOVEL RECREIO,0.0,17.3,80.8,0.0,,0.08,,,7.65,,,-23.02002468,-43.48157137
2017-11-03 06:30:00,UNIDADE MOVEL RECREIO,0.0,18.9,75.02,0.0,,0.09,,,11.1,,,-23.02002468,-43.48157137
2017-11-03 07:30:00,UNIDADE MOVEL RECREIO,0.0,21.85,63.67,0.0,,0.13,,,16.91,,,-23.02002468,-43.48157137
2017-11-03 08:30:00,UNIDADE MOVEL RECREIO,0.0,23.18,59.55,0.46,,0.07,,,25.11,,,-23.02002468,-43.48157137
2017-11-03 09:30:00,UNIDADE MOVEL RECREIO,0.0,23.17,60.43,1.21,,0.04,,,37.35,,,-23.02002468,-43.48157137
2017-11-03 10:30:00,UNIDADE MOVEL RECREIO,0.0,23.97,56.87,2.46,,0.03,,,46.54,,,-23.02002468,-43.48157137
2017-11-03 11:30:00,UNIDADE MOVEL RECREIO,0.0,24.93,53.15,3.83,,0.03,,,50.69,,,-23.02002468,-43.48157137
2017-11-03 12:30:00,UNIDADE MOVEL RECREIO,0.0,25.38,57.08,5.26,,0.03,,,49.48,,,-23.02002468,-43.48157137
2017-11-03 13:30:00,UNIDADE MOVEL RECREIO,0.0,25.07,60.77,7.18,,0.03,,,51.41,,,-23.02002468,-43.48157137
2017-11-03 14:30:00,UNIDADE MOVEL RECREIO,0.0,25.13,60.82,8.99,,0.03,,,50.13,,,-23.02002468,-43.48157137
2017-11-03 15:30:00,UNIDADE MOVEL RECREIO,0.0,24.37,64.38,9.84,,0.03,,,51.09,,,-23.02002468,-43.48157137
2017-11-03 16:30:00,UNIDADE MOVEL RECREIO,0.0,24.15,65.88,9.13,,0.03,,,47.92,,,-23.02002468,-43.48157137
2017-11-03 17:30:00,UNIDADE MOVEL RECREIO,0.0,23.28,70.32,8.04,,0.06,,,44.43,,,-23.02002468,-43.48157137
2017-11-03 18:30:00,UNIDADE MOVEL RECREIO,0.0,22.8,71.5,6.9,,0.08,,,38.57,,,-23.02002468,-43.48157137
2017-11-03 19:30:00,UNIDADE MOVEL RECREIO,0.0,22.33,74.1,5.89,,0.21,,,25.0,,,-23.02002468,-43.48157137
2017-11-03 20:30:00,UNIDADE MOVEL RECREIO,0.0,21.77,77.23,5.06,,0.32,,,14.79,,,-23.02002468,-43.48157137
2017-11-03 21:30:00,UNIDADE MOVEL RECREIO,0.0,21.92,76.6,4.62,,0.64,,,8.17,,,-23.02002468,-43.48157137
2017-11-03 22:30:00,UNIDADE MOVEL RECREIO,0.0,21.85,75.48,4.11,,0.48,,,6.92,,,-23.02002468,-43.48157137
2017-11-03 23:30:00,UNIDADE MOVEL RECREIO,0.0,22.03,73.67,2.06,,0.59,,,8.0,,,-23.02002468,-43.48157137
2017-11-04 00:30:00,UNIDADE MOVEL RECREIO,0.0,21.72,73.85,0.01,,0.23,,,11.36,,,-23.02002468,-43.48157137
2017-11-04 01:30:00,UNIDADE MOVEL RECREIO,0.0,21.52,74.22,0.0,,0.35,,,9.34,,,-23.02002468,-43.48157137
2017-11-04 02:30:00,UNIDADE MOVEL RECREIO,0.0,20.82,77.62,0.0,,0.26,,,7.49,,,-23.02002468,-43.48157137
2017-11-04 03:30:00,UNIDADE MOVEL RECREIO,0.0,21.12,75.95,0.0,,0.15,,,8.64,,,-23.02002468,-43.48157137
2017-11-04 04:30:00,UNIDADE MOVEL RECREIO,0.0,20.52,78.05,0.0,,0.17,,,6.04,,,-23.02002468,-43.48157137
2017-11-04 05:30:00,UNIDADE MOVEL RECREIO,0.0,20.7,77.18,0.0,,0.44,,,5.72,,,-23.02002468,-43.48157137
2017-11-04 06:30:00,UNIDADE MOVEL RECREIO,0.0,23.53,65.87,0.0,,0.2,,,10.22,,,-23.02002468,-43.48157137
2017-11-04 07:30:00,UNIDADE MOVEL RECREIO,0.0,27.08,51.12,0.03,,0.09,,,28.47,,,-23.02002468,-43.48157137
2017-11-04 08:30:00,UNIDADE MOVEL RECREIO,0.0,29.97,41.5,2.37,,0.07,,,40.95,,,-23.02002468,-43.48157137
2017-11-04 09:30:00,UNIDADE MOVEL RECREIO,0.0,31.37,37.13,4.04,,0.08,,,49.28,,,-23.02002468,-43.48157137
2017-11-04 10:30:00,UNIDADE MOVEL RECREIO,0.0,33.0,35.22,5.52,,0.14,,,45.82,,,-23.02002468,-43.48157137
2017-11-04 11:30:00,UNIDADE MOVEL RECREIO,0.0,32.43,35.83,7.72,,0.17,,,42.88,,,-23.02002468,-43.48157137
2017-11-04 12:30:00,UNIDADE MOVEL RECREIO,0.0,32.95,34.73,6.54,,0.11,,,43.39,,,-23.02002468,-43.48157137
2017-11-04 13:30:00,UNIDADE MOVEL RECREIO,0.0,34.37,32.97,9.5,,0.07,,,48.85,,,-23.02002468,-43.48157137
2017-11-04 14:30:00,UNIDADE MOVEL RECREIO,0.0,34.73,32.32,15.68,,0.08,,,50.3,,,-23.02002468,-43.48157137
2017-11-04 15:30:00,UNIDADE MOVEL RECREIO,0.0,34.63,32.68,17.35,,0.08,,,49.7,,,-23.02002468,-43.48157137
2017-11-04 16:30:00,UNIDADE MOVEL RECREIO,0.0,34.32,33.13,15.71,,0.09,,,47.02,,,-23.02002468,-43.48157137
2017-11-04 17:30:00,UNIDADE MOVEL RECREIO,0.0,33.57,34.7,9.92,,0.15,,,40.45,,,-23.02002468,-43.48157137
2017-11-04 18:30:00,UNIDADE MOVEL RECREIO,0.0,32.05,38.27,6.28,,0.24,,,26.2,,,-23.02002468,-43.48157137
2017-11-04 19:30:00,UNIDADE MOVEL RECREIO,0.0,30.85,41.3,5.67,,0.26,,,23.96,,,-23.02002468,-43.48157137
2017-11-04 20:30:00,UNIDADE MOVEL RECREIO,0.0,29.87,45.35,5.18,,0.7,,,10.15,,,-23.02002468,-43.48157137
2017-11-04 21:30:00,UNIDADE MOVEL RECREIO,0.0,30.23,42.65,4.22,,0.25,,,22.46,,,-23.02002468,-43.48157137
2017-11-04 22:30:00,UNIDADE MOVEL RECREIO,0.0,30.75,39.82,3.32,,0.14,,,35.75,,,-23.02002468,-43.48157137
2017-11-04 23:30:00,UNIDADE MOVEL RECREIO,0.0,29.32,45.65,,,0.05,,,45.72,,,-23.02002468,-43.48157137
2017-11-05 00:30:00,UNIDADE MOVEL RECREIO,0.0,24.63,65.55,,,0.05,,,63.45,,,-23.02002468,-43.48157137
2017-11-05 01:30:00,UNIDADE MOVEL RECREIO,0.0,23.9,69.42,,,0.05,,,62.53,,,-23.02002468,-43.48157137
2017-11-05 02:30:00,UNIDADE MOVEL RECREIO,0.0,26.03,59.12,,,0.07,,,46.55,,,-23.02002468,-43.48157137
2017-11-05 03:30:00,UNIDADE MOVEL RECREIO,0.0,24.53,64.75,,,0.07,,,56.25,,,-23.02002468,-43.48157137
2017-11-05 04:30:00,UNIDADE MOVEL RECREIO,0.0,26.05,58.75,,,0.06,,,40.85,,,-23.02002468,-43.48157137
2017-11-05 05:30:00,UNIDADE MOVEL RECREIO,0.0,27.37,53.4,,,0.06,,,31.02,,,-23.02002468,-43.48157137
2017-11-05 06:30:00,UNIDADE MOVEL RECREIO,0.0,26.78,56.92,,,0.05,,,33.26,,,-23.02002468,-43.48157137
2017-11-05 07:30:00,UNIDADE MOVEL RECREIO,0.0,26.65,56.7,,,0.03,,,52.2,,,-23.02002468,-43.48157137
2017-11-05 08:30:00,UNIDADE MOVEL RECREIO,0.0,25.27,65.67,,,0.02,,,64.51,,,-23.02002468,-43.48157137
2017-11-05 09:30:00,UNIDADE MOVEL RECREIO,0.0,24.65,71.17,,,0.02,,,70.64,,,-23.02002468,-43.48157137
2017-11-05 10:30:00,UNIDADE MOVEL RECREIO,0.0,24.82,69.75,,,0.02,,,74.21,,,-23.02002468,-43.48157137
2017-11-05 11:30:00,UNIDADE MOVEL RECREIO,0.0,24.45,69.7,,,0.02,,,72.78,,,-23.02002468,-43.48157137
2017-11-05 12:30:00,UNIDADE MOVEL RECREIO,0.0,24.53,69.95,,,0.02,,,65.86,,,-23.02002468,-43.48157137
2017-11-05 13:30:00,UNIDADE MOVEL RECREIO,0.0,24.37,67.98,,,0.02,,,61.12,,,-23.02002468,-43.48157137
2017-11-05 14:30:00,UNIDADE MOVEL RECREIO,0.0,24.25,69.58,,,0.02,,,58.77,,,-23.02002468,-43.48157137
2017-11-05 15:30:00,UNIDADE MOVEL RECREIO,0.0,23.57,72.63,,,0.03,,,55.84,,,-23.02002468,-43.48157137
2017-11-05 16:30:00,UNIDADE MOVEL RECREIO,0.0,22.82,76.47,,,0.02,,,54.14,,,-23.02002468,-43.48157137
2017-11-05 17:30:00,UNIDADE MOVEL RECREIO,0.0,22.37,78.53,,,0.03,,,52.08,,,-23.02002468,-43.48157137
2017-11-05 18:30:00,UNIDADE MOVEL RECREIO,0.0,22.2,78.95,,,0.03,,,53.23,,,-23.02002468,-43.48157137
2017-11-05 19:30:00,UNIDADE MOVEL RECREIO,0.0,22.3,79.08,,,0.04,,,45.01,,,-23.02002468,-43.48157137
2017-11-05 20:30:00,UNIDADE MOVEL RECREIO,0.0,22.12,80.83,,,0.02,,,46.39,,,-23.02002468,-43.48157137
2017-11-05 21:30:00,UNIDADE MOVEL RECREIO,0.0,22.12,81.87,,,0.04,,,44.66,,,-23.02002468,-43.48157137
2017-11-05 22:30:00,UNIDADE MOVEL RECREIO,0.0,21.63,84.27,,,0.01,,,47.42,,,-23.02002468,-43.48157137
2017-11-05 23:30:00,UNIDADE MOVEL RECREIO,0.0,20.72,89.17,,,0.02,,,52.99,,,-23.02002468,-43.48157137
2017-11-06 00:30:00,UNIDADE MOVEL RECREIO,0.0,20.73,90.23,,,0.03,,,46.56,,,-23.02002468,-43.48157137
2017-11-06 01:30:00,UNIDADE MOVEL RECREIO,4.0,20.58,91.38,,,0.03,,,44.75,,,-23.02002468,-43.48157137
2017-11-06 02:30:00,UNIDADE MOVEL RECREIO,0.0,20.62,91.77,,,0.02,,,42.01,,,-23.02002468,-43.48157137
2017-11-06 03:30:00,UNIDADE MOVEL RECREIO,0.0,20.67,91.55,,,0.03,,,40.99,,,-23.02002468,-43.48157137
2017-11-06 04:30:00,UNIDADE MOVEL RECREIO,0.0,20.62,90.78,,,0.02,,,42.07,,,-23.02002468,-43.48157137
2017-11-06 05:30:00,UNIDADE MOVEL RECREIO,0.0,20.67,89.73,,,0.03,,,39.33,,,-23.02002468,-43.48157137
2017-11-06 06:30:00,UNIDADE MOVEL RECREIO,0.0,20.9,87.77,,,0.07,,,37.67,,,-23.02002468,-43.48157137
2017-11-06 07:30:00,UNIDADE MOVEL RECREIO,0.0,21.67,83.65,,,0.07,,,41.72,,,-23.02002468,-43.48157137
2017-11-06 08:30:00,UNIDADE MOVEL RECREIO,0.0,22.08,79.35,,,0.06,,,44.53,,,-23.02002468,-43.48157137
2017-11-06 09:30:00,UNIDADE MOVEL RECREIO,0.0,22.37,75.88,,,0.05,,,48.34,,,-23.02002468,-43.48157137
2017-11-06 10:30:00,UNIDADE MOVEL RECREIO,0.0,22.73,74.45,,,0.04,,,50.42,,,-23.02002468,-43.48157137
2017-11-06 11:30:00,UNIDADE MOVEL RECREIO,0.0,22.83,71.97,,,0.05,,,51.9,,,-23.02002468,-43.48157137
2017-11-06 12:30:00,UNIDADE MOVEL RECREIO,0.0,22.47,73.45,,,0.035,,,41.629999999999995,,,-23.02002468,-43.48157137
2017-11-06 13:30:00,UNIDADE MOVEL RECREIO,0.0,22.62,72.2,,,0.02,,,31.36,,,-23.02002468,-43.48157137
2017-11-06 14:30:00,UNIDADE MOVEL RECREIO,0.0,22.1,74.67,,,0.03,,,40.22,,,-23.02002468,-43.48157137
2017-11-06 15:30:00,UNIDADE MOVEL RECREIO,0.0,22.12,70.92,,,0.03,,,41.47,,,-23.02002468,-43.48157137
2017-11-06 16:30:00,UNIDADE MOVEL RECREIO,0.0,21.9,71.82,,,0.03,,,43.38,,,-23.02002468,-43.48157137
2017-11-06 17:30:00,UNIDADE MOVEL RECREIO,0.0,21.52,72.62,,,0.04,,,41.92,,,-23.02002468,-43.48157137
2017-11-06 18:30:00,UNIDADE MOVEL RECREIO,0.0,21.45,72.8,,,0.03,,,38.55,,,-23.02002468,-43.48157137
2017-11-06 19:30:00,UNIDADE MOVEL RECREIO,0.0,21.18,74.2,,,0.05,,,40.68,,,-23.02002468,-43.48157137
2017-11-06 20:30:00,UNIDADE MOVEL RECREIO,0.0,21.27,74.57,,,0.09,,,41.64,,,-23.02002468,-43.48157137
2017-11-06 21:30:00,UNIDADE MOVEL RECREIO,0.0,21.02,75.97,,,0.13,,,27.98,,,-23.02002468,-43.48157137
2017-11-06 22:30:00,UNIDADE MOVEL RECREIO,0.0,20.88,76.85,,,0.21,,,15.04,,,-23.02002468,-43.48157137
2017-11-06 23:30:00,UNIDADE MOVEL RECREIO,0.0,20.33,78.87,,,0.09,,,18.0,,,-23.02002468,-43.48157137
2017-11-07 00:30:00,UNIDADE MOVEL RECREIO,0.0,20.1,77.53,,,0.03,,,21.52,,,-23.02002468,-43.48157137
2017-11-07 01:30:00,UNIDADE MOVEL RECREIO,0.0,19.6,79.25,,,0.07,,,21.27,,,-23.02002468,-43.48157137
2017-11-07 02:30:00,UNIDADE MOVEL RECREIO,0.0,19.3,81.43,,,0.08,,,18.32,,,-23.02002468,-43.48157137
2017-11-07 03:30:00,UNIDADE MOVEL RECREIO,0.0,18.6,83.53,,,0.06,,,15.14,,,-23.02002468,-43.48157137
2017-11-07 04:30:00,UNIDADE MOVEL RECREIO,0.0,18.15,84.18,,,0.07,,,10.88,,,-23.02002468,-43.48157137
2017-11-07 05:30:00,UNIDADE MOVEL RECREIO,0.0,18.1,83.87,,,0.14,,,8.22,,,-23.02002468,-43.48157137
2017-11-07 06:30:00,UNIDADE MOVEL RECREIO,0.0,19.32,77.9,,,0.17,,,8.9,,,-23.02002468,-43.48157137
2017-11-07 07:30:00,UNIDADE MOVEL RECREIO,0.0,21.5,70.68,,,0.14,,,14.13,,,-23.02002468,-43.48157137
2017-11-07 08:30:00,UNIDADE MOVEL RECREIO,0.0,22.52,65.5,,,0.01,,,33.01,,,-23.02002468,-43.48157137
2017-11-07 09:30:00,UNIDADE MOVEL RECREIO,0.0,23.45,61.55,,,0.0,,,39.99,,,-23.02002468,-43.48157137
2017-11-07 10:30:00,UNIDADE MOVEL RECREIO,0.0,22.93,67.45,,,0.0,,,45.24,,,-23.02002468,-43.48157137
2017-11-07 11:30:00,UNIDADE MOVEL RECREIO,0.0,22.28,68.07,,,0.0,,,48.03,,,-23.02002468,-43.48157137
2017-11-07 12:30:00,UNIDADE MOVEL RECREIO,0.0,21.75,68.4,,,0.01,,,47.29,,,-23.02002468,-43.48157137
2017-11-07 13:30:00,UNIDADE MOVEL RECREIO,0.0,21.92,66.65,,,0.01,,,44.53,,,-23.02002468,-43.48157137
2017-11-07 14:30:00,UNIDADE MOVEL RECREIO,0.0,21.95,65.72,0.4,,0.01,,,44.01,,,-23.02002468,-43.48157137
2017-11-07 15:30:00,UNIDADE MOVEL RECREIO,0.0,21.47,66.1,0.48,,0.0,,,45.74,,,-23.02002468,-43.48157137
2017-11-07 16:30:00,UNIDADE MOVEL RECREIO,0.0,21.45,60.6,0.41,,0.0,,,40.55,,,-23.02002468,-43.48157137
2017-11-07 17:30:00,UNIDADE MOVEL RECREIO,0.0,20.95,62.87,0.42,,0.0,,,37.43,,,-23.02002468,-43.48157137
2017-11-07 18:30:00,UNIDADE MOVEL RECREIO,0.0,20.7,63.55,0.41,,0.01,,,40.74,,,-23.02002468,-43.48157137
2017-11-07 19:30:00,UNIDADE MOVEL RECREIO,0.0,20.72,61.65,0.39,,0.02,,,42.01,,,-23.02002468,-43.48157137
2017-11-07 20:30:00,UNIDADE MOVEL RECREIO,0.0,20.82,60.02,0.38,,0.01,,,35.67,,,-23.02002468,-43.48157137
2017-11-07 21:30:00,UNIDADE MOVEL RECREIO,0.0,20.98,59.45,0.37,,0.01,,,30.08,,,-23.02002468,-43.48157137
2017-11-07 22:30:00,UNIDADE MOVEL RECREIO,0.0,20.55,65.85,0.36,,0.01,,,37.5,,,-23.02002468,-43.48157137
2017-11-07 23:30:00,UNIDADE MOVEL RECREIO,0.0,20.85,60.52,0.425,,0.01,,,35.73,,,-23.02002468,-43.48157137
2017-11-08 00:30:00,UNIDADE MOVEL RECREIO,0.0,20.63,62.15,0.49,,0.01,,,34.84,,,-23.02002468,-43.48157137
2017-11-08 01:30:00,UNIDADE MOVEL RECREIO,0.0,20.5,62.2,0.51,,0.01,,,37.03,,,-23.02002468,-43.48157137
2017-11-08 02:30:00,UNIDADE MOVEL RECREIO,0.0,20.43,63.42,0.51,,0.01,,,39.29,,,-23.02002468,-43.48157137
2017-11-08 03:30:00,UNIDADE MOVEL RECREIO,0.0,19.9,69.3,0.5,,0.01,,,39.15,,,-23.02002468,-43.48157137
2017-11-08 04:30:00,UNIDADE MOVEL RECREIO,0.0,19.37,74.83,0.5,,0.01,,,36.78,,,-23.02002468,-43.48157137
2017-11-08 05:30:00,UNIDADE MOVEL RECREIO,0.0,19.37,76.7,0.51,,0.02,,,33.05,,,-23.02002468,-43.48157137
2017-11-08 06:30:00,UNIDADE MOVEL RECREIO,0.0,19.77,75.05,0.5,,0.08,,,24.81,,,-23.02002468,-43.48157137
2017-11-08 07:30:00,UNIDADE MOVEL RECREIO,0.0,20.87,67.88,0.52,,0.07,,,21.98,,,-23.02002468,-43.48157137
2017-11-08 08:30:00,UNIDADE MOVEL RECREIO,0.0,21.53,68.4,0.53,,0.05,,,29.62,,,-23.02002468,-43.48157137
2017-11-08 09:30:00,UNIDADE MOVEL RECREIO,0.0,22.58,62.57,0.56,,0.030000000000000002,,,29.986,,,-23.02002468,-43.48157137
2017-11-08 10:30:00,UNIDADE MOVEL RECREIO,0.0,21.82,66.02,0.59,,0.01,,,30.352,,,-23.02002468,-43.48157137
2017-11-08 11:30:00,UNIDADE MOVEL RECREIO,0.0,22.57,66.05,0.56,,0.03,,,30.718,,,-23.02002468,-43.48157137
2017-11-08 12:30:00,UNIDADE MOVEL RECREIO,0.0,23.23,62.7,0.64,,0.02,,,31.084,,,-23.02002468,-43.48157137
2017-11-08 13:30:00,UNIDADE MOVEL RECREIO,0.0,23.08,61.28,0.62,,0.02,,,31.45,,,-23.02002468,-43.48157137
2017-11-08 14:30:00,UNIDADE MOVEL RECREIO,0.0,23.22,59.9,0.802,,0.02,,,30.17,,,-23.02002468,-43.48157137
2017-11-08 15:30:00,UNIDADE MOVEL RECREIO,0.0,23.2,60.7,0.984,,0.02,,,27.05,,,-23.02002468,-43.48157137
2017-11-08 16:30:00,UNIDADE MOVEL RECREIO,0.0,22.43,63.15,1.166,,0.03,,,30.18,,,-23.02002468,-43.48157137
2017-11-08 17:30:00,UNIDADE MOVEL RECREIO,0.0,21.63,65.68,1.3479999999999999,,0.05,,,30.52,,,-23.02002468,-43.48157137
2017-11-08 18:30:00,UNIDADE MOVEL RECREIO,0.0,20.63,70.87,1.53,,0.05,,,27.74,,,-23.02002468,-43.48157137
2017-11-08 19:30:00,UNIDADE MOVEL RECREIO,0.0,20.22,73.8,2.92,,0.05,,,23.23,,,-23.02002468,-43.48157137
2017-11-08 20:30:00,UNIDADE MOVEL RECREIO,0.0,19.92,75.42,3.44,,0.04,,,25.88,,,-23.02002468,-43.48157137
2017-11-08 21:30:00,UNIDADE MOVEL RECREIO,0.0,20.13,73.72,3.85,,0.03,,,29.75,,,-23.02002468,-43.48157137
2017-11-08 22:30:00,UNIDADE MOVEL RECREIO,0.0,20.27,72.67,3.96,,0.07,,,18.16,,,-23.02002468,-43.48157137
2017-11-08 23:30:00,UNIDADE MOVEL RECREIO,0.0,20.2,72.22,2.955,,0.09,,,4.23,,,-23.02002468,-43.48157137
2017-11-09 00:30:00,UNIDADE MOVEL RECREIO,0.0,20.0,71.5,1.95,,0.03,,,5.28,,,-23.02002468,-43.48157137
2017-11-09 01:30:00,UNIDADE MOVEL RECREIO,0.0,19.12,77.35,2.02,,0.06,,,,,,-23.02002468,-43.48157137
2017-11-09 02:30:00,UNIDADE MOVEL RECREIO,0.0,19.1,77.4,2.21,,0.01,,,,,,-23.02002468,-43.48157137
2017-11-09 03:30:00,UNIDADE MOVEL RECREIO,0.0,18.42,80.63,3.36,,0.02,,,,,,-23.02002468,-43.48157137
2017-11-09 04:30:00,UNIDADE MOVEL RECREIO,0.0,18.38,81.77,2.66,,0.02,,,,,,-23.02002468,-43.48157137
2017-11-09 05:30:00,UNIDADE MOVEL RECREIO,0.0,18.45,82.03,2.71,,0.1,,,,,,-23.02002468,-43.48157137
2017-11-09 06:30:00,UNIDADE MOVEL RECREIO,0.0,19.6,77.2,3.42,,0.28,,,,,,-23.02002468,-43.48157137
2017-11-09 07:30:00,UNIDADE MOVEL RECREIO,0.0,21.77,68.33,3.14,,0.18,,,,,,-23.02002468,-43.48157137
2017-11-09 08:30:00,UNIDADE MOVEL RECREIO,0.0,22.63,64.72,2.7,,0.07,,,3.69,,,-23.02002468,-43.48157137
2017-11-09 09:30:00,UNIDADE MOVEL RECREIO,0.0,23.25,61.17,3.05,,0.03,,,14.78,,,-23.02002468,-43.48157137
2017-11-09 10:30:00,UNIDADE MOVEL RECREIO,0.0,24.12,58.45,3.16,,0.02,,,27.02,,,-23.02002468,-43.48157137
2017-11-09 11:30:00,UNIDADE MOVEL RECREIO,0.0,23.58,62.17,3.63,,0.03,,,26.57,,,-23.02002468,-43.48157137
2017-11-09 12:30:00,UNIDADE MOVEL RECREIO,0.0,23.77,63.17,4.53,,0.02,,,27.93,,,-23.02002468,-43.48157137
2017-11-09 13:30:00,UNIDADE MOVEL RECREIO,0.0,25.0,59.37,4.88,,0.01,,,37.44,,,-23.02002468,-43.48157137
2017-11-09 14:30:00,UNIDADE MOVEL RECREIO,0.0,24.72,59.53,5.6,,0.01,,,37.19,,,-23.02002468,-43.48157137
2017-11-09 15:30:00,UNIDADE MOVEL RECREIO,0.0,24.93,57.85,5.67,,0.01,,,33.27,,,-23.02002468,-43.48157137
2017-11-09 16:30:00,UNIDADE MOVEL RECREIO,0.0,22.78,65.97,5.41,,0.02,,,32.41,,,-23.02002468,-43.48157137
2017-11-09 17:30:00,UNIDADE MOVEL RECREIO,0.0,22.53,65.98,4.85,,0.02,,,24.12,,,-23.02002468,-43.48157137
2017-11-09 18:30:00,UNIDADE MOVEL RECREIO,0.0,22.87,65.93,4.89,,0.1,,,6.57,,,-23.02002468,-43.48157137
2017-11-09 19:30:00,UNIDADE MOVEL RECREIO,0.0,20.72,73.0,4.34,,0.04,,,14.66,,,-23.02002468,-43.48157137
2017-11-09 20:30:00,UNIDADE MOVEL RECREIO,0.0,19.8,77.35,4.37,,0.02,,,17.78,,,-23.02002468,-43.48157137
2017-11-09 21:30:00,UNIDADE MOVEL RECREIO,0.0,20.07,78.97,4.31,,0.04,,,10.94,,,-23.02002468,-43.48157137
2017-11-09 22:30:00,UNIDADE MOVEL RECREIO,0.0,19.88,80.1,3.85,,0.03,,,8.96,,,-23.02002468,-43.48157137
2017-11-09 23:30:00,UNIDADE MOVEL RECREIO,0.0,19.65,80.03,2.89,,0.04,,,5.11,,,-23.02002468,-43.48157137
2017-11-10 00:30:00,UNIDADE MOVEL RECREIO,0.0,19.45,81.13,1.93,,0.04,,,,,,-23.02002468,-43.48157137
2017-11-10 01:30:00,UNIDADE MOVEL RECREIO,0.0,19.35,81.93,1.42,,0.03,,,,,,-23.02002468,-43.48157137
2017-11-10 02:30:00,UNIDADE MOVEL RECREIO,0.0,19.3,82.42,1.55,,0.03,,,,,,-23.02002468,-43.48157137
2017-11-10 03:30:00,UNIDADE MOVEL RECREIO,0.0,19.22,84.0,1.51,,0.06,,,,,,-23.02002468,-43.48157137
2017-11-10 04:30:00,UNIDADE MOVEL RECREIO,0.0,19.08,84.78,1.98,,0.15,,,,,,-23.02002468,-43.48157137
2017-11-10 05:30:00,UNIDADE MOVEL RECREIO,0.0,19.17,86.3,2.33,,0.19,,,,,,-23.02002468,-43.48157137
2017-11-10 06:30:00,UNIDADE MOVEL RECREIO,0.0,20.62,80.77,2.26,,0.3,,,,,,-23.02002468,-43.48157137
2017-11-10 07:30:00,UNIDADE MOVEL RECREIO,0.0,22.75,70.63,1.94,,0.17,,,,,,-23.02002468,-43.48157137
2017-11-10 08:30:00,UNIDADE MOVEL RECREIO,0.0,25.67,60.5,3.85,,0.14,,,,,,-23.02002468,-43.48157137
2017-11-10 09:30:00,UNIDADE MOVEL RECREIO,0.0,25.2,61.3,4.1,,0.06,,,,,,-23.02002468,-43.48157137
2017-11-10 10:30:00,UNIDADE MOVEL RECREIO,0.0,25.5,59.67,4.19,,0.04,,,41.81,,,-23.02002468,-43.48157137
2017-11-10 11:30:00,UNIDADE MOVEL RECREIO,0.0,24.77,62.65,2.7,,0.02,,,52.96,,,-23.02002468,-43.48157137
2017-11-10 12:30:00,UNIDADE MOVEL RECREIO,0.0,25.53,60.38,3.31,,0.01,,,56.03,,,-23.02002468,-43.48157137
2017-11-10 13:30:00,UNIDADE MOVEL RECREIO,0.0,26.43,57.27,5.13,,0.02,,,62.14,,,-23.02002468,-43.48157137
2017-11-10 14:30:00,UNIDADE MOVEL RECREIO,0.0,26.07,58.35,6.05,,0.01,,,66.03,,,-23.02002468,-43.48157137
2017-11-10 15:30:00,UNIDADE MOVEL RECREIO,0.0,26.25,57.92,6.43,,0.02,,,61.4,,,-23.02002468,-43.48157137
2017-11-10 16:30:00,UNIDADE MOVEL RECREIO,0.0,25.33,60.98,6.31,,0.03,,,54.87,,,-23.02002468,-43.48157137
2017-11-10 17:30:00,UNIDADE MOVEL RECREIO,0.0,23.25,67.3,4.27,,0.06,,,39.66,,,-23.02002468,-43.48157137
2017-11-10 18:30:00,UNIDADE MOVEL RECREIO,0.0,22.58,68.73,2.42,,0.25,,,23.71,,,-23.02002468,-43.48157137
2017-11-10 19:30:00,UNIDADE MOVEL RECREIO,0.0,22.83,68.07,2.24,,0.23,,,18.95,,,-23.02002468,-43.48157137
2017-11-10 20:30:00,UNIDADE MOVEL RECREIO,0.0,23.3,66.82,2.24,,0.46,,,4.41,,,-23.02002468,-43.48157137
2017-11-10 21:30:00,UNIDADE MOVEL RECREIO,0.0,22.18,70.32,1.33,,0.12,,,25.95,,,-23.02002468,-43.48157137
2017-11-10 22:30:00,UNIDADE MOVEL RECREIO,0.0,25.25,61.88,1.31,,0.36,,,6.1,,,-23.02002468,-43.48157137
2017-11-10 23:30:00,UNIDADE MOVEL RECREIO,0.0,29.17,50.17,1.53,,0.1,,,31.75,,,-23.02002468,-43.48157137
2017-11-11 00:30:00,UNIDADE MOVEL RECREIO,0.0,28.97,50.27,1.75,,0.05,,,39.49,,,-23.02002468,-43.48157137
2017-11-11 01:30:00,UNIDADE MOVEL RECREIO,0.0,28.52,51.25,1.65,,0.05,,,39.87,,,-23.02002468,-43.48157137
2017-11-11 02:30:00,UNIDADE MOVEL RECREIO,1.0,23.3,75.13,1.55,,0.04,,,53.58,,,-23.02002468,-43.48157137
2017-11-11 03:30:00,UNIDADE MOVEL RECREIO,0.0,21.2,88.7,1.48,,0.05,,,56.44,,,-23.02002468,-43.48157137
2017-11-11 04:30:00,UNIDADE MOVEL RECREIO,0.0,21.05,89.8,1.26,,0.05,,,50.06,,,-23.02002468,-43.48157137
2017-11-11 05:30:00,UNIDADE MOVEL RECREIO,1.0,21.33,89.37,1.3,,0.07,,,40.0,,,-23.02002468,-43.48157137
2017-11-11 06:30:00,UNIDADE MOVEL RECREIO,0.0,20.42,91.1,1.08,,0.05,,,50.52,,,-23.02002468,-43.48157137
2017-11-11 07:30:00,UNIDADE MOVEL RECREIO,0.0,21.33,90.92,1.02,,0.1,,,32.75,,,-23.02002468,-43.48157137
2017-11-11 08:30:00,UNIDADE MOVEL RECREIO,0.0,22.0,87.7,1.01,,0.18,,,23.93,,,-23.02002468,-43.48157137
2017-11-11 09:30:00,UNIDADE MOVEL RECREIO,1.0,21.48,89.83,1.13,,0.18,,,33.61,,,-23.02002468,-43.48157137
2017-11-11 10:30:00,UNIDADE MOVEL RECREIO,1.0,21.12,89.32,1.04,,0.06,,,58.51,,,-23.02002468,-43.48157137
2017-11-11 11:30:00,UNIDADE MOVEL RECREIO,1.0,20.98,86.05,0.58,,0.04,,,62.62,,,-23.02002468,-43.48157137
2017-11-11 12:30:00,UNIDADE MOVEL RECREIO,0.0,20.62,86.13,0.48,,0.04,,,62.88,,,-23.02002468,-43.48157137
2017-11-11 13:30:00,UNIDADE MOVEL RECREIO,1.0,20.72,87.53,0.37,,0.1,,,53.75,,,-23.02002468,-43.48157137
2017-11-11 14:30:00,UNIDADE MOVEL RECREIO,1.0,20.75,88.28,0.15,,0.07,,,49.13,,,-23.02002468,-43.48157137
2017-11-11 15:30:00,UNIDADE MOVEL RECREIO,0.0,20.58,89.95,0.4,,0.08,,,46.16,,,-23.02002468,-43.48157137
2017-11-11 16:30:00,UNIDADE MOVEL RECREIO,1.0,20.42,89.52,0.12,,0.06,,,53.59,,,-23.02002468,-43.48157137
2017-11-11 17:30:00,UNIDADE MOVEL RECREIO,0.0,20.55,87.12,0.19,,0.12,,,42.77,,,-23.02002468,-43.48157137
2017-11-11 18:30:00,UNIDADE MOVEL RECREIO,0.0,20.42,86.42,0.33,,0.26,,,32.23,,,-23.02002468,-43.48157137
2017-11-11 19:30:00,UNIDADE MOVEL RECREIO,1.0,20.05,89.62,0.49,,0.2,,,35.9,,,-23.02002468,-43.48157137
2017-11-11 20:30:00,UNIDADE MOVEL RECREIO,0.0,19.95,90.8,0.3,,0.22,,,23.35,,,-23.02002468,-43.48157137
2017-11-11 21:30:00,UNIDADE MOVEL RECREIO,0.0,19.95,89.87,0.29,,0.24,,,24.98,,,-23.02002468,-43.48157137
2017-11-11 22:30:00,UNIDADE MOVEL RECREIO,0.0,19.93,87.63,0.14,,0.08,,,37.77,,,-23.02002468,-43.48157137
2017-11-11 23:30:00,UNIDADE MOVEL RECREIO,0.0,20.03,85.43,0.9149999999999999,,0.06,,,38.62,,,-23.02002468,-43.48157137
2017-11-12 00:30:00,UNIDADE MOVEL RECREIO,0.0,19.67,85.4,1.69,,0.06,,,35.37,,,-23.02002468,-43.48157137
2017-11-12 01:30:00,UNIDADE MOVEL RECREIO,0.0,19.1,87.33,2.25,,0.07,,,24.93,,,-23.02002468,-43.48157137
2017-11-12 02:30:00,UNIDADE MOVEL RECREIO,0.0,18.6,89.73,2.23,,0.05,,,18.06,,,-23.02002468,-43.48157137
2017-11-12 03:30:00,UNIDADE MOVEL RECREIO,0.0,18.02,90.62,2.09,,0.04,,,19.3,,,-23.02002468,-43.48157137
2017-11-12 04:30:00,UNIDADE MOVEL RECREIO,0.0,17.63,91.33,2.15,,0.05,,,8.34,,,-23.02002468,-43.48157137
2017-11-12 05:30:00,UNIDADE MOVEL RECREIO,0.0,17.38,92.02,2.25,,0.07,,,6.66,,,-23.02002468,-43.48157137
2017-11-12 06:30:00,UNIDADE MOVEL RECREIO,0.0,18.38,91.13,2.25,,0.11,,,10.18,,,-23.02002468,-43.48157137
2017-11-12 07:30:00,UNIDADE MOVEL RECREIO,0.0,21.25,80.17,1.88,,0.06,,,24.29,,,-23.02002468,-43.48157137
2017-11-12 08:30:00,UNIDADE MOVEL RECREIO,0.0,22.78,74.27,1.79,,0.05,,,34.94,,,-23.02002468,-43.48157137
2017-11-12 09:30:00,UNIDADE MOVEL RECREIO,0.0,23.57,71.1,3.44,,0.04,,,48.36,,,-23.02002468,-43.48157137
2017-11-12 10:30:00,UNIDADE MOVEL RECREIO,0.0,25.13,64.88,5.46,,0.03,,,59.0,,,-23.02002468,-43.48157137
2017-11-12 11:30:00,UNIDADE MOVEL RECREIO,0.0,25.82,59.95,7.69,,0.03,,,70.86,,,-23.02002468,-43.48157137
2017-11-12 12:30:00,UNIDADE MOVEL RECREIO,0.0,26.82,49.48,8.6,,0.02,,,83.06,,,-23.02002468,-43.48157137
2017-11-12 13:30:00,UNIDADE MOVEL RECREIO,0.0,30.07,30.83,7.82,,0.01,,,77.73,,,-23.02002468,-43.48157137
2017-11-12 14:30:00,UNIDADE MOVEL RECREIO,0.0,30.65,24.9,8.22,,0.0,,,74.97,,,-23.02002468,-43.48157137
2017-11-12 15:30:00,UNIDADE MOVEL RECREIO,0.0,30.65,20.85,8.77,,0.0,,,76.32,,,-23.02002468,-43.48157137
2017-11-12 16:30:00,UNIDADE MOVEL RECREIO,0.0,28.33,29.45,10.04,,0.0,,,84.18,,,-23.02002468,-43.48157137
2017-11-12 17:30:00,UNIDADE MOVEL RECREIO,0.0,25.42,39.25,10.72,,0.0,,,92.86,,,-23.02002468,-43.48157137
2017-11-12 18:30:00,UNIDADE MOVEL RECREIO,0.0,24.0,40.97,7.11,,0.01,,,73.18,,,-23.02002468,-43.48157137
2017-11-12 19:30:00,UNIDADE MOVEL RECREIO,0.0,21.87,52.28,5.61,,0.05,,,48.23,,,-23.02002468,-43.48157137
2017-11-12 20:30:00,UNIDADE MOVEL RECREIO,0.0,20.35,57.58,5.15,,0.08,,,33.18,,,-23.02002468,-43.48157137
2017-11-12 21:30:00,UNIDADE MOVEL RECREIO,0.0,19.55,60.38,4.65,,0.05,,,34.04,,,-23.02002468,-43.48157137
2017-11-12 22:30:00,UNIDADE MOVEL RECREIO,0.0,19.13,65.43,4.3,,0.07,,,28.5,,,-23.02002468,-43.48157137
2017-11-12 23:30:00,UNIDADE MOVEL RECREIO,0.0,18.95,63.55,3.035,,0.03,,,40.3,,,-23.02002468,-43.48157137
2017-11-13 00:30:00,UNIDADE MOVEL RECREIO,0.0,18.15,65.93,1.77,,0.02,,,38.72,,,-23.02002468,-43.48157137
2017-11-13 01:30:00,UNIDADE MOVEL RECREIO,0.0,18.1,70.98,1.82,,0.02,,,37.11,,,-23.02002468,-43.48157137
2017-11-13 02:30:00,UNIDADE MOVEL RECREIO,0.0,17.65,68.73,1.47,,0.01,,,40.34,,,-23.02002468,-43.48157137
2017-11-13 03:30:00,UNIDADE MOVEL RECREIO,0.0,17.67,64.88,1.56,,0.01,,,35.63,,,-23.02002468,-43.48157137
2017-11-13 04:30:00,UNIDADE MOVEL RECREIO,0.0,18.33,73.72,1.95,,0.07,,,32.31,,,-23.02002468,-43.48157137
2017-11-13 05:30:00,UNIDADE MOVEL RECREIO,0.0,18.05,73.27,2.49,,0.28,,,5.09,,,-23.02002468,-43.48157137
2017-11-13 06:30:00,UNIDADE MOVEL RECREIO,0.0,20.2,77.87,2.06,,0.17,,,21.12,,,-23.02002468,-43.48157137
2017-11-13 07:30:00,UNIDADE MOVEL RECREIO,0.0,22.27,67.62,1.28,,0.03,,,51.14,,,-23.02002468,-43.48157137
2017-11-13 08:30:00,UNIDADE MOVEL RECREIO,0.0,23.2,63.15,0.98,,0.01,,,64.36,,,-23.02002468,-43.48157137
2017-11-13 09:30:00,UNIDADE MOVEL RECREIO,0.0,24.23,58.02,1.32,,0.01,,,60.68,,,-23.02002468,-43.48157137
2017-11-13 10:30:00,UNIDADE MOVEL RECREIO,0.0,24.92,50.33,2.12,,0.0,,,56.82,,,-23.02002468,-43.48157137
2017-11-13 11:30:00,UNIDADE MOVEL RECREIO,0.0,25.57,45.9,2.91,,0.0,,,53.06,,,-23.02002468,-43.48157137
2017-11-13 12:30:00,UNIDADE MOVEL RECREIO,0.0,25.95,45.68,3.74,,0.0,,,51.7,,,-23.02002468,-43.48157137
2017-11-13 13:30:00,UNIDADE MOVEL RECREIO,0.0,25.63,46.62,4.25,,0.0,,,53.58,,,-23.02002468,-43.48157137
2017-11-13 14:30:00,UNIDADE MOVEL RECREIO,0.0,25.27,45.67,4.15,,0.0,,,50.65,,,-23.02002468,-43.48157137
2017-11-13 15:30:00,UNIDADE MOVEL RECREIO,0.0,24.53,46.85,4.28,,0.0,,,52.66,,,-23.02002468,-43.48157137
2017-11-13 16:30:00,UNIDADE MOVEL RECREIO,0.0,23.72,55.73,4.12,,0.01,,,56.59,,,-23.02002468,-43.48157137
2017-11-13 17:30:00,UNIDADE MOVEL RECREIO,0.0,22.42,65.78,3.02,,0.01,,,49.31,,,-23.02002468,-43.48157137
2017-11-13 18:30:00,UNIDADE MOVEL RECREIO,0.0,21.15,72.5,2.54,,0.01,,,44.08,,,-23.02002468,-43.48157137
2017-11-13 19:30:00,UNIDADE MOVEL RECREIO,0.0,20.6,75.37,2.39,,0.06,,,30.84,,,-23.02002468,-43.48157137
2017-11-13 20:30:00,UNIDADE MOVEL RECREIO,0.0,19.97,78.52,2.95,,0.14,,,13.19,,,-23.02002468,-43.48157137
2017-11-13 21:30:00,UNIDADE MOVEL RECREIO,0.0,19.62,79.92,2.3,,0.12,,,20.44,,,-23.02002468,-43.48157137
2017-11-13 22:30:00,UNIDADE MOVEL RECREIO,0.0,19.5,80.02,1.82,,0.09,,,22.66,,,-23.02002468,-43.48157137
2017-11-13 23:30:00,UNIDADE MOVEL RECREIO,0.0,18.97,80.43,1.8050000000000002,,0.06,,,25.16,,,-23.02002468,-43.48157137
2017-11-14 00:30:00,UNIDADE MOVEL RECREIO,0.0,18.0,83.38,1.79,,0.03,,,23.32,,,-23.02002468,-43.48157137
2017-11-14 01:30:00,UNIDADE MOVEL RECREIO,0.0,17.62,84.55,1.92,,0.02,,,21.4,,,-23.02002468,-43.48157137
2017-11-14 02:30:00,UNIDADE MOVEL RECREIO,0.0,17.27,84.03,1.83,,0.02,,,20.64,,,-23.02002468,-43.48157137
2017-11-14 03:30:00,UNIDADE MOVEL RECREIO,0.0,16.98,81.95,1.67,,0.02,,,21.32,,,-23.02002468,-43.48157137
2017-11-14 04:30:00,UNIDADE MOVEL RECREIO,0.0,16.72,83.82,1.57,,0.04,,,13.48,,,-23.02002468,-43.48157137
2017-11-14 05:30:00,UNIDADE MOVEL RECREIO,0.0,16.75,82.97,2.18,,0.19,,,4.11,,,-23.02002468,-43.48157137
2017-11-14 06:30:00,UNIDADE MOVEL RECREIO,0.0,18.38,75.42,2.06,,0.13,,,13.04,,,-23.02002468,-43.48157137
2017-11-14 07:30:00,UNIDADE MOVEL RECREIO,0.0,22.03,61.42,1.95,,0.12,,,23.33,,,-23.02002468,-43.48157137
2017-11-14 08:30:00,UNIDADE MOVEL RECREIO,0.0,23.83,53.27,2.62,,0.05,,,42.61,,,-23.02002468,-43.48157137
2017-11-14 09:30:00,UNIDADE MOVEL RECREIO,0.0,24.05,56.32,3.77,,0.03,,,53.29,,,-23.02002468,-43.48157137
2017-11-14 10:30:00,UNIDADE MOVEL RECREIO,0.0,23.93,58.42,6.74,,0.02,,,60.31,,,-23.02002468,-43.48157137
2017-11-14 11:30:00,UNIDADE MOVEL RECREIO,0.0,23.87,61.22,7.48,,0.03,,,65.89,,,-23.02002468,-43.48157137
2017-11-14 12:30:00,UNIDADE MOVEL RECREIO,0.0,23.18,64.67,3.12,,0.01,,,60.28,,,-23.02002468,-43.48157137
2017-11-14 13:30:00,UNIDADE MOVEL RECREIO,0.0,24.27,62.33,3.46,,0.01,,,62.8,,,-23.02002468,-43.48157137
2017-11-14 14:30:00,UNIDADE MOVEL RECREIO,0.0,24.25,61.43,4.42,,0.03,,,61.49,,,-23.02002468,-43.48157137
2017-11-14 15:30:00,UNIDADE MOVEL RECREIO,0.0,23.82,62.07,4.7,,0.0,,,53.71,,,-23.02002468,-43.48157137
2017-11-14 16:30:00,UNIDADE MOVEL RECREIO,0.0,23.7,62.05,4.95,,0.01,,,53.18,,,-23.02002468,-43.48157137
2017-11-14 17:30:00,UNIDADE MOVEL RECREIO,0.0,22.72,66.47,4.25,,0.01,,,52.62,,,-23.02002468,-43.48157137
2017-11-14 18:30:00,UNIDADE MOVEL RECREIO,0.0,21.42,73.23,2.94,,0.02,,,45.11,,,-23.02002468,-43.48157137
2017-11-14 19:30:00,UNIDADE MOVEL RECREIO,0.0,21.1,74.83,2.52,,0.02,,,38.12,,,-23.02002468,-43.48157137
2017-11-14 20:30:00,UNIDADE MOVEL RECREIO,0.0,21.45,72.7,2.04,,0.04,,,35.82,,,-23.02002468,-43.48157137
2017-11-14 21:30:00,UNIDADE MOVEL RECREIO,0.0,21.03,73.7,1.5,,0.03,,,37.7,,,-23.02002468,-43.48157137
2017-11-14 22:30:00,UNIDADE MOVEL RECREIO,0.0,20.62,77.68,1.51,,0.02,,,37.65,,,-23.02002468,-43.48157137
2017-11-14 23:30:00,UNIDADE MOVEL RECREIO,0.0,19.1,80.22,1.725,,0.06,,,20.3,,,-23.02002468,-43.48157137
2017-11-15 00:30:00,UNIDADE MOVEL RECREIO,0.0,18.65,82.47,1.94,,0.1,,,13.44,,,-23.02002468,-43.48157137
2017-11-15 01:30:00,UNIDADE MOVEL RECREIO,0.0,18.5,84.43,2.21,,0.12,,,6.59,,,-23.02002468,-43.48157137
2017-11-15 02:30:00,UNIDADE MOVEL RECREIO,0.0,18.18,85.83,2.32,,0.07,,,10.69,,,-23.02002468,-43.48157137
2017-11-15 03:30:00,UNIDADE MOVEL RECREIO,0.0,18.13,85.05,2.14,,0.09,,,6.71,,,-23.02002468,-43.48157137
2017-11-15 04:30:00,UNIDADE MOVEL RECREIO,0.0,17.77,86.95,2.05,,0.1,,,2.27,,,-23.02002468,-43.48157137
2017-11-15 05:30:00,UNIDADE MOVEL RECREIO,0.0,17.68,86.88,2.12,,0.09,,,4.37,,,-23.02002468,-43.48157137
2017-11-15 06:30:00,UNIDADE MOVEL RECREIO,0.0,19.15,81.65,2.38,,0.1,,,11.41,,,-23.02002468,-43.48157137
2017-11-15 07:30:00,UNIDADE MOVEL RECREIO,0.0,22.08,68.85,2.14,,0.07,,,26.11,,,-23.02002468,-43.48157137
2017-11-15 08:30:00,UNIDADE MOVEL RECREIO,0.0,23.03,67.9,2.14,,0.06,,,35.06,,,-23.02002468,-43.48157137
2017-11-15 09:30:00,UNIDADE MOVEL RECREIO,0.0,23.92,64.65,4.33,,0.03,,,42.65,,,-23.02002468,-43.48157137
2017-11-15 10:30:00,UNIDADE MOVEL RECREIO,0.0,24.28,63.68,5.28,,0.02,,,54.25,,,-23.02002468,-43.48157137
2017-11-15 11:30:00,UNIDADE MOVEL RECREIO,0.0,24.58,63.68,5.94,,0.02,,,58.77,,,-23.02002468,-43.48157137
2017-11-15 12:30:00,UNIDADE MOVEL RECREIO,0.0,24.73,65.97,5.95,,0.03,,,61.4,,,-23.02002468,-43.48157137
2017-11-15 13:30:00,UNIDADE MOVEL RECREIO,0.0,25.15,66.12,6.36,,0.04,,,61.56,,,-23.02002468,-43.48157137
2017-11-15 14:30:00,UNIDADE MOVEL RECREIO,0.0,25.22,65.75,7.54,,0.04,,,60.73,,,-23.02002468,-43.48157137
2017-11-15 15:30:00,UNIDADE MOVEL RECREIO,0.0,24.48,68.38,7.72,,0.03,,,65.17,,,-23.02002468,-43.48157137
2017-11-15 16:30:00,UNIDADE MOVEL RECREIO,0.0,24.08,68.55,7.05,,0.03,,,68.22,,,-23.02002468,-43.48157137
2017-11-15 17:30:00,UNIDADE MOVEL RECREIO,0.0,23.47,70.13,5.12,,0.04,,,64.41,,,-23.02002468,-43.48157137
2017-11-15 18:30:00,UNIDADE MOVEL RECREIO,0.0,22.78,73.77,3.77,,0.05,,,53.12,,,-23.02002468,-43.48157137
2017-11-15 19:30:00,UNIDADE MOVEL RECREIO,0.0,22.53,76.17,3.6,,0.1,,,34.22,,,-23.02002468,-43.48157137
2017-11-15 20:30:00,UNIDADE MOVEL RECREIO,0.0,21.98,78.77,3.49,,0.21,,,17.97,,,-23.02002468,-43.48157137
2017-11-15 21:30:00,UNIDADE MOVEL RECREIO,0.0,21.57,81.03,3.34,,0.1,,,25.46,,,-23.02002468,-43.48157137
2017-11-15 22:30:00,UNIDADE MOVEL RECREIO,0.0,21.17,82.4,3.19,,0.23,,,12.56,,,-23.02002468,-43.48157137
2017-11-15 23:30:00,UNIDADE MOVEL RECREIO,0.0,20.95,84.1,2.635,,0.09,,,24.22,,,-23.02002468,-43.48157137
2017-11-16 00:30:00,UNIDADE MOVEL RECREIO,0.0,20.6,84.77,2.08,,0.23,,,4.81,,,-23.02002468,-43.48157137
2017-11-16 01:30:00,UNIDADE MOVEL RECREIO,0.0,20.43,85.7,2.22,,0.2,,,0.27,,,-23.02002468,-43.48157137
2017-11-16 02:30:00,UNIDADE MOVEL RECREIO,0.0,20.05,86.95,1.99,,0.14,,,6.03,,,-23.02002468,-43.48157137
2017-11-16 03:30:00,UNIDADE MOVEL RECREIO,0.0,20.02,87.18,1.95,,0.12,,,8.17,,,-23.02002468,-43.48157137
2017-11-16 04:30:00,UNIDADE MOVEL RECREIO,0.0,19.85,87.65,2.14,,0.16,,,2.31,,,-23.02002468,-43.48157137
2017-11-16 05:30:00,UNIDADE MOVEL RECREIO,0.0,22.85,70.98,2.43,,0.22,,,7.01,,,-23.02002468,-43.48157137
2017-11-16 06:30:00,UNIDADE MOVEL RECREIO,0.0,27.53,47.43,2.3,,0.29,,,29.38,,,-23.02002468,-43.48157137
2017-11-16 07:30:00,UNIDADE MOVEL RECREIO,0.0,29.67,40.17,2.75,,0.31,,,34.7,,,-23.02002468,-43.48157137
2017-11-16 08:30:00,UNIDADE MOVEL RECREIO,0.0,31.08,36.47,3.47,,0.12,,,47.13,,,-23.02002468,-43.48157137
2017-11-16 09:30:00,UNIDADE MOVEL RECREIO,0.0,33.23,32.27,7.25,,0.08,,,52.19,,,-23.02002468,-43.48157137
2017-11-16 10:30:00,UNIDADE MOVEL RECREIO,0.0,34.37,30.53,10.81,,0.06,,,58.98,,,-23.02002468,-43.48157137
2017-11-16 11:30:00,UNIDADE MOVEL RECREIO,0.0,35.2,29.55,14.0,,0.11,,,68.47,,,-23.02002468,-43.48157137
2017-11-16 12:30:00,UNIDADE MOVEL RECREIO,0.0,34.07,34.87,14.98,,0.06,,,88.39,,,-23.02002468,-43.48157137
2017-11-16 13:30:00,UNIDADE MOVEL RECREIO,0.0,28.78,51.5,16.34,,0.04,,,104.59,,,-23.02002468,-43.48157137
2017-11-16 14:30:00,UNIDADE MOVEL RECREIO,0.0,28.65,52.57,13.36,,0.04,,,87.77,,,-23.02002468,-43.48157137
2017-11-16 15:30:00,UNIDADE MOVEL RECREIO,0.0,29.15,50.6,10.81,,0.05,,,95.18,,,-23.02002468,-43.48157137
2017-11-16 16:30:00,UNIDADE MOVEL RECREIO,0.0,28.8,50.48,10.35,,0.06,,,91.91,,,-23.02002468,-43.48157137
2017-11-16 17:30:00,UNIDADE MOVEL RECREIO,0.0,28.37,49.4,9.16,,0.06,,,81.3,,,-23.02002468,-43.48157137
2017-11-16 18:30:00,UNIDADE MOVEL RECREIO,0.0,27.6,50.63,7.58,,0.1,,,67.91,,,-23.02002468,-43.48157137
2017-11-16 19:30:00,UNIDADE MOVEL RECREIO,0.0,26.98,55.38,6.17,,0.38,,,29.88,,,-23.02002468,-43.48157137
2017-11-16 20:30:00,UNIDADE MOVEL RECREIO,0.0,26.27,59.08,5.45,,0.35,,,22.5,,,-23.02002468,-43.48157137
2017-11-16 21:30:00,UNIDADE MOVEL RECREIO,0.0,26.58,56.02,5.7,,0.57,,,4.26,,,-23.02002468,-43.48157137
2017-11-16 22:30:00,UNIDADE MOVEL RECREIO,0.0,26.17,57.32,4.88,,0.43,,,7.45,,,-23.02002468,-43.48157137
2017-11-16 23:30:00,UNIDADE MOVEL RECREIO,0.0,25.78,59.02,3.65,,0.2,,,21.5,,,-23.02002468,-43.48157137
2017-11-17 00:30:00,UNIDADE MOVEL RECREIO,0.0,25.15,61.55,2.42,,0.17,,,18.58,,,-23.02002468,-43.48157137
2017-11-17 01:30:00,UNIDADE MOVEL RECREIO,0.0,24.27,65.4,1.88,,0.1,,,23.97,,,-23.02002468,-43.48157137
2017-11-17 02:30:00,UNIDADE MOVEL RECREIO,0.0,25.45,57.7,2.41,,0.1,,,27.16,,,-23.02002468,-43.48157137
2017-11-17 03:30:00,UNIDADE MOVEL RECREIO,0.0,27.45,47.73,2.29,,0.04,,,43.58,,,-23.02002468,-43.48157137
2017-11-17 04:30:00,UNIDADE MOVEL RECREIO,0.0,28.75,42.08,1.27,,0.04,,,43.65,,,-23.02002468,-43.48157137
2017-11-17 05:30:00,UNIDADE MOVEL RECREIO,0.0,28.03,44.02,1.09,,0.1,,,22.11,,,-23.02002468,-43.48157137
2017-11-17 06:30:00,UNIDADE MOVEL RECREIO,0.0,28.43,43.48,1.36,,0.11,,,25.32,,,-23.02002468,-43.48157137
2017-11-17 07:30:00,UNIDADE MOVEL RECREIO,0.0,26.87,56.53,1.77,,0.05,,,54.88,,,-23.02002468,-43.48157137
2017-11-17 08:30:00,UNIDADE MOVEL RECREIO,0.0,27.02,56.8,2.2,,0.02,,,70.0,,,-23.02002468,-43.48157137
2017-11-17 09:30:00,UNIDADE MOVEL RECREIO,0.0,28.07,53.68,1.61,,0.02,,,79.87,,,-23.02002468,-43.48157137
2017-11-17 10:30:00,UNIDADE MOVEL RECREIO,0.0,28.12,55.72,2.59,,0.01,,,83.07,,,-23.02002468,-43.48157137
2017-11-17 11:30:00,UNIDADE MOVEL RECREIO,0.0,28.63,50.45,2.95,,0.01,,,84.14,,,-23.02002468,-43.48157137
2017-11-17 12:30:00,UNIDADE MOVEL RECREIO,0.0,28.88,47.97,3.24,,0.01,,,84.69,,,-23.02002468,-43.48157137
2017-11-17 13:30:00,UNIDADE MOVEL RECREIO,0.0,29.08,47.4,4.28,,0.01,,,85.92,,,-23.02002468,-43.48157137
2017-11-17 14:30:00,UNIDADE MOVEL RECREIO,0.0,28.83,46.8,5.45,,0.01,,,86.43,,,-23.02002468,-43.48157137
2017-11-17 15:30:00,UNIDADE MOVEL RECREIO,0.0,28.25,49.37,6.1,,0.01,,,85.82,,,-23.02002468,-43.48157137
2017-11-17 16:30:00,UNIDADE MOVEL RECREIO,0.0,28.48,47.52,6.24,,0.02,,,81.93,,,-23.02002468,-43.48157137
2017-11-17 17:30:00,UNIDADE MOVEL RECREIO,0.0,27.45,49.05,6.09,,0.03,,,79.85,,,-23.02002468,-43.48157137
2017-11-17 18:30:00,UNIDADE MOVEL RECREIO,0.0,27.27,47.6,4.35,,0.03,,,80.6,,,-23.02002468,-43.48157137
2017-11-17 19:30:00,UNIDADE MOVEL RECREIO,0.0,27.2,47.22,2.29,,0.04,,,74.85,,,-23.02002468,-43.48157137
2017-11-17 20:30:00,UNIDADE MOVEL RECREIO,1.0,25.77,57.62,1.78,,0.05,,,69.69,,,-23.02002468,-43.48157137
2017-11-17 21:30:00,UNIDADE MOVEL RECREIO,0.0,23.5,72.1,0.99,,0.05,,,61.68,,,-23.02002468,-43.48157137
2017-11-17 22:30:00,UNIDADE MOVEL RECREIO,0.0,23.55,72.53,0.97,,0.04,,,71.34,,,-23.02002468,-43.48157137
2017-11-17 23:30:00,UNIDADE MOVEL RECREIO,2.0,22.65,80.18,1.0350000000000001,,0.07,,,52.98,,,-23.02002468,-43.48157137
2017-11-18 00:30:00,UNIDADE MOVEL RECREIO,3.0,21.65,89.63,1.1,,0.08,,,52.32,,,-23.02002468,-43.48157137
2017-11-18 01:30:00,UNIDADE MOVEL RECREIO,1.0,21.3,91.2,1.16,,0.06,,,57.94,,,-23.02002468,-43.48157137
2017-11-18 02:30:00,UNIDADE MOVEL RECREIO,0.0,21.12,91.98,1.26,,0.06,,,45.75,,,-23.02002468,-43.48157137
2017-11-18 03:30:00,UNIDADE MOVEL RECREIO,1.0,21.0,91.33,1.08,,0.06,,,42.84,,,-23.02002468,-43.48157137
2017-11-18 04:30:00,UNIDADE MOVEL RECREIO,0.0,21.02,91.68,0.68,,0.11,,,23.07,,,-23.02002468,-43.48157137
2017-11-18 05:30:00,UNIDADE MOVEL RECREIO,0.0,20.95,91.58,0.5,,0.13,,,20.58,,,-23.02002468,-43.48157137
2017-11-18 06:30:00,UNIDADE MOVEL RECREIO,0.0,21.73,89.33,0.61,,0.17,,,16.77,,,-23.02002468,-43.48157137
2017-11-18 07:30:00,UNIDADE MOVEL RECREIO,0.0,23.23,80.32,0.32,,0.11,,,31.88,,,-23.02002468,-43.48157137
2017-11-18 08:30:00,UNIDADE MOVEL RECREIO,0.0,24.33,75.47,0.37,,0.12,,,40.95,,,-23.02002468,-43.48157137
2017-11-18 09:30:00,UNIDADE MOVEL RECREIO,0.0,25.03,71.85,1.29,,0.13,,,50.65,,,-23.02002468,-43.48157137
2017-11-18 10:30:00,UNIDADE MOVEL RECREIO,0.0,27.78,63.62,3.7,,0.21,,,71.09,,,-23.02002468,-43.48157137
2017-11-18 11:30:00,UNIDADE MOVEL RECREIO,0.0,30.22,50.73,5.13,,0.28,,,59.0,,,-23.02002468,-43.48157137
2017-11-18 12:30:00,UNIDADE MOVEL RECREIO,0.0,31.03,45.95,4.47,,0.15,,,76.76,,,-23.02002468,-43.48157137
2017-11-18 13:30:00,UNIDADE MOVEL RECREIO,0.0,25.9,67.68,4.49,,0.09,,,84.58,,,-23.02002468,-43.48157137
2017-11-18 14:30:00,UNIDADE MOVEL RECREIO,0.0,28.9,57.08,5.85,,0.1,,,96.45,,,-23.02002468,-43.48157137
2017-11-18 15:30:00,UNIDADE MOVEL RECREIO,0.0,28.27,58.63,6.67,,0.08,,,91.1,,,-23.02002468,-43.48157137
2017-11-18 16:30:00,UNIDADE MOVEL RECREIO,0.0,27.73,59.8,5.43,,0.07,,,82.86,,,-23.02002468,-43.48157137
2017-11-18 17:30:00,UNIDADE MOVEL RECREIO,0.0,25.13,67.93,4.2,,0.07,,,71.44,,,-23.02002468,-43.48157137
2017-11-18 18:30:00,UNIDADE MOVEL RECREIO,0.0,23.27,74.82,2.3,,0.1,,,62.6,,,-23.02002468,-43.48157137
2017-11-18 19:30:00,UNIDADE MOVEL RECREIO,0.0,24.77,71.47,1.24,,0.19,,,46.51,,,-23.02002468,-43.48157137
2017-11-18 20:30:00,UNIDADE MOVEL RECREIO,2.0,23.67,77.95,0.19,,0.09,,,74.5,,,-23.02002468,-43.48157137
2017-11-18 21:30:00,UNIDADE MOVEL RECREIO,1.0,22.23,87.18,0.0,,0.11,,,64.65,,,-23.02002468,-43.48157137
2017-11-18 22:30:00,UNIDADE MOVEL RECREIO,0.0,21.67,90.0,0.0,,0.12,,,75.95,,,-23.02002468,-43.48157137
2017-11-18 23:30:00,UNIDADE MOVEL RECREIO,0.0,21.83,88.9,0.59,,0.09,,,85.52,,,-23.02002468,-43.48157137
2017-11-19 00:30:00,UNIDADE MOVEL RECREIO,0.0,22.62,84.58,1.18,,0.09,,,72.87,,,-23.02002468,-43.48157137
2017-11-19 01:30:00,UNIDADE MOVEL RECREIO,0.0,22.1,88.73,1.65,,0.12,,,46.64,,,-23.02002468,-43.48157137
2017-11-19 02:30:00,UNIDADE MOVEL RECREIO,0.0,21.9,89.27,1.54,,0.09,,,47.44,,,-23.02002468,-43.48157137
2017-11-19 03:30:00,UNIDADE MOVEL RECREIO,0.0,21.82,90.27,1.27,,0.11,,,25.33,,,-23.02002468,-43.48157137
2017-11-19 04:30:00,UNIDADE MOVEL RECREIO,0.0,21.58,90.87,2.46,,0.11,,,19.53,,,-23.02002468,-43.48157137
2017-11-19 05:30:00,UNIDADE MOVEL RECREIO,0.0,21.57,90.95,2.87,,0.14,,,10.95,,,-23.02002468,-43.48157137
2017-11-19 06:30:00,UNIDADE MOVEL RECREIO,0.0,22.23,88.78,2.96,,0.17,,,17.59,,,-23.02002468,-43.48157137
2017-11-19 07:30:00,UNIDADE MOVEL RECREIO,0.0,23.1,84.8,2.81,,0.12,,,33.88,,,-23.02002468,-43.48157137
2017-11-19 08:30:00,UNIDADE MOVEL RECREIO,0.0,24.3,79.75,2.77,,0.13,,,48.34,,,-23.02002468,-43.48157137
2017-11-19 09:30:00,UNIDADE MOVEL RECREIO,0.0,25.02,74.62,2.8,,0.1,,,63.63,,,-23.02002468,-43.48157137
2017-11-19 10:30:00,UNIDADE MOVEL RECREIO,0.0,25.63,71.62,3.51,,0.07,,,76.31,,,-23.02002468,-43.48157137
2017-11-19 11:30:00,UNIDADE MOVEL RECREIO,0.0,26.15,69.6,4.85,,0.06,,,93.18,,,-23.02002468,-43.48157137
2017-11-19 12:30:00,UNIDADE MOVEL RECREIO,0.0,26.52,68.55,7.04,,0.07,,,98.43,,,-23.02002468,-43.48157137
2017-11-19 13:30:00,UNIDADE MOVEL RECREIO,0.0,25.95,71.77,7.56,,0.06,,,95.95,,,-23.02002468,-43.48157137
2017-11-19 14:30:00,UNIDADE MOVEL RECREIO,0.0,26.57,68.38,7.27,,0.05,,,95.64,,,-23.02002468,-43.48157137
2017-11-19 15:30:00,UNIDADE MOVEL RECREIO,0.0,26.35,67.15,7.08,,0.05,,,94.21,,,-23.02002468,-43.48157137
2017-11-19 16:30:00,UNIDADE MOVEL RECREIO,0.0,24.9,77.42,6.58,,0.05,,,91.48,,,-23.02002468,-43.48157137
2017-11-19 17:30:00,UNIDADE MOVEL RECREIO,0.0,24.08,83.52,4.69,,0.06,,,84.03,,,-23.02002468,-43.48157137
2017-11-19 18:30:00,UNIDADE MOVEL RECREIO,0.0,23.98,85.3,3.81,,0.06,,,70.15,,,-23.02002468,-43.48157137
2017-11-19 19:30:00,UNIDADE MOVEL RECREIO,0.0,23.42,88.02,3.65,,0.06,,,61.75,,,-23.02002468,-43.48157137
2017-11-19 20:30:00,UNIDADE MOVEL RECREIO,1.0,23.22,89.12,3.24,,0.07,,,62.48,,,-23.02002468,-43.48157137
2017-11-19 21:30:00,UNIDADE MOVEL RECREIO,3.0,22.53,92.35,3.07,,0.07,,,67.61,,,-23.02002468,-43.48157137
2017-11-19 22:30:00,UNIDADE MOVEL RECREIO,3.0,22.37,94.08,3.15,,0.06,,,76.66,,,-23.02002468,-43.48157137
2017-11-19 23:30:00,UNIDADE MOVEL RECREIO,1.0,22.27,94.97,2.3899999999999997,,0.06,,,70.19,,,-23.02002468,-43.48157137
2017-11-20 00:30:00,UNIDADE MOVEL RECREIO,0.0,22.07,95.33,1.63,,0.05,,,58.68,,,-23.02002468,-43.48157137
2017-11-20 01:30:00,UNIDADE MOVEL RECREIO,0.0,22.02,95.6,1.68,,0.04,,,56.53,,,-23.02002468,-43.48157137
2017-11-20 02:30:00,UNIDADE MOVEL RECREIO,6.0,21.93,95.83,0.83,,0.04,,,55.98,,,-23.02002468,-43.48157137
2017-11-20 03:30:00,UNIDADE MOVEL RECREIO,6.0,21.72,96.45,0.06,,0.05,,,65.6,,,-23.02002468,-43.48157137
2017-11-20 04:30:00,UNIDADE MOVEL RECREIO,1.0,21.53,97.02,0.04,,0.06,,,72.11,,,-23.02002468,-43.48157137
2017-11-20 05:30:00,UNIDADE MOVEL RECREIO,12.0,21.47,97.48,0.0,,0.06,,,76.47,,,-23.02002468,-43.48157137
2017-11-20 06:30:00,UNIDADE MOVEL RECREIO,3.0,21.57,98.0,0.0,,0.07,,,74.65,,,-23.02002468,-43.48157137
2017-11-20 07:30:00,UNIDADE MOVEL RECREIO,2.0,21.7,98.35,0.77,,0.08,,,71.9,,,-23.02002468,-43.48157137
2017-11-20 08:30:00,UNIDADE MOVEL RECREIO,1.0,21.68,98.53,0.09,,0.08,,,70.63,,,-23.02002468,-43.48157137
2017-11-20 09:30:00,UNIDADE MOVEL RECREIO,0.0,21.58,98.52,0.0,,0.07,,,69.73,,,-23.02002468,-43.48157137
2017-11-20 10:30:00,UNIDADE MOVEL RECREIO,0.0,21.68,98.42,0.0,,0.06,,,67.4,,,-23.02002468,-43.48157137
2017-11-20 11:30:00,UNIDADE MOVEL RECREIO,3.0,21.58,98.17,0.01,,0.07,,,62.03,,,-23.02002468,-43.48157137
2017-11-20 12:30:00,UNIDADE MOVEL RECREIO,1.0,21.72,98.03,0.05,,0.06,,,66.58,,,-23.02002468,-43.48157137
2017-11-20 13:30:00,UNIDADE MOVEL RECREIO,0.0,21.98,97.87,0.0,,0.06,,,62.03,,,-23.02002468,-43.48157137
2017-11-20 14:30:00,UNIDADE MOVEL RECREIO,0.0,21.78,96.57,0.02,,0.06,,,61.25,,,-23.02002468,-43.48157137
2017-11-20 15:30:00,UNIDADE MOVEL RECREIO,0.0,21.6,94.9,0.11,,0.05,,,58.86,,,-23.02002468,-43.48157137
2017-11-20 16:30:00,UNIDADE MOVEL RECREIO,0.0,21.52,93.68,0.0,,0.05,,,63.84,,,-23.02002468,-43.48157137
2017-11-20 17:30:00,UNIDADE MOVEL RECREIO,0.0,21.48,91.7,0.0,,0.06,,,61.65,,,-23.02002468,-43.48157137
2017-11-20 18:30:00,UNIDADE MOVEL RECREIO,1.0,21.48,92.82,0.0,,0.06,,,61.92,,,-23.02002468,-43.48157137
2017-11-20 19:30:00,UNIDADE MOVEL RECREIO,2.0,21.08,94.5,0.0,,0.05,,,50.52,,,-23.02002468,-43.48157137
2017-11-20 20:30:00,UNIDADE MOVEL RECREIO,0.0,21.02,95.35,0.0,,0.05,,,46.63,,,-23.02002468,-43.48157137
2017-11-20 21:30:00,UNIDADE MOVEL RECREIO,0.0,20.93,95.45,0.0,,0.04,,,47.86,,,-23.02002468,-43.48157137
2017-11-20 22:30:00,UNIDADE MOVEL RECREIO,0.0,21.02,95.65,0.0,,0.03,,,49.38,,,-23.02002468,-43.48157137
2017-11-20 23:30:00,UNIDADE MOVEL RECREIO,0.0,21.12,95.95,0.855,,0.04,,,46.9,,,-23.02002468,-43.48157137
2017-11-21 00:30:00,UNIDADE MOVEL RECREIO,0.0,21.17,95.83,1.71,,0.04,,,46.05,,,-23.02002468,-43.48157137
2017-11-21 01:30:00,UNIDADE MOVEL RECREIO,0.0,21.08,95.65,2.11,,0.04,,,50.59,,,-23.02002468,-43.48157137
2017-11-21 02:30:00,UNIDADE MOVEL RECREIO,0.0,21.1,95.9,2.18,,0.05,,,48.14,,,-23.02002468,-43.48157137
2017-11-21 03:30:00,UNIDADE MOVEL RECREIO,0.0,21.07,96.02,2.08,,0.05,,,44.77,,,-23.02002468,-43.48157137
2017-11-21 04:30:00,UNIDADE MOVEL RECREIO,0.0,21.12,96.17,2.43,,0.05,,,41.77,,,-23.02002468,-43.48157137
2017-11-21 05:30:00,UNIDADE MOVEL RECREIO,0.0,21.27,96.15,2.29,,0.11,,,24.69,,,-23.02002468,-43.48157137
2017-11-21 06:30:00,UNIDADE MOVEL RECREIO,0.0,21.58,95.6,2.05,,0.17,,,22.73,,,-23.02002468,-43.48157137
2017-11-21 07:30:00,UNIDADE MOVEL RECREIO,0.0,22.9,90.65,2.32,,0.28,,,21.72,,,-23.02002468,-43.48157137
2017-11-21 08:30:00,UNIDADE MOVEL RECREIO,0.0,23.73,83.8,1.71,,0.11,,,37.3,,,-23.02002468,-43.48157137
2017-11-21 09:30:00,UNIDADE MOVEL RECREIO,0.0,23.5,84.42,1.42,,0.1,,,48.46,,,-23.02002468,-43.48157137
2017-11-21 10:30:00,UNIDADE MOVEL RECREIO,0.0,24.02,81.65,2.04,,0.08,,,57.12,,,-23.02002468,-43.48157137
2017-11-21 11:30:00,UNIDADE MOVEL RECREIO,0.0,24.05,80.47,3.11,,0.07,,,60.57,,,-23.02002468,-43.48157137
2017-11-21 12:30:00,UNIDADE MOVEL RECREIO,0.0,23.7,81.57,3.15,,0.09,,,60.72,,,-23.02002468,-43.48157137
2017-11-21 13:30:00,UNIDADE MOVEL RECREIO,0.0,24.23,78.78,3.57,,0.04,,,67.46,,,-23.02002468,-43.48157137
2017-11-21 14:30:00,UNIDADE MOVEL RECREIO,0.0,23.17,82.25,3.3,,0.06,,,63.73,,,-23.02002468,-43.48157137
2017-11-21 15:30:00,UNIDADE MOVEL RECREIO,0.0,22.83,83.13,1.74,,0.07,,,60.79,,,-23.02002468,-43.48157137
2017-11-21 16:30:00,UNIDADE MOVEL RECREIO,0.0,23.3,81.28,1.93,,0.1,,,61.94,,,-23.02002468,-43.48157137
2017-11-21 17:30:00,UNIDADE MOVEL RECREIO,0.0,22.98,83.92,2.74,,0.08,,,54.31,,,-23.02002468,-43.48157137
2017-11-21 18:30:00,UNIDADE MOVEL RECREIO,0.0,22.75,85.6,3.21,,0.09,,,38.51,,,-23.02002468,-43.48157137
2017-11-21 19:30:00,UNIDADE MOVEL RECREIO,0.0,22.55,87.2,2.44,,0.16,,,21.39,,,-23.02002468,-43.48157137
2017-11-21 20:30:00,UNIDADE MOVEL RECREIO,0.0,22.42,87.72,2.12,,0.16,,,30.5,,,-23.02002468,-43.48157137
2017-11-21 21:30:00,UNIDADE MOVEL RECREIO,0.0,22.23,89.0,2.21,,0.18,,,17.24,,,-23.02002468,-43.48157137
2017-11-21 22:30:00,UNIDADE MOVEL RECREIO,0.0,22.27,89.6,1.2,,0.15,,,17.32,,,-23.02002468,-43.48157137
2017-11-21 23:30:00,UNIDADE MOVEL RECREIO,0.0,22.48,89.88,1.725,,0.2,,,13.63,,,-23.02002468,-43.48157137
2017-11-22 00:30:00,UNIDADE MOVEL RECREIO,0.0,22.8,88.65,2.25,,0.14,,,36.19,,,-23.02002468,-43.48157137
2017-11-22 01:30:00,UNIDADE MOVEL RECREIO,0.0,22.43,89.18,2.7,,0.11,,,36.07,,,-23.02002468,-43.48157137
2017-11-22 02:30:00,UNIDADE MOVEL RECREIO,0.0,22.3,90.5,2.45,,0.12,,,18.8,,,-23.02002468,-43.48157137
2017-11-22 03:30:00,UNIDADE MOVEL RECREIO,1.0,22.03,92.33,2.21,,0.11,,,18.78,,,-23.02002468,-43.48157137
2017-11-22 04:30:00,UNIDADE MOVEL RECREIO,0.0,21.65,94.27,1.97,,0.1,,,33.72,,,-23.02002468,-43.48157137
2017-11-22 05:30:00,UNIDADE MOVEL RECREIO,0.0,21.83,94.57,2.21,,0.17,,,16.12,,,-23.02002468,-43.48157137
2017-11-22 06:30:00,UNIDADE MOVEL RECREIO,0.0,22.03,94.3,2.23,,0.16,,,16.47,,,-23.02002468,-43.48157137
2017-11-22 07:30:00,UNIDADE MOVEL RECREIO,0.0,22.22,93.22,1.57,,0.19,,,24.16,,,-23.02002468,-43.48157137
2017-11-22 08:30:00,UNIDADE MOVEL RECREIO,2.0,22.38,93.5,1.38,,0.17,,,22.36,,,-23.02002468,-43.48157137
2017-11-22 09:30:00,UNIDADE MOVEL RECREIO,1.0,22.35,94.2,1.17,,0.1,,,34.49,,,-23.02002468,-43.48157137
2017-11-22 10:30:00,UNIDADE MOVEL RECREIO,0.0,22.57,93.05,0.86,,0.08,,,37.41,,,-23.02002468,-43.48157137
2017-11-22 11:30:00,UNIDADE MOVEL RECREIO,1.0,23.85,90.48,1.59,,0.41,,,23.97,,,-23.02002468,-43.48157137
2017-11-22 12:30:00,UNIDADE MOVEL RECREIO,0.0,25.72,80.15,1.88,,0.17,,,30.77,,,-23.02002468,-43.48157137
2017-11-22 13:30:00,UNIDADE MOVEL RECREIO,0.0,27.43,67.4,2.03,,0.13,,,37.58,,,-23.02002468,-43.48157137
2017-11-22 14:30:00,UNIDADE MOVEL RECREIO,0.0,25.73,75.6,2.04,,0.07,,,50.74,,,-23.02002468,-43.48157137
2017-11-22 15:30:00,UNIDADE MOVEL RECREIO,0.0,23.67,82.6,1.09,,0.05,,,51.95,,,-23.02002468,-43.48157137
2017-11-22 16:30:00,UNIDADE MOVEL RECREIO,1.0,22.52,88.78,0.88,,0.06,,,48.1,,,-23.02002468,-43.48157137
2017-11-22 17:30:00,UNIDADE MOVEL RECREIO,3.0,21.92,90.28,0.53,,0.05,,,54.48,,,-23.02002468,-43.48157137
2017-11-22 18:30:00,UNIDADE MOVEL RECREIO,3.0,21.25,91.88,0.42,,0.03,,,55.47,,,-23.02002468,-43.48157137
2017-11-22 19:30:00,UNIDADE MOVEL RECREIO,6.0,20.67,93.77,0.53,,0.04,,,51.56,,,-23.02002468,-43.48157137
2017-11-22 20:30:00,UNIDADE MOVEL RECREIO,2.0,20.28,94.52,0.58,,0.04,,,50.92,,,-23.02002468,-43.48157137
2017-11-22 21:30:00,UNIDADE MOVEL RECREIO,1.0,20.35,94.48,0.11,,0.04,,,40.24,,,-23.02002468,-43.48157137
2017-11-22 22:30:00,UNIDADE MOVEL RECREIO,1.0,20.27,92.63,0.51,,0.03,,,49.78,,,-23.02002468,-43.48157137
2017-11-22 23:30:00,UNIDADE MOVEL RECREIO,0.0,21.13,81.68,1.145,,0.02,,,53.44,,,-23.02002468,-43.48157137
2017-11-23 00:30:00,UNIDADE MOVEL RECREIO,0.0,21.22,79.18,1.78,,0.02,,,54.33,,,-23.02002468,-43.48157137
2017-11-23 01:30:00,UNIDADE MOVEL RECREIO,0.0,20.52,86.03,1.78,,0.03,,,35.81,,,-23.02002468,-43.48157137
2017-11-23 02:30:00,UNIDADE MOVEL RECREIO,0.0,19.88,89.1,2.09,,0.02,,,32.63,,,-23.02002468,-43.48157137
2017-11-23 03:30:00,UNIDADE MOVEL RECREIO,0.0,19.72,90.73,2.15,,0.02,,,22.32,,,-23.02002468,-43.48157137
2017-11-23 04:30:00,UNIDADE MOVEL RECREIO,0.0,19.5,91.95,1.36,,0.04,,,13.18,,,-23.02002468,-43.48157137
2017-11-23 05:30:00,UNIDADE MOVEL RECREIO,0.0,19.25,89.6,1.9649999999999999,,0.06,,,26.46,,,-23.02002468,-43.48157137
2017-11-23 06:30:00,UNIDADE MOVEL RECREIO,0.0,19.07,85.03,2.57,,0.28,,,8.15,,,-23.02002468,-43.48157137
2017-11-23 07:30:00,UNIDADE MOVEL RECREIO,0.0,19.52,84.68,2.81,,0.21,,,5.95,,,-23.02002468,-43.48157137
2017-11-23 08:30:00,UNIDADE MOVEL RECREIO,0.0,20.45,81.27,5.04,,0.18,,,9.7,,,-23.02002468,-43.48157137
2017-11-23 09:30:00,UNIDADE MOVEL RECREIO,0.0,22.0,71.65,5.87,,0.09,,,24.58,,,-23.02002468,-43.48157137
2017-11-23 10:30:00,UNIDADE MOVEL RECREIO,0.0,22.18,68.38,5.3,,0.14,,,24.65,,,-23.02002468,-43.48157137
2017-11-23 11:30:00,UNIDADE MOVEL RECREIO,0.0,23.58,66.5,6.09,,0.07,,,39.26,,,-23.02002468,-43.48157137
2017-11-23 12:30:00,UNIDADE MOVEL RECREIO,0.0,23.58,66.58,7.14,,0.04,,,48.81,,,-23.02002468,-43.48157137
2017-11-23 13:30:00,UNIDADE MOVEL RECREIO,0.0,23.53,66.47,9.05,,0.03,,,58.06,,,-23.02002468,-43.48157137
2017-11-23 14:30:00,UNIDADE MOVEL RECREIO,0.0,22.66,69.84,12.88,,0.02,,,57.18,,,-23.02002468,-43.48157137
2017-11-23 15:30:00,UNIDADE MOVEL RECREIO,0.0,22.15,71.2,15.06,,0.04,,,50.46,,,-23.02002468,-43.48157137
2017-11-23 16:30:00,UNIDADE MOVEL RECREIO,0.0,22.25,70.65,15.28,,0.02,,,46.99,,,-23.02002468,-43.48157137
2017-11-23 17:30:00,UNIDADE MOVEL RECREIO,0.0,21.77,73.95,14.7,,0.02,,,41.52,,,-23.02002468,-43.48157137
2017-11-23 18:30:00,UNIDADE MOVEL RECREIO,0.0,21.45,77.32,14.45,,0.03,,,40.2,,,-23.02002468,-43.48157137
2017-11-23 19:30:00,UNIDADE MOVEL RECREIO,0.0,21.28,78.25,14.4,,0.02,,,40.19,,,-23.02002468,-43.48157137
2017-11-23 20:30:00,UNIDADE MOVEL RECREIO,0.0,21.02,80.62,14.19,,0.03,,,40.94,,,-23.02002468,-43.48157137
2017-11-23 21:30:00,UNIDADE MOVEL RECREIO,0.0,20.93,81.13,14.11,,0.04,,,32.01,,,-23.02002468,-43.48157137
2017-11-23 22:30:00,UNIDADE MOVEL RECREIO,0.0,20.22,77.77,14.68,,0.14,,,3.03,,,-23.02002468,-43.48157137
2017-11-23 23:30:00,UNIDADE MOVEL RECREIO,0.0,19.72,77.2,8.225,,0.16,,,1.53,,,-23.02002468,-43.48157137
2017-11-24 00:30:00,UNIDADE MOVEL RECREIO,0.0,18.55,87.63,1.77,,0.19,,,0.05,,,-23.02002468,-43.48157137
2017-11-24 01:30:00,UNIDADE MOVEL RECREIO,0.0,17.97,84.72,0.88,,0.07,,,5.95,,,-23.02002468,-43.48157137
2017-11-24 02:30:00,UNIDADE MOVEL RECREIO,0.0,17.38,84.07,1.12,,0.04,,,11.04,,,-23.02002468,-43.48157137
2017-11-24 03:30:00,UNIDADE MOVEL RECREIO,0.0,17.27,82.28,1.72,,0.04,,,10.31,,,-23.02002468,-43.48157137
2017-11-24 04:30:00,UNIDADE MOVEL RECREIO,0.0,16.88,82.58,1.44,,0.06,,,4.71,,,-23.02002468,-43.48157137
2017-11-24 05:30:00,UNIDADE MOVEL RECREIO,0.0,16.73,84.08,1.49,,0.15,,,1.16,,,-23.02002468,-43.48157137
2017-11-24 06:30:00,UNIDADE MOVEL RECREIO,0.0,18.15,77.17,1.54,,0.13,,,8.35,,,-23.02002468,-43.48157137
2017-11-24 07:30:00,UNIDADE MOVEL RECREIO,0.0,21.48,63.45,1.5899999999999999,,0.11,,,15.5,,,-23.02002468,-43.48157137
2017-11-24 08:30:00,UNIDADE MOVEL RECREIO,0.0,23.15,57.52,1.64,,0.05,,,28.53,,,-23.02002468,-43.48157137
2017-11-24 09:30:00,UNIDADE MOVEL RECREIO,0.0,24.0,57.15,1.69,,0.03,,,40.94,,,-23.02002468,-43.48157137
2017-11-24 10:30:00,UNIDADE MOVEL RECREIO,0.0,24.3,59.73,2.5,,0.02,,,53.22,,,-23.02002468,-43.48157137
2017-11-24 11:30:00,UNIDADE MOVEL RECREIO,0.0,24.77,60.58,3.14,,0.04,,,60.06,,,-23.02002468,-43.48157137
2017-11-24 12:30:00,UNIDADE MOVEL RECREIO,0.0,25.18,62.58,3.12,,0.04,,,64.86,,,-23.02002468,-43.48157137
2017-11-24 13:30:00,UNIDADE MOVEL RECREIO,0.0,24.58,66.47,3.12,,0.04,,,68.5,,,-23.02002468,-43.48157137
2017-11-24 14:30:00,UNIDADE MOVEL RECREIO,0.0,24.77,67.2,3.41,,0.04,,,66.28,,,-23.02002468,-43.48157137
2017-11-24 15:30:00,UNIDADE MOVEL RECREIO,0.0,24.5,68.43,4.33,,0.05,,,67.3,,,-23.02002468,-43.48157137
2017-11-24 16:30:00,UNIDADE MOVEL RECREIO,0.0,24.15,70.78,4.65,,0.07,,,65.36,,,-23.02002468,-43.48157137
2017-11-24 17:30:00,UNIDADE MOVEL RECREIO,0.0,23.68,72.65,3.88,,0.06,,,61.76,,,-23.02002468,-43.48157137
2017-11-24 18:30:00,UNIDADE MOVEL RECREIO,0.0,22.52,78.65,3.39,,0.08,,,60.45,,,-23.02002468,-43.48157137
2017-11-24 19:30:00,UNIDADE MOVEL RECREIO,0.0,21.97,83.02,3.23,,0.08,,,54.75,,,-23.02002468,-43.48157137
2017-11-24 20:30:00,UNIDADE MOVEL RECREIO,0.0,21.85,84.97,2.03,,0.1,,,43.59,,,-23.02002468,-43.48157137
2017-11-24 21:30:00,UNIDADE MOVEL RECREIO,0.0,21.1,86.75,0.34,,0.21,,,15.98,,,-23.02002468,-43.48157137
2017-11-24 22:30:00,UNIDADE MOVEL RECREIO,0.0,20.8,87.07,0.0,,0.24,,,8.61,,,-23.02002468,-43.48157137
2017-11-24 23:30:00,UNIDADE MOVEL RECREIO,0.0,20.85,87.33,0.765,,0.24,,,11.79,,,-23.02002468,-43.48157137
2017-11-25 00:30:00,UNIDADE MOVEL RECREIO,0.0,20.32,88.93,1.53,,0.26,,,3.34,,,-23.02002468,-43.48157137
2017-11-25 01:30:00,UNIDADE MOVEL RECREIO,0.0,20.03,89.43,1.5,,0.18,,,4.32,,,-23.02002468,-43.48157137
2017-11-25 02:30:00,UNIDADE MOVEL RECREIO,0.0,19.95,90.15,1.5,,0.19,,,3.85,,,-23.02002468,-43.48157137
2017-11-25 03:30:00,UNIDADE MOVEL RECREIO,0.0,19.63,90.75,1.71,,0.15,,,3.02,,,-23.02002468,-43.48157137
2017-11-25 04:30:00,UNIDADE MOVEL RECREIO,0.0,19.58,91.02,0.71,,0.17,,,1.39,,,-23.02002468,-43.48157137
2017-11-25 05:30:00,UNIDADE MOVEL RECREIO,0.0,19.6,91.25,0.02,,0.23,,,1.16,,,-23.02002468,-43.48157137
2017-11-25 06:30:00,UNIDADE MOVEL RECREIO,0.0,21.23,89.38,0.01,,0.18,,,15.82,,,-23.02002468,-43.48157137
2017-11-25 07:30:00,UNIDADE MOVEL RECREIO,0.0,22.58,83.85,1.66,,0.15,,,28.23,,,-23.02002468,-43.48157137
2017-11-25 08:30:00,UNIDADE MOVEL RECREIO,0.0,24.15,77.12,2.28,,0.12,,,40.85,,,-23.02002468,-43.48157137
2017-11-25 09:30:00,UNIDADE MOVEL RECREIO,0.0,25.17,71.95,5.12,,0.14,,,53.75,,,-23.02002468,-43.48157137
2017-11-25 10:30:00,UNIDADE MOVEL RECREIO,0.0,25.68,70.37,6.39,,0.11,,,74.94,,,-23.02002468,-43.48157137
2017-11-25 11:30:00,UNIDADE MOVEL RECREIO,0.0,26.0,68.97,7.08,,0.11,,,93.75,,,-23.02002468,-43.48157137
2017-11-25 12:30:00,UNIDADE MOVEL RECREIO,0.0,25.95,68.72,7.73,,0.09,,,100.06,,,-23.02002468,-43.48157137
2017-11-25 13:30:00,UNIDADE MOVEL RECREIO,0.0,26.33,68.4,7.72,,0.07,,,78.83,,,-23.02002468,-43.48157137
2017-11-25 14:30:00,UNIDADE MOVEL RECREIO,0.0,26.92,67.15,7.43,,0.08,,,86.35,,,-23.02002468,-43.48157137
2017-11-25 15:30:00,UNIDADE MOVEL RECREIO,0.0,26.25,70.3,7.82,,0.08,,,80.39,,,-23.02002468,-43.48157137
2017-11-25 16:30:00,UNIDADE MOVEL RECREIO,0.0,25.98,71.58,8.0,,0.06,,,67.04,,,-23.02002468,-43.48157137
2017-11-25 17:30:00,UNIDADE MOVEL RECREIO,0.0,25.12,74.95,6.4,,0.07,,,65.52,,,-23.02002468,-43.48157137
2017-11-25 18:30:00,UNIDADE MOVEL RECREIO,0.0,24.0,79.63,4.54,,0.1,,,59.22,,,-23.02002468,-43.48157137
2017-11-25 19:30:00,UNIDADE MOVEL RECREIO,0.0,23.48,81.95,4.56,,0.09,,,48.47,,,-23.02002468,-43.48157137
2017-11-25 20:30:00,UNIDADE MOVEL RECREIO,0.0,24.0,80.65,4.0,,0.25,,,23.86,,,-23.02002468,-43.48157137
2017-11-25 21:30:00,UNIDADE MOVEL RECREIO,0.0,24.55,78.9,3.8,,0.19,,,32.11,,,-23.02002468,-43.48157137
2017-11-25 22:30:00,UNIDADE MOVEL RECREIO,0.0,23.52,82.68,2.92,,0.12,,,44.2,,,-23.02002468,-43.48157137
2017-11-25 23:30:00,UNIDADE MOVEL RECREIO,0.0,23.6,83.27,2.43,,0.17,,,29.25,,,-23.02002468,-43.48157137
2017-11-26 00:30:00,UNIDADE MOVEL RECREIO,0.0,23.57,83.68,1.94,,0.24,,,19.48,,,-23.02002468,-43.48157137
2017-11-26 01:30:00,UNIDADE MOVEL RECREIO,0.0,23.45,85.67,1.66,,0.28,,,8.34,,,-23.02002468,-43.48157137
2017-11-26 02:30:00,UNIDADE MOVEL RECREIO,0.0,23.92,83.3,1.74,,0.25,,,8.68,,,-23.02002468,-43.48157137
2017-11-26 03:30:00,UNIDADE MOVEL RECREIO,0.0,23.8,81.57,1.51,,0.13,,,20.89,,,-23.02002468,-43.48157137
2017-11-26 04:30:00,UNIDADE MOVEL RECREIO,0.0,23.73,81.58,1.22,,0.11,,,17.71,,,-23.02002468,-43.48157137
2017-11-26 05:30:00,UNIDADE MOVEL RECREIO,0.0,25.8,65.0,0.86,,0.21,,,8.41,,,-23.02002468,-43.48157137
2017-11-26 06:30:00,UNIDADE MOVEL RECREIO,0.0,28.6,46.37,0.22,,0.1,,,24.23,,,-23.02002468,-43.48157137
2017-11-26 07:30:00,UNIDADE MOVEL RECREIO,0.0,29.78,43.23,0.0,,0.09,,,34.69,,,-23.02002468,-43.48157137
2017-11-26 08:30:00,UNIDADE MOVEL RECREIO,0.0,29.63,44.82,0.0,,0.1,,,31.98,,,-23.02002468,-43.48157137
2017-11-26 09:30:00,UNIDADE MOVEL RECREIO,0.0,29.82,42.93,0.47,,0.08,,,38.48,,,-23.02002468,-43.48157137
2017-11-26 10:30:00,UNIDADE MOVEL RECREIO,0.0,29.83,43.52,0.93,,0.07,,,42.27,,,-23.02002468,-43.48157137
2017-11-26 11:30:00,UNIDADE MOVEL RECREIO,0.0,29.83,44.1,0.98,,0.09,,,45.13,,,-23.02002468,-43.48157137
2017-11-26 12:30:00,UNIDADE MOVEL RECREIO,0.0,30.18,44.55,1.13,,0.1,,,47.38,,,-23.02002468,-43.48157137
2017-11-26 13:30:00,UNIDADE MOVEL RECREIO,0.0,30.27,44.8,1.93,,0.09,,,48.02,,,-23.02002468,-43.48157137
2017-11-26 14:30:00,UNIDADE MOVEL RECREIO,0.0,31.53,42.03,2.59,,0.09,,,49.24,,,-23.02002468,-43.48157137
2017-11-26 15:30:00,UNIDADE MOVEL RECREIO,0.0,30.9,43.42,2.35,,0.09,,,47.24,,,-23.02002468,-43.48157137
2017-11-26 16:30:00,UNIDADE MOVEL RECREIO,0.0,31.63,42.7,2.46,,0.11,,,46.44,,,-23.02002468,-43.48157137
2017-11-26 17:30:00,UNIDADE MOVEL RECREIO,0.0,31.08,43.75,3.12,,0.14,,,40.97,,,-23.02002468,-43.48157137
2017-11-26 18:30:00,UNIDADE MOVEL RECREIO,0.0,30.62,43.92,3.38,,0.14,,,35.61,,,-23.02002468,-43.48157137
2017-11-26 19:30:00,UNIDADE MOVEL RECREIO,0.0,30.5,42.98,3.16,,0.2,,,28.98,,,-23.02002468,-43.48157137
2017-11-26 20:30:00,UNIDADE MOVEL RECREIO,0.0,29.95,44.28,3.13,,0.15,,,29.65,,,-23.02002468,-43.48157137
2017-11-26 21:30:00,UNIDADE MOVEL RECREIO,0.0,29.7,44.58,3.33,,0.26,,,24.42,,,-23.02002468,-43.48157137
2017-11-26 22:30:00,UNIDADE MOVEL RECREIO,0.0,29.37,44.47,2.68,,0.08,,,39.37,,,-23.02002468,-43.48157137
2017-11-26 23:30:00,UNIDADE MOVEL RECREIO,0.0,29.43,42.92,2.095,,0.06,,,47.85,,,-23.02002468,-43.48157137
2017-11-27 00:30:00,UNIDADE MOVEL RECREIO,0.0,29.62,43.68,1.51,,0.05,,,58.07,,,-23.02002468,-43.48157137
2017-11-27 01:30:00,UNIDADE MOVEL RECREIO,0.0,29.65,44.23,0.67,,0.04,,,59.55,,,-23.02002468,-43.48157137
2017-11-27 02:30:00,UNIDADE MOVEL RECREIO,0.0,29.32,45.12,0.58,,0.04,,,59.41,,,-23.02002468,-43.48157137
2017-11-27 03:30:00,UNIDADE MOVEL RECREIO,0.0,29.02,46.43,0.06,,0.05,,,58.53,,,-23.02002468,-43.48157137
2017-11-27 04:30:00,UNIDADE MOVEL RECREIO,0.0,28.27,50.38,0.0,,0.06,,,46.47,,,-23.02002468,-43.48157137
2017-11-27 05:30:00,UNIDADE MOVEL RECREIO,0.0,27.53,54.42,0.08,,0.16,,,22.02,,,-23.02002468,-43.48157137
2017-11-27 06:30:00,UNIDADE MOVEL RECREIO,0.0,27.43,56.12,0.0,,0.14,,,23.67,,,-23.02002468,-43.48157137
2017-11-27 07:30:00,UNIDADE MOVEL RECREIO,0.0,27.08,62.67,0.12,,0.18,,,27.03,,,-23.02002468,-43.48157137
2017-11-27 08:30:00,UNIDADE MOVEL RECREIO,0.0,25.55,73.78,0.0,,0.12,,,28.53,,,-23.02002468,-43.48157137
2017-11-27 09:30:00,UNIDADE MOVEL RECREIO,0.0,26.37,68.08,0.0,,0.07,,,49.83,,,-23.02002468,-43.48157137
2017-11-27 10:30:00,UNIDADE MOVEL RECREIO,0.0,26.13,68.27,0.0,,0.06,,,61.48,,,-23.02002468,-43.48157137
2017-11-27 11:30:00,UNIDADE MOVEL RECREIO,0.0,26.2,69.2,0.0,,0.06,,,63.61,,,-23.02002468,-43.48157137
2017-11-27 12:30:00,UNIDADE MOVEL RECREIO,0.0,24.97,75.73,0.205,,0.08,,,62.74,,,-23.02002468,-43.48157137
2017-11-27 13:30:00,UNIDADE MOVEL RECREIO,0.0,24.33,81.3,0.41,,0.1,,,65.03,,,-23.02002468,-43.48157137
2017-11-27 14:30:00,UNIDADE MOVEL RECREIO,0.0,25.83,73.35,0.72,,0.08,,,66.3,,,-23.02002468,-43.48157137
2017-11-27 15:30:00,UNIDADE MOVEL RECREIO,0.0,25.18,75.0,1.87,,0.08,,,67.05,,,-23.02002468,-43.48157137
2017-11-27 16:30:00,UNIDADE MOVEL RECREIO,0.0,24.5,77.93,1.81,,0.2,,,59.48,,,-23.02002468,-43.48157137
2017-11-27 17:30:00,UNIDADE MOVEL RECREIO,0.0,24.1,80.32,1.69,,0.13,,,54.09,,,-23.02002468,-43.48157137
2017-11-27 18:30:00,UNIDADE MOVEL RECREIO,0.0,24.18,79.12,1.27,,0.17,,,46.69,,,-23.02002468,-43.48157137
2017-11-27 19:30:00,UNIDADE MOVEL RECREIO,2.0,22.97,90.03,1.52,,0.38,,,15.13,,,-23.02002468,-43.48157137
2017-11-27 20:30:00,UNIDADE MOVEL RECREIO,0.0,22.83,91.33,1.2,,0.32,,,7.78,,,-23.02002468,-43.48157137
2017-11-27 21:30:00,UNIDADE MOVEL RECREIO,2.0,22.78,91.9,1.1,,0.3,,,8.38,,,-23.02002468,-43.48157137
2017-11-27 22:30:00,UNIDADE MOVEL RECREIO,0.0,22.5,92.85,1.07,,0.28,,,14.06,,,-23.02002468,-43.48157137
2017-11-27 23:30:00,UNIDADE MOVEL RECREIO,0.0,22.4,93.52,1.5050000000000001,,0.25,,,8.07,,,-23.02002468,-43.48157137
2017-11-28 00:30:00,UNIDADE MOVEL RECREIO,0.0,22.27,94.15,1.94,,0.14,,,5.51,,,-23.02002468,-43.48157137
2017-11-28 01:30:00,UNIDADE MOVEL RECREIO,0.0,22.23,94.38,2.31,,0.12,,,13.43,,,-23.02002468,-43.48157137
2017-11-28 02:30:00,UNIDADE MOVEL RECREIO,0.0,22.43,94.12,2.88,,0.1,,,22.29,,,-23.02002468,-43.48157137
2017-11-28 03:30:00,UNIDADE MOVEL RECREIO,0.0,22.55,93.27,2.73,,0.07,,,35.02,,,-23.02002468,-43.48157137
2017-11-28 04:30:00,UNIDADE MOVEL RECREIO,0.0,22.63,89.4,2.41,,0.04,,,53.68,,,-23.02002468,-43.48157137
2017-11-28 05:30:00,UNIDADE MOVEL RECREIO,0.0,22.62,88.72,2.31,,0.04,,,49.67,,,-23.02002468,-43.48157137
2017-11-28 06:30:00,UNIDADE MOVEL RECREIO,0.0,22.82,88.35,2.31,,0.06,,,50.12,,,-23.02002468,-43.48157137
2017-11-28 07:30:00,UNIDADE MOVEL RECREIO,0.0,23.27,84.9,1.96,,0.08,,,55.73,,,-23.02002468,-43.48157137
2017-11-28 08:30:00,UNIDADE MOVEL RECREIO,0.0,24.08,81.3,1.81,,0.07,,,57.22,,,-23.02002468,-43.48157137
2017-11-28 09:30:00,UNIDADE MOVEL RECREIO,0.0,24.58,79.83,1.89,,0.06,,,62.81,,,-23.02002468,-43.48157137
2017-11-28 10:30:00,UNIDADE MOVEL RECREIO,0.0,24.25,81.53,2.06,,0.06,,,63.38,,,-23.02002468,-43.48157137
2017-11-28 11:30:00,UNIDADE MOVEL RECREIO,8.0,23.13,89.08,2.27,,0.09,,,57.04,,,-23.02002468,-43.48157137
2017-11-28 12:30:00,UNIDADE MOVEL RECREIO,0.0,23.33,91.93,2.21,,0.07,,,61.65,,,-23.02002468,-43.48157137
2017-11-28 13:30:00,UNIDADE MOVEL RECREIO,0.0,22.95,89.43,1.87,,0.06,,,57.76,,,-23.02002468,-43.48157137
2017-11-28 14:30:00,UNIDADE MOVEL RECREIO,1.0,23.12,90.43,1.96,,0.05,,,61.7,,,-23.02002468,-43.48157137
2017-11-28 15:30:00,UNIDADE MOVEL RECREIO,0.0,23.45,85.97,2.0,,0.05,,,57.12,,,-23.02002468,-43.48157137
2017-11-28 16:30:00,UNIDADE MOVEL RECREIO,0.0,23.93,82.6,1.97,,0.08,,,50.95,,,-23.02002468,-43.48157137
2017-11-28 17:30:00,UNIDADE MOVEL RECREIO,0.0,23.33,82.07,1.95,,0.06,,,52.92,,,-23.02002468,-43.48157137
2017-11-28 18:30:00,UNIDADE MOVEL RECREIO,0.0,22.85,83.98,1.74,,0.04,,,49.41,,,-23.02002468,-43.48157137
2017-11-28 19:30:00,UNIDADE MOVEL RECREIO,0.0,22.47,84.78,1.73,,0.04,,,45.41,,,-23.02002468,-43.48157137
2017-11-28 20:30:00,UNIDADE MOVEL RECREIO,0.0,22.4,83.25,1.66,,0.06,,,43.07,,,-23.02002468,-43.48157137
2017-11-28 21:30:00,UNIDADE MOVEL RECREIO,0.0,22.15,82.43,1.57,,0.02,,,40.67,,,-23.02002468,-43.48157137
2017-11-28 22:30:00,UNIDADE MOVEL RECREIO,0.0,22.0,81.72,1.53,,0.02,,,49.88,,,-23.02002468,-43.48157137
2017-11-28 23:30:00,UNIDADE MOVEL RECREIO,0.0,22.0,82.4,1.6800000000000002,,0.02,,,49.12,,,-23.02002468,-43.48157137
2017-11-29 00:30:00,UNIDADE MOVEL RECREIO,0.0,21.77,82.68,1.83,,0.02,,,44.3,,,-23.02002468,-43.48157137
2017-11-29 01:30:00,UNIDADE MOVEL RECREIO,0.0,21.35,84.85,1.74,,0.02,,,42.42,,,-23.02002468,-43.48157137
2017-11-29 02:30:00,UNIDADE MOVEL RECREIO,0.0,20.82,86.68,1.75,,0.03,,,30.42,,,-23.02002468,-43.48157137
2017-11-29 03:30:00,UNIDADE MOVEL RECREIO,0.0,20.42,90.03,2.26,,0.04,,,12.18,,,-23.02002468,-43.48157137
2017-11-29 04:30:00,UNIDADE MOVEL RECREIO,0.0,20.05,89.97,2.25,,0.04,,,8.66,,,-23.02002468,-43.48157137
2017-11-29 05:30:00,UNIDADE MOVEL RECREIO,0.0,20.25,88.15,2.16,,0.08,,,1.19,,,-23.02002468,-43.48157137
2017-11-29 06:30:00,UNIDADE MOVEL RECREIO,0.0,21.75,80.9,2.02,,0.08,,,22.27,,,-23.02002468,-43.48157137
2017-11-29 07:30:00,UNIDADE MOVEL RECREIO,0.0,22.83,72.37,1.69,,0.04,,,40.9,,,-23.02002468,-43.48157137
2017-11-29 08:30:00,UNIDADE MOVEL RECREIO,0.0,23.8,67.1,1.53,,0.02,,,45.14,,,-23.02002468,-43.48157137
2017-11-29 09:30:00,UNIDADE MOVEL RECREIO,0.0,24.28,64.22,2.34,,0.02,,,46.18,,,-23.02002468,-43.48157137
2017-11-29 10:30:00,UNIDADE MOVEL RECREIO,0.0,24.7,63.55,3.14,,0.01,,,49.58,,,-23.02002468,-43.48157137
2017-11-29 11:30:00,UNIDADE MOVEL RECREIO,0.0,24.72,63.73,4.11,,0.02,,,48.74,,,-23.02002468,-43.48157137
2017-11-29 12:30:00,UNIDADE MOVEL RECREIO,0.0,25.07,61.6,4.79,,0.02,,,48.25,,,-23.02002468,-43.48157137
2017-11-29 13:30:00,UNIDADE MOVEL RECREIO,0.0,24.88,61.5,4.49,,0.02,,,47.57,,,-23.02002468,-43.48157137
2017-11-29 14:30:00,UNIDADE MOVEL RECREIO,0.0,24.75,61.67,0.24,,0.02,,,47.5,,,-23.02002468,-43.48157137
2017-11-29 15:30:00,UNIDADE MOVEL RECREIO,0.0,24.52,61.48,0.0,,0.04,,,46.18,,,-23.02002468,-43.48157137
2017-11-29 16:30:00,UNIDADE MOVEL RECREIO,0.0,23.63,63.48,0.0,,0.03,,,47.38,,,-23.02002468,-43.48157137
2017-11-29 17:30:00,UNIDADE MOVEL RECREIO,0.0,23.05,64.38,0.0,,0.03,,,43.03,,,-23.02002468,-43.48157137
2017-11-29 18:30:00,UNIDADE MOVEL RECREIO,0.0,22.45,65.87,0.0,,0.03,,,39.83,,,-23.02002468,-43.48157137
2017-11-29 19:30:00,UNIDADE MOVEL RECREIO,0.0,22.13,67.43,0.0,,0.03,,,38.68,,,-23.02002468,-43.48157137
2017-11-29 20:30:00,UNIDADE MOVEL RECREIO,0.0,22.03,69.7,0.0,,0.02,,,40.33,,,-23.02002468,-43.48157137
2017-11-29 21:30:00,UNIDADE MOVEL RECREIO,0.0,21.98,70.28,0.0,,0.02,,,39.66,,,-23.02002468,-43.48157137
2017-11-29 22:30:00,UNIDADE MOVEL RECREIO,0.0,21.88,69.53,0.0,,0.02,,,40.4,,,-23.02002468,-43.48157137
2017-11-29 23:30:00,UNIDADE MOVEL RECREIO,0.0,21.32,70.52,0.79,,0.02,,,36.23,,,-23.02002468,-43.48157137
2017-11-30 00:30:00,UNIDADE MOVEL RECREIO,0.0,19.5,80.05,1.58,,0.05,,,11.7,,,-23.02002468,-43.48157137
2017-11-30 01:30:00,UNIDADE MOVEL RECREIO,0.0,18.9,83.65,1.77,,0.07,,,9.12,,,-23.02002468,-43.48157137
2017-11-30 02:30:00,UNIDADE MOVEL RECREIO,0.0,18.4,84.48,1.68,,0.04,,,10.28,,,-23.02002468,-43.48157137
2017-11-30 03:30:00,UNIDADE MOVEL RECREIO,0.0,19.43,80.12,1.82,,0.04,,,11.08,,,-23.02002468,-43.48157137
2017-11-30 04:30:00,UNIDADE MOVEL RECREIO,0.0,18.85,81.7,1.91,,0.06,,,8.57,,,-23.02002468,-43.48157137
2017-11-30 05:30:00,UNIDADE MOVEL RECREIO,0.0,18.88,82.33,2.24,,0.08,,,3.27,,,-23.02002468,-43.48157137
2017-11-30 06:30:00,UNIDADE MOVEL RECREIO,0.0,20.53,77.47,2.55,,0.14,,,4.93,,,-23.02002468,-43.48157137
2017-11-30 07:30:00,UNIDADE MOVEL RECREIO,0.0,22.82,66.8,2.85,,0.07,,,20.61,,,-23.02002468,-43.48157137
2017-11-30 08:30:00,UNIDADE MOVEL RECREIO,0.0,23.25,66.35,2.51,,0.05,,,32.08,,,-23.02002468,-43.48157137
2017-11-30 09:30:00,UNIDADE MOVEL RECREIO,0.0,23.65,66.07,2.55,,0.04,,,42.97,,,-23.02002468,-43.48157137
2017-11-30 10:30:00,UNIDADE MOVEL RECREIO,0.0,24.15,66.0,2.5,,0.04,,,46.12,,,-23.02002468,-43.48157137
2017-11-30 11:30:00,UNIDADE MOVEL RECREIO,0.0,23.5,70.77,3.26,,0.06,,,48.84,,,-23.02002468,-43.48157137
2017-11-30 12:30:00,UNIDADE MOVEL RECREIO,0.0,23.27,73.43,3.54,,0.04,,,48.68,,,-23.02002468,-43.48157137
2017-11-30 13:30:00,UNIDADE MOVEL RECREIO,0.0,22.8,75.3,,,0.05,,,48.55,,,-23.02002468,-43.48157137
2017-11-30 14:30:00,UNIDADE MOVEL RECREIO,0.0,23.23,74.72,,,0.05,,,49.13,,,-23.02002468,-43.48157137
2017-11-30 15:30:00,UNIDADE MOVEL RECREIO,0.0,22.78,75.17,,,0.05,,,49.18,,,-23.02002468,-43.48157137
2017-11-30 16:30:00,UNIDADE MOVEL RECREIO,0.0,22.07,77.23,,,0.07,,,49.76,,,-23.02002468,-43.48157137
2017-11-30 17:30:00,UNIDADE MOVEL RECREIO,0.0,22.07,79.95,,,0.09,,,47.67,,,-23.02002468,-43.48157137
2017-11-30 18:30:00,UNIDADE MOVEL RECREIO,0.0,21.87,81.53,,,0.05,,,43.08,,,-23.02002468,-43.48157137
2017-11-30 19:30:00,UNIDADE MOVEL RECREIO,0.0,21.2,87.42,,,0.06,,,38.8,,,-23.02002468,-43.48157137
2017-11-30 20:30:00,UNIDADE MOVEL RECREIO,0.0,21.07,85.78,,,0.05,,,40.35,,,-23.02002468,-43.48157137
2017-11-30 21:30:00,UNIDADE MOVEL RECREIO,4.0,20.65,87.47,,,0.04,,,42.39,,,-23.02002468,-43.48157137
2017-11-30 22:30:00,UNIDADE MOVEL RECREIO,27.0,19.82,93.27,,,0.04,,,39.78,,,-23.02002468,-43.48157137
2017-11-30 23:30:00,UNIDADE MOVEL RECREIO,0.0,19.63,94.88,,,0.05,,,32.5,,,-23.02002468,-43.48157137
2017-12-01 00:30:00,UNIDADE MOVEL RECREIO,0.0,19.67,95.03,1.94,,0.05,,,26.61,,,-23.02002468,-43.48157137
2017-12-01 01:30:00,UNIDADE MOVEL RECREIO,0.0,19.6,94.93,2.1,,0.03,,,29.44,,,-23.02002468,-43.48157137
2017-12-01 02:30:00,UNIDADE MOVEL RECREIO,0.0,19.43,94.95,2.18,,0.04,,,17.65,,,-23.02002468,-43.48157137
2017-12-01 03:30:00,UNIDADE MOVEL RECREIO,0.0,19.42,94.73,2.41,,0.03,,,29.66,,,-23.02002468,-43.48157137
2017-12-01 04:30:00,UNIDADE MOVEL RECREIO,0.0,19.37,94.43,2.49,,0.07,,,5.59,,,-23.02002468,-43.48157137
2017-12-01 05:30:00,UNIDADE MOVEL RECREIO,0.0,19.53,94.65,2.63,,0.08,,,5.79,,,-23.02002468,-43.48157137
2017-12-01 06:30:00,UNIDADE MOVEL RECREIO,0.0,19.8,94.3,2.73,,0.16,,,10.95,,,-23.02002468,-43.48157137
2017-12-01 07:30:00,UNIDADE MOVEL RECREIO,0.0,20.32,92.58,2.85,,0.1,,,9.36,,,-23.02002468,-43.48157137
2017-12-01 08:30:00,UNIDADE MOVEL RECREIO,0.0,20.95,88.48,3.91,,0.07,,,16.75,,,-23.02002468,-43.48157137
2017-12-01 09:30:00,UNIDADE MOVEL RECREIO,0.0,21.7,84.23,4.52,,0.07,,,17.78,,,-23.02002468,-43.48157137
2017-12-01 10:30:00,UNIDADE MOVEL RECREIO,0.0,21.93,84.1,4.31,,0.13,,,18.52,,,-23.02002468,-43.48157137
2017-12-01 11:30:00,UNIDADE MOVEL RECREIO,0.0,22.53,81.22,3.65,,0.18,,,25.54,,,-23.02002468,-43.48157137
2017-12-01 12:30:00,UNIDADE MOVEL RECREIO,0.0,22.18,82.48,3.18,,0.09,,,30.04,,,-23.02002468,-43.48157137
2017-12-01 13:30:00,UNIDADE MOVEL RECREIO,0.0,21.88,85.72,3.21,,0.07,,,31.3,,,-23.02002468,-43.48157137
2017-12-01 14:30:00,UNIDADE MOVEL RECREIO,0.0,22.33,84.43,3.62,,0.09,,,37.5,,,-23.02002468,-43.48157137
2017-12-01 15:30:00,UNIDADE MOVEL RECREIO,0.0,22.77,81.73,3.15,,0.06,,,43.53,,,-23.02002468,-43.48157137
2017-12-01 16:30:00,UNIDADE MOVEL RECREIO,0.0,22.35,83.25,3.07,,0.06,,,48.2,,,-23.02002468,-43.48157137
2017-12-01 17:30:00,UNIDADE MOVEL RECREIO,0.0,21.45,87.58,3.2,,0.06,,,46.17,,,-23.02002468,-43.48157137
2017-12-01 18:30:00,UNIDADE MOVEL RECREIO,0.0,21.38,88.43,3.33,,0.07,,,38.83,,,-23.02002468,-43.48157137
2017-12-01 19:30:00,UNIDADE MOVEL RECREIO,0.0,21.23,88.93,3.64,,0.06,,,35.17,,,-23.02002468,-43.48157137
2017-12-01 20:30:00,UNIDADE MOVEL RECREIO,0.0,21.17,90.13,3.82,,0.07,,,38.02,,,-23.02002468,-43.48157137
2017-12-01 21:30:00,UNIDADE MOVEL RECREIO,0.0,21.32,90.5,3.4,,0.05,,,41.48,,,-23.02002468,-43.48157137
2017-12-01 22:30:00,UNIDADE MOVEL RECREIO,0.0,21.48,89.78,3.02,,0.09,,,35.65,,,-23.02002468,-43.48157137
2017-12-01 23:30:00,UNIDADE MOVEL RECREIO,0.0,21.28,90.68,2.5749999999999997,,0.11,,,17.95,,,-23.02002468,-43.48157137
2017-12-02 00:30:00,UNIDADE MOVEL RECREIO,0.0,21.07,91.32,2.13,,0.11,,,13.41,,,-23.02002468,-43.48157137
2017-12-02 01:30:00,UNIDADE MOVEL RECREIO,0.0,21.02,91.07,2.08,,0.06,,,24.32,,,-23.02002468,-43.48157137
2017-12-02 02:30:00,UNIDADE MOVEL RECREIO,0.0,20.95,91.88,2.34,,0.03,,,33.64,,,-23.02002468,-43.48157137
2017-12-02 03:30:00,UNIDADE MOVEL RECREIO,0.0,20.78,92.28,2.29,,0.07,,,13.63,,,-23.02002468,-43.48157137
2017-12-02 04:30:00,UNIDADE MOVEL RECREIO,0.0,20.8,92.13,2.16,,0.09,,,6.51,,,-23.02002468,-43.48157137
2017-12-02 05:30:00,UNIDADE MOVEL RECREIO,0.0,20.78,90.88,2.07,,0.1,,,4.12,,,-23.02002468,-43.48157137
2017-12-02 06:30:00,UNIDADE MOVEL RECREIO,0.0,21.55,87.18,2.02,,0.08,,,12.57,,,-23.02002468,-43.48157137
2017-12-02 07:30:00,UNIDADE MOVEL RECREIO,0.0,22.75,81.15,1.94,,0.04,,,35.36,,,-23.02002468,-43.48157137
2017-12-02 08:30:00,UNIDADE MOVEL RECREIO,0.0,23.77,75.45,1.92,,0.03,,,45.0,,,-23.02002468,-43.48157137
2017-12-02 09:30:00,UNIDADE MOVEL RECREIO,0.0,24.6,73.5,2.14,,0.03,,,50.13,,,-23.02002468,-43.48157137
2017-12-02 10:30:00,UNIDADE MOVEL RECREIO,0.0,23.45,79.4,2.44,,0.03,,,52.3,,,-23.02002468,-43.48157137
2017-12-02 11:30:00,UNIDADE MOVEL RECREIO,0.0,24.37,73.95,2.4,,0.02,,,56.37,,,-23.02002468,-43.48157137
2017-12-02 12:30:00,UNIDADE MOVEL RECREIO,0.0,24.32,75.45,2.73,,0.03,,,54.6,,,-23.02002468,-43.48157137
2017-12-02 13:30:00,UNIDADE MOVEL RECREIO,0.0,24.58,74.72,3.1,,0.03,,,55.01,,,-23.02002468,-43.48157137
2017-12-02 14:30:00,UNIDADE MOVEL RECREIO,0.0,23.17,81.35,3.23,,0.03,,,51.1,,,-23.02002468,-43.48157137
2017-12-02 15:30:00,UNIDADE MOVEL RECREIO,0.0,23.23,81.57,3.22,,0.04,,,49.62,,,-23.02002468,-43.48157137
2017-12-02 16:30:00,UNIDADE MOVEL RECREIO,0.0,23.02,82.43,3.26,,0.04,,,50.45,,,-23.02002468,-43.48157137
2017-12-02 17:30:00,UNIDADE MOVEL RECREIO,0.0,22.7,83.6,2.99,,0.04,,,47.04,,,-23.02002468,-43.48157137
2017-12-02 18:30:00,UNIDADE MOVEL RECREIO,0.0,22.42,84.17,2.82,,0.04,,,44.14,,,-23.02002468,-43.48157137
2017-12-02 19:30:00,UNIDADE MOVEL RECREIO,0.0,22.1,85.95,2.68,,0.06,,,42.87,,,-23.02002468,-43.48157137
2017-12-02 20:30:00,UNIDADE MOVEL RECREIO,1.0,21.97,87.82,2.59,,0.06,,,42.25,,,-23.02002468,-43.48157137
2017-12-02 21:30:00,UNIDADE MOVEL RECREIO,0.0,21.5,92.37,2.52,,0.05,,,35.18,,,-23.02002468,-43.48157137
2017-12-02 22:30:00,UNIDADE MOVEL RECREIO,0.0,21.2,93.22,2.38,,0.04,,,35.73,,,-23.02002468,-43.48157137
2017-12-02 23:30:00,UNIDADE MOVEL RECREIO,0.0,21.1,93.22,1.7799999999999998,,0.04,,,40.32,,,-23.02002468,-43.48157137
2017-12-03 00:30:00,UNIDADE MOVEL RECREIO,0.0,20.9,93.37,1.18,,0.02,,,45.95,,,-23.02002468,-43.48157137
2017-12-03 01:30:00,UNIDADE MOVEL RECREIO,0.0,21.02,93.72,1.05,,0.07,,,47.81,,,-23.02002468,-43.48157137
2017-12-03 02:30:00,UNIDADE MOVEL RECREIO,0.0,21.08,93.63,1.07,,0.04,,,38.21,,,-23.02002468,-43.48157137
2017-12-03 03:30:00,UNIDADE MOVEL RECREIO,0.0,21.05,93.5,0.99,,0.02,,,49.38,,,-23.02002468,-43.48157137
2017-12-03 04:30:00,UNIDADE MOVEL RECREIO,0.0,21.02,92.92,1.13,,0.02,,,34.29,,,-23.02002468,-43.48157137
2017-12-03 05:30:00,UNIDADE MOVEL RECREIO,0.0,21.25,91.82,1.18,,0.04,,,28.03,,,-23.02002468,-43.48157137
2017-12-03 06:30:00,UNIDADE MOVEL RECREIO,0.0,21.65,89.75,1.28,,0.04,,,22.79,,,-23.02002468,-43.48157137
2017-12-03 07:30:00,UNIDADE MOVEL RECREIO,0.0,22.8,84.42,1.22,,0.03,,,40.99,,,-23.02002468,-43.48157137
2017-12-03 08:30:00,UNIDADE MOVEL RECREIO,0.0,23.97,78.8,1.12,,0.03,,,46.87,,,-23.02002468,-43.48157137
2017-12-03 09:30:00,UNIDADE MOVEL RECREIO,0.0,24.27,77.32,1.67,,0.04,,,52.57,,,-23.02002468,-43.48157137
2017-12-03 10:30:00,UNIDADE MOVEL RECREIO,0.0,25.0,73.65,1.86,,0.02,,,60.84,,,-23.02002468,-43.48157137
2017-12-03 11:30:00,UNIDADE MOVEL RECREIO,0.0,25.1,73.5,1.92,,0.02,,,65.28,,,-23.02002468,-43.48157137
2017-12-03 12:30:00,UNIDADE MOVEL RECREIO,0.0,24.7,74.45,2.49,,0.03,,,67.38,,,-23.02002468,-43.48157137
2017-12-03 13:30:00,UNIDADE MOVEL RECREIO,0.0,24.02,78.08,2.97,,0.03,,,64.88,,,-23.02002468,-43.48157137
2017-12-03 14:30:00,UNIDADE MOVEL RECREIO,0.0,23.58,81.53,2.67,,0.03,,,63.4,,,-23.02002468,-43.48157137
2017-12-03 15:30:00,UNIDADE MOVEL RECREIO,0.0,23.7,82.03,2.55,,0.03,,,55.42,,,-23.02002468,-43.48157137
2017-12-03 16:30:00,UNIDADE MOVEL RECREIO,0.0,23.35,83.77,2.69,,0.03,,,46.68,,,-23.02002468,-43.48157137
2017-12-03 17:30:00,UNIDADE MOVEL RECREIO,0.0,23.37,81.9,2.35,,0.03,,,40.53,,,-23.02002468,-43.48157137
2017-12-03 18:30:00,UNIDADE MOVEL RECREIO,0.0,22.88,83.27,1.97,,0.03,,,37.13,,,-23.02002468,-43.48157137
2017-12-03 19:30:00,UNIDADE MOVEL RECREIO,0.0,22.58,84.73,1.62,,0.03,,,35.19,,,-23.02002468,-43.48157137
2017-12-03 20:30:00,UNIDADE MOVEL RECREIO,0.0,22.45,85.57,1.55,,0.03,,,33.1,,,-23.02002468,-43.48157137
2017-12-03 21:30:00,UNIDADE MOVEL RECREIO,0.0,22.12,87.22,1.07,,0.03,,,32.24,,,-23.02002468,-43.48157137
2017-12-03 22:30:00,UNIDADE MOVEL RECREIO,0.0,21.98,87.17,1.17,,0.03,,,32.21,,,-23.02002468,-43.48157137
2017-12-03 23:30:00,UNIDADE MOVEL RECREIO,0.0,21.98,87.57,1.56,,0.02,,,34.47,,,-23.02002468,-43.48157137
2017-12-04 00:30:00,UNIDADE MOVEL RECREIO,0.0,22.18,86.45,1.95,,0.02,,,32.8,,,-23.02002468,-43.48157137
2017-12-04 01:30:00,UNIDADE MOVEL RECREIO,0.0,22.15,87.1,2.2,,0.02,,,29.01,,,-23.02002468,-43.48157137
2017-12-04 02:30:00,UNIDADE MOVEL RECREIO,0.0,21.9,88.07,2.19,,0.02,,,30.04,,,-23.02002468,-43.48157137
2017-12-04 03:30:00,UNIDADE MOVEL RECREIO,0.0,21.63,89.98,2.35,,0.01,,,30.51,,,-23.02002468,-43.48157137
2017-12-04 04:30:00,UNIDADE MOVEL RECREIO,0.0,21.7,90.32,2.7,,0.01,,,26.61,,,-23.02002468,-43.48157137
2017-12-04 05:30:00,UNIDADE MOVEL RECREIO,0.0,21.87,90.17,2.64,,0.07,,,7.19,,,-23.02002468,-43.48157137
2017-12-04 06:30:00,UNIDADE MOVEL RECREIO,0.0,22.15,88.25,2.42,,0.06,,,10.72,,,-23.02002468,-43.48157137
2017-12-04 07:30:00,UNIDADE MOVEL RECREIO,0.0,22.62,85.13,2.35,,0.04,,,22.89,,,-23.02002468,-43.48157137
2017-12-04 08:30:00,UNIDADE MOVEL RECREIO,0.0,24.17,78.78,2.56,,0.05,,,25.61,,,-23.02002468,-43.48157137
2017-12-04 09:30:00,UNIDADE MOVEL RECREIO,0.0,26.08,70.18,2.48,,0.04,,,38.03,,,-23.02002468,-43.48157137
2017-12-04 10:30:00,UNIDADE MOVEL RECREIO,0.0,26.17,70.07,3.46,,0.03,,,46.37,,,-23.02002468,-43.48157137
2017-12-04 11:30:00,UNIDADE MOVEL RECREIO,0.0,24.58,76.68,4.05,,0.03,,,49.7,,,-23.02002468,-43.48157137
2017-12-04 12:30:00,UNIDADE MOVEL RECREIO,0.0,23.93,80.35,3.48,,0.04,,,55.43,,,-23.02002468,-43.48157137
2017-12-04 13:30:00,UNIDADE MOVEL RECREIO,0.0,24.8,78.27,3.5,,0.03,,,60.84,,,-23.02002468,-43.48157137
2017-12-04 14:30:00,UNIDADE MOVEL RECREIO,0.0,24.68,77.92,3.34,,0.03,,,59.24,,,-23.02002468,-43.48157137
2017-12-04 15:30:00,UNIDADE MOVEL RECREIO,0.0,24.27,80.75,3.6,,0.03,,,59.4,,,-23.02002468,-43.48157137
2017-12-04 16:30:00,UNIDADE MOVEL RECREIO,0.0,23.92,81.25,4.06,,0.04,,,54.63,,,-23.02002468,-43.48157137
2017-12-04 17:30:00,UNIDADE MOVEL RECREIO,0.0,23.32,84.52,4.21,,0.04,,,47.4,,,-23.02002468,-43.48157137
2017-12-04 18:30:00,UNIDADE MOVEL RECREIO,0.0,23.08,86.55,4.07,,0.04,,,37.46,,,-23.02002468,-43.48157137
2017-12-04 19:30:00,UNIDADE MOVEL RECREIO,0.0,22.8,88.15,3.92,,0.04,,,34.16,,,-23.02002468,-43.48157137
2017-12-04 20:30:00,UNIDADE MOVEL RECREIO,0.0,23.08,87.1,3.62,,0.04,,,35.19,,,-23.02002468,-43.48157137
2017-12-04 21:30:00,UNIDADE MOVEL RECREIO,0.0,22.83,87.53,2.95,,0.03,,,36.59,,,-23.02002468,-43.48157137
2017-12-04 22:30:00,UNIDADE MOVEL RECREIO,0.0,22.88,88.07,2.4,,0.03,,,37.5,,,-23.02002468,-43.48157137
2017-12-04 23:30:00,UNIDADE MOVEL RECREIO,0.0,22.27,91.65,2.115,,0.03,,,34.09,,,-23.02002468,-43.48157137
2017-12-05 00:30:00,UNIDADE MOVEL RECREIO,0.0,22.15,93.28,1.83,,0.03,,,34.09,,,-23.02002468,-43.48157137
2017-12-05 01:30:00,UNIDADE MOVEL RECREIO,0.0,22.07,93.23,1.82,,0.04,,,32.38,,,-23.02002468,-43.48157137
2017-12-05 02:30:00,UNIDADE MOVEL RECREIO,0.0,21.97,93.57,2.14,,0.03,,,30.1,,,-23.02002468,-43.48157137
2017-12-05 03:30:00,UNIDADE MOVEL RECREIO,1.0,21.87,94.4,2.1,,0.03,,,27.54,,,-23.02002468,-43.48157137
2017-12-05 04:30:00,UNIDADE MOVEL RECREIO,0.0,21.62,95.2,1.9,,0.04,,,30.7,,,-23.02002468,-43.48157137
2017-12-05 05:30:00,UNIDADE MOVEL RECREIO,0.0,21.48,95.43,1.75,,0.04,,,31.47,,,-23.02002468,-43.48157137
2017-12-05 06:30:00,UNIDADE MOVEL RECREIO,0.0,21.47,94.68,1.72,,0.06,,,29.88,,,-23.02002468,-43.48157137
2017-12-05 07:30:00,UNIDADE MOVEL RECREIO,0.0,22.0,91.78,1.55,,0.06,,,29.96,,,-23.02002468,-43.48157137
2017-12-05 08:30:00,UNIDADE MOVEL RECREIO,0.0,22.5,89.25,1.56,,0.05,,,27.5,,,-23.02002468,-43.48157137
2017-12-05 09:30:00,UNIDADE MOVEL RECREIO,0.0,24.03,81.17,1.7,,0.06,,,32.8,,,-23.02002468,-43.48157137
2017-12-05 10:30:00,UNIDADE MOVEL RECREIO,0.0,24.92,76.1,1.99,,0.06,,,36.81,,,-23.02002468,-43.48157137
2017-12-05 11:30:00,UNIDADE MOVEL RECREIO,0.0,24.05,80.03,2.56,,0.04,,,39.64,,,-23.02002468,-43.48157137
2017-12-05 12:30:00,UNIDADE MOVEL RECREIO,0.0,25.05,75.77,2.98,,0.04,,,37.93,,,-23.02002468,-43.48157137
2017-12-05 13:30:00,UNIDADE MOVEL RECREIO,0.0,25.3,74.6,3.32,,0.03,,,39.95,,,-23.02002468,-43.48157137
2017-12-05 14:30:00,UNIDADE MOVEL RECREIO,0.0,24.27,77.48,3.1,,0.02,,,35.21,,,-23.02002468,-43.48157137
2017-12-05 15:30:00,UNIDADE MOVEL RECREIO,0.0,24.6,73.35,3.45,,0.03,,,29.4,,,-23.02002468,-43.48157137
2017-12-05 16:30:00,UNIDADE MOVEL RECREIO,0.0,23.85,76.78,3.56,,0.03,,,28.09,,,-23.02002468,-43.48157137
2017-12-05 17:30:00,UNIDADE MOVEL RECREIO,0.0,23.08,80.03,3.04,,0.03,,,28.01,,,-23.02002468,-43.48157137
2017-12-05 18:30:00,UNIDADE MOVEL RECREIO,0.0,22.38,81.3,2.59,,0.04,,,26.3,,,-23.02002468,-43.48157137
2017-12-05 19:30:00,UNIDADE MOVEL RECREIO,0.0,22.08,81.32,2.12,,0.03,,,21.37,,,-23.02002468,-43.48157137
2017-12-05 20:30:00,UNIDADE MOVEL RECREIO,0.0,21.98,79.55,1.53,,0.03,,,20.86,,,-23.02002468,-43.48157137
2017-12-05 21:30:00,UNIDADE MOVEL RECREIO,0.0,22.0,76.63,1.33,,0.02,,,20.54,,,-23.02002468,-43.48157137
2017-12-05 22:30:00,UNIDADE MOVEL RECREIO,0.0,21.77,77.23,1.09,,0.02,,,20.38,,,-23.02002468,-43.48157137
2017-12-05 23:30:00,UNIDADE MOVEL RECREIO,0.0,21.12,80.6,1.315,,0.02,,,19.07,,,-23.02002468,-43.48157137
2017-12-06 00:30:00,UNIDADE MOVEL RECREIO,0.0,20.78,82.97,1.54,,0.01,,,19.37,,,-23.02002468,-43.48157137
2017-12-06 01:30:00,UNIDADE MOVEL RECREIO,0.0,20.75,83.53,1.9,,0.01,,,12.13,,,-23.02002468,-43.48157137
2017-12-06 02:30:00,UNIDADE MOVEL RECREIO,0.0,20.33,84.53,1.89,,0.02,,,15.55,,,-23.02002468,-43.48157137
2017-12-06 03:30:00,UNIDADE MOVEL RECREIO,0.0,20.4,84.32,1.43,,0.01,,,16.25,,,-23.02002468,-43.48157137
2017-12-06 04:30:00,UNIDADE MOVEL RECREIO,0.0,19.82,85.25,1.82,,0.05,,,8.33,,,-23.02002468,-43.48157137
2017-12-06 05:30:00,UNIDADE MOVEL RECREIO,0.0,19.58,87.27,2.26,,0.13,,,0.1,,,-23.02002468,-43.48157137
2017-12-06 06:30:00,UNIDADE MOVEL RECREIO,0.0,20.72,82.12,2.06,,0.11,,,3.15,,,-23.02002468,-43.48157137
2017-12-06 07:30:00,UNIDADE MOVEL RECREIO,0.0,22.88,70.2,1.59,,0.05,,,17.46,,,-23.02002468,-43.48157137
2017-12-06 08:30:00,UNIDADE MOVEL RECREIO,0.0,23.7,66.55,1.47,,0.03,,,22.55,,,-23.02002468,-43.48157137
2017-12-06 09:30:00,UNIDADE MOVEL RECREIO,0.0,24.22,65.15,1.99,,0.02,,,26.72,,,-23.02002468,-43.48157137
2017-12-06 10:30:00,UNIDADE MOVEL RECREIO,0.0,24.52,65.15,,,0.02,,,26.81,,,-23.02002468,-43.48157137
2017-12-06 11:30:00,UNIDADE MOVEL RECREIO,0.0,24.38,67.17,,,0.01,,,,,,-23.02002468,-43.48157137
2017-12-06 12:30:00,UNIDADE MOVEL RECREIO,0.0,24.43,68.45,,,0.01,,,,,,-23.02002468,-43.48157137
2017-12-06 13:30:00,UNIDADE MOVEL RECREIO,0.0,24.78,65.58,,,0.02,,,,,,-23.02002468,-43.48157137
2017-12-06 14:30:00,UNIDADE MOVEL RECREIO,0.0,24.68,66.03,,,0.03,,,,,,-23.02002468,-43.48157137
2017-12-06 15:30:00,UNIDADE MOVEL RECREIO,0.0,24.43,66.5,,,0.04,,,,,,-23.02002468,-43.48157137
2017-12-06 16:30:00,UNIDADE MOVEL RECREIO,0.0,23.98,66.2,,,0.05,,,,,,-23.02002468,-43.48157137
2017-12-06 17:30:00,UNIDADE MOVEL RECREIO,0.0,23.0,70.15,,,0.03,,,,,,-23.02002468,-43.48157137
2017-12-06 18:30:00,UNIDADE MOVEL RECREIO,0.0,22.07,73.93,,,0.06,,,,,,-23.02002468,-43.48157137
2017-12-06 19:30:00,UNIDADE MOVEL RECREIO,0.0,22.08,70.82,3.62,,0.1,,,,,,-23.02002468,-43.48157137
2017-12-06 20:30:00,UNIDADE MOVEL RECREIO,0.0,21.7,72.95,3.73,,0.1,,,,,,-23.02002468,-43.48157137
2017-12-06 21:30:00,UNIDADE MOVEL RECREIO,0.0,21.17,76.35,3.91,,0.09,,,,,,-23.02002468,-43.48157137
2017-12-06 22:30:00,UNIDADE MOVEL RECREIO,0.0,21.38,72.7,4.08,,0.08,,,,,,-23.02002468,-43.48157137
2017-12-06 23:30:00,UNIDADE MOVEL RECREIO,0.0,21.15,73.73,3.3600000000000003,,0.08,,,,,,-23.02002468,-43.48157137
2017-12-07 00:30:00,UNIDADE MOVEL RECREIO,0.0,21.08,73.03,2.64,,0.01,,,,,,-23.02002468,-43.48157137
2017-12-07 01:30:00,UNIDADE MOVEL RECREIO,0.0,20.58,75.92,2.84,,0.01,,,,,,-23.02002468,-43.48157137
2017-12-07 02:30:00,UNIDADE MOVEL RECREIO,0.0,20.68,76.02,3.04,,0.01,,,,,,-23.02002468,-43.48157137
2017-12-07 03:30:00,UNIDADE MOVEL RECREIO,0.0,20.65,75.72,3.2,,0.02,,,,,,-23.02002468,-43.48157137
2017-12-07 04:30:00,UNIDADE MOVEL RECREIO,0.0,20.47,76.65,3.35,,0.03,,,,,,-23.02002468,-43.48157137
2017-12-07 05:30:00,UNIDADE MOVEL RECREIO,0.0,20.8,76.43,3.95,,0.07,,,,,,-23.02002468,-43.48157137
2017-12-07 06:30:00,UNIDADE MOVEL RECREIO,0.0,20.93,75.9,4.02,,0.06,,,,,,-23.02002468,-43.48157137
2017-12-07 07:30:00,UNIDADE MOVEL RECREIO,0.0,22.28,70.63,4.27,,0.1,,,,,,-23.02002468,-43.48157137
2017-12-07 08:30:00,UNIDADE MOVEL RECREIO,0.0,22.68,67.38,4.64,,0.1,,,,,,-23.02002468,-43.48157137
2017-12-07 09:30:00,UNIDADE MOVEL RECREIO,0.0,23.47,63.98,5.3,,0.06,,,,,,-23.02002468,-43.48157137
2017-12-07 10:30:00,UNIDADE MOVEL RECREIO,0.0,23.55,65.37,4.62,,0.04,,,,,,-23.02002468,-43.48157137
2017-12-07 11:30:00,UNIDADE MOVEL RECREIO,0.0,24.47,62.83,6.26,,0.07,,,29.53,,,-23.02002468,-43.48157137
2017-12-07 12:30:00,UNIDADE MOVEL RECREIO,0.0,23.97,66.17,6.74,,0.04,,,37.17,,,-23.02002468,-43.48157137
2017-12-07 13:30:00,UNIDADE MOVEL RECREIO,0.0,24.45,64.68,7.13,,0.03,,,42.3,,,-23.02002468,-43.48157137
2017-12-07 14:30:00,UNIDADE MOVEL RECREIO,0.0,24.28,65.62,7.09,,0.04,,,43.0,,,-23.02002468,-43.48157137
2017-12-07 15:30:00,UNIDADE MOVEL RECREIO,0.0,23.35,69.82,7.53,,0.04,,,46.03,,,-23.02002468,-43.48157137
2017-12-07 16:30:00,UNIDADE MOVEL RECREIO,0.0,23.17,71.75,7.57,,0.04,,,43.28,,,-23.02002468,-43.48157137
2017-12-07 17:30:00,UNIDADE MOVEL RECREIO,0.0,23.85,70.32,7.4,,0.09,,,34.25,,,-23.02002468,-43.48157137
2017-12-07 18:30:00,UNIDADE MOVEL RECREIO,0.0,21.83,76.42,7.39,,0.06,,,28.92,,,-23.02002468,-43.48157137
2017-12-07 19:30:00,UNIDADE MOVEL RECREIO,0.0,21.35,77.73,7.93,,0.12,,,7.58,,,-23.02002468,-43.48157137
2017-12-07 20:30:00,UNIDADE MOVEL RECREIO,0.0,21.52,77.0,7.62,,0.12,,,9.3,,,-23.02002468,-43.48157137
2017-12-07 21:30:00,UNIDADE MOVEL RECREIO,0.0,21.38,77.97,7.74,,0.08,,,14.64,,,-23.02002468,-43.48157137
2017-12-07 22:30:00,UNIDADE MOVEL RECREIO,0.0,21.47,77.98,8.23,,0.12,,,5.67,,,-23.02002468,-43.48157137
2017-12-07 23:30:00,UNIDADE MOVEL RECREIO,0.0,20.25,80.63,4.785,,0.05,,,13.46,,,-23.02002468,-43.48157137
2017-12-08 00:30:00,UNIDADE MOVEL RECREIO,0.0,20.43,81.02,1.34,,0.05,,,13.54,,,-23.02002468,-43.48157137
2017-12-08 01:30:00,UNIDADE MOVEL RECREIO,0.0,21.48,81.38,1.48,,0.14,,,3.84,,,-23.02002468,-43.48157137
2017-12-08 02:30:00,UNIDADE MOVEL RECREIO,0.0,20.7,86.38,1.61,,0.1,,,4.72,,,-23.02002468,-43.48157137
2017-12-08 03:30:00,UNIDADE MOVEL RECREIO,1.0,19.78,90.3,1.14,,0.05,,,9.49,,,-23.02002468,-43.48157137
2017-12-08 04:30:00,UNIDADE MOVEL RECREIO,0.0,20.5,92.23,1.7,,0.19,,,3.36,,,-23.02002468,-43.48157137
2017-12-08 05:30:00,UNIDADE MOVEL RECREIO,0.0,20.5,93.07,2.12,,0.19,,,2.78,,,-23.02002468,-43.48157137
2017-12-08 06:30:00,UNIDADE MOVEL RECREIO,0.0,21.13,93.45,2.41,,0.55,,,3.72,,,-23.02002468,-43.48157137
2017-12-08 07:30:00,UNIDADE MOVEL RECREIO,0.0,22.53,90.88,2.18,,0.46,,,5.69,,,-23.02002468,-43.48157137
2017-12-08 08:30:00,UNIDADE MOVEL RECREIO,0.0,23.18,84.38,2.13,,0.34,,,6.83,,,-23.02002468,-43.48157137
2017-12-08 09:30:00,UNIDADE MOVEL RECREIO,7.0,22.72,90.03,2.14,,0.39,,,7.42,,,-23.02002468,-43.48157137
2017-12-08 10:30:00,UNIDADE MOVEL RECREIO,3.0,22.48,93.72,1.86,,0.2,,,13.91,,,-23.02002468,-43.48157137
2017-12-08 11:30:00,UNIDADE MOVEL RECREIO,0.0,24.12,87.82,1.71,,0.17,,,22.25,,,-23.02002468,-43.48157137
2017-12-08 12:30:00,UNIDADE MOVEL RECREIO,0.0,24.22,80.77,1.94,,0.17,,,26.6,,,-23.02002468,-43.48157137
2017-12-08 13:30:00,UNIDADE MOVEL RECREIO,0.0,23.7,81.42,2.82,,0.16,,,26.89,,,-23.02002468,-43.48157137
2017-12-08 14:30:00,UNIDADE MOVEL RECREIO,0.0,22.18,84.78,2.91,,0.12,,,23.48,,,-23.02002468,-43.48157137
2017-12-08 15:30:00,UNIDADE MOVEL RECREIO,0.0,21.72,87.38,2.5,,0.1,,,30.57,,,-23.02002468,-43.48157137
2017-12-08 16:30:00,UNIDADE MOVEL RECREIO,0.0,21.43,88.48,2.09,,0.09,,,33.73,,,-23.02002468,-43.48157137
2017-12-08 17:30:00,UNIDADE MOVEL RECREIO,1.0,21.25,91.3,1.89,,0.11,,,25.04,,,-23.02002468,-43.48157137
2017-12-08 18:30:00,UNIDADE MOVEL RECREIO,0.0,21.35,92.77,2.03,,0.12,,,33.75,,,-23.02002468,-43.48157137
2017-12-08 19:30:00,UNIDADE MOVEL RECREIO,0.0,21.47,93.33,2.13,,0.19,,,19.19,,,-23.02002468,-43.48157137
2017-12-08 20:30:00,UNIDADE MOVEL RECREIO,0.0,21.55,93.67,1.96,,0.25,,,16.8,,,-23.02002468,-43.48157137
2017-12-08 21:30:00,UNIDADE MOVEL RECREIO,0.0,21.67,92.45,1.98,,0.18,,,22.71,,,-23.02002468,-43.48157137
2017-12-08 22:30:00,UNIDADE MOVEL RECREIO,0.0,21.85,91.78,1.49,,0.11,,,23.46,,,-23.02002468,-43.48157137
2017-12-08 23:30:00,UNIDADE MOVEL RECREIO,0.0,21.8,92.2,1.72,,0.15,,,23.13,,,-23.02002468,-43.48157137
2017-12-09 00:30:00,UNIDADE MOVEL RECREIO,0.0,22.05,91.83,1.95,,0.1,,,28.32,,,-23.02002468,-43.48157137
2017-12-09 01:30:00,UNIDADE MOVEL RECREIO,0.0,22.22,90.57,1.92,,0.11,,,31.37,,,-23.02002468,-43.48157137
2017-12-09 02:30:00,UNIDADE MOVEL RECREIO,0.0,22.2,90.68,2.02,,0.09,,,30.44,,,-23.02002468,-43.48157137
2017-12-09 03:30:00,UNIDADE MOVEL RECREIO,0.0,22.38,88.05,2.04,,0.05,,,46.9,,,-23.02002468,-43.48157137
2017-12-09 04:30:00,UNIDADE MOVEL RECREIO,0.0,22.03,88.32,1.82,,0.05,,,53.71,,,-23.02002468,-43.48157137
2017-12-09 05:30:00,UNIDADE MOVEL RECREIO,0.0,21.83,91.28,1.91,,0.12,,,32.78,,,-23.02002468,-43.48157137
2017-12-09 06:30:00,UNIDADE MOVEL RECREIO,0.0,22.07,92.3,2.23,,0.14,,,23.12,,,-23.02002468,-43.48157137
2017-12-09 07:30:00,UNIDADE MOVEL RECREIO,0.0,22.82,89.43,2.02,,0.07,,,34.05,,,-23.02002468,-43.48157137
2017-12-09 08:30:00,UNIDADE MOVEL RECREIO,0.0,23.68,85.52,2.01,,0.08,,,36.53,,,-23.02002468,-43.48157137
2017-12-09 09:30:00,UNIDADE MOVEL RECREIO,0.0,24.83,80.32,1.76,,0.06,,,45.05,,,-23.02002468,-43.48157137
2017-12-09 10:30:00,UNIDADE MOVEL RECREIO,0.0,26.27,73.53,1.95,,0.06,,,50.09,,,-23.02002468,-43.48157137
2017-12-09 11:30:00,UNIDADE MOVEL RECREIO,0.0,26.85,70.05,2.57,,0.06,,,48.02,,,-23.02002468,-43.48157137
2017-12-09 12:30:00,UNIDADE MOVEL RECREIO,0.0,26.9,70.98,2.78,,0.05,,,45.16,,,-23.02002468,-43.48157137
2017-12-09 13:30:00,UNIDADE MOVEL RECREIO,0.0,27.93,67.35,3.17,,0.05,,,46.48,,,-23.02002468,-43.48157137
2017-12-09 14:30:00,UNIDADE MOVEL RECREIO,0.0,26.72,70.97,4.11,,0.04,,,44.78,,,-23.02002468,-43.48157137
2017-12-09 15:30:00,UNIDADE MOVEL RECREIO,0.0,25.83,74.3,4.46,,0.04,,,42.02,,,-23.02002468,-43.48157137
2017-12-09 16:30:00,UNIDADE MOVEL RECREIO,0.0,24.75,79.57,4.29,,0.03,,,42.01,,,-23.02002468,-43.48157137
2017-12-09 17:30:00,UNIDADE MOVEL RECREIO,0.0,24.0,82.77,4.0,,0.04,,,41.67,,,-23.02002468,-43.48157137
2017-12-09 18:30:00,UNIDADE MOVEL RECREIO,0.0,23.37,85.55,3.9,,0.04,,,41.28,,,-23.02002468,-43.48157137
2017-12-09 19:30:00,UNIDADE MOVEL RECREIO,0.0,23.28,84.38,3.45,,0.03,,,39.97,,,-23.02002468,-43.48157137
2017-12-09 20:30:00,UNIDADE MOVEL RECREIO,0.0,23.35,82.68,3.31,,0.15,,,29.27,,,-23.02002468,-43.48157137
2017-12-09 21:30:00,UNIDADE MOVEL RECREIO,0.0,23.12,84.07,3.37,,0.14,,,13.13,,,-23.02002468,-43.48157137
2017-12-09 22:30:00,UNIDADE MOVEL RECREIO,0.0,22.68,85.83,3.29,,0.12,,,12.0,,,-23.02002468,-43.48157137
2017-12-09 23:30:00,UNIDADE MOVEL RECREIO,0.0,22.23,87.72,2.5700000000000003,,0.18,,,7.78,,,-23.02002468,-43.48157137
2017-12-10 00:30:00,UNIDADE MOVEL RECREIO,0.0,21.55,89.57,1.85,,0.14,,,5.86,,,-23.02002468,-43.48157137
2017-12-10 01:30:00,UNIDADE MOVEL RECREIO,0.0,20.97,89.0,1.74,,0.14,,,6.93,,,-23.02002468,-43.48157137
2017-12-10 02:30:00,UNIDADE MOVEL RECREIO,0.0,20.52,88.93,1.61,,0.07,,,8.79,,,-23.02002468,-43.48157137
2017-12-10 03:30:00,UNIDADE MOVEL RECREIO,0.0,20.45,89.65,1.51,,0.08,,,6.19,,,-23.02002468,-43.48157137
2017-12-10 04:30:00,UNIDADE MOVEL RECREIO,0.0,20.42,90.53,1.63,,0.11,,,3.42,,,-23.02002468,-43.48157137
2017-12-10 05:30:00,UNIDADE MOVEL RECREIO,0.0,20.08,90.43,1.42,,0.08,,,5.49,,,-23.02002468,-43.48157137
2017-12-10 06:30:00,UNIDADE MOVEL RECREIO,0.0,20.98,88.18,1.42,,0.06,,,15.24,,,-23.02002468,-43.48157137
2017-12-10 07:30:00,UNIDADE MOVEL RECREIO,0.0,22.62,85.73,1.2,,0.06,,,26.53,,,-23.02002468,-43.48157137
2017-12-10 08:30:00,UNIDADE MOVEL RECREIO,0.0,24.52,77.78,1.23,,0.05,,,33.38,,,-23.02002468,-43.48157137
2017-12-10 09:30:00,UNIDADE MOVEL RECREIO,0.0,25.63,70.58,1.68,,0.03,,,42.63,,,-23.02002468,-43.48157137
2017-12-10 10:30:00,UNIDADE MOVEL RECREIO,0.0,26.18,67.48,1.98,,0.02,,,43.32,,,-23.02002468,-43.48157137
2017-12-10 11:30:00,UNIDADE MOVEL RECREIO,0.0,26.17,66.57,2.39,,0.02,,,44.69,,,-23.02002468,-43.48157137
2017-12-10 12:30:00,UNIDADE MOVEL RECREIO,0.0,26.33,67.47,2.56,,0.03,,,45.62,,,-23.02002468,-43.48157137
2017-12-10 13:30:00,UNIDADE MOVEL RECREIO,0.0,26.55,66.93,2.98,,0.02,,,46.33,,,-23.02002468,-43.48157137
2017-12-10 14:30:00,UNIDADE MOVEL RECREIO,0.0,25.8,70.18,3.63,,0.03,,,47.26,,,-23.02002468,-43.48157137
2017-12-10 15:30:00,UNIDADE MOVEL RECREIO,0.0,25.47,69.92,3.48,,0.02,,,42.03,,,-23.02002468,-43.48157137
2017-12-10 16:30:00,UNIDADE MOVEL RECREIO,0.0,25.28,69.63,3.63,,0.02,,,41.39,,,-23.02002468,-43.48157137
2017-12-10 17:30:00,UNIDADE MOVEL RECREIO,0.0,24.35,70.48,3.48,,0.02,,,38.49,,,-23.02002468,-43.48157137
2017-12-10 18:30:00,UNIDADE MOVEL RECREIO,0.0,23.25,78.65,3.31,,0.02,,,37.09,,,-23.02002468,-43.48157137
2017-12-10 19:30:00,UNIDADE MOVEL RECREIO,0.0,22.62,82.52,2.91,,0.04,,,35.89,,,-23.02002468,-43.48157137
2017-12-10 20:30:00,UNIDADE MOVEL RECREIO,0.0,22.35,81.1,2.81,,0.12,,,16.89,,,-23.02002468,-43.48157137
2017-12-10 21:30:00,UNIDADE MOVEL RECREIO,0.0,21.8,81.8,2.58,,0.11,,,11.55,,,-23.02002468,-43.48157137
2017-12-10 22:30:00,UNIDADE MOVEL RECREIO,0.0,21.45,81.52,2.32,,0.11,,,11.2,,,-23.02002468,-43.48157137
2017-12-10 23:30:00,UNIDADE MOVEL RECREIO,0.0,20.98,82.08,2.1,,0.05,,,12.87,,,-23.02002468,-43.48157137
2017-12-11 00:30:00,UNIDADE MOVEL RECREIO,0.0,20.67,83.07,1.88,,0.04,,,13.41,,,-23.02002468,-43.48157137
2017-12-11 01:30:00,UNIDADE MOVEL RECREIO,0.0,20.3,83.15,1.67,,0.04,,,13.93,,,-23.02002468,-43.48157137
2017-12-11 02:30:00,UNIDADE MOVEL RECREIO,0.0,20.22,85.12,1.74,,0.04,,,11.6,,,-23.02002468,-43.48157137
2017-12-11 03:30:00,UNIDADE MOVEL RECREIO,0.0,20.15,83.37,1.48,,0.02,,,12.62,,,-23.02002468,-43.48157137
2017-12-11 04:30:00,UNIDADE MOVEL RECREIO,0.0,19.8,84.55,1.46,,0.04,,,7.17,,,-23.02002468,-43.48157137
2017-12-11 05:30:00,UNIDADE MOVEL RECREIO,0.0,20.05,84.52,1.81,,0.13,,,3.67,,,-23.02002468,-43.48157137
2017-12-11 06:30:00,UNIDADE MOVEL RECREIO,0.0,21.53,81.48,2.34,,0.25,,,4.18,,,-23.02002468,-43.48157137
2017-12-11 07:30:00,UNIDADE MOVEL RECREIO,0.0,23.95,73.07,1.95,,0.16,,,12.56,,,-23.02002468,-43.48157137
2017-12-11 08:30:00,UNIDADE MOVEL RECREIO,0.0,26.8,63.6,2.32,,0.15,,,27.51,,,-23.02002468,-43.48157137
2017-12-11 09:30:00,UNIDADE MOVEL RECREIO,0.0,26.42,67.0,5.36,,0.13,,,40.9,,,-23.02002468,-43.48157137
2017-12-11 10:30:00,UNIDADE MOVEL RECREIO,0.0,26.62,65.55,10.31,,0.07,,,54.53,,,-23.02002468,-43.48157137
2017-12-11 11:30:00,UNIDADE MOVEL RECREIO,0.0,26.5,65.37,7.92,,0.03,,,61.1,,,-23.02002468,-43.48157137
2017-12-11 12:30:00,UNIDADE MOVEL RECREIO,0.0,26.8,65.12,4.75,,0.02,,,63.05,,,-23.02002468,-43.48157137
2017-12-11 13:30:00,UNIDADE MOVEL RECREIO,0.0,26.82,69.03,4.4,,0.03,,,64.66,,,-23.02002468,-43.48157137
2017-12-11 14:30:00,UNIDADE MOVEL RECREIO,0.0,26.88,69.58,4.81,,0.02,,,61.23,,,-23.02002468,-43.48157137
2017-12-11 15:30:00,UNIDADE MOVEL RECREIO,0.0,26.42,72.98,4.92,,0.02,,,57.84,,,-23.02002468,-43.48157137
2017-12-11 16:30:00,UNIDADE MOVEL RECREIO,0.0,25.8,76.25,4.39,,0.01,,,50.7,,,-23.02002468,-43.48157137
2017-12-11 17:30:00,UNIDADE MOVEL RECREIO,0.0,24.68,81.42,3.75,,0.01,,,45.78,,,-23.02002468,-43.48157137
2017-12-11 18:30:00,UNIDADE MOVEL RECREIO,0.0,24.27,82.55,3.48,,0.01,,,42.79,,,-23.02002468,-43.48157137
2017-12-11 19:30:00,UNIDADE MOVEL RECREIO,0.0,23.72,81.87,3.1,,0.01,,,49.24,,,-23.02002468,-43.48157137
2017-12-11 20:30:00,UNIDADE MOVEL RECREIO,0.0,23.73,80.4,2.86,,0.0,,,47.73,,,-23.02002468,-43.48157137
2017-12-11 21:30:00,UNIDADE MOVEL RECREIO,0.0,23.63,79.65,2.65,,0.01,,,40.59,,,-23.02002468,-43.48157137
2017-12-11 22:30:00,UNIDADE MOVEL RECREIO,0.0,23.18,83.65,2.75,,0.04,,,22.58,,,-23.02002468,-43.48157137
2017-12-11 23:30:00,UNIDADE MOVEL RECREIO,0.0,22.82,84.98,2.2199999999999998,,0.03,,,22.62,,,-23.02002468,-43.48157137
2017-12-12 00:30:00,UNIDADE MOVEL RECREIO,0.0,22.9,83.55,1.69,,0.03,,,34.27,,,-23.02002468,-43.48157137
2017-12-12 01:30:00,UNIDADE MOVEL RECREIO,0.0,22.43,84.45,1.62,,0.04,,,26.54,,,-23.02002468,-43.48157137
2017-12-12 02:30:00,UNIDADE MOVEL RECREIO,0.0,22.18,85.25,1.59,,0.03,,,20.14,,,-23.02002468,-43.48157137
2017-12-12 03:30:00,UNIDADE MOVEL RECREIO,0.0,21.97,86.45,1.4,,0.04,,,14.35,,,-23.02002468,-43.48157137
2017-12-12 04:30:00,UNIDADE MOVEL RECREIO,0.0,21.75,87.22,1.36,,0.05,,,9.63,,,-23.02002468,-43.48157137
2017-12-12 05:30:00,UNIDADE MOVEL RECREIO,0.0,21.92,86.1,1.56,,0.07,,,7.48,,,-23.02002468,-43.48157137
2017-12-12 06:30:00,UNIDADE MOVEL RECREIO,0.0,21.88,84.8,1.62,,0.1,,,14.72,,,-23.02002468,-43.48157137
2017-12-12 07:30:00,UNIDADE MOVEL RECREIO,3.0,20.73,91.22,1.23,,0.03,,,31.26,,,-23.02002468,-43.48157137
2017-12-12 08:30:00,UNIDADE MOVEL RECREIO,1.0,20.58,93.25,1.02,,0.04,,,29.82,,,-23.02002468,-43.48157137
2017-12-12 09:30:00,UNIDADE MOVEL RECREIO,0.0,20.82,93.43,0.97,,0.04,,,27.75,,,-23.02002468,-43.48157137
2017-12-12 10:30:00,UNIDADE MOVEL RECREIO,0.0,20.68,91.32,0.95,,0.03,,,30.29,,,-23.02002468,-43.48157137
2017-12-12 11:30:00,UNIDADE MOVEL RECREIO,1.0,20.37,90.58,0.93,,0.03,,,33.62,,,-23.02002468,-43.48157137
2017-12-12 12:30:00,UNIDADE MOVEL RECREIO,1.0,20.38,91.9,0.77,,0.04,,,35.28,,,-23.02002468,-43.48157137
2017-12-12 13:30:00,UNIDADE MOVEL RECREIO,0.0,20.27,92.87,0.83,,0.03,,,33.78,,,-23.02002468,-43.48157137
2017-12-12 14:30:00,UNIDADE MOVEL RECREIO,0.0,20.15,91.48,0.77,,0.03,,,34.18,,,-23.02002468,-43.48157137
2017-12-12 15:30:00,UNIDADE MOVEL RECREIO,0.0,20.1,90.42,0.68,,0.04,,,32.88,,,-23.02002468,-43.48157137
2017-12-12 16:30:00,UNIDADE MOVEL RECREIO,0.0,20.4,89.07,0.8,,0.14,,,21.81,,,-23.02002468,-43.48157137
2017-12-12 17:30:00,UNIDADE MOVEL RECREIO,0.0,21.18,83.47,0.91,,0.06,,,21.34,,,-23.02002468,-43.48157137
2017-12-12 18:30:00,UNIDADE MOVEL RECREIO,0.0,21.25,79.8,0.96,,0.04,,,23.63,,,-23.02002468,-43.48157137
2017-12-12 19:30:00,UNIDADE MOVEL RECREIO,0.0,21.32,79.02,0.8,,0.09,,,22.58,,,-23.02002468,-43.48157137
2017-12-12 20:30:00,UNIDADE MOVEL RECREIO,0.0,21.13,80.53,1.09,,0.13,,,9.3,,,-23.02002468,-43.48157137
2017-12-12 21:30:00,UNIDADE MOVEL RECREIO,0.0,21.32,76.72,0.79,,0.06,,,24.07,,,-23.02002468,-43.48157137
2017-12-12 22:30:00,UNIDADE MOVEL RECREIO,0.0,20.73,79.23,0.66,,0.07,,,19.35,,,-23.02002468,-43.48157137
2017-12-12 23:30:00,UNIDADE MOVEL RECREIO,0.0,19.97,85.4,1.1600000000000001,,0.03,,,7.86,,,-23.02002468,-43.48157137
2017-12-13 00:30:00,UNIDADE MOVEL RECREIO,0.0,19.33,87.18,1.66,,0.03,,,8.08,,,-23.02002468,-43.48157137
2017-12-13 01:30:00,UNIDADE MOVEL RECREIO,0.0,18.83,87.3,1.75,,0.01,,,10.89,,,-23.02002468,-43.48157137
2017-12-13 02:30:00,UNIDADE MOVEL RECREIO,0.0,18.97,85.15,1.72,,0.01,,,13.69,,,-23.02002468,-43.48157137
2017-12-13 03:30:00,UNIDADE MOVEL RECREIO,0.0,19.18,84.33,1.55,,0.01,,,11.98,,,-23.02002468,-43.48157137
2017-12-13 04:30:00,UNIDADE MOVEL RECREIO,0.0,19.03,86.4,1.89,,0.02,,,5.25,,,-23.02002468,-43.48157137
2017-12-13 05:30:00,UNIDADE MOVEL RECREIO,0.0,18.98,88.15,2.06,,0.06,,,3.56,,,-23.02002468,-43.48157137
2017-12-13 06:30:00,UNIDADE MOVEL RECREIO,0.0,19.68,85.08,2.15,,0.1,,,5.41,,,-23.02002468,-43.48157137
2017-12-13 07:30:00,UNIDADE MOVEL RECREIO,0.0,22.22,72.1,2.21,,0.14,,,7.07,,,-23.02002468,-43.48157137
2017-12-13 08:30:00,UNIDADE MOVEL RECREIO,0.0,23.55,62.35,1.75,,0.03,,,25.63,,,-23.02002468,-43.48157137
2017-12-13 09:30:00,UNIDADE MOVEL RECREIO,0.0,23.17,65.77,1.97,,0.03,,,33.32,,,-23.02002468,-43.48157137
2017-12-13 10:30:00,UNIDADE MOVEL RECREIO,0.0,23.65,66.28,1.02,,0.02,,,36.9,,,-23.02002468,-43.48157137
2017-12-13 11:30:00,UNIDADE MOVEL RECREIO,0.0,24.28,63.32,2.68,,0.02,,,39.3,,,-23.02002468,-43.48157137
2017-12-13 12:30:00,UNIDADE MOVEL RECREIO,0.0,24.58,61.18,3.8,,0.01,,,42.43,,,-23.02002468,-43.48157137
2017-12-13 13:30:00,UNIDADE MOVEL RECREIO,0.0,24.77,61.2,4.89,,0.01,,,40.86,,,-23.02002468,-43.48157137
2017-12-13 14:30:00,UNIDADE MOVEL RECREIO,0.0,24.52,62.92,4.98,,0.0,,,43.71,,,-23.02002468,-43.48157137
2017-12-13 15:30:00,UNIDADE MOVEL RECREIO,0.0,23.98,65.05,4.37,,0.01,,,46.79,,,-23.02002468,-43.48157137
2017-12-13 16:30:00,UNIDADE MOVEL RECREIO,0.0,24.42,61.83,3.77,,0.01,,,42.81,,,-23.02002468,-43.48157137
2017-12-13 17:30:00,UNIDADE MOVEL RECREIO,0.0,23.93,64.77,3.85,,0.01,,,37.92,,,-23.02002468,-43.48157137
2017-12-13 18:30:00,UNIDADE MOVEL RECREIO,0.0,22.93,68.63,3.5,,0.01,,,35.91,,,-23.02002468,-43.48157137
2017-12-13 19:30:00,UNIDADE MOVEL RECREIO,0.0,22.37,67.58,3.15,,0.01,,,37.06,,,-23.02002468,-43.48157137
2017-12-13 20:30:00,UNIDADE MOVEL RECREIO,0.0,22.25,66.28,2.58,,0.01,,,36.79,,,-23.02002468,-43.48157137
2017-12-13 21:30:00,UNIDADE MOVEL RECREIO,0.0,22.37,64.4,2.27,,0.01,,,35.54,,,-23.02002468,-43.48157137
2017-12-13 22:30:00,UNIDADE MOVEL RECREIO,0.0,22.38,66.02,2.19,,0.01,,,31.34,,,-23.02002468,-43.48157137
2017-12-13 23:30:00,UNIDADE MOVEL RECREIO,0.0,21.65,71.9,2.1399999999999997,,0.02,,,28.37,,,-23.02002468,-43.48157137
2017-12-14 00:30:00,UNIDADE MOVEL RECREIO,0.0,21.0,76.78,2.09,,0.02,,,28.92,,,-23.02002468,-43.48157137
2017-12-14 01:30:00,UNIDADE MOVEL RECREIO,0.0,20.8,78.0,2.25,,0.02,,,29.04,,,-23.02002468,-43.48157137
2017-12-14 02:30:00,UNIDADE MOVEL RECREIO,0.0,19.98,80.53,2.15,,0.06,,,15.0,,,-23.02002468,-43.48157137
2017-12-14 03:30:00,UNIDADE MOVEL RECREIO,0.0,19.42,84.1,2.34,,0.04,,,8.86,,,-23.02002468,-43.48157137
2017-12-14 04:30:00,UNIDADE MOVEL RECREIO,0.0,19.72,83.68,2.43,,0.06,,,4.83,,,-23.02002468,-43.48157137
2017-12-14 05:30:00,UNIDADE MOVEL RECREIO,0.0,20.02,82.2,2.57,,0.1,,,5.14,,,-23.02002468,-43.48157137
2017-12-14 06:30:00,UNIDADE MOVEL RECREIO,0.0,20.87,78.57,2.5,,0.1,,,7.9,,,-23.02002468,-43.48157137
2017-12-14 07:30:00,UNIDADE MOVEL RECREIO,0.0,23.08,69.48,2.72,,0.12,,,9.7,,,-23.02002468,-43.48157137
2017-12-14 08:30:00,UNIDADE MOVEL RECREIO,0.0,24.37,64.5,3.62,,0.05,,,22.75,,,-23.02002468,-43.48157137
2017-12-14 09:30:00,UNIDADE MOVEL RECREIO,0.0,24.92,62.17,5.8,,0.03,,,31.96,,,-23.02002468,-43.48157137
2017-12-14 10:30:00,UNIDADE MOVEL RECREIO,0.0,25.07,61.9,6.39,,0.02,,,44.12,,3.0,-23.02002468,-43.48157137
2017-12-14 11:30:00,UNIDADE MOVEL RECREIO,0.0,24.95,63.17,7.2,,0.02,,,47.01,,4.0,-23.02002468,-43.48157137
2017-12-14 12:30:00,UNIDADE MOVEL RECREIO,0.0,25.52,63.77,6.65,,0.02,,,52.65,,2.0,-23.02002468,-43.48157137
2017-12-14 13:30:00,UNIDADE MOVEL RECREIO,0.0,25.07,64.5,6.88,,0.01,,,56.69,,4.0,-23.02002468,-43.48157137
2017-12-14 14:30:00,UNIDADE MOVEL RECREIO,0.0,24.93,64.05,7.32,,0.02,,,54.89,,5.0,-23.02002468,-43.48157137
2017-12-14 15:30:00,UNIDADE MOVEL RECREIO,0.0,24.48,65.08,7.14,,0.02,,,48.45,,2.0,-23.02002468,-43.48157137
2017-12-14 16:30:00,UNIDADE MOVEL RECREIO,0.0,24.15,67.42,6.87,,0.03,,,48.41,,2.0,-23.02002468,-43.48157137
2017-12-14 17:30:00,UNIDADE MOVEL RECREIO,0.0,23.5,71.83,6.0,,0.04,,,51.16,,4.0,-23.02002468,-43.48157137
2017-12-14 18:30:00,UNIDADE MOVEL RECREIO,0.0,22.42,74.95,5.29,,0.04,,,47.8,,2.0,-23.02002468,-43.48157137
2017-12-14 19:30:00,UNIDADE MOVEL RECREIO,0.0,21.77,77.87,4.99,,0.05,,,38.12,,2.0,-23.02002468,-43.48157137
2017-12-14 20:30:00,UNIDADE MOVEL RECREIO,0.0,21.52,79.43,4.66,,0.08,,,23.67,,2.0,-23.02002468,-43.48157137
2017-12-14 21:30:00,UNIDADE MOVEL RECREIO,0.0,21.37,80.57,4.38,,0.1,,,16.14,,27.0,-23.02002468,-43.48157137
2017-12-14 22:30:00,UNIDADE MOVEL RECREIO,0.0,21.03,82.82,4.44,,0.14,,,11.7,,8.0,-23.02002468,-43.48157137
2017-12-14 23:30:00,UNIDADE MOVEL RECREIO,0.0,21.33,81.7,3.245,,0.21,,,7.17,,5.0,-23.02002468,-43.48157137
2017-12-15 00:30:00,UNIDADE MOVEL RECREIO,0.0,21.08,82.68,2.05,,0.13,,,8.03,,4.0,-23.02002468,-43.48157137
2017-12-15 01:30:00,UNIDADE MOVEL RECREIO,0.0,20.6,85.65,1.76,,0.15,,,4.29,,13.0,-23.02002468,-43.48157137
2017-12-15 02:30:00,UNIDADE MOVEL RECREIO,0.0,20.42,87.43,1.32,,0.12,,,4.7,,7.0,-23.02002468,-43.48157137
2017-12-15 03:30:00,UNIDADE MOVEL RECREIO,0.0,20.1,88.47,0.97,,0.11,,,4.88,,2.0,-23.02002468,-43.48157137
2017-12-15 04:30:00,UNIDADE MOVEL RECREIO,0.0,20.0,89.28,0.95,,0.18,,,3.51,,2.0,-23.02002468,-43.48157137
2017-12-15 05:30:00,UNIDADE MOVEL RECREIO,0.0,20.2,88.0,1.46,,0.29,,,3.17,,4.0,-23.02002468,-43.48157137
2017-12-15 06:30:00,UNIDADE MOVEL RECREIO,0.0,21.57,83.5,1.63,,0.32,,,4.78,,8.0,-23.02002468,-43.48157137
2017-12-15 07:30:00,UNIDADE MOVEL RECREIO,0.0,24.83,71.8,1.79,,0.36,,,9.84,,7.0,-23.02002468,-43.48157137
2017-12-15 08:30:00,UNIDADE MOVEL RECREIO,0.0,28.27,56.0,3.02,,0.25,,,30.65,,13.0,-23.02002468,-43.48157137
2017-12-15 09:30:00,UNIDADE MOVEL RECREIO,0.0,31.18,44.6,4.73,,0.14,,,42.78,,9.0,-23.02002468,-43.48157137
2017-12-15 10:30:00,UNIDADE MOVEL RECREIO,0.0,28.32,56.2,8.87,,0.69,,,43.5,,3.0,-23.02002468,-43.48157137
2017-12-15 11:30:00,UNIDADE MOVEL RECREIO,0.0,27.23,59.23,9.04,,0.05,,,61.65,,12.0,-23.02002468,-43.48157137
2017-12-15 12:30:00,UNIDADE MOVEL RECREIO,0.0,26.78,60.53,6.83,,0.04,,,61.2,,5.0,-23.02002468,-43.48157137
2017-12-15 13:30:00,UNIDADE MOVEL RECREIO,0.0,26.17,62.2,6.04,,0.03,,,62.62,,2.0,-23.02002468,-43.48157137
2017-12-15 14:30:00,UNIDADE MOVEL RECREIO,0.0,26.87,61.5,5.9,,0.04,,,71.28,,5.0,-23.02002468,-43.48157137
2017-12-15 15:30:00,UNIDADE MOVEL RECREIO,0.0,27.12,61.2,7.21,,0.04,,,89.65,,6.0,-23.02002468,-43.48157137
2017-12-15 16:30:00,UNIDADE MOVEL RECREIO,0.0,26.42,67.83,5.47,,0.06,,,88.65,,3.0,-23.02002468,-43.48157137
2017-12-15 17:30:00,UNIDADE MOVEL RECREIO,0.0,25.37,72.37,4.24,,0.07,,,82.88,,2.0,-23.02002468,-43.48157137
2017-12-15 18:30:00,UNIDADE MOVEL RECREIO,0.0,24.68,74.3,3.31,,0.13,,,63.32,,13.0,-23.02002468,-43.48157137
2017-12-15 19:30:00,UNIDADE MOVEL RECREIO,0.0,23.42,77.33,2.95,,0.17,,,62.5,,13.0,-23.02002468,-43.48157137
2017-12-15 20:30:00,UNIDADE MOVEL RECREIO,0.0,23.58,77.8,2.58,,0.32,,,30.77,,10.0,-23.02002468,-43.48157137
2017-12-15 21:30:00,UNIDADE MOVEL RECREIO,0.0,22.97,76.82,2.67,,0.32,,,20.0,,15.0,-23.02002468,-43.48157137
2017-12-15 22:30:00,UNIDADE MOVEL RECREIO,0.0,22.18,79.52,2.0,,0.29,,,19.64,,13.5,-23.02002468,-43.48157137
2017-12-15 23:30:00,UNIDADE MOVEL RECREIO,0.0,21.95,81.15,1.885,,0.21,,,17.49,,12.0,-23.02002468,-43.48157137
2017-12-16 00:30:00,UNIDADE MOVEL RECREIO,0.0,21.53,79.03,1.77,,0.33,,,16.23,,9.0,-23.02002468,-43.48157137
2017-12-16 01:30:00,UNIDADE MOVEL RECREIO,0.0,21.3,80.92,1.81,,0.3,,,9.35,,20.5,-23.02002468,-43.48157137
2017-12-16 02:30:00,UNIDADE MOVEL RECREIO,0.0,20.92,83.78,1.63,,0.17,,,13.18,,32.0,-23.02002468,-43.48157137
2017-12-16 03:30:00,UNIDADE MOVEL RECREIO,0.0,20.38,85.23,1.68,,0.22,,,10.88,,11.0,-23.02002468,-43.48157137
2017-12-16 04:30:00,UNIDADE MOVEL RECREIO,0.0,20.22,89.4,1.46,,0.07,,,44.0,,28.0,-23.02002468,-43.48157137
2017-12-16 05:30:00,UNIDADE MOVEL RECREIO,0.0,19.77,92.95,1.09,,0.16,,,22.53,,9.0,-23.02002468,-43.48157137
2017-12-16 06:30:00,UNIDADE MOVEL RECREIO,0.0,20.47,90.0,0.61,,0.13,,,22.97,,16.0,-23.02002468,-43.48157137
2017-12-16 07:30:00,UNIDADE MOVEL RECREIO,0.0,23.1,77.3,0.19,,0.08,,,38.19,,6.0,-23.02002468,-43.48157137
2017-12-16 08:30:00,UNIDADE MOVEL RECREIO,0.0,24.55,70.2,0.79,,0.06,,,59.27,,10.0,-23.02002468,-43.48157137
2017-12-16 09:30:00,UNIDADE MOVEL RECREIO,0.0,24.53,72.13,2.12,,0.06,,,71.66,,12.0,-23.02002468,-43.48157137
2017-12-16 10:30:00,UNIDADE MOVEL RECREIO,0.0,24.15,75.48,2.27,,0.02,,,79.36,,18.0,-23.02002468,-43.48157137
2017-12-16 11:30:00,UNIDADE MOVEL RECREIO,0.0,24.62,73.92,2.31,,0.02,,,83.57,,20.0,-23.02002468,-43.48157137
2017-12-16 12:30:00,UNIDADE MOVEL RECREIO,0.0,25.48,68.52,2.85,,0.03,,,83.55,,4.0,-23.02002468,-43.48157137
2017-12-16 13:30:00,UNIDADE MOVEL RECREIO,0.0,26.13,68.57,3.33,,0.02,,,83.85,,2.0,-23.02002468,-43.48157137
2017-12-16 14:30:00,UNIDADE MOVEL RECREIO,0.0,26.48,70.37,4.16,,0.04,,,74.04,,5.0,-23.02002468,-43.48157137
2017-12-16 15:30:00,UNIDADE MOVEL RECREIO,0.0,26.38,71.87,4.61,,0.02,,,70.12,,4.0,-23.02002468,-43.48157137
2017-12-16 16:30:00,UNIDADE MOVEL RECREIO,0.0,25.92,74.15,4.83,,0.02,,,69.19,,2.0,-23.02002468,-43.48157137
2017-12-16 17:30:00,UNIDADE MOVEL RECREIO,0.0,25.35,76.52,4.37,,0.03,,,70.59,,2.0,-23.02002468,-43.48157137
2017-12-16 18:30:00,UNIDADE MOVEL RECREIO,0.0,24.4,79.45,3.04,,0.04,,,63.8,,3.0,-23.02002468,-43.48157137
2017-12-16 19:30:00,UNIDADE MOVEL RECREIO,0.0,23.87,82.0,1.99,,0.08,,,54.67,,2.0,-23.02002468,-43.48157137
2017-12-16 20:30:00,UNIDADE MOVEL RECREIO,0.0,23.27,86.02,1.68,,0.08,,,50.77,,2.0,-23.02002468,-43.48157137
2017-12-16 21:30:00,UNIDADE MOVEL RECREIO,0.0,23.0,86.73,1.39,,0.09,,,46.36,,2.0,-23.02002468,-43.48157137
2017-12-16 22:30:00,UNIDADE MOVEL RECREIO,0.0,22.77,87.95,1.15,,0.17,,,35.35,,4.0,-23.02002468,-43.48157137
2017-12-16 23:30:00,UNIDADE MOVEL RECREIO,0.0,22.75,88.27,1.5999999999999999,,0.16,,,30.9,,4.0,-23.02002468,-43.48157137
2017-12-17 00:30:00,UNIDADE MOVEL RECREIO,0.0,22.28,88.77,2.05,,0.21,,,18.41,,5.0,-23.02002468,-43.48157137
2017-12-17 01:30:00,UNIDADE MOVEL RECREIO,0.0,21.97,89.83,2.13,,0.24,,,22.64,,5.0,-23.02002468,-43.48157137
2017-12-17 02:30:00,UNIDADE MOVEL RECREIO,0.0,21.58,90.02,2.29,,0.19,,,10.51,,14.0,-23.02002468,-43.48157137
2017-12-17 03:30:00,UNIDADE MOVEL RECREIO,0.0,21.4,89.37,2.01,,0.14,,,13.17,,8.0,-23.02002468,-43.48157137
2017-12-17 04:30:00,UNIDADE MOVEL RECREIO,0.0,21.07,89.7,2.0,,0.12,,,10.74,,3.0,-23.02002468,-43.48157137
2017-12-17 05:30:00,UNIDADE MOVEL RECREIO,0.0,21.13,90.67,1.97,,0.18,,,5.82,,8.0,-23.02002468,-43.48157137
2017-12-17 06:30:00,UNIDADE MOVEL RECREIO,0.0,22.25,87.25,1.82,,0.19,,,11.92,,5.0,-23.02002468,-43.48157137
2017-12-17 07:30:00,UNIDADE MOVEL RECREIO,0.0,24.85,78.13,2.02,,0.2,,,24.02,,2.0,-23.02002468,-43.48157137
2017-12-17 08:30:00,UNIDADE MOVEL RECREIO,0.0,27.32,67.87,4.05,,0.2,,,38.76,,7.0,-23.02002468,-43.48157137
2017-12-17 09:30:00,UNIDADE MOVEL RECREIO,0.0,27.45,66.35,6.51,,0.1,,,44.43,,6.0,-23.02002468,-43.48157137
2017-12-17 10:30:00,UNIDADE MOVEL RECREIO,0.0,27.67,65.37,6.95,,0.06,,,59.87,,2.0,-23.02002468,-43.48157137
2017-12-17 11:30:00,UNIDADE MOVEL RECREIO,0.0,28.43,61.53,6.89,,0.05,,,62.16,,8.0,-23.02002468,-43.48157137
2017-12-17 12:30:00,UNIDADE MOVEL RECREIO,0.0,27.98,63.82,6.65,,0.07,,,71.44,,5.0,-23.02002468,-43.48157137
2017-12-17 13:30:00,UNIDADE MOVEL RECREIO,0.0,27.67,65.52,7.04,,0.06,,,81.49,,2.0,-23.02002468,-43.48157137
2017-12-17 14:30:00,UNIDADE MOVEL RECREIO,0.0,29.17,58.9,7.64,,0.07,,,84.98,,3.0,-23.02002468,-43.48157137
2017-12-17 15:30:00,UNIDADE MOVEL RECREIO,0.0,28.7,60.52,7.84,,0.04,,,78.31,,7.0,-23.02002468,-43.48157137
2017-12-17 16:30:00,UNIDADE MOVEL RECREIO,0.0,27.85,62.48,7.25,,0.05,,,67.87,,6.0,-23.02002468,-43.48157137
2017-12-17 17:30:00,UNIDADE MOVEL RECREIO,0.0,30.45,54.38,6.53,,0.08,,,61.8,,9.0,-23.02002468,-43.48157137
2017-12-17 18:30:00,UNIDADE MOVEL RECREIO,0.0,27.45,61.52,6.16,,0.07,,,53.72,,5.0,-23.02002468,-43.48157137
2017-12-17 19:30:00,UNIDADE MOVEL RECREIO,0.0,26.65,63.33,5.51,,0.09,,,42.56,,2.0,-23.02002468,-43.48157137
2017-12-17 20:30:00,UNIDADE MOVEL RECREIO,0.0,26.18,66.78,5.51,,0.22,,,29.29,,2.0,-23.02002468,-43.48157137
2017-12-17 21:30:00,UNIDADE MOVEL RECREIO,0.0,26.35,68.18,5.37,,0.3,,,14.78,,2.0,-23.02002468,-43.48157137
2017-12-17 22:30:00,UNIDADE MOVEL RECREIO,0.0,27.05,66.12,5.37,,0.35,,,15.12,,3.0,-23.02002468,-43.48157137
2017-12-17 23:30:00,UNIDADE MOVEL RECREIO,0.0,25.98,72.6,3.8200000000000003,,0.42,,,7.66,,3.0,-23.02002468,-43.48157137
2017-12-18 00:30:00,UNIDADE MOVEL RECREIO,0.0,25.78,72.27,2.27,,0.29,,,7.67,,8.0,-23.02002468,-43.48157137
2017-12-18 01:30:00,UNIDADE MOVEL RECREIO,0.0,25.67,72.73,1.24,,0.27,,,9.78,,8.0,-23.02002468,-43.48157137
2017-12-18 02:30:00,UNIDADE MOVEL RECREIO,0.0,24.92,75.47,0.99,,0.17,,,17.23,,8.0,-23.02002468,-43.48157137
2017-12-18 03:30:00,UNIDADE MOVEL RECREIO,0.0,24.63,77.9,1.22,,0.29,,,3.61,,12.0,-23.02002468,-43.48157137
2017-12-18 04:30:00,UNIDADE MOVEL RECREIO,0.0,24.42,76.25,1.09,,0.36,,,3.11,,6.0,-23.02002468,-43.48157137
2017-12-18 05:30:00,UNIDADE MOVEL RECREIO,0.0,24.9,71.93,2.27,,0.64,,,2.67,,,-23.02002468,-43.48157137
2017-12-18 06:30:00,UNIDADE MOVEL RECREIO,0.0,27.13,56.73,1.42,,0.22,,,7.55,,,-23.02002468,-43.48157137
2017-12-18 07:30:00,UNIDADE MOVEL RECREIO,0.0,30.12,46.78,1.24,,0.14,,,17.5,,,-23.02002468,-43.48157137
2017-12-18 08:30:00,UNIDADE MOVEL RECREIO,0.0,32.18,40.82,2.38,,0.12,,,28.81,,,-23.02002468,-43.48157137
2017-12-18 09:30:00,UNIDADE MOVEL RECREIO,0.0,32.48,40.62,3.39,,0.04,,,44.71,,,-23.02002468,-43.48157137
2017-12-18 10:30:00,UNIDADE MOVEL RECREIO,0.0,32.15,44.28,5.25,,0.04,,,64.93,,,-23.02002468,-43.48157137
2017-12-18 11:30:00,UNIDADE MOVEL RECREIO,0.0,31.95,45.22,6.55,,0.03,,,82.06,,,-23.02002468,-43.48157137
2017-12-18 12:30:00,UNIDADE MOVEL RECREIO,0.0,32.02,43.6,6.36,,0.03,,,88.45,,,-23.02002468,-43.48157137
2017-12-18 13:30:00,UNIDADE MOVEL RECREIO,0.0,32.07,43.85,6.36,,0.03,,,84.76,,,-23.02002468,-43.48157137
2017-12-18 14:30:00,UNIDADE MOVEL RECREIO,0.0,31.52,46.77,6.28,,0.03,,,80.5,,,-23.02002468,-43.48157137
2017-12-18 15:30:00,UNIDADE MOVEL RECREIO,0.0,27.65,68.9,5.97,,0.03,,,65.56,,,-23.02002468,-43.48157137
2017-12-18 16:30:00,UNIDADE MOVEL RECREIO,0.0,27.6,68.03,5.48,,0.02,,,56.24,,,-23.02002468,-43.48157137
2017-12-18 17:30:00,UNIDADE MOVEL RECREIO,0.0,27.1,68.97,5.02,,0.02,,,54.89,,,-23.02002468,-43.48157137
2017-12-18 18:30:00,UNIDADE MOVEL RECREIO,0.0,25.97,73.8,3.49,,0.04,,,52.95,,,-23.02002468,-43.48157137
2017-12-18 19:30:00,UNIDADE MOVEL RECREIO,0.0,25.3,77.9,1.92,,0.04,,,50.52,,,-23.02002468,-43.48157137
2017-12-18 20:30:00,UNIDADE MOVEL RECREIO,0.0,25.3,77.78,1.52,,0.03,,,47.38,,3.0,-23.02002468,-43.48157137
2017-12-18 21:30:00,UNIDADE MOVEL RECREIO,0.0,25.18,79.17,1.33,,0.04,,,48.25,,2.0,-23.02002468,-43.48157137
2017-12-18 22:30:00,UNIDADE MOVEL RECREIO,0.0,24.95,80.28,0.98,,0.05,,,41.55,,16.0,-23.02002468,-43.48157137
2017-12-18 23:30:00,UNIDADE MOVEL RECREIO,0.0,24.72,81.58,1.29,,0.05,,,42.8,,4.0,-23.02002468,-43.48157137
2017-12-19 00:30:00,UNIDADE MOVEL RECREIO,0.0,24.5,82.48,1.6,,0.04,,,47.77,,8.0,-23.02002468,-43.48157137
2017-12-19 01:30:00,UNIDADE MOVEL RECREIO,0.0,24.35,82.85,1.85,,0.04,,,45.7,,3.0,-23.02002468,-43.48157137
2017-12-19 02:30:00,UNIDADE MOVEL RECREIO,0.0,24.45,82.73,1.76,,0.05,,,44.79,,2.0,-23.02002468,-43.48157137
2017-12-19 03:30:00,UNIDADE MOVEL RECREIO,0.0,24.25,83.97,1.67,,0.06,,,42.31,,2.0,-23.02002468,-43.48157137
2017-12-19 04:30:00,UNIDADE MOVEL RECREIO,0.0,24.03,85.53,1.65,,0.07,,,33.68,,,-23.02002468,-43.48157137
2017-12-19 05:30:00,UNIDADE MOVEL RECREIO,0.0,24.1,85.02,1.56,,0.08,,,24.3,,,-23.02002468,-43.48157137
2017-12-19 06:30:00,UNIDADE MOVEL RECREIO,0.0,24.47,82.98,1.72,,0.18,,,21.64,,,-23.02002468,-43.48157137
2017-12-19 07:30:00,UNIDADE MOVEL RECREIO,0.0,26.13,73.52,1.93,,0.08,,,36.59,,,-23.02002468,-43.48157137
2017-12-19 08:30:00,UNIDADE MOVEL RECREIO,0.0,26.85,71.1,1.82,,0.06,,,42.69,,,-23.02002468,-43.48157137
2017-12-19 09:30:00,UNIDADE MOVEL RECREIO,0.0,27.97,67.88,2.12,,0.07,,,46.71,,,-23.02002468,-43.48157137
2017-12-19 10:30:00,UNIDADE MOVEL RECREIO,0.0,28.1,68.18,3.14,,0.08,,,47.44,,,-23.02002468,-43.48157137
2017-12-19 11:30:00,UNIDADE MOVEL RECREIO,0.0,27.92,69.05,3.92,,0.06,,,47.25,,,-23.02002468,-43.48157137
2017-12-19 12:30:00,UNIDADE MOVEL RECREIO,0.0,27.83,68.27,4.47,,0.05,,,42.12,,,-23.02002468,-43.48157137
2017-12-19 13:30:00,UNIDADE MOVEL RECREIO,0.0,27.77,67.8,4.63,,0.04,,,39.77,,,-23.02002468,-43.48157137
2017-12-19 14:30:00,UNIDADE MOVEL RECREIO,0.0,27.12,73.05,5.04,,0.05,,,45.57,,,-23.02002468,-43.48157137
2017-12-19 15:30:00,UNIDADE MOVEL RECREIO,0.0,25.35,80.05,0.83,,0.04,,,45.86,,,-23.02002468,-43.48157137
2017-12-19 16:30:00,UNIDADE MOVEL RECREIO,0.0,25.3,79.77,0.0,,0.05,,,54.66,,4.0,-23.02002468,-43.48157137
2017-12-19 17:30:00,UNIDADE MOVEL RECREIO,0.0,25.48,77.12,0.0,,0.06,,,55.27,,3.0,-23.02002468,-43.48157137
2017-12-19 18:30:00,UNIDADE MOVEL RECREIO,0.0,24.68,79.78,0.0,,0.08,,,58.12,,2.0,-23.02002468,-43.48157137
2017-12-19 19:30:00,UNIDADE MOVEL RECREIO,0.0,24.22,82.2,,,0.07,,,65.64,,9.0,-23.02002468,-43.48157137
2017-12-19 20:30:00,UNIDADE MOVEL RECREIO,0.0,24.17,83.7,,,0.08,,,62.97,,12.0,-23.02002468,-43.48157137
2017-12-19 21:30:00,UNIDADE MOVEL RECREIO,0.0,23.62,87.52,,,0.08,,,55.75,,7.0,-23.02002468,-43.48157137
2017-12-19 22:30:00,UNIDADE MOVEL RECREIO,0.0,23.63,86.95,,,0.05,,,48.34,,7.0,-23.02002468,-43.48157137
2017-12-19 23:30:00,UNIDADE MOVEL RECREIO,0.0,23.62,85.2,,,0.05,,,42.76,,4.0,-23.02002468,-43.48157137
2017-12-20 00:30:00,UNIDADE MOVEL RECREIO,0.0,23.17,85.1,2.19,,0.1,,,26.52,,2.0,-23.02002468,-43.48157137
2017-12-20 01:30:00,UNIDADE MOVEL RECREIO,0.0,23.0,84.63,2.77,,0.11,,,23.13,,2.0,-23.02002468,-43.48157137
2017-12-20 02:30:00,UNIDADE MOVEL RECREIO,0.0,22.92,82.27,2.57,,0.09,,,18.76,,2.0,-23.02002468,-43.48157137
2017-12-20 03:30:00,UNIDADE MOVEL RECREIO,0.0,22.7,83.12,2.38,,0.08,,,17.82,,2.0,-23.02002468,-43.48157137
2017-12-20 04:30:00,UNIDADE MOVEL RECREIO,0.0,22.12,82.55,2.45,,0.11,,,11.75,,2.0,-23.02002468,-43.48157137
2017-12-20 05:30:00,UNIDADE MOVEL RECREIO,0.0,22.1,81.17,2.5,,0.16,,,8.76,,11.0,-23.02002468,-43.48157137
2017-12-20 06:30:00,UNIDADE MOVEL RECREIO,0.0,22.92,77.15,2.5,,0.16,,,13.21,,5.0,-23.02002468,-43.48157137
2017-12-20 07:30:00,UNIDADE MOVEL RECREIO,0.0,25.42,68.73,2.49,,0.17,,,23.17,,2.0,-23.02002468,-43.48157137
2017-12-20 08:30:00,UNIDADE MOVEL RECREIO,0.0,26.32,71.87,3.56,,0.09,,,31.67,,9.0,-23.02002468,-43.48157137
2017-12-20 09:30:00,UNIDADE MOVEL RECREIO,0.0,26.78,71.5,5.38,,0.08,,,36.87,,5.0,-23.02002468,-43.48157137
2017-12-20 10:30:00,UNIDADE MOVEL RECREIO,0.0,27.12,70.77,6.83,,0.08,,,51.81,,2.0,-23.02002468,-43.48157137
2017-12-20 11:30:00,UNIDADE MOVEL RECREIO,0.0,27.43,69.73,6.68,,0.06,,,69.78,,7.0,-23.02002468,-43.48157137
2017-12-20 12:30:00,UNIDADE MOVEL RECREIO,0.0,27.1,70.2,7.22,,0.06,,,84.95,,5.0,-23.02002468,-43.48157137
2017-12-20 13:30:00,UNIDADE MOVEL RECREIO,0.0,27.83,64.57,7.28,,0.04,,,79.84,,2.0,-23.02002468,-43.48157137
2017-12-20 14:30:00,UNIDADE MOVEL RECREIO,0.0,28.52,60.62,7.39,,0.04,,,70.41,,3.0,-23.02002468,-43.48157137
2017-12-20 15:30:00,UNIDADE MOVEL RECREIO,0.0,28.0,64.9,8.76,,0.05,,,62.88,,10.0,-23.02002468,-43.48157137
2017-12-20 16:30:00,UNIDADE MOVEL RECREIO,0.0,26.98,69.25,7.97,,0.05,,,47.99,,8.0,-23.02002468,-43.48157137
2017-12-20 17:30:00,UNIDADE MOVEL RECREIO,0.0,26.35,71.35,6.48,,0.06,,,39.55,,3.0,-23.02002468,-43.48157137
2017-12-20 18:30:00,UNIDADE MOVEL RECREIO,0.0,25.82,73.15,4.55,,0.07,,,37.13,,2.0,-23.02002468,-43.48157137
2017-12-20 19:30:00,UNIDADE MOVEL RECREIO,0.0,25.47,75.02,3.6,,0.09,,,28.74,,4.5,-23.02002468,-43.48157137
2017-12-20 20:30:00,UNIDADE MOVEL RECREIO,0.0,24.85,77.48,3.21,,0.08,,,25.9,,7.0,-23.02002468,-43.48157137
2017-12-20 21:30:00,UNIDADE MOVEL RECREIO,0.0,24.68,77.68,3.11,,0.06,,,25.6,,8.0,-23.02002468,-43.48157137
2017-12-20 22:30:00,UNIDADE MOVEL RECREIO,0.0,24.43,78.35,3.04,,0.06,,,25.06,,9.0,-23.02002468,-43.48157137
2017-12-20 23:30:00,UNIDADE MOVEL RECREIO,0.0,24.65,78.43,3.175,,0.13,,,18.76,,2.0,-23.02002468,-43.48157137
2017-12-21 00:30:00,UNIDADE MOVEL RECREIO,0.0,24.53,78.73,3.31,,0.09,,,18.75,,5.0,-23.02002468,-43.48157137
2017-12-21 01:30:00,UNIDADE MOVEL RECREIO,0.0,24.83,77.9,3.39,,0.07,,,30.07,,12.0,-23.02002468,-43.48157137
2017-12-21 02:30:00,UNIDADE MOVEL RECREIO,0.0,24.32,80.57,3.14,,0.09,,,20.61,,7.0,-23.02002468,-43.48157137
2017-12-21 03:30:00,UNIDADE MOVEL RECREIO,0.0,23.83,82.5,3.03,,0.05,,,21.37,,8.0,-23.02002468,-43.48157137
2017-12-21 04:30:00,UNIDADE MOVEL RECREIO,0.0,23.65,83.45,3.11,,0.12,,,9.7,,9.0,-23.02002468,-43.48157137
2017-12-21 05:30:00,UNIDADE MOVEL RECREIO,0.0,23.53,83.13,3.33,,0.16,,,7.69,,23.0,-23.02002468,-43.48157137
2017-12-21 06:30:00,UNIDADE MOVEL RECREIO,0.0,24.32,80.97,3.48,,0.27,,,5.93,,15.0,-23.02002468,-43.48157137
2017-12-21 07:30:00,UNIDADE MOVEL RECREIO,0.0,26.23,72.47,3.43,,0.17,,,18.65,,7.0,-23.02002468,-43.48157137
2017-12-21 08:30:00,UNIDADE MOVEL RECREIO,0.0,26.32,73.5,3.82,,0.08,,,43.49,,5.0,-23.02002468,-43.48157137
2017-12-21 09:30:00,UNIDADE MOVEL RECREIO,0.0,27.18,71.32,4.62,,0.06,,,45.98,,8.0,-23.02002468,-43.48157137
2017-12-21 10:30:00,UNIDADE MOVEL RECREIO,0.0,27.42,69.95,5.88,,0.05,,,54.48,,5.0,-23.02002468,-43.48157137
2017-12-21 11:30:00,UNIDADE MOVEL RECREIO,0.0,27.58,69.05,6.58,,0.04,,,59.86,,2.0,-23.02002468,-43.48157137
2017-12-21 12:30:00,UNIDADE MOVEL RECREIO,0.0,27.55,68.48,6.42,,0.03,,,60.1,,6.0,-23.02002468,-43.48157137
2017-12-21 13:30:00,UNIDADE MOVEL RECREIO,0.0,26.2,75.2,5.97,,0.04,,,57.63,,4.0,-23.02002468,-43.48157137
2017-12-21 14:30:00,UNIDADE MOVEL RECREIO,0.0,26.1,76.43,4.32,,0.04,,,52.05,,12.0,-23.02002468,-43.48157137
2017-12-21 15:30:00,UNIDADE MOVEL RECREIO,0.0,25.95,74.88,3.68,,0.04,,,50.81,,9.0,-23.02002468,-43.48157137
2017-12-21 16:30:00,UNIDADE MOVEL RECREIO,0.0,25.05,80.02,3.29,,0.06,,,49.64,,2.0,-23.02002468,-43.48157137
2017-12-21 17:30:00,UNIDADE MOVEL RECREIO,0.0,25.0,79.33,2.97,,0.08,,,39.1,,4.0,-23.02002468,-43.48157137
2017-12-21 18:30:00,UNIDADE MOVEL RECREIO,7.0,23.53,85.02,2.73,,0.07,,,36.47,,2.0,-23.02002468,-43.48157137
2017-12-21 19:30:00,UNIDADE MOVEL RECREIO,4.0,21.03,90.87,2.71,,0.07,,,39.68,,,-23.02002468,-43.48157137
2017-12-21 20:30:00,UNIDADE MOVEL RECREIO,3.0,21.18,91.08,2.53,,0.18,,,29.9,,,-23.02002468,-43.48157137
2017-12-21 21:30:00,UNIDADE MOVEL RECREIO,1.0,21.35,92.37,2.47,,0.22,,,28.12,,,-23.02002468,-43.48157137
2017-12-21 22:30:00,UNIDADE MOVEL RECREIO,0.0,21.12,92.98,2.41,,0.22,,,19.82,,,-23.02002468,-43.48157137
2017-12-21 23:30:00,UNIDADE MOVEL RECREIO,0.0,21.08,93.58,1.745,,0.15,,,18.22,,,-23.02002468,-43.48157137
2017-12-22 00:30:00,UNIDADE MOVEL RECREIO,0.0,21.07,93.8,1.08,,0.12,,,18.66,,,-23.02002468,-43.48157137
2017-12-22 01:30:00,UNIDADE MOVEL RECREIO,0.0,21.08,93.88,1.16,,0.1,,,15.52,,,-23.02002468,-43.48157137
2017-12-22 02:30:00,UNIDADE MOVEL RECREIO,0.0,20.93,93.9,1.09,,0.06,,,20.51,,,-23.02002468,-43.48157137
2017-12-22 03:30:00,UNIDADE MOVEL RECREIO,0.0,21.05,93.75,1.18,,0.06,,,14.15,,,-23.02002468,-43.48157137
2017-12-22 04:30:00,UNIDADE MOVEL RECREIO,0.0,21.6,92.27,0.86,,0.07,,,14.57,,,-23.02002468,-43.48157137
2017-12-22 05:30:00,UNIDADE MOVEL RECREIO,0.0,21.65,90.05,1.31,,0.15,,,6.28,,,-23.02002468,-43.48157137
2017-12-22 06:30:00,UNIDADE MOVEL RECREIO,0.0,21.97,89.3,1.43,,0.18,,,5.57,,,-23.02002468,-43.48157137
2017-12-22 07:30:00,UNIDADE MOVEL RECREIO,0.0,23.12,86.45,1.57,,0.23,,,11.4,,,-23.02002468,-43.48157137
2017-12-22 08:30:00,UNIDADE MOVEL RECREIO,0.0,24.37,80.12,1.89,,0.2,,,24.62,,6.0,-23.02002468,-43.48157137
2017-12-22 09:30:00,UNIDADE MOVEL RECREIO,0.0,26.38,71.87,1.87,,0.13,,,29.68,,18.0,-23.02002468,-43.48157137
2017-12-22 10:30:00,UNIDADE MOVEL RECREIO,0.0,26.22,74.53,2.12,,0.1,,,39.52,,4.0,-23.02002468,-43.48157137
2017-12-22 11:30:00,UNIDADE MOVEL RECREIO,0.0,25.18,78.7,2.42,,0.11,,,50.55,,6.0,-23.02002468,-43.48157137
2017-12-22 12:30:00,UNIDADE MOVEL RECREIO,0.0,25.18,80.33,2.24,,0.16,,,51.96,,9.0,-23.02002468,-43.48157137
2017-12-22 13:30:00,UNIDADE MOVEL RECREIO,0.0,27.67,67.18,2.37,,0.24,,,39.2,,13.0,-23.02002468,-43.48157137
2017-12-22 14:30:00,UNIDADE MOVEL RECREIO,0.0,28.8,57.55,2.79,,0.16,,,34.29,,8.0,-23.02002468,-43.48157137
2017-12-22 15:30:00,UNIDADE MOVEL RECREIO,0.0,29.05,55.17,3.54,,0.23,,,32.28,,2.0,-23.02002468,-43.48157137
2017-12-22 16:30:00,UNIDADE MOVEL RECREIO,0.0,26.97,68.45,2.33,,0.12,,,30.84,,2.0,-23.02002468,-43.48157137
2017-12-22 17:30:00,UNIDADE MOVEL RECREIO,0.0,24.58,84.67,1.79,,0.12,,,54.38,,2.0,-23.02002468,-43.48157137
2017-12-22 18:30:00,UNIDADE MOVEL RECREIO,0.0,24.45,82.73,1.79,,0.17,,,44.2,,3.0,-23.02002468,-43.48157137
2017-12-22 19:30:00,UNIDADE MOVEL RECREIO,0.0,24.48,81.88,1.95,,0.37,,,21.87,,9.0,-23.02002468,-43.48157137
2017-12-22 20:30:00,UNIDADE MOVEL RECREIO,0.0,23.85,85.37,2.06,,0.38,,,8.27,,19.0,-23.02002468,-43.48157137
2017-12-22 21:30:00,UNIDADE MOVEL RECREIO,0.0,23.78,84.73,2.08,,0.37,,,5.6,,21.0,-23.02002468,-43.48157137
2017-12-22 22:30:00,UNIDADE MOVEL RECREIO,0.0,23.67,86.05,2.06,,0.43,,,4.31,,5.0,-23.02002468,-43.48157137
2017-12-22 23:30:00,UNIDADE MOVEL RECREIO,0.0,23.4,86.48,2.3049999999999997,,0.44,,,2.78,,10.0,-23.02002468,-43.48157137
2017-12-23 00:30:00,UNIDADE MOVEL RECREIO,0.0,23.1,86.13,2.55,,0.25,,,7.07,,23.0,-23.02002468,-43.48157137
2017-12-23 01:30:00,UNIDADE MOVEL RECREIO,0.0,22.97,86.35,2.67,,0.14,,,8.1,,7.0,-23.02002468,-43.48157137
2017-12-23 02:30:00,UNIDADE MOVEL RECREIO,0.0,22.95,87.05,2.52,,0.17,,,6.32,,5.0,-23.02002468,-43.48157137
2017-12-23 03:30:00,UNIDADE MOVEL RECREIO,0.0,22.83,85.73,2.48,,0.11,,,8.46,,5.0,-23.02002468,-43.48157137
2017-12-23 04:30:00,UNIDADE MOVEL RECREIO,0.0,22.4,88.28,2.64,,0.12,,,3.6,,21.0,-23.02002468,-43.48157137
2017-12-23 05:30:00,UNIDADE MOVEL RECREIO,0.0,22.62,87.7,2.88,,0.27,,,2.72,,17.0,-23.02002468,-43.48157137
2017-12-23 06:30:00,UNIDADE MOVEL RECREIO,0.0,23.55,83.7,2.8,,0.26,,,6.32,,12.0,-23.02002468,-43.48157137
2017-12-23 07:30:00,UNIDADE MOVEL RECREIO,0.0,27.53,67.6,2.86,,0.18,,,19.64,,6.0,-23.02002468,-43.48157137
2017-12-23 08:30:00,UNIDADE MOVEL RECREIO,0.0,29.83,59.88,3.65,,0.08,,,36.09,,20.0,-23.02002468,-43.48157137
2017-12-23 09:30:00,UNIDADE MOVEL RECREIO,0.0,28.1,68.8,4.95,,0.1,,,44.51,,2.0,-23.02002468,-43.48157137
2017-12-23 10:30:00,UNIDADE MOVEL RECREIO,0.0,29.43,63.68,5.11,,0.07,,,54.13,,14.0,-23.02002468,-43.48157137
2017-12-23 11:30:00,UNIDADE MOVEL RECREIO,0.0,30.37,59.65,6.89,,0.07,,,75.11,,10.0,-23.02002468,-43.48157137
2017-12-23 12:30:00,UNIDADE MOVEL RECREIO,0.0,31.07,56.23,10.43,,0.05,,,113.98,,4.0,-23.02002468,-43.48157137
2017-12-23 13:30:00,UNIDADE MOVEL RECREIO,0.0,29.72,62.15,11.75,,0.04,,,136.12,,12.0,-23.02002468,-43.48157137
2017-12-23 14:30:00,UNIDADE MOVEL RECREIO,0.0,29.6,61.3,10.26,,0.02,,,91.61,,13.0,-23.02002468,-43.48157137
2017-12-23 15:30:00,UNIDADE MOVEL RECREIO,0.0,30.55,55.68,9.96,,0.02,,,84.74,,7.0,-23.02002468,-43.48157137
2017-12-23 16:30:00,UNIDADE MOVEL RECREIO,0.0,29.57,59.85,8.73,,0.01,,,74.98,,5.0,-23.02002468,-43.48157137
2017-12-23 17:30:00,UNIDADE MOVEL RECREIO,0.0,29.52,59.7,8.2,,0.03,,,71.36,,4.0,-23.02002468,-43.48157137
2017-12-23 18:30:00,UNIDADE MOVEL RECREIO,0.0,28.53,62.25,7.42,,0.03,,,61.51,,5.0,-23.02002468,-43.48157137
2017-12-23 19:30:00,UNIDADE MOVEL RECREIO,2.0,24.65,74.92,6.69,,0.04,,,62.8,,7.0,-23.02002468,-43.48157137
2017-12-23 20:30:00,UNIDADE MOVEL RECREIO,1.0,22.38,89.27,6.88,,0.06,,,51.16,,5.0,-23.02002468,-43.48157137
2017-12-23 21:30:00,UNIDADE MOVEL RECREIO,1.0,22.35,90.95,6.08,,0.06,,,45.41,,2.0,-23.02002468,-43.48157137
2017-12-23 22:30:00,UNIDADE MOVEL RECREIO,0.0,22.4,91.12,5.48,,0.1,,,38.44,,2.0,-23.02002468,-43.48157137
2017-12-23 23:30:00,UNIDADE MOVEL RECREIO,0.0,22.6,90.67,3.7700000000000005,,0.1,,,34.68,,13.0,-23.02002468,-43.48157137
2017-12-24 00:30:00,UNIDADE MOVEL RECREIO,0.0,22.62,90.55,2.06,,0.13,,,30.68,,7.0,-23.02002468,-43.48157137
2017-12-24 01:30:00,UNIDADE MOVEL RECREIO,0.0,22.6,90.02,2.05,,0.1,,,24.27,,2.0,-23.02002468,-43.48157137
2017-12-24 02:30:00,UNIDADE MOVEL RECREIO,0.0,22.55,89.32,1.54,,0.08,,,23.08,,2.0,-23.02002468,-43.48157137
2017-12-24 03:30:00,UNIDADE MOVEL RECREIO,0.0,22.72,89.18,1.5,,0.07,,,24.63,,2.0,-23.02002468,-43.48157137
2017-12-24 04:30:00,UNIDADE MOVEL RECREIO,0.0,22.53,89.83,1.44,,0.08,,,13.29,,5.0,-23.02002468,-43.48157137
2017-12-24 05:30:00,UNIDADE MOVEL RECREIO,0.0,22.52,90.45,1.59,,0.13,,,8.46,,7.0,-23.02002468,-43.48157137
2017-12-24 06:30:00,UNIDADE MOVEL RECREIO,0.0,23.58,85.73,1.34,,0.15,,,13.92,,9.0,-23.02002468,-43.48157137
2017-12-24 07:30:00,UNIDADE MOVEL RECREIO,0.0,26.45,74.23,1.63,,0.15,,,23.77,,6.0,-23.02002468,-43.48157137
2017-12-24 08:30:00,UNIDADE MOVEL RECREIO,0.0,28.35,63.6,3.65,,0.11,,,48.1,,2.0,-23.02002468,-43.48157137
2017-12-24 09:30:00,UNIDADE MOVEL RECREIO,0.0,29.28,58.83,6.62,,0.09,,,72.74,,2.0,-23.02002468,-43.48157137
2017-12-24 10:30:00,UNIDADE MOVEL RECREIO,0.0,30.98,56.0,7.66,,0.08,,,85.05,,5.0,-23.02002468,-43.48157137
2017-12-24 11:30:00,UNIDADE MOVEL RECREIO,0.0,29.88,62.1,7.83,,0.07,,,97.13,,10.0,-23.02002468,-43.48157137
2017-12-24 12:30:00,UNIDADE MOVEL RECREIO,0.0,29.53,63.28,7.5,,0.07,,,96.68,,2.0,-23.02002468,-43.48157137
2017-12-24 13:30:00,UNIDADE MOVEL RECREIO,0.0,29.77,62.87,7.46,,0.08,,,114.61,,4.0,-23.02002468,-43.48157137
2017-12-24 14:30:00,UNIDADE MOVEL RECREIO,0.0,30.02,61.73,8.12,,0.07,,,116.28,,8.0,-23.02002468,-43.48157137
2017-12-24 15:30:00,UNIDADE MOVEL RECREIO,0.0,29.68,61.13,8.0,,0.06,,,91.57,,11.0,-23.02002468,-43.48157137
2017-12-24 16:30:00,UNIDADE MOVEL RECREIO,0.0,30.27,57.82,7.8,,0.05,,,82.54,,15.0,-23.02002468,-43.48157137
2017-12-24 17:30:00,UNIDADE MOVEL RECREIO,0.0,30.17,57.97,7.1,,0.06,,,77.69,,4.0,-23.02002468,-43.48157137
2017-12-24 18:30:00,UNIDADE MOVEL RECREIO,0.0,28.03,68.15,5.55,,0.06,,,74.31,,4.0,-23.02002468,-43.48157137
2017-12-24 19:30:00,UNIDADE MOVEL RECREIO,0.0,28.78,61.2,3.84,,0.24,,,49.24,,11.0,-23.02002468,-43.48157137
2017-12-24 20:30:00,UNIDADE MOVEL RECREIO,0.0,26.95,73.92,2.83,,0.12,,,55.49,,5.0,-23.02002468,-43.48157137
2017-12-24 21:30:00,UNIDADE MOVEL RECREIO,0.0,25.97,78.82,3.24,,0.15,,,48.7,,2.0,-23.02002468,-43.48157137
2017-12-24 22:30:00,UNIDADE MOVEL RECREIO,0.0,25.7,76.77,3.38,,0.23,,,31.34,,2.0,-23.02002468,-43.48157137
2017-12-24 23:30:00,UNIDADE MOVEL RECREIO,0.0,25.63,75.45,2.84,,0.22,,,28.4,,2.0,-23.02002468,-43.48157137
2017-12-25 00:30:00,UNIDADE MOVEL RECREIO,0.0,25.42,75.38,2.3,,0.21,,,29.5,,2.0,-23.02002468,-43.48157137
2017-12-25 01:30:00,UNIDADE MOVEL RECREIO,0.0,25.15,76.08,2.1,,0.29,,,20.1,,6.0,-23.02002468,-43.48157137
2017-12-25 02:30:00,UNIDADE MOVEL RECREIO,0.0,24.93,75.62,2.17,,0.21,,,29.04,,3.0,-23.02002468,-43.48157137
2017-12-25 03:30:00,UNIDADE MOVEL RECREIO,0.0,24.48,77.63,1.88,,0.17,,,24.67,,2.0,-23.02002468,-43.48157137
2017-12-25 04:30:00,UNIDADE MOVEL RECREIO,0.0,24.45,77.4,1.76,,0.15,,,23.34,,6.0,-23.02002468,-43.48157137
2017-12-25 05:30:00,UNIDADE MOVEL RECREIO,0.0,24.42,77.38,1.74,,0.14,,,17.63,,4.0,-23.02002468,-43.48157137
2017-12-25 06:30:00,UNIDADE MOVEL RECREIO,0.0,25.37,82.62,1.5,,0.14,,,30.08,,3.0,-23.02002468,-43.48157137
2017-12-25 07:30:00,UNIDADE MOVEL RECREIO,0.0,26.63,75.88,1.62,,0.16,,,40.52,,13.0,-23.02002468,-43.48157137
2017-12-25 08:30:00,UNIDADE MOVEL RECREIO,0.0,28.38,67.78,2.17,,0.13,,,53.48,,10.0,-23.02002468,-43.48157137
2017-12-25 09:30:00,UNIDADE MOVEL RECREIO,0.0,30.17,58.98,3.59,,0.13,,,83.39,,9.0,-23.02002468,-43.48157137
2017-12-25 10:30:00,UNIDADE MOVEL RECREIO,0.0,29.02,64.82,5.28,,0.16,,,116.03,,15.0,-23.02002468,-43.48157137
2017-12-25 11:30:00,UNIDADE MOVEL RECREIO,0.0,29.3,63.45,6.5,,0.15,,,146.33,,15.0,-23.02002468,-43.48157137
2017-12-25 12:30:00,UNIDADE MOVEL RECREIO,0.0,30.28,58.2,6.74,,0.08,,,98.6,,13.0,-23.02002468,-43.48157137
2017-12-25 13:30:00,UNIDADE MOVEL RECREIO,0.0,29.98,62.83,5.71,,0.05,,,80.07,,9.0,-23.02002468,-43.48157137
2017-12-25 14:30:00,UNIDADE MOVEL RECREIO,0.0,29.52,67.63,5.15,,0.04,,,65.95,,2.0,-23.02002468,-43.48157137
2017-12-25 15:30:00,UNIDADE MOVEL RECREIO,0.0,29.4,67.85,4.93,,0.05,,,67.6,,2.0,-23.02002468,-43.48157137
2017-12-25 16:30:00,UNIDADE MOVEL RECREIO,0.0,28.68,68.75,5.12,,0.04,,,82.3,,3.0,-23.02002468,-43.48157137
2017-12-25 17:30:00,UNIDADE MOVEL RECREIO,0.0,27.63,72.07,4.8,,0.04,,,98.43,,2.0,-23.02002468,-43.48157137
2017-12-25 18:30:00,UNIDADE MOVEL RECREIO,0.0,26.55,73.27,3.44,,0.06,,,90.19,,2.0,-23.02002468,-43.48157137
2017-12-25 19:30:00,UNIDADE MOVEL RECREIO,0.0,26.58,73.77,0.92,,0.05,,,83.48,,2.0,-23.02002468,-43.48157137
2017-12-25 20:30:00,UNIDADE MOVEL RECREIO,0.0,26.3,78.68,0.01,,0.04,,,75.84,,2.0,-23.02002468,-43.48157137
2017-12-25 21:30:00,UNIDADE MOVEL RECREIO,2.0,26.1,82.53,0.0,,0.04,,,73.08,,2.0,-23.02002468,-43.48157137
2017-12-25 22:30:00,UNIDADE MOVEL RECREIO,1.0,24.93,90.22,0.0,,0.06,,,63.5,,8.0,-23.02002468,-43.48157137
2017-12-25 23:30:00,UNIDADE MOVEL RECREIO,2.0,23.95,91.52,0.65,,0.05,,,63.76,,3.0,-23.02002468,-43.48157137
2017-12-26 00:30:00,UNIDADE MOVEL RECREIO,1.0,22.92,92.4,1.3,,0.08,,,63.04,,2.0,-23.02002468,-43.48157137
2017-12-26 01:30:00,UNIDADE MOVEL RECREIO,1.0,22.92,93.22,1.91,,0.07,,,54.84,,2.0,-23.02002468,-43.48157137
2017-12-26 02:30:00,UNIDADE MOVEL RECREIO,0.0,22.9,93.68,0.97,,0.05,,,54.89,,2.0,-23.02002468,-43.48157137
2017-12-26 03:30:00,UNIDADE MOVEL RECREIO,0.0,22.88,93.65,0.23,,0.05,,,59.7,,2.0,-23.02002468,-43.48157137
2017-12-26 04:30:00,UNIDADE MOVEL RECREIO,0.0,23.0,92.98,0.15,,0.07,,,46.74,,2.0,-23.02002468,-43.48157137
2017-12-26 05:30:00,UNIDADE MOVEL RECREIO,0.0,23.17,91.25,0.11,,0.16,,,19.1,,2.0,-23.02002468,-43.48157137
2017-12-26 06:30:00,UNIDADE MOVEL RECREIO,0.0,23.82,89.72,0.22,,0.16,,,17.83,,2.0,-23.02002468,-43.48157137
2017-12-26 07:30:00,UNIDADE MOVEL RECREIO,0.0,25.28,82.12,0.2,,0.12,,,28.3,,5.0,-23.02002468,-43.48157137
2017-12-26 08:30:00,UNIDADE MOVEL RECREIO,0.0,25.98,77.22,0.74,,0.14,,,38.1,,5.0,-23.02002468,-43.48157137
2017-12-26 09:30:00,UNIDADE MOVEL RECREIO,0.0,26.07,77.83,1.03,,0.12,,,50.08,,7.0,-23.02002468,-43.48157137
2017-12-26 10:30:00,UNIDADE MOVEL RECREIO,0.0,26.55,73.27,1.08,,0.1,,,57.6,,4.0,-23.02002468,-43.48157137
2017-12-26 11:30:00,UNIDADE MOVEL RECREIO,0.0,26.33,74.22,2.35,,0.06,,,62.77,,2.0,-23.02002468,-43.48157137
2017-12-26 12:30:00,UNIDADE MOVEL RECREIO,0.0,25.8,72.15,3.44,,0.04,,,66.84,,3.0,-23.02002468,-43.48157137
2017-12-26 13:30:00,UNIDADE MOVEL RECREIO,0.0,25.62,74.03,2.24,,0.05,,,61.37,,3.0,-23.02002468,-43.48157137
2017-12-26 14:30:00,UNIDADE MOVEL RECREIO,0.0,25.88,74.55,0.0,,0.05,,,64.05,,2.0,-23.02002468,-43.48157137
2017-12-26 15:30:00,UNIDADE MOVEL RECREIO,0.0,25.08,78.43,0.0,,0.06,,,59.61,,2.0,-23.02002468,-43.48157137
2017-12-26 16:30:00,UNIDADE MOVEL RECREIO,0.0,25.05,79.65,0.0,,0.07,,,60.09,,2.0,-23.02002468,-43.48157137
2017-12-26 17:30:00,UNIDADE MOVEL RECREIO,0.0,25.12,79.2,0.0,,0.08,,,57.83,,2.0,-23.02002468,-43.48157137
2017-12-26 18:30:00,UNIDADE MOVEL RECREIO,0.0,24.98,79.85,0.0,,0.1,,,55.99,,7.0,-23.02002468,-43.48157137
2017-12-26 19:30:00,UNIDADE MOVEL RECREIO,0.0,24.83,81.7,0.42,,0.09,,,50.48,,12.0,-23.02002468,-43.48157137
2017-12-26 20:30:00,UNIDADE MOVEL RECREIO,0.0,25.02,80.78,0.91,,0.08,,,39.38,,2.0,-23.02002468,-43.48157137
2017-12-26 21:30:00,UNIDADE MOVEL RECREIO,0.0,24.45,84.28,0.92,,0.23,,,26.27,,2.0,-23.02002468,-43.48157137
2017-12-26 22:30:00,UNIDADE MOVEL RECREIO,0.0,23.82,85.97,0.45,,0.16,,,10.7,,2.0,-23.02002468,-43.48157137
2017-12-26 23:30:00,UNIDADE MOVEL RECREIO,0.0,23.85,84.47,1.5199999999999998,,0.12,,,14.57,,2.0,-23.02002468,-43.48157137
2017-12-27 00:30:00,UNIDADE MOVEL RECREIO,0.0,23.42,86.43,2.59,,0.11,,,10.14,,2.0,-23.02002468,-43.48157137
2017-12-27 01:30:00,UNIDADE MOVEL RECREIO,0.0,23.07,87.35,3.52,,0.09,,,11.64,,2.0,-23.02002468,-43.48157137
2017-12-27 02:30:00,UNIDADE MOVEL RECREIO,0.0,23.25,86.7,3.46,,0.1,,,11.21,,2.0,-23.02002468,-43.48157137
2017-12-27 03:30:00,UNIDADE MOVEL RECREIO,0.0,23.47,88.08,3.44,,0.1,,,10.46,,2.0,-23.02002468,-43.48157137
2017-12-27 04:30:00,UNIDADE MOVEL RECREIO,0.0,23.55,87.43,4.0,,0.12,,,7.93,,2.0,-23.02002468,-43.48157137
2017-12-27 05:30:00,UNIDADE MOVEL RECREIO,0.0,23.55,88.35,3.77,,0.14,,,4.8,,2.0,-23.02002468,-43.48157137
2017-12-27 06:30:00,UNIDADE MOVEL RECREIO,0.0,24.03,87.25,3.97,,0.24,,,5.05,,2.0,-23.02002468,-43.48157137
2017-12-27 07:30:00,UNIDADE MOVEL RECREIO,0.0,25.47,81.8,4.08,,0.18,,,16.47,,2.0,-23.02002468,-43.48157137
2017-12-27 08:30:00,UNIDADE MOVEL RECREIO,0.0,26.92,74.93,3.98,,0.12,,,33.43,,7.0,-23.02002468,-43.48157137
2017-12-27 09:30:00,UNIDADE MOVEL RECREIO,0.0,27.28,72.77,4.29,,0.08,,,46.29,,10.0,-23.02002468,-43.48157137
2017-12-27 10:30:00,UNIDADE MOVEL RECREIO,0.0,27.62,74.85,4.88,,0.07,,,44.44,,10.0,-23.02002468,-43.48157137
2017-12-27 11:30:00,UNIDADE MOVEL RECREIO,0.0,28.03,70.95,5.74,,0.04,,,43.52,,4.0,-23.02002468,-43.48157137
2017-12-27 12:30:00,UNIDADE MOVEL RECREIO,0.0,28.55,69.8,7.01,,0.04,,,46.32,,3.0,-23.02002468,-43.48157137
2017-12-27 13:30:00,UNIDADE MOVEL RECREIO,0.0,27.97,72.18,8.26,,0.03,,,41.01,,2.0,-23.02002468,-43.48157137
2017-12-27 14:30:00,UNIDADE MOVEL RECREIO,0.0,27.75,72.23,8.05,,0.03,,,39.24,,2.0,-23.02002468,-43.48157137
2017-12-27 15:30:00,UNIDADE MOVEL RECREIO,0.0,27.13,76.73,10.16,,0.03,,,43.64,,6.0,-23.02002468,-43.48157137
2017-12-27 16:30:00,UNIDADE MOVEL RECREIO,0.0,26.38,80.23,9.78,,0.05,,,44.56,,9.0,-23.02002468,-43.48157137
2017-12-27 17:30:00,UNIDADE MOVEL RECREIO,0.0,25.78,82.23,8.78,,0.08,,,44.08,,5.0,-23.02002468,-43.48157137
2017-12-27 18:30:00,UNIDADE MOVEL RECREIO,0.0,25.58,81.73,7.82,,0.06,,,41.38,,2.0,-23.02002468,-43.48157137
2017-12-27 19:30:00,UNIDADE MOVEL RECREIO,0.0,25.48,82.1,7.58,,0.06,,,39.22,,2.0,-23.02002468,-43.48157137
2017-12-27 20:30:00,UNIDADE MOVEL RECREIO,0.0,25.3,83.03,7.24,,0.07,,,38.69,,2.0,-23.02002468,-43.48157137
2017-12-27 21:30:00,UNIDADE MOVEL RECREIO,0.0,25.45,82.45,6.92,,0.06,,,43.85,,2.0,-23.02002468,-43.48157137
2017-12-27 22:30:00,UNIDADE MOVEL RECREIO,0.0,25.4,83.77,6.83,,0.06,,,41.55,,2.0,-23.02002468,-43.48157137
2017-12-27 23:30:00,UNIDADE MOVEL RECREIO,0.0,25.08,84.23,4.325,,0.17,,,21.76,,2.0,-23.02002468,-43.48157137
2017-12-28 00:30:00,UNIDADE MOVEL RECREIO,0.0,24.93,85.32,1.82,,0.1,,,17.03,,11.0,-23.02002468,-43.48157137
2017-12-28 01:30:00,UNIDADE MOVEL RECREIO,0.0,24.85,86.7,1.91,,0.04,,,33.29,,5.0,-23.02002468,-43.48157137
2017-12-28 02:30:00,UNIDADE MOVEL RECREIO,0.0,24.68,88.85,1.78,,0.03,,,42.58,,2.0,-23.02002468,-43.48157137
2017-12-28 03:30:00,UNIDADE MOVEL RECREIO,0.0,24.63,88.68,1.62,,0.03,,,40.49,,2.0,-23.02002468,-43.48157137
2017-12-28 04:30:00,UNIDADE MOVEL RECREIO,0.0,24.7,87.73,1.66,,0.03,,,38.8,,2.0,-23.02002468,-43.48157137
2017-12-28 05:30:00,UNIDADE MOVEL RECREIO,0.0,24.68,87.58,1.57,,0.05,,,25.89,,2.0,-23.02002468,-43.48157137
2017-12-28 06:30:00,UNIDADE MOVEL RECREIO,0.0,24.47,90.38,1.63,,0.13,,,13.44,,2.0,-23.02002468,-43.48157137
2017-12-28 07:30:00,UNIDADE MOVEL RECREIO,0.0,24.8,88.97,1.72,,0.06,,,21.16,,3.0,-23.02002468,-43.48157137
2017-12-28 08:30:00,UNIDADE MOVEL RECREIO,0.0,25.6,84.03,1.61,,0.05,,,30.95,,3.0,-23.02002468,-43.48157137
2017-12-28 09:30:00,UNIDADE MOVEL RECREIO,0.0,26.2,79.85,1.61,,0.05,,,37.19,,2.0,-23.02002468,-43.48157137
2017-12-28 10:30:00,UNIDADE MOVEL RECREIO,0.0,25.7,83.17,1.81,,0.04,,,37.63,,2.0,-23.02002468,-43.48157137
2017-12-28 11:30:00,UNIDADE MOVEL RECREIO,0.0,25.23,85.92,1.89,,0.06,,,33.8,,4.0,-23.02002468,-43.48157137
2017-12-28 12:30:00,UNIDADE MOVEL RECREIO,0.0,25.05,86.58,1.09,,0.04,,,36.21,,3.0,-23.02002468,-43.48157137
2017-12-28 13:30:00,UNIDADE MOVEL RECREIO,0.0,24.82,87.12,1.755,,0.04,,,29.58,,,-23.02002468,-43.48157137
2017-12-28 14:30:00,UNIDADE MOVEL RECREIO,0.0,24.87,86.33,2.42,,0.05,,,30.64,,,-23.02002468,-43.48157137
2017-12-28 15:30:00,UNIDADE MOVEL RECREIO,0.0,24.93,85.78,2.75,,0.04,,,29.33,,,-23.02002468,-43.48157137
2017-12-28 16:30:00,UNIDADE MOVEL RECREIO,0.0,24.45,88.22,3.08,,0.06,,,28.4,,,-23.02002468,-43.48157137
2017-12-28 17:30:00,UNIDADE MOVEL RECREIO,0.0,24.13,89.65,2.61,,0.09,,,27.19,,,-23.02002468,-43.48157137
2017-12-28 18:30:00,UNIDADE MOVEL RECREIO,0.0,24.4,88.58,3.25,,0.11,,,26.66,,,-23.02002468,-43.48157137
2017-12-28 19:30:00,UNIDADE MOVEL RECREIO,0.0,24.5,89.15,3.38,,0.08,,,26.87,,,-23.02002468,-43.48157137
2017-12-28 20:30:00,UNIDADE MOVEL RECREIO,0.0,24.57,88.53,3.72,,0.1,,,26.02,,,-23.02002468,-43.48157137
2017-12-28 21:30:00,UNIDADE MOVEL RECREIO,0.0,24.63,88.67,3.92,,0.08,,,27.7,,,-23.02002468,-43.48157137
2017-12-28 22:30:00,UNIDADE MOVEL RECREIO,0.0,24.53,88.88,3.99,,0.12,,,25.5,,,-23.02002468,-43.48157137
2017-12-28 23:30:00,UNIDADE MOVEL RECREIO,0.0,24.37,89.58,3.01,,0.08,,,20.57,,,-23.02002468,-43.48157137
2017-12-29 00:30:00,UNIDADE MOVEL RECREIO,0.0,23.77,89.8,2.03,,0.1,,,7.13,,,-23.02002468,-43.48157137
2017-12-29 01:30:00,UNIDADE MOVEL RECREIO,0.0,23.47,90.7,2.0,,0.09,,,5.85,,,-23.02002468,-43.48157137
2017-12-29 02:30:00,UNIDADE MOVEL RECREIO,0.0,23.22,90.47,2.12,,0.08,,,6.28,,,-23.02002468,-43.48157137
2017-12-29 03:30:00,UNIDADE MOVEL RECREIO,0.0,23.17,90.37,2.25,,0.07,,,5.03,,,-23.02002468,-43.48157137
2017-12-29 04:30:00,UNIDADE MOVEL RECREIO,0.0,22.98,90.6,2.38,,0.09,,,3.45,,,-23.02002468,-43.48157137
2017-12-29 05:30:00,UNIDADE MOVEL RECREIO,0.0,23.1,90.65,2.73,,0.14,,,3.0,,,-23.02002468,-43.48157137
2017-12-29 06:30:00,UNIDADE MOVEL RECREIO,0.0,23.45,91.27,3.46,,0.24,,,2.54,,,-23.02002468,-43.48157137
2017-12-29 07:30:00,UNIDADE MOVEL RECREIO,0.0,24.58,87.7,3.35,,0.27,,,4.16,,,-23.02002468,-43.48157137
2017-12-29 08:30:00,UNIDADE MOVEL RECREIO,0.0,26.43,78.73,3.08,,0.17,,,11.47,,,-23.02002468,-43.48157137
2017-12-29 09:30:00,UNIDADE MOVEL RECREIO,0.0,25.72,79.87,2.77,,0.07,,,30.93,,,-23.02002468,-43.48157137
2017-12-29 10:30:00,UNIDADE MOVEL RECREIO,0.0,25.87,78.52,3.33,,0.06,,,38.08,,,-23.02002468,-43.48157137
2017-12-29 11:30:00,UNIDADE MOVEL RECREIO,0.0,26.15,77.73,3.44,,0.05,,,46.96,,,-23.02002468,-43.48157137
2017-12-29 12:30:00,UNIDADE MOVEL RECREIO,0.0,26.08,78.02,3.14,,0.05,,,53.29,,,-23.02002468,-43.48157137
2017-12-29 13:30:00,UNIDADE MOVEL RECREIO,0.0,26.0,79.28,2.49,,0.05,,,58.58,,,-23.02002468,-43.48157137
2017-12-29 14:30:00,UNIDADE MOVEL RECREIO,0.0,25.65,80.3,2.58,,0.04,,,50.48,,,-23.02002468,-43.48157137
2017-12-29 15:30:00,UNIDADE MOVEL RECREIO,0.0,25.37,82.12,2.4,,0.04,,,42.34,,,-23.02002468,-43.48157137
2017-12-29 16:30:00,UNIDADE MOVEL RECREIO,0.0,24.7,88.35,2.88,,0.05,,,41.66,,,-23.02002468,-43.48157137
2017-12-29 17:30:00,UNIDADE MOVEL RECREIO,0.0,24.17,92.6,3.2,,0.14,,,38.9,,,-23.02002468,-43.48157137
2017-12-29 18:30:00,UNIDADE MOVEL RECREIO,0.0,23.82,92.68,3.44,,0.17,,,31.39,,,-23.02002468,-43.48157137
2017-12-29 19:30:00,UNIDADE MOVEL RECREIO,0.0,23.83,92.53,4.03,,0.25,,,11.34,,,-23.02002468,-43.48157137
2017-12-29 20:30:00,UNIDADE MOVEL RECREIO,0.0,23.78,92.13,4.12,,0.22,,,11.93,,,-23.02002468,-43.48157137
2017-12-29 21:30:00,UNIDADE MOVEL RECREIO,0.0,23.48,92.55,4.38,,0.29,,,7.06,,,-23.02002468,-43.48157137
2017-12-29 22:30:00,UNIDADE MOVEL RECREIO,0.0,23.43,93.37,4.3,,0.32,,,4.03,,,-23.02002468,-43.48157137
2017-12-29 23:30:00,UNIDADE MOVEL RECREIO,0.0,23.8,89.43,3.495,,0.17,,,12.83,,,-23.02002468,-43.48157137
2017-12-30 00:30:00,UNIDADE MOVEL RECREIO,0.0,23.7,87.62,2.69,,0.29,,,11.22,,,-23.02002468,-43.48157137
2017-12-30 01:30:00,UNIDADE MOVEL RECREIO,0.0,23.95,86.62,2.67,,0.11,,,17.72,,,-23.02002468,-43.48157137
2017-12-30 02:30:00,UNIDADE MOVEL RECREIO,0.0,23.92,84.13,2.86,,0.12,,,18.17,,,-23.02002468,-43.48157137
2017-12-30 03:30:00,UNIDADE MOVEL RECREIO,0.0,23.75,86.28,3.47,,0.12,,,11.19,,,-23.02002468,-43.48157137
2017-12-30 04:30:00,UNIDADE MOVEL RECREIO,0.0,23.8,86.88,3.67,,0.13,,,8.93,,,-23.02002468,-43.48157137
2017-12-30 05:30:00,UNIDADE MOVEL RECREIO,0.0,24.57,81.47,3.54,,0.09,,,16.3,,,-23.02002468,-43.48157137
2017-12-30 06:30:00,UNIDADE MOVEL RECREIO,0.0,22.5,89.42,2.92,,0.06,,,39.32,,,-23.02002468,-43.48157137
2017-12-30 07:30:00,UNIDADE MOVEL RECREIO,0.0,22.95,83.52,2.55,,0.12,,,32.81,,,-23.02002468,-43.48157137
2017-12-30 08:30:00,UNIDADE MOVEL RECREIO,0.0,26.05,63.28,2.36,,0.1,,,41.1,,,-23.02002468,-43.48157137
2017-12-30 09:30:00,UNIDADE MOVEL RECREIO,0.0,27.35,57.58,2.09,,0.18,,,42.02,,,-23.02002468,-43.48157137
2017-12-30 10:30:00,UNIDADE MOVEL RECREIO,0.0,27.4,55.72,1.97,,0.15,,,50.52,,,-23.02002468,-43.48157137
2017-12-30 11:30:00,UNIDADE MOVEL RECREIO,0.0,27.97,57.08,1.94,,0.14,,,51.88,,,-23.02002468,-43.48157137
2017-12-30 12:30:00,UNIDADE MOVEL RECREIO,0.0,28.38,58.12,2.13,,0.17,,,44.67,,,-23.02002468,-43.48157137
2017-12-30 13:30:00,UNIDADE MOVEL RECREIO,0.0,28.62,55.62,2.27,,0.21,,,41.56,,,-23.02002468,-43.48157137
2017-12-30 14:30:00,UNIDADE MOVEL RECREIO,0.0,28.68,55.8,2.19,,0.14,,,47.0,,,-23.02002468,-43.48157137
2017-12-30 15:30:00,UNIDADE MOVEL RECREIO,0.0,28.32,57.42,2.27,,0.17,,,43.97,,,-23.02002468,-43.48157137
2017-12-30 16:30:00,UNIDADE MOVEL RECREIO,0.0,25.52,74.28,2.52,,0.21,,,39.32,,,-23.02002468,-43.48157137
2017-12-30 17:30:00,UNIDADE MOVEL RECREIO,0.0,25.4,78.15,2.76,,0.36,,,24.99,,,-23.02002468,-43.48157137
2017-12-30 18:30:00,UNIDADE MOVEL RECREIO,0.0,25.75,75.32,2.92,,0.48,,,13.17,,,-23.02002468,-43.48157137
2017-12-30 19:30:00,UNIDADE MOVEL RECREIO,0.0,26.7,62.83,2.96,,0.35,,,17.31,,,-23.02002468,-43.48157137
2017-12-30 20:30:00,UNIDADE MOVEL RECREIO,0.0,27.17,59.03,3.13,,0.32,,,23.0,,,-23.02002468,-43.48157137
2017-12-30 21:30:00,UNIDADE MOVEL RECREIO,0.0,28.43,52.58,3.3,,0.12,,,36.74,,,-23.02002468,-43.48157137
2017-12-30 22:30:00,UNIDADE MOVEL RECREIO,0.0,28.63,52.15,2.56,,0.06,,,44.84,,,-23.02002468,-43.48157137
2017-12-30 23:30:00,UNIDADE MOVEL RECREIO,0.0,28.42,53.93,2.15,,0.05,,,48.18,,,-23.02002468,-43.48157137
2017-12-31 00:30:00,UNIDADE MOVEL RECREIO,0.0,27.87,58.1,1.74,,0.06,,,47.16,,,-23.02002468,-43.48157137
2017-12-31 01:30:00,UNIDADE MOVEL RECREIO,0.0,27.9,57.0,1.64,,0.07,,,49.58,,,-23.02002468,-43.48157137
2017-12-31 02:30:00,UNIDADE MOVEL RECREIO,0.0,27.38,58.8,1.66,,0.05,,,51.98,,,-23.02002468,-43.48157137
2017-12-31 03:30:00,UNIDADE MOVEL RECREIO,0.0,27.3,58.53,1.57,,0.04,,,52.23,,,-23.02002468,-43.48157137
2017-12-31 04:30:00,UNIDADE MOVEL RECREIO,0.0,26.9,61.27,1.63,,0.04,,,50.85,,,-23.02002468,-43.48157137
2017-12-31 05:30:00,UNIDADE MOVEL RECREIO,0.0,25.35,70.07,1.59,,0.07,,,40.14,,,-23.02002468,-43.48157137
2017-12-31 06:30:00,UNIDADE MOVEL RECREIO,0.0,26.42,64.03,1.47,,0.06,,,39.07,,,-23.02002468,-43.48157137
2017-12-31 07:30:00,UNIDADE MOVEL RECREIO,0.0,26.53,62.58,1.34,,0.07,,,37.72,,,-23.02002468,-43.48157137
2017-12-31 08:30:00,UNIDADE MOVEL RECREIO,0.0,26.77,63.07,1.49,,0.12,,,30.5,,,-23.02002468,-43.48157137
2017-12-31 09:30:00,UNIDADE MOVEL RECREIO,0.0,28.23,55.02,1.35,,0.08,,,39.55,,,-23.02002468,-43.48157137
2017-12-31 10:30:00,UNIDADE MOVEL RECREIO,0.0,29.73,50.52,1.47,,0.1,,,41.59,,,-23.02002468,-43.48157137
2017-12-31 11:30:00,UNIDADE MOVEL RECREIO,0.0,29.92,51.95,1.6,,0.1,,,45.09,,,-23.02002468,-43.48157137
2017-12-31 12:30:00,UNIDADE MOVEL RECREIO,0.0,28.9,55.43,2.02,,0.14,,,41.89,,,-23.02002468,-43.48157137
2017-12-31 13:30:00,UNIDADE MOVEL RECREIO,0.0,29.53,52.55,2.11,,0.14,,,42.78,,,-23.02002468,-43.48157137
2017-12-31 14:30:00,UNIDADE MOVEL RECREIO,0.0,29.3,53.17,2.33,,0.17,,,47.39,,,-23.02002468,-43.48157137
2017-12-31 15:30:00,UNIDADE MOVEL RECREIO,0.0,30.12,51.58,2.48,,0.09,,,50.55,,,-23.02002468,-43.48157137
2017-12-31 16:30:00,UNIDADE MOVEL RECREIO,0.0,31.07,49.15,2.31,,0.06,,,52.53,,,-23.02002468,-43.48157137
2017-12-31 17:30:00,UNIDADE MOVEL RECREIO,0.0,28.62,57.58,3.07,,0.07,,,65.72,,,-23.02002468,-43.48157137
2017-12-31 18:30:00,UNIDADE MOVEL RECREIO,0.0,27.15,62.95,3.32,,0.09,,,65.6,,,-23.02002468,-43.48157137
2017-12-31 19:30:00,UNIDADE MOVEL RECREIO,0.0,26.18,68.22,3.14,,0.22,,,37.79,,,-23.02002468,-43.48157137
2017-12-31 20:30:00,UNIDADE MOVEL RECREIO,0.0,25.45,73.98,3.52,,0.51,,,11.47,,,-23.02002468,-43.48157137
2017-12-31 21:30:00,UNIDADE MOVEL RECREIO,0.0,25.33,73.1,3.61,,0.66,,,8.44,,,-23.02002468,-43.48157137
2017-12-31 22:30:00,UNIDADE MOVEL RECREIO,0.0,24.95,76.07,3.65,,1.1,,,4.35,,,-23.02002468,-43.48157137
2017-12-31 23:30:00,UNIDADE MOVEL RECREIO,0.0,24.05,80.43,4.475,,0.81,,,4.81,,,-23.02002468,-43.48157137
2018-01-01 00:30:00,UNIDADE MOVEL RECREIO,0.0,23.83,80.83,5.3,,1.11,,,3.66,,,-23.02002468,-43.48157137
2018-01-01 01:30:00,UNIDADE MOVEL RECREIO,0.0,23.5,81.88,4.39,,0.83,,,3.24,,,-23.02002468,-43.48157137
2018-01-01 02:30:00,UNIDADE MOVEL RECREIO,0.0,23.27,82.53,3.75,,0.59,,,2.48,,,-23.02002468,-43.48157137
2018-01-01 03:30:00,UNIDADE MOVEL RECREIO,0.0,22.97,83.62,3.58,,0.77,,,2.34,,,-23.02002468,-43.48157137
2018-01-01 04:30:00,UNIDADE MOVEL RECREIO,0.0,22.95,82.7,3.33,,0.66,,,2.49,,,-23.02002468,-43.48157137
2018-01-01 05:30:00,UNIDADE MOVEL RECREIO,0.0,23.78,77.1,2.71,,0.15,,,9.08,,,-23.02002468,-43.48157137
2018-01-01 06:30:00,UNIDADE MOVEL RECREIO,0.0,25.13,71.3,2.67,,0.07,,,22.6,,,-23.02002468,-43.48157137
2018-01-01 07:30:00,UNIDADE MOVEL RECREIO,0.0,27.07,64.17,3.03,,0.07,,,32.37,,,-23.02002468,-43.48157137
2018-01-01 08:30:00,UNIDADE MOVEL RECREIO,0.0,28.85,60.02,2.88,,0.07,,,42.77,,,-23.02002468,-43.48157137
2018-01-01 09:30:00,UNIDADE MOVEL RECREIO,0.0,28.8,64.22,2.67,,0.06,,,56.44,,,-23.02002468,-43.48157137
2018-01-01 10:30:00,UNIDADE MOVEL RECREIO,0.0,28.38,67.63,3.17,,0.05,,,67.91,,,-23.02002468,-43.48157137
2018-01-01 11:30:00,UNIDADE MOVEL RECREIO,0.0,28.45,65.32,3.05,,0.04,,,79.64,,,-23.02002468,-43.48157137
2018-01-01 12:30:00,UNIDADE MOVEL RECREIO,0.0,29.7,60.25,3.31,,0.05,,,83.48,,,-23.02002468,-43.48157137
2018-01-01 13:30:00,UNIDADE MOVEL RECREIO,0.0,30.3,56.17,3.76,,0.05,,,77.85,,,-23.02002468,-43.48157137
2018-01-01 14:30:00,UNIDADE MOVEL RECREIO,0.0,29.68,60.92,4.33,,0.05,,,83.83,,,-23.02002468,-43.48157137
2018-01-01 15:30:00,UNIDADE MOVEL RECREIO,0.0,30.02,57.55,4.47,,0.04,,,81.94,,,-23.02002468,-43.48157137
2018-01-01 16:30:00,UNIDADE MOVEL RECREIO,0.0,29.32,55.37,5.25,,0.04,,,69.15,,,-23.02002468,-43.48157137
2018-01-01 17:30:00,UNIDADE MOVEL RECREIO,0.0,28.37,60.35,5.45,,0.04,,,74.11,,,-23.02002468,-43.48157137
2018-01-01 18:30:00,UNIDADE MOVEL RECREIO,0.0,27.43,64.77,5.59,,0.08,,,80.03,,,-23.02002468,-43.48157137
2018-01-01 19:30:00,UNIDADE MOVEL RECREIO,0.0,26.48,72.62,5.05,,0.07,,,87.86,,,-23.02002468,-43.48157137
2018-01-01 20:30:00,UNIDADE MOVEL RECREIO,0.0,26.05,77.62,4.65,,0.12,,,71.38,,,-23.02002468,-43.48157137
2018-01-01 21:30:00,UNIDADE MOVEL RECREIO,0.0,25.4,74.27,4.48,,0.19,,,28.89,,,-23.02002468,-43.48157137
2018-01-01 22:30:00,UNIDADE MOVEL RECREIO,0.0,24.9,76.02,4.26,,0.15,,,24.93,,,-23.02002468,-43.48157137
2018-01-01 23:30:00,UNIDADE MOVEL RECREIO,0.0,24.67,78.2,3.065,,0.12,,,20.08,,,-23.02002468,-43.48157137
2018-01-02 00:30:00,UNIDADE MOVEL RECREIO,0.0,24.17,78.08,1.87,,0.13,,,21.55,,,-23.02002468,-43.48157137
2018-01-02 01:30:00,UNIDADE MOVEL RECREIO,0.0,24.32,77.6,1.81,,0.14,,,15.8,,,-23.02002468,-43.48157137
2018-01-02 02:30:00,UNIDADE MOVEL RECREIO,0.0,24.02,78.17,1.89,,0.13,,,18.63,,,-23.02002468,-43.48157137
2018-01-02 03:30:00,UNIDADE MOVEL RECREIO,0.0,24.5,76.58,2.92,,0.14,,,20.65,,,-23.02002468,-43.48157137
2018-01-02 04:30:00,UNIDADE MOVEL RECREIO,0.0,24.08,77.93,3.17,,0.18,,,8.65,,,-23.02002468,-43.48157137
2018-01-02 05:30:00,UNIDADE MOVEL RECREIO,0.0,23.8,79.42,3.22,,0.31,,,4.21,,,-23.02002468,-43.48157137
2018-01-02 06:30:00,UNIDADE MOVEL RECREIO,0.0,24.75,76.35,2.7,,0.31,,,8.99,,,-23.02002468,-43.48157137
2018-01-02 07:30:00,UNIDADE MOVEL RECREIO,0.0,27.43,65.58,2.51,,0.16,,,23.54,,,-23.02002468,-43.48157137
2018-01-02 08:30:00,UNIDADE MOVEL RECREIO,0.0,29.58,58.0,0.62,,0.17,,,37.33,,,-23.02002468,-43.48157137
2018-01-02 09:30:00,UNIDADE MOVEL RECREIO,0.0,31.93,47.57,1.13,,0.19,,,40.77,,,-23.02002468,-43.48157137
2018-01-02 10:30:00,UNIDADE MOVEL RECREIO,0.0,32.75,46.28,1.37,,0.16,,,47.36,,,-23.02002468,-43.48157137
2018-01-02 11:30:00,UNIDADE MOVEL RECREIO,0.0,33.8,44.98,2.21,,0.16,,,55.57,,,-23.02002468,-43.48157137
2018-01-02 12:30:00,UNIDADE MOVEL RECREIO,0.0,30.22,61.73,4.16,,0.15,,,113.97,,,-23.02002468,-43.48157137
2018-01-02 13:30:00,UNIDADE MOVEL RECREIO,0.0,29.6,63.6,2.9,,0.13,,,79.33,,,-23.02002468,-43.48157137
2018-01-02 14:30:00,UNIDADE MOVEL RECREIO,0.0,30.32,60.13,2.9,,0.12,,,81.33,,,-23.02002468,-43.48157137
2018-01-02 15:30:00,UNIDADE MOVEL RECREIO,0.0,29.03,64.37,2.99,,0.11,,,83.47,,,-23.02002468,-43.48157137
2018-01-02 16:30:00,UNIDADE MOVEL RECREIO,0.0,29.42,63.13,3.07,,0.12,,,81.89,,,-23.02002468,-43.48157137
2018-01-02 17:30:00,UNIDADE MOVEL RECREIO,0.0,29.68,61.97,2.89,,0.14,,,86.96,,,-23.02002468,-43.48157137
2018-01-02 18:30:00,UNIDADE MOVEL RECREIO,0.0,30.02,59.25,2.92,,0.26,,,55.77,,,-23.02002468,-43.48157137
2018-01-02 19:30:00,UNIDADE MOVEL RECREIO,0.0,29.32,60.4,2.47,,0.34,,,20.39,,,-23.02002468,-43.48157137
2018-01-02 20:30:00,UNIDADE MOVEL RECREIO,0.0,29.0,64.08,2.06,,0.38,,,12.32,,,-23.02002468,-43.48157137
2018-01-02 21:30:00,UNIDADE MOVEL RECREIO,0.0,27.27,74.13,1.58,,0.21,,,28.65,,,-23.02002468,-43.48157137
2018-01-02 22:30:00,UNIDADE MOVEL RECREIO,0.0,27.73,68.95,1.49,,0.17,,,29.07,,,-23.02002468,-43.48157137
2018-01-02 23:30:00,UNIDADE MOVEL RECREIO,0.0,26.63,76.25,1.745,,0.16,,,34.54,,,-23.02002468,-43.48157137
2018-01-03 00:30:00,UNIDADE MOVEL RECREIO,0.0,26.37,78.35,2.0,,0.1,,,40.19,,,-23.02002468,-43.48157137
2018-01-03 01:30:00,UNIDADE MOVEL RECREIO,0.0,25.82,80.12,2.4,,0.14,,,26.06,,,-23.02002468,-43.48157137
2018-01-03 02:30:00,UNIDADE MOVEL RECREIO,0.0,25.22,82.33,1.75,,0.13,,,18.55,,,-23.02002468,-43.48157137
2018-01-03 03:30:00,UNIDADE MOVEL RECREIO,0.0,24.93,83.35,1.87,,0.12,,,18.29,,,-23.02002468,-43.48157137
2018-01-03 04:30:00,UNIDADE MOVEL RECREIO,0.0,25.85,75.85,1.76,,0.11,,,8.87,,,-23.02002468,-43.48157137
2018-01-03 05:30:00,UNIDADE MOVEL RECREIO,0.0,29.43,52.85,2.31,,0.19,,,13.77,,,-23.02002468,-43.48157137
2018-01-03 06:30:00,UNIDADE MOVEL RECREIO,0.0,29.7,52.23,1.79,,0.23,,,12.19,,,-23.02002468,-43.48157137
2018-01-03 07:30:00,UNIDADE MOVEL RECREIO,0.0,30.9,48.83,1.13,,0.18,,,15.12,,,-23.02002468,-43.48157137
2018-01-03 08:30:00,UNIDADE MOVEL RECREIO,0.0,32.12,46.02,1.13,,0.14,,,22.95,,,-23.02002468,-43.48157137
2018-01-03 09:30:00,UNIDADE MOVEL RECREIO,0.0,32.63,46.6,1.43,,0.08,,,34.59,,,-23.02002468,-43.48157137
2018-01-03 10:30:00,UNIDADE MOVEL RECREIO,0.0,30.47,56.78,2.35,,0.09,,,54.44,,,-23.02002468,-43.48157137
2018-01-03 11:30:00,UNIDADE MOVEL RECREIO,0.0,31.55,50.65,2.51,,0.06,,,69.01,,,-23.02002468,-43.48157137
2018-01-03 12:30:00,UNIDADE MOVEL RECREIO,0.0,31.4,52.38,2.72,,0.05,,,72.23,,,-23.02002468,-43.48157137
2018-01-03 13:30:00,UNIDADE MOVEL RECREIO,0.0,30.52,58.97,2.44,,0.05,,,75.1,,,-23.02002468,-43.48157137
2018-01-03 14:30:00,UNIDADE MOVEL RECREIO,0.0,27.92,69.42,2.4,,0.05,,,68.33,,,-23.02002468,-43.48157137
2018-01-03 15:30:00,UNIDADE MOVEL RECREIO,0.0,28.35,68.0,1.85,,0.04,,,63.11,,,-23.02002468,-43.48157137
2018-01-03 16:30:00,UNIDADE MOVEL RECREIO,0.0,27.95,68.07,1.98,,0.03,,,49.76,,,-23.02002468,-43.48157137
2018-01-03 17:30:00,UNIDADE MOVEL RECREIO,0.0,26.18,75.15,1.84,,0.04,,,41.51,,,-23.02002468,-43.48157137
2018-01-03 18:30:00,UNIDADE MOVEL RECREIO,0.0,24.58,86.53,1.26,,0.03,,,47.65,,,-23.02002468,-43.48157137
2018-01-03 19:30:00,UNIDADE MOVEL RECREIO,0.0,24.03,89.52,1.05,,0.03,,,43.62,,,-23.02002468,-43.48157137
2018-01-03 20:30:00,UNIDADE MOVEL RECREIO,0.0,23.38,90.98,0.77,,0.04,,,42.74,,,-23.02002468,-43.48157137
2018-01-03 21:30:00,UNIDADE MOVEL RECREIO,0.0,22.63,92.7,0.78,,0.03,,,35.98,,,-23.02002468,-43.48157137
2018-01-03 22:30:00,UNIDADE MOVEL RECREIO,0.0,22.62,93.73,0.58,,0.04,,,32.2,,,-23.02002468,-43.48157137
2018-01-03 23:30:00,UNIDADE MOVEL RECREIO,0.0,22.53,94.75,1.185,,0.04,,,29.95,,,-23.02002468,-43.48157137
2018-01-04 00:30:00,UNIDADE MOVEL RECREIO,0.0,22.37,95.52,1.79,,0.03,,,35.37,,,-23.02002468,-43.48157137
2018-01-04 01:30:00,UNIDADE MOVEL RECREIO,0.0,22.45,95.3,2.07,,0.04,,,34.3,,,-23.02002468,-43.48157137
2018-01-04 02:30:00,UNIDADE MOVEL RECREIO,0.0,22.42,95.2,1.98,,0.03,,,30.2,,,-23.02002468,-43.48157137
2018-01-04 03:30:00,UNIDADE MOVEL RECREIO,0.0,22.38,95.42,2.0,,0.03,,,31.05,,,-23.02002468,-43.48157137
2018-01-04 04:30:00,UNIDADE MOVEL RECREIO,0.0,22.48,95.48,1.82,,0.03,,,29.02,,,-23.02002468,-43.48157137
2018-01-04 05:30:00,UNIDADE MOVEL RECREIO,0.0,22.73,94.73,1.71,,0.03,,,31.64,,,-23.02002468,-43.48157137
2018-01-04 06:30:00,UNIDADE MOVEL RECREIO,0.0,23.6,89.98,1.63,,0.02,,,27.63,,,-23.02002468,-43.48157137
2018-01-04 07:30:00,UNIDADE MOVEL RECREIO,0.0,24.73,82.57,1.64,,0.02,,,26.85,,,-23.02002468,-43.48157137
2018-01-04 08:30:00,UNIDADE MOVEL RECREIO,0.0,25.38,77.75,1.36,,0.02,,,27.41,,,-23.02002468,-43.48157137
2018-01-04 09:30:00,UNIDADE MOVEL RECREIO,0.0,26.1,74.0,0.97,,0.02,,,32.49,,,-23.02002468,-43.48157137
2018-01-04 10:30:00,UNIDADE MOVEL RECREIO,0.0,27.45,69.3,1.19,,0.02,,,37.01,,,-23.02002468,-43.48157137
2018-01-04 11:30:00,UNIDADE MOVEL RECREIO,0.0,27.38,69.05,1.59,,0.03,,,35.82,,,-23.02002468,-43.48157137
2018-01-04 12:30:00,UNIDADE MOVEL RECREIO,0.0,26.9,70.08,1.88,,0.03,,,34.12,,,-23.02002468,-43.48157137
2018-01-04 13:30:00,UNIDADE MOVEL RECREIO,0.0,26.93,68.88,1.95,,0.02,,,34.77,,,-23.02002468,-43.48157137
2018-01-04 14:30:00,UNIDADE MOVEL RECREIO,0.0,26.65,69.88,1.93,,0.03,,,35.1,,,-23.02002468,-43.48157137
2018-01-04 15:30:00,UNIDADE MOVEL RECREIO,0.0,26.72,69.4,1.86,,0.03,,,35.63,,,-23.02002468,-43.48157137
2018-01-04 16:30:00,UNIDADE MOVEL RECREIO,0.0,26.4,69.75,1.8,,0.02,,,46.68,,,-23.02002468,-43.48157137
2018-01-04 17:30:00,UNIDADE MOVEL RECREIO,0.0,25.45,72.52,1.84,,0.04,,,50.75,,,-23.02002468,-43.48157137
2018-01-04 18:30:00,UNIDADE MOVEL RECREIO,0.0,24.72,74.22,1.7,,0.03,,,45.44,,,-23.02002468,-43.48157137
2018-01-04 19:30:00,UNIDADE MOVEL RECREIO,0.0,24.0,73.47,1.66,,0.03,,,42.43,,,-23.02002468,-43.48157137
2018-01-04 20:30:00,UNIDADE MOVEL RECREIO,0.0,23.68,70.73,1.4,,0.02,,,46.24,,,-23.02002468,-43.48157137
2018-01-04 21:30:00,UNIDADE MOVEL RECREIO,0.0,23.18,67.9,1.01,,0.01,,,47.95,,,-23.02002468,-43.48157137
2018-01-04 22:30:00,UNIDADE MOVEL RECREIO,0.0,22.13,71.78,0.37,,0.01,,,51.38,,,-23.02002468,-43.48157137
2018-01-04 23:30:00,UNIDADE MOVEL RECREIO,0.0,21.43,75.1,0.965,,0.0,,,52.22,,,-23.02002468,-43.48157137
2018-01-05 00:30:00,UNIDADE MOVEL RECREIO,0.0,21.13,78.67,1.56,,0.02,,,40.22,,,-23.02002468,-43.48157137
2018-01-05 01:30:00,UNIDADE MOVEL RECREIO,0.0,20.78,81.77,1.72,,0.02,,,34.44,,,-23.02002468,-43.48157137
2018-01-05 02:30:00,UNIDADE MOVEL RECREIO,0.0,21.03,81.37,2.24,,0.02,,,31.56,,,-23.02002468,-43.48157137
2018-01-05 03:30:00,UNIDADE MOVEL RECREIO,0.0,21.35,80.97,2.7,,0.04,,,21.98,,,-23.02002468,-43.48157137
2018-01-05 04:30:00,UNIDADE MOVEL RECREIO,0.0,21.33,81.8,2.8,,0.06,,,12.45,,,-23.02002468,-43.48157137
2018-01-05 05:30:00,UNIDADE MOVEL RECREIO,0.0,21.43,81.68,3.07,,0.11,,,6.12,,,-23.02002468,-43.48157137
2018-01-05 06:30:00,UNIDADE MOVEL RECREIO,0.0,21.67,82.12,3.39,,0.14,,,7.23,,,-23.02002468,-43.48157137
2018-01-05 07:30:00,UNIDADE MOVEL RECREIO,0.0,23.27,72.1,3.02,,0.07,,,15.06,,,-23.02002468,-43.48157137
2018-01-05 08:30:00,UNIDADE MOVEL RECREIO,0.0,24.05,68.77,2.67,,0.06,,,29.97,,,-23.02002468,-43.48157137
2018-01-05 09:30:00,UNIDADE MOVEL RECREIO,0.0,24.85,67.63,2.21,,0.08,,,32.1,,,-23.02002468,-43.48157137
2018-01-05 10:30:00,UNIDADE MOVEL RECREIO,0.0,26.3,62.98,2.77,,0.12,,,47.35,,,-23.02002468,-43.48157137
2018-01-05 11:30:00,UNIDADE MOVEL RECREIO,0.0,25.73,69.27,3.01,,0.12,,,42.45,,,-23.02002468,-43.48157137
2018-01-05 12:30:00,UNIDADE MOVEL RECREIO,0.0,25.9,70.63,2.82,,0.09,,,43.67,,,-23.02002468,-43.48157137
2018-01-05 13:30:00,UNIDADE MOVEL RECREIO,0.0,25.8,72.53,2.51,,0.09,,,62.13,,,-23.02002468,-43.48157137
2018-01-05 14:30:00,UNIDADE MOVEL RECREIO,0.0,26.35,70.48,2.62,,0.07,,,58.82,,,-23.02002468,-43.48157137
2018-01-05 15:30:00,UNIDADE MOVEL RECREIO,0.0,25.73,74.02,2.52,,0.05,,,47.71,,,-23.02002468,-43.48157137
2018-01-05 16:30:00,UNIDADE MOVEL RECREIO,0.0,24.83,79.03,2.23,,0.05,,,48.09,,,-23.02002468,-43.48157137
2018-01-05 17:30:00,UNIDADE MOVEL RECREIO,0.0,23.58,89.13,2.65,,0.06,,,43.29,,,-23.02002468,-43.48157137
2018-01-05 18:30:00,UNIDADE MOVEL RECREIO,0.0,23.37,92.63,2.7,,0.23,,,20.87,,,-23.02002468,-43.48157137
2018-01-05 19:30:00,UNIDADE MOVEL RECREIO,0.0,23.37,94.13,2.5,,0.23,,,16.13,,,-23.02002468,-43.48157137
2018-01-05 20:30:00,UNIDADE MOVEL RECREIO,0.0,23.38,95.0,2.07,,0.21,,,21.13,,,-23.02002468,-43.48157137
2018-01-05 21:30:00,UNIDADE MOVEL RECREIO,0.0,23.17,95.42,2.23,,0.24,,,12.95,,,-23.02002468,-43.48157137
2018-01-05 22:30:00,UNIDADE MOVEL RECREIO,0.0,23.3,95.57,2.39,,0.37,,,5.37,,,-23.02002468,-43.48157137
2018-01-05 23:30:00,UNIDADE MOVEL RECREIO,0.0,23.23,95.37,2.455,,0.24,,,11.82,,,-23.02002468,-43.48157137
2018-01-06 00:30:00,UNIDADE MOVEL RECREIO,0.0,23.28,94.97,2.52,,0.16,,,15.03,,,-23.02002468,-43.48157137
2018-01-06 01:30:00,UNIDADE MOVEL RECREIO,0.0,23.28,90.42,2.42,,0.1,,,19.58,,,-23.02002468,-43.48157137
2018-01-06 02:30:00,UNIDADE MOVEL RECREIO,0.0,25.77,65.13,1.94,,0.04,,,45.48,,,-23.02002468,-43.48157137
2018-01-06 03:30:00,UNIDADE MOVEL RECREIO,0.0,26.55,58.87,1.57,,0.04,,,47.81,,,-23.02002468,-43.48157137
2018-01-06 04:30:00,UNIDADE MOVEL RECREIO,0.0,26.38,58.8,1.05,,0.06,,,42.82,,,-23.02002468,-43.48157137
2018-01-06 05:30:00,UNIDADE MOVEL RECREIO,0.0,25.75,64.55,0.88,,0.06,,,30.55,,,-23.02002468,-43.48157137
2018-01-06 06:30:00,UNIDADE MOVEL RECREIO,0.0,25.5,68.17,1.33,,0.23,,,10.26,,,-23.02002468,-43.48157137
2018-01-06 07:30:00,UNIDADE MOVEL RECREIO,0.0,26.5,63.72,1.5,,0.24,,,14.29,,,-23.02002468,-43.48157137
2018-01-06 08:30:00,UNIDADE MOVEL RECREIO,0.0,28.7,52.7,0.99,,0.08,,,29.3,,,-23.02002468,-43.48157137
2018-01-06 09:30:00,UNIDADE MOVEL RECREIO,0.0,28.83,56.0,0.82,,0.07,,,39.58,,,-23.02002468,-43.48157137
2018-01-06 10:30:00,UNIDADE MOVEL RECREIO,0.0,29.7,51.95,1.62,,0.15,,,45.49,,,-23.02002468,-43.48157137
2018-01-06 11:30:00,UNIDADE MOVEL RECREIO,0.0,30.13,51.6,2.08,,0.17,,,50.83,,,-23.02002468,-43.48157137
2018-01-06 12:30:00,UNIDADE MOVEL RECREIO,0.0,30.68,50.53,1.89,,0.17,,,45.41,,,-23.02002468,-43.48157137
2018-01-06 13:30:00,UNIDADE MOVEL RECREIO,0.0,30.3,58.1,2.03,,0.09,,,54.83,,,-23.02002468,-43.48157137
2018-01-06 14:30:00,UNIDADE MOVEL RECREIO,0.0,28.73,68.2,2.19,,0.07,,,67.72,,,-23.02002468,-43.48157137
2018-01-06 15:30:00,UNIDADE MOVEL RECREIO,0.0,28.08,72.85,2.09,,0.09,,,69.67,,,-23.02002468,-43.48157137
2018-01-06 16:30:00,UNIDADE MOVEL RECREIO,0.0,27.38,75.53,2.24,,0.08,,,71.7,,,-23.02002468,-43.48157137
2018-01-06 17:30:00,UNIDADE MOVEL RECREIO,0.0,25.75,83.08,2.27,,0.07,,,76.02,,,-23.02002468,-43.48157137
2018-01-06 18:30:00,UNIDADE MOVEL RECREIO,0.0,25.22,85.23,2.06,,0.1,,,71.55,,,-23.02002468,-43.48157137
2018-01-06 19:30:00,UNIDADE MOVEL RECREIO,0.0,24.43,91.4,1.45,,0.12,,,75.55,,,-23.02002468,-43.48157137
2018-01-06 20:30:00,UNIDADE MOVEL RECREIO,0.0,24.4,92.62,0.87,,0.15,,,47.14,,,-23.02002468,-43.48157137
2018-01-06 21:30:00,UNIDADE MOVEL RECREIO,0.0,24.35,92.92,0.98,,0.3,,,21.72,,,-23.02002468,-43.48157137
2018-01-06 22:30:00,UNIDADE MOVEL RECREIO,0.0,23.88,92.73,0.79,,0.26,,,15.93,,,-23.02002468,-43.48157137
2018-01-06 23:30:00,UNIDADE MOVEL RECREIO,0.0,23.62,92.18,1.135,,0.28,,,14.83,,,-23.02002468,-43.48157137
2018-01-07 00:30:00,UNIDADE MOVEL RECREIO,0.0,23.53,90.53,1.48,,0.12,,,26.56,,,-23.02002468,-43.48157137
2018-01-07 01:30:00,UNIDADE MOVEL RECREIO,0.0,23.78,90.92,1.53,,0.15,,,29.75,,,-23.02002468,-43.48157137
2018-01-07 02:30:00,UNIDADE MOVEL RECREIO,0.0,23.47,92.33,1.33,,0.06,,,47.51,,,-23.02002468,-43.48157137
2018-01-07 03:30:00,UNIDADE MOVEL RECREIO,0.0,23.28,89.05,1.41,,0.03,,,53.63,,,-23.02002468,-43.48157137
2018-01-07 04:30:00,UNIDADE MOVEL RECREIO,0.0,22.35,90.17,1.5,,0.02,,,53.45,,,-23.02002468,-43.48157137
2018-01-07 05:30:00,UNIDADE MOVEL RECREIO,0.0,22.07,92.98,2.97,,0.02,,,46.85,,,-23.02002468,-43.48157137
2018-01-07 06:30:00,UNIDADE MOVEL RECREIO,0.0,22.25,93.32,3.16,,0.02,,,53.37,,,-23.02002468,-43.48157137
2018-01-07 07:30:00,UNIDADE MOVEL RECREIO,0.0,22.0,94.33,3.0,,0.03,,,41.85,,,-23.02002468,-43.48157137
2018-01-07 08:30:00,UNIDADE MOVEL RECREIO,0.0,22.0,95.5,2.75,,0.08,,,32.67,,,-23.02002468,-43.48157137
2018-01-07 09:30:00,UNIDADE MOVEL RECREIO,0.0,22.23,96.07,0.33,,0.11,,,33.6,,,-23.02002468,-43.48157137
2018-01-07 10:30:00,UNIDADE MOVEL RECREIO,0.0,22.78,96.1,0.74,,0.06,,,43.69,,,-23.02002468,-43.48157137
2018-01-07 11:30:00,UNIDADE MOVEL RECREIO,0.0,23.85,92.12,0.37,,0.04,,,54.05,,,-23.02002468,-43.48157137
2018-01-07 12:30:00,UNIDADE MOVEL RECREIO,0.0,25.48,81.37,1.04,,0.05,,,59.62,,,-23.02002468,-43.48157137
2018-01-07 13:30:00,UNIDADE MOVEL RECREIO,0.0,24.82,83.33,2.46,,0.05,,,58.76,,,-23.02002468,-43.48157137
2018-01-07 14:30:00,UNIDADE MOVEL RECREIO,0.0,25.0,82.4,2.76,,0.04,,,59.67,,,-23.02002468,-43.48157137
2018-01-07 15:30:00,UNIDADE MOVEL RECREIO,0.0,24.55,83.93,2.41,,0.04,,,61.64,,,-23.02002468,-43.48157137
2018-01-07 16:30:00,UNIDADE MOVEL RECREIO,0.0,23.87,87.33,1.18,,0.04,,,59.31,,,-23.02002468,-43.48157137
2018-01-07 17:30:00,UNIDADE MOVEL RECREIO,0.0,23.15,91.92,0.07,,0.04,,,56.28,,,-23.02002468,-43.48157137
2018-01-07 18:30:00,UNIDADE MOVEL RECREIO,0.0,22.7,93.07,0.31,,0.04,,,59.49,,,-23.02002468,-43.48157137
2018-01-07 19:30:00,UNIDADE MOVEL RECREIO,0.0,20.25,94.58,0.3,,0.04,,,57.87,,,-23.02002468,-43.48157137
2018-01-07 20:30:00,UNIDADE MOVEL RECREIO,0.0,20.45,95.03,0.82,,0.12,,,35.56,,,-23.02002468,-43.48157137
2018-01-07 21:30:00,UNIDADE MOVEL RECREIO,0.0,20.47,95.15,0.73,,0.12,,,32.56,,,-23.02002468,-43.48157137
2018-01-07 22:30:00,UNIDADE MOVEL RECREIO,0.0,20.52,95.28,0.81,,0.07,,,30.75,,,-23.02002468,-43.48157137
2018-01-07 23:30:00,UNIDADE MOVEL RECREIO,0.0,20.43,95.37,1.26,,0.06,,,37.86,,,-23.02002468,-43.48157137
2018-01-08 00:30:00,UNIDADE MOVEL RECREIO,0.0,20.28,95.05,1.71,,0.05,,,54.8,,,-23.02002468,-43.48157137
2018-01-08 01:30:00,UNIDADE MOVEL RECREIO,0.0,20.83,94.67,1.5,,0.05,,,51.25,,,-23.02002468,-43.48157137
2018-01-08 02:30:00,UNIDADE MOVEL RECREIO,0.0,21.3,94.5,2.02,,0.05,,,41.88,,,-23.02002468,-43.48157137
2018-01-08 03:30:00,UNIDADE MOVEL RECREIO,0.0,21.55,94.67,1.59,,0.06,,,40.6,,,-23.02002468,-43.48157137
2018-01-08 04:30:00,UNIDADE MOVEL RECREIO,0.0,21.55,95.52,1.69,,0.07,,,24.0,,,-23.02002468,-43.48157137
2018-01-08 05:30:00,UNIDADE MOVEL RECREIO,0.0,21.63,96.22,2.16,,0.1,,,17.33,,,-23.02002468,-43.48157137
2018-01-08 06:30:00,UNIDADE MOVEL RECREIO,0.0,21.3,96.42,1.9,,0.05,,,46.1,,,-23.02002468,-43.48157137
2018-01-08 07:30:00,UNIDADE MOVEL RECREIO,0.0,21.38,96.4,1.64,,0.1,,,25.62,,,-23.02002468,-43.48157137
2018-01-08 08:30:00,UNIDADE MOVEL RECREIO,0.0,21.83,96.3,1.82,,0.13,,,20.34,,,-23.02002468,-43.48157137
2018-01-08 09:30:00,UNIDADE MOVEL RECREIO,0.0,22.57,95.62,1.76,,0.07,,,39.22,,,-23.02002468,-43.48157137
2018-01-08 10:30:00,UNIDADE MOVEL RECREIO,0.0,24.25,86.77,0.83,,0.07,,,46.21,,,-23.02002468,-43.48157137
2018-01-08 11:30:00,UNIDADE MOVEL RECREIO,0.0,25.27,80.15,0.03,,0.06,,,57.09,,,-23.02002468,-43.48157137
2018-01-08 12:30:00,UNIDADE MOVEL RECREIO,0.0,25.17,78.83,1.42,,0.05,,,66.11,,,-23.02002468,-43.48157137
2018-01-08 13:30:00,UNIDADE MOVEL RECREIO,0.0,25.33,77.2,3.54,,0.04,,,63.02,,,-23.02002468,-43.48157137
2018-01-08 14:30:00,UNIDADE MOVEL RECREIO,0.0,25.1,79.38,4.28,,0.04,,,58.47,,,-23.02002468,-43.48157137
2018-01-08 15:30:00,UNIDADE MOVEL RECREIO,0.0,24.97,80.43,4.29,,0.03,,,55.22,,,-23.02002468,-43.48157137
2018-01-08 16:30:00,UNIDADE MOVEL RECREIO,0.0,24.92,79.4,4.58,,0.03,,,56.98,,,-23.02002468,-43.48157137
2018-01-08 17:30:00,UNIDADE MOVEL RECREIO,0.0,24.47,81.82,4.2,,0.04,,,51.42,,,-23.02002468,-43.48157137
2018-01-08 18:30:00,UNIDADE MOVEL RECREIO,0.0,24.15,84.53,1.94,,0.03,,,51.43,,,-23.02002468,-43.48157137
2018-01-08 19:30:00,UNIDADE MOVEL RECREIO,0.0,23.4,89.73,1.69,,0.03,,,50.67,,,-23.02002468,-43.48157137
2018-01-08 20:30:00,UNIDADE MOVEL RECREIO,0.0,23.02,93.13,0.67,,0.07,,,27.77,,,-23.02002468,-43.48157137
2018-01-08 21:30:00,UNIDADE MOVEL RECREIO,0.0,22.68,94.37,0.0,,0.07,,,24.55,,,-23.02002468,-43.48157137
2018-01-08 22:30:00,UNIDADE MOVEL RECREIO,0.0,22.47,94.8,0.2,,0.08,,,13.56,,,-23.02002468,-43.48157137
2018-01-08 23:30:00,UNIDADE MOVEL RECREIO,0.0,22.35,95.08,1.055,,0.06,,,15.61,,,-23.02002468,-43.48157137
2018-01-09 00:30:00,UNIDADE MOVEL RECREIO,0.0,22.27,95.27,1.91,,0.07,,,18.51,,,-23.02002468,-43.48157137
2018-01-09 01:30:00,UNIDADE MOVEL RECREIO,0.0,22.33,95.35,2.21,,0.05,,,17.5,,,-23.02002468,-43.48157137
2018-01-09 02:30:00,UNIDADE MOVEL RECREIO,0.0,22.28,95.42,4.54,,0.06,,,18.47,,,-23.02002468,-43.48157137
2018-01-09 03:30:00,UNIDADE MOVEL RECREIO,0.0,22.0,95.57,4.35,,0.05,,,11.92,,,-23.02002468,-43.48157137
2018-01-09 04:30:00,UNIDADE MOVEL RECREIO,0.0,21.82,95.77,4.28,,0.12,,,4.92,,,-23.02002468,-43.48157137
2018-01-09 05:30:00,UNIDADE MOVEL RECREIO,0.0,21.33,95.8,4.04,,0.15,,,2.85,,,-23.02002468,-43.48157137
2018-01-09 06:30:00,UNIDADE MOVEL RECREIO,0.0,21.75,95.75,4.83,,0.14,,,3.87,,,-23.02002468,-43.48157137
2018-01-09 07:30:00,UNIDADE MOVEL RECREIO,0.0,23.02,92.33,4.81,,0.14,,,11.09,,,-23.02002468,-43.48157137
2018-01-09 08:30:00,UNIDADE MOVEL RECREIO,0.0,25.62,75.92,0.9,,0.09,,,25.94,,,-23.02002468,-43.48157137
2018-01-09 09:30:00,UNIDADE MOVEL RECREIO,0.0,26.62,72.43,0.31,,0.1,,,36.27,,,-23.02002468,-43.48157137
2018-01-09 10:30:00,UNIDADE MOVEL RECREIO,0.0,27.27,68.68,2.75,,0.08,,,54.54,,,-23.02002468,-43.48157137
2018-01-09 11:30:00,UNIDADE MOVEL RECREIO,0.0,27.35,68.73,6.02,,0.08,,,71.45,,,-23.02002468,-43.48157137
2018-01-09 12:30:00,UNIDADE MOVEL RECREIO,0.0,27.35,70.45,6.95,,0.06,,,56.5,,,-23.02002468,-43.48157137
2018-01-09 13:30:00,UNIDADE MOVEL RECREIO,0.0,27.72,68.87,6.5,,0.06,,,48.62,,,-23.02002468,-43.48157137
2018-01-09 14:30:00,UNIDADE MOVEL RECREIO,0.0,27.83,73.23,5.96,,0.05,,,47.24,,,-23.02002468,-43.48157137
2018-01-09 15:30:00,UNIDADE MOVEL RECREIO,0.0,27.43,74.07,6.22,,0.04,,,47.48,,,-23.02002468,-43.48157137
2018-01-09 16:30:00,UNIDADE MOVEL RECREIO,0.0,26.47,76.88,5.7,,0.04,,,35.8,,,-23.02002468,-43.48157137
2018-01-09 17:30:00,UNIDADE MOVEL RECREIO,0.0,26.62,75.8,4.96,,0.04,,,38.55,,,-23.02002468,-43.48157137
2018-01-09 18:30:00,UNIDADE MOVEL RECREIO,0.0,25.8,78.87,4.18,,0.04,,,35.78,,,-23.02002468,-43.48157137
2018-01-09 19:30:00,UNIDADE MOVEL RECREIO,0.0,25.45,81.48,2.9,,0.04,,,32.57,,,-23.02002468,-43.48157137
2018-01-09 20:30:00,UNIDADE MOVEL RECREIO,0.0,25.3,83.0,2.17,,0.04,,,31.88,,,-23.02002468,-43.48157137
2018-01-09 21:30:00,UNIDADE MOVEL RECREIO,0.0,25.22,82.12,2.02,,0.05,,,24.72,,,-23.02002468,-43.48157137
2018-01-09 22:30:00,UNIDADE MOVEL RECREIO,0.0,24.63,84.13,2.36,,0.08,,,15.15,,,-23.02002468,-43.48157137
2018-01-09 23:30:00,UNIDADE MOVEL RECREIO,0.0,23.65,88.57,2.23,,0.15,,,4.0,,,-23.02002468,-43.48157137
2018-01-10 00:30:00,UNIDADE MOVEL RECREIO,0.0,24.18,87.38,2.1,,0.04,,,16.42,,,-23.02002468,-43.48157137
2018-01-10 01:30:00,UNIDADE MOVEL RECREIO,0.0,23.98,86.42,1.65,,0.08,,,13.49,,,-23.02002468,-43.48157137
2018-01-10 02:30:00,UNIDADE MOVEL RECREIO,0.0,23.65,88.03,2.5,,0.07,,,7.22,,,-23.02002468,-43.48157137
2018-01-10 03:30:00,UNIDADE MOVEL RECREIO,0.0,23.18,88.05,3.45,,0.06,,,6.81,,,-23.02002468,-43.48157137
2018-01-10 04:30:00,UNIDADE MOVEL RECREIO,0.0,23.32,83.45,3.37,,0.08,,,3.87,,,-23.02002468,-43.48157137
2018-01-10 05:30:00,UNIDADE MOVEL RECREIO,0.0,24.2,76.38,3.09,,0.09,,,6.69,,,-23.02002468,-43.48157137
2018-01-10 06:30:00,UNIDADE MOVEL RECREIO,0.0,24.52,76.33,2.69,,0.19,,,5.05,,,-23.02002468,-43.48157137
2018-01-10 07:30:00,UNIDADE MOVEL RECREIO,0.0,25.93,71.0,0.9,,0.12,,,10.63,,,-23.02002468,-43.48157137
2018-01-10 08:30:00,UNIDADE MOVEL RECREIO,0.0,27.55,65.27,0.14,,0.1,,,17.08,,,-23.02002468,-43.48157137
2018-01-10 09:30:00,UNIDADE MOVEL RECREIO,0.0,27.3,67.58,2.16,,0.05,,,20.84,,,-23.02002468,-43.48157137
2018-01-10 10:30:00,UNIDADE MOVEL RECREIO,0.0,27.6,69.15,3.24,,0.03,,,31.53,,,-23.02002468,-43.48157137
2018-01-10 11:30:00,UNIDADE MOVEL RECREIO,0.0,27.95,67.5,2.67,,0.04,,,38.77,,,-23.02002468,-43.48157137
2018-01-10 12:30:00,UNIDADE MOVEL RECREIO,0.0,28.27,68.6,2.95,,0.04,,,41.42,,,-23.02002468,-43.48157137
2018-01-10 13:30:00,UNIDADE MOVEL RECREIO,0.0,28.02,69.4,3.06,,0.04,,,40.12,,,-23.02002468,-43.48157137
2018-01-10 14:30:00,UNIDADE MOVEL RECREIO,0.0,28.35,66.53,3.29,,0.04,,,40.8,,,-23.02002468,-43.48157137
2018-01-10 15:30:00,UNIDADE MOVEL RECREIO,0.0,27.9,68.8,3.66,,0.04,,,42.01,,,-23.02002468,-43.48157137
2018-01-10 16:30:00,UNIDADE MOVEL RECREIO,0.0,27.38,70.4,3.81,,0.04,,,41.08,,,-23.02002468,-43.48157137
2018-01-10 17:30:00,UNIDADE MOVEL RECREIO,0.0,26.25,75.22,3.31,,0.06,,,40.78,,,-23.02002468,-43.48157137
2018-01-10 18:30:00,UNIDADE MOVEL RECREIO,0.0,25.37,78.33,1.72,,0.07,,,38.94,,,-23.02002468,-43.48157137
2018-01-10 19:30:00,UNIDADE MOVEL RECREIO,0.0,24.95,77.62,0.58,,0.06,,,35.69,,,-23.02002468,-43.48157137
2018-01-10 20:30:00,UNIDADE MOVEL RECREIO,0.0,24.72,76.97,0.25,,0.04,,,38.59,,,-23.02002468,-43.48157137
2018-01-10 21:30:00,UNIDADE MOVEL RECREIO,0.0,24.23,79.6,0.06,,0.04,,,41.09,,,-23.02002468,-43.48157137
2018-01-10 22:30:00,UNIDADE MOVEL RECREIO,0.0,24.07,77.62,0.0,,0.04,,,33.55,,,-23.02002468,-43.48157137
2018-01-10 23:30:00,UNIDADE MOVEL RECREIO,0.0,23.73,78.62,0.86,,0.03,,,30.89,,,-23.02002468,-43.48157137
2018-01-11 00:30:00,UNIDADE MOVEL RECREIO,0.0,23.65,78.82,1.72,,0.04,,,23.57,,,-23.02002468,-43.48157137
2018-01-11 01:30:00,UNIDADE MOVEL RECREIO,0.0,23.37,80.62,2.03,,0.03,,,18.03,,,-23.02002468,-43.48157137
2018-01-11 02:30:00,UNIDADE MOVEL RECREIO,0.0,23.25,81.45,1.81,,0.02,,,21.66,,,-23.02002468,-43.48157137
2018-01-11 03:30:00,UNIDADE MOVEL RECREIO,0.0,22.75,83.8,2.0,,0.02,,,21.05,,,-23.02002468,-43.48157137
2018-01-11 04:30:00,UNIDADE MOVEL RECREIO,0.0,22.65,84.83,2.06,,0.02,,,13.16,,,-23.02002468,-43.48157137
2018-01-11 05:30:00,UNIDADE MOVEL RECREIO,0.0,22.47,87.22,3.4,,0.08,,,3.29,,,-23.02002468,-43.48157137
2018-01-11 06:30:00,UNIDADE MOVEL RECREIO,0.0,23.13,85.0,2.82,,0.33,,,5.48,,,-23.02002468,-43.48157137
2018-01-11 07:30:00,UNIDADE MOVEL RECREIO,0.0,24.88,77.28,3.36,,0.27,,,9.81,,,-23.02002468,-43.48157137
2018-01-11 08:30:00,UNIDADE MOVEL RECREIO,0.0,24.98,76.02,2.6,,0.07,,,19.37,,,-23.02002468,-43.48157137
2018-01-11 09:30:00,UNIDADE MOVEL RECREIO,0.0,26.1,71.63,2.97,,0.11,,,23.15,,,-23.02002468,-43.48157137
2018-01-11 10:30:00,UNIDADE MOVEL RECREIO,0.0,26.28,69.13,4.54,,0.09,,,28.48,,,-23.02002468,-43.48157137
2018-01-11 11:30:00,UNIDADE MOVEL RECREIO,0.0,26.65,66.48,5.18,,0.03,,,36.91,,,-23.02002468,-43.48157137
2018-01-11 12:30:00,UNIDADE MOVEL RECREIO,0.0,27.62,61.82,5.47,,0.03,,,51.21,,,-23.02002468,-43.48157137
2018-01-11 13:30:00,UNIDADE MOVEL RECREIO,0.0,27.5,62.42,5.89,,0.03,,,53.02,,,-23.02002468,-43.48157137
2018-01-11 14:30:00,UNIDADE MOVEL RECREIO,0.0,27.67,64.17,6.09,,0.04,,,51.41,,,-23.02002468,-43.48157137
2018-01-11 15:30:00,UNIDADE MOVEL RECREIO,0.0,27.45,66.22,4.97,,0.06,,,40.34,,,-23.02002468,-43.48157137
2018-01-11 16:30:00,UNIDADE MOVEL RECREIO,0.0,26.32,69.58,4.5,,0.06,,,37.52,,,-23.02002468,-43.48157137
2018-01-11 17:30:00,UNIDADE MOVEL RECREIO,0.0,25.53,71.87,3.44,,0.03,,,36.02,,,-23.02002468,-43.48157137
2018-01-11 18:30:00,UNIDADE MOVEL RECREIO,0.0,24.48,75.3,3.84,,0.04,,,28.29,,,-23.02002468,-43.48157137
2018-01-11 19:30:00,UNIDADE MOVEL RECREIO,0.0,23.83,77.8,3.42,,0.03,,,24.07,,,-23.02002468,-43.48157137
2018-01-11 20:30:00,UNIDADE MOVEL RECREIO,0.0,23.33,80.1,2.56,,0.04,,,22.82,,,-23.02002468,-43.48157137
2018-01-11 21:30:00,UNIDADE MOVEL RECREIO,0.0,22.78,82.35,2.48,,0.04,,,19.28,,,-23.02002468,-43.48157137
2018-01-11 22:30:00,UNIDADE MOVEL RECREIO,0.0,22.53,82.12,2.2,,0.05,,,12.64,,,-23.02002468,-43.48157137
2018-01-11 23:30:00,UNIDADE MOVEL RECREIO,0.0,22.55,82.58,2.0100000000000002,,0.05,,,9.9,,,-23.02002468,-43.48157137
2018-01-12 00:30:00,UNIDADE MOVEL RECREIO,0.0,24.07,80.92,1.82,,0.08,,,18.5,,,-23.02002468,-43.48157137
2018-01-12 01:30:00,UNIDADE MOVEL RECREIO,0.0,23.35,81.73,2.19,,0.03,,,35.53,,,-23.02002468,-43.48157137
2018-01-12 02:30:00,UNIDADE MOVEL RECREIO,0.0,22.7,83.98,2.72,,0.04,,,57.81,,,-23.02002468,-43.48157137
2018-01-12 03:30:00,UNIDADE MOVEL RECREIO,0.0,22.08,87.63,2.77,,0.05,,,45.45,,,-23.02002468,-43.48157137
2018-01-12 04:30:00,UNIDADE MOVEL RECREIO,0.0,21.95,88.35,2.29,,0.07,,,26.71,,,-23.02002468,-43.48157137
2018-01-12 05:30:00,UNIDADE MOVEL RECREIO,0.0,21.83,89.52,2.12,,0.12,,,11.05,,,-23.02002468,-43.48157137
2018-01-12 06:30:00,UNIDADE MOVEL RECREIO,0.0,22.15,87.93,2.75,,0.21,,,6.42,,,-23.02002468,-43.48157137
2018-01-12 07:30:00,UNIDADE MOVEL RECREIO,0.0,23.18,84.88,2.03,,0.46,,,3.75,,,-23.02002468,-43.48157137
2018-01-12 08:30:00,UNIDADE MOVEL RECREIO,0.0,25.13,78.55,3.13,,0.24,,,9.11,,,-23.02002468,-43.48157137
2018-01-12 09:30:00,UNIDADE MOVEL RECREIO,0.0,27.07,69.12,3.36,,0.17,,,25.06,,,-23.02002468,-43.48157137
2018-01-12 10:30:00,UNIDADE MOVEL RECREIO,0.0,27.08,68.23,3.23,,0.14,,,35.57,,,-23.02002468,-43.48157137
2018-01-12 11:30:00,UNIDADE MOVEL RECREIO,0.0,27.4,68.52,3.21,,0.16,,,49.02,,,-23.02002468,-43.48157137
2018-01-12 12:30:00,UNIDADE MOVEL RECREIO,0.0,26.62,70.73,3.75,,0.14,,,44.2,,,-23.02002468,-43.48157137
2018-01-12 13:30:00,UNIDADE MOVEL RECREIO,0.0,26.57,68.93,3.35,,0.07,,,47.34,,,-23.02002468,-43.48157137
2018-01-12 14:30:00,UNIDADE MOVEL RECREIO,0.0,25.6,72.95,2.73,,0.08,,,47.31,,,-23.02002468,-43.48157137
2018-01-12 15:30:00,UNIDADE MOVEL RECREIO,0.0,26.28,72.23,2.74,,0.08,,,53.73,,,-23.02002468,-43.48157137
2018-01-12 16:30:00,UNIDADE MOVEL RECREIO,0.0,26.42,71.53,2.72,,0.12,,,56.7,,,-23.02002468,-43.48157137
2018-01-12 17:30:00,UNIDADE MOVEL RECREIO,0.0,27.18,68.67,3.65,,0.18,,,54.22,,,-23.02002468,-43.48157137
2018-01-12 18:30:00,UNIDADE MOVEL RECREIO,0.0,24.92,77.92,2.89,,0.11,,,47.36,,,-23.02002468,-43.48157137
2018-01-12 19:30:00,UNIDADE MOVEL RECREIO,0.0,23.85,83.0,3.45,,0.16,,,37.55,,,-23.02002468,-43.48157137
2018-01-12 20:30:00,UNIDADE MOVEL RECREIO,0.0,24.87,79.75,3.6,,0.4,,,9.16,,,-23.02002468,-43.48157137
2018-01-12 21:30:00,UNIDADE MOVEL RECREIO,0.0,24.95,79.97,3.04,,0.54,,,4.78,,,-23.02002468,-43.48157137
2018-01-12 22:30:00,UNIDADE MOVEL RECREIO,0.0,24.52,79.65,3.37,,0.42,,,12.28,,,-23.02002468,-43.48157137
2018-01-12 23:30:00,UNIDADE MOVEL RECREIO,0.0,24.23,78.25,2.9699999999999998,,0.3,,,16.35,,,-23.02002468,-43.48157137
2018-01-13 00:30:00,UNIDADE MOVEL RECREIO,0.0,24.22,75.95,2.57,,0.16,,,22.33,,,-23.02002468,-43.48157137
2018-01-13 01:30:00,UNIDADE MOVEL RECREIO,0.0,25.58,66.42,3.12,,0.07,,,35.74,,,-23.02002468,-43.48157137
2018-01-13 02:30:00,UNIDADE MOVEL RECREIO,0.0,26.23,62.22,2.83,,0.06,,,38.98,,,-23.02002468,-43.48157137
2018-01-13 03:30:00,UNIDADE MOVEL RECREIO,0.0,25.93,63.13,2.27,,0.05,,,37.37,,,-23.02002468,-43.48157137
2018-01-13 04:30:00,UNIDADE MOVEL RECREIO,0.0,25.25,67.23,1.95,,0.06,,,26.54,,,-23.02002468,-43.48157137
2018-01-13 05:30:00,UNIDADE MOVEL RECREIO,0.0,24.83,69.97,1.87,,0.06,,,22.82,,,-23.02002468,-43.48157137
2018-01-13 06:30:00,UNIDADE MOVEL RECREIO,0.0,24.4,72.4,2.22,,0.12,,,19.11,,,-23.02002468,-43.48157137
2018-01-13 07:30:00,UNIDADE MOVEL RECREIO,0.0,25.15,71.98,2.28,,0.14,,,16.81,,,-23.02002468,-43.48157137
2018-01-13 08:30:00,UNIDADE MOVEL RECREIO,0.0,27.15,66.58,2.38,,0.17,,,21.39,,,-23.02002468,-43.48157137
2018-01-13 09:30:00,UNIDADE MOVEL RECREIO,0.0,27.5,64.52,2.49,,0.13,,,23.03,,,-23.02002468,-43.48157137
2018-01-13 10:30:00,UNIDADE MOVEL RECREIO,0.0,28.72,58.3,2.62,,0.11,,,28.99,,,-23.02002468,-43.48157137
2018-01-13 11:30:00,UNIDADE MOVEL RECREIO,0.0,28.92,59.63,2.96,,0.21,,,35.91,,,-23.02002468,-43.48157137
2018-01-13 12:30:00,UNIDADE MOVEL RECREIO,0.0,29.33,58.65,3.02,,0.14,,,51.61,,,-23.02002468,-43.48157137
2018-01-13 13:30:00,UNIDADE MOVEL RECREIO,0.0,26.52,68.73,3.42,,0.16,,,61.13,,,-23.02002468,-43.48157137
2018-01-13 14:30:00,UNIDADE MOVEL RECREIO,0.0,26.63,68.12,4.15,,0.1,,,81.81,,,-23.02002468,-43.48157137
2018-01-13 15:30:00,UNIDADE MOVEL RECREIO,0.0,27.63,60.97,7.54,,0.1,,,105.34,,,-23.02002468,-43.48157137
2018-01-13 16:30:00,UNIDADE MOVEL RECREIO,0.0,26.28,63.77,6.21,,0.09,,,110.04,,,-23.02002468,-43.48157137
2018-01-13 17:30:00,UNIDADE MOVEL RECREIO,0.0,25.37,66.92,5.98,,0.1,,,105.36,,,-23.02002468,-43.48157137
2018-01-13 18:30:00,UNIDADE MOVEL RECREIO,0.0,25.67,67.62,6.39,,0.28,,,63.6,,,-23.02002468,-43.48157137
2018-01-13 19:30:00,UNIDADE MOVEL RECREIO,0.0,24.32,77.63,5.51,,0.27,,,43.57,,,-23.02002468,-43.48157137
2018-01-13 20:30:00,UNIDADE MOVEL RECREIO,0.0,22.85,88.22,3.33,,0.28,,,21.59,,,-23.02002468,-43.48157137
2018-01-13 21:30:00,UNIDADE MOVEL RECREIO,0.0,22.53,88.72,2.33,,0.21,,,17.64,,,-23.02002468,-43.48157137
2018-01-13 22:30:00,UNIDADE MOVEL RECREIO,0.0,22.6,88.68,2.17,,0.23,,,12.62,,,-23.02002468,-43.48157137
2018-01-13 23:30:00,UNIDADE MOVEL RECREIO,0.0,22.67,88.9,2.4,,0.27,,,8.72,,,-23.02002468,-43.48157137
2018-01-14 00:30:00,UNIDADE MOVEL RECREIO,0.0,22.82,85.63,2.63,,0.14,,,26.0,,,-23.02002468,-43.48157137
2018-01-14 01:30:00,UNIDADE MOVEL RECREIO,0.0,22.28,87.8,3.25,,0.14,,,20.58,,,-23.02002468,-43.48157137
2018-01-14 02:30:00,UNIDADE MOVEL RECREIO,0.0,22.27,87.5,3.6,,0.13,,,16.75,,,-23.02002468,-43.48157137
2018-01-14 03:30:00,UNIDADE MOVEL RECREIO,0.0,21.95,88.25,4.05,,0.09,,,12.96,,,-23.02002468,-43.48157137
2018-01-14 04:30:00,UNIDADE MOVEL RECREIO,0.0,21.68,87.35,3.67,,0.09,,,10.72,,,-23.02002468,-43.48157137
2018-01-14 05:30:00,UNIDADE MOVEL RECREIO,0.0,22.02,84.78,4.08,,0.1,,,8.66,,,-23.02002468,-43.48157137
2018-01-14 06:30:00,UNIDADE MOVEL RECREIO,0.0,22.78,83.0,5.99,,0.13,,,8.73,,,-23.02002468,-43.48157137
2018-01-14 07:30:00,UNIDADE MOVEL RECREIO,0.0,25.98,69.58,3.75,,0.08,,,19.81,,,-23.02002468,-43.48157137
2018-01-14 08:30:00,UNIDADE MOVEL RECREIO,0.0,27.6,64.28,2.61,,0.09,,,22.06,,,-23.02002468,-43.48157137
2018-01-14 09:30:00,UNIDADE MOVEL RECREIO,0.0,30.07,47.4,2.71,,0.03,,,31.49,,,-23.02002468,-43.48157137
2018-01-14 10:30:00,UNIDADE MOVEL RECREIO,0.0,29.32,53.95,2.47,,0.05,,,36.63,,,-23.02002468,-43.48157137
2018-01-14 11:30:00,UNIDADE MOVEL RECREIO,0.0,29.12,59.42,2.77,,0.11,,,43.78,,,-23.02002468,-43.48157137
2018-01-14 12:30:00,UNIDADE MOVEL RECREIO,0.0,32.27,41.62,3.16,,0.09,,,45.38,,,-23.02002468,-43.48157137
2018-01-14 13:30:00,UNIDADE MOVEL RECREIO,0.0,31.42,45.75,3.44,,0.06,,,65.89,,,-23.02002468,-43.48157137
2018-01-14 14:30:00,UNIDADE MOVEL RECREIO,0.0,29.13,63.78,4.56,,0.05,,,103.93,,,-23.02002468,-43.48157137
2018-01-14 15:30:00,UNIDADE MOVEL RECREIO,0.0,28.57,65.4,6.7,,0.04,,,103.08,,,-23.02002468,-43.48157137
2018-01-14 16:30:00,UNIDADE MOVEL RECREIO,0.0,27.18,71.7,6.83,,0.03,,,81.9,,,-23.02002468,-43.48157137
2018-01-14 17:30:00,UNIDADE MOVEL RECREIO,0.0,26.88,71.43,4.93,,0.04,,,70.05,,,-23.02002468,-43.48157137
2018-01-14 18:30:00,UNIDADE MOVEL RECREIO,0.0,27.62,66.43,4.13,,0.12,,,48.05,,,-23.02002468,-43.48157137
2018-01-14 19:30:00,UNIDADE MOVEL RECREIO,0.0,28.53,48.58,4.1,,0.06,,,37.86,,,-23.02002468,-43.48157137
2018-01-14 20:30:00,UNIDADE MOVEL RECREIO,0.0,27.83,50.13,3.37,,0.03,,,38.75,,,-23.02002468,-43.48157137
2018-01-14 21:30:00,UNIDADE MOVEL RECREIO,0.0,27.88,49.97,3.07,,0.02,,,44.65,,,-23.02002468,-43.48157137
2018-01-14 22:30:00,UNIDADE MOVEL RECREIO,0.0,26.82,54.88,4.21,,0.01,,,42.12,,,-23.02002468,-43.48157137
2018-01-14 23:30:00,UNIDADE MOVEL RECREIO,0.0,26.72,55.33,3.545,,0.01,,,41.28,,,-23.02002468,-43.48157137
2018-01-15 00:30:00,UNIDADE MOVEL RECREIO,0.0,26.48,57.45,2.88,,0.08,,,34.79,,,-23.02002468,-43.48157137
2018-01-15 01:30:00,UNIDADE MOVEL RECREIO,0.0,25.98,58.55,2.89,,0.05,,,38.13,,,-23.02002468,-43.48157137
2018-01-15 02:30:00,UNIDADE MOVEL RECREIO,0.0,25.85,58.25,1.48,,0.06,,,37.71,,,-23.02002468,-43.48157137
2018-01-15 03:30:00,UNIDADE MOVEL RECREIO,0.0,25.45,62.07,1.83,,0.07,,,32.52,,,-23.02002468,-43.48157137
2018-01-15 04:30:00,UNIDADE MOVEL RECREIO,0.0,26.37,56.25,1.21,,0.09,,,23.2,,,-23.02002468,-43.48157137
2018-01-15 05:30:00,UNIDADE MOVEL RECREIO,0.0,26.2,57.6,2.52,,0.14,,,10.16,,,-23.02002468,-43.48157137
2018-01-15 06:30:00,UNIDADE MOVEL RECREIO,0.0,26.13,60.88,3.2,,0.31,,,7.16,,,-23.02002468,-43.48157137
2018-01-15 07:30:00,UNIDADE MOVEL RECREIO,0.0,30.12,41.67,2.88,,0.16,,,26.9,,,-23.02002468,-43.48157137
2018-01-15 08:30:00,UNIDADE MOVEL RECREIO,0.0,31.48,39.95,1.12,,0.14,,,32.8,,,-23.02002468,-43.48157137
2018-01-15 09:30:00,UNIDADE MOVEL RECREIO,0.0,32.45,37.97,2.61,,0.07,,,47.49,,,-23.02002468,-43.48157137
2018-01-15 10:30:00,UNIDADE MOVEL RECREIO,0.0,32.92,38.27,4.52,,0.05500000000000001,,,47.05,,,-23.02002468,-43.48157137
2018-01-15 11:30:00,UNIDADE MOVEL RECREIO,0.0,34.05,38.92,7.6466666666666665,,0.04000000000000001,,,,,,-23.02002468,-43.48157137
2018-01-15 12:30:00,UNIDADE MOVEL RECREIO,0.0,35.28,37.38,10.773333333333333,,0.02500000000000001,,,,,,-23.02002468,-43.48157137
2018-01-15 13:30:00,UNIDADE MOVEL RECREIO,0.0,34.33,39.7,13.9,,0.01,,,,,,-23.02002468,-43.48157137
2018-01-15 14:30:00,UNIDADE MOVEL RECREIO,0.0,31.82,50.18,10.55,,0.12,,,,,,-23.02002468,-43.48157137
2018-01-15 15:30:00,UNIDADE MOVEL RECREIO,0.0,29.57,58.47,6.85,,0.13,,,,,,-23.02002468,-43.48157137
2018-01-15 16:30:00,UNIDADE MOVEL RECREIO,0.0,28.0,64.63,8.32,,0.16,,,,,,-23.02002468,-43.48157137
2018-01-15 17:30:00,UNIDADE MOVEL RECREIO,0.0,27.37,69.85,6.01,,0.18,,,,,,-23.02002468,-43.48157137
2018-01-15 18:30:00,UNIDADE MOVEL RECREIO,0.0,28.5,63.1,4.84,,0.37,,,55.48,,,-23.02002468,-43.48157137
2018-01-15 19:30:00,UNIDADE MOVEL RECREIO,0.0,29.13,43.98,4.99,,0.18,,,48.89,,,-23.02002468,-43.48157137
2018-01-15 20:30:00,UNIDADE MOVEL RECREIO,0.0,27.85,50.45,6.09,,0.3,,,29.73,,,-23.02002468,-43.48157137
2018-01-15 21:30:00,UNIDADE MOVEL RECREIO,0.0,26.62,56.47,4.64,,0.41,,,18.68,,,-23.02002468,-43.48157137
2018-01-15 22:30:00,UNIDADE MOVEL RECREIO,0.0,27.63,50.47,3.58,,0.19,,,44.6,,,-23.02002468,-43.48157137
2018-01-15 23:30:00,UNIDADE MOVEL RECREIO,0.0,27.98,48.77,3.565,,0.19,,,50.57,,,-23.02002468,-43.48157137
2018-01-16 00:30:00,UNIDADE MOVEL RECREIO,0.0,26.72,55.13,3.55,,0.05,,,42.73,,,-23.02002468,-43.48157137
2018-01-16 01:30:00,UNIDADE MOVEL RECREIO,0.0,25.42,61.25,2.85,,0.07,,,33.45,,,-23.02002468,-43.48157137
2018-01-16 02:30:00,UNIDADE MOVEL RECREIO,0.0,24.78,65.38,2.79,,0.06,,,28.32,,,-23.02002468,-43.48157137
2018-01-16 03:30:00,UNIDADE MOVEL RECREIO,0.0,24.1,69.7,2.46,,0.08,,,18.47,,,-23.02002468,-43.48157137
2018-01-16 04:30:00,UNIDADE MOVEL RECREIO,0.0,24.15,69.63,2.58,,0.12,,,5.35,,,-23.02002468,-43.48157137
2018-01-16 05:30:00,UNIDADE MOVEL RECREIO,0.0,23.5,71.95,2.94,,0.22,,,4.15,,,-23.02002468,-43.48157137
2018-01-16 06:30:00,UNIDADE MOVEL RECREIO,0.0,24.58,67.43,2.93,,0.23,,,9.38,,,-23.02002468,-43.48157137
2018-01-16 07:30:00,UNIDADE MOVEL RECREIO,0.0,26.4,62.05,2.56,,0.1,,,30.38,,,-23.02002468,-43.48157137
2018-01-16 08:30:00,UNIDADE MOVEL RECREIO,0.0,27.92,58.17,2.86,,0.11,,,38.55,,,-23.02002468,-43.48157137
2018-01-16 09:30:00,UNIDADE MOVEL RECREIO,0.0,29.28,53.13,3.02,,0.09,,,59.8,,,-23.02002468,-43.48157137
2018-01-16 10:30:00,UNIDADE MOVEL RECREIO,0.0,30.07,51.23,7.15,,0.08499999999999999,,,75.21,,,-23.02002468,-43.48157137
2018-01-16 11:30:00,UNIDADE MOVEL RECREIO,0.0,29.8,50.63,18.1,,0.08,,,93.5,,,-23.02002468,-43.48157137
2018-01-16 12:30:00,UNIDADE MOVEL RECREIO,0.0,30.52,46.2,,,0.07500000000000001,,,101.67,,,-23.02002468,-43.48157137
2018-01-16 13:30:00,UNIDADE MOVEL RECREIO,0.0,30.38,47.28,,,0.07,,,103.37,,,-23.02002468,-43.48157137
2018-01-16 14:30:00,UNIDADE MOVEL RECREIO,0.0,30.12,47.72,,,0.07,,,98.64,,,-23.02002468,-43.48157137
2018-01-16 15:30:00,UNIDADE MOVEL RECREIO,0.0,30.13,47.15,,,0.09,,,96.62,,,-23.02002468,-43.48157137
2018-01-16 16:30:00,UNIDADE MOVEL RECREIO,0.0,29.78,47.92,,,0.09,,,95.86,,,-23.02002468,-43.48157137
2018-01-16 17:30:00,UNIDADE MOVEL RECREIO,0.0,29.63,48.95,,,0.1,,,89.31,,,-23.02002468,-43.48157137
2018-01-16 18:30:00,UNIDADE MOVEL RECREIO,0.0,28.33,54.33,3.43,,0.14,,,82.72,,23.0,-23.02002468,-43.48157137
2018-01-16 19:30:00,UNIDADE MOVEL RECREIO,0.0,27.98,56.93,2.55,,0.34,,,56.87,,7.0,-23.02002468,-43.48157137
2018-01-16 20:30:00,UNIDADE MOVEL RECREIO,0.0,27.72,58.88,0.68,,0.19,,,71.24,,5.0,-23.02002468,-43.48157137
2018-01-16 21:30:00,UNIDADE MOVEL RECREIO,0.0,26.53,65.02,0.0,,0.29,,,59.83,,5.0,-23.02002468,-43.48157137
2018-01-16 22:30:00,UNIDADE MOVEL RECREIO,0.0,25.17,70.85,0.0,,0.45,,,28.38,,6.0,-23.02002468,-43.48157137
2018-01-16 23:30:00,UNIDADE MOVEL RECREIO,0.0,24.57,73.67,1.93,,0.35,,,29.95,,6.0,-23.02002468,-43.48157137
2018-01-17 00:30:00,UNIDADE MOVEL RECREIO,0.0,24.38,72.92,3.86,,0.1,,,39.84,,11.0,-23.02002468,-43.48157137
2018-01-17 01:30:00,UNIDADE MOVEL RECREIO,0.0,24.27,74.1,4.53,,0.09,,,34.31,,7.0,-23.02002468,-43.48157137
2018-01-17 02:30:00,UNIDADE MOVEL RECREIO,0.0,23.77,76.12,4.3,,0.09,,,35.12,,10.0,-23.02002468,-43.48157137
2018-01-17 03:30:00,UNIDADE MOVEL RECREIO,0.0,23.58,76.57,4.23,,0.09,,,32.28,,12.0,-23.02002468,-43.48157137
2018-01-17 04:30:00,UNIDADE MOVEL RECREIO,0.0,23.28,78.52,4.16,,0.14,,,15.6,,8.0,-23.02002468,-43.48157137
2018-01-17 05:30:00,UNIDADE MOVEL RECREIO,0.0,23.25,78.5,4.52,,0.17,,,6.7,,9.0,-23.02002468,-43.48157137
2018-01-17 06:30:00,UNIDADE MOVEL RECREIO,0.0,23.73,77.05,4.52,,0.19,,,15.47,,7.0,-23.02002468,-43.48157137
2018-01-17 07:30:00,UNIDADE MOVEL RECREIO,0.0,26.08,68.27,4.53,,0.21,,,31.13,,16.0,-23.02002468,-43.48157137
2018-01-17 08:30:00,UNIDADE MOVEL RECREIO,0.0,27.1,69.77,4.88,,0.1,,,55.62,,13.0,-23.02002468,-43.48157137
2018-01-17 09:30:00,UNIDADE MOVEL RECREIO,0.0,28.22,65.24,5.82,,0.07,,,74.93,,7.0,-23.02002468,-43.48157137
2018-01-17 10:30:00,UNIDADE MOVEL RECREIO,0.0,29.65,57.75,7.38,,0.1,,,104.88,,10.0,-23.02002468,-43.48157137
2018-01-17 11:30:00,UNIDADE MOVEL RECREIO,0.0,29.25,61.72,8.17,,0.08,,,127.09,,7.0,-23.02002468,-43.48157137
2018-01-17 12:30:00,UNIDADE MOVEL RECREIO,0.0,29.73,60.73,7.36,,0.08,,,140.94,,18.0,-23.02002468,-43.48157137
2018-01-17 13:30:00,UNIDADE MOVEL RECREIO,0.0,29.5,61.58,7.17,,0.07,,,114.0,,9.0,-23.02002468,-43.48157137
2018-01-17 14:30:00,UNIDADE MOVEL RECREIO,0.0,29.4,61.67,6.94,,0.06,,,90.91,,7.0,-23.02002468,-43.48157137
2018-01-17 15:30:00,UNIDADE MOVEL RECREIO,0.0,29.35,61.37,7.2,,0.05,,,88.08,,5.0,-23.02002468,-43.48157137
2018-01-17 16:30:00,UNIDADE MOVEL RECREIO,0.0,28.6,67.65,7.86,,0.06,,,84.56,,13.0,-23.02002468,-43.48157137
2018-01-17 17:30:00,UNIDADE MOVEL RECREIO,0.0,27.65,69.35,8.31,,0.05,,,79.47,,12.0,-23.02002468,-43.48157137
2018-01-17 18:30:00,UNIDADE MOVEL RECREIO,0.0,27.25,67.58,7.67,,0.06,,,65.34,,10.0,-23.02002468,-43.48157137
2018-01-17 19:30:00,UNIDADE MOVEL RECREIO,0.0,26.2,72.8,6.76,,0.09,,,58.96,,8.0,-23.02002468,-43.48157137
2018-01-17 20:30:00,UNIDADE MOVEL RECREIO,0.0,25.7,73.88,6.17,,0.33,,,30.07,,5.0,-23.02002468,-43.48157137
2018-01-17 21:30:00,UNIDADE MOVEL RECREIO,0.0,25.38,70.9,6.41,,0.42,,,7.39,,22.0,-23.02002468,-43.48157137
2018-01-17 22:30:00,UNIDADE MOVEL RECREIO,0.0,25.23,73.5,6.73,,0.26,,,17.68,,14.0,-23.02002468,-43.48157137
2018-01-17 23:30:00,UNIDADE MOVEL RECREIO,0.0,24.58,74.05,4.6850000000000005,,0.36,,,10.86,,26.0,-23.02002468,-43.48157137
2018-01-18 00:30:00,UNIDADE MOVEL RECREIO,0.0,24.9,78.68,2.64,,0.12,,,27.66,,21.0,-23.02002468,-43.48157137
2018-01-18 01:30:00,UNIDADE MOVEL RECREIO,0.0,24.47,78.65,2.92,,0.16,,,22.02,,12.0,-23.02002468,-43.48157137
2018-01-18 02:30:00,UNIDADE MOVEL RECREIO,0.0,23.85,78.48,3.33,,0.17,,,15.51,,15.0,-23.02002468,-43.48157137
2018-01-18 03:30:00,UNIDADE MOVEL RECREIO,0.0,23.75,79.18,3.39,,0.12,,,12.65,,19.0,-23.02002468,-43.48157137
2018-01-18 04:30:00,UNIDADE MOVEL RECREIO,0.0,23.48,80.67,3.47,,0.17,,,6.22,,13.0,-23.02002468,-43.48157137
2018-01-18 05:30:00,UNIDADE MOVEL RECREIO,0.0,23.25,82.47,3.99,,0.3,,,4.72,,9.0,-23.02002468,-43.48157137
2018-01-18 06:30:00,UNIDADE MOVEL RECREIO,0.0,24.08,81.0,4.45,,0.38,,,8.27,,10.0,-23.02002468,-43.48157137
2018-01-18 07:30:00,UNIDADE MOVEL RECREIO,0.0,26.98,74.17,4.19,,0.3,,,13.67,,12.0,-23.02002468,-43.48157137
2018-01-18 08:30:00,UNIDADE MOVEL RECREIO,0.0,29.02,68.27,3.67,,0.16,,,31.71,,19.0,-23.02002468,-43.48157137
2018-01-18 09:30:00,UNIDADE MOVEL RECREIO,0.0,35.12,30.98,4.86,,0.1,,,50.22,,15.0,-23.02002468,-43.48157137
2018-01-18 10:30:00,UNIDADE MOVEL RECREIO,0.0,36.18,28.22,5.82,,0.08,,,59.84,,5.0,-23.02002468,-43.48157137
2018-01-18 11:30:00,UNIDADE MOVEL RECREIO,0.0,37.32,25.88,6.77,,0.07,,,57.75,,14.0,-23.02002468,-43.48157137
2018-01-18 12:30:00,UNIDADE MOVEL RECREIO,0.0,37.95,24.45,7.01,,0.04,,,65.73,,6.0,-23.02002468,-43.48157137
2018-01-18 13:30:00,UNIDADE MOVEL RECREIO,0.0,37.1,30.37,8.06,,0.03,,,82.03,,5.0,-23.02002468,-43.48157137
2018-01-18 14:30:00,UNIDADE MOVEL RECREIO,0.0,33.08,50.78,9.02,,0.03,,,111.83,,5.0,-23.02002468,-43.48157137
2018-01-18 15:30:00,UNIDADE MOVEL RECREIO,0.0,32.03,55.65,7.25,,0.03,,,100.27,,11.0,-23.02002468,-43.48157137
2018-01-18 16:30:00,UNIDADE MOVEL RECREIO,0.0,31.58,55.7,8.76,,0.04,,,107.91,,6.0,-23.02002468,-43.48157137
2018-01-18 17:30:00,UNIDADE MOVEL RECREIO,0.0,30.17,59.87,7.24,,0.04,,,104.33,,5.0,-23.02002468,-43.48157137
2018-01-18 18:30:00,UNIDADE MOVEL RECREIO,0.0,29.65,59.6,4.53,,0.06,,,91.08,,12.0,-23.02002468,-43.48157137
2018-01-18 19:30:00,UNIDADE MOVEL RECREIO,0.0,28.9,61.13,3.61,,0.2,,,59.56,,11.0,-23.02002468,-43.48157137
2018-01-18 20:30:00,UNIDADE MOVEL RECREIO,0.0,27.75,65.92,2.88,,0.37,,,36.43,,19.0,-23.02002468,-43.48157137
2018-01-18 21:30:00,UNIDADE MOVEL RECREIO,0.0,27.1,64.68,2.47,,0.39,,,31.09,,32.0,-23.02002468,-43.48157137
2018-01-18 22:30:00,UNIDADE MOVEL RECREIO,0.0,28.68,63.23,2.35,,0.16,,,59.75,,27.0,-23.02002468,-43.48157137
2018-01-18 23:30:00,UNIDADE MOVEL RECREIO,0.0,28.22,65.5,2.14,,0.08,,,72.04,,19.0,-23.02002468,-43.48157137
2018-01-19 00:30:00,UNIDADE MOVEL RECREIO,0.0,27.72,67.75,1.93,,0.06,,,76.71,,13.0,-23.02002468,-43.48157137
2018-01-19 01:30:00,UNIDADE MOVEL RECREIO,0.0,27.03,75.47,1.97,,0.09,,,94.52,,6.0,-23.02002468,-43.48157137
2018-01-19 02:30:00,UNIDADE MOVEL RECREIO,0.0,26.57,79.73,1.21,,0.08,,,98.97,,8.0,-23.02002468,-43.48157137
2018-01-19 03:30:00,UNIDADE MOVEL RECREIO,0.0,26.45,81.62,1.22,,0.09,,,87.25,,11.0,-23.02002468,-43.48157137
2018-01-19 04:30:00,UNIDADE MOVEL RECREIO,0.0,26.92,79.13,0.92,,0.09,,,76.55,,10.0,-23.02002468,-43.48157137
2018-01-19 05:30:00,UNIDADE MOVEL RECREIO,0.0,27.0,76.75,0.77,,0.11,,,78.12,,15.0,-23.02002468,-43.48157137
2018-01-19 06:30:00,UNIDADE MOVEL RECREIO,0.0,27.35,74.4,0.7,,0.2,,,65.0,,13.0,-23.02002468,-43.48157137
2018-01-19 07:30:00,UNIDADE MOVEL RECREIO,0.0,28.68,64.88,0.95,,0.17,,,67.06,,17.0,-23.02002468,-43.48157137
2018-01-19 08:30:00,UNIDADE MOVEL RECREIO,0.0,29.7,59.5,1.17,,0.09,,,78.11,,5.0,-23.02002468,-43.48157137
2018-01-19 09:30:00,UNIDADE MOVEL RECREIO,0.0,30.32,59.62,1.93,,0.08,,,87.88,,7.0,-23.02002468,-43.48157137
2018-01-19 10:30:00,UNIDADE MOVEL RECREIO,0.0,31.22,56.2,2.79,,0.06,,,98.88,,6.0,-23.02002468,-43.48157137
2018-01-19 11:30:00,UNIDADE MOVEL RECREIO,0.0,31.32,55.02,3.28,,0.05,,,99.41,,5.0,-23.02002468,-43.48157137
2018-01-19 12:30:00,UNIDADE MOVEL RECREIO,0.0,31.42,53.9,3.51,,0.05,,,103.95,,5.0,-23.02002468,-43.48157137
2018-01-19 13:30:00,UNIDADE MOVEL RECREIO,0.0,31.65,53.83,3.86,,0.05,,,99.57,,6.0,-23.02002468,-43.48157137
2018-01-19 14:30:00,UNIDADE MOVEL RECREIO,0.0,30.88,57.6,4.26,,0.04,,,97.31,,7.0,-23.02002468,-43.48157137
2018-01-19 15:30:00,UNIDADE MOVEL RECREIO,0.0,30.2,60.67,4.31,,0.06,,,90.96,,5.0,-23.02002468,-43.48157137
2018-01-19 16:30:00,UNIDADE MOVEL RECREIO,0.0,29.33,60.47,4.22,,0.04,,,97.69,,5.0,-23.02002468,-43.48157137
2018-01-19 17:30:00,UNIDADE MOVEL RECREIO,0.0,28.73,66.2,4.36,,0.05,,,89.0,,14.0,-23.02002468,-43.48157137
2018-01-19 18:30:00,UNIDADE MOVEL RECREIO,0.0,27.12,75.33,3.6,,0.06,,,82.83,,7.0,-23.02002468,-43.48157137
2018-01-19 19:30:00,UNIDADE MOVEL RECREIO,0.0,26.65,77.58,2.43,,0.07,,,78.26,,5.0,-23.02002468,-43.48157137
2018-01-19 20:30:00,UNIDADE MOVEL RECREIO,0.0,26.28,78.83,2.04,,0.08,,,77.32,,5.0,-23.02002468,-43.48157137
2018-01-19 21:30:00,UNIDADE MOVEL RECREIO,0.0,26.4,78.63,1.72,,0.23,,,55.15,,5.0,-23.02002468,-43.48157137
2018-01-19 22:30:00,UNIDADE MOVEL RECREIO,0.0,26.5,78.7,1.63,,0.16,,,46.96,,17.0,-23.02002468,-43.48157137
2018-01-19 23:30:00,UNIDADE MOVEL RECREIO,0.0,26.12,77.4,1.8599999999999999,,0.2,,,41.85,,8.0,-23.02002468,-43.48157137
2018-01-20 00:30:00,UNIDADE MOVEL RECREIO,0.0,25.63,76.97,2.09,,0.16,,,33.78,,7.0,-23.02002468,-43.48157137
2018-01-20 01:30:00,UNIDADE MOVEL RECREIO,0.0,25.22,82.97,2.11,,0.14,,,33.27,,5.0,-23.02002468,-43.48157137
2018-01-20 02:30:00,UNIDADE MOVEL RECREIO,0.0,25.02,83.58,1.74,,0.1,,,46.76,,10.0,-23.02002468,-43.48157137
2018-01-20 03:30:00,UNIDADE MOVEL RECREIO,0.0,24.63,82.8,1.74,,0.12,,,48.85,,10.0,-23.02002468,-43.48157137
2018-01-20 04:30:00,UNIDADE MOVEL RECREIO,0.0,24.53,82.08,1.46,,0.13,,,36.3,,8.0,-23.02002468,-43.48157137
2018-01-20 05:30:00,UNIDADE MOVEL RECREIO,0.0,24.53,81.77,1.45,,0.19,,,24.36,,8.0,-23.02002468,-43.48157137
2018-01-20 06:30:00,UNIDADE MOVEL RECREIO,0.0,24.95,79.42,1.58,,0.17,,,26.92,,5.0,-23.02002468,-43.48157137
2018-01-20 07:30:00,UNIDADE MOVEL RECREIO,0.0,26.8,72.77,1.51,,0.11,,,48.56,,5.0,-23.02002468,-43.48157137
2018-01-20 08:30:00,UNIDADE MOVEL RECREIO,0.0,28.28,69.53,1.73,,0.08,,,66.19,,5.0,-23.02002468,-43.48157137
2018-01-20 09:30:00,UNIDADE MOVEL RECREIO,0.0,28.35,71.17,2.77,,0.06,,,78.03,,8.0,-23.02002468,-43.48157137
2018-01-20 10:30:00,UNIDADE MOVEL RECREIO,0.0,29.37,67.63,3.17,,0.05,,,82.39,,10.0,-23.02002468,-43.48157137
2018-01-20 11:30:00,UNIDADE MOVEL RECREIO,0.0,29.37,67.12,3.38,,0.05,,,83.3,,8.0,-23.02002468,-43.48157137
2018-01-20 12:30:00,UNIDADE MOVEL RECREIO,0.0,29.13,67.82,3.68,,0.05,,,82.63,,5.0,-23.02002468,-43.48157137
2018-01-20 13:30:00,UNIDADE MOVEL RECREIO,0.0,29.25,65.67,3.94,,0.05,,,89.04,,5.0,-23.02002468,-43.48157137
2018-01-20 14:30:00,UNIDADE MOVEL RECREIO,0.0,29.13,65.58,4.47,,0.04,,,79.38,,6.0,-23.02002468,-43.48157137
2018-01-20 15:30:00,UNIDADE MOVEL RECREIO,0.0,28.63,69.6,4.62,,0.05,,,66.31,,5.0,-23.02002468,-43.48157137
2018-01-20 16:30:00,UNIDADE MOVEL RECREIO,0.0,27.53,73.83,4.12,,0.05,,,63.99,,5.0,-23.02002468,-43.48157137
2018-01-20 17:30:00,UNIDADE MOVEL RECREIO,0.0,26.93,75.53,3.01,,0.07,,,63.55,,6.0,-23.02002468,-43.48157137
2018-01-20 18:30:00,UNIDADE MOVEL RECREIO,19.0,23.8,87.4,2.64,,0.11,,,63.21,,7.0,-23.02002468,-43.48157137
2018-01-20 19:30:00,UNIDADE MOVEL RECREIO,1.0,22.27,93.95,1.97,,0.14,,,61.78,,9.0,-23.02002468,-43.48157137
2018-01-20 20:30:00,UNIDADE MOVEL RECREIO,0.0,22.63,93.35,1.78,,0.19,,,47.53,,9.0,-23.02002468,-43.48157137
2018-01-20 21:30:00,UNIDADE MOVEL RECREIO,0.0,22.83,92.62,1.64,,0.21,,,41.74,,6.0,-23.02002468,-43.48157137
2018-01-20 22:30:00,UNIDADE MOVEL RECREIO,0.0,23.0,92.02,1.35,,0.19,,,39.31,,11.0,-23.02002468,-43.48157137
2018-01-20 23:30:00,UNIDADE MOVEL RECREIO,0.0,23.38,91.77,1.145,,0.19,,,26.49,,8.0,-23.02002468,-43.48157137
2018-01-21 00:30:00,UNIDADE MOVEL RECREIO,0.0,23.6,91.35,0.94,,0.19,,,18.02,,7.0,-23.02002468,-43.48157137
2018-01-21 01:30:00,UNIDADE MOVEL RECREIO,0.0,23.7,90.78,0.73,,0.16,,,18.37,,8.0,-23.02002468,-43.48157137
2018-01-21 02:30:00,UNIDADE MOVEL RECREIO,0.0,23.7,90.43,0.88,,0.13,,,21.0,,9.0,-23.02002468,-43.48157137
2018-01-21 03:30:00,UNIDADE MOVEL RECREIO,0.0,23.88,90.0,0.84,,0.14,,,20.8,,12.0,-23.02002468,-43.48157137
2018-01-21 04:30:00,UNIDADE MOVEL RECREIO,0.0,23.77,90.25,0.77,,0.13,,,15.28,,10.0,-23.02002468,-43.48157137
2018-01-21 05:30:00,UNIDADE MOVEL RECREIO,0.0,23.9,89.37,0.69,,0.19,,,13.65,,10.0,-23.02002468,-43.48157137
2018-01-21 06:30:00,UNIDADE MOVEL RECREIO,0.0,23.92,89.62,0.7,,0.15,,,11.42,,14.0,-23.02002468,-43.48157137
2018-01-21 07:30:00,UNIDADE MOVEL RECREIO,0.0,24.45,87.73,0.6,,0.15,,,14.33,,7.0,-23.02002468,-43.48157137
2018-01-21 08:30:00,UNIDADE MOVEL RECREIO,0.0,26.12,79.63,0.61,,0.15,,,36.37,,5.0,-23.02002468,-43.48157137
2018-01-21 09:30:00,UNIDADE MOVEL RECREIO,0.0,27.45,76.08,0.71,,0.14,,,48.1,,12.0,-23.02002468,-43.48157137
2018-01-21 10:30:00,UNIDADE MOVEL RECREIO,0.0,28.17,73.38,1.23,,0.14,,,74.16,,17.0,-23.02002468,-43.48157137
2018-01-21 11:30:00,UNIDADE MOVEL RECREIO,0.0,28.42,73.77,1.77,,0.1,,,76.77,,18.0,-23.02002468,-43.48157137
2018-01-21 12:30:00,UNIDADE MOVEL RECREIO,0.0,28.18,72.42,2.33,,0.07,,,79.55,,7.0,-23.02002468,-43.48157137
2018-01-21 13:30:00,UNIDADE MOVEL RECREIO,0.0,28.12,69.42,2.82,,0.06,,,73.03,,9.0,-23.02002468,-43.48157137
2018-01-21 14:30:00,UNIDADE MOVEL RECREIO,0.0,28.58,68.55,3.12,,0.06,,,73.33,,5.0,-23.02002468,-43.48157137
2018-01-21 15:30:00,UNIDADE MOVEL RECREIO,0.0,28.5,66.77,3.66,,0.05,,,66.86,,5.0,-23.02002468,-43.48157137
2018-01-21 16:30:00,UNIDADE MOVEL RECREIO,0.0,27.5,71.3,3.59,,0.07,,,65.95,,5.0,-23.02002468,-43.48157137
2018-01-21 17:30:00,UNIDADE MOVEL RECREIO,0.0,26.33,77.42,2.36,,0.1,,,71.95,,5.0,-23.02002468,-43.48157137
2018-01-21 18:30:00,UNIDADE MOVEL RECREIO,0.0,25.62,80.78,1.53,,0.1,,,69.83,,6.0,-23.02002468,-43.48157137
2018-01-21 19:30:00,UNIDADE MOVEL RECREIO,0.0,25.52,80.98,1.22,,0.11,,,60.85,,15.0,-23.02002468,-43.48157137
2018-01-21 20:30:00,UNIDADE MOVEL RECREIO,0.0,25.65,80.12,1.19,,0.14,,,58.81,,5.0,-23.02002468,-43.48157137
2018-01-21 21:30:00,UNIDADE MOVEL RECREIO,0.0,25.62,80.6,1.18,,0.24,,,42.03,,5.0,-23.02002468,-43.48157137
2018-01-21 22:30:00,UNIDADE MOVEL RECREIO,0.0,25.4,83.72,0.87,,0.21,,,40.74,,12.0,-23.02002468,-43.48157137
2018-01-21 23:30:00,UNIDADE MOVEL RECREIO,0.0,25.0,85.17,0.9,,0.18,,,31.72,,7.0,-23.02002468,-43.48157137
2018-01-22 00:30:00,UNIDADE MOVEL RECREIO,0.0,25.5,81.32,0.93,,0.09,,,48.52,,15.0,-23.02002468,-43.48157137
2018-01-22 01:30:00,UNIDADE MOVEL RECREIO,0.0,25.55,80.77,1.15,,0.07,,,62.3,,13.0,-23.02002468,-43.48157137
2018-01-22 02:30:00,UNIDADE MOVEL RECREIO,0.0,25.45,81.73,0.94,,0.06,,,56.39,,8.0,-23.02002468,-43.48157137
2018-01-22 03:30:00,UNIDADE MOVEL RECREIO,0.0,24.85,83.53,0.9,,0.1,,,33.5,,11.0,-23.02002468,-43.48157137
2018-01-22 04:30:00,UNIDADE MOVEL RECREIO,0.0,24.57,84.25,1.06,,0.14,,,13.9,,13.0,-23.02002468,-43.48157137
2018-01-22 05:30:00,UNIDADE MOVEL RECREIO,0.0,24.1,86.67,1.19,,0.17,,,6.93,,13.0,-23.02002468,-43.48157137
2018-01-22 06:30:00,UNIDADE MOVEL RECREIO,0.0,24.88,84.03,1.43,,0.25,,,5.98,,12.0,-23.02002468,-43.48157137
2018-01-22 07:30:00,UNIDADE MOVEL RECREIO,0.0,26.32,78.37,1.21,,0.14,,,18.22,,20.0,-23.02002468,-43.48157137
2018-01-22 08:30:00,UNIDADE MOVEL RECREIO,0.0,28.43,70.48,1.5,,0.14,,,39.23,,16.0,-23.02002468,-43.48157137
2018-01-22 09:30:00,UNIDADE MOVEL RECREIO,0.0,28.7,71.85,2.91,,0.08,,,64.85,,13.0,-23.02002468,-43.48157137
2018-01-22 10:30:00,UNIDADE MOVEL RECREIO,0.0,28.82,72.13,2.98,,0.04,,,79.6,,12.0,-23.02002468,-43.48157137
2018-01-22 11:30:00,UNIDADE MOVEL RECREIO,0.0,29.12,70.72,2.96,,0.04,,,96.72,,18.0,-23.02002468,-43.48157137
2018-01-22 12:30:00,UNIDADE MOVEL RECREIO,0.0,29.12,71.13,3.29,,0.05,,,103.42,,15.0,-23.02002468,-43.48157137
2018-01-22 13:30:00,UNIDADE MOVEL RECREIO,0.0,28.93,72.15,3.61,,0.06,,,125.59,,18.0,-23.02002468,-43.48157137
2018-01-22 14:30:00,UNIDADE MOVEL RECREIO,0.0,28.85,71.92,3.55,,0.05,,,127.31,,19.0,-23.02002468,-43.48157137
2018-01-22 15:30:00,UNIDADE MOVEL RECREIO,0.0,28.42,74.8,3.25,,0.05,,,91.43,,17.0,-23.02002468,-43.48157137
2018-01-22 16:30:00,UNIDADE MOVEL RECREIO,0.0,29.18,66.25,3.15,,0.04,,,82.83,,8.0,-23.02002468,-43.48157137
2018-01-22 17:30:00,UNIDADE MOVEL RECREIO,0.0,28.68,64.55,3.18,,0.12,,,63.95,,8.0,-23.02002468,-43.48157137
2018-01-22 18:30:00,UNIDADE MOVEL RECREIO,10.0,23.95,82.12,3.26,,0.15,,,52.17,,9.0,-23.02002468,-43.48157137
2018-01-22 19:30:00,UNIDADE MOVEL RECREIO,0.0,23.03,86.73,2.22,,0.14,,,45.94,,13.0,-23.02002468,-43.48157137
2018-01-22 20:30:00,UNIDADE MOVEL RECREIO,0.0,25.02,73.5,1.82,,0.15,,,35.99,,8.0,-23.02002468,-43.48157137
2018-01-22 21:30:00,UNIDADE MOVEL RECREIO,0.0,26.28,63.23,1.52,,0.11,,,35.81,,5.0,-23.02002468,-43.48157137
2018-01-22 22:30:00,UNIDADE MOVEL RECREIO,0.0,26.83,59.57,1.26,,0.1,,,40.21,,7.0,-23.02002468,-43.48157137
2018-01-22 23:30:00,UNIDADE MOVEL RECREIO,0.0,26.32,63.33,1.31,,0.09,,,42.41,,5.0,-23.02002468,-43.48157137
2018-01-23 00:30:00,UNIDADE MOVEL RECREIO,0.0,25.77,64.27,1.36,,0.04,,,47.76,,5.0,-23.02002468,-43.48157137
2018-01-23 01:30:00,UNIDADE MOVEL RECREIO,0.0,24.47,75.1,1.47,,0.06,,,22.91,,5.0,-23.02002468,-43.48157137
2018-01-23 02:30:00,UNIDADE MOVEL RECREIO,0.0,24.35,73.13,1.4,,0.08,,,29.2,,5.0,-23.02002468,-43.48157137
2018-01-23 03:30:00,UNIDADE MOVEL RECREIO,0.0,23.23,80.33,1.34,,0.06,,,18.18,,5.0,-23.02002468,-43.48157137
2018-01-23 04:30:00,UNIDADE MOVEL RECREIO,0.0,23.72,75.67,1.49,,0.08,,,10.29,,5.0,-23.02002468,-43.48157137
2018-01-23 05:30:00,UNIDADE MOVEL RECREIO,0.0,24.88,68.02,1.81,,0.2,,,9.43,,8.0,-23.02002468,-43.48157137
2018-01-23 06:30:00,UNIDADE MOVEL RECREIO,0.0,25.5,72.0,2.32,,0.22,,,10.8,,16.0,-23.02002468,-43.48157137
2018-01-23 07:30:00,UNIDADE MOVEL RECREIO,0.0,27.03,73.75,1.9,,0.13,,,35.7,,8.0,-23.02002468,-43.48157137
2018-01-23 08:30:00,UNIDADE MOVEL RECREIO,0.0,28.07,67.13,1.65,,0.07,,,49.62,,6.0,-23.02002468,-43.48157137
2018-01-23 09:30:00,UNIDADE MOVEL RECREIO,0.0,30.17,59.5,1.97,,0.09,,,65.71,,5.0,-23.02002468,-43.48157137
2018-01-23 10:30:00,UNIDADE MOVEL RECREIO,0.0,31.75,55.22,2.88,,0.05,,,90.28,,5.0,-23.02002468,-43.48157137
2018-01-23 11:30:00,UNIDADE MOVEL RECREIO,0.0,32.32,56.07,3.79,,0.05,,,115.43,,5.0,-23.02002468,-43.48157137
2018-01-23 12:30:00,UNIDADE MOVEL RECREIO,0.0,30.88,61.63,5.26,,0.06,,,148.92,,21.0,-23.02002468,-43.48157137
2018-01-23 13:30:00,UNIDADE MOVEL RECREIO,0.0,31.32,60.7,5.71,,0.04,,,166.74,,5.0,-23.02002468,-43.48157137
2018-01-23 14:30:00,UNIDADE MOVEL RECREIO,0.0,31.02,64.2,6.44,,0.05,,,152.27,,9.0,-23.02002468,-43.48157137
2018-01-23 15:30:00,UNIDADE MOVEL RECREIO,0.0,29.72,71.83,6.48,,0.03,,,105.33,,10.0,-23.02002468,-43.48157137
2018-01-23 16:30:00,UNIDADE MOVEL RECREIO,0.0,29.18,69.4,6.28,,0.07,,,141.49,,6.0,-23.02002468,-43.48157137
2018-01-23 17:30:00,UNIDADE MOVEL RECREIO,0.0,28.83,65.85,6.79,,0.04,,,112.66,,5.0,-23.02002468,-43.48157137
2018-01-23 18:30:00,UNIDADE MOVEL RECREIO,0.0,28.42,63.32,6.4,,0.03,,,90.86,,10.0,-23.02002468,-43.48157137
2018-01-23 19:30:00,UNIDADE MOVEL RECREIO,0.0,27.92,66.35,4.59,,0.15,,,54.98,,6.0,-23.02002468,-43.48157137
2018-01-23 20:30:00,UNIDADE MOVEL RECREIO,0.0,27.57,67.88,3.38,,0.21,,,36.98,,15.0,-23.02002468,-43.48157137
2018-01-23 21:30:00,UNIDADE MOVEL RECREIO,0.0,28.18,67.0,3.08,,0.21,,,69.91,,14.0,-23.02002468,-43.48157137
2018-01-23 22:30:00,UNIDADE MOVEL RECREIO,0.0,27.68,67.25,2.85,,0.17,,,62.52,,18.0,-23.02002468,-43.48157137
2018-01-23 23:30:00,UNIDADE MOVEL RECREIO,0.0,27.75,60.65,1.98,,0.05,,,48.99,,24.0,-23.02002468,-43.48157137
2018-01-24 00:30:00,UNIDADE MOVEL RECREIO,0.0,27.18,61.9,1.11,,0.06,,,46.77,,5.0,-23.02002468,-43.48157137
2018-01-24 01:30:00,UNIDADE MOVEL RECREIO,0.0,27.15,61.67,1.27,,0.06,,,45.99,,5.0,-23.02002468,-43.48157137
2018-01-24 02:30:00,UNIDADE MOVEL RECREIO,0.0,27.22,59.9,1.16,,0.05,,,47.47,,6.0,-23.02002468,-43.48157137
2018-01-24 03:30:00,UNIDADE MOVEL RECREIO,0.0,27.23,59.75,0.82,,0.05,,,49.28,,5.0,-23.02002468,-43.48157137
2018-01-24 04:30:00,UNIDADE MOVEL RECREIO,0.0,27.03,61.42,1.14,,0.08,,,29.06,,5.0,-23.02002468,-43.48157137
2018-01-24 05:30:00,UNIDADE MOVEL RECREIO,0.0,27.03,61.63,1.04,,0.08,,,27.0,,5.0,-23.02002468,-43.48157137
2018-01-24 06:30:00,UNIDADE MOVEL RECREIO,0.0,27.17,69.92,1.37,,0.17,,,36.16,,5.0,-23.02002468,-43.48157137
2018-01-24 07:30:00,UNIDADE MOVEL RECREIO,0.0,27.98,67.4,1.16,,0.12,,,57.42,,6.0,-23.02002468,-43.48157137
2018-01-24 08:30:00,UNIDADE MOVEL RECREIO,0.0,29.85,59.53,1.52,,0.11,,,67.89,,9.0,-23.02002468,-43.48157137
2018-01-24 09:30:00,UNIDADE MOVEL RECREIO,0.0,30.8,58.48,2.58,,0.07,,,78.01,,5.0,-23.02002468,-43.48157137
2018-01-24 10:30:00,UNIDADE MOVEL RECREIO,0.0,31.68,59.97,2.74,,0.08,,,84.32,,9.0,-23.02002468,-43.48157137
2018-01-24 11:30:00,UNIDADE MOVEL RECREIO,0.0,30.83,63.63,2.96,,0.06,,,84.78,,7.0,-23.02002468,-43.48157137
2018-01-24 12:30:00,UNIDADE MOVEL RECREIO,0.0,30.57,64.67,3.17,,0.06,,,87.94,,5.0,-23.02002468,-43.48157137
2018-01-24 13:30:00,UNIDADE MOVEL RECREIO,0.0,30.9,62.02,2.93,,0.06,,,89.07,,,-23.02002468,-43.48157137
2018-01-24 14:30:00,UNIDADE MOVEL RECREIO,0.0,30.58,62.12,2.78,,0.08,,,88.64,,,-23.02002468,-43.48157137
2018-01-24 15:30:00,UNIDADE MOVEL RECREIO,0.0,30.23,63.7,3.36,,0.09,,,84.05,,,-23.02002468,-43.48157137
2018-01-24 16:30:00,UNIDADE MOVEL RECREIO,0.0,29.37,68.67,3.91,,0.09,,,91.8,,,-23.02002468,-43.48157137
2018-01-24 17:30:00,UNIDADE MOVEL RECREIO,0.0,30.07,56.87,4.16,,0.07,,,99.93,,,-23.02002468,-43.48157137
2018-01-24 18:30:00,UNIDADE MOVEL RECREIO,0.0,28.82,61.45,6.34,,0.07,,,76.64,,,-23.02002468,-43.48157137
2018-01-24 19:30:00,UNIDADE MOVEL RECREIO,0.0,28.12,67.33,6.07,,0.1,,,65.69,,,-23.02002468,-43.48157137
2018-01-24 20:30:00,UNIDADE MOVEL RECREIO,0.0,27.77,72.02,3.26,,0.09,,,58.17,,,-23.02002468,-43.48157137
2018-01-24 21:30:00,UNIDADE MOVEL RECREIO,0.0,27.25,73.87,2.52,,0.22,,,34.51,,,-23.02002468,-43.48157137
2018-01-24 22:30:00,UNIDADE MOVEL RECREIO,0.0,26.8,74.25,2.38,,0.27,,,24.9,,,-23.02002468,-43.48157137
2018-01-24 23:30:00,UNIDADE MOVEL RECREIO,0.0,27.28,70.02,2.05,,0.22,,,31.42,,,-23.02002468,-43.48157137
2018-01-25 00:30:00,UNIDADE MOVEL RECREIO,0.0,27.2,69.77,1.72,,0.11,,,54.28,,,-23.02002468,-43.48157137
2018-01-25 01:30:00,UNIDADE MOVEL RECREIO,0.0,27.55,68.33,1.79,,0.09,,,75.99,,,-23.02002468,-43.48157137
2018-01-25 02:30:00,UNIDADE MOVEL RECREIO,0.0,27.25,70.98,1.51,,0.1,,,66.19,,,-23.02002468,-43.48157137
2018-01-25 03:30:00,UNIDADE MOVEL RECREIO,0.0,26.57,72.93,1.58,,0.08,,,45.64,,,-23.02002468,-43.48157137
2018-01-25 04:30:00,UNIDADE MOVEL RECREIO,0.0,26.72,67.98,1.66,,0.11,,,32.5,,,-23.02002468,-43.48157137
2018-01-25 05:30:00,UNIDADE MOVEL RECREIO,0.0,26.03,77.62,1.74,,0.15,,,17.73,,,-23.02002468,-43.48157137
2018-01-25 06:30:00,UNIDADE MOVEL RECREIO,0.0,26.63,81.43,1.51,,0.14,,,36.96,,,-23.02002468,-43.48157137
2018-01-25 07:30:00,UNIDADE MOVEL RECREIO,0.0,27.6,78.17,1.37,,0.14,,,58.77,,,-23.02002468,-43.48157137
2018-01-25 08:30:00,UNIDADE MOVEL RECREIO,0.0,28.73,72.72,1.29,,0.1,,,66.87,,,-23.02002468,-43.48157137
2018-01-25 09:30:00,UNIDADE MOVEL RECREIO,0.0,30.03,65.63,1.66,,0.06,,,75.5,,,-23.02002468,-43.48157137
2018-01-25 10:30:00,UNIDADE MOVEL RECREIO,0.0,30.45,62.15,2.44,,0.03,,,79.96,,,-23.02002468,-43.48157137
2018-01-25 11:30:00,UNIDADE MOVEL RECREIO,0.0,30.62,60.02,2.48,,0.04,,,81.91,,,-23.02002468,-43.48157137
2018-01-25 12:30:00,UNIDADE MOVEL RECREIO,0.0,30.13,60.22,2.87,,0.02,,,68.68,,,-23.02002468,-43.48157137
2018-01-25 13:30:00,UNIDADE MOVEL RECREIO,0.0,30.12,58.92,7.25,,0.01,,,61.32,,,-23.02002468,-43.48157137
2018-01-25 14:30:00,UNIDADE MOVEL RECREIO,0.0,30.02,57.88,8.98,,0.01,,,66.13,,11.0,-23.02002468,-43.48157137
2018-01-25 15:30:00,UNIDADE MOVEL RECREIO,0.0,29.38,62.48,9.45,,0.03,,,60.96,,9.0,-23.02002468,-43.48157137
2018-01-25 16:30:00,UNIDADE MOVEL RECREIO,0.0,28.83,65.88,9.27,,0.02,,,55.82,,8.0,-23.02002468,-43.48157137
2018-01-25 17:30:00,UNIDADE MOVEL RECREIO,0.0,27.83,70.82,8.95,,0.01,,,54.83,,11.0,-23.02002468,-43.48157137
2018-01-25 18:30:00,UNIDADE MOVEL RECREIO,0.0,26.97,73.02,5.54,,0.03,,,55.2,,15.0,-23.02002468,-43.48157137
2018-01-25 19:30:00,UNIDADE MOVEL RECREIO,0.0,26.77,73.75,1.75,,0.04,,,51.91,,9.0,-23.02002468,-43.48157137
2018-01-25 20:30:00,UNIDADE MOVEL RECREIO,0.0,26.53,73.05,1.47,,0.03,,,52.27,,11.0,-23.02002468,-43.48157137
2018-01-25 21:30:00,UNIDADE MOVEL RECREIO,0.0,26.53,72.98,1.13,,0.1,,,35.0,,7.0,-23.02002468,-43.48157137
2018-01-25 22:30:00,UNIDADE MOVEL RECREIO,0.0,26.1,75.13,1.01,,0.12,,,29.34,,7.0,-23.02002468,-43.48157137
2018-01-25 23:30:00,UNIDADE MOVEL RECREIO,0.0,25.13,78.77,1.56,,0.12,,,22.0,,15.0,-23.02002468,-43.48157137
2018-01-26 00:30:00,UNIDADE MOVEL RECREIO,0.0,24.82,79.52,2.11,,0.12,,,24.88,,12.0,-23.02002468,-43.48157137
2018-01-26 01:30:00,UNIDADE MOVEL RECREIO,0.0,24.72,81.07,2.29,,0.14,,,21.39,,14.0,-23.02002468,-43.48157137
2018-01-26 02:30:00,UNIDADE MOVEL RECREIO,0.0,24.47,81.08,2.25,,0.1,,,24.85,,15.0,-23.02002468,-43.48157137
2018-01-26 03:30:00,UNIDADE MOVEL RECREIO,0.0,24.42,82.28,2.19,,0.11,,,22.66,,5.0,-23.02002468,-43.48157137
2018-01-26 04:30:00,UNIDADE MOVEL RECREIO,0.0,24.35,82.92,2.03,,0.1,,,16.57,,15.0,-23.02002468,-43.48157137
2018-01-26 05:30:00,UNIDADE MOVEL RECREIO,0.0,25.02,81.82,2.04,,0.15,,,18.93,,11.0,-23.02002468,-43.48157137
2018-01-26 06:30:00,UNIDADE MOVEL RECREIO,0.0,25.53,80.95,2.17,,0.32,,,21.21,,12.0,-23.02002468,-43.48157137
2018-01-26 07:30:00,UNIDADE MOVEL RECREIO,0.0,26.6,76.92,5.71,,0.27,,,25.71,,12.0,-23.02002468,-43.48157137
2018-01-26 08:30:00,UNIDADE MOVEL RECREIO,0.0,27.12,74.77,,,0.1,,,38.83,,7.0,-23.02002468,-43.48157137
2018-01-26 09:30:00,UNIDADE MOVEL RECREIO,0.0,26.45,80.48,,,0.14,,,35.13,,5.0,-23.02002468,-43.48157137
2018-01-26 10:30:00,UNIDADE MOVEL RECREIO,0.0,27.33,74.57,,,0.07,,,52.15,,5.0,-23.02002468,-43.48157137
2018-01-26 11:30:00,UNIDADE MOVEL RECREIO,0.0,27.28,75.77,,,0.1,,,54.32,,5.0,-23.02002468,-43.48157137
2018-01-26 12:30:00,UNIDADE MOVEL RECREIO,0.0,27.22,75.87,,,0.1,,,55.73,,5.0,-23.02002468,-43.48157137
2018-01-26 13:30:00,UNIDADE MOVEL RECREIO,0.0,28.35,72.03,,,0.07,,,46.7,,5.0,-23.02002468,-43.48157137
2018-01-26 14:30:00,UNIDADE MOVEL RECREIO,0.0,27.38,74.47,,,0.08,,,48.74,,7.0,-23.02002468,-43.48157137
2018-01-26 15:30:00,UNIDADE MOVEL RECREIO,0.0,26.67,76.52,,,0.07,,,55.52,,13.0,-23.02002468,-43.48157137
2018-01-26 16:30:00,UNIDADE MOVEL RECREIO,0.0,26.67,77.0,,,0.06,,,63.52,,8.0,-23.02002468,-43.48157137
2018-01-26 17:30:00,UNIDADE MOVEL RECREIO,0.0,25.88,79.22,,,0.08,,,45.92,,5.0,-23.02002468,-43.48157137
2018-01-26 18:30:00,UNIDADE MOVEL RECREIO,0.0,24.8,84.97,,,0.09,,,43.7,,10.0,-23.02002468,-43.48157137
2018-01-26 19:30:00,UNIDADE MOVEL RECREIO,0.0,24.88,82.77,,,0.09,,,39.3,,11.0,-23.02002468,-43.48157137
2018-01-26 20:30:00,UNIDADE MOVEL RECREIO,0.0,24.8,81.87,,,0.08,,,35.77,,9.0,-23.02002468,-43.48157137
2018-01-26 21:30:00,UNIDADE MOVEL RECREIO,0.0,24.7,81.52,,,0.07,,,36.49,,7.0,-23.02002468,-43.48157137
2018-01-26 22:30:00,UNIDADE MOVEL RECREIO,0.0,24.58,80.75,,,0.06,,,36.72,,5.0,-23.02002468,-43.48157137
2018-01-26 23:30:00,UNIDADE MOVEL RECREIO,0.0,24.5,80.32,,,0.05,,,37.09,,10.0,-23.02002468,-43.48157137
2018-01-27 00:30:00,UNIDADE MOVEL RECREIO,0.0,24.5,80.73,2.26,,0.04,,,37.32,,11.0,-23.02002468,-43.48157137
2018-01-27 01:30:00,UNIDADE MOVEL RECREIO,0.0,24.33,80.82,2.35,,0.04,,,36.37,,10.0,-23.02002468,-43.48157137
2018-01-27 02:30:00,UNIDADE MOVEL RECREIO,3.0,23.45,87.08,2.36,,0.05,,,36.42,,20.0,-23.02002468,-43.48157137
2018-01-27 03:30:00,UNIDADE MOVEL RECREIO,0.0,23.33,88.08,2.32,,0.03,,,35.4,,9.0,-23.02002468,-43.48157137
2018-01-27 04:30:00,UNIDADE MOVEL RECREIO,0.0,23.6,85.5,2.35,,0.02,,,32.21,,6.0,-23.02002468,-43.48157137
2018-01-27 05:30:00,UNIDADE MOVEL RECREIO,0.0,23.75,84.18,2.3,,0.02,,,34.55,,14.0,-23.02002468,-43.48157137
2018-01-27 06:30:00,UNIDADE MOVEL RECREIO,0.0,24.12,82.4,2.23,,0.03,,,32.25,,19.0,-23.02002468,-43.48157137
2018-01-27 07:30:00,UNIDADE MOVEL RECREIO,0.0,24.93,79.12,2.5,,0.03,,,33.27,,10.0,-23.02002468,-43.48157137
2018-01-27 08:30:00,UNIDADE MOVEL RECREIO,0.0,26.1,73.05,2.78,,0.02,,,36.03,,7.0,-23.02002468,-43.48157137
2018-01-27 09:30:00,UNIDADE MOVEL RECREIO,0.0,25.53,73.2,2.94,,0.03,,,37.64,,11.0,-23.02002468,-43.48157137
2018-01-27 10:30:00,UNIDADE MOVEL RECREIO,0.0,25.67,73.45,3.01,,0.03,,,37.82,,13.0,-23.02002468,-43.48157137
2018-01-27 11:30:00,UNIDADE MOVEL RECREIO,0.0,26.05,72.48,3.0,,0.05,,,38.45,,9.0,-23.02002468,-43.48157137
2018-01-27 12:30:00,UNIDADE MOVEL RECREIO,0.0,25.97,71.92,2.81,,0.05,,,36.57,,8.0,-23.02002468,-43.48157137
2018-01-27 13:30:00,UNIDADE MOVEL RECREIO,0.0,25.9,71.97,3.12,,0.05,,,36.29,,13.0,-23.02002468,-43.48157137
2018-01-27 14:30:00,UNIDADE MOVEL RECREIO,0.0,25.72,72.13,3.02,,0.04,,,41.07,,10.0,-23.02002468,-43.48157137
2018-01-27 15:30:00,UNIDADE MOVEL RECREIO,0.0,25.75,69.63,3.06,,0.04,,,39.7,,10.0,-23.02002468,-43.48157137
2018-01-27 16:30:00,UNIDADE MOVEL RECREIO,0.0,25.52,72.15,3.02,,0.04,,,41.73,,10.0,-23.02002468,-43.48157137
2018-01-27 17:30:00,UNIDADE MOVEL RECREIO,0.0,25.37,72.37,2.73,,0.05,,,39.57,,12.0,-23.02002468,-43.48157137
2018-01-27 18:30:00,UNIDADE MOVEL RECREIO,0.0,25.13,74.22,2.71,,0.06,,,39.39,,8.0,-23.02002468,-43.48157137
2018-01-27 19:30:00,UNIDADE MOVEL RECREIO,0.0,24.88,75.58,2.78,,0.03,,,36.37,,7.0,-23.02002468,-43.48157137
2018-01-27 20:30:00,UNIDADE MOVEL RECREIO,0.0,24.9,75.85,2.71,,0.03,,,31.17,,6.0,-23.02002468,-43.48157137
2018-01-27 21:30:00,UNIDADE MOVEL RECREIO,0.0,24.72,77.05,2.7,,0.03,,,28.83,,9.0,-23.02002468,-43.48157137
2018-01-27 22:30:00,UNIDADE MOVEL RECREIO,0.0,24.3,78.25,2.69,,0.13,,,15.08,,20.0,-23.02002468,-43.48157137
2018-01-27 23:30:00,UNIDADE MOVEL RECREIO,0.0,23.42,82.73,2.125,,0.18,,,7.27,,16.0,-23.02002468,-43.48157137
2018-01-28 00:30:00,UNIDADE MOVEL RECREIO,0.0,23.37,81.13,1.56,,0.08,,,7.54,,7.0,-23.02002468,-43.48157137
2018-01-28 01:30:00,UNIDADE MOVEL RECREIO,0.0,23.45,81.22,1.73,,0.12,,,7.6,,6.0,-23.02002468,-43.48157137
2018-01-28 02:30:00,UNIDADE MOVEL RECREIO,0.0,22.83,84.9,1.79,,0.11,,,5.24,,10.0,-23.02002468,-43.48157137
2018-01-28 03:30:00,UNIDADE MOVEL RECREIO,0.0,22.18,86.4,1.62,,0.09,,,5.31,,10.0,-23.02002468,-43.48157137
2018-01-28 04:30:00,UNIDADE MOVEL RECREIO,0.0,21.72,84.97,1.62,,0.06,,,8.31,,16.0,-23.02002468,-43.48157137
2018-01-28 05:30:00,UNIDADE MOVEL RECREIO,0.0,21.48,84.38,1.59,,0.07,,,7.89,,5.0,-23.02002468,-43.48157137
2018-01-28 06:30:00,UNIDADE MOVEL RECREIO,0.0,21.85,83.32,1.53,,0.07,,,8.75,,7.0,-23.02002468,-43.48157137
2018-01-28 07:30:00,UNIDADE MOVEL RECREIO,0.0,24.47,73.28,1.52,,0.07,,,17.64,,7.0,-23.02002468,-43.48157137
2018-01-28 08:30:00,UNIDADE MOVEL RECREIO,0.0,26.8,64.45,1.74,,0.06,,,27.8,,10.0,-23.02002468,-43.48157137
2018-01-28 09:30:00,UNIDADE MOVEL RECREIO,0.0,27.62,58.65,2.65,,0.04,,,39.06,,17.0,-23.02002468,-43.48157137
2018-01-28 10:30:00,UNIDADE MOVEL RECREIO,0.0,28.15,61.32,3.64,,0.06,,,63.37,,14.0,-23.02002468,-43.48157137
2018-01-28 11:30:00,UNIDADE MOVEL RECREIO,0.0,28.12,59.93,4.02,,0.03,,,69.15,,20.0,-23.02002468,-43.48157137
2018-01-28 12:30:00,UNIDADE MOVEL RECREIO,0.0,28.38,61.47,4.29,,0.04,,,60.6,,10.0,-23.02002468,-43.48157137
2018-01-28 13:30:00,UNIDADE MOVEL RECREIO,0.0,27.95,65.97,4.55,,0.04,,,50.76,,11.0,-23.02002468,-43.48157137
2018-01-28 14:30:00,UNIDADE MOVEL RECREIO,0.0,28.15,64.7,4.54,,0.03,,,42.11,,7.0,-23.02002468,-43.48157137
2018-01-28 15:30:00,UNIDADE MOVEL RECREIO,0.0,27.75,65.05,4.9,,0.03,,,40.61,,12.0,-23.02002468,-43.48157137
2018-01-28 16:30:00,UNIDADE MOVEL RECREIO,0.0,27.63,66.95,4.85,,0.03,,,39.66,,12.0,-23.02002468,-43.48157137
2018-01-28 17:30:00,UNIDADE MOVEL RECREIO,0.0,26.87,67.93,4.6,,0.03,,,34.15,,7.0,-23.02002468,-43.48157137
2018-01-28 18:30:00,UNIDADE MOVEL RECREIO,0.0,26.22,70.62,3.77,,0.05,,,33.84,,5.0,-23.02002468,-43.48157137
2018-01-28 19:30:00,UNIDADE MOVEL RECREIO,0.0,25.87,72.58,3.17,,0.06,,,31.56,,6.0,-23.02002468,-43.48157137
2018-01-28 20:30:00,UNIDADE MOVEL RECREIO,0.0,25.7,75.07,2.79,,0.05,,,32.42,,8.0,-23.02002468,-43.48157137
2018-01-28 21:30:00,UNIDADE MOVEL RECREIO,0.0,25.92,77.62,2.42,,0.06,,,31.75,,8.0,-23.02002468,-43.48157137
2018-01-28 22:30:00,UNIDADE MOVEL RECREIO,0.0,25.95,72.27,2.3,,0.07,,,25.61,,20.0,-23.02002468,-43.48157137
2018-01-28 23:30:00,UNIDADE MOVEL RECREIO,0.0,24.55,80.32,2.08,,0.16,,,11.54,,13.0,-23.02002468,-43.48157137
2018-01-29 00:30:00,UNIDADE MOVEL RECREIO,0.0,24.15,81.95,1.86,,0.09,,,8.11,,14.0,-23.02002468,-43.48157137
2018-01-29 01:30:00,UNIDADE MOVEL RECREIO,0.0,23.73,83.65,1.82,,0.07,,,9.42,,12.0,-23.02002468,-43.48157137
2018-01-29 02:30:00,UNIDADE MOVEL RECREIO,0.0,23.67,82.1,1.8,,0.06,,,9.29,,9.0,-23.02002468,-43.48157137
2018-01-29 03:30:00,UNIDADE MOVEL RECREIO,0.0,23.63,82.27,1.75,,0.05,,,7.35,,6.0,-23.02002468,-43.48157137
2018-01-29 04:30:00,UNIDADE MOVEL RECREIO,0.0,23.28,84.15,1.81,,0.06,,,6.46,,14.0,-23.02002468,-43.48157137
2018-01-29 05:30:00,UNIDADE MOVEL RECREIO,0.0,23.52,83.23,1.98,,0.16,,,3.88,,9.0,-23.02002468,-43.48157137
2018-01-29 06:30:00,UNIDADE MOVEL RECREIO,0.0,24.85,77.47,2.29,,0.18,,,4.96,,7.0,-23.02002468,-43.48157137
2018-01-29 07:30:00,UNIDADE MOVEL RECREIO,0.0,27.02,69.53,2.72,,0.12,,,14.2,,14.0,-23.02002468,-43.48157137
2018-01-29 08:30:00,UNIDADE MOVEL RECREIO,0.0,27.45,68.05,3.09,,0.13,,,15.62,,8.0,-23.02002468,-43.48157137
2018-01-29 09:30:00,UNIDADE MOVEL RECREIO,0.0,28.25,62.97,2.47,,0.09,,,18.77,,14.0,-23.02002468,-43.48157137
2018-01-29 10:30:00,UNIDADE MOVEL RECREIO,0.0,29.02,61.32,3.02,,0.13,,,21.51,,10.0,-23.02002468,-43.48157137
2018-01-29 11:30:00,UNIDADE MOVEL RECREIO,0.0,31.08,54.77,2.79,,0.09,,,34.0,,6.0,-23.02002468,-43.48157137
2018-01-29 12:30:00,UNIDADE MOVEL RECREIO,0.0,31.33,53.72,3.0,,0.06,,,46.29,,5.0,-23.02002468,-43.48157137
2018-01-29 13:30:00,UNIDADE MOVEL RECREIO,0.0,31.37,54.28,3.37,,0.08,,,51.02,,13.0,-23.02002468,-43.48157137
2018-01-29 14:30:00,UNIDADE MOVEL RECREIO,0.0,30.78,60.63,3.53,,0.09,,,82.71,,26.0,-23.02002468,-43.48157137
2018-01-29 15:30:00,UNIDADE MOVEL RECREIO,0.0,28.9,68.98,3.61,,0.09,,,84.63,,22.0,-23.02002468,-43.48157137
2018-01-29 16:30:00,UNIDADE MOVEL RECREIO,0.0,28.72,60.15,3.02,,0.06,,,69.89,,17.0,-23.02002468,-43.48157137
2018-01-29 17:30:00,UNIDADE MOVEL RECREIO,0.0,27.53,66.98,2.52,,0.05,,,65.04,,19.0,-23.02002468,-43.48157137
2018-01-29 18:30:00,UNIDADE MOVEL RECREIO,0.0,26.53,73.47,2.04,,0.05,,,63.47,,15.0,-23.02002468,-43.48157137
2018-01-29 19:30:00,UNIDADE MOVEL RECREIO,0.0,25.95,78.03,1.87,,0.05,,,56.88,,15.0,-23.02002468,-43.48157137
2018-01-29 20:30:00,UNIDADE MOVEL RECREIO,0.0,25.92,77.92,2.23,,0.18,,,26.12,,11.0,-23.02002468,-43.48157137
2018-01-29 21:30:00,UNIDADE MOVEL RECREIO,0.0,25.4,79.53,1.87,,0.21,,,19.45,,21.0,-23.02002468,-43.48157137
2018-01-29 22:30:00,UNIDADE MOVEL RECREIO,0.0,25.12,79.38,1.82,,0.14,,,24.88,,15.0,-23.02002468,-43.48157137
2018-01-29 23:30:00,UNIDADE MOVEL RECREIO,0.0,25.02,78.0,2.045,,0.13,,,14.51,,18.0,-23.02002468,-43.48157137
2018-01-30 00:30:00,UNIDADE MOVEL RECREIO,0.0,24.87,79.12,2.27,,0.07,,,25.72,,8.0,-23.02002468,-43.48157137
2018-01-30 01:30:00,UNIDADE MOVEL RECREIO,0.0,24.92,80.0,2.24,,0.07,,,33.19,,11.0,-23.02002468,-43.48157137
2018-01-30 02:30:00,UNIDADE MOVEL RECREIO,0.0,23.95,88.05,2.38,,0.08,,,27.83,,10.0,-23.02002468,-43.48157137
2018-01-30 03:30:00,UNIDADE MOVEL RECREIO,0.0,23.9,86.97,2.47,,0.07,,,28.32,,10.0,-23.02002468,-43.48157137
2018-01-30 04:30:00,UNIDADE MOVEL RECREIO,2.0,23.27,90.05,2.48,,0.09,,,14.83,,11.0,-23.02002468,-43.48157137
2018-01-30 05:30:00,UNIDADE MOVEL RECREIO,1.0,22.9,92.18,2.6,,0.11,,,12.17,,12.0,-23.02002468,-43.48157137
2018-01-30 06:30:00,UNIDADE MOVEL RECREIO,0.0,22.93,92.12,2.57,,0.1,,,13.4,,14.0,-23.02002468,-43.48157137
2018-01-30 07:30:00,UNIDADE MOVEL RECREIO,1.0,22.25,91.07,2.48,,0.03,,,37.04,,11.0,-23.02002468,-43.48157137
2018-01-30 08:30:00,UNIDADE MOVEL RECREIO,1.0,22.17,92.15,2.8,,0.13,,,20.97,,11.0,-23.02002468,-43.48157137
2018-01-30 09:30:00,UNIDADE MOVEL RECREIO,0.0,22.7,92.42,2.46,,0.11,,,23.47,,10.0,-23.02002468,-43.48157137
2018-01-30 10:30:00,UNIDADE MOVEL RECREIO,1.0,23.18,91.23,3.21,,0.25,,,18.58,,6.0,-23.02002468,-43.48157137
2018-01-30 11:30:00,UNIDADE MOVEL RECREIO,3.0,22.73,91.83,2.42,,0.05,,,30.59,,7.0,-23.02002468,-43.48157137
2018-01-30 12:30:00,UNIDADE MOVEL RECREIO,3.0,22.28,92.53,1.97,,0.04,,,34.7,,11.0,-23.02002468,-43.48157137
2018-01-30 13:30:00,UNIDADE MOVEL RECREIO,2.0,22.08,92.23,1.86,,0.03,,,41.26,,6.0,-23.02002468,-43.48157137
2018-01-30 14:30:00,UNIDADE MOVEL RECREIO,4.0,21.88,90.88,0.04,,0.03,,,41.96,,5.0,-23.02002468,-43.48157137
2018-01-30 15:30:00,UNIDADE MOVEL RECREIO,3.0,20.78,90.7,0.0,,0.03,,,42.07,,5.0,-23.02002468,-43.48157137
2018-01-30 16:30:00,UNIDADE MOVEL RECREIO,2.0,20.62,90.07,0.0,,0.39,,,24.06,,14.0,-23.02002468,-43.48157137
2018-01-30 17:30:00,UNIDADE MOVEL RECREIO,0.0,21.13,90.98,0.0,,0.28,,,18.8,,11.0,-23.02002468,-43.48157137
2018-01-30 18:30:00,UNIDADE MOVEL RECREIO,0.0,21.42,88.98,,,0.09,,,21.61,,9.0,-23.02002468,-43.48157137
2018-01-30 19:30:00,UNIDADE MOVEL RECREIO,0.0,21.83,87.0,,,0.18,,,15.41,,7.0,-23.02002468,-43.48157137
2018-01-30 20:30:00,UNIDADE MOVEL RECREIO,0.0,21.85,87.53,,,0.13,,,14.66,,5.0,-23.02002468,-43.48157137
2018-01-30 21:30:00,UNIDADE MOVEL RECREIO,0.0,21.17,89.15,,,0.11,,,17.89,,10.0,-23.02002468,-43.48157137
2018-01-30 22:30:00,UNIDADE MOVEL RECREIO,0.0,20.92,85.95,,,0.14,,,15.48,,11.0,-23.02002468,-43.48157137
2018-01-30 23:30:00,UNIDADE MOVEL RECREIO,0.0,21.03,83.25,,,0.09,,,15.06,,11.0,-23.02002468,-43.48157137
2018-01-31 00:30:00,UNIDADE MOVEL RECREIO,0.0,21.08,82.73,2.32,,0.04,,,15.99,,10.0,-23.02002468,-43.48157137
2018-01-31 01:30:00,UNIDADE MOVEL RECREIO,0.0,20.93,85.53,1.83,,0.04,,,12.68,,8.0,-23.02002468,-43.48157137
2018-01-31 02:30:00,UNIDADE MOVEL RECREIO,0.0,20.87,86.35,1.44,,0.06,,,14.28,,9.0,-23.02002468,-43.48157137
2018-01-31 03:30:00,UNIDADE MOVEL RECREIO,0.0,20.55,87.88,1.71,,0.06,,,9.11,,11.0,-23.02002468,-43.48157137
2018-01-31 04:30:00,UNIDADE MOVEL RECREIO,0.0,20.85,84.82,2.11,,0.08,,,4.56,,9.0,-23.02002468,-43.48157137
2018-01-31 05:30:00,UNIDADE MOVEL RECREIO,0.0,21.22,81.58,2.48,,0.07,,,5.06,,10.0,-23.02002468,-43.48157137
2018-01-31 06:30:00,UNIDADE MOVEL RECREIO,0.0,21.35,82.93,2.62,,0.22,,,4.05,,8.0,-23.02002468,-43.48157137
2018-01-31 07:30:00,UNIDADE MOVEL RECREIO,0.0,23.83,73.67,2.74,,0.19,,,10.02,,16.0,-23.02002468,-43.48157137
2018-01-31 08:30:00,UNIDADE MOVEL RECREIO,0.0,25.53,65.73,2.79,,0.08,,,23.72,,10.0,-23.02002468,-43.48157137
2018-01-31 09:30:00,UNIDADE MOVEL RECREIO,0.0,27.1,59.33,3.63,,0.05,,,30.9,,9.0,-23.02002468,-43.48157137
2018-01-31 10:30:00,UNIDADE MOVEL RECREIO,0.0,27.45,56.98,3.33,,,,,41.99,,8.0,-23.02002468,-43.48157137
2018-01-31 11:30:00,UNIDADE MOVEL RECREIO,0.0,26.67,62.78,,,,,,47.8,,9.0,-23.02002468,-43.48157137
2018-01-31 12:30:00,UNIDADE MOVEL RECREIO,0.0,27.07,62.72,,,,,,42.68,,10.0,-23.02002468,-43.48157137
2018-01-31 13:30:00,UNIDADE MOVEL RECREIO,0.0,26.42,66.8,,,,,,42.59,,11.0,-23.02002468,-43.48157137
2018-01-31 14:30:00,UNIDADE MOVEL RECREIO,0.0,27.42,64.72,,,,,,46.28,,17.0,-23.02002468,-43.48157137
2018-01-31 15:30:00,UNIDADE MOVEL RECREIO,0.0,27.62,63.15,,,,,,39.66,,10.0,-23.02002468,-43.48157137
2018-01-31 16:30:00,UNIDADE MOVEL RECREIO,0.0,27.27,61.93,,,,,,35.17,,8.0,-23.02002468,-43.48157137
2018-01-31 17:30:00,UNIDADE MOVEL RECREIO,0.0,26.42,63.7,,,,,,33.32,,9.0,-23.02002468,-43.48157137
2018-01-31 18:30:00,UNIDADE MOVEL RECREIO,0.0,24.98,72.68,,,0.02,,,33.99,,9.0,-23.02002468,-43.48157137
2018-01-31 19:30:00,UNIDADE MOVEL RECREIO,0.0,24.68,74.98,,,0.02,,,31.71,,10.0,-23.02002468,-43.48157137
2018-01-31 20:30:00,UNIDADE MOVEL RECREIO,0.0,23.82,77.95,,,0.15,,,16.17,,8.0,-23.02002468,-43.48157137
2018-01-31 21:30:00,UNIDADE MOVEL RECREIO,0.0,23.08,81.08,,,0.1,,,12.57,,5.0,-23.02002468,-43.48157137
2018-01-31 22:30:00,UNIDADE MOVEL RECREIO,0.0,22.73,82.28,,,0.11,,,10.1,,6.0,-23.02002468,-43.48157137
2018-01-31 23:30:00,UNIDADE MOVEL RECREIO,0.0,22.22,84.33,,,0.09,,,9.59,,15.0,-23.02002468,-43.48157137
2018-02-01 00:30:00,UNIDADE MOVEL RECREIO,0.0,22.17,85.57,1.47,,0.11,,,10.08,,12.0,-23.02002468,-43.48157137
2018-02-01 01:30:00,UNIDADE MOVEL RECREIO,0.0,21.8,86.28,1.45,,0.05,,,12.13,,9.0,-23.02002468,-43.48157137
2018-02-01 02:30:00,UNIDADE MOVEL RECREIO,0.0,21.35,87.32,1.1,,0.05,,,10.18,,5.0,-23.02002468,-43.48157137
2018-02-01 03:30:00,UNIDADE MOVEL RECREIO,0.0,21.22,86.95,1.24,,0.04,,,9.01,,10.0,-23.02002468,-43.48157137
2018-02-01 04:30:00,UNIDADE MOVEL RECREIO,0.0,21.88,85.95,1.37,,0.07,,,7.44,,14.0,-23.02002468,-43.48157137
2018-02-01 05:30:00,UNIDADE MOVEL RECREIO,0.0,22.32,82.7,2.13,,0.12,,,5.73,,11.0,-23.02002468,-43.48157137
2018-02-01 06:30:00,UNIDADE MOVEL RECREIO,0.0,22.55,83.13,2.45,,0.13,,,6.14,,9.0,-23.02002468,-43.48157137
2018-02-01 07:30:00,UNIDADE MOVEL RECREIO,0.0,24.08,78.77,2.44,,0.13,,,12.01,,5.0,-23.02002468,-43.48157137
2018-02-01 08:30:00,UNIDADE MOVEL RECREIO,1.0,23.32,85.62,2.17,,0.17,,,12.03,,8.0,-23.02002468,-43.48157137
2018-02-01 09:30:00,UNIDADE MOVEL RECREIO,0.0,25.38,73.27,2.35,,0.05,,,23.93,,13.0,-23.02002468,-43.48157137
2018-02-01 10:30:00,UNIDADE MOVEL RECREIO,0.0,27.9,63.2,2.3,,0.02,,,32.71,,12.0,-23.02002468,-43.48157137
2018-02-01 11:30:00,UNIDADE MOVEL RECREIO,0.0,27.62,65.4,3.13,,0.03,,,36.76,,8.0,-23.02002468,-43.48157137
2018-02-01 12:30:00,UNIDADE MOVEL RECREIO,0.0,27.7,64.53,3.58,,0.01,,,40.72,,8.0,-23.02002468,-43.48157137
2018-02-01 13:30:00,UNIDADE MOVEL RECREIO,0.0,28.12,62.27,4.02,,0.01,,,34.21,,13.0,-23.02002468,-43.48157137
2018-02-01 14:30:00,UNIDADE MOVEL RECREIO,0.0,28.12,62.42,4.12,,0.01,,,32.02,,8.0,-23.02002468,-43.48157137
2018-02-01 15:30:00,UNIDADE MOVEL RECREIO,0.0,27.9,62.18,4.26,,0.01,,,31.53,,5.0,-23.02002468,-43.48157137
2018-02-01 16:30:00,UNIDADE MOVEL RECREIO,0.0,27.32,65.18,4.6,,0.01,,,38.08,,5.0,-23.02002468,-43.48157137
2018-02-01 17:30:00,UNIDADE MOVEL RECREIO,0.0,25.93,70.35,3.97,,0.02,,,34.1,,5.0,-23.02002468,-43.48157137
2018-02-01 18:30:00,UNIDADE MOVEL RECREIO,0.0,25.0,73.05,2.79,,0.03,,,35.51,,5.0,-23.02002468,-43.48157137
2018-02-01 19:30:00,UNIDADE MOVEL RECREIO,0.0,24.5,74.88,2.41,,0.04,,,27.1,,7.0,-23.02002468,-43.48157137
2018-02-01 20:30:00,UNIDADE MOVEL RECREIO,0.0,23.6,79.97,2.39,,0.16,,,8.42,,11.0,-23.02002468,-43.48157137
2018-02-01 21:30:00,UNIDADE MOVEL RECREIO,0.0,22.98,82.18,2.44,,0.14,,,8.71,,11.0,-23.02002468,-43.48157137
2018-02-01 22:30:00,UNIDADE MOVEL RECREIO,0.0,22.72,83.98,2.26,,0.12,,,7.74,,10.0,-23.02002468,-43.48157137
2018-02-01 23:30:00,UNIDADE MOVEL RECREIO,0.0,22.4,83.75,2.17,,0.07,,,7.56,,18.0,-23.02002468,-43.48157137
2018-02-02 00:30:00,UNIDADE MOVEL RECREIO,0.0,22.25,85.22,2.08,,0.07,,,7.64,,13.0,-23.02002468,-43.48157137
2018-02-02 01:30:00,UNIDADE MOVEL RECREIO,0.0,22.13,84.53,2.13,,0.06,,,7.82,,9.0,-23.02002468,-43.48157137
2018-02-02 02:30:00,UNIDADE MOVEL RECREIO,0.0,21.77,84.47,2.11,,0.07,,,8.8,,7.0,-23.02002468,-43.48157137
2018-02-02 03:30:00,UNIDADE MOVEL RECREIO,0.0,21.58,83.57,1.8,,0.04,,,8.49,,7.0,-23.02002468,-43.48157137
2018-02-02 04:30:00,UNIDADE MOVEL RECREIO,0.0,21.62,83.68,1.95,,0.07,,,4.02,,5.0,-23.02002468,-43.48157137
2018-02-02 05:30:00,UNIDADE MOVEL RECREIO,0.0,21.57,83.63,2.29,,0.13,,,3.62,,5.0,-23.02002468,-43.48157137
2018-02-02 06:30:00,UNIDADE MOVEL RECREIO,0.0,21.9,80.4,2.48,,0.14,,,4.5,,5.0,-23.02002468,-43.48157137
2018-02-02 07:30:00,UNIDADE MOVEL RECREIO,0.0,24.08,72.92,2.23,,0.12,,,11.61,,5.0,-23.02002468,-43.48157137
2018-02-02 08:30:00,UNIDADE MOVEL RECREIO,0.0,25.95,68.28,2.44,,0.07,,,20.8,,5.0,-23.02002468,-43.48157137
2018-02-02 09:30:00,UNIDADE MOVEL RECREIO,0.0,27.72,62.92,3.12,,0.03,,,29.74,,5.0,-23.02002468,-43.48157137
2018-02-02 10:30:00,UNIDADE MOVEL RECREIO,0.0,27.98,62.65,4.41,,0.02,,,37.73,,23.0,-23.02002468,-43.48157137
2018-02-02 11:30:00,UNIDADE MOVEL RECREIO,0.0,27.88,64.85,4.61,,0.02,,,43.77,,7.0,-23.02002468,-43.48157137
2018-02-02 12:30:00,UNIDADE MOVEL RECREIO,0.0,28.08,63.42,4.32,,0.01,,,38.66,,9.0,-23.02002468,-43.48157137
2018-02-02 13:30:00,UNIDADE MOVEL RECREIO,0.0,27.95,64.58,4.24,,0.02,,,32.55,,6.0,-23.02002468,-43.48157137
2018-02-02 14:30:00,UNIDADE MOVEL RECREIO,0.0,27.43,64.43,4.35,,0.02,,,33.97,,8.0,-23.02002468,-43.48157137
2018-02-02 15:30:00,UNIDADE MOVEL RECREIO,0.0,27.9,62.5,4.24,,0.02,,,37.06,,5.0,-23.02002468,-43.48157137
2018-02-02 16:30:00,UNIDADE MOVEL RECREIO,0.0,27.0,64.83,4.38,,0.02,,,33.32,,5.0,-23.02002468,-43.48157137
2018-02-02 17:30:00,UNIDADE MOVEL RECREIO,0.0,26.15,66.6,3.73,,0.03,,,29.05,,7.0,-23.02002468,-43.48157137
2018-02-02 18:30:00,UNIDADE MOVEL RECREIO,0.0,25.18,71.9,3.17,,0.04,,,30.67,,6.0,-23.02002468,-43.48157137
2018-02-02 19:30:00,UNIDADE MOVEL RECREIO,0.0,24.7,74.13,2.79,,0.04,,,32.0,,5.0,-23.02002468,-43.48157137
2018-02-02 20:30:00,UNIDADE MOVEL RECREIO,0.0,24.25,76.95,2.48,,0.13,,,21.93,,5.0,-23.02002468,-43.48157137
2018-02-02 21:30:00,UNIDADE MOVEL RECREIO,0.0,23.15,81.27,2.63,,0.2,,,8.6,,15.0,-23.02002468,-43.48157137
2018-02-02 22:30:00,UNIDADE MOVEL RECREIO,0.0,22.97,81.87,2.61,,0.15,,,9.72,,22.0,-23.02002468,-43.48157137
2018-02-02 23:30:00,UNIDADE MOVEL RECREIO,0.0,22.75,83.38,1.98,,0.1,,,10.72,,12.0,-23.02002468,-43.48157137
2018-02-03 00:30:00,UNIDADE MOVEL RECREIO,0.0,22.67,84.68,1.35,,0.09,,,10.97,,9.0,-23.02002468,-43.48157137
2018-02-03 01:30:00,UNIDADE MOVEL RECREIO,0.0,22.52,85.27,1.22,,0.07,,,10.7,,5.0,-23.02002468,-43.48157137
2018-02-03 02:30:00,UNIDADE MOVEL RECREIO,0.0,22.4,85.77,1.17,,0.06,,,12.66,,6.0,-23.02002468,-43.48157137
2018-02-03 03:30:00,UNIDADE MOVEL RECREIO,0.0,22.18,84.38,0.98,,0.05,,,12.49,,12.0,-23.02002468,-43.48157137
2018-02-03 04:30:00,UNIDADE MOVEL RECREIO,0.0,22.18,83.23,0.99,,0.06,,,9.55,,6.0,-23.02002468,-43.48157137
2018-02-03 05:30:00,UNIDADE MOVEL RECREIO,0.0,22.72,85.23,0.98,,0.09,,,10.61,,5.0,-23.02002468,-43.48157137
2018-02-03 06:30:00,UNIDADE MOVEL RECREIO,3.0,22.25,90.73,1.04,,0.13,,,8.73,,5.0,-23.02002468,-43.48157137
2018-02-03 07:30:00,UNIDADE MOVEL RECREIO,1.0,22.35,92.27,1.11,,0.16,,,7.8,,5.0,-23.02002468,-43.48157137
2018-02-03 08:30:00,UNIDADE MOVEL RECREIO,0.0,24.38,85.97,1.18,,0.15,,,17.29,,5.0,-23.02002468,-43.48157137
2018-02-03 09:30:00,UNIDADE MOVEL RECREIO,0.0,27.3,68.12,1.82,,0.04,,,36.72,,5.0,-23.02002468,-43.48157137
2018-02-03 10:30:00,UNIDADE MOVEL RECREIO,0.0,27.9,64.93,2.9,,0.02,,,39.26,,5.0,-23.02002468,-43.48157137
2018-02-03 11:30:00,UNIDADE MOVEL RECREIO,0.0,28.15,63.92,3.36,,0.02,,,45.46,,5.0,-23.02002468,-43.48157137
2018-02-03 12:30:00,UNIDADE MOVEL RECREIO,0.0,28.17,64.08,3.49,,0.01,,,52.49,,9.0,-23.02002468,-43.48157137
2018-02-03 13:30:00,UNIDADE MOVEL RECREIO,0.0,28.67,62.93,3.67,,0.01,,,44.05,,8.0,-23.02002468,-43.48157137
2018-02-03 14:30:00,UNIDADE MOVEL RECREIO,0.0,27.57,65.65,4.08,,0.01,,,36.6,,8.0,-23.02002468,-43.48157137
2018-02-03 15:30:00,UNIDADE MOVEL RECREIO,0.0,27.58,63.23,3.92,,0.01,,,35.33,,8.0,-23.02002468,-43.48157137
2018-02-03 16:30:00,UNIDADE MOVEL RECREIO,0.0,26.37,65.52,3.65,,0.02,,,36.55,,5.0,-23.02002468,-43.48157137
2018-02-03 17:30:00,UNIDADE MOVEL RECREIO,0.0,25.43,68.3,2.45,,0.04,,,32.09,,5.0,-23.02002468,-43.48157137
2018-02-03 18:30:00,UNIDADE MOVEL RECREIO,0.0,25.13,68.32,1.82,,0.02,,,30.8,,5.0,-23.02002468,-43.48157137
2018-02-03 19:30:00,UNIDADE MOVEL RECREIO,0.0,24.73,67.73,1.74,,0.02,,,33.66,,18.0,-23.02002468,-43.48157137
2018-02-03 20:30:00,UNIDADE MOVEL RECREIO,0.0,24.8,66.1,1.51,,0.03,,,32.9,,12.0,-23.02002468,-43.48157137
2018-02-03 21:30:00,UNIDADE MOVEL RECREIO,0.0,24.35,68.45,1.64,,0.04,,,28.42,,5.0,-23.02002468,-43.48157137
2018-02-03 22:30:00,UNIDADE MOVEL RECREIO,0.0,22.87,78.03,1.44,,0.1,,,11.84,,12.0,-23.02002468,-43.48157137
2018-02-03 23:30:00,UNIDADE MOVEL RECREIO,0.0,22.52,78.85,1.6,,0.1,,,9.62,,12.0,-23.02002468,-43.48157137
2018-02-04 00:30:00,UNIDADE MOVEL RECREIO,0.0,22.05,80.87,1.76,,0.12,,,9.09,,7.0,-23.02002468,-43.48157137
2018-02-04 01:30:00,UNIDADE MOVEL RECREIO,0.0,21.6,81.72,1.68,,0.07,,,12.3,,5.0,-23.02002468,-43.48157137
2018-02-04 02:30:00,UNIDADE MOVEL RECREIO,0.0,20.93,83.15,1.48,,0.06,,,12.15,,5.0,-23.02002468,-43.48157137
2018-02-04 03:30:00,UNIDADE MOVEL RECREIO,0.0,20.57,83.7,1.46,,0.05,,,11.8,,5.0,-23.02002468,-43.48157137
2018-02-04 04:30:00,UNIDADE MOVEL RECREIO,0.0,20.0,85.7,1.24,,0.05,,,8.6,,12.0,-23.02002468,-43.48157137
2018-02-04 05:30:00,UNIDADE MOVEL RECREIO,0.0,20.0,83.82,1.27,,0.06,,,8.69,,8.0,-23.02002468,-43.48157137
2018-02-04 06:30:00,UNIDADE MOVEL RECREIO,0.0,20.12,82.73,1.28,,0.06,,,8.73,,5.0,-23.02002468,-43.48157137
2018-02-04 07:30:00,UNIDADE MOVEL RECREIO,0.0,21.77,76.27,1.16,,0.06,,,13.59,,5.0,-23.02002468,-43.48157137
2018-02-04 08:30:00,UNIDADE MOVEL RECREIO,0.0,24.13,66.72,1.33,,0.04,,,22.56,,7.0,-23.02002468,-43.48157137
2018-02-04 09:30:00,UNIDADE MOVEL RECREIO,0.0,25.8,58.38,1.42,,0.02,,,39.62,,7.0,-23.02002468,-43.48157137
2018-02-04 10:30:00,UNIDADE MOVEL RECREIO,0.0,26.37,57.72,1.88,,0.01,,,43.31,,5.0,-23.02002468,-43.48157137
2018-02-04 11:30:00,UNIDADE MOVEL RECREIO,0.0,26.83,56.93,2.31,,0.01,,,43.47,,8.0,-23.02002468,-43.48157137
2018-02-04 12:30:00,UNIDADE MOVEL RECREIO,0.0,26.98,56.8,2.73,,0.01,,,44.96,,9.0,-23.02002468,-43.48157137
2018-02-04 13:30:00,UNIDADE MOVEL RECREIO,0.0,26.92,57.48,2.85,,0.01,,,49.12,,9.0,-23.02002468,-43.48157137
2018-02-04 14:30:00,UNIDADE MOVEL RECREIO,0.0,26.75,57.85,2.99,,0.03,,,51.71,,5.0,-23.02002468,-43.48157137
2018-02-04 15:30:00,UNIDADE MOVEL RECREIO,0.0,27.07,57.98,2.9,,0.02,,,46.43,,5.0,-23.02002468,-43.48157137
2018-02-04 16:30:00,UNIDADE MOVEL RECREIO,0.0,26.0,60.88,2.65,,0.02,,,43.27,,6.0,-23.02002468,-43.48157137
2018-02-04 17:30:00,UNIDADE MOVEL RECREIO,0.0,25.17,64.13,2.1,,0.02,,,39.28,,10.0,-23.02002468,-43.48157137
2018-02-04 18:30:00,UNIDADE MOVEL RECREIO,0.0,24.75,67.35,1.92,,0.05,,,35.15,,7.0,-23.02002468,-43.48157137
2018-02-04 19:30:00,UNIDADE MOVEL RECREIO,0.0,24.43,70.12,1.92,,0.04,,,34.9,,5.0,-23.02002468,-43.48157137
2018-02-04 20:30:00,UNIDADE MOVEL RECREIO,0.0,24.1,71.93,1.56,,0.08,,,28.56,,5.0,-23.02002468,-43.48157137
2018-02-04 21:30:00,UNIDADE MOVEL RECREIO,0.0,23.23,76.52,1.69,,0.12,,,11.15,,5.0,-23.02002468,-43.48157137
2018-02-04 22:30:00,UNIDADE MOVEL RECREIO,0.0,23.02,78.25,1.76,,0.11,,,8.23,,13.0,-23.02002468,-43.48157137
2018-02-04 23:30:00,UNIDADE MOVEL RECREIO,0.0,22.67,78.75,1.62,,0.06,,,14.66,,9.0,-23.02002468,-43.48157137
2018-02-05 00:30:00,UNIDADE MOVEL RECREIO,0.0,22.32,80.1,1.48,,0.08,,,15.04,,5.0,-23.02002468,-43.48157137
2018-02-05 01:30:00,UNIDADE MOVEL RECREIO,0.0,22.18,80.93,1.65,,0.06,,,14.62,,5.0,-23.02002468,-43.48157137
2018-02-05 02:30:00,UNIDADE MOVEL RECREIO,0.0,21.92,81.43,1.46,,0.05,,,14.59,,12.0,-23.02002468,-43.48157137
2018-02-05 03:30:00,UNIDADE MOVEL RECREIO,0.0,21.93,81.12,1.42,,0.05,,,15.1,,5.0,-23.02002468,-43.48157137
2018-02-05 04:30:00,UNIDADE MOVEL RECREIO,0.0,22.0,83.4,1.62,,0.1,,,5.31,,11.0,-23.02002468,-43.48157137
2018-02-05 05:30:00,UNIDADE MOVEL RECREIO,0.0,21.22,86.55,1.76,,0.15,,,4.83,,9.0,-23.02002468,-43.48157137
2018-02-05 06:30:00,UNIDADE MOVEL RECREIO,0.0,20.93,86.5,1.79,,0.16,,,7.3,,13.0,-23.02002468,-43.48157137
2018-02-05 07:30:00,UNIDADE MOVEL RECREIO,0.0,21.2,88.03,1.75,,0.28,,,5.5,,9.0,-23.02002468,-43.48157137
2018-02-05 08:30:00,UNIDADE MOVEL RECREIO,0.0,22.22,82.85,2.21,,0.24,,,7.86,,8.0,-23.02002468,-43.48157137
2018-02-05 09:30:00,UNIDADE MOVEL RECREIO,0.0,23.4,75.75,2.46,,0.28,,,9.43,,7.0,-23.02002468,-43.48157137
2018-02-05 10:30:00,UNIDADE MOVEL RECREIO,0.0,23.3,72.97,2.65,,0.23,,,12.64,,16.0,-23.02002468,-43.48157137
2018-02-05 11:30:00,UNIDADE MOVEL RECREIO,0.0,22.97,73.47,2.71,,0.26,,,15.53,,10.0,-23.02002468,-43.48157137
2018-02-05 12:30:00,UNIDADE MOVEL RECREIO,1.0,22.25,74.18,2.1,,0.14,,,32.4,,13.0,-23.02002468,-43.48157137
2018-02-05 13:30:00,UNIDADE MOVEL RECREIO,0.0,21.98,77.3,2.02,,0.12,,,42.49,,10.0,-23.02002468,-43.48157137
2018-02-05 14:30:00,UNIDADE MOVEL RECREIO,0.0,21.72,78.82,2.06,,0.08,,,43.31,,17.0,-23.02002468,-43.48157137
2018-02-05 15:30:00,UNIDADE MOVEL RECREIO,0.0,21.47,83.33,2.1,,0.16,,,33.4,,20.0,-23.02002468,-43.48157137
2018-02-05 16:30:00,UNIDADE MOVEL RECREIO,0.0,21.25,86.67,2.34,,0.23,,,25.96,,19.0,-23.02002468,-43.48157137
2018-02-05 17:30:00,UNIDADE MOVEL RECREIO,0.0,21.18,86.55,2.29,,0.3,,,15.87,,17.0,-23.02002468,-43.48157137
2018-02-05 18:30:00,UNIDADE MOVEL RECREIO,0.0,21.15,87.9,2.09,,0.31,,,12.07,,18.0,-23.02002468,-43.48157137
2018-02-05 19:30:00,UNIDADE MOVEL RECREIO,0.0,20.88,89.08,2.05,,0.2,,,12.4,,12.0,-23.02002468,-43.48157137
2018-02-05 20:30:00,UNIDADE MOVEL RECREIO,0.0,20.88,85.98,2.12,,0.22,,,11.92,,7.0,-23.02002468,-43.48157137
2018-02-05 21:30:00,UNIDADE MOVEL RECREIO,0.0,20.8,87.17,1.6,,0.11,,,10.93,,8.0,-23.02002468,-43.48157137
2018-02-05 22:30:00,UNIDADE MOVEL RECREIO,0.0,20.9,87.7,1.52,,0.11,,,9.12,,7.0,-23.02002468,-43.48157137
2018-02-05 23:30:00,UNIDADE MOVEL RECREIO,0.0,20.7,88.22,1.2650000000000001,,0.12,,,10.25,,5.0,-23.02002468,-43.48157137
2018-02-06 00:30:00,UNIDADE MOVEL RECREIO,0.0,20.4,90.58,1.01,,0.07,,,9.18,,8.0,-23.02002468,-43.48157137
2018-02-06 01:30:00,UNIDADE MOVEL RECREIO,0.0,20.23,91.5,1.01,,0.09,,,8.95,,9.0,-23.02002468,-43.48157137
2018-02-06 02:30:00,UNIDADE MOVEL RECREIO,0.0,20.2,91.43,1.11,,0.06,,,11.98,,10.0,-23.02002468,-43.48157137
2018-02-06 03:30:00,UNIDADE MOVEL RECREIO,0.0,20.2,91.45,0.92,,0.06,,,10.39,,8.0,-23.02002468,-43.48157137
2018-02-06 04:30:00,UNIDADE MOVEL RECREIO,0.0,20.28,91.23,1.0,,0.08,,,6.43,,11.0,-23.02002468,-43.48157137
2018-02-06 05:30:00,UNIDADE MOVEL RECREIO,0.0,20.47,90.45,1.06,,0.19,,,3.33,,11.0,-23.02002468,-43.48157137
2018-02-06 06:30:00,UNIDADE MOVEL RECREIO,0.0,20.52,90.2,1.5,,0.44,,,4.01,,6.0,-23.02002468,-43.48157137
2018-02-06 07:30:00,UNIDADE MOVEL RECREIO,0.0,21.25,87.08,1.78,,0.35,,,6.17,,16.0,-23.02002468,-43.48157137
2018-02-06 08:30:00,UNIDADE MOVEL RECREIO,0.0,22.65,81.1,1.44,,0.22,,,10.11,,9.0,-23.02002468,-43.48157137
2018-02-06 09:30:00,UNIDADE MOVEL RECREIO,0.0,24.25,71.63,1.38,,0.12,,,25.27,,14.0,-23.02002468,-43.48157137
2018-02-06 10:30:00,UNIDADE MOVEL RECREIO,0.0,24.98,68.4,2.14,,0.1,,,33.88,,10.0,-23.02002468,-43.48157137
2018-02-06 11:30:00,UNIDADE MOVEL RECREIO,0.0,25.87,63.62,2.11,,0.11,,,37.93,,5.0,-23.02002468,-43.48157137
2018-02-06 12:30:00,UNIDADE MOVEL RECREIO,0.0,27.1,61.33,2.64,,0.12,,,48.44,,12.0,-23.02002468,-43.48157137
2018-02-06 13:30:00,UNIDADE MOVEL RECREIO,0.0,28.17,55.63,3.34,,0.05,,,59.27,,14.0,-23.02002468,-43.48157137
2018-02-06 14:30:00,UNIDADE MOVEL RECREIO,0.0,28.28,60.93,3.33,,0.04,,,57.34,,9.0,-23.02002468,-43.48157137
2018-02-06 15:30:00,UNIDADE MOVEL RECREIO,0.0,27.58,63.5,3.75,,0.03,,,56.62,,16.0,-23.02002468,-43.48157137
2018-02-06 16:30:00,UNIDADE MOVEL RECREIO,0.0,27.53,63.8,3.99,,0.02,,,51.45,,9.0,-23.02002468,-43.48157137
2018-02-06 17:30:00,UNIDADE MOVEL RECREIO,0.0,26.08,68.0,4.42,,0.03,,,59.32,,5.0,-23.02002468,-43.48157137
2018-02-06 18:30:00,UNIDADE MOVEL RECREIO,0.0,24.88,73.3,3.41,,0.04,,,63.46,,5.0,-23.02002468,-43.48157137
2018-02-06 19:30:00,UNIDADE MOVEL RECREIO,0.0,24.53,75.2,2.4,,0.07,,,59.98,,5.0,-23.02002468,-43.48157137
2018-02-06 20:30:00,UNIDADE MOVEL RECREIO,1.0,23.37,84.13,2.19,,0.14,,,33.13,,10.0,-23.02002468,-43.48157137
2018-02-06 21:30:00,UNIDADE MOVEL RECREIO,1.0,22.32,90.28,2.02,,0.25,,,16.11,,11.0,-23.02002468,-43.48157137
2018-02-06 22:30:00,UNIDADE MOVEL RECREIO,1.0,21.95,91.85,1.8,,0.17,,,16.22,,6.0,-23.02002468,-43.48157137
2018-02-06 23:30:00,UNIDADE MOVEL RECREIO,1.0,21.65,92.58,1.835,,0.11,,,16.88,,6.0,-23.02002468,-43.48157137
2018-02-07 00:30:00,UNIDADE MOVEL RECREIO,0.0,21.68,92.88,1.87,,0.07,,,16.75,,8.0,-23.02002468,-43.48157137
2018-02-07 01:30:00,UNIDADE MOVEL RECREIO,0.0,21.4,93.28,1.75,,0.05,,,18.27,,6.0,-23.02002468,-43.48157137
2018-02-07 02:30:00,UNIDADE MOVEL RECREIO,0.0,21.4,93.25,1.5,,0.05,,,19.92,,5.0,-23.02002468,-43.48157137
2018-02-07 03:30:00,UNIDADE MOVEL RECREIO,0.0,21.45,92.95,1.65,,0.06,,,17.49,,10.0,-23.02002468,-43.48157137
2018-02-07 04:30:00,UNIDADE MOVEL RECREIO,0.0,21.75,92.48,1.81,,0.1,,,11.18,,5.0,-23.02002468,-43.48157137
2018-02-07 05:30:00,UNIDADE MOVEL RECREIO,0.0,22.02,91.23,2.14,,0.22,,,3.95,,5.0,-23.02002468,-43.48157137
2018-02-07 06:30:00,UNIDADE MOVEL RECREIO,0.0,22.08,90.72,2.43,,0.28,,,4.2,,5.0,-23.02002468,-43.48157137
2018-02-07 07:30:00,UNIDADE MOVEL RECREIO,0.0,23.68,84.13,2.48,,0.21,,,8.71,,15.0,-23.02002468,-43.48157137
2018-02-07 08:30:00,UNIDADE MOVEL RECREIO,0.0,25.47,75.78,3.27,,0.13,,,17.57,,5.0,-23.02002468,-43.48157137
2018-02-07 09:30:00,UNIDADE MOVEL RECREIO,0.0,26.57,70.55,3.9,,0.06,,,25.46,,22.0,-23.02002468,-43.48157137
2018-02-07 10:30:00,UNIDADE MOVEL RECREIO,0.0,26.53,70.65,3.09,,0.03,,,33.12,,15.0,-23.02002468,-43.48157137
2018-02-07 11:30:00,UNIDADE MOVEL RECREIO,0.0,27.67,66.87,2.65,,0.02,,,44.49,,17.0,-23.02002468,-43.48157137
2018-02-07 12:30:00,UNIDADE MOVEL RECREIO,0.0,26.75,70.07,3.3,,0.01,,,45.1,,18.0,-23.02002468,-43.48157137
2018-02-07 13:30:00,UNIDADE MOVEL RECREIO,0.0,26.72,70.23,3.35,,0.01,,,44.85,,9.0,-23.02002468,-43.48157137
2018-02-07 14:30:00,UNIDADE MOVEL RECREIO,0.0,26.53,68.57,3.19,,0.01,,,41.73,,5.0,-23.02002468,-43.48157137
2018-02-07 15:30:00,UNIDADE MOVEL RECREIO,0.0,26.9,65.62,2.9,,0.01,,,38.78,,5.0,-23.02002468,-43.48157137
2018-02-07 16:30:00,UNIDADE MOVEL RECREIO,0.0,26.68,68.07,2.88,,0.02,,,39.0,,5.0,-23.02002468,-43.48157137
2018-02-07 17:30:00,UNIDADE MOVEL RECREIO,0.0,26.15,71.38,2.71,,0.03,,,36.67,,7.0,-23.02002468,-43.48157137
2018-02-07 18:30:00,UNIDADE MOVEL RECREIO,0.0,25.55,74.03,2.57,,0.03,,,30.24,,9.0,-23.02002468,-43.48157137
2018-02-07 19:30:00,UNIDADE MOVEL RECREIO,0.0,25.07,75.83,2.33,,0.03,,,29.74,,8.0,-23.02002468,-43.48157137
2018-02-07 20:30:00,UNIDADE MOVEL RECREIO,0.0,24.55,78.52,2.19,,0.18,,,17.36,,5.0,-23.02002468,-43.48157137
2018-02-07 21:30:00,UNIDADE MOVEL RECREIO,0.0,23.8,82.25,2.41,,0.26,,,12.44,,23.0,-23.02002468,-43.48157137
2018-02-07 22:30:00,UNIDADE MOVEL RECREIO,0.0,23.25,84.08,2.13,,0.12,,,10.51,,20.0,-23.02002468,-43.48157137
2018-02-07 23:30:00,UNIDADE MOVEL RECREIO,0.0,22.82,85.88,2.09,,0.2,,,10.65,,8.0,-23.02002468,-43.48157137
2018-02-08 00:30:00,UNIDADE MOVEL RECREIO,0.0,22.4,85.57,2.05,,0.13,,,11.44,,10.0,-23.02002468,-43.48157137
2018-02-08 01:30:00,UNIDADE MOVEL RECREIO,0.0,21.83,87.53,2.14,,0.1,,,10.0,,17.0,-23.02002468,-43.48157137
2018-02-08 02:30:00,UNIDADE MOVEL RECREIO,0.0,21.52,87.62,1.87,,0.05,,,9.84,,17.0,-23.02002468,-43.48157137
2018-02-08 03:30:00,UNIDADE MOVEL RECREIO,0.0,21.2,88.68,2.16,,0.07,,,7.14,,18.0,-23.02002468,-43.48157137
2018-02-08 04:30:00,UNIDADE MOVEL RECREIO,0.0,21.02,87.27,2.03,,0.07,,,6.53,,13.0,-23.02002468,-43.48157137
2018-02-08 05:30:00,UNIDADE MOVEL RECREIO,0.0,20.97,86.42,2.33,,0.24,,,3.54,,7.0,-23.02002468,-43.48157137
2018-02-08 06:30:00,UNIDADE MOVEL RECREIO,0.0,21.23,85.5,2.5,,0.17,,,4.2,,5.0,-23.02002468,-43.48157137
2018-02-08 07:30:00,UNIDADE MOVEL RECREIO,0.0,23.68,76.85,2.49,,0.14,,,10.94,,8.0,-23.02002468,-43.48157137
2018-02-08 08:30:00,UNIDADE MOVEL RECREIO,0.0,26.55,64.5,2.7,,0.09,,,27.11,,9.0,-23.02002468,-43.48157137
2018-02-08 09:30:00,UNIDADE MOVEL RECREIO,0.0,27.58,63.47,3.46,,0.04,,,40.88,,5.0,-23.02002468,-43.48157137
2018-02-08 10:30:00,UNIDADE MOVEL RECREIO,0.0,28.3,63.68,4.37,,0.03,,,48.94,,5.0,-23.02002468,-43.48157137
2018-02-08 11:30:00,UNIDADE MOVEL RECREIO,0.0,28.27,62.93,5.18,,0.03,,,62.13,,6.0,-23.02002468,-43.48157137
2018-02-08 12:30:00,UNIDADE MOVEL RECREIO,0.0,28.02,63.78,5.53,,0.02,,,70.53,,5.0,-23.02002468,-43.48157137
2018-02-08 13:30:00,UNIDADE MOVEL RECREIO,0.0,28.67,64.12,5.42,,0.02,,,69.28,,6.0,-23.02002468,-43.48157137
2018-02-08 14:30:00,UNIDADE MOVEL RECREIO,0.0,28.62,64.22,5.33,,0.02,,,57.04,,5.0,-23.02002468,-43.48157137
2018-02-08 15:30:00,UNIDADE MOVEL RECREIO,0.0,28.07,64.92,5.71,,0.01,,,48.02,,5.0,-23.02002468,-43.48157137
2018-02-08 16:30:00,UNIDADE MOVEL RECREIO,0.0,27.92,63.83,5.68,,0.01,,,41.69,,5.0,-23.02002468,-43.48157137
2018-02-08 17:30:00,UNIDADE MOVEL RECREIO,0.0,27.45,65.87,5.62,,0.01,,,41.43,,7.0,-23.02002468,-43.48157137
2018-02-08 18:30:00,UNIDADE MOVEL RECREIO,0.0,26.08,71.02,4.99,,0.02,,,40.52,,5.0,-23.02002468,-43.48157137
2018-02-08 19:30:00,UNIDADE MOVEL RECREIO,0.0,25.57,74.78,3.74,,0.03,,,47.84,,5.0,-23.02002468,-43.48157137
2018-02-08 20:30:00,UNIDADE MOVEL RECREIO,0.0,25.57,76.62,3.18,,0.04,,,51.83,,5.0,-23.02002468,-43.48157137
2018-02-08 21:30:00,UNIDADE MOVEL RECREIO,0.0,25.33,77.27,2.97,,0.06,,,45.49,,5.0,-23.02002468,-43.48157137
2018-02-08 22:30:00,UNIDADE MOVEL RECREIO,0.0,23.63,82.05,2.88,,0.08,,,19.66,,5.0,-23.02002468,-43.48157137
2018-02-08 23:30:00,UNIDADE MOVEL RECREIO,0.0,23.07,85.3,2.2,,0.1,,,17.11,,10.0,-23.02002468,-43.48157137
2018-02-09 00:30:00,UNIDADE MOVEL RECREIO,0.0,22.72,87.48,1.52,,0.11,,,13.77,,12.0,-23.02002468,-43.48157137
2018-02-09 01:30:00,UNIDADE MOVEL RECREIO,0.0,22.5,86.98,1.49,,0.08,,,14.38,,20.0,-23.02002468,-43.48157137
2018-02-09 02:30:00,UNIDADE MOVEL RECREIO,0.0,22.0,88.55,1.34,,0.1,,,9.41,,8.0,-23.02002468,-43.48157137
2018-02-09 03:30:00,UNIDADE MOVEL RECREIO,0.0,21.83,88.4,1.18,,0.08,,,11.76,,8.0,-23.02002468,-43.48157137
2018-02-09 04:30:00,UNIDADE MOVEL RECREIO,0.0,21.52,87.27,1.15,,0.08,,,9.16,,8.0,-23.02002468,-43.48157137
2018-02-09 05:30:00,UNIDADE MOVEL RECREIO,0.0,21.32,85.53,1.24,,0.19,,,6.81,,9.0,-23.02002468,-43.48157137
2018-02-09 06:30:00,UNIDADE MOVEL RECREIO,0.0,21.92,85.03,1.68,,0.31,,,5.92,,15.0,-23.02002468,-43.48157137
2018-02-09 07:30:00,UNIDADE MOVEL RECREIO,0.0,24.28,77.62,1.54,,0.19,,,15.64,,18.0,-23.02002468,-43.48157137
2018-02-09 08:30:00,UNIDADE MOVEL RECREIO,0.0,27.25,67.88,2.23,,0.12,,,35.59,,12.0,-23.02002468,-43.48157137
2018-02-09 09:30:00,UNIDADE MOVEL RECREIO,0.0,28.43,63.6,6.33,,0.07,,,54.31,,6.0,-23.02002468,-43.48157137
2018-02-09 10:30:00,UNIDADE MOVEL RECREIO,0.0,29.52,62.45,6.74,,0.1,,,68.26,,7.0,-23.02002468,-43.48157137
2018-02-09 11:30:00,UNIDADE MOVEL RECREIO,0.0,29.8,62.85,6.08,,0.14,,,91.51,,19.0,-23.02002468,-43.48157137
2018-02-09 12:30:00,UNIDADE MOVEL RECREIO,0.0,29.6,64.65,4.93,,0.11,,,123.23,,21.0,-23.02002468,-43.48157137
2018-02-09 13:30:00,UNIDADE MOVEL RECREIO,0.0,29.02,67.6,3.7,,0.07,,,125.91,,22.0,-23.02002468,-43.48157137
2018-02-09 14:30:00,UNIDADE MOVEL RECREIO,0.0,29.1,67.48,3.57,,0.04,,,77.96,,10.0,-23.02002468,-43.48157137
2018-02-09 15:30:00,UNIDADE MOVEL RECREIO,0.0,29.02,67.53,3.6,,0.03,,,77.46,,9.0,-23.02002468,-43.48157137
2018-02-09 16:30:00,UNIDADE MOVEL RECREIO,0.0,29.05,71.03,3.63,,0.04,,,64.76,,7.0,-23.02002468,-43.48157137
2018-02-09 17:30:00,UNIDADE MOVEL RECREIO,0.0,28.43,74.22,4.01,,0.04,,,59.83,,12.0,-23.02002468,-43.48157137
2018-02-09 18:30:00,UNIDADE MOVEL RECREIO,0.0,27.15,80.75,3.72,,0.06,,,59.44,,19.0,-23.02002468,-43.48157137
2018-02-09 19:30:00,UNIDADE MOVEL RECREIO,0.0,27.05,81.53,2.35,,0.11,,,62.55,,15.0,-23.02002468,-43.48157137
2018-02-09 20:30:00,UNIDADE MOVEL RECREIO,0.0,25.7,82.12,2.19,,0.39,,,22.42,,10.0,-23.02002468,-43.48157137
2018-02-09 21:30:00,UNIDADE MOVEL RECREIO,0.0,25.28,81.33,2.17,,0.43,,,15.52,,35.0,-23.02002468,-43.48157137
2018-02-09 22:30:00,UNIDADE MOVEL RECREIO,0.0,25.0,83.62,2.06,,0.54,,,11.88,,24.0,-23.02002468,-43.48157137
2018-02-09 23:30:00,UNIDADE MOVEL RECREIO,0.0,24.63,85.87,2.085,,0.38,,,9.12,,22.0,-23.02002468,-43.48157137
2018-02-10 00:30:00,UNIDADE MOVEL RECREIO,0.0,24.3,84.22,2.11,,0.23,,,8.19,,16.0,-23.02002468,-43.48157137
2018-02-10 01:30:00,UNIDADE MOVEL RECREIO,0.0,23.9,81.9,1.91,,0.1,,,17.39,,12.0,-23.02002468,-43.48157137
2018-02-10 02:30:00,UNIDADE MOVEL RECREIO,0.0,23.67,84.53,1.77,,0.14,,,14.54,,7.0,-23.02002468,-43.48157137
2018-02-10 03:30:00,UNIDADE MOVEL RECREIO,0.0,23.42,85.03,1.71,,0.14,,,10.6,,9.0,-23.02002468,-43.48157137
2018-02-10 04:30:00,UNIDADE MOVEL RECREIO,0.0,23.18,87.18,1.7,,0.18,,,7.25,,10.0,-23.02002468,-43.48157137
2018-02-10 05:30:00,UNIDADE MOVEL RECREIO,0.0,23.25,86.98,1.57,,0.19,,,7.56,,11.0,-23.02002468,-43.48157137
2018-02-10 06:30:00,UNIDADE MOVEL RECREIO,0.0,23.7,85.25,1.74,,0.23,,,6.9,,9.0,-23.02002468,-43.48157137
2018-02-10 07:30:00,UNIDADE MOVEL RECREIO,0.0,26.43,75.93,1.68,,0.24,,,16.08,,19.0,-23.02002468,-43.48157137
2018-02-10 08:30:00,UNIDADE MOVEL RECREIO,0.0,28.68,70.23,2.08,,0.17,,,40.71,,17.0,-23.02002468,-43.48157137
2018-02-10 09:30:00,UNIDADE MOVEL RECREIO,0.0,28.88,70.77,2.71,,0.17,,,47.92,,25.0,-23.02002468,-43.48157137
2018-02-10 10:30:00,UNIDADE MOVEL RECREIO,0.0,29.62,69.48,2.96,,0.17,,,43.01,,22.0,-23.02002468,-43.48157137
2018-02-10 11:30:00,UNIDADE MOVEL RECREIO,0.0,30.48,64.47,2.87,,0.08,,,77.71,,16.0,-23.02002468,-43.48157137
2018-02-10 12:30:00,UNIDADE MOVEL RECREIO,0.0,31.03,64.68,3.13,,0.06,,,113.38,,13.0,-23.02002468,-43.48157137
2018-02-10 13:30:00,UNIDADE MOVEL RECREIO,0.0,31.05,64.3,3.2,,0.04,,,87.67,,14.0,-23.02002468,-43.48157137
2018-02-10 14:30:00,UNIDADE MOVEL RECREIO,0.0,31.25,60.93,3.6,,0.04,,,85.92,,11.0,-23.02002468,-43.48157137
2018-02-10 15:30:00,UNIDADE MOVEL RECREIO,0.0,31.52,61.18,3.98,,0.03,,,80.28,,5.0,-23.02002468,-43.48157137
2018-02-10 16:30:00,UNIDADE MOVEL RECREIO,0.0,31.22,63.12,4.49,,0.03,,,73.23,,5.0,-23.02002468,-43.48157137
2018-02-10 17:30:00,UNIDADE MOVEL RECREIO,0.0,30.37,65.02,4.29,,0.04,,,61.28,,7.0,-23.02002468,-43.48157137
2018-02-10 18:30:00,UNIDADE MOVEL RECREIO,0.0,28.92,70.93,3.78,,0.06,,,61.9,,19.0,-23.02002468,-43.48157137
2018-02-10 19:30:00,UNIDADE MOVEL RECREIO,0.0,28.3,74.83,2.91,,0.09,,,54.78,,49.0,-23.02002468,-43.48157137
2018-02-10 20:30:00,UNIDADE MOVEL RECREIO,0.0,28.17,75.68,2.63,,0.13,,,41.57,,8.0,-23.02002468,-43.48157137
2018-02-10 21:30:00,UNIDADE MOVEL RECREIO,0.0,28.2,73.5,2.42,,0.16,,,38.1,,14.0,-23.02002468,-43.48157137
2018-02-10 22:30:00,UNIDADE MOVEL RECREIO,0.0,27.15,71.47,2.24,,0.12,,,54.47,,12.0,-23.02002468,-43.48157137
2018-02-10 23:30:00,UNIDADE MOVEL RECREIO,0.0,26.17,67.32,2.165,,0.06,,,60.27,,11.0,-23.02002468,-43.48157137
2018-02-11 00:30:00,UNIDADE MOVEL RECREIO,0.0,26.1,64.52,2.09,,0.07,,,47.72,,5.0,-23.02002468,-43.48157137
2018-02-11 01:30:00,UNIDADE MOVEL RECREIO,0.0,26.3,61.37,2.1,,0.09,,,47.2,,14.0,-23.02002468,-43.48157137
2018-02-11 02:30:00,UNIDADE MOVEL RECREIO,0.0,25.38,66.75,1.99,,0.09,,,36.06,,8.0,-23.02002468,-43.48157137
2018-02-11 03:30:00,UNIDADE MOVEL RECREIO,0.0,24.75,69.73,1.95,,0.09,,,29.84,,11.0,-23.02002468,-43.48157137
2018-02-11 04:30:00,UNIDADE MOVEL RECREIO,0.0,25.12,66.75,2.1,,0.21,,,15.45,,18.0,-23.02002468,-43.48157137
2018-02-11 05:30:00,UNIDADE MOVEL RECREIO,0.0,24.58,71.38,2.26,,0.24,,,10.74,,9.0,-23.02002468,-43.48157137
2018-02-11 06:30:00,UNIDADE MOVEL RECREIO,0.0,23.97,73.48,2.16,,0.14,,,16.31,,9.0,-23.02002468,-43.48157137
2018-02-11 07:30:00,UNIDADE MOVEL RECREIO,0.0,26.43,65.05,2.23,,0.11,,,26.45,,8.0,-23.02002468,-43.48157137
2018-02-11 08:30:00,UNIDADE MOVEL RECREIO,0.0,28.18,58.33,2.33,,0.05,,,53.88,,16.0,-23.02002468,-43.48157137
2018-02-11 09:30:00,UNIDADE MOVEL RECREIO,0.0,30.0,52.28,3.49,,0.04,,,75.82,,8.0,-23.02002468,-43.48157137
2018-02-11 10:30:00,UNIDADE MOVEL RECREIO,0.0,30.23,57.53,4.09,,0.05,,,92.63,,9.0,-23.02002468,-43.48157137
2018-02-11 11:30:00,UNIDADE MOVEL RECREIO,0.0,30.15,60.25,5.62,,0.06,,,140.41,,23.0,-23.02002468,-43.48157137
2018-02-11 12:30:00,UNIDADE MOVEL RECREIO,0.0,30.4,60.7,6.82,,0.05,,,128.99,,22.0,-23.02002468,-43.48157137
2018-02-11 13:30:00,UNIDADE MOVEL RECREIO,0.0,30.68,62.1,5.41,,0.05,,,98.88,,14.0,-23.02002468,-43.48157137
2018-02-11 14:30:00,UNIDADE MOVEL RECREIO,0.0,31.13,59.1,4.54,,0.06,,,94.0,,10.0,-23.02002468,-43.48157137
2018-02-11 15:30:00,UNIDADE MOVEL RECREIO,0.0,31.27,58.17,4.8,,0.03,,,92.31,,11.0,-23.02002468,-43.48157137
2018-02-11 16:30:00,UNIDADE MOVEL RECREIO,0.0,31.13,59.58,4.79,,0.04,,,82.62,,10.0,-23.02002468,-43.48157137
2018-02-11 17:30:00,UNIDADE MOVEL RECREIO,0.0,30.5,60.03,4.57,,0.04,,,73.16,,12.0,-23.02002468,-43.48157137
2018-02-11 18:30:00,UNIDADE MOVEL RECREIO,0.0,29.32,65.67,4.88,,0.04,,,61.48,,14.0,-23.02002468,-43.48157137
2018-02-11 19:30:00,UNIDADE MOVEL RECREIO,0.0,28.72,69.73,3.99,,0.11,,,50.17,,13.0,-23.02002468,-43.48157137
2018-02-11 20:30:00,UNIDADE MOVEL RECREIO,0.0,28.18,72.87,3.4,,0.34,,,15.44,,16.0,-23.02002468,-43.48157137
2018-02-11 21:30:00,UNIDADE MOVEL RECREIO,0.0,27.5,75.33,3.23,,0.33,,,16.95,,17.0,-23.02002468,-43.48157137
2018-02-11 22:30:00,UNIDADE MOVEL RECREIO,0.0,27.78,74.7,3.0,,0.29,,,28.98,,22.0,-23.02002468,-43.48157137
2018-02-11 23:30:00,UNIDADE MOVEL RECREIO,0.0,28.07,74.95,2.5149999999999997,,0.18,,,41.82,,33.0,-23.02002468,-43.48157137
2018-02-12 00:30:00,UNIDADE MOVEL RECREIO,0.0,27.73,75.87,2.03,,0.22,,,46.66,,10.0,-23.02002468,-43.48157137
2018-02-12 01:30:00,UNIDADE MOVEL RECREIO,0.0,27.83,74.58,2.07,,0.12,,,62.53,,18.0,-23.02002468,-43.48157137
2018-02-12 02:30:00,UNIDADE MOVEL RECREIO,0.0,27.38,78.22,1.8,,0.1,,,58.72,,21.0,-23.02002468,-43.48157137
2018-02-12 03:30:00,UNIDADE MOVEL RECREIO,0.0,27.17,76.48,1.96,,0.14,,,57.61,,12.0,-23.02002468,-43.48157137
2018-02-12 04:30:00,UNIDADE MOVEL RECREIO,0.0,27.22,75.05,1.9,,0.17,,,41.96,,16.0,-23.02002468,-43.48157137
2018-02-12 05:30:00,UNIDADE MOVEL RECREIO,0.0,26.72,75.92,2.01,,0.36,,,15.03,,12.0,-23.02002468,-43.48157137
2018-02-12 06:30:00,UNIDADE MOVEL RECREIO,0.0,27.67,66.18,2.31,,0.35,,,9.4,,12.0,-23.02002468,-43.48157137
2018-02-12 07:30:00,UNIDADE MOVEL RECREIO,0.0,29.1,53.55,2.02,,0.11,,,23.4,,11.0,-23.02002468,-43.48157137
2018-02-12 08:30:00,UNIDADE MOVEL RECREIO,0.0,29.57,52.28,1.99,,0.09,,,29.25,,5.0,-23.02002468,-43.48157137
2018-02-12 09:30:00,UNIDADE MOVEL RECREIO,0.0,30.73,47.75,2.52,,0.2,,,31.13,,5.0,-23.02002468,-43.48157137
2018-02-12 10:30:00,UNIDADE MOVEL RECREIO,0.0,33.52,39.87,2.72,,0.11,,,42.35,,5.0,-23.02002468,-43.48157137
2018-02-12 11:30:00,UNIDADE MOVEL RECREIO,0.0,35.5,34.8,3.69,,0.07,,,53.43,,15.0,-23.02002468,-43.48157137
2018-02-12 12:30:00,UNIDADE MOVEL RECREIO,0.0,35.7,37.65,4.99,,0.06,,,66.97,,54.0,-23.02002468,-43.48157137
2018-02-12 13:30:00,UNIDADE MOVEL RECREIO,0.0,32.85,58.13,5.94,,0.07,,,124.38,,12.0,-23.02002468,-43.48157137
2018-02-12 14:30:00,UNIDADE MOVEL RECREIO,0.0,31.55,64.12,5.88,,0.06,,,146.6,,12.0,-23.02002468,-43.48157137
2018-02-12 15:30:00,UNIDADE MOVEL RECREIO,0.0,30.98,64.28,5.13,,0.1,,,148.88,,16.0,-23.02002468,-43.48157137
2018-02-12 16:30:00,UNIDADE MOVEL RECREIO,0.0,30.65,64.57,4.78,,0.08,,,132.13,,18.0,-23.02002468,-43.48157137
2018-02-12 17:30:00,UNIDADE MOVEL RECREIO,0.0,29.77,67.28,4.76,,0.07,,,133.81,,18.0,-23.02002468,-43.48157137
2018-02-12 18:30:00,UNIDADE MOVEL RECREIO,0.0,28.28,72.22,4.59,,0.07,,,110.44,,16.0,-23.02002468,-43.48157137
2018-02-12 19:30:00,UNIDADE MOVEL RECREIO,0.0,28.02,68.82,3.3,,0.09,,,116.22,,17.0,-23.02002468,-43.48157137
2018-02-12 20:30:00,UNIDADE MOVEL RECREIO,0.0,27.78,69.67,2.9,,0.15,,,104.48,,14.0,-23.02002468,-43.48157137
2018-02-12 21:30:00,UNIDADE MOVEL RECREIO,0.0,27.47,72.05,2.74,,0.18,,,78.58,,20.0,-23.02002468,-43.48157137
2018-02-12 22:30:00,UNIDADE MOVEL RECREIO,0.0,26.87,74.73,2.52,,0.24,,,54.21,,26.0,-23.02002468,-43.48157137
2018-02-12 23:30:00,UNIDADE MOVEL RECREIO,0.0,26.55,76.13,1.915,,0.15,,,53.42,,21.0,-23.02002468,-43.48157137
2018-02-13 00:30:00,UNIDADE MOVEL RECREIO,0.0,26.23,77.7,1.31,,0.19,,,43.96,,24.0,-23.02002468,-43.48157137
2018-02-13 01:30:00,UNIDADE MOVEL RECREIO,0.0,26.2,78.25,1.18,,0.18,,,46.21,,11.0,-23.02002468,-43.48157137
2018-02-13 02:30:00,UNIDADE MOVEL RECREIO,0.0,25.85,80.75,0.98,,0.14,,,40.47,,11.0,-23.02002468,-43.48157137
2018-02-13 03:30:00,UNIDADE MOVEL RECREIO,0.0,25.37,81.18,1.07,,0.12,,,36.24,,9.0,-23.02002468,-43.48157137
2018-02-13 04:30:00,UNIDADE MOVEL RECREIO,0.0,25.23,82.18,0.98,,0.12,,,29.32,,6.0,-23.02002468,-43.48157137
2018-02-13 05:30:00,UNIDADE MOVEL RECREIO,0.0,25.63,79.3,0.99,,0.13,,,32.35,,12.0,-23.02002468,-43.48157137
2018-02-13 06:30:00,UNIDADE MOVEL RECREIO,0.0,25.93,80.08,0.82,,0.14,,,32.94,,11.0,-23.02002468,-43.48157137
2018-02-13 07:30:00,UNIDADE MOVEL RECREIO,0.0,27.3,76.6,0.88,,0.12,,,51.43,,8.0,-23.02002468,-43.48157137
2018-02-13 08:30:00,UNIDADE MOVEL RECREIO,0.0,27.88,76.17,0.9,,0.11,,,50.78,,8.0,-23.02002468,-43.48157137
2018-02-13 09:30:00,UNIDADE MOVEL RECREIO,0.0,27.98,76.4,0.83,,0.14,,,46.95,,10.0,-23.02002468,-43.48157137
2018-02-13 10:30:00,UNIDADE MOVEL RECREIO,0.0,28.35,73.48,0.9,,0.13,,,56.0,,14.0,-23.02002468,-43.48157137
2018-02-13 11:30:00,UNIDADE MOVEL RECREIO,0.0,26.58,79.2,0.83,,0.07,,,47.82,,12.0,-23.02002468,-43.48157137
2018-02-13 12:30:00,UNIDADE MOVEL RECREIO,0.0,26.88,72.82,0.81,,0.07,,,43.79,,6.0,-23.02002468,-43.48157137
2018-02-13 13:30:00,UNIDADE MOVEL RECREIO,0.0,27.03,68.85,0.95,,0.06,,,48.35,,8.0,-23.02002468,-43.48157137
2018-02-13 14:30:00,UNIDADE MOVEL RECREIO,0.0,26.98,68.92,0.81,,0.05,,,46.8,,5.0,-23.02002468,-43.48157137
2018-02-13 15:30:00,UNIDADE MOVEL RECREIO,0.0,27.15,68.53,0.65,,0.05,,,48.51,,5.0,-23.02002468,-43.48157137
2018-02-13 16:30:00,UNIDADE MOVEL RECREIO,0.0,26.33,71.1,0.49,,0.05,,,49.73,,6.0,-23.02002468,-43.48157137
2018-02-13 17:30:00,UNIDADE MOVEL RECREIO,0.0,25.53,75.15,0.32,,0.05,,,46.81,,5.0,-23.02002468,-43.48157137
2018-02-13 18:30:00,UNIDADE MOVEL RECREIO,0.0,24.68,81.02,0.1,,0.07,,,47.12,,12.0,-23.02002468,-43.48157137
2018-02-13 19:30:00,UNIDADE MOVEL RECREIO,0.0,25.25,76.25,0.17,,0.13,,,36.09,,7.0,-23.02002468,-43.48157137
2018-02-13 20:30:00,UNIDADE MOVEL RECREIO,0.0,25.65,77.67,0.32,,0.08,,,38.0,,5.0,-23.02002468,-43.48157137
2018-02-13 21:30:00,UNIDADE MOVEL RECREIO,0.0,24.8,87.68,0.38,,0.06,,,45.03,,8.0,-23.02002468,-43.48157137
2018-02-13 22:30:00,UNIDADE MOVEL RECREIO,0.0,24.05,90.38,0.2,,0.05,,,49.03,,10.0,-23.02002468,-43.48157137
2018-02-13 23:30:00,UNIDADE MOVEL RECREIO,0.0,24.22,92.02,0.865,,0.11,,,45.6,,11.0,-23.02002468,-43.48157137
2018-02-14 00:30:00,UNIDADE MOVEL RECREIO,0.0,23.97,89.97,1.53,,0.1,,,30.02,,7.0,-23.02002468,-43.48157137
2018-02-14 01:30:00,UNIDADE MOVEL RECREIO,0.0,23.57,87.27,1.73,,0.08,,,31.54,,7.0,-23.02002468,-43.48157137
2018-02-14 02:30:00,UNIDADE MOVEL RECREIO,0.0,22.79,87.3,1.85,,0.05,,,43.97,,8.0,-23.02002468,-43.48157137
2018-02-14 03:30:00,UNIDADE MOVEL RECREIO,0.0,22.43,88.6,1.84,,0.07,,,41.63,,8.0,-23.02002468,-43.48157137
2018-02-14 04:30:00,UNIDADE MOVEL RECREIO,0.0,22.9,84.4,1.7,,0.07,,,39.46,,5.0,-23.02002468,-43.48157137
2018-02-14 05:30:00,UNIDADE MOVEL RECREIO,0.0,23.15,87.33,1.77,,0.07,,,40.54,,5.0,-23.02002468,-43.48157137
2018-02-14 06:30:00,UNIDADE MOVEL RECREIO,0.0,22.55,91.16,1.75,,0.05,,,40.45,,6.0,-23.02002468,-43.48157137
2018-02-14 07:30:00,UNIDADE MOVEL RECREIO,0.0,22.36,92.14,1.65,,0.05,,,39.72,,11.0,-23.02002468,-43.48157137
2018-02-14 08:30:00,UNIDADE MOVEL RECREIO,0.0,22.52,91.9,1.65,,0.1,,,37.69,,9.0,-23.02002468,-43.48157137
2018-02-14 09:30:00,UNIDADE MOVEL RECREIO,0.0,25.35,76.54,1.81,,0.12,,,37.35,,6.0,-23.02002468,-43.48157137
2018-02-14 10:30:00,UNIDADE MOVEL RECREIO,0.0,26.27,73.75,2.06,,0.09,,,38.42,,5.0,-23.02002468,-43.48157137
2018-02-14 11:30:00,UNIDADE MOVEL RECREIO,0.0,27.62,66.47,2.1,,0.07,,,53.26,,5.0,-23.02002468,-43.48157137
2018-02-14 12:30:00,UNIDADE MOVEL RECREIO,0.0,26.97,73.56,2.4,,0.07,,,54.11,,5.0,-23.02002468,-43.48157137
2018-02-14 13:30:00,UNIDADE MOVEL RECREIO,0.0,28.14,67.94,2.72,,0.05,,,66.78,,5.0,-23.02002468,-43.48157137
2018-02-14 14:30:00,UNIDADE MOVEL RECREIO,0.0,27.55,70.48,3.4,,0.04,,,78.9,,8.0,-23.02002468,-43.48157137
2018-02-14 15:30:00,UNIDADE MOVEL RECREIO,0.0,26.38,74.75,3.33,,0.04,,,79.63,,9.0,-23.02002468,-43.48157137
2018-02-14 16:30:00,UNIDADE MOVEL RECREIO,0.0,25.28,80.49,2.66,,0.05,,,63.46,,12.0,-23.02002468,-43.48157137
2018-02-14 17:30:00,UNIDADE MOVEL RECREIO,0.0,23.94,90.36,2.15,,0.07,,,55.04,,14.0,-23.02002468,-43.48157137
2018-02-14 18:30:00,UNIDADE MOVEL RECREIO,0.0,23.99,92.0,2.03,,0.08,,,51.29,,7.0,-23.02002468,-43.48157137
2018-02-14 19:30:00,UNIDADE MOVEL RECREIO,1.0,24.02,92.84,2.02,,0.11,,,42.07,,8.0,-23.02002468,-43.48157137
2018-02-14 20:30:00,UNIDADE MOVEL RECREIO,0.0,24.27,92.77,2.16,,0.09,,,24.44,,6.0,-23.02002468,-43.48157137
2018-02-14 21:30:00,UNIDADE MOVEL RECREIO,1.0,24.11,91.59,2.01,,0.08,,,21.57,,5.0,-23.02002468,-43.48157137
2018-02-14 22:30:00,UNIDADE MOVEL RECREIO,0.0,23.19,92.79,2.17,,0.07,,,16.23,,5.0,-23.02002468,-43.48157137
2018-02-15 15:30:00,UNIDADE MOVEL RECREIO,0.0,28.81,58.37,1.5,,0.09,,,38.358333333333334,,7.0,-23.02002468,-43.48157137
2018-02-15 16:30:00,UNIDADE MOVEL RECREIO,0.0,27.8,63.83,1.69,,0.01,,,39.66,,9.0,-23.02002468,-43.48157137
2018-02-15 17:30:00,UNIDADE MOVEL RECREIO,0.0,26.6,67.92,1.18,,0.03,,,36.6,,22.0,-23.02002468,-43.48157137
2018-02-15 18:30:00,UNIDADE MOVEL RECREIO,0.0,24.91,76.89,0.65,,0.04,,,40.27,,5.0,-23.02002468,-43.48157137
2018-02-15 19:30:00,UNIDADE MOVEL RECREIO,0.0,24.25,79.76,0.02,,0.04,,,30.42,,5.0,-23.02002468,-43.48157137
2018-02-15 20:30:00,UNIDADE MOVEL RECREIO,0.0,24.01,80.91,0.03,,0.06,,,25.44,,5.0,-23.02002468,-43.48157137
2018-02-15 21:30:00,UNIDADE MOVEL RECREIO,0.0,23.69,82.69,0.0,,0.1,,,20.04,,5.0,-23.02002468,-43.48157137
2018-02-15 22:30:00,UNIDADE MOVEL RECREIO,0.0,23.88,82.69,0.0,,0.04,,,24.02,,14.0,-23.02002468,-43.48157137
2018-02-15 23:30:00,UNIDADE MOVEL RECREIO,0.0,23.79,82.12,0.07,,0.06,,,22.48,,7.0,-23.02002468,-43.48157137
2018-02-16 00:30:00,UNIDADE MOVEL RECREIO,0.0,23.41,84.31,1.32,,0.07,,,20.82,,5.0,-23.02002468,-43.48157137
2018-02-16 01:30:00,UNIDADE MOVEL RECREIO,0.0,23.26,84.61,1.21,,0.06,,,17.34,,5.0,-23.02002468,-43.48157137
2018-02-16 02:30:00,UNIDADE MOVEL RECREIO,0.0,23.5,86.39,1.14,,0.05,,,20.02,,5.0,-23.02002468,-43.48157137
2018-02-16 03:30:00,UNIDADE MOVEL RECREIO,0.0,23.35,87.28,1.13,,0.05,,,18.43,,5.0,-23.02002468,-43.48157137
2018-02-16 04:30:00,UNIDADE MOVEL RECREIO,0.0,22.79,87.99,1.23,,0.08,,,6.69,,5.0,-23.02002468,-43.48157137
2018-02-16 05:30:00,UNIDADE MOVEL RECREIO,0.0,22.86,88.01,1.44,,0.16,,,3.24,,5.0,-23.02002468,-43.48157137
2018-02-16 06:30:00,UNIDADE MOVEL RECREIO,0.0,22.8,86.73,1.37,,0.13,,,4.95,,13.0,-23.02002468,-43.48157137
2018-02-16 07:30:00,UNIDADE MOVEL RECREIO,0.0,24.84,79.69,1.24,,0.09,,,16.97,,11.0,-23.02002468,-43.48157137
2018-02-16 08:30:00,UNIDADE MOVEL RECREIO,0.0,26.85,70.03,1.26,,0.06,,,26.17,,6.0,-23.02002468,-43.48157137
2018-02-16 09:30:00,UNIDADE MOVEL RECREIO,0.0,28.08,66.63,1.91,,0.04,,,33.73,,5.0,-23.02002468,-43.48157137
2018-02-16 10:30:00,UNIDADE MOVEL RECREIO,0.0,27.47,72.25,2.21,,0.03,,,40.26,,7.0,-23.02002468,-43.48157137
2018-02-16 11:30:00,UNIDADE MOVEL RECREIO,0.0,28.02,69.62,2.6,,0.03,,,45.44,,5.0,-23.02002468,-43.48157137
2018-02-16 12:30:00,UNIDADE MOVEL RECREIO,0.0,26.67,74.02,2.83,,0.02,,,42.03,,5.0,-23.02002468,-43.48157137
2018-02-16 13:30:00,UNIDADE MOVEL RECREIO,0.0,26.27,74.17,2.08,,0.04,,,44.54,,5.0,-23.02002468,-43.48157137
2018-02-16 14:30:00,UNIDADE MOVEL RECREIO,0.0,26.82,72.72,1.75,,0.04,,,45.8,,7.0,-23.02002468,-43.48157137
2018-02-16 15:30:00,UNIDADE MOVEL RECREIO,0.0,25.98,75.95,1.67,,0.04,,,45.6,,7.0,-23.02002468,-43.48157137
2018-02-16 16:30:00,UNIDADE MOVEL RECREIO,0.0,25.63,77.18,1.58,,0.04,,,45.94,,7.0,-23.02002468,-43.48157137
2018-02-16 17:30:00,UNIDADE MOVEL RECREIO,0.0,25.52,77.43,1.34,,0.05,,,45.35,,7.0,-23.02002468,-43.48157137
2018-02-16 18:30:00,UNIDADE MOVEL RECREIO,0.0,24.98,79.17,1.03,,0.05,,,43.99,,5.0,-23.02002468,-43.48157137
2018-02-16 19:30:00,UNIDADE MOVEL RECREIO,0.0,24.47,82.85,0.9,,0.15,,,25.89,,5.0,-23.02002468,-43.48157137
2018-02-16 20:30:00,UNIDADE MOVEL RECREIO,0.0,23.73,85.42,1.04,,0.23,,,8.14,,19.0,-23.02002468,-43.48157137
2018-02-16 21:30:00,UNIDADE MOVEL RECREIO,0.0,23.42,84.85,1.03,,0.21,,,8.05,,14.0,-23.02002468,-43.48157137
2018-02-16 22:30:00,UNIDADE MOVEL RECREIO,0.0,23.13,86.97,0.81,,0.2,,,8.29,,10.0,-23.02002468,-43.48157137
2018-02-16 23:30:00,UNIDADE MOVEL RECREIO,1.0,22.9,86.97,0.915,,0.1,,,17.98,,10.0,-23.02002468,-43.48157137
2018-02-17 00:30:00,UNIDADE MOVEL RECREIO,2.0,22.22,90.5,1.02,,0.07,,,31.33,,13.0,-23.02002468,-43.48157137
2018-02-17 01:30:00,UNIDADE MOVEL RECREIO,0.0,22.08,92.83,1.26,,0.1,,,25.64,,8.0,-23.02002468,-43.48157137
2018-02-17 02:30:00,UNIDADE MOVEL RECREIO,0.0,22.03,93.4,1.12,,0.09,,,17.37,,11.0,-23.02002468,-43.48157137
2018-02-17 03:30:00,UNIDADE MOVEL RECREIO,0.0,21.83,94.05,1.09,,0.08,,,10.56,,14.0,-23.02002468,-43.48157137
2018-02-17 04:30:00,UNIDADE MOVEL RECREIO,0.0,21.33,94.33,1.01,,0.06,,,5.31,,13.0,-23.02002468,-43.48157137
2018-02-17 05:30:00,UNIDADE MOVEL RECREIO,0.0,21.13,93.83,1.05,,0.11,,,4.57,,10.0,-23.02002468,-43.48157137
2018-02-17 06:30:00,UNIDADE MOVEL RECREIO,0.0,21.52,93.42,1.2,,0.2,,,4.78,,9.0,-23.02002468,-43.48157137
2018-02-17 07:30:00,UNIDADE MOVEL RECREIO,0.0,22.87,87.28,1.03,,0.11,,,8.34,,5.0,-23.02002468,-43.48157137
2018-02-17 08:30:00,UNIDADE MOVEL RECREIO,0.0,25.83,72.13,1.19,,0.11,,,20.98,,7.0,-23.02002468,-43.48157137
2018-02-17 09:30:00,UNIDADE MOVEL RECREIO,0.0,26.9,67.67,1.57,,0.09,,,38.27,,5.0,-23.02002468,-43.48157137
2018-02-17 10:30:00,UNIDADE MOVEL RECREIO,0.0,27.53,67.75,2.06,,0.05,,,53.45,,6.0,-23.02002468,-43.48157137
2018-02-17 11:30:00,UNIDADE MOVEL RECREIO,0.0,27.53,68.45,2.56,,0.06,,,65.3,,14.0,-23.02002468,-43.48157137
2018-02-17 12:30:00,UNIDADE MOVEL RECREIO,0.0,28.05,65.87,2.7,,0.04,,,65.47,,16.0,-23.02002468,-43.48157137
2018-02-17 13:30:00,UNIDADE MOVEL RECREIO,0.0,28.25,66.77,2.82,,0.04,,,77.26,,12.0,-23.02002468,-43.48157137
2018-02-17 14:30:00,UNIDADE MOVEL RECREIO,0.0,28.05,65.28,3.38,,0.04,,,67.68,,15.0,-23.02002468,-43.48157137
2018-02-17 15:30:00,UNIDADE MOVEL RECREIO,0.0,28.05,66.35,3.64,,0.04,,,69.92,,10.0,-23.02002468,-43.48157137
2018-02-17 16:30:00,UNIDADE MOVEL RECREIO,0.0,27.05,70.48,3.65,,0.03,,,66.29,,5.0,-23.02002468,-43.48157137
2018-02-17 17:30:00,UNIDADE MOVEL RECREIO,0.0,26.15,73.47,2.54,,0.06,,,45.34,,5.0,-23.02002468,-43.48157137
2018-02-17 18:30:00,UNIDADE MOVEL RECREIO,0.0,25.7,74.22,1.7,,0.05,,,39.48,,13.0,-23.02002468,-43.48157137
2018-02-17 19:30:00,UNIDADE MOVEL RECREIO,0.0,25.57,77.5,1.24,,0.07,,,41.66,,7.0,-23.02002468,-43.48157137
2018-02-17 20:30:00,UNIDADE MOVEL RECREIO,0.0,25.8,73.95,0.93,,0.07,,,33.46,,5.0,-23.02002468,-43.48157137
2018-02-17 21:30:00,UNIDADE MOVEL RECREIO,0.0,25.67,74.91,0.68,,0.06,,,29.62,,5.0,-23.02002468,-43.48157137
2018-02-17 22:30:00,UNIDADE MOVEL RECREIO,0.0,24.27,84.21,0.71,,0.16,,,14.38,,5.0,-23.02002468,-43.48157137
2018-02-17 23:30:00,UNIDADE MOVEL RECREIO,0.0,23.58,88.6,0.86,,0.2,,,8.45,,5.0,-23.02002468,-43.48157137
2018-02-18 00:30:00,UNIDADE MOVEL RECREIO,0.0,23.38,88.18,1.12,,0.14,,,6.41,,12.0,-23.02002468,-43.48157137
2018-02-18 01:30:00,UNIDADE MOVEL RECREIO,0.0,23.0,90.17,1.16,,0.1,,,5.48,,14.0,-23.02002468,-43.48157137
2018-02-18 02:30:00,UNIDADE MOVEL RECREIO,0.0,22.92,87.78,0.97,,0.09,,,6.85,,8.0,-23.02002468,-43.48157137
2018-02-18 03:30:00,UNIDADE MOVEL RECREIO,0.0,23.05,86.38,0.82,,0.09,,,6.75,,9.0,-23.02002468,-43.48157137
2018-02-18 04:30:00,UNIDADE MOVEL RECREIO,0.0,23.0,87.45,0.56,,0.1,,,5.35,,8.0,-23.02002468,-43.48157137
2018-02-18 05:30:00,UNIDADE MOVEL RECREIO,0.0,22.83,86.87,0.65,,0.1,,,5.05,,7.0,-23.02002468,-43.48157137
2018-02-18 06:30:00,UNIDADE MOVEL RECREIO,0.0,22.83,87.32,0.66,,0.17,,,4.46,,9.0,-23.02002468,-43.48157137
2018-02-18 07:30:00,UNIDADE MOVEL RECREIO,0.0,24.25,80.42,0.63,,0.1,,,10.02,,13.0,-23.02002468,-43.48157137
2018-02-18 08:30:00,UNIDADE MOVEL RECREIO,0.0,26.93,67.77,0.6,,0.09,,,21.18,,8.0,-23.02002468,-43.48157137
2018-02-18 09:30:00,UNIDADE MOVEL RECREIO,0.0,28.4,62.95,0.83,,0.07,,,30.62,,5.0,-23.02002468,-43.48157137
2018-02-18 10:30:00,UNIDADE MOVEL RECREIO,0.0,28.57,65.38,1.78,,0.08,,,41.83,,5.0,-23.02002468,-43.48157137
2018-02-18 11:30:00,UNIDADE MOVEL RECREIO,0.0,27.83,68.05,1.96,,0.06,,,57.7,,5.0,-23.02002468,-43.48157137
2018-02-18 12:30:00,UNIDADE MOVEL RECREIO,0.0,28.07,67.72,1.94,,0.07,,,67.38,,6.0,-23.02002468,-43.48157137
2018-02-18 13:30:00,UNIDADE MOVEL RECREIO,0.0,27.42,69.23,1.97,,0.07,,,65.48,,8.0,-23.02002468,-43.48157137
2018-02-18 14:30:00,UNIDADE MOVEL RECREIO,0.0,27.68,68.85,1.64,,0.07,,,60.71,,14.0,-23.02002468,-43.48157137
2018-02-18 15:30:00,UNIDADE MOVEL RECREIO,0.0,27.45,68.33,1.56,,0.06,,,59.31,,10.0,-23.02002468,-43.48157137
2018-02-18 16:30:00,UNIDADE MOVEL RECREIO,0.0,26.82,70.43,1.47,,0.06,,,48.75,,5.0,-23.02002468,-43.48157137
2018-02-18 17:30:00,UNIDADE MOVEL RECREIO,0.0,26.17,73.8,1.16,,0.06,,,52.47,,8.0,-23.02002468,-43.48157137
2018-02-18 18:30:00,UNIDADE MOVEL RECREIO,0.0,25.8,73.02,0.87,,0.11,,,49.29,,8.0,-23.02002468,-43.48157137
2018-02-18 19:30:00,UNIDADE MOVEL RECREIO,0.0,25.32,75.75,1.18,,0.25,,,27.09,,10.0,-23.02002468,-43.48157137
2018-02-18 20:30:00,UNIDADE MOVEL RECREIO,0.0,24.67,77.78,3.05,,0.22,,,24.02,,18.0,-23.02002468,-43.48157137
2018-02-18 21:30:00,UNIDADE MOVEL RECREIO,0.0,24.27,80.75,2.98,,0.3,,,15.2,,33.0,-23.02002468,-43.48157137
2018-02-18 22:30:00,UNIDADE MOVEL RECREIO,0.0,23.73,82.3,1.53,,0.25,,,11.1,,15.0,-23.02002468,-43.48157137
2018-02-18 23:30:00,UNIDADE MOVEL RECREIO,0.0,23.63,82.27,1.6099999999999999,,0.21,,,14.28,,19.0,-23.02002468,-43.48157137
2018-02-19 00:30:00,UNIDADE MOVEL RECREIO,0.0,23.25,83.95,1.69,,0.1,,,15.23,,8.0,-23.02002468,-43.48157137
2018-02-19 01:30:00,UNIDADE MOVEL RECREIO,0.0,23.48,80.35,1.82,,0.07,,,23.75,,15.0,-23.02002468,-43.48157137
2018-02-19 02:30:00,UNIDADE MOVEL RECREIO,0.0,22.77,84.78,1.51,,0.08,,,14.72,,12.0,-23.02002468,-43.48157137
2018-02-19 03:30:00,UNIDADE MOVEL RECREIO,0.0,22.43,85.93,1.57,,0.07,,,12.88,,11.0,-23.02002468,-43.48157137
2018-02-19 04:30:00,UNIDADE MOVEL RECREIO,0.0,22.03,85.6,1.32,,0.06,,,16.42,,13.0,-23.02002468,-43.48157137
2018-02-19 05:30:00,UNIDADE MOVEL RECREIO,0.0,22.02,85.2,1.23,,0.09,,,7.79,,13.0,-23.02002468,-43.48157137
2018-02-19 06:30:00,UNIDADE MOVEL RECREIO,0.0,22.13,84.27,1.23,,0.14,,,6.54,,11.0,-23.02002468,-43.48157137
2018-02-19 07:30:00,UNIDADE MOVEL RECREIO,0.0,24.38,74.93,1.88,,0.21,,,13.91,,9.0,-23.02002468,-43.48157137
2018-02-19 08:30:00,UNIDADE MOVEL RECREIO,0.0,26.62,67.6,2.62,,0.11,,,23.22,,12.0,-23.02002468,-43.48157137
2018-02-19 09:30:00,UNIDADE MOVEL RECREIO,0.0,28.32,61.78,6.07,,0.07,,,38.38,,8.0,-23.02002468,-43.48157137
2018-02-19 10:30:00,UNIDADE MOVEL RECREIO,0.0,29.02,60.3,7.45,,0.09,,,50.59,,16.0,-23.02002468,-43.48157137
2018-02-19 11:30:00,UNIDADE MOVEL RECREIO,0.0,28.93,62.9,6.13,,0.07,,,69.05,,13.0,-23.02002468,-43.48157137
2018-02-19 12:30:00,UNIDADE MOVEL RECREIO,0.0,29.05,62.62,4.43,,0.07,,,64.81,,14.0,-23.02002468,-43.48157137
2018-02-19 13:30:00,UNIDADE MOVEL RECREIO,0.0,28.62,63.82,4.41,,0.04,,,78.46,,15.0,-23.02002468,-43.48157137
2018-02-19 14:30:00,UNIDADE MOVEL RECREIO,0.0,28.9,65.15,3.92,,0.03,,,67.17,,9.0,-23.02002468,-43.48157137
2018-02-19 15:30:00,UNIDADE MOVEL RECREIO,0.0,28.65,66.93,3.48,,0.04,,,52.94,,10.0,-23.02002468,-43.48157137
2018-02-19 16:30:00,UNIDADE MOVEL RECREIO,0.0,27.78,69.78,3.04,,0.05,,,57.3,,26.0,-23.02002468,-43.48157137
2018-02-19 17:30:00,UNIDADE MOVEL RECREIO,0.0,27.43,68.72,2.34,,0.09,,,50.76,,13.0,-23.02002468,-43.48157137
2018-02-19 18:30:00,UNIDADE MOVEL RECREIO,0.0,26.93,71.7,2.18,,0.15,,,31.37,,9.0,-23.02002468,-43.48157137
2018-02-19 19:30:00,UNIDADE MOVEL RECREIO,0.0,26.07,75.25,2.13,,0.18,,,29.47,,14.0,-23.02002468,-43.48157137
2018-02-19 20:30:00,UNIDADE MOVEL RECREIO,0.0,25.83,77.58,1.98,,0.24,,,21.99,,27.0,-23.02002468,-43.48157137
2018-02-19 21:30:00,UNIDADE MOVEL RECREIO,0.0,26.37,75.38,2.04,,0.2,,,24.39,,30.0,-23.02002468,-43.48157137
2018-02-19 22:30:00,UNIDADE MOVEL RECREIO,0.0,25.33,81.12,1.79,,0.36,,,14.56,,21.0,-23.02002468,-43.48157137
2018-02-19 23:30:00,UNIDADE MOVEL RECREIO,0.0,25.82,76.53,2.585,,0.26,,,20.97,,25.0,-23.02002468,-43.48157137
2018-02-20 00:30:00,UNIDADE MOVEL RECREIO,0.0,25.12,80.92,3.38,,0.16,,,14.75,,15.0,-23.02002468,-43.48157137
2018-02-20 01:30:00,UNIDADE MOVEL RECREIO,0.0,25.25,76.18,3.72,,0.1,,,15.87,,28.0,-23.02002468,-43.48157137
2018-02-20 02:30:00,UNIDADE MOVEL RECREIO,0.0,25.3,76.23,4.27,,0.08,,,17.68,,18.0,-23.02002468,-43.48157137
2018-02-20 03:30:00,UNIDADE MOVEL RECREIO,0.0,25.13,81.28,3.65,,0.15,,,8.74,,7.0,-23.02002468,-43.48157137
2018-02-20 04:30:00,UNIDADE MOVEL RECREIO,0.0,24.97,81.77,4.13,,0.17,,,6.1,,24.0,-23.02002468,-43.48157137
2018-02-20 05:30:00,UNIDADE MOVEL RECREIO,0.0,24.85,82.62,4.2,,0.21,,,3.71,,12.0,-23.02002468,-43.48157137
2018-02-20 06:30:00,UNIDADE MOVEL RECREIO,0.0,24.88,82.95,4.2,,0.35,,,3.78,,14.0,-23.02002468,-43.48157137
2018-02-20 07:30:00,UNIDADE MOVEL RECREIO,0.0,26.05,76.65,3.44,,0.4,,,4.51,,22.0,-23.02002468,-43.48157137
2018-02-20 08:30:00,UNIDADE MOVEL RECREIO,0.0,28.62,62.45,2.63,,0.26,,,11.12,,22.0,-23.02002468,-43.48157137
2018-02-20 09:30:00,UNIDADE MOVEL RECREIO,0.0,30.33,56.08,2.31,,0.15,,,26.54,,20.0,-23.02002468,-43.48157137
2018-02-20 10:30:00,UNIDADE MOVEL RECREIO,0.0,32.28,48.57,2.52,,0.1,,,44.56,,20.0,-23.02002468,-43.48157137
2018-02-20 11:30:00,UNIDADE MOVEL RECREIO,0.0,32.02,53.7,3.77,,0.12,,,53.47,,9.0,-23.02002468,-43.48157137
2018-02-20 12:30:00,UNIDADE MOVEL RECREIO,0.0,31.0,60.03,5.18,,0.1,,,85.09,,16.0,-23.02002468,-43.48157137
2018-02-20 13:30:00,UNIDADE MOVEL RECREIO,0.0,31.15,60.08,5.42,,0.12,,,100.9,,20.0,-23.02002468,-43.48157137
2018-02-20 14:30:00,UNIDADE MOVEL RECREIO,0.0,31.18,60.67,5.07,,0.08,,,76.09,,15.0,-23.02002468,-43.48157137
2018-02-20 15:30:00,UNIDADE MOVEL RECREIO,0.0,30.15,66.45,4.33,,0.06,,,66.75,,23.0,-23.02002468,-43.48157137
2018-02-20 16:30:00,UNIDADE MOVEL RECREIO,0.0,29.55,66.0,3.89,,0.08,,,63.67,,12.0,-23.02002468,-43.48157137
2018-02-20 17:30:00,UNIDADE MOVEL RECREIO,0.0,29.55,64.83,3.07,,0.09,,,64.97,,14.0,-23.02002468,-43.48157137
2018-02-20 18:30:00,UNIDADE MOVEL RECREIO,0.0,28.73,71.53,2.94,,0.16,,,58.23,,15.0,-23.02002468,-43.48157137
2018-02-20 19:30:00,UNIDADE MOVEL RECREIO,0.0,28.17,72.95,2.91,,0.3,,,28.6,,16.0,-23.02002468,-43.48157137
2018-02-20 20:30:00,UNIDADE MOVEL RECREIO,0.0,27.95,72.03,2.89,,0.49,,,15.17,,19.0,-23.02002468,-43.48157137
2018-02-20 21:30:00,UNIDADE MOVEL RECREIO,0.0,27.43,74.1,2.48,,0.61,,,13.07,,32.0,-23.02002468,-43.48157137
2018-02-20 22:30:00,UNIDADE MOVEL RECREIO,0.0,27.18,73.77,2.17,,0.36,,,9.23,,29.0,-23.02002468,-43.48157137
2018-02-20 23:30:00,UNIDADE MOVEL RECREIO,0.0,27.28,72.57,1.865,,0.4,,,8.74,,18.0,-23.02002468,-43.48157137
2018-02-21 00:30:00,UNIDADE MOVEL RECREIO,0.0,27.32,68.88,1.56,,0.18,,,18.02,,29.0,-23.02002468,-43.48157137
2018-02-21 01:30:00,UNIDADE MOVEL RECREIO,0.0,27.83,64.15,1.16,,0.07,,,24.65,,5.0,-23.02002468,-43.48157137
2018-02-21 02:30:00,UNIDADE MOVEL RECREIO,0.0,28.45,59.98,1.13,,0.05,,,26.16,,13.0,-23.02002468,-43.48157137
2018-02-21 03:30:00,UNIDADE MOVEL RECREIO,0.0,28.7,57.0,0.92,,0.05,,,29.64,,9.0,-23.02002468,-43.48157137
2018-02-21 04:30:00,UNIDADE MOVEL RECREIO,0.0,28.7,56.8,0.88,,0.04,,,31.13,,5.0,-23.02002468,-43.48157137
2018-02-21 05:30:00,UNIDADE MOVEL RECREIO,0.0,28.18,59.4,0.93,,0.07,,,20.59,,7.0,-23.02002468,-43.48157137
2018-02-21 06:30:00,UNIDADE MOVEL RECREIO,0.0,28.72,57.03,1.05,,0.12,,,11.31,,16.0,-23.02002468,-43.48157137
2018-02-21 07:30:00,UNIDADE MOVEL RECREIO,0.0,28.85,58.9,1.17,,0.26,,,8.39,,13.0,-23.02002468,-43.48157137
2018-02-21 08:30:00,UNIDADE MOVEL RECREIO,0.0,30.35,54.48,1.2,,0.13,,,16.36,,11.0,-23.02002468,-43.48157137
2018-02-21 09:30:00,UNIDADE MOVEL RECREIO,0.0,32.28,49.93,1.39,,0.08,,,28.21,,11.0,-23.02002468,-43.48157137
2018-02-21 10:30:00,UNIDADE MOVEL RECREIO,0.0,34.25,44.57,2.66,,0.07,,,41.95,,9.0,-23.02002468,-43.48157137
2018-02-21 11:30:00,UNIDADE MOVEL RECREIO,0.0,34.38,44.0,4.3,,0.05,,,47.14,,11.0,-23.02002468,-43.48157137
2018-02-21 12:30:00,UNIDADE MOVEL RECREIO,0.0,34.12,44.92,4.79,,0.11,,,60.29,,6.0,-23.02002468,-43.48157137
2018-02-21 13:30:00,UNIDADE MOVEL RECREIO,0.0,33.13,49.5,6.03,,0.07,,,78.7,,11.0,-23.02002468,-43.48157137
2018-02-21 14:30:00,UNIDADE MOVEL RECREIO,0.0,30.12,56.23,6.63,,0.07,,,63.47,,15.0,-23.02002468,-43.48157137
2018-02-21 15:30:00,UNIDADE MOVEL RECREIO,0.0,26.88,72.1,3.77,,0.14,,,32.26,,13.0,-23.02002468,-43.48157137
2018-02-21 16:30:00,UNIDADE MOVEL RECREIO,0.0,29.17,62.22,2.76,,0.1,,,37.8,,16.0,-23.02002468,-43.48157137
2018-02-21 17:30:00,UNIDADE MOVEL RECREIO,0.0,29.02,62.45,2.65,,0.18,,,29.94,,19.0,-23.02002468,-43.48157137
2018-02-21 18:30:00,UNIDADE MOVEL RECREIO,0.0,27.75,75.8,3.11,,0.35,,,12.86,,17.0,-23.02002468,-43.48157137
2018-02-21 19:30:00,UNIDADE MOVEL RECREIO,0.0,26.73,76.62,2.35,,0.24,,,10.3,,14.0,-23.02002468,-43.48157137
2018-02-21 20:30:00,UNIDADE MOVEL RECREIO,20.0,25.12,83.78,1.5,,0.1,,,34.98,,17.0,-23.02002468,-43.48157137
2018-02-21 21:30:00,UNIDADE MOVEL RECREIO,12.0,23.18,95.05,1.02,,0.06,,,59.95,,19.0,-23.02002468,-43.48157137
2018-02-21 22:30:00,UNIDADE MOVEL RECREIO,4.0,23.35,96.12,0.78,,0.05,,,56.76,,5.0,-23.02002468,-43.48157137
2018-02-21 23:30:00,UNIDADE MOVEL RECREIO,6.0,23.15,96.2,1.26,,0.05,,,51.94,,9.0,-23.02002468,-43.48157137
2018-02-22 00:30:00,UNIDADE MOVEL RECREIO,2.0,23.18,96.32,1.74,,0.07,,,43.54,,8.0,-23.02002468,-43.48157137
2018-02-22 01:30:00,UNIDADE MOVEL RECREIO,0.0,23.29,96.33,1.91,,0.07,,,36.04,,5.0,-23.02002468,-43.48157137
2018-02-22 02:30:00,UNIDADE MOVEL RECREIO,0.0,23.33,95.94,1.88,,0.06,,,42.0,,5.0,-23.02002468,-43.48157137
2018-02-22 03:30:00,UNIDADE MOVEL RECREIO,0.0,23.24,95.42,1.85,,0.05,,,31.01,,10.0,-23.02002468,-43.48157137
2018-02-22 04:30:00,UNIDADE MOVEL RECREIO,0.0,23.1,95.28,1.98,,0.06,,,20.92,,5.0,-23.02002468,-43.48157137
2018-02-22 05:30:00,UNIDADE MOVEL RECREIO,0.0,22.92,95.18,1.78,,0.11,,,12.05,,5.0,-23.02002468,-43.48157137
2018-02-22 06:30:00,UNIDADE MOVEL RECREIO,0.0,22.98,94.65,1.98,,0.15,,,6.98,,16.0,-23.02002468,-43.48157137
2018-02-22 07:30:00,UNIDADE MOVEL RECREIO,0.0,23.92,91.25,2.38,,0.29,,,6.63,,18.0,-23.02002468,-43.48157137
2018-02-22 08:30:00,UNIDADE MOVEL RECREIO,0.0,26.56,76.47,2.2,,0.2,,,16.57,,18.0,-23.02002468,-43.48157137
2018-02-22 09:30:00,UNIDADE MOVEL RECREIO,0.0,28.27,69.17,2.47,,0.11,,,32.27,,18.0,-23.02002468,-43.48157137
2018-02-22 10:30:00,UNIDADE MOVEL RECREIO,0.0,28.6,68.36,3.02,,0.07,,,47.13,,9.0,-23.02002468,-43.48157137
2018-02-22 11:30:00,UNIDADE MOVEL RECREIO,0.0,28.5,68.77,3.44,,0.05,,,63.45,,18.0,-23.02002468,-43.48157137
2018-02-22 12:30:00,UNIDADE MOVEL RECREIO,0.0,27.99,71.63,3.58,,0.09,,,55.49,,7.0,-23.02002468,-43.48157137
2018-02-22 13:30:00,UNIDADE MOVEL RECREIO,0.0,27.62,73.09,3.6,,0.05,,,51.62,,5.0,-23.02002468,-43.48157137
2018-02-22 14:30:00,UNIDADE MOVEL RECREIO,0.0,27.46,73.32,3.54,,0.05,,,45.62,,15.0,-23.02002468,-43.48157137
2018-02-22 15:30:00,UNIDADE MOVEL RECREIO,0.0,27.44,73.69,3.28,,0.06,,,48.95,,10.0,-23.02002468,-43.48157137
2018-02-22 16:30:00,UNIDADE MOVEL RECREIO,0.0,26.82,75.3,2.99,,0.06,,,48.25,,9.0,-23.02002468,-43.48157137
2018-02-22 17:30:00,UNIDADE MOVEL RECREIO,0.0,26.39,76.82,2.59,,0.11,,,45.95,,5.0,-23.02002468,-43.48157137
2018-02-22 18:30:00,UNIDADE MOVEL RECREIO,0.0,26.36,77.34,2.27,,0.1,,,43.64,,8.0,-23.02002468,-43.48157137
2018-02-22 19:30:00,UNIDADE MOVEL RECREIO,0.0,26.43,76.21,2.05,,0.1,,,61.01,,8.0,-23.02002468,-43.48157137
2018-02-22 20:30:00,UNIDADE MOVEL RECREIO,0.0,25.68,82.9,1.97,,0.06,,,52.84,,8.0,-23.02002468,-43.48157137
2018-02-22 21:30:00,UNIDADE MOVEL RECREIO,,24.92,86.12,1.79,,0.03,,,32.96,,13.0,-23.02002468,-43.48157137
2018-02-22 22:30:00,UNIDADE MOVEL RECREIO,0.0,24.91,88.29,2.355,,0.34,,,15.93,,13.0,-23.02002468,-43.48157137
2018-02-22 23:30:00,UNIDADE MOVEL RECREIO,,24.67,89.44,2.92,,0.18,,,20.42,,13.0,-23.02002468,-43.48157137
2018-02-23 00:30:00,UNIDADE MOVEL RECREIO,0.0,24.22,92.02,2.9299999999999997,,0.4,,,14.32,,10.0,-23.02002468,-43.48157137
2018-02-23 01:30:00,UNIDADE MOVEL RECREIO,0.0,23.94,91.8,2.94,,0.17,,,14.87,,10.0,-23.02002468,-43.48157137
2018-02-23 02:30:00,UNIDADE MOVEL RECREIO,0.0,23.71,91.89,3.29,,0.08,,,14.49,,10.0,-23.02002468,-43.48157137
2018-02-23 03:30:00,UNIDADE MOVEL RECREIO,0.0,23.49,89.7,3.65,,0.06,,,31.32,,7.0,-23.02002468,-43.48157137
2018-02-23 04:30:00,UNIDADE MOVEL RECREIO,0.0,23.67,90.71,3.47,,0.04,,,53.86,,6.0,-23.02002468,-43.48157137
2018-02-23 05:30:00,UNIDADE MOVEL RECREIO,0.0,23.6,92.09,3.52,,0.06,,,48.64,,5.0,-23.02002468,-43.48157137
2018-02-23 06:30:00,UNIDADE MOVEL RECREIO,0.0,23.32,92.95,3.67,,0.15,,,18.8,,7.0,-23.02002468,-43.48157137
2018-02-23 07:30:00,UNIDADE MOVEL RECREIO,1.0,23.38,92.2,3.96,,0.13166666666666665,,,18.2,,18.0,-23.02002468,-43.48157137
2018-02-23 12:30:00,UNIDADE MOVEL RECREIO,0.0,24.21,84.44,3.59,,0.04,,,29.67,,7.166666666666666,-23.02002468,-43.48157137
2018-02-23 13:30:00,UNIDADE MOVEL RECREIO,0.0,26.39,76.03,3.79,,0.04,,,33.16,,5.0,-23.02002468,-43.48157137
2018-02-23 14:30:00,UNIDADE MOVEL RECREIO,0.0,26.42,72.15,3.86,,0.01,,,36.76,,7.0,-23.02002468,-43.48157137
2018-02-23 15:30:00,UNIDADE MOVEL RECREIO,0.0,26.47,72.67,3.79,,0.04,,,34.53,,10.0,-23.02002468,-43.48157137
2018-02-23 16:30:00,UNIDADE MOVEL RECREIO,0.0,26.7,69.55,4.02,,0.07,,,33.65,,12.0,-23.02002468,-43.48157137
2018-02-23 17:30:00,UNIDADE MOVEL RECREIO,0.0,26.08,70.73,3.93,,0.07,,,32.4,,13.0,-23.02002468,-43.48157137
2018-02-23 18:30:00,UNIDADE MOVEL RECREIO,0.0,25.3,73.37,4.07,,0.1,,,31.79,,15.0,-23.02002468,-43.48157137
2018-02-23 19:30:00,UNIDADE MOVEL RECREIO,0.0,25.05,74.1,3.9,,0.09,,,29.58,,16.0,-23.02002468,-43.48157137
2018-02-23 20:30:00,UNIDADE MOVEL RECREIO,2.0,24.82,76.92,3.81,,0.07,,,31.63,,5.0,-23.02002468,-43.48157137
2018-02-23 21:30:00,UNIDADE MOVEL RECREIO,2.0,23.0,91.3,3.77,,0.11,,,32.95,,7.0,-23.02002468,-43.48157137
2018-02-23 22:30:00,UNIDADE MOVEL RECREIO,0.0,22.87,91.9,3.79,,0.24,,,16.85,,8.0,-23.02002468,-43.48157137
2018-02-23 23:30:00,UNIDADE MOVEL RECREIO,0.0,22.38,93.63,2.615,,0.11,,,12.39,,14.0,-23.02002468,-43.48157137
2018-02-24 00:30:00,UNIDADE MOVEL RECREIO,0.0,21.8,94.42,1.44,,0.07,,,11.52,,14.0,-23.02002468,-43.48157137
2018-02-24 01:30:00,UNIDADE MOVEL RECREIO,0.0,21.37,94.6,1.33,,0.06,,,12.2,,16.0,-23.02002468,-43.48157137
2018-02-24 02:30:00,UNIDADE MOVEL RECREIO,0.0,21.48,94.57,1.21,,0.07,,,12.06,,11.0,-23.02002468,-43.48157137
2018-02-24 03:30:00,UNIDADE MOVEL RECREIO,0.0,21.9,94.0,1.16,,0.05,,,24.89,,16.0,-23.02002468,-43.48157137
2018-02-24 04:30:00,UNIDADE MOVEL RECREIO,0.0,21.45,92.32,1.08,,0.03,,,38.68,,5.0,-23.02002468,-43.48157137
2018-02-24 05:30:00,UNIDADE MOVEL RECREIO,0.0,21.47,92.78,1.08,,0.03,,,21.62,,12.0,-23.02002468,-43.48157137
2018-02-24 06:30:00,UNIDADE MOVEL RECREIO,0.0,21.48,93.15,1.2,,0.07,,,10.89,,13.0,-23.02002468,-43.48157137
2018-02-24 07:30:00,UNIDADE MOVEL RECREIO,0.0,22.48,90.87,1.31,,0.06,,,13.85,,13.0,-23.02002468,-43.48157137
2018-02-24 08:30:00,UNIDADE MOVEL RECREIO,0.0,24.37,77.4,1.28,,0.06,,,21.0,,12.0,-23.02002468,-43.48157137
2018-02-24 09:30:00,UNIDADE MOVEL RECREIO,0.0,25.93,69.72,1.23,,0.06,,,34.35,,8.0,-23.02002468,-43.48157137
2018-02-24 10:30:00,UNIDADE MOVEL RECREIO,0.0,26.63,66.3,1.34,,0.02,,,46.39,,10.0,-23.02002468,-43.48157137
2018-02-24 11:30:00,UNIDADE MOVEL RECREIO,0.0,26.37,67.68,1.52,,0.01,,,53.64,,18.0,-23.02002468,-43.48157137
2018-02-24 12:30:00,UNIDADE MOVEL RECREIO,0.0,26.02,69.42,1.72,,0.02,,,58.8,,15.0,-23.02002468,-43.48157137
2018-02-24 13:30:00,UNIDADE MOVEL RECREIO,0.0,26.07,70.1,2.26,,0.04,,,52.77,,15.0,-23.02002468,-43.48157137
2018-02-24 14:30:00,UNIDADE MOVEL RECREIO,0.0,26.27,68.65,2.24,,0.01,,,49.91,,36.0,-23.02002468,-43.48157137
2018-02-24 15:30:00,UNIDADE MOVEL RECREIO,0.0,26.33,63.3,1.92,,0.01,,,44.16,,14.0,-23.02002468,-43.48157137
2018-02-24 16:30:00,UNIDADE MOVEL RECREIO,0.0,25.88,66.73,1.77,,0.01,,,52.99,,13.0,-23.02002468,-43.48157137
2018-02-24 17:30:00,UNIDADE MOVEL RECREIO,0.0,25.4,70.25,1.74,,0.02,,,45.7,,10.0,-23.02002468,-43.48157137
2018-02-24 18:30:00,UNIDADE MOVEL RECREIO,0.0,24.97,70.38,1.53,,0.03,,,43.11,,8.0,-23.02002468,-43.48157137
2018-02-24 19:30:00,UNIDADE MOVEL RECREIO,0.0,24.88,72.7,1.44,,0.02,,,40.63,,12.0,-23.02002468,-43.48157137
2018-02-24 20:30:00,UNIDADE MOVEL RECREIO,0.0,24.73,73.38,1.27,,0.03,,,38.2,,14.0,-23.02002468,-43.48157137
2018-02-24 21:30:00,UNIDADE MOVEL RECREIO,0.0,24.63,73.43,1.16,,0.03,,,39.32,,9.0,-23.02002468,-43.48157137
2018-02-24 22:30:00,UNIDADE MOVEL RECREIO,0.0,24.67,72.57,0.98,,0.02,,,39.94,,8.0,-23.02002468,-43.48157137
2018-02-24 23:30:00,UNIDADE MOVEL RECREIO,0.0,24.55,71.08,1.56,,0.02,,,40.27,,16.0,-23.02002468,-43.48157137
2018-02-25 00:30:00,UNIDADE MOVEL RECREIO,0.0,24.0,76.32,2.14,,0.13,,,27.2,,13.0,-23.02002468,-43.48157137
2018-02-25 01:30:00,UNIDADE MOVEL RECREIO,0.0,22.75,84.37,2.03,,0.09,,,12.04,,16.0,-23.02002468,-43.48157137
2018-02-25 02:30:00,UNIDADE MOVEL RECREIO,0.0,22.32,85.73,2.33,,0.1,,,11.25,,27.0,-23.02002468,-43.48157137
2018-02-25 03:30:00,UNIDADE MOVEL RECREIO,0.0,21.83,87.48,2.07,,0.06,,,11.15,,24.0,-23.02002468,-43.48157137
2018-02-25 04:30:00,UNIDADE MOVEL RECREIO,0.0,21.37,89.12,2.13,,0.07,,,9.93,,16.0,-23.02002468,-43.48157137
2018-02-25 05:30:00,UNIDADE MOVEL RECREIO,0.0,20.88,89.9,1.93,,0.07,,,6.59,,15.0,-23.02002468,-43.48157137
2018-02-25 06:30:00,UNIDADE MOVEL RECREIO,0.0,20.88,89.93,2.02,,0.07,,,7.9,,12.0,-23.02002468,-43.48157137
2018-02-25 07:30:00,UNIDADE MOVEL RECREIO,0.0,22.72,82.92,2.1,,0.06,,,14.48,,12.0,-23.02002468,-43.48157137
2018-02-25 08:30:00,UNIDADE MOVEL RECREIO,0.0,25.18,71.0,2.13,,0.05,,,25.3,,15.0,-23.02002468,-43.48157137
2018-02-25 09:30:00,UNIDADE MOVEL RECREIO,0.0,26.12,67.1,2.37,,0.04,,,36.39,,14.0,-23.02002468,-43.48157137
2018-02-25 10:30:00,UNIDADE MOVEL RECREIO,0.0,26.63,65.0,2.83,,0.02,,,44.65,,9.0,-23.02002468,-43.48157137
2018-02-25 11:30:00,UNIDADE MOVEL RECREIO,0.0,27.2,62.62,3.29,,0.02,,,44.7,,10.0,-23.02002468,-43.48157137
2018-02-25 12:30:00,UNIDADE MOVEL RECREIO,0.0,27.6,61.13,4.21,,0.02,,,43.18,,13.0,-23.02002468,-43.48157137
2018-02-25 13:30:00,UNIDADE MOVEL RECREIO,0.0,27.5,61.97,4.8,,0.02,,,46.65,,15.0,-23.02002468,-43.48157137
2018-02-25 14:30:00,UNIDADE MOVEL RECREIO,0.0,27.3,61.3,4.53,,0.03,,,46.99,,15.0,-23.02002468,-43.48157137
2018-02-25 15:30:00,UNIDADE MOVEL RECREIO,0.0,27.4,61.27,4.12,,0.02,,,42.95,,5.0,-23.02002468,-43.48157137
2018-02-25 16:30:00,UNIDADE MOVEL RECREIO,0.0,26.77,62.28,4.39,,0.02,,,41.68,,5.0,-23.02002468,-43.48157137
2018-02-25 17:30:00,UNIDADE MOVEL RECREIO,0.0,25.85,66.87,3.85,,0.03,,,40.24,,8.0,-23.02002468,-43.48157137
2018-02-25 18:30:00,UNIDADE MOVEL RECREIO,0.0,25.43,68.35,3.25,,0.04,,,34.09,,9.0,-23.02002468,-43.48157137
2018-02-25 19:30:00,UNIDADE MOVEL RECREIO,0.0,25.42,67.65,2.88,,0.04,,,31.03,,7.0,-23.02002468,-43.48157137
2018-02-25 20:30:00,UNIDADE MOVEL RECREIO,0.0,25.45,67.95,2.63,,0.08,,,25.77,,13.0,-23.02002468,-43.48157137
2018-02-25 21:30:00,UNIDADE MOVEL RECREIO,0.0,24.6,74.3,2.66,,0.16,,,15.98,,11.0,-23.02002468,-43.48157137
2018-02-25 22:30:00,UNIDADE MOVEL RECREIO,0.0,24.12,77.82,2.66,,0.18,,,7.69,,23.0,-23.02002468,-43.48157137
2018-02-25 23:30:00,UNIDADE MOVEL RECREIO,0.0,23.7,80.35,2.1,,0.16,,,7.04,,12.0,-23.02002468,-43.48157137
2018-02-26 00:30:00,UNIDADE MOVEL RECREIO,0.0,23.25,81.95,1.54,,0.1,,,8.23,,18.0,-23.02002468,-43.48157137
2018-02-26 01:30:00,UNIDADE MOVEL RECREIO,0.0,23.05,81.87,1.56,,0.06,,,11.5,,11.0,-23.02002468,-43.48157137
2018-02-26 02:30:00,UNIDADE MOVEL RECREIO,0.0,23.4,80.95,1.47,,0.07,,,8.19,,19.0,-23.02002468,-43.48157137
2018-02-26 03:30:00,UNIDADE MOVEL RECREIO,0.0,23.12,82.68,1.57,,0.07,,,8.68,,13.0,-23.02002468,-43.48157137
2018-02-26 04:30:00,UNIDADE MOVEL RECREIO,0.0,22.53,84.18,1.33,,0.06,,,8.64,,21.0,-23.02002468,-43.48157137
2018-02-26 05:30:00,UNIDADE MOVEL RECREIO,0.0,22.23,86.3,1.46,,0.1,,,4.6,,11.0,-23.02002468,-43.48157137
2018-02-26 06:30:00,UNIDADE MOVEL RECREIO,0.0,22.23,86.07,1.33,,0.14,,,4.63,,18.0,-23.02002468,-43.48157137
2018-02-26 07:30:00,UNIDADE MOVEL RECREIO,0.0,23.47,81.98,2.18,,0.52,,,3.62,,21.0,-23.02002468,-43.48157137
2018-02-26 08:30:00,UNIDADE MOVEL RECREIO,0.0,25.22,73.95,1.68,,0.16,,,9.12,,11.0,-23.02002468,-43.48157137
2018-02-26 09:30:00,UNIDADE MOVEL RECREIO,0.0,26.53,65.8,1.69,,0.08,,,22.07,,7.0,-23.02002468,-43.48157137
2018-02-26 10:30:00,UNIDADE MOVEL RECREIO,0.0,27.15,67.58,2.21,,0.1,,,23.54,,5.0,-23.02002468,-43.48157137
2018-02-26 11:30:00,UNIDADE MOVEL RECREIO,0.0,26.92,68.2,2.25,,0.12,,,28.67,,17.0,-23.02002468,-43.48157137
2018-02-26 12:30:00,UNIDADE MOVEL RECREIO,0.0,27.12,67.88,2.45,,0.12,,,41.88,,11.0,-23.02002468,-43.48157137
2018-02-26 13:30:00,UNIDADE MOVEL RECREIO,0.0,27.18,68.77,2.12,,0.08,,,46.24,,12.0,-23.02002468,-43.48157137
2018-02-26 14:30:00,UNIDADE MOVEL RECREIO,0.0,27.78,68.48,2.08,,0.06,,,43.18,,13.0,-23.02002468,-43.48157137
2018-02-26 15:30:00,UNIDADE MOVEL RECREIO,0.0,27.05,73.1,2.27,,0.06,,,41.35,,9.0,-23.02002468,-43.48157137
2018-02-26 16:30:00,UNIDADE MOVEL RECREIO,0.0,26.2,75.73,1.89,,0.06,,,36.66,,18.0,-23.02002468,-43.48157137
2018-02-26 17:30:00,UNIDADE MOVEL RECREIO,1.0,24.83,86.67,1.67,,0.19,,,29.12,,9.0,-23.02002468,-43.48157137
2018-02-26 18:30:00,UNIDADE MOVEL RECREIO,0.0,24.68,88.02,1.42,,0.11,,,24.26,,8.0,-23.02002468,-43.48157137
2018-02-26 19:30:00,UNIDADE MOVEL RECREIO,1.0,24.57,89.72,1.26,,0.14,,,20.46,,11.0,-23.02002468,-43.48157137
2018-02-26 20:30:00,UNIDADE MOVEL RECREIO,1.0,24.18,93.4,1.51,,0.18,,,8.3,,14.0,-23.02002468,-43.48157137
2018-02-26 21:30:00,UNIDADE MOVEL RECREIO,0.0,24.1,94.52,1.52,,0.3,,,8.25,,13.0,-23.02002468,-43.48157137
2018-02-26 22:30:00,UNIDADE MOVEL RECREIO,0.0,23.85,95.17,1.48,,0.26,,,3.92,,13.0,-23.02002468,-43.48157137
2018-02-26 23:30:00,UNIDADE MOVEL RECREIO,0.0,23.7,95.48,1.75,,0.26,,,3.65,,10.0,-23.02002468,-43.48157137
2018-02-27 00:30:00,UNIDADE MOVEL RECREIO,0.0,23.35,95.8,2.02,,0.14,,,4.18,,15.0,-23.02002468,-43.48157137
2018-02-27 01:30:00,UNIDADE MOVEL RECREIO,0.0,23.27,95.88,2.17,,0.13,,,5.34,,17.0,-23.02002468,-43.48157137
2018-02-27 02:30:00,UNIDADE MOVEL RECREIO,0.0,22.58,95.83,1.82,,0.1,,,6.43,,15.0,-23.02002468,-43.48157137
2018-02-27 03:30:00,UNIDADE MOVEL RECREIO,0.0,22.45,95.87,1.7,,0.09,,,7.34,,11.0,-23.02002468,-43.48157137
2018-02-27 04:30:00,UNIDADE MOVEL RECREIO,0.0,22.58,95.78,1.82,,0.11,,,4.96,,9.0,-23.02002468,-43.48157137
2018-02-27 05:30:00,UNIDADE MOVEL RECREIO,0.0,22.17,94.92,2.0,,0.12,,,5.05,,13.0,-23.02002468,-43.48157137
2018-02-27 06:30:00,UNIDADE MOVEL RECREIO,0.0,22.7,87.93,2.31,,0.25,,,4.99,,19.0,-23.02002468,-43.48157137
2018-02-27 07:30:00,UNIDADE MOVEL RECREIO,0.0,24.23,76.73,2.41,,0.46,,,5.9,,16.0,-23.02002468,-43.48157137
2018-02-27 08:30:00,UNIDADE MOVEL RECREIO,0.0,25.47,69.28,2.25,,0.16,,,14.43,,14.0,-23.02002468,-43.48157137
2018-02-27 09:30:00,UNIDADE MOVEL RECREIO,0.0,25.05,75.03,2.34,,0.17,,,15.29,,17.0,-23.02002468,-43.48157137
2018-02-27 10:30:00,UNIDADE MOVEL RECREIO,0.0,25.35,76.05,2.52,,0.15,,,17.36,,5.0,-23.02002468,-43.48157137
2018-02-27 11:30:00,UNIDADE MOVEL RECREIO,0.0,26.37,72.93,2.27,,0.15,,,22.76,,5.0,-23.02002468,-43.48157137
2018-02-27 12:30:00,UNIDADE MOVEL RECREIO,0.0,26.82,70.77,2.04,,0.13,,,37.63,,25.0,-23.02002468,-43.48157137
2018-02-27 13:30:00,UNIDADE MOVEL RECREIO,0.0,27.18,70.17,2.0,,0.12,,,45.0,,15.0,-23.02002468,-43.48157137
2018-02-27 14:30:00,UNIDADE MOVEL RECREIO,0.0,27.83,69.93,2.33,,0.14,,,55.26,,18.0,-23.02002468,-43.48157137
2018-02-27 15:30:00,UNIDADE MOVEL RECREIO,0.0,28.05,70.28,2.55,,0.11,,,67.6,,15.0,-23.02002468,-43.48157137
2018-02-27 16:30:00,UNIDADE MOVEL RECREIO,0.0,27.17,74.03,3.01,,0.09,,,68.75,,19.0,-23.02002468,-43.48157137
2018-02-27 17:30:00,UNIDADE MOVEL RECREIO,0.0,26.5,76.23,2.98,,0.14,,,61.93,,23.0,-23.02002468,-43.48157137
2018-02-27 18:30:00,UNIDADE MOVEL RECREIO,0.0,26.1,78.07,2.91,,0.2,,,50.34,,10.0,-23.02002468,-43.48157137
2018-02-27 19:30:00,UNIDADE MOVEL RECREIO,8.0,23.7,88.98,2.62,,0.23,,,35.96,,21.0,-23.02002468,-43.48157137
2018-02-27 20:30:00,UNIDADE MOVEL RECREIO,5.0,22.32,93.37,2.46,,0.18,,,25.03,,20.0,-23.02002468,-43.48157137
2018-02-27 21:30:00,UNIDADE MOVEL RECREIO,0.0,22.45,94.3,2.33,,0.45,,,14.92,,18.0,-23.02002468,-43.48157137
2018-02-27 22:30:00,UNIDADE MOVEL RECREIO,0.0,22.63,94.78,2.2,,0.39,,,7.32,,14.0,-23.02002468,-43.48157137
2018-02-27 23:30:00,UNIDADE MOVEL RECREIO,0.0,22.6,95.23,2.185,,0.2,,,8.23,,9.0,-23.02002468,-43.48157137
2018-02-28 00:30:00,UNIDADE MOVEL RECREIO,0.0,22.57,95.18,2.17,,0.14,,,9.25,,8.0,-23.02002468,-43.48157137
2018-02-28 01:30:00,UNIDADE MOVEL RECREIO,0.0,22.63,95.27,1.94,,0.13,,,5.46,,19.0,-23.02002468,-43.48157137
2018-02-28 02:30:00,UNIDADE MOVEL RECREIO,0.0,22.43,95.42,2.11,,0.1,,,9.51,,21.0,-23.02002468,-43.48157137
2018-02-28 03:30:00,UNIDADE MOVEL RECREIO,0.0,22.3,95.38,1.91,,0.09,,,10.8,,14.0,-23.02002468,-43.48157137
2018-02-28 04:30:00,UNIDADE MOVEL RECREIO,0.0,22.2,95.13,1.88,,0.09,,,8.94,,16.0,-23.02002468,-43.48157137
2018-02-28 05:30:00,UNIDADE MOVEL RECREIO,0.0,22.12,94.92,1.97,,0.15,,,5.0,,18.0,-23.02002468,-43.48157137
2018-02-28 06:30:00,UNIDADE MOVEL RECREIO,0.0,22.05,94.43,2.11,,0.17,,,5.01,,22.0,-23.02002468,-43.48157137
2018-02-28 07:30:00,UNIDADE MOVEL RECREIO,0.0,23.82,87.42,2.25,,0.36,,,9.11,,14.0,-23.02002468,-43.48157137
2018-02-28 08:30:00,UNIDADE MOVEL RECREIO,0.0,26.75,73.77,2.56,,0.22,,,22.37,,13.0,-23.02002468,-43.48157137
2018-02-28 09:30:00,UNIDADE MOVEL RECREIO,0.0,27.98,67.67,3.11,,0.07,,,44.83,,17.0,-23.02002468,-43.48157137
2018-02-28 10:30:00,UNIDADE MOVEL RECREIO,0.0,28.52,66.4,3.75,,0.06,,,59.17,,19.0,-23.02002468,-43.48157137
2018-02-28 11:30:00,UNIDADE MOVEL RECREIO,0.0,28.8,63.66,,,0.09666666666666666,,,,,18.0,-23.02002468,-43.48157137
2018-02-28 12:30:00,UNIDADE MOVEL RECREIO,0.0,28.67,67.5,,,0.13333333333333333,,,,,16.0,-23.02002468,-43.48157137
2018-02-28 13:30:00,UNIDADE MOVEL RECREIO,0.0,28.68,69.65,,,0.17,,,,,21.0,-23.02002468,-43.48157137
2018-02-28 14:30:00,UNIDADE MOVEL RECREIO,0.0,28.47,70.87,,,0.13333333333333336,,,,,15.0,-23.02002468,-43.48157137
2018-02-28 15:30:00,UNIDADE MOVEL RECREIO,0.0,27.92,71.63,,,0.09666666666666668,,,,,14.333333333333334,-23.02002468,-43.48157137
2018-02-28 16:30:00,UNIDADE MOVEL RECREIO,0.0,27.17,73.62,,,0.06,,,75.23,,13.666666666666666,-23.02002468,-43.48157137
2018-02-28 17:30:00,UNIDADE MOVEL RECREIO,0.0,26.82,74.95,,,0.08,,,64.36,,13.0,-23.02002468,-43.48157137
2018-02-28 18:30:00,UNIDADE MOVEL RECREIO,0.0,26.53,76.18,,,0.12,,,60.86,,9.0,-23.02002468,-43.48157137
2018-02-28 19:30:00,UNIDADE MOVEL RECREIO,0.0,26.48,76.22,,,0.12,,,59.26,,10.0,-23.02002468,-43.48157137
2018-02-28 20:30:00,UNIDADE MOVEL RECREIO,0.0,26.1,78.6,,,0.13,,,61.95,,8.0,-23.02002468,-43.48157137
2018-02-28 21:30:00,UNIDADE MOVEL RECREIO,0.0,25.37,81.37,,,0.26,,,17.29,,6.0,-23.02002468,-43.48157137
2018-02-28 22:30:00,UNIDADE MOVEL RECREIO,0.0,24.8,81.78,,,0.28,,,13.24,,8.0,-23.02002468,-43.48157137
2018-02-28 23:30:00,UNIDADE MOVEL RECREIO,0.0,23.9,84.5,,,0.19,,,18.5,,21.0,-23.02002468,-43.48157137
2018-03-01 00:30:00,UNIDADE MOVEL RECREIO,0.0,23.58,83.58,0.74,,0.16,,,17.62,,28.0,-23.02002468,-43.48157137
2018-03-01 01:30:00,UNIDADE MOVEL RECREIO,0.0,23.38,86.33,1.21,,0.15,,,10.7,,24.0,-23.02002468,-43.48157137
2018-03-01 02:30:00,UNIDADE MOVEL RECREIO,0.0,23.13,87.95,2.05,,0.13,,,11.87,,19.0,-23.02002468,-43.48157137
2018-03-01 03:30:00,UNIDADE MOVEL RECREIO,0.0,22.87,88.7,,,0.11,,,13.63,,17.0,-23.02002468,-43.48157137
2018-03-01 04:30:00,UNIDADE MOVEL RECREIO,0.0,22.77,88.35,,,0.12,,,10.5,,14.0,-23.02002468,-43.48157137
2018-03-01 05:30:00,UNIDADE MOVEL RECREIO,0.0,22.7,87.95,,,0.2,,,5.93,,13.0,-23.02002468,-43.48157137
2018-03-01 06:30:00,UNIDADE MOVEL RECREIO,0.0,22.85,87.5,,,0.25,,,5.08,,19.0,-23.02002468,-43.48157137
2018-03-01 07:30:00,UNIDADE MOVEL RECREIO,0.0,24.97,80.07,,,0.43,,,9.22,,21.0,-23.02002468,-43.48157137
2018-03-01 08:30:00,UNIDADE MOVEL RECREIO,0.0,27.42,71.33,,,0.29,,,15.21,,20.0,-23.02002468,-43.48157137
2018-03-01 09:30:00,UNIDADE MOVEL RECREIO,0.0,28.73,64.32,,,0.12,,,43.98,,14.0,-23.02002468,-43.48157137
2018-03-01 10:30:00,UNIDADE MOVEL RECREIO,0.0,28.58,65.92,,,0.07,,,66.93,,8.0,-23.02002468,-43.48157137
2018-03-01 11:30:00,UNIDADE MOVEL RECREIO,0.0,28.95,66.55,,,0.07,,,82.65,,7.0,-23.02002468,-43.48157137
2018-03-01 12:30:00,UNIDADE MOVEL RECREIO,0.0,29.05,65.47,2.07,,0.08,,,75.89,,20.0,-23.02002468,-43.48157137
2018-03-01 13:30:00,UNIDADE MOVEL RECREIO,0.0,29.22,66.77,1.3,,0.05,,,65.22,,12.0,-23.02002468,-43.48157137
2018-03-01 14:30:00,UNIDADE MOVEL RECREIO,0.0,28.85,67.15,1.37,,0.04,,,59.07,,8.0,-23.02002468,-43.48157137
2018-03-01 15:30:00,UNIDADE MOVEL RECREIO,0.0,28.3,69.72,2.02,,0.04,,,54.63,,5.0,-23.02002468,-43.48157137
2018-03-01 16:30:00,UNIDADE MOVEL RECREIO,0.0,27.6,72.45,1.27,,0.04,,,49.73,,5.0,-23.02002468,-43.48157137
2018-03-01 17:30:00,UNIDADE MOVEL RECREIO,0.0,27.05,75.03,1.18,,0.1,,,42.74,,5.0,-23.02002468,-43.48157137
2018-03-01 18:30:00,UNIDADE MOVEL RECREIO,0.0,26.6,76.45,,,0.1,,,48.2,,10.0,-23.02002468,-43.48157137
2018-03-01 19:30:00,UNIDADE MOVEL RECREIO,0.0,26.47,78.8,,,0.09,,,43.2,,11.0,-23.02002468,-43.48157137
2018-03-01 20:30:00,UNIDADE MOVEL RECREIO,0.0,26.27,78.53,,,0.09,,,38.31,,14.0,-23.02002468,-43.48157137
2018-03-01 21:30:00,UNIDADE MOVEL RECREIO,0.0,25.52,79.65,,,0.18,,,16.35,,19.0,-23.02002468,-43.48157137
2018-03-01 22:30:00,UNIDADE MOVEL RECREIO,0.0,24.53,82.98,,,0.23,,,12.83,,14.0,-23.02002468,-43.48157137
2018-03-01 23:30:00,UNIDADE MOVEL RECREIO,0.0,24.2,84.53,,,0.18,,,12.28,,24.0,-23.02002468,-43.48157137
2018-03-02 00:30:00,UNIDADE MOVEL RECREIO,0.0,24.0,84.07,2.08,,0.12,,,16.29,,10.0,-23.02002468,-43.48157137
2018-03-02 01:30:00,UNIDADE MOVEL RECREIO,0.0,24.0,86.43,1.91,,0.12,,,13.5,,23.0,-23.02002468,-43.48157137
2018-03-02 02:30:00,UNIDADE MOVEL RECREIO,0.0,23.93,85.35,1.91,,0.11,,,17.63,,23.0,-23.02002468,-43.48157137
2018-03-02 03:30:00,UNIDADE MOVEL RECREIO,0.0,23.9,86.8,2.56,,0.11,,,11.93,,24.0,-23.02002468,-43.48157137
2018-03-02 04:30:00,UNIDADE MOVEL RECREIO,0.0,23.55,88.62,2.61,,0.11,,,8.02,,6.0,-23.02002468,-43.48157137
2018-03-02 05:30:00,UNIDADE MOVEL RECREIO,0.0,23.37,88.58,3.23,,0.18,,,3.5,,19.0,-23.02002468,-43.48157137
2018-03-02 06:30:00,UNIDADE MOVEL RECREIO,0.0,23.58,88.1,2.51,,0.36,,,2.49,,19.0,-23.02002468,-43.48157137
2018-03-02 07:30:00,UNIDADE MOVEL RECREIO,0.0,25.65,79.85,2.29,,0.33,,,7.99,,18.0,-23.02002468,-43.48157137
2018-03-02 08:30:00,UNIDADE MOVEL RECREIO,0.0,27.87,71.58,1.53,,0.14,,,25.96,,25.0,-23.02002468,-43.48157137
2018-03-02 09:30:00,UNIDADE MOVEL RECREIO,0.0,28.88,70.0,3.38,,0.15,,,31.03,,20.0,-23.02002468,-43.48157137
2018-03-02 10:30:00,UNIDADE MOVEL RECREIO,0.0,30.0,66.8,3.26,,0.13,,,52.82,,21.0,-23.02002468,-43.48157137
2018-03-02 11:30:00,UNIDADE MOVEL RECREIO,0.0,30.12,66.75,3.6,,0.06,,,82.47,,25.0,-23.02002468,-43.48157137
2018-03-02 12:30:00,UNIDADE MOVEL RECREIO,0.0,29.62,68.58,3.78,,0.07,,,78.08,,21.0,-23.02002468,-43.48157137
2018-03-02 13:30:00,UNIDADE MOVEL RECREIO,0.0,29.15,70.67,5.13,,0.06,,,70.8,,8.0,-23.02002468,-43.48157137
2018-03-02 14:30:00,UNIDADE MOVEL RECREIO,0.0,29.43,68.68,6.54,,0.04,,,57.09,,15.0,-23.02002468,-43.48157137
2018-03-02 15:30:00,UNIDADE MOVEL RECREIO,0.0,29.03,70.98,6.9,,0.04,,,58.43,,10.0,-23.02002468,-43.48157137
2018-03-02 16:30:00,UNIDADE MOVEL RECREIO,0.0,28.1,73.85,5.6,,0.04,,,51.17,,10.0,-23.02002468,-43.48157137
2018-03-02 17:30:00,UNIDADE MOVEL RECREIO,0.0,27.52,77.05,4.8,,0.09,,,48.38,,9.0,-23.02002468,-43.48157137
2018-03-02 18:30:00,UNIDADE MOVEL RECREIO,0.0,27.42,77.83,3.14,,0.1,,,50.23,,7.0,-23.02002468,-43.48157137
2018-03-02 19:30:00,UNIDADE MOVEL RECREIO,0.0,27.17,79.32,4.46,,0.07,,,43.95,,13.0,-23.02002468,-43.48157137
2018-03-02 20:30:00,UNIDADE MOVEL RECREIO,0.0,26.88,80.65,4.14,,0.07,,,46.29,,9.0,-23.02002468,-43.48157137
2018-03-02 21:30:00,UNIDADE MOVEL RECREIO,0.0,26.92,79.72,4.23,,0.06,,,52.71,,7.0,-23.02002468,-43.48157137
2018-03-02 22:30:00,UNIDADE MOVEL RECREIO,0.0,26.52,81.98,3.86,,0.12,,,38.62,,5.0,-23.02002468,-43.48157137
2018-03-02 23:30:00,UNIDADE MOVEL RECREIO,0.0,26.3,84.73,2.29,,0.19,,,22.03,,17.0,-23.02002468,-43.48157137
2018-03-03 00:30:00,UNIDADE MOVEL RECREIO,0.0,25.53,86.0,0.72,,0.14,,,19.77,,11.0,-23.02002468,-43.48157137
2018-03-03 01:30:00,UNIDADE MOVEL RECREIO,0.0,25.47,86.0,0.0,,0.17,,,19.58,,18.0,-23.02002468,-43.48157137
2018-03-03 02:30:00,UNIDADE MOVEL RECREIO,0.0,25.33,86.75,0.46,,0.14,,,16.15,,9.0,-23.02002468,-43.48157137
2018-03-03 03:30:00,UNIDADE MOVEL RECREIO,0.0,25.05,88.35,0.49,,0.14,,,15.37,,12.0,-23.02002468,-43.48157137
2018-03-03 04:30:00,UNIDADE MOVEL RECREIO,0.0,25.05,88.92,0.14,,0.17,,,9.97,,10.0,-23.02002468,-43.48157137
2018-03-03 05:30:00,UNIDADE MOVEL RECREIO,0.0,24.82,88.9,0.0,,0.15,,,7.92,,16.0,-23.02002468,-43.48157137
2018-03-03 06:30:00,UNIDADE MOVEL RECREIO,0.0,24.85,86.95,0.0,,0.25,,,8.7,,15.0,-23.02002468,-43.48157137
2018-03-03 07:30:00,UNIDADE MOVEL RECREIO,0.0,26.07,82.4,0.0,,0.21,,,13.34,,26.0,-23.02002468,-43.48157137
2018-03-03 08:30:00,UNIDADE MOVEL RECREIO,0.0,28.37,68.92,0.0,,0.15,,,34.37,,23.0,-23.02002468,-43.48157137
2018-03-03 09:30:00,UNIDADE MOVEL RECREIO,0.0,30.05,60.72,0.28,,0.17,,,51.77,,19.0,-23.02002468,-43.48157137
2018-03-03 10:30:00,UNIDADE MOVEL RECREIO,0.0,30.42,61.05,3.2,,0.15,,,70.99,,14.0,-23.02002468,-43.48157137
2018-03-03 11:30:00,UNIDADE MOVEL RECREIO,0.0,29.73,66.3,1.99,,0.2,,,78.16,,18.0,-23.02002468,-43.48157137
2018-03-03 12:30:00,UNIDADE MOVEL RECREIO,0.0,30.35,62.5,2.78,,0.15,,,99.87,,22.0,-23.02002468,-43.48157137
2018-03-03 13:30:00,UNIDADE MOVEL RECREIO,0.0,30.07,67.3,3.64,,0.1,,,92.82,,18.0,-23.02002468,-43.48157137
2018-03-03 14:30:00,UNIDADE MOVEL RECREIO,0.0,30.1,66.45,2.82,,0.09,,,85.41,,10.0,-23.02002468,-43.48157137
2018-03-03 15:30:00,UNIDADE MOVEL RECREIO,0.0,28.87,72.4,2.93,,0.12,,,68.39,,14.0,-23.02002468,-43.48157137
2018-03-03 16:30:00,UNIDADE MOVEL RECREIO,0.0,27.98,75.48,3.66,,0.09,,,54.51,,13.0,-23.02002468,-43.48157137
2018-03-03 17:30:00,UNIDADE MOVEL RECREIO,0.0,27.43,74.58,3.03,,0.09,,,46.41,,10.0,-23.02002468,-43.48157137
2018-03-03 18:30:00,UNIDADE MOVEL RECREIO,0.0,27.22,75.18,2.91,,0.07,,,44.62,,5.0,-23.02002468,-43.48157137
2018-03-03 19:30:00,UNIDADE MOVEL RECREIO,0.0,27.17,76.33,2.85,,0.09,,,44.02,,10.0,-23.02002468,-43.48157137
2018-03-03 20:30:00,UNIDADE MOVEL RECREIO,1.0,26.52,81.82,2.52,,0.12,,,47.52,,11.0,-23.02002468,-43.48157137
2018-03-03 21:30:00,UNIDADE MOVEL RECREIO,1.0,25.22,88.78,2.62,,0.26,,,26.66,,18.0,-23.02002468,-43.48157137
2018-03-03 22:30:00,UNIDADE MOVEL RECREIO,0.0,24.7,91.98,6.01,,0.44,,,11.24,,24.0,-23.02002468,-43.48157137
2018-03-03 23:30:00,UNIDADE MOVEL RECREIO,0.0,24.48,92.67,3.17,,0.2,,,11.42,,21.0,-23.02002468,-43.48157137
2018-03-04 00:30:00,UNIDADE MOVEL RECREIO,0.0,24.23,92.13,0.33,,0.23,,,12.98,,18.0,-23.02002468,-43.48157137
2018-03-04 01:30:00,UNIDADE MOVEL RECREIO,0.0,24.28,90.52,0.0,,0.18,,,13.7,,18.0,-23.02002468,-43.48157137
2018-03-04 02:30:00,UNIDADE MOVEL RECREIO,0.0,24.15,89.35,0.0,,0.18,,,12.28,,26.0,-23.02002468,-43.48157137
2018-03-04 03:30:00,UNIDADE MOVEL RECREIO,0.0,23.73,89.0,0.0,,0.11,,,15.07,,18.0,-23.02002468,-43.48157137
2018-03-04 04:30:00,UNIDADE MOVEL RECREIO,0.0,23.47,90.03,0.0,,0.1,,,14.52,,15.0,-23.02002468,-43.48157137
2018-03-04 05:30:00,UNIDADE MOVEL RECREIO,0.0,23.47,90.48,0.0,,0.13,,,10.89,,27.0,-23.02002468,-43.48157137
2018-03-04 06:30:00,UNIDADE MOVEL RECREIO,0.0,23.98,87.68,0.0,,0.17,,,10.2,,19.0,-23.02002468,-43.48157137
2018-03-04 07:30:00,UNIDADE MOVEL RECREIO,0.0,25.9,80.85,0.0,,0.14,,,15.96,,9.0,-23.02002468,-43.48157137
2018-03-04 08:30:00,UNIDADE MOVEL RECREIO,0.0,28.07,72.97,0.0,,0.11,,,35.24,,11.0,-23.02002468,-43.48157137
2018-03-04 09:30:00,UNIDADE MOVEL RECREIO,0.0,28.5,71.45,0.16,,0.1,,,53.28,,7.0,-23.02002468,-43.48157137
2018-03-04 10:30:00,UNIDADE MOVEL RECREIO,0.0,29.08,70.07,0.91,,0.08,,,58.84,,13.0,-23.02002468,-43.48157137
2018-03-04 11:30:00,UNIDADE MOVEL RECREIO,0.0,29.52,70.28,1.28,,0.05,,,62.4,,24.0,-23.02002468,-43.48157137
2018-03-04 12:30:00,UNIDADE MOVEL RECREIO,0.0,28.68,72.88,2.54,,0.04,,,50.6,,16.0,-23.02002468,-43.48157137
2018-03-04 13:30:00,UNIDADE MOVEL RECREIO,0.0,29.45,70.78,1.31,,0.04,,,53.58,,12.0,-23.02002468,-43.48157137
2018-03-04 14:30:00,UNIDADE MOVEL RECREIO,0.0,29.27,70.53,1.03,,0.04,,,56.93,,8.0,-23.02002468,-43.48157137
2018-03-04 15:30:00,UNIDADE MOVEL RECREIO,0.0,28.85,69.58,1.07,,0.05,,,48.33,,10.0,-23.02002468,-43.48157137
2018-03-04 16:30:00,UNIDADE MOVEL RECREIO,0.0,28.73,69.45,1.79,,0.06,,,44.11,,11.0,-23.02002468,-43.48157137
2018-03-04 17:30:00,UNIDADE MOVEL RECREIO,0.0,27.62,72.23,2.01,,0.06,,,44.24,,10.0,-23.02002468,-43.48157137
2018-03-04 18:30:00,UNIDADE MOVEL RECREIO,0.0,27.13,74.77,1.91,,0.07,,,38.85,,7.0,-23.02002468,-43.48157137
2018-03-04 19:30:00,UNIDADE MOVEL RECREIO,0.0,26.87,75.92,0.66,,0.07,,,38.45,,5.0,-23.02002468,-43.48157137
2018-03-04 20:30:00,UNIDADE MOVEL RECREIO,0.0,26.68,77.88,0.04,,0.16,,,27.45,,6.0,-23.02002468,-43.48157137
2018-03-04 21:30:00,UNIDADE MOVEL RECREIO,0.0,25.95,80.2,0.0,,0.14,,,16.35,,15.0,-23.02002468,-43.48157137
2018-03-04 22:30:00,UNIDADE MOVEL RECREIO,0.0,25.62,79.53,0.0,,0.18,,,13.32,,15.0,-23.02002468,-43.48157137
2018-03-04 23:30:00,UNIDADE MOVEL RECREIO,0.0,25.3,82.38,1.06,,0.12,,,13.79,,14.0,-23.02002468,-43.48157137
2018-03-05 00:30:00,UNIDADE MOVEL RECREIO,0.0,25.3,81.27,2.12,,0.12,,,12.82,,12.0,-23.02002468,-43.48157137
2018-03-05 01:30:00,UNIDADE MOVEL RECREIO,0.0,24.93,83.32,2.26,,0.09,,,12.74,,15.0,-23.02002468,-43.48157137
2018-03-05 02:30:00,UNIDADE MOVEL RECREIO,0.0,24.75,82.8,2.02,,0.1,,,12.63,,17.0,-23.02002468,-43.48157137
2018-03-05 03:30:00,UNIDADE MOVEL RECREIO,0.0,24.33,83.75,2.31,,0.09,,,13.62,,6.0,-23.02002468,-43.48157137
2018-03-05 04:30:00,UNIDADE MOVEL RECREIO,0.0,23.95,85.07,3.41,,0.09,,,12.62,,11.0,-23.02002468,-43.48157137
2018-03-05 05:30:00,UNIDADE MOVEL RECREIO,0.0,23.9,86.0,3.19,,0.17,,,5.54,,9.0,-23.02002468,-43.48157137
2018-03-05 06:30:00,UNIDADE MOVEL RECREIO,0.0,23.92,85.38,2.43,,0.23,,,3.57,,22.0,-23.02002468,-43.48157137
2018-03-05 07:30:00,UNIDADE MOVEL RECREIO,0.0,25.68,79.23,2.44,,0.29,,,7.75,,13.0,-23.02002468,-43.48157137
2018-03-05 08:30:00,UNIDADE MOVEL RECREIO,0.0,28.6,66.65,2.69,,0.17,,,24.22,,9.0,-23.02002468,-43.48157137
2018-03-05 09:30:00,UNIDADE MOVEL RECREIO,0.0,29.38,63.63,3.23,,0.13,,,34.91,,21.0,-23.02002468,-43.48157137
2018-03-05 10:30:00,UNIDADE MOVEL RECREIO,0.0,29.8,62.98,3.6,,0.12,,,49.71,,12.0,-23.02002468,-43.48157137
2018-03-05 11:30:00,UNIDADE MOVEL RECREIO,0.0,29.63,66.37,3.75,,0.15,,,69.08,,10.0,-23.02002468,-43.48157137
2018-03-05 12:30:00,UNIDADE MOVEL RECREIO,0.0,29.25,68.97,4.84,,0.17,,,82.66,,21.0,-23.02002468,-43.48157137
2018-03-05 13:30:00,UNIDADE MOVEL RECREIO,0.0,29.82,65.22,5.24,,0.18,,,97.86,,26.0,-23.02002468,-43.48157137
2018-03-05 14:30:00,UNIDADE MOVEL RECREIO,0.0,29.93,67.27,4.57,,0.1,,,89.29,,21.0,-23.02002468,-43.48157137
2018-03-05 15:30:00,UNIDADE MOVEL RECREIO,0.0,29.38,69.37,5.47,,0.05,,,56.68,,8.0,-23.02002468,-43.48157137
2018-03-05 16:30:00,UNIDADE MOVEL RECREIO,0.0,28.92,70.35,5.25,,0.07,,,43.24,,9.0,-23.02002468,-43.48157137
2018-03-05 17:30:00,UNIDADE MOVEL RECREIO,0.0,27.97,73.75,4.56,,0.08,,,37.02,,8.0,-23.02002468,-43.48157137
2018-03-05 18:30:00,UNIDADE MOVEL RECREIO,0.0,27.18,75.17,5.0,,0.08,,,44.72,,8.0,-23.02002468,-43.48157137
2018-03-05 19:30:00,UNIDADE MOVEL RECREIO,0.0,27.02,74.72,4.5,,0.08,,,43.23,,7.0,-23.02002468,-43.48157137
2018-03-05 20:30:00,UNIDADE MOVEL RECREIO,0.0,26.32,80.15,3.17,,0.2,,,21.51,,8.0,-23.02002468,-43.48157137
2018-03-05 21:30:00,UNIDADE MOVEL RECREIO,0.0,25.83,80.07,2.94,,0.19,,,11.55,,23.0,-23.02002468,-43.48157137
2018-03-05 22:30:00,UNIDADE MOVEL RECREIO,0.0,25.18,83.83,2.81,,0.28,,,7.06,,23.0,-23.02002468,-43.48157137
2018-03-05 23:30:00,UNIDADE MOVEL RECREIO,0.0,24.82,84.33,2.645,,0.13,,,13.31,,19.0,-23.02002468,-43.48157137
2018-03-06 00:30:00,UNIDADE MOVEL RECREIO,0.0,24.63,86.48,2.48,,0.17,,,7.04,,16.0,-23.02002468,-43.48157137
2018-03-06 01:30:00,UNIDADE MOVEL RECREIO,0.0,24.13,86.13,2.17,,0.11,,,11.6,,16.0,-23.02002468,-43.48157137
2018-03-06 02:30:00,UNIDADE MOVEL RECREIO,0.0,24.03,87.78,3.44,,0.09,,,9.54,,15.0,-23.02002468,-43.48157137
2018-03-06 03:30:00,UNIDADE MOVEL RECREIO,0.0,23.63,87.72,5.12,,0.1,,,12.46,,11.0,-23.02002468,-43.48157137
2018-03-06 04:30:00,UNIDADE MOVEL RECREIO,0.0,23.48,86.6,3.02,,0.09,,,11.53,,7.0,-23.02002468,-43.48157137
2018-03-06 05:30:00,UNIDADE MOVEL RECREIO,0.0,23.35,87.47,2.16,,0.12,,,8.32,,10.0,-23.02002468,-43.48157137
2018-03-06 06:30:00,UNIDADE MOVEL RECREIO,0.0,23.5,86.53,3.05,,0.21,,,5.39,,10.0,-23.02002468,-43.48157137
2018-03-06 07:30:00,UNIDADE MOVEL RECREIO,0.0,25.6,78.6,2.42,,0.21,,,11.31,,9.0,-23.02002468,-43.48157137
2018-03-06 08:30:00,UNIDADE MOVEL RECREIO,0.0,28.5,68.42,2.59,,0.12,,,29.56,,6.0,-23.02002468,-43.48157137
2018-03-06 09:30:00,UNIDADE MOVEL RECREIO,0.0,29.87,61.9,3.36,,0.14,,,37.95,,11.0,-23.02002468,-43.48157137
2018-03-06 10:30:00,UNIDADE MOVEL RECREIO,0.0,30.2,63.3,4.73,,0.09,,,57.28,,19.0,-23.02002468,-43.48157137
2018-03-06 11:30:00,UNIDADE MOVEL RECREIO,0.0,30.68,61.38,5.66,,0.06,,,68.11,,12.0,-23.02002468,-43.48157137
2018-03-06 12:30:00,UNIDADE MOVEL RECREIO,0.0,30.47,64.97,6.25,,0.04,,,57.73,,14.0,-23.02002468,-43.48157137
2018-03-06 13:30:00,UNIDADE MOVEL RECREIO,0.0,30.47,64.57,5.54,,0.04,,,43.17,,8.0,-23.02002468,-43.48157137
2018-03-06 14:30:00,UNIDADE MOVEL RECREIO,0.0,30.53,63.2,,,0.04,,,44.57,,18.0,-23.02002468,-43.48157137
2018-03-06 15:30:00,UNIDADE MOVEL RECREIO,0.0,30.03,63.63,,,0.03,,,38.74,,22.0,-23.02002468,-43.48157137
2018-03-06 16:30:00,UNIDADE MOVEL RECREIO,0.0,28.5,68.3,,,0.04,,,38.55,,16.0,-23.02002468,-43.48157137
2018-03-06 17:30:00,UNIDADE MOVEL RECREIO,0.0,27.6,72.2,,,0.06,,,36.69,,20.0,-23.02002468,-43.48157137
2018-03-06 18:30:00,UNIDADE MOVEL RECREIO,0.0,27.05,73.27,,,0.08,,,32.41,,11.0,-23.02002468,-43.48157137
2018-03-06 19:30:00,UNIDADE MOVEL RECREIO,0.0,26.73,73.17,,,0.07,,,28.53,,10.0,-23.02002468,-43.48157137
2018-03-06 20:30:00,UNIDADE MOVEL RECREIO,0.0,26.67,72.2,,,0.06,,,26.86,,5.0,-23.02002468,-43.48157137
2018-03-06 21:30:00,UNIDADE MOVEL RECREIO,0.0,25.68,78.32,,,0.24,,,11.44,,5.0,-23.02002468,-43.48157137
2018-03-06 22:30:00,UNIDADE MOVEL RECREIO,0.0,24.92,80.03,,,0.3,,,10.27,,27.0,-23.02002468,-43.48157137
2018-03-06 23:30:00,UNIDADE MOVEL RECREIO,0.0,25.12,79.57,,,0.26,,,7.16,,21.0,-23.02002468,-43.48157137
2018-03-07 00:30:00,UNIDADE MOVEL RECREIO,0.0,25.07,78.27,1.97,,0.16,,,9.33,,9.0,-23.02002468,-43.48157137
2018-03-07 01:30:00,UNIDADE MOVEL RECREIO,0.0,24.63,81.18,2.0,,0.08,,,9.21,,13.0,-23.02002468,-43.48157137
2018-03-07 02:30:00,UNIDADE MOVEL RECREIO,0.0,24.33,80.57,1.71,,0.06,,,11.63,,14.0,-23.02002468,-43.48157137
2018-03-07 03:30:00,UNIDADE MOVEL RECREIO,0.0,24.08,82.37,1.85,,0.12,,,9.51,,13.0,-23.02002468,-43.48157137
2018-03-07 04:30:00,UNIDADE MOVEL RECREIO,0.0,23.95,84.38,2.0,,0.08,,,6.74,,16.0,-23.02002468,-43.48157137
2018-03-07 05:30:00,UNIDADE MOVEL RECREIO,0.0,23.77,85.63,2.2,,0.12,,,3.79,,19.0,-23.02002468,-43.48157137
2018-03-07 06:30:00,UNIDADE MOVEL RECREIO,0.0,23.68,85.1,2.08,,0.26,,,4.18,,18.0,-23.02002468,-43.48157137
2018-03-07 07:30:00,UNIDADE MOVEL RECREIO,0.0,25.58,78.63,2.34,,0.29,,,5.94,,16.0,-23.02002468,-43.48157137
2018-03-07 08:30:00,UNIDADE MOVEL RECREIO,0.0,28.3,66.77,2.44,,0.13,,,14.9,,17.0,-23.02002468,-43.48157137
2018-03-07 09:30:00,UNIDADE MOVEL RECREIO,0.0,29.0,65.68,3.05,,0.09,,,25.89,,19.0,-23.02002468,-43.48157137
2018-03-07 10:30:00,UNIDADE MOVEL RECREIO,0.0,28.52,68.15,3.31,,0.05,,,35.83,,18.0,-23.02002468,-43.48157137
2018-03-07 11:30:00,UNIDADE MOVEL RECREIO,0.0,28.72,68.52,3.33,,0.04,,,44.34,,8.0,-23.02002468,-43.48157137
2018-03-07 12:30:00,UNIDADE MOVEL RECREIO,0.0,28.73,69.7,3.3,,0.04,,,47.67,,10.0,-23.02002468,-43.48157137
2018-03-07 13:30:00,UNIDADE MOVEL RECREIO,0.0,27.65,71.27,3.23,,0.03,,,38.77,,9.0,-23.02002468,-43.48157137
2018-03-07 14:30:00,UNIDADE MOVEL RECREIO,0.0,28.5,65.98,2.94,,0.02,,,38.59,,8.0,-23.02002468,-43.48157137
2018-03-07 15:30:00,UNIDADE MOVEL RECREIO,0.0,28.3,65.67,3.33,,0.02,,,41.19,,7.0,-23.02002468,-43.48157137
2018-03-07 16:30:00,UNIDADE MOVEL RECREIO,0.0,27.62,66.08,3.41,,0.02,,,47.38,,5.0,-23.02002468,-43.48157137
2018-03-07 17:30:00,UNIDADE MOVEL RECREIO,0.0,27.02,69.65,2.67,,0.04,,,48.58,,7.0,-23.02002468,-43.48157137
2018-03-07 18:30:00,UNIDADE MOVEL RECREIO,0.0,26.87,70.03,2.06,,0.03,,,44.19,,8.0,-23.02002468,-43.48157137
2018-03-07 19:30:00,UNIDADE MOVEL RECREIO,0.0,25.4,80.68,1.71,,0.03,,,43.32,,6.0,-23.02002468,-43.48157137
2018-03-07 20:30:00,UNIDADE MOVEL RECREIO,0.0,25.18,79.88,1.61,,0.03,,,40.83,,7.0,-23.02002468,-43.48157137
2018-03-07 21:30:00,UNIDADE MOVEL RECREIO,0.0,24.28,85.6,1.21,,0.14,,,15.59,,9.0,-23.02002468,-43.48157137
2018-03-07 22:30:00,UNIDADE MOVEL RECREIO,0.0,24.12,86.63,0.87,,0.1,,,13.89,,24.0,-23.02002468,-43.48157137
2018-03-07 23:30:00,UNIDADE MOVEL RECREIO,0.0,24.08,87.98,1.495,,0.1,,,10.57,,10.0,-23.02002468,-43.48157137
2018-03-08 00:30:00,UNIDADE MOVEL RECREIO,0.0,23.72,90.1,2.12,,0.14,,,10.69,,20.0,-23.02002468,-43.48157137
2018-03-08 01:30:00,UNIDADE MOVEL RECREIO,0.0,23.23,92.15,2.11,,0.12,,,15.48,,19.0,-23.02002468,-43.48157137
2018-03-08 02:30:00,UNIDADE MOVEL RECREIO,0.0,23.0,93.18,1.9,,0.08,,,14.88,,17.0,-23.02002468,-43.48157137
2018-03-08 03:30:00,UNIDADE MOVEL RECREIO,0.0,23.27,92.92,2.03,,0.07,,,11.44,,8.0,-23.02002468,-43.48157137
2018-03-08 04:30:00,UNIDADE MOVEL RECREIO,0.0,23.38,92.43,2.15,,0.07,,,8.63,,11.0,-23.02002468,-43.48157137
2018-03-08 05:30:00,UNIDADE MOVEL RECREIO,0.0,23.15,92.63,2.12,,0.1,,,6.81,,9.0,-23.02002468,-43.48157137
2018-03-08 06:30:00,UNIDADE MOVEL RECREIO,0.0,23.07,93.37,2.34,,0.25,,,5.18,,16.0,-23.02002468,-43.48157137
2018-03-08 07:30:00,UNIDADE MOVEL RECREIO,0.0,23.37,93.65,2.05,,0.11,,,24.14,,10.0,-23.02002468,-43.48157137
2018-03-08 08:30:00,UNIDADE MOVEL RECREIO,0.0,23.25,93.23,1.21,,0.07,,,32.43,,12.0,-23.02002468,-43.48157137
2018-03-08 09:30:00,UNIDADE MOVEL RECREIO,0.0,22.77,93.97,1.18,,0.08,,,35.61,,19.0,-23.02002468,-43.48157137
2018-03-08 10:30:00,UNIDADE MOVEL RECREIO,0.0,22.83,94.22,1.21,,0.08,,,40.18,,5.0,-23.02002468,-43.48157137
2018-03-08 11:30:00,UNIDADE MOVEL RECREIO,0.0,22.83,93.48,0.57,,0.09,,,38.92,,9.0,-23.02002468,-43.48157137
2018-03-08 12:30:00,UNIDADE MOVEL RECREIO,0.0,23.23,92.4,0.44,,0.24,,,34.73,,12.0,-23.02002468,-43.48157137
2018-03-08 13:30:00,UNIDADE MOVEL RECREIO,0.0,22.73,93.1,0.54,,0.09,,,40.23,,9.0,-23.02002468,-43.48157137
2018-03-08 14:30:00,UNIDADE MOVEL RECREIO,0.0,22.98,93.95,0.05,,0.09,,,40.82,,11.0,-23.02002468,-43.48157137
2018-03-08 15:30:00,UNIDADE MOVEL RECREIO,0.0,23.15,93.35,0.01,,0.06,,,41.97,,10.0,-23.02002468,-43.48157137
2018-03-08 16:30:00,UNIDADE MOVEL RECREIO,0.0,22.87,92.6,0.01,,0.06,,,37.52,,5.0,-23.02002468,-43.48157137
2018-03-08 17:30:00,UNIDADE MOVEL RECREIO,0.0,22.98,93.88,0.0,,0.2,,,32.54,,5.0,-23.02002468,-43.48157137
2018-03-08 18:30:00,UNIDADE MOVEL RECREIO,0.0,23.1,94.62,0.0,,0.47,,,13.67,,12.0,-23.02002468,-43.48157137
2018-03-08 19:30:00,UNIDADE MOVEL RECREIO,0.0,23.13,94.9,0.0,,0.1,,,35.92,,9.0,-23.02002468,-43.48157137
2018-03-08 20:30:00,UNIDADE MOVEL RECREIO,0.0,23.0,94.63,0.0,,0.16,,,18.66,,8.0,-23.02002468,-43.48157137
2018-03-08 21:30:00,UNIDADE MOVEL RECREIO,0.0,22.87,93.75,0.0,,0.19,,,18.97,,6.0,-23.02002468,-43.48157137
2018-03-08 22:30:00,UNIDADE MOVEL RECREIO,0.0,22.83,94.03,0.0,,0.18,,,13.79,,5.0,-23.02002468,-43.48157137
2018-03-08 23:30:00,UNIDADE MOVEL RECREIO,0.0,22.78,94.65,0.455,,0.13,,,13.8,,5.0,-23.02002468,-43.48157137
2018-03-09 00:30:00,UNIDADE MOVEL RECREIO,0.0,22.62,95.17,0.91,,0.12,,,16.53,,5.0,-23.02002468,-43.48157137
2018-03-09 01:30:00,UNIDADE MOVEL RECREIO,0.0,21.83,94.38,0.92,,0.05,,,37.81,,5.0,-23.02002468,-43.48157137
2018-03-09 02:30:00,UNIDADE MOVEL RECREIO,0.0,21.2,93.22,1.01,,0.04,,,41.15,,12.0,-23.02002468,-43.48157137
2018-03-09 03:30:00,UNIDADE MOVEL RECREIO,0.0,20.97,93.82,0.6,,0.03,,,35.11,,11.0,-23.02002468,-43.48157137
2018-03-09 04:30:00,UNIDADE MOVEL RECREIO,0.0,20.97,94.08,0.21,,0.03,,,26.72,,9.0,-23.02002468,-43.48157137
2018-03-09 05:30:00,UNIDADE MOVEL RECREIO,0.0,21.15,94.1,0.35,,0.06,,,13.71,,10.0,-23.02002468,-43.48157137
2018-03-09 06:30:00,UNIDADE MOVEL RECREIO,0.0,21.45,93.52,0.29,,0.08,,,7.85,,8.0,-23.02002468,-43.48157137
2018-03-09 07:30:00,UNIDADE MOVEL RECREIO,0.0,22.35,91.42,0.29,,0.31,,,5.69,,5.0,-23.02002468,-43.48157137
2018-03-09 08:30:00,UNIDADE MOVEL RECREIO,0.0,23.45,85.65,0.09,,0.23,,,7.43,,16.0,-23.02002468,-43.48157137
2018-03-09 09:30:00,UNIDADE MOVEL RECREIO,0.0,24.68,75.85,0.27,,0.13,,,15.67,,5.0,-23.02002468,-43.48157137
2018-03-09 10:30:00,UNIDADE MOVEL RECREIO,0.0,26.45,68.63,0.7050000000000001,,0.07,,,26.88,,11.0,-23.02002468,-43.48157137
2018-03-09 11:30:00,UNIDADE MOVEL RECREIO,0.0,26.6,69.18,1.1400000000000001,,0.07,,,35.8,,6.0,-23.02002468,-43.48157137
2018-03-09 12:30:00,UNIDADE MOVEL RECREIO,0.0,26.87,69.25,1.575,,0.16,,,45.1,,6.0,-23.02002468,-43.48157137
2018-03-09 13:30:00,UNIDADE MOVEL RECREIO,0.0,25.7,71.57,2.01,,0.05,,,45.69,,22.0,-23.02002468,-43.48157137
2018-03-09 14:30:00,UNIDADE MOVEL RECREIO,0.0,25.62,67.65,1.3399999999999999,,0.06,,,31.53,,10.0,-23.02002468,-43.48157137
2018-03-09 15:30:00,UNIDADE MOVEL RECREIO,0.0,25.23,71.77,0.6699999999999999,,0.1,,,24.4,,16.0,-23.02002468,-43.48157137
2018-03-09 16:30:00,UNIDADE MOVEL RECREIO,0.0,25.47,66.88,0.0,,0.05,,,32.02,,5.0,-23.02002468,-43.48157137
2018-03-09 17:30:00,UNIDADE MOVEL RECREIO,0.0,25.03,68.27,0.0,,0.23,,,28.88,,5.0,-23.02002468,-43.48157137
2018-03-09 18:30:00,UNIDADE MOVEL RECREIO,0.0,24.77,70.28,0.0,,0.35,,,8.8,,5.0,-23.02002468,-43.48157137
2018-03-09 19:30:00,UNIDADE MOVEL RECREIO,0.0,24.13,76.08,0.14,,0.48,,,5.67,,17.0,-23.02002468,-43.48157137
2018-03-09 20:30:00,UNIDADE MOVEL RECREIO,0.0,23.67,80.45,0.04,,0.31,,,5.06,,23.0,-23.02002468,-43.48157137
2018-03-09 21:30:00,UNIDADE MOVEL RECREIO,0.0,23.33,82.05,0.0,,0.24,,,6.11,,18.0,-23.02002468,-43.48157137
2018-03-09 22:30:00,UNIDADE MOVEL RECREIO,0.0,22.72,85.9,0.0,,0.32,,,2.84,,25.0,-23.02002468,-43.48157137
2018-03-09 23:30:00,UNIDADE MOVEL RECREIO,0.0,22.48,85.78,0.79,,0.26,,,4.32,,21.0,-23.02002468,-43.48157137
2018-03-10 00:30:00,UNIDADE MOVEL RECREIO,0.0,22.43,86.32,1.58,,0.17,,,4.98,,17.0,-23.02002468,-43.48157137
2018-03-10 01:30:00,UNIDADE MOVEL RECREIO,0.0,22.55,84.7,1.87,,0.1,,,9.46,,13.0,-23.02002468,-43.48157137
2018-03-10 02:30:00,UNIDADE MOVEL RECREIO,0.0,22.62,85.75,2.13,,0.1,,,8.26,,13.0,-23.02002468,-43.48157137
2018-03-10 03:30:00,UNIDADE MOVEL RECREIO,0.0,22.78,85.37,2.09,,0.11,,,5.01,,11.0,-23.02002468,-43.48157137
2018-03-10 04:30:00,UNIDADE MOVEL RECREIO,0.0,22.47,83.55,2.64,,0.04,,,10.23,,12.0,-23.02002468,-43.48157137
2018-03-10 05:30:00,UNIDADE MOVEL RECREIO,0.0,22.28,83.05,3.4,,0.04,,,10.04,,12.0,-23.02002468,-43.48157137
2018-03-10 06:30:00,UNIDADE MOVEL RECREIO,0.0,22.23,79.13,0.78,,0.04,,,10.02,,7.0,-23.02002468,-43.48157137
2018-03-10 07:30:00,UNIDADE MOVEL RECREIO,0.0,23.63,73.62,0.03,,0.11,,,12.24,,5.0,-23.02002468,-43.48157137
2018-03-10 08:30:00,UNIDADE MOVEL RECREIO,0.0,25.95,63.6,0.01,,0.07,,,21.2,,8.0,-23.02002468,-43.48157137
2018-03-10 09:30:00,UNIDADE MOVEL RECREIO,0.0,27.57,56.6,3.7699999999999996,,0.06,,,30.85,,15.0,-23.02002468,-43.48157137
2018-03-10 10:30:00,UNIDADE MOVEL RECREIO,0.0,27.97,58.47,7.53,,0.02,,,49.45,,12.0,-23.02002468,-43.48157137
2018-03-10 11:30:00,UNIDADE MOVEL RECREIO,0.0,27.92,59.5,9.52,,0.01,,,58.45,,12.0,-23.02002468,-43.48157137
2018-03-10 12:30:00,UNIDADE MOVEL RECREIO,0.0,28.25,61.28,9.84,,0.01,,,53.11,,7.0,-23.02002468,-43.48157137
2018-03-10 13:30:00,UNIDADE MOVEL RECREIO,0.0,28.02,64.17,9.5,,0.01,,,49.97,,8.0,-23.02002468,-43.48157137
2018-03-10 14:30:00,UNIDADE MOVEL RECREIO,0.0,27.47,68.55,10.18,,0.01,,,42.08,,12.0,-23.02002468,-43.48157137
2018-03-10 15:30:00,UNIDADE MOVEL RECREIO,0.0,27.2,69.93,10.35,,0.01,,,37.91,,6.0,-23.02002468,-43.48157137
2018-03-10 16:30:00,UNIDADE MOVEL RECREIO,0.0,26.53,72.15,9.56,,0.01,,,39.0,,7.0,-23.02002468,-43.48157137
2018-03-10 17:30:00,UNIDADE MOVEL RECREIO,0.0,25.87,75.25,,,0.01,,,38.23,,9.0,-23.02002468,-43.48157137
2018-03-10 18:30:00,UNIDADE MOVEL RECREIO,0.0,24.65,83.18,,,0.01,,,37.34,,5.0,-23.02002468,-43.48157137
2018-03-10 19:30:00,UNIDADE MOVEL RECREIO,0.0,24.72,84.0,,,0.02,,,39.38,,12.0,-23.02002468,-43.48157137
2018-03-10 20:30:00,UNIDADE MOVEL RECREIO,0.0,24.65,86.2,,,0.02,,,34.61,,10.0,-23.02002468,-43.48157137
2018-03-10 21:30:00,UNIDADE MOVEL RECREIO,0.0,24.73,87.03,,,0.02,,,31.96,,6.0,-23.02002468,-43.48157137
2018-03-10 22:30:00,UNIDADE MOVEL RECREIO,0.0,24.3,90.22,,,0.07,,,21.66,,5.0,-23.02002468,-43.48157137
2018-03-10 23:30:00,UNIDADE MOVEL RECREIO,0.0,23.9,88.58,,,0.12,,,11.26,,7.0,-23.02002468,-43.48157137
2018-03-11 00:30:00,UNIDADE MOVEL RECREIO,0.0,23.72,88.15,1.63,,0.2,,,8.57,,5.0,-23.02002468,-43.48157137
2018-03-11 01:30:00,UNIDADE MOVEL RECREIO,0.0,23.48,90.48,1.59,,0.14,,,8.01,,5.0,-23.02002468,-43.48157137
2018-03-11 02:30:00,UNIDADE MOVEL RECREIO,0.0,23.23,91.2,1.61,,0.11,,,6.86,,16.0,-23.02002468,-43.48157137
2018-03-11 03:30:00,UNIDADE MOVEL RECREIO,0.0,23.18,91.78,1.57,,0.14,,,6.12,,11.0,-23.02002468,-43.48157137
2018-03-11 04:30:00,UNIDADE MOVEL RECREIO,0.0,23.0,91.88,3.3,,0.14,,,5.26,,5.0,-23.02002468,-43.48157137
2018-03-11 05:30:00,UNIDADE MOVEL RECREIO,0.0,22.65,92.53,4.01,,0.13,,,4.25,,6.0,-23.02002468,-43.48157137
2018-03-11 06:30:00,UNIDADE MOVEL RECREIO,0.0,22.62,92.22,3.75,,0.14,,,5.1,,14.0,-23.02002468,-43.48157137
2018-03-11 07:30:00,UNIDADE MOVEL RECREIO,0.0,24.1,87.73,3.28,,0.17,,,14.53,,16.0,-23.02002468,-43.48157137
2018-03-11 08:30:00,UNIDADE MOVEL RECREIO,0.0,26.98,74.23,4.23,,0.08,,,24.06,,20.0,-23.02002468,-43.48157137
2018-03-11 09:30:00,UNIDADE MOVEL RECREIO,0.0,27.93,70.38,4.32,,0.09,,,35.37,,6.0,-23.02002468,-43.48157137
2018-03-11 10:30:00,UNIDADE MOVEL RECREIO,0.0,28.38,69.1,8.63,,0.07,,,47.3,,10.0,-23.02002468,-43.48157137
2018-03-11 11:30:00,UNIDADE MOVEL RECREIO,0.0,29.1,67.73,10.75,,0.04,,,52.5,,12.0,-23.02002468,-43.48157137
2018-03-11 12:30:00,UNIDADE MOVEL RECREIO,0.0,28.47,69.6,10.47,,0.04,,,54.67,,10.0,-23.02002468,-43.48157137
2018-03-11 13:30:00,UNIDADE MOVEL RECREIO,0.0,29.02,68.67,10.07,,0.05,,,48.74,,7.0,-23.02002468,-43.48157137
2018-03-11 14:30:00,UNIDADE MOVEL RECREIO,0.0,29.0,67.43,10.52,,0.04,,,41.045,,7.0,-23.02002468,-43.48157137
2018-03-11 15:30:00,UNIDADE MOVEL RECREIO,0.0,28.88,66.08,11.39,,0.05,,,33.35,,5.0,-23.02002468,-43.48157137
2018-03-11 16:30:00,UNIDADE MOVEL RECREIO,0.0,27.15,72.42,11.59,,0.06,,,33.83,,6.0,-23.02002468,-43.48157137
2018-03-11 17:30:00,UNIDADE MOVEL RECREIO,0.0,26.77,72.52,8.07,,0.05,,,35.67,,22.0,-23.02002468,-43.48157137
2018-03-11 18:30:00,UNIDADE MOVEL RECREIO,0.0,26.22,73.9,5.07,,0.05,,,36.71,,9.0,-23.02002468,-43.48157137
2018-03-11 19:30:00,UNIDADE MOVEL RECREIO,0.0,25.93,74.5,4.7,,0.06,,,33.69,,10.0,-23.02002468,-43.48157137
2018-03-11 20:30:00,UNIDADE MOVEL RECREIO,0.0,25.52,74.62,4.78,,0.07,,,32.94,,10.0,-23.02002468,-43.48157137
2018-03-11 21:30:00,UNIDADE MOVEL RECREIO,0.0,24.92,81.02,3.89,,0.14,,,16.44,,14.0,-23.02002468,-43.48157137
2018-03-11 22:30:00,UNIDADE MOVEL RECREIO,0.0,23.8,85.83,4.32,,0.12,,,8.37,,11.0,-23.02002468,-43.48157137
2018-03-11 23:30:00,UNIDADE MOVEL RECREIO,0.0,23.12,87.1,2.99,,0.11,,,9.01,,14.0,-23.02002468,-43.48157137
2018-03-12 00:30:00,UNIDADE MOVEL RECREIO,0.0,22.7,87.3,1.66,,0.09,,,11.77,,13.0,-23.02002468,-43.48157137
2018-03-12 01:30:00,UNIDADE MOVEL RECREIO,0.0,22.33,88.62,1.55,,0.11,,,10.49,,13.0,-23.02002468,-43.48157137
2018-03-12 02:30:00,UNIDADE MOVEL RECREIO,0.0,22.0,88.23,1.53,,0.08,,,10.77,,23.0,-23.02002468,-43.48157137
2018-03-12 03:30:00,UNIDADE MOVEL RECREIO,0.0,21.75,89.22,1.4,,0.08,,,9.88,,12.0,-23.02002468,-43.48157137
2018-03-12 04:30:00,UNIDADE MOVEL RECREIO,0.0,21.43,90.07,1.5,,0.08,,,10.1,,11.0,-23.02002468,-43.48157137
2018-03-12 05:30:00,UNIDADE MOVEL RECREIO,0.0,21.4,91.28,2.52,,0.15,,,5.89,,11.0,-23.02002468,-43.48157137
2018-03-12 06:30:00,UNIDADE MOVEL RECREIO,0.0,21.42,91.38,3.91,,0.19,,,3.83,,16.0,-23.02002468,-43.48157137
2018-03-12 07:30:00,UNIDADE MOVEL RECREIO,0.0,23.9,80.18,4.14,,0.4,,,6.45,,8.0,-23.02002468,-43.48157137
2018-03-12 08:30:00,UNIDADE MOVEL RECREIO,0.0,27.97,63.12,4.12,,0.19,,,19.14,,8.0,-23.02002468,-43.48157137
2018-03-12 09:30:00,UNIDADE MOVEL RECREIO,0.0,30.25,54.7,4.0,,0.09,,,34.5,,11.0,-23.02002468,-43.48157137
2018-03-12 10:30:00,UNIDADE MOVEL RECREIO,0.0,31.42,50.03,5.5,,0.08,,,46.84,,13.0,-23.02002468,-43.48157137
